;FLAVOR:Marlin
;TIME:1130
;Filament used: 1.39845m
;Layer height: 0.3
;MINX:90.1
;MINY:90.1
;MINZ:0.2
;MAXX:129.9
;MAXY:129.9
;MAXZ:20
;TARGET_MACHINE.NAME:Creality Ender-3 Pro
;Generated with Cura_SteamEngine 5.8.1
M82 ;absolute extrusion mode
; Ender 3 Custom Start G-code
G92 E0 ; Reset Extruder
G28 ; Home all axes
G1 Z5.0 F3000 ; Move Z Axis up a bit during heating to not damage bed
M104 S200.0 ; Start heating up the nozzle most of the way
M190 S115 ; Start heating the bed, wait until target temperature reached
M109 S240 ; Finish heating the nozzle
G1 Z2.0 F3000 ; Move Z Axis up little to prevent scratching of Heat Bed
G1 X0.1 Y20 Z0.3 F5000.0 ; Move to start position
G1 X0.1 Y200.0 Z0.3 F1500.0 E15 ; Draw the first line
G1 X0.4 Y200.0 Z0.3 F5000.0 ; Move to side a little
G1 X0.4 Y20 Z0.3 F1500.0 E30 ; Draw the second line
G92 E0 ; Reset Extruder
G29 A L0
G1 Z2.0 F3000 ; Move Z Axis up little to prevent scratching of Heat Bed
G1 X5 Y20 Z0.3 F5000.0 ; Move over to prevent blob squish

M300 S2637 P150
M300 S2637 P150
M300 S0 P75
M300 S2637 P300
M300 S2093 P150
M300 S2637 P300
M300 S3135 P300
M300 S0 P300
M300 S1567 P300
M300 S0 P300
M300 S2093 P300
M300 S0 P150
M300 S1567 P300
M300 S0 P150
M300 S1318 P300
M300 S0 P150
M300 S880 P300
M300 S987 P300
M300 S932 P150
M300 S880 P300
M300 S1567 P225
M300 S2637 P150
M300 S3135 P150
M300 S1760 P300
M300 S2793 P150
M300 S3135 P300
M300 S2637 P300
M300 S2093 P150
M300 S2349 P150
M300 S987 P300
M300 S0 P150
M300 S2093 P300
M300 S0 P150
M300 S1567 P300
M300 S0 P150
M300 S1318 P300
M300 S0 P150
M300 S880 P300
M300 S987 P300
M300 S932 P150
M300 S880 P300
M300 S1567 P225
M300 S2637 P150
M300 S3135 P150
M300 S1760 P300
M300 S2793 P150
M300 S3135 P300
M300 S2637 P300
M300 S2093 P150
M300 S2349 P150
M300 S987 P300
M300 S0 P300
M300 S3135 P150
M300 S2959 P150
M300 S2793 P150
M300 S2489 P150
M300 S0 P150
M300 S2637 P150
M300 S0 P150
M300 S1661 P150
M300 S880 P150
M300 S2093 P150
M300 S0 P150
M300 S880 P150
M300 S2093 P150
M300 S2349 P150
M300 S0 P300
M300 S3135 P150
M300 S2959 P150
M300 S2793 P150
M300 S2489 P150
M300 S0 P150
M300 S2637 P150
M300 S0 P150
M300 S4186 P150
M300 S0 P150
M300 S4186 P150
M300 S4186 P150
M300 S0 P600
M300 S3135 P150
M300 S2959 P150
M300 S2793 P150
M300 S2489 P150
M300 S0 P150
M300 S2637 P150
M300 S0 P150
M300 S1661 P150
M300 S880 P150
M300 S2093 P150
M300 S0 P150
M300 S880 P150
M300 S2093 P150
M300 S2349 P150
M300 S0 P300
M300 S2489 P150
M300 S0 P300
M300 S2349 P150
M300 S0 P300
M300 S2093 P150
G92 E0
G92 E0
G1 F3600 E-4
;LAYER_COUNT:67
;LAYER:0
M107
G0 F6000 X92.553 Y93.402 Z0.2
;TYPE:SKIRT
G1 F3600 E0
G1 F1200 X94.171 Y91.959 E0.10816
G1 X95.656 Y91.101 E0.19373
G1 X96.879 Y90.551 E0.26063
G1 X99.098 Y90.1 E0.3736
G1 X120.896 Y90.1 E1.4611
G1 X122.695 Y90.464 E1.55267
G1 X123.845 Y90.817 E1.61269
G1 X125.54 Y91.795 E1.71032
G1 X126.598 Y92.553 E1.77525
G1 X128.041 Y94.171 E1.88342
G1 X128.899 Y95.656 E1.96898
G1 X129.449 Y96.879 E2.03588
G1 X129.9 Y99.098 E2.14885
G1 X129.9 Y120.905 E3.23681
G1 X129.516 Y122.749 E3.33078
G1 X129.151 Y123.917 E3.39183
G1 X128.212 Y125.496 E3.48348
G1 X127.262 Y126.788 E3.56349
G1 X125.662 Y128.152 E3.66838
G1 X124.239 Y129.018 E3.75149
G1 X122.068 Y129.7 E3.86502
G1 X121.097 Y129.9 E3.91448
G1 X99.104 Y129.9 E5.01172
G1 X97.305 Y129.536 E5.10329
G1 X96.155 Y129.183 E5.1633
G1 X94.46 Y128.205 E5.26093
G1 X93.402 Y127.447 E5.32587
G1 X91.959 Y125.829 E5.43403
G1 X91.101 Y124.344 E5.51959
G1 X90.551 Y123.121 E5.58649
G1 X90.1 Y120.902 E5.69946
G1 X90.1 Y99.104 E6.78697
G1 X90.464 Y97.305 E6.87854
G1 X90.817 Y96.155 E6.93856
G1 X91.795 Y94.46 E7.03619
G1 X92.553 Y93.402 E7.10112
G0 F6000 X93.001 Y93.806
G1 F1200 X94.523 Y92.449 E7.20285
G1 X95.956 Y91.621 E7.28542
G1 X97.066 Y91.125 E7.34608
G1 X99.158 Y90.7 E7.45258
G1 X120.837 Y90.7 E8.53415
G1 X122.519 Y91.038 E8.61974
G1 X123.604 Y91.371 E8.67636
G1 X125.24 Y92.315 E8.7706
G1 X126.194 Y93.001 E8.82922
G1 X127.551 Y94.523 E8.93095
G1 X128.379 Y95.956 E9.01352
G1 X128.875 Y97.066 E9.07418
G1 X129.3 Y99.158 E9.18068
G1 X129.3 Y120.842 E10.2625
G1 X128.943 Y122.57 E10.35053
G1 X128.599 Y123.67 E10.40803
G1 X127.696 Y125.189 E10.49619
G1 X126.818 Y126.379 E10.56997
G1 X125.315 Y127.661 E10.66853
G1 X123.987 Y128.469 E10.74608
G1 X121.947 Y129.112 E10.85279
G1 X121.034 Y129.3 E10.8993
G1 X99.163 Y129.3 E11.99045
G1 X97.481 Y128.962 E12.07604
G1 X96.396 Y128.629 E12.13266
G1 X94.76 Y127.685 E12.2269
G1 X93.806 Y126.999 E12.28552
G1 X92.449 Y125.477 E12.38725
G1 X91.621 Y124.044 E12.46982
G1 X91.125 Y122.934 E12.53048
G1 X90.7 Y120.842 E12.63698
G1 X90.7 Y99.163 E13.71855
G1 X91.038 Y97.481 E13.80414
G1 X91.371 Y96.396 E13.86076
G1 X92.315 Y94.76 E13.955
G1 X93.001 Y93.806 E14.01362
G0 F6000 X93.448 Y94.211
G1 F1200 X94.876 Y92.938 E14.10906
G1 X96.201 Y92.169 E14.18549
G1 X97.251 Y91.7 E14.24287
G1 X99.219 Y91.3 E14.34306
G1 X120.78 Y91.3 E15.41874
G1 X122.343 Y91.612 E15.49826
G1 X123.363 Y91.925 E15.55149
G1 X124.94 Y92.835 E15.64232
G1 X125.789 Y93.448 E15.69457
G1 X127.062 Y94.876 E15.79001
G1 X127.831 Y96.201 E15.86644
G1 X128.3 Y97.251 E15.92381
G1 X128.7 Y99.219 E16.024
G1 X128.7 Y120.78 E17.09969
G1 X128.37 Y122.391 E17.18173
G1 X128.047 Y123.423 E17.23568
G1 X127.18 Y124.882 E17.32035
G1 X126.377 Y125.966 E17.38765
G1 X124.963 Y127.172 E17.48037
G1 X123.735 Y127.919 E17.55208
G1 X121.826 Y128.524 E17.65199
G1 X120.971 Y128.7 E17.69554
G1 X99.22 Y128.7 E18.7807
G1 X97.657 Y128.388 E18.86022
G1 X96.637 Y128.075 E18.91345
G1 X95.06 Y127.165 E19.00429
G1 X94.211 Y126.552 E19.05653
G1 X92.938 Y125.124 E19.15197
G1 X92.169 Y123.799 E19.2284
G1 X91.7 Y122.749 E19.28578
G1 X91.3 Y120.781 E19.38597
G1 X91.3 Y99.22 E20.46165
G1 X91.612 Y97.657 E20.54117
G1 X91.925 Y96.637 E20.5944
G1 X92.835 Y95.06 E20.68523
G1 X93.448 Y94.211 E20.73748
G0 F6000 X93.896 Y94.615
G1 F1200 X95.231 Y93.425 E20.8267
G1 X96.446 Y92.717 E20.89686
G1 X97.436 Y92.275 E20.95095
G1 X99.28 Y91.9 E21.04483
G1 X120.719 Y91.9 E22.11442
G1 X122.167 Y92.186 E22.18806
G1 X123.122 Y92.479 E22.2379
G1 X124.64 Y93.355 E22.32534
G1 X125.385 Y93.896 E22.37127
G1 X126.575 Y95.231 E22.46049
G1 X127.283 Y96.446 E22.53065
G1 X127.725 Y97.436 E22.58474
G1 X128.1 Y99.28 E22.67862
G1 X128.1 Y120.719 E23.74822
G1 X127.782 Y122.271 E23.82726
G1 X127.496 Y123.175 E23.87456
G1 X126.664 Y124.575 E23.95581
G1 X125.937 Y125.552 E24.01657
G1 X124.611 Y126.683 E24.10352
G1 X123.484 Y127.369 E24.16934
G1 X121.705 Y127.936 E24.26249
G1 X120.908 Y128.1 E24.30309
G1 X99.281 Y128.1 E25.38206
G1 X97.833 Y127.814 E25.4557
G1 X96.878 Y127.521 E25.50554
G1 X95.36 Y126.645 E25.59298
G1 X94.615 Y126.104 E25.63891
G1 X93.425 Y124.769 E25.72813
G1 X92.717 Y123.554 E25.79829
G1 X92.275 Y122.564 E25.85238
G1 X91.9 Y120.72 E25.94626
G1 X91.9 Y99.281 E27.01586
G1 X92.186 Y97.833 E27.0895
G1 X92.479 Y96.878 E27.13933
G1 X93.355 Y95.36 E27.22677
G1 X93.896 Y94.615 E27.27271
G0 F6000 X94.344 Y95.019
G1 F1200 X95.584 Y93.914 E27.35557
G1 X96.691 Y93.265 E27.41959
G1 X97.622 Y92.849 E27.47046
G1 X99.34 Y92.5 E27.55793
G1 X120.659 Y92.5 E28.62153
G1 X122.051 Y92.775 E28.69232
G1 X122.882 Y93.033 E28.73573
G1 X124.288 Y93.841 E28.81664
G1 X124.981 Y94.344 E28.85936
G1 X126.086 Y95.584 E28.94222
G1 X126.735 Y96.691 E29.00624
G1 X127.151 Y97.622 E29.05712
G1 X127.5 Y99.34 E29.14458
G1 X127.5 Y120.659 E30.20819
G1 X127.21 Y122.09 E30.28103
G1 X126.944 Y122.93 E30.32499
G1 X126.183 Y124.217 E30.39958
G1 X125.496 Y125.141 E30.45703
G1 X124.264 Y126.192 E30.53782
G1 X123.23 Y126.821 E30.5982
G1 X121.584 Y127.348 E30.68443
G1 X120.845 Y127.5 E30.72207
G1 X99.341 Y127.5 E31.79491
G1 X97.949 Y127.225 E31.8657
G1 X97.118 Y126.967 E31.90911
G1 X95.712 Y126.159 E31.99001
G1 X95.019 Y125.656 E32.03273
G1 X93.914 Y124.416 E32.1156
G1 X93.265 Y123.309 E32.17962
G1 X92.849 Y122.378 E32.23049
G1 X92.5 Y120.66 E32.31795
G1 X92.5 Y99.341 E33.38156
G1 X92.775 Y97.949 E33.45235
G1 X93.033 Y97.118 E33.49576
G1 X93.841 Y95.712 E33.57666
G1 X94.344 Y95.019 E33.61939
G0 F6000 X94.792 Y95.423
G1 F1200 X95.936 Y94.404 E33.69582
G1 X96.995 Y93.783 E33.75707
G1 X97.804 Y93.424 E33.80122
G1 X99.4 Y93.1 E33.88247
G1 X120.599 Y93.1 E34.94009
G1 X121.935 Y93.364 E35.00804
G1 X122.638 Y93.585 E35.0448
G1 X123.936 Y94.327 E35.11939
G1 X124.577 Y94.792 E35.1589
G1 X125.596 Y95.936 E35.23533
G1 X126.217 Y96.995 E35.29658
G1 X126.576 Y97.804 E35.34074
G1 X126.9 Y99.4 E35.42199
G1 X126.9 Y120.6 E36.47966
G1 X126.638 Y121.909 E36.54626
G1 X126.393 Y122.682 E36.58672
G1 X125.666 Y123.912 E36.658
G1 X125.055 Y124.729 E36.7089
G1 X123.916 Y125.701 E36.7836
G1 X122.977 Y126.272 E36.83843
G1 X121.463 Y126.76 E36.91779
G1 X120.782 Y126.9 E36.95248
G1 X99.401 Y126.9 E38.01918
G1 X98.065 Y126.636 E38.08712
G1 X97.362 Y126.415 E38.12389
G1 X96.064 Y125.673 E38.19848
G1 X95.423 Y125.208 E38.23799
G1 X94.404 Y124.064 E38.31442
G1 X93.783 Y123.005 E38.37567
G1 X93.424 Y122.196 E38.41982
G1 X93.1 Y120.6 E38.50107
G1 X93.1 Y99.401 E39.55869
G1 X93.364 Y98.065 E39.62664
G1 X93.585 Y97.362 E39.6634
G1 X94.327 Y96.064 E39.73799
G1 X94.792 Y95.423 E39.7775
G0 F6000 X95.24 Y95.827
G1 F1200 X96.29 Y94.892 E39.84764
G1 X97.298 Y94.301 E39.90594
G1 X97.986 Y93.999 E39.94343
G1 X99.46 Y93.7 E40.01846
G1 X120.539 Y93.7 E41.0701
G1 X121.819 Y93.953 E41.13519
G1 X122.394 Y94.137 E41.16531
G1 X123.584 Y94.813 E41.23359
G1 X124.173 Y95.24 E41.26989
G1 X125.108 Y96.29 E41.34003
G1 X125.699 Y97.298 E41.39833
G1 X126.001 Y97.986 E41.43581
G1 X126.3 Y99.46 E41.51085
G1 X126.3 Y120.539 E42.56248
G1 X126.066 Y121.728 E42.62294
G1 X125.842 Y122.434 E42.65989
G1 X125.149 Y123.607 E42.72786
G1 X124.616 Y124.315 E42.77208
G1 X123.564 Y125.212 E42.84105
G1 X122.726 Y125.722 E42.88999
G1 X121.342 Y126.172 E42.9626
G1 X120.719 Y126.3 E42.99433
G1 X99.461 Y126.3 E44.0549
G1 X98.181 Y126.047 E44.11999
G1 X97.606 Y125.863 E44.15011
G1 X96.416 Y125.187 E44.21839
G1 X95.827 Y124.76 E44.25469
G1 X94.892 Y123.71 E44.32483
G1 X94.301 Y122.702 E44.38312
G1 X93.999 Y122.014 E44.42061
G1 X93.7 Y120.54 E44.49565
G1 X93.7 Y99.461 E45.54728
G1 X93.953 Y98.181 E45.61238
G1 X94.137 Y97.606 E45.6425
G1 X94.813 Y96.416 E45.71078
G1 X95.24 Y95.827 E45.74707
G0 F6000 X95.689 Y96.231
G1 F1200 X96.642 Y95.382 E45.81075
G1 X97.602 Y94.819 E45.86627
G1 X98.167 Y94.574 E45.897
G1 X99.52 Y94.3 E45.96587
G1 X120.479 Y94.3 E47.01152
G1 X121.703 Y94.542 E47.07376
G1 X122.149 Y94.688 E47.09718
G1 X123.287 Y95.335 E47.16249
G1 X123.769 Y95.689 E47.19232
G1 X124.618 Y96.642 E47.256
G1 X125.181 Y97.602 E47.31152
G1 X125.426 Y98.167 E47.34225
G1 X125.7 Y99.52 E47.41112
G1 X125.7 Y120.479 E48.45677
G1 X125.477 Y121.612 E48.51438
G1 X125.29 Y122.189 E48.54464
G1 X124.669 Y123.246 E48.6058
G1 X124.175 Y123.903 E48.64681
G1 X123.213 Y124.723 E48.70987
G1 X122.474 Y125.172 E48.75301
G1 X121.156 Y125.601 E48.82216
G1 X120.66 Y125.7 E48.8474
G1 X99.521 Y125.7 E49.90203
G1 X98.297 Y125.458 E49.96427
G1 X97.851 Y125.312 E49.98769
G1 X96.713 Y124.665 E50.053
G1 X96.231 Y124.311 E50.08283
G1 X95.382 Y123.358 E50.14651
G1 X94.819 Y122.398 E50.20203
G1 X94.574 Y121.833 E50.23276
G1 X94.3 Y120.48 E50.30163
G1 X94.3 Y99.521 E51.34728
G1 X94.542 Y98.297 E51.40952
G1 X94.688 Y97.851 E51.43294
G1 X95.335 Y96.713 E51.49825
G1 X95.689 Y96.231 E51.52808
G0 F6000 X96.134 Y96.638
G1 F1200 X96.996 Y95.87 E51.58568
G1 X97.905 Y95.337 E51.63825
G1 X98.346 Y95.15 E51.66215
G1 X99.58 Y94.9 E51.72496
G1 X120.419 Y94.9 E52.76463
G1 X121.587 Y95.131 E52.82403
G1 X121.902 Y95.238 E52.84062
G1 X122.99 Y95.857 E52.90307
G1 X123.362 Y96.134 E52.92621
G1 X124.13 Y96.996 E52.98381
G1 X124.663 Y97.905 E53.03638
G1 X124.85 Y98.346 E53.06028
G1 X125.1 Y99.58 E53.1231
G1 X125.1 Y120.419 E54.16276
G1 X124.888 Y121.496 E54.21752
G1 X124.74 Y121.942 E54.24097
G1 X124.19 Y122.885 E54.29543
G1 X123.734 Y123.491 E54.33327
G1 X122.863 Y124.234 E54.39038
G1 X122.224 Y124.622 E54.42768
G1 X120.97 Y125.03 E54.49347
G1 X120.599 Y125.1 E54.51231
G1 X99.581 Y125.1 E55.5609
G1 X98.413 Y124.869 E55.6203
G1 X98.098 Y124.762 E55.6369
G1 X97.01 Y124.143 E55.69935
G1 X96.638 Y123.866 E55.72249
G1 X95.87 Y123.004 E55.78008
G1 X95.337 Y122.095 E55.83266
G1 X95.15 Y121.654 E55.85655
G1 X94.9 Y120.42 E55.91937
G1 X94.9 Y99.581 E56.95903
G1 X95.131 Y98.413 E57.01843
G1 X95.238 Y98.098 E57.03503
G1 X95.857 Y97.01 E57.09748
G1 X96.134 Y96.638 E57.12062
G0 F6000 X96.581 Y97.043
G1 F1200 X97.35 Y96.358 E57.172
G1 X98.208 Y95.855 E57.22162
G1 X98.525 Y95.726 E57.23869
G1 X99.64 Y95.5 E57.29545
G1 X120.359 Y95.5 E58.32913
G1 X121.471 Y95.72 E58.38568
G1 X121.652 Y95.787 E58.39531
G1 X122.693 Y96.379 E58.45505
G1 X122.957 Y96.581 E58.47164
G1 X123.642 Y97.35 E58.52302
G1 X124.145 Y98.208 E58.57264
G1 X124.274 Y98.525 E58.58971
G1 X124.5 Y99.64 E58.64647
G1 X124.5 Y120.359 E59.68015
G1 X124.299 Y121.38 E59.73206
G1 X124.191 Y121.693 E59.74858
G1 X123.672 Y122.582 E59.79994
G1 X123.294 Y123.077 E59.83101
G1 X122.51 Y123.747 E59.88246
G1 X121.973 Y124.072 E59.91378
G1 X120.859 Y124.44 E59.97231
G1 X120.541 Y124.5 E59.98845
G1 X99.641 Y124.5 E61.03116
G1 X98.529 Y124.28 E61.08771
G1 X98.348 Y124.213 E61.09734
G1 X97.307 Y123.621 E61.15709
G1 X97.043 Y123.419 E61.17367
G1 X96.358 Y122.65 E61.22505
G1 X95.855 Y121.792 E61.27467
G1 X95.726 Y121.475 E61.29174
G1 X95.5 Y120.36 E61.3485
G1 X95.5 Y99.641 E62.38218
G1 X95.72 Y98.529 E62.43873
G1 X95.787 Y98.348 E62.44836
G1 X96.379 Y97.307 E62.50811
G1 X96.581 Y97.043 E62.52469
G0 F6000 X97.023 Y97.453
G1 F1200 X96.901 Y97.604 E62.53438
G1 X96.309 Y98.645 E62.59412
G1 X96.1 Y99.701 E62.64783
G1 X96.1 Y120.3 E63.67552
G1 X96.303 Y121.303 E63.72657
G1 X96.373 Y121.488 E63.73644
G1 X96.848 Y122.298 E63.78329
G1 X97.453 Y122.977 E63.82866
G1 X97.604 Y123.099 E63.83834
G1 X98.645 Y123.691 E63.89809
G1 X99.701 Y123.9 E63.9518
G1 X120.483 Y123.9 E64.98861
G1 X120.671 Y123.87 E64.99811
G1 X121.72 Y123.523 E65.05324
G1 X122.159 Y123.258 E65.07882
G1 X122.856 Y122.662 E65.12457
G1 X123.195 Y122.218 E65.15244
G1 X123.642 Y121.445 E65.19699
G1 X123.71 Y121.264 E65.20664
G1 X123.9 Y120.299 E65.25571
G1 X123.9 Y99.7 E66.28339
G1 X123.697 Y98.697 E66.33445
G1 X123.627 Y98.512 E66.34432
G1 X123.152 Y97.702 E66.39116
G1 X122.547 Y97.023 E66.43653
G1 X122.396 Y96.901 E66.44622
G1 X121.355 Y96.309 E66.50597
G1 X120.299 Y96.1 E66.55967
G1 X99.7 Y96.1 E67.58736
G1 X98.697 Y96.303 E67.63842
G1 X98.512 Y96.373 E67.64828
G1 X97.702 Y96.848 E67.69513
G1 X97.023 Y97.453 E67.7405
G0 F6000 X97.422 Y97.901
G1 F1200 X98.054 Y97.338 E67.78273
G1 X98.816 Y96.891 E67.8268
G1 X99.76 Y96.7 E67.87485
G1 X120.239 Y96.7 E68.89656
G1 X121.145 Y96.879 E68.94263
G1 X122.099 Y97.422 E68.9974
G1 X122.662 Y98.054 E69.03962
G1 X123.109 Y98.816 E69.0837
G1 X123.3 Y99.76 E69.13175
G1 X123.3 Y120.239 E70.15345
G1 X123.121 Y121.148 E70.19967
G1 X122.718 Y121.854 E70.24023
G1 X122.416 Y122.25 E70.26507
G1 X121.809 Y122.768 E70.30488
G1 X121.469 Y122.974 E70.32472
G1 X120.483 Y123.3 E70.37653
G1 X99.761 Y123.3 E71.41035
G1 X98.855 Y123.121 E71.45643
G1 X97.901 Y122.578 E71.51119
G1 X97.338 Y121.946 E71.55342
G1 X96.891 Y121.184 E71.59749
G1 X96.7 Y120.24 E71.64554
G1 X96.7 Y99.761 E72.66725
G1 X96.879 Y98.855 E72.71332
G1 X97.422 Y97.901 E72.76809
G0 F6000 X97.896 Y98.282
G1 F1200 X98.406 Y97.828 E72.80215
G1 X99.035 Y97.459 E72.83853
G1 X99.82 Y97.3 E72.87849
G1 X120.179 Y97.3 E73.89421
G1 X120.932 Y97.449 E73.9325
G1 X121.718 Y97.896 E73.97761
G1 X122.172 Y98.406 E74.01168
G1 X122.541 Y99.035 E74.04806
G1 X122.7 Y99.82 E74.08802
G1 X122.7 Y120.179 E75.10373
G1 X122.551 Y120.936 E75.14223
G1 X122.197 Y121.556 E75.17785
G1 X121.979 Y121.834 E75.19547
G1 X121.419 Y122.312 E75.2322
G1 X121.218 Y122.425 E75.24371
G1 X120.386 Y122.7 E75.28742
G1 X99.821 Y122.7 E76.31342
G1 X99.068 Y122.551 E76.35171
G1 X98.282 Y122.104 E76.39682
G1 X97.828 Y121.594 E76.43089
G1 X97.459 Y120.965 E76.46727
G1 X97.3 Y120.18 E76.50723
G1 X97.3 Y99.821 E77.52294
G1 X97.449 Y99.068 E77.56124
G1 X97.896 Y98.282 E77.60635
G0 F6000 X98.368 Y98.665
G1 F1200 X98.758 Y98.318 E77.6324
G1 X99.254 Y98.027 E77.66109
G1 X99.88 Y97.9 E77.69295
G1 X120.119 Y97.9 E78.70268
G1 X120.722 Y98.019 E78.73334
G1 X121.335 Y98.368 E78.76854
G1 X121.682 Y98.758 E78.79458
G1 X121.973 Y99.254 E78.82327
G1 X122.1 Y99.88 E78.85514
G1 X122.1 Y120.119 E79.86487
G1 X121.981 Y120.724 E79.89563
G1 X121.676 Y121.258 E79.92631
G1 X121.545 Y121.416 E79.93655
G1 X121.03 Y121.855 E79.97031
G1 X120.289 Y122.1 E80.00925
G1 X99.881 Y122.1 E81.02741
G1 X99.278 Y121.981 E81.05807
G1 X98.665 Y121.632 E81.09326
G1 X98.318 Y121.242 E81.11931
G1 X98.027 Y120.746 E81.148
G1 X97.9 Y120.12 E81.17986
G1 X97.9 Y99.881 E82.18959
G1 X98.019 Y99.278 E82.22025
G1 X98.368 Y98.665 E82.25545
G0 F6000 X98.839 Y99.05
G1 F1200 X99.117 Y98.803 E82.274
G1 X99.471 Y98.595 E82.29448
G1 X99.94 Y98.5 E82.31836
G1 X120.059 Y98.5 E83.3221
G1 X120.512 Y98.589 E83.34513
G1 X120.95 Y98.839 E83.37029
G1 X121.197 Y99.117 E83.38884
G1 X121.405 Y99.471 E83.40933
G1 X121.5 Y99.94 E83.4332
G1 X121.5 Y120.059 E84.43694
G1 X121.411 Y120.512 E84.45998
G1 X121.155 Y120.96 E84.48572
G1 X120.731 Y121.322 E84.51353
G1 X120.192 Y121.5 E84.54185
G1 X99.941 Y121.5 E85.55218
G1 X99.488 Y121.411 E85.57521
G1 X99.05 Y121.161 E85.60037
G1 X98.803 Y120.883 E85.61893
G1 X98.595 Y120.529 E85.63941
G1 X98.5 Y120.06 E85.66328
G1 X98.5 Y99.941 E86.66702
G1 X98.589 Y99.488 E86.69006
G1 X98.839 Y99.05 E86.71522
G0 F6000 X99.739 Y99.851
G1 F1200 X99.847 Y99.742 E86.72287
G1 X100 Y99.7 E86.73079
G1 X120 Y99.7 E87.72859
G1 X120.149 Y99.739 E87.73628
G1 X120.258 Y99.847 E87.74393
G1 X120.3 Y100 E87.75185
G1 X120.3 Y120 E88.74965
G1 X120.261 Y120.149 E88.75734
G1 X120.153 Y120.258 E88.76499
G1 X120 Y120.3 E88.77291
G1 X100 Y120.3 E89.77071
G1 X99.851 Y120.261 E89.77839
G1 X99.742 Y120.153 E89.78605
G1 X99.7 Y120 E89.79397
G1 X99.7 Y100 E90.79177
G1 X99.739 Y99.851 E90.79945
G0 F6000 X99.159 Y99.699
G1 F1200 X99.313 Y99.429 E90.81496
G1 X99.421 Y99.32 E90.82262
G1 X99.688 Y99.163 E90.83807
G1 X100 Y99.1 E90.85395
G1 X120 Y99.1 E91.85175
G1 X120.301 Y99.159 E91.86706
G1 X120.571 Y99.313 E91.88256
G1 X120.68 Y99.421 E91.89022
G1 X120.837 Y99.688 E91.90567
G1 X120.9 Y100 E91.92155
G1 X120.9 Y120 E92.91936
G1 X120.841 Y120.301 E92.93466
G1 X120.687 Y120.571 E92.95017
G1 X120.432 Y120.789 E92.9669
G1 X120.095 Y120.9 E92.9846
G1 X100 Y120.9 E93.98715
G1 X99.699 Y120.841 E94.00245
G1 X99.429 Y120.687 E94.01796
G1 X99.32 Y120.579 E94.02561
G1 X99.163 Y120.312 E94.04107
G1 X99.1 Y120 E94.05695
G1 X99.1 Y100 E95.05475
G1 X99.159 Y99.699 E95.07005
G1 F3600 E91.07005
;MESH:xyzCalibration_cube.stl
G0 F6000 X100.614 Y100.614
G0 X110 Y119.1
;TYPE:WALL-INNER
G1 F3600 E95.07005
G1 F1200 X119.1 Y119.1 E95.52405
G1 X119.1 Y100.9 E96.43206
G1 X100.9 Y100.9 E97.34006
G1 X100.9 Y119.1 E98.24806
G1 X110 Y119.1 E98.70206
G0 F6000 X110 Y119.7
;TYPE:WALL-OUTER
G1 F1200 X119.7 Y119.7 E99.18599
G1 X119.7 Y100.3 E100.15386
G1 X100.3 Y100.3 E101.12173
G1 X100.3 Y119.7 E102.0896
G1 X110 Y119.7 E102.57354
G0 F6000 X110 Y119.3
G0 X110 Y118.9
G0 X110 Y118.56
;TYPE:SKIN
G1 F1200 X101.44 Y118.56 E103.0006
G1 X101.44 Y101.44 E103.85472
G1 X118.56 Y101.44 E104.70884
G1 X118.56 Y118.56 E105.56296
G1 X110 Y118.56 E105.99002
G0 F6000 X110 Y118.9
G0 X102.137 Y118.9
G0 X102.137 Y118.259
G1 F1200 X101.74 Y117.862 E106.01803
G0 F6000 X101.74 Y117.013
G1 F1200 X102.986 Y118.259 E106.10594
G0 F6000 X103.834 Y118.259
G1 F1200 X101.74 Y116.165 E106.25369
G0 F6000 X101.74 Y115.316
G1 F1200 X104.683 Y118.259 E106.46133
G0 F6000 X105.531 Y118.259
G1 F1200 X101.74 Y114.468 E106.72881
G0 F6000 X101.74 Y113.619
G1 F1200 X106.38 Y118.259 E107.05618
G0 F6000 X107.229 Y118.259
G1 F1200 X101.74 Y112.771 E107.44343
G0 F6000 X101.74 Y111.922
G1 F1200 X108.077 Y118.259 E107.89054
G0 F6000 X108.926 Y118.259
G1 F1200 X101.74 Y111.074 E108.39751
G0 F6000 X101.74 Y110.225
G1 F1200 X109.774 Y118.259 E108.96435
G0 F6000 X110.623 Y118.259
G1 F1200 X101.74 Y109.377 E109.59106
G0 F6000 X101.74 Y108.528
G1 F1200 X111.471 Y118.259 E110.27764
G0 F6000 X112.32 Y118.259
G1 F1200 X101.74 Y107.68 E111.02408
G0 F6000 X101.74 Y106.831
G1 F1200 X113.168 Y118.259 E111.83038
G0 F6000 X114.017 Y118.259
G1 F1200 X101.74 Y105.983 E112.69656
G0 F6000 X101.74 Y105.134
G1 F1200 X114.865 Y118.259 E113.6226
G0 F6000 X115.714 Y118.259
G1 F1200 X101.74 Y104.286 E114.6085
G0 F6000 X101.74 Y103.437
G1 F1200 X116.562 Y118.259 E115.65428
G0 F6000 X117.411 Y118.259
G1 F1200 X101.74 Y102.588 E116.75995
G0 F6000 X101.74 Y101.74
G1 F1200 X118.26 Y118.26 E117.92552
G0 F6000 X118.26 Y117.412
G1 F1200 X102.588 Y101.74 E119.03127
G0 F6000 X103.437 Y101.74
G1 F1200 X118.26 Y116.563 E120.07711
G0 F6000 X118.26 Y115.714
G1 F1200 X104.286 Y101.74 E121.06305
G0 F6000 X105.134 Y101.74
G1 F1200 X118.26 Y114.866 E121.98916
G0 F6000 X118.26 Y114.017
G1 F1200 X105.983 Y101.74 E122.85537
G0 F6000 X106.831 Y101.74
G1 F1200 X118.26 Y113.169 E123.66175
G0 F6000 X118.26 Y112.32
G1 F1200 X107.68 Y101.74 E124.40823
G0 F6000 X108.528 Y101.74
G1 F1200 X118.26 Y111.472 E125.09487
G0 F6000 X118.26 Y110.623
G1 F1200 X109.377 Y101.74 E125.72161
G0 F6000 X110.225 Y101.74
G1 F1200 X118.26 Y109.775 E126.28853
G0 F6000 X118.26 Y108.926
G1 F1200 X111.074 Y101.74 E126.79554
G0 F6000 X111.922 Y101.74
M104 S230
G1 F1200 X118.26 Y108.078 E127.24272
G0 F6000 X118.26 Y107.229
G1 F1200 X112.771 Y101.74 E127.63
G0 F6000 X113.619 Y101.74
G1 F1200 X118.26 Y106.381 E127.95744
G0 F6000 X118.26 Y105.532
G1 F1200 X114.468 Y101.74 E128.22499
G0 F6000 X115.316 Y101.74
G1 F1200 X118.26 Y104.684 E128.43271
G0 F6000 X118.26 Y103.835
G1 F1200 X116.165 Y101.74 E128.58052
G0 F6000 X117.013 Y101.74
G1 F1200 X118.26 Y102.987 E128.6685
G0 F6000 X118.26 Y102.138
G1 F1200 X117.862 Y101.74 E128.69658
;MESH:NONMESH
G0 F300 X117.862 Y101.74 Z0.5
G0 F6000 X117.862 Y101.1
G0 X118.828 Y101.172
G0 X118.828 Y118.828
G0 X110 Y119.1
;TIME_ELAPSED:140.066116
;LAYER:1
M140 S110
;TYPE:WALL-INNER
;MESH:xyzCalibration_cube.stl
G1 F1350 X119.1 Y119.1 E129.37758
G1 X119.1 Y100.9 E130.73959
G1 X100.9 Y100.9 E132.10159
G1 X100.9 Y119.1 E133.46359
G1 X110 Y119.1 E134.14459
G0 F7500 X110 Y119.7
;TYPE:WALL-OUTER
G1 F1350 X119.7 Y119.7 E134.8705
G1 X119.7 Y100.3 E136.3223
G1 X100.3 Y100.3 E137.77411
G1 X100.3 Y119.7 E139.22591
G1 X110 Y119.7 E139.95181
G0 F7500 X110 Y119.3
G0 X110 Y118.9
G0 X110 Y118.56
;TYPE:SKIN
G1 F1350 X101.44 Y118.56 E140.5924
G1 X101.44 Y101.44 E141.87358
G1 X118.56 Y101.44 E143.15476
G1 X118.56 Y118.56 E144.43594
G1 X110 Y118.56 E145.07653
G0 F7500 X110 Y118.9
G0 X117.631 Y118.9
G0 X117.631 Y118.26
G1 F1350 X118.259 Y117.631 E145.14305
G0 F7500 X118.259 Y116.783
G1 F1350 X116.782 Y118.26 E145.29937
G0 F7500 X115.934 Y118.26
G1 F1350 X118.259 Y115.934 E145.54548
G0 F7500 X118.259 Y115.086
G1 F1350 X115.085 Y118.26 E145.8814
G0 F7500 X114.237 Y118.26
G1 F1350 X118.259 Y114.237 E146.30711
G0 F7500 X118.259 Y113.389
G1 F1350 X113.388 Y118.26 E146.82262
G0 F7500 X112.54 Y118.26
G1 F1350 X118.259 Y112.54 E147.42793
G0 F7500 X118.259 Y111.692
G1 F1350 X111.691 Y118.26 E148.12305
G0 F7500 X110.843 Y118.26
G1 F1350 X118.259 Y110.843 E148.90796
G0 F7500 X118.259 Y109.995
G1 F1350 X109.994 Y118.26 E149.78267
G0 F7500 X109.145 Y118.26
G1 F1350 X118.259 Y109.146 E150.74723
G0 F7500 X118.259 Y108.298
G1 F1350 X108.297 Y118.26 E151.80154
G0 F7500 X107.448 Y118.26
G1 F1350 X118.259 Y107.449 E152.9457
G0 F7500 X118.259 Y106.601
G1 F1350 X106.6 Y118.26 E154.17961
G0 F7500 X105.751 Y118.26
G1 F1350 X118.259 Y105.752 E155.50337
G0 F7500 X118.259 Y104.904
G1 F1350 X104.903 Y118.26 E156.91688
G0 F7500 X104.054 Y118.26
G1 F1350 X118.259 Y104.055 E158.42024
G0 F7500 X118.259 Y103.206
G1 F1350 X103.206 Y118.26 E160.01339
G0 F7500 X102.357 Y118.26
G1 F1350 X118.259 Y102.358 E161.69635
G0 F7500 X118.029 Y101.74
G1 F1350 X101.74 Y118.029 E163.42027
G0 F7500 X101.74 Y117.18
G1 F1350 X117.18 Y101.74 E165.05433
G0 F7500 X116.332 Y101.74
G1 F1350 X101.74 Y116.332 E166.59865
G0 F7500 X101.74 Y115.483
G1 F1350 X115.483 Y101.74 E168.05311
G0 F7500 X114.635 Y101.74
G1 F1350 X101.74 Y114.635 E169.41783
G0 F7500 X101.74 Y113.786
G1 F1350 X113.786 Y101.74 E170.6927
G0 F7500 X112.938 Y101.74
G1 F1350 X101.74 Y112.938 E171.87781
G0 F7500 X101.74 Y112.089
G1 F1350 X112.089 Y101.74 E172.97308
G0 F7500 X111.241 Y101.74
G1 F1350 X101.74 Y111.241 E173.9786
G0 F7500 X101.74 Y110.392
G1 F1350 X110.392 Y101.74 E174.89427
G0 F7500 X109.544 Y101.74
G1 F1350 X101.74 Y109.544 E175.72019
G0 F7500 X101.74 Y108.695
G1 F1350 X108.695 Y101.74 E176.45626
G0 F7500 X107.847 Y101.74
G1 F1350 X101.74 Y107.847 E177.10258
G0 F7500 X101.74 Y106.998
G1 F1350 X106.998 Y101.74 E177.65905
G0 F7500 X106.149 Y101.74
G1 F1350 X101.74 Y106.149 E178.12567
G0 F7500 X101.74 Y105.301
G1 F1350 X105.301 Y101.74 E178.50254
G0 F7500 X104.452 Y101.74
G1 F1350 X101.74 Y104.452 E178.78956
G0 F7500 X101.74 Y103.604
G1 F1350 X103.604 Y101.74 E178.98684
G0 F7500 X102.755 Y101.74
G1 F1350 X101.74 Y102.755 E179.09426
G0 F7500 X101.74 Y101.907
G1 F1350 X101.907 Y101.74 E179.11193
;MESH:NONMESH
G0 F300 X101.907 Y101.74 Z0.8
G0 F7500 X101.907 Y101.1
G0 X101.172 Y101.172
G0 X101.172 Y118.828
G0 X110 Y119.1
;TIME_ELAPSED:174.978497
;LAYER:2
;TYPE:WALL-INNER
;MESH:xyzCalibration_cube.stl
G1 F1500 X119.1 Y119.1 E179.79293
G1 X119.1 Y100.9 E181.15493
G1 X100.9 Y100.9 E182.51694
G1 X100.9 Y119.1 E183.87894
G1 X110 Y119.1 E184.55994
G0 F9000 X110 Y119.7
;TYPE:WALL-OUTER
G1 F1500 X119.7 Y119.7 E185.28584
G1 X119.7 Y100.3 E186.73765
G1 X100.3 Y100.3 E188.18945
G1 X100.3 Y119.7 E189.64126
G1 X110 Y119.7 E190.36716
G0 F9000 X110 Y119.3
G0 X110 Y118.9
G0 X110 Y118.56
;TYPE:SKIN
G1 F1500 X101.44 Y118.56 E191.00775
G1 X101.44 Y101.44 E192.28893
G1 X118.56 Y101.44 E193.57011
G1 X118.56 Y118.56 E194.85129
G1 X110 Y118.56 E195.49188
G0 F9000 X110 Y118.9
G0 X102.137 Y118.9
G0 X102.137 Y118.259
G1 F1500 X101.74 Y117.862 E195.5339
G0 F9000 X101.74 Y117.013
G1 F1500 X102.986 Y118.259 E195.66577
G0 F9000 X103.834 Y118.259
G1 F1500 X101.74 Y116.165 E195.88738
G0 F9000 X101.74 Y115.316
G1 F1500 X104.683 Y118.259 E196.19885
G0 F9000 X105.531 Y118.259
G1 F1500 X101.74 Y114.468 E196.60006
G0 F9000 X101.74 Y113.619
G1 F1500 X106.38 Y118.259 E197.09113
G0 F9000 X107.229 Y118.259
G1 F1500 X101.74 Y112.771 E197.67199
G0 F9000 X101.74 Y111.922
G1 F1500 X108.077 Y118.259 E198.34266
G0 F9000 X108.926 Y118.259
G1 F1500 X101.74 Y111.074 E199.10312
G0 F9000 X101.74 Y110.225
G1 F1500 X109.774 Y118.259 E199.95338
G0 F9000 X110.623 Y118.259
G1 F1500 X101.74 Y109.377 E200.89344
G0 F9000 X101.74 Y108.528
G1 F1500 X111.471 Y118.259 E201.92331
G0 F9000 X112.32 Y118.259
G1 F1500 X101.74 Y107.68 E203.04297
G0 F9000 X101.74 Y106.831
G1 F1500 X113.168 Y118.259 E204.25243
G0 F9000 X114.017 Y118.259
G1 F1500 X101.74 Y105.983 E205.55169
G0 F9000 X101.74 Y105.134
G1 F1500 X114.865 Y118.259 E206.94075
G0 F9000 X115.714 Y118.259
G1 F1500 X101.74 Y104.286 E208.41961
G0 F9000 X101.74 Y103.437
G1 F1500 X116.562 Y118.259 E209.98827
G0 F9000 X117.411 Y118.259
G1 F1500 X101.74 Y102.588 E211.64678
G0 F9000 X101.74 Y101.74
G1 F1500 X118.26 Y118.26 E213.39514
G0 F9000 X118.26 Y117.412
G1 F1500 X102.588 Y101.74 E215.05375
G0 F9000 X103.437 Y101.74
G1 F1500 X118.26 Y116.563 E216.62252
G0 F9000 X118.26 Y115.714
G1 F1500 X104.286 Y101.74 E218.10143
G0 F9000 X105.134 Y101.74
G1 F1500 X118.26 Y114.866 E219.4906
G0 F9000 X118.26 Y114.017
G1 F1500 X105.983 Y101.74 E220.78991
G0 F9000 X106.831 Y101.74
G1 F1500 X118.26 Y113.169 E221.99948
G0 F9000 X118.26 Y112.32
G1 F1500 X107.68 Y101.74 E223.11919
G0 F9000 X108.528 Y101.74
G1 F1500 X118.26 Y111.472 E224.14916
G0 F9000 X118.26 Y110.623
G1 F1500 X109.377 Y101.74 E225.08927
G0 F9000 X110.225 Y101.74
G1 F1500 X118.26 Y109.775 E225.93964
G0 F9000 X118.26 Y108.926
G1 F1500 X111.074 Y101.74 E226.70016
G0 F9000 X111.922 Y101.74
G1 F1500 X118.26 Y108.078 E227.37093
G0 F9000 X118.26 Y107.229
G1 F1500 X112.771 Y101.74 E227.95185
G0 F9000 X113.619 Y101.74
G1 F1500 X118.26 Y106.381 E228.44302
G0 F9000 X118.26 Y105.532
G1 F1500 X114.468 Y101.74 E228.84434
G0 F9000 X115.316 Y101.74
G1 F1500 X118.26 Y104.684 E229.15591
G0 F9000 X118.26 Y103.835
G1 F1500 X116.165 Y101.74 E229.37763
G0 F9000 X117.013 Y101.74
G1 F1500 X118.26 Y102.987 E229.5096
G0 F9000 X118.26 Y102.138
G1 F1500 X117.862 Y101.74 E229.55173
;MESH:NONMESH
G0 F300 X117.862 Y101.74 Z1.1
G0 F9000 X117.862 Y101.1
G0 X118.828 Y101.172
G0 X118.828 Y118.828
G0 X110 Y119.1
;TIME_ELAPSED:207.201722
;LAYER:3
;note -- min layer time used
;TYPE:WALL-INNER
;MESH:xyzCalibration_cube.stl
G1 F915.3 X119.1 Y119.1 E230.23273
G1 X119.1 Y100.9 E231.59473
G1 X100.9 Y100.9 E232.95673
G1 X100.9 Y119.1 E234.31873
G1 X110 Y119.1 E234.99974
G0 F9000 X110 Y119.7
;TYPE:WALL-OUTER
G1 F915.3 X119.7 Y119.7 E235.72564
G1 X119.7 Y100.3 E237.17744
G1 X100.3 Y100.3 E238.62925
G1 X100.3 Y119.7 E240.08105
G1 X110 Y119.7 E240.80696
G0 F9000 X110 Y118.2
;MESH:NONMESH
G0 F300 X110 Y118.2 Z1.4
G0 F9000 X110 Y119.1
;TIME_ELAPSED:217.457962
;LAYER:4
;note -- min layer time used
;TYPE:WALL-INNER
;MESH:xyzCalibration_cube.stl
G1 F904.2 X119.1 Y119.1 E241.48796
G1 X119.1 Y100.9 E242.84996
G1 X100.9 Y100.9 E244.21196
G1 X100.9 Y119.1 E245.57396
G1 X110 Y119.1 E246.25497
G0 F9000 X110 Y119.7
;TYPE:WALL-OUTER
G1 F904.2 X119.7 Y119.7 E246.98087
G1 X119.7 Y100.3 E248.43267
G1 X100.3 Y100.3 E249.88448
G1 X100.3 Y119.7 E251.33628
G1 X110 Y119.7 E252.06219
G0 F9000 X110 Y118.2
;MESH:NONMESH
G0 F300 X110 Y118.2 Z1.7
G0 F9000 X110 Y119.1
;TIME_ELAPSED:227.832414
;LAYER:5
;note -- min layer time used
;TYPE:WALL-INNER
;MESH:xyzCalibration_cube.stl
G1 F904.2 X119.1 Y119.1 E252.74319
G1 X119.1 Y100.9 E254.10519
G1 X100.9 Y100.9 E255.46719
G1 X100.9 Y119.1 E256.82919
G1 X110 Y119.1 E257.5102
G0 F9000 X110 Y119.7
;TYPE:WALL-OUTER
G1 F904.2 X119.7 Y119.7 E258.2361
G1 X119.7 Y100.3 E259.6879
G1 X100.3 Y100.3 E261.13971
G1 X100.3 Y119.7 E262.59151
G1 X110 Y119.7 E263.31741
G0 F9000 X110 Y118.2
;MESH:NONMESH
G0 F300 X110 Y118.2 Z2
G0 F9000 X110 Y119.1
;TIME_ELAPSED:238.206867
;LAYER:6
;note -- min layer time used
;TYPE:WALL-INNER
;MESH:xyzCalibration_cube.stl
G1 F904.2 X119.1 Y119.1 E263.99842
G1 X119.1 Y100.9 E265.36042
G1 X100.9 Y100.9 E266.72242
G1 X100.9 Y119.1 E268.08442
G1 X110 Y119.1 E268.76542
G0 F9000 X110 Y119.7
;TYPE:WALL-OUTER
G1 F904.2 X119.7 Y119.7 E269.49133
G1 X119.7 Y100.3 E270.94313
G1 X100.3 Y100.3 E272.39494
G1 X100.3 Y119.7 E273.84674
G1 X110 Y119.7 E274.57264
G0 F9000 X110 Y118.2
;MESH:NONMESH
G0 F300 X110 Y118.2 Z2.3
G0 F9000 X110 Y119.1
;TIME_ELAPSED:248.581320
;LAYER:7
;note -- min layer time used
;TYPE:WALL-INNER
;MESH:xyzCalibration_cube.stl
G1 F904.2 X119.1 Y119.1 E275.25365
G1 X119.1 Y100.9 E276.61565
G1 X100.9 Y100.9 E277.97765
G1 X100.9 Y119.1 E279.33965
G1 X110 Y119.1 E280.02065
G0 F9000 X110 Y119.7
;TYPE:WALL-OUTER
G1 F904.2 X119.7 Y119.7 E280.74656
G1 X119.7 Y100.3 E282.19836
G1 X100.3 Y100.3 E283.65017
G1 X100.3 Y119.7 E285.10197
G1 X110 Y119.7 E285.82787
G0 F9000 X110 Y118.2
;MESH:NONMESH
G0 F300 X110 Y118.2 Z2.6
G0 F9000 X110 Y119.1
;TIME_ELAPSED:258.955772
;LAYER:8
;note -- min layer time used
;TYPE:WALL-INNER
;MESH:xyzCalibration_cube.stl
G1 F904.2 X119.1 Y119.1 E286.50888
G1 X119.1 Y100.9 E287.87088
G1 X100.9 Y100.9 E289.23288
G1 X100.9 Y119.1 E290.59488
G1 X110 Y119.1 E291.27588
G0 F9000 X110 Y119.7
;TYPE:WALL-OUTER
G1 F904.2 X119.7 Y119.7 E292.00179
G1 X119.7 Y100.3 E293.45359
G1 X100.3 Y100.3 E294.9054
G1 X100.3 Y119.7 E296.3572
G1 X110 Y119.7 E297.0831
G0 F9000 X110 Y118.2
;MESH:NONMESH
G0 F300 X110 Y118.2 Z2.9
G0 F9000 X110 Y119.1
;TIME_ELAPSED:269.330225
;LAYER:9
;note -- min layer time used
;TYPE:WALL-INNER
;MESH:xyzCalibration_cube.stl
G1 F1159.6 X119.1 Y119.1 E297.76411
G1 X119.1 Y100.9 E299.12611
G1 X100.9 Y100.9 E300.48811
G1 X100.9 Y119.1 E301.85011
G1 X110 Y119.1 E302.53111
G0 F9000 X110 Y119.7
;TYPE:WALL-OUTER
G1 F1159.6 X119.7 Y119.7 E303.25702
G1 X119.7 Y100.3 E304.70882
G1 X100.3 Y100.3 E306.16063
G1 X100.3 Y119.7 E307.61243
G1 X110 Y119.7 E308.33833
G0 F9000 X110 Y118.7
G0 X116.827 Y107.599
G0 X117.826 Y107.527
G0 X117.826 Y108.598
;TYPE:SKIN
G1 F801.6 X117.826 Y110.73 E308.56915
G0 F9000 X116.755 Y110.73
G0 X116.755 Y111.464
G0 X117.092 Y111.464
G1 F1159.6 X117.092 Y107.864 E308.83855
G1 X118.56 Y107.864 E308.94841
G1 X118.56 Y111.464 E309.21782
G1 X117.092 Y111.464 E309.32768
G0 F9000 X116.755 Y111.464
G0 X111.141 Y103.12
G0 X111.069 Y102.852
G0 X111.408 Y102.852
G1 F1159.6 X111.408 Y101.44 E309.43335
G1 X115.103 Y101.441 E309.70986
G1 X115.1 Y102.851 E309.81538
G1 X111.408 Y102.852 E310.09167
G0 F9000 X112.114 Y102.146
G1 F859 X114.396 Y102.144 E310.32222
G0 F9000 X114.396 Y103.192
G0 X103.965 Y103.122
G0 X103.891 Y102.146
G0 X104.935 Y102.145
G1 F860 X107.069 Y102.143 E310.53754
G0 F9000 X107.772 Y102.848
G1 F1159.6 X104.232 Y102.852 E310.80246
G1 X104.229 Y101.44 E310.90813
G1 X107.772 Y101.44 E311.17327
G1 X107.772 Y102.848 E311.27864
G0 F9000 X108.613 Y102.848
;MESH:NONMESH
G0 F300 X108.613 Y102.848 Z3.2
G0 F9000 X110 Y118.7
G0 X110 Y119.1
;TIME_ELAPSED:281.649526
;LAYER:10
;note -- min layer time used
;TYPE:WALL-INNER
;MESH:xyzCalibration_cube.stl
G1 F1178.9 X119.1 Y119.1 E311.95964
G1 X119.1 Y100.9 E313.32164
G1 X100.9 Y100.9 E314.68365
G1 X100.9 Y119.1 E316.04565
G1 X110 Y119.1 E316.72665
G0 F9000 X110 Y119.7
;TYPE:WALL-OUTER
G1 F1178.9 X119.7 Y119.7 E317.45255
G1 X119.7 Y100.3 E318.90436
G1 X100.3 Y100.3 E320.35616
G1 X100.3 Y119.7 E321.80797
G1 X110 Y119.7 E322.53387
G0 F9000 X110 Y118.7
G0 X116.828 Y107.595
G0 X117.827 Y107.523
G0 X117.827 Y108.593
;TYPE:SKIN
G1 F814.9 X117.825 Y110.729 E322.76512
G0 F9000 X116.755 Y110.729
G0 X116.755 Y111.464
G0 X117.092 Y111.464
G1 F1178.9 X117.096 Y107.86 E323.03482
G1 X118.56 Y107.86 E323.14438
G1 X118.56 Y111.464 E323.41409
G1 X117.092 Y111.464 E323.52395
G0 F9000 X116.755 Y111.464
G0 X110.956 Y103.12
G0 X110.885 Y102.851
G0 X111.222 Y102.852
G1 F1178.9 X111.227 Y101.44 E323.62961
G1 X115.103 Y101.441 E323.91968
G1 X115.1 Y102.851 E324.02519
G1 X111.222 Y102.852 E324.3154
G0 F9000 X111.928 Y102.146
G1 F873.3 X114.396 Y102.144 E324.56474
G0 F9000 X114.396 Y103.192
G0 X103.965 Y103.122
G0 X103.891 Y102.146
G0 X104.935 Y102.145
G1 F874.4 X107.245 Y102.143 E324.79783
G0 F9000 X107.948 Y102.848
G1 F1178.9 X104.232 Y102.852 E325.07592
G1 X104.229 Y101.44 E325.18158
G1 X107.948 Y101.44 E325.4599
G1 X107.948 Y102.848 E325.56526
G0 F9000 X107.948 Y103.69
;MESH:NONMESH
G0 F300 X107.948 Y103.69 Z3.5
G0 F9000 X110 Y118.7
G0 X110 Y119.1
;TIME_ELAPSED:293.871885
;LAYER:11
;note -- min layer time used
;TYPE:WALL-INNER
;MESH:xyzCalibration_cube.stl
G1 F1253.3 X119.1 Y119.1 E326.24626
G1 X119.1 Y100.9 E327.60827
G1 X100.9 Y100.9 E328.97027
G1 X100.9 Y119.1 E330.33227
G1 X110 Y119.1 E331.01327
G0 F9000 X110 Y119.7
;TYPE:WALL-OUTER
G1 F1253.3 X119.7 Y119.7 E331.73918
G1 X119.7 Y100.3 E333.19098
G1 X100.3 Y100.3 E334.64279
G1 X100.3 Y119.7 E336.09459
G1 X110 Y119.7 E336.82049
G0 F9000 X110 Y118.7
G0 X118.734 Y118.7
G0 X118.734 Y118.98
;TYPE:FILL
G1 F1253.3 X118.98 Y118.734 E336.84653
G0 F9000 X118.7 Y118.734
G0 X116.827 Y111.735
G0 X116.828 Y107.592
G0 X118.7 Y101.265
G0 X118.98 Y101.265
G1 F1253.3 X118.735 Y101.02 E336.87246
G0 F9000 X118.735 Y101.3
G0 X115.371 Y103.12
G0 X103.965 Y103.12
G0 X101.265 Y101.3
G0 X101.265 Y101.02
G1 F1253.3 X101.02 Y101.265 E336.89839
G0 F9000 X101.3 Y101.265
G0 X101.3 Y118.734
G0 X101.019 Y118.734
G1 F1253.3 X101.265 Y118.98 E336.92442
G0 F9000 X101.265 Y118.7
G0 X108.397 Y103.119
G0 X108.469 Y102.848
G0 X108.128 Y102.848
;TYPE:SKIN
G1 F1253.3 X104.232 Y102.852 E337.21598
G1 X104.229 Y101.44 E337.32165
G1 X108.128 Y101.44 E337.61343
G1 X108.128 Y102.848 E337.7188
G0 F9000 X107.426 Y102.142
G1 F930.7 X104.936 Y102.146 E337.96974
G0 F9000 X103.891 Y102.147
G0 X103.965 Y103.12
G0 X114.392 Y103.194
G0 X114.394 Y102.146
G1 F930.7 X111.746 Y102.142 E338.2366
G0 F9000 X111.044 Y102.848
G1 F1253.3 X111.044 Y101.44 E338.34197
G1 X115.103 Y101.441 E338.64572
G1 X115.1 Y102.851 E338.75124
G1 X111.044 Y102.848 E339.05477
G0 F9000 X110.704 Y102.848
G0 X116.755 Y111.464
G0 X117.092 Y111.464
G1 F1253.3 X117.096 Y107.86 E339.32448
G1 X118.56 Y107.86 E339.43404
G1 X118.56 Y111.464 E339.70374
G1 X117.092 Y111.464 E339.8136
G0 F9000 X116.755 Y111.464
G0 X116.755 Y110.729
G0 X117.825 Y110.729
G1 F866.3 X117.827 Y108.593 E340.04485
G0 F9000 X116.255 Y108.593
;MESH:NONMESH
G0 F300 X116.255 Y108.593 Z3.8
G0 F9000 X110 Y118.7
G0 X110 Y119.1
;TIME_ELAPSED:307.456450
;LAYER:12
;note -- min layer time used
;TYPE:WALL-INNER
;MESH:xyzCalibration_cube.stl
G1 F1304 X119.1 Y119.1 E340.72585
G1 X119.1 Y100.9 E342.08785
G1 X100.9 Y100.9 E343.44986
G1 X100.9 Y119.1 E344.81186
G1 X110 Y119.1 E345.49286
G0 F9000 X110 Y119.7
;TYPE:WALL-OUTER
G1 F1304 X119.7 Y119.7 E346.21876
G1 X119.7 Y100.3 E347.67057
G1 X100.3 Y100.3 E349.12237
G1 X100.3 Y119.7 E350.57418
G1 X110 Y119.7 E351.30008
G0 F9000 X110 Y118.7
G0 X101.567 Y118.7
G0 X101.567 Y118.98
;TYPE:FILL
G1 F1304 X101.019 Y118.433 E351.35802
G0 F9000 X101.3 Y118.433
G0 X101.3 Y101.566
G0 X101.02 Y101.566
G1 F1304 X101.566 Y101.02 E351.41581
G0 F9000 X101.566 Y101.3
G0 X103.965 Y103.12
G0 X115.371 Y103.12
G0 X118.433 Y101.3
G0 X118.433 Y101.02
G1 F1304 X118.981 Y101.567 E351.47375
G0 F9000 X118.7 Y101.567
G0 X116.827 Y107.599
G0 X116.827 Y111.735
G0 X118.7 Y118.433
G0 X118.98 Y118.433
G1 F1304 X118.433 Y118.98 E351.53164
G0 F9000 X118.433 Y118.7
G0 X116.755 Y111.464
G0 X117.092 Y111.464
;TYPE:SKIN
G1 F1304 X117.096 Y107.856 E351.80165
G1 X118.56 Y107.856 E351.91121
G1 X118.56 Y111.464 E352.18121
G1 X117.092 Y111.464 E352.29107
G0 F9000 X117.952 Y111.164
G1 F1304 X117.392 Y110.604 E352.35034
G0 F9000 X117.393 Y109.756
G1 F1304 X118.26 Y110.623 E352.44209
G0 F9000 X118.26 Y109.775
G1 F1304 X117.395 Y108.909 E352.53369
G0 F9000 X117.489 Y108.156
G1 F1304 X118.26 Y108.926 E352.61524
G0 F9000 X118.9 Y108.926
G0 X118.828 Y107.589
G0 X110.197 Y103.517
G0 X110.521 Y102.852
G0 X110.86 Y102.852
G1 F1304 X110.86 Y101.44 E352.72091
G1 X115.103 Y101.441 E353.03843
G1 X115.1 Y102.851 E353.14395
G1 X110.86 Y102.852 E353.46125
G0 F9000 X110.521 Y102.852
G0 X110.586 Y103.094
G0 X111.885 Y103.193
G0 X111.885 Y102.551
G1 F1304 X111.16 Y101.826 E353.53798
G0 F9000 X111.922 Y101.74
G1 F1304 X112.733 Y102.551 E353.62381
G0 F9000 X112.772 Y101.741
G1 F1304 X113.582 Y102.551 E353.70954
G0 F9000 X113.62 Y101.741
G1 F1304 X114.43 Y102.551 E353.79526
G0 F9000 X114.802 Y102.074
G1 F1304 X114.469 Y101.741 E353.8305
G0 F9000 X115.445 Y101.743
G0 X115.371 Y103.12
G0 X110.593 Y103.121
G0 X108.646 Y102.848
G0 X108.304 Y102.848
G1 F1304 X104.232 Y102.852 E354.13523
G1 X104.229 Y101.44 E354.2409
G1 X108.304 Y101.44 E354.54585
G1 X108.304 Y102.848 E354.65122
G0 F9000 X108.004 Y102.064
G1 F1304 X107.68 Y101.74 E354.68551
G0 F9000 X107.639 Y102.548
G1 F1304 X106.831 Y101.74 E354.77103
G0 F9000 X106.792 Y102.55
G1 F1304 X105.983 Y101.74 E354.8567
G0 F9000 X105.944 Y102.55
G1 F1304 X105.134 Y101.74 E354.94242
G0 F9000 X104.53 Y101.985
G1 F1304 X105.097 Y102.552 E355.00243
G0 F9000 X105.097 Y103.694
;MESH:NONMESH
G0 F300 X105.097 Y103.694 Z4.1
G0 F9000 X110 Y118.7
G0 X110 Y119.1
;TIME_ELAPSED:321.936495
;LAYER:13
;note -- min layer time used
;TYPE:WALL-INNER
;MESH:xyzCalibration_cube.stl
G1 F1108.3 X119.1 Y119.1 E355.68343
G1 X119.1 Y111.407 E356.25914
G1 X118.05 Y111.404 E356.33772
G1 X117.774 Y111.361 E356.35862
G1 X117.478 Y111.198 E356.38391
G1 X117.308 Y111.012 E356.40276
G1 X117.207 Y110.816 E356.41927
G1 X117.153 Y110.551 E356.4395
G1 X117.155 Y108.744 E356.57473
G1 X117.209 Y108.506 E356.593
G1 X117.407 Y108.195 E356.62059
G1 X117.772 Y107.968 E356.65275
G1 X118.052 Y107.924 E356.67396
G1 X119.1 Y107.924 E356.75239
G1 X119.1 Y100.9 E357.27803
G1 X115.047 Y100.9 E357.58134
G1 X115.044 Y101.894 E357.65573
G1 X114.978 Y102.233 E357.68157
G1 X114.867 Y102.429 E357.69843
G1 X114.569 Y102.686 E357.72788
G1 X114.283 Y102.793 E357.75073
G1 X112.27 Y102.787 E357.90137
G1 X112.047 Y102.734 E357.91853
G1 X111.774 Y102.569 E357.9424
G1 X111.545 Y102.304 E357.96861
G1 X111.468 Y101.892 E357.99998
G1 X111.468 Y100.9 E358.07421
G1 X107.712 Y100.9 E358.35529
G1 X107.712 Y101.888 E358.42923
G1 X107.649 Y102.22 E358.45452
G1 X107.484 Y102.488 E358.47807
G1 X107.338 Y102.619 E358.49275
G1 X107.107 Y102.739 E358.51223
G1 X106.899 Y102.788 E358.52822
G1 X105.095 Y102.792 E358.66323
G1 X104.734 Y102.67 E358.69174
G1 X104.426 Y102.372 E358.72381
G1 X104.325 Y102.15 E358.74207
G1 X104.288 Y101.892 E358.76157
G1 X104.288 Y100.9 E358.83581
G1 X100.9 Y100.9 E359.08935
G1 X100.9 Y119.1 E360.45135
G1 X110 Y119.1 E361.13235
G0 F9000 X110 Y119.7
;TYPE:WALL-OUTER
G1 F1108.3 X119.7 Y119.7 E361.85826
G1 X119.7 Y110.808 E362.52369
G1 X117.984 Y110.804 E362.65211
G1 X117.784 Y110.641 E362.67142
G1 X117.752 Y110.52 E362.68078
G1 X117.757 Y108.765 E362.81212
G1 X117.813 Y108.641 E362.8223
G1 X117.978 Y108.524 E362.83744
G1 X119.7 Y108.524 E362.96631
G1 X119.7 Y100.3 E363.58175
G1 X114.448 Y100.3 E363.97479
G1 X114.444 Y101.893 E364.094
G1 X114.385 Y102.071 E364.10803
G1 X114.191 Y102.193 E364.12518
G1 X112.335 Y102.191 E364.26408
G1 X112.143 Y102.092 E364.28024
G1 X112.068 Y101.969 E364.29102
G1 X112.068 Y100.3 E364.41592
G1 X107.112 Y100.3 E364.78681
G1 X107.112 Y101.888 E364.90565
G1 X107.065 Y102.051 E364.91834
G1 X106.988 Y102.132 E364.92671
G1 X106.852 Y102.186 E364.93766
G1 X105.142 Y102.189 E365.06562
G1 X105.036 Y102.152 E365.07403
G1 X104.888 Y101.952 E365.09265
G1 X104.888 Y100.3 E365.21627
G1 X100.3 Y100.3 E365.55962
G1 X100.3 Y119.7 E367.01142
G1 X110 Y119.7 E367.73733
G0 F9000 X110 Y118.7
G0 X101.867 Y118.7
G0 X101.867 Y118.98
;TYPE:FILL
G1 F1108.3 X101.019 Y118.133 E367.82702
G0 F9000 X101.3 Y118.133
G0 X101.3 Y101.866
G0 X101.02 Y101.866
G1 F1108.3 X101.866 Y101.02 E367.91655
G0 F9000 X101.866 Y101.3
G0 X103.964 Y103.121
G0 X115.372 Y103.12
G0 X118.134 Y101.3
G0 X118.134 Y101.02
G1 F1108.3 X118.981 Y101.867 E368.00619
G0 F9000 X118.7 Y101.867
G0 X116.827 Y107.599
G0 X116.827 Y111.734
G0 X118.7 Y118.133
G0 X118.98 Y118.133
G1 F1108.3 X118.133 Y118.98 E368.09584
G0 F9000 X118.133 Y118.2
;MESH:NONMESH
G0 F300 X118.133 Y118.2 Z4.4
G0 F9000 X110 Y118.7
G0 X110 Y119.1
;TIME_ELAPSED:334.001920
;LAYER:14
;note -- min layer time used
;TYPE:WALL-INNER
;MESH:xyzCalibration_cube.stl
G1 F1111.1 X119.1 Y119.1 E368.77684
G1 X119.1 Y111.403 E369.35284
G1 X118.054 Y111.4 E369.43112
G1 X117.777 Y111.357 E369.4521
G1 X117.481 Y111.194 E369.47739
G1 X117.312 Y111.007 E369.49625
G1 X117.211 Y110.812 E369.51268
G1 X117.157 Y110.547 E369.53292
G1 X117.158 Y108.752 E369.66725
G1 X117.202 Y108.534 E369.6839
G1 X117.394 Y108.21 E369.71208
G1 X117.59 Y108.049 E369.73106
G1 X117.772 Y107.965 E369.74606
G1 X118.056 Y107.92 E369.76758
G1 X119.1 Y107.92 E369.84571
G1 X119.1 Y100.9 E370.37105
G1 X114.856 Y100.9 E370.68865
G1 X114.856 Y101.892 E370.76289
G1 X114.781 Y102.253 E370.79048
G1 X114.55 Y102.57 E370.81984
G1 X114.291 Y102.728 E370.84254
G1 X114.06 Y102.786 E370.86036
G1 X112.103 Y102.789 E371.00682
G1 X111.779 Y102.697 E371.03202
G1 X111.595 Y102.573 E371.04863
G1 X111.412 Y102.356 E371.06987
G1 X111.327 Y102.169 E371.08524
G1 X111.284 Y101.89 E371.10637
G1 X111.286 Y100.9 E371.18045
G1 X107.888 Y100.9 E371.43474
G1 X107.888 Y101.888 E371.50868
G1 X107.844 Y102.166 E371.52974
G1 X107.664 Y102.483 E371.55702
G1 X107.317 Y102.727 E371.58877
G1 X107.098 Y102.782 E371.60567
G1 X105.263 Y102.793 E371.74299
G1 X104.91 Y102.674 E371.77087
G1 X104.604 Y102.388 E371.80222
G1 X104.5 Y102.172 E371.82016
G1 X104.456 Y101.894 E371.84122
G1 X104.453 Y100.9 E371.91561
G1 X100.9 Y100.9 E372.1815
G1 X100.9 Y119.1 E373.5435
G1 X110 Y119.1 E374.2245
G0 F9000 X110 Y119.7
;TYPE:WALL-OUTER
G1 F1111.1 X119.7 Y119.7 E374.9504
G1 X119.7 Y110.804 E375.61614
G1 X117.984 Y110.8 E375.74455
G1 X117.833 Y110.702 E375.75803
G1 X117.756 Y110.516 E375.77309
G1 X117.756 Y108.797 E375.90173
G1 X117.811 Y108.646 E375.91376
G1 X117.981 Y108.52 E375.92959
G1 X119.7 Y108.52 E376.05824
G1 X119.7 Y100.3 E376.67338
G1 X114.256 Y100.3 E377.08079
G1 X114.256 Y101.892 E377.19992
G1 X114.197 Y102.072 E377.2141
G1 X114.009 Y102.192 E377.23079
G1 X112.134 Y102.188 E377.37111
G1 X111.958 Y102.09 E377.38618
G1 X111.884 Y101.96 E377.39738
G1 X111.887 Y100.3 E377.5216
G1 X107.288 Y100.3 E377.86577
G1 X107.288 Y101.956 E377.9897
G1 X107.214 Y102.087 E378.00096
G1 X107.037 Y102.188 E378.01621
G1 X105.311 Y102.189 E378.14537
G1 X105.105 Y102.058 E378.16364
G1 X105.056 Y101.893 E378.17652
G1 X105.052 Y100.3 E378.29574
G1 X100.3 Y100.3 E378.65135
G1 X100.3 Y119.7 E380.10316
G1 X110 Y119.7 E380.82906
G0 F9000 X110 Y118.7
G0 X117.833 Y118.7
G0 X117.833 Y118.98
;TYPE:FILL
G1 F1111.1 X118.98 Y117.833 E380.95045
G0 F9000 X118.7 Y117.833
G0 X116.828 Y111.73
G0 X116.828 Y107.595
G0 X118.7 Y102.166
G0 X118.98 Y102.166
G1 F1111.1 X117.834 Y101.02 E381.07174
G0 F9000 X117.834 Y101.3
G0 X115.182 Y103.12
G0 X104.131 Y103.121
G0 X102.166 Y101.3
G0 X102.166 Y101.02
G1 F1111.1 X101.02 Y102.166 E381.19302
G0 F9000 X101.3 Y102.166
G0 X101.3 Y117.833
G0 X101.019 Y117.833
G1 F1111.1 X102.166 Y118.98 E381.31441
G0 F9000 X102.166 Y118.2
;MESH:NONMESH
G0 F300 X102.166 Y118.2 Z4.7
G0 F9000 X110 Y118.7
G0 X110 Y119.1
;TIME_ELAPSED:346.108311
;LAYER:15
;note -- min layer time used
;TYPE:WALL-INNER
;MESH:xyzCalibration_cube.stl
G1 F1120.1 X119.1 Y119.1 E381.99541
G1 X119.1 Y111.4 E382.57164
G1 X118.056 Y111.4 E382.64977
G1 X117.778 Y111.357 E382.67082
G1 X117.481 Y111.194 E382.69618
G1 X117.312 Y111.007 E382.71504
G1 X117.211 Y110.812 E382.73147
G1 X117.157 Y110.547 E382.75171
G1 X117.157 Y108.763 E382.88522
G1 X117.25 Y108.419 E382.91189
G1 X117.378 Y108.228 E382.92909
G1 X117.585 Y108.052 E382.94943
G1 X117.767 Y107.967 E382.96446
G1 X118.056 Y107.92 E382.98637
G1 X119.1 Y107.92 E383.0645
G1 X119.1 Y100.9 E383.58984
G1 X114.667 Y100.9 E383.92159
G1 X114.664 Y101.894 E383.99597
G1 X114.581 Y102.272 E384.02494
G1 X114.37 Y102.559 E384.05159
G1 X114.118 Y102.72 E384.07397
G1 X113.873 Y102.786 E384.09296
G1 X111.939 Y102.79 E384.23769
G1 X111.618 Y102.706 E384.26252
G1 X111.422 Y102.579 E384.28
G1 X111.218 Y102.332 E384.30397
G1 X111.104 Y102.043 E384.32722
G1 X111.104 Y100.9 E384.41276
G1 X108.068 Y100.9 E384.63996
G1 X108.068 Y102.041 E384.72535
G1 X107.954 Y102.329 E384.74853
G1 X107.669 Y102.637 E384.77993
G1 X107.511 Y102.721 E384.79332
G1 X107.268 Y102.783 E384.81209
G1 X105.429 Y102.792 E384.94971
G1 X105.081 Y102.678 E384.97712
G1 X104.777 Y102.402 E385.00784
G1 X104.671 Y102.193 E385.02538
G1 X104.62 Y101.892 E385.04823
G1 X104.62 Y100.9 E385.12246
G1 X100.9 Y100.9 E385.40085
G1 X100.9 Y119.1 E386.76285
G1 X110 Y119.1 E387.44386
G0 F9000 X110 Y119.7
;TYPE:WALL-OUTER
G1 F1120.1 X119.7 Y119.7 E388.16976
G1 X119.7 Y110.8 E388.83579
G1 X117.985 Y110.8 E388.96413
G1 X117.833 Y110.702 E388.97767
G1 X117.756 Y110.552 E388.99029
G1 X117.758 Y108.779 E389.12297
G1 X117.876 Y108.579 E389.14035
G1 X117.987 Y108.52 E389.14975
G1 X119.7 Y108.52 E389.27795
G1 X119.7 Y100.3 E389.89309
G1 X114.068 Y100.3 E390.31457
G1 X114.064 Y101.989 E390.44096
G1 X113.924 Y102.147 E390.45676
G1 X113.801 Y102.19 E390.46651
G1 X111.982 Y102.192 E390.60264
G1 X111.836 Y102.142 E390.61419
G1 X111.704 Y101.945 E390.63193
G1 X111.704 Y100.3 E390.75504
G1 X107.468 Y100.3 E391.07204
G1 X107.468 Y101.941 E391.19484
G1 X107.362 Y102.118 E391.21028
G1 X107.202 Y102.187 E391.22332
G1 X105.476 Y102.189 E391.35249
G1 X105.272 Y102.062 E391.37047
G1 X105.22 Y101.892 E391.38378
G1 X105.22 Y100.3 E391.50291
G1 X100.3 Y100.3 E391.8711
G1 X100.3 Y119.7 E393.32291
G1 X110 Y119.7 E394.04881
G0 F9000 X110 Y118.7
G0 X117.533 Y118.7
G0 X117.533 Y118.98
;TYPE:FILL
G1 F1120.1 X118.98 Y117.533 E394.20195
G0 F9000 X118.7 Y117.533
G0 X116.828 Y111.727
G0 X116.828 Y107.592
G0 X118.7 Y102.466
G0 X118.98 Y102.466
G1 F1120.1 X117.533 Y101.019 E394.35509
G0 F9000 X117.533 Y101.3
G0 X114.991 Y103.122
G0 X104.297 Y103.122
G0 X102.465 Y101.3
G0 X102.465 Y101.02
G1 F1120.1 X101.02 Y102.465 E394.50802
G0 F9000 X101.3 Y102.465
G0 X101.3 Y117.533
G0 X101.019 Y117.533
G1 F1120.1 X102.466 Y118.98 E394.66116
G0 F9000 X102.466 Y118.2
;MESH:NONMESH
G0 F300 X102.466 Y118.2 Z5
G0 F9000 X110 Y118.7
G0 X110 Y119.1
;TIME_ELAPSED:358.209830
;LAYER:16
;note -- min layer time used
;TYPE:WALL-INNER
;MESH:xyzCalibration_cube.stl
G1 F1128.9 X119.1 Y119.1 E395.34216
G1 X119.1 Y111.396 E395.91869
G1 X118.056 Y111.396 E395.99682
G1 X117.778 Y111.353 E396.01787
G1 X117.598 Y111.272 E396.03264
G1 X117.387 Y111.1 E396.05302
G1 X117.254 Y110.905 E396.07068
G1 X117.156 Y110.523 E396.10019
G1 X117.16 Y108.722 E396.23497
G1 X117.234 Y108.447 E396.25628
G1 X117.362 Y108.242 E396.27437
G1 X117.58 Y108.051 E396.29606
G1 X117.763 Y107.964 E396.31122
G1 X118.056 Y107.916 E396.33344
G1 X119.1 Y107.916 E396.41157
G1 X119.1 Y100.9 E396.93662
G1 X114.476 Y100.9 E397.28265
G1 X114.476 Y101.892 E397.35689
G1 X114.384 Y102.29 E397.38746
G1 X114.247 Y102.493 E397.40579
G1 X114.078 Y102.64 E397.42255
G1 X113.746 Y102.792 E397.44988
G1 X111.726 Y102.788 E397.60104
G1 X111.334 Y102.65 E397.63214
G1 X111.139 Y102.481 E397.65145
G1 X111.02 Y102.306 E397.66729
G1 X110.92 Y102.006 E397.69096
G1 X110.92 Y100.9 E397.77372
G1 X108.244 Y100.9 E397.97398
G1 X108.244 Y102.006 E398.05675
G1 X108.144 Y102.306 E398.08042
G1 X108.025 Y102.481 E398.09625
G1 X107.762 Y102.69 E398.12139
G1 X107.47 Y102.792 E398.14454
G1 X105.596 Y102.792 E398.28478
G1 X105.255 Y102.682 E398.31159
G1 X104.955 Y102.415 E398.34165
G1 X104.847 Y102.214 E398.35872
G1 X104.788 Y101.892 E398.38322
G1 X104.788 Y100.9 E398.45746
G1 X100.901 Y100.901 E398.74834
G1 X100.9 Y119.1 E400.11027
G1 X110 Y119.1 E400.79127
G0 F9000 X110 Y119.7
;TYPE:WALL-OUTER
G1 F1128.9 X119.7 Y119.7 E401.51718
G1 X119.7 Y110.796 E402.18351
G1 X117.985 Y110.796 E402.31185
G1 X117.833 Y110.698 E402.32539
G1 X117.756 Y110.548 E402.338
G1 X117.757 Y108.784 E402.47001
G1 X117.857 Y108.59 E402.48635
G1 X117.986 Y108.516 E402.49748
G1 X119.7 Y108.516 E402.62574
G1 X119.7 Y100.3 E403.24059
G1 X113.876 Y100.3 E403.67643
G1 X113.876 Y101.892 E403.79557
G1 X113.846 Y102.025 E403.80577
G1 X113.676 Y102.19 E403.8235
G1 X111.788 Y102.191 E403.96479
G1 X111.658 Y102.145 E403.97511
G1 X111.524 Y101.942 E403.99331
G1 X111.52 Y100.3 E404.11619
G1 X107.644 Y100.3 E404.40625
G1 X107.64 Y101.942 E404.52913
G1 X107.535 Y102.124 E404.54486
G1 X107.374 Y102.191 E404.55791
G1 X105.644 Y102.189 E404.68737
G1 X105.443 Y102.067 E404.70497
G1 X105.388 Y101.892 E404.7187
G1 X105.388 Y100.3 E404.83784
G1 X100.301 Y100.301 E405.21852
G1 X100.3 Y119.7 E406.67025
G1 X110 Y119.7 E407.39615
G0 F9000 X110 Y118.7
G0 X117.233 Y118.7
G0 X117.233 Y118.98
;TYPE:FILL
G1 F1128.9 X118.98 Y117.233 E407.58105
G0 F9000 X118.7 Y117.233
G0 X116.828 Y111.724
G0 X116.828 Y107.589
G0 X118.7 Y102.766
G0 X118.98 Y102.766
G1 F1128.9 X117.234 Y101.02 E407.76583
G0 F9000 X117.234 Y101.3
G0 X114.803 Y103.121
G0 X104.464 Y103.122
G0 X102.765 Y101.3
G0 X102.765 Y101.02
G1 F1128.9 X101.021 Y102.765 E407.95046
G0 F9000 X101.3 Y102.765
G0 X101.3 Y117.233
G0 X101.019 Y117.233
G1 F1128.9 X102.766 Y118.98 E408.13535
G0 F9000 X102.766 Y118.2
;MESH:NONMESH
G0 F300 X102.766 Y118.2 Z5.3
G0 F9000 X110 Y118.7
G0 X110 Y119.1
;TIME_ELAPSED:370.305990
;LAYER:17
;note -- min layer time used
;TYPE:WALL-INNER
;MESH:xyzCalibration_cube.stl
G1 F1137.7 X119.1 Y119.1 E408.81635
G1 X119.1 Y111.392 E409.39318
G1 X118.056 Y111.392 E409.47131
G1 X117.778 Y111.349 E409.49236
G1 X117.598 Y111.268 E409.50713
G1 X117.387 Y111.095 E409.52755
G1 X117.254 Y110.901 E409.54515
G1 X117.156 Y110.523 E409.57437
G1 X117.158 Y108.744 E409.70751
G1 X117.221 Y108.475 E409.72818
G1 X117.347 Y108.256 E409.74709
G1 X117.574 Y108.051 E409.76998
G1 X117.759 Y107.962 E409.78534
G1 X118.056 Y107.912 E409.80788
G1 X119.1 Y107.912 E409.88601
G1 X119.1 Y100.9 E410.41075
G1 X114.287 Y100.9 E410.77094
G1 X114.283 Y102.079 E410.85917
G1 X114.06 Y102.488 E410.89403
G1 X113.91 Y102.623 E410.90913
G1 X113.635 Y102.757 E410.93202
G1 X113.468 Y102.792 E410.94479
G1 X111.568 Y102.79 E411.08698
G1 X111.24 Y102.701 E411.11241
G1 X110.955 Y102.482 E411.13931
G1 X110.822 Y102.278 E411.15754
G1 X110.739 Y101.971 E411.18133
G1 X110.736 Y100.9 E411.26148
G1 X108.422 Y100.9 E411.43465
G1 X108.421 Y101.971 E411.5148
G1 X108.338 Y102.278 E411.5386
G1 X108.085 Y102.597 E411.56907
G1 X107.867 Y102.725 E411.58799
G1 X107.603 Y102.789 E411.60832
G1 X105.767 Y102.792 E411.74571
G1 X105.43 Y102.685 E411.77217
G1 X105.132 Y102.428 E411.80162
G1 X105.022 Y102.233 E411.81838
G1 X104.956 Y101.894 E411.84422
G1 X104.953 Y100.9 E411.91861
G1 X100.901 Y100.901 E412.22184
G1 X100.9 Y119.1 E413.58377
G1 X110 Y119.1 E414.26477
G0 F9000 X110 Y119.7
;TYPE:WALL-OUTER
G1 F1137.7 X119.7 Y119.7 E414.99067
G1 X119.7 Y110.792 E415.65731
G1 X117.988 Y110.792 E415.78543
G1 X117.788 Y110.629 E415.80473
G1 X117.756 Y110.503 E415.81446
G1 X117.756 Y108.789 E415.94273
G1 X117.819 Y108.626 E415.95581
G1 X117.98 Y108.512 E415.97057
G1 X119.7 Y108.512 E416.09929
G1 X119.7 Y100.3 E416.71383
G1 X113.688 Y100.3 E417.16374
G1 X113.684 Y101.954 E417.28752
G1 X113.61 Y102.091 E417.29917
G1 X113.424 Y102.19 E417.31494
G1 X111.613 Y102.192 E417.45047
G1 X111.48 Y102.149 E417.46093
G1 X111.337 Y101.991 E417.47688
G1 X111.336 Y100.3 E417.60342
G1 X107.821 Y100.3 E417.86647
G1 X107.823 Y101.919 E417.98763
G1 X107.711 Y102.127 E418.00531
G1 X107.551 Y102.191 E418.0182
G1 X105.813 Y102.189 E418.14827
G1 X105.614 Y102.071 E418.16558
G1 X105.556 Y101.893 E418.17959
G1 X105.552 Y100.3 E418.2988
G1 X100.301 Y100.301 E418.69176
G1 X100.3 Y119.7 E420.14349
G1 X110 Y119.7 E420.8694
G0 F9000 X110 Y118.7
G0 X103.066 Y118.7
G0 X103.066 Y118.98
;TYPE:FILL
G1 F1137.7 X101.019 Y116.934 E421.08598
G0 F9000 X101.3 Y116.934
G0 X101.3 Y103.064
G0 X101.021 Y103.064
G1 F1137.7 X103.065 Y101.02 E421.30231
G0 F9000 X103.065 Y101.3
G0 X104.63 Y103.122
G0 X114.613 Y103.121
G0 X116.934 Y101.3
G0 X116.934 Y101.02
G1 F1137.7 X118.98 Y103.066 E421.51884
G0 F9000 X118.7 Y103.066
G0 X116.829 Y107.585
G0 X116.829 Y111.721
G0 X118.7 Y116.934
G0 X118.98 Y116.934
G1 F1137.7 X116.934 Y118.98 E421.73538
G0 F9000 X116.934 Y118.2
;MESH:NONMESH
G0 F300 X116.934 Y118.2 Z5.6
G0 F9000 X110 Y118.7
G0 X110 Y119.1
;TIME_ELAPSED:382.396163
;LAYER:18
;note -- min layer time used
;TYPE:WALL-INNER
;MESH:xyzCalibration_cube.stl
G1 F1146.6 X119.1 Y119.1 E422.41638
G1 X119.1 Y111.388 E422.99351
G1 X118.056 Y111.388 E423.07164
G1 X117.778 Y111.345 E423.09269
G1 X117.598 Y111.264 E423.10746
G1 X117.387 Y111.091 E423.12788
G1 X117.211 Y110.801 E423.15326
G1 X117.156 Y110.522 E423.17454
G1 X117.156 Y108.683 E423.31217
G1 X117.258 Y108.391 E423.33531
G1 X117.438 Y108.153 E423.35764
G1 X117.755 Y107.959 E423.38546
G1 X118.056 Y107.908 E423.4083
G1 X119.1 Y107.908 E423.48643
G1 X119.1 Y100.9 E424.01088
G1 X114.099 Y100.9 E424.38513
G1 X114.096 Y101.894 E424.45952
G1 X114.059 Y102.15 E424.47887
G1 X113.876 Y102.483 E424.50731
G1 X113.744 Y102.607 E424.52086
G1 X113.457 Y102.754 E424.54499
G1 X113.276 Y102.793 E424.55885
G1 X111.36 Y102.791 E424.70223
G1 X111.178 Y102.749 E424.71621
G1 X110.912 Y102.61 E424.73867
G1 X110.78 Y102.487 E424.75217
G1 X110.632 Y102.255 E424.77277
G1 X110.559 Y101.971 E424.79471
G1 X110.556 Y100.9 E424.87486
G1 X108.6 Y100.9 E425.02124
G1 X108.597 Y101.971 E425.10139
G1 X108.524 Y102.255 E425.12333
G1 X108.376 Y102.487 E425.14392
G1 X108.244 Y102.61 E425.15743
G1 X107.978 Y102.749 E425.17989
G1 X107.77 Y102.79 E425.19575
G1 X105.934 Y102.792 E425.33315
G1 X105.6 Y102.689 E425.35931
G1 X105.305 Y102.44 E425.3882
G1 X105.193 Y102.25 E425.4047
G1 X105.12 Y101.892 E425.43204
G1 X105.12 Y100.9 E425.50628
G1 X100.9 Y100.9 E425.82208
G1 X100.9 Y119.1 E427.18409
G1 X110 Y119.1 E427.86509
G0 F9000 X110 Y119.7
;TYPE:WALL-OUTER
G1 F1146.6 X119.7 Y119.7 E428.59099
G1 X119.7 Y110.788 E429.25792
G1 X117.988 Y110.788 E429.38604
G1 X117.864 Y110.719 E429.39666
G1 X117.756 Y110.54 E429.41231
G1 X117.756 Y108.793 E429.54304
G1 X117.815 Y108.629 E429.55609
G1 X117.893 Y108.555 E429.56413
G1 X118.056 Y108.508 E429.57683
G1 X119.7 Y108.508 E429.69986
G1 X119.7 Y100.3 E430.3141
G1 X113.5 Y100.3 E430.77808
G1 X113.496 Y101.956 E430.90201
G1 X113.423 Y102.089 E430.91336
G1 X113.263 Y102.193 E430.92765
G1 X111.414 Y102.19 E431.06602
G1 X111.23 Y102.091 E431.08165
G1 X111.157 Y101.919 E431.09564
G1 X111.156 Y100.3 E431.21679
G1 X108 Y100.3 E431.45297
G1 X107.999 Y101.919 E431.57413
G1 X107.926 Y102.091 E431.58812
G1 X107.724 Y102.192 E431.60502
G1 X105.977 Y102.189 E431.73575
G1 X105.88 Y102.158 E431.74337
G1 X105.72 Y101.986 E431.76095
G1 X105.72 Y100.3 E431.88713
G1 X100.3 Y100.3 E432.29273
G1 X100.3 Y119.7 E433.74454
G1 X110 Y119.7 E434.47044
G0 F9000 X110 Y118.7
G0 X103.366 Y118.7
G0 X103.366 Y118.98
;TYPE:FILL
G1 F1146.6 X101.019 Y116.634 E434.71878
G0 F9000 X101.3 Y116.634
G0 X101.3 Y103.365
G0 X101.02 Y103.365
G1 F1146.6 X103.365 Y101.02 E434.96696
G0 F9000 X103.365 Y101.3
G0 X104.797 Y103.122
G0 X114.422 Y103.121
G0 X116.634 Y101.3
G0 X116.634 Y101.02
G1 F1146.6 X118.98 Y103.366 E435.21524
G0 F9000 X118.7 Y103.366
G0 X116.829 Y107.582
G0 X116.829 Y111.717
G0 X118.7 Y116.634
G0 X118.98 Y116.634
G1 F1146.6 X116.634 Y118.98 E435.46353
G0 F9000 X116.634 Y118.2
;MESH:NONMESH
G0 F300 X116.634 Y118.2 Z5.9
G0 F9000 X110 Y118.7
G0 X110 Y119.1
;TIME_ELAPSED:394.473939
;LAYER:19
;note -- min layer time used
;TYPE:WALL-INNER
;MESH:xyzCalibration_cube.stl
G1 F1155.2 X119.1 Y119.1 E436.14453
G1 X119.1 Y111.387 E436.72173
G1 X118.054 Y111.384 E436.80001
G1 X117.777 Y111.34 E436.821
G1 X117.481 Y111.177 E436.84629
G1 X117.312 Y110.991 E436.86509
G1 X117.156 Y110.579 E436.89806
G1 X117.156 Y108.706 E437.03823
G1 X117.245 Y108.413 E437.06115
G1 X117.427 Y108.159 E437.08453
G1 X117.75 Y107.957 E437.11304
G1 X118.056 Y107.904 E437.13628
G1 X119.1 Y107.904 E437.21441
G1 X119.1 Y100.9 E437.73855
G1 X113.908 Y100.9 E438.1271
G1 X113.908 Y101.892 E438.20134
G1 X113.868 Y102.16 E438.22161
G1 X113.791 Y102.337 E438.23606
G1 X113.577 Y102.59 E438.26086
G1 X113.431 Y102.687 E438.27397
G1 X113.098 Y102.792 E438.3001
G1 X111.168 Y102.787 E438.44454
G1 X110.931 Y102.726 E438.46285
G1 X110.628 Y102.522 E438.49019
G1 X110.463 Y102.288 E438.51161
G1 X110.375 Y101.971 E438.53623
G1 X110.372 Y100.9 E438.61638
G1 X108.776 Y100.9 E438.73582
G1 X108.773 Y101.971 E438.81597
G1 X108.685 Y102.288 E438.84059
G1 X108.52 Y102.522 E438.86201
G1 X108.217 Y102.726 E438.88935
G1 X107.976 Y102.792 E438.90805
G1 X106.098 Y102.792 E439.04859
G1 X105.774 Y102.692 E439.07397
G1 X105.482 Y102.452 E439.10225
G1 X105.369 Y102.267 E439.11847
G1 X105.288 Y101.892 E439.14718
G1 X105.288 Y100.9 E439.22142
G1 X100.9 Y100.9 E439.5498
G1 X100.9 Y119.1 E440.9118
G1 X110 Y119.1 E441.5928
G0 F9000 X110 Y119.7
;TYPE:WALL-OUTER
G1 F1155.2 X119.7 Y119.7 E442.3187
G1 X119.7 Y110.788 E442.98564
G1 X117.988 Y110.784 E443.11376
G1 X117.808 Y110.653 E443.13042
G1 X117.759 Y110.528 E443.14046
G1 X117.759 Y108.757 E443.273
G1 X117.892 Y108.552 E443.29128
G1 X118.056 Y108.504 E443.30407
G1 X119.7 Y108.504 E443.4271
G1 X119.7 Y100.3 E444.04105
G1 X113.308 Y100.3 E444.5194
G1 X113.308 Y101.959 E444.64355
G1 X113.236 Y102.088 E444.6546
G1 X113.081 Y102.19 E444.66849
G1 X111.237 Y102.191 E444.80649
G1 X111.135 Y102.16 E444.81446
G1 X111.002 Y102.024 E444.8287
G1 X110.973 Y101.919 E444.83685
G1 X110.972 Y100.3 E444.95801
G1 X108.176 Y100.3 E445.16725
G1 X108.175 Y101.919 E445.28841
G1 X108.146 Y102.024 E445.29656
G1 X108.013 Y102.16 E445.31079
G1 X107.915 Y102.19 E445.31846
G1 X106.146 Y102.19 E445.45085
G1 X105.952 Y102.079 E445.46757
G1 X105.888 Y101.892 E445.48237
G1 X105.888 Y100.3 E445.6015
G1 X100.3 Y100.3 E446.01968
G1 X100.3 Y119.7 E447.47149
G1 X110 Y119.7 E448.19739
G0 F9000 X110 Y118.7
G0 X116.334 Y118.7
G0 X116.334 Y118.98
;TYPE:FILL
G1 F1155.2 X118.98 Y116.334 E448.47743
G0 F9000 X118.7 Y116.334
G0 X116.83 Y111.714
G0 X116.83 Y107.579
G0 X118.7 Y103.665
G0 X118.98 Y103.665
G1 F1155.2 X116.335 Y101.02 E448.75735
G0 F9000 X116.335 Y101.3
G0 X114.234 Y103.123
G0 X104.964 Y103.123
G0 X103.665 Y101.3
G0 X103.665 Y101.02
G1 F1155.2 X101.02 Y103.665 E449.03728
G0 F9000 X101.3 Y103.665
G0 X101.3 Y116.334
G0 X101.019 Y116.334
G1 F1155.2 X103.665 Y118.98 E449.31732
G0 F9000 X103.665 Y118.2
;MESH:NONMESH
G0 F300 X103.665 Y118.2 Z6.2
G0 F9000 X110 Y118.7
G0 X110 Y119.1
;TIME_ELAPSED:406.542170
;LAYER:20
;note -- min layer time used
;TYPE:WALL-INNER
;MESH:xyzCalibration_cube.stl
G1 F1164 X119.1 Y119.1 E449.99832
G1 X119.1 Y111.384 E450.57575
G1 X118.056 Y111.384 E450.65388
G1 X117.778 Y111.341 E450.67493
G1 X117.481 Y111.177 E450.70032
G1 X117.312 Y110.991 E450.71912
G1 X117.156 Y110.579 E450.75209
G1 X117.156 Y108.722 E450.89106
G1 X117.233 Y108.439 E450.91301
G1 X117.416 Y108.17 E450.93736
G1 X117.746 Y107.958 E450.96671
G1 X118.056 Y107.904 E450.99026
G1 X119.1 Y107.904 E451.06839
G1 X119.1 Y100.9 E451.59253
G1 X113.719 Y100.9 E451.99522
G1 X113.716 Y101.894 E452.06961
G1 X113.672 Y102.172 E452.09067
G1 X113.591 Y102.352 E452.10544
G1 X113.404 Y102.574 E452.12716
G1 X113.254 Y102.679 E452.14087
G1 X112.906 Y102.792 E452.16825
G1 X110.92 Y102.789 E452.31687
G1 X110.621 Y102.662 E452.34118
G1 X110.482 Y102.559 E452.35413
G1 X110.299 Y102.326 E452.3763
G1 X110.191 Y101.971 E452.40407
G1 X110.188 Y100.9 E452.48422
G1 X108.956 Y100.9 E452.57641
G1 X108.953 Y101.971 E452.65656
G1 X108.845 Y102.326 E452.68433
G1 X108.662 Y102.559 E452.7065
G1 X108.429 Y102.712 E452.72736
G1 X108.136 Y102.792 E452.75009
G1 X106.269 Y102.792 E452.88981
G1 X105.948 Y102.695 E452.9149
G1 X105.659 Y102.462 E452.94269
G1 X105.545 Y102.283 E452.95857
G1 X105.456 Y101.894 E452.98843
G1 X105.453 Y100.9 E453.06282
G1 X100.9 Y100.9 E453.40354
G1 X100.9 Y119.1 E454.76554
G1 X110 Y119.1 E455.44655
G0 F9000 X110 Y119.7
;TYPE:WALL-OUTER
G1 F1164 X119.7 Y119.7 E456.17245
G1 X119.7 Y110.784 E456.83968
G1 X117.988 Y110.784 E456.9678
G1 X117.808 Y110.653 E456.98446
G1 X117.759 Y110.528 E456.99451
G1 X117.758 Y108.765 E457.12644
G1 X117.842 Y108.592 E457.14083
G1 X117.98 Y108.504 E457.15308
G1 X119.7 Y108.504 E457.2818
G1 X119.7 Y100.3 E457.89575
G1 X113.12 Y100.3 E458.38816
G1 X113.116 Y101.893 E458.50738
G1 X113.075 Y102.046 E458.51923
G1 X113.012 Y102.12 E458.5265
G1 X112.859 Y102.189 E458.53906
G1 X111.021 Y102.191 E458.67661
G1 X110.886 Y102.115 E458.6882
G1 X110.789 Y101.919 E458.70457
G1 X110.788 Y100.3 E458.82573
G1 X108.356 Y100.3 E459.00773
G1 X108.355 Y101.919 E459.12889
G1 X108.258 Y102.115 E459.14525
G1 X108.089 Y102.191 E459.15912
G1 X106.314 Y102.19 E459.29195
G1 X106.22 Y102.16 E459.29933
G1 X106.085 Y102.023 E459.31373
G1 X106.056 Y101.893 E459.3237
G1 X106.052 Y100.3 E459.44291
G1 X100.3 Y100.3 E459.87336
G1 X100.3 Y119.7 E461.32517
G1 X110 Y119.7 E462.05107
G0 F9000 X110 Y118.7
G0 X103.967 Y118.7
G0 X103.967 Y118.98
;TYPE:FILL
G1 F1164 X101.019 Y116.033 E462.36301
G0 F9000 X101.3 Y116.033
G0 X101.3 Y103.966
G0 X101.02 Y103.966
G1 F1164 X103.966 Y101.02 E462.6748
G0 F9000 X103.966 Y101.3
G0 X105.13 Y103.123
G0 X114.044 Y103.122
G0 X116.033 Y101.3
G0 X116.033 Y101.02
G1 F1164 X118.98 Y103.967 E462.98669
G0 F9000 X118.7 Y103.967
G0 X116.83 Y107.576
G0 X116.83 Y111.711
G0 X118.7 Y116.033
G0 X118.98 Y116.033
G1 F1164 X116.033 Y118.98 E463.29858
G0 F9000 X116.033 Y118.2
;MESH:NONMESH
G0 F300 X116.033 Y118.2 Z6.5
G0 F9000 X110 Y118.7
G0 X110 Y119.1
;TIME_ELAPSED:418.596572
;LAYER:21
;note -- min layer time used
;TYPE:WALL-INNER
;MESH:xyzCalibration_cube.stl
G1 F1171.4 X119.1 Y119.1 E463.97958
G1 X119.1 Y111.38 E464.55731
G1 X118.056 Y111.38 E464.63543
G1 X117.777 Y111.337 E464.65656
G1 X117.481 Y111.173 E464.68188
G1 X117.312 Y110.988 E464.70064
G1 X117.156 Y110.575 E464.73367
G1 X117.161 Y108.698 E464.87414
G1 X117.242 Y108.415 E464.89617
G1 X117.364 Y108.223 E464.91319
G1 X117.553 Y108.053 E464.93222
G1 X117.741 Y107.956 E464.94805
G1 X118.056 Y107.9 E464.97199
G1 X119.1 Y107.9 E465.05012
G1 X119.1 Y100.9 E465.57397
G1 X113.528 Y100.9 E465.99095
G1 X113.528 Y101.892 E466.06519
G1 X113.481 Y102.182 E466.08717
G1 X113.395 Y102.365 E466.1023
G1 X113.235 Y102.558 E466.12106
G1 X112.915 Y102.746 E466.14884
G1 X112.628 Y102.793 E466.1706
G1 X110.829 Y102.789 E466.30523
G1 X110.57 Y102.729 E466.32513
G1 X110.342 Y102.596 E466.34488
G1 X110.141 Y102.371 E466.36746
G1 F1049 X109.937 Y101.976 E466.40461
G1 F952.4 X109.937 Y100.969 E466.4973
G1 F955 X109.201 Y100.969 E466.56486
G1 F952.4 X109.199 Y101.976 E466.65756
G1 F1049 X108.995 Y102.371 E466.69471
G1 F1171.4 X108.794 Y102.596 E466.71728
G1 X108.566 Y102.729 E466.73704
G1 X108.312 Y102.789 E466.75657
G1 X106.436 Y102.792 E466.89696
G1 X106.118 Y102.698 E466.92178
G1 X105.831 Y102.472 E466.94911
G1 X105.716 Y102.298 E466.96472
G1 X105.62 Y101.892 E466.99594
G1 X105.62 Y100.9 E467.07018
G1 X100.9 Y100.9 E467.4234
G1 X100.901 Y119.099 E468.78533
G1 X110 Y119.1 E469.46626
G0 F9000 X110 Y119.699
;TYPE:WALL-OUTER
G1 F1171.4 X119.7 Y119.7 E470.19216
G1 X119.7 Y110.78 E470.85969
G1 X117.988 Y110.78 E470.98781
G1 X117.808 Y110.65 E471.00442
G1 X117.759 Y110.524 E471.01454
G1 X117.757 Y108.766 E471.1461
G1 X117.802 Y108.639 E471.15618
G1 X117.973 Y108.5 E471.17268
G1 X119.7 Y108.5 E471.30192
G1 X119.7 Y100.3 E471.91557
G1 X112.928 Y100.3 E472.42235
G1 X112.928 Y101.892 E472.54149
G1 X112.884 Y102.05 E472.55376
G1 X112.793 Y102.144 E472.56355
G1 X112.628 Y102.193 E472.57643
G1 X110.837 Y102.185 E472.71046
G1 X110.649 Y102.052 E472.7277
G1 X110.605 Y101.918 E472.73825
G1 X110.607 Y100.301 E472.85926
G1 X108.533 Y100.301 E473.01447
G1 X108.531 Y101.918 E473.13548
G1 X108.42 Y102.127 E473.15319
G1 X108.266 Y102.191 E473.16567
G1 X106.479 Y102.19 E473.2994
G1 X106.386 Y102.161 E473.30669
G1 X106.252 Y102.028 E473.32082
G1 X106.22 Y101.892 E473.33127
G1 X106.22 Y100.3 E473.45041
G1 X100.3 Y100.3 E473.89344
G1 X100.301 Y119.699 E475.34517
G1 X110 Y119.699 E476.07099
G0 F9000 X110 Y118.7
G0 X115.733 Y118.7
G0 X115.733 Y118.98
;TYPE:FILL
G1 F1171.4 X118.98 Y115.733 E476.41463
G0 F9000 X118.7 Y115.733
G0 X116.831 Y111.708
G0 X116.831 Y107.572
G0 X118.7 Y104.267
G0 X118.981 Y104.267
G1 F1171.4 X115.734 Y101.02 E476.75827
G0 F9000 X115.734 Y101.3
G0 X113.854 Y103.122
G0 X105.297 Y103.123
G0 X104.266 Y101.3
G0 X104.266 Y101.02
G1 F1171.4 X101.021 Y104.265 E477.1017
G0 F9000 X101.3 Y104.265
G0 X101.3 Y115.734
G0 X101.02 Y115.734
G1 F1171.4 X104.265 Y118.978 E477.44508
G0 F9000 X104.265 Y118.2
;MESH:NONMESH
G0 F300 X104.265 Y118.2 Z6.8
G0 F9000 X110 Y118.7
G0 X110 Y119.1
;TIME_ELAPSED:430.671633
;LAYER:22
;note -- min layer time used
;TYPE:WALL-INNER
;MESH:xyzCalibration_cube.stl
G1 F1182 X119.1 Y119.1 E478.12608
G1 X119.1 Y111.376 E478.70411
G1 X118.056 Y111.376 E478.78224
G1 X117.777 Y111.333 E478.80336
G1 X117.597 Y111.251 E478.81816
G1 X117.387 Y111.079 E478.83848
G1 X117.254 Y110.886 E478.85602
G1 X117.156 Y110.573 E478.88056
G1 X117.16 Y108.708 E479.02013
G1 X117.282 Y108.335 E479.0495
G1 X117.442 Y108.137 E479.06855
G1 X117.737 Y107.954 E479.09453
G1 X118.056 Y107.896 E479.11879
G1 X119.1 Y107.896 E479.19692
G1 X119.1 Y100.9 E479.72047
G1 X113.339 Y100.9 E480.1516
G1 X113.336 Y101.894 E480.22598
G1 X113.285 Y102.193 E480.24868
G1 X113.194 Y102.378 E480.26411
G1 X112.942 Y102.637 E480.29115
G1 X112.731 Y102.743 E480.30882
G1 X112.524 Y102.788 E480.32468
G1 X110.577 Y102.792 E480.47038
G1 X110.203 Y102.647 E480.5004
G1 X109.954 Y102.358 E480.52895
G1 F1222.8 X109.847 Y101.969 E480.55813
G1 F1271 X109.846 Y100.878 E480.63406
G1 F1275.6 X109.29 Y100.878 E480.67262
G1 F1271 X109.289 Y101.969 E480.74855
G1 F1222.8 X109.182 Y102.358 E480.77774
G1 F1182 X108.985 Y102.587 E480.80034
G1 X108.756 Y102.725 E480.82035
G1 X108.495 Y102.789 E480.84046
G1 X106.605 Y102.792 E480.9819
G1 X106.292 Y102.701 E481.00629
G1 X106.007 Y102.482 E481.03319
G1 X105.823 Y102.143 E481.06206
G1 X105.788 Y101.894 E481.08087
G1 X105.785 Y100.9 E481.15526
G1 X100.9 Y100.9 E481.52083
G1 X100.901 Y119.099 E482.88276
G1 X110 Y119.1 E483.56368
G0 F9000 X110 Y119.699
;TYPE:WALL-OUTER
G1 F1182 X119.7 Y119.7 E484.28959
G1 X119.7 Y110.776 E484.95742
G1 X117.988 Y110.776 E485.08554
G1 X117.808 Y110.645 E485.1022
G1 X117.759 Y110.52 E485.11224
G1 X117.757 Y108.766 E485.2435
G1 X117.798 Y108.642 E485.25328
G1 X117.972 Y108.496 E485.27028
G1 X119.7 Y108.496 E485.39959
G1 X119.7 Y100.3 E486.01294
G1 X112.74 Y100.3 E486.53379
G1 X112.736 Y101.893 E486.65301
G1 X112.689 Y102.054 E486.66556
G1 X112.605 Y102.141 E486.67461
G1 X112.466 Y102.191 E486.68566
G1 X110.669 Y102.188 E486.82014
G1 X110.533 Y102.124 E486.83139
G1 X110.425 Y101.919 E486.84873
G1 X110.424 Y100.3 E486.96989
G1 X108.712 Y100.3 E487.09801
G1 X108.711 Y101.919 E487.21917
G1 X108.669 Y102.048 E487.22932
G1 X108.501 Y102.192 E487.24588
G1 X106.647 Y102.19 E487.38462
G1 X106.461 Y102.089 E487.40046
G1 X106.388 Y101.956 E487.41182
G1 X106.384 Y100.3 E487.53574
G1 X100.3 Y100.3 E487.99104
G1 X100.301 Y119.699 E489.44277
G1 X110 Y119.699 E490.1686
G0 F9000 X110 Y118.7
G0 X115.433 Y118.7
G0 X115.433 Y118.98
;TYPE:FILL
G1 F1182 X118.98 Y115.433 E490.54399
G0 F9000 X118.7 Y115.433
G0 X116.831 Y111.704
G0 X116.831 Y107.569
G0 X118.7 Y104.566
G0 X118.98 Y104.566
G1 F1182 X115.433 Y101.019 E490.91938
G0 F9000 X115.433 Y101.3
G0 X113.663 Y103.124
G0 X105.463 Y103.124
G0 X104.566 Y101.3
G0 X104.566 Y101.019
G1 F1182 X101.021 Y104.565 E491.29461
G0 F9000 X101.3 Y104.565
G0 X101.3 Y115.434
G0 X101.02 Y115.434
G1 F1182 X104.565 Y118.978 E491.66974
G0 F9000 X104.565 Y118.2
;MESH:NONMESH
G0 F300 X104.565 Y118.2 Z7.1
G0 F9000 X109.564 Y100.976
;TIME_ELAPSED:442.843299
;LAYER:23
;note -- min layer time used
;TYPE:WALL-INNER
;MESH:xyzCalibration_cube.stl
G1 F958.1 X109.564 Y101.977 E491.76412
G0 F9000 X109.563 Y103.193
G0 X110 Y118.7
G0 X110 Y119.1
G1 F1207.2 X119.1 Y119.1 E492.44512
G1 X119.1 Y111.372 E493.02345
G1 X118.056 Y111.372 E493.10158
G1 X117.777 Y111.329 E493.1227
G1 X117.48 Y111.165 E493.14809
G1 X117.312 Y110.98 E493.16679
G1 X117.156 Y110.569 E493.19969
G1 X117.156 Y108.684 E493.34076
G1 X117.221 Y108.455 E493.35857
G1 X117.342 Y108.243 E493.37684
G1 X117.542 Y108.052 E493.39753
G1 X117.732 Y107.951 E493.41364
G1 X118.056 Y107.892 E493.43828
G1 X119.1 Y107.892 E493.51641
G1 X119.1 Y100.9 E494.03966
G1 X113.148 Y100.9 E494.48508
G1 X113.148 Y101.892 E494.55932
G1 X113.094 Y102.202 E494.58286
G1 X112.999 Y102.39 E494.59863
G1 X112.766 Y102.629 E494.62361
G1 X112.55 Y102.74 E494.64178
G1 X112.337 Y102.788 E494.65812
G1 X110.436 Y102.787 E494.80038
G1 X110.081 Y102.686 E494.828
G1 X109.809 Y102.418 E494.85658
G1 F1065.2 X109.564 Y101.977 E494.89937
G1 X109.319 Y102.418 E494.94215
G1 F1207.2 X109.102 Y102.632 E494.96496
G1 X108.829 Y102.76 E494.98752
G1 X108.633 Y102.791 E495.00237
G1 X106.77 Y102.792 E495.14179
G1 X106.465 Y102.703 E495.16557
G1 X106.183 Y102.491 E495.19197
G1 X105.994 Y102.152 E495.22102
G1 X105.956 Y101.894 E495.24053
G1 X105.953 Y100.9 E495.31492
G1 X100.901 Y100.901 E495.69299
G1 X100.901 Y119.099 E497.05484
G1 X110 Y119.1 E497.73577
G0 F9000 X110 Y119.699
;TYPE:WALL-OUTER
G1 F1207.2 X119.7 Y119.7 E498.46167
G1 X119.7 Y110.772 E499.1298
G1 X117.988 Y110.772 E499.25792
G1 X117.808 Y110.642 E499.27453
G1 X117.759 Y110.516 E499.28465
G1 X117.756 Y108.735 E499.41793
G1 X117.848 Y108.575 E499.43174
G1 X117.978 Y108.492 E499.44329
G1 X119.7 Y108.492 E499.57215
G1 X119.7 Y100.3 E500.1852
G1 X112.548 Y100.3 E500.72043
G1 X112.548 Y101.892 E500.83956
G1 X112.499 Y102.058 E500.85252
G1 X112.421 Y102.138 E500.86088
G1 X112.278 Y102.191 E500.87229
G1 X110.48 Y102.192 E501.00684
G1 X110.296 Y102.068 E501.02345
G1 X110.241 Y101.919 E501.03533
G1 X110.24 Y100.3 E501.15649
G1 X108.888 Y100.3 E501.25767
G1 X108.887 Y101.919 E501.37883
G1 X108.832 Y102.068 E501.39071
G1 X108.648 Y102.192 E501.40732
G1 X106.816 Y102.19 E501.54442
G1 X106.631 Y102.092 E501.56008
G1 X106.556 Y101.958 E501.57158
G1 X106.552 Y100.3 E501.69565
G1 X100.301 Y100.301 E502.16345
G1 X100.301 Y119.699 E503.6151
G1 X110 Y119.699 E504.34093
G0 F9000 X110 Y118.7
G0 X115.133 Y118.7
G0 X115.133 Y118.98
;TYPE:FILL
G1 F1207.2 X118.98 Y115.133 E504.74807
G0 F9000 X118.7 Y115.133
G0 X116.831 Y111.701
G0 X116.831 Y107.566
G0 X118.7 Y104.866
G0 X118.98 Y104.866
G1 F1207.2 X115.133 Y101.019 E505.15521
G0 F9000 X115.133 Y101.3
G0 X113.475 Y103.124
G0 X105.63 Y103.124
G0 X104.865 Y101.3
G0 X104.865 Y101.02
G1 F1207.2 X101.021 Y104.865 E505.56209
G0 F9000 X101.3 Y104.865
G0 X101.3 Y115.135
G0 X101.021 Y115.135
G1 F1207.2 X104.865 Y118.978 E505.96886
G0 F9000 X104.865 Y118.2
;MESH:NONMESH
G0 F300 X104.865 Y118.2 Z7.4
G0 F9000 X110 Y118.7
G0 X110 Y119.1
;TIME_ELAPSED:455.049854
;LAYER:24
;note -- min layer time used
;TYPE:WALL-INNER
;MESH:xyzCalibration_cube.stl
G1 F1182 X119.1 Y119.1 E506.64986
G1 X119.1 Y111.371 E507.22826
G1 X118.058 Y111.368 E507.30624
G1 X117.78 Y111.324 E507.3273
G1 X117.483 Y111.16 E507.35269
G1 X117.315 Y110.975 E507.37139
G1 X117.16 Y110.565 E507.40419
G1 X117.16 Y108.696 E507.54406
G1 X117.215 Y108.476 E507.56103
G1 X117.335 Y108.254 E507.57992
G1 X117.539 Y108.053 E507.60135
G1 X117.731 Y107.95 E507.61765
G1 X118.06 Y107.888 E507.64271
G1 X119.1 Y107.888 E507.72054
G1 X119.1 Y100.9 E508.24349
G1 X112.959 Y100.9 E508.70305
G1 X112.956 Y101.894 E508.77744
G1 X112.898 Y102.212 E508.80163
G1 X112.799 Y102.401 E508.81759
G1 X112.587 Y102.62 E508.8404
G1 X112.364 Y102.738 E508.85928
G1 X112.146 Y102.788 E508.87602
G1 X110.244 Y102.786 E509.01836
G1 X109.913 Y102.677 E509.04444
G1 X109.681 Y102.489 E509.06678
G1 X109.562 Y102.21 E509.08948
G1 X109.443 Y102.489 E509.11218
G1 X109.211 Y102.677 E509.13453
G1 X108.917 Y102.79 E509.1581
G1 X106.937 Y102.792 E509.30627
G1 X106.634 Y102.706 E509.32984
G1 X106.355 Y102.5 E509.3558
G1 X106.161 Y102.162 E509.38496
G1 X106.12 Y101.892 E509.4054
G1 X106.12 Y100.9 E509.47964
G1 X100.9 Y100.9 E509.87028
G1 X100.9 Y119.1 E511.23228
G1 X110 Y119.1 E511.91328
G0 F9000 X110 Y119.7
;TYPE:WALL-OUTER
G1 F1182 X119.7 Y119.7 E512.63918
G1 X119.7 Y110.772 E513.30731
G1 X117.991 Y110.768 E513.43521
G1 X117.811 Y110.637 E513.45187
G1 X117.763 Y110.512 E513.46189
G1 X117.762 Y108.746 E513.59405
G1 X117.849 Y108.574 E513.60847
G1 X117.981 Y108.488 E513.62026
G1 X119.7 Y108.488 E513.7489
G1 X119.7 Y100.3 E514.36165
G1 X112.36 Y100.3 E514.91094
G1 X112.356 Y101.969 E515.03585
G1 X112.272 Y102.101 E515.04755
G1 X112.121 Y102.186 E515.06052
G1 X110.308 Y102.189 E515.1962
G1 X110.208 Y102.154 E515.20413
G1 F1016.1 X109.959 Y101.927 E515.23346
G1 F891 X109.961 Y100.398 E515.38526
G1 X109.163 Y100.398 E515.46449
G1 X109.165 Y101.927 E515.61629
G1 F1016.1 X108.916 Y102.154 E515.64562
G1 F1182 X108.792 Y102.192 E515.65533
G1 X106.981 Y102.19 E515.79086
G1 X106.798 Y102.095 E515.80629
G1 X106.72 Y101.959 E515.81802
G1 X106.72 Y100.3 E515.94217
G1 X100.3 Y100.3 E516.42261
G1 X100.3 Y119.7 E517.87442
G1 X110 Y119.7 E518.60032
G0 F9000 X110 Y118.7
G0 X114.833 Y118.7
G0 X114.833 Y118.98
;TYPE:FILL
G1 F1182 X118.98 Y114.833 E519.03921
G0 F9000 X118.7 Y114.833
G0 X116.832 Y111.698
G0 X116.832 Y107.563
G0 X118.7 Y105.166
G0 X118.98 Y105.166
G1 F1182 X114.834 Y101.02 E519.47799
G0 F9000 X114.834 Y101.3
G0 X113.285 Y103.123
G0 X105.796 Y103.124
G0 X105.165 Y101.3
G0 X105.165 Y101.02
G1 F1182 X101.02 Y105.165 E519.91667
G0 F9000 X101.3 Y105.165
G0 X101.3 Y114.833
G0 X101.019 Y114.833
G1 F1182 X105.166 Y118.98 E520.35556
G0 F9000 X105.166 Y118.2
;MESH:NONMESH
G0 F300 X105.166 Y118.2 Z7.7
G0 F9000 X110 Y118.7
G0 X110 Y119.1
;TIME_ELAPSED:467.091999
;LAYER:25
;note -- min layer time used
;TYPE:WALL-INNER
;MESH:xyzCalibration_cube.stl
G1 F1189.6 X119.1 Y119.1 E521.03656
G1 X119.1 Y111.368 E521.61519
G1 X118.06 Y111.368 E521.69302
G1 X117.781 Y111.324 E521.71416
G1 X117.483 Y111.16 E521.73961
G1 X117.315 Y110.975 E521.75831
G1 X117.16 Y110.564 E521.79118
G1 X117.165 Y108.688 E521.93158
G1 X117.207 Y108.495 E521.94636
G1 X117.325 Y108.264 E521.96577
G1 X117.534 Y108.053 E521.98799
G1 X117.726 Y107.947 E522.00441
G1 X118.06 Y107.884 E522.02984
G1 X119.1 Y107.884 E522.10767
G1 X119.1 Y100.9 E522.63032
G1 X112.771 Y100.9 E523.10395
G1 X112.768 Y101.894 E523.17834
G1 X112.706 Y102.221 E523.20325
G1 X112.603 Y102.412 E523.21949
G1 X112.43 Y102.596 E523.23839
G1 X112.182 Y102.736 E523.2597
G1 X111.959 Y102.788 E523.27684
G1 X110.064 Y102.786 E523.41865
G1 X109.816 Y102.718 E523.43789
G1 X109.56 Y102.556 E523.46056
G1 X109.304 Y102.718 E523.48324
G1 X109.056 Y102.786 E523.50248
G1 X107.089 Y102.787 E523.64968
G1 X106.867 Y102.733 E523.66678
G1 X106.627 Y102.596 E523.68746
G1 X106.414 Y102.352 E523.7117
G1 X106.332 Y102.172 E523.7265
G1 X106.288 Y101.894 E523.74756
G1 X106.285 Y100.9 E523.82195
G1 X100.9 Y100.9 E524.22494
G1 X100.9 Y119.1 E525.58694
G1 X110 Y119.1 E526.26794
G0 F9000 X110 Y119.7
;TYPE:WALL-OUTER
G1 F1189.6 X119.7 Y119.7 E526.99384
G1 X119.7 Y110.768 E527.66227
G1 X117.992 Y110.768 E527.79009
G1 X117.811 Y110.637 E527.80681
G1 X117.763 Y110.512 E527.81683
G1 X117.761 Y108.752 E527.94854
G1 X117.815 Y108.61 E527.95991
G1 X117.975 Y108.484 E527.97515
G1 X119.7 Y108.484 E528.10424
G1 X119.7 Y100.3 E528.7167
G1 X112.172 Y100.3 E529.28006
G1 X112.168 Y101.976 E529.40548
G1 X112.049 Y102.132 E529.42016
G1 X111.899 Y102.191 E529.43223
G1 X110.152 Y102.192 E529.56296
G1 X109.978 Y102.119 E529.57708
G1 F1172 X109.868 Y101.919 E529.59442
G1 F1156.9 X109.868 Y100.308 E529.7184
G1 F1158.7 X109.252 Y100.308 E529.76573
G1 F1156.9 X109.252 Y101.919 E529.8897
G1 F1172 X109.142 Y102.119 E529.90704
G1 F1189.6 X108.963 Y102.192 E529.9215
G1 X107.155 Y102.191 E530.05681
G1 X107.001 Y102.127 E530.06929
G1 X106.888 Y101.966 E530.08401
G1 X106.884 Y100.3 E530.20868
G1 X100.3 Y100.3 E530.7014
G1 X100.3 Y119.7 E532.1532
G1 X110 Y119.7 E532.87911
G0 F9000 X110 Y118.7
G0 X105.466 Y118.7
G0 X105.466 Y118.98
;TYPE:FILL
G1 F1189.6 X101.019 Y114.534 E533.34969
G0 F9000 X101.3 Y114.534
G0 X101.3 Y105.465
G0 X101.02 Y105.465
G1 F1189.6 X105.465 Y101.02 E533.82012
G0 F9000 X105.465 Y101.3
G0 X105.963 Y103.124
G0 X113.094 Y103.123
G0 X114.534 Y101.3
G0 X114.534 Y101.02
G1 F1189.6 X118.98 Y105.466 E534.29066
G0 F9000 X118.7 Y105.466
G0 X116.832 Y107.559
G0 X116.832 Y111.695
G0 X118.7 Y114.534
G0 X118.98 Y114.534
G1 F1189.6 X114.534 Y118.98 E534.76119
G0 F9000 X114.534 Y118.2
;MESH:NONMESH
G0 F300 X114.534 Y118.2 Z8
G0 F9000 X110 Y118.7
G0 X110 Y119.1
;TIME_ELAPSED:479.060889
;LAYER:26
;note -- min layer time used
;TYPE:WALL-INNER
;MESH:xyzCalibration_cube.stl
G1 F1215.2 X119.1 Y119.1 E535.44219
G1 X119.1 Y111.364 E536.02112
G1 X118.06 Y111.364 E536.09895
G1 X117.78 Y111.32 E536.12016
G1 X117.6 Y111.238 E536.13496
G1 X117.39 Y111.066 E536.15527
G1 X117.258 Y110.874 E536.17271
G1 X117.16 Y110.561 E536.19725
G1 X117.162 Y108.717 E536.33525
G1 X117.199 Y108.52 E536.35025
G1 X117.315 Y108.278 E536.37033
G1 X117.529 Y108.056 E536.39341
G1 X117.722 Y107.949 E536.40992
G1 X118.06 Y107.884 E536.43568
G1 X119.1 Y107.884 E536.51351
G1 X119.1 Y100.9 E537.03616
G1 X112.58 Y100.9 E537.52409
G1 X112.58 Y101.896 E537.59862
G1 X112.515 Y102.233 E537.62431
G1 X112.409 Y102.425 E537.64072
G1 X112.253 Y102.591 E537.65777
G1 X111.998 Y102.739 E537.67983
G1 X111.77 Y102.792 E537.69735
G1 X109.9 Y102.788 E537.83729
G1 X109.556 Y102.675 E537.86439
G1 X109.19 Y102.79 E537.8931
G1 X107.26 Y102.791 E538.03753
G1 X107.04 Y102.739 E538.05445
G1 X106.801 Y102.606 E538.07491
G1 X106.588 Y102.367 E538.09887
G1 X106.503 Y102.184 E538.11397
G1 X106.456 Y101.898 E538.13566
G1 X106.453 Y100.9 E538.21035
G1 X100.901 Y100.901 E538.62583
G1 X100.9 Y119.1 E539.98776
G1 X110 Y119.1 E540.66876
G0 F9000 X110 Y119.7
;TYPE:WALL-OUTER
G1 F1215.2 X119.7 Y119.7 E541.39467
G1 X119.7 Y110.764 E542.06339
G1 X117.987 Y110.764 E542.19159
G1 X117.836 Y110.665 E542.2051
G1 X117.763 Y110.508 E542.21806
G1 X117.76 Y108.761 E542.34879
G1 X117.811 Y108.615 E542.36037
G1 X117.973 Y108.484 E542.37596
G1 X119.7 Y108.484 E542.5052
G1 X119.7 Y100.3 E543.11765
G1 X111.98 Y100.3 E543.69538
G1 X111.98 Y101.985 E543.82148
G1 X111.829 Y102.157 E543.8386
G1 X111.71 Y102.195 E543.84795
G1 X109.946 Y102.189 E543.97996
G1 X109.834 Y102.148 E543.98889
G1 F988 X109.556 Y101.93 E544.02141
G1 X109.278 Y102.148 E544.05393
G1 F1215.2 X109.121 Y102.192 E544.06613
G1 X107.324 Y102.195 E544.20061
G1 X107.171 Y102.133 E544.21296
G1 X107.056 Y101.971 E544.22783
G1 X107.052 Y100.3 E544.35288
G1 X100.301 Y100.301 E544.85809
G1 X100.3 Y119.7 E546.30982
G1 X110 Y119.7 E547.03572
G1 F3600 E543.03572
G0 F9000 X110 Y118.7
G0 X109.555 Y103.194
G0 X109.556 Y101.93
G1 F3600 E547.03572
G1 F834.2 X109.556 Y100.436 E547.19859
G1 F3600 E543.19859
G0 F9000 X106.741 Y100.614
G0 X105.765 Y101.3
G0 X105.765 Y101.02
;TYPE:FILL
G1 F3600 E547.19859
G1 F1215.2 X101.021 Y105.764 E547.70066
G0 F9000 X101.3 Y105.764
G0 X101.3 Y114.234
G0 X101.019 Y114.234
G1 F1215.2 X105.765 Y118.98 E548.20294
G0 F9000 X105.765 Y118.7
G0 X114.234 Y118.7
G0 X114.234 Y118.98
G1 F1215.2 X118.98 Y114.234 E548.70523
G0 F9000 X118.7 Y114.234
G0 X116.833 Y111.691
G0 X116.833 Y107.556
G0 X118.7 Y105.765
G0 X118.98 Y105.765
G1 F1215.2 X114.235 Y101.02 E549.2074
G0 F9000 X114.235 Y101.8
;MESH:NONMESH
G0 F300 X114.235 Y101.8 Z8.3
G0 F9000 X110 Y118.7
G0 X110 Y119.1
;TIME_ELAPSED:491.795308
;LAYER:27
;note -- min layer time used
;TYPE:WALL-INNER
;MESH:xyzCalibration_cube.stl
G1 F1237.6 X119.1 Y119.1 E549.88841
G1 X119.1 Y111.36 E550.46763
G1 X118.06 Y111.36 E550.54546
G1 X117.78 Y111.316 E550.56667
G1 X117.483 Y111.152 E550.59206
G1 X117.315 Y110.967 E550.61076
G1 X117.161 Y110.562 E550.64319
G1 X117.16 Y108.74 E550.77954
G1 X117.192 Y108.54 E550.79469
G1 X117.305 Y108.289 E550.81529
G1 X117.524 Y108.056 E550.83922
G1 X117.717 Y107.947 E550.85581
G1 X118.06 Y107.88 E550.88196
G1 X119.1 Y107.88 E550.95979
G1 X119.1 Y100.9 E551.48214
G1 X112.391 Y100.9 E551.98421
G1 X112.388 Y101.898 E552.0589
G1 X112.319 Y102.242 E552.08516
G1 X112.073 Y102.581 E552.1165
G1 X111.811 Y102.736 E552.13928
G1 X111.579 Y102.792 E552.15714
G1 X109.727 Y102.789 E552.29574
G1 X109.554 Y102.753 E552.30896
G1 X109.381 Y102.789 E552.32218
G1 X107.425 Y102.792 E552.46856
G1 X107.208 Y102.741 E552.48524
G1 X106.972 Y102.611 E552.50541
G1 X106.759 Y102.378 E552.52903
G1 X106.67 Y102.193 E552.5444
G1 X106.62 Y101.896 E552.56693
G1 X106.62 Y100.9 E552.64147
G1 X100.9 Y100.9 E553.06953
G1 X100.9 Y119.1 E554.43153
G1 X110 Y119.1 E555.11253
G0 F9000 X110 Y119.7
;TYPE:WALL-OUTER
G1 F1237.6 X119.7 Y119.7 E555.83843
G1 X119.7 Y110.76 E556.50746
G1 X117.991 Y110.76 E556.63536
G1 X117.811 Y110.629 E556.65202
G1 X117.763 Y110.505 E556.66197
G1 X117.76 Y108.722 E556.7954
G1 X117.808 Y108.616 E556.80411
G1 X117.971 Y108.48 E556.81999
G1 X119.7 Y108.48 E556.94938
G1 X119.7 Y100.3 E557.56154
G1 X111.792 Y100.3 E558.15333
G1 X111.788 Y101.982 E558.27921
G1 X111.676 Y102.131 E558.29316
G1 X111.519 Y102.195 E558.30584
G1 X109.713 Y102.188 E558.441
G1 F1337.9 X109.554 Y101.914 E558.46293
G1 X109.395 Y102.188 E558.48486
G1 F1237.6 X107.488 Y102.195 E558.62757
G1 X107.337 Y102.135 E558.63973
G1 X107.22 Y101.973 E558.65468
G1 X107.22 Y100.3 E558.77988
G1 X100.3 Y100.3 E559.29774
G1 X100.3 Y119.7 E560.74955
G1 X110 Y119.7 E561.47545
G1 F3600 E557.47545
G0 F9000 X110 Y118.7
G0 X109.553 Y103.194
G0 X109.554 Y101.914
G1 F3600 E561.47545
G1 F1456 X109.556 Y100.256 E561.58091
G1 F3600 E557.58091
G0 F9000 X106.908 Y100.614
G0 X106.065 Y101.3
G0 X106.065 Y101.02
;TYPE:FILL
G1 F3600 E561.58091
G1 F1237.6 X101.02 Y106.065 E562.11484
G0 F9000 X101.3 Y106.065
G0 X101.3 Y113.934
G0 X101.019 Y113.934
G1 F1237.6 X106.065 Y118.98 E562.64888
G0 F9000 X106.065 Y118.7
G0 X113.934 Y118.7
G0 X113.934 Y118.98
G1 F1237.6 X118.98 Y113.934 E563.18291
G0 F9000 X118.7 Y113.934
G0 X116.833 Y111.688
G0 X116.833 Y107.553
G0 X118.7 Y106.065
G0 X118.98 Y106.065
G1 F1237.6 X113.935 Y101.02 E563.71684
G0 F9000 X113.935 Y101.8
;MESH:NONMESH
G0 F300 X113.935 Y101.8 Z8.6
G0 F9000 X110 Y118.7
G0 X110 Y119.1
;TIME_ELAPSED:504.423083
;LAYER:28
;note -- min layer time used
;TYPE:WALL-INNER
;MESH:xyzCalibration_cube.stl
G1 F1205.3 X119.1 Y119.1 E564.39784
G1 X119.1 Y111.356 E564.97736
G1 X118.06 Y111.356 E565.05519
G1 X117.78 Y111.312 E565.0764
G1 X117.6 Y111.23 E565.09121
G1 X117.39 Y111.058 E565.11152
G1 X117.216 Y110.77 E565.1367
G1 X117.161 Y110.558 E565.15309
G1 X117.163 Y108.691 E565.29281
G1 X117.277 Y108.332 E565.321
G1 X117.424 Y108.138 E565.33921
G1 X117.712 Y107.945 E565.36516
G1 X118.06 Y107.876 E565.3917
G1 X119.1 Y107.876 E565.46953
G1 X119.1 Y100.9 E565.99158
G1 X112.2 Y100.9 E566.50795
G1 X112.2 Y101.896 E566.58248
G1 X112.128 Y102.25 E566.60952
G1 X112.01 Y102.45 E566.6269
G1 X111.832 Y102.623 E566.64547
G1 X111.534 Y102.766 E566.67021
G1 X111.369 Y102.794 E566.68273
G1 X107.593 Y102.791 E566.96531
G1 X107.378 Y102.742 E566.98181
G1 X107.146 Y102.615 E567.00161
G1 X106.934 Y102.389 E567.02479
G1 X106.841 Y102.202 E567.04042
G1 X106.788 Y101.898 E567.06352
G1 X106.785 Y100.9 E567.1382
G1 X100.9 Y100.9 E567.57861
G1 X100.9 Y119.1 E568.94061
G1 X110 Y119.1 E569.62161
G0 F9000 X110 Y119.7
;TYPE:WALL-OUTER
G1 F1205.3 X119.7 Y119.7 E570.34751
G1 X119.7 Y110.756 E571.01684
G1 X117.987 Y110.756 E571.14503
G1 X117.836 Y110.657 E571.15855
G1 X117.76 Y110.472 E571.17351
G1 X117.761 Y108.747 E571.30261
G1 X117.82 Y108.594 E571.31488
G1 X117.974 Y108.476 E571.3294
G1 X119.7 Y108.476 E571.45856
G1 X119.7 Y100.3 E572.07041
G1 X111.6 Y100.3 E572.67658
G1 X111.6 Y101.983 E572.80253
G1 X111.478 Y102.139 E572.81735
G1 X111.323 Y102.196 E572.82971
G1 X107.656 Y102.195 E573.10413
G1 X107.507 Y102.136 E573.11612
G1 X107.388 Y101.975 E573.1311
G1 X107.384 Y100.3 E573.25645
G1 X100.3 Y100.3 E573.78659
G1 X100.3 Y119.7 E575.23839
G1 X110 Y119.7 E575.96429
G0 F9000 X110 Y118.7
G0 X106.367 Y118.7
G0 X106.367 Y118.98
;TYPE:FILL
G1 F1205.3 X101.019 Y113.633 E576.53024
G0 F9000 X101.3 Y113.633
G0 X101.3 Y106.366
G0 X101.02 Y106.366
G1 F1205.3 X106.366 Y101.02 E577.09602
G0 F9000 X106.366 Y101.3
G0 X106.463 Y103.125
G0 X112.526 Y103.125
G0 X113.633 Y101.3
G0 X113.633 Y101.02
G1 F1205.3 X118.981 Y106.367 E577.66196
G0 F9000 X118.7 Y106.367
G0 X116.834 Y107.55
G0 X116.834 Y111.685
G0 X118.7 Y113.633
G0 X118.98 Y113.633
G1 F1205.3 X113.633 Y118.98 E578.22785
G0 F9000 X113.633 Y118.2
;MESH:NONMESH
G0 F300 X113.633 Y118.2 Z8.9
G0 F9000 X110 Y118.7
G0 X110 Y119.1
;TIME_ELAPSED:516.189001
;LAYER:29
;note -- min layer time used
;TYPE:WALL-INNER
;MESH:xyzCalibration_cube.stl
G1 F1202.8 X119.1 Y119.1 E578.90885
G1 X119.1 Y111.352 E579.48868
G1 X118.06 Y111.352 E579.56651
G1 X117.78 Y111.308 E579.58772
G1 X117.483 Y111.144 E579.61311
G1 X117.315 Y110.959 E579.63181
G1 X117.161 Y110.554 E579.66423
G1 X117.162 Y108.704 E579.80268
G1 X117.266 Y108.347 E579.83051
G1 X117.407 Y108.152 E579.84851
G1 X117.712 Y107.941 E579.87627
G1 X118.06 Y107.872 E579.90282
G1 X119.1 Y107.872 E579.98065
G1 X119.1 Y100.9 E580.5024
G1 X112.011 Y100.9 E581.03291
G1 X112.008 Y101.898 E581.10759
G1 X111.934 Y102.255 E581.13488
G1 X111.818 Y102.45 E581.15186
G1 X111.641 Y102.622 E581.17033
G1 X111.349 Y102.764 E581.19462
G1 X111.186 Y102.793 E581.20701
G1 X107.758 Y102.792 E581.46355
G1 X107.546 Y102.743 E581.47983
G1 X107.316 Y102.619 E581.49939
G1 X107.105 Y102.399 E581.5222
G1 X107.008 Y102.21 E581.5381
G1 X106.952 Y101.896 E581.56197
G1 X106.952 Y100.9 E581.6365
G1 X100.9 Y100.9 E582.0894
G1 X100.9 Y119.1 E583.45141
G1 X110 Y119.1 E584.13241
G0 F9000 X110 Y119.7
;TYPE:WALL-OUTER
G1 F1202.8 X119.7 Y119.7 E584.85831
G1 X119.7 Y110.752 E585.52794
G1 X117.991 Y110.752 E585.65583
G1 X117.867 Y110.683 E585.66645
G1 X117.76 Y110.531 E585.68036
G1 X117.763 Y108.723 E585.81566
G1 X117.816 Y108.597 E585.82589
G1 X117.973 Y108.472 E585.84091
G1 X119.7 Y108.472 E585.97015
G1 X119.7 Y100.3 E586.58171
G1 X111.412 Y100.3 E587.20194
G1 X111.408 Y101.981 E587.32774
G1 X111.318 Y102.112 E587.33963
G1 X111.172 Y102.196 E587.35224
G1 X107.82 Y102.195 E587.60309
G1 X107.673 Y102.137 E587.61491
G1 X107.552 Y101.977 E587.62992
G1 X107.552 Y100.3 E587.75542
G1 X100.3 Y100.3 E588.29813
G1 X100.3 Y119.7 E589.74993
G1 X110 Y119.7 E590.47584
G0 F9000 X110 Y118.7
G0 X113.333 Y118.7
G0 X113.333 Y118.98
;TYPE:FILL
G1 F1202.8 X118.98 Y113.333 E591.07348
G0 F9000 X118.7 Y113.333
G0 X116.834 Y111.683
G0 X116.834 Y107.546
G0 X118.7 Y106.666
G0 X118.98 Y106.666
G1 F1202.8 X113.333 Y101.019 E591.67112
G0 F9000 X113.333 Y101.3
G0 X112.335 Y103.125
G0 X106.629 Y103.125
G0 X106.585 Y101.27
G0 X106.666 Y101.02
G1 F1202.8 X101.02 Y106.666 E592.26865
G0 F9000 X101.3 Y106.666
G0 X101.3 Y113.333
G0 X101.019 Y113.333
G1 F1202.8 X106.666 Y118.98 E592.86629
G0 F9000 X106.666 Y118.2
;MESH:NONMESH
G0 F300 X106.666 Y118.2 Z9.2
G0 F9000 X110 Y118.7
G0 X110 Y119.1
;TIME_ELAPSED:528.022135
;LAYER:30
;note -- min layer time used
;TYPE:WALL-INNER
;MESH:xyzCalibration_cube.stl
G1 F1211.7 X119.1 Y119.1 E593.54729
G1 X119.1 Y111.351 E594.12719
G1 X118.058 Y111.348 E594.20517
G1 X117.779 Y111.304 E594.2263
G1 X117.599 Y111.222 E594.24111
G1 X117.39 Y111.05 E594.26136
G1 X117.216 Y110.762 E594.28654
G1 X117.161 Y110.551 E594.30286
G1 X117.162 Y108.701 E594.44131
G1 X117.26 Y108.355 E594.46822
G1 X117.39 Y108.165 E594.48545
G1 X117.712 Y107.937 E594.51497
G1 X118.06 Y107.868 E594.54152
G1 X119.1 Y107.868 E594.61935
G1 X119.1 Y100.9 E595.1408
G1 X111.82 Y100.9 E595.6856
G1 X111.82 Y101.896 E595.76014
G1 X111.781 Y102.161 E595.78019
G1 X111.621 Y102.462 E595.8057
G1 X111.458 Y102.619 E595.82263
G1 X111.179 Y102.759 E595.84599
G1 X110.955 Y102.796 E595.86298
G1 X107.927 Y102.792 E596.08958
G1 X107.717 Y102.744 E596.1057
G1 X107.489 Y102.624 E596.12499
G1 X107.279 Y102.409 E596.14748
G1 X107.179 Y102.218 E596.16361
G1 X107.12 Y101.896 E596.18811
G1 X107.12 Y100.9 E596.26265
G1 X100.9 Y100.9 E596.72812
G1 X100.9 Y119.1 E598.09012
G1 X110 Y119.1 E598.77112
G0 F9000 X110 Y119.7
;TYPE:WALL-OUTER
G1 F1211.7 X119.7 Y119.7 E599.49703
G1 X119.7 Y110.752 E600.16665
G1 X117.987 Y110.748 E600.29485
G1 X117.836 Y110.649 E600.30836
G1 X117.76 Y110.465 E600.32326
G1 X117.76 Y108.745 E600.45197
G1 X117.793 Y108.63 E600.46093
G1 X117.879 Y108.528 E600.47091
G1 X118.06 Y108.468 E600.48518
G1 X119.7 Y108.468 E600.60791
G1 X119.7 Y100.3 E601.21917
G1 X111.22 Y100.3 E601.85377
G1 X111.22 Y101.964 E601.9783
G1 X111.13 Y102.112 E601.99126
G1 X110.954 Y102.195 E602.00582
G1 X107.989 Y102.195 E602.22771
G1 X107.843 Y102.139 E602.23941
G1 X107.72 Y101.979 E602.25451
G1 X107.72 Y100.3 E602.38016
G1 X100.3 Y100.3 E602.93544
G1 X100.3 Y119.7 E604.38724
G1 X110 Y119.7 E605.11315
G0 F9000 X110 Y118.7
G0 X113.033 Y118.7
G0 X113.033 Y118.98
;TYPE:FILL
G1 F1211.7 X118.98 Y113.033 E605.74254
G0 F9000 X118.7 Y113.033
G0 X116.833 Y111.678
G0 X116.836 Y107.543
G0 X118.7 Y106.966
G0 X118.98 Y106.966
G1 F1211.7 X113.033 Y101.019 E606.37192
G0 F9000 X113.033 Y101.3
G0 X112.147 Y103.125
G0 X106.796 Y103.125
G0 X106.752 Y101.27
G0 X106.965 Y101.02
G1 F1211.7 X101.02 Y106.965 E607.0011
G0 F9000 X101.3 Y106.965
G0 X101.3 Y113.033
G0 X101.019 Y113.033
G1 F1211.7 X106.966 Y118.98 E607.63049
G0 F9000 X106.966 Y118.2
;MESH:NONMESH
G0 F300 X106.966 Y118.2 Z9.5
G0 F9000 X110 Y118.7
G0 X110 Y119.1
;TIME_ELAPSED:539.841259
;LAYER:31
;note -- min layer time used
;TYPE:WALL-INNER
;MESH:xyzCalibration_cube.stl
G1 F1219.7 X119.1 Y119.1 E608.31149
G1 X119.1 Y111.415 E608.8866
G1 X118.058 Y111.412 E608.96458
G1 X117.781 Y111.369 E608.98556
G1 X117.485 Y111.205 E609.01088
G1 X117.315 Y111.019 E609.02974
G1 X117.16 Y110.67 E609.05832
G1 X117.164 Y108.6 E609.21323
G1 X117.213 Y108.383 E609.22988
G1 X117.349 Y108.136 E609.25098
G1 X117.522 Y107.966 E609.26913
G1 X117.715 Y107.856 E609.28575
G1 X118.058 Y107.788 E609.31192
G1 X119.1 Y107.785 E609.3899
G1 X119.1 Y100.9 E609.90514
G1 X111.631 Y100.9 E610.46408
G1 X111.628 Y101.898 E610.53877
G1 X111.588 Y102.164 E610.5589
G1 X111.434 Y102.456 E610.58361
G1 X111.215 Y102.654 E610.6057
G1 X110.985 Y102.759 E610.62462
G1 X110.797 Y102.794 E610.63893
G1 X108.096 Y102.792 E610.84106
G1 X107.889 Y102.746 E610.85693
G1 X107.664 Y102.628 E610.87594
G1 X107.454 Y102.418 E610.89817
G1 X107.35 Y102.226 E610.91451
G1 X107.288 Y101.896 E610.93964
G1 X107.288 Y100.9 E611.01417
G1 X100.9 Y100.9 E611.49222
G1 X100.901 Y119.099 E612.85415
G1 X110 Y119.1 E613.53507
G0 F9000 X110 Y119.699
;TYPE:WALL-OUTER
G1 F1219.7 X119.7 Y119.7 E614.26098
G1 X119.7 Y110.816 E614.92581
G1 X117.992 Y110.812 E615.05363
G1 X117.811 Y110.681 E615.07035
G1 X117.76 Y110.567 E615.0797
G1 X117.761 Y108.658 E615.22256
G1 X117.823 Y108.504 E615.23498
G1 X117.973 Y108.388 E615.24917
G1 X119.7 Y108.384 E615.37842
G1 X119.7 Y100.3 E615.98338
G1 X111.032 Y100.3 E616.63206
G1 X111.028 Y101.962 E616.75643
G1 X110.891 Y102.149 E616.77378
G1 X110.751 Y102.196 E616.78483
G1 X108.157 Y102.195 E616.97895
G1 X108.013 Y102.14 E616.99049
G1 X107.888 Y101.98 E617.00569
G1 X107.888 Y100.3 E617.13141
G1 X100.3 Y100.3 E617.69926
G1 X100.301 Y119.699 E619.15099
G1 X110 Y119.699 E619.87682
G0 F9000 X110 Y118.7
G0 X112.733 Y118.7
G0 X112.733 Y118.98
;TYPE:FILL
G1 F1219.7 X118.98 Y112.733 E620.53796
G0 F9000 X118.7 Y112.733
G0 X116.833 Y111.742
G0 X116.836 Y107.462
G0 X118.7 Y107.266
G0 X118.98 Y107.266
G1 F1219.7 X112.734 Y101.02 E621.19899
G0 F9000 X112.734 Y101.3
G0 X111.957 Y103.125
G0 X106.962 Y103.125
G0 X106.919 Y101.27
G0 X107.168 Y101.118
G1 F1219.7 X101.021 Y107.265 E621.84955
G0 F9000 X101.3 Y107.265
G0 X101.3 Y112.734
G0 X101.02 Y112.734
G1 F1219.7 X107.265 Y118.978 E622.51042
G0 F9000 X107.265 Y118.2
;MESH:NONMESH
G0 F300 X107.265 Y118.2 Z9.8
G0 F9000 X110 Y118.7
G0 X110 Y119.1
;TIME_ELAPSED:551.650849
;LAYER:32
;note -- min layer time used
;TYPE:WALL-INNER
;MESH:xyzCalibration_cube.stl
G1 F1227.1 X119.1 Y119.1 E623.19142
G1 X119.1 Y111.587 E623.75366
G1 X118.058 Y111.584 E623.83164
G1 X117.787 Y111.542 E623.85216
G1 X117.492 Y111.383 E623.87724
G1 X117.315 Y111.19 E623.89684
G1 X117.211 Y110.986 E623.91397
G1 X117.16 Y110.709 E623.93505
G1 X117.168 Y108.421 E624.10627
G1 X117.26 Y108.101 E624.13119
G1 X117.418 Y107.88 E624.15152
G1 X117.726 Y107.673 E624.17929
G1 X118.062 Y107.608 E624.2049
G1 X119.1 Y107.605 E624.28258
G1 X119.1 Y100.9 E624.78435
G1 X111.44 Y100.9 E625.35759
G1 X111.44 Y101.896 E625.43213
G1 X111.4 Y102.163 E625.45233
G1 X111.324 Y102.339 E625.46668
G1 X111.162 Y102.547 E625.48641
G1 X110.835 Y102.747 E625.51509
G1 X110.628 Y102.796 E625.53101
G1 X108.261 Y102.792 E625.70815
G1 X108.056 Y102.747 E625.72386
G1 X107.833 Y102.632 E625.74263
G1 X107.624 Y102.427 E625.76454
G1 X107.517 Y102.234 E625.78105
G1 X107.452 Y101.896 E625.80681
G1 X107.452 Y100.9 E625.88135
G1 X100.9 Y100.9 E626.37167
G1 X100.9 Y119.1 E627.73367
G1 X110 Y119.1 E628.41467
G0 F9000 X110 Y119.7
;TYPE:WALL-OUTER
G1 F1227.1 X119.7 Y119.7 E629.14058
G1 X119.7 Y110.988 E629.79254
G1 X117.995 Y110.984 E629.92014
G1 X117.87 Y110.917 E629.93075
G1 X117.76 Y110.737 E629.94654
G1 X117.765 Y108.479 E630.11551
G1 X117.848 Y108.298 E630.13042
G1 X117.982 Y108.208 E630.1425
G1 X119.7 Y108.204 E630.27106
G1 X119.7 Y100.3 E630.86256
G1 X110.84 Y100.3 E631.5256
G1 X110.84 Y101.896 E631.64504
G1 X110.802 Y102.044 E631.65647
G1 X110.709 Y102.145 E631.66675
G1 X110.58 Y102.194 E631.67708
G1 X108.321 Y102.195 E631.84613
G1 X108.179 Y102.142 E631.85747
G1 X108.052 Y101.983 E631.8727
G1 X108.052 Y100.3 E631.99865
G1 X100.3 Y100.3 E632.57877
G1 X100.3 Y119.7 E634.03058
G1 X110 Y119.7 E634.75648
G0 F9000 X110 Y118.7
G0 X107.566 Y118.7
G0 X107.566 Y118.98
;TYPE:FILL
G1 F1227.1 X101.019 Y112.434 E635.44931
G0 F9000 X101.3 Y112.434
G0 X101.3 Y107.565
G0 X101.02 Y107.565
G1 F1227.1 X107.332 Y101.253 E636.11733
G0 F9000 X107.055 Y101.253
G0 X107.129 Y103.125
G0 X111.767 Y103.125
G0 X112.434 Y101.3
G0 X112.434 Y101.02
G1 F1227.1 X118.902 Y107.488 E636.80186
G0 F9000 X118.73 Y107.238
G0 X116.837 Y107.282
G0 X116.833 Y111.912
G0 X118.7 Y112.434
G0 X118.98 Y112.434
G1 F1227.1 X112.434 Y118.98 E637.49464
G0 F9000 X112.434 Y118.2
;MESH:NONMESH
G0 F300 X112.434 Y118.2 Z10.1
G0 F9000 X110 Y118.7
G0 X110 Y119.1
;TIME_ELAPSED:563.466100
;LAYER:33
;note -- min layer time used
;TYPE:WALL-INNER
;MESH:xyzCalibration_cube.stl
G1 F1230.7 X119.1 Y119.1 E638.17565
G1 X119.1 Y111.755 E638.72531
G1 X118.058 Y111.752 E638.80329
G1 X117.792 Y111.712 E638.82342
G1 X117.616 Y111.636 E638.83777
G1 X117.396 Y111.461 E638.8588
G1 X117.208 Y111.145 E638.88632
G1 X117.165 Y110.951 E638.90119
G1 X117.167 Y108.245 E639.1037
G1 X117.249 Y107.945 E639.12697
G1 X117.386 Y107.735 E639.14573
G1 X117.734 Y107.49 E639.17758
G1 X118.062 Y107.428 E639.20256
G1 X119.1 Y107.425 E639.28024
G1 X119.1 Y100.9 E639.76854
G1 X111.252 Y100.9 E640.35585
G1 X111.252 Y101.896 E640.43039
G1 X111.212 Y102.163 E640.45059
G1 X111.136 Y102.34 E640.46501
G1 X110.971 Y102.551 E640.48505
G1 X110.683 Y102.734 E640.51059
G1 X110.462 Y102.797 E640.52778
G1 X108.43 Y102.792 E640.67985
G1 X108.227 Y102.748 E640.69539
G1 X108.007 Y102.636 E640.71387
G1 X107.799 Y102.436 E640.73546
G1 X107.689 Y102.242 E640.75215
G1 X107.62 Y101.896 E640.77855
G1 X107.62 Y100.9 E640.85309
G1 X100.9 Y100.9 E641.35598
G1 X100.9 Y119.1 E642.71799
G1 X110 Y119.1 E643.39899
G0 F9000 X110 Y119.7
;TYPE:WALL-OUTER
G1 F1230.7 X119.7 Y119.7 E644.12489
G1 X119.7 Y111.156 E644.76428
G1 X118.059 Y111.152 E644.88709
G1 X117.912 Y111.114 E644.89845
G1 X117.79 Y110.985 E644.91174
G1 X117.761 Y110.885 E644.91953
G1 X117.769 Y108.269 E645.1153
G1 X117.838 Y108.13 E645.12691
G1 X117.982 Y108.028 E645.14012
G1 X119.7 Y108.024 E645.26869
G1 X119.7 Y100.3 E645.84671
G1 X110.652 Y100.3 E646.52382
G1 X110.652 Y101.896 E646.64326
G1 X110.559 Y102.115 E646.66107
G1 X110.407 Y102.192 E646.67382
G1 X108.49 Y102.195 E646.81728
G1 X108.349 Y102.143 E646.82852
G1 X108.22 Y101.984 E646.84385
G1 X108.22 Y100.3 E646.96987
G1 X100.3 Y100.3 E647.56256
G1 X100.3 Y119.7 E649.01437
G1 X110 Y119.7 E649.74027
G0 F9000 X110 Y118.7
G0 X107.866 Y118.7
G0 X107.866 Y118.98
;TYPE:FILL
G1 F1230.7 X101.019 Y112.134 E650.46486
G0 F9000 X101.3 Y112.134
G0 X101.3 Y107.865
G0 X101.02 Y107.865
G1 F1230.7 X107.5 Y101.385 E651.15066
G0 F9000 X107.222 Y101.385
G0 X107.295 Y103.125
G0 X111.578 Y103.125
G0 X112.134 Y101.3
G0 X112.134 Y101.02
G1 F1230.7 X118.423 Y107.308 E651.81619
G0 F9000 X118.423 Y107.029
G0 X116.836 Y107.103
G0 X116.835 Y112.082
G0 X118.7 Y112.134
G0 X118.98 Y112.134
G1 F1230.7 X112.134 Y118.98 E652.54072
G0 F9000 X112.134 Y118.2
;MESH:NONMESH
G0 F300 X112.134 Y118.2 Z10.4
G0 F9000 X110 Y118.7
G0 X110 Y119.1
;TIME_ELAPSED:575.261746
;LAYER:34
;note -- min layer time used
;TYPE:WALL-INNER
;MESH:xyzCalibration_cube.stl
G1 F1231.2 X119.1 Y119.1 E653.22172
G1 X119.1 Y111.927 E653.75852
G1 X118.058 Y111.924 E653.83649
G1 X117.798 Y111.886 E653.85616
G1 X117.624 Y111.812 E653.87031
G1 X117.399 Y111.636 E653.89169
G1 X117.25 Y111.419 E653.91138
G1 X117.16 Y111.154 E653.93233
G1 X117.167 Y108.065 E654.1635
G1 X117.248 Y107.767 E654.18661
G1 X117.383 Y107.559 E654.20516
G1 X117.554 Y107.406 E654.22233
G1 X117.743 Y107.306 E654.23834
G1 X118.064 Y107.248 E654.26275
G1 X119.1 Y107.248 E654.34028
G1 X119.1 Y100.9 E654.81533
G1 X111.352 Y100.9 E655.39515
G1 X111.352 Y101.896 E655.46969
G1 X111.278 Y102.255 E655.49712
G1 X111.162 Y102.45 E655.5141
G1 X110.984 Y102.622 E655.53262
G1 X110.795 Y102.729 E655.54888
G1 X110.537 Y102.792 E655.56875
G1 X108.389 Y102.792 E655.7295
G1 X108.186 Y102.747 E655.74506
G1 X107.965 Y102.635 E655.7636
G1 X107.757 Y102.434 E655.78525
G1 X107.648 Y102.24 E655.8019
G1 X107.58 Y101.896 E655.82814
G1 X107.58 Y100.9 E655.90268
G1 X100.9 Y100.9 E656.40258
G1 X100.9 Y119.1 E657.76458
G1 X110 Y119.1 E658.44558
G0 F9000 X110 Y119.7
;TYPE:WALL-OUTER
G1 F1231.2 X119.7 Y119.7 E659.17148
G1 X119.7 Y111.328 E659.798
G1 X118.059 Y111.324 E659.92081
G1 X117.914 Y111.287 E659.93201
G1 X117.761 Y111.096 E659.95032
G1 X117.765 Y108.12 E660.17303
G1 X117.816 Y107.978 E660.18432
G1 X117.981 Y107.848 E660.20004
G1 X119.7 Y107.848 E660.32868
G1 X119.7 Y100.3 E660.89354
G1 X110.752 Y100.3 E661.56317
G1 X110.752 Y101.896 E661.6826
G1 X110.689 Y102.081 E661.69723
G1 X110.539 Y102.195 E661.71133
G1 X108.449 Y102.195 E661.86774
G1 X108.308 Y102.143 E661.87898
G1 X108.18 Y101.984 E661.89426
G1 X108.18 Y100.3 E662.02028
G1 X100.3 Y100.3 E662.60998
G1 X100.3 Y119.7 E664.06179
G1 X110 Y119.7 E664.78769
G0 F9000 X110 Y118.7
G0 X111.834 Y118.7
G0 X111.834 Y118.98
;TYPE:FILL
G1 F1231.2 X118.77 Y112.044 E665.52175
G0 F9000 X118.769 Y112.327
G0 X116.834 Y112.252
G0 X116.838 Y106.923
G0 X117.963 Y106.85
G0 X117.963 Y107.149
G1 F1231.2 X111.835 Y101.02 E666.17035
G0 F9000 X111.835 Y101.3
G0 X111.683 Y103.124
G0 X107.254 Y103.127
G0 X107.182 Y101.725
G0 X107.46 Y101.725
G1 F1231.2 X101.02 Y108.165 E666.85191
G0 F9000 X101.3 Y108.165
G0 X101.3 Y111.834
G0 X101.019 Y111.834
G1 F1231.2 X108.165 Y118.98 E667.60819
G0 F9000 X108.165 Y118.2
;MESH:NONMESH
G0 F300 X108.165 Y118.2 Z10.7
G0 F9000 X110 Y118.7
G0 X110 Y119.1
;TIME_ELAPSED:587.039820
;LAYER:35
;note -- min layer time used
;TYPE:WALL-INNER
;MESH:xyzCalibration_cube.stl
G1 F1228.4 X119.1 Y119.1 E668.2892
G1 X119.1 Y112.095 E668.81342
G1 X118.058 Y112.092 E668.8914
G1 X117.709 Y112.022 E668.91803
G1 X117.516 Y111.91 E668.93473
G1 X117.318 Y111.702 E668.95622
G1 X117.207 Y111.482 E668.97466
G1 X117.164 Y111.281 E668.99005
G1 X117.167 Y107.884 E669.24426
G1 X117.25 Y107.582 E669.2677
G1 X117.388 Y107.373 E669.28644
G1 X117.564 Y107.219 E669.30394
G1 X117.752 Y107.123 E669.31974
G1 X118.064 Y107.068 E669.34345
G1 X119.1 Y107.068 E669.42098
G1 X119.1 Y100.9 E669.88256
G1 X111.542 Y100.9 E670.44817
G1 X111.544 Y101.894 E670.52255
G1 X111.474 Y102.246 E670.54941
G1 X111.361 Y102.441 E670.56628
G1 X111.184 Y102.617 E670.58496
G1 X110.992 Y102.727 E670.60152
G1 X110.731 Y102.792 E670.62165
G1 X108.22 Y102.792 E670.80956
G1 X108.015 Y102.746 E670.82528
G1 X107.792 Y102.631 E670.84406
G1 X107.583 Y102.425 E670.86602
G1 X107.477 Y102.232 E670.8825
G1 X107.412 Y101.896 E670.90811
G1 X107.412 Y100.9 E670.98264
G1 X100.9 Y100.9 E671.46997
G1 X100.9 Y119.1 E672.83197
G1 X110 Y119.1 E673.51297
G0 F9000 X110 Y119.7
;TYPE:WALL-OUTER
G1 F1228.4 X119.7 Y119.7 E674.23888
G1 X119.7 Y111.496 E674.85283
G1 X117.971 Y111.492 E674.98222
G1 X117.812 Y111.362 E674.99759
G1 X117.761 Y111.222 E675.00874
G1 X117.765 Y107.94 E675.25435
G1 X117.838 Y107.769 E675.26826
G1 X117.986 Y107.668 E675.28167
G1 X119.7 Y107.668 E675.40994
G1 X119.7 Y100.3 E675.96132
G1 X110.941 Y100.3 E676.61681
G1 X110.944 Y101.983 E676.74275
G1 X110.824 Y102.137 E676.75736
G1 X110.673 Y102.195 E676.76947
G1 X108.281 Y102.195 E676.94847
G1 X108.138 Y102.141 E676.95991
G1 X108.012 Y101.981 E676.97515
G1 X108.012 Y100.3 E677.10095
G1 X100.3 Y100.3 E677.67808
G1 X100.3 Y119.7 E679.12989
G1 X110 Y119.7 E679.85579
G0 F9000 X110 Y118.7
G0 X108.467 Y118.7
G0 X108.467 Y118.98
;TYPE:FILL
G1 F1228.4 X101.019 Y111.533 E680.64398
G0 F9000 X101.3 Y111.533
G0 X101.3 Y108.466
G0 X101.02 Y108.466
G1 F1228.4 X107.343 Y102.143 E681.31316
G0 F9000 X107.013 Y102.142
G0 X107.084 Y103.127
G0 X111.875 Y103.124
G0 X111.915 Y101.27
G0 X111.663 Y101.15
G1 F1228.4 X117.588 Y107.074 E681.94017
G0 F9000 X117.588 Y106.671
G0 X116.838 Y106.744
G0 X116.834 Y112.422
G0 X118.299 Y112.496
G0 X118.3 Y112.213
G1 F1228.4 X111.533 Y118.98 E682.65635
G0 F9000 X111.533 Y118.2
;MESH:NONMESH
G0 F300 X111.533 Y118.2 Z11
G0 F9000 X110 Y118.7
G0 X110 Y119.1
;TIME_ELAPSED:598.779740
;LAYER:36
;note -- min layer time used
;TYPE:WALL-INNER
;MESH:xyzCalibration_cube.stl
G1 F1223.2 X119.1 Y119.1 E683.33735
G1 X119.1 Y112.267 E683.8487
G1 X118.062 Y112.264 E683.92638
G1 X117.72 Y112.197 E683.95246
G1 X117.414 Y111.988 E683.98019
G1 X117.259 Y111.768 E684.00033
G1 X117.168 Y111.455 E684.02472
G1 X117.167 Y107.704 E684.30543
G1 X117.209 Y107.506 E684.32057
G1 X117.394 Y107.186 E684.34824
G1 X117.575 Y107.032 E684.36602
G1 X117.761 Y106.94 E684.38155
G1 X118.064 Y106.888 E684.40456
G1 X119.1 Y106.888 E684.48209
G1 X119.1 Y100.9 E684.9302
G1 X111.736 Y100.9 E685.48129
G1 X111.736 Y101.896 E685.55582
G1 X111.669 Y102.238 E685.5819
G1 X111.561 Y102.431 E685.59845
G1 X111.383 Y102.612 E685.61745
G1 X111.099 Y102.758 E685.64135
G1 X110.924 Y102.792 E685.65469
G1 X108.051 Y102.792 E685.86969
G1 X107.844 Y102.745 E685.88558
G1 X107.618 Y102.627 E685.90466
G1 X107.409 Y102.416 E685.92688
G1 X107.305 Y102.224 E685.94322
G1 X107.244 Y101.896 E685.96819
G1 X107.244 Y100.9 E686.04272
G1 X100.9 Y100.9 E686.51748
G1 X100.9 Y119.1 E687.87948
G1 X110 Y119.1 E688.56048
G0 F9000 X110 Y119.7
;TYPE:WALL-OUTER
G1 F1223.2 X119.7 Y119.7 E689.28639
G1 X119.7 Y111.668 E689.88746
G1 X118.063 Y111.664 E690.00997
G1 X117.885 Y111.605 E690.024
G1 X117.765 Y111.395 E690.0421
G1 X117.769 Y107.728 E690.31652
G1 X117.84 Y107.587 E690.32834
G1 X117.988 Y107.488 E690.34166
G1 X119.7 Y107.488 E690.46978
G1 X119.7 Y100.3 E691.0077
G1 X111.136 Y100.3 E691.64859
G1 X111.136 Y101.981 E691.77438
G1 X111.019 Y102.135 E691.78886
G1 X110.866 Y102.195 E691.80116
G1 X108.079 Y102.19 E692.00972
G1 X107.932 Y102.109 E692.02228
G1 X107.844 Y101.976 E692.03422
G1 X107.844 Y100.3 E692.15964
G1 X100.3 Y100.3 E692.7242
G1 X100.3 Y119.7 E694.176
G1 X110 Y119.7 E694.90191
G0 F9000 X110 Y118.7
G0 X111.233 Y118.7
G0 X111.233 Y118.98
;TYPE:FILL
G1 F1223.2 X117.87 Y112.342 E695.60437
G0 F9000 X117.869 Y112.666
G0 X116.835 Y112.592
G0 X116.766 Y107.1
G0 X117.313 Y107.1
G1 F1223.2 X111.856 Y101.642 E696.18196
G0 F9000 X112.138 Y101.642
G0 X112.066 Y103.125
G0 X106.915 Y103.126
G0 X106.844 Y102.476
G0 X107.308 Y102.477
G1 F1223.2 X101.02 Y108.766 E696.84749
G0 F9000 X101.3 Y108.766
G0 X101.3 Y111.233
G0 X101.019 Y111.233
G1 F1223.2 X108.766 Y118.98 E697.66738
G0 F9000 X108.766 Y118.2
;MESH:NONMESH
G0 F300 X108.766 Y118.2 Z11.3
G0 F9000 X110 Y118.7
G0 X110 Y119.1
;TIME_ELAPSED:610.424781
;LAYER:37
;note -- min layer time used
;TYPE:WALL-INNER
;MESH:xyzCalibration_cube.stl
G1 F1259.8 X119.1 Y119.1 E698.34838
G1 X119.1 Y112.435 E698.84716
G1 X118.062 Y112.432 E698.92484
G1 X117.728 Y112.368 E698.95029
G1 X117.536 Y112.262 E698.9667
G1 X117.329 Y112.053 E698.98871
G1 X117.214 Y111.829 E699.00756
G1 X117.168 Y111.624 E699.02328
G1 X117.166 Y109.8 E699.15978
G1 X117.214 Y109.578 E699.17678
G1 X117.164 Y109.322 E699.19629
G1 X117.167 Y107.523 E699.33092
G1 X117.21 Y107.322 E699.34631
G1 X117.319 Y107.101 E699.36475
G1 X117.587 Y106.844 E699.39253
G1 X117.771 Y106.756 E699.4078
G1 X118.064 Y106.708 E699.43002
G1 X119.1 Y106.708 E699.50755
G1 X119.1 Y100.9 E699.94219
G1 X111.928 Y100.9 E700.47891
G1 X111.928 Y101.896 E700.55344
G1 X111.865 Y102.229 E700.57881
G1 X111.76 Y102.421 E700.59518
G1 X111.582 Y102.606 E700.6144
G1 X111.386 Y102.723 E700.63148
G1 X111.117 Y102.792 E700.65226
G1 X107.882 Y102.792 E700.89435
G1 X107.672 Y102.744 E700.91047
G1 X107.444 Y102.623 E700.92979
G1 X107.234 Y102.406 E700.95239
G1 X107.134 Y102.216 E700.96846
G1 X107.076 Y101.896 E700.99279
G1 X107.076 Y100.9 E701.06733
G1 X100.9 Y100.9 E701.52951
G1 X100.9 Y119.1 E702.89151
G1 X110 Y119.1 E703.57252
G0 F9000 X110 Y119.7
;TYPE:WALL-OUTER
G1 F1259.8 X119.7 Y119.7 E704.29842
G1 X119.7 Y111.836 E704.88692
G1 X117.978 Y111.832 E705.01579
G1 X117.819 Y111.706 E705.03097
G1 X117.765 Y111.563 E705.04241
G1 X117.764 Y109.775 E705.17622
G1 F1279 X118.039 Y109.578 E705.20115
G1 X117.764 Y109.381 E705.22609
G1 F1259.8 X117.765 Y107.579 E705.36094
G1 X117.815 Y107.439 E705.37207
G1 X117.905 Y107.353 E705.38138
G1 X118.064 Y107.308 E705.39375
G1 X119.7 Y107.308 E705.51618
G1 X119.7 Y100.3 E706.04062
G1 X111.328 Y100.3 E706.66715
G1 X111.328 Y101.979 E706.79279
G1 X111.213 Y102.133 E706.80718
G1 X111.058 Y102.195 E706.81967
G1 X107.944 Y102.195 E707.05271
G1 X107.798 Y102.139 E707.06441
G1 X107.676 Y101.978 E707.07953
G1 X107.676 Y100.3 E707.2051
G1 X100.3 Y100.3 E707.75709
G1 X100.3 Y119.7 E709.20889
G1 X110 Y119.7 E709.93479
G1 F3600 E705.93479
G0 F9000 X110 Y118.7
G0 X116.766 Y109.577
G0 X118.039 Y109.578
G1 F3600 E709.93479
G1 F1301 X119.71 Y109.578 E710.05588
G1 F3600 E706.05588
G0 F9000 X117.453 Y109.252
G0 X116.765 Y107.217
G0 X117.131 Y107.217
;TYPE:FILL
G1 F3600 E710.05588
G1 F1259.8 X112.006 Y102.093 E710.59822
G0 F9000 X112.33 Y102.093
G0 X112.258 Y103.126
G0 X107.371 Y103.199
G0 X107.371 Y102.714
G1 F1259.8 X101.02 Y109.066 E711.27042
G0 F9000 X101.3 Y109.066
G0 X101.3 Y110.933
G0 X101.019 Y110.933
G1 F1259.8 X109.066 Y118.98 E712.12206
G0 F9000 X109.066 Y118.7
G0 X110.933 Y118.7
G0 X110.933 Y118.98
G1 F1259.8 X117.524 Y112.389 E712.81961
G0 F9000 X117.522 Y113.335
;MESH:NONMESH
G0 F300 X117.522 Y113.335 Z11.6
G0 F9000 X110 Y118.7
G0 X110 Y119.1
;TIME_ELAPSED:622.973365
;LAYER:38
;note -- min layer time used
;TYPE:WALL-INNER
;MESH:xyzCalibration_cube.stl
G1 F1266.7 X119.1 Y119.1 E713.50061
G1 X119.1 Y112.607 E713.98651
G1 X118.062 Y112.604 E714.06419
G1 X117.736 Y112.543 E714.08901
G1 X117.427 Y112.341 E714.11664
G1 X117.263 Y112.117 E714.13742
G1 X117.168 Y111.797 E714.1624
G1 X117.168 Y109.942 E714.30122
G1 X117.291 Y109.572 E714.3304
G1 X117.165 Y109.166 E714.36221
G1 X117.168 Y107.346 E714.49841
G1 X117.211 Y107.142 E714.51401
G1 X117.324 Y106.918 E714.53279
G1 X117.599 Y106.661 E714.56095
G1 X117.78 Y106.577 E714.57589
G1 X118.062 Y106.532 E714.59726
G1 X119.1 Y106.529 E714.67494
G1 X119.1 Y100.9 E715.09618
G1 X112.12 Y100.9 E715.61853
G1 X112.12 Y101.896 E715.69307
G1 X112.061 Y102.219 E715.71764
G1 X111.96 Y102.41 E715.73381
G1 X111.782 Y102.6 E715.75329
G1 X111.584 Y102.72 E715.77062
G1 X111.311 Y102.792 E715.79175
G1 X107.709 Y102.792 E716.06131
G1 X107.497 Y102.743 E716.07759
G1 X107.266 Y102.618 E716.09725
G1 X107.055 Y102.396 E716.12017
G1 X106.959 Y102.207 E716.13603
G1 X106.904 Y101.894 E716.15981
G1 X106.906 Y100.9 E716.2342
G1 X100.9 Y100.9 E716.68366
G1 X100.9 Y119.1 E718.04566
G1 X110 Y119.1 E718.72666
G0 F9000 X110 Y119.7
;TYPE:WALL-OUTER
G1 F1266.7 X119.7 Y119.7 E719.45257
G1 X119.7 Y112.008 E720.0282
G1 X117.984 Y112.004 E720.15662
G1 X117.851 Y111.917 E720.16851
G1 X117.765 Y111.735 E720.18357
G1 X117.764 Y110.009 E720.31274
G1 X117.806 Y109.877 E720.32311
G1 F997.4 X118.024 Y109.572 E720.35874
G1 X117.806 Y109.267 E720.39437
G1 F1266.7 X117.764 Y109.13 E720.40509
G1 X117.765 Y107.403 E720.53433
G1 X117.817 Y107.26 E720.54572
G1 X117.909 Y107.175 E720.55509
G1 X118.063 Y107.132 E720.56706
G1 X119.7 Y107.128 E720.68956
G1 X119.7 Y100.3 E721.20054
G1 X111.52 Y100.3 E721.81269
G1 X111.52 Y101.978 E721.93826
G1 X111.408 Y102.131 E721.95245
G1 X111.251 Y102.195 E721.96514
G1 X107.772 Y102.195 E722.22549
G1 X107.624 Y102.137 E722.23739
G1 X107.504 Y101.976 E722.25242
G1 X107.507 Y100.3 E722.37784
G1 X100.3 Y100.3 E722.91718
G1 X100.3 Y119.7 E724.36898
G1 X110 Y119.7 E725.09489
G1 F3600 E721.09489
G0 F9000 X110 Y118.7
G0 X116.767 Y109.571
G0 X118.024 Y109.572
G1 F3600 E725.09489
G1 F822.5 X119.538 Y109.574 E725.26937
G1 F3600 E721.26937
G0 F9000 X117.452 Y109.419
G0 X116.767 Y107.435
G0 X117.049 Y107.435
;TYPE:FILL
G1 F3600 E725.26937
G1 F1266.7 X112.068 Y102.454 E725.79652
G0 F9000 X112.522 Y102.454
G0 X112.45 Y103.125
G0 X107.517 Y103.199
G0 X107.517 Y102.868
G1 F1266.7 X101.02 Y109.365 E726.48412
G0 F9000 X101.3 Y109.365
G0 X101.3 Y110.633
G0 X101.019 Y110.633
G1 F1266.7 X109.366 Y118.98 E727.36751
G0 F9000 X109.366 Y118.7
G0 X110.633 Y118.7
G0 X110.633 Y118.98
G1 F1266.7 X117.276 Y112.337 E728.07056
G0 F9000 X116.265 Y112.336
;MESH:NONMESH
G0 F300 X116.265 Y112.336 Z11.9
G0 F9000 X110 Y118.7
G0 X110 Y119.1
;TIME_ELAPSED:635.420462
;LAYER:39
;note -- min layer time used
;TYPE:WALL-INNER
;MESH:xyzCalibration_cube.stl
G1 F1253.9 X119.1 Y119.1 E728.75156
G1 X119.1 Y112.775 E729.22489
G1 X118.062 Y112.772 E729.30257
G1 X117.744 Y112.714 E729.32676
G1 X117.555 Y112.615 E729.34273
G1 X117.338 Y112.405 E729.36533
G1 X117.216 Y112.176 E729.38475
G1 X117.168 Y111.966 E729.40087
G1 X117.164 Y110.113 E729.53954
G1 X117.233 Y109.852 E729.55974
G1 X117.371 Y109.623 E729.57975
G1 X117.496 Y109.565 E729.59006
G1 X117.372 Y109.508 E729.60027
G1 X117.235 Y109.278 E729.62031
G1 X117.17 Y109.008 E729.64109
G1 X117.168 Y107.166 E729.77894
G1 X117.212 Y106.959 E729.79478
G1 X117.36 Y106.671 E729.81901
G1 X117.612 Y106.473 E729.84299
G1 X117.789 Y106.394 E729.8575
G1 X118.062 Y106.352 E729.87817
G1 X119.1 Y106.349 E729.95585
G1 X119.1 Y100.9 E730.36362
G1 X112.31 Y100.9 E730.87175
G1 X112.312 Y101.894 E730.94614
G1 X112.256 Y102.209 E730.97008
G1 X112.062 Y102.52 E730.99751
G1 X111.88 Y102.665 E731.01493
G1 X111.504 Y102.792 E731.04463
G1 X107.54 Y102.791 E731.34128
G1 X107.325 Y102.741 E731.35779
G1 X107.092 Y102.613 E731.37769
G1 X106.88 Y102.385 E731.40099
G1 X106.788 Y102.199 E731.41652
G1 X106.736 Y101.896 E731.43952
G1 X106.736 Y100.9 E731.51406
G1 X100.9 Y100.9 E731.9508
G1 X100.9 Y119.1 E733.3128
G1 X110 Y119.1 E733.9938
G0 F9000 X110 Y119.7
;TYPE:WALL-OUTER
G1 F1253.9 X119.7 Y119.7 E734.7197
G1 X119.7 Y112.176 E735.28277
G1 X117.987 Y112.172 E735.41096
G1 X117.853 Y112.087 E735.42283
G1 X117.765 Y111.904 E735.43803
G1 X117.766 Y110.157 E735.56877
G1 X117.833 Y110.007 E735.58106
G1 F1221.4 X118.067 Y109.884 E735.60137
G1 F1190.5 X119.684 Y109.887 E735.72883
G1 F1188.6 X119.684 Y109.252 E735.77897
G1 F1190.5 X118.068 Y109.252 E735.90635
G1 F1221.4 X117.836 Y109.127 E735.9266
G1 F1253.9 X117.768 Y108.96 E735.94009
G1 X117.765 Y107.223 E736.07008
G1 X117.814 Y107.084 E736.08111
G1 X117.913 Y106.992 E736.09123
G1 X118.063 Y106.952 E736.10284
G1 X119.7 Y106.948 E736.22535
G1 X119.7 Y100.3 E736.72285
G1 X111.709 Y100.3 E737.32086
G1 X111.712 Y101.976 E737.44629
G1 X111.602 Y102.129 E737.46039
G1 X111.443 Y102.195 E737.47327
G1 X107.604 Y102.195 E737.76057
G1 X107.454 Y102.135 E737.77266
G1 X107.336 Y101.974 E737.78759
G1 X107.336 Y100.3 E737.91287
G1 X100.3 Y100.3 E738.43941
G1 X100.3 Y119.7 E739.89121
G1 X110 Y119.7 E740.61712
G0 F9000 X110.333 Y118.98
;TYPE:FILL
G1 F1253.9 X117.103 Y112.21 E741.33361
G0 F9000 X116.765 Y112.209
G0 X116.767 Y107.735
G0 X117.05 Y107.735
G1 F1253.9 X112.022 Y102.708 E741.86568
G0 F9000 X112.022 Y103.198
G0 X107.775 Y103.199
G0 X107.775 Y102.91
G1 F1253.9 X101.02 Y109.665 E742.58059
G0 F9000 X101.019 Y110.333
G1 F1253.9 X109.666 Y118.98 E743.49572
G0 F9000 X109.666 Y118.2
;MESH:NONMESH
G0 F300 X109.666 Y118.2 Z12.2
G0 F9000 X110 Y119.1
;TIME_ELAPSED:646.634530
;LAYER:40
;note -- min layer time used
;TYPE:WALL-INNER
;MESH:xyzCalibration_cube.stl
G1 F1298 X119.1 Y119.1 E744.17673
G1 X119.1 Y112.947 E744.63719
G1 X118.062 Y112.944 E744.71487
G1 X117.752 Y112.889 E744.73843
G1 X117.565 Y112.794 E744.75412
G1 X117.342 Y112.583 E744.7771
G1 X117.217 Y112.351 E744.79682
G1 X117.168 Y112.139 E744.8131
G1 X117.165 Y110.325 E744.94885
G1 X117.228 Y109.999 E744.9737
G1 X117.445 Y109.713 E745.00057
G1 X117.826 Y109.563 E745.03121
G1 X117.446 Y109.412 E745.06181
G1 X117.27 Y109.179 E745.08366
G1 X117.172 Y108.853 E745.10914
G1 X117.172 Y106.983 E745.24908
G1 X117.219 Y106.773 E745.26518
G1 X117.37 Y106.483 E745.28965
G1 X117.628 Y106.286 E745.31394
G1 X117.803 Y106.211 E745.32819
G1 X118.066 Y106.172 E745.34809
G1 X119.1 Y106.169 E745.42547
G1 X119.1 Y100.9 E745.81978
G1 X112.502 Y100.9 E746.31354
G1 X112.504 Y101.894 E746.38793
G1 X112.452 Y102.2 E746.41115
G1 X112.278 Y102.494 E746.43672
G1 X112.036 Y102.699 E746.46046
G1 X111.699 Y102.792 E746.48662
G1 X109.893 Y102.792 E746.62177
G1 X109.556 Y102.684 E746.64825
G1 X109.174 Y102.795 E746.67802
G1 X107.371 Y102.791 E746.81295
G1 X107.153 Y102.74 E746.82971
G1 X106.917 Y102.608 E746.84994
G1 X106.705 Y102.374 E746.87357
G1 X106.617 Y102.19 E746.88883
G1 X106.568 Y101.896 E746.91114
G1 X106.568 Y100.9 E746.98568
G1 X100.9 Y100.9 E747.40984
G1 X100.9 Y119.1 E748.77184
G1 X110 Y119.1 E749.45285
G0 F9000 X110 Y119.7
;TYPE:WALL-OUTER
G1 F1298 X119.7 Y119.7 E750.17875
G1 X119.7 Y112.348 E750.72894
G1 X117.984 Y112.344 E750.85736
G1 X117.823 Y112.224 E750.87238
G1 X117.765 Y112.076 E750.88428
G1 X117.77 Y110.305 E751.01681
G1 X117.857 Y110.149 E751.03018
G1 F1109.4 X118.068 Y109.966 E751.05463
G1 F968.6 X119.598 Y109.966 E751.20806
G1 X119.598 Y109.162 E751.28869
G1 X118.068 Y109.162 E751.44211
G1 F1034.2 X117.813 Y108.936 E751.47411
G1 F1196.3 X117.769 Y108.791 E751.48642
G1 F1298 X117.769 Y106.998 E751.6206
G1 X117.853 Y106.862 E751.63256
G1 X118 Y106.772 E751.64546
G1 X119.7 Y106.768 E751.77268
G1 X119.7 Y100.3 E752.25671
G1 X111.901 Y100.3 E752.84035
G1 X111.904 Y101.969 E752.96526
G1 X111.764 Y102.151 E752.98244
G1 X111.636 Y102.195 E752.99257
G1 X109.961 Y102.196 E753.11792
G1 X109.828 Y102.153 E753.12838
G1 F1066.8 X109.556 Y101.933 E753.16023
G1 X109.284 Y102.153 E753.19208
G1 F1298 X109.144 Y102.196 E753.20304
G1 X107.435 Y102.195 E753.33094
G1 X107.284 Y102.134 E753.34312
G1 X107.213 Y102.056 E753.35102
G1 X107.168 Y101.896 E753.36345
G1 X107.168 Y100.3 E753.48289
G1 X100.3 Y100.3 E753.99686
G1 X100.3 Y119.7 E755.44866
G1 X110 Y119.7 E756.17457
G1 F3600 E752.17457
G0 F9000 X110 Y118.7
G0 X109.556 Y103.2
G0 X109.556 Y101.933
G1 F3600 E756.17457
G1 F909.8 X109.558 Y100.426 E756.33546
G1 F3600 E752.33546
G0 F9000 X109.558 Y102.519
G0 X108.073 Y103.199
G0 X108.073 Y102.912
;TYPE:FILL
G1 F3600 E756.33546
G1 F1298 X101.02 Y109.965 E757.0819
G1 X101.019 Y110.034
G1 X109.966 Y118.98 E758.02874
G1 X110.034 Y118.98
G1 X117.05 Y111.964 E758.77126
G0 F9000 X116.766 Y111.963
G0 X116.768 Y108.037
G0 X117.051 Y108.037
G1 F1298 X111.886 Y102.872 E759.31789
G0 F9000 X111.886 Y103.698
;MESH:NONMESH
G0 F300 X111.886 Y103.698 Z12.5
G0 F9000 X117.44 Y109.391
G0 X118.07 Y109.56
;TIME_ELAPSED:658.826247
;LAYER:41
;note -- min layer time used
;TYPE:WALL-INNER
;MESH:xyzCalibration_cube.stl
G1 F1056.7 X119.026 Y109.56 E759.40684
G0 F9000 X117.439 Y109.905
G0 X110 Y118.7
G0 X110 Y119.1
G1 F1313.8 X119.1 Y119.1 E760.08784
G1 X119.1 Y113.119 E760.53543
G1 X118.062 Y113.116 E760.61311
G1 X117.761 Y113.064 E760.63597
G1 X117.575 Y112.973 E760.65147
G1 X117.347 Y112.761 E760.67477
G1 X117.219 Y112.527 E760.69473
G1 X117.169 Y112.312 E760.71125
G1 X117.167 Y110.364 E760.85703
G1 X117.306 Y110.044 E760.88313
G1 X117.511 Y109.821 E760.9058
G1 F1173 X118.07 Y109.56 E760.95751
G1 X117.512 Y109.297 E761.00922
G1 F1313.8 X117.263 Y109.022 E761.03698
G1 X117.168 Y108.694 E761.06253
G1 X117.172 Y106.802 E761.20412
G1 X117.22 Y106.588 E761.22053
G1 X117.376 Y106.296 E761.24531
G1 X117.642 Y106.099 E761.27008
G1 X117.814 Y106.028 E761.284
G1 X118.068 Y105.992 E761.3032
G1 X119.1 Y105.992 E761.38043
G1 X119.1 Y100.9 E761.76149
G1 X112.694 Y100.9 E762.24089
G1 X112.696 Y101.894 E762.31528
G1 X112.648 Y102.189 E762.33764
G1 X112.56 Y102.374 E762.35297
G1 X112.384 Y102.578 E762.37314
G1 X112.18 Y102.711 E762.39136
G1 X111.894 Y102.791 E762.41359
G1 X110.096 Y102.8 E762.54814
G1 X109.82 Y102.727 E762.56951
G1 X109.568 Y102.571 E762.59168
G1 X109.316 Y102.727 E762.61386
G1 X109.07 Y102.794 E762.63294
G1 X107.202 Y102.795 E762.77274
G1 X106.981 Y102.742 E762.78974
G1 X106.742 Y102.607 E762.81029
G1 X106.529 Y102.366 E762.83436
G1 X106.445 Y102.184 E762.84936
G1 X106.4 Y101.9 E762.87088
G1 X106.4 Y100.9 E762.94571
G1 X100.9 Y100.9 E763.3573
G1 X100.9 Y119.1 E764.71931
G1 X110 Y119.1 E765.40031
G0 F9000 X110 Y119.7
;TYPE:WALL-OUTER
G1 F1313.8 X119.7 Y119.7 E766.12621
G1 X119.7 Y112.52 E766.66353
G1 X117.991 Y112.516 E766.79142
G1 X117.858 Y112.435 E766.80308
G1 X117.765 Y112.248 E766.81871
G1 X117.767 Y110.483 E766.95079
G1 X117.879 Y110.295 E766.96717
G1 X118.068 Y110.232 E766.98207
G1 X119.7 Y110.235 E767.10421
G1 X119.7 Y108.885 E767.20523
G1 X118.069 Y108.888 E767.32729
G1 X117.882 Y108.825 E767.34206
G1 X117.77 Y108.63 E767.35889
G1 X117.769 Y106.815 E767.49471
G1 X117.926 Y106.627 E767.51304
G1 X118.068 Y106.592 E767.52399
G1 X119.7 Y106.592 E767.64612
G1 X119.7 Y100.3 E768.11698
G1 X112.093 Y100.3 E768.68625
G1 X112.096 Y101.97 E768.81123
G1 X111.992 Y102.124 E768.82514
G1 X111.829 Y102.195 E768.83844
G1 X110.152 Y102.2 E768.96394
G1 X109.98 Y102.128 E768.97789
G1 F1302.9 X109.872 Y101.927 E768.99511
G1 F1296.5 X109.869 Y100.303 E769.11827
G1 F1298.7 X109.263 Y100.303 E769.16414
G1 F1296.5 X109.264 Y101.927 E769.2873
G1 F1302.9 X109.156 Y102.128 E769.30452
G1 F1313.8 X108.976 Y102.2 E769.31902
G1 X107.267 Y102.199 E769.44692
G1 X107.114 Y102.136 E769.4593
G1 X107.043 Y102.056 E769.4673
G1 X107 Y101.9 E769.47941
G1 X107 Y100.3 E769.59915
G1 X100.3 Y100.3 E770.10055
G1 X100.3 Y119.7 E771.55235
G1 X110 Y119.7 E772.27825
G0 F9000 X110.266 Y118.98
;TYPE:FILL
G1 F1313.8 X101.019 Y109.734 E773.25684
G0 F9000 X101.02 Y110.265
G1 F1313.8 X108.366 Y102.919 E774.03429
G0 F9000 X108.366 Y103.2
G0 X111.626 Y103.2
G0 X111.626 Y102.912
G1 F1313.8 X117.05 Y108.335 E774.60828
G0 F9000 X116.769 Y108.335
G0 X116.767 Y111.665
G0 X117.047 Y111.666
G1 F1313.8 X109.734 Y118.98 E775.38229
G0 F9000 X109.734 Y118.2
;MESH:NONMESH
G0 F300 X109.734 Y118.2 Z12.8
G0 F9000 X110 Y119.1
;TIME_ELAPSED:670.410458
;LAYER:42
;note -- min layer time used
;TYPE:WALL-INNER
;MESH:xyzCalibration_cube.stl
G1 F1314.5 X119.1 Y119.1 E776.06329
G1 X119.1 Y113.287 E776.4983
G1 X118.062 Y113.284 E776.57598
G1 X117.77 Y113.235 E776.59814
G1 X117.586 Y113.147 E776.61341
G1 X117.352 Y112.935 E776.63703
G1 X117.22 Y112.699 E776.65727
G1 X117.169 Y112.481 E776.67403
G1 X117.164 Y110.663 E776.81008
G1 X117.222 Y110.379 E776.83177
G1 X117.347 Y110.155 E776.85096
G1 X117.569 Y109.947 E776.87373
G1 F1378.8 X118.07 Y109.828 E776.91047
G1 F1447.1 X119.127 Y109.829 E776.98232
G1 F1444.5 X119.127 Y109.283 E777.0195
G1 F1447.1 X118.07 Y109.284 E777.09135
G1 F1378.8 X117.57 Y109.162 E777.12807
G1 F1314.5 X117.349 Y108.954 E777.15078
G1 X117.168 Y108.577 E777.18208
G1 X117.168 Y106.613 E777.32905
G1 X117.316 Y106.216 E777.36076
G1 X117.44 Y106.067 E777.37527
G1 X117.657 Y105.91 E777.39531
G1 X118.068 Y105.812 E777.42693
G1 X119.1 Y105.812 E777.50416
G1 X119.1 Y100.9 E777.87175
G1 X112.886 Y100.9 E778.33678
G1 X112.888 Y101.894 E778.41116
G1 X112.843 Y102.178 E778.43268
G1 X112.635 Y102.524 E778.46289
G1 X112.33 Y102.729 E778.4904
G1 X112.088 Y102.791 E778.50909
G1 X110.321 Y102.8 E778.64133
G1 X109.925 Y102.687 E778.67214
G1 X109.694 Y102.502 E778.69429
G1 X109.578 Y102.233 E778.71621
G1 X109.462 Y102.502 E778.73814
G1 X109.231 Y102.687 E778.76028
G1 X108.903 Y102.794 E778.7861
G1 X107.033 Y102.795 E778.92605
G1 X106.809 Y102.741 E778.94329
G1 X106.567 Y102.601 E778.96421
G1 X106.354 Y102.354 E778.98862
G1 X106.274 Y102.175 E779.00329
G1 X106.232 Y101.9 E779.02411
G1 X106.232 Y100.9 E779.09895
G1 X100.9 Y100.9 E779.49797
G1 X100.9 Y119.1 E780.85997
G1 X110 Y119.1 E781.54097
G0 F9000 X110 Y119.7
;TYPE:WALL-OUTER
G1 F1314.5 X119.7 Y119.7 E782.26687
G1 X119.7 Y112.688 E782.79162
G1 X117.993 Y112.684 E782.91936
G1 X117.861 Y112.606 E782.93084
G1 X117.765 Y112.417 E782.9467
G1 X117.764 Y110.635 E783.08006
G1 X117.899 Y110.449 E783.09726
G1 X118.068 Y110.4 E783.11042
G1 X119.7 Y110.403 E783.23256
G1 X119.7 Y108.709 E783.35933
G1 X118.069 Y108.712 E783.48138
G1 X117.902 Y108.662 E783.49443
G1 X117.771 Y108.457 E783.51263
G1 X117.771 Y106.664 E783.64681
G1 X117.817 Y106.546 E783.65629
G1 X117.931 Y106.444 E783.66774
G1 X118.068 Y106.412 E783.67827
G1 X119.7 Y106.412 E783.8004
G1 X119.7 Y100.3 E784.25779
G1 X112.285 Y100.3 E784.8127
G1 X112.288 Y101.965 E784.9373
G1 X112.204 Y102.106 E784.94958
G1 X112.022 Y102.195 E784.96474
G1 X110.349 Y102.2 E785.08994
G1 X110.217 Y102.163 E785.1002
G1 F1136.4 X109.971 Y101.934 E785.12929
G1 F1002.2 X109.968 Y100.392 E785.28065
G1 F1004.7 X109.184 Y100.392 E785.35741
G1 F1002.2 X109.185 Y101.934 E785.50878
G1 F1136.4 X108.939 Y102.163 E785.53787
G1 F1314.5 X108.808 Y102.2 E785.54805
G1 X107.099 Y102.199 E785.67595
G1 X106.943 Y102.134 E785.6886
G1 X106.872 Y102.052 E785.69671
G1 X106.832 Y101.9 E785.70847
G1 X106.832 Y100.3 E785.82821
G1 X100.3 Y100.3 E786.31704
G1 X100.3 Y119.7 E787.76884
G1 X110 Y119.7 E788.49474
G0 F9000 X110.565 Y118.98
;TYPE:FILL
G1 F1314.5 X101.019 Y109.434 E789.50503
G0 F9000 X101.3 Y109.434
G0 X101.3 Y110.565
G0 X101.02 Y110.565
G1 F1314.5 X108.666 Y102.919 E790.31423
G0 F9000 X108.666 Y103.2
G0 X111.333 Y103.2
G0 X111.333 Y102.918
G1 F1314.5 X117.082 Y108.667 E790.92266
G0 F9000 X116.769 Y108.667
G0 X116.767 Y111.366
G0 X117.047 Y111.367
G1 F1314.5 X109.434 Y118.98 E791.72837
G0 F9000 X109.434 Y118.2
;MESH:NONMESH
G0 F300 X109.434 Y118.2 Z13.1
G0 F9000 X109.587 Y100.965
;TIME_ELAPSED:682.133772
;LAYER:43
;note -- min layer time used
;TYPE:WALL-INNER
;MESH:xyzCalibration_cube.stl
G1 F1119.6 X109.586 Y101.984 E791.82178
G0 F9000 X109.586 Y103.201
G0 X110 Y118.7
G0 X110 Y119.1
G1 F1371.5 X119.1 Y119.1 E792.50278
G1 X119.1 Y113.459 E792.92493
G1 X118.062 Y113.456 E793.00261
G1 X117.779 Y113.41 E793.02407
G1 X117.463 Y113.227 E793.05139
G1 X117.276 Y112.993 E793.07381
G1 X117.164 Y112.701 E793.09721
G1 X117.169 Y110.812 E793.23858
G1 X117.203 Y110.616 E793.25346
G1 X117.39 Y110.276 E793.2825
G1 X117.62 Y110.086 E793.30483
G1 F1246.8 X117.984 Y109.911 E793.33808
G1 F1144.5 X119.042 Y109.912 E793.43295
G1 F1147.7 X119.042 Y109.194 E793.49716
G1 F1144.5 X117.984 Y109.193 E793.59204
G1 F1246.8 X117.62 Y109.018 E793.62529
G1 F1371.5 X117.39 Y108.828 E793.64762
G1 X117.203 Y108.488 E793.67665
G1 X117.168 Y108.236 E793.69569
G1 X117.168 Y106.428 E793.831
G1 X117.314 Y106.039 E793.86209
G1 X117.447 Y105.88 E793.8776
G1 X117.673 Y105.723 E793.8982
G1 X118.068 Y105.632 E793.92853
G1 X119.1 Y105.632 E794.00576
G1 X119.1 Y100.9 E794.35988
G1 X113.076 Y100.9 E794.81069
G1 X113.076 Y101.896 E794.88522
G1 X113.035 Y102.168 E794.90581
G1 X112.93 Y102.39 E794.92419
G1 X112.623 Y102.7 E794.95684
G1 X112.279 Y102.791 E794.98347
G1 X110.435 Y102.799 E795.12146
G1 X110.095 Y102.694 E795.14809
G1 X109.825 Y102.431 E795.1763
G1 F1228.2 X109.586 Y101.984 E795.21866
G1 X109.347 Y102.431 E795.26102
G1 F1371.5 X109.13 Y102.642 E795.28367
G1 X108.771 Y102.8 E795.31302
G1 X106.876 Y102.8 E795.45483
G1 X106.571 Y102.713 E795.47857
G1 X106.291 Y102.503 E795.50476
G1 X106.099 Y102.164 E795.53392
G1 X106.06 Y101.898 E795.55404
G1 X106.062 Y100.9 E795.62872
G1 X100.9 Y100.9 E796.01502
G1 X100.901 Y119.099 E797.37695
G1 X110 Y119.1 E798.05787
G0 F9000 X110 Y119.699
;TYPE:WALL-OUTER
G1 F1371.5 X119.7 Y119.7 E798.78378
G1 X119.7 Y112.86 E799.29565
G1 X117.995 Y112.856 E799.42325
G1 X117.863 Y112.78 E799.43464
G1 X117.765 Y112.588 E799.45078
G1 X117.769 Y110.833 E799.58211
G1 X117.808 Y110.717 E799.59127
G1 X117.918 Y110.607 E799.60291
G1 X118.041 Y110.569 E799.61255
G1 X119.7 Y110.571 E799.7367
G1 X119.7 Y108.536 E799.88899
G1 X118.041 Y108.535 E800.01314
G1 X117.918 Y108.497 E800.02277
G1 X117.808 Y108.387 E800.03442
G1 X117.772 Y108.287 E800.04237
G1 X117.771 Y106.483 E800.17737
G1 X117.816 Y106.367 E800.18668
G1 X117.936 Y106.262 E800.19862
G1 X118.068 Y106.232 E800.20875
G1 X119.7 Y106.232 E800.33088
G1 X119.7 Y100.3 E800.7748
G1 X112.476 Y100.3 E801.31541
G1 X112.476 Y101.96 E801.43964
G1 X112.344 Y102.145 E801.45664
G1 X112.211 Y102.195 E801.46728
G1 X110.504 Y102.201 E801.59502
G1 X110.309 Y102.077 E801.61232
G1 X110.253 Y101.926 E801.62437
G1 X110.252 Y100.3 E801.74605
G1 X108.924 Y100.3 E801.84543
G1 X108.919 Y101.926 E801.96711
G1 X108.863 Y102.077 E801.97917
G1 X108.655 Y102.199 E801.99721
G1 X106.92 Y102.198 E802.12705
G1 X106.737 Y102.101 E802.14255
G1 X106.66 Y101.965 E802.15425
G1 X106.663 Y100.3 E802.27885
G1 X100.3 Y100.3 E802.75502
G1 X100.301 Y119.699 E804.20675
G1 X110 Y119.699 E804.93258
G0 F9000 X110 Y118.7
G0 X110.866 Y118.7
G0 X110.866 Y118.979
;TYPE:FILL
G1 F1371.5 X101.02 Y109.133 E805.97462
G0 F9000 X101.3 Y109.133
G0 X101.3 Y110.865
G0 X101.021 Y110.865
G1 F1371.5 X109.08 Y102.806 E806.82752
G0 F9000 X109.08 Y103.2
G0 X111.033 Y103.2
G0 X111.033 Y102.92
G1 F1371.5 X117.856 Y109.743 E807.54962
G0 F9000 X117.857 Y109.568
G0 X116.841 Y109.638
G0 X116.768 Y111.064
G0 X117.047 Y111.065
G1 F1371.5 X109.133 Y118.979 E808.38719
G0 F9000 X109.133 Y118.2
;MESH:NONMESH
G0 F300 X109.133 Y118.2 Z13.4
G0 F9000 X110 Y118.7
G0 X110 Y119.1
;TIME_ELAPSED:693.898269
;LAYER:44
;note -- min layer time used
;TYPE:WALL-INNER
;MESH:xyzCalibration_cube.stl
G1 F1365.9 X119.1 Y119.1 E809.06819
G1 X119.1 Y113.627 E809.47776
G1 X118.062 Y113.624 E809.55544
G1 X117.788 Y113.582 E809.57619
G1 X117.61 Y113.502 E809.59079
G1 X117.362 Y113.288 E809.6153
G1 X117.223 Y113.045 E809.63625
G1 X117.169 Y112.821 E809.6535
G1 X117.169 Y110.943 E809.79404
G1 X117.213 Y110.753 E809.80863
G1 X117.429 Y110.402 E809.83947
G1 F1215.9 X117.702 Y110.198 E809.86812
G1 F999.4 X117.976 Y109.993 E809.90312
G1 F919.8 X118.956 Y109.992 E810.01203
G1 F922.9 X118.956 Y109.104 E810.11038
G1 F919.8 X117.976 Y109.103 E810.21929
G1 F999.4 X117.703 Y108.899 E810.25414
G1 F1215.9 X117.429 Y108.694 E810.28291
G1 F1365.9 X117.317 Y108.557 E810.29615
G1 X117.168 Y108.166 E810.32747
G1 X117.168 Y106.254 E810.47055
G1 X117.313 Y105.864 E810.50169
G1 X117.456 Y105.695 E810.51826
G1 X117.689 Y105.539 E810.53924
G1 X118.066 Y105.456 E810.56813
G1 X119.1 Y105.453 E810.64551
G1 X119.1 Y100.9 E810.98624
G1 X113.268 Y100.9 E811.42267
G1 X113.268 Y101.896 E811.49721
G1 X113.23 Y102.156 E811.51687
G1 X113.027 Y102.511 E811.54748
G1 X112.725 Y102.723 E811.57509
G1 X112.473 Y102.791 E811.59462
G1 X110.639 Y102.8 E811.73187
G1 X110.403 Y102.734 E811.75021
G1 X110.175 Y102.598 E811.77008
G1 X109.976 Y102.371 E811.79267
G1 F1425.3 X109.872 Y101.977 E811.82189
G1 F1495.5 X109.869 Y100.873 E811.89735
G1 F1501 X109.325 Y100.873 E811.9344
G1 F1495.5 X109.324 Y101.977 E812.00986
G1 F1425.3 X109.22 Y102.371 E812.03908
G1 F1365.9 X109.021 Y102.598 E812.06167
G1 X108.883 Y102.691 E812.07413
G1 X108.51 Y102.799 E812.10319
G1 X106.705 Y102.8 E812.23826
G1 X106.398 Y102.71 E812.26221
G1 X106.115 Y102.494 E812.28885
G1 X105.928 Y102.154 E812.31789
G1 X105.892 Y101.898 E812.33723
G1 X105.894 Y100.9 E812.41192
G1 X100.9 Y100.9 E812.78565
G1 X100.9 Y119.1 E814.14765
G1 X110 Y119.1 E814.82865
G0 F9000 X110 Y119.7
;TYPE:WALL-OUTER
G1 F1365.9 X119.7 Y119.7 E815.55455
G1 X119.7 Y113.028 E816.05385
G1 X117.997 Y113.024 E816.1813
G1 X117.866 Y112.951 E816.19252
G1 X117.765 Y112.757 E816.20889
G1 X117.77 Y110.995 E816.34075
G1 X117.855 Y110.824 E816.35504
G1 X118.041 Y110.737 E816.37041
G1 X119.7 Y110.736 E816.49456
G1 X119.7 Y108.36 E816.67237
G1 X118.041 Y108.359 E816.79652
G1 X117.932 Y108.328 E816.805
G1 X117.817 Y108.226 E816.8165
G1 X117.768 Y108.115 E816.82558
G1 X117.772 Y106.307 E816.96089
G1 X117.818 Y106.189 E816.97036
G1 X117.972 Y106.056 E816.98559
G1 X119.7 Y106.052 E817.11491
G1 X119.7 Y100.3 E817.54536
G1 X112.668 Y100.3 E818.0716
G1 X112.668 Y101.957 E818.1956
G1 X112.539 Y102.143 E818.21254
G1 X112.403 Y102.195 E818.22344
G1 X110.676 Y102.2 E818.35268
G1 X110.488 Y102.057 E818.37036
G1 X110.445 Y101.927 E818.3806
G1 X110.44 Y100.3 E818.50236
G1 X108.752 Y100.3 E818.62868
G1 X108.751 Y101.927 E818.75044
G1 X108.708 Y102.057 E818.76069
G1 X108.596 Y102.164 E818.77228
G1 X108.472 Y102.2 E818.78194
G1 X106.752 Y102.198 E818.91066
G1 X106.566 Y102.098 E818.92646
G1 X106.492 Y101.963 E818.93798
G1 X106.495 Y100.3 E819.06243
G1 X100.3 Y100.3 E819.52604
G1 X100.3 Y119.7 E820.97784
G1 X110 Y119.7 E821.70375
G0 F9000 X110 Y118.7
G0 X111.166 Y118.7
G0 X111.166 Y118.98
;TYPE:FILL
G1 F1365.9 X101.019 Y108.833 E822.77763
G0 F9000 X101.3 Y108.833
G0 X101.3 Y111.166
G0 X101.02 Y111.166
G1 F1365.9 X109.811 Y102.375 E823.70801
G0 F9000 X109.811 Y103.201
G0 X110.734 Y103.201
G0 X110.734 Y102.92
G1 F1365.9 X117.801 Y109.988 E824.45599
G1 X117.885 Y109.928
G1 X118.326 Y109.487 E824.50266
G0 F9000 X116.841 Y109.805
G0 X116.769 Y110.707
G0 X117.105 Y110.708
G1 F1365.9 X108.833 Y118.98 E825.37811
G0 F9000 X108.833 Y118.2
;MESH:NONMESH
G0 F300 X108.833 Y118.2 Z13.7
G0 F9000 X110 Y118.7
G0 X110 Y119.1
;TIME_ELAPSED:705.579977
;LAYER:45
;note -- min layer time used
;TYPE:WALL-INNER
;MESH:xyzCalibration_cube.stl
G1 F1387 X119.1 Y119.1 E826.05911
G1 X119.1 Y113.799 E826.45582
G1 X118.062 Y113.796 E826.5335
G1 X117.798 Y113.757 E826.55347
G1 X117.623 Y113.681 E826.56774
G1 X117.367 Y113.467 E826.59271
G1 X117.224 Y113.222 E826.61394
G1 X117.169 Y112.994 E826.6315
G1 X117.168 Y111.17 E826.76799
G1 X117.2 Y110.959 E826.78397
G1 X117.344 Y110.664 E826.80853
G1 X117.465 Y110.531 E826.82199
G1 X117.698 Y110.379 E826.84281
G1 X117.989 Y110.303 E826.86531
G1 X119.1 Y110.301 E826.94846
G1 X119.1 Y108.784 E827.06198
G1 X117.989 Y108.781 E827.14512
G1 X117.698 Y108.705 E827.16763
G1 X117.389 Y108.504 E827.19522
G1 X117.223 Y108.197 E827.22134
G1 X117.168 Y107.993 E827.23715
G1 X117.168 Y106.069 E827.38113
G1 X117.311 Y105.687 E827.41165
G1 X117.466 Y105.506 E827.42949
G1 X117.707 Y105.351 E827.45093
G1 X118.066 Y105.276 E827.47838
G1 X119.1 Y105.273 E827.55576
G1 X119.1 Y100.9 E827.88301
G1 X113.46 Y100.9 E828.30508
G1 X113.46 Y101.9 E828.37992
G1 X113.426 Y102.148 E828.39865
G1 X113.221 Y102.512 E828.42991
G1 X112.926 Y102.723 E828.45706
G1 X112.667 Y102.794 E828.47715
G1 X110.893 Y102.8 E828.60991
G1 X110.661 Y102.759 E828.62754
G1 X110.314 Y102.555 E828.65767
G1 F1384.7 X110.136 Y102.323 E828.67959
G1 F1249.5 X109.971 Y101.984 E828.7109
G1 F1146.3 X109.968 Y100.962 E828.80345
G1 F1149.4 X109.246 Y100.962 E828.86864
G1 F1146.3 X109.245 Y101.984 E828.96119
G1 F1249.5 X109.08 Y102.323 E828.99251
G1 F1384.7 X108.902 Y102.555 E829.01442
G1 F1387 X108.764 Y102.662 E829.02749
G1 X108.383 Y102.8 E829.05782
G1 X106.541 Y102.8 E829.19566
G1 X106.225 Y102.707 E829.22032
G1 X105.939 Y102.485 E829.24741
G1 X105.757 Y102.144 E829.27634
G1 X105.724 Y101.9 E829.29476
G1 X105.724 Y100.9 E829.3696
G1 X100.9 Y100.9 E829.7306
G1 X100.901 Y119.099 E831.09253
G1 X110 Y119.1 E831.77346
G0 F9000 X110 Y119.699
;TYPE:WALL-OUTER
G1 F1387 X119.7 Y119.7 E832.49936
G1 X119.7 Y113.2 E832.98579
G1 X117.998 Y113.196 E833.11316
G1 X117.869 Y113.125 E833.12418
G1 X117.765 Y112.929 E833.14078
G1 X117.769 Y111.137 E833.27489
G1 X117.826 Y111.021 E833.28456
G1 X117.975 Y110.901 E833.29888
G1 X119.7 Y110.903 E833.42797
G1 X119.7 Y108.184 E833.63144
G1 X117.975 Y108.183 E833.76054
G1 X117.826 Y108.063 E833.77485
G1 X117.772 Y107.937 E833.78511
G1 X117.772 Y106.126 E833.92064
G1 X117.815 Y106.013 E833.92969
G1 X117.976 Y105.876 E833.94551
G1 X119.7 Y105.872 E834.07452
G1 X119.7 Y100.3 E834.49151
G1 X112.86 Y100.3 E835.00338
G1 X112.86 Y101.959 E835.12753
G1 X112.735 Y102.145 E835.1443
G1 X112.596 Y102.198 E835.15543
G1 X110.861 Y102.199 E835.28527
G1 X110.726 Y102.119 E835.29702
G1 X110.633 Y101.926 E835.31305
G1 X110.628 Y100.3 E835.43473
G1 X108.584 Y100.3 E835.5877
G1 X108.583 Y101.926 E835.70938
G1 X108.49 Y102.119 E835.72541
G1 X108.331 Y102.197 E835.73866
G1 X106.583 Y102.198 E835.86948
G1 X106.395 Y102.095 E835.88552
G1 X106.324 Y101.961 E835.89687
G1 X106.324 Y100.3 E836.02117
G1 X100.3 Y100.3 E836.47198
G1 X100.301 Y119.699 E837.92371
G1 X110 Y119.699 E838.64953
G0 F9000 X110 Y118.7
G0 X111.465 Y118.7
G0 X111.465 Y118.979
;TYPE:FILL
G1 F1387 X101.02 Y108.534 E839.75496
G0 F9000 X101.3 Y108.534
G0 X101.3 Y111.465
G0 X101.021 Y111.465
G1 F1387 X110.064 Y102.422 E840.71201
G0 F9000 X109.494 Y101.98
G1 F1387 X117.757 Y110.243 E841.58651
G0 F9000 X118.136 Y109.377
G1 F1387 X108.534 Y118.979 E842.60272
G0 F9000 X108.534 Y118.2
;MESH:NONMESH
G0 F300 X108.534 Y118.2 Z14
G0 F9000 X110 Y118.7
G0 X110 Y119.1
;TIME_ELAPSED:717.088441
;LAYER:46
;note -- min layer time used
;TYPE:WALL-INNER
;MESH:xyzCalibration_cube.stl
G1 F1401.7 X119.1 Y119.1 E843.28372
G1 X119.1 Y113.967 E843.66785
G1 X118.066 Y113.964 E843.74523
G1 X117.811 Y113.927 E843.76451
G1 X117.472 Y113.739 E843.79352
G1 X117.257 Y113.457 E843.82006
G1 X117.168 Y113.15 E843.84398
G1 X117.169 Y111.32 E843.98093
G1 X117.26 Y110.97 E844.00799
G1 X117.5 Y110.669 E844.0368
G1 X117.729 Y110.534 E844.05669
G1 X117.989 Y110.471 E844.07671
G1 X119.1 Y110.47 E844.15985
G1 X119.1 Y108.608 E844.2992
G1 X117.989 Y108.605 E844.38234
G1 X117.729 Y108.542 E844.40236
G1 X117.5 Y108.407 E844.42225
G1 X117.26 Y108.106 E844.45106
G1 X117.168 Y107.825 E844.47319
G1 X117.168 Y105.89 E844.618
G1 X117.31 Y105.51 E844.64835
G1 X117.475 Y105.318 E844.6673
G1 X117.726 Y105.163 E844.68938
G1 X118.066 Y105.096 E844.71531
G1 X119.1 Y105.093 E844.79269
G1 X119.1 Y100.9 E845.10647
G1 X113.652 Y100.9 E845.51418
G1 X113.652 Y101.9 E845.58901
G1 X113.559 Y102.301 E845.61982
G1 X113.415 Y102.51 E845.63881
G1 X113.126 Y102.719 E845.6655
G1 X112.862 Y102.794 E845.68604
G1 X111.063 Y102.799 E845.82067
G1 X110.751 Y102.722 E845.84472
G1 X110.519 Y102.571 E845.86543
G1 X110.334 Y102.34 E845.88758
G1 X110.223 Y101.979 E845.91585
G1 X110.22 Y100.9 E845.99659
G1 X109.014 Y100.9 E846.08684
G1 X109.009 Y101.979 E846.16759
G1 X108.898 Y102.34 E846.19586
G1 X108.713 Y102.571 E846.218
G1 X108.574 Y102.673 E846.23091
G1 X108.205 Y102.796 E846.26001
G1 X106.371 Y102.8 E846.39726
G1 X106.051 Y102.705 E846.42224
G1 X105.762 Y102.475 E846.44988
G1 X105.648 Y102.298 E846.46564
G1 X105.556 Y101.9 E846.49621
G1 X105.556 Y100.9 E846.57104
G1 X100.9 Y100.9 E846.91948
G1 X100.901 Y119.099 E848.2814
G1 X110 Y119.1 E848.96233
G0 F9000 X110 Y119.699
;TYPE:WALL-OUTER
G1 F1401.7 X119.7 Y119.7 E849.68823
G1 X119.7 Y113.368 E850.16209
G1 X118.003 Y113.364 E850.28909
G1 X117.869 Y113.289 E850.30058
G1 X117.77 Y113.104 E850.31628
G1 X117.77 Y111.329 E850.44911
G1 X117.878 Y111.135 E850.46573
G1 X118.041 Y111.069 E850.47889
G1 X119.7 Y111.071 E850.60304
G1 X119.7 Y108.008 E850.83226
G1 X118.041 Y108.007 E850.95641
G1 X117.878 Y107.941 E850.96957
G1 X117.772 Y107.762 E850.98514
G1 X117.772 Y105.945 E851.12112
G1 X117.822 Y105.823 E851.13098
G1 X117.981 Y105.696 E851.14621
G1 X119.7 Y105.692 E851.27486
G1 X119.7 Y100.3 E851.67837
G1 X113.052 Y100.3 E852.17587
G1 X113.052 Y101.9 E852.29561
G1 X113.021 Y102.034 E852.3059
G1 X112.931 Y102.142 E852.31642
G1 X112.814 Y102.198 E852.32613
G1 X111.047 Y102.2 E852.45836
G1 X110.919 Y102.124 E852.4695
G1 X110.821 Y101.927 E852.48597
G1 X110.82 Y100.3 E852.60773
G1 X108.416 Y100.3 E852.78763
G1 X108.411 Y101.927 E852.90939
G1 X108.313 Y102.124 E852.92585
G1 X108.154 Y102.198 E852.93898
G1 X106.415 Y102.198 E853.06912
G1 X106.321 Y102.169 E853.07648
G1 X106.186 Y102.033 E853.09082
G1 X106.156 Y101.9 E853.10102
G1 X106.156 Y100.3 E853.22076
G1 X100.3 Y100.3 E853.65899
G1 X100.301 Y119.699 E855.11072
G1 X110 Y119.699 E855.83655
G0 F9000 X110 Y118.7
G0 X111.765 Y118.7
G0 X111.765 Y118.979
;TYPE:FILL
G1 F1401.7 X101.02 Y108.234 E856.97373
G0 F9000 X101.3 Y108.234
G0 X101.3 Y111.765
G0 X101.021 Y111.765
G1 F1401.7 X110.301 Y102.485 E857.95586
G0 F9000 X109.824 Y102.485
G0 X109.413 Y102.059
G0 X109.272 Y102.058
G1 F1401.7 X117.655 Y110.441 E858.84306
G0 F9000 X117.656 Y110.069
G0 X118.488 Y109.01
G0 X118.488 Y108.725
G1 F1401.7 X108.234 Y118.979 E859.92827
G0 F9000 X108.234 Y118.2
;MESH:NONMESH
G0 F300 X108.234 Y118.2 Z14.3
G0 F9000 X110 Y118.7
G0 X110 Y119.1
;TIME_ELAPSED:728.683929
;LAYER:47
;note -- min layer time used
;TYPE:WALL-INNER
;MESH:xyzCalibration_cube.stl
G1 F1411.9 X119.1 Y119.1 E860.60927
G1 X119.1 Y114.139 E860.98053
G1 X118.066 Y114.136 E861.05791
G1 X117.821 Y114.102 E861.07642
G1 X117.482 Y113.92 E861.10522
G1 X117.26 Y113.634 E861.13231
G1 X117.168 Y113.318 E861.15694
G1 X117.17 Y111.47 E861.29523
G1 X117.206 Y111.275 E861.31007
G1 X117.319 Y111.035 E861.32993
G1 X117.52 Y110.821 E861.3519
G1 X117.733 Y110.7 E861.37023
G1 X118.036 Y110.636 E861.3934
G1 X119.1 Y110.636 E861.47303
G1 X119.1 Y108.432 E861.63797
G1 X118.038 Y108.432 E861.71744
G1 X117.735 Y108.367 E861.74063
G1 X117.523 Y108.246 E861.7589
G1 X117.322 Y108.031 E861.78093
G1 X117.172 Y107.645 E861.81192
G1 X117.172 Y105.705 E861.9571
G1 X117.311 Y105.334 E861.98675
G1 X117.488 Y105.13 E862.00696
G1 X117.748 Y104.975 E862.02961
G1 X118.072 Y104.916 E862.05426
G1 X119.1 Y104.916 E862.13119
G1 X119.1 Y100.9 E862.43172
G1 X113.844 Y100.9 E862.82506
G1 X113.844 Y101.9 E862.89989
G1 X113.759 Y102.282 E862.92918
G1 X113.61 Y102.507 E862.94938
G1 X113.328 Y102.715 E862.9756
G1 X113.057 Y102.794 E862.99672
G1 X111.174 Y102.8 E863.13764
G1 X110.907 Y102.704 E863.15887
G1 X110.674 Y102.535 E863.18041
G1 X110.506 Y102.302 E863.20191
G1 X110.415 Y101.979 E863.22702
G1 X110.41 Y100.9 E863.30777
G1 X108.844 Y100.9 E863.42496
G1 X108.841 Y101.979 E863.50571
G1 X108.75 Y102.302 E863.53082
G1 X108.582 Y102.535 E863.55232
G1 X108.231 Y102.754 E863.58328
G1 X108.054 Y102.794 E863.59686
G1 X106.2 Y102.8 E863.7356
G1 X105.877 Y102.702 E863.76086
G1 X105.586 Y102.464 E863.789
G1 X105.473 Y102.282 E863.80503
G1 X105.388 Y101.9 E863.83432
G1 X105.388 Y100.9 E863.90915
G1 X100.9 Y100.9 E864.24501
G1 X100.9 Y119.1 E865.60701
G1 X110 Y119.1 E866.28802
G0 F9000 X110 Y119.7
;TYPE:WALL-OUTER
G1 F1411.9 X119.7 Y119.7 E867.01392
G1 X119.7 Y113.54 E867.4749
G1 X118.005 Y113.536 E867.60175
G1 X117.872 Y113.464 E867.61307
G1 X117.77 Y113.277 E867.62901
G1 X117.769 Y111.503 E867.76177
G1 X117.885 Y111.297 E867.77946
G1 X118.057 Y111.236 E867.79312
G1 X119.7 Y111.236 E867.91607
G1 X119.7 Y107.832 E868.17081
G1 X117.989 Y107.832 E868.29885
G1 X117.846 Y107.731 E868.31195
G1 X117.776 Y107.587 E868.32394
G1 X117.776 Y105.764 E868.46036
G1 X117.828 Y105.64 E868.47042
G1 X117.989 Y105.516 E868.48563
G1 X119.7 Y105.516 E868.61367
G1 X119.7 Y100.3 E869.00402
G1 X113.244 Y100.3 E869.48715
G1 X113.244 Y102 E869.61437
G1 X113.046 Y102.198 E869.63533
G1 X111.238 Y102.199 E869.77063
G1 X111.099 Y102.112 E869.7829
G1 X111.013 Y101.927 E869.79817
G1 X111.008 Y100.3 E869.91993
G1 X108.244 Y100.3 E870.12677
G1 X108.243 Y101.927 E870.24853
G1 X108.213 Y102.034 E870.25684
G1 X108.112 Y102.15 E870.26835
G1 X108.004 Y102.195 E870.27711
G1 X106.246 Y102.198 E870.40867
G1 X106.151 Y102.168 E870.41613
G1 X105.988 Y101.999 E870.4337
G1 X105.988 Y100.3 E870.56084
G1 X100.3 Y100.3 E870.98651
G1 X100.3 Y119.7 E872.43831
G1 X110 Y119.7 E873.16421
G0 F9000 X110 Y118.7
G0 X112.066 Y118.7
G0 X112.066 Y118.98
;TYPE:FILL
G1 F1411.9 X101.019 Y107.933 E874.33335
G0 F9000 X101.3 Y107.933
G0 X101.3 Y112.065
G0 X101.02 Y112.065
G1 F1411.9 X110.538 Y102.547 E875.34067
G0 F9000 X110.013 Y102.547
G0 X109.244 Y102.032
G0 X108.945 Y102.031
G1 F1411.9 X117.571 Y110.657 E876.25359
G0 F9000 X117.572 Y110.235
G0 X118.362 Y108.836
G0 X118.362 Y108.551
G1 F1411.9 X107.933 Y118.98 E877.35732
G0 F9000 X107.933 Y118.2
;MESH:NONMESH
G0 F300 X107.933 Y118.2 Z14.6
G0 F9000 X110 Y118.7
G0 X110 Y119.1
;TIME_ELAPSED:740.345963
;LAYER:48
;note -- min layer time used
;TYPE:WALL-INNER
;MESH:xyzCalibration_cube.stl
G1 F1420.7 X119.1 Y119.1 E878.03832
G1 X119.1 Y114.307 E878.39701
G1 X118.066 Y114.304 E878.47439
G1 X117.667 Y114.21 E878.50506
G1 X117.491 Y114.096 E878.52076
G1 X117.263 Y113.808 E878.54825
G1 X117.168 Y113.489 E878.57315
G1 X117.171 Y111.616 E878.71332
G1 X117.286 Y111.252 E878.74189
G1 X117.518 Y110.986 E878.7683
G1 X117.703 Y110.877 E878.78437
G1 X117.963 Y110.806 E878.80454
G1 X119.1 Y110.802 E878.88963
G1 X119.1 Y108.258 E879.08001
G1 X117.966 Y108.254 E879.16487
G1 X117.705 Y108.182 E879.18513
G1 X117.521 Y108.073 E879.20114
G1 X117.289 Y107.806 E879.22761
G1 X117.208 Y107.615 E879.24314
G1 X117.172 Y107.36 E879.26241
G1 X117.172 Y105.524 E879.3998
G1 X117.309 Y105.157 E879.42912
G1 X117.499 Y104.941 E879.45065
G1 X117.769 Y104.788 E879.47387
G1 X118.072 Y104.736 E879.49688
G1 X119.1 Y104.736 E879.57381
G1 X119.1 Y100.9 E879.86088
G1 X114.036 Y100.9 E880.23984
G1 X114.036 Y101.9 E880.31468
G1 X113.96 Y102.263 E880.34243
G1 X113.805 Y102.504 E880.36388
G1 X113.53 Y102.71 E880.38959
G1 X113.218 Y102.8 E880.41389
G1 X111.408 Y102.796 E880.54934
G1 X111.186 Y102.744 E880.56641
G1 X110.88 Y102.578 E880.59246
G1 X110.679 Y102.269 E880.62004
G1 X110.603 Y101.979 E880.64248
G1 X110.597 Y100.9 E880.72323
G1 X108.675 Y100.9 E880.86706
G1 X108.669 Y101.979 E880.94781
G1 X108.593 Y102.269 E880.97025
G1 X108.442 Y102.502 E880.99102
G1 X108.139 Y102.722 E881.01905
G1 X107.869 Y102.8 E881.04008
G1 X106.028 Y102.8 E881.17785
G1 X105.703 Y102.698 E881.20334
G1 X105.409 Y102.453 E881.23198
G1 X105.297 Y102.266 E881.24829
G1 X105.22 Y101.9 E881.27628
G1 X105.22 Y100.9 E881.35112
G1 X100.901 Y100.901 E881.67433
G1 X100.901 Y119.099 E883.03618
G1 X110 Y119.1 E883.71711
G0 F9000 X110 Y119.699
;TYPE:WALL-OUTER
G1 F1420.7 X119.7 Y119.7 E884.44301
G1 X119.7 Y113.708 E884.89143
G1 X118.067 Y113.704 E885.01363
G1 X117.934 Y113.673 E885.02385
G1 X117.799 Y113.539 E885.03809
G1 X117.77 Y113.445 E885.04545
G1 X117.77 Y111.66 E885.17903
G1 X117.846 Y111.497 E885.19249
G1 X118.033 Y111.402 E885.20818
G1 X119.7 Y111.403 E885.33293
G1 X119.7 Y107.657 E885.61327
G1 X118.036 Y107.658 E885.73779
G1 X117.888 Y107.598 E885.74974
G1 X117.772 Y107.413 E885.76609
G1 X117.776 Y105.582 E885.90311
G1 X117.83 Y105.457 E885.9133
G1 X117.994 Y105.336 E885.92855
G1 X119.7 Y105.336 E886.05622
G1 X119.7 Y100.3 E886.43309
G1 X113.436 Y100.3 E886.90186
G1 X113.436 Y101.988 E887.02818
G1 X113.323 Y102.136 E887.04212
G1 X113.175 Y102.198 E887.05412
G1 X111.42 Y102.199 E887.18546
G1 X111.276 Y102.101 E887.1985
G1 X111.201 Y101.927 E887.21268
G1 X111.196 Y100.3 E887.33443
G1 X108.076 Y100.3 E887.56792
G1 X108.071 Y101.992 E887.69454
G1 X107.952 Y102.141 E887.70881
G1 X107.826 Y102.196 E887.7191
G1 X106.077 Y102.198 E887.84999
G1 X105.981 Y102.166 E887.85756
G1 X105.82 Y101.996 E887.87508
G1 X105.82 Y100.3 E888.002
G1 X100.301 Y100.301 E888.41502
G1 X100.301 Y119.699 E889.86667
G1 X110 Y119.699 E890.5925
G0 F9000 X110 Y118.7
G0 X112.365 Y118.7
G0 X112.365 Y118.979
;TYPE:FILL
G1 F1420.7 X101.021 Y107.635 E891.79307
G0 F9000 X101.3 Y107.635
G0 X101.3 Y112.364
G0 X101.021 Y112.364
G1 F1420.7 X110.775 Y102.61 E892.82537
G0 F9000 X110.202 Y102.61
G0 X109.074 Y102.134
G0 X108.747 Y102.133
G1 F1420.7 X117.484 Y110.869 E893.74998
G0 F9000 X117.485 Y110.401
G0 X118.234 Y108.661
G0 X118.234 Y108.38
G1 F1420.7 X107.634 Y118.979 E894.87176
G0 F9000 X107.634 Y118.2
;MESH:NONMESH
G0 F300 X107.634 Y118.2 Z14.9
G0 F9000 X110 Y118.7
G0 X110 Y119.1
;TIME_ELAPSED:752.043244
;LAYER:49
;note -- min layer time used
;TYPE:WALL-INNER
;MESH:xyzCalibration_cube.stl
G1 F1430.4 X119.1 Y119.1 E895.55276
G1 X119.1 Y114.479 E895.89857
G1 X118.066 Y114.476 E895.97595
G1 X117.683 Y114.39 E896.00533
G1 X117.501 Y114.276 E896.0214
G1 X117.266 Y113.986 E896.04933
G1 X117.168 Y113.662 E896.07466
G1 X117.173 Y111.766 E896.21655
G1 X117.267 Y111.456 E896.24079
G1 X117.41 Y111.253 E896.25938
G1 X117.674 Y111.058 E896.28394
G1 X117.945 Y110.968 E896.30531
G1 X119.1 Y110.97 E896.39174
G1 X119.1 Y108.082 E896.60787
G1 X117.947 Y108.084 E896.69415
G1 X117.676 Y107.993 E896.71554
G1 X117.517 Y107.894 E896.72956
G1 X117.3 Y107.649 E896.75405
G1 X117.214 Y107.458 E896.76973
G1 X117.172 Y107.184 E896.79047
G1 X117.172 Y105.34 E896.92847
G1 X117.243 Y105.103 E896.94698
G1 X117.444 Y104.788 E896.97495
G1 X117.792 Y104.6 E897.00455
G1 X118.072 Y104.556 E897.02576
G1 X119.1 Y104.556 E897.10269
G1 X119.1 Y100.9 E897.37629
G1 X114.228 Y100.9 E897.74089
G1 X114.228 Y101.9 E897.81572
G1 X114.147 Y102.315 E897.84736
G1 X113.899 Y102.596 E897.87541
G1 X113.581 Y102.764 E897.90233
G1 X113.328 Y102.8 E897.92145
G1 X111.628 Y102.799 E898.04867
G1 X111.226 Y102.673 E898.0802
G1 X111.01 Y102.493 E898.10124
G1 X110.874 Y102.285 E898.11984
G1 X110.791 Y101.979 E898.14356
G1 X110.788 Y100.9 E898.22431
G1 X108.507 Y100.9 E898.39501
G1 X108.501 Y101.979 E898.47576
G1 X108.418 Y102.285 E898.49948
G1 X108.282 Y102.493 E898.51808
G1 X108.066 Y102.673 E898.53912
G1 X107.68 Y102.797 E898.56946
G1 X105.86 Y102.8 E898.70566
G1 X105.524 Y102.695 E898.73201
G1 X105.228 Y102.441 E898.7612
G1 X105.117 Y102.248 E898.77786
G1 X105.048 Y101.898 E898.80456
G1 X105.05 Y100.9 E898.87924
G1 X100.9 Y100.9 E899.18981
G1 X100.901 Y119.099 E900.55174
G1 X110 Y119.1 E901.23266
G0 F9000 X110 Y119.699
;TYPE:WALL-OUTER
G1 F1430.4 X119.7 Y119.7 E901.95856
G1 X119.7 Y113.88 E902.39411
G1 X117.968 Y113.876 E902.52372
G1 X117.8 Y113.713 E902.54124
G1 X117.77 Y113.618 E902.54869
G1 X117.769 Y111.834 E902.6822
G1 X117.883 Y111.631 E902.69962
G1 X118.01 Y111.573 E902.71007
G1 X119.7 Y111.571 E902.83654
G1 X119.7 Y107.481 E903.14262
G1 X118.014 Y107.479 E903.26879
G1 X117.887 Y107.421 E903.27924
G1 X117.772 Y107.241 E903.29522
G1 X117.776 Y105.401 E903.43292
G1 X117.884 Y105.221 E903.44863
G1 X118.004 Y105.156 E903.45884
G1 X119.7 Y105.156 E903.58576
G1 X119.7 Y100.3 E903.94917
G1 X113.628 Y100.3 E904.40357
G1 X113.628 Y101.984 E904.52959
G1 X113.519 Y102.132 E904.54334
G1 X113.39 Y102.2 E904.55426
G1 X111.668 Y102.2 E904.68312
G1 X111.557 Y102.171 E904.69171
G1 X111.416 Y102.029 E904.70668
G1 X111.388 Y101.922 E904.71496
G1 X111.388 Y100.3 E904.83634
G1 X107.908 Y100.3 E905.09677
G1 X107.903 Y101.927 E905.21853
G1 X107.83 Y102.098 E905.23244
G1 X107.653 Y102.197 E905.24762
G1 X105.905 Y102.197 E905.37843
G1 X105.708 Y102.081 E905.39554
G1 X105.648 Y101.899 E905.40988
G1 X105.651 Y100.3 E905.52954
G1 X100.3 Y100.3 E905.92999
G1 X100.301 Y119.699 E907.38172
G1 X110 Y119.699 E908.10754
G0 F9000 X110 Y118.7
G0 X112.665 Y118.7
G0 X112.665 Y118.979
;TYPE:FILL
G1 F1430.4 X101.02 Y107.335 E909.33992
G0 F9000 X101.3 Y107.335
G0 X101.3 Y112.664
G0 X101.021 Y112.664
G1 F1430.4 X111.013 Y102.672 E910.3974
G0 F9000 X111.013 Y103.203
G0 X110.569 Y103.145
G0 X108.904 Y102.237
G0 X108.55 Y102.236
G1 F1430.4 X117.401 Y111.086 E911.33408
G0 F9000 X117.402 Y110.568
G0 X118.11 Y108.485
G0 X118.11 Y108.204
G1 F1430.4 X107.335 Y118.979 E912.47443
G0 F9000 X107.335 Y118.2
;MESH:NONMESH
G0 F300 X107.335 Y118.2 Z15.2
G0 F9000 X110 Y118.7
G0 X110 Y119.1
;TIME_ELAPSED:763.834283
;LAYER:50
;note -- min layer time used
;TYPE:WALL-INNER
;MESH:xyzCalibration_cube.stl
G1 F1440.4 X119.1 Y119.1 E913.15543
G1 X119.1 Y114.647 E913.48867
G1 X118.066 Y114.644 E913.56605
G1 X117.699 Y114.566 E913.59413
G1 X117.512 Y114.453 E913.61048
G1 X117.269 Y114.16 E913.63897
G1 X117.168 Y113.834 E913.66451
G1 X117.174 Y111.926 E913.80729
G1 X117.307 Y111.553 E913.83693
G1 X117.608 Y111.261 E913.86831
G1 X117.909 Y111.136 E913.8927
G1 X119.1 Y111.138 E913.98183
G1 X119.1 Y107.908 E914.22355
G1 X117.909 Y107.908 E914.31268
G1 X117.61 Y107.781 E914.33699
G1 X117.46 Y107.669 E914.351
G1 X117.274 Y107.426 E914.3739
G1 X117.172 Y107.134 E914.39705
G1 X117.172 Y105.162 E914.54462
G1 X117.247 Y104.918 E914.56372
G1 X117.398 Y104.682 E914.58469
G1 X117.522 Y104.566 E914.5974
G1 X117.815 Y104.417 E914.622
G1 X118.07 Y104.38 E914.64128
G1 X119.1 Y104.377 E914.71836
G1 X119.1 Y100.9 E914.97856
G1 X114.42 Y100.9 E915.32879
G1 X114.42 Y101.9 E915.40363
G1 X114.362 Y102.22 E915.42796
G1 X114.287 Y102.372 E915.44065
G1 X114.105 Y102.585 E915.46162
G1 X113.781 Y102.762 E915.48924
G1 X113.52 Y102.8 E915.50898
G1 X111.81 Y102.798 E915.63695
G1 X111.4 Y102.663 E915.66925
G1 X111.202 Y102.493 E915.68878
G1 X111.08 Y102.313 E915.70506
G1 X110.98 Y102.011 E915.72886
G1 X110.977 Y100.9 E915.81201
G1 X108.336 Y100.9 E916.00965
G1 X108.336 Y102.01 E916.09271
G1 X108.236 Y102.313 E916.11659
G1 X108.114 Y102.493 E916.13286
G1 X107.916 Y102.663 E916.15239
G1 X107.549 Y102.8 E916.18171
G1 X105.688 Y102.8 E916.32098
G1 X105.349 Y102.691 E916.34763
G1 X105.051 Y102.429 E916.37732
G1 X104.942 Y102.229 E916.39437
G1 X104.88 Y101.898 E916.41957
G1 X104.882 Y100.9 E916.49425
G1 X100.9 Y100.9 E916.79225
G1 X100.901 Y119.099 E918.15417
G1 X110 Y119.1 E918.8351
G0 F9000 X110 Y119.699
;TYPE:WALL-OUTER
G1 F1440.4 X119.7 Y119.7 E919.561
G1 X119.7 Y114.048 E919.98397
G1 X118.067 Y114.044 E920.10618
G1 X117.882 Y113.981 E920.1208
G1 X117.77 Y113.786 E920.13763
G1 X117.77 Y111.995 E920.27166
G1 X117.814 Y111.875 E920.28123
G1 X118.015 Y111.736 E920.29952
G1 X119.7 Y111.739 E920.42561
G1 X119.7 Y107.308 E920.75721
G1 X118.012 Y107.308 E920.88353
G1 X117.868 Y107.229 E920.89582
G1 X117.777 Y107.066 E920.90979
G1 X117.777 Y105.224 E921.04764
G1 X117.888 Y105.042 E921.06359
G1 X118.009 Y104.98 E921.07377
G1 X119.7 Y104.976 E921.20031
G1 X119.7 Y100.3 E921.55024
G1 X113.82 Y100.3 E921.99028
G1 X113.82 Y101.98 E922.116
G1 X113.715 Y102.129 E922.12964
G1 X113.585 Y102.2 E922.14072
G1 X111.837 Y102.198 E922.27154
G1 X111.72 Y102.155 E922.28087
G1 X111.583 Y101.947 E922.2995
G1 X111.576 Y100.3 E922.42276
G1 X107.736 Y100.3 E922.71013
G1 X107.733 Y101.947 E922.83338
G1 X107.596 Y102.155 E922.85202
G1 X107.491 Y102.196 E922.86045
G1 X105.736 Y102.197 E922.99179
G1 X105.537 Y102.077 E923.00918
G1 X105.48 Y101.899 E923.02317
G1 X105.483 Y100.3 E923.14283
G1 X100.3 Y100.3 E923.5307
G1 X100.301 Y119.699 E924.98243
G1 X110 Y119.699 E925.70826
G0 F9000 X110 Y118.7
G0 X112.966 Y118.7
G0 X112.966 Y118.979
;TYPE:FILL
G1 F1440.4 X101.02 Y107.033 E926.97254
G0 F9000 X101.3 Y107.033
G0 X101.3 Y112.965
G0 X101.021 Y112.965
G1 F1440.4 X111.273 Y102.713 E928.05754
G0 F9000 X111.273 Y103.203
G0 X110.772 Y103.145
G0 X108.734 Y102.338
G0 X108.351 Y102.337
G1 F1440.4 X117.342 Y111.329 E929.00914
G0 F9000 X116.771 Y111.328
G0 X116.829 Y110.905
G0 X117.996 Y108.31
G0 X117.996 Y108.016
G1 F1440.4 X107.033 Y118.979 E930.16939
G0 F9000 X107.033 Y118.2
;MESH:NONMESH
G0 F300 X107.033 Y118.2 Z15.5
G0 F9000 X110 Y118.7
G0 X110 Y119.1
;TIME_ELAPSED:775.715570
;LAYER:51
;note -- min layer time used
;TYPE:WALL-INNER
;MESH:xyzCalibration_cube.stl
G1 F1449.9 X119.1 Y119.1 E930.85039
G1 X119.1 Y114.819 E931.17076
G1 X118.066 Y114.816 E931.24814
G1 X117.717 Y114.745 E931.27479
G1 X117.524 Y114.634 E931.29145
G1 X117.272 Y114.338 E931.32055
G1 X117.168 Y114.004 E931.34672
G1 X117.168 Y112.103 E931.48899
G1 X117.28 Y111.767 E931.51549
G1 X117.457 Y111.542 E931.53691
G1 X117.781 Y111.35 E931.5651
G1 X118.068 Y111.304 E931.58685
G1 X119.1 Y111.304 E931.66408
G1 X119.1 Y107.732 E931.93139
G1 X118.072 Y107.732 E932.00832
G1 X117.784 Y107.685 E932.03016
G1 X117.46 Y107.493 E932.05835
G1 X117.258 Y107.219 E932.08382
G1 X117.172 Y106.955 E932.1046
G1 X117.172 Y104.98 E932.2524
G1 X117.251 Y104.73 E932.27202
G1 X117.395 Y104.506 E932.29195
G1 X117.535 Y104.377 E932.30619
G1 X117.9 Y104.2 E932.33655
G1 X119.1 Y104.197 E932.42635
G1 X119.1 Y100.9 E932.67309
G1 X114.612 Y100.9 E933.00895
G1 X114.612 Y101.9 E933.08378
G1 X114.562 Y102.196 E933.10625
G1 X114.463 Y102.398 E933.12308
G1 X114.311 Y102.572 E933.14037
G1 X113.982 Y102.759 E933.16869
G1 X113.712 Y102.8 E933.18913
G1 X111.987 Y102.797 E933.31822
G1 X111.69 Y102.718 E933.34122
G1 X111.492 Y102.592 E933.35878
G1 X111.282 Y102.339 E933.38339
G1 X111.168 Y102.046 E933.40692
G1 X111.168 Y100.9 E933.49268
G1 X108.167 Y100.9 E933.71726
G1 X108.164 Y102.048 E933.80317
G1 X108.05 Y102.339 E933.82656
G1 X107.94 Y102.495 E933.84084
G1 X107.693 Y102.692 E933.86448
G1 X107.395 Y102.8 E933.88821
G1 X105.517 Y102.8 E934.02875
G1 X105.175 Y102.687 E934.0557
G1 X104.873 Y102.415 E934.08612
G1 X104.766 Y102.21 E934.10342
G1 X104.712 Y101.9 E934.12697
G1 X104.712 Y100.9 E934.2018
G1 X100.9 Y100.9 E934.48708
G1 X100.901 Y119.099 E935.849
G1 X110 Y119.1 E936.52993
G0 F9000 X110 Y119.699
;TYPE:WALL-OUTER
G1 F1449.9 X119.7 Y119.7 E937.25583
G1 X119.7 Y114.22 E937.66593
G1 X118.067 Y114.216 E937.78814
G1 X117.886 Y114.156 E937.80241
G1 X117.771 Y113.959 E937.81948
G1 X117.771 Y112.157 E937.95433
G1 X117.864 Y111.983 E937.9691
G1 X117.997 Y111.904 E937.98067
G1 X119.7 Y111.904 E938.10812
G1 X119.7 Y107.132 E938.46523
G1 X118.072 Y107.132 E938.58706
G1 X117.911 Y107.086 E938.59959
G1 X117.777 Y106.891 E938.6173
G1 X117.777 Y105.043 E938.7556
G1 X117.893 Y104.859 E938.77187
G1 X118.013 Y104.8 E938.78188
G1 X119.7 Y104.796 E938.90813
G1 X119.7 Y100.3 E939.24459
G1 X114.012 Y100.3 E939.67025
G1 X114.012 Y101.975 E939.7956
G1 X113.912 Y102.124 E939.80903
G1 X113.779 Y102.2 E939.82049
G1 X112.02 Y102.197 E939.95213
G1 X111.903 Y102.151 E939.96154
G1 X111.768 Y101.949 E939.97972
G1 X111.768 Y100.3 E940.10312
G1 X107.568 Y100.3 E940.41743
G1 X107.564 Y101.95 E940.54091
G1 X107.49 Y102.099 E940.55336
G1 X107.296 Y102.199 E940.56969
G1 X105.567 Y102.197 E940.69908
G1 X105.365 Y102.072 E940.71686
G1 X105.312 Y101.9 E940.73033
G1 X105.312 Y100.3 E940.85006
G1 X100.3 Y100.3 E941.22514
G1 X100.301 Y119.699 E942.67687
G1 X110 Y119.699 E943.4027
G0 F9000 X110 Y118.7
G0 X113.266 Y118.7
G0 X113.266 Y118.979
;TYPE:FILL
G1 F1449.9 X101.02 Y106.734 E944.69868
G0 F9000 X101.3 Y106.734
G0 X101.3 Y113.265
G0 X101.021 Y113.265
G1 F1449.9 X111.524 Y102.762 E945.81024
G0 F9000 X111.524 Y103.203
G0 X110.973 Y103.145
G0 X108.565 Y102.423
G0 X108.135 Y102.422
G1 F1449.9 X117.276 Y111.563 E946.77766
G0 F9000 X116.772 Y111.562
G0 X116.83 Y111.086
G0 X117.893 Y108.133
G0 X117.893 Y107.82
G1 F1449.9 X106.734 Y118.979 E947.95865
G0 F9000 X106.734 Y118.2
;MESH:NONMESH
G0 F300 X106.734 Y118.2 Z15.8
G0 F9000 X110 Y118.7
G0 X110 Y119.1
;TIME_ELAPSED:787.632253
;LAYER:52
;note -- min layer time used
;TYPE:WALL-INNER
;MESH:xyzCalibration_cube.stl
G1 F1460.1 X119.1 Y119.1 E948.63965
G1 X119.1 Y114.987 E948.94745
G1 X118.066 Y114.984 E949.02483
G1 X117.734 Y114.921 E949.05012
G1 X117.536 Y114.811 E949.06707
G1 X117.276 Y114.513 E949.09667
G1 X117.168 Y114.174 E949.12329
G1 X117.171 Y112.292 E949.26413
G1 X117.289 Y111.915 E949.29369
G1 X117.455 Y111.708 E949.31355
G1 X117.732 Y111.532 E949.33811
G1 X118.07 Y111.468 E949.36385
G1 X119.1 Y111.47 E949.44094
G1 X119.1 Y107.556 E949.73384
G1 X118.072 Y107.556 E949.81077
G1 X117.735 Y107.491 E949.83646
G1 X117.458 Y107.315 E949.86102
G1 X117.223 Y106.958 E949.893
G1 X117.172 Y106.656 E949.91592
G1 X117.172 Y104.796 E950.05511
G1 X117.255 Y104.541 E950.07518
G1 X117.391 Y104.33 E950.09397
G1 X117.548 Y104.188 E950.10981
G1 X117.918 Y104.02 E950.14022
G1 X119.1 Y104.017 E950.22868
G1 X119.1 Y100.9 E950.46194
G1 X114.802 Y100.9 E950.78358
G1 X114.804 Y101.898 E950.85827
G1 X114.763 Y102.17 E950.87885
G1 X114.677 Y102.363 E950.89466
G1 X114.519 Y102.558 E950.91344
G1 X114.185 Y102.756 E950.9425
G1 X113.904 Y102.8 E950.96379
G1 X112.207 Y102.799 E951.09078
G1 X111.964 Y102.752 E951.1093
G1 X111.749 Y102.645 E951.12728
G1 X111.583 Y102.499 E951.14382
G1 X111.396 Y102.168 E951.17227
G1 X111.356 Y101.9 E951.19255
G1 X111.356 Y100.9 E951.26738
G1 X107.996 Y100.9 E951.51883
G1 X107.996 Y101.9 E951.59367
G1 X107.956 Y102.168 E951.61394
G1 X107.769 Y102.499 E951.64239
G1 X107.603 Y102.645 E951.65894
G1 X107.294 Y102.794 E951.68461
G1 X105.353 Y102.8 E951.82987
G1 X104.999 Y102.683 E951.85777
G1 X104.695 Y102.401 E951.8888
G1 X104.591 Y102.189 E951.90647
G1 X104.544 Y101.9 E951.92838
G1 X104.544 Y100.9 E952.00322
G1 X100.901 Y100.901 E952.27584
G1 X100.9 Y119.1 E953.63777
G1 X110 Y119.1 E954.31877
G0 F9000 X110 Y119.7
;TYPE:WALL-OUTER
G1 F1460.1 X119.7 Y119.7 E955.04467
G1 X119.7 Y114.388 E955.4422
G1 X118.067 Y114.384 E955.5644
G1 X117.89 Y114.327 E955.57832
G1 X117.771 Y114.128 E955.59567
G1 X117.774 Y112.304 E955.73217
G1 X117.863 Y112.148 E955.74561
G1 X117.989 Y112.068 E955.75678
G1 X119.7 Y112.071 E955.88482
G1 X119.7 Y106.956 E956.26761
G1 X117.988 Y106.956 E956.39572
G1 X117.841 Y106.849 E956.40933
G1 X117.777 Y106.716 E956.42038
G1 X117.777 Y104.861 E956.5592
G1 X117.897 Y104.676 E956.5757
G1 X118.019 Y104.62 E956.58574
G1 X119.7 Y104.616 E956.71154
G1 X119.7 Y100.3 E957.03453
G1 X114.201 Y100.3 E957.44605
G1 X114.204 Y101.969 E957.57095
G1 X114.109 Y102.12 E957.5843
G1 X113.974 Y102.2 E957.59605
G1 X112.225 Y102.199 E957.72693
G1 X112.087 Y102.149 E957.73792
G1 X111.956 Y101.967 E957.7547
G1 X111.956 Y100.3 E957.87945
G1 X107.396 Y100.3 E958.2207
G1 X107.396 Y101.967 E958.34545
G1 X107.265 Y102.149 E958.36223
G1 X107.132 Y102.198 E958.37284
G1 X105.399 Y102.197 E958.50253
G1 X105.194 Y102.067 E958.52069
G1 X105.144 Y101.9 E958.53374
G1 X105.144 Y100.3 E958.65347
G1 X100.301 Y100.301 E959.0159
G1 X100.3 Y119.7 E960.46763
G1 X110 Y119.7 E961.19353
G0 F9000 X110 Y118.7
G0 X113.566 Y118.7
G0 X113.566 Y118.98
;TYPE:FILL
G1 F1460.1 X101.02 Y106.434 E962.52132
G0 F9000 X101.3 Y106.434
G0 X101.3 Y113.566
G0 X101.02 Y113.566
G1 F1460.1 X111.79 Y102.796 E963.66114
G0 F9000 X111.79 Y103.203
G0 X111.177 Y103.145
G0 X108.395 Y102.502
G0 X107.915 Y102.501
G1 F1460.1 X117.221 Y111.807 E964.64602
G0 F9000 X116.772 Y111.806
G0 X116.83 Y111.268
G0 X117.793 Y107.959
G0 X117.793 Y107.62
G1 F1460.1 X106.433 Y118.98 E965.84829
G0 F9000 X106.433 Y118.2
;MESH:NONMESH
G0 F300 X106.433 Y118.2 Z16.1
G0 F9000 X110 Y118.7
G0 X110 Y119.1
;TIME_ELAPSED:799.585418
;LAYER:53
;note -- min layer time used
;TYPE:WALL-INNER
;MESH:xyzCalibration_cube.stl
G1 F1473.6 X119.1 Y119.1 E966.52929
G1 X119.1 Y115.155 E966.82451
G1 X118.066 Y115.152 E966.90189
G1 X117.754 Y115.096 E966.92561
G1 X117.549 Y114.988 E966.94295
G1 X117.279 Y114.686 E966.97327
G1 X117.168 Y114.341 E967.00039
G1 X117.176 Y112.449 E967.14198
G1 X117.302 Y112.069 E967.17194
G1 X117.455 Y111.88 E967.19014
G1 X117.691 Y111.72 E967.21148
G1 X118.074 Y111.636 E967.24082
G1 X119.1 Y111.638 E967.3176
G1 X119.1 Y107.38 E967.63625
G1 X118.072 Y107.38 E967.71318
G1 X117.691 Y107.296 E967.74238
G1 X117.455 Y107.136 E967.76371
G1 X117.276 Y106.902 E967.78576
G1 X117.172 Y106.613 E967.80875
G1 X117.172 Y104.612 E967.95849
G1 X117.26 Y104.351 E967.9791
G1 X117.391 Y104.151 E967.997
G1 X117.561 Y103.998 E968.01411
G1 X117.937 Y103.84 E968.04463
G1 X119.1 Y103.837 E968.13167
G1 X119.1 Y100.9 E968.35146
G1 X114.994 Y100.9 E968.65873
G1 X114.996 Y101.898 E968.73342
G1 X114.963 Y102.143 E968.75192
G1 X114.871 Y102.358 E968.76942
G1 X114.728 Y102.542 E968.78686
G1 X114.389 Y102.752 E968.8167
G1 X114.096 Y102.8 E968.83892
G1 X112.393 Y102.799 E968.96636
G1 X111.989 Y102.675 E968.99799
G1 X111.78 Y102.504 E969.0182
G1 X111.607 Y102.222 E969.04296
G1 X111.548 Y101.902 E969.06731
G1 X111.545 Y100.9 E969.14229
G1 X107.828 Y100.9 E969.42045
G1 X107.828 Y101.9 E969.49529
G1 X107.769 Y102.222 E969.51979
G1 X107.686 Y102.387 E969.53361
G1 X107.514 Y102.584 E969.55318
G1 X107.238 Y102.746 E969.57713
G1 X107.016 Y102.8 E969.59423
G1 X105.18 Y102.8 E969.73163
G1 X104.823 Y102.679 E969.75984
G1 X104.517 Y102.386 E969.79154
G1 X104.416 Y102.167 E969.80959
G1 X104.376 Y101.9 E969.82979
G1 X104.376 Y100.9 E969.90463
G1 X100.9 Y100.9 E970.16475
G1 X100.9 Y119.1 E971.52676
G1 X110 Y119.1 E972.20776
G0 F9000 X110 Y119.7
;TYPE:WALL-OUTER
G1 F1473.6 X119.7 Y119.7 E972.93366
G1 X119.7 Y114.556 E973.31861
G1 X117.989 Y114.552 E973.44666
G1 X117.842 Y114.45 E973.46005
G1 X117.768 Y114.32 E973.47124
G1 X117.773 Y112.507 E973.60692
G1 X117.843 Y112.341 E973.6204
G1 X117.945 Y112.264 E973.62996
G1 X118.073 Y112.236 E973.63977
G1 X119.7 Y112.239 E973.76153
G1 X119.7 Y106.78 E974.17005
G1 X117.982 Y106.78 E974.29862
G1 X117.843 Y106.675 E974.31166
G1 X117.772 Y106.48 E974.32719
G1 X117.778 Y104.679 E974.46197
G1 X117.845 Y104.543 E974.47331
G1 X118.013 Y104.445 E974.48787
G1 X119.7 Y104.436 E974.61411
G1 X119.7 Y100.3 E974.92363
G1 X114.393 Y100.3 E975.32078
G1 X114.396 Y101.954 E975.44456
G1 X114.307 Y102.114 E975.45826
G1 X114.168 Y102.2 E975.4705
G1 X112.414 Y102.199 E975.60176
G1 X112.275 Y102.146 E975.61289
G1 X112.148 Y101.984 E975.62829
G1 X112.144 Y100.3 E975.75432
G1 X107.228 Y100.3 E976.12221
G1 X107.228 Y101.977 E976.24771
G1 X107.151 Y102.102 E976.25869
G1 X106.967 Y102.198 E976.27422
G1 X105.23 Y102.197 E976.40421
G1 X105.125 Y102.16 E976.41254
G1 X105.023 Y102.062 E976.42313
G1 X104.976 Y101.9 E976.43575
G1 X104.976 Y100.3 E976.55549
G1 X100.3 Y100.3 E976.90542
G1 X100.3 Y119.7 E978.35722
G1 X110 Y119.7 E979.08313
G0 F9000 X110 Y118.7
G0 X113.866 Y118.7
G0 X113.866 Y118.98
;TYPE:FILL
G1 F1473.6 X101.019 Y106.133 E980.44276
G0 F9000 X101.3 Y106.133
G0 X108.154 Y103.13
G0 X108.226 Y102.569
G0 X107.682 Y102.568
G1 F1473.6 X117.176 Y112.062 E981.44754
G0 F9000 X116.773 Y112.061
G0 X116.831 Y111.449
G0 X117.7 Y107.782
G0 X117.7 Y107.413
G1 F1473.6 X106.133 Y118.98 E982.67172
G0 F9000 X106.133 Y118.7
G0 X101.3 Y113.865
G0 X101.02 Y113.865
G1 F1473.6 X112.052 Y102.834 E983.83921
G0 F9000 X112.052 Y103.703
;MESH:NONMESH
G0 F300 X112.052 Y103.703 Z16.4
G0 F9000 X110 Y118.7
G0 X110 Y119.1
;TIME_ELAPSED:811.748330
;LAYER:54
;TYPE:WALL-INNER
;MESH:xyzCalibration_cube.stl
G1 F1500 X119.1 Y119.1 E984.52022
G1 X119.1 Y100.9 E985.88222
G1 X100.9 Y100.9 E987.24422
G1 X100.9 Y119.1 E988.60622
G1 X110 Y119.1 E989.28722
G0 F9000 X110 Y119.7
;TYPE:WALL-OUTER
G1 F1500 X119.7 Y119.7 E990.01313
G1 X119.7 Y100.3 E991.46493
G1 X100.3 Y100.3 E992.91674
G1 X100.3 Y119.7 E994.36854
G1 X110 Y119.7 E995.09444
G0 F9000 X110 Y118.7
G0 X114.166 Y118.7
G0 X114.166 Y118.98
;TYPE:FILL
G1 F3000 X101.019 Y105.833 E996.48583
G0 F9000 X101.3 Y105.833
G0 X107.736 Y103.202
G0 X107.736 Y102.922
G1 F3000 X117.053 Y112.239 E997.47188
G0 F9000 X116.772 Y112.238
G0 X116.774 Y107.76
G0 X117.054 Y107.76
G1 F3000 X105.833 Y118.98 E998.65938
G0 F9000 X105.833 Y118.7
G0 X101.3 Y114.165
G0 X101.02 Y114.165
G1 F3000 X112.264 Y102.922 E999.84931
G0 F9000 X112.264 Y103.203
G0 X110.845 Y103.131
G0 X110.772 Y102.863
G0 X111.112 Y102.863
;TYPE:SKIN
G1 F1500 X111.109 Y101.44 E999.9558
G1 X115.056 Y101.44 E1000.25118
G1 X115.059 Y102.856 E1000.35715
G1 X111.112 Y102.863 E1000.65252
G0 F9000 X111.895 Y102.562
G1 F1500 X111.409 Y102.075 E1000.70401
G0 F9000 X111.922 Y101.74
G1 F1500 X112.743 Y102.56 E1000.79085
G0 F9000 X112.771 Y101.74
G1 F1500 X113.59 Y102.559 E1000.87752
G0 F9000 X113.619 Y101.74
G1 F1500 X114.437 Y102.557 E1000.96404
G0 F9000 X114.757 Y102.029
G1 F1500 X114.468 Y101.74 E1000.99463
G0 F9000 X115.399 Y101.739
G0 X115.329 Y103.127
G0 X108.22 Y103.202
G0 X108.22 Y102.859
G1 F1500 X104.316 Y102.86 E1001.28678
G1 X104.316 Y101.44 E1001.39305
G1 X108.226 Y101.441 E1001.68566
G1 X108.22 Y102.859 E1001.79177
G0 F9000 X107.924 Y101.985
G1 F1500 X107.68 Y101.741 E1001.8176
G0 F9000 X107.65 Y102.559
G1 F1500 X106.833 Y101.741 E1001.90412
G0 F9000 X106.801 Y102.559
G1 F1500 X105.983 Y101.741 E1001.99069
G0 F9000 X105.954 Y102.559
G1 F1500 X105.134 Y101.74 E1002.07742
G0 F9000 X104.616 Y102.071
G1 F1500 X105.105 Y102.559 E1002.12912
G0 F9000 X105.105 Y103.202
G0 X116.774 Y107.792
G0 X117.112 Y107.792
G1 F1500 X117.112 Y103.784 E1002.42906
G1 X118.56 Y103.781 E1002.53742
G1 X118.56 Y107.792 E1002.83758
G1 X117.112 Y107.792 E1002.94594
G0 F9000 X117.675 Y107.492
G1 F1500 X117.412 Y107.229 E1002.97378
G0 F9000 X117.412 Y106.381
G1 F1500 X118.26 Y107.229 E1003.06352
G0 F9000 X118.26 Y106.381
G1 F1500 X117.412 Y105.532 E1003.15332
G0 F9000 X117.412 Y104.684
G1 F1500 X118.26 Y105.532 E1003.24307
G0 F9000 X118.26 Y104.684
G1 F1500 X117.66 Y104.083 E1003.30662
G0 F9000 X117.66 Y103.442
G0 X116.847 Y103.516
G0 X116.77 Y115.211
G0 X117.108 Y115.212
G1 F1500 X117.112 Y111.241 E1003.60379
G1 X118.56 Y111.244 E1003.71216
G1 X118.56 Y115.215 E1004.00933
G1 X117.108 Y115.212 E1004.11799
G0 F9000 X116.77 Y115.211
G0 X116.836 Y115.453
G0 X118.258 Y115.555
G0 X118.26 Y114.866
G1 F1500 X117.409 Y114.015 E1004.20805
G0 F9000 X117.41 Y113.167
G1 F1500 X118.26 Y114.017 E1004.29801
G0 F9000 X118.26 Y113.169
G1 F1500 X117.411 Y112.32 E1004.38786
G0 F9000 X117.482 Y111.543
G1 F1500 X118.26 Y112.32 E1004.47015
G0 F9000 X118.2 Y110.404
;MESH:NONMESH
G0 F300 X118.2 Y110.404 Z16.7
G0 F9000 X116.845 Y110.973
G0 X110 Y118.7
G0 X110 Y119.1
;TIME_ELAPSED:827.236936
;LAYER:55
;note -- min layer time used
;TYPE:WALL-INNER
;MESH:xyzCalibration_cube.stl
G1 F1500 X119.1 Y119.1 E1005.15115
G1 X119.1 Y100.9 E1006.51315
G1 X100.9 Y100.9 E1007.87515
G1 X100.9 Y119.1 E1009.23716
G1 X110 Y119.1 E1009.91816
G0 F9000 X110 Y119.7
;TYPE:WALL-OUTER
G1 F1500 X119.7 Y119.7 E1010.64406
G1 X119.7 Y100.3 E1012.09587
G1 X100.3 Y100.3 E1013.54767
G1 X100.3 Y119.7 E1014.99948
G1 X110 Y119.7 E1015.72538
G0 F9000 X110 Y118.7
G0 X114.466 Y118.7
G0 X114.466 Y118.98
;TYPE:FILL
G1 F2934.4 X101.019 Y105.534 E1017.14846
G0 F9000 X101.3 Y105.534
G0 X107.436 Y103.202
G0 X107.436 Y102.922
G1 F2934.4 X117.053 Y112.539 E1018.16626
G0 F9000 X116.772 Y112.538
G0 X116.774 Y107.459
G0 X117.054 Y107.459
G1 F2934.4 X105.534 Y118.98 E1019.38551
G0 F9000 X105.534 Y118.7
G0 X101.3 Y114.465
G0 X101.02 Y114.465
G1 F2934.4 X112.563 Y102.922 E1020.60714
G0 F9000 X112.563 Y103.202
G0 X111.034 Y103.131
G0 X110.961 Y102.863
G0 X111.3 Y102.863
;TYPE:SKIN
G1 F1500 X111.297 Y101.44 E1020.71363
G1 X115.056 Y101.44 E1020.99494
G1 X115.059 Y102.856 E1021.10091
G1 X111.3 Y102.863 E1021.38221
G0 F9000 X110.961 Y102.863
G0 X111.034 Y103.131
G0 X115.329 Y103.127
G0 X115.4 Y102.147
G0 X114.348 Y102.148
G1 F1100.2 X112.006 Y102.15 E1021.62116
G0 F9000 X110.96 Y102.151
G0 X108.322 Y103.13
G0 X104.048 Y103.13
G0 X103.976 Y102.15
G0 X105.026 Y102.15
G1 F1100.2 X107.344 Y102.148 E1021.85765
G0 F9000 X108.395 Y102.15
G0 X108.394 Y102.86
G0 X108.052 Y102.859
G1 F1500 X104.316 Y102.86 E1022.13723
G1 X104.316 Y101.44 E1022.2435
G1 X108.055 Y101.441 E1022.52331
G1 X108.052 Y102.859 E1022.62943
G0 F9000 X108.394 Y102.86
G0 X116.774 Y107.616
G0 X117.112 Y107.616
G1 F1500 X117.112 Y103.784 E1022.9162
G1 X118.56 Y103.781 E1023.02456
G1 X118.56 Y107.616 E1023.31155
G1 X117.112 Y107.616 E1023.41991
G0 F9000 X116.774 Y107.616
G0 X116.774 Y106.892
G0 X117.836 Y106.892
G1 F1061.3 X117.836 Y104.504 E1023.67248
G0 F9000 X116.774 Y104.504
G0 X116.77 Y115.211
G0 X117.108 Y115.212
G1 F1500 X117.112 Y111.406 E1023.95731
G1 X118.56 Y111.411 E1024.06567
G1 X118.56 Y115.215 E1024.35034
G1 X117.108 Y115.212 E1024.459
G0 F9000 X116.77 Y115.211
G0 X116.77 Y114.484
G0 X117.833 Y114.485
G1 F1056.3 X117.835 Y112.133 E1024.70894
G0 F9000 X116.273 Y112.132
;MESH:NONMESH
G0 F300 X116.273 Y112.132 Z17
G0 F9000 X110 Y118.7
G0 X110 Y119.1
;TIME_ELAPSED:841.335050
;LAYER:56
;TYPE:WALL-INNER
;MESH:xyzCalibration_cube.stl
G1 F1500 X119.1 Y119.1 E1025.38994
G1 X119.1 Y100.9 E1026.75195
G1 X100.9 Y100.9 E1028.11395
G1 X100.9 Y119.1 E1029.47595
G1 X110 Y119.1 E1030.15695
G0 F9000 X110 Y119.7
;TYPE:WALL-OUTER
G1 F1500 X119.7 Y119.7 E1030.88286
G1 X119.7 Y100.3 E1032.33466
G1 X100.3 Y100.3 E1033.78647
G1 X100.3 Y119.7 E1035.23827
G1 X110 Y119.7 E1035.96417
G0 F9000 X110 Y118.7
G0 X113.124 Y117.618
G0 X113.124 Y117.338
;TYPE:FILL
G1 F3000 X114.766 Y118.98 E1036.13795
G0 F9000 X114.766 Y118.7
G0 X116.772 Y112.837
G0 X117.052 Y112.838
G1 F3000 X110.755 Y106.54 E1036.80443
G1 F3600 E1032.80443
G0 F9000 X110.755 Y106.82
G0 X115.165 Y115.599
G0 X115.155 Y117.546
G0 X105.178 Y117.546
G0 X105.178 Y113.577
G0 X107.016 Y108.646
G0 X107.265 Y108.52
G1 F3600 E1036.80443
G1 F3000 X101.02 Y114.765 E1037.46536
G0 F9000 X101.3 Y114.765
G0 X105.234 Y118.7
G0 X105.234 Y118.98
G1 F3000 X106.876 Y117.338 E1037.63914
G0 F9000 X106.876 Y117.618
G0 X105.178 Y117.546
G0 X105.178 Y113.577
G0 X109.57 Y113.505
G0 X109.57 Y113.785
G1 F3000 X101.019 Y105.234 E1038.54412
G1 F3600 E1034.54412
G0 F9000 X101.3 Y105.234
G0 X105.178 Y117.546
G0 X115.155 Y117.546
G0 X115.165 Y115.599
G0 X113.035 Y111.301
G0 X112.786 Y111.427
G1 F3600 E1038.54412
G1 F3000 X117.053 Y107.161 E1038.99566
G0 F9000 X116.774 Y107.16
G0 X116.777 Y104.502
G0 X117.837 Y104.503
;TYPE:SKIN
G1 F1061.3 X117.835 Y106.715 E1039.22961
G0 F9000 X116.774 Y106.714
G0 X116.774 Y107.439
G0 X117.112 Y107.44
G1 F1500 X117.116 Y103.784 E1039.50321
G1 X118.56 Y103.781 E1039.61127
G1 X118.56 Y107.44 E1039.8851
G1 X117.112 Y107.44 E1039.99346
G0 F9000 X116.774 Y107.439
G0 X115.155 Y117.546
G0 X110 Y117.618
G0 X110 Y117.276
G1 F1500 X105.444 Y117.276 E1040.33441
G1 X105.444 Y113.844 E1040.59124
G1 X109.612 Y113.84 E1040.90316
G1 X109.759 Y113.77 E1040.91534
G1 X109.853 Y113.615 E1040.92891
G1 X109.847 Y113.455 E1040.94089
G1 X105.36 Y104.651 E1041.68037
G1 X105.361 Y103.098 E1041.79659
G1 X105.26 Y102.935 E1041.81094
G1 X105.06 Y102.86 E1041.82693
G1 X104.316 Y102.86 E1041.8826
G1 X104.316 Y101.44 E1041.98887
G1 X107.887 Y101.44 E1042.25611
G1 X107.886 Y102.811 E1042.3587
G1 X107.998 Y102.98 E1042.37388
G1 X108.118 Y103.044 E1042.38405
G1 X111.24 Y103.04 E1042.61769
G1 X111.41 Y102.947 E1042.63219
G1 X111.488 Y102.801 E1042.64458
G1 X111.485 Y101.44 E1042.74643
G1 X115.056 Y101.44 E1043.01367
G1 X115.061 Y102.779 E1043.11387
G1 X115.072 Y102.788 E1043.11494
G1 X115.072 Y106.48 E1043.39123
G1 X110.624 Y106.484 E1043.7241
G1 X110.478 Y106.554 E1043.73621
G1 X110.384 Y106.709 E1043.74978
G1 X110.408 Y106.917 E1043.76545
G1 X114.884 Y115.665 E1044.50082
G1 X114.884 Y117.276 E1044.62138
G1 X110 Y117.276 E1044.98688
G0 F9000 X110 Y117.618
G0 X105.945 Y117.618
G0 X105.945 Y116.976
G1 F1500 X105.744 Y116.774 E1045.00821
G0 F9000 X105.744 Y115.926
G1 F1500 X106.794 Y116.976 E1045.11933
G0 F9000 X107.642 Y116.976
G1 F1500 X105.744 Y115.077 E1045.32025
G0 F9000 X105.744 Y114.229
G1 F1500 X108.491 Y116.976 E1045.61098
G0 F9000 X109.339 Y116.976
G1 F1500 X106.507 Y114.144 E1045.9107
G0 F9000 X107.356 Y114.144
G1 F1500 X110.188 Y116.976 E1046.21042
G0 F9000 X111.036 Y116.976
G1 F1500 X108.204 Y114.144 E1046.51014
G0 F9000 X109.053 Y114.144
G1 F1500 X111.885 Y116.976 E1046.80985
G0 F9000 X112.733 Y116.976
G1 F1500 X109.817 Y114.06 E1047.11846
G0 F9000 X110.137 Y113.531
G1 F1500 X113.582 Y116.976 E1047.48306
G0 F9000 X114.43 Y116.976
G1 F1500 X109.437 Y111.982 E1048.01154
G0 F9000 X108.866 Y112.272
G0 X107.982 Y110.54
G0 X108.553 Y110.25
G1 F1500 X114.585 Y116.282 E1048.64992
G0 F9000 X115.227 Y116.282
G0 X115.177 Y115.728
G0 X114.838 Y114.824
G0 X114.266 Y115.115
G1 F1500 X107.669 Y108.518 E1049.3481
G0 F9000 X107.098 Y108.808
G0 X106.214 Y107.075
G0 X106.785 Y106.785
G1 F1500 X113.377 Y113.377 E1050.04575
G0 F9000 X113.948 Y113.086
G0 X113.059 Y111.348
G0 X112.488 Y111.639
G1 F1500 X105.901 Y105.052 E1050.74288
G0 F9000 X105.33 Y105.342
G0 X105.131 Y104.842
G0 X105.022 Y103.962
G0 X105.659 Y103.962
G1 F1500 X111.598 Y109.901 E1051.37142
G0 F9000 X112.169 Y109.61
G0 X111.28 Y107.872
G0 X110.709 Y108.163
G1 F1500 X105.66 Y103.115 E1051.90572
G0 F9000 X105.133 Y102.587
G1 F1500 X104.616 Y102.071 E1051.96038
G0 F9000 X105.134 Y101.74
G1 F1500 X110.089 Y106.695 E1052.48478
G0 F9000 X110.479 Y106.236
G1 F1500 X105.983 Y101.74 E1052.96061
G0 F9000 X106.831 Y101.74
G1 F1500 X107.586 Y102.494 E1053.04046
G0 F9000 X108.225 Y102.496
G0 X108.436 Y102.707
G0 X108.436 Y103.344
G1 F1500 X111.271 Y106.18 E1053.34055
G0 F9000 X112.12 Y106.18
G1 F1500 X109.284 Y103.344 E1053.64069
G0 F9000 X110.133 Y103.344
G1 F1500 X112.968 Y106.18 E1053.94078
G0 F9000 X113.817 Y106.18
G1 F1500 X110.981 Y103.344 E1054.24093
G0 F9000 X111.632 Y103.147
G1 F1500 X114.665 Y106.18 E1054.56192
G0 F9000 X114.772 Y105.438
G1 F1500 X111.787 Y102.453 E1054.87783
G0 F9000 X111.922 Y101.74
G1 F1500 X114.772 Y104.59 E1055.17945
G0 F9000 X114.772 Y103.741
G1 F1500 X112.771 Y101.74 E1055.39123
G0 F9000 X113.619 Y101.74
G1 F1500 X114.772 Y102.893 E1055.51325
G0 F9000 X114.758 Y102.031
G1 F1500 X114.468 Y101.74 E1055.544
G0 F9000 X115.4 Y101.739
G0 X116.771 Y115.211
G0 X117.108 Y115.212
G1 F1500 X117.112 Y111.573 E1055.81632
G1 X118.56 Y111.576 E1055.92468
G1 X118.56 Y115.215 E1056.19701
G1 X117.108 Y115.212 E1056.30567
G0 F9000 X116.771 Y115.211
G0 X116.771 Y114.484
G0 X117.833 Y114.485
G1 F1056.3 X117.835 Y112.297 E1056.53818
G0 F9000 X117.837 Y110.736
;MESH:NONMESH
G0 F300 X117.837 Y110.736 Z17.3
G0 F9000 X116.846 Y111.306
G0 X115.155 Y117.546
G0 X110 Y118.7
G0 X110 Y119.1
;TIME_ELAPSED:868.272473
;LAYER:57
;TYPE:WALL-INNER
;MESH:xyzCalibration_cube.stl
G1 F1500 X119.1 Y119.1 E1057.21918
G1 X119.1 Y100.9 E1058.58118
G1 X100.9 Y100.9 E1059.94319
G1 X100.9 Y119.1 E1061.30519
G1 X110 Y119.1 E1061.98619
G0 F9000 X110 Y119.7
;TYPE:WALL-OUTER
G1 F1500 X119.7 Y119.7 E1062.71209
G1 X119.7 Y100.3 E1064.1639
G1 X100.3 Y100.3 E1065.6157
G1 X100.3 Y119.7 E1067.06751
G1 X110 Y119.7 E1067.79341
G0 F9000 X110 Y118.7
G0 X113.423 Y117.618
G0 X113.423 Y117.338
;TYPE:FILL
G1 F3000 X115.065 Y118.98 E1067.96719
G0 F9000 X115.065 Y118.7
G0 X118.7 Y115.065
G0 X118.98 Y115.065
G1 F3000 X110.455 Y106.54 E1068.86942
G0 F9000 X110.663 Y106.772
G0 X115.34 Y106.748
G0 X115.34 Y102.779
G0 X105.094 Y102.779
G0 X105.084 Y104.724
G0 X107.117 Y108.844
G0 X107.366 Y108.718
G1 F3000 X101.02 Y115.065 E1069.54109
G0 F9000 X101.3 Y115.065
G0 X104.934 Y118.7
G0 X104.934 Y118.98
G1 F3000 X106.576 Y117.338 E1069.71486
G0 F9000 X106.576 Y117.618
G0 X105.178 Y117.546
G0 X105.178 Y113.577
G0 X109.573 Y113.553
G0 X109.87 Y113.785
G1 F3000 X101.019 Y104.934 E1070.65159
G0 F9000 X101.3 Y104.934
G0 X104.935 Y101.3
G0 X104.935 Y101.02
G1 F3000 X106.901 Y102.987 E1070.85971
G0 F9000 X106.901 Y102.707
G0 X113.097 Y102.707
G0 X113.097 Y102.987
G1 F3000 X115.065 Y101.019 E1071.06799
G0 F9000 X115.065 Y101.3
G0 X118.7 Y104.934
G0 X118.98 Y104.934
G1 F3000 X112.685 Y111.229 E1071.73421
G0 F9000 X112.934 Y111.103
G0 X115.165 Y115.599
G0 X115.155 Y117.546
G0 X110 Y117.618
G0 X110 Y117.276
;TYPE:SKIN
G1 F1500 X105.444 Y117.276 E1072.07516
G1 X105.444 Y113.844 E1072.332
G1 X109.612 Y113.84 E1072.64391
G1 X109.759 Y113.77 E1072.65609
G1 X109.853 Y113.615 E1072.66966
G1 X109.847 Y113.455 E1072.68164
G1 X105.36 Y104.651 E1073.42113
G1 X105.36 Y103.044 E1073.54139
G1 X115.072 Y103.044 E1074.26819
G1 X115.072 Y106.48 E1074.52532
G1 X110.624 Y106.484 E1074.85819
G1 X110.478 Y106.554 E1074.87031
G1 X110.384 Y106.709 E1074.88387
G1 X110.408 Y106.917 E1074.89954
G1 X114.884 Y115.665 E1075.63492
G1 X114.884 Y117.276 E1075.75548
G1 X110 Y117.276 E1076.12097
G0 F9000 X110 Y117.618
G0 X113.824 Y117.618
G0 X113.824 Y116.976
G1 F1500 X114.585 Y116.215 E1076.20151
G0 F9000 X114.459 Y115.492
G1 F1500 X112.975 Y116.976 E1076.35857
G0 F9000 X112.127 Y116.976
G1 F1500 X114.172 Y114.931 E1076.575
G0 F9000 X113.884 Y114.37
G1 F1500 X111.278 Y116.976 E1076.8508
G0 F9000 X110.43 Y116.976
G1 F1500 X113.597 Y113.808 E1077.18602
G0 F9000 X113.31 Y113.247
G1 F1500 X109.581 Y116.976 E1077.58067
G0 F9000 X108.733 Y116.976
G1 F1500 X113.023 Y112.686 E1078.0347
G0 F9000 X112.735 Y112.125
G1 F1500 X107.884 Y116.976 E1078.5481
G0 F9000 X107.035 Y116.976
G1 F1500 X112.448 Y111.563 E1079.12097
G0 F9000 X112.161 Y111.002
G1 F1500 X110.027 Y113.136 E1079.34682
G0 F9000 X109.739 Y112.575
G1 F1500 X111.873 Y110.441 E1079.57267
G0 F9000 X111.586 Y109.879
G1 F1500 X109.453 Y112.013 E1079.79846
G0 F9000 X109.167 Y111.451
G1 F1500 X111.299 Y109.318 E1080.02415
G0 F9000 X111.012 Y108.757
G1 F1500 X108.88 Y110.889 E1080.24979
G0 F9000 X108.593 Y110.327
G1 F1500 X110.724 Y108.196 E1080.47532
G0 F9000 X110.437 Y107.634
G1 F1500 X108.306 Y109.766 E1080.7009
G0 F9000 X108.02 Y109.203
G1 F1500 X110.15 Y107.073 E1080.92632
G0 F9000 X110.722 Y106.782
G0 X111.043 Y106.82
G0 X111.043 Y106.181
G1 F1500 X113.88 Y103.344 E1081.22657
G0 F9000 X114.728 Y103.344
G1 F1500 X111.891 Y106.181 E1081.52682
G0 F9000 X112.74 Y106.181
G1 F1500 X114.772 Y104.148 E1081.74193
G0 F9000 X114.772 Y104.997
G1 F1500 X113.588 Y106.181 E1081.86723
G0 F9000 X114.437 Y106.181
G1 F1500 X114.772 Y105.845 E1081.90274
G0 F9000 X115.412 Y105.845
G0 X115.34 Y102.779
G0 X113.031 Y102.707
G0 X113.031 Y103.344
G1 F1500 X107.733 Y108.642 E1082.46344
G0 F9000 X107.446 Y108.08
G1 F1500 X112.182 Y103.344 E1082.96467
G0 F9000 X111.334 Y103.344
G1 F1500 X107.16 Y107.518 E1083.40642
G0 F9000 X106.873 Y106.956
G1 F1500 X110.485 Y103.344 E1083.78869
G0 F9000 X109.637 Y103.344
G1 F1500 X106.586 Y106.394 E1084.11153
G0 F9000 X106.299 Y105.833
G1 F1500 X108.788 Y103.344 E1084.37495
G0 F9000 X107.94 Y103.344
G1 F1500 X106.013 Y105.271 E1084.57889
G0 F9000 X105.726 Y104.709
G1 F1500 X107.091 Y103.344 E1084.72335
G0 F9000 X106.243 Y103.344
G1 F1500 X105.66 Y103.926 E1084.785
G0 F9000 X105.022 Y103.926
G0 X105.057 Y104.378
G0 X106.473 Y113.505
G0 X106.473 Y114.144
G1 F1500 X105.744 Y114.873 E1084.86215
G0 F9000 X105.744 Y115.722
G1 F1500 X107.322 Y114.144 E1085.02916
G0 F9000 X108.17 Y114.144
G1 F1500 X105.744 Y116.57 E1085.28591
G0 F9000 X106.187 Y116.976
G1 F1500 X109.019 Y114.144 E1085.58563
G0 F9000 X108.749 Y113.142
;MESH:NONMESH
G0 F300 X108.749 Y113.142 Z17.6
G0 F9000 X105.178 Y113.577
G0 X105.178 Y117.546
G0 X110 Y118.7
G0 X110 Y119.1
;TIME_ELAPSED:891.515172
;LAYER:58
;TYPE:WALL-INNER
;MESH:xyzCalibration_cube.stl
G1 F1500 X119.1 Y119.1 E1086.26663
G1 X119.1 Y100.9 E1087.62863
G1 X100.9 Y100.9 E1088.99063
G1 X100.9 Y119.1 E1090.35264
G1 X110 Y119.1 E1091.03364
G0 F9000 X110 Y119.7
;TYPE:WALL-OUTER
G1 F1500 X119.7 Y119.7 E1091.75954
G1 X119.7 Y100.3 E1093.21134
G1 X100.3 Y100.3 E1094.66315
G1 X100.3 Y119.7 E1096.11495
G1 X110 Y119.7 E1096.84086
G0 F9000 X110 Y118.7
G0 X113.725 Y117.618
G0 X113.725 Y117.338
;TYPE:FILL
G1 F3000 X115.367 Y118.98 E1097.01463
G0 F9000 X115.367 Y118.7
G0 X118.7 Y115.367
G0 X118.98 Y115.367
G1 F3000 X110.42 Y106.806 E1097.92062
G0 F9000 X110.663 Y106.772
G0 X115.34 Y106.748
G0 X115.34 Y102.779
G0 X105.094 Y102.779
G0 X105.084 Y104.724
G0 X107.219 Y109.044
G0 X107.468 Y108.918
G1 F3000 X101.02 Y115.366 E1098.60303
G0 F9000 X101.3 Y115.366
G0 X104.633 Y118.7
G0 X104.633 Y118.98
G1 F3000 X106.275 Y117.338 E1098.77681
G0 F9000 X106.275 Y117.618
G0 X105.178 Y117.546
G0 X105.178 Y113.577
G0 X109.474 Y113.465
G0 X109.725 Y113.338
G1 F3000 X101.019 Y104.633 E1099.69814
G0 F9000 X101.3 Y104.633
G0 X104.633 Y101.3
G0 X104.633 Y101.02
G1 F3000 X106.6 Y102.987 E1099.90631
G0 F9000 X106.6 Y102.707
G0 X113.399 Y102.707
G0 X113.399 Y102.987
G1 F3000 X115.367 Y101.019 E1100.11459
G0 F9000 X115.367 Y101.3
G0 X118.7 Y104.633
G0 X118.98 Y104.633
G1 F3000 X112.583 Y111.03 E1100.79161
G0 F9000 X112.832 Y110.904
G0 X115.165 Y115.599
G0 X115.155 Y117.546
G0 X110 Y117.618
G0 X110 Y117.276
;TYPE:SKIN
G1 F1500 X105.444 Y117.276 E1101.13256
G1 X105.444 Y113.844 E1101.38939
G1 X109.612 Y113.84 E1101.7013
G1 X109.759 Y113.77 E1101.71349
G1 X109.853 Y113.615 E1101.72705
G1 X109.847 Y113.455 E1101.73904
G1 X105.36 Y104.651 E1102.47852
G1 X105.36 Y103.044 E1102.59878
G1 X115.072 Y103.044 E1103.32558
G1 X115.072 Y106.48 E1103.58271
G1 X110.624 Y106.484 E1103.91558
G1 X110.478 Y106.554 E1103.9277
G1 X110.384 Y106.709 E1103.94126
G1 X110.408 Y106.917 E1103.95693
G1 X114.884 Y115.665 E1104.69231
G1 X114.884 Y117.276 E1104.81287
G1 X110 Y117.276 E1105.17837
G0 F9000 X110 Y117.618
G0 X105.945 Y117.618
G0 X105.945 Y116.976
G1 F1500 X105.744 Y116.774 E1105.19969
G0 F9000 X105.744 Y115.926
G1 F1500 X106.794 Y116.976 E1105.31082
G0 F9000 X107.642 Y116.976
G1 F1500 X105.744 Y115.077 E1105.51174
G0 F9000 X105.744 Y114.229
G1 F1500 X108.491 Y116.976 E1105.80246
G0 F9000 X109.339 Y116.976
G1 F1500 X106.507 Y114.144 E1106.10218
G0 F9000 X107.356 Y114.144
G1 F1500 X110.188 Y116.976 E1106.4019
G0 F9000 X111.036 Y116.976
G1 F1500 X108.204 Y114.144 E1106.70162
G0 F9000 X109.053 Y114.144
G1 F1500 X111.885 Y116.976 E1107.00134
G0 F9000 X112.733 Y116.976
G1 F1500 X109.817 Y114.06 E1107.30995
G0 F9000 X110.137 Y113.531
G1 F1500 X113.582 Y116.976 E1107.67455
G0 F9000 X114.43 Y116.976
G1 F1500 X109.437 Y111.982 E1108.20302
G0 F9000 X108.866 Y112.272
G0 X107.982 Y110.54
G0 X108.553 Y110.25
G1 F1500 X114.585 Y116.282 E1108.84141
G0 F9000 X115.227 Y116.282
G0 X115.177 Y115.728
G0 X114.838 Y114.824
G0 X114.266 Y115.115
G1 F1500 X107.669 Y108.518 E1109.53959
G0 F9000 X107.098 Y108.808
G0 X106.214 Y107.075
G0 X106.785 Y106.785
G1 F1500 X113.377 Y113.377 E1110.23724
G0 F9000 X113.948 Y113.086
G0 X113.059 Y111.348
G0 X112.488 Y111.639
G1 F1500 X105.901 Y105.052 E1110.93436
G0 F9000 X105.33 Y105.342
G0 X105.131 Y104.842
G0 X105.022 Y103.962
G0 X105.659 Y103.962
G1 F1500 X111.598 Y109.901 E1111.56291
G0 F9000 X112.169 Y109.61
G0 X111.28 Y107.872
G0 X110.709 Y108.163
G1 F1500 X105.889 Y103.344 E1112.07297
G0 F9000 X106.738 Y103.344
G1 F1500 X110.089 Y106.695 E1112.42762
G0 F9000 X110.479 Y106.236
G1 F1500 X107.586 Y103.344 E1112.73374
G0 F9000 X108.435 Y103.344
G1 F1500 X111.271 Y106.18 E1113.03388
G0 F9000 X112.12 Y106.18
G1 F1500 X109.283 Y103.344 E1113.33408
G0 F9000 X110.132 Y103.344
G1 F1500 X112.968 Y106.18 E1113.63422
G0 F9000 X113.817 Y106.18
G1 F1500 X110.98 Y103.344 E1113.93441
G0 F9000 X111.829 Y103.344
G1 F1500 X114.665 Y106.18 E1114.23456
G0 F9000 X114.772 Y105.438
G1 F1500 X112.677 Y103.344 E1114.45622
G0 F9000 X113.526 Y103.344
G1 F1500 X114.772 Y104.59 E1114.58809
G0 F9000 X114.772 Y103.741
G1 F1500 X114.375 Y103.344 E1114.63011
G0 F9000 X114.375 Y102.207
;MESH:NONMESH
G0 F300 X114.375 Y102.207 Z17.9
G0 F9000 X115.34 Y102.779
G0 X115.34 Y106.748
G0 X115.155 Y117.546
G0 X110 Y118.7
G0 X110 Y119.1
;TIME_ELAPSED:914.403119
;LAYER:59
;TYPE:WALL-INNER
;MESH:xyzCalibration_cube.stl
G1 F1500 X119.1 Y119.1 E1115.31111
G1 X119.1 Y100.9 E1116.67311
G1 X100.9 Y100.9 E1118.03511
G1 X100.9 Y119.1 E1119.39712
G1 X110 Y119.1 E1120.07812
G0 F9000 X110 Y119.7
;TYPE:WALL-OUTER
G1 F1500 X119.7 Y119.7 E1120.80402
G1 X119.7 Y100.3 E1122.25583
G1 X100.3 Y100.3 E1123.70763
G1 X100.3 Y119.7 E1125.15944
G1 X110 Y119.7 E1125.88534
G0 F9000 X110 Y118.7
G0 X114.025 Y117.618
G0 X114.025 Y117.338
;TYPE:FILL
G1 F3000 X115.666 Y118.98 E1126.05906
G0 F9000 X115.666 Y118.7
G0 X118.7 Y115.666
G0 X118.98 Y115.666
G1 F3000 X110.734 Y107.421 E1126.93171
G0 F9000 X110.984 Y107.294
G0 X115.34 Y106.748
G0 X115.34 Y102.779
G0 X105.094 Y102.779
G0 X105.084 Y104.724
G0 X107.32 Y109.242
G0 X107.569 Y109.116
G1 F3000 X101.02 Y115.666 E1127.62486
G0 F9000 X101.3 Y115.666
G0 X104.333 Y118.7
G0 X104.333 Y118.98
G1 F3000 X105.975 Y117.338 E1127.79864
G0 F9000 X105.975 Y117.618
G0 X105.178 Y117.546
G0 X105.178 Y113.577
G0 X109.527 Y113.505
G0 X109.527 Y113.786
G1 F3000 X109.809 Y113.504 E1127.82849
G0 F9000 X109.412 Y112.726
G1 F3000 X101.019 Y104.333 E1128.71674
G0 F9000 X101.3 Y104.333
G0 X104.334 Y101.3
G0 X104.334 Y101.02
G1 F3000 X106.3 Y102.987 E1128.92486
G0 F9000 X106.3 Y102.707
G0 X113.699 Y102.707
G0 X113.699 Y102.987
G1 F3000 X115.666 Y101.019 E1129.13309
G0 F9000 X115.666 Y101.3
G0 X118.7 Y104.333
G0 X118.98 Y104.333
G1 F3000 X112.481 Y110.832 E1129.8209
G0 F9000 X112.73 Y110.706
G0 X115.165 Y115.599
G0 X115.155 Y117.546
G0 X110 Y117.618
G0 X110 Y117.276
;TYPE:SKIN
G1 F1500 X105.444 Y117.276 E1130.16185
G1 X105.444 Y113.844 E1130.41869
G1 X109.612 Y113.84 E1130.7306
G1 X109.759 Y113.77 E1130.74278
G1 X109.853 Y113.615 E1130.75635
G1 X109.847 Y113.455 E1130.76833
G1 X105.36 Y104.651 E1131.50781
G1 X105.36 Y103.044 E1131.62807
G1 X115.072 Y103.044 E1132.35488
G1 X115.072 Y106.48 E1132.61201
G1 X110.624 Y106.484 E1132.94488
G1 X110.478 Y106.554 E1132.95699
G1 X110.384 Y106.709 E1132.97056
G1 X110.408 Y106.917 E1132.98623
G1 X114.884 Y115.665 E1133.72161
G1 X114.884 Y117.276 E1133.84216
G1 X110 Y117.276 E1134.20766
G0 F9000 X110 Y117.618
G0 X113.824 Y117.618
G0 X113.824 Y116.976
G1 F1500 X114.585 Y116.215 E1134.2882
G0 F9000 X114.459 Y115.492
G1 F1500 X112.975 Y116.976 E1134.44526
G0 F9000 X112.127 Y116.976
G1 F1500 X114.172 Y114.931 E1134.66168
G0 F9000 X113.884 Y114.37
G1 F1500 X111.278 Y116.976 E1134.93749
G0 F9000 X110.43 Y116.976
G1 F1500 X113.597 Y113.808 E1135.27271
G0 F9000 X113.31 Y113.247
G1 F1500 X109.581 Y116.976 E1135.66736
G0 F9000 X108.733 Y116.976
G1 F1500 X113.023 Y112.686 E1136.12139
G0 F9000 X112.735 Y112.125
G1 F1500 X107.884 Y116.976 E1136.63478
G0 F9000 X107.035 Y116.976
G1 F1500 X112.448 Y111.563 E1137.20766
G0 F9000 X112.161 Y111.002
G1 F1500 X110.027 Y113.136 E1137.43351
G0 F9000 X109.739 Y112.575
G1 F1500 X111.873 Y110.441 E1137.65935
G0 F9000 X111.586 Y109.879
G1 F1500 X109.453 Y112.013 E1137.88515
G0 F9000 X109.167 Y111.451
G1 F1500 X111.299 Y109.318 E1138.11084
G0 F9000 X111.012 Y108.757
G1 F1500 X108.88 Y110.889 E1138.33647
G0 F9000 X108.593 Y110.327
G1 F1500 X110.724 Y108.196 E1138.562
G0 F9000 X110.437 Y107.634
G1 F1500 X108.306 Y109.766 E1138.78759
G0 F9000 X108.02 Y109.203
G1 F1500 X110.15 Y107.073 E1139.01301
G0 F9000 X110.722 Y106.782
G0 X111.043 Y106.82
G0 X111.043 Y106.181
G1 F1500 X113.88 Y103.344 E1139.31326
G0 F9000 X114.728 Y103.344
G1 F1500 X111.891 Y106.181 E1139.61351
G0 F9000 X112.74 Y106.181
G1 F1500 X114.772 Y104.148 E1139.82862
G0 F9000 X114.772 Y104.997
G1 F1500 X113.588 Y106.181 E1139.95392
G0 F9000 X114.437 Y106.181
G1 F1500 X114.772 Y105.845 E1139.98943
G0 F9000 X115.412 Y105.845
G0 X115.34 Y102.779
G0 X113.031 Y102.707
G0 X113.031 Y103.344
G1 F1500 X107.733 Y108.642 E1140.55013
G0 F9000 X107.446 Y108.08
G1 F1500 X112.182 Y103.344 E1141.05136
G0 F9000 X111.334 Y103.344
G1 F1500 X107.16 Y107.518 E1141.49311
G0 F9000 X106.873 Y106.956
G1 F1500 X110.485 Y103.344 E1141.87537
G0 F9000 X109.637 Y103.344
G1 F1500 X106.586 Y106.394 E1142.19822
G0 F9000 X106.299 Y105.833
G1 F1500 X108.788 Y103.344 E1142.46164
G0 F9000 X107.94 Y103.344
G1 F1500 X106.013 Y105.271 E1142.66558
G0 F9000 X105.726 Y104.709
G1 F1500 X107.091 Y103.344 E1142.81004
G0 F9000 X106.243 Y103.344
G1 F1500 X105.66 Y103.926 E1142.87169
G0 F9000 X105.022 Y103.926
G0 X105.057 Y104.378
G0 X106.473 Y113.505
G0 X106.473 Y114.144
G1 F1500 X105.744 Y114.873 E1142.94884
G0 F9000 X105.744 Y115.722
G1 F1500 X107.322 Y114.144 E1143.11584
G0 F9000 X108.17 Y114.144
G1 F1500 X105.744 Y116.57 E1143.3726
G0 F9000 X106.187 Y116.976
G1 F1500 X109.019 Y114.144 E1143.67231
G0 F9000 X108.749 Y113.142
;MESH:NONMESH
G0 F300 X108.749 Y113.142 Z18.2
G0 F9000 X105.178 Y113.577
G0 X105.178 Y117.546
G0 X110 Y117.618
G0 X110 Y117.216
;TIME_ELAPSED:937.678282
;LAYER:60
;TYPE:WALL-INNER
;MESH:xyzCalibration_cube.stl
G1 F1500 X106.404 Y117.216 E1143.94142
G1 X106.031 Y117.136 E1143.96997
G1 X105.748 Y116.933 E1143.99603
G1 X105.582 Y116.684 E1144.01843
G1 X105.504 Y116.416 E1144.03932
G1 X105.504 Y114.649 E1144.17155
G1 X105.613 Y114.374 E1144.19369
G1 X105.732 Y114.204 E1144.20922
G1 X106.021 Y113.989 E1144.23617
G1 X106.404 Y113.904 E1144.26553
G1 X110.142 Y113.904 E1144.54527
G1 X105.518 Y104.837 E1145.30694
G1 X105.42 Y104.575 E1145.32788
G1 X105.42 Y103.851 E1145.38206
G1 X105.537 Y103.559 E1145.4056
G1 X105.712 Y103.339 E1145.42663
G1 X105.983 Y103.169 E1145.45057
G1 X106.209 Y103.104 E1145.46817
G1 X114.112 Y103.104 E1146.0596
G1 X114.424 Y103.159 E1146.08331
G1 X114.683 Y103.308 E1146.10567
G1 X114.862 Y103.506 E1146.12564
G1 X114.964 Y103.712 E1146.14284
G1 X115.012 Y104.004 E1146.16499
G1 X115.012 Y105.52 E1146.27844
G1 X114.978 Y105.766 E1146.29702
G1 X114.883 Y105.986 E1146.31496
G1 X114.745 Y106.161 E1146.33163
G1 X114.424 Y106.365 E1146.3601
G1 X114.112 Y106.42 E1146.38381
G1 X110.088 Y106.42 E1146.68494
G1 X114.726 Y115.486 E1147.44703
G1 X114.824 Y115.749 E1147.46803
G1 X114.824 Y116.437 E1147.51952
G1 X114.726 Y116.726 E1147.54236
G1 X114.554 Y116.96 E1147.56409
G1 X114.277 Y117.145 E1147.58902
G1 X114.036 Y117.216 E1147.60782
G1 X110 Y117.216 E1147.90985
G0 F9000 X110 Y117.618
G0 X110 Y118.7
G0 X110 Y119.1
G1 F1500 X119.1 Y119.1 E1148.59085
G1 X119.1 Y100.9 E1149.95286
G1 X100.9 Y100.9 E1151.31486
G1 X100.9 Y119.1 E1152.67686
G1 X110 Y119.1 E1153.35786
G0 F9000 X110 Y119.7
;TYPE:WALL-OUTER
G1 F1500 X119.7 Y119.7 E1154.08377
G1 X119.7 Y100.3 E1155.53557
G1 X100.3 Y100.3 E1156.98738
G1 X100.3 Y119.7 E1158.43918
G1 X110 Y119.7 E1159.16508
G1 F3600 E1155.16508
G0 F9000 X110 Y118.7
G0 X110 Y117.618
G0 X110 Y116.614
G1 F3600 E1159.16508
G1 F1500 X106.315 Y116.616 E1159.44085
G1 X106.185 Y116.522 E1159.45286
G1 X106.107 Y116.36 E1159.46631
G1 X106.104 Y114.751 E1159.58672
G1 X106.227 Y114.561 E1159.60366
G1 X106.35 Y114.504 E1159.6138
G1 X111.122 Y114.504 E1159.97092
G1 X106.02 Y104.502 E1160.81118
G1 X106.02 Y103.951 E1160.85241
G1 X106.117 Y103.782 E1160.86699
G1 X106.268 Y103.708 E1160.87958
G1 X114.185 Y103.704 E1161.47205
G1 X114.303 Y103.772 E1161.48224
G1 X114.412 Y103.929 E1161.49654
G1 X114.412 Y105.577 E1161.61987
G1 X114.27 Y105.776 E1161.63817
G1 X114.169 Y105.815 E1161.64627
G1 X109.107 Y105.82 E1162.02509
G1 X114.224 Y115.822 E1162.86586
G1 X114.22 Y116.368 E1162.90672
G1 X114.134 Y116.531 E1162.92051
G1 X113.976 Y116.612 E1162.9338
G1 X110 Y116.614 E1163.23134
G0 F9000 X110 Y117.618
G0 X105.178 Y117.546
G0 X105.178 Y113.577
G0 X109.229 Y113.505
G0 X109.229 Y113.784
;TYPE:FILL
G1 F3000 X109.703 Y113.31 E1163.28151
G0 F9000 X109.458 Y113.434
G0 X108.84 Y112.224
G0 X109.086 Y112.1
G1 F3000 X101.019 Y104.033 E1164.13526
G0 F9000 X101.3 Y104.033
G0 X104.034 Y101.3
G0 X104.034 Y101.02
G1 F3000 X106.042 Y103.028 E1164.34778
G0 F9000 X106.042 Y102.707
G0 X115.34 Y102.779
G0 X115.34 Y106.748
G0 X110.663 Y106.772
G0 X110.339 Y106.647
G1 F3000 X110.446 Y106.54 E1164.3591
G0 F9000 X110.663 Y106.772
G0 X111.298 Y107.908
G0 X111.048 Y108.035
G1 F3000 X118.98 Y115.966 E1165.19851
G0 F9000 X118.7 Y115.966
G0 X115.966 Y118.7
G0 X115.966 Y118.98
G1 F3000 X114.259 Y117.273 E1165.37917
G0 F9000 X114.259 Y117.618
G0 X115.155 Y117.546
G0 X115.165 Y115.6
G0 X112.629 Y110.508
G0 X112.379 Y110.634
G1 F3000 X118.98 Y104.033 E1166.07778
G0 F9000 X118.7 Y104.033
G0 X115.966 Y101.3
G0 X115.966 Y101.019
G1 F3000 X114.001 Y102.984 E1166.28574
G0 F9000 X114.001 Y102.707
G0 X105.094 Y102.779
G0 X105.084 Y104.724
G0 X107.421 Y109.443
G0 X107.668 Y109.318
G1 F3000 X101.02 Y115.966 E1166.98932
G0 F9000 X101.3 Y115.966
G0 X104.033 Y118.7
G0 X104.033 Y118.98
G1 F3000 X105.86 Y117.153 E1167.18267
G0 F9000 X105.86 Y118.118
;MESH:NONMESH
G0 F300 X105.86 Y118.118 Z18.5
G0 F9000 X110 Y117.618
G0 X110 Y117.216
;TIME_ELAPSED:954.396319
;LAYER:61
;TYPE:WALL-INNER
;MESH:xyzCalibration_cube.stl
G1 F1500 X106.404 Y117.216 E1167.45178
G1 X106.031 Y117.136 E1167.48033
G1 X105.748 Y116.933 E1167.50639
G1 X105.582 Y116.684 E1167.52879
G1 X105.504 Y116.416 E1167.54968
G1 X105.504 Y114.649 E1167.68191
G1 X105.613 Y114.374 E1167.70405
G1 X105.732 Y114.204 E1167.71958
G1 X106.021 Y113.989 E1167.74653
G1 X106.404 Y113.904 E1167.77589
G1 X110.142 Y113.904 E1168.05563
G1 X105.518 Y104.837 E1168.8173
G1 X105.42 Y104.575 E1168.83823
G1 X105.42 Y103.851 E1168.89242
G1 X105.537 Y103.559 E1168.91596
G1 X105.712 Y103.339 E1168.93699
G1 X105.983 Y103.169 E1168.96093
G1 X106.209 Y103.104 E1168.97853
G1 X114.112 Y103.104 E1169.56996
G1 X114.424 Y103.159 E1169.59366
G1 X114.683 Y103.308 E1169.61603
G1 X114.862 Y103.506 E1169.636
G1 X114.964 Y103.712 E1169.6532
G1 X115.012 Y104.004 E1169.67535
G1 X115.012 Y105.52 E1169.7888
G1 X114.978 Y105.766 E1169.80738
G1 X114.883 Y105.986 E1169.82532
G1 X114.745 Y106.161 E1169.84199
G1 X114.424 Y106.365 E1169.87046
G1 X114.112 Y106.42 E1169.89416
G1 X110.088 Y106.42 E1170.1953
G1 X114.726 Y115.486 E1170.95739
G1 X114.824 Y115.749 E1170.97839
G1 X114.824 Y116.437 E1171.02988
G1 X114.726 Y116.726 E1171.05271
G1 X114.554 Y116.96 E1171.07445
G1 X114.277 Y117.145 E1171.09937
G1 X114.036 Y117.216 E1171.11818
G1 X110 Y117.216 E1171.42021
G0 F9000 X110 Y117.618
G0 X110 Y118.7
G0 X110 Y119.1
G1 F1500 X119.1 Y119.1 E1172.10121
G1 X119.1 Y100.9 E1173.46322
G1 X100.9 Y100.9 E1174.82522
G1 X100.9 Y119.1 E1176.18722
G1 X110 Y119.1 E1176.86822
G0 F9000 X110 Y119.7
;TYPE:WALL-OUTER
G1 F1500 X119.7 Y119.7 E1177.59412
G1 X119.7 Y100.3 E1179.04593
G1 X100.3 Y100.3 E1180.49773
G1 X100.3 Y119.7 E1181.94954
G1 X110 Y119.7 E1182.67544
G1 F3600 E1178.67544
G0 F9000 X110 Y118.7
G0 X110 Y117.618
G0 X110 Y116.614
G1 F3600 E1182.67544
G1 F1500 X106.315 Y116.616 E1182.95121
G1 X106.185 Y116.522 E1182.96321
G1 X106.107 Y116.36 E1182.97667
G1 X106.104 Y114.751 E1183.09708
G1 X106.227 Y114.561 E1183.11402
G1 X106.35 Y114.504 E1183.12416
G1 X111.122 Y114.504 E1183.48128
G1 X106.02 Y104.502 E1184.32154
G1 X106.02 Y103.951 E1184.36277
G1 X106.117 Y103.782 E1184.37735
G1 X106.268 Y103.708 E1184.38994
G1 X114.185 Y103.704 E1184.98241
G1 X114.303 Y103.772 E1184.9926
G1 X114.412 Y103.929 E1185.0069
G1 X114.412 Y105.577 E1185.13023
G1 X114.27 Y105.776 E1185.14853
G1 X114.169 Y105.815 E1185.15663
G1 X109.107 Y105.82 E1185.53545
G1 X114.224 Y115.822 E1186.37622
G1 X114.22 Y116.368 E1186.41708
G1 X114.134 Y116.531 E1186.43087
G1 X113.976 Y116.612 E1186.44416
G1 X110 Y116.614 E1186.7417
G0 F9000 X110 Y117.618
G0 X105.178 Y117.546
G0 X105.178 Y113.577
G0 X108.929 Y113.505
G0 X108.929 Y113.784
;TYPE:FILL
G1 F3000 X109.602 Y113.112 E1186.81287
G0 F9000 X109.357 Y113.236
G0 X108.529 Y111.613
G0 X108.775 Y111.489
G1 F3000 X101.019 Y103.733 E1187.63371
G0 F9000 X101.3 Y103.733
G0 X103.734 Y101.3
G0 X103.734 Y101.02
G1 F3000 X105.838 Y103.124 E1187.85639
G0 F9000 X105.838 Y102.707
G0 X115.34 Y102.779
G0 X115.34 Y106.748
G0 X110.69 Y106.77
G0 X110.44 Y106.845
G1 F3000 X110.746 Y106.54 E1187.88872
G0 F9000 X110.746 Y106.82
G0 X111.613 Y108.523
G0 X111.363 Y108.649
G1 F3000 X118.98 Y116.266 E1188.69485
G0 F9000 X118.7 Y116.266
G0 X116.266 Y118.7
G0 X116.266 Y118.98
G1 F3000 X114.452 Y117.166 E1188.88683
G0 F9000 X114.452 Y117.618
G0 X115.155 Y117.546
G0 X115.165 Y115.6
G0 X112.527 Y110.309
G0 X112.278 Y110.435
G1 F3000 X118.98 Y103.733 E1189.59613
G0 F9000 X118.7 Y103.733
G0 X116.266 Y101.3
G0 X116.266 Y101.019
G1 F3000 X114.27 Y103.016 E1189.80742
G0 F9000 X114.27 Y102.707
G0 X105.094 Y102.779
G0 X105.084 Y104.724
G0 X107.523 Y109.641
G0 X107.769 Y109.517
G1 F3000 X101.02 Y116.265 E1190.52164
G0 F9000 X101.3 Y116.265
G0 X103.733 Y118.7
G0 X103.733 Y118.98
G1 F3000 X105.685 Y117.028 E1190.72822
G0 F9000 X104.606 Y117.028
;MESH:NONMESH
G0 F300 X104.606 Y117.028 Z18.8
G0 F9000 X105.178 Y117.546
G0 X110 Y117.618
G0 X110 Y117.216
;TIME_ELAPSED:971.218234
;LAYER:62
;TYPE:WALL-INNER
;MESH:xyzCalibration_cube.stl
G1 F1500 X106.404 Y117.216 E1190.99733
G1 X106.031 Y117.136 E1191.02588
G1 X105.748 Y116.933 E1191.05194
G1 X105.582 Y116.684 E1191.07434
G1 X105.504 Y116.416 E1191.09522
G1 X105.504 Y114.649 E1191.22746
G1 X105.613 Y114.374 E1191.2496
G1 X105.732 Y114.204 E1191.26513
G1 X106.021 Y113.989 E1191.29208
G1 X106.404 Y113.904 E1191.32144
G1 X110.142 Y113.904 E1191.60118
G1 X105.518 Y104.837 E1192.36285
G1 X105.42 Y104.575 E1192.38378
G1 X105.42 Y103.851 E1192.43796
G1 X105.537 Y103.559 E1192.4615
G1 X105.712 Y103.339 E1192.48254
G1 X105.983 Y103.169 E1192.50648
G1 X106.209 Y103.104 E1192.52408
G1 X114.112 Y103.104 E1193.1155
G1 X114.424 Y103.159 E1193.13921
G1 X114.683 Y103.308 E1193.16157
G1 X114.862 Y103.506 E1193.18155
G1 X114.964 Y103.712 E1193.19875
G1 X115.012 Y104.004 E1193.2209
G1 X115.012 Y105.52 E1193.33435
G1 X114.978 Y105.766 E1193.35293
G1 X114.883 Y105.986 E1193.37086
G1 X114.745 Y106.161 E1193.38754
G1 X114.424 Y106.365 E1193.416
G1 X114.112 Y106.42 E1193.43971
G1 X110.088 Y106.42 E1193.74085
G1 X114.726 Y115.486 E1194.50293
G1 X114.824 Y115.749 E1194.52394
G1 X114.824 Y116.437 E1194.57543
G1 X114.726 Y116.726 E1194.59826
G1 X114.554 Y116.96 E1194.62
G1 X114.277 Y117.145 E1194.64492
G1 X114.036 Y117.216 E1194.66372
G1 X110 Y117.216 E1194.96576
G0 F9000 X110 Y117.618
G0 X110 Y118.7
G0 X110 Y119.1
G1 F1500 X119.1 Y119.1 E1195.64676
G1 X119.1 Y100.9 E1197.00876
G1 X100.9 Y100.9 E1198.37077
G1 X100.9 Y119.1 E1199.73277
G1 X110 Y119.1 E1200.41377
G0 F9000 X110 Y119.7
;TYPE:WALL-OUTER
G1 F1500 X119.7 Y119.7 E1201.13967
G1 X119.7 Y100.3 E1202.59148
G1 X100.3 Y100.3 E1204.04328
G1 X100.3 Y119.7 E1205.49509
G1 X110 Y119.7 E1206.22099
G1 F3600 E1202.22099
G0 F9000 X110 Y118.7
G0 X110 Y117.618
G0 X110 Y116.614
G1 F3600 E1206.22099
G1 F1500 X106.315 Y116.616 E1206.49676
G1 X106.185 Y116.522 E1206.50876
G1 X106.107 Y116.36 E1206.52222
G1 X106.104 Y114.751 E1206.64263
G1 X106.227 Y114.561 E1206.65957
G1 X106.35 Y114.504 E1206.66971
G1 X111.122 Y114.504 E1207.02683
G1 X106.02 Y104.502 E1207.86708
G1 X106.02 Y103.951 E1207.90832
G1 X106.117 Y103.782 E1207.9229
G1 X106.268 Y103.708 E1207.93549
G1 X114.185 Y103.704 E1208.52796
G1 X114.303 Y103.772 E1208.53815
G1 X114.412 Y103.929 E1208.55245
G1 X114.412 Y105.577 E1208.67578
G1 X114.27 Y105.776 E1208.69408
G1 X114.169 Y105.815 E1208.70218
G1 X109.107 Y105.82 E1209.08099
G1 X114.224 Y115.822 E1209.92176
G1 X114.22 Y116.368 E1209.96262
G1 X114.134 Y116.531 E1209.97642
G1 X113.976 Y116.612 E1209.9897
G1 X110 Y116.614 E1210.28725
G0 F9000 X110 Y117.618
G0 X105.178 Y117.546
G0 X105.178 Y113.577
G0 X108.629 Y113.505
G0 X108.629 Y113.784
;TYPE:FILL
G1 F3000 X109.5 Y112.913 E1210.37943
G0 F9000 X109.255 Y113.037
G0 X108.217 Y111.001
G0 X108.463 Y110.877
G1 F3000 X101.019 Y103.433 E1211.16725
G0 F9000 X101.3 Y103.433
G0 X103.434 Y101.3
G0 X103.434 Y101.02
G1 F3000 X105.654 Y103.24 E1211.4022
G0 F9000 X105.654 Y102.707
G0 X115.34 Y102.779
G0 X115.34 Y106.748
G0 X110.791 Y106.917
G0 X110.542 Y107.043
G1 F3000 X111.045 Y106.54 E1211.45543
G0 F9000 X111.045 Y106.82
G0 X111.927 Y109.136
G0 X111.677 Y109.263
G1 F3000 X118.98 Y116.566 E1212.22833
G0 F9000 X118.7 Y116.566
G0 X116.566 Y118.7
G0 X116.566 Y118.98
G1 F3000 X114.632 Y117.046 E1212.43302
G0 F9000 X114.632 Y117.618
G0 X115.155 Y117.546
G0 X115.165 Y115.6
G0 X112.425 Y110.111
G0 X112.176 Y110.237
G1 F3000 X118.98 Y103.433 E1213.1531
G0 F9000 X118.7 Y103.433
G0 X116.566 Y101.3
G0 X116.566 Y101.019
G1 F3000 X114.51 Y103.076 E1213.37075
G0 F9000 X114.51 Y102.707
G0 X105.094 Y102.779
G0 X105.084 Y104.724
G0 X107.624 Y109.839
G0 X107.87 Y109.715
G1 F3000 X101.02 Y116.565 E1214.09571
G0 F9000 X101.3 Y116.565
G0 X103.433 Y118.7
G0 X103.433 Y118.98
G1 F3000 X105.558 Y116.856 E1214.32055
G0 F9000 X104.606 Y116.856
;MESH:NONMESH
G0 F300 X104.606 Y116.856 Z19.1
G0 F9000 X105.178 Y117.546
G0 X110 Y117.618
G0 X110 Y117.216
;TIME_ELAPSED:988.080110
;LAYER:63
;TYPE:WALL-INNER
;MESH:xyzCalibration_cube.stl
G1 F1500 X106.404 Y117.216 E1214.58966
G1 X106.031 Y117.136 E1214.6182
G1 X105.748 Y116.933 E1214.64427
G1 X105.582 Y116.684 E1214.66666
G1 X105.504 Y116.416 E1214.68755
G1 X105.504 Y114.649 E1214.81979
G1 X105.613 Y114.374 E1214.84192
G1 X105.732 Y114.204 E1214.85745
G1 X106.021 Y113.989 E1214.88441
G1 X106.404 Y113.904 E1214.91377
G1 X110.142 Y113.904 E1215.1935
G1 X105.518 Y104.837 E1215.95518
G1 X105.42 Y104.575 E1215.97611
G1 X105.42 Y103.851 E1216.03029
G1 X105.537 Y103.559 E1216.05383
G1 X105.712 Y103.339 E1216.07487
G1 X105.983 Y103.169 E1216.09881
G1 X106.209 Y103.104 E1216.11641
G1 X114.112 Y103.104 E1216.70783
G1 X114.424 Y103.159 E1216.73154
G1 X114.683 Y103.308 E1216.7539
G1 X114.862 Y103.506 E1216.77387
G1 X114.964 Y103.712 E1216.79108
G1 X115.012 Y104.004 E1216.81322
G1 X115.012 Y105.52 E1216.92667
G1 X114.978 Y105.766 E1216.94526
G1 X114.883 Y105.986 E1216.96319
G1 X114.745 Y106.161 E1216.97987
G1 X114.424 Y106.365 E1217.00833
G1 X114.112 Y106.42 E1217.03204
G1 X110.088 Y106.42 E1217.33318
G1 X114.726 Y115.486 E1218.09526
G1 X114.824 Y115.749 E1218.11627
G1 X114.824 Y116.437 E1218.16775
G1 X114.726 Y116.726 E1218.19059
G1 X114.554 Y116.96 E1218.21232
G1 X114.277 Y117.145 E1218.23725
G1 X114.036 Y117.216 E1218.25605
G1 X110 Y117.216 E1218.55809
G1 F3600 E1214.55809
G0 F9000 X110 Y117.496
G0 X110 Y118.8
G0 X110 Y119.1
G1 F3600 E1218.55809
G1 F1500 X119.1 Y119.1 E1219.23909
G1 X119.1 Y100.9 E1220.60109
G1 X100.9 Y100.9 E1221.96309
G1 X100.9 Y119.1 E1223.3251
G1 X110 Y119.1 E1224.0061
G0 F9000 X110 Y119.7
;TYPE:WALL-OUTER
G1 F1500 X119.7 Y119.7 E1224.732
G1 X119.7 Y100.3 E1226.1838
G1 X100.3 Y100.3 E1227.63561
G1 X100.3 Y119.7 E1229.08741
G1 X110 Y119.7 E1229.81332
G1 F3600 E1225.81332
G0 F9000 X110 Y119.3
G0 X110 Y118.8
G0 X110 Y117.496
G0 X110 Y116.614
G1 F3600 E1229.81332
G1 F1500 X106.315 Y116.616 E1230.08908
G1 X106.185 Y116.522 E1230.10109
G1 X106.107 Y116.36 E1230.11455
G1 X106.104 Y114.751 E1230.23496
G1 X106.227 Y114.561 E1230.25189
G1 X106.35 Y114.504 E1230.26204
G1 X111.122 Y114.504 E1230.61915
G1 X106.02 Y104.502 E1231.45941
G1 X106.02 Y103.951 E1231.50065
G1 X106.117 Y103.782 E1231.51523
G1 X106.268 Y103.708 E1231.52781
G1 X114.185 Y103.704 E1232.12028
G1 X114.303 Y103.772 E1232.13048
G1 X114.412 Y103.929 E1232.14478
G1 X114.412 Y105.577 E1232.26811
G1 X114.27 Y105.776 E1232.2864
G1 X114.169 Y105.815 E1232.2945
G1 X109.107 Y105.82 E1232.67332
G1 X114.224 Y115.822 E1233.51409
G1 X114.22 Y116.368 E1233.55495
G1 X114.134 Y116.531 E1233.56874
G1 X113.976 Y116.612 E1233.58203
G1 X110 Y116.614 E1233.87958
G1 F3600 E1229.87958
G0 F9000 X110 Y117.018
G0 X110 Y117.496
G0 X110 Y118.8
G0 X110 Y118.505
;TYPE:SKIN
G1 F3600 E1233.87958
G1 F1269.4 X106.257 Y118.504 E1234.21057
G1 F1355.4 X105.761 Y118.551 E1234.25183
G1 F1477.8 X105.447 Y118.559 E1234.27569
G1 F1500 X101.441 Y118.559 E1234.57548
G1 X101.44 Y101.44 E1235.85659
G1 X105.38 Y101.441 E1236.15144
G1 F1397.5 X105.634 Y101.484 E1236.17213
G1 F1155.3 X106.03 Y101.574 E1236.21159
G1 F1039.3 X114.108 Y101.571 E1237.08411
G1 F1029.7 X114.476 Y101.583 E1237.12425
G1 F1209.7 X115.068 Y101.44 E1237.18076
G1 F1500 X118.56 Y101.44 E1237.44209
G1 X118.56 Y118.56 E1238.72327
G1 X114.817 Y118.56 E1239.00338
G1 F1376.1 X114.178 Y118.506 E1239.05569
G1 F1271.2 X110 Y118.505 E1239.42463
G0 F9000 X110 Y117.804
G1 F1271.2 X114.117 Y117.805 E1239.78818
G1 F1341.3 X114.458 Y117.669 E1239.81891
G1 F1458.7 X114.93 Y117.354 E1239.86257
G1 F1500 X115.21 Y116.972 E1239.89802
G1 X115.364 Y116.524 E1239.93347
G1 X115.362 Y115.866 E1239.98271
G1 X115.322 Y115.543 E1240.00707
G1 X115.204 Y115.235 E1240.03175
G1 X110.971 Y106.96 E1240.72733
G1 X114.162 Y106.956 E1240.96613
G1 X114.612 Y106.87 E1241.00042
G1 X114.845 Y106.758 E1241.01976
G1 X115.095 Y106.567 E1241.04331
G1 X115.346 Y106.268 E1241.07252
G1 X115.499 Y105.917 E1241.10118
G1 X115.55 Y105.562 E1241.12802
G1 X115.548 Y103.958 E1241.24805
G1 X115.473 Y103.532 E1241.28042
G1 X115.312 Y103.202 E1241.3079
G1 X115.024 Y102.884 E1241.34001
G1 X114.726 Y102.711 E1241.36579
G1 F1276.6 X114.576 Y102.533 E1241.38626
G1 F1072.7 X114.181 Y102.436 E1241.42883
G1 F1050.2 X112.166 Y102.436 E1241.64421
G1 F1077.8 X110.151 Y102.436 E1241.85406
G1 F1108.4 X108.136 Y102.436 E1242.05814
G1 F1139.2 X106.121 Y102.436 E1242.25668
G1 F1226.2 X105.795 Y102.617 E1242.29082
G1 F1397.5 X105.734 Y102.692 E1242.29858
G1 F1500 X105.345 Y102.932 E1242.33279
G1 X105.064 Y103.29 E1242.36685
G1 X104.925 Y103.646 E1242.39545
G1 X104.882 Y103.97 E1242.4199
G1 X104.88 Y104.416 E1242.45328
G1 X104.916 Y104.752 E1242.47857
G1 X105.036 Y105.089 E1242.50534
G1 X109.258 Y113.364 E1243.20055
G1 X106.377 Y113.365 E1243.41615
G1 X106.053 Y113.402 E1243.44055
G1 X105.603 Y113.607 E1243.47756
G1 X105.347 Y113.824 E1243.50267
G1 X105.134 Y114.114 E1243.5296
G1 X105.007 Y114.44 E1243.55578
G1 X104.966 Y114.771 E1243.58074
G1 X104.968 Y116.487 E1243.70916
G1 X105.087 Y116.905 E1243.74168
G1 X105.354 Y117.311 E1243.77805
G1 F1490.1 X105.814 Y117.635 E1243.82043
G1 F1363.6 X106.334 Y117.803 E1243.86542
G1 F1269.4 X110 Y117.804 E1244.1896
G1 F3600 E1240.1896
G0 F9000 X110 Y117.416
G0 X114.527 Y116.918
G0 X114.527 Y118.8
G0 X117.631 Y118.26
G1 F3600 E1244.1896
G1 F1500 X118.259 Y117.631 E1244.25612
G0 F9000 X118.259 Y116.783
G1 F1500 X116.782 Y118.26 E1244.41244
G0 F9000 X115.934 Y118.26
G1 F1500 X118.259 Y115.934 E1244.65855
G0 F9000 X118.259 Y115.086
G1 F1500 X115.085 Y118.26 E1244.99447
G0 F9000 X114.501 Y117.996
G1 F1500 X114.319 Y118.177 E1245.01367
G1 F3600 E1241.01367
G0 F9000 X114.319 Y118.9
G0 X114.925 Y118.8
G0 X114.386 Y117.403
G0 X115.528 Y116.969
G1 F3600 E1245.01367
G1 F1500 X118.259 Y114.237 E1245.30276
G0 F9000 X118.259 Y113.389
G1 F1500 X115.661 Y115.987 E1245.57771
G0 F9000 X115.536 Y115.263
G1 F1500 X118.259 Y112.54 E1245.8659
G0 F9000 X118.259 Y111.692
G1 F1500 X115.263 Y114.688 E1246.18297
G0 F9000 X114.976 Y114.127
G1 F1500 X118.259 Y110.843 E1246.53047
G0 F9000 X118.259 Y109.995
G1 F1500 X114.688 Y113.566 E1246.9084
G0 F9000 X114.401 Y113.005
G1 F1500 X118.259 Y109.146 E1247.31676
G0 F9000 X118.259 Y108.298
G1 F1500 X114.114 Y112.443 E1247.75544
G0 F9000 X113.827 Y111.882
G1 F1500 X118.259 Y107.449 E1248.22454
G0 F9000 X118.259 Y106.601
G1 F1500 X113.539 Y111.321 E1248.72408
G0 F9000 X113.252 Y110.759
G1 F1500 X118.259 Y105.752 E1249.25398
G0 F9000 X118.259 Y104.904
G1 F1500 X112.965 Y110.198 E1249.81426
G0 F9000 X112.677 Y109.637
G1 F1500 X118.259 Y104.055 E1250.40502
G0 F9000 X118.259 Y103.206
G1 F1500 X115.845 Y105.621 E1250.66056
G0 F9000 X115.85 Y104.767
G1 F1500 X118.259 Y102.358 E1250.91551
G0 F9000 X118.029 Y101.74
G1 F1500 X115.847 Y103.921 E1251.14639
G0 F9000 X115.669 Y103.252
G1 F1500 X117.18 Y101.74 E1251.30635
G0 F9000 X116.332 Y101.74
G1 F1500 X115.315 Y102.757 E1251.41398
G0 F9000 X114.841 Y102.382
G1 F1500 X115.483 Y101.74 E1251.48193
G1 F3600 E1247.48193
G0 F9000 X115.483 Y101.1
G0 X114.104 Y101.2
G0 X114.104 Y102.824
G0 X114.215 Y107.25
G1 F3600 E1251.48193
G1 F1500 X112.39 Y109.075 E1251.67507
G0 F9000 X112.103 Y108.514
G1 F1500 X113.358 Y107.26 E1251.80784
G0 F9000 X112.509 Y107.26
G1 F1500 X111.816 Y107.953 E1251.88118
G0 F9000 X111.529 Y107.391
G1 F1500 X111.661 Y107.26 E1251.8951
G0 F9000 X111.661 Y106.62
G0 X114.74 Y106.148
G0 X114.74 Y103.379
G0 X105.694 Y103.379
G0 X105.684 Y104.58
G0 X107.497 Y109.159
G0 X106.924 Y109.45
G1 F1500 X101.741 Y114.634 E1252.44369
G0 F9000 X101.741 Y113.786
G1 F1500 X106.637 Y108.889 E1252.9619
G0 F9000 X106.351 Y108.327
G1 F1500 X101.741 Y112.937 E1253.44979
G0 F9000 X101.741 Y112.088
G1 F1500 X106.065 Y107.764 E1253.90741
G0 F9000 X105.778 Y107.203
G1 F1500 X101.741 Y111.24 E1254.33466
G0 F9000 X101.741 Y110.391
G1 F1500 X105.491 Y106.641 E1254.73153
G0 F9000 X105.205 Y106.079
G1 F1500 X101.741 Y109.543 E1255.09814
G0 F9000 X101.741 Y108.694
G1 F1500 X104.918 Y105.517 E1255.43437
G0 F9000 X104.657 Y104.93
G1 F1500 X101.741 Y107.846 E1255.74298
G0 F9000 X101.741 Y106.997
G1 F1500 X104.582 Y104.156 E1256.04365
G0 F9000 X105.22 Y104.156
G0 X104.986 Y102.904
G1 F1500 X101.741 Y106.149 E1256.38708
G0 F9000 X101.741 Y105.3
G1 F1500 X105.3 Y101.741 E1256.76374
G0 F9000 X105.928 Y101.961
G1 F1500 X105.252 Y102.637 E1256.83528
G0 F9000 X106.261 Y102.904
G0 X105.671 Y103.04
G0 X105.671 Y101.2
G0 X104.452 Y101.741
G1 F1500 X101.741 Y104.452 E1257.1222
G0 F9000 X101.741 Y103.603
G1 F1500 X103.603 Y101.741 E1257.31926
G0 F9000 X102.755 Y101.74
G1 F1500 X101.741 Y102.755 E1257.42663
G0 F9000 X101.741 Y101.906
G1 F1500 X101.907 Y101.74 E1257.4442
G1 F3600 E1253.4442
G0 F9000 X101.907 Y101.1
G0 X101.172 Y101.172
G0 X101.192 Y108.126
G0 X101.2 Y109.721
G0 X106.337 Y107.102
G0 X107.211 Y110.012
G1 F3600 E1257.4442
G1 F1500 X101.741 Y115.483 E1258.02316
G0 F9000 X101.741 Y116.331
G1 F1500 X107.497 Y110.575 E1258.63233
G0 F9000 X107.784 Y111.136
G1 F1500 X105.675 Y113.245 E1258.85553
G0 F9000 X106.496 Y113.704
G0 X106.702 Y113.067
G1 F1500 X108.071 Y111.698 E1259.00042
G0 F9000 X108.357 Y112.26
G1 F1500 X107.551 Y113.066 E1259.08572
G0 F9000 X108.401 Y113.065
G1 F1500 X108.644 Y112.822 E1259.11144
G0 F9000 X109.217 Y112.531
G0 X109.686 Y113.624
G0 X105.778 Y114.177
G0 X105.304 Y114.888
G0 X104.817 Y114.104
G1 F1500 X101.741 Y117.18 E1259.43698
G0 F9000 X101.741 Y118.028
G1 F1500 X104.667 Y115.102 E1259.74665
G0 F9000 X104.665 Y115.953
G1 F1500 X102.359 Y118.259 E1259.9907
G0 F9000 X103.207 Y118.259
G1 F1500 X104.728 Y116.738 E1260.15167
G0 F9000 X104.998 Y117.316
G1 F1500 X104.056 Y118.259 E1260.25142
G0 F9000 X104.904 Y118.259
G1 F1500 X105.431 Y117.732 E1260.30719
G0 F9000 X105.771 Y118.24
G1 F1500 X105.98 Y118.031 E1260.32931
;MESH:NONMESH
G0 F300 X105.98 Y118.031 Z19.4
G0 F9000 X106.126 Y117.355
G0 X110 Y117.216
;TIME_ELAPSED:1024.530333
;LAYER:64
;TYPE:WALL-INNER
;MESH:xyzCalibration_cube.stl
G1 F1500 X106.404 Y117.216 E1260.59842
G1 X106.031 Y117.136 E1260.62697
G1 X105.748 Y116.933 E1260.65303
G1 X105.582 Y116.684 E1260.67543
G1 X105.504 Y116.416 E1260.69631
G1 X105.504 Y114.649 E1260.82855
G1 X105.613 Y114.374 E1260.85069
G1 X105.732 Y114.204 E1260.86622
G1 X106.021 Y113.989 E1260.89317
G1 X106.404 Y113.904 E1260.92253
G1 X110.142 Y113.904 E1261.20226
G1 X105.518 Y104.837 E1261.96394
G1 X105.42 Y104.575 E1261.98487
G1 X105.42 Y103.851 E1262.03905
G1 X105.537 Y103.559 E1262.06259
G1 X105.712 Y103.339 E1262.08363
G1 X105.983 Y103.169 E1262.10757
G1 X106.209 Y103.104 E1262.12517
G1 X114.112 Y103.104 E1262.71659
G1 X114.424 Y103.159 E1262.7403
G1 X114.683 Y103.308 E1262.76266
G1 X114.862 Y103.506 E1262.78264
G1 X114.964 Y103.712 E1262.79984
G1 X115.012 Y104.004 E1262.82199
G1 X115.012 Y105.52 E1262.93544
G1 X114.978 Y105.766 E1262.95402
G1 X114.883 Y105.986 E1262.97195
G1 X114.745 Y106.161 E1262.98863
G1 X114.424 Y106.365 E1263.01709
G1 X114.112 Y106.42 E1263.0408
G1 X110.088 Y106.42 E1263.34194
G1 X114.726 Y115.486 E1264.10402
G1 X114.824 Y115.749 E1264.12503
G1 X114.824 Y116.437 E1264.17652
G1 X114.726 Y116.726 E1264.19935
G1 X114.554 Y116.96 E1264.22109
G1 X114.277 Y117.145 E1264.24601
G1 X114.036 Y117.216 E1264.26481
G1 X110 Y117.216 E1264.56685
G1 F3600 E1260.56685
G0 F9000 X110 Y117.496
G0 X110 Y118.8
G0 X110 Y119.1
G1 F3600 E1264.56685
G1 F1500 X119.1 Y119.1 E1265.24785
G1 X119.1 Y100.9 E1266.60985
G1 X100.9 Y100.9 E1267.97186
G1 X100.9 Y119.1 E1269.33386
G1 X110 Y119.1 E1270.01486
G0 F9000 X110 Y119.7
;TYPE:WALL-OUTER
G1 F1500 X119.7 Y119.7 E1270.74076
G1 X119.7 Y100.3 E1272.19257
G1 X100.3 Y100.3 E1273.64437
G1 X100.3 Y119.7 E1275.09618
G1 X110 Y119.7 E1275.82208
G1 F3600 E1271.82208
G0 F9000 X110 Y119.3
G0 X110 Y118.8
G0 X110 Y117.496
G0 X110 Y116.614
G1 F3600 E1275.82208
G1 F1500 X106.315 Y116.616 E1276.09785
G1 X106.185 Y116.522 E1276.10985
G1 X106.107 Y116.36 E1276.12331
G1 X106.104 Y114.751 E1276.24372
G1 X106.227 Y114.561 E1276.26066
G1 X106.35 Y114.504 E1276.2708
G1 X111.122 Y114.504 E1276.62792
G1 X106.02 Y104.502 E1277.46817
G1 X106.02 Y103.951 E1277.50941
G1 X106.117 Y103.782 E1277.52399
G1 X106.268 Y103.708 E1277.53658
G1 X114.185 Y103.704 E1278.12905
G1 X114.303 Y103.772 E1278.13924
G1 X114.412 Y103.929 E1278.15354
G1 X114.412 Y105.577 E1278.27687
G1 X114.27 Y105.776 E1278.29517
G1 X114.169 Y105.815 E1278.30327
G1 X109.107 Y105.82 E1278.68208
G1 X114.224 Y115.822 E1279.52285
G1 X114.22 Y116.368 E1279.56371
G1 X114.134 Y116.531 E1279.57751
G1 X113.976 Y116.612 E1279.59079
G1 X110 Y116.614 E1279.88834
G1 F3600 E1275.88834
G0 F9000 X110 Y117.018
G0 X110 Y117.496
G0 X110 Y118.8
G0 X110 Y118.505
;TYPE:SKIN
G1 F3600 E1279.88834
G1 F1269.4 X106.257 Y118.504 E1280.21933
G1 F1355.4 X105.761 Y118.551 E1280.2606
G1 F1477.8 X105.447 Y118.559 E1280.28445
G1 F1500 X101.441 Y118.559 E1280.58424
G1 X101.44 Y101.44 E1281.86535
G1 X105.38 Y101.441 E1282.1602
G1 F1397.5 X105.634 Y101.484 E1282.18089
G1 F1155.3 X106.03 Y101.574 E1282.22035
G1 F1039.3 X114.108 Y101.571 E1283.09287
G1 F1029.7 X114.476 Y101.583 E1283.13301
G1 F1209.7 X115.068 Y101.44 E1283.18953
G1 F1500 X118.56 Y101.44 E1283.45085
G1 X118.56 Y118.56 E1284.73203
G1 X114.817 Y118.56 E1285.01214
G1 F1376.1 X114.178 Y118.506 E1285.06445
G1 F1271.2 X110 Y118.505 E1285.43339
G0 F9000 X110 Y117.804
G1 F1271.2 X114.117 Y117.805 E1285.79694
G1 F1341.3 X114.458 Y117.669 E1285.82767
G1 F1458.7 X114.93 Y117.354 E1285.87134
G1 F1500 X115.21 Y116.972 E1285.90678
G1 X115.364 Y116.524 E1285.94223
G1 X115.362 Y115.866 E1285.99148
G1 X115.322 Y115.543 E1286.01583
G1 X115.204 Y115.235 E1286.04052
G1 X110.971 Y106.96 E1286.7361
G1 X114.162 Y106.956 E1286.9749
G1 X114.612 Y106.87 E1287.00918
G1 X114.845 Y106.758 E1287.02853
G1 X115.095 Y106.567 E1287.05207
G1 X115.346 Y106.268 E1287.08129
G1 X115.499 Y105.917 E1287.10994
G1 X115.55 Y105.562 E1287.13678
G1 X115.548 Y103.958 E1287.25682
G1 X115.473 Y103.532 E1287.28919
G1 X115.312 Y103.202 E1287.31666
G1 X115.024 Y102.884 E1287.34877
G1 X114.726 Y102.711 E1287.37456
G1 F1276.6 X114.576 Y102.533 E1287.39503
G1 F1072.7 X114.181 Y102.436 E1287.43759
G1 F1050.2 X112.166 Y102.436 E1287.65297
G1 F1077.8 X110.151 Y102.436 E1287.86283
G1 F1108.4 X108.136 Y102.436 E1288.0669
G1 F1139.2 X106.121 Y102.436 E1288.26544
G1 F1226.2 X105.795 Y102.617 E1288.29958
G1 F1397.5 X105.734 Y102.692 E1288.30734
G1 F1500 X105.345 Y102.932 E1288.34155
G1 X105.064 Y103.29 E1288.37561
G1 X104.925 Y103.646 E1288.40421
G1 X104.882 Y103.97 E1288.42867
G1 X104.88 Y104.416 E1288.46204
G1 X104.916 Y104.752 E1288.48733
G1 X105.036 Y105.089 E1288.5141
G1 X109.258 Y113.364 E1289.20931
G1 X106.377 Y113.365 E1289.42491
G1 X106.053 Y113.402 E1289.44932
G1 X105.603 Y113.607 E1289.48632
G1 X105.347 Y113.824 E1289.51144
G1 X105.134 Y114.114 E1289.53836
G1 X105.007 Y114.44 E1289.56455
G1 X104.966 Y114.771 E1289.5895
G1 X104.968 Y116.487 E1289.71792
G1 X105.087 Y116.905 E1289.75045
G1 X105.354 Y117.311 E1289.78681
G1 F1490.1 X105.814 Y117.635 E1289.8292
G1 F1363.6 X106.334 Y117.803 E1289.87418
G1 F1269.4 X110 Y117.804 E1290.19837
G1 F3600 E1286.19837
G0 F9000 X110 Y117.416
G0 X105.806 Y116.918
G0 X105.806 Y118.8
G0 X102.137 Y118.259
G1 F3600 E1290.19837
G1 F1500 X101.74 Y117.862 E1290.24038
G0 F9000 X101.74 Y117.013
G1 F1500 X102.985 Y118.259 E1290.3722
G0 F9000 X103.834 Y118.259
G1 F1500 X101.74 Y116.165 E1290.59381
G0 F9000 X101.74 Y115.316
G1 F1500 X104.682 Y118.259 E1290.90523
G0 F9000 X105.526 Y118.254
G1 F1500 X101.74 Y114.468 E1291.30591
G0 F9000 X101.74 Y113.619
G1 F1500 X104.678 Y116.557 E1291.61685
G0 F9000 X104.666 Y115.697
G1 F1500 X101.74 Y112.771 E1291.92652
G0 F9000 X101.74 Y111.922
G1 F1500 X104.668 Y114.85 E1292.2364
G0 F9000 X104.804 Y114.138
G1 F1500 X101.74 Y111.074 E1292.56067
G0 F9000 X101.74 Y110.225
G1 F1500 X105.13 Y113.615 E1292.91944
G0 F9000 X105.629 Y113.266
G1 F1500 X101.74 Y109.377 E1293.33103
G0 F9000 X101.74 Y108.528
G1 F1500 X106.285 Y113.073 E1293.81204
G0 F9000 X107.126 Y113.066
G1 F1500 X101.74 Y107.68 E1294.38206
G0 F9000 X101.74 Y106.831
G1 F1500 X107.974 Y113.065 E1295.04182
G0 F9000 X108.712 Y112.955
G1 F1500 X101.74 Y105.983 E1295.77969
G0 F9000 X101.74 Y105.134
G1 F1500 X107.829 Y111.223 E1296.42411
G0 F9000 X108.402 Y110.932
G0 X107.518 Y109.2
G0 X106.946 Y109.491
G1 F1500 X101.74 Y104.286 E1296.97502
G0 F9000 X101.74 Y103.437
G1 F1500 X106.062 Y107.76 E1297.43248
G0 F9000 X106.635 Y107.469
G0 X105.752 Y105.736
G0 X105.179 Y106.027
G1 F1500 X101.74 Y102.588 E1297.79644
G0 F9000 X101.74 Y101.74
G1 F1500 X104.6 Y104.6 E1298.09913
G0 F9000 X104.609 Y103.76
G1 F1500 X102.589 Y101.741 E1298.31286
G0 F9000 X103.438 Y101.741
G1 F1500 X104.817 Y103.12 E1298.4588
G0 F9000 X105.209 Y102.663
G1 F1500 X104.287 Y101.741 E1298.55638
G0 F9000 X105.135 Y101.741
G1 F1500 X105.691 Y102.297 E1298.61522
G0 F9000 X106.261 Y102.904
G0 X114.74 Y103.379
G0 X114.74 Y106.148
G0 X111.502 Y106.62
G0 X111.502 Y107.26
G1 F1500 X118.26 Y114.017 E1299.33039
G0 F9000 X118.26 Y113.169
G1 F1500 X112.351 Y107.26 E1299.95576
G0 F9000 X113.199 Y107.26
G1 F1500 X118.26 Y112.32 E1300.49133
G0 F9000 X118.26 Y111.472
G1 F1500 X114.048 Y107.26 E1300.93709
G0 F9000 X114.766 Y107.129
G1 F1500 X118.26 Y110.623 E1301.30688
G0 F9000 X118.26 Y109.775
G1 F1500 X115.285 Y106.8 E1301.62173
G0 F9000 X115.652 Y106.318
G1 F1500 X118.26 Y108.926 E1301.89774
G0 F9000 X118.26 Y108.078
G1 F1500 X115.84 Y105.657 E1302.15391
G0 F9000 X115.85 Y104.819
G1 F1500 X118.26 Y107.229 E1302.40897
G0 F9000 X118.26 Y106.381
G1 F1500 X115.852 Y103.972 E1302.66387
G1 F3600 E1298.66387
G0 F9000 X115.213 Y104.012
G0 X115.096 Y103.351
G0 X115.096 Y101.2
G0 X116.165 Y101.74
G1 F3600 E1302.66387
G1 F1500 X118.26 Y103.835 E1302.88559
G0 F9000 X118.26 Y102.987
G1 F1500 X117.013 Y101.74 E1303.01756
G0 F9000 X117.862 Y101.74
G1 F1500 X118.26 Y102.138 E1303.05968
G0 F9000 X118.9 Y102.138
G0 X118.9 Y104.684
G0 X118.26 Y104.684
G1 F1500 X115.316 Y101.74 E1303.37126
G0 F9000 X114.672 Y101.944
G1 F1500 X118.26 Y105.532 E1303.75098
G1 F3600 E1299.75098
G0 F9000 X118.9 Y105.532
G0 X118.8 Y109.204
G0 X113.273 Y112.031
G0 X112.307 Y108.913
G1 F3600 E1303.75098
G1 F1500 X118.26 Y114.866 E1304.38101
G0 F9000 X118.26 Y115.714
G1 F1500 X113.196 Y110.65 E1304.91695
G0 F9000 X112.625 Y110.941
G0 X113.514 Y112.679
G0 X114.085 Y112.388
G1 F1500 X118.26 Y116.563 E1305.3588
G0 F9000 X118.26 Y117.412
G1 F1500 X114.973 Y114.125 E1305.70667
G0 F9000 X114.403 Y114.415
G0 X115.001 Y115.709
G0 X115.635 Y115.635
G1 F1500 X118.26 Y118.26 E1305.98449
G0 F9000 X117.412 Y118.26
G1 F1500 X115.664 Y116.512 E1306.16948
G0 F9000 X115.452 Y117.149
G1 F1500 X116.563 Y118.26 E1306.28706
G0 F9000 X115.714 Y118.26
G1 F1500 X115.074 Y117.619 E1306.35485
G0 F9000 X114.567 Y117.961
G1 F1500 X114.866 Y118.26 E1306.38649
G1 F3600 E1302.38649
;MESH:NONMESH
G0 F300 X114.866 Y118.26 Z19.7
G0 F9000 X114.866 Y118.9
G0 X110 Y118.8
G0 X110 Y117.496
G0 X110 Y117.216
;TIME_ELAPSED:1059.523705
;LAYER:65
;TYPE:WALL-INNER
;MESH:xyzCalibration_cube.stl
G1 F3600 E1306.38649
G1 F1500 X106.404 Y117.216 E1306.6556
G1 X106.031 Y117.136 E1306.68415
G1 X105.748 Y116.933 E1306.71021
G1 X105.582 Y116.684 E1306.73261
G1 X105.504 Y116.416 E1306.7535
G1 X105.504 Y114.649 E1306.88573
G1 X105.613 Y114.374 E1306.90787
G1 X105.732 Y114.204 E1306.9234
G1 X106.021 Y113.989 E1306.95035
G1 X106.404 Y113.904 E1306.97971
G1 X110.142 Y113.904 E1307.25945
G1 X105.518 Y104.837 E1308.02112
G1 X105.42 Y104.575 E1308.04205
G1 X105.42 Y103.851 E1308.09624
G1 X105.537 Y103.559 E1308.11978
G1 X105.712 Y103.339 E1308.14081
G1 X105.983 Y103.169 E1308.16475
G1 X106.209 Y103.104 E1308.18235
G1 X114.112 Y103.104 E1308.77378
G1 X114.424 Y103.159 E1308.79748
G1 X114.683 Y103.308 E1308.81984
G1 X114.862 Y103.506 E1308.83982
G1 X114.964 Y103.712 E1308.85702
G1 X115.012 Y104.004 E1308.87917
G1 X115.012 Y105.52 E1308.99262
G1 X114.978 Y105.766 E1309.0112
G1 X114.883 Y105.986 E1309.02914
G1 X114.745 Y106.161 E1309.04581
G1 X114.424 Y106.365 E1309.07428
G1 X114.112 Y106.42 E1309.09798
G1 X110.088 Y106.42 E1309.39912
G1 X114.726 Y115.486 E1310.16121
G1 X114.824 Y115.749 E1310.18221
G1 X114.824 Y116.437 E1310.2337
G1 X114.726 Y116.726 E1310.25653
G1 X114.554 Y116.96 E1310.27827
G1 X114.277 Y117.145 E1310.30319
G1 X114.036 Y117.216 E1310.322
G1 X110 Y117.216 E1310.62403
G1 F3600 E1306.62403
G0 F9000 X110 Y117.496
G0 X110 Y118.8
G0 X110 Y119.1
G1 F3600 E1310.62403
G1 F1500 X119.1 Y119.1 E1311.30503
G1 X119.1 Y100.9 E1312.66704
G1 X100.9 Y100.9 E1314.02904
G1 X100.9 Y119.1 E1315.39104
G1 X110 Y119.1 E1316.07204
G0 F9000 X110 Y119.7
;TYPE:WALL-OUTER
G1 F1500 X119.7 Y119.7 E1316.79794
G1 X119.7 Y100.3 E1318.24975
G1 X100.3 Y100.3 E1319.70155
G1 X100.3 Y119.7 E1321.15336
G1 X110 Y119.7 E1321.87926
G1 F3600 E1317.87926
G0 F9000 X110 Y119.3
G0 X110 Y118.8
G0 X110 Y117.496
G0 X110 Y116.614
G1 F3600 E1321.87926
G1 F1500 X106.315 Y116.616 E1322.15503
G1 X106.185 Y116.522 E1322.16703
G1 X106.107 Y116.36 E1322.18049
G1 X106.104 Y114.751 E1322.3009
G1 X106.227 Y114.561 E1322.31784
G1 X106.35 Y114.504 E1322.32798
G1 X111.122 Y114.504 E1322.6851
G1 X106.02 Y104.502 E1323.52536
G1 X106.02 Y103.951 E1323.56659
G1 X106.117 Y103.782 E1323.58117
G1 X106.268 Y103.708 E1323.59376
G1 X114.185 Y103.704 E1324.18623
G1 X114.303 Y103.772 E1324.19642
G1 X114.412 Y103.929 E1324.21072
G1 X114.412 Y105.577 E1324.33405
G1 X114.27 Y105.776 E1324.35235
G1 X114.169 Y105.815 E1324.36045
G1 X109.107 Y105.82 E1324.73927
G1 X114.224 Y115.822 E1325.58004
G1 X114.22 Y116.368 E1325.6209
G1 X114.134 Y116.531 E1325.63469
G1 X113.976 Y116.612 E1325.64798
G1 X110 Y116.614 E1325.94552
G1 F3600 E1321.94552
G0 F9000 X110 Y117.018
G0 X110 Y117.496
G0 X110 Y118.8
G0 X110 Y118.505
;TYPE:SKIN
G1 F3600 E1325.94552
G1 F1269.4 X106.257 Y118.504 E1326.27652
G1 F1355.4 X105.761 Y118.551 E1326.31778
G1 F1477.8 X105.447 Y118.559 E1326.34164
G1 F1500 X101.441 Y118.559 E1326.64143
G1 X101.44 Y101.44 E1327.92253
G1 X105.38 Y101.441 E1328.21738
G1 F1397.5 X105.634 Y101.484 E1328.23807
G1 F1155.3 X106.03 Y101.574 E1328.27753
G1 F1039.3 X114.108 Y101.571 E1329.15006
G1 F1029.7 X114.476 Y101.583 E1329.19019
G1 F1209.7 X115.068 Y101.44 E1329.24671
G1 F1500 X118.56 Y101.44 E1329.50803
G1 X118.56 Y118.56 E1330.78921
G1 X114.817 Y118.56 E1331.06932
G1 F1376.1 X114.178 Y118.506 E1331.12163
G1 F1271.2 X110 Y118.505 E1331.49057
G0 F9000 X110 Y117.804
G1 F1271.2 X114.117 Y117.805 E1331.85413
G1 F1341.3 X114.458 Y117.669 E1331.88485
G1 F1458.7 X114.93 Y117.354 E1331.92852
G1 F1500 X115.21 Y116.972 E1331.96396
G1 X115.364 Y116.524 E1331.99942
G1 X115.362 Y115.866 E1332.04866
G1 X115.322 Y115.543 E1332.07301
G1 X115.204 Y115.235 E1332.0977
G1 X110.971 Y106.96 E1332.79328
G1 X114.162 Y106.956 E1333.03208
G1 X114.612 Y106.87 E1333.06636
G1 X114.845 Y106.758 E1333.08571
G1 X115.095 Y106.567 E1333.10925
G1 X115.346 Y106.268 E1333.13847
G1 X115.499 Y105.917 E1333.16712
G1 X115.55 Y105.562 E1333.19396
G1 X115.548 Y103.958 E1333.314
G1 X115.473 Y103.532 E1333.34637
G1 X115.312 Y103.202 E1333.37385
G1 X115.024 Y102.884 E1333.40595
G1 X114.726 Y102.711 E1333.43174
G1 F1276.6 X114.576 Y102.533 E1333.45221
G1 F1072.7 X114.181 Y102.436 E1333.49477
G1 F1050.2 X112.166 Y102.436 E1333.71015
G1 F1077.8 X110.151 Y102.436 E1333.92001
G1 F1108.4 X108.136 Y102.436 E1334.12408
G1 F1139.2 X106.121 Y102.436 E1334.32262
G1 F1226.2 X105.795 Y102.617 E1334.35676
G1 F1397.5 X105.734 Y102.692 E1334.36453
G1 F1500 X105.345 Y102.932 E1334.39873
G1 X105.064 Y103.29 E1334.43279
G1 X104.925 Y103.646 E1334.46139
G1 X104.882 Y103.97 E1334.48585
G1 X104.88 Y104.416 E1334.51923
G1 X104.916 Y104.752 E1334.54451
G1 X105.036 Y105.089 E1334.57129
G1 X109.258 Y113.364 E1335.26649
G1 X106.377 Y113.365 E1335.48209
G1 X106.053 Y113.402 E1335.5065
G1 X105.603 Y113.607 E1335.5435
G1 X105.347 Y113.824 E1335.56862
G1 X105.134 Y114.114 E1335.59554
G1 X105.007 Y114.44 E1335.62173
G1 X104.966 Y114.771 E1335.64669
G1 X104.968 Y116.487 E1335.7751
G1 X105.087 Y116.905 E1335.80763
G1 X105.354 Y117.311 E1335.84399
G1 F1490.1 X105.814 Y117.635 E1335.88638
G1 F1363.6 X106.334 Y117.803 E1335.93136
G1 F1269.4 X110 Y117.804 E1336.25555
G1 F3600 E1332.25555
G0 F9000 X110 Y117.416
G0 X114.527 Y116.918
G0 X114.527 Y118.8
G0 X117.631 Y118.26
G1 F3600 E1336.25555
G1 F1500 X118.259 Y117.631 E1336.32207
G0 F9000 X118.259 Y116.783
G1 F1500 X116.782 Y118.26 E1336.47838
G0 F9000 X115.934 Y118.26
G1 F1500 X118.259 Y115.934 E1336.7245
G0 F9000 X118.259 Y115.086
G1 F1500 X115.085 Y118.26 E1337.06041
G0 F9000 X114.501 Y117.996
G1 F1500 X114.319 Y118.177 E1337.07962
G1 F3600 E1333.07962
G0 F9000 X114.319 Y118.9
G0 X114.925 Y118.8
G0 X114.386 Y117.403
G0 X115.528 Y116.969
G1 F3600 E1337.07962
G1 F1500 X118.259 Y114.237 E1337.3687
G0 F9000 X118.259 Y113.389
G1 F1500 X115.661 Y115.987 E1337.64366
G0 F9000 X115.536 Y115.263
G1 F1500 X118.259 Y112.54 E1337.93184
G0 F9000 X118.259 Y111.692
G1 F1500 X115.263 Y114.688 E1338.24892
G0 F9000 X114.976 Y114.127
G1 F1500 X118.259 Y110.843 E1338.59642
G0 F9000 X118.259 Y109.995
G1 F1500 X114.688 Y113.566 E1338.97435
G0 F9000 X114.401 Y113.005
G1 F1500 X118.259 Y109.146 E1339.38271
G0 F9000 X118.259 Y108.298
G1 F1500 X114.114 Y112.443 E1339.82138
G0 F9000 X113.827 Y111.882
G1 F1500 X118.259 Y107.449 E1340.29049
G0 F9000 X118.259 Y106.601
G1 F1500 X113.539 Y111.321 E1340.79002
G0 F9000 X113.252 Y110.759
G1 F1500 X118.259 Y105.752 E1341.31993
G0 F9000 X118.259 Y104.904
G1 F1500 X112.965 Y110.198 E1341.88021
G0 F9000 X112.677 Y109.637
G1 F1500 X118.259 Y104.055 E1342.47097
G0 F9000 X118.259 Y103.206
G1 F1500 X115.845 Y105.621 E1342.7265
G0 F9000 X115.85 Y104.767
G1 F1500 X118.259 Y102.358 E1342.98146
G0 F9000 X118.029 Y101.74
G1 F1500 X115.847 Y103.921 E1343.21233
G0 F9000 X115.669 Y103.252
G1 F1500 X117.18 Y101.74 E1343.3723
G0 F9000 X116.332 Y101.74
G1 F1500 X115.315 Y102.757 E1343.47993
G0 F9000 X114.841 Y102.382
G1 F1500 X115.483 Y101.74 E1343.54787
G1 F3600 E1339.54787
G0 F9000 X115.483 Y101.1
G0 X114.104 Y101.2
G0 X114.104 Y102.824
G0 X114.215 Y107.25
G1 F3600 E1343.54787
G1 F1500 X112.39 Y109.075 E1343.74102
G0 F9000 X112.103 Y108.514
G1 F1500 X113.358 Y107.26 E1343.87379
G0 F9000 X112.509 Y107.26
G1 F1500 X111.816 Y107.953 E1343.94713
G0 F9000 X111.529 Y107.391
G1 F1500 X111.661 Y107.26 E1343.96105
G0 F9000 X111.661 Y106.62
G0 X114.74 Y106.148
G0 X114.74 Y103.379
G0 X105.694 Y103.379
G0 X105.684 Y104.58
G0 X107.497 Y109.159
G0 X106.924 Y109.45
G1 F1500 X101.741 Y114.634 E1344.50963
G0 F9000 X101.741 Y113.786
G1 F1500 X106.637 Y108.889 E1345.02784
G0 F9000 X106.351 Y108.327
G1 F1500 X101.741 Y112.937 E1345.51573
G0 F9000 X101.741 Y112.088
G1 F1500 X106.065 Y107.764 E1345.97336
G0 F9000 X105.778 Y107.203
G1 F1500 X101.741 Y111.24 E1346.40061
G0 F9000 X101.741 Y110.391
G1 F1500 X105.491 Y106.641 E1346.79748
G0 F9000 X105.205 Y106.079
G1 F1500 X101.741 Y109.543 E1347.16409
G0 F9000 X101.741 Y108.694
G1 F1500 X104.918 Y105.517 E1347.50032
G0 F9000 X104.657 Y104.93
G1 F1500 X101.741 Y107.846 E1347.80893
G0 F9000 X101.741 Y106.997
G1 F1500 X104.582 Y104.156 E1348.1096
G0 F9000 X105.22 Y104.156
G0 X104.986 Y102.904
G1 F1500 X101.741 Y106.149 E1348.45303
G0 F9000 X101.741 Y105.3
G1 F1500 X105.3 Y101.741 E1348.82969
G0 F9000 X105.928 Y101.961
G1 F1500 X105.252 Y102.637 E1348.90123
G0 F9000 X106.261 Y102.904
G0 X105.671 Y103.04
G0 X105.671 Y101.2
G0 X104.452 Y101.741
G1 F1500 X101.741 Y104.452 E1349.18814
G0 F9000 X101.741 Y103.603
G1 F1500 X103.603 Y101.741 E1349.3852
G0 F9000 X102.755 Y101.74
G1 F1500 X101.741 Y102.755 E1349.49257
G0 F9000 X101.741 Y101.906
G1 F1500 X101.907 Y101.74 E1349.51014
G1 F3600 E1345.51014
G0 F9000 X101.907 Y101.1
G0 X101.172 Y101.172
G0 X101.192 Y108.126
G0 X101.2 Y109.721
G0 X106.337 Y107.102
G0 X107.211 Y110.012
G1 F3600 E1349.51014
G1 F1500 X101.741 Y115.483 E1350.0891
G0 F9000 X101.741 Y116.331
G1 F1500 X107.497 Y110.575 E1350.69828
G0 F9000 X107.784 Y111.136
G1 F1500 X105.675 Y113.245 E1350.92148
G0 F9000 X106.496 Y113.704
G0 X106.702 Y113.067
G1 F1500 X108.071 Y111.698 E1351.06636
G0 F9000 X108.357 Y112.26
G1 F1500 X107.551 Y113.066 E1351.15166
G0 F9000 X108.401 Y113.065
G1 F1500 X108.644 Y112.822 E1351.17738
G0 F9000 X109.217 Y112.531
G0 X109.686 Y113.624
G0 X105.778 Y114.177
G0 X105.304 Y114.888
G0 X104.817 Y114.104
G1 F1500 X101.741 Y117.18 E1351.50292
G0 F9000 X101.741 Y118.028
G1 F1500 X104.667 Y115.102 E1351.81259
G0 F9000 X104.665 Y115.953
G1 F1500 X102.359 Y118.259 E1352.05664
G0 F9000 X103.207 Y118.259
G1 F1500 X104.728 Y116.738 E1352.21762
G0 F9000 X104.998 Y117.316
G1 F1500 X104.056 Y118.259 E1352.31736
G0 F9000 X104.904 Y118.259
G1 F1500 X105.431 Y117.732 E1352.37314
G0 F9000 X105.771 Y118.24
G1 F1500 X105.98 Y118.031 E1352.39526
;MESH:NONMESH
G0 F300 X105.98 Y118.031 Z20
G0 F9000 X106.126 Y117.355
G0 X110 Y117.216
;TIME_ELAPSED:1096.146985
;LAYER:66
;TYPE:WALL-INNER
;MESH:xyzCalibration_cube.stl
G1 F1500 X106.404 Y117.216 E1352.66436
G1 X106.031 Y117.136 E1352.69291
G1 X105.748 Y116.933 E1352.71898
G1 X105.582 Y116.684 E1352.74137
G1 X105.504 Y116.416 E1352.76226
G1 X105.504 Y114.649 E1352.89449
G1 X105.613 Y114.374 E1352.91663
G1 X105.732 Y114.204 E1352.93216
G1 X106.021 Y113.989 E1352.95912
G1 X106.404 Y113.904 E1352.98848
G1 X110.142 Y113.904 E1353.26821
G1 X105.518 Y104.837 E1354.02988
G1 X105.42 Y104.575 E1354.05082
G1 X105.42 Y103.851 E1354.105
G1 X105.537 Y103.559 E1354.12854
G1 X105.712 Y103.339 E1354.14958
G1 X105.983 Y103.169 E1354.17352
G1 X106.209 Y103.104 E1354.19112
G1 X114.112 Y103.104 E1354.78254
G1 X114.424 Y103.159 E1354.80625
G1 X114.683 Y103.308 E1354.82861
G1 X114.862 Y103.506 E1354.84858
G1 X114.964 Y103.712 E1354.86579
G1 X115.012 Y104.004 E1354.88793
G1 X115.012 Y105.52 E1355.00138
G1 X114.978 Y105.766 E1355.01997
G1 X114.883 Y105.986 E1355.0379
G1 X114.745 Y106.161 E1355.05458
G1 X114.424 Y106.365 E1355.08304
G1 X114.112 Y106.42 E1355.10675
G1 X110.088 Y106.42 E1355.40789
G1 X114.726 Y115.486 E1356.16997
G1 X114.824 Y115.749 E1356.19097
G1 X114.824 Y116.437 E1356.24246
G1 X114.726 Y116.726 E1356.2653
G1 X114.554 Y116.96 E1356.28703
G1 X114.277 Y117.145 E1356.31196
G1 X114.036 Y117.216 E1356.33076
G1 X110 Y117.216 E1356.63279
G1 F3600 E1352.63279
G0 F9000 X110 Y117.496
G0 X110 Y118.8
G0 X110 Y119.1
G1 F3600 E1356.63279
G1 F1500 X119.1 Y119.1 E1357.3138
G1 X119.1 Y100.9 E1358.6758
G1 X100.9 Y100.9 E1360.0378
G1 X100.9 Y119.1 E1361.3998
G1 X110 Y119.1 E1362.0808
G0 F9000 X110 Y119.7
;TYPE:WALL-OUTER
G1 F1500 X119.7 Y119.7 E1362.80671
G1 X119.7 Y100.3 E1364.25851
G1 X100.3 Y100.3 E1365.71032
G1 X100.3 Y119.7 E1367.16212
G1 X110 Y119.7 E1367.88802
G1 F3600 E1363.88802
G0 F9000 X110 Y119.3
G0 X110 Y118.8
G0 X110 Y117.496
G0 X110 Y116.614
G1 F3600 E1367.88802
G1 F1500 X106.315 Y116.616 E1368.16379
G1 X106.185 Y116.522 E1368.1758
G1 X106.107 Y116.36 E1368.18925
G1 X106.104 Y114.751 E1368.30966
G1 X106.227 Y114.561 E1368.3266
G1 X106.35 Y114.504 E1368.33675
G1 X111.122 Y114.504 E1368.69386
G1 X106.02 Y104.502 E1369.53412
G1 X106.02 Y103.951 E1369.57535
G1 X106.117 Y103.782 E1369.58994
G1 X106.268 Y103.708 E1369.60252
G1 X114.185 Y103.704 E1370.19499
G1 X114.303 Y103.772 E1370.20518
G1 X114.412 Y103.929 E1370.21949
G1 X114.412 Y105.577 E1370.34282
G1 X114.27 Y105.776 E1370.36111
G1 X114.169 Y105.815 E1370.36921
G1 X109.107 Y105.82 E1370.74803
G1 X114.224 Y115.822 E1371.5888
G1 X114.22 Y116.368 E1371.62966
G1 X114.134 Y116.531 E1371.64345
G1 X113.976 Y116.612 E1371.65674
G1 X110 Y116.614 E1371.95428
G1 F3600 E1367.95428
G0 F9000 X110 Y117.018
G0 X110 Y117.496
G0 X110 Y118.8
G0 X110 Y118.505
;TYPE:SKIN
G1 F3600 E1371.95428
G1 F1269.4 X106.257 Y118.504 E1372.28528
G1 F1355.4 X105.761 Y118.551 E1372.32654
G1 F1477.8 X105.447 Y118.559 E1372.3504
G1 F1500 X101.441 Y118.559 E1372.65019
G1 X101.44 Y101.44 E1373.93129
G1 X105.38 Y101.441 E1374.22615
G1 F1397.5 X105.634 Y101.484 E1374.24684
G1 F1155.3 X106.03 Y101.574 E1374.2863
G1 F1039.3 X114.108 Y101.571 E1375.15882
G1 F1029.7 X114.476 Y101.583 E1375.19896
G1 F1209.7 X115.068 Y101.44 E1375.25547
G1 F1500 X118.56 Y101.44 E1375.5168
G1 X118.56 Y118.56 E1376.79798
G1 X114.817 Y118.56 E1377.07808
G1 F1376.1 X114.178 Y118.506 E1377.13039
G1 F1271.2 X110 Y118.505 E1377.49933
G0 F9000 X110 Y117.804
G1 F1271.2 X114.117 Y117.805 E1377.86289
G1 F1341.3 X114.458 Y117.669 E1377.89361
G1 F1458.7 X114.93 Y117.354 E1377.93728
G1 F1500 X115.21 Y116.972 E1377.97273
G1 X115.364 Y116.524 E1378.00818
G1 X115.362 Y115.866 E1378.05742
G1 X115.322 Y115.543 E1378.08178
G1 X115.204 Y115.235 E1378.10646
G1 X110.971 Y106.96 E1378.80204
G1 X114.162 Y106.956 E1379.04084
G1 X114.612 Y106.87 E1379.07513
G1 X114.845 Y106.758 E1379.09447
G1 X115.095 Y106.567 E1379.11802
G1 X115.346 Y106.268 E1379.14723
G1 X115.499 Y105.917 E1379.17589
G1 X115.55 Y105.562 E1379.20273
G1 X115.548 Y103.958 E1379.32276
G1 X115.473 Y103.532 E1379.35513
G1 X115.312 Y103.202 E1379.38261
G1 X115.024 Y102.884 E1379.41472
G1 X114.726 Y102.711 E1379.4405
G1 F1276.6 X114.576 Y102.533 E1379.46097
G1 F1072.7 X114.181 Y102.436 E1379.50353
G1 F1050.2 X112.166 Y102.436 E1379.71892
G1 F1077.8 X110.151 Y102.436 E1379.92877
G1 F1108.4 X108.136 Y102.436 E1380.13284
G1 F1139.2 X106.121 Y102.436 E1380.33139
G1 F1226.2 X105.795 Y102.617 E1380.36552
G1 F1397.5 X105.734 Y102.692 E1380.37329
G1 F1500 X105.345 Y102.932 E1380.4075
G1 X105.064 Y103.29 E1380.44155
G1 X104.925 Y103.646 E1380.47015
G1 X104.882 Y103.97 E1380.49461
G1 X104.88 Y104.416 E1380.52799
G1 X104.916 Y104.752 E1380.55328
G1 X105.036 Y105.089 E1380.58005
G1 X109.258 Y113.364 E1381.27526
G1 X106.377 Y113.365 E1381.49086
G1 X106.053 Y113.402 E1381.51526
G1 X105.603 Y113.607 E1381.55227
G1 X105.347 Y113.824 E1381.57738
G1 X105.134 Y114.114 E1381.60431
G1 X105.007 Y114.44 E1381.63049
G1 X104.966 Y114.771 E1381.65545
G1 X104.968 Y116.487 E1381.78387
G1 X105.087 Y116.905 E1381.81639
G1 X105.354 Y117.311 E1381.85276
G1 F1490.1 X105.814 Y117.635 E1381.89514
G1 F1363.6 X106.334 Y117.803 E1381.94013
G1 F1269.4 X110 Y117.804 E1382.26431
G1 F3600 E1378.26431
G0 F9000 X110 Y117.416
G0 X105.806 Y116.918
G0 X105.806 Y118.8
G0 X102.137 Y118.259
G1 F3600 E1382.26431
G1 F1500 X101.74 Y117.862 E1382.30633
G0 F9000 X101.74 Y117.013
G1 F1500 X102.985 Y118.259 E1382.43814
G0 F9000 X103.834 Y118.259
G1 F1500 X101.74 Y116.165 E1382.65976
G0 F9000 X101.74 Y115.316
G1 F1500 X104.682 Y118.259 E1382.97117
G0 F9000 X105.526 Y118.254
G1 F1500 X101.74 Y114.468 E1383.37186
G0 F9000 X101.74 Y113.619
G1 F1500 X104.678 Y116.557 E1383.68279
G0 F9000 X104.666 Y115.697
G1 F1500 X101.74 Y112.771 E1383.99246
G0 F9000 X101.74 Y111.922
G1 F1500 X104.668 Y114.85 E1384.30234
G0 F9000 X104.804 Y114.138
G1 F1500 X101.74 Y111.074 E1384.62661
G0 F9000 X101.74 Y110.225
G1 F1500 X105.13 Y113.615 E1384.98539
G0 F9000 X105.629 Y113.266
G1 F1500 X101.74 Y109.377 E1385.39697
G0 F9000 X101.74 Y108.528
G1 F1500 X106.285 Y113.073 E1385.87798
G0 F9000 X107.126 Y113.066
G1 F1500 X101.74 Y107.68 E1386.448
G0 F9000 X101.74 Y106.831
G1 F1500 X107.974 Y113.065 E1387.10776
G0 F9000 X108.712 Y112.955
G1 F1500 X101.74 Y105.983 E1387.84563
G0 F9000 X101.74 Y105.134
G1 F1500 X107.829 Y111.223 E1388.49005
G0 F9000 X108.402 Y110.932
G0 X107.518 Y109.2
G0 X106.946 Y109.491
G1 F1500 X101.74 Y104.286 E1389.04097
G0 F9000 X101.74 Y103.437
G1 F1500 X106.062 Y107.76 E1389.49843
G0 F9000 X106.635 Y107.469
G0 X105.752 Y105.736
G0 X105.179 Y106.027
G1 F1500 X101.74 Y102.588 E1389.86239
G0 F9000 X101.74 Y101.74
G1 F1500 X104.6 Y104.6 E1390.16507
G0 F9000 X104.609 Y103.76
G1 F1500 X102.589 Y101.741 E1390.3788
G0 F9000 X103.438 Y101.741
G1 F1500 X104.817 Y103.12 E1390.52475
G0 F9000 X105.209 Y102.663
G1 F1500 X104.287 Y101.741 E1390.62232
G0 F9000 X105.135 Y101.741
G1 F1500 X105.691 Y102.297 E1390.68117
G0 F9000 X106.261 Y102.904
G0 X114.74 Y103.379
G0 X114.74 Y106.148
G0 X111.502 Y106.62
G0 X111.502 Y107.26
G1 F1500 X118.26 Y114.017 E1391.39633
G0 F9000 X118.26 Y113.169
G1 F1500 X112.351 Y107.26 E1392.0217
G0 F9000 X113.199 Y107.26
G1 F1500 X118.26 Y112.32 E1392.55727
G0 F9000 X118.26 Y111.472
G1 F1500 X114.048 Y107.26 E1393.00304
G0 F9000 X114.766 Y107.129
G1 F1500 X118.26 Y110.623 E1393.37282
G0 F9000 X118.26 Y109.775
G1 F1500 X115.285 Y106.8 E1393.68767
G0 F9000 X115.652 Y106.318
G1 F1500 X118.26 Y108.926 E1393.96369
G0 F9000 X118.26 Y108.078
G1 F1500 X115.84 Y105.657 E1394.21986
G0 F9000 X115.85 Y104.819
G1 F1500 X118.26 Y107.229 E1394.47491
G0 F9000 X118.26 Y106.381
G1 F1500 X115.852 Y103.972 E1394.72981
G1 F3600 E1390.72981
G0 F9000 X115.213 Y104.012
G0 X115.096 Y103.351
G0 X115.096 Y101.2
G0 X116.165 Y101.74
G1 F3600 E1394.72981
G1 F1500 X118.26 Y103.835 E1394.95153
G0 F9000 X118.26 Y102.987
G1 F1500 X117.013 Y101.74 E1395.08351
G0 F9000 X117.862 Y101.74
G1 F1500 X118.26 Y102.138 E1395.12563
G0 F9000 X118.9 Y102.138
G0 X118.9 Y104.684
G0 X118.26 Y104.684
G1 F1500 X115.316 Y101.74 E1395.4372
G0 F9000 X114.672 Y101.944
G1 F1500 X118.26 Y105.532 E1395.81693
G1 F3600 E1391.81693
G0 F9000 X118.9 Y105.532
G0 X118.8 Y109.204
G0 X113.273 Y112.031
G0 X112.307 Y108.913
G1 F3600 E1395.81693
G1 F1500 X118.26 Y114.866 E1396.44695
G0 F9000 X118.26 Y115.714
G1 F1500 X113.196 Y110.65 E1396.98289
G0 F9000 X112.625 Y110.941
G0 X113.514 Y112.679
G0 X114.085 Y112.388
G1 F1500 X118.26 Y116.563 E1397.42475
G0 F9000 X118.26 Y117.412
G1 F1500 X114.973 Y114.125 E1397.77262
G0 F9000 X114.403 Y114.415
G0 X115.001 Y115.709
G0 X115.635 Y115.635
G1 F1500 X118.26 Y118.26 E1398.05043
G0 F9000 X117.412 Y118.26
G1 F1500 X115.664 Y116.512 E1398.23543
G0 F9000 X115.452 Y117.149
G1 F1500 X116.563 Y118.26 E1398.35301
G0 F9000 X115.714 Y118.26
G1 F1500 X115.074 Y117.619 E1398.42079
G0 F9000 X114.567 Y117.961
G1 F1500 X114.866 Y118.26 E1398.45244
;TIME_ELAPSED:1130.575587
G1 F3600 E1394.45244
M140 S0
G91 ;Relative positioning
G1 E-2 F2700 ;Retract a bit
G1 E-2 Z0.2 F2400 ;Retract and raise Z
G1 X5 Y5 F3000 ;Wipe out
G1 Z10 ;Raise Z more
G90 ;Absolute positioning

G1 X0 Y220 ;Present print
M106 S0 ;Turn-off fan
M104 S0 ;Turn-off hotend
M140 S0 ;Turn-off bed

M84 X Y E ;Disable all steppers but Z

;StarwarsI
M300 S1318 P600
M300 S1318 P600
M300 S1318 P600
M300 S1046 P300
M300 S0 P150
M300 S1567 P150
M300 S1318 P600
M300 S1046 P300
M300 S0 P150
M300 S1567 P150
M300 S1318 P600
M300 S0 P600
M300 S987 P600
M300 S987 P600
M300 S987 P600
M300 S2093 P300
M300 S0 P150
M300 S1567 P150
M300 S1244 P600
M300 S1046 P300
M300 S0 P150
M300 S1567 P150
M300 S1318 P600
M300 S0 P300
M82 ;absolute extrusion mode
M104 S0
;End of Gcode
;SETTING_3 {"global_quality": "[general]\\nversion = 4\\nname = PGDI_18\\ndefini
;SETTING_3 tion = creality_ender3pro\\n\\n[metadata]\\ntype = quality_changes\\n
;SETTING_3 quality_type = standard\\nsetting_version = 23\\n\\n[values]\\nadhesi
;SETTING_3 on_type = brim\\nlayer_height = 0.3\\nlayer_height_0 = 0.2\\nmagic_sp
;SETTING_3 iralize = False\\nmaterial_bed_temperature_layer_0 = 115\\nsupport_en
;SETTING_3 able = False\\nsupport_structure = tree\\n\\n", "extruder_quality": [
;SETTING_3 "[general]\\nversion = 4\\nname = PGDI_18\\ndefinition = creality_end
;SETTING_3 er3pro\\n\\n[metadata]\\ntype = quality_changes\\nquality_type = stan
;SETTING_3 dard\\nintent_category = default\\nposition = 0\\nsetting_version = 2
;SETTING_3 3\\n\\n[values]\\nbottom_layers = 3\\nbrim_width = 10\\ninfill_patter
;SETTING_3 n = tetrahedral\\ninfill_sparse_density = 8\\nlayer_0_z_overlap = 0\\
;SETTING_3 nmaterial_initial_print_temperature = 240\\nmaterial_print_temperatur
;SETTING_3 e_layer_0 = 240\\nraft_airgap = 0.2\\nraft_base_line_spacing = 1.8\\n
;SETTING_3 raft_base_line_width = 0.6\\nraft_base_thickness = 0.2\\nraft_interfa
;SETTING_3 ce_layers = 1\\nraft_interface_line_spacing = 1.2\\nraft_interface_li
;SETTING_3 ne_width = 0.6\\nraft_interface_thickness = 0.3\\nraft_margin = 10\\n
;SETTING_3 raft_surface_layers = 1\\nraft_surface_line_spacing = 1.2\\nskirt_gap
;SETTING_3  = 0\\nskirt_height = 1\\nsupport_angle = 60\\ntop_bottom_thickness =
;SETTING_3  1\\ntop_layers = 4\\ntop_thickness = 1\\nwall_thickness = 1.2\\nz_se
;SETTING_3 am_corner = z_seam_corner_inner\\n\\n"]}
