;FLAVOR:Marlin
;TIME:1722
;Filament used: 2.81627m
;Layer height: 0.45
;MINX:58.685
;MINY:79.607
;MINZ:0.2
;MAXX:161.44
;MAXY:140.493
;MAXZ:9.2
;TARGET_MACHINE.NAME:Creality Ender-3 Pro
;Generated with Cura_SteamEngine 5.8.1
M82 ;absolute extrusion mode
; Ender 3 Custom Start G-code
G92 E0 ; Reset Extruder
G28 ; Home all axes
G1 Z5.0 F3000 ; Move Z Axis up a bit during heating to not damage bed
M104 S200.0 ; Start heating up the nozzle most of the way
M190 S115 ; Start heating the bed, wait until target temperature reached
M109 S240 ; Finish heating the nozzle
G1 Z2.0 F3000 ; Move Z Axis up little to prevent scratching of Heat Bed
G1 X0.1 Y20 Z0.3 F5000.0 ; Move to start position
G1 X0.1 Y200.0 Z0.3 F1500.0 E15 ; Draw the first line
G1 X0.4 Y200.0 Z0.3 F5000.0 ; Move to side a little
G1 X0.4 Y20 Z0.3 F1500.0 E30 ; Draw the second line
G92 E0 ; Reset Extruder
G29 A L0
G1 Z2.0 F3000 ; Move Z Axis up little to prevent scratching of Heat Bed
G1 X5 Y20 Z0.3 F5000.0 ; Move over to prevent blob squish

M300 S2637 P150
M300 S2637 P150
M300 S0 P75
M300 S2637 P300
M300 S2093 P150
M300 S2637 P300
M300 S3135 P300
M300 S0 P300
M300 S1567 P300
M300 S0 P300
M300 S2093 P300
M300 S0 P150
M300 S1567 P300
M300 S0 P150
M300 S1318 P300
M300 S0 P150
M300 S880 P300
M300 S987 P300
M300 S932 P150
M300 S880 P300
M300 S1567 P225
M300 S2637 P150
M300 S3135 P150
M300 S1760 P300
M300 S2793 P150
M300 S3135 P300
M300 S2637 P300
M300 S2093 P150
M300 S2349 P150
M300 S987 P300
M300 S0 P150
M300 S2093 P300
M300 S0 P150
M300 S1567 P300
M300 S0 P150
M300 S1318 P300
M300 S0 P150
M300 S880 P300
M300 S987 P300
M300 S932 P150
M300 S880 P300
M300 S1567 P225
M300 S2637 P150
M300 S3135 P150
M300 S1760 P300
M300 S2793 P150
M300 S3135 P300
M300 S2637 P300
M300 S2093 P150
M300 S2349 P150
M300 S987 P300
M300 S0 P300
M300 S3135 P150
M300 S2959 P150
M300 S2793 P150
M300 S2489 P150
M300 S0 P150
M300 S2637 P150
M300 S0 P150
M300 S1661 P150
M300 S880 P150
M300 S2093 P150
M300 S0 P150
M300 S880 P150
M300 S2093 P150
M300 S2349 P150
M300 S0 P300
M300 S3135 P150
M300 S2959 P150
M300 S2793 P150
M300 S2489 P150
M300 S0 P150
M300 S2637 P150
M300 S0 P150
M300 S4186 P150
M300 S0 P150
M300 S4186 P150
M300 S4186 P150
M300 S0 P600
M300 S3135 P150
M300 S2959 P150
M300 S2793 P150
M300 S2489 P150
M300 S0 P150
M300 S2637 P150
M300 S0 P150
M300 S1661 P150
M300 S880 P150
M300 S2093 P150
M300 S0 P150
M300 S880 P150
M300 S2093 P150
M300 S2349 P150
M300 S0 P300
M300 S2489 P150
M300 S0 P300
M300 S2349 P150
M300 S0 P300
M300 S2093 P150
G92 E0
G92 E0
G1 F3600 E-4
;LAYER_COUNT:21
;LAYER:0
M107
G0 F6000 X66.851 Y90.094 Z0.2
;TYPE:SKIRT
G1 F3600 E0
G1 F1200 X68.883 Y89.134 E0.11212
G1 X70.142 Y88.684 E0.17882
G1 X72.466 Y88.461 E0.2953
G1 X73.604 Y88.468 E0.35208
G1 X75.168 Y88.611 E0.43043
G1 X77.131 Y88.934 E0.52968
G1 X78.49 Y89.291 E0.59978
G1 X78.858 Y89.413 E0.61913
G1 X80.159 Y89.936 E0.68908
G1 X81.47 Y90.586 E0.76209
G1 X82.356 Y91.075 E0.81257
G1 X83.678 Y91.88 E0.88979
G1 X83.903 Y92.031 E0.90331
G1 X85.659 Y91.465 E0.99536
G1 X87.811 Y91.343 E1.1029
G1 X89.411 Y91.407 E1.18278
G1 X90.2 Y91.629 E1.22368
G1 X90.426 Y91.281 E1.24438
G1 X92.512 Y89.549 E1.37964
G1 X94.509 Y88.559 E1.49085
G1 X96.735 Y87.993 E1.60544
G1 X98.562 Y87.947 E1.69661
G1 X100.154 Y88.058 E1.77623
G1 X102.497 Y88.793 E1.89874
G1 X104.272 Y89.431 E1.99284
G1 X106.137 Y90.192 E2.09334
G1 X106.106 Y88.984 E2.15362
G1 X106.575 Y86.875 E2.26141
G1 X107.389 Y84.889 E2.36849
G1 X108.81 Y82.904 E2.49029
G1 X110.484 Y81.403 E2.60246
G1 X112.39 Y80.351 E2.71107
G1 X114.645 Y79.684 E2.82839
G1 X116.545 Y79.607 E2.92326
G1 X118.335 Y79.712 E3.01272
G1 X120.956 Y80.541 E3.14987
G1 X123.124 Y81.986 E3.27985
G1 X123.615 Y82.37 E3.31095
G1 X124.548 Y83.188 E3.37285
G1 X125.256 Y83.856 E3.42142
G1 X126.482 Y85.098 E3.50848
G1 X128.101 Y86.875 E3.62842
G1 X128.698 Y87.594 E3.67504
G1 X129.708 Y88.962 E3.75988
G1 X130.191 Y88.823 E3.78495
G1 X131.476 Y88.587 E3.85013
G1 X133.852 Y88.702 E3.96881
G1 X135.518 Y88.949 E4.05284
G1 X137.881 Y89.358 E4.17248
G1 X140.448 Y89.845 E4.30283
G1 X142.757 Y90.349 E4.42074
G1 X143.579 Y90.57 E4.46321
G1 X144.711 Y90.923 E4.52236
G1 X146.301 Y91.48 E4.60642
G1 X147.691 Y92.011 E4.68065
G1 X148.654 Y92.413 E4.73271
G1 X149.738 Y92.926 E4.79255
G1 X150.412 Y93.291 E4.83079
G1 X150.69 Y93.461 E4.84704
G1 X151.239 Y93.721 E4.87735
G1 X152.323 Y94.364 E4.94023
G1 X153.799 Y95.276 E5.02679
G1 X155.006 Y96.1 E5.0997
G1 X155.921 Y96.788 E5.15682
G1 X157.17 Y97.863 E5.23903
G1 X157.795 Y98.486 E5.28306
G1 X158.842 Y99.71 E5.36342
G1 X159.332 Y100.408 E5.40596
G1 X160.239 Y102.021 E5.49829
G1 X160.896 Y103.522 E5.58003
G1 X161.306 Y105.777 E5.69438
G1 X161.44 Y107.297 E5.7705
G1 X160.953 Y110.015 E5.90827
G1 X160.703 Y110.847 E5.95161
G1 X159.915 Y112.847 E6.05885
G1 X158.598 Y114.67 E6.17105
G1 X157.86 Y115.554 E6.22851
G1 X157.082 Y116.375 E6.28494
G1 X156.218 Y117.198 E6.34447
G1 X155.483 Y117.849 E6.39345
G1 X154.722 Y118.485 E6.44293
G1 X153.319 Y119.579 E6.53169
G1 X151.812 Y120.667 E6.62442
G1 X150.279 Y121.681 E6.71612
G1 X149.415 Y122.2 E6.76641
G1 X148.569 Y122.671 E6.81471
G1 X147.615 Y123.172 E6.86847
G1 X146.743 Y123.593 E6.91678
G1 X145.116 Y124.347 E7.00625
G1 X143.492 Y125.061 E7.09475
G1 X141.828 Y125.76 E7.1848
G1 X140.193 Y126.403 E7.27245
G1 X138.593 Y126.999 E7.35763
G1 X137.004 Y127.556 E7.44164
G1 X135.431 Y128.071 E7.52421
G1 X133.791 Y128.579 E7.60987
G1 X132.1 Y129.06 E7.69758
G1 X130.717 Y129.385 E7.76846
G1 X130.351 Y129.862 E7.79845
G1 X129.47 Y130.917 E7.86703
G1 X128.11 Y132.389 E7.96701
G1 X126.581 Y133.863 E8.07297
G1 X125.406 Y134.884 E8.15063
G1 X124.175 Y135.871 E8.22934
G1 X123.033 Y136.713 E8.30013
G1 X121.397 Y137.812 E8.39846
G1 X120.176 Y138.509 E8.4686
G1 X118.767 Y139.166 E8.54616
G1 X117.672 Y139.585 E8.60465
G1 X116.417 Y139.963 E8.67005
G1 X115.115 Y140.234 E8.73639
G1 X113.236 Y140.493 E8.83102
G1 X110.494 Y140.099 E8.96923
G1 X108.032 Y139.023 E9.10328
G1 X106.503 Y137.777 E9.20168
G1 X105.13 Y136.421 E9.29795
G1 X104.065 Y134.5 E9.40754
G1 X103.405 Y132.631 E9.50642
G1 X103.15 Y130.536 E9.61172
G1 X103.422 Y128.179 E9.73009
G1 X103.65 Y127.145 E9.78291
G1 X104.51 Y125.235 E9.88742
G1 X96.617 Y123.154 E10.29466
G1 X93.178 Y124.195 E10.47392
G1 X91.389 Y124.545 E10.56486
G1 X88.841 Y124.43 E10.69211
G1 X86.725 Y123.859 E10.80146
G1 X85.903 Y123.434 E10.84762
G1 X84.874 Y124.341 E10.91606
G1 X84.002 Y125.062 E10.97251
G1 X83.108 Y125.758 E11.02903
G1 X81.66 Y126.818 E11.11856
G1 X80.593 Y127.545 E11.18297
G1 X79.282 Y128.342 E11.25952
G1 X78.199 Y128.946 E11.32138
G1 X75.935 Y130.149 E11.44929
G1 X72.363 Y131.98 E11.64955
G1 X70.435 Y132.52 E11.74944
G1 X69.484 Y132.681 E11.79756
G1 X67.197 Y132.579 E11.91177
G1 X65.297 Y132.091 E12.00964
G1 X64.336 Y131.733 E12.0608
G1 X62.532 Y130.599 E12.16711
G1 X61.182 Y129.282 E12.2612
G1 X60.409 Y128.364 E12.32108
G1 X59.373 Y126.233 E12.43929
G1 X58.992 Y125.173 E12.49549
G1 X58.685 Y122.847 E12.61254
G1 X58.902 Y120.68 E12.72119
G1 X61.023 Y114.308 E13.05624
G1 X62.031 Y112.55 E13.15734
G1 X63.588 Y110.766 E13.27547
G1 X64.813 Y109.972 E13.3483
G1 X65.94 Y108.877 E13.4267
G1 X66.171 Y108.632 E13.4435
G1 X66.361 Y108.398 E13.45854
G1 X66.694 Y107.847 E13.49066
G1 X66.924 Y107.49 E13.51184
G1 X64.912 Y105.594 E13.64977
G1 X63.943 Y104.454 E13.72442
G1 X62.785 Y102.343 E13.84454
G1 X62.203 Y100.037 E13.96319
G1 X62.17 Y97.843 E14.07266
G1 X62.703 Y95.391 E14.19785
G1 X63.706 Y93.25 E14.31581
G1 X65.03 Y91.575 E14.42233
G1 X66.851 Y90.094 E14.53943
G0 F6000 X67.173 Y90.605
G1 F1200 X69.085 Y89.699 E14.64499
G1 X70.274 Y89.274 E14.70798
G1 X72.462 Y89.061 E14.81766
G1 X73.6 Y89.068 E14.87443
G1 X75.071 Y89.203 E14.94813
G1 X76.979 Y89.514 E15.04458
G1 X78.301 Y89.861 E15.11277
G1 X78.669 Y89.983 E15.13211
G1 X79.893 Y90.474 E15.19791
G1 X81.18 Y91.112 E15.26957
G1 X82.044 Y91.588 E15.31878
G1 X83.343 Y92.378 E15.39464
G1 X83.809 Y92.692 E15.42267
G1 X85.769 Y92.06 E15.52541
G1 X87.787 Y91.943 E15.62626
G1 X89.317 Y92.004 E15.70265
G1 X90.463 Y92.326 E15.76204
G1 X90.879 Y91.685 E15.80016
G1 X92.841 Y90.056 E15.92739
G1 X94.721 Y89.124 E16.03208
G1 X96.815 Y88.591 E16.13988
G1 X98.52 Y88.546 E16.22497
G1 X100.042 Y88.652 E16.30109
G1 X102.294 Y89.358 E16.41883
G1 X104.045 Y89.987 E16.51165
G1 X105.739 Y90.678 E16.60293
G1 X106.761 Y91.149 E16.65907
G1 X106.708 Y89.043 E16.76417
G1 X107.151 Y87.052 E16.86593
G1 X107.917 Y85.182 E16.96675
G1 X109.26 Y83.306 E17.08186
G1 X110.834 Y81.895 E17.18732
G1 X112.623 Y80.907 E17.28928
G1 X114.74 Y80.281 E17.39942
G1 X116.569 Y80.207 E17.49074
G1 X118.226 Y80.307 E17.57356
G1 X120.694 Y81.087 E17.70269
G1 X122.754 Y82.459 E17.82617
G1 X123.245 Y82.843 E17.85727
G1 X124.136 Y83.624 E17.91638
G1 X124.829 Y84.278 E17.96392
G1 X126.055 Y85.52 E18.05099
G1 X127.639 Y87.258 E18.16831
G1 X128.236 Y87.977 E18.21493
G1 X129.205 Y89.29 E18.29635
G1 X129.448 Y89.661 E18.31847
G1 X130.357 Y89.4 E18.36565
G1 X131.516 Y89.189 E18.42443
G1 X133.764 Y89.296 E18.53671
G1 X135.416 Y89.54 E18.62002
G1 X137.769 Y89.947 E18.73915
G1 X140.32 Y90.431 E18.8687
G1 X142.601 Y90.928 E18.98516
G1 X143.4 Y91.143 E19.02644
G1 X144.532 Y91.496 E19.0856
G1 X146.087 Y92.041 E19.16781
G1 X147.46 Y92.565 E19.24113
G1 X148.423 Y92.967 E19.29319
G1 X149.452 Y93.454 E19.34999
G1 X150.126 Y93.819 E19.38823
G1 X150.404 Y93.989 E19.40448
G1 X150.933 Y94.237 E19.43363
G1 X152.008 Y94.874 E19.49597
G1 X153.461 Y95.772 E19.58119
G1 X154.645 Y96.58 E19.6527
G1 X155.56 Y97.268 E19.70982
G1 X156.746 Y98.288 E19.78786
G1 X157.371 Y98.911 E19.83189
G1 X158.352 Y100.057 E19.90715
G1 X158.809 Y100.703 E19.94663
G1 X159.689 Y102.262 E20.03594
G1 X160.319 Y103.701 E20.11431
G1 X160.708 Y105.83 E20.22229
G1 X160.835 Y107.27 E20.29441
G1 X160.378 Y109.842 E20.42473
G1 X160.128 Y110.674 E20.46808
G1 X159.385 Y112.555 E20.56898
G1 X158.137 Y114.286 E20.67544
G1 X157.424 Y115.141 E20.73098
G1 X156.646 Y115.962 E20.78741
G1 X155.82 Y116.749 E20.84433
G1 X155.098 Y117.389 E20.89247
G1 X154.353 Y118.012 E20.94092
G1 X152.968 Y119.093 E21.02857
G1 X151.481 Y120.167 E21.12009
G1 X149.97 Y121.167 E21.21048
G1 X149.123 Y121.676 E21.25978
G1 X148.29 Y122.14 E21.30735
G1 X147.354 Y122.632 E21.36011
G1 X146.491 Y123.049 E21.40793
G1 X144.875 Y123.798 E21.49679
G1 X143.26 Y124.508 E21.5848
G1 X141.608 Y125.202 E21.6742
G1 X139.984 Y125.841 E21.76127
G1 X138.395 Y126.433 E21.84587
G1 X136.817 Y126.986 E21.92929
G1 X135.253 Y127.498 E22.01139
G1 X133.627 Y128.002 E22.09632
G1 X131.963 Y128.476 E22.18264
G1 X130.371 Y128.85 E22.26423
G1 X129.89 Y129.477 E22.30365
G1 X129.009 Y130.532 E22.37223
G1 X127.693 Y131.957 E22.469
G1 X126.187 Y133.41 E22.5734
G1 X125.03 Y134.416 E22.64989
G1 X123.819 Y135.388 E22.72736
G1 X122.698 Y136.215 E22.79686
G1 X121.099 Y137.291 E22.89302
G1 X119.922 Y137.965 E22.96069
G1 X118.513 Y138.622 E23.03825
G1 X117.499 Y139.01 E23.09241
G1 X116.244 Y139.388 E23.1578
G1 X115.033 Y139.64 E23.21951
G1 X113.244 Y139.888 E23.30962
G1 X110.66 Y139.517 E23.43986
G1 X108.347 Y138.506 E23.5658
G1 X106.925 Y137.35 E23.65723
G1 X105.613 Y136.054 E23.74923
G1 X104.614 Y134.253 E23.85198
G1 X103.993 Y132.494 E23.94505
G1 X103.754 Y130.532 E24.04366
G1 X104.008 Y128.308 E24.15533
G1 X104.223 Y127.334 E24.2051
G1 X105.347 Y124.835 E24.3418
G1 X96.606 Y122.531 E24.79279
G1 X93.063 Y123.606 E24.97751
G1 X91.342 Y123.943 E25.065
G1 X88.934 Y123.834 E25.18526
G1 X86.944 Y123.297 E25.28809
G1 X85.804 Y122.708 E25.35211
G1 X85.379 Y123.102 E25.38102
G1 X84.491 Y123.879 E25.43989
G1 X83.633 Y124.589 E25.49545
G1 X82.753 Y125.274 E25.55108
G1 X81.322 Y126.322 E25.63958
G1 X80.255 Y127.049 E25.70399
G1 X78.989 Y127.818 E25.77789
G1 X77.918 Y128.416 E25.83909
G1 X75.661 Y129.615 E25.96659
G1 X72.145 Y131.418 E26.16373
G1 X70.335 Y131.928 E26.25754
G1 X69.443 Y132.079 E26.30268
G1 X67.286 Y131.983 E26.4104
G1 X65.506 Y131.529 E26.50205
G1 X64.604 Y131.193 E26.55007
G1 X62.905 Y130.125 E26.65019
G1 X61.641 Y128.896 E26.73814
G1 X60.916 Y128.035 E26.7943
G1 X59.938 Y126.03 E26.90559
G1 X59.578 Y125.029 E26.95867
G1 X59.289 Y122.837 E27.06897
G1 X59.493 Y120.804 E27.17091
G1 X61.572 Y114.557 E27.49938
G1 X62.522 Y112.9 E27.59467
G1 X63.985 Y111.224 E27.70566
G1 X65.206 Y110.433 E27.77824
G1 X65.293 Y110.337 E27.7847
G1 X66.357 Y109.309 E27.85852
G1 X66.624 Y109.026 E27.87793
G1 X66.854 Y108.743 E27.89612
G1 X67.199 Y108.171 E27.92945
G1 X67.683 Y107.417 E27.97415
G1 X67.249 Y106.972 E28.00516
G1 X65.369 Y105.205 E28.13388
G1 X64.438 Y104.11 E28.20559
G1 X63.349 Y102.124 E28.31859
G1 X62.802 Y99.957 E28.43009
G1 X62.771 Y97.901 E28.53267
G1 X63.274 Y95.586 E28.65087
G1 X64.219 Y93.569 E28.76199
G1 X65.461 Y91.998 E28.8619
G1 X67.173 Y90.605 E28.97202
G0 F6000 X67.496 Y91.116
G1 F1200 X69.342 Y90.241 E29.07394
G1 X70.405 Y89.864 E29.13021
G1 X72.458 Y89.661 E29.23313
G1 X73.596 Y89.668 E29.28991
G1 X74.975 Y89.795 E29.359
G1 X76.827 Y90.094 E29.45259
G1 X78.112 Y90.431 E29.51887
G1 X78.48 Y90.553 E29.53821
G1 X79.627 Y91.012 E29.59984
G1 X80.89 Y91.638 E29.67017
G1 X81.754 Y92.114 E29.71939
G1 X83.007 Y92.875 E29.79252
G1 X83.764 Y93.386 E29.83809
G1 X84.001 Y93.26 E29.85148
G1 X85.88 Y92.655 E29.94996
G1 X87.763 Y92.543 E30.04407
G1 X89.223 Y92.601 E30.11697
G1 X90.726 Y93.023 E30.19486
G1 X91.332 Y92.089 E30.2504
G1 X93.17 Y90.563 E30.36958
G1 X94.933 Y89.689 E30.46776
G1 X96.895 Y89.189 E30.56877
G1 X98.478 Y89.145 E30.64778
G1 X99.933 Y89.246 E30.72054
G1 X102.091 Y89.923 E30.83338
G1 X103.818 Y90.543 E30.92492
G1 X105.512 Y91.234 E31.0162
G1 X106.526 Y91.702 E31.07191
G1 X107.141 Y92.027 E31.10662
G1 X107.375 Y91.998 E31.11838
G1 X107.375 Y91.716 E31.13245
G1 X107.31 Y89.102 E31.2629
G1 X107.726 Y87.231 E31.35853
G1 X108.446 Y85.474 E31.45326
G1 X109.708 Y83.711 E31.56143
G1 X111.187 Y82.385 E31.66053
G1 X112.856 Y81.463 E31.75566
G1 X114.835 Y80.878 E31.85861
G1 X116.593 Y80.807 E31.94639
G1 X118.117 Y80.902 E32.02257
G1 X120.431 Y81.633 E32.14364
G1 X122.384 Y82.932 E32.26066
G1 X122.875 Y83.316 E32.29176
G1 X123.724 Y84.06 E32.34808
G1 X124.402 Y84.7 E32.39459
G1 X125.628 Y85.942 E32.48166
G1 X127.177 Y87.641 E32.59636
G1 X127.774 Y88.36 E32.64299
G1 X128.722 Y89.646 E32.7227
G1 X129.189 Y90.36 E32.76526
G1 X130.523 Y89.977 E32.8345
G1 X131.555 Y89.791 E32.88682
G1 X133.677 Y89.89 E32.9928
G1 X135.314 Y90.131 E33.07535
G1 X137.657 Y90.537 E33.19399
G1 X140.192 Y91.017 E33.32271
G1 X142.445 Y91.507 E33.43774
G1 X143.221 Y91.716 E33.47783
G1 X144.353 Y92.069 E33.53699
G1 X145.873 Y92.601 E33.61733
G1 X147.229 Y93.119 E33.68975
G1 X148.192 Y93.521 E33.74181
G1 X149.166 Y93.982 E33.79557
G1 X149.84 Y94.347 E33.83381
G1 X150.122 Y94.52 E33.85032
G1 X150.627 Y94.753 E33.87807
G1 X151.693 Y95.385 E33.93989
G1 X153.123 Y96.268 E34.02374
G1 X154.284 Y97.06 E34.09386
G1 X155.199 Y97.748 E34.15097
G1 X156.322 Y98.713 E34.22484
G1 X156.947 Y99.336 E34.26887
G1 X157.862 Y100.404 E34.33903
G1 X158.319 Y101.05 E34.37851
G1 X159.139 Y102.502 E34.46171
G1 X159.741 Y103.878 E34.53664
G1 X160.11 Y105.883 E34.63835
G1 X160.23 Y107.244 E34.70651
G1 X159.803 Y109.669 E34.82936
G1 X159.553 Y110.501 E34.8727
G1 X158.855 Y112.264 E34.9673
G1 X157.676 Y113.902 E35.06799
G1 X156.988 Y114.728 E35.12162
G1 X156.21 Y115.549 E35.17805
G1 X155.422 Y116.3 E35.23235
G1 X154.713 Y116.929 E35.27964
G1 X153.984 Y117.539 E35.32706
G1 X152.616 Y118.607 E35.41365
G1 X151.15 Y119.667 E35.5039
G1 X149.661 Y120.653 E35.593
G1 X148.831 Y121.152 E35.64132
G1 X148.011 Y121.609 E35.68815
G1 X147.093 Y122.092 E35.7399
G1 X146.239 Y122.505 E35.78723
G1 X144.634 Y123.249 E35.87549
G1 X143.028 Y123.955 E35.96301
G1 X141.388 Y124.644 E36.05176
G1 X139.775 Y125.279 E36.13824
G1 X138.196 Y125.867 E36.22231
G1 X136.63 Y126.416 E36.3051
G1 X135.075 Y126.925 E36.38673
G1 X133.462 Y127.425 E36.47098
G1 X131.826 Y127.892 E36.55586
G1 X130.025 Y128.315 E36.64815
G1 X129.429 Y129.092 E36.69701
G1 X128.548 Y130.147 E36.76558
G1 X127.252 Y131.55 E36.86087
G1 X125.793 Y132.957 E36.96199
G1 X124.654 Y133.948 E37.03732
G1 X123.462 Y134.905 E37.11358
G1 X122.363 Y135.717 E37.18175
G1 X120.801 Y136.77 E37.27574
G1 X119.624 Y137.444 E37.3434
G1 X118.26 Y138.078 E37.41844
G1 X117.326 Y138.435 E37.46833
G1 X116.071 Y138.813 E37.53372
G1 X114.951 Y139.046 E37.59079
G1 X113.247 Y139.282 E37.67662
G1 X110.826 Y138.935 E37.79864
G1 X108.662 Y137.989 E37.91646
G1 X107.347 Y136.923 E38.00092
G1 X106.096 Y135.687 E38.08866
G1 X105.163 Y134.006 E38.18457
G1 X104.581 Y132.357 E38.27182
G1 X104.358 Y130.527 E38.36379
G1 X104.594 Y128.437 E38.46872
G1 X104.796 Y127.522 E38.51547
G1 X106.184 Y124.435 E38.68433
G1 X96.594 Y121.907 E39.17913
G1 X92.948 Y123.017 E39.36927
G1 X91.295 Y123.341 E39.45331
G1 X89.027 Y123.238 E39.56657
G1 X87.163 Y122.735 E39.6629
G1 X85.704 Y121.982 E39.74481
G1 X84.984 Y122.651 E39.79384
G1 X84.109 Y123.417 E39.85186
G1 X83.264 Y124.116 E39.90657
G1 X82.399 Y124.79 E39.96128
G1 X80.984 Y125.826 E40.04877
G1 X79.917 Y126.553 E40.11319
G1 X78.697 Y127.294 E40.1844
G1 X77.636 Y127.886 E40.24502
G1 X75.387 Y129.081 E40.37208
G1 X71.923 Y130.857 E40.56629
G1 X70.235 Y131.336 E40.65383
G1 X69.402 Y131.477 E40.69598
G1 X67.378 Y131.387 E40.79705
G1 X65.716 Y130.967 E40.88258
G1 X64.871 Y130.652 E40.92757
G1 X63.277 Y129.65 E41.0215
G1 X62.1 Y128.51 E41.10325
G1 X61.424 Y127.707 E41.15562
G1 X60.503 Y125.827 E41.26006
G1 X60.165 Y124.886 E41.30994
G1 X59.893 Y122.827 E41.41356
G1 X60.083 Y120.93 E41.50868
G1 X62.122 Y114.805 E41.83074
G1 X63.013 Y113.25 E41.92015
G1 X64.382 Y111.682 E42.024
G1 X65.602 Y110.892 E42.09651
G1 X65.71 Y110.769 E42.10468
G1 X66.774 Y109.741 E42.17849
G1 X67.077 Y109.42 E42.20051
G1 X67.343 Y109.092 E42.22158
G1 X67.704 Y108.495 E42.25639
G1 X68.431 Y107.362 E42.32355
G1 X68.08 Y106.961 E42.35014
G1 X67.677 Y106.551 E42.37882
G1 X65.826 Y104.816 E42.50539
G1 X64.935 Y103.768 E42.57402
G1 X63.912 Y101.903 E42.68014
G1 X63.401 Y99.877 E42.78439
G1 X63.372 Y97.959 E42.88009
G1 X63.845 Y95.781 E42.99128
G1 X64.732 Y93.888 E43.09558
G1 X65.892 Y92.421 E43.18888
G1 X67.496 Y91.116 E43.29205
G0 F6000 X67.818 Y91.628
G1 F1200 X69.542 Y90.807 E43.38731
G1 X70.538 Y90.454 E43.44003
G1 X72.454 Y90.261 E43.5361
G1 X73.592 Y90.268 E43.59288
G1 X74.88 Y90.387 E43.65741
G1 X76.675 Y90.675 E43.74811
G1 X77.923 Y91.001 E43.81246
G1 X78.291 Y91.123 E43.8318
G1 X79.404 Y91.569 E43.89162
G1 X80.6 Y92.164 E43.95827
G1 X81.464 Y92.64 E44.00748
G1 X82.672 Y93.373 E44.07798
G1 X83.749 Y94.099 E44.14278
G1 X84.185 Y93.831 E44.16831
G1 X85.991 Y93.25 E44.26296
G1 X87.739 Y93.143 E44.35033
G1 X89.13 Y93.198 E44.41978
G1 X90.989 Y93.72 E44.51612
G1 X91.787 Y92.491 E44.58922
G1 X93.496 Y91.071 E44.70008
G1 X95.145 Y90.254 E44.79189
G1 X96.975 Y89.787 E44.88611
G1 X98.437 Y89.744 E44.95908
G1 X99.824 Y89.84 E45.02845
G1 X101.888 Y90.488 E45.13638
G1 X103.591 Y91.099 E45.22664
G1 X105.285 Y91.79 E45.31792
G1 X106.275 Y92.247 E45.37232
G1 X107.028 Y92.645 E45.41481
G1 X107.556 Y92.581 E45.44134
G1 X107.976 Y92.519 E45.46253
G1 X107.975 Y91.715 E45.50264
G1 X107.912 Y89.161 E45.6301
G1 X108.301 Y87.41 E45.71958
G1 X108.975 Y85.766 E45.80823
G1 X110.156 Y84.116 E45.90946
G1 X111.54 Y82.875 E46.0022
G1 X113.089 Y82.019 E46.0905
G1 X114.93 Y81.475 E46.18627
G1 X116.617 Y81.407 E46.2705
G1 X118.008 Y81.497 E46.34005
G1 X120.169 Y82.179 E46.4531
G1 X122.014 Y83.405 E46.56362
G1 X122.505 Y83.789 E46.59471
G1 X123.312 Y84.496 E46.64824
G1 X123.975 Y85.122 E46.69373
G1 X125.201 Y86.364 E46.7808
G1 X126.715 Y88.024 E46.89289
G1 X127.312 Y88.743 E46.93951
G1 X128.239 Y90.002 E47.01752
G1 X128.79 Y90.846 E47.0678
G1 X129.154 Y90.995 E47.08742
G1 X130.689 Y90.554 E47.1671
G1 X131.598 Y90.393 E47.21316
G1 X133.59 Y90.484 E47.31265
G1 X135.211 Y90.722 E47.39438
G1 X137.545 Y91.127 E47.51257
G1 X140.08 Y91.607 E47.64129
G1 X142.289 Y92.086 E47.75406
G1 X143.043 Y92.289 E47.79301
G1 X144.155 Y92.635 E47.85111
G1 X145.659 Y93.162 E47.93062
G1 X146.998 Y93.673 E48.00212
G1 X147.961 Y94.075 E48.05419
G1 X148.88 Y94.51 E48.10491
G1 X149.554 Y94.875 E48.14315
G1 X149.839 Y95.051 E48.15986
G1 X150.321 Y95.269 E48.18626
G1 X151.378 Y95.895 E48.24754
G1 X152.785 Y96.764 E48.33005
G1 X153.923 Y97.54 E48.39877
G1 X154.838 Y98.228 E48.45588
G1 X155.898 Y99.138 E48.52558
G1 X156.523 Y99.761 E48.56961
G1 X157.372 Y100.751 E48.63467
G1 X157.829 Y101.397 E48.67415
G1 X158.589 Y102.743 E48.75127
G1 X159.164 Y104.057 E48.82283
G1 X159.512 Y105.936 E48.91816
G1 X159.625 Y107.22 E48.98247
G1 X159.228 Y109.496 E49.09774
G1 X158.978 Y110.328 E49.14108
G1 X158.324 Y111.976 E49.22953
G1 X157.215 Y113.518 E49.32429
G1 X156.552 Y114.315 E49.37602
G1 X155.774 Y115.136 E49.43245
G1 X155.024 Y115.851 E49.48414
G1 X154.327 Y116.469 E49.53062
G1 X153.615 Y117.066 E49.57697
G1 X152.264 Y118.121 E49.66249
G1 X150.819 Y119.167 E49.75149
G1 X149.352 Y120.139 E49.83928
G1 X148.539 Y120.628 E49.88662
G1 X147.732 Y121.078 E49.93271
G1 X146.831 Y121.552 E49.98351
G1 X145.987 Y121.961 E50.0303
G1 X144.393 Y122.7 E50.11795
G1 X142.796 Y123.402 E50.20499
G1 X141.168 Y124.086 E50.29308
G1 X139.565 Y124.717 E50.37903
G1 X137.998 Y125.301 E50.46246
G1 X136.443 Y125.846 E50.54467
G1 X134.897 Y126.352 E50.62582
G1 X133.297 Y126.848 E50.7094
G1 X131.689 Y127.308 E50.79284
G1 X130.133 Y127.674 E50.87259
G1 X129.705 Y127.746 E50.89424
G1 X128.968 Y128.707 E50.95466
G1 X128.087 Y129.762 E51.02323
G1 X126.835 Y131.118 E51.11531
G1 X125.399 Y132.504 E51.21488
G1 X124.278 Y133.48 E51.28903
G1 X123.105 Y134.423 E51.36412
G1 X122.027 Y135.22 E51.431
G1 X120.503 Y136.249 E51.52275
G1 X119.326 Y136.923 E51.59041
G1 X118.045 Y137.518 E51.66088
G1 X117.153 Y137.86 E51.70854
G1 X115.898 Y138.238 E51.77393
G1 X114.869 Y138.452 E51.82637
G1 X113.25 Y138.676 E51.90791
G1 X110.992 Y138.353 E52.02171
G1 X108.977 Y137.472 E52.13142
G1 X107.769 Y136.496 E52.2089
G1 X106.579 Y135.32 E52.29237
G1 X105.712 Y133.759 E52.38146
G1 X105.169 Y132.22 E52.46288
G1 X104.962 Y130.521 E52.54827
G1 X105.18 Y128.566 E52.64641
G1 X105.369 Y127.71 E52.69014
G1 X106.756 Y124.624 E52.85894
G1 X107.002 Y124.03 E52.89101
G1 X96.581 Y121.283 E53.42868
G1 X92.832 Y122.428 E53.62425
G1 X91.247 Y122.739 E53.70483
G1 X89.12 Y122.642 E53.81106
G1 X87.382 Y122.173 E53.90087
G1 X85.604 Y121.255 E54.0007
G1 X84.589 Y122.2 E54.06989
G1 X83.727 Y122.955 E54.12706
G1 X82.895 Y123.643 E54.18092
G1 X82.044 Y124.306 E54.23474
G1 X80.646 Y125.33 E54.32119
G1 X79.579 Y126.057 E54.38561
G1 X78.405 Y126.77 E54.45414
G1 X77.355 Y127.356 E54.51413
G1 X75.113 Y128.547 E54.64078
G1 X71.702 Y130.296 E54.83203
G1 X70.135 Y130.744 E54.91334
G1 X69.361 Y130.875 E54.9525
G1 X67.469 Y130.791 E55.04699
G1 X65.863 Y130.385 E55.12963
G1 X65.141 Y130.113 E55.16812
G1 X63.647 Y129.173 E55.25618
G1 X62.559 Y128.124 E55.33158
G1 X61.93 Y127.377 E55.38031
G1 X61.068 Y125.624 E55.47776
G1 X60.751 Y124.742 E55.52452
G1 X60.497 Y122.817 E55.62139
G1 X60.674 Y121.054 E55.70979
G1 X62.672 Y115.05 E56.02548
G1 X63.503 Y113.601 E56.10882
G1 X64.777 Y112.141 E56.20549
G1 X66.002 Y111.348 E56.2783
G1 X66.127 Y111.201 E56.28792
G1 X67.191 Y110.173 E56.36173
G1 X67.53 Y109.814 E56.38637
G1 X67.836 Y109.437 E56.41059
G1 X68.208 Y108.821 E56.44649
G1 X68.801 Y107.905 E56.50093
G1 X69.174 Y107.299 E56.53644
G1 X68.526 Y106.56 E56.58547
G1 X68.087 Y106.113 E56.61673
G1 X66.283 Y104.427 E56.73992
G1 X65.43 Y103.424 E56.80561
G1 X64.476 Y101.684 E56.90461
G1 X64 Y99.797 E57.0017
G1 X63.973 Y98.017 E57.09051
G1 X64.416 Y95.976 E57.19471
G1 X65.245 Y94.207 E57.29218
G1 X66.322 Y92.844 E57.37884
G1 X67.818 Y91.628 E57.47503
G0 F6000 X68.142 Y92.138
G1 F1200 X69.742 Y91.373 E57.5635
G1 X70.671 Y91.044 E57.61267
G1 X72.451 Y90.861 E57.70195
G1 X73.537 Y90.866 E57.75613
G1 X74.786 Y90.98 E57.8187
G1 X76.524 Y91.256 E57.90649
G1 X77.734 Y91.571 E57.96887
G1 X78.102 Y91.693 E57.98822
G1 X79.18 Y92.126 E58.04617
G1 X80.31 Y92.69 E58.10918
G1 X81.174 Y93.166 E58.1584
G1 X82.361 Y93.886 E58.22766
G1 X83.734 Y94.812 E58.31028
G1 X84.438 Y94.379 E58.35151
G1 X86.101 Y93.845 E58.43865
G1 X87.715 Y93.743 E58.51934
G1 X89.037 Y93.795 E58.58534
G1 X91.252 Y94.417 E58.70013
G1 X92.24 Y92.895 E58.79065
G1 X93.824 Y91.579 E58.8934
G1 X95.359 Y90.818 E58.97887
G1 X97.056 Y90.385 E59.06625
G1 X98.396 Y90.343 E59.13313
G1 X99.711 Y90.434 E59.1989
G1 X101.685 Y91.053 E59.30211
G1 X103.364 Y91.655 E59.39109
G1 X105.058 Y92.346 E59.48237
G1 X105.995 Y92.778 E59.53385
G1 X106.914 Y93.263 E59.58569
G1 X107.636 Y93.176 E59.62197
G1 X108.576 Y93.038 E59.66937
G1 X108.575 Y91.715 E59.73537
G1 X108.514 Y89.22 E59.85989
G1 X108.877 Y87.587 E59.94335
G1 X109.503 Y86.059 E60.02573
G1 X110.604 Y84.521 E60.12009
G1 X111.893 Y83.365 E60.20647
G1 X113.322 Y82.575 E60.28794
G1 X115.025 Y82.072 E60.37653
G1 X116.641 Y82.007 E60.45722
G1 X117.899 Y82.092 E60.52012
G1 X119.906 Y82.725 E60.62511
G1 X121.644 Y83.878 E60.72917
G1 X122.135 Y84.262 E60.76027
G1 X122.9 Y84.932 E60.811
G1 X123.548 Y85.544 E60.85547
G1 X124.774 Y86.786 E60.94254
G1 X126.253 Y88.407 E61.05201
G1 X126.85 Y89.126 E61.09864
G1 X127.736 Y90.33 E61.17321
G1 X128.389 Y91.331 E61.23284
G1 X128.912 Y91.542 E61.26098
G1 X129.096 Y91.656 E61.27178
G1 X129.283 Y91.582 E61.28181
G1 X130.794 Y91.145 E61.36028
G1 X131.64 Y90.995 E61.40315
G1 X133.563 Y91.083 E61.49919
G1 X135.108 Y91.313 E61.57712
G1 X137.433 Y91.717 E61.69485
G1 X139.968 Y92.197 E61.82357
G1 X142.133 Y92.665 E61.93408
G1 X142.865 Y92.862 E61.9719
G1 X143.957 Y93.201 E62.02894
G1 X145.445 Y93.722 E62.1076
G1 X146.767 Y94.227 E62.1782
G1 X147.73 Y94.629 E62.23026
G1 X148.594 Y95.038 E62.27795
G1 X149.268 Y95.403 E62.31619
G1 X149.555 Y95.581 E62.33304
G1 X150.015 Y95.785 E62.35815
G1 X151.063 Y96.405 E62.4189
G1 X152.447 Y97.26 E62.50006
G1 X153.562 Y98.02 E62.56738
G1 X154.477 Y98.708 E62.62449
G1 X155.475 Y99.564 E62.69009
G1 X156.068 Y100.153 E62.73179
G1 X156.882 Y101.098 E62.79401
G1 X157.339 Y101.744 E62.83349
G1 X158.039 Y102.984 E62.90453
G1 X158.587 Y104.236 E62.97272
G1 X158.914 Y105.988 E63.06163
G1 X159.02 Y107.196 E63.12213
G1 X158.653 Y109.323 E63.22982
G1 X158.403 Y110.155 E63.27316
G1 X157.795 Y111.682 E63.35516
G1 X156.753 Y113.135 E63.44436
G1 X156.116 Y113.902 E63.4941
G1 X155.338 Y114.723 E63.55053
G1 X154.626 Y115.402 E63.59962
G1 X153.942 Y116.009 E63.64524
G1 X153.245 Y116.593 E63.69061
G1 X151.912 Y117.635 E63.77502
G1 X150.488 Y118.667 E63.86276
G1 X149.042 Y119.625 E63.9493
G1 X148.247 Y120.104 E63.9956
G1 X147.453 Y120.547 E64.04096
G1 X146.569 Y121.012 E64.09079
G1 X145.735 Y121.417 E64.13705
G1 X144.152 Y122.151 E64.2241
G1 X142.564 Y122.849 E64.31064
G1 X140.948 Y123.528 E64.39809
G1 X139.356 Y124.155 E64.48346
G1 X137.799 Y124.735 E64.56635
G1 X136.256 Y125.276 E64.64793
G1 X134.719 Y125.779 E64.72861
G1 X133.132 Y126.271 E64.8115
G1 X131.551 Y126.724 E64.89355
G1 X130.033 Y127.082 E64.97136
G1 X129.373 Y127.193 E65.00475
G1 X128.507 Y128.322 E65.07574
G1 X127.626 Y129.377 E65.14431
G1 X126.418 Y130.686 E65.23318
G1 X125.005 Y132.051 E65.3312
G1 X123.884 Y133.027 E65.40535
G1 X122.748 Y133.941 E65.47809
G1 X121.691 Y134.723 E65.54369
G1 X120.204 Y135.729 E65.63326
G1 X119.073 Y136.379 E65.69834
G1 X117.83 Y136.958 E65.76675
G1 X116.98 Y137.285 E65.81219
G1 X115.725 Y137.663 E65.87758
G1 X114.787 Y137.858 E65.92537
G1 X113.253 Y138.07 E66.00263
G1 X111.158 Y137.771 E66.10821
G1 X109.292 Y136.955 E66.20982
G1 X108.146 Y136.029 E66.28333
G1 X107.061 Y134.953 E66.35956
G1 X106.263 Y133.517 E66.44152
G1 X105.757 Y132.083 E66.51739
G1 X105.566 Y130.514 E66.59624
G1 X105.766 Y128.695 E66.68754
G1 X105.942 Y127.898 E66.72826
G1 X107.303 Y124.87 E66.89389
G1 X107.818 Y123.625 E66.96111
G1 X96.568 Y120.659 E67.54155
G1 X92.657 Y121.854 E67.74557
G1 X91.201 Y122.137 E67.81957
G1 X89.213 Y122.046 E67.91886
G1 X87.601 Y121.611 E68.00216
G1 X86.021 Y120.795 E68.09088
G1 X85.567 Y120.429 E68.11997
G1 X85.057 Y120.945 E68.15617
G1 X84.194 Y121.749 E68.21501
G1 X83.344 Y122.493 E68.27137
G1 X82.526 Y123.17 E68.32434
G1 X81.69 Y123.822 E68.37724
G1 X80.308 Y124.834 E68.46269
G1 X79.241 Y125.561 E68.52711
G1 X78.113 Y126.246 E68.59295
G1 X77.073 Y126.826 E68.65236
G1 X74.839 Y128.013 E68.77857
G1 X71.481 Y129.735 E68.96684
G1 X70.035 Y130.152 E69.04192
G1 X69.32 Y130.273 E69.0781
G1 X67.559 Y130.195 E69.16605
G1 X66.074 Y129.823 E69.24242
G1 X65.41 Y129.573 E69.27782
G1 X64.017 Y128.696 E69.35994
G1 X63.018 Y127.738 E69.429
G1 X62.437 Y127.048 E69.474
G1 X61.633 Y125.421 E69.56454
G1 X61.337 Y124.598 E69.60817
G1 X61.101 Y122.807 E69.6983
G1 X61.264 Y121.18 E69.77988
G1 X63.222 Y115.298 E70.08916
G1 X63.996 Y113.948 E70.1668
G1 X65.172 Y112.6 E70.25605
G1 X66.405 Y111.802 E70.32932
G1 X66.544 Y111.633 E70.34024
G1 X67.608 Y110.605 E70.41405
G1 X67.983 Y110.208 E70.4413
G1 X68.329 Y109.782 E70.46868
G1 X68.712 Y109.147 E70.50567
G1 X69.305 Y108.231 E70.56011
G1 X69.737 Y107.529 E70.60124
G1 X69.909 Y107.226 E70.61862
G1 X68.964 Y106.149 E70.6901
G1 X68.515 Y105.692 E70.72206
G1 X66.74 Y104.038 E70.84311
G1 X65.927 Y103.082 E70.90572
G1 X65.039 Y101.463 E70.99784
G1 X64.599 Y99.717 E71.08767
G1 X64.574 Y98.075 E71.1696
G1 X64.988 Y96.169 E71.26691
G1 X65.757 Y94.527 E71.35737
G1 X66.752 Y93.267 E71.43747
G1 X68.142 Y92.138 E71.52681
G0 F6000 X68.464 Y92.649
G1 F1200 X69.942 Y91.939 E71.60861
G1 X70.804 Y91.634 E71.65423
G1 X72.448 Y91.461 E71.7367
G1 X73.534 Y91.466 E71.79088
G1 X74.692 Y91.573 E71.8489
G1 X76.43 Y91.849 E71.9367
G1 X77.545 Y92.141 E71.9942
G1 X77.913 Y92.263 E72.01354
G1 X78.912 Y92.663 E72.06723
G1 X80.021 Y93.216 E72.12906
G1 X80.863 Y93.679 E72.177
G1 X82.026 Y94.384 E72.24485
G1 X83.719 Y95.525 E72.3467
G1 X84.691 Y94.928 E72.40361
G1 X86.211 Y94.44 E72.48326
G1 X87.692 Y94.343 E72.5573
G1 X88.943 Y94.392 E72.61976
G1 X91.137 Y95.008 E72.73346
G1 X91.545 Y95.137 E72.7548
G1 X91.641 Y94.92 E72.76664
G1 X92.693 Y93.299 E72.86305
G1 X94.152 Y92.087 E72.95768
G1 X95.574 Y91.382 E73.03687
G1 X97.137 Y90.983 E73.11734
G1 X98.355 Y90.942 E73.17815
G1 X99.598 Y91.028 E73.24031
G1 X101.505 Y91.626 E73.34002
G1 X103.138 Y92.211 E73.42656
G1 X104.807 Y92.891 E73.51647
G1 X105.744 Y93.323 E73.56795
G1 X106.509 Y93.728 E73.61113
G1 X106.768 Y93.886 E73.62627
G1 X107.716 Y93.771 E73.67391
G1 X109.159 Y93.559 E73.74667
G1 X109.181 Y92.909 E73.77912
G1 X109.175 Y91.712 E73.83884
G1 X109.116 Y89.279 E73.96026
G1 X109.452 Y87.766 E74.03758
G1 X110.032 Y86.351 E74.11388
G1 X111.052 Y84.926 E74.2013
G1 X112.246 Y83.855 E74.28133
G1 X113.555 Y83.131 E74.35596
G1 X115.124 Y82.668 E74.43757
G1 X116.601 Y82.606 E74.51132
G1 X117.789 Y82.686 E74.57073
G1 X119.646 Y83.272 E74.66788
G1 X121.274 Y84.351 E74.76532
G1 X121.765 Y84.735 E74.79642
G1 X122.488 Y85.368 E74.84436
G1 X123.121 Y85.965 E74.88777
G1 X124.331 Y87.191 E74.97371
G1 X125.792 Y88.791 E75.0818
G1 X126.367 Y89.482 E75.12665
G1 X127.235 Y90.661 E75.19969
G1 X127.811 Y91.533 E75.25183
G1 X127.978 Y91.813 E75.2681
G1 X128.688 Y92.099 E75.30629
G1 X129.006 Y92.342 E75.32625
G1 X129.451 Y92.158 E75.35028
G1 X130.899 Y91.736 E75.42552
G1 X131.682 Y91.597 E75.4652
G1 X133.475 Y91.677 E75.55474
G1 X135.005 Y91.904 E75.63191
G1 X137.321 Y92.307 E75.74919
G1 X139.856 Y92.787 E75.87791
G1 X141.978 Y93.245 E75.98621
G1 X142.687 Y93.435 E76.02283
G1 X143.759 Y93.767 E76.07882
G1 X145.231 Y94.282 E76.15662
G1 X146.536 Y94.781 E76.22633
G1 X147.499 Y95.183 E76.27839
G1 X148.308 Y95.566 E76.32305
G1 X148.982 Y95.931 E76.36129
G1 X149.272 Y96.112 E76.37834
G1 X149.71 Y96.302 E76.40216
G1 X150.748 Y96.915 E76.4623
G1 X152.109 Y97.756 E76.54212
G1 X153.201 Y98.5 E76.60804
G1 X154.116 Y99.188 E76.66516
G1 X155.053 Y99.991 E76.72672
G1 X155.613 Y100.545 E76.76602
G1 X156.427 Y101.49 E76.82825
G1 X156.848 Y102.089 E76.86478
G1 X157.489 Y103.224 E76.92981
G1 X158.009 Y104.413 E76.99455
G1 X158.316 Y106.04 E77.07716
G1 X158.415 Y107.173 E77.1339
G1 X158.078 Y109.15 E77.23395
G1 X157.828 Y109.982 E77.27729
G1 X157.266 Y111.391 E77.35298
G1 X156.291 Y112.752 E77.4365
G1 X155.68 Y113.489 E77.48426
G1 X154.902 Y114.31 E77.54069
G1 X154.228 Y114.953 E77.58717
G1 X153.556 Y115.549 E77.63198
G1 X152.875 Y116.12 E77.67632
G1 X151.56 Y117.149 E77.75962
G1 X150.157 Y118.167 E77.8461
G1 X148.732 Y119.111 E77.93138
G1 X147.954 Y119.58 E77.9767
G1 X147.174 Y120.016 E78.02128
G1 X146.307 Y120.472 E78.07015
G1 X145.482 Y120.873 E78.11592
G1 X143.911 Y121.602 E78.20232
G1 X142.332 Y122.296 E78.28837
G1 X140.728 Y122.97 E78.37518
G1 X139.147 Y123.593 E78.45995
G1 X137.601 Y124.169 E78.54226
G1 X136.069 Y124.706 E78.62326
G1 X134.541 Y125.206 E78.70347
G1 X132.966 Y125.694 E78.78573
G1 X131.413 Y126.14 E78.86634
G1 X129.934 Y126.49 E78.94216
G1 X129.041 Y126.64 E78.98734
G1 X128.046 Y127.937 E79.0689
G1 X127.165 Y128.992 E79.13747
G1 X126.001 Y130.254 E79.22312
G1 X124.588 Y131.619 E79.32114
G1 X123.508 Y132.56 E79.3926
G1 X122.391 Y133.459 E79.46414
G1 X121.354 Y134.226 E79.52849
G1 X119.904 Y135.209 E79.61588
G1 X118.819 Y135.835 E79.67838
G1 X117.614 Y136.398 E79.74474
G1 X116.807 Y136.71 E79.7879
G1 X115.552 Y137.088 E79.85329
G1 X114.705 Y137.264 E79.89645
G1 X113.256 Y137.464 E79.96943
G1 X111.324 Y137.189 E80.06679
G1 X109.607 Y136.438 E80.16028
G1 X108.523 Y135.562 E80.22982
G1 X107.543 Y134.587 E80.29878
G1 X106.814 Y133.275 E80.37367
G1 X106.345 Y131.946 E80.44398
G1 X106.17 Y130.51 E80.51615
G1 X106.352 Y128.824 E80.60075
G1 X106.515 Y128.086 E80.63846
G1 X107.856 Y125.103 E80.80163
G1 X108.18 Y124.334 E80.84326
G1 X108.628 Y123.218 E80.90326
G1 X96.557 Y120.036 E81.52605
G1 X94.186 Y120.755 E81.64966
G1 X92.542 Y121.265 E81.73554
G1 X91.155 Y121.535 E81.80603
G1 X89.306 Y121.45 E81.89838
G1 X87.82 Y121.049 E81.97517
G1 X86.349 Y120.289 E82.05777
G1 X85.522 Y119.623 E82.11075
G1 X84.648 Y120.506 E82.17273
G1 X83.799 Y121.298 E82.23066
G1 X82.962 Y122.031 E82.28616
G1 X82.157 Y122.697 E82.33829
G1 X81.336 Y123.338 E82.39025
G1 X79.97 Y124.338 E82.47471
G1 X78.903 Y125.065 E82.53913
G1 X77.82 Y125.722 E82.60233
G1 X76.792 Y126.296 E82.66107
G1 X74.565 Y127.479 E82.78687
G1 X71.26 Y129.174 E82.97218
G1 X69.869 Y129.575 E83.0444
G1 X69.281 Y129.671 E83.07413
G1 X67.648 Y129.599 E83.15568
G1 X66.22 Y129.241 E83.22913
G1 X65.681 Y129.034 E83.25793
G1 X64.386 Y128.219 E83.33427
G1 X63.477 Y127.351 E83.39698
G1 X62.941 Y126.715 E83.43847
G1 X62.198 Y125.218 E83.52185
G1 X61.924 Y124.455 E83.5623
G1 X61.705 Y122.797 E83.64573
G1 X61.855 Y121.304 E83.72059
G1 X63.771 Y115.547 E84.0233
G1 X64.487 Y114.298 E84.09513
G1 X65.57 Y113.057 E84.1773
G1 X66.674 Y112.339 E84.243
G1 X66.8 Y112.271 E84.25015
G1 X66.961 Y112.065 E84.26319
G1 X68.025 Y111.037 E84.337
G1 X68.436 Y110.602 E84.36686
G1 X68.698 Y110.279 E84.38761
G1 X68.871 Y110.045 E84.40213
G1 X69.216 Y109.473 E84.43545
G1 X69.809 Y108.557 E84.48989
G1 X70.248 Y107.844 E84.53167
G1 X70.626 Y107.178 E84.56987
G1 X70.399 Y106.875 E84.58876
G1 X69.41 Y105.748 E84.66357
G1 X68.923 Y105.252 E84.69825
G1 X67.197 Y103.649 E84.81577
G1 X66.422 Y102.738 E84.87544
G1 X65.603 Y101.244 E84.96044
G1 X65.198 Y99.637 E85.04312
G1 X65.175 Y98.133 E85.11816
G1 X65.56 Y96.362 E85.20858
G1 X66.269 Y94.847 E85.29203
G1 X67.182 Y93.69 E85.36556
G1 X68.464 Y92.649 E85.44795
G0 F6000 X68.788 Y93.159
G1 F1200 X70.142 Y92.505 E85.52297
G1 X70.937 Y92.224 E85.56504
G1 X72.446 Y92.061 E85.64076
G1 X73.48 Y92.064 E85.69235
G1 X74.599 Y92.166 E85.74841
G1 X76.279 Y92.43 E85.83325
G1 X77.356 Y92.711 E85.88878
G1 X77.724 Y92.833 E85.90812
G1 X78.688 Y93.22 E85.95995
G1 X79.732 Y93.742 E86.01818
G1 X80.552 Y94.192 E86.06485
G1 X81.715 Y94.897 E86.1327
G1 X83.704 Y96.238 E86.25238
G1 X84.943 Y95.477 E86.32492
G1 X86.322 Y95.034 E86.39718
G1 X87.669 Y94.943 E86.46453
G1 X88.85 Y94.989 E86.5235
G1 X90.956 Y95.58 E86.63263
G1 X91.915 Y95.884 E86.68282
G1 X92.144 Y95.247 E86.71659
G1 X93.146 Y93.703 E86.80842
G1 X94.48 Y92.595 E86.89494
G1 X95.789 Y91.946 E86.96783
G1 X97.218 Y91.581 E87.04141
G1 X98.314 Y91.541 E87.09613
G1 X99.489 Y91.622 E87.15489
G1 X101.303 Y92.191 E87.24973
G1 X102.912 Y92.767 E87.335
G1 X104.556 Y93.436 E87.42355
G1 X105.493 Y93.868 E87.47502
G1 X106.197 Y94.241 E87.51477
G1 X106.634 Y94.507 E87.54029
G1 X107.796 Y94.366 E87.59869
G1 X109.742 Y94.08 E87.69682
G1 X109.781 Y92.929 E87.75428
G1 X109.775 Y91.709 E87.81514
G1 X109.718 Y89.338 E87.93347
G1 X110.028 Y87.943 E88.00476
G1 X110.56 Y86.644 E88.0748
G1 X111.5 Y85.331 E88.15536
G1 X112.599 Y84.345 E88.22902
G1 X113.785 Y83.689 E88.29664
G1 X115.227 Y83.264 E88.37164
G1 X116.561 Y83.205 E88.43826
G1 X117.679 Y83.28 E88.49416
G1 X119.386 Y83.819 E88.58347
G1 X120.904 Y84.824 E88.67429
G1 X121.395 Y85.208 E88.70539
G1 X122.076 Y85.804 E88.75054
G1 X122.694 Y86.387 E88.79293
G1 X123.888 Y87.596 E88.8777
G1 X125.331 Y89.175 E88.98442
G1 X125.906 Y89.866 E89.02927
G1 X126.734 Y90.992 E89.099
G1 X127.31 Y91.864 E89.15114
G1 X127.567 Y92.295 E89.17617
G1 X128.389 Y92.626 E89.22038
G1 X128.918 Y93.029 E89.25356
G1 X129.62 Y92.734 E89.29155
G1 X131.004 Y92.327 E89.36352
G1 X131.725 Y92.199 E89.40005
G1 X133.387 Y92.27 E89.48305
G1 X134.902 Y92.495 E89.55946
G1 X137.209 Y92.896 E89.67628
G1 X139.73 Y93.374 E89.8043
G1 X141.823 Y93.825 E89.91111
G1 X142.532 Y94.015 E89.94773
G1 X143.561 Y94.333 E90.00147
G1 X145.017 Y94.842 E90.07842
G1 X146.305 Y95.335 E90.14722
G1 X147.268 Y95.737 E90.19928
G1 X148.022 Y96.094 E90.2409
G1 X148.696 Y96.459 E90.27914
G1 X148.996 Y96.647 E90.29681
G1 X149.405 Y96.819 E90.31894
G1 X150.433 Y97.426 E90.3785
G1 X151.771 Y98.252 E90.45695
G1 X152.84 Y98.98 E90.52148
G1 X153.755 Y99.668 E90.57859
G1 X154.632 Y100.419 E90.6362
G1 X155.158 Y100.937 E90.67303
G1 X155.972 Y101.882 E90.73525
G1 X156.326 Y102.385 E90.76594
G1 X156.939 Y103.464 E90.82785
G1 X157.431 Y104.59 E90.88916
G1 X157.726 Y106.151 E90.96841
G1 X157.81 Y107.148 E91.01833
G1 X157.503 Y108.977 E91.11086
G1 X157.253 Y109.809 E91.1542
G1 X156.737 Y111.099 E91.22351
G1 X155.803 Y112.402 E91.3035
G1 X155.244 Y113.077 E91.34722
G1 X154.488 Y113.876 E91.4021
G1 X153.83 Y114.504 E91.44748
G1 X153.171 Y115.089 E91.49144
G1 X152.505 Y115.647 E91.53479
G1 X151.19 Y116.676 E91.61809
G1 X149.826 Y117.667 E91.70221
G1 X148.422 Y118.597 E91.78623
G1 X147.661 Y119.056 E91.83056
G1 X146.894 Y119.485 E91.87441
G1 X146.045 Y119.932 E91.92228
G1 X145.229 Y120.329 E91.96755
G1 X143.669 Y121.053 E92.05335
G1 X142.1 Y121.743 E92.13887
G1 X140.508 Y122.412 E92.22502
G1 X138.938 Y123.031 E92.30921
G1 X137.402 Y123.603 E92.39099
G1 X135.882 Y124.136 E92.47135
G1 X134.364 Y124.633 E92.55104
G1 X132.8 Y125.117 E92.63272
G1 X131.274 Y125.556 E92.71194
G1 X129.835 Y125.898 E92.78573
G1 X129.085 Y126.024 E92.82367
G1 X128.728 Y126.049 E92.84152
G1 X128.537 Y126.315 E92.85786
G1 X127.585 Y127.552 E92.93574
G1 X126.704 Y128.607 E93.00431
G1 X125.584 Y129.823 E93.08679
G1 X124.194 Y131.167 E93.18325
G1 X123.132 Y132.093 E93.25355
G1 X122.034 Y132.977 E93.32387
G1 X121.017 Y133.73 E93.38701
G1 X119.604 Y134.69 E93.47223
G1 X118.565 Y135.291 E93.53211
G1 X117.36 Y135.854 E93.59847
G1 X116.633 Y136.136 E93.63737
G1 X115.429 Y136.501 E93.70014
G1 X114.623 Y136.67 E93.74123
G1 X113.259 Y136.858 E93.80992
G1 X111.49 Y136.606 E93.89907
G1 X109.922 Y135.921 E93.98443
G1 X108.9 Y135.095 E94.04999
G1 X108.027 Y134.222 E94.11159
G1 X107.364 Y133.03 E94.17964
G1 X106.933 Y131.809 E94.24424
G1 X106.774 Y130.505 E94.30977
G1 X106.938 Y128.953 E94.38764
G1 X107.088 Y128.274 E94.42233
G1 X108.409 Y125.336 E94.58304
G1 X108.733 Y124.567 E94.62467
G1 X109.227 Y123.336 E94.69085
G1 X109.313 Y123.072 E94.7047
G1 X109.375 Y122.795 E94.71886
G1 X96.618 Y119.432 E95.37705
G1 X96.479 Y119.433 E95.38399
G1 X94.007 Y120.182 E95.51285
G1 X92.427 Y120.676 E95.59544
G1 X91.109 Y120.933 E95.66244
G1 X89.399 Y120.854 E95.74784
G1 X88.039 Y120.487 E95.81812
G1 X86.68 Y119.785 E95.89443
G1 X85.463 Y118.804 E95.97242
G1 X85.108 Y119.188 E95.99851
G1 X84.238 Y120.068 E96.06024
G1 X83.404 Y120.847 E96.11718
G1 X82.58 Y121.569 E96.17184
G1 X81.788 Y122.224 E96.22311
G1 X80.981 Y122.854 E96.27419
G1 X79.632 Y123.842 E96.35761
G1 X78.565 Y124.569 E96.42203
G1 X77.528 Y125.198 E96.48254
G1 X76.51 Y125.766 E96.5407
G1 X74.291 Y126.945 E96.66606
G1 X71.039 Y128.613 E96.8484
G1 X69.703 Y128.998 E96.91776
G1 X69.243 Y129.069 E96.94098
G1 X67.735 Y129.003 E97.01629
G1 X66.435 Y128.681 E97.08311
G1 X65.954 Y128.496 E97.10882
G1 X64.758 Y127.743 E97.17933
G1 X63.936 Y126.964 E97.23583
G1 X63.446 Y126.383 E97.27375
G1 X62.763 Y125.015 E97.35003
G1 X62.51 Y124.311 E97.38735
G1 X62.309 Y122.787 E97.46404
G1 X62.445 Y121.43 E97.53208
G1 X64.321 Y115.795 E97.82839
G1 X64.978 Y114.648 E97.89433
G1 X65.968 Y113.514 E97.96943
G1 X67.001 Y112.842 E98.03092
G1 X67.199 Y112.743 E98.04196
G1 X67.378 Y112.497 E98.05714
G1 X68.442 Y111.469 E98.13095
G1 X68.889 Y110.996 E98.16342
G1 X69.164 Y110.657 E98.1852
G1 X69.373 Y110.375 E98.20271
G1 X69.72 Y109.799 E98.23626
G1 X70.313 Y108.883 E98.2907
G1 X70.769 Y108.142 E98.3341
G1 X71.342 Y107.132 E98.39204
G1 X70.864 Y106.495 E98.43177
G1 X69.856 Y105.347 E98.50799
G1 X69.331 Y104.812 E98.54539
G1 X67.654 Y103.26 E98.65938
G1 X66.917 Y102.394 E98.71612
G1 X66.166 Y101.024 E98.79406
G1 X65.797 Y99.558 E98.86948
G1 X65.776 Y98.191 E98.93769
G1 X66.131 Y96.557 E99.02111
G1 X66.784 Y95.163 E99.09791
G1 X67.61 Y94.115 E99.16448
G1 X68.788 Y93.159 E99.24017
G0 F6000 X69.111 Y93.669
G1 F1200 X70.342 Y93.071 E99.30845
G1 X71.07 Y92.814 E99.34697
G1 X72.511 Y92.658 E99.41928
G1 X73.476 Y92.664 E99.46742
G1 X74.506 Y92.759 E99.51903
G1 X76.186 Y93.023 E99.60387
G1 X77.167 Y93.281 E99.65448
G1 X77.535 Y93.403 E99.67382
G1 X78.464 Y93.777 E99.72378
G1 X79.444 Y94.268 E99.77847
G1 X80.241 Y94.705 E99.82382
G1 X81.38 Y95.395 E99.89026
G1 X83.442 Y96.785 E100.01432
G1 X83.746 Y97.013 E100.03328
G1 X84.012 Y96.753 E100.05184
G1 X85.195 Y96.026 E100.12111
G1 X86.433 Y95.628 E100.18599
G1 X87.646 Y95.543 E100.24665
G1 X88.757 Y95.586 E100.30212
G1 X90.775 Y96.152 E100.40669
G1 X91.939 Y96.521 E100.46761
G1 X92.28 Y96.642 E100.48566
G1 X92.686 Y95.514 E100.54547
G1 X93.599 Y94.107 E100.62915
G1 X94.808 Y93.103 E100.70755
G1 X96.004 Y92.51 E100.77415
G1 X97.3 Y92.179 E100.84089
G1 X98.336 Y92.141 E100.89261
G1 X99.377 Y92.215 E100.94467
G1 X101.101 Y92.756 E101.03482
G1 X102.686 Y93.323 E101.1188
G1 X104.305 Y93.981 E101.20599
G1 X105.213 Y94.399 E101.25586
G1 X105.885 Y94.754 E101.29378
G1 X106.5 Y95.128 E101.32969
G1 X107.876 Y94.961 E101.39884
G1 X110.295 Y94.606 E101.52082
G1 X110.343 Y94.093 E101.54652
G1 X110.381 Y92.949 E101.60363
G1 X110.375 Y91.706 E101.66564
G1 X110.32 Y89.397 E101.78087
G1 X110.603 Y88.122 E101.84603
G1 X111.089 Y86.936 E101.90998
G1 X111.948 Y85.736 E101.9836
G1 X112.95 Y84.837 E102.05076
G1 X114.018 Y84.246 E102.11166
G1 X115.329 Y83.86 E102.17984
G1 X116.521 Y83.804 E102.23938
G1 X117.569 Y83.874 E102.29178
G1 X119.126 Y84.366 E102.37324
G1 X120.534 Y85.297 E102.45746
G1 X121.025 Y85.681 E102.48855
G1 X121.664 Y86.24 E102.53091
G1 X122.267 Y86.809 E102.57227
G1 X123.445 Y88.001 E102.65588
G1 X124.87 Y89.559 E102.76122
G1 X125.445 Y90.25 E102.80607
G1 X126.234 Y91.323 E102.87252
G1 X126.795 Y92.171 E102.92324
G1 X127.155 Y92.775 E102.95832
G1 X128.087 Y93.151 E103.00846
G1 X128.909 Y93.775 E103.05995
G1 X129.25 Y93.54 E103.08061
G1 X129.789 Y93.31 E103.10985
G1 X131.173 Y92.903 E103.18182
G1 X131.766 Y92.801 E103.21184
G1 X133.299 Y92.864 E103.28839
G1 X134.799 Y93.086 E103.36404
G1 X137.097 Y93.486 E103.48041
G1 X139.604 Y93.961 E103.60771
G1 X141.668 Y94.405 E103.71304
G1 X142.377 Y94.595 E103.74966
G1 X143.363 Y94.899 E103.80113
G1 X144.802 Y95.402 E103.87719
G1 X146.074 Y95.889 E103.94514
G1 X147.037 Y96.291 E103.9972
G1 X147.736 Y96.622 E104.03579
G1 X148.41 Y96.987 E104.07403
G1 X148.725 Y97.185 E104.09259
G1 X149.1 Y97.336 E104.11276
G1 X150.118 Y97.937 E104.17174
G1 X151.433 Y98.748 E104.24881
G1 X152.479 Y99.46 E104.31194
G1 X153.394 Y100.148 E104.36906
G1 X154.212 Y100.848 E104.42277
G1 X154.704 Y101.33 E104.45713
G1 X155.483 Y102.23 E104.51652
G1 X155.804 Y102.681 E104.54413
G1 X156.417 Y103.76 E104.60605
G1 X156.854 Y104.768 E104.66086
G1 X157.128 Y106.202 E104.7337
G1 X157.206 Y107.123 E104.77981
G1 X156.911 Y108.878 E104.86859
G1 X156.696 Y109.586 E104.90551
G1 X156.208 Y110.806 E104.97106
G1 X155.315 Y112.052 E105.04754
G1 X154.808 Y112.665 E105.08723
G1 X154.074 Y113.442 E105.14056
G1 X153.432 Y114.055 E105.18484
G1 X152.785 Y114.629 E105.22799
G1 X152.135 Y115.174 E105.27031
G1 X150.82 Y116.203 E105.35362
G1 X149.495 Y117.167 E105.43537
G1 X148.112 Y118.083 E105.51813
G1 X147.368 Y118.532 E105.56148
G1 X146.614 Y118.954 E105.60459
G1 X145.782 Y119.393 E105.65152
G1 X144.977 Y119.785 E105.69619
G1 X143.427 Y120.504 E105.78144
G1 X141.868 Y121.19 E105.86641
G1 X140.288 Y121.854 E105.95192
G1 X138.729 Y122.469 E106.03553
G1 X137.204 Y123.037 E106.11672
G1 X135.695 Y123.566 E106.19649
G1 X134.187 Y124.06 E106.27566
G1 X132.634 Y124.54 E106.35676
G1 X131.135 Y124.972 E106.43459
G1 X129.736 Y125.306 E106.50634
G1 X128.986 Y125.432 E106.54429
G1 X128.406 Y125.468 E106.57328
G1 X128.061 Y125.949 E106.60281
G1 X127.124 Y127.167 E106.67948
G1 X126.243 Y128.222 E106.74805
G1 X125.143 Y129.416 E106.82904
G1 X123.8 Y130.715 E106.92226
G1 X122.756 Y131.626 E106.99139
G1 X121.677 Y132.495 E107.06051
G1 X120.68 Y133.234 E107.12242
G1 X119.302 Y134.171 E107.20556
G1 X118.311 Y134.747 E107.26274
G1 X117.106 Y135.31 E107.3291
G1 X116.458 Y135.562 E107.36379
G1 X115.304 Y135.914 E107.42398
G1 X114.541 Y136.076 E107.46289
G1 X113.262 Y136.252 E107.52731
G1 X111.655 Y136.023 E107.60829
G1 X110.237 Y135.404 E107.68548
G1 X109.277 Y134.628 E107.74707
G1 X108.511 Y133.858 E107.80125
G1 X107.914 Y132.785 E107.86251
G1 X107.521 Y131.672 E107.9214
G1 X107.378 Y130.5 E107.98031
G1 X107.535 Y129.016 E108.05476
G1 X107.661 Y128.463 E108.08305
G1 X108.962 Y125.569 E108.24135
G1 X109.286 Y124.8 E108.28298
G1 X109.792 Y123.538 E108.35082
G1 X109.893 Y123.231 E108.36694
G1 X110.025 Y122.636 E108.39735
G1 X110.05 Y122.368 E108.41078
G1 X109.716 Y122.265 E108.42821
G1 X96.694 Y118.832 E109.10008
G1 X96.39 Y118.833 E109.11525
G1 X93.828 Y119.609 E109.2488
G1 X92.248 Y120.103 E109.33139
G1 X91.064 Y120.331 E109.39155
G1 X89.493 Y120.258 E109.47001
G1 X88.257 Y119.924 E109.53388
G1 X87.011 Y119.281 E109.60384
G1 X85.974 Y118.445 E109.67029
G1 X85.506 Y117.874 E109.70713
G1 X84.681 Y118.766 E109.76774
G1 X83.828 Y119.63 E109.82832
G1 X83.008 Y120.396 E109.8843
G1 X82.197 Y121.107 E109.93811
G1 X81.419 Y121.751 E109.98849
G1 X80.627 Y122.37 E110.03864
G1 X79.294 Y123.346 E110.12107
G1 X78.227 Y124.073 E110.18548
G1 X77.236 Y124.674 E110.24331
G1 X76.229 Y125.236 E110.30084
G1 X74.017 Y126.411 E110.4258
G1 X70.818 Y128.052 E110.60517
G1 X69.537 Y128.421 E110.67168
G1 X69.209 Y128.467 E110.6882
G1 X67.823 Y128.407 E110.75742
G1 X66.651 Y128.121 E110.8176
G1 X66.225 Y127.957 E110.84038
G1 X65.129 Y127.267 E110.90499
G1 X64.349 Y126.528 E110.9586
G1 X63.95 Y126.05 E110.98966
G1 X63.328 Y124.812 E111.05878
G1 X63.096 Y124.167 E111.09298
G1 X62.913 Y122.777 E111.16293
G1 X63.036 Y121.554 E111.22425
G1 X64.871 Y116.04 E111.51418
G1 X65.468 Y114.999 E111.57405
G1 X66.364 Y113.972 E111.64204
G1 X67.328 Y113.345 E111.69942
G1 X67.607 Y113.214 E111.71479
G1 X67.795 Y112.929 E111.73183
G1 X68.872 Y111.889 E111.80652
G1 X69.334 Y111.399 E111.84012
G1 X69.637 Y111.027 E111.86406
G1 X69.872 Y110.71 E111.88374
G1 X70.224 Y110.125 E111.91781
G1 X70.817 Y109.209 E111.97225
G1 X71.28 Y108.457 E112.0163
G1 X71.835 Y107.486 E112.0721
G1 X72.047 Y107.072 E112.09531
G1 X71.329 Y106.115 E112.155
G1 X70.302 Y104.946 E112.23263
G1 X69.738 Y104.371 E112.27281
G1 X68.111 Y102.871 E112.38321
G1 X67.412 Y102.05 E112.43701
G1 X66.729 Y100.804 E112.5079
G1 X66.396 Y99.479 E112.57606
G1 X66.377 Y98.25 E112.63738
G1 X66.703 Y96.751 E112.71392
G1 X67.299 Y95.479 E112.784
G1 X68.038 Y94.54 E112.84361
G1 X69.111 Y93.669 E112.91256
G0 F6000 X69.435 Y94.179
G1 F1200 X70.542 Y93.637 E112.97405
G1 X71.204 Y93.403 E113.00908
G1 X72.575 Y93.255 E113.07788
G1 X73.422 Y93.262 E113.12014
G1 X74.413 Y93.352 E113.16978
G1 X76.093 Y93.616 E113.25463
G1 X76.978 Y93.851 E113.30031
G1 X77.346 Y93.973 E113.31965
G1 X78.196 Y94.314 E113.36534
G1 X79.156 Y94.794 E113.41889
G1 X79.93 Y95.218 E113.46292
G1 X81.045 Y95.893 E113.52795
G1 X83.107 Y97.283 E113.65201
G1 X83.797 Y97.802 E113.69509
G1 X84.383 Y97.229 E113.73598
G1 X85.447 Y96.575 E113.79829
G1 X86.545 Y96.222 E113.85583
G1 X87.688 Y96.142 E113.91299
G1 X88.66 Y96.182 E113.96153
G1 X90.594 Y96.724 E114.06173
G1 X91.739 Y97.087 E114.12166
G1 X92.745 Y97.442 E114.17488
G1 X92.8 Y96.971 E114.19854
G1 X93.228 Y95.781 E114.26163
G1 X94.052 Y94.511 E114.33716
G1 X95.136 Y93.611 E114.40745
G1 X96.219 Y93.074 E114.46776
G1 X97.382 Y92.777 E114.52764
G1 X98.358 Y92.741 E114.57637
G1 X99.264 Y92.808 E114.62169
G1 X100.899 Y93.321 E114.70718
G1 X102.46 Y93.879 E114.78989
G1 X104.054 Y94.526 E114.87572
G1 X104.933 Y94.93 E114.92398
G1 X105.605 Y95.285 E114.9619
G1 X106.367 Y95.749 E115.00641
G1 X107.956 Y95.556 E115.08626
G1 X110.835 Y95.133 E115.23144
G1 X110.881 Y94.777 E115.24935
G1 X110.943 Y94.119 E115.28232
G1 X110.981 Y92.969 E115.33973
G1 X110.975 Y91.703 E115.40289
G1 X110.922 Y89.456 E115.51502
G1 X111.179 Y88.299 E115.57415
G1 X111.617 Y87.229 E115.63183
G1 X112.396 Y86.141 E115.69859
G1 X113.301 Y85.329 E115.75925
G1 X114.251 Y84.803 E115.81343
G1 X115.431 Y84.456 E115.87479
G1 X116.481 Y84.403 E115.92725
G1 X117.459 Y84.468 E115.97615
G1 X118.865 Y84.913 E116.04972
G1 X120.164 Y85.77 E116.12736
G1 X120.655 Y86.154 E116.15846
G1 X121.252 Y86.676 E116.19802
G1 X121.84 Y87.231 E116.23836
G1 X123.002 Y88.406 E116.32081
G1 X124.409 Y89.943 E116.42477
G1 X124.984 Y90.634 E116.46962
G1 X125.734 Y91.654 E116.53278
G1 X126.28 Y92.478 E116.58209
G1 X126.744 Y93.256 E116.62729
G1 X127.787 Y93.677 E116.6834
G1 X128.682 Y94.357 E116.73948
G1 X128.866 Y94.534 E116.75222
G1 X129.538 Y94.069 E116.79299
G1 X129.958 Y93.886 E116.81584
G1 X131.342 Y93.479 E116.88782
G1 X131.803 Y93.403 E116.91113
G1 X133.211 Y93.458 E116.98143
G1 X134.696 Y93.677 E117.05631
G1 X136.985 Y94.076 E117.17223
G1 X139.478 Y94.548 E117.29882
G1 X141.513 Y94.985 E117.40266
G1 X142.222 Y95.175 E117.43928
G1 X143.165 Y95.466 E117.48852
G1 X144.587 Y95.962 E117.56365
G1 X145.843 Y96.443 E117.63075
G1 X146.806 Y96.845 E117.68281
G1 X147.451 Y97.15 E117.71841
G1 X148.091 Y97.495 E117.75468
G1 X148.455 Y97.723 E117.77611
G1 X148.795 Y97.853 E117.79427
G1 X149.803 Y98.448 E117.85267
G1 X151.118 Y99.259 E117.92975
G1 X152.119 Y99.94 E117.99015
G1 X153.004 Y100.604 E118.04535
G1 X153.792 Y101.277 E118.09705
G1 X154.284 Y101.759 E118.13141
G1 X154.996 Y102.58 E118.18563
G1 X155.283 Y102.979 E118.21015
G1 X155.866 Y103.998 E118.26872
G1 X156.277 Y104.947 E118.32031
G1 X156.53 Y106.253 E118.38668
G1 X156.602 Y107.099 E118.42904
G1 X156.336 Y108.706 E118.51031
G1 X156.139 Y109.363 E118.54453
G1 X155.678 Y110.516 E118.60648
G1 X154.852 Y111.67 E118.67728
G1 X154.371 Y112.253 E118.71499
G1 X153.659 Y113.008 E118.76676
G1 X153.034 Y113.606 E118.80992
G1 X152.399 Y114.169 E118.85226
G1 X151.749 Y114.714 E118.89457
G1 X150.467 Y115.718 E118.97581
G1 X149.164 Y116.667 E119.05623
G1 X147.802 Y117.569 E119.13774
G1 X147.075 Y118.008 E119.18011
G1 X146.321 Y118.43 E119.22321
G1 X145.519 Y118.854 E119.26847
G1 X144.725 Y119.241 E119.31254
G1 X143.185 Y119.955 E119.39723
G1 X141.635 Y120.637 E119.48171
G1 X140.068 Y121.296 E119.56652
G1 X138.52 Y121.907 E119.64955
G1 X137.006 Y122.471 E119.73015
G1 X135.508 Y122.996 E119.80935
G1 X134.01 Y123.487 E119.88799
G1 X132.468 Y123.963 E119.96851
G1 X130.969 Y124.395 E120.04634
G1 X129.637 Y124.714 E120.11467
G1 X128.887 Y124.84 E120.15261
G1 X128.086 Y124.885 E120.19264
G1 X127.586 Y125.583 E120.23547
G1 X126.663 Y126.782 E120.31096
G1 X125.782 Y127.837 E120.37954
G1 X124.702 Y129.009 E120.45905
G1 X123.406 Y130.263 E120.54902
G1 X122.379 Y131.159 E120.61701
G1 X121.32 Y132.013 E120.68489
G1 X120.342 Y132.738 E120.74562
G1 X119 Y133.652 E120.82663
G1 X118.009 Y134.228 E120.88382
G1 X116.853 Y134.766 E120.94743
G1 X116.282 Y134.988 E120.97799
G1 X115.178 Y135.327 E121.03561
G1 X114.459 Y135.482 E121.07231
G1 X113.264 Y135.646 E121.13248
G1 X111.821 Y135.441 E121.2052
G1 X110.552 Y134.887 E121.27428
G1 X109.654 Y134.161 E121.33189
G1 X108.995 Y133.495 E121.37863
G1 X108.464 Y132.54 E121.43315
G1 X108.109 Y131.535 E121.48632
G1 X107.982 Y130.495 E121.53859
G1 X108.132 Y129.079 E121.60963
G1 X108.233 Y128.653 E121.63148
G1 X109.515 Y125.802 E121.78743
G1 X109.839 Y125.033 E121.82906
G1 X110.354 Y123.75 E121.89804
G1 X110.473 Y123.387 E121.9171
G1 X110.62 Y122.727 E121.95083
G1 X110.664 Y122.246 E121.97493
G1 X110.671 Y121.93 E121.9907
G1 X109.886 Y121.69 E122.03165
G1 X96.77 Y118.232 E122.70837
G1 X96.359 Y118.233 E122.72888
G1 X96.093 Y118.296 E122.74251
G1 X93.649 Y119.036 E122.86991
G1 X92.069 Y119.53 E122.9525
G1 X91.021 Y119.729 E123.00572
G1 X89.588 Y119.662 E123.07729
G1 X88.475 Y119.361 E123.13481
G1 X87.342 Y118.777 E123.19841
G1 X86.4 Y118.017 E123.25879
G1 X85.763 Y117.242 E123.30884
G1 X85.579 Y116.878 E123.32919
G1 X85.045 Y117.49 E123.36971
G1 X84.254 Y118.345 E123.42782
G1 X83.418 Y119.192 E123.4872
G1 X82.613 Y119.945 E123.54219
G1 X81.814 Y120.645 E123.59519
G1 X81.049 Y121.278 E123.64472
G1 X80.272 Y121.886 E123.69395
G1 X78.956 Y122.85 E123.77533
G1 X77.915 Y123.56 E123.8382
G1 X76.944 Y124.15 E123.89488
G1 X75.947 Y124.706 E123.95183
G1 X73.743 Y125.877 E124.07635
G1 X70.597 Y127.491 E124.25275
G1 X69.371 Y127.844 E124.3164
G1 X69.179 Y127.866 E124.32604
G1 X67.908 Y127.811 E124.38951
G1 X66.867 Y127.561 E124.44293
G1 X66.496 Y127.418 E124.46276
G1 X65.5 Y126.791 E124.52148
G1 X64.762 Y126.092 E124.57219
G1 X64.455 Y125.719 E124.59629
G1 X63.893 Y124.609 E124.65837
G1 X63.683 Y124.024 E124.68938
G1 X63.517 Y122.767 E124.75263
G1 X63.626 Y121.68 E124.80713
G1 X65.421 Y116.288 E125.09066
G1 X65.959 Y115.349 E125.14465
G1 X66.762 Y114.429 E125.20557
G1 X67.655 Y113.848 E125.25872
G1 X68.033 Y113.682 E125.27932
G1 X68.212 Y113.361 E125.29766
G1 X69.302 Y112.309 E125.37323
G1 X69.777 Y111.805 E125.40779
G1 X70.118 Y111.386 E125.43474
G1 X70.373 Y111.043 E125.45606
G1 X70.728 Y110.451 E125.4905
G1 X71.321 Y109.535 E125.54494
G1 X71.801 Y108.755 E125.59063
G1 X72.356 Y107.784 E125.64643
G1 X72.748 Y107.018 E125.68936
G1 X72.375 Y106.5 E125.7212
G1 X71.794 Y105.735 E125.76913
G1 X70.748 Y104.545 E125.84817
G1 X70.144 Y103.929 E125.89122
G1 X68.568 Y102.482 E125.99796
G1 X67.909 Y101.708 E126.04867
G1 X67.292 Y100.583 E126.11269
G1 X66.995 Y99.4 E126.17354
G1 X66.978 Y98.308 E126.22802
G1 X67.274 Y96.946 E126.29756
G1 X67.812 Y95.798 E126.36081
G1 X68.469 Y94.963 E126.41382
G1 X69.435 Y94.179 E126.47589
G0 F6000 X69.761 Y94.687
G1 F1200 X70.742 Y94.203 E126.53046
G1 X71.337 Y93.993 E126.56194
G1 X72.64 Y93.852 E126.62733
G1 X73.368 Y93.86 E126.66365
G1 X74.359 Y93.95 E126.7133
G1 X75.939 Y94.196 E126.79307
G1 X76.789 Y94.421 E126.83694
G1 X77.157 Y94.543 E126.85628
G1 X77.972 Y94.871 E126.90011
G1 X78.868 Y95.32 E126.95011
G1 X79.619 Y95.731 E126.99282
G1 X80.71 Y96.391 E127.05644
G1 X82.746 Y97.763 E127.17893
G1 X83.464 Y98.303 E127.22375
G1 X83.894 Y98.671 E127.25198
G1 X84.106 Y98.34 E127.27159
G1 X84.757 Y97.703 E127.31703
G1 X85.699 Y97.124 E127.3722
G1 X86.657 Y96.816 E127.4224
G1 X87.73 Y96.741 E127.47607
G1 X88.563 Y96.778 E127.51767
G1 X90.413 Y97.296 E127.61351
G1 X91.539 Y97.653 E127.67244
G1 X92.651 Y98.046 E127.73128
G1 X93.288 Y97.967 E127.76331
G1 X93.388 Y97.11 E127.80635
G1 X93.77 Y96.048 E127.86266
G1 X94.505 Y94.915 E127.93004
G1 X95.464 Y94.119 E127.99222
G1 X96.434 Y93.638 E128.04623
G1 X97.464 Y93.375 E128.09927
G1 X98.38 Y93.341 E128.145
G1 X99.149 Y93.401 E128.18348
G1 X100.697 Y93.886 E128.26442
G1 X102.234 Y94.435 E128.34584
G1 X103.828 Y95.082 E128.43167
G1 X104.653 Y95.461 E128.47696
G1 X105.293 Y95.798 E128.51305
G1 X106.233 Y96.37 E128.56795
G1 X108.036 Y96.151 E128.65856
G1 X111.371 Y95.661 E128.82673
G1 X111.476 Y94.854 E128.86733
G1 X111.542 Y94.157 E128.90226
G1 X111.581 Y92.989 E128.96056
G1 X111.575 Y91.7 E129.02487
G1 X111.524 Y89.515 E129.13391
G1 X111.755 Y88.475 E129.18706
G1 X112.145 Y87.522 E129.23843
G1 X112.844 Y86.546 E129.29833
G1 X113.652 Y85.821 E129.35249
G1 X114.484 Y85.36 E129.39994
G1 X115.534 Y85.051 E129.45455
G1 X116.441 Y85.002 E129.49986
G1 X117.348 Y85.062 E129.54521
G1 X118.604 Y85.46 E129.61095
G1 X119.794 Y86.243 E129.68201
G1 X120.285 Y86.627 E129.71311
G1 X120.84 Y87.112 E129.74988
G1 X121.413 Y87.653 E129.7892
G1 X122.575 Y88.828 E129.87165
G1 X123.948 Y90.327 E129.97306
G1 X124.523 Y91.018 E130.01791
G1 X125.234 Y91.985 E130.07779
G1 X125.766 Y92.788 E130.12585
G1 X126.195 Y93.5 E130.16732
G1 X126.349 Y93.786 E130.18352
G1 X126.681 Y93.877 E130.2007
G1 X127.487 Y94.202 E130.24406
G1 X128.265 Y94.789 E130.29268
G1 X128.802 Y95.307 E130.3299
G1 X129.828 Y94.597 E130.39215
G1 X130.127 Y94.462 E130.40852
G1 X131.511 Y94.055 E130.48049
G1 X131.838 Y94.005 E130.49699
G1 X133.124 Y94.052 E130.56119
G1 X134.593 Y94.268 E130.63527
G1 X136.873 Y94.665 E130.75073
G1 X139.352 Y95.135 E130.87661
G1 X141.358 Y95.565 E130.97897
G1 X142.067 Y95.755 E131.01559
G1 X142.968 Y96.033 E131.06263
G1 X144.372 Y96.522 E131.1368
G1 X145.612 Y96.997 E131.20305
G1 X146.55 Y97.388 E131.25375
G1 X147.167 Y97.679 E131.28778
G1 X147.773 Y98.004 E131.32209
G1 X148.192 Y98.266 E131.34674
G1 X148.49 Y98.37 E131.36249
G1 X149.488 Y98.959 E131.42031
G1 X150.803 Y99.77 E131.49739
G1 X151.759 Y100.42 E131.55506
G1 X152.615 Y101.061 E131.60841
G1 X153.372 Y101.706 E131.65803
G1 X153.864 Y102.188 E131.69239
G1 X154.511 Y102.934 E131.74166
G1 X154.763 Y103.279 E131.76297
G1 X155.315 Y104.236 E131.81809
G1 X155.7 Y105.125 E131.86642
G1 X155.932 Y106.304 E131.92637
G1 X155.998 Y107.077 E131.96508
G1 X155.761 Y108.536 E132.03882
G1 X155.582 Y109.14 E132.07025
G1 X155.148 Y110.226 E132.1286
G1 X154.389 Y111.288 E132.19372
G1 X153.908 Y111.871 E132.23143
G1 X153.244 Y112.575 E132.27971
G1 X152.636 Y113.157 E132.3217
G1 X152.013 Y113.709 E132.36323
G1 X151.363 Y114.254 E132.40555
G1 X150.114 Y115.233 E132.48472
G1 X148.832 Y116.167 E132.56385
G1 X147.491 Y117.056 E132.64412
G1 X146.782 Y117.485 E132.68547
G1 X146.041 Y117.9 E132.72784
G1 X145.256 Y118.315 E132.77214
G1 X144.472 Y118.697 E132.81565
G1 X142.944 Y119.406 E132.89969
G1 X141.402 Y120.084 E132.98373
G1 X139.847 Y120.738 E133.06789
G1 X138.311 Y121.345 E133.15029
G1 X136.807 Y121.905 E133.23035
G1 X135.321 Y122.426 E133.30891
G1 X133.833 Y122.914 E133.38704
G1 X132.302 Y123.387 E133.46699
G1 X130.829 Y123.812 E133.54347
G1 X129.538 Y124.122 E133.60971
G1 X128.788 Y124.248 E133.64765
G1 X127.766 Y124.301 E133.69871
G1 X127.098 Y125.233 E133.75592
G1 X126.202 Y126.397 E133.8292
G1 X125.321 Y127.452 E133.89777
G1 X124.261 Y128.602 E133.9758
G1 X123.012 Y129.811 E134.06253
G1 X122.002 Y130.692 E134.12939
G1 X120.963 Y131.531 E134.19602
G1 X120.004 Y132.242 E134.25558
G1 X118.662 Y133.156 E134.33658
G1 X117.756 Y133.684 E134.3889
G1 X116.634 Y134.207 E134.45066
G1 X116.106 Y134.414 E134.47895
G1 X115.002 Y134.753 E134.53657
G1 X114.377 Y134.888 E134.56847
G1 X113.271 Y135.041 E134.62417
G1 X111.986 Y134.858 E134.68893
G1 X110.867 Y134.37 E134.74983
G1 X110.031 Y133.694 E134.80347
G1 X109.478 Y133.131 E134.84284
G1 X109.015 Y132.298 E134.89039
G1 X108.697 Y131.398 E134.93801
G1 X108.586 Y130.489 E134.9837
G1 X108.716 Y129.217 E135.04749
G1 X108.804 Y128.845 E135.06656
G1 X110.068 Y126.035 E135.22028
G1 X110.392 Y125.266 E135.26192
G1 X110.919 Y123.952 E135.33255
G1 X111.052 Y123.548 E135.35377
G1 X111.185 Y122.953 E135.38418
G1 X111.225 Y122.702 E135.39686
G1 X111.263 Y122.286 E135.41771
G1 X111.274 Y121.823 E135.44081
G1 X111.258 Y121.514 E135.45625
G1 X111.019 Y121.416 E135.46913
G1 X110.711 Y121.31 E135.48539
G1 X110.058 Y121.115 E135.51939
G1 X96.871 Y117.638 E136.19977
G1 X96.614 Y117.616 E136.21264
G1 X96.269 Y117.637 E136.22988
G1 X95.945 Y117.714 E136.2465
G1 X93.47 Y118.463 E136.37551
G1 X91.89 Y118.957 E136.4581
G1 X90.976 Y119.127 E136.50448
G1 X89.683 Y119.066 E136.56906
G1 X88.692 Y118.798 E136.62028
G1 X87.673 Y118.273 E136.67747
G1 X86.825 Y117.589 E136.73182
G1 X86.267 Y116.91 E136.77567
G1 X85.712 Y115.813 E136.837
G1 X84.605 Y117.083 E136.92105
G1 X83.827 Y117.924 E136.97821
G1 X83.008 Y118.754 E137.03639
G1 X82.217 Y119.494 E137.09043
G1 X81.432 Y120.183 E137.14254
G1 X80.679 Y120.806 E137.19129
G1 X79.918 Y121.402 E137.23952
G1 X78.618 Y122.354 E137.31991
G1 X77.577 Y123.064 E137.38277
G1 X76.651 Y123.626 E137.43681
G1 X75.666 Y124.176 E137.4931
G1 X73.469 Y125.343 E137.61721
G1 X70.376 Y126.93 E137.79065
G1 X69.205 Y127.267 E137.85144
G1 X67.993 Y127.215 E137.91196
G1 X67.083 Y127.001 E137.9586
G1 X66.767 Y126.879 E137.9755
G1 X65.871 Y126.315 E138.02832
G1 X65.175 Y125.656 E138.07614
G1 X64.959 Y125.387 E138.09335
G1 X64.458 Y124.406 E138.14831
G1 X64.269 Y123.88 E138.17619
G1 X64.121 Y122.757 E138.2327
G1 X64.217 Y121.804 E138.28049
G1 X65.971 Y116.533 E138.55764
G1 X66.447 Y115.703 E138.60537
G1 X67.16 Y114.886 E138.65947
G1 X67.943 Y114.376 E138.70609
G1 X68.458 Y114.15 E138.73415
G1 X68.692 Y113.733 E138.758
G1 X69.719 Y112.741 E138.82924
G1 X70.236 Y112.193 E138.86683
G1 X70.584 Y111.765 E138.89435
G1 X70.868 Y111.383 E138.9181
G1 X71.232 Y110.777 E138.95336
G1 X71.825 Y109.861 E139.0078
G1 X72.312 Y109.07 E139.05415
G1 X72.881 Y108.075 E139.11133
G1 X73.277 Y107.305 E139.15453
G1 X73.436 Y106.949 E139.17398
G1 X72.853 Y106.137 E139.22385
G1 X72.259 Y105.355 E139.27285
G1 X71.194 Y104.144 E139.3533
G1 X70.549 Y103.486 E139.39927
G1 X69.025 Y102.093 E139.50228
G1 X68.406 Y101.366 E139.54992
G1 X67.855 Y100.362 E139.60705
G1 X67.594 Y99.321 E139.6606
G1 X67.579 Y98.366 E139.70825
G1 X67.845 Y97.141 E139.77079
G1 X68.325 Y96.117 E139.82721
G1 X68.9 Y95.386 E139.87361
G1 X69.761 Y94.687 E139.92894
G0 F6000 X70.088 Y95.194
G1 F1200 X70.942 Y94.769 E139.97653
G1 X71.474 Y94.581 E140.00468
G1 X72.635 Y94.452 E140.06296
G1 X73.314 Y94.458 E140.09684
G1 X74.305 Y94.548 E140.14648
G1 X75.786 Y94.776 E140.22124
G1 X76.6 Y94.991 E140.26324
G1 X76.968 Y95.113 E140.28258
G1 X77.704 Y95.408 E140.32214
G1 X78.58 Y95.846 E140.37101
G1 X79.308 Y96.244 E140.4124
G1 X80.399 Y96.904 E140.47601
G1 X82.385 Y98.243 E140.59551
G1 X83.103 Y98.783 E140.64033
G1 X84.027 Y99.576 E140.70108
G1 X84.572 Y98.724 E140.75154
G1 X85.131 Y98.177 E140.79056
G1 X85.951 Y97.673 E140.83858
G1 X86.769 Y97.41 E140.88145
G1 X87.772 Y97.34 E140.93161
G1 X88.465 Y97.374 E140.96622
G1 X90.232 Y97.868 E141.05776
G1 X91.339 Y98.219 E141.1157
G1 X92.582 Y98.658 E141.18147
G1 X93.929 Y98.492 E141.24918
G1 X93.881 Y98.066 E141.27056
G1 X93.976 Y97.25 E141.31155
G1 X94.313 Y96.313 E141.36123
G1 X94.957 Y95.32 E141.42028
G1 X95.792 Y94.627 E141.47441
G1 X96.649 Y94.202 E141.52214
G1 X97.546 Y93.973 E141.56832
G1 X98.402 Y93.941 E141.61106
G1 X99.033 Y93.994 E141.64265
G1 X100.495 Y94.451 E141.71907
G1 X102.009 Y94.991 E141.79927
G1 X103.578 Y95.627 E141.88373
G1 X104.373 Y95.992 E141.92737
G1 X105.013 Y96.329 E141.96346
G1 X106.1 Y96.991 E142.02696
G1 X108.116 Y96.746 E142.12827
G1 X111.889 Y96.192 E142.31853
G1 X111.952 Y95.844 E142.33617
G1 X112.071 Y94.932 E142.38206
G1 X112.142 Y94.185 E142.41949
G1 X112.181 Y93.009 E142.4782
G1 X112.175 Y91.697 E142.54365
G1 X112.126 Y89.574 E142.6496
G1 X112.331 Y88.651 E142.69677
G1 X112.673 Y87.815 E142.74183
G1 X113.292 Y86.951 E142.79486
G1 X114.003 Y86.313 E142.84252
G1 X114.716 Y85.918 E142.88318
G1 X115.639 Y85.646 E142.93119
G1 X116.402 Y85.601 E142.96932
G1 X117.237 Y85.656 E143.01107
G1 X118.343 Y86.007 E143.06896
G1 X119.424 Y86.716 E143.13346
G1 X119.915 Y87.1 E143.16456
G1 X120.428 Y87.549 E143.19857
G1 X120.986 Y88.075 E143.23683
G1 X122.148 Y89.25 E143.31927
G1 X123.487 Y90.711 E143.41814
G1 X124.062 Y91.402 E143.46299
G1 X124.734 Y92.316 E143.51959
G1 X125.252 Y93.098 E143.56639
G1 X125.681 Y93.81 E143.60786
G1 X125.943 Y94.299 E143.63553
G1 X126.457 Y94.434 E143.66205
G1 X127.189 Y94.729 E143.70142
G1 X127.903 Y95.268 E143.74605
G1 X128.391 Y95.743 E143.78003
G1 X128.701 Y96.241 E143.80929
G1 X129.01 Y95.892 E143.83255
G1 X130.124 Y95.121 E143.90014
G1 X130.296 Y95.038 E143.90967
G1 X131.68 Y94.631 E143.98164
G1 X131.869 Y94.607 E143.99115
G1 X133.037 Y94.646 E144.04945
G1 X134.49 Y94.859 E144.12272
G1 X136.761 Y95.255 E144.23773
G1 X139.226 Y95.722 E144.36289
G1 X141.203 Y96.145 E144.46376
G1 X141.912 Y96.335 E144.50038
G1 X142.771 Y96.6 E144.54523
G1 X144.157 Y97.082 E144.61844
G1 X145.381 Y97.551 E144.68383
G1 X146.294 Y97.931 E144.73317
G1 X146.911 Y98.222 E144.7672
G1 X147.455 Y98.513 E144.79798
G1 X147.929 Y98.809 E144.82586
G1 X148.238 Y98.917 E144.84219
G1 X149.173 Y99.47 E144.89639
G1 X150.488 Y100.281 E144.97347
G1 X151.4 Y100.901 E145.02849
G1 X152.226 Y101.518 E145.07992
G1 X152.952 Y102.135 E145.12746
G1 X153.444 Y102.617 E145.16182
G1 X154.026 Y103.288 E145.20613
G1 X154.278 Y103.633 E145.22745
G1 X154.764 Y104.474 E145.27591
G1 X155.124 Y105.306 E145.32114
G1 X155.334 Y106.355 E145.37451
G1 X155.394 Y107.053 E145.40946
G1 X155.185 Y108.368 E145.47589
G1 X155.025 Y108.917 E145.50442
G1 X154.618 Y109.935 E145.55912
G1 X153.926 Y110.906 E145.6186
G1 X153.445 Y111.489 E145.65631
G1 X152.829 Y112.142 E145.7011
G1 X152.238 Y112.708 E145.74192
G1 X151.627 Y113.249 E145.78264
G1 X150.977 Y113.794 E145.82496
G1 X149.761 Y114.748 E145.90206
G1 X148.5 Y115.667 E145.97991
G1 X147.18 Y116.543 E146.05895
G1 X146.488 Y116.962 E146.09931
G1 X145.761 Y117.37 E146.1409
G1 X144.993 Y117.776 E146.18424
G1 X144.22 Y118.153 E146.22715
G1 X142.702 Y118.857 E146.31063
G1 X141.17 Y119.531 E146.39413
G1 X139.626 Y120.18 E146.47769
G1 X138.101 Y120.783 E146.5595
G1 X136.609 Y121.339 E146.63894
G1 X135.134 Y121.856 E146.71692
G1 X133.656 Y122.341 E146.79452
G1 X132.136 Y122.811 E146.8739
G1 X130.688 Y123.229 E146.94909
G1 X129.439 Y123.53 E147.01319
G1 X128.689 Y123.656 E147.05113
G1 X127.447 Y123.716 E147.11316
G1 X126.61 Y124.883 E147.18481
G1 X125.741 Y126.012 E147.25589
G1 X124.86 Y127.067 E147.32447
G1 X123.82 Y128.195 E147.40101
G1 X122.618 Y129.359 E147.48449
G1 X121.625 Y130.225 E147.55022
G1 X120.605 Y131.049 E147.61564
G1 X119.666 Y131.746 E147.67398
G1 X118.359 Y132.638 E147.75293
G1 X117.502 Y133.14 E147.80248
G1 X116.415 Y133.648 E147.86234
G1 X115.887 Y133.855 E147.89063
G1 X114.874 Y134.167 E147.94352
G1 X114.294 Y134.294 E147.97314
G1 X113.277 Y134.436 E148.02437
G1 X112.152 Y134.276 E148.08106
G1 X111.182 Y133.853 E148.13385
G1 X110.408 Y133.227 E148.18352
G1 X109.963 Y132.769 E148.21538
G1 X109.565 Y132.053 E148.25625
G1 X109.284 Y131.256 E148.29841
G1 X109.189 Y130.485 E148.33716
G1 X109.3 Y129.356 E148.39376
G1 X109.376 Y129.036 E148.41017
G1 X110.618 Y126.275 E148.56121
G1 X110.945 Y125.499 E148.60322
G1 X111.484 Y124.155 E148.67547
G1 X111.632 Y123.707 E148.69901
G1 X111.772 Y123.076 E148.73125
G1 X111.822 Y122.763 E148.74707
G1 X111.862 Y122.326 E148.76896
G1 X111.875 Y121.818 E148.79431
G1 X111.837 Y121.123 E148.82904
G1 X111.584 Y121 E148.84307
G1 X111.22 Y120.851 E148.8627
G1 X110.897 Y120.739 E148.87975
G1 X110.23 Y120.54 E148.91448
G1 X96.972 Y117.044 E149.59853
G1 X96.622 Y117.014 E149.61606
G1 X96.18 Y117.041 E149.63815
G1 X95.797 Y117.132 E149.65779
G1 X93.291 Y117.89 E149.78841
G1 X91.711 Y118.384 E149.871
G1 X90.935 Y118.525 E149.91035
G1 X89.778 Y118.47 E149.96813
G1 X88.909 Y118.235 E150.01305
G1 X88.004 Y117.769 E150.06383
G1 X87.25 Y117.161 E150.11215
G1 X86.771 Y116.578 E150.1498
G1 X86.327 Y115.7 E150.19888
G1 X86.138 Y115.174 E150.22677
G1 X86.05 Y114.512 E150.26009
G1 X84.165 Y116.676 E150.40327
G1 X83.4 Y117.503 E150.45947
G1 X82.598 Y118.316 E150.51645
G1 X81.821 Y119.043 E150.56953
G1 X81.05 Y119.721 E150.62075
G1 X80.309 Y120.334 E150.66873
G1 X79.564 Y120.918 E150.71596
G1 X78.28 Y121.858 E150.79535
G1 X77.265 Y122.551 E150.85667
G1 X76.359 Y123.102 E150.90957
G1 X75.384 Y123.646 E150.96527
G1 X73.195 Y124.809 E151.08894
G1 X70.155 Y126.369 E151.25941
G1 X69.13 Y126.664 E151.31262
G1 X68.078 Y126.619 E151.36515
G1 X67.221 Y126.417 E151.40908
G1 X67.039 Y126.341 E151.41892
G1 X66.239 Y125.837 E151.46609
G1 X65.587 Y125.22 E151.51088
G1 X65.468 Y125.063 E151.52071
G1 X65.023 Y124.203 E151.56902
G1 X64.855 Y123.736 E151.59378
G1 X64.725 Y122.747 E151.64354
G1 X64.807 Y121.93 E151.68451
G1 X66.521 Y116.781 E151.95525
G1 X66.938 Y116.053 E151.99711
G1 X67.558 Y115.343 E152.04413
G1 X68.229 Y114.906 E152.08408
G1 X68.883 Y114.618 E152.11974
G1 X69.174 Y114.102 E152.14929
G1 X70.156 Y113.153 E152.21742
G1 X70.681 Y112.596 E152.25561
G1 X71.065 Y112.124 E152.28597
G1 X71.363 Y111.723 E152.31089
G1 X71.736 Y111.103 E152.34699
G1 X72.329 Y110.187 E152.40143
G1 X72.833 Y109.368 E152.44941
G1 X73.402 Y108.373 E152.50659
G1 X73.819 Y107.563 E152.55204
G1 X74.124 Y106.879 E152.58941
G1 X73.331 Y105.774 E152.65726
G1 X72.724 Y104.975 E152.70732
G1 X71.632 Y103.733 E152.78983
G1 X70.967 Y103.054 E152.83725
G1 X69.482 Y101.704 E152.93737
G1 X68.901 Y101.022 E152.98207
G1 X68.419 Y100.142 E153.03213
G1 X68.193 Y99.242 E153.07842
G1 X68.18 Y98.424 E153.11924
G1 X68.416 Y97.336 E153.17478
G1 X68.838 Y96.436 E153.22437
G1 X69.331 Y95.809 E153.26417
G1 X70.088 Y95.194 E153.31283
G0 F6000 X70.414 Y95.702
G1 F1200 X71.142 Y95.335 E153.3535
G1 X71.61 Y95.17 E153.37826
G1 X72.631 Y95.052 E153.42953
G1 X73.26 Y95.056 E153.46092
G1 X74.251 Y95.146 E153.51056
G1 X75.633 Y95.356 E153.5803
G1 X76.411 Y95.561 E153.62044
G1 X76.779 Y95.683 E153.63978
G1 X77.48 Y95.965 E153.67748
G1 X78.292 Y96.372 E153.72279
G1 X78.998 Y96.758 E153.76294
G1 X80.064 Y97.402 E153.82507
G1 X82.024 Y98.723 E153.94299
G1 X82.742 Y99.263 E153.98781
G1 X83.6 Y99.998 E154.04418
G1 X83.85 Y100.231 E154.06123
G1 X84.44 Y100.174 E154.0908
G1 X84.554 Y99.856 E154.10765
G1 X85.04 Y99.106 E154.15224
G1 X85.505 Y98.651 E154.1847
G1 X86.203 Y98.222 E154.22557
G1 X86.881 Y98.004 E154.2611
G1 X87.814 Y97.939 E154.30776
G1 X88.368 Y97.97 E154.33545
G1 X90.051 Y98.44 E154.42262
G1 X91.139 Y98.785 E154.47957
G1 X92.516 Y99.271 E154.55242
G1 X94.59 Y99.016 E154.65667
G1 X94.485 Y98.069 E154.70421
G1 X94.564 Y97.39 E154.73831
G1 X94.856 Y96.578 E154.78136
G1 X95.409 Y95.725 E154.83208
G1 X96.12 Y95.135 E154.87817
G1 X96.864 Y94.766 E154.91961
G1 X97.628 Y94.571 E154.95894
G1 X98.425 Y94.541 E154.99874
G1 X98.913 Y94.586 E155.02318
G1 X100.316 Y95.024 E155.09651
G1 X101.784 Y95.547 E155.17426
G1 X103.328 Y96.172 E155.25736
G1 X104.093 Y96.523 E155.29935
G1 X104.733 Y96.86 E155.33544
G1 X105.967 Y97.612 E155.40754
G1 X108.196 Y97.341 E155.51956
G1 X112.402 Y96.723 E155.73165
G1 X112.545 Y95.936 E155.77156
G1 X112.666 Y95.01 E155.81815
G1 X112.741 Y94.22 E155.85774
G1 X112.781 Y93.029 E155.91719
G1 X112.775 Y91.694 E155.9838
G1 X112.728 Y89.633 E156.08665
G1 X112.906 Y88.833 E156.12753
G1 X113.202 Y88.107 E156.16665
G1 X113.742 Y87.354 E156.21288
G1 X114.354 Y86.805 E156.2539
G1 X114.948 Y86.476 E156.28777
G1 X115.745 Y86.241 E156.32923
G1 X116.437 Y86.2 E156.36381
G1 X117.122 Y86.249 E156.39807
G1 X118.085 Y86.555 E156.44849
G1 X119.055 Y87.189 E156.5063
G1 X119.52 Y87.552 E156.53573
G1 X120.016 Y87.986 E156.56861
G1 X120.574 Y88.512 E156.60687
G1 X121.706 Y89.655 E156.68713
G1 X123.026 Y91.095 E156.78458
G1 X123.601 Y91.786 E156.82943
G1 X124.234 Y92.647 E156.88275
G1 X124.738 Y93.408 E156.92829
G1 X125.167 Y94.12 E156.96976
G1 X125.54 Y94.816 E157.00915
G1 X126.233 Y94.991 E157.04481
G1 X126.891 Y95.256 E157.0802
G1 X127.541 Y95.747 E157.12084
G1 X127.92 Y96.123 E157.14748
G1 X128.466 Y96.997 E157.19889
G1 X128.572 Y97.417 E157.2205
G1 X128.755 Y97.085 E157.23942
G1 X129.413 Y96.342 E157.28893
G1 X130.465 Y95.614 E157.35276
G1 X131.849 Y95.207 E157.42473
G1 X133.017 Y95.246 E157.48303
G1 X134.387 Y95.45 E157.55214
G1 X136.649 Y95.844 E157.66669
G1 X139.101 Y96.309 E157.7912
G1 X141.048 Y96.725 E157.89053
G1 X141.757 Y96.915 E157.92715
G1 X142.574 Y97.167 E157.9698
G1 X143.942 Y97.642 E158.04205
G1 X145.151 Y98.105 E158.10664
G1 X146.039 Y98.474 E158.15461
G1 X146.628 Y98.751 E158.18709
G1 X147.172 Y99.042 E158.21787
G1 X147.547 Y99.272 E158.23981
G1 X147.64 Y99.343 E158.24565
G1 X147.983 Y99.463 E158.26378
G1 X148.858 Y99.981 E158.31451
G1 X150.173 Y100.792 E158.39159
G1 X151.041 Y101.382 E158.44395
G1 X151.867 Y101.999 E158.49539
G1 X152.532 Y102.564 E158.53892
G1 X153.024 Y103.046 E158.57328
G1 X153.541 Y103.642 E158.61265
G1 X153.793 Y103.987 E158.63396
G1 X154.213 Y104.712 E158.67576
G1 X154.548 Y105.486 E158.71784
G1 X154.736 Y106.407 E158.76474
G1 X154.79 Y107.032 E158.79603
G1 X154.608 Y108.203 E158.85516
G1 X154.468 Y108.694 E158.88063
G1 X154.088 Y109.645 E158.93172
G1 X153.463 Y110.524 E158.98553
G1 X152.982 Y111.107 E159.02324
G1 X152.414 Y111.709 E159.06453
G1 X151.84 Y112.259 E159.10419
G1 X151.242 Y112.789 E159.14406
G1 X150.606 Y113.322 E159.18546
G1 X149.408 Y114.263 E159.26146
G1 X148.168 Y115.167 E159.33802
G1 X146.869 Y116.03 E159.41582
G1 X146.194 Y116.439 E159.4552
G1 X145.48 Y116.84 E159.49605
G1 X144.73 Y117.237 E159.53839
G1 X143.968 Y117.609 E159.5807
G1 X142.46 Y118.308 E159.66362
G1 X140.937 Y118.978 E159.74663
G1 X139.405 Y119.622 E159.82954
G1 X137.892 Y120.221 E159.91072
G1 X136.41 Y120.773 E159.98962
G1 X134.947 Y121.286 E160.06697
G1 X133.479 Y121.768 E160.14406
G1 X131.969 Y122.235 E160.22291
G1 X130.547 Y122.646 E160.29676
G1 X129.34 Y122.938 E160.35871
G1 X128.59 Y123.064 E160.39665
G1 X127.582 Y123.109 E160.44699
G1 X127.155 Y123.074 E160.46837
G1 X126.884 Y123.479 E160.49268
G1 X126.134 Y124.517 E160.55657
G1 X125.28 Y125.627 E160.62644
G1 X124.399 Y126.682 E160.69501
G1 X123.379 Y127.788 E160.77008
G1 X122.223 Y128.907 E160.85034
G1 X121.248 Y129.758 E160.91491
G1 X120.247 Y130.567 E160.97912
G1 X119.328 Y131.25 E161.03624
G1 X118.021 Y132.142 E161.11519
G1 X117.248 Y132.597 E161.15994
G1 X116.196 Y133.089 E161.21788
G1 X115.668 Y133.296 E161.24617
G1 X114.743 Y133.581 E161.29446
G1 X114.211 Y133.7 E161.32166
G1 X113.278 Y133.83 E161.36866
G1 X112.318 Y133.694 E161.41703
G1 X111.495 Y133.335 E161.46183
G1 X110.839 Y132.809 E161.50378
G1 X110.448 Y132.406 E161.53179
G1 X110.115 Y131.808 E161.56594
G1 X109.872 Y131.119 E161.60239
G1 X109.793 Y130.475 E161.63476
G1 X109.897 Y129.415 E161.6879
G1 X109.947 Y129.228 E161.69755
G1 X111.171 Y126.508 E161.84636
G1 X111.498 Y125.732 E161.88837
G1 X112.049 Y124.358 E161.96223
G1 X112.211 Y123.867 E161.98802
G1 X112.358 Y123.206 E162.02181
G1 X112.417 Y122.839 E162.04035
G1 X112.462 Y122.351 E162.0648
G1 X112.476 Y121.813 E162.09165
G1 X112.444 Y121.234 E162.12058
G1 X112.35 Y120.705 E162.14739
G1 X111.825 Y120.451 E162.17648
G1 X111.434 Y120.29 E162.19758
G1 X111.075 Y120.166 E162.21653
G1 X110.402 Y119.965 E162.25157
G1 X97.073 Y116.45 E162.93929
G1 X96.629 Y116.412 E162.96152
G1 X96.244 Y116.436 E162.98077
G1 X95.977 Y116.473 E162.99422
G1 X95.646 Y116.551 E163.01118
G1 X93.11 Y117.318 E163.14336
G1 X91.604 Y117.794 E163.22216
G1 X90.895 Y117.923 E163.25811
G1 X89.871 Y117.874 E163.30926
G1 X89.127 Y117.673 E163.34771
G1 X88.335 Y117.265 E163.39216
G1 X87.675 Y116.733 E163.43445
G1 X87.276 Y116.247 E163.46582
G1 X86.892 Y115.498 E163.50781
G1 X86.725 Y115.032 E163.53251
G1 X86.61 Y114.166 E163.5761
G1 X86.497 Y113.779 E163.59621
G1 X86.392 Y113.488 E163.61164
G1 X86.161 Y113.472 E163.6232
G1 X83.725 Y116.269 E163.80824
G1 X82.973 Y117.082 E163.86349
G1 X82.188 Y117.878 E163.91927
G1 X81.424 Y118.593 E163.97147
G1 X80.668 Y119.259 E164.02174
G1 X79.939 Y119.862 E164.06894
G1 X79.209 Y120.434 E164.11521
G1 X77.942 Y121.362 E164.19356
G1 X76.927 Y122.055 E164.25488
G1 X76.066 Y122.578 E164.30513
G1 X75.103 Y123.116 E164.36017
G1 X72.921 Y124.275 E164.48343
G1 X69.934 Y125.808 E164.65093
G1 X69.055 Y126.061 E164.69657
G1 X68.163 Y126.023 E164.74111
G1 X67.359 Y125.833 E164.78233
G1 X66.607 Y125.359 E164.82668
G1 X65.999 Y124.784 E164.86843
G1 X65.588 Y124 E164.91259
G1 X65.442 Y123.593 E164.93416
G1 X65.329 Y122.737 E164.97724
G1 X65.397 Y122.056 E165.01138
G1 X67.071 Y117.029 E165.27572
G1 X67.429 Y116.403 E165.3117
G1 X67.955 Y115.801 E165.35158
G1 X68.521 Y115.432 E165.38529
G1 X69.096 Y115.177 E165.41667
G1 X69.287 Y115.124 E165.42656
G1 X69.655 Y114.471 E165.46396
G1 X70.585 Y113.572 E165.52849
G1 X71.14 Y112.984 E165.56883
G1 X71.536 Y112.497 E165.60014
G1 X71.788 Y112.158 E165.62122
G1 X71.945 Y111.921 E165.6354
G1 X72.24 Y111.429 E165.66402
G1 X72.833 Y110.513 E165.71846
G1 X73.354 Y109.666 E165.76807
G1 X73.923 Y108.671 E165.82525
G1 X74.361 Y107.821 E165.87296
G1 X74.8 Y106.836 E165.92676
G1 X74.512 Y106.39 E165.95325
G1 X73.819 Y105.424 E166.01256
G1 X73.189 Y104.595 E166.06451
G1 X72.083 Y103.337 E166.14808
G1 X71.383 Y102.621 E166.19803
G1 X69.939 Y101.315 E166.29517
G1 X69.396 Y100.678 E166.33693
G1 X68.983 Y99.923 E166.37986
G1 X68.792 Y99.163 E166.41896
G1 X68.781 Y98.481 E166.45299
G1 X68.987 Y97.531 E166.50149
G1 X69.351 Y96.755 E166.54425
G1 X69.762 Y96.232 E166.57743
G1 X70.414 Y95.702 E166.61935
G0 F6000 X70.741 Y96.209
G1 F1200 X71.412 Y95.871 E166.65684
G1 X71.745 Y95.759 E166.67436
G1 X72.627 Y95.652 E166.71869
G1 X73.256 Y95.656 E166.75007
G1 X74.162 Y95.739 E166.79546
G1 X75.48 Y95.936 E166.86195
G1 X76.222 Y96.131 E166.90022
G1 X76.59 Y96.253 E166.91957
G1 X77.212 Y96.502 E166.95299
G1 X78.004 Y96.898 E166.99717
G1 X78.688 Y97.272 E167.03606
G1 X79.754 Y97.916 E167.0982
G1 X81.663 Y99.203 E167.21306
G1 X82.381 Y99.743 E167.25788
G1 X83.19 Y100.436 E167.31102
G1 X83.558 Y100.78 E167.33616
G1 X83.776 Y100.841 E167.34745
G1 X84.915 Y100.731 E167.40454
G1 X85.058 Y100.182 E167.43284
G1 X85.507 Y99.489 E167.47404
G1 X85.879 Y99.125 E167.50001
G1 X86.455 Y98.771 E167.53374
G1 X86.993 Y98.598 E167.56193
G1 X87.856 Y98.538 E167.60509
G1 X88.271 Y98.566 E167.62584
G1 X89.87 Y99.012 E167.70866
G1 X90.939 Y99.351 E167.76461
G1 X92.401 Y99.867 E167.84196
G1 X92.729 Y99.849 E167.85835
G1 X95.411 Y99.521 E167.99315
G1 X95.189 Y98.976 E168.02251
G1 X95.089 Y98.072 E168.06789
G1 X95.152 Y97.53 E168.09511
G1 X95.398 Y96.846 E168.13137
G1 X95.863 Y96.128 E168.17405
G1 X96.448 Y95.643 E168.21196
G1 X97.079 Y95.33 E168.2471
G1 X97.71 Y95.169 E168.27959
G1 X98.448 Y95.141 E168.31644
G1 X98.796 Y95.178 E168.3339
G1 X100.115 Y95.589 E168.40282
G1 X101.559 Y96.103 E168.47929
G1 X103.078 Y96.717 E168.56103
G1 X103.813 Y97.054 E168.60137
G1 X104.453 Y97.391 E168.63746
G1 X105.834 Y98.233 E168.71815
G1 X108.276 Y97.936 E168.84088
G1 X112.884 Y97.259 E169.07324
G1 X112.974 Y96.931 E169.09021
G1 X113.139 Y96.021 E169.13635
G1 X113.261 Y95.088 E169.1833
G1 X113.341 Y94.248 E169.2254
G1 X113.381 Y93.049 E169.28525
G1 X113.375 Y91.691 E169.353
G1 X113.33 Y89.693 E169.4527
G1 X113.482 Y89.011 E169.48756
G1 X113.73 Y88.401 E169.52042
G1 X114.192 Y87.757 E169.55996
G1 X114.705 Y87.297 E169.59433
G1 X115.181 Y87.033 E169.62149
G1 X115.85 Y86.836 E169.65628
G1 X116.473 Y86.799 E169.68742
G1 X117.007 Y86.842 E169.71415
G1 X117.826 Y87.103 E169.75703
G1 X118.686 Y87.662 E169.80821
G1 X119.125 Y88.004 E169.83597
G1 X119.605 Y88.423 E169.86776
G1 X120.148 Y88.934 E169.90496
G1 X121.264 Y90.061 E169.98408
G1 X122.565 Y91.479 E170.08009
G1 X123.14 Y92.17 E170.12494
G1 X123.734 Y92.978 E170.17497
G1 X124.224 Y93.718 E170.21925
G1 X124.653 Y94.43 E170.26072
G1 X125.176 Y95.407 E170.31601
G1 X125.479 Y95.42 E170.33114
G1 X126.086 Y95.573 E170.36237
G1 X126.593 Y95.783 E170.38975
G1 X127.119 Y96.173 E170.42242
G1 X127.447 Y96.498 E170.44546
G1 X127.907 Y97.235 E170.4888
G1 X128.079 Y97.917 E170.52389
G1 X128.137 Y98.597 E170.55794
G1 X128.04 Y99.262 E170.59147
G1 X127.559 Y100.5 E170.65773
G1 X129.249 Y97.432 E170.83248
G1 X129.816 Y96.792 E170.87514
G1 X130.725 Y96.163 E170.93029
G1 X131.926 Y95.81 E170.99274
G1 X132.929 Y95.84 E171.0428
G1 X134.284 Y96.041 E171.11114
G1 X136.537 Y96.434 E171.22524
G1 X138.976 Y96.896 E171.34909
G1 X140.893 Y97.305 E171.44688
G1 X141.602 Y97.495 E171.4835
G1 X142.377 Y97.734 E171.52396
G1 X143.745 Y98.209 E171.59621
G1 X144.921 Y98.659 E171.65903
G1 X145.784 Y99.017 E171.70564
G1 X146.345 Y99.28 E171.73655
G1 X146.862 Y99.556 E171.76579
G1 X147.184 Y99.75 E171.78455
G1 X147.363 Y99.886 E171.79576
G1 X147.677 Y99.979 E171.8121
G1 X148.543 Y100.492 E171.86232
G1 X149.858 Y101.303 E171.93939
G1 X150.682 Y101.863 E171.9891
G1 X151.508 Y102.48 E172.04054
G1 X152.112 Y102.993 E172.08007
G1 X152.604 Y103.475 E172.11443
G1 X153.056 Y103.996 E172.14885
G1 X153.308 Y104.341 E172.17016
G1 X153.693 Y105.011 E172.20871
G1 X153.972 Y105.666 E172.24423
G1 X154.148 Y106.527 E172.28808
G1 X154.186 Y107.012 E172.31235
G1 X154.031 Y108.038 E172.36411
G1 X153.891 Y108.529 E172.38959
G1 X153.558 Y109.355 E172.43402
G1 X153 Y110.142 E172.48215
G1 X152.519 Y110.725 E172.51986
G1 X151.999 Y111.276 E172.55766
G1 X151.442 Y111.81 E172.59615
G1 X150.857 Y112.329 E172.63517
G1 X150.235 Y112.85 E172.67565
G1 X149.054 Y113.778 E172.75058
G1 X147.836 Y114.667 E172.82581
G1 X146.558 Y115.517 E172.90239
G1 X145.9 Y115.916 E172.94078
G1 X145.199 Y116.31 E172.9809
G1 X144.467 Y116.698 E173.02223
G1 X143.716 Y117.065 E173.06393
G1 X142.219 Y117.759 E173.14625
G1 X140.704 Y118.425 E173.22882
G1 X139.184 Y119.064 E173.31108
G1 X137.682 Y119.659 E173.39168
G1 X136.212 Y120.207 E173.46995
G1 X134.76 Y120.716 E173.54671
G1 X133.302 Y121.195 E173.62328
G1 X131.802 Y121.659 E173.70161
G1 X130.405 Y122.063 E173.77416
G1 X129.241 Y122.346 E173.83393
G1 X128.491 Y122.472 E173.87187
G1 X127.631 Y122.511 E173.91482
G1 X127.164 Y122.473 E173.93819
G1 X126.88 Y122.406 E173.95275
G1 X126.385 Y123.145 E173.99713
G1 X125.658 Y124.151 E174.05905
G1 X124.819 Y125.242 E174.12772
G1 X123.938 Y126.297 E174.19629
G1 X122.938 Y127.381 E174.26987
G1 X121.828 Y128.455 E174.34692
G1 X120.871 Y129.291 E174.41032
G1 X119.87 Y130.1 E174.47453
G1 X118.99 Y130.755 E174.52926
G1 X117.715 Y131.626 E174.6063
G1 X116.993 Y132.054 E174.64817
G1 X115.977 Y132.53 E174.70415
G1 X115.449 Y132.737 E174.73244
G1 X114.612 Y132.995 E174.77614
G1 X114.08 Y133.114 E174.80334
G1 X113.284 Y133.225 E174.84343
G1 X112.483 Y133.111 E174.8838
G1 X111.806 Y132.816 E174.92064
G1 X111.269 Y132.391 E174.95481
G1 X110.934 Y132.046 E174.9788
G1 X110.664 Y131.561 E175.00649
G1 X110.459 Y130.979 E175.03728
G1 X110.396 Y130.469 E175.06291
G1 X110.494 Y129.474 E175.11279
G1 X111.724 Y126.741 E175.26232
G1 X112.051 Y125.965 E175.30433
G1 X112.609 Y124.575 E175.37905
G1 X112.743 Y124.17 E175.40034
G1 X112.822 Y123.884 E175.41514
G1 X112.944 Y123.337 E175.4431
G1 X113.012 Y122.914 E175.46448
G1 X113.062 Y122.378 E175.49133
G1 X113.076 Y121.808 E175.51978
G1 X113.041 Y121.162 E175.55206
G1 X112.98 Y120.82 E175.56939
G1 X112.916 Y120.555 E175.58299
G1 X112.774 Y120.258 E175.59941
G1 X112.501 Y120.105 E175.61502
G1 X112.063 Y119.9 E175.63915
G1 X111.635 Y119.725 E175.66222
G1 X111.267 Y119.597 E175.68166
G1 X110.566 Y119.388 E175.71815
G1 X97.174 Y115.856 E176.40913
G1 X96.636 Y115.81 E176.43607
G1 X96.19 Y115.838 E176.45836
G1 X95.866 Y115.883 E176.47468
G1 X95.491 Y115.971 E176.4939
G1 X92.929 Y116.746 E176.62744
G1 X91.423 Y117.222 E176.70624
G1 X90.854 Y117.321 E176.73505
G1 X89.966 Y117.278 E176.77941
G1 X89.348 Y117.111 E176.81134
G1 X88.662 Y116.758 E176.84983
G1 X88.1 Y116.305 E176.88585
G1 X87.78 Y115.915 E176.91101
G1 X87.426 Y115.224 E176.94975
G1 X87.312 Y114.893 E176.96722
G1 X87.217 Y114.182 E177.003
G1 X87.158 Y113.903 E177.01723
G1 X87.069 Y113.598 E177.03308
G1 X86.929 Y113.211 E177.05361
G1 X86.663 Y112.905 E177.07384
G1 X85.931 Y112.854 E177.11045
G1 X85.612 Y113.19 E177.13356
G1 X83.285 Y115.862 E177.31034
G1 X82.546 Y116.661 E177.36463
G1 X81.778 Y117.44 E177.41921
G1 X81.027 Y118.143 E177.47053
G1 X80.285 Y118.797 E177.51988
G1 X79.569 Y119.39 E177.56626
G1 X78.855 Y119.95 E177.61153
G1 X77.604 Y120.866 E177.68889
G1 X76.589 Y121.559 E177.7502
G1 X75.774 Y122.054 E177.79777
G1 X74.821 Y122.586 E177.85223
G1 X72.647 Y123.741 E177.97504
G1 X69.713 Y125.247 E178.13958
G1 X68.98 Y125.458 E178.17763
G1 X68.248 Y125.427 E178.21419
G1 X67.593 Y125.272 E178.24777
G1 X66.978 Y124.884 E178.28404
G1 X66.484 Y124.417 E178.31796
G1 X66.153 Y123.798 E178.35298
G1 X66.029 Y123.452 E178.37132
G1 X65.933 Y122.726 E178.40785
G1 X65.987 Y122.182 E178.43513
G1 X67.621 Y117.275 E178.69315
G1 X67.921 Y116.752 E178.72323
G1 X68.352 Y116.258 E178.75594
G1 X68.804 Y115.963 E178.78287
G1 X69.339 Y115.726 E178.81206
G1 X69.676 Y115.657 E178.82922
G1 X70.134 Y114.843 E178.87582
G1 X71.015 Y113.992 E178.93693
G1 X71.593 Y113.379 E178.97897
G1 X72.002 Y112.876 E179.01131
G1 X72.277 Y112.505 E179.03435
G1 X72.453 Y112.239 E179.05026
G1 X72.744 Y111.755 E179.07844
G1 X73.337 Y110.839 E179.13288
G1 X73.875 Y109.964 E179.18412
G1 X74.444 Y108.969 E179.24131
G1 X74.903 Y108.079 E179.29127
G1 X75.264 Y107.268 E179.33556
G1 X75.455 Y106.744 E179.36338
G1 X75 Y106.04 E179.4052
G1 X74.307 Y105.074 E179.46451
G1 X73.655 Y104.216 E179.51828
G1 X72.521 Y102.926 E179.60397
G1 X71.805 Y102.194 E179.65505
G1 X70.396 Y100.926 E179.74962
G1 X69.894 Y100.337 E179.78823
G1 X69.546 Y99.7 E179.82444
G1 X69.391 Y99.084 E179.85613
G1 X69.382 Y98.538 E179.88338
G1 X69.558 Y97.726 E179.92483
G1 X69.864 Y97.074 E179.96076
G1 X70.194 Y96.654 E179.98741
G1 X70.741 Y96.209 E180.02259
G1 F3600 E176.02259
G0 F6000 X116.459 Y88.807
G0 X116.956 Y88.962
G0 X117.799 Y89.55
G0 X119.756 Y91.43
G0 X126.033 Y97.926
G0 X126.096 Y98.644
G0 X124.786 Y102.024
G0 X118.507 Y109.451
G1 F3600 E180.02259
G1 F1200 X118.815 Y108.9 E180.05408
G1 X117.046 Y109.07 E180.14275
G1 X118.507 Y109.451 E180.21807
G1 F3600 E176.21807
G0 F6000 X119.897 Y108.194
G1 F3600 E180.21807
G1 F1200 X113.616 Y108.797 E180.53287
G1 X118.805 Y110.149 E180.8004
G1 X119.897 Y108.194 E180.91212
G0 F6000 X120.192 Y108.904
G1 F1200 X120.97 Y107.489 E180.99268
G1 X110.187 Y108.524 E181.53312
G1 X119.101 Y110.847 E181.99269
G1 X120.192 Y108.904 E182.10386
G0 F6000 X120.715 Y109.198
G1 F1200 X122.044 Y106.784 E182.24134
G1 X106.757 Y108.251 E183.00752
G1 X119.398 Y111.545 E183.65924
G1 X120.715 Y109.198 E183.79351
G0 F6000 X121.238 Y109.492
G1 F1200 X123.117 Y106.079 E183.98788
G1 X103.327 Y107.977 E184.97974
G1 X119.694 Y112.243 E185.82358
G1 X121.238 Y109.492 E185.98096
G0 F6000 X121.761 Y109.786
G1 F1200 X124.184 Y105.385 E186.23161
G1 X122.958 Y105.49 E186.293
G1 X99.796 Y107.713 E187.45386
G1 X103.42 Y108.618 E187.64022
G1 X119.99 Y112.941 E188.49457
G1 X121.761 Y109.786 E188.67508
G0 F6000 X122.284 Y110.08
G1 F1200 X125.475 Y104.284 E189.00517
G1 X124.855 Y104.595 E189.03977
G1 X124.337 Y104.769 E189.06703
G1 X122.907 Y104.892 E189.13864
G1 X96.265 Y107.45 E190.47393
G1 X103.269 Y109.199 E190.83409
G1 X120.286 Y113.639 E191.71149
G1 X122.284 Y110.08 E191.91512
G0 F6000 X122.807 Y110.374
G1 F1200 X129.743 Y97.779 E192.63247
G1 X130.216 Y97.245 E192.66806
G1 X130.987 Y96.712 E192.71482
G1 X132.004 Y96.413 E192.7677
G1 X132.841 Y96.434 E192.80947
G1 X134.181 Y96.632 E192.87705
G1 X136.425 Y97.023 E192.99069
G1 X138.851 Y97.483 E193.11388
G1 X140.738 Y97.885 E193.21014
G1 X141.447 Y98.075 E193.24676
G1 X142.18 Y98.301 E193.28503
G1 X143.531 Y98.77 E193.35638
G1 X144.691 Y99.213 E193.41832
G1 X145.53 Y99.561 E193.46364
G1 X146.063 Y99.81 E193.49299
G1 X146.552 Y100.07 E193.52062
G1 X146.874 Y100.264 E193.53938
G1 X147.078 Y100.427 E193.5524
G1 X147.435 Y100.533 E193.57098
G1 X148.228 Y101.003 E193.61697
G1 X149.521 Y101.8 E193.69275
G1 X150.323 Y102.344 E193.7411
G1 X151.12 Y102.938 E193.79069
G1 X151.692 Y103.422 E193.82807
G1 X152.184 Y103.904 E193.86243
G1 X152.571 Y104.35 E193.89189
G1 X152.823 Y104.695 E193.91321
G1 X153.172 Y105.308 E193.9484
G1 X153.396 Y105.843 E193.97734
G1 X153.56 Y106.647 E194.01828
G1 X153.582 Y106.99 E194.03542
G1 X153.453 Y107.877 E194.08014
G1 X153.334 Y108.305 E194.1023
G1 X153.027 Y109.067 E194.14329
G1 X152.537 Y109.761 E194.18567
G1 X152.083 Y110.313 E194.22133
G1 X151.583 Y110.843 E194.25768
G1 X151.044 Y111.361 E194.29498
G1 X150.472 Y111.869 E194.33315
G1 X149.864 Y112.378 E194.37271
G1 X148.7 Y113.293 E194.44657
G1 X147.482 Y114.182 E194.5218
G1 X146.247 Y115.004 E194.59582
G1 X145.606 Y115.393 E194.63322
G1 X144.918 Y115.78 E194.67261
G1 X144.203 Y116.159 E194.71298
G1 X143.463 Y116.521 E194.75408
G1 X141.978 Y117.21 E194.83575
G1 X140.472 Y117.872 E194.91783
G1 X138.963 Y118.506 E194.99948
G1 X137.472 Y119.097 E195.0795
G1 X136.013 Y119.641 E195.15719
G1 X134.573 Y120.146 E195.23332
G1 X133.125 Y120.622 E195.30936
G1 X131.635 Y121.083 E195.38718
G1 X130.262 Y121.48 E195.45848
G1 X129.142 Y121.754 E195.51601
G1 X128.392 Y121.88 E195.55395
G1 X127.68 Y121.913 E195.58951
G1 X127.213 Y121.875 E195.61288
G1 X126.881 Y121.784 E195.63006
G1 X126.609 Y121.733 E195.64386
G1 X125.898 Y122.794 E195.70758
G1 X125.183 Y123.785 E195.76855
G1 X124.358 Y124.857 E195.83604
G1 X123.477 Y125.912 E195.90461
G1 X122.521 Y126.95 E195.97501
G1 X121.433 Y128.003 E196.05055
G1 X120.494 Y128.824 E196.11278
G1 X119.511 Y129.619 E196.17585
G1 X118.651 Y130.26 E196.22937
G1 X117.407 Y131.111 E196.30456
G1 X116.738 Y131.511 E196.34345
G1 X115.758 Y131.971 E196.39746
G1 X115.23 Y132.178 E196.42575
G1 X114.481 Y132.409 E196.46486
G1 X113.949 Y132.528 E196.49206
G1 X113.29 Y132.62 E196.52525
G1 X112.649 Y132.529 E196.55755
G1 X112.117 Y132.297 E196.58651
G1 X111.7 Y131.973 E196.61285
G1 X111.419 Y131.683 E196.633
G1 X111.213 Y131.314 E196.65408
G1 X111.047 Y130.843 E196.679
G1 X111 Y130.459 E196.6983
G1 X111.081 Y129.63 E196.73986
G1 X112.277 Y126.974 E196.88518
G1 X112.604 Y126.198 E196.92719
G1 X113.174 Y124.779 E197.00348
G1 X113.313 Y124.359 E197.02556
G1 X113.408 Y124.015 E197.04336
G1 X113.53 Y123.468 E197.07132
G1 X113.607 Y122.989 E197.09552
G1 X113.662 Y122.405 E197.12479
G1 X113.677 Y121.803 E197.15483
G1 X113.638 Y121.091 E197.19041
G1 X113.571 Y120.715 E197.20946
G1 X113.488 Y120.37 E197.22717
G1 X113.358 Y120.045 E197.24463
G1 X113.187 Y119.802 E197.25945
G1 X112.764 Y119.565 E197.28364
G1 X112.317 Y119.356 E197.30826
G1 X111.847 Y119.164 E197.33359
G1 X111.446 Y119.024 E197.35478
G1 X110.729 Y118.811 E197.3921
G1 X97.275 Y115.262 E198.08628
G1 X96.765 Y115.219 E198.11181
G1 X96.491 Y115.218 E198.12548
G1 X96.14 Y115.24 E198.14303
G1 X95.753 Y115.293 E198.16252
G1 X95.336 Y115.391 E198.18389
G1 X92.748 Y116.174 E198.31879
G1 X91.242 Y116.65 E198.39758
G1 X90.817 Y116.719 E198.41906
G1 X90.061 Y116.682 E198.45683
G1 X89.569 Y116.549 E198.48225
G1 X88.986 Y116.249 E198.51496
G1 X88.525 Y115.878 E198.54449
G1 X88.286 Y115.586 E198.56331
G1 X87.96 Y114.95 E198.59897
G1 X87.899 Y114.755 E198.60916
G1 X87.809 Y114.077 E198.64328
G1 X87.742 Y113.765 E198.6592
G1 X87.639 Y113.41 E198.67765
G1 X87.489 Y112.997 E198.69957
G1 X87.351 Y112.782 E198.71231
G1 X87.175 Y112.574 E198.72591
G1 X86.982 Y112.372 E198.73985
G1 X86.59 Y112.299 E198.75974
G1 X86.054 Y112.256 E198.78657
G1 X85.786 Y112.25 E198.79994
G1 X85.616 Y112.314 E198.809
G1 X85.177 Y112.777 E198.84083
G1 X82.845 Y115.455 E199.018
G1 X82.119 Y116.24 E199.07134
G1 X81.368 Y117.002 E199.12472
G1 X80.63 Y117.693 E199.17516
G1 X79.902 Y118.335 E199.22358
G1 X79.198 Y118.918 E199.26918
G1 X78.5 Y119.466 E199.31346
G1 X77.266 Y120.37 E199.38978
G1 X76.251 Y121.063 E199.45109
G1 X75.482 Y121.53 E199.49598
G1 X74.539 Y122.056 E199.54985
G1 X72.373 Y123.207 E199.67222
G1 X69.492 Y124.686 E199.83379
G1 X68.905 Y124.855 E199.86426
G1 X68.335 Y124.831 E199.89272
G1 X67.826 Y124.71 E199.91883
G1 X67.349 Y124.409 E199.94697
G1 X66.967 Y124.048 E199.97319
G1 X66.682 Y123.515 E200.00334
G1 X66.616 Y123.311 E200.01404
G1 X66.537 Y122.715 E200.04403
G1 X66.577 Y122.308 E200.06444
G1 X68.171 Y117.523 E200.31606
G1 X68.414 Y117.099 E200.34044
G1 X68.747 Y116.717 E200.36572
G1 X69.092 Y116.492 E200.38627
G1 X69.582 Y116.275 E200.41301
G1 X70.105 Y116.203 E200.43935
G1 X70.202 Y115.945 E200.4531
G1 X70.614 Y115.213 E200.495
G1 X71.444 Y114.411 E200.55259
G1 X72.045 Y113.774 E200.59628
G1 X72.473 Y113.248 E200.63011
G1 X72.759 Y112.862 E200.65408
G1 X72.968 Y112.548 E200.6729
G1 X73.248 Y112.081 E200.70006
G1 X73.841 Y111.165 E200.7545
G1 X74.396 Y110.262 E200.80738
G1 X74.965 Y109.267 E200.86457
G1 X75.445 Y108.337 E200.91678
G1 X75.818 Y107.498 E200.96259
G1 X75.955 Y107.124 E200.98246
G1 X76.102 Y106.639 E201.00774
G1 X75.488 Y105.69 E201.06413
G1 X74.795 Y104.724 E201.12345
G1 X74.12 Y103.836 E201.1791
G1 X72.959 Y102.515 E201.26684
G1 X72.226 Y101.766 E201.31912
G1 X70.853 Y100.537 E201.41105
G1 X70.391 Y99.995 E201.44659
G1 X70.11 Y99.48 E201.47585
G1 X69.99 Y99.004 E201.50035
G1 X69.983 Y98.595 E201.52075
G1 X70.129 Y97.921 E201.55516
G1 X70.377 Y97.393 E201.58426
G1 X70.626 Y97.076 E201.60437
G1 X71.068 Y96.716 E201.63281
G1 X71.682 Y96.407 E201.66711
G1 X71.876 Y96.348 E201.67722
G1 X72.699 Y96.248 E201.71858
G1 X73.202 Y96.254 E201.74368
G1 X74.075 Y96.333 E201.78741
G1 X75.328 Y96.517 E201.8506
G1 X76.033 Y96.701 E201.88695
G1 X76.401 Y96.823 E201.90629
G1 X76.988 Y97.059 E201.93785
G1 X77.716 Y97.424 E201.97848
G1 X78.378 Y97.786 E202.01612
G1 X79.444 Y98.43 E202.07826
G1 X81.302 Y99.683 E202.19006
G1 X82.02 Y100.223 E202.23489
G1 X82.78 Y100.874 E202.28481
G1 X83.256 Y101.319 E202.31732
G1 X83.722 Y101.449 E202.34146
G1 X85.445 Y101.283 E202.42782
G1 X85.476 Y100.96 E202.444
G1 X85.615 Y100.424 E202.47163
G1 X85.971 Y99.875 E202.50427
G1 X86.253 Y99.599 E202.52396
G1 X86.707 Y99.32 E202.55055
G1 X87.108 Y99.191 E202.57156
G1 X87.816 Y99.137 E202.60699
G1 X88.171 Y99.161 E202.62474
G1 X89.689 Y99.584 E202.70336
G1 X90.739 Y99.917 E202.75831
G1 X92.314 Y100.473 E202.84164
G1 X92.79 Y100.446 E202.86543
G1 X96.082 Y100.044 E203.03089
G1 X96.095 Y99.903 E203.03795
G1 X96.046 Y99.578 E203.05435
G1 X95.931 Y99.207 E203.07373
G1 X95.776 Y98.825 E203.09429
G1 X95.693 Y98.075 E203.13194
G1 X95.74 Y97.67 E203.15228
G1 X95.941 Y97.11 E203.18196
G1 X96.315 Y96.533 E203.21627
G1 X96.779 Y96.148 E203.24635
G1 X97.289 Y95.895 E203.27475
G1 X97.792 Y95.767 E203.30065
G1 X98.471 Y95.741 E203.33455
G1 X98.673 Y95.768 E203.34471
G1 X99.936 Y96.162 E203.41072
G1 X101.334 Y96.659 E203.48474
G1 X102.828 Y97.262 E203.56512
G1 X103.533 Y97.585 E203.60381
G1 X104.173 Y97.922 E203.6399
G1 X105.7 Y98.854 E203.72915
G1 X108.356 Y98.531 E203.86263
G1 X113.359 Y97.796 E204.11491
G1 X113.557 Y97.075 E204.15221
G1 X113.731 Y96.12 E204.20064
G1 X113.856 Y95.166 E204.24865
G1 X113.941 Y94.277 E204.2932
G1 X113.981 Y93.069 E204.3535
G1 X113.975 Y91.688 E204.4224
G1 X113.932 Y89.754 E204.51891
G1 X114.058 Y89.189 E204.54779
G1 X114.259 Y88.694 E204.57445
G1 X114.642 Y88.16 E204.60723
G1 X115.059 Y87.786 E204.63518
G1 X115.41 Y87.591 E204.65521
G1 X115.955 Y87.431 E204.68355
G1 X116.509 Y87.398 E204.71123
G1 X116.888 Y87.434 E204.73023
G1 X117.57 Y87.651 E204.76593
G1 X118.318 Y88.136 E204.81041
G1 X118.731 Y88.457 E204.83651
G1 X119.194 Y88.86 E204.86713
G1 X119.722 Y89.356 E204.90327
G1 X120.822 Y90.467 E204.98127
G1 X122.104 Y91.863 E205.07583
G1 X122.657 Y92.526 E205.1189
G1 X123.234 Y93.31 E205.16747
G1 X123.71 Y94.028 E205.21045
G1 X124.139 Y94.74 E205.25192
G1 X124.824 Y96.021 E205.32439
G1 X125.332 Y96.002 E205.34975
G1 X125.939 Y96.155 E205.38098
G1 X126.294 Y96.308 E205.40027
G1 X126.696 Y96.599 E205.42503
G1 X126.975 Y96.876 E205.44464
G1 X127.348 Y97.473 E205.47976
G1 X127.485 Y98.017 E205.50775
G1 X127.533 Y98.578 E205.53584
G1 X127.455 Y99.111 E205.56272
G1 X126.088 Y102.635 E205.75129
G1 X125.745 Y103.221 E205.78517
G1 X125.61 Y103.379 E205.79554
G1 X125.099 Y103.802 E205.82863
G1 X124.586 Y104.059 E205.85726
G1 X124.217 Y104.177 E205.87659
G1 X122.856 Y104.294 E205.94474
G1 X92.736 Y107.186 E207.45434
G1 X103.118 Y109.78 E207.98822
G1 X120.384 Y114.285 E208.87847
G1 X120.555 Y114.268 E208.88704
G1 X120.842 Y113.874 E208.91136
G1 X122.807 Y110.374 E209.11161
G0 F6000 X123.33 Y110.668
G1 F1200 X130.237 Y98.126 E209.82595
G1 X130.619 Y97.695 E209.85468
G1 X131.246 Y97.261 E209.89272
G1 X132.083 Y97.015 E209.93625
G1 X132.754 Y97.028 E209.96973
G1 X134.078 Y97.223 E210.0365
G1 X136.313 Y97.613 E210.14969
G1 X138.726 Y98.07 E210.27221
G1 X140.583 Y98.465 E210.36693
G1 X141.271 Y98.649 E210.40246
G1 X141.984 Y98.868 E210.43967
G1 X143.317 Y99.33 E210.51006
G1 X144.461 Y99.767 E210.57115
G1 X145.276 Y100.105 E210.61517
G1 X145.809 Y100.354 E210.64452
G1 X146.242 Y100.584 E210.66898
G1 X146.564 Y100.778 E210.68774
G1 X146.824 Y100.999 E210.70476
G1 X146.924 Y101.005 E210.70976
G1 X147.195 Y101.088 E210.7239
G1 X147.913 Y101.514 E210.76555
G1 X149.185 Y102.297 E210.84007
G1 X149.965 Y102.825 E210.88707
G1 X150.733 Y103.397 E210.93484
G1 X151.273 Y103.852 E210.97007
G1 X151.732 Y104.299 E211.00203
G1 X152.086 Y104.704 E211.02887
G1 X152.338 Y105.049 E211.05018
G1 X152.618 Y105.54 E211.07838
G1 X152.82 Y106.023 E211.1045
G1 X152.972 Y106.767 E211.14239
G1 X152.979 Y106.967 E211.15237
G1 X152.873 Y107.722 E211.19041
G1 X152.777 Y108.081 E211.20895
G1 X152.496 Y108.779 E211.24649
G1 X152.073 Y109.381 E211.2832
G1 X151.646 Y109.902 E211.3168
G1 X151.167 Y110.411 E211.35167
G1 X150.645 Y110.913 E211.3878
G1 X150.087 Y111.409 E211.42505
G1 X149.493 Y111.906 E211.46369
G1 X148.346 Y112.808 E211.53649
G1 X147.128 Y113.697 E211.61172
G1 X145.936 Y114.491 E211.68318
G1 X145.312 Y114.87 E211.7196
G1 X144.637 Y115.25 E211.75824
G1 X143.939 Y115.62 E211.79766
G1 X143.21 Y115.977 E211.83815
G1 X141.737 Y116.661 E211.91918
G1 X140.24 Y117.319 E212.00076
G1 X138.742 Y117.948 E212.08182
G1 X137.262 Y118.535 E212.16125
G1 X135.814 Y119.075 E212.23835
G1 X134.386 Y119.576 E212.31385
G1 X132.948 Y120.049 E212.38938
G1 X131.468 Y120.507 E212.46667
G1 X130.118 Y120.897 E212.53677
G1 X129.043 Y121.162 E212.59201
G1 X128.293 Y121.288 E212.62995
G1 X127.728 Y121.315 E212.65817
G1 X127.32 Y121.282 E212.6786
G1 X127.003 Y121.195 E212.695
G1 X126.862 Y121.177 E212.70209
G1 X126.609 Y121.115 E212.71508
G1 X126.377 Y121 E212.728
G1 X125.411 Y122.443 E212.81464
G1 X124.707 Y123.419 E212.87467
G1 X123.897 Y124.472 E212.94095
G1 X123.016 Y125.527 E213.00953
G1 X122.08 Y126.543 E213.07845
G1 X121.038 Y127.551 E213.15078
G1 X120.099 Y128.372 E213.213
G1 X119.152 Y129.138 E213.27377
G1 X118.312 Y129.765 E213.32607
G1 X117.068 Y130.616 E213.40126
G1 X116.482 Y130.968 E213.43537
G1 X115.539 Y131.412 E213.48737
G1 X115.011 Y131.619 E213.51566
G1 X114.35 Y131.823 E213.55017
G1 X113.818 Y131.942 E213.57737
G1 X113.297 Y132.015 E213.60362
G1 X112.814 Y131.946 E213.62796
G1 X112.424 Y131.776 E213.64918
G1 X112.131 Y131.555 E213.66749
G1 X111.902 Y131.319 E213.6839
G1 X111.779 Y131.114 E213.69583
G1 X111.635 Y130.706 E213.71741
G1 X111.604 Y130.449 E213.73033
G1 X111.668 Y129.786 E213.76356
G1 X112.829 Y127.209 E213.90457
G1 X113.157 Y126.431 E213.94669
G1 X113.739 Y124.983 E214.02455
G1 X113.883 Y124.548 E214.04741
G1 X113.993 Y124.15 E214.06801
G1 X114.116 Y123.598 E214.09623
G1 X114.202 Y123.063 E214.12326
G1 X114.262 Y122.434 E214.15478
G1 X114.277 Y121.798 E214.18652
G1 X114.235 Y121.019 E214.22544
G1 X114.162 Y120.61 E214.24617
G1 X114.06 Y120.185 E214.26798
G1 X113.89 Y119.76 E214.29081
G1 X113.671 Y119.446 E214.30991
G1 X113.454 Y119.264 E214.32404
G1 X113.034 Y119.028 E214.34808
G1 X112.561 Y118.807 E214.37413
G1 X112.069 Y118.607 E214.40062
G1 X111.626 Y118.452 E214.42404
G1 X110.893 Y118.234 E214.46219
G1 X97.376 Y114.668 E215.15963
G1 X96.792 Y114.619 E215.18887
G1 X96.47 Y114.618 E215.20493
G1 X96.076 Y114.643 E215.22463
G1 X95.65 Y114.701 E215.24608
G1 X95.181 Y114.811 E215.27011
G1 X92.574 Y115.6 E215.406
G1 X91.145 Y116.058 E215.48087
G1 X90.783 Y116.117 E215.49916
G1 X90.156 Y116.086 E215.53048
G1 X89.786 Y115.986 E215.54961
G1 X89.314 Y115.743 E215.57609
G1 X88.95 Y115.451 E215.59937
G1 X88.792 Y115.257 E215.61185
G1 X88.494 Y114.676 E215.64443
G1 X88.401 Y113.976 E215.67966
G1 X88.325 Y113.62 E215.69782
G1 X88.209 Y113.222 E215.71851
G1 X88.03 Y112.729 E215.74467
G1 X87.836 Y112.425 E215.76266
G1 X87.625 Y112.177 E215.77891
G1 X87.291 Y111.827 E215.80305
G1 X86.909 Y111.739 E215.8226
G1 X86.658 Y111.703 E215.83525
G1 X86.083 Y111.656 E215.86404
G1 X85.683 Y111.648 E215.884
G1 X85.336 Y111.779 E215.9025
G1 X85.098 Y111.989 E215.91834
G1 X84.724 Y112.383 E215.94544
G1 X82.404 Y115.048 E216.12172
G1 X81.692 Y115.819 E216.17408
G1 X80.958 Y116.564 E216.22625
G1 X80.233 Y117.243 E216.27581
G1 X79.519 Y117.873 E216.32332
G1 X78.828 Y118.446 E216.3681
G1 X78.145 Y118.982 E216.41142
G1 X76.928 Y119.874 E216.48669
G1 X75.913 Y120.567 E216.54801
G1 X75.189 Y121.006 E216.59025
G1 X74.258 Y121.526 E216.64345
G1 X72.099 Y122.673 E216.76542
G1 X69.271 Y124.125 E216.92402
G1 X68.83 Y124.252 E216.94692
G1 X68.422 Y124.235 E216.96729
G1 X68.061 Y124.149 E216.98581
G1 X67.718 Y123.932 E217.00606
G1 X67.45 Y123.679 E217.02444
G1 X67.211 Y123.232 E217.04973
G1 X67.141 Y122.703 E217.07635
G1 X67.167 Y122.434 E217.08984
G1 X68.721 Y117.771 E217.33505
G1 X68.905 Y117.449 E217.35356
G1 X69.147 Y117.172 E217.37191
G1 X69.335 Y117.041 E217.38334
G1 X69.748 Y116.858 E217.40588
G1 X70.136 Y116.801 E217.42544
G1 X70.61 Y116.804 E217.44909
G1 X70.653 Y116.459 E217.46643
G1 X70.725 Y116.239 E217.47798
G1 X71.093 Y115.585 E217.51542
G1 X71.861 Y114.843 E217.5687
G1 X72.497 Y114.169 E217.61493
G1 X72.946 Y113.617 E217.65043
G1 X73.251 Y113.205 E217.67601
G1 X73.477 Y112.866 E217.69633
G1 X73.752 Y112.407 E217.72303
G1 X74.345 Y111.491 E217.77747
G1 X74.917 Y110.56 E217.83198
G1 X75.486 Y109.565 E217.88917
G1 X75.984 Y108.601 E217.9433
G1 X76.374 Y107.722 E217.99127
G1 X76.525 Y107.31 E218.01317
G1 X76.623 Y106.987 E218.03001
G1 X76.701 Y106.631 E218.04819
G1 X76.692 Y106.493 E218.05509
G1 X76.481 Y106.12 E218.07647
G1 X75.976 Y105.34 E218.12283
G1 X75.283 Y104.374 E218.18214
G1 X74.585 Y103.456 E218.23967
G1 X73.397 Y102.104 E218.32947
G1 X72.645 Y101.336 E218.38309
G1 X71.31 Y100.148 E218.47225
G1 X70.888 Y99.653 E218.5047
G1 X70.673 Y99.259 E218.52709
G1 X70.589 Y98.925 E218.54427
G1 X70.584 Y98.652 E218.5579
G1 X70.7 Y98.116 E218.58526
G1 X70.891 Y97.709 E218.60769
G1 X71.055 Y97.5 E218.62094
G1 X71.396 Y97.223 E218.64286
G1 X71.952 Y96.943 E218.67392
G1 X72.694 Y96.848 E218.71124
G1 X73.148 Y96.852 E218.73389
G1 X74.021 Y96.931 E218.77762
G1 X75.177 Y97.098 E218.83589
G1 X75.844 Y97.271 E218.87027
G1 X76.212 Y97.393 E218.88961
G1 X76.72 Y97.596 E218.91691
G1 X77.428 Y97.95 E218.9564
G1 X78.068 Y98.3 E218.99279
G1 X79.134 Y98.944 E219.05492
G1 X80.941 Y100.163 E219.16367
G1 X81.659 Y100.703 E219.20849
G1 X82.37 Y101.312 E219.2552
G1 X82.954 Y101.858 E219.29508
G1 X83.482 Y102.005 E219.32243
G1 X83.843 Y102.039 E219.34052
G1 X86.048 Y101.828 E219.45103
G1 X86.026 Y101.61 E219.46196
G1 X86.057 Y101.111 E219.4869
G1 X86.172 Y100.669 E219.50969
G1 X86.438 Y100.258 E219.53411
G1 X86.627 Y100.073 E219.54731
G1 X86.958 Y99.87 E219.56668
G1 X87.227 Y99.783 E219.58079
G1 X87.861 Y99.735 E219.61251
G1 X88.067 Y99.755 E219.62283
G1 X89.508 Y100.156 E219.69746
G1 X90.539 Y100.483 E219.75142
G1 X92.227 Y101.079 E219.84073
G1 X92.851 Y101.044 E219.87191
G1 X96.374 Y100.613 E220.04898
G1 X96.589 Y100.386 E220.06458
G1 X96.668 Y100.215 E220.07398
G1 X96.699 Y99.886 E220.09046
G1 X96.633 Y99.447 E220.11261
G1 X96.496 Y99.004 E220.13575
G1 X96.363 Y98.676 E220.1534
G1 X96.297 Y98.078 E220.18342
G1 X96.328 Y97.809 E220.19693
G1 X96.484 Y97.374 E220.21998
G1 X96.768 Y96.936 E220.24603
G1 X97.105 Y96.656 E220.26789
G1 X97.501 Y96.46 E220.28993
G1 X97.874 Y96.365 E220.30913
G1 X98.494 Y96.341 E220.34009
G1 X99.757 Y96.735 E220.4061
G1 X101.11 Y97.216 E220.47774
G1 X102.579 Y97.808 E220.55675
G1 X103.253 Y98.116 E220.59372
G1 X103.893 Y98.453 E220.62981
G1 X105.47 Y99.416 E220.72199
G1 X105.662 Y99.463 E220.73186
G1 X108.436 Y99.126 E220.87127
G1 X114.02 Y98.306 E221.15284
G1 X113.973 Y98.089 E221.16392
G1 X113.98 Y97.803 E221.17819
G1 X114.141 Y97.216 E221.20856
G1 X114.325 Y96.207 E221.25973
G1 X114.451 Y95.244 E221.30818
G1 X114.541 Y94.306 E221.3552
G1 X114.581 Y93.089 E221.41595
G1 X114.575 Y91.685 E221.48599
G1 X114.534 Y89.814 E221.57936
G1 X114.633 Y89.368 E221.60215
G1 X114.789 Y88.985 E221.62278
G1 X115.092 Y88.562 E221.64874
G1 X115.409 Y88.278 E221.66998
G1 X115.641 Y88.149 E221.68322
G1 X116.06 Y88.026 E221.70501
G1 X116.545 Y87.997 E221.72925
G1 X116.763 Y88.024 E221.7402
G1 X117.313 Y88.199 E221.769
G1 X117.95 Y88.61 E221.80682
G1 X118.337 Y88.91 E221.83125
G1 X118.8 Y89.313 E221.86187
G1 X119.296 Y89.778 E221.89579
G1 X120.38 Y90.873 E221.97266
G1 X121.644 Y92.248 E222.06584
G1 X122.174 Y92.882 E222.10707
G1 X122.734 Y93.642 E222.15417
G1 X123.196 Y94.338 E222.19585
G1 X123.611 Y95.026 E222.23593
G1 X124.231 Y96.172 E222.30094
G1 X124.454 Y96.635 E222.32658
G1 X125.269 Y96.605 E222.36726
G1 X125.792 Y96.737 E222.39418
G1 X125.996 Y96.833 E222.40542
G1 X126.345 Y97.085 E222.4269
G1 X126.502 Y97.252 E222.43834
G1 X126.789 Y97.71 E222.4653
G1 X126.891 Y98.116 E222.48619
G1 X126.929 Y98.559 E222.50837
G1 X126.87 Y98.96 E222.52859
G1 X125.549 Y102.368 E222.71094
G1 X125.227 Y102.917 E222.74269
G1 X124.768 Y103.297 E222.77242
G1 X124.317 Y103.523 E222.79759
G1 X124.1 Y103.585 E222.80885
G1 X122.805 Y103.696 E222.87369
G1 X89.208 Y106.922 E224.55757
G1 X102.967 Y110.361 E225.26512
G1 X120.336 Y114.893 E226.16068
G1 X120.744 Y114.852 E226.18113
G1 X121.027 Y114.631 E226.19905
G1 X121.209 Y114.407 E226.21345
G1 X121.355 Y114.185 E226.2267
G1 X123.33 Y110.668 E226.42794
G0 F6000 X124.376 Y111.256
G1 F1200 X131.225 Y98.82 E227.13625
G1 X131.419 Y98.601 E227.15084
G1 X131.77 Y98.359 E227.17211
G1 X132.25 Y98.218 E227.19707
G1 X132.58 Y98.216 E227.21354
G1 X133.872 Y98.405 E227.27868
G1 X136.089 Y98.792 E227.39096
G1 X138.477 Y99.244 E227.51221
G1 X140.274 Y99.625 E227.60386
G1 X140.92 Y99.797 E227.63721
G1 X141.592 Y100.002 E227.67226
G1 X142.889 Y100.45 E227.74072
G1 X144.002 Y100.876 E227.80018
G1 X144.77 Y101.193 E227.84163
G1 X145.248 Y101.415 E227.86792
G1 X145.622 Y101.612 E227.88901
G1 X145.944 Y101.806 E227.90777
G1 X146.051 Y101.916 E227.91542
G1 X146.089 Y102.065 E227.92309
G1 X146.018 Y102.257 E227.93331
G1 X144.618 Y103.907 E228.04126
G1 X144.492 Y103.995 E228.04893
G1 X144.306 Y104.001 E228.05822
G1 X141.94 Y103.318 E228.18108
G1 X140.804 Y105.454 E228.30178
G1 X140.699 Y105.567 E228.30947
G1 X140.553 Y105.613 E228.31711
G1 X140.41 Y105.584 E228.32439
G1 X138.33 Y104.589 E228.43942
G1 X136.894 Y106.474 E228.55764
G1 X136.772 Y106.568 E228.56533
G1 X136.62 Y106.59 E228.57299
G1 X136.474 Y106.531 E228.58085
G1 X134.523 Y105.053 E228.70296
G1 X125.794 Y119.672 E229.55243
G1 X125.418 Y120.274 E229.58784
G1 X124.437 Y121.742 E229.67593
G1 X123.757 Y122.687 E229.73401
G1 X122.975 Y123.703 E229.79797
G1 X122.114 Y124.735 E229.86503
G1 X121.198 Y125.729 E229.93246
G1 X120.248 Y126.647 E229.99837
G1 X119.309 Y127.468 E230.0606
G1 X118.433 Y128.177 E230.11682
G1 X117.634 Y128.775 E230.16661
G1 X116.441 Y129.592 E230.23875
G1 X115.969 Y129.883 E230.26642
G1 X115.101 Y130.294 E230.31433
G1 X114.573 Y130.501 E230.34262
G1 X114.082 Y130.653 E230.36827
G1 X113.641 Y130.755 E230.39085
G1 X113.284 Y130.81 E230.40887
G1 X113.091 Y130.774 E230.41867
G1 X112.853 Y130.595 E230.43352
G1 X112.81 Y130.434 E230.44184
G1 X112.842 Y130.101 E230.45853
G1 X113.923 Y127.703 E230.58976
G1 X114.263 Y126.897 E230.6334
G1 X114.869 Y125.391 E230.71439
G1 X115.023 Y124.926 E230.73883
G1 X115.161 Y124.43 E230.76451
G1 X115.29 Y123.846 E230.79435
G1 X115.391 Y123.225 E230.82574
G1 X115.461 Y122.505 E230.86183
G1 X115.479 Y121.788 E230.89761
G1 X115.438 Y121.037 E230.93514
G1 X115.394 Y120.681 E230.95303
G1 X115.339 Y120.372 E230.96869
G1 X115.25 Y120 E230.98777
G1 X115.151 Y119.679 E231.00453
G1 X115.029 Y119.374 E231.02092
G1 X114.891 Y119.1 E231.03623
G1 X114.729 Y118.843 E231.05138
G1 X114.561 Y118.631 E231.06488
G1 X114.354 Y118.432 E231.0792
G1 X114.123 Y118.264 E231.09345
G1 X113.585 Y117.962 E231.12424
G1 X113.033 Y117.703 E231.15466
G1 X112.497 Y117.485 E231.18352
G1 X112.009 Y117.314 E231.20932
G1 X111.209 Y117.077 E231.25095
G1 X97.578 Y113.48 E231.95428
G1 X96.846 Y113.419 E231.99093
G1 X96.425 Y113.418 E232.01193
G1 X95.95 Y113.449 E232.03568
G1 X95.448 Y113.517 E232.06095
G1 X94.869 Y113.652 E232.09061
G1 X92.226 Y114.452 E232.22838
G1 X90.779 Y114.916 E232.30419
G1 X90.279 Y114.891 E232.32917
G1 X89.92 Y114.706 E232.34932
G1 X89.803 Y114.598 E232.35726
G1 X89.656 Y114.312 E232.37331
G1 X89.585 Y113.777 E232.40023
G1 X89.493 Y113.341 E232.42246
G1 X89.348 Y112.842 E232.44839
G1 X89.162 Y112.331 E232.47552
G1 X89.035 Y112.073 E232.48986
G1 X88.875 Y111.821 E232.50476
G1 X88.697 Y111.585 E232.5195
G1 X88.499 Y111.353 E232.53472
G1 X88.033 Y110.866 E232.56835
G1 X87.527 Y110.65 E232.5958
G1 X87.118 Y110.557 E232.61672
G1 X86.799 Y110.511 E232.6328
G1 X86.142 Y110.456 E232.6657
G1 X85.842 Y110.451 E232.68066
G1 X85.577 Y110.467 E232.69391
G1 X85.313 Y110.51 E232.70725
G1 X85.053 Y110.588 E232.7208
G1 X84.819 Y110.696 E232.73365
G1 X84.565 Y110.858 E232.74868
G1 X84.266 Y111.123 E232.76862
G1 X83.854 Y111.557 E232.79847
G1 X81.522 Y114.234 E232.9756
G1 X80.837 Y114.977 E233.02601
G1 X80.137 Y115.688 E233.07579
G1 X79.439 Y116.343 E233.12355
G1 X78.753 Y116.949 E233.16921
G1 X78.087 Y117.502 E233.2124
G1 X77.435 Y118.014 E233.25376
G1 X76.252 Y118.882 E233.32696
G1 X75.237 Y119.575 E233.38828
G1 X74.604 Y119.958 E233.42519
G1 X73.694 Y120.466 E233.47719
G1 X71.551 Y121.605 E233.59826
G1 X68.776 Y123.03 E233.7539
G1 X68.626 Y123.063 E233.76156
G1 X68.479 Y123.017 E233.76924
G1 X68.375 Y122.905 E233.77687
G1 X68.333 Y122.731 E233.7858
G1 X69.841 Y118.206 E234.02376
G1 X69.926 Y118.078 E234.03142
G1 X70.128 Y118.001 E234.04221
G1 X71.823 Y118.013 E234.12677
G1 X71.904 Y117.962 E234.13155
G1 X71.79 Y116.908 E234.18444
G1 X71.826 Y116.729 E234.19355
G1 X72.051 Y116.329 E234.21645
G1 X72.695 Y115.707 E234.26112
G1 X73.403 Y114.957 E234.31257
G1 X73.901 Y114.344 E234.35197
G1 X74.215 Y113.921 E234.37826
G1 X74.493 Y113.506 E234.40318
G1 X74.76 Y113.059 E234.42915
G1 X75.353 Y112.143 E234.48359
G1 X75.958 Y111.157 E234.54131
G1 X76.538 Y110.143 E234.59959
G1 X77.06 Y109.135 E234.65622
G1 X77.492 Y108.161 E234.70938
G1 X77.659 Y107.704 E234.73365
G1 X77.783 Y107.297 E234.75488
G1 X77.865 Y106.921 E234.77408
G1 X77.901 Y106.597 E234.79034
G1 X77.878 Y106.223 E234.80904
G1 X77.699 Y105.838 E234.83022
G1 X77.499 Y105.484 E234.8505
G1 X76.957 Y104.647 E234.90025
G1 X76.259 Y103.674 E234.95999
G1 X75.515 Y102.696 E235.0213
G1 X74.275 Y101.284 E235.11505
G1 X73.478 Y100.47 E235.17189
G1 X72.164 Y99.309 E235.25937
G1 X71.846 Y98.927 E235.28417
G1 X71.782 Y98.788 E235.2918
G1 X71.858 Y98.436 E235.30977
G1 X71.994 Y98.265 E235.32067
G1 X72.312 Y98.105 E235.33843
G1 X72.691 Y98.048 E235.35755
G1 X73.04 Y98.048 E235.37496
G1 X73.913 Y98.127 E235.41869
G1 X74.878 Y98.26 E235.46729
G1 X75.466 Y98.411 E235.49758
G1 X75.834 Y98.533 E235.51692
G1 X76.228 Y98.69 E235.53808
G1 X76.852 Y99.002 E235.57289
G1 X77.448 Y99.328 E235.60678
G1 X78.514 Y99.972 E235.66891
G1 X80.219 Y101.123 E235.77154
G1 X80.937 Y101.663 E235.81637
G1 X81.55 Y102.188 E235.85663
G1 X82.123 Y102.724 E235.89578
G1 X82.501 Y102.969 E235.91825
G1 X82.932 Y103.114 E235.94094
G1 X83.293 Y103.192 E235.95936
G1 X83.843 Y103.244 E235.98692
G1 X87.469 Y102.896 E236.16866
G1 X87.671 Y102.787 E236.18011
G1 X87.653 Y102.617 E236.18864
G1 X87.224 Y101.684 E236.23987
G1 X87.251 Y101.244 E236.26186
G1 X87.299 Y101.098 E236.26953
G1 X87.441 Y100.97 E236.27907
G1 X87.846 Y100.939 E236.29933
G1 X89.146 Y101.3 E236.36664
G1 X90.139 Y101.615 E236.41862
G1 X91.712 Y102.171 E236.50185
G1 X92.134 Y102.287 E236.52369
G1 X92.973 Y102.238 E236.56562
G1 X96.858 Y101.763 E236.76088
G1 X97.298 Y101.409 E236.78906
G1 X97.598 Y101.05 E236.8124
G1 X97.724 Y100.824 E236.82531
G1 X97.822 Y100.566 E236.83908
G1 X97.892 Y100.207 E236.85733
G1 X97.901 Y99.844 E236.87544
G1 X97.862 Y99.481 E236.89366
G1 X97.802 Y99.173 E236.90931
G1 X97.715 Y98.857 E236.92566
G1 X97.629 Y98.606 E236.9389
G1 X97.507 Y98.303 E236.9552
G1 X97.503 Y98.09 E236.96582
G1 X97.591 Y97.845 E236.97881
G1 X97.7 Y97.701 E236.98782
G1 X97.979 Y97.563 E237.00335
G1 X98.337 Y97.549 E237.02123
G1 X99.355 Y97.865 E237.0744
G1 X100.662 Y98.33 E237.14361
G1 X102.081 Y98.9 E237.21991
G1 X102.726 Y99.194 E237.25527
G1 X103.267 Y99.477 E237.28573
G1 X104.974 Y100.52 E237.38553
G1 X105.247 Y100.621 E237.40006
G1 X105.619 Y100.678 E237.41883
G1 X108.596 Y100.316 E237.56845
G1 X118.257 Y98.897 E238.05561
G1 X118.475 Y98.734 E238.06919
G1 X118.337 Y98.653 E238.07717
G1 X115.882 Y98.604 E238.19968
G1 X115.558 Y98.506 E238.21657
G1 X115.419 Y98.405 E238.22514
G1 X115.245 Y98.177 E238.23945
G1 X115.171 Y97.999 E238.24906
G1 X115.31 Y97.494 E238.2752
G1 X115.513 Y96.377 E238.33184
G1 X115.641 Y95.4 E238.38099
G1 X115.74 Y94.374 E238.43242
G1 X115.781 Y93.129 E238.49457
G1 X115.775 Y91.68 E238.56686
G1 X115.738 Y89.931 E238.65414
G1 X115.805 Y89.626 E238.66972
G1 X116.026 Y89.318 E238.68863
G1 X116.2 Y89.22 E238.69859
G1 X116.505 Y89.202 E238.71383
G1 X116.801 Y89.296 E238.72933
G1 X117.215 Y89.559 E238.7538
G1 X117.575 Y89.837 E238.77649
G1 X117.981 Y90.19 E238.80333
G1 X118.444 Y90.622 E238.83492
G1 X119.497 Y91.686 E238.90961
G1 X120.724 Y93.018 E238.99996
G1 X121.254 Y93.652 E239.04119
G1 X121.735 Y94.306 E239.08169
G1 X122.169 Y94.958 E239.12076
G1 X122.556 Y95.598 E239.15808
G1 X123.149 Y96.692 E239.22016
G1 X123.576 Y97.581 E239.26936
G1 X123.717 Y97.782 E239.28161
G1 X123.929 Y97.849 E239.2927
G1 X124.186 Y97.85 E239.30553
G1 X125.231 Y97.807 E239.35771
G1 X125.442 Y97.883 E239.3689
G1 X125.595 Y98.019 E239.37911
G1 X125.695 Y98.218 E239.39022
G1 X125.727 Y98.592 E239.40895
G1 X124.467 Y101.84 E239.58276
G1 X124.299 Y102.127 E239.59935
G1 X124.054 Y102.33 E239.61522
G1 X123.888 Y102.398 E239.62417
G1 X122.701 Y102.502 E239.68362
G1 X88.259 Y105.808 E241.40983
G1 X88.023 Y105.898 E241.42243
G1 X87.75 Y106.091 E241.43911
G1 X87.532 Y106.458 E241.46041
G1 X87.471 Y106.748 E241.4752
G1 X87.487 Y107.158 E241.49567
G1 X87.655 Y107.507 E241.51499
G1 X87.864 Y107.712 E241.5296
G1 X88.166 Y107.898 E241.54729
G1 X102.665 Y111.523 E242.29291
G1 X120.178 Y116.093 E243.1959
G1 X120.579 Y116.094 E243.21591
G1 X121.035 Y116.015 E243.23899
G1 X121.445 Y115.827 E243.2615
G1 X121.759 Y115.583 E243.28134
G1 X121.963 Y115.382 E243.29562
G1 X122.181 Y115.114 E243.31286
G1 X122.378 Y114.814 E243.33076
G1 X124.376 Y111.256 E243.53435
G1 F3600 E239.53435
G0 F6000 X124.059 Y111.078
G0 X130.948 Y98.568
G0 X131.206 Y98.296
G0 X131.618 Y98.024
G0 X132.192 Y97.856
G0 X132.58 Y97.848
G0 X138.545 Y98.885
G0 X141.013 Y99.445
G0 X144.133 Y100.536
G0 X145.792 Y101.289
G0 X147.471 Y102.222
G0 X149.454 Y103.488
G0 X150.706 Y104.465
G0 X151.412 Y105.2
G0 X151.896 Y105.954
G0 X152.027 Y106.296
G0 X152.143 Y106.895
G0 X151.969 Y107.87
G0 X151.742 Y108.409
G0 X151.053 Y109.314
G0 X149.559 Y110.762
G0 X146.677 Y112.994
G0 X144.893 Y114.146
G0 X142.864 Y115.217
G0 X138.439 Y117.17
G0 X134.129 Y118.78
G0 X129.929 Y120.084
G0 X128.184 Y120.461
G0 X127.116 Y120.566
G0 X126.564 Y120.078
G0 X126.297 Y119.484
G0 X127.48 Y117.421
G1 F3600 E243.53435
G1 F1200 X132.573 Y108.772 E244.0351
G1 X134.442 Y105.751 E244.21233
G1 X134.553 Y105.646 E244.21995
G1 X134.703 Y105.609 E244.22766
G1 X134.877 Y105.669 E244.23685
G1 X136.708 Y107.04 E244.35096
G1 X138.248 Y104.98 E244.47928
G1 X138.368 Y104.885 E244.48692
G1 X138.55 Y104.857 E244.4961
G1 X140.783 Y105.918 E244.61945
G1 X141.963 Y103.819 E244.73958
G1 X142.07 Y103.709 E244.74723
G1 X142.243 Y103.659 E244.75622
G1 X144.543 Y104.31 E244.87547
G1 X146.363 Y102.271 E245.01183
G1 X146.491 Y102.187 E245.01947
G1 X146.676 Y102.175 E245.02872
G1 X147.285 Y102.536 E245.06404
G1 X148.513 Y103.291 E245.13596
G1 X149.249 Y103.789 E245.18029
G1 X149.988 Y104.338 E245.22622
G1 X150.469 Y104.742 E245.25756
G1 X150.833 Y105.094 E245.28282
G1 X151.121 Y105.419 E245.30449
G1 X151.33 Y105.697 E245.32184
G1 X151.572 Y106.128 E245.3465
G1 X151.665 Y106.37 E245.35943
G1 X151.776 Y106.91 E245.38694
G1 X151.713 Y107.412 E245.41218
G1 X151.617 Y107.771 E245.43072
G1 X151.438 Y108.198 E245.45382
G1 X151.142 Y108.624 E245.4797
G1 X150.771 Y109.081 E245.50906
G1 X150.335 Y109.547 E245.5409
G1 X149.847 Y110.017 E245.5747
G1 X149.317 Y110.489 E245.61011
G1 X148.751 Y110.962 E245.64691
G1 X147.604 Y111.864 E245.71971
G1 X146.463 Y112.699 E245.79025
G1 X145.312 Y113.465 E245.85923
G1 X144.705 Y113.834 E245.89467
G1 X144.075 Y114.19 E245.93077
G1 X143.411 Y114.542 E245.96826
G1 X142.704 Y114.889 E246.00755
G1 X141.253 Y115.563 E246.08737
G1 X139.776 Y116.213 E246.16788
G1 X138.3 Y116.832 E246.24773
G1 X136.842 Y117.411 E246.326
G1 X135.417 Y117.943 E246.40189
G1 X134.01 Y118.436 E246.47627
G1 X132.592 Y118.903 E246.55075
G1 X131.134 Y119.355 E246.6269
G1 X129.829 Y119.733 E246.69469
G1 X128.843 Y119.979 E246.74539
G1 X128.154 Y120.097 E246.78026
G1 X127.824 Y120.119 E246.79676
G1 X127.473 Y120.091 E246.81433
G1 X127.215 Y120.005 E246.8279
G1 X127.039 Y119.995 E246.83669
G1 X126.807 Y119.814 E246.85137
G1 X126.628 Y119.42 E246.87296
G1 X126.613 Y119.211 E246.88341
G1 X126.762 Y118.719 E246.90906
G1 X126.9 Y118.426 E246.92522
G1 X127.48 Y117.421 E246.98311
G1 F3600 E242.98311
G0 F6000 X126.26 Y120.059
G1 F3600 E246.98311
G1 F1200 X125.917 Y120.607 E247.01536
G1 X124.924 Y122.092 E247.10449
G1 X124.232 Y123.053 E247.16357
G1 X123.436 Y124.087 E247.22867
G1 X122.555 Y125.142 E247.29724
G1 X121.639 Y126.136 E247.36468
G1 X120.643 Y127.099 E247.4338
G1 X119.704 Y127.92 E247.49603
G1 X118.793 Y128.657 E247.55449
G1 X117.973 Y129.27 E247.60557
G1 X116.756 Y130.103 E247.67914
G1 X116.226 Y130.425 E247.71008
G1 X115.32 Y130.853 E247.76007
G1 X114.792 Y131.06 E247.78837
G1 X114.217 Y131.238 E247.8184
G1 X113.732 Y131.348 E247.84321
G1 X113.303 Y131.41 E247.86483
G1 X112.981 Y131.364 E247.88106
G1 X112.73 Y131.254 E247.89473
G1 X112.492 Y131.075 E247.90959
G1 X112.345 Y130.914 E247.92047
G1 X112.201 Y130.506 E247.94205
G1 X112.255 Y129.943 E247.97027
G1 X113.376 Y127.456 E248.10637
G1 X113.71 Y126.664 E248.14925
G1 X114.304 Y125.187 E248.22868
G1 X114.453 Y124.737 E248.25233
G1 X114.578 Y124.285 E248.27572
G1 X114.702 Y123.728 E248.30419
G1 X114.796 Y123.149 E248.33346
G1 X114.861 Y122.474 E248.36729
G1 X114.878 Y121.793 E248.40127
G1 X114.839 Y121.075 E248.43715
G1 X114.803 Y120.786 E248.45168
G1 X114.752 Y120.499 E248.46622
G1 X114.666 Y120.14 E248.48464
G1 X114.586 Y119.882 E248.49811
G1 X114.482 Y119.623 E248.51204
G1 X114.368 Y119.396 E248.52471
G1 X114.117 Y119.037 E248.54656
G1 X113.799 Y118.77 E248.56728
G1 X113.309 Y118.495 E248.59531
G1 X112.797 Y118.255 E248.62352
G1 X112.274 Y118.042 E248.6517
G1 X111.824 Y117.885 E248.67548
G1 X111.056 Y117.657 E248.71544
G1 X97.477 Y114.074 E249.41609
G1 X96.819 Y114.019 E249.44903
G1 X96.448 Y114.018 E249.46754
G1 X96.013 Y114.046 E249.48929
G1 X95.548 Y114.109 E249.5127
G1 X95.027 Y114.231 E249.5394
G1 X92.4 Y115.026 E249.67633
G1 X90.962 Y115.487 E249.75167
G1 X90.749 Y115.515 E249.76238
G1 X90.249 Y115.49 E249.78736
G1 X90.004 Y115.424 E249.80002
G1 X89.645 Y115.239 E249.82017
G1 X89.326 Y114.983 E249.84057
G1 X89.075 Y114.494 E249.868
G1 X88.993 Y113.875 E249.89915
G1 X88.909 Y113.48 E249.9193
G1 X88.779 Y113.034 E249.94247
G1 X88.571 Y112.461 E249.97288
G1 X88.324 Y112.074 E249.99579
G1 X88.059 Y111.762 E250.01621
G1 X87.684 Y111.37 E250.04328
G1 X87.339 Y111.222 E250.06201
G1 X87.012 Y111.148 E250.07873
G1 X86.729 Y111.107 E250.093
G1 X86.112 Y111.056 E250.12389
G1 X85.734 Y111.049 E250.14275
G1 X85.451 Y111.095 E250.15705
G1 X85.021 Y111.256 E250.17996
G1 X84.682 Y111.556 E250.20254
G1 X84.289 Y111.97 E250.23102
G1 X81.963 Y114.641 E250.40772
G1 X81.265 Y115.398 E250.4591
G1 X80.548 Y116.126 E250.51007
G1 X79.836 Y116.793 E250.55875
G1 X79.136 Y117.411 E250.60533
G1 X78.458 Y117.974 E250.6493
G1 X77.79 Y118.498 E250.69166
G1 X76.59 Y119.378 E250.7659
G1 X75.575 Y120.071 E250.82721
G1 X74.896 Y120.482 E250.86681
G1 X73.976 Y120.996 E250.91939
G1 X71.825 Y122.139 E251.04091
G1 X69.05 Y123.564 E251.19654
G1 X68.755 Y123.649 E251.21186
G1 X68.447 Y123.636 E251.22724
G1 X68.3 Y123.59 E251.23493
G1 X68.039 Y123.425 E251.25033
G1 X67.935 Y123.313 E251.25796
G1 X67.792 Y123.046 E251.27307
G1 X67.736 Y122.624 E251.2943
G1 X69.272 Y118.016 E251.53663
G1 X69.426 Y117.746 E251.55214
G1 X69.578 Y117.589 E251.56304
G1 X69.914 Y117.44 E251.58138
G1 X70.132 Y117.401 E251.59243
G1 X71.24 Y117.409 E251.64771
G1 X71.193 Y116.973 E251.66959
G1 X71.248 Y116.533 E251.69171
G1 X71.572 Y115.957 E251.72468
G1 X72.278 Y115.275 E251.77365
G1 X72.95 Y114.563 E251.8225
G1 X73.425 Y113.978 E251.86009
G1 X73.733 Y113.563 E251.88588
G1 X73.981 Y113.192 E251.90814
G1 X74.256 Y112.733 E251.93484
G1 X74.849 Y111.817 E251.98928
G1 X75.438 Y110.858 E252.04543
G1 X76.013 Y109.852 E252.10323
G1 X76.527 Y108.859 E252.15902
G1 X76.93 Y107.95 E252.20863
G1 X77.092 Y107.507 E252.23216
G1 X77.203 Y107.142 E252.25119
G1 X77.305 Y106.676 E252.27499
G1 X77.286 Y106.373 E252.29014
G1 X77.163 Y106.108 E252.30471
G1 X76.991 Y105.804 E252.32214
G1 X76.464 Y104.99 E252.37052
G1 X75.771 Y104.024 E252.42983
G1 X75.05 Y103.076 E252.48925
G1 X73.837 Y101.695 E252.58095
G1 X73.062 Y100.903 E252.63624
G1 X71.767 Y99.759 E252.72244
G1 X71.385 Y99.311 E252.75182
G1 X71.237 Y99.039 E252.76727
G1 X71.171 Y98.778 E252.7807
G1 X71.272 Y98.309 E252.80463
G1 X71.434 Y97.965 E252.8236
G1 X71.724 Y97.729 E252.84226
G1 X72.13 Y97.525 E252.86492
G1 X72.691 Y97.448 E252.89318
G1 X73.094 Y97.45 E252.91328
G1 X73.967 Y97.529 E252.95701
G1 X75.027 Y97.679 E253.01042
G1 X75.655 Y97.841 E253.04278
G1 X76.023 Y97.963 E253.06212
G1 X76.496 Y98.153 E253.08755
G1 X77.14 Y98.476 E253.1235
G1 X77.758 Y98.814 E253.15864
G1 X78.824 Y99.458 E253.22077
G1 X80.58 Y100.643 E253.32646
G1 X81.298 Y101.183 E253.37128
G1 X81.96 Y101.75 E253.41477
G1 X82.496 Y102.252 E253.45141
G1 X82.761 Y102.423 E253.46714
G1 X83.097 Y102.536 E253.48483
G1 X83.385 Y102.598 E253.49953
G1 X83.842 Y102.642 E253.52243
G1 X86.87 Y102.351 E253.67419
G1 X86.679 Y101.935 E253.69703
G1 X86.625 Y101.647 E253.71165
G1 X86.652 Y101.207 E253.73364
G1 X86.729 Y100.911 E253.7489
G1 X86.941 Y100.584 E253.76835
G1 X87.272 Y100.381 E253.78772
G1 X87.906 Y100.333 E253.81944
G1 X89.327 Y100.728 E253.89302
G1 X90.339 Y101.049 E253.94599
G1 X91.89 Y101.597 E254.02806
G1 X92.199 Y101.682 E254.04404
G1 X92.912 Y101.641 E254.07968
G1 X96.617 Y101.188 E254.26589
G1 X96.875 Y100.98 E254.28243
G1 X97.101 Y100.709 E254.30003
G1 X97.243 Y100.401 E254.31695
G1 X97.293 Y100.142 E254.33011
G1 X97.3 Y99.871 E254.34364
G1 X97.267 Y99.567 E254.35889
G1 X97.216 Y99.302 E254.37236
G1 X97.147 Y99.051 E254.38535
G1 X97.064 Y98.809 E254.39811
G1 X96.95 Y98.527 E254.41328
G1 X96.893 Y98.012 E254.43913
G1 X97.026 Y97.642 E254.45875
G1 X97.222 Y97.339 E254.47675
G1 X97.434 Y97.163 E254.4905
G1 X97.713 Y97.025 E254.50603
G1 X97.956 Y96.963 E254.51854
G1 X98.415 Y96.945 E254.54146
G1 X99.556 Y97.3 E254.60107
G1 X100.886 Y97.773 E254.6715
G1 X102.33 Y98.354 E254.74915
G1 X103.004 Y98.662 E254.78612
G1 X103.58 Y98.965 E254.81859
G1 X105.237 Y99.977 E254.91546
G1 X105.627 Y100.072 E254.93549
G1 X108.516 Y99.721 E255.08068
G1 X114.949 Y98.776 E255.40507
G1 X114.768 Y98.541 E255.41987
G1 X114.617 Y98.229 E255.43716
G1 X114.559 Y97.962 E255.45079
G1 X114.724 Y97.362 E255.48184
G1 X114.919 Y96.294 E255.536
G1 X115.046 Y95.322 E255.58491
G1 X115.14 Y94.344 E255.63392
G1 X115.181 Y93.109 E255.69557
G1 X115.175 Y91.682 E255.76677
G1 X115.136 Y89.873 E255.85704
G1 X115.219 Y89.497 E255.87625
G1 X115.318 Y89.276 E255.88833
G1 X115.539 Y88.968 E255.90724
G1 X115.81 Y88.725 E255.9254
G1 X116.165 Y88.621 E255.94386
G1 X116.581 Y88.596 E255.96465
G1 X117.056 Y88.747 E255.98952
G1 X117.582 Y89.084 E256.02068
G1 X117.969 Y89.384 E256.04511
G1 X118.39 Y89.751 E256.07298
G1 X118.87 Y90.2 E256.10577
G1 X119.938 Y91.279 E256.18151
G1 X121.184 Y92.633 E256.27331
G1 X121.714 Y93.267 E256.31454
G1 X122.234 Y93.974 E256.35832
G1 X122.682 Y94.648 E256.3987
G1 X123.083 Y95.312 E256.4374
G1 X123.69 Y96.432 E256.50095
G1 X124.083 Y97.25 E256.54623
G1 X125.206 Y97.208 E256.6023
G1 X125.645 Y97.319 E256.62489
G1 X125.994 Y97.571 E256.64636
G1 X126.231 Y97.949 E256.66862
G1 X126.293 Y98.167 E256.67993
G1 X126.325 Y98.541 E256.69866
G1 X126.286 Y98.809 E256.71217
G1 X125.008 Y102.104 E256.88849
G1 X124.763 Y102.522 E256.91266
G1 X124.437 Y102.792 E256.93378
G1 X124.048 Y102.987 E256.95549
G1 X122.753 Y103.099 E257.02034
G1 X88.4 Y106.397 E258.74209
G1 X88.201 Y106.507 E258.75344
G1 X88.099 Y106.679 E258.76341
G1 X88.082 Y107.01 E258.77995
G1 X88.151 Y107.154 E258.78792
G1 X88.402 Y107.339 E258.80347
G1 X102.816 Y110.942 E259.54472
G1 X120.257 Y115.493 E260.44399
G1 X120.53 Y115.494 E260.45761
G1 X120.856 Y115.437 E260.47412
G1 X121.13 Y115.312 E260.48914
G1 X121.45 Y115.062 E260.5094
G1 X121.694 Y114.762 E260.52869
G1 X121.867 Y114.499 E260.5444
G1 X123.853 Y110.962 E260.74678
G1 X130.731 Y98.473 E261.45809
G1 X131.019 Y98.148 E261.47976
G1 X131.508 Y97.81 E261.50942
G1 X132.165 Y97.617 E261.54358
G1 X132.667 Y97.622 E261.56863
G1 X133.975 Y97.814 E261.63458
G1 X136.201 Y98.202 E261.74731
G1 X138.601 Y98.657 E261.86918
G1 X140.428 Y99.045 E261.96236
G1 X141.095 Y99.223 E261.9968
G1 X141.788 Y99.435 E262.03296
G1 X143.103 Y99.89 E262.10238
G1 X144.231 Y100.321 E262.16263
G1 X145.023 Y100.649 E262.20539
G1 X145.528 Y100.884 E262.23318
G1 X145.932 Y101.098 E262.25599
G1 X146.254 Y101.292 E262.27475
G1 X146.481 Y101.498 E262.29004
G1 X146.529 Y101.583 E262.29491
G1 X146.889 Y101.604 E262.3129
G1 X147.599 Y102.025 E262.35408
G1 X148.849 Y102.794 E262.4273
G1 X149.607 Y103.307 E262.47296
G1 X150.346 Y103.856 E262.51889
G1 X150.886 Y104.311 E262.55412
G1 X151.282 Y104.696 E262.58168
G1 X151.601 Y105.058 E262.60575
G1 X151.853 Y105.403 E262.62706
G1 X152.095 Y105.834 E262.65172
G1 X152.243 Y106.199 E262.67137
G1 X152.384 Y106.887 E262.70641
G1 X152.293 Y107.567 E262.74064
G1 X152.197 Y107.926 E262.75918
G1 X151.967 Y108.488 E262.78947
G1 X151.608 Y109.002 E262.82075
G1 X151.209 Y109.491 E262.85224
G1 X150.751 Y109.979 E262.88563
G1 X150.246 Y110.465 E262.9206
G1 X149.702 Y110.949 E262.95692
G1 X149.122 Y111.434 E262.99464
G1 X147.975 Y112.336 E263.06744
G1 X146.795 Y113.198 E263.14035
G1 X145.624 Y113.978 E263.21054
G1 X145.017 Y114.347 E263.24598
G1 X144.356 Y114.72 E263.28385
G1 X143.675 Y115.081 E263.3223
G1 X142.957 Y115.433 E263.3622
G1 X141.495 Y116.112 E263.44262
G1 X140.008 Y116.766 E263.52366
G1 X138.521 Y117.39 E263.60412
G1 X137.052 Y117.973 E263.68297
G1 X135.615 Y118.509 E263.75948
G1 X134.198 Y119.006 E263.8344
G1 X132.77 Y119.476 E263.9094
G1 X131.301 Y119.931 E263.98613
G1 X129.974 Y120.315 E264.05505
G1 X128.944 Y120.57 E264.10799
G1 X128.194 Y120.696 E264.14593
G1 X127.776 Y120.717 E264.16681
G1 X127.425 Y120.689 E264.18438
G1 X127.101 Y120.599 E264.20115
G1 X127.005 Y120.594 E264.20595
G1 X126.752 Y120.532 E264.21894
G1 X126.438 Y120.287 E264.23881
G1 X126.26 Y120.059 E264.25325
G1 F3600 E260.25325
;MESH:sharkz.stl
G0 F6000 X127.58 Y119.167
G0 X128.586 Y118.803
;TYPE:WALL-INNER
G1 F3600 E264.25325
G1 F1200 X129.541 Y118.563 E264.30237
G1 X130.797 Y118.203 E264.36756
G1 X132.015 Y117.829 E264.43112
G1 X133.788 Y117.244 E264.52427
G1 X135.031 Y116.803 E264.59007
G1 X136.45 Y116.274 E264.66562
G1 X137.998 Y115.659 E264.74873
G1 X139.325 Y115.097 E264.82062
G1 X140.775 Y114.457 E264.8997
G1 X142.204 Y113.794 E264.97829
G1 X142.884 Y113.462 E265.01604
G1 X143.502 Y113.133 E265.05097
G1 X144.123 Y112.782 E265.08656
G1 X144.693 Y112.432 E265.11993
G1 X145.782 Y111.703 E265.18531
G1 X146.916 Y110.877 E265.2553
G1 X148.003 Y110.021 E265.32433
G1 X148.549 Y109.562 E265.35992
G1 X149.023 Y109.14 E265.39158
G1 X149.49 Y108.688 E265.424
G1 X149.873 Y108.279 E265.45196
G1 X150.178 Y107.903 E265.47611
G1 X150.369 Y107.635 E265.49253
G1 X150.482 Y107.367 E265.50704
G1 X150.561 Y106.952 E265.52812
G1 X150.508 Y106.679 E265.54199
G1 X150.296 Y106.303 E265.56353
G1 X149.974 Y105.936 E265.58789
G1 X149.645 Y105.614 E265.61085
G1 X149.248 Y105.285 E265.63658
G1 X148.539 Y104.759 E265.68062
G1 X147.863 Y104.3 E265.72139
G1 X146.764 Y103.624 E265.78576
G1 F1150.2 X145.233 Y105.334 E265.90523
G1 F1063.5 X144.893 Y105.565 E265.92837
G1 F937.5 X144.683 Y105.665 E265.94322
G1 F859.2 X144.398 Y105.64 E265.96316
G1 F997.2 X143.868 Y105.365 E265.999
G1 F1200 X142.662 Y105.024 E266.06153
G1 F1204 X141.618 Y106.874 E266.16715
G1 F1220.3 X141.385 Y107.063 E266.18187
G1 F1214.2 X140.66 Y107.187 E266.21814
G1 F1200 X138.768 Y106.289 E266.32263
G1 X137.436 Y108.066 E266.43342
G1 X137.191 Y108.253 E266.4488
G1 X136.993 Y108.331 E266.45942
G1 X136.695 Y108.358 E266.47434
G1 X136.451 Y108.305 E266.4868
G1 X136.223 Y108.18 E266.49977
G1 X134.944 Y107.219 E266.57959
G1 X133.659 Y109.299 E266.70156
G1 X128.438 Y118.154 E267.21442
G1 X128.011 Y118.902 E267.25739
G1 X128.586 Y118.803 E267.28649
G1 F3600 E263.28649
G0 F6000 X128.705 Y118.566
G0 X133.883 Y109.431
G0 X135.02 Y107.617
G0 X137.314 Y108.483
G0 X138.852 Y106.627
G0 X141.526 Y107.274
G0 X142.793 Y105.34
G0 X143.803 Y105.619
G0 X144.338 Y106.054
G0 X142.179 Y107.432
G0 X139.802 Y110.107
G0 X140.387 Y110.963
G1 F3600 E267.28649
G1 F1200 X140.138 Y110.706 E267.30435
G1 X140.037 Y110.489 E267.31629
G1 X140 Y110.129 E267.33434
G1 X140.071 Y109.857 E267.34837
G1 X140.297 Y109.348 E267.37615
G1 X140.449 Y109.073 E267.39183
G1 X140.733 Y108.649 E267.41729
G1 X141.019 Y108.295 E267.43999
G1 F1208.1 X141.851 Y107.423 E267.49972
G1 F1212.1 X142.338 Y107.117 E267.52813
G1 F1204 X142.77 Y106.899 E267.55219
G1 F1200 X143.397 Y106.708 E267.58489
G1 X143.813 Y106.628 E267.60603
G1 F1137.4 X143.91 Y106.583 E267.61165
G1 F954.9 X144.281 Y106.471 E267.63595
G1 F859.2 X144.646 Y106.494 E267.66144
G1 F937.5 X144.962 Y106.605 E267.68282
G1 F1052.6 X145.018 Y106.634 E267.68641
G1 F1139.2 X145.727 Y106.849 E267.72534
G1 F1200 X146.619 Y107.191 E267.77301
G1 X146.899 Y107.472 E267.7928
G1 X147.008 Y107.696 E267.80522
G1 X147.043 Y108.104 E267.82565
G1 X146.954 Y108.399 E267.84103
G1 X146.57 Y108.961 E267.87499
G1 X145.77 Y109.688 E267.92892
G1 X144.97 Y110.188 E267.97598
G1 X144.219 Y110.582 E268.01829
G1 X143.795 Y110.766 E268.04135
G1 X143.329 Y110.93 E268.066
G1 X142.916 Y111.028 E268.08718
G1 X142.474 Y111.102 E268.10953
G1 X142.002 Y111.14 E268.13316
G1 X141.61 Y111.148 E268.15272
G1 X140.862 Y111.12 E268.19006
G1 X140.602 Y111.071 E268.20326
G1 X140.387 Y110.963 E268.21527
G0 F6000 X140.826 Y110.518
;TYPE:WALL-OUTER
G1 F1200 X140.643 Y110.382 E268.22664
G1 X140.598 Y110.261 E268.23308
G1 X140.621 Y110.099 E268.24125
G1 X140.837 Y109.609 E268.26796
G1 X140.973 Y109.365 E268.2819
G1 X141.201 Y109.024 E268.30236
G1 X141.441 Y108.724 E268.32153
G1 X142.222 Y107.892 E268.37846
G1 X142.584 Y107.665 E268.39978
G1 X143.009 Y107.453 E268.42347
G1 X143.511 Y107.297 E268.4497
G1 X143.96 Y107.212 E268.4725
G1 X144.25 Y107.192 E268.487
G1 X144.553 Y107.206 E268.50213
G1 X144.892 Y107.253 E268.51921
G1 X145.215 Y107.32 E268.53567
G1 X145.54 Y107.419 E268.55262
G1 X146.308 Y107.714 E268.59366
G1 X146.438 Y107.882 E268.60426
G1 X146.423 Y108.107 E268.61551
G1 X146.115 Y108.564 E268.643
G1 X145.417 Y109.203 E268.69022
G1 X144.689 Y109.658 E268.73305
G1 X143.98 Y110.032 E268.77304
G1 X143.566 Y110.211 E268.79554
G1 X143.198 Y110.343 E268.81505
G1 X142.756 Y110.449 E268.83772
G1 X142.356 Y110.512 E268.85793
G1 X141.988 Y110.54 E268.87634
G1 X141.632 Y110.548 E268.8941
G1 X140.826 Y110.518 E268.93434
G1 F3600 E264.93434
G0 F6000 X139.802 Y110.107
G0 X142.662 Y106.661
G0 X143.771 Y106.37
G0 X144.338 Y106.054
G0 X143.803 Y105.619
G0 X142.793 Y105.34
G0 X141.526 Y107.274
G0 X138.852 Y106.627
G0 X136.675 Y108.618
G0 X135.02 Y107.617
G0 X127.901 Y119.113
G0 X127.93 Y119.526
G1 F3600 E268.93434
G1 F1200 X128.71 Y119.39 E268.97384
G1 X129.706 Y119.14 E269.02508
G1 X130.972 Y118.777 E269.09078
G1 X132.203 Y118.399 E269.15503
G1 X133.982 Y117.812 E269.24849
G1 X135.24 Y117.365 E269.31509
G1 X136.672 Y116.832 E269.39133
G1 X138.269 Y116.196 E269.47709
G1 X139.567 Y115.646 E269.54742
G1 X141.027 Y115.001 E269.62705
G1 X142.466 Y114.334 E269.70618
G1 X143.166 Y113.992 E269.74505
G1 X143.796 Y113.656 E269.78067
G1 X144.437 Y113.294 E269.81739
G1 X145.002 Y112.947 E269.85047
G1 X146.135 Y112.189 E269.91848
G1 X147.286 Y111.349 E269.98957
G1 X148.382 Y110.487 E270.05914
G1 X148.931 Y110.025 E270.09494
G1 X149.431 Y109.58 E270.12833
G1 X149.918 Y109.109 E270.16213
G1 X150.325 Y108.674 E270.19185
G1 X150.656 Y108.266 E270.21806
G1 X150.896 Y107.929 E270.2387
G1 X151.051 Y107.562 E270.25858
G1 X151.128 Y107.271 E270.2736
G1 X151.168 Y106.928 E270.29082
G1 X151.078 Y106.469 E270.31416
G1 X150.836 Y106.038 E270.33882
G1 X150.663 Y105.811 E270.35306
G1 X150.41 Y105.523 E270.37219
G1 X150.047 Y105.168 E270.39752
G1 X149.618 Y104.813 E270.4253
G1 X148.886 Y104.269 E270.4708
G1 X148.189 Y103.796 E270.51282
G1 X146.647 Y102.853 E270.603
G1 X144.856 Y104.857 E270.73709
G1 X144.72 Y104.938 E270.74498
G1 X144.605 Y104.95 E270.75075
G1 X142.37 Y104.318 E270.86663
G1 X141.146 Y106.498 E270.99136
G1 X141.069 Y106.562 E270.99636
G1 X140.835 Y106.6 E271.00818
G1 X138.582 Y105.537 E271.13247
G1 X136.981 Y107.668 E271.26545
G1 X136.841 Y107.751 E271.27357
G1 X136.631 Y107.736 E271.28407
G1 X134.779 Y106.345 E271.39963
G1 X133.142 Y108.994 E271.55498
G1 X127.917 Y117.856 E272.06824
G1 X127.345 Y118.86 E272.12588
G1 X127.232 Y119.229 E272.14514
G1 X127.271 Y119.383 E272.15306
G1 X127.564 Y119.496 E272.16873
G1 X127.93 Y119.526 E272.18705
G0 F6000 X127.901 Y119.113
G0 X135.02 Y107.617
G0 X137.314 Y108.483
G0 X138.852 Y106.627
G0 X141.526 Y107.274
G0 X142.793 Y105.34
G0 X143.803 Y105.619
G0 X144.338 Y106.054
G0 X144 Y106.306
G0 X143.203 Y106.215
;TYPE:SKIN
G1 F1278.9 X142.451 Y106.454 E272.22399
G1 X142.913 Y105.636 E272.26797
G1 X143.682 Y105.855 E272.3054
G1 X143.877 Y106.004 E272.31689
G1 X143.671 Y106.122 E272.328
G1 X143.203 Y106.215 E272.35034
G0 F6000 X144 Y106.306
G0 X144.338 Y106.054
G0 X143.803 Y105.619
G0 X142.793 Y105.34
G0 X141.526 Y107.274
G0 X138.852 Y106.627
G0 X136.675 Y108.618
G0 X135.02 Y107.617
G0 X133.883 Y109.431
G0 X128.558 Y118.516
G0 X130.737 Y118.011
G0 X130.638 Y117.683
G1 F1200 X129.388 Y118.045 E272.41527
G1 X129.083 Y118.12 E272.43094
G1 X134.19 Y109.469 E272.93213
G1 X135.095 Y108.006 E273.01796
G1 X135.891 Y108.608 E273.06775
G1 X136.248 Y108.804 E273.08807
G1 X136.653 Y108.892 E273.10874
G1 X137.113 Y108.855 E273.13177
G1 X137.451 Y108.73 E273.14975
G1 X137.831 Y108.435 E273.17375
G1 X138.933 Y106.964 E273.26544
G1 X140.505 Y107.711 E273.35228
G1 X140.867 Y107.671 E273.37045
G1 X140.61 Y107.939 E273.38897
G1 X140.295 Y108.331 E273.41406
G1 X139.987 Y108.788 E273.44155
G1 X139.84 Y109.047 E273.45641
G1 X139.564 Y109.673 E273.49054
G1 X139.461 Y110.071 E273.51105
G1 X139.469 Y110.535 E273.53421
G1 X139.73 Y111.105 E273.56548
G1 X140.075 Y111.408 E273.58839
G1 X140.428 Y111.581 E273.608
G1 X140.802 Y111.652 E273.627
G1 X141.664 Y111.688 E273.67004
G1 X142.023 Y111.68 E273.68795
G1 X142.455 Y111.648 E273.70957
G1 X142.925 Y111.577 E273.73328
G1 F1095.9 X143.994 Y111.33 E273.79322
G1 F1042 X144.45 Y111.106 E273.82241
G1 F1123.2 X145.242 Y110.662 E273.8708
G1 F1208.1 X146.124 Y110.088 E273.92295
G1 F1200 X146.894 Y109.405 E273.9743
G1 F1166.9 X147.062 Y109.197 E273.98802
G1 F1184.2 X147.44 Y108.642 E274.02197
G1 F1196 X147.578 Y108.179 E274.04615
G1 F1200 X147.581 Y107.797 E274.06521
G1 X147.511 Y107.503 E274.08029
G1 X147.299 Y107.065 E274.10457
G1 X146.871 Y106.708 E274.13237
G1 X145.915 Y106.343 E274.18343
G1 X145.443 Y106.201 E274.20802
G1 X145.15 Y106.076 E274.22391
G1 X145.65 Y105.669 E274.25607
G1 X146.864 Y104.32 E274.34662
G1 X147.561 Y104.751 E274.3875
G1 X148.218 Y105.193 E274.42701
G1 X148.922 Y105.716 E274.47076
G1 X149.275 Y106.012 E274.49374
G1 X149.586 Y106.311 E274.51527
G1 X149.853 Y106.618 E274.53556
G1 X150.019 Y106.916 E274.55258
G1 X149.951 Y107.281 E274.57111
G1 X149.736 Y107.586 E274.58972
G1 X149.473 Y107.91 E274.61054
G1 X149.117 Y108.293 E274.63663
G1 X148.668 Y108.726 E274.66775
G1 X148.199 Y109.145 E274.69913
G1 F1194 X147.667 Y109.589 E274.73387
G1 F1172.6 X147.324 Y109.851 E274.75591
G1 F1178.4 X146.502 Y110.528 E274.81001
G1 X145.474 Y111.245 E274.87368
G1 F1118 X144.808 Y111.665 E274.91585
G1 F1045 X144.297 Y111.973 E274.95003
G1 F1095.9 X143.805 Y112.339 E274.98353
G1 F1200 X143.25 Y112.653 E275.01534
G1 X142.65 Y112.971 E275.04922
G1 X141.969 Y113.302 E275.087
G1 X140.559 Y113.958 E275.16458
G1 X139.219 Y114.558 E275.23783
G1 X137.89 Y115.117 E275.30976
G1 X136.21 Y115.786 E275.39998
G1 X134.62 Y116.378 E275.48462
G1 X133.698 Y116.702 E275.53338
G1 X131.853 Y117.31 E275.6303
G1 X130.638 Y117.683 E275.69371
G0 F6000 X129.956 Y117.228
G1 F1200 X130.219 Y117.491 E275.71226
G0 F6000 X130.873 Y117.296
G1 F1200 X130.272 Y116.695 E275.75467
G0 F6000 X130.586 Y116.161
G1 F1200 X131.522 Y117.097 E275.82071
G0 F6000 X132.165 Y116.891
G1 F1200 X130.902 Y115.628 E275.90982
G0 F6000 X131.216 Y115.094
G1 F1200 X132.802 Y116.68 E276.02172
G0 F6000 X133.441 Y116.47
G1 F1200 X131.532 Y114.561 E276.15641
G0 F6000 X131.846 Y114.027
G1 F1200 X134.071 Y116.252 E276.31339
G0 F6000 X134.696 Y116.028
G1 F1200 X132.162 Y113.494 E276.49218
G0 F6000 X132.476 Y112.96
G1 F1200 X135.315 Y115.799 E276.69249
G0 F6000 X135.933 Y115.568
G1 F1200 X132.792 Y112.427 E276.9141
G0 F6000 X133.106 Y111.893
G1 F1200 X136.543 Y115.33 E277.1566
G0 F6000 X137.15 Y115.088
G1 F1200 X133.422 Y111.36 E277.41963
G0 F6000 X133.737 Y110.826
G1 F1200 X137.756 Y114.846 E277.70323
G0 F6000 X138.354 Y114.595
G1 F1200 X134.052 Y110.293 E278.00676
G0 F6000 X134.367 Y109.759
G1 F1200 X138.951 Y114.343 E278.33018
G0 F6000 X139.54 Y114.085
G1 F1200 X134.689 Y109.233 E278.67248
G0 F6000 X135.013 Y108.708
G1 F1200 X140.127 Y113.822 E279.0333
G0 F6000 X140.709 Y113.556
G1 F1200 X136.275 Y109.122 E279.34615
G0 F6000 X137.153 Y109.152
G1 F1200 X141.288 Y113.287 E279.63789
G0 F6000 X141.867 Y113.017
G1 F1200 X140.801 Y111.951 E279.71311
G0 F6000 X141.686 Y111.987
G1 F1200 X142.438 Y112.74 E279.7662
G0 F6000 X142.995 Y112.448
G1 F1200 X142.492 Y111.945 E279.80169
G0 F6000 X143.213 Y111.818
G1 F1200 X143.539 Y112.144 E279.82469
G1 F3600 E275.82469
G0 F6000 X143.854 Y112.704
G0 X146.754 Y110.672
G0 X148.859 Y108.937
G0 X149.97 Y107.745
G0 X150.235 Y107.281
G0 X150.297 Y106.964
G0 X150.083 Y106.455
G0 X149.087 Y105.49
G0 X147.721 Y104.519
G0 X146.815 Y103.972
G0 X144.661 Y106.081
G0 X147.301 Y108.14
G0 X143.396 Y111.182
G0 X140.142 Y110.818
G0 X139.802 Y110.107
G0 X139.166 Y110.316
G1 F3600 E279.82469
G1 F1200 X137.735 Y108.885 E279.92565
G0 F6000 X138.174 Y108.476
G1 F1200 X139.28 Y109.582 E280.00369
G0 F6000 X139.538 Y108.991
G1 F1200 X138.538 Y107.991 E280.07424
G0 F6000 X138.901 Y107.506
G1 F1200 X139.85 Y108.455 E280.1412
G0 F6000 X140.207 Y107.963
G1 F1200 X140.091 Y107.847 E280.14938
G0 F6000 X140.713 Y108.355
G0 X142.384 Y106.762
G0 X144.971 Y106.351
G0 X145.817 Y105.936
G1 F1200 X145.909 Y106.029 E280.15591
G0 F6000 X146.218 Y105.488
G1 F1200 X148.857 Y108.127 E280.34211
G0 F6000 X149.266 Y107.688
G1 F1200 X146.619 Y105.041 E280.52887
G0 F6000 X147.494 Y105.068
G1 F1200 X149.629 Y107.202 E280.67947
G0 F6000 X150.226 Y107.455
G0 X148.85 Y109.024
G0 X148.423 Y108.542
G1 F1200 X147.879 Y107.998 E280.71785
G0 F6000 X147.734 Y108.701
G1 F1200 X147.974 Y108.942 E280.73482
G0 F6000 X147.51 Y109.326
G1 F1200 X147.408 Y109.225 E280.74198
G1 F3600 E276.74198
G0 F6000 X147.918 Y109.83
G0 X144.548 Y112.215
G0 X142.761 Y113.233
G0 X139.203 Y114.866
G0 X134.94 Y116.559
G0 X130.72 Y117.954
G0 X128.558 Y118.516
G0 X128.276 Y117.883
G0 X126.444 Y116.788
G0 X121.841 Y122.779
G0 X120.162 Y124.695
G0 X118.377 Y126.339
G0 X116.784 Y127.582
G0 X115.66 Y128.357
G0 X115.125 Y128.654
G0 X116.896 Y120.959
G0 X115.239 Y117.747
G0 X110.134 Y115.139
G0 X110.046 Y115.472
;TYPE:WALL-INNER
G1 F3600 E280.74198
G1 F1025.6 X111.564 Y115.872 E280.83361
G1 F1002.8 X112.393 Y116.111 E280.88512
G1 F975.6 X112.973 Y116.301 E280.92257
G1 F935.1 X113.529 Y116.506 E280.96051
G1 F1036 X114.1 Y116.875 E280.9998
G1 F1200 X114.724 Y117.222 E281.03542
G1 X115.127 Y117.505 E281.05999
G1 X115.472 Y117.853 E281.08444
G1 X115.737 Y118.19 E281.10583
G1 X115.909 Y118.462 E281.12188
G1 X116.144 Y118.928 E281.14792
G1 X116.29 Y119.311 E281.16837
G1 X116.416 Y119.715 E281.18948
G1 X116.51 Y120.114 E281.20994
G1 X116.583 Y120.513 E281.23017
G1 X116.635 Y120.972 E281.25322
G1 X116.676 Y121.792 E281.29418
G1 X116.656 Y122.618 E281.3354
G1 X116.577 Y123.395 E281.37437
G1 X116.459 Y124.121 E281.41106
G1 X116.331 Y124.693 E281.4403
G1 X116.163 Y125.291 E281.47129
G1 X115.984 Y125.828 E281.49953
G1 X115.37 Y127.359 E281.58183
G1 X115.021 Y128.183 E281.62647
G1 X114.553 Y129.217 E281.6831
G1 X115.413 Y128.815 E281.73046
G1 X115.809 Y128.571 E281.75367
G1 X116.94 Y127.791 E281.82221
G1 X117.726 Y127.206 E281.87109
G1 X118.53 Y126.552 E281.9228
G1 X119.43 Y125.761 E281.98258
G1 X120.348 Y124.878 E282.04612
G1 X121.222 Y123.93 E282.11045
G1 X122.044 Y122.942 E282.17457
G1 X122.814 Y121.937 E282.23774
G1 X123.481 Y121.01 E282.29471
G1 X124.431 Y119.586 E282.38012
G1 X124.821 Y118.957 E282.41704
G1 X133.663 Y104.15 E283.27745
G1 X133.877 Y103.906 E283.29364
G1 X134.143 Y103.76 E283.30878
G1 X134.368 Y103.714 E283.32024
G1 X134.593 Y103.725 E283.33148
G1 X134.937 Y103.864 E283.34999
G1 X136.479 Y105.032 E283.4465
G1 X137.59 Y103.585 E283.53751
G1 X137.818 Y103.414 E283.55173
G1 X138.123 Y103.318 E283.56768
G1 X138.483 Y103.334 E283.58566
G1 X140.149 Y104.128 E283.67774
G1 X141.048 Y102.438 E283.77324
G1 X141.332 Y102.187 E283.79215
G1 F1172.6 X141.932 Y102.061 E283.82345
G1 F1161.3 X142.29 Y102.165 E283.84267
G1 F1258.7 X144.086 Y102.725 E283.93214
G1 F1353.4 X144.43 Y102.321 E283.95562
G1 X144.097 Y102.177 E283.97166
G1 F1313.9 X143.549 Y101.967 E283.99841
G1 F1224.5 X142.474 Y101.583 E284.05422
G1 F1161.3 X142.083 Y101.455 E284.07543
G1 F1172.6 X141.211 Y101.141 E284.12275
G1 F1200 X140.592 Y100.95 E284.15506
G1 X139.992 Y100.792 E284.18602
G1 X138.23 Y100.419 E284.27587
G1 X136.062 Y100.008 E284.38596
G1 X133.669 Y99.585 E284.5072
G1 X132.45 Y99.409 E284.56865
G1 X132.22 Y99.497 E284.58093
G1 X125.422 Y111.841 E285.28399
G1 X123.41 Y115.426 E285.48909
G1 X123.167 Y115.794 E285.51109
G1 X122.871 Y116.165 E285.53477
G1 X122.584 Y116.45 E285.55495
G1 X122.246 Y116.721 E285.57656
G1 X121.912 Y116.929 E285.59619
G1 X121.399 Y117.171 E285.62449
G1 X120.68 Y117.293 E285.66087
G1 X120.168 Y117.288 E285.68642
G1 X119.835 Y117.237 E285.70323
G1 X114.471 Y115.841 E285.97975
G1 F1036 X113.778 Y115.759 E286.02008
G1 F952.4 X112.542 Y115.401 E286.10097
G1 F1005.6 X107.447 Y114.066 E286.41454
G1 F1027.1 X102.352 Y112.73 E286.72156
G1 F1058.8 X98.014 Y111.63 E286.97461
G1 F1025.6 X97.044 Y111.425 E287.03248
G1 F1077.8 X96.455 Y111.207 E287.06736
G1 F1200 X89.284 Y109.416 E287.43611
G1 F1285.7 X88.075 Y109.07 E287.49467
G1 F1368.8 X87.67 Y108.963 E287.51299
G1 F1269.8 X87.126 Y108.671 E287.5421
G1 F1200 X86.665 Y108.217 E287.57438
G1 X86.353 Y107.57 E287.61022
G1 X86.295 Y107.346 E287.62176
G1 X86.263 Y106.647 E287.65667
G1 X86.363 Y106.168 E287.68108
G1 X86.471 Y105.889 E287.69601
G1 X86.751 Y105.421 E287.72322
G1 X87.002 Y105.15 E287.74165
G1 F1198 X87.462 Y104.823 E287.76985
G1 F1186.2 X88.001 Y104.612 E287.79906
G1 F1180.3 X88.472 Y104.577 E287.82302
G1 F1192.1 X91.209 Y104.318 E287.96109
G1 F1180.3 X91.791 Y104.252 E287.9908
G1 F1118 X92.204 Y104.188 E288.01318
G1 F1090.9 X93.19 Y104.102 E288.0675
G1 F1081.1 X95.234 Y103.891 E288.18129
G1 F1033 X97.278 Y103.679 E288.30039
G1 F1097.6 X97.916 Y103.673 E288.33519
G1 F1200 X104.709 Y103.021 E288.67565
G1 F1139.2 X104.999 Y102.962 E288.69121
G1 F954.9 X105.429 Y102.829 E288.71943
G1 F863.3 X105.788 Y102.806 E288.74437
G1 F851.1 X109.102 Y102.464 E288.97873
G1 F818.2 X110.087 Y102.358 E289.05123
G1 F965.1 X110.699 Y102.447 E289.08959
G1 F1200 X122.593 Y101.303 E289.68572
G1 X123.413 Y101.231 E289.72679
G1 X124.262 Y99.046 E289.84374
G1 X123.88 Y99.049 E289.8628
G1 X123.603 Y99.005 E289.87679
G1 X123.195 Y98.873 E289.89818
G1 X122.801 Y98.557 E289.92338
G1 X122.544 Y98.2 E289.94533
G1 X122.081 Y97.242 E289.99841
G1 X121.515 Y96.201 E290.05753
G1 X121.144 Y95.587 E290.09332
G1 X120.738 Y94.977 E290.12987
G1 X120.311 Y94.396 E290.16585
G1 X119.815 Y93.803 E290.20442
G1 X118.61 Y92.499 E290.293
G1 X117.594 Y91.473 E290.36503
G1 X117.164 Y91.069 E290.39447
G1 X116.958 Y90.891 E290.40805
G1 X116.973 Y91.742 E290.45052
G1 X116.98 Y93.157 E290.52111
G1 X116.94 Y94.429 E290.5846
G1 X116.833 Y95.54 E290.64029
G1 X116.691 Y96.597 E290.6935
G1 X116.543 Y97.415 E290.73497
G1 X118.523 Y97.461 E290.83378
G1 X119.014 Y97.608 E290.85935
G1 X119.392 Y97.955 E290.88495
G1 X119.539 Y98.153 E290.89725
G1 X119.617 Y98.341 E290.90741
G1 X119.688 Y98.756 E290.92841
G1 X119.653 Y99.002 E290.94081
G1 X119.534 Y99.308 E290.95719
G1 X119.404 Y99.53 E290.97002
G1 X119.187 Y99.725 E290.98458
G1 X118.851 Y99.942 E291.00453
G1 X118.58 Y100.062 E291.01932
G1 X110.554 Y101.239 E291.42402
G1 F965.1 X109.981 Y101.471 E291.46237
G1 F818.2 X108.975 Y101.606 E291.53664
G1 F851.1 X105.71 Y101.988 E291.76788
G1 F863.3 X105.454 Y101.99 E291.78563
G1 F954.9 X105.032 Y101.832 E291.81389
G1 F1139.2 X104.87 Y101.759 E291.82322
G1 F1200 X104.455 Y101.609 E291.84524
G1 X102.681 Y100.525 E291.94896
G1 X102.197 Y100.274 E291.97616
G1 X101.589 Y99.996 E292.00951
G1 X100.234 Y99.453 E292.08234
G1 X98.99 Y99.01 E292.14822
G1 X99.052 Y99.336 E292.16478
G1 X99.1 Y99.859 E292.19098
G1 X99.086 Y100.342 E292.21509
G1 X98.982 Y100.897 E292.24326
G1 X98.809 Y101.343 E292.26712
G1 X98.572 Y101.748 E292.29054
G1 X98.4 Y101.981 E292.30498
G1 X98.119 Y102.289 E292.32578
G1 X97.717 Y102.614 E292.35158
G1 F1146.5 X97.186 Y102.978 E292.38519
G1 F1100.9 X93.098 Y103.457 E292.60902
G1 F1090.9 X92.154 Y103.521 E292.66094
G1 F1118 X91.859 Y103.467 E292.677
G1 F1180.3 X91.333 Y103.309 E292.70486
G1 F1200 X89.735 Y102.747 E292.78937
G1 X88.861 Y102.47 E292.83511
G1 X88.87 Y102.917 E292.85742
G1 X88.779 Y103.262 E292.87522
G1 F1196 X88.556 Y103.599 E292.89545
G1 F1188.1 X88.249 Y103.84 E292.91512
G1 F1168.8 X87.941 Y104.012 E292.93318
G1 X87.72 Y104.075 E292.94496
G1 F1190.1 X84.031 Y104.43 E293.13139
G1 F1200 X83.701 Y104.432 E293.14786
G1 X83.162 Y104.385 E293.17485
G1 X82.623 Y104.275 E293.20229
G1 X82.233 Y104.143 E293.22283
G1 X81.842 Y103.974 E293.24409
G1 X81.377 Y103.671 E293.27178
G1 X80.736 Y103.072 E293.31554
G1 X80.176 Y102.595 E293.35224
G1 X79.48 Y102.072 E293.39568
G1 X77.859 Y100.976 E293.4933
G1 X76.832 Y100.357 E293.55313
G1 X76.289 Y100.062 E293.58396
G1 X75.603 Y99.719 E293.62222
G1 X75.117 Y99.557 E293.64778
G1 X74.625 Y99.436 E293.67306
G1 X74.022 Y99.352 E293.70343
G1 X74.312 Y99.609 E293.72276
G1 X75.139 Y100.453 E293.78171
G1 X76.424 Y101.914 E293.87879
G1 X77.241 Y102.979 E293.94575
G1 X77.949 Y103.971 E294.00656
G1 X78.543 Y104.895 E294.06136
G1 X78.777 Y105.312 E294.08521
G1 X79.061 Y105.922 E294.11878
G1 X79.1 Y106.634 E294.15436
G1 X79.049 Y107.114 E294.17844
G1 X78.947 Y107.577 E294.20209
G1 X78.783 Y108.128 E294.23077
G1 X78.596 Y108.623 E294.25717
G1 X78.157 Y109.623 E294.31166
G1 X77.596 Y110.71 E294.37269
G1 X76.985 Y111.773 E294.43386
G1 X76.363 Y112.792 E294.49342
G1 X75.769 Y113.704 E294.54772
G1 X75.495 Y114.163 E294.57439
G1 X75.205 Y114.595 E294.60035
G1 X74.832 Y115.102 E294.63175
G1 X74.267 Y115.791 E294.6762
G1 X73.54 Y116.557 E294.72889
G1 X73.014 Y117.064 E294.76534
G1 X73.104 Y117.909 E294.80773
G1 X73.073 Y118.326 E294.82859
G1 F1196 X72.816 Y118.775 E294.85449
G1 F1174.6 X72.564 Y119.03 E294.87276
G1 F1150.2 X72.176 Y119.187 E294.89455
G1 F1086 X71.901 Y119.26 E294.91024
G1 F916 X71.188 Y119.346 E294.95717
G1 F821 X70.871 Y119.343 E294.98029
G1 X70.426 Y120.676 E295.08277
G1 X71.391 Y120.171 E295.16219
G1 F916 X72.062 Y119.915 E295.20913
G1 F1086 X72.414 Y119.766 E295.2302
G1 F1166.9 X72.759 Y119.597 E295.24991
G1 F1196 X74.004 Y118.915 E295.32097
G1 F1200 X74.604 Y118.55 E295.35601
G1 X75.662 Y117.83 E295.41986
G1 X76.741 Y117.029 E295.4869
G1 X77.362 Y116.54 E295.52633
G1 X77.995 Y116.012 E295.56746
G1 X78.653 Y115.432 E295.61122
G1 X79.307 Y114.819 E295.65594
G1 X80.065 Y114.049 E295.70985
G1 X80.644 Y113.411 E295.75283
G1 X82.974 Y110.737 E295.92978
G1 X83.413 Y110.273 E295.96164
G1 X83.819 Y109.911 E295.98878
G1 X84.236 Y109.638 E296.01365
G1 X84.626 Y109.462 E296.03499
G1 X85.036 Y109.339 E296.05635
G1 X85.476 Y109.269 E296.07858
G1 X85.776 Y109.249 E296.09358
G1 X86.183 Y109.256 E296.11389
G1 X86.977 Y109.32 E296.15363
G1 F1232.9 X87.298 Y109.386 E296.16954
G1 F1318.7 X88.041 Y109.603 E296.20468
G1 F1333.3 X88.401 Y109.74 E296.22198
G1 F1269.8 X88.835 Y109.971 E296.24516
G1 F1222.4 X89.416 Y110.574 E296.28617
G1 F1200 X89.643 Y110.846 E296.30384
G1 X89.876 Y111.159 E296.32331
G1 X90.108 Y111.531 E296.34518
G1 X90.282 Y111.904 E296.36572
G1 X90.478 Y112.445 E296.39442
G1 X90.666 Y113.075 E296.42722
G1 X90.786 Y113.652 E296.45663
G1 X91.868 Y113.302 E296.51336
G1 X94.536 Y112.497 E296.6524
G1 X95.165 Y112.35 E296.68462
G1 X95.855 Y112.249 E296.71941
G1 X96.363 Y112.217 E296.74481
G1 F1077.8 X96.929 Y112.15 E296.77647
G1 F1014.1 X97.777 Y112.255 E296.82691
G1 F1046.5 X102.18 Y113.401 E297.08719
G1 F1037.5 X110.046 Y115.472 E297.55657
G0 F6000 X110.045 Y116.148
;TYPE:WALL-OUTER
G1 F1200 X111.378 Y116.5 E297.62536
G1 X112.175 Y116.736 E297.66683
G1 X112.718 Y116.926 E297.69553
G1 X113.279 Y117.155 E297.72576
G1 X113.847 Y117.419 E297.75701
G1 X114.46 Y117.764 E297.7921
G1 X114.755 Y117.981 E297.81037
G1 X115.006 Y118.231 E297.82804
G1 X115.23 Y118.511 E297.84593
G1 X115.416 Y118.808 E297.86342
G1 X115.584 Y119.144 E297.88216
G1 X115.718 Y119.493 E297.90081
G1 X115.832 Y119.854 E297.9197
G1 X115.92 Y120.222 E297.93857
G1 X115.99 Y120.612 E297.95834
G1 X116.036 Y121.004 E297.97803
G1 X116.076 Y121.756 E298.0156
G1 X116.059 Y122.558 E298.05563
G1 X115.985 Y123.3 E298.09283
G1 X115.873 Y123.99 E298.1277
G1 X115.741 Y124.578 E298.15777
G1 X115.593 Y125.103 E298.18498
G1 X115.427 Y125.604 E298.21131
G1 X114.817 Y127.125 E298.29307
G1 X114.474 Y127.936 E298.337
G1 X113.463 Y130.173 E298.45947
G1 X113.922 Y130.071 E298.48293
G1 X114.401 Y129.92 E298.50799
G1 X114.873 Y129.736 E298.53326
G1 X115.7 Y129.343 E298.57894
G1 X116.128 Y129.08 E298.60401
G1 X117.277 Y128.288 E298.67363
G1 X118.075 Y127.695 E298.72323
G1 X118.918 Y127.01 E298.77742
G1 X119.836 Y126.203 E298.8384
G1 X120.777 Y125.298 E298.90354
G1 X121.674 Y124.326 E298.96952
G1 X122.513 Y123.316 E299.03503
G1 X123.271 Y122.328 E299.09716
G1 X123.949 Y121.388 E299.15498
G1 X124.94 Y119.904 E299.24401
G1 X125.336 Y119.265 E299.28151
G1 X134.216 Y104.394 E300.14564
G1 X134.338 Y104.328 E300.15256
G1 X134.587 Y104.348 E300.16502
G1 X136.594 Y105.872 E300.29075
G1 X138.02 Y104.003 E300.40803
G1 X138.198 Y103.914 E300.41796
G1 X138.318 Y103.919 E300.42395
G1 X140.409 Y104.917 E300.53955
G1 X141.55 Y102.78 E300.66041
G1 X141.636 Y102.705 E300.6661
G1 X141.836 Y102.667 E300.67626
G1 X144.28 Y103.37 E300.80313
G1 X145.328 Y102.137 E300.88387
G1 X144.979 Y101.95 E300.90362
G1 X144.501 Y101.731 E300.92985
G1 X143.757 Y101.423 E300.97002
G1 X142.672 Y101.011 E301.02793
G1 X141.389 Y100.568 E301.09564
G1 X140.757 Y100.373 E301.12864
G1 X140.13 Y100.208 E301.16099
G1 X138.327 Y99.827 E301.25293
G1 X136.166 Y99.417 E301.36266
G1 X133.725 Y98.987 E301.48632
G1 X132.406 Y98.796 E301.55281
G1 X132.024 Y98.908 E301.57267
G1 X131.733 Y99.139 E301.59121
G1 X124.898 Y111.547 E302.29795
G1 X122.887 Y115.13 E302.50294
G1 X122.649 Y115.486 E302.5243
G1 X122.416 Y115.773 E302.54275
G1 X122.137 Y116.045 E302.56219
G1 X121.874 Y116.248 E302.57876
G1 X121.622 Y116.403 E302.59352
G1 X121.217 Y116.593 E302.61584
G1 X120.655 Y116.688 E302.64428
G1 X120.229 Y116.691 E302.66553
G1 X119.924 Y116.643 E302.68093
G1 X102.509 Y112.102 E303.57882
G1 X87.933 Y108.458 E304.3284
G1 X87.493 Y108.185 E304.35424
G1 X87.171 Y107.869 E304.37674
G1 X86.892 Y107.31 E304.40791
G1 X86.868 Y106.695 E304.43862
G1 X86.96 Y106.24 E304.46178
G1 X87.298 Y105.676 E304.49458
G1 X87.742 Y105.36 E304.52177
G1 X88.12 Y105.217 E304.54193
G1 X122.645 Y101.901 E306.27232
G1 X123.741 Y101.805 E306.32721
G1 X123.917 Y101.59 E306.34107
G1 X125.116 Y98.503 E306.50629
G1 X125.109 Y98.413 E306.51079
G1 X124.184 Y98.449 E306.55698
G1 X123.833 Y98.449 E306.57449
G1 X123.468 Y98.331 E306.59363
G1 X123.221 Y98.116 E306.60996
G1 X123.058 Y97.891 E306.62383
G1 X122.616 Y96.969 E306.67484
G1 X122.035 Y95.902 E306.73545
G1 X121.65 Y95.265 E306.77258
G1 X121.23 Y94.633 E306.81044
G1 X120.783 Y94.026 E306.84805
G1 X120.266 Y93.407 E306.88829
G1 X119.037 Y92.077 E306.97863
G1 X118.006 Y91.036 E307.05173
G1 X117.556 Y90.614 E307.08251
G1 X117.173 Y90.286 E307.10767
G1 X116.854 Y90.038 E307.12782
G1 X116.549 Y89.843 E307.14588
G1 X116.401 Y89.799 E307.15359
G1 X116.341 Y89.981 E307.16315
G1 X116.373 Y91.745 E307.25117
G1 X116.38 Y93.138 E307.32067
G1 X116.339 Y94.43 E307.38516
G1 X116.238 Y95.46 E307.43679
G1 X116.1 Y96.49 E307.48864
G1 X115.886 Y97.665 E307.54822
G1 X115.816 Y97.929 E307.56185
G1 X115.944 Y98.004 E307.56925
G1 X118.433 Y98.055 E307.69345
G1 X118.733 Y98.15 E307.70915
G1 X119.005 Y98.415 E307.7281
G1 X119.08 Y98.682 E307.74193
G1 X119.077 Y98.836 E307.74962
G1 X118.943 Y99.17 E307.76757
G1 X118.477 Y99.469 E307.7952
G1 X108.885 Y100.878 E308.27888
G1 X105.604 Y101.284 E308.44382
G1 X105.074 Y101.195 E308.47063
G1 X104.741 Y101.075 E308.48829
G1 X102.976 Y100.002 E308.59134
G1 X102.46 Y99.734 E308.62035
G1 X101.825 Y99.444 E308.65518
G1 X100.436 Y98.888 E308.72982
G1 X99.137 Y98.426 E308.7986
G1 X98.254 Y98.154 E308.8447
G1 X98.096 Y98.156 E308.85258
G1 X98.282 Y98.659 E308.87934
G1 X98.379 Y99.017 E308.89784
G1 X98.455 Y99.402 E308.91742
G1 X98.5 Y99.841 E308.93944
G1 X98.483 Y100.3 E308.96235
G1 X98.392 Y100.757 E308.9856
G1 X98.258 Y101.095 E309.00374
G1 X98.09 Y101.391 E309.02072
G1 X97.918 Y101.623 E309.03513
G1 X97.719 Y101.838 E309.04974
G1 X97.303 Y102.172 E309.07636
G1 X97 Y102.347 E309.09382
G1 X93.026 Y102.836 E309.29358
G1 X92.067 Y102.891 E309.3415
G1 X91.552 Y102.75 E309.36814
G1 X89.917 Y102.175 E309.45461
G1 X88.965 Y101.874 E309.50442
G1 X87.833 Y101.56 E309.56303
G1 X88.228 Y102.448 E309.61152
G1 X88.282 Y102.794 E309.62899
G1 X88.218 Y103.065 E309.64288
G1 X87.963 Y103.309 E309.66049
G1 X87.648 Y103.477 E309.6783
G1 X83.987 Y103.832 E309.8618
G1 X83.683 Y103.831 E309.87697
G1 X83.185 Y103.782 E309.90193
G1 X82.775 Y103.695 E309.92284
G1 X82.429 Y103.576 E309.9411
G1 X82.145 Y103.451 E309.95658
G1 X81.766 Y103.208 E309.97904
G1 X81.136 Y102.624 E310.0219
G1 X80.552 Y102.127 E310.06016
G1 X79.853 Y101.601 E310.1038
G1 X78.182 Y100.47 E310.20447
G1 X77.13 Y99.837 E310.26572
G1 X76.576 Y99.534 E310.29722
G1 X75.833 Y99.163 E310.33866
G1 X75.284 Y98.981 E310.36751
G1 X74.75 Y98.848 E310.39497
G1 X73.814 Y98.718 E310.44211
G1 X72.989 Y98.645 E310.48343
G1 X72.714 Y98.648 E310.49715
G1 X72.429 Y98.692 E310.51154
G1 X72.587 Y98.881 E310.52383
G1 X73.883 Y100.029 E310.61021
G1 X74.722 Y100.885 E310.67001
G1 X75.987 Y102.326 E310.76567
G1 X76.753 Y103.329 E310.82863
G1 X77.445 Y104.297 E310.888
G1 X78.021 Y105.191 E310.94106
G1 X78.233 Y105.565 E310.9625
G1 X78.466 Y106.067 E310.99012
G1 X78.499 Y106.637 E311.0186
G1 X78.457 Y107.017 E311.03767
G1 X78.356 Y107.466 E311.06063
G1 X78.221 Y107.918 E311.08417
G1 X78.047 Y108.381 E311.10885
G1 X77.599 Y109.398 E311.16429
G1 X77.056 Y110.446 E311.22317
G1 X76.473 Y111.461 E311.28157
G1 X75.86 Y112.464 E311.34022
G1 X75.259 Y113.387 E311.39517
G1 X74.997 Y113.828 E311.42076
G1 X74.702 Y114.266 E311.44711
G1 X74.367 Y114.722 E311.47533
G1 X73.831 Y115.379 E311.51764
G1 X73.124 Y116.125 E311.56891
G1 X72.529 Y116.698 E311.61013
G1 X72.397 Y116.934 E311.62362
G1 X72.507 Y117.972 E311.67569
G1 X72.458 Y118.229 E311.68875
G1 X72.384 Y118.357 E311.69612
G1 X72.194 Y118.533 E311.70904
G1 X71.905 Y118.612 E311.72399
G1 X70.34 Y118.602 E311.80207
G1 X69.152 Y122.161 E311.98926
G1 X71.278 Y121.067 E312.10855
G1 X73.419 Y119.928 E312.22954
G1 X74.297 Y119.44 E312.27965
G1 X74.929 Y119.055 E312.31657
G1 X76.01 Y118.319 E312.38182
G1 X77.112 Y117.501 E312.45029
G1 X77.745 Y117.002 E312.4905
G1 X78.392 Y116.462 E312.53254
G1 X79.063 Y115.87 E312.57719
G1 X79.726 Y115.249 E312.62251
G1 X80.501 Y114.461 E312.67765
G1 X81.096 Y113.805 E312.72183
G1 X83.41 Y111.149 E312.89758
G1 X83.841 Y110.693 E312.92888
G1 X84.18 Y110.391 E312.95153
G1 X84.524 Y110.168 E312.97198
G1 X84.846 Y110.02 E312.98966
G1 X85.172 Y109.923 E313.00663
G1 X85.487 Y109.871 E313.02256
G1 X85.816 Y109.848 E313.03902
G1 X86.184 Y109.857 E313.05738
G1 X86.848 Y109.908 E313.09061
G1 X87.23 Y109.967 E313.10989
G1 X87.559 Y110.041 E313.12671
G1 X87.819 Y110.12 E313.14027
G1 X88.166 Y110.269 E313.15911
G1 X88.456 Y110.442 E313.17596
G1 X88.958 Y110.962 E313.21202
G1 X89.164 Y111.207 E313.22799
G1 X89.36 Y111.467 E313.24423
G1 X89.567 Y111.79 E313.26337
G1 X89.718 Y112.109 E313.28098
G1 X89.92 Y112.666 E313.31054
G1 X90.072 Y113.174 E313.33699
G1 X90.178 Y113.681 E313.36283
G1 X90.246 Y114.2 E313.38895
G1 X90.432 Y114.295 E313.39937
G1 X90.7 Y114.309 E313.41276
G1 X92.041 Y113.876 E313.48306
G1 X94.728 Y113.067 E313.62306
G1 X95.3 Y112.935 E313.65235
G1 X95.893 Y112.848 E313.68225
G1 X96.401 Y112.816 E313.70764
G1 X96.885 Y112.817 E313.73179
G1 X97.705 Y112.889 E313.77286
G1 X110.045 Y116.148 E314.40961
G0 F6000 X110.3 Y115.183
G0 X114.628 Y117.471
G0 X115.247 Y117.988
G0 X115.71 Y118.638
G0 X116.157 Y119.754
G0 X116.375 Y120.966
G0 X116.398 Y122.574
G0 X116.105 Y126.25
G0 X115.125 Y128.654
G0 X116.827 Y127.625
G0 X116.629 Y127.344
;TYPE:SKIN
G1 F1200 X115.679 Y128.001 E314.46724
G1 X115.868 Y127.563 E314.49104
G1 X116.487 Y126.024 E314.5738
G1 X116.673 Y125.463 E314.60328
G1 X116.833 Y124.894 E314.63277
G1 X116.993 Y124.2 E314.6683
G1 X117.117 Y123.436 E314.70692
G1 X117.195 Y122.667 E314.74548
G1 X117.212 Y121.681 E314.79468
G1 X117.175 Y120.937 E314.83184
G1 X117.115 Y120.421 E314.85776
G1 X117.044 Y120.026 E314.87778
G1 X116.941 Y119.583 E314.90047
G1 X116.807 Y119.15 E314.92309
G1 X116.595 Y118.617 E314.9517
G1 X116.371 Y118.18 E314.9762
G1 X116.195 Y117.9 E314.9927
G1 X115.901 Y117.522 E315.01659
G1 X115.448 Y117.065 E315.0487
G1 X115.012 Y116.762 E315.07519
G1 X114.312 Y116.374 E315.11512
G1 X114.362 Y116.373 E315.11761
G1 X119.655 Y117.749 E315.39046
G1 X120.109 Y117.823 E315.41341
G1 X120.751 Y117.828 E315.44544
G1 X121.359 Y117.724 E315.47621
G1 X121.739 Y117.607 E315.49605
G1 X122.163 Y117.403 E315.51952
G1 X122.568 Y117.151 E315.54332
G1 X122.948 Y116.847 E315.5676
G1 X123.28 Y116.521 E315.59081
G1 X123.619 Y116.086 E315.61833
G1 X123.883 Y115.686 E315.64224
G1 X125.894 Y112.103 E315.84722
G1 X132.575 Y99.971 E316.5382
G1 X133.552 Y100.114 E316.58746
G1 X136.155 Y100.574 E316.71934
G1 X138.098 Y100.946 E316.81804
G1 X139.87 Y101.316 E316.90835
G1 X140.431 Y101.468 E316.93735
G1 X141.143 Y101.692 E316.97458
G1 X141.044 Y101.731 E316.97989
G1 X140.606 Y102.116 E317.00899
G1 X139.913 Y103.417 E317.08253
G1 X138.626 Y102.807 E317.15358
G1 X138.05 Y102.782 E317.18235
G1 X137.566 Y102.928 E317.20757
G1 X137.181 Y103.218 E317.23162
G1 X136.371 Y104.276 E317.29809
G1 X135.15 Y103.347 E317.37464
G1 X134.701 Y103.196 E317.39827
G1 X134.326 Y103.169 E317.41703
G1 X133.969 Y103.248 E317.43527
G1 X133.538 Y103.477 E317.45962
G1 X133.226 Y103.834 E317.48327
G1 X124.361 Y118.67 E318.34551
G1 X124.019 Y119.22 E318.37783
G1 X123.037 Y120.699 E318.4664
G1 X122.375 Y121.617 E318.52286
G1 X121.621 Y122.604 E318.58483
G1 X120.81 Y123.578 E318.64806
G1 X119.957 Y124.502 E318.7108
G1 X119.096 Y125.331 E318.77043
G1 X118.214 Y126.107 E318.82904
G1 X117.405 Y126.768 E318.88116
G1 X116.629 Y127.344 E318.92937
G0 F6000 X116.719 Y126.901
G1 F1200 X116.531 Y126.714 E318.9426
G0 F6000 X116.774 Y126.108
G1 F1200 X117.207 Y126.541 E318.97315
G0 F6000 X117.675 Y126.16
G1 F1200 X116.983 Y125.468 E319.02198
G0 F6000 X117.162 Y124.799
G1 F1200 X118.138 Y125.774 E319.09081
G0 F6000 X118.588 Y125.376
G1 F1200 X117.313 Y124.101 E319.18076
G0 F6000 X117.424 Y123.364
G1 F1200 X119.034 Y124.974 E319.29436
G0 F6000 X119.466 Y124.558
G1 F1200 X117.497 Y122.588 E319.43332
G0 F6000 X117.511 Y121.753
G1 F1200 X119.89 Y124.133 E319.6012
G0 F6000 X120.297 Y123.691
G1 F1200 X117.468 Y120.862 E319.8008
G0 F6000 X116.832 Y120.934
G0 X116.689 Y120.001
G0 X117.312 Y119.857
G1 F1200 X120.698 Y123.244 E320.03974
G0 F6000 X121.084 Y122.781
G1 F1200 X116.914 Y118.611 E320.33396
G0 F6000 X116.32 Y118.843
G0 X113.114 Y115.939
G0 X114.255 Y116.099
G0 X117.658 Y116.88
G0 X117.497 Y117.497
G1 F1200 X121.832 Y121.832 E320.63981
G0 F6000 X121.465 Y122.314
G1 F1200 X116.35 Y117.199 E321.00071
G0 F6000 X115.959 Y118.166
G0 X113.114 Y115.939
G0 X114.323 Y116.096
G0 X118.804 Y117.179
G0 X118.643 Y117.795
G1 F1200 X122.198 Y121.349 E321.25149
G0 F6000 X122.554 Y120.857
G1 F1200 X119.77 Y118.073 E321.44792
G0 F6000 X120.677 Y118.131
G1 F1200 X122.904 Y120.358 E321.60505
G0 F6000 X123.243 Y119.849
G1 F1200 X121.414 Y118.02 E321.73409
G0 F6000 X122.038 Y117.796
G1 F1200 X123.582 Y119.339 E321.843
G0 F6000 X123.913 Y118.822
G1 F1200 X122.587 Y117.496 E321.93655
G0 F6000 X123.072 Y117.132
G1 F1200 X124.236 Y118.296 E322.01868
G0 F6000 X124.553 Y117.764
G1 F1200 X123.507 Y116.719 E322.09244
G0 F6000 X123.875 Y116.238
G1 F1200 X124.87 Y117.233 E322.16265
G0 F6000 X125.188 Y116.702
G1 F1200 X124.208 Y115.722 E322.23179
G0 F6000 X124.512 Y115.179
G1 F1200 X125.504 Y116.171 E322.30178
G0 F6000 X125.822 Y115.64
G1 F1200 X124.817 Y114.635 E322.37269
G0 F6000 X125.122 Y114.091
G1 F1200 X126.139 Y115.108 E322.44445
G0 F6000 X126.456 Y114.577
G1 F1200 X125.427 Y113.548 E322.51705
G0 F6000 X125.732 Y113.004
G1 F1200 X126.774 Y114.046 E322.59057
G0 F6000 X127.091 Y113.515
G1 F1200 X126.037 Y112.46 E322.66497
G0 F6000 X126.339 Y111.914
G1 F1200 X127.408 Y112.983 E322.74039
G0 F6000 X127.725 Y112.452
G1 F1200 X126.641 Y111.367 E322.81691
G0 F6000 X126.943 Y110.821
G1 F1200 X128.043 Y111.921 E322.89452
G0 F6000 X128.36 Y111.389
G1 F1200 X127.244 Y110.273 E322.97326
G0 F6000 X127.545 Y109.726
G1 F1200 X128.677 Y110.858 E323.05313
G0 F6000 X128.995 Y110.327
G1 F1200 X127.846 Y109.179 E323.13416
G0 F6000 X128.148 Y108.631
G1 F1200 X129.311 Y109.795 E323.21625
G0 F6000 X129.629 Y109.264
G1 F1200 X128.449 Y108.084 E323.29951
G0 F6000 X128.751 Y107.538
G1 F1200 X129.946 Y108.733 E323.38382
G0 F6000 X130.263 Y108.201
G1 F1200 X129.052 Y106.99 E323.46926
G0 F6000 X129.353 Y106.443
G1 F1200 X130.581 Y107.67 E323.55587
G0 F6000 X130.897 Y107.139
G1 F1200 X129.654 Y105.896 E323.64357
G0 F6000 X129.956 Y105.348
G1 F1200 X131.215 Y106.608 E323.73243
G0 F6000 X131.532 Y106.077
G1 F1200 X130.257 Y104.801 E323.82243
G0 F6000 X130.559 Y104.254
G1 F1200 X131.849 Y105.545 E323.91348
G0 F6000 X132.167 Y105.014
G1 F1200 X130.86 Y103.707 E324.0057
G0 F6000 X131.161 Y103.16
G1 F1200 X132.484 Y104.483 E324.09904
G0 F6000 X132.801 Y103.951
G1 F1200 X131.462 Y102.613 E324.19348
G0 F6000 X131.764 Y102.065
G1 F1200 X133.157 Y103.458 E324.29176
G0 F6000 X133.632 Y103.085
G1 F1200 X132.065 Y101.518 E324.40232
G0 F6000 X132.367 Y100.971
G1 F1200 X134.269 Y102.873 E324.53652
G0 F6000 X134.352 Y103.514
G0 X135.046 Y103.691
G0 X135.43 Y103.186
G1 F1200 X132.668 Y100.424 E324.73139
G0 F6000 X133.503 Y100.411
G1 F1200 X136.591 Y103.499 E324.94927
G0 F6000 X136.961 Y103.02
G1 F1200 X134.534 Y100.593 E325.12051
G0 F6000 X135.14 Y100.049
G0 X135.677 Y100.144
G0 X135.564 Y100.775
G1 F1200 X137.442 Y102.652 E325.25297
G0 F6000 X138.118 Y102.48
G1 F1200 X136.604 Y100.966 E325.35979
G0 F6000 X136.723 Y100.337
G0 X137.771 Y100.536
G0 X137.652 Y101.166
G1 F1200 X139.263 Y102.777 E325.47346
G0 F6000 X139.983 Y102.648
G1 F1200 X138.717 Y101.381 E325.56282
G0 F6000 X138.848 Y100.756
G0 X139.92 Y100.983
G0 X139.789 Y101.606
G1 F1200 X140.278 Y102.094 E325.59728
G1 F3600 E321.59728
G0 F6000 X140.843 Y102.395
G0 X142.02 Y101.753
G0 X140.507 Y101.198
G0 X136.016 Y100.264
G0 X132.429 Y99.676
G0 X122.937 Y115.675
G0 X122.376 Y116.293
G0 X121.782 Y116.705
G0 X121.312 Y116.921
G0 X120.662 Y117.033
G0 X119.874 Y116.984
G0 X87.691 Y108.706
G0 X87.281 Y108.456
G0 X86.881 Y108.062
G0 X86.556 Y107.388
G0 X86.529 Y106.665
G0 X86.643 Y106.116
G0 X87.046 Y105.44
G0 X87.579 Y105.061
G0 X88.043 Y104.885
G0 X110.665 Y102.187
G0 X109.45 Y101.984
G0 X110.441 Y101.522
G0 X110.71 Y101.832
G1 F3600 E325.59728
G1 F951.1 X111.381 Y101.751 E325.63983
G1 F909.1 X112.052 Y101.67 E325.68434
G1 F871.7 X112.723 Y101.588 E325.73076
G1 F836.2 X113.394 Y101.507 E325.77915
G1 F804.5 X114.065 Y101.426 E325.82945
G1 F774.2 X114.736 Y101.344 E325.88172
G1 F746.9 X115.407 Y101.263 E325.9359
G1 F720.7 X116.079 Y101.181 E325.99214
G0 F6000 X116.699 Y101.369
G1 F1114.6 X116.389 Y101.275 E326.00954
G1 F807.2 X116.079 Y101.181 E326.03356
G1 X116.358 Y101.016 E326.0576
G1 F1114.6 X116.638 Y100.851 E326.07506
G1 F1309.1 X118.709 Y100.574 E326.17062
G1 F1224.5 X119.151 Y100.388 E326.19406
G1 F1200 X119.467 Y100.185 E326.2128
G1 X119.825 Y99.867 E326.23669
G1 X120.036 Y99.503 E326.25768
G1 X120.177 Y99.146 E326.27683
G1 X120.227 Y98.763 E326.2961
G1 X120.165 Y98.269 E326.32094
G1 X120.012 Y97.896 E326.34105
G1 X119.708 Y97.487 E326.36648
G1 X119.352 Y97.201 E326.38926
G1 X118.97 Y97.015 E326.41046
G1 X118.589 Y96.923 E326.43001
G1 X117.194 Y96.887 E326.49963
G1 X117.362 Y95.64 E326.56241
G1 X117.479 Y94.458 E326.62167
G1 X117.52 Y93.162 E326.68636
G1 X117.515 Y92.164 E326.73615
G1 X118.23 Y92.882 E326.7867
G1 X119.397 Y94.148 E326.8726
G1 X119.883 Y94.725 E326.91024
G1 X120.274 Y95.26 E326.9433
G1 X120.666 Y95.847 E326.97851
G1 X121.023 Y96.434 E327.01279
G1 X121.597 Y97.486 E327.07258
G1 X122.092 Y98.496 E327.12869
G1 X122.404 Y98.929 E327.15532
G1 X122.865 Y99.296 E327.18472
G1 X123.138 Y99.419 E327.19966
G1 X123.492 Y99.532 E327.2182
G1 X123.031 Y100.722 E327.28186
G1 X119.388 Y101.073 E327.46446
G1 F1241.4 X118.044 Y101.221 E327.52967
G1 F1330.9 X116.699 Y101.369 E327.59053
G0 F6000 X110.435 Y102.166
G0 X109.45 Y101.984
G0 X110.525 Y101.541
G0 X118.546 Y100.271
G0 X119.309 Y100.642
G1 F1200 X119.434 Y100.766 E327.59932
G0 F6000 X119.802 Y100.286
G1 F1200 X120.208 Y100.692 E327.62796
G0 F6000 X120.982 Y100.617
G1 F1200 X120.192 Y99.827 E327.6837
G0 F6000 X120.46 Y99.247
G1 F1200 X121.756 Y100.543 E327.77514
G0 F6000 X122.53 Y100.469
G1 F1200 X120.49 Y98.428 E327.91911
G0 F6000 X119.843 Y98.379
G0 X118.521 Y97.194
G0 X116.87 Y97.147
G0 X117.255 Y91.543
G0 X118.425 Y92.683
G0 X120.106 Y94.557
G0 X120.77 Y95.551
G0 X121.833 Y97.206
G0 X121.27 Y97.511
G1 F1200 X117.792 Y94.033 E328.1645
G0 F6000 X117.743 Y94.833
G1 F1200 X122.968 Y100.058 E328.53315
G0 F6000 X123.564 Y100.29
G0 X123.859 Y99.322
G0 X121.849 Y97.36
G0 X120.923 Y95.726
G0 X120.106 Y94.557
G0 X118.425 Y92.683
G0 X117.255 Y91.543
G0 X116.87 Y97.147
G0 X118.432 Y97.253
G0 X118.706 Y96.644
G1 F1200 X117.667 Y95.605 E328.60646
G0 F6000 X117.569 Y96.355
G1 F1200 X117.815 Y96.601 E328.62382
G0 F6000 X117.802 Y97.24
G0 X116.87 Y97.147
G0 X117.255 Y91.543
G0 X118.425 Y92.683
G0 X120.612 Y95.151
G0 X119.999 Y95.392
G1 F1200 X117.818 Y93.211 E328.7777
G1 F3600 E324.7777
G0 F6000 X117.166 Y93.647
G0 X116.216 Y97.685
G0 X118.501 Y97.717
G0 X118.936 Y97.867
G0 X119.333 Y98.266
G0 X119.454 Y98.803
G0 X119.221 Y99.399
G0 X118.589 Y99.797
G0 X108.724 Y101.247
G0 X105.604 Y101.625
G0 X105.015 Y101.537
G0 X99.344 Y99.432
G0 X98.386 Y101.563
G0 X97.934 Y102.103
G0 X97.107 Y102.678
G0 X93.066 Y103.173
G0 X92.034 Y103.233
G0 X89.139 Y102.848
G0 X88.702 Y103.735
G0 X88.963 Y103.973
G1 F3600 E328.7777
G1 F1155.7 X89.286 Y103.48 E328.80823
G1 X89.363 Y103.204 E328.82307
G1 X91.014 Y103.781 E328.91367
G1 X88.963 Y103.973 E329.02039
G0 F6000 X88.702 Y103.735
G0 X89.139 Y102.848
G0 X90.861 Y103.441
G0 X96.482 Y102.754
G0 X98.259 Y102.434
G0 X98.477 Y102.69
G1 F1200 X98.818 Y102.323 E329.04538
G1 X99.008 Y102.064 E329.0614
G1 X99.309 Y101.548 E329.09121
G1 X99.493 Y101.068 E329.11685
G1 X99.619 Y100.424 E329.14959
G1 X99.633 Y99.811 E329.18018
G1 X100.032 Y99.956 E329.20136
G1 X101.385 Y100.496 E329.27404
G1 X101.948 Y100.754 E329.30494
G1 X102.42 Y100.998 E329.33145
G1 X104.187 Y102.08 E329.43482
G1 X104.663 Y102.257 E329.46015
G1 X104.898 Y102.395 E329.47375
G1 X104.636 Y102.484 E329.48756
G1 X97.941 Y103.125 E329.8231
G1 X98.477 Y102.69 E329.85754
G0 F6000 X98.259 Y102.434
G0 X99.344 Y99.432
G0 X101.485 Y100.236
G0 X102.553 Y100.752
G0 X105.988 Y102.422
G0 X105.083 Y102.682
G0 X103.172 Y102.323
G1 F1200 X101.932 Y101.083 E329.94503
G0 F6000 X102.225 Y100.515
G0 X105.988 Y102.422
G0 X105.083 Y102.682
G0 X102.397 Y102.397
G1 F1200 X100.444 Y100.444 E330.08282
G0 F6000 X99.868 Y100.717
G1 F1200 X101.623 Y102.471 E330.20661
G0 F6000 X100.848 Y102.545
G1 F1200 X99.691 Y101.388 E330.28824
G0 F6000 X99.416 Y101.962
G1 F1200 X100.074 Y102.62 E330.33467
G0 F6000 X99.3 Y102.694
G1 F1200 X99.078 Y102.473 E330.3503
G1 F3600 E326.3503
G0 F6000 X98.28 Y102.41
G0 X99.344 Y99.432
G0 X101.485 Y100.236
G0 X102.553 Y100.752
G0 X105.988 Y102.422
G0 X104.982 Y102.667
G0 X104.689 Y102.762
G0 X88.043 Y104.885
G0 X87.579 Y105.061
G0 X87.046 Y105.44
G0 X86.643 Y106.116
G0 X86.529 Y106.665
G0 X86.556 Y107.388
G0 X86.881 Y108.062
G0 X87.281 Y108.456
G0 X88.003 Y108.825
G0 X96.395 Y111.461
G0 X97.55 Y111.854
G0 X91.81 Y113.109
G0 X91.705 Y112.784
G1 F3600 E330.3503
G1 F1200 X91.191 Y112.949 E330.37723
G1 X90.98 Y112.249 E330.4137
G1 X90.791 Y111.719 E330.44178
G1 X90.564 Y111.232 E330.46858
G1 X90.275 Y110.787 E330.49506
G1 X90.085 Y110.531 E330.51096
G1 X89.698 Y110.076 E330.54076
G1 X96.154 Y111.686 E330.87272
G1 X95.817 Y111.708 E330.88957
G1 X95.14 Y111.803 E330.92367
G1 X94.392 Y111.975 E330.96196
G1 X91.705 Y112.784 E331.10196
G0 F6000 X92.016 Y112.38
G1 F1200 X90.919 Y111.284 E331.17933
G0 F6000 X91.262 Y110.778
G1 F1200 X92.667 Y112.183 E331.27846
G0 F6000 X93.318 Y111.986
G1 F1200 X92.391 Y111.059 E331.34386
G0 F6000 X96.82 Y111.659
G0 X93.521 Y111.34
G1 F1200 X93.97 Y111.789 E331.37554
G0 F6000 X94.153 Y112.403
G0 X90.472 Y113.436
G0 X90.028 Y111.962
G0 X89.424 Y110.99
G0 X88.673 Y110.178
G0 X87.914 Y109.796
G0 X86.904 Y109.578
G0 X85.467 Y109.533
G0 X84.727 Y109.704
G0 X84.002 Y110.102
G0 X77.567 Y116.413
G0 X74.533 Y118.355
G0 X74.342 Y118.074
G1 F1200 X73.555 Y118.546 E331.42133
G1 X73.604 Y118.402 E331.42891
G1 X73.64 Y117.894 E331.45432
G1 X73.579 Y117.267 E331.48575
G1 X73.913 Y116.944 E331.50893
G1 X74.654 Y116.163 E331.56264
G1 X75.252 Y115.435 E331.60965
G1 X75.641 Y114.911 E331.6422
G1 X75.942 Y114.463 E331.66913
G1 X76.215 Y114.009 E331.69556
G1 X76.909 Y112.931 E331.75952
G1 X77.448 Y112.049 E331.81109
G1 X78.077 Y110.958 E331.87392
G1 X78.639 Y109.866 E331.93519
G1 X79.091 Y108.837 E331.99126
G1 X79.292 Y108.303 E332.01973
G1 X79.472 Y107.707 E332.05079
G1 X79.591 Y107.12 E332.08067
G1 X79.639 Y106.672 E332.10315
G1 X79.589 Y105.78 E332.14772
G1 X79.265 Y105.081 E332.18616
G1 X79.006 Y104.62 E332.21254
G1 X78.405 Y103.682 E332.26812
G1 X77.685 Y102.673 E332.32996
G1 X76.843 Y101.569 E332.39923
G1 X75.857 Y100.45 E332.47364
G1 X76.56 Y100.828 E332.51346
G1 X77.544 Y101.417 E332.57068
G1 X79.164 Y102.513 E332.66826
G1 X79.836 Y103.015 E332.7101
G1 X80.372 Y103.472 E332.74525
G1 X81.027 Y104.084 E332.78997
G1 X81.602 Y104.459 E332.82422
G1 X82.057 Y104.652 E332.84887
G1 X82.462 Y104.792 E332.87025
G1 X83.019 Y104.909 E332.89865
G1 X83.566 Y104.963 E332.92607
G1 X83.981 Y104.972 E332.94678
G1 X84.321 Y104.948 E332.96379
G1 X86.682 Y104.715 E333.08215
G1 X86.32 Y105.095 E333.10833
G1 X86.01 Y105.602 E333.13798
G1 X85.844 Y106.014 E333.16014
G1 X85.723 Y106.585 E333.18926
G1 X85.759 Y107.423 E333.23111
G1 X85.848 Y107.773 E333.24912
G1 X86.11 Y108.312 E333.27902
G1 X86.279 Y108.582 E333.29492
G1 X86.409 Y108.72 E333.30437
G1 X85.732 Y108.708 E333.33815
G1 X85.324 Y108.741 E333.35858
G1 X84.913 Y108.81 E333.37937
G1 X84.456 Y108.949 E333.4032
G1 X83.965 Y109.172 E333.4301
G1 X83.477 Y109.492 E333.45922
G1 X83.037 Y109.878 E333.48842
G1 X82.573 Y110.37 E333.52216
G1 X80.238 Y113.049 E333.69946
G1 X79.665 Y113.686 E333.7422
G1 X78.954 Y114.405 E333.79265
G1 X78.298 Y115.022 E333.83758
G1 X77.654 Y115.591 E333.88045
G1 X77.032 Y116.11 E333.92087
G1 X76.443 Y116.574 E333.95828
G1 X75.379 Y117.364 E334.02439
G1 X74.342 Y118.074 E334.08709
G0 F6000 X74.398 Y117.672
G1 F1200 X74.002 Y117.276 E334.11503
G0 F6000 X74.419 Y116.845
G1 F1200 X74.901 Y117.327 E334.14904
G0 F6000 X75.399 Y116.977
G1 F1200 X74.832 Y116.41 E334.18905
G0 F6000 X75.218 Y115.947
G1 F1200 X75.885 Y116.615 E334.23614
G0 F6000 X76.369 Y116.25
G1 F1200 X75.595 Y115.475 E334.29079
G0 F6000 X75.952 Y114.985
G1 F1200 X76.843 Y115.876 E334.35365
G0 F6000 X77.307 Y115.49
G1 F1200 X76.287 Y114.471 E334.42558
G0 F6000 X76.611 Y113.947
G1 F1200 X77.761 Y115.096 E334.50669
G0 F6000 X78.207 Y114.694
G1 F1200 X76.944 Y113.431 E334.5958
G0 F6000 X77.273 Y112.911
G1 F1200 X78.645 Y114.283 E334.6926
G0 F6000 X79.072 Y113.861
G1 F1200 X77.594 Y112.384 E334.79685
G0 F6000 X77.909 Y111.85
G1 F1200 X79.491 Y113.432 E334.90846
G0 F6000 X79.892 Y112.985
G1 F1200 X78.219 Y111.312 E335.0265
G0 F6000 X78.516 Y110.76
G1 F1200 X80.29 Y112.534 E335.15167
G0 F6000 X80.684 Y112.08
G1 F1200 X78.804 Y110.199 E335.28435
G0 F6000 X79.074 Y109.621
G1 F1200 X81.08 Y111.627 E335.42588
G0 F6000 X81.475 Y111.173
G1 F1200 X79.332 Y109.031 E335.57705
G0 F6000 X79.568 Y108.418
G1 F1200 X81.87 Y110.72 E335.73947
G0 F6000 X82.266 Y110.267
G1 F1200 X79.766 Y107.767 E335.91585
G0 F6000 X79.899 Y107.052
G1 F1200 X82.674 Y109.826 E336.11161
G0 F6000 X83.11 Y109.414
G1 F1200 X79.915 Y106.219 E336.33703
G0 F6000 X79.279 Y106.253
G0 X78.99 Y105.293
G0 X79.57 Y105.026
M104 S230
G1 F1200 X83.598 Y109.054 E336.62123
G0 F6000 X84.15 Y108.757
G1 F1200 X78.023 Y102.63 E337.05353
G0 F6000 X77.502 Y103
G0 X74.893 Y99.789
G0 X75.503 Y99.961
G0 X76.469 Y100.462
G0 X79.378 Y102.247
G0 X79.019 Y102.778
G1 F1200 X84.781 Y108.54 E337.46007
G0 F6000 X85.514 Y108.424
G1 F1200 X82.061 Y104.971 E337.70369
G0 F6000 X82.269 Y104.369
G0 X82.631 Y104.484
G0 X83.161 Y105.223
G1 F1200 X85.482 Y107.544 E337.86745
G0 F6000 X85.426 Y106.639
G1 F1200 X84.052 Y105.266 E337.96436
G0 F6000 X84.834 Y105.199
G1 F1200 X85.559 Y105.923 E338.01548
G0 F6000 X85.819 Y105.336
G1 F1200 X85.607 Y105.123 E338.03047
;MESH:NONMESH
G0 F300 X85.607 Y105.123 Z0.65
G0 F6000 X86.408 Y105.603
G0 X86.556 Y107.388
G0 X86.881 Y108.062
G0 X87.281 Y108.456
G0 X87.866 Y108.755
G0 X110.134 Y115.139
G0 X110.046 Y115.471
;TIME_ELAPSED:385.051282
;LAYER:1
M140 S110
;TYPE:WALL-INNER
;MESH:sharkz.stl
G1 F1153.8 X111.573 Y115.873 E338.23785
G1 F1132.9 X112.355 Y116.098 E338.3467
G1 F1100.5 X112.967 Y116.3 E338.43545
G1 F1046.5 X113.598 Y116.533 E338.53285
G1 F1160.5 X114.108 Y116.881 E338.61348
G1 F1350 X114.73 Y117.225 E338.69326
G1 X115.071 Y117.467 E338.7402
G1 X115.389 Y117.764 E338.78905
G1 X115.703 Y118.133 E338.84344
G1 X115.952 Y118.541 E338.89709
G1 X116.139 Y118.92 E338.94453
G1 X116.299 Y119.326 E338.99352
G1 X116.415 Y119.718 E339.03941
G1 X116.499 Y120.062 E339.07916
G1 X116.582 Y120.523 E339.13174
G1 X116.63 Y120.919 E339.17651
G1 X116.676 Y121.8 E339.27554
G1 X116.656 Y122.625 E339.36818
G1 X116.577 Y123.404 E339.45607
G1 X116.459 Y124.124 E339.53797
G1 X116.319 Y124.75 E339.60998
G1 X116.163 Y125.295 E339.67361
G1 X115.983 Y125.832 E339.73719
G1 X115.369 Y127.36 E339.92204
G1 X115.014 Y128.199 E340.02431
G1 X114.552 Y129.219 E340.15
G1 X115.408 Y128.817 E340.25616
G1 X115.817 Y128.563 E340.3102
G1 X116.96 Y127.774 E340.46611
G1 X117.715 Y127.213 E340.57169
G1 X118.539 Y126.544 E340.69084
G1 X119.43 Y125.761 E340.82399
G1 X120.348 Y124.878 E340.96697
G1 X121.227 Y123.926 E341.11242
G1 X122.056 Y122.93 E341.25788
G1 X122.797 Y121.963 E341.39464
G1 X123.487 Y121 E341.52762
G1 X124.423 Y119.595 E341.71713
G1 X124.814 Y118.969 E341.79998
G1 X133.663 Y104.15 E343.73747
G1 X133.877 Y103.906 E343.7739
G1 X134.143 Y103.76 E343.80796
G1 X134.366 Y103.714 E343.83352
G1 X134.593 Y103.725 E343.85903
G1 X134.871 Y103.814 E343.8918
G1 X136.479 Y105.032 E344.11824
G1 X137.59 Y103.585 E344.32302
G1 X137.815 Y103.416 E344.35461
G1 X138.116 Y103.319 E344.39011
G1 X138.376 Y103.32 E344.4193
G1 X138.572 Y103.375 E344.44215
G1 X140.149 Y104.128 E344.63831
G1 X141.047 Y102.439 E344.85304
G1 X141.328 Y102.19 E344.89519
G1 F1319.2 X141.931 Y102.061 E344.96602
G1 F1341.1 X143.008 Y102.392 E345.09334
G1 F1456.8 X144.086 Y102.724 E345.21068
G1 F1522.6 X144.43 Y102.321 E345.26341
G1 X144.096 Y102.175 E345.29969
G1 F1480.8 X143.579 Y101.979 E345.35628
G1 F1377.6 X142.454 Y101.575 E345.48777
G1 F1304.3 X142.082 Y101.455 E345.53319
G1 F1319.2 X141.201 Y101.138 E345.64074
G1 F1350 X140.569 Y100.946 E345.71488
G1 X140.01 Y100.796 E345.77985
G1 X138.21 Y100.415 E345.98639
G1 X136.038 Y100.004 E346.23453
G1 X133.645 Y99.581 E346.50731
G1 X132.501 Y99.417 E346.63704
G1 X132.295 Y99.455 E346.66056
G1 X132.199 Y99.539 E346.67488
G1 X125.189 Y112.262 E348.3055
G1 X123.41 Y115.426 E348.71296
G1 X123.051 Y115.961 E348.78528
G1 X122.673 Y116.367 E348.84755
G1 X122.348 Y116.648 E348.89578
G1 X122.108 Y116.812 E348.92841
G1 X121.751 Y117.015 E348.97451
G1 X121.256 Y117.194 E349.0336
G1 X120.692 Y117.293 E349.09788
G1 X120.132 Y117.284 E349.16075
G1 X119.839 Y117.241 E349.19399
G1 X114.483 Y115.846 E349.81527
G1 F1160.5 X113.868 Y115.787 E349.89595
G1 F1049.2 X113.144 Y115.572 E350.00504
G1 F1112.6 X111.723 Y115.181 E350.20577
G1 F1157.1 X102.352 Y112.73 E351.4743
G1 F1191.2 X98.015 Y111.628 E352.04358
G1 F1153.8 X97.065 Y111.429 E352.17106
G1 F1205.4 X96.545 Y111.232 E352.24097
G1 F1341.1 X89.286 Y109.412 E353.08664
G1 F1449 X87.868 Y109.014 E353.24066
G1 F1505.6 X87.29 Y108.785 E353.30324
G1 F1396.6 X86.917 Y108.487 E353.35505
G1 F1350 X86.729 Y108.292 E353.38545
G1 X86.351 Y107.573 E353.47664
G1 X86.294 Y107.351 E353.50237
G1 X86.265 Y106.621 E353.58437
G1 X86.399 Y106.066 E353.64847
G1 X86.595 Y105.652 E353.69988
G1 X86.85 Y105.3 E353.74867
G1 X87.098 Y105.067 E353.78687
G1 F1345.5 X87.554 Y104.778 E353.84768
G1 F1330 X88.022 Y104.61 E353.90433
G1 F1323.5 X88.46 Y104.578 E353.95461
G1 F1341.1 X91.324 Y104.306 E354.27971
G1 F1327.9 X91.793 Y104.252 E354.33358
G1 F1255.8 X92.204 Y104.188 E354.38378
G1 F1227.3 X93.19 Y104.102 E354.50599
G1 F1216.2 X95.234 Y103.891 E354.76203
G1 F1162.1 X97.278 Y103.679 E355.03
G1 F1234.8 X97.945 Y103.67 E355.11186
G1 F1350 X104.904 Y103.001 E355.89663
G1 F1125 X105.481 Y102.827 E355.97781
G1 F973.6 X105.788 Y102.806 E356.02571
G1 F957.4 X109.102 Y102.464 E356.55303
G1 F919.4 X110.083 Y102.358 E356.71566
G1 F1084.3 X110.695 Y102.447 E356.80209
G1 F1350 X122.593 Y101.303 E358.14384
G1 X123.413 Y101.231 E358.23624
G1 X124.261 Y99.046 E358.49934
G1 X123.812 Y99.048 E358.54974
G1 X123.463 Y98.979 E358.58967
G1 X123.147 Y98.835 E358.62865
G1 X122.802 Y98.562 E358.67804
G1 X122.537 Y98.197 E358.72867
G1 X122.082 Y97.241 E358.84752
G1 X121.512 Y96.19 E358.98173
G1 X121.126 Y95.563 E359.06438
G1 X120.742 Y94.98 E359.14275
G1 X120.296 Y94.377 E359.22694
G1 X119.819 Y93.807 E359.31037
G1 X118.592 Y92.477 E359.5135
G1 X117.556 Y91.435 E359.67844
G1 X117.173 Y91.077 E359.73729
G1 X116.96 Y90.894 E359.76881
G1 X116.976 Y91.719 E359.86144
G1 X116.98 Y93.173 E360.02465
G1 X116.936 Y94.491 E360.17268
G1 X116.822 Y95.61 E360.29895
G1 X116.698 Y96.558 E360.40627
G1 X116.542 Y97.415 E360.50405
G1 X118.601 Y97.462 E360.73524
G1 X119.114 Y97.69 E360.79826
G1 X119.358 Y97.882 E360.83311
G1 X119.638 Y98.342 E360.89356
G1 X119.68 Y98.704 E360.93447
G1 X119.659 Y99.056 E360.97405
G1 X119.488 Y99.391 E361.01627
G1 X119.332 Y99.595 E361.0451
G1 X118.96 Y99.88 E361.0977
G1 X118.46 Y100.079 E361.15811
G1 X110.55 Y101.239 E362.05553
G1 F1084.3 X109.977 Y101.472 E362.14198
G1 F920.5 X108.975 Y101.606 E362.30841
G1 F941.9 X105.54 Y102.008 E362.86486
G1 F1041.1 X105.163 Y101.885 E362.92258
G1 F1242.3 X105.02 Y101.804 E362.94263
G1 F1350 X104.672 Y101.7 E362.9834
G1 X104.346 Y101.549 E363.02373
G1 X104.027 Y101.34 E363.06654
G1 X102.672 Y100.518 E363.24444
G1 X102.196 Y100.274 E363.30449
G1 X101.603 Y99.999 E363.37786
G1 X100.218 Y99.445 E363.54531
G1 X98.992 Y99.012 E363.69126
G1 X99.051 Y99.326 E363.72713
G1 X99.102 Y99.793 E363.77986
G1 X99.086 Y100.34 E363.84129
G1 X98.983 Y100.881 E363.90311
G1 X98.818 Y101.329 E363.9567
G1 X98.575 Y101.744 E364.01068
G1 X98.334 Y102.059 E364.0552
G1 X98.064 Y102.331 E364.09823
G1 X97.72 Y102.606 E364.14766
G1 F1302.3 X97.37 Y102.85 E364.19731
G1 F1194.7 X97.151 Y102.982 E364.22975
G1 F1162.1 X95.125 Y103.219 E364.49574
G1 F1216.2 X93.098 Y103.457 E364.75004
G1 F1227.3 X92.154 Y103.521 E364.86687
G1 F1255.8 X91.861 Y103.467 E364.90282
G1 F1327.9 X91.407 Y103.334 E364.95681
G1 F1350 X89.715 Y102.739 E365.15815
G1 X88.864 Y102.469 E365.25837
G1 X88.87 Y102.913 E365.30821
G1 X88.794 Y103.236 E365.34546
G1 X88.571 Y103.583 E365.39176
G1 F1341.1 X88.243 Y103.845 E365.4392
G1 F1314.9 X87.94 Y104.012 E365.47907
G1 F1310.7 X87.707 Y104.078 E365.50707
G1 F1336.6 X84.071 Y104.424 E365.92117
G1 F1350 X83.529 Y104.431 E365.98201
G1 X82.768 Y104.317 E366.06839
G1 X82.226 Y104.143 E366.13229
G1 X81.835 Y103.966 E366.18047
G1 X81.378 Y103.671 E366.24153
G1 X80.735 Y103.072 E366.34017
G1 X80.184 Y102.599 E366.42169
G1 X79.481 Y102.073 E366.52025
G1 X77.859 Y100.976 E366.74005
G1 X76.82 Y100.351 E366.87616
G1 X76.303 Y100.07 E366.94221
G1 X75.596 Y99.715 E367.03102
G1 X75.113 Y99.558 E367.08803
G1 X74.629 Y99.436 E367.14406
G1 X74.026 Y99.355 E367.21236
G1 X74.274 Y99.574 E367.24949
G1 X75.181 Y100.497 E367.39476
G1 X76.465 Y101.963 E367.61351
G1 X77.257 Y103.003 E367.76026
G1 X77.933 Y103.947 E367.89059
G1 X78.524 Y104.858 E368.01249
G1 X78.751 Y105.261 E368.06441
G1 X78.996 Y105.776 E368.12843
G1 X79.063 Y106.033 E368.15824
G1 X79.104 Y106.619 E368.22418
G1 X79.049 Y107.104 E368.27897
G1 X78.948 Y107.573 E368.33283
G1 X78.811 Y108.039 E368.38735
G1 X78.615 Y108.584 E368.45236
G1 X78.129 Y109.672 E368.58613
G1 X77.597 Y110.708 E368.71686
G1 X76.978 Y111.789 E368.85669
G1 X76.356 Y112.798 E368.98974
G1 X75.769 Y113.703 E369.11083
G1 X75.514 Y114.133 E369.16695
G1 X75.215 Y114.586 E369.22788
G1 X74.833 Y115.097 E369.29949
G1 X74.274 Y115.78 E369.39857
G1 X73.558 Y116.535 E369.51537
G1 X73.012 Y117.063 E369.60063
G1 X73.103 Y117.93 E369.69849
G1 X73.084 Y118.233 E369.73257
G1 X72.957 Y118.577 E369.77373
G1 F1345.5 X72.729 Y118.934 E369.82144
G1 F1327.9 X72.332 Y119.132 E369.87207
G1 F1265.6 X71.922 Y119.258 E369.92343
G1 F1051.9 X71.188 Y119.345 E370.0299
G1 F923.6 X70.87 Y119.343 E370.08208
G1 X70.426 Y120.674 E370.3123
G1 X71.39 Y120.17 E370.49078
G1 F1020.2 X72.009 Y119.935 E370.58914
G1 F1221.7 X72.547 Y119.703 E370.66181
G1 F1336.6 X72.82 Y119.569 E370.69629
G1 F1354.5 X74.01 Y118.909 E370.84853
G1 F1350 X74.627 Y118.535 E370.92952
G1 X75.687 Y117.81 E371.07368
G1 X76.745 Y117.028 E371.22136
G1 X77.389 Y116.52 E371.31344
G1 X78.004 Y116.009 E371.40319
G1 X78.606 Y115.478 E371.4933
G1 X79.314 Y114.812 E371.60241
G1 X80.019 Y114.093 E371.71545
G1 X80.626 Y113.431 E371.81627
G1 X82.949 Y110.764 E372.21329
G1 X83.411 Y110.275 E372.28881
G1 X83.825 Y109.909 E372.35083
G1 X84.254 Y109.636 E372.40792
G1 X84.601 Y109.471 E372.45105
G1 X85.034 Y109.339 E372.50186
G1 X85.473 Y109.269 E372.55176
G1 X85.781 Y109.249 E372.58641
G1 X86.239 Y109.259 E372.63783
G1 X86.908 Y109.314 E372.71318
G1 F1370.6 X87.218 Y109.366 E372.74794
G1 F1456.8 X88.03 Y109.603 E372.83593
G1 F1489 X88.398 Y109.739 E372.87586
G1 F1426.1 X88.835 Y109.969 E372.92833
G1 F1372.9 X89.411 Y110.569 E373.02014
G1 F1350 X89.641 Y110.842 E373.06021
G1 X89.889 Y111.175 E373.10682
G1 X90.113 Y111.539 E373.1548
G1 X90.277 Y111.892 E373.19849
G1 X90.48 Y112.443 E373.26441
G1 X90.665 Y113.08 E373.33887
G1 X90.779 Y113.653 E373.40445
G1 X92.169 Y113.206 E373.56835
G1 X92.34 Y113.164 E373.58812
G1 X94.59 Y112.483 E373.852
G1 X95.251 Y112.332 E373.92811
G1 X95.862 Y112.249 E373.99733
G1 F1341.1 X96.424 Y112.212 E374.06097
G1 F1205.4 X96.946 Y112.151 E374.12705
G1 F1128.1 X97.787 Y112.256 E374.24089
G1 F1162.1 X102.18 Y113.401 E374.83288
G1 F1167.1 X110.046 Y115.471 E375.88897
G0 F7500 X110.045 Y116.146
;TYPE:WALL-OUTER
G1 F1350 X111.386 Y116.5 E376.04466
G1 X112.181 Y116.737 E376.13778
G1 X112.713 Y116.925 E376.20112
G1 X113.3 Y117.164 E376.27226
G1 X113.87 Y117.433 E376.34301
G1 X114.471 Y117.77 E376.42036
G1 X114.715 Y117.95 E376.4544
G1 X114.973 Y118.196 E376.49441
G1 X115.227 Y118.505 E376.53931
G1 X115.416 Y118.812 E376.57978
G1 X115.583 Y119.144 E376.6215
G1 X115.715 Y119.471 E376.66108
G1 X115.832 Y119.86 E376.70668
G1 X115.92 Y120.222 E376.7485
G1 X115.986 Y120.595 E376.79102
G1 X116.036 Y121.012 E376.83817
G1 X116.076 Y121.764 E376.9227
G1 X116.059 Y122.566 E377.01275
G1 X115.985 Y123.308 E377.09645
G1 X115.873 Y123.994 E377.17448
G1 X115.741 Y124.586 E377.24256
G1 X115.593 Y125.107 E377.30336
G1 X115.427 Y125.608 E377.36261
G1 X114.817 Y127.126 E377.54625
G1 X114.466 Y127.952 E377.64699
G1 X113.465 Y130.172 E377.92036
G1 X113.931 Y130.071 E377.97388
G1 X114.397 Y129.923 E378.02877
G1 X114.876 Y129.736 E378.08649
G1 X115.696 Y129.344 E378.18851
G1 X116.135 Y129.072 E378.24648
G1 X117.318 Y128.256 E378.40781
G1 X118.083 Y127.687 E378.51483
G1 X118.955 Y126.977 E378.64106
G1 X119.836 Y126.203 E378.7727
G1 X120.777 Y125.298 E378.91925
G1 X121.678 Y124.322 E379.06836
G1 X122.525 Y123.304 E379.21701
G1 X123.279 Y122.321 E379.35608
G1 X123.957 Y121.377 E379.48654
G1 X124.927 Y119.921 E379.68293
G1 X125.28 Y119.359 E379.75743
G1 X134.216 Y104.394 E381.71399
G1 X134.338 Y104.328 E381.72957
G1 X134.585 Y104.347 E381.75737
G1 X136.594 Y105.872 E382.0405
G1 X138.008 Y104.015 E382.30251
G1 X138.196 Y103.914 E382.32646
G1 X138.348 Y103.933 E382.34366
G1 X140.409 Y104.917 E382.60003
G1 X141.549 Y102.782 E382.87171
G1 X141.634 Y102.706 E382.88451
G1 X141.835 Y102.667 E382.9075
G1 X144.28 Y103.369 E383.19304
G1 X145.329 Y102.135 E383.37485
G1 X144.985 Y101.955 E383.41843
G1 X144.492 Y101.726 E383.47945
G1 X143.797 Y101.44 E383.56382
G1 X142.652 Y101.002 E383.70143
G1 X141.377 Y100.564 E383.85276
G1 X140.725 Y100.366 E383.92925
G1 X140.15 Y100.212 E383.99607
G1 X138.307 Y99.823 E384.20751
G1 X136.142 Y99.413 E384.45486
G1 X133.702 Y98.983 E384.73298
G1 X132.527 Y98.814 E384.86623
G1 X132.252 Y98.829 E384.89715
G1 X131.981 Y98.933 E384.92973
G1 X131.725 Y99.156 E384.96784
G1 X124.666 Y111.968 E386.60987
G1 X122.887 Y115.129 E387.01704
G1 X122.596 Y115.569 E387.07625
G1 X122.273 Y115.92 E387.1298
G1 X122.01 Y116.152 E387.16916
G1 X121.77 Y116.316 E387.20179
G1 X121.47 Y116.479 E387.24012
G1 X121.077 Y116.616 E387.28684
G1 X120.669 Y116.688 E387.33335
G1 X120.217 Y116.69 E387.38409
G1 X119.951 Y116.651 E387.41426
G1 X102.513 Y112.103 E389.43721
G1 X88.007 Y108.471 E391.11582
G1 X87.592 Y108.259 E391.16813
G1 X87.251 Y107.986 E391.21716
G1 X86.893 Y107.321 E391.30194
G1 X86.869 Y106.686 E391.37327
G1 X86.96 Y106.297 E391.41812
G1 X87.128 Y105.94 E391.46241
G1 X87.37 Y105.605 E391.5088
G1 X87.779 Y105.346 E391.56314
G1 X88.119 Y105.217 E391.60396
G1 X122.645 Y101.901 E395.49744
G1 X123.741 Y101.805 E395.62094
G1 X123.917 Y101.59 E395.65213
G1 X125.115 Y98.504 E396.02373
G1 X125.107 Y98.414 E396.03387
G1 X124.184 Y98.449 E396.13756
G1 X123.743 Y98.448 E396.18706
G1 X123.418 Y98.294 E396.22743
G1 X123.211 Y98.107 E396.25874
G1 X123.071 Y97.911 E396.28578
G1 X122.616 Y96.969 E396.40321
G1 X122.032 Y95.89 E396.54094
G1 X121.667 Y95.294 E396.61939
G1 X121.234 Y94.636 E396.70781
G1 X120.768 Y94.006 E396.79577
G1 X120.27 Y93.411 E396.88287
G1 X119.039 Y92.076 E397.08671
G1 X117.966 Y90.997 E397.25753
G1 X117.564 Y90.622 E397.31924
G1 X117.181 Y90.294 E397.37584
G1 X116.853 Y90.037 E397.42262
G1 X116.608 Y89.877 E397.45547
G1 X116.406 Y89.792 E397.48007
G1 X116.342 Y89.988 E397.50321
G1 X116.376 Y91.721 E397.69778
G1 X116.38 Y93.154 E397.85864
G1 X116.339 Y94.431 E398.00206
G1 X116.227 Y95.532 E398.12629
G1 X116.1 Y96.495 E398.23533
G1 X115.892 Y97.631 E398.36497
G1 X115.815 Y97.937 E398.40039
G1 X115.943 Y98.004 E398.41661
G1 X118.459 Y98.055 E398.69909
G1 X118.856 Y98.227 E398.74766
G1 X119.087 Y98.587 E398.79567
G1 X119.057 Y98.967 E398.83846
G1 X118.855 Y99.231 E398.87578
G1 X118.731 Y99.326 E398.89331
G1 X118.328 Y99.49 E398.94215
G1 X108.885 Y100.878 E400.01355
G1 X105.612 Y101.283 E400.38375
G1 X105.19 Y101.228 E400.43152
G1 X104.866 Y101.129 E400.46955
G1 X104.548 Y100.976 E400.50917
G1 X104.358 Y100.839 E400.53546
G1 X102.965 Y99.994 E400.71835
G1 X102.46 Y99.734 E400.78211
G1 X101.841 Y99.448 E400.85865
G1 X100.446 Y98.889 E401.02735
G1 X99.123 Y98.423 E401.1848
G1 X98.249 Y98.15 E401.28759
G1 X98.099 Y98.166 E401.30452
G1 X98.275 Y98.64 E401.36128
G1 X98.377 Y99.002 E401.4035
G1 X98.455 Y99.391 E401.44803
G1 X98.499 Y99.795 E401.49365
G1 X98.483 Y100.301 E401.55048
G1 X98.394 Y100.745 E401.60131
G1 X98.261 Y101.093 E401.64313
G1 X98.091 Y101.39 E401.68154
G1 X97.927 Y101.614 E401.71271
G1 X97.688 Y101.863 E401.75145
G1 X97.311 Y102.162 E401.80546
G1 X97.003 Y102.347 E401.8458
G1 X93.026 Y102.836 E402.29559
G1 X92.068 Y102.891 E402.4033
G1 X91.565 Y102.754 E402.46182
G1 X89.897 Y102.167 E402.66032
G1 X88.957 Y101.87 E402.77098
G1 X87.831 Y101.559 E402.90211
G1 X88.213 Y102.398 E403.00559
G1 X88.281 Y102.659 E403.03587
G1 X88.228 Y103.02 E403.07682
G1 X88.02 Y103.28 E403.1142
G1 X87.647 Y103.476 E403.1615
G1 X84.013 Y103.827 E403.57132
G1 X83.557 Y103.832 E403.62251
G1 X82.893 Y103.73 E403.69792
G1 X82.394 Y103.565 E403.75692
G1 X82.123 Y103.44 E403.79042
G1 X81.763 Y103.206 E403.83862
G1 X81.135 Y102.624 E403.93473
G1 X80.56 Y102.131 E404.01975
G1 X79.853 Y101.601 E404.11894
G1 X78.182 Y100.47 E404.34544
G1 X77.107 Y99.824 E404.48623
G1 X76.573 Y99.534 E404.55444
G1 X75.825 Y99.159 E404.64836
G1 X75.28 Y98.981 E404.71272
G1 X74.754 Y98.848 E404.77363
G1 X73.795 Y98.718 E404.88226
G1 X73.004 Y98.645 E404.97143
G1 X72.706 Y98.649 E405.00488
G1 X72.432 Y98.69 E405.03598
G1 X72.587 Y98.881 E405.0636
G1 X73.891 Y100.037 E405.25921
G1 X74.73 Y100.893 E405.39376
G1 X75.987 Y102.326 E405.60773
G1 X76.769 Y103.353 E405.75263
G1 X77.452 Y104.308 E405.88443
G1 X78.031 Y105.202 E406.00399
G1 X78.236 Y105.571 E406.05138
G1 X78.459 Y106.056 E406.1113
G1 X78.499 Y106.634 E406.17634
G1 X78.457 Y107.008 E406.21858
G1 X78.362 Y107.445 E406.26878
G1 X78.231 Y107.883 E406.3201
G1 X78.051 Y108.379 E406.37933
G1 X77.595 Y109.398 E406.50465
G1 X77.057 Y110.446 E406.63689
G1 X76.468 Y111.474 E406.76988
G1 X75.852 Y112.472 E406.90153
G1 X75.259 Y113.387 E407.02393
G1 X74.99 Y113.838 E407.08287
G1 X74.713 Y114.255 E407.13907
G1 X74.369 Y114.718 E407.20382
G1 X73.838 Y115.367 E407.29795
G1 X73.113 Y116.132 E407.41626
G1 X72.527 Y116.699 E407.50779
G1 X72.399 Y116.966 E407.54103
G1 X72.514 Y118.058 E407.66429
G1 X72.371 Y118.432 E407.70923
G1 X72.241 Y118.528 E407.72737
G1 X71.887 Y118.612 E407.76821
G1 X70.34 Y118.602 E407.94187
G1 X69.152 Y122.161 E408.36305
G1 X71.273 Y121.067 E408.63095
G1 X73.446 Y119.915 E408.90703
G1 X74.287 Y119.443 E409.01529
G1 X74.929 Y119.055 E409.09949
G1 X76.043 Y118.293 E409.251
G1 X77.094 Y117.517 E409.39765
G1 X77.772 Y116.982 E409.4946
G1 X78.4 Y116.459 E409.58634
G1 X79.01 Y115.922 E409.67756
G1 X79.734 Y115.241 E409.78914
G1 X80.418 Y114.545 E409.89868
G1 X81.056 Y113.851 E410.0045
G1 X83.41 Y111.149 E410.40677
G1 X83.858 Y110.678 E410.47974
G1 X84.197 Y110.38 E410.5304
G1 X84.53 Y110.169 E410.57465
G1 X84.835 Y110.024 E410.61256
G1 X85.171 Y109.923 E410.65195
G1 X85.512 Y109.868 E410.69072
G1 X85.82 Y109.848 E410.72537
G1 X86.189 Y109.857 E410.7668
G1 X86.858 Y109.912 E410.84215
G1 X87.235 Y109.967 E410.88492
G1 X87.515 Y110.031 E410.91716
G1 X87.812 Y110.123 E410.95206
G1 X88.163 Y110.269 E410.99474
G1 X88.456 Y110.442 E411.03293
G1 X88.953 Y110.957 E411.11327
G1 X89.163 Y111.206 E411.14984
G1 X89.382 Y111.495 E411.19054
G1 X89.571 Y111.798 E411.23063
G1 X89.714 Y112.1 E411.26814
G1 X89.918 Y112.651 E411.33409
G1 X90.078 Y113.202 E411.3985
G1 X90.178 Y113.684 E411.45375
G1 X90.237 Y114.136 E411.50492
G1 X90.282 Y114.231 E411.51672
G1 X90.485 Y114.308 E411.54109
G1 X90.694 Y114.311 E411.56456
G1 X92.315 Y113.788 E411.75576
G1 X92.5 Y113.742 E411.77716
G1 X94.727 Y113.067 E412.03837
G1 X95.334 Y112.926 E412.10833
G1 X95.878 Y112.85 E412.16998
G1 X96.404 Y112.816 E412.22915
G1 X96.89 Y112.817 E412.28371
G1 X97.705 Y112.889 E412.37555
G1 X110.045 Y116.146 E413.80819
G0 F7500 X110.327 Y115.078
G0 X111.644 Y115.485
G0 X110.407 Y115.232
G0 X114.634 Y117.474
G0 X115.241 Y117.982
G0 X115.707 Y118.633
G0 X116.158 Y119.757
G0 X116.375 Y120.97
G0 X116.398 Y122.582
G0 X116.123 Y126.205
G0 X115.122 Y128.654
G0 X116.852 Y127.604
G0 X116.649 Y127.329
;TYPE:SKIN
G1 F1350 X115.682 Y127.999 E413.94025
G1 X115.864 Y127.569 E413.99266
G1 X116.483 Y126.028 E414.17908
G1 X116.673 Y125.469 E414.24535
G1 X116.837 Y124.895 E414.31236
G1 X116.996 Y124.181 E414.39447
G1 X117.117 Y123.441 E414.47864
G1 X117.197 Y122.65 E414.56789
G1 X117.212 Y121.687 E414.676
G1 X117.171 Y120.929 E414.76121
G1 X117.111 Y120.405 E414.82042
G1 X117.028 Y119.946 E414.87278
G1 X116.936 Y119.572 E414.91601
G1 X116.779 Y119.066 E414.97548
G1 X116.638 Y118.718 E415.01763
G1 X116.434 Y118.302 E415.06964
G1 X116.157 Y117.844 E415.12973
G1 X115.854 Y117.472 E415.18358
G1 X115.498 Y117.113 E415.24034
G1 X115.086 Y116.806 E415.29801
G1 X114.33 Y116.382 E415.39531
G1 X114.382 Y116.379 E415.40116
G1 X119.724 Y117.767 E416.02072
G1 X120.127 Y117.831 E416.06653
G1 X120.716 Y117.833 E416.13265
G1 X121.357 Y117.724 E416.20563
G1 X121.953 Y117.515 E416.27653
G1 X122.389 Y117.274 E416.33245
G1 X122.781 Y116.991 E416.38672
G1 X123.12 Y116.681 E416.43829
G1 X123.489 Y116.285 E416.49905
G1 X123.843 Y115.753 E416.57078
G1 X125.658 Y112.523 E416.98668
G1 X132.575 Y99.971 E418.59546
G1 X133.504 Y100.106 E418.70083
G1 X136.132 Y100.57 E419.0004
G1 X138.077 Y100.941 E419.22267
G1 X139.865 Y101.316 E419.42774
G1 X140.419 Y101.463 E419.49208
G1 X141.159 Y101.687 E419.57887
G1 X141.041 Y101.733 E419.59309
G1 X140.604 Y102.118 E419.65846
G1 X139.914 Y103.413 E419.82318
G1 X138.747 Y102.863 E419.968
G1 X138.474 Y102.786 E419.99984
G1 X138.039 Y102.783 E420.04867
G1 X137.559 Y102.933 E420.10512
G1 X137.181 Y103.221 E420.15846
G1 X136.375 Y104.276 E420.3075
G1 X135.128 Y103.331 E420.48313
G1 X134.697 Y103.192 E420.53397
G1 X134.322 Y103.174 E420.57611
G1 X133.969 Y103.248 E420.6166
G1 X133.538 Y103.481 E420.67159
G1 X133.194 Y103.878 E420.73056
G1 X124.352 Y118.683 E422.66629
G1 X123.994 Y119.26 E422.74252
G1 X123.021 Y120.721 E422.93956
G1 X122.338 Y121.674 E423.07118
G1 X121.633 Y122.592 E423.20111
G1 X120.826 Y123.558 E423.3424
G1 X119.949 Y124.51 E423.4877
G1 X119.096 Y125.331 E423.6206
G1 X118.205 Y126.113 E423.75367
G1 X117.402 Y126.77 E423.87014
G1 X116.649 Y127.329 E423.97541
G0 F7500 X116.852 Y127.604
G0 X115.122 Y128.654
G0 X116.583 Y124.488
G0 X117.204 Y124.626
G1 F1350 X125.27 Y116.56 E425.25589
G0 F7500 X125.821 Y116.89
G0 X123.249 Y120.887
G0 X121.853 Y122.767
G0 X120.162 Y124.695
G0 X118.37 Y126.345
G0 X116.804 Y127.565
G0 X115.668 Y128.349
G0 X115.122 Y128.654
G0 X116.896 Y120.967
G0 X114.921 Y117.032
G0 X114.213 Y116.641
G0 X113.203 Y115.968
G0 X114.41 Y116.098
G0 X121.112 Y117.139
G0 X123.318 Y115.931
G0 X123.85 Y116.283
G1 F1350 X127.786 Y112.347 E425.88072
G1 F3600 E421.88072
G0 F7500 X128.336 Y112.677
G0 X134.345 Y103.454
G0 X136.427 Y104.651
G0 X138.417 Y103.062
G0 X140.031 Y103.77
G0 X141.193 Y101.967
G0 X142.019 Y101.753
G0 X140.502 Y101.198
G0 X135.992 Y100.26
G0 X132.429 Y99.677
G0 X125.553 Y112.019
G0 X126.11 Y112.327
G1 F3600 E425.88072
G1 F1350 X130.301 Y108.135 E426.54612
G1 F3600 E422.54612
G0 F7500 X130.852 Y108.465
G0 X134.345 Y103.454
G0 X136.427 Y104.651
G0 X138.417 Y103.062
G0 X140.031 Y103.77
G0 X141.193 Y101.967
G0 X142.019 Y101.753
G0 X140.502 Y101.198
G0 X135.992 Y100.26
G0 X132.429 Y99.677
G0 X128.676 Y106.349
G0 X129.234 Y106.657
G1 F3600 E426.54612
G1 F1350 X135.184 Y100.707 E427.49068
G0 F7500 X135.905 Y100.834
G1 F1350 X133.679 Y103.06 E427.84406
G0 F7500 X133.447 Y104.119
G0 X134.638 Y103.53
G0 X134.694 Y102.894
G1 F1350 X136.619 Y100.968 E428.14973
G0 F7500 X137.332 Y101.104
G1 F1350 X135.325 Y103.111 E428.46834
G0 F7500 X135.81 Y103.475
G1 F1350 X138.044 Y101.241 E428.82299
G0 F7500 X138.746 Y101.388
G1 F1350 X137.492 Y102.641 E429.02198
G0 F7500 X137.375 Y103.528
G0 X138.409 Y103.122
G0 X138.5 Y102.482
G1 F1350 X139.447 Y101.535 E429.17232
G0 F7500 X140.131 Y101.7
G1 F1350 X139.124 Y102.707 E429.33218
G0 F7500 X139.7 Y102.979
G1 F1350 X139.927 Y102.753 E429.36814
G0 F7500 X140.492 Y103.054
G0 X140.031 Y103.77
G0 X138.049 Y103.423
G0 X136.959 Y104.072
G0 X136.45 Y103.683
G1 F1350 X136.293 Y103.84 E429.39306
G0 F7500 X136.826 Y104.246
G0 X136.427 Y104.651
G0 X134.259 Y103.69
G0 X133.367 Y104.253
G0 X132.817 Y103.923
G1 F1350 X128.192 Y108.547 E430.1272
G1 F3600 E426.1272
G0 F7500 X127.635 Y108.239
G0 X132.429 Y99.677
G0 X135.992 Y100.26
G0 X140.502 Y101.198
G0 X142.019 Y101.753
G0 X141.193 Y101.967
G0 X140.031 Y103.77
G0 X137.693 Y103.186
G0 X136.427 Y104.651
G0 X134.296 Y103.627
G0 X129.594 Y110.571
G0 X129.043 Y110.241
G1 F3600 E430.1272
G1 F1350 X125.03 Y114.255 E430.76434
G1 F3600 E426.76434
G0 F7500 X124.474 Y113.941
G0 X121.314 Y117.449
G0 X114.41 Y116.098
G0 X113.203 Y115.968
G0 X116.668 Y119.657
G0 X116.224 Y125.931
G0 X115.122 Y128.654
G0 X115.668 Y128.349
G0 X117.555 Y127.007
G0 X119.278 Y125.547
G0 X121.031 Y123.754
G0 X122.588 Y121.807
G0 X124.21 Y119.399
G0 X127.078 Y114.784
G0 X126.528 Y114.454
G1 F3600 E430.76434
G1 F1350 X117.397 Y123.585 E432.21388
G0 F7500 X117.498 Y122.636
G1 F1350 X122.753 Y117.38 E433.04819
G0 F7500 X121.864 Y117.182
G0 X121.236 Y118.049
G1 F1350 X117.511 Y121.774 E433.63953
G0 F7500 X117.473 Y120.963
G1 F1350 X120.306 Y118.13 E434.08927
G0 F7500 X119.556 Y118.032
G1 F1350 X117.38 Y120.207 E434.43463
G0 F7500 X117.23 Y119.51
G1 F1350 X118.883 Y117.856 E434.69712
G0 F7500 X118.209 Y117.682
G1 F1350 X117.023 Y118.867 E434.88532
G0 F7500 X116.759 Y118.283
G1 F1350 X117.535 Y117.507 E435.00851
G0 F7500 X116.862 Y117.332
G1 F1350 X116.448 Y117.745 E435.07415
G0 F7500 X116.074 Y117.271
G1 F1350 X116.188 Y117.157 E435.09225
G0 F7500 X115.794 Y117.929
G0 X116.844 Y123.374
G0 X115.122 Y128.654
G0 X115.668 Y128.349
G0 X117.555 Y127.007
G0 X119.278 Y125.547
G0 X120.698 Y124.094
G0 X122.781 Y121.642
G0 X122.261 Y121.267
G1 F1350 X116.371 Y127.156 E436.02721
G0 F7500 X116.736 Y127.685
G0 X115.122 Y128.654
G0 X116.273 Y125.599
G0 X116.877 Y125.802
G1 F1350 X124.005 Y118.674 E437.15878
G1 F3600 E433.15878
G0 F7500 X124.548 Y119.014
G0 X121.853 Y122.767
G0 X120.162 Y124.695
G0 X118.37 Y126.345
G0 X116.804 Y127.565
G0 X115.668 Y128.349
G0 X115.122 Y128.654
G0 X116.896 Y120.967
G0 X114.921 Y117.032
G0 X114.213 Y116.641
G0 X113.203 Y115.968
G0 X114.41 Y116.098
G0 X121.857 Y117.255
G0 X126.594 Y110.129
G0 X127.151 Y110.437
G1 F3600 E437.15878
G1 F1350 X131.559 Y106.029 E437.85854
G0 F7500 X132.109 Y106.359
G0 X134.345 Y103.454
G0 X136.427 Y104.651
G0 X138.417 Y103.062
G0 X140.031 Y103.77
G0 X141.193 Y101.967
G0 X142.019 Y101.753
G0 X140.502 Y101.198
G0 X135.992 Y100.26
G0 X132.429 Y99.677
G0 X129.718 Y104.459
G0 X130.275 Y104.767
G1 F1350 X134.463 Y100.58 E438.52331
G0 F7500 X133.742 Y100.452
G1 F1350 X131.316 Y102.878 E438.90844
G0 F7500 X130.758 Y102.57
G0 X131.8 Y100.68
G0 X132.358 Y100.988
G1 F1350 X133.008 Y100.337 E439.0117
G1 F3600 E435.0117
G0 F7500 X133.099 Y99.706
G0 X132.429 Y99.677
G0 X122.875 Y115.769
G0 X122.235 Y116.41
G0 X121.63 Y116.781
G0 X121.193 Y116.941
G0 X120.67 Y117.032
G0 X119.88 Y116.985
G0 X87.903 Y108.797
G0 X87.436 Y108.566
G0 X86.888 Y108.034
G0 X86.558 Y107.412
G0 X86.528 Y106.658
G0 X86.649 Y106.153
G0 X86.821 Y105.791
G0 X87.138 Y105.353
G0 X87.661 Y105.02
G0 X88.054 Y104.883
G0 X110.661 Y102.187
G0 X109.446 Y101.986
G0 X110.437 Y101.522
G0 X110.706 Y101.831
G1 F3600 E439.0117
G1 F1067.2 X111.376 Y101.75 E439.10753
G1 F1021.4 X112.046 Y101.669 E439.20766
G1 F979.4 X112.716 Y101.588 E439.31208
G1 F940.8 X113.386 Y101.507 E439.42079
G1 F905 X114.056 Y101.426 E439.53379
G1 F871.9 X114.726 Y101.345 E439.65109
G1 F841.1 X115.396 Y101.263 E439.7727
G1 F812.4 X116.066 Y101.182 E439.89859
G0 F7500 X116.685 Y101.37
G1 F1255.8 X116.375 Y101.276 E439.93768
G1 F909.1 X116.065 Y101.182 E439.99168
G1 X116.344 Y101.018 E440.04562
G1 F1255.8 X116.624 Y100.853 E440.08484
G1 F1478.1 X118.629 Y100.585 E440.29223
G1 F1377.6 X119.196 Y100.367 E440.35906
G1 F1350 X119.74 Y99.945 E440.43634
G1 X119.944 Y99.673 E440.47451
G1 X120.188 Y99.188 E440.53545
G1 X120.22 Y98.734 E440.58654
G1 X120.165 Y98.269 E440.6391
G1 X120.045 Y97.968 E440.67548
G1 X119.891 Y97.722 E440.70806
G1 X119.692 Y97.463 E440.74472
G1 X119.361 Y97.2 E440.79218
G1 X118.941 Y97.019 E440.84352
G1 X118.56 Y96.915 E440.88785
G1 X117.195 Y96.886 E441.04111
G1 X117.362 Y95.649 E441.18123
G1 X117.479 Y94.458 E441.31556
G1 X117.52 Y93.178 E441.45932
G1 X117.514 Y92.162 E441.57337
G1 X118.194 Y92.843 E441.6814
G1 X119.418 Y94.171 E441.88413
G1 X119.86 Y94.699 E441.96143
G1 X120.29 Y95.277 E442.0423
G1 X120.668 Y95.851 E442.11945
G1 X121.049 Y96.469 E442.20094
G1 X121.572 Y97.438 E442.32455
G1 X122.057 Y98.439 E442.44941
G1 X122.404 Y98.938 E442.51763
G1 X122.868 Y99.296 E442.58342
G1 X123.242 Y99.469 E442.62968
G1 X123.494 Y99.529 E442.65875
G1 X123.031 Y100.722 E442.8024
G1 X119.332 Y101.077 E443.21954
G1 F1396.6 X118.009 Y101.223 E443.36397
G1 F1494.5 X116.685 Y101.37 E443.49905
G0 F7500 X110.43 Y102.165
G0 X122.771 Y101.09
G0 X122.711 Y100.452
G1 F1350 X122.879 Y100.284 E443.52572
G0 F7500 X122.746 Y99.568
G1 F1350 X121.773 Y100.541 E443.68018
G0 F7500 X120.834 Y100.632
G1 F1350 X122.261 Y99.205 E443.90672
G0 F7500 X121.889 Y98.728
G1 F1350 X119.896 Y100.722 E444.22319
G0 F7500 X118.732 Y100.191
G0 X119.879 Y98.746
G0 X120.461 Y99.307
G1 F1350 X121.595 Y98.174 E444.40313
G0 F7500 X121.318 Y97.602
G1 F1350 X120.49 Y98.43 E444.53457
G0 F7500 X120.285 Y97.787
G1 F1350 X121.021 Y97.05 E444.65149
G0 F7500 X120.719 Y96.505
G1 F1350 X119.937 Y97.287 E444.77563
G0 F7500 X119.456 Y96.918
G1 F1350 X120.393 Y95.981 E444.92438
G0 F7500 X120.057 Y95.469
G1 F1350 X118.843 Y96.683 E445.1171
G0 F7500 X118.072 Y96.606
G1 F1350 X119.695 Y94.983 E445.37476
G0 F7500 X119.314 Y94.515
G1 F1350 X117.585 Y96.244 E445.64923
G0 F7500 X117.699 Y95.281
G1 F1350 X118.913 Y94.068 E445.84188
G0 F7500 X118.506 Y93.626
G1 F1350 X117.783 Y94.349 E445.95665
G0 F7500 X117.811 Y93.472
G1 F1350 X118.1 Y93.184 E446.00245
G1 F3600 E442.00245
G0 F7500 X118.571 Y92.75
G0 X117.258 Y91.545
G0 X116.215 Y97.685
G0 X118.527 Y97.717
G0 X119.096 Y97.965
G0 X119.42 Y98.485
G0 X119.41 Y99.067
G0 X119.018 Y99.573
G0 X118.414 Y99.823
G0 X108.724 Y101.247
G0 X105.613 Y101.625
G0 X104.767 Y101.456
G0 X99.343 Y99.432
G0 X97.929 Y102.812
G0 X91.256 Y103.559
G0 X89.168 Y102.851
G0 X88.033 Y104.305
G0 X88.538 Y104.288
G0 X96.502 Y103.508
G0 X88.968 Y103.977
G1 F3600 E446.00245
G1 F1296 X89.283 Y103.48 E446.07125
G1 X89.36 Y103.204 E446.10476
G1 X91.013 Y103.78 E446.30944
G1 X88.968 Y103.977 E446.54967
G0 F7500 X96.502 Y103.508
G0 X88.924 Y104.275
G0 X88.033 Y104.305
G0 X89.168 Y102.851
G0 X93.144 Y103.74
G0 X94.156 Y103.634
G0 X98.509 Y102.167
G0 X98.481 Y102.684
G1 F1350 X98.777 Y102.376 E446.59763
G1 X99.014 Y102.051 E446.64278
G1 X99.323 Y101.527 E446.71106
G1 X99.512 Y100.995 E446.77444
G1 X99.62 Y100.415 E446.84066
G1 X99.633 Y99.814 E446.90814
G1 X100.037 Y99.956 E446.95621
G1 X101.377 Y100.488 E447.11805
G1 X101.968 Y100.762 E447.19118
G1 X102.389 Y100.979 E447.24435
G1 X103.731 Y101.792 E447.42048
G1 X104.123 Y102.041 E447.47261
G1 X104.493 Y102.208 E447.51817
G1 X104.833 Y102.311 E447.55805
G1 X104.951 Y102.39 E447.57399
G1 X104.805 Y102.466 E447.59247
G1 X97.935 Y103.126 E448.3672
G1 X98.481 Y102.684 E448.44605
G0 F7500 X98.509 Y102.167
G0 X99.343 Y99.432
G0 X101.499 Y100.239
G0 X105.166 Y102.143
G0 X103.402 Y101.942
G1 F1350 X103.004 Y102.34 E448.50924
G0 F7500 X102.873 Y101.622
G1 F1350 X102.067 Y102.429 E448.63727
G0 F7500 X101.128 Y102.518
G1 F1350 X102.345 Y101.302 E448.83039
G0 F7500 X101.789 Y101.009
G1 F1350 X100.191 Y102.608 E449.08415
G0 F7500 X99.253 Y102.697
G1 F1350 X101.207 Y100.743 E449.39435
G0 F7500 X100.6 Y100.501
G1 F1350 X99.681 Y101.42 E449.54024
G1 F3600 E445.54024
G0 F7500 X99.081 Y101.198
G0 X99.343 Y99.432
G0 X101.499 Y100.239
G0 X104.953 Y102.057
G0 X106.041 Y102.416
G0 X104.887 Y102.739
G0 X88.054 Y104.883
G0 X87.661 Y105.02
G0 X87.138 Y105.353
G0 X86.821 Y105.791
G0 X86.649 Y106.153
G0 X86.528 Y106.658
G0 X86.558 Y107.412
G0 X86.888 Y108.034
G0 X87.436 Y108.566
G0 X87.903 Y108.797
G0 X96.453 Y111.474
G0 X97.571 Y111.861
G0 X92.168 Y113
G0 X92.208 Y112.639
G1 F3600 E449.54024
G1 F1350 X92.039 Y112.68 E449.55976
G1 X91.194 Y112.951 E449.65937
G1 X90.992 Y112.274 E449.73868
G1 X90.782 Y111.707 E449.80655
G1 X90.574 Y111.247 E449.86322
G1 X90.336 Y110.871 E449.91317
G1 X90.076 Y110.527 E449.96157
G1 X89.704 Y110.075 E450.02729
G1 X96.152 Y111.684 E450.77329
G1 X95.825 Y111.708 E450.81009
G1 X95.183 Y111.794 E450.8828
G1 X94.433 Y111.964 E450.96913
G1 X92.208 Y112.639 E451.23013
G0 F7500 X92.168 Y113
G0 X97.571 Y111.861
G0 X96.878 Y111.623
G0 X93.91 Y111.434
G1 F1350 X93.37 Y111.974 E451.31586
G0 F7500 X93.231 Y111.264
G1 F1350 X92.153 Y112.342 E451.48699
G0 F7500 X91.327 Y112.32
G1 F1350 X92.552 Y111.095 E451.68146
G0 F7500 X91.873 Y110.925
G1 F1350 X91.099 Y111.699 E451.80433
G0 F7500 X90.84 Y111.11
G1 F1350 X91.194 Y110.756 E451.86053
G1 F3600 E447.86053
G0 F7500 X96.878 Y111.623
G0 X97.571 Y111.861
G0 X90.489 Y113.514
G0 X90.025 Y111.957
G0 X89.426 Y110.992
G0 X88.672 Y110.177
G0 X87.916 Y109.797
G0 X86.911 Y109.578
G0 X85.83 Y109.512
G0 X85.092 Y109.595
G0 X84.356 Y109.876
G0 X83.613 Y110.447
G0 X79.466 Y114.567
G0 X74.839 Y118.147
G0 X74.565 Y117.744
G1 F3600 E451.86053
G1 F916.3 X74.254 Y117.966 E451.92372
G1 F923.6 X73.753 Y118.268 E452.0197
G1 X73.777 Y117.851 E452.08824
G1 X73.722 Y117.319 E452.17599
G1 F916.3 X74.003 Y117.056 E452.23964
G1 F990.2 X74.239 Y116.703 E452.30463
G1 F1203.6 X74.476 Y116.35 E452.35816
G1 F1350 X74.662 Y116.155 E452.38841
G1 X75.27 Y115.41 E452.49636
G1 X75.65 Y114.899 E452.56784
G1 X75.974 Y114.415 E452.63322
G1 X76.223 Y113.994 E452.68813
G1 X76.804 Y113.095 E452.80828
G1 X77.428 Y112.082 E452.94184
G1 X78.04 Y111.023 E453.07913
G1 X78.611 Y109.915 E453.21906
G1 X79.115 Y108.782 E453.35825
G1 X79.319 Y108.213 E453.42611
G1 X79.475 Y107.689 E453.48748
G1 X79.578 Y107.203 E453.54325
G1 X79.643 Y106.655 E453.60519
G1 X79.604 Y106.027 E453.67582
G1 X79.551 Y105.688 E453.71434
G1 X79.272 Y105.092 E453.78821
G1 X79.007 Y104.61 E453.84995
G1 X78.373 Y103.628 E453.98116
G1 X77.7 Y102.692 E454.11057
G1 X76.891 Y101.63 E454.26043
G1 X75.859 Y100.453 E454.43615
G1 X76.564 Y100.828 E454.52579
G1 X77.544 Y101.418 E454.65419
G1 X79.168 Y102.512 E454.874
G1 X79.812 Y102.996 E454.96443
G1 X80.372 Y103.472 E455.04693
G1 X81.023 Y104.08 E455.14692
G1 X81.591 Y104.445 E455.22271
G1 X82.052 Y104.654 E455.27953
G1 X82.657 Y104.846 E455.35078
G1 X83.476 Y104.968 E455.44373
G1 X84.096 Y104.961 E455.51333
G1 X86.683 Y104.72 E455.80499
G1 X86.442 Y104.945 E455.842
G1 X86.113 Y105.406 E455.90557
G1 X85.876 Y105.917 E455.9688
G1 X85.721 Y106.573 E456.04447
G1 X85.762 Y107.497 E456.14829
G1 X85.905 Y107.903 E456.19661
G1 X86.286 Y108.601 E456.28588
G1 X86.395 Y108.719 E456.30391
G1 X85.744 Y108.708 E456.377
G1 X85.44 Y108.728 E456.41119
G1 X84.929 Y108.807 E456.46924
G1 X84.426 Y108.952 E456.528
G1 X83.985 Y109.163 E456.58288
G1 X83.505 Y109.471 E456.6469
G1 X83.04 Y109.879 E456.71634
G1 X82.574 Y110.369 E456.79225
G1 X80.22 Y113.072 E457.1946
G1 X79.614 Y113.733 E457.29526
G1 X78.95 Y114.409 E457.40163
G1 X78.242 Y115.078 E457.51097
G1 X77.662 Y115.587 E457.59759
G1 X77.06 Y116.09 E457.68565
G1 X76.453 Y116.57 E457.77252
G1 X75.351 Y117.382 E457.92618
G1 F1203.6 X74.958 Y117.563 E457.98066
G1 F990.2 X74.565 Y117.744 E458.04687
G0 F7500 X74.839 Y118.147
G0 X77.831 Y115.814
G0 X84.973 Y109.086
G0 X87.154 Y109.044
G0 X86.251 Y107.821
G0 X85.578 Y107.887
G1 F1350 X84.965 Y108.499 E458.14411
G0 F7500 X85.064 Y109.132
G0 X87.154 Y109.044
G0 X86.085 Y107.141
G0 X85.447 Y107.169
G1 F1350 X83.486 Y109.13 E458.45542
G0 F7500 X84.27 Y109.406
G0 X82.18 Y111.342
G0 X81.696 Y110.92
G1 F1350 X76.335 Y116.281 E459.30647
G0 F7500 X76.73 Y116.784
G0 X73.875 Y118.686
G0 X72.829 Y119.281
G0 X72.381 Y119.398
G0 X73.289 Y117.164
G0 X75.46 Y114.578
G0 X75.99 Y114.929
G1 F1350 X85.817 Y105.102 E460.86651
G0 F7500 X84.883 Y105.188
G1 F1350 X77.448 Y112.622 E462.04673
G0 F7500 X76.906 Y112.288
G0 X77.72 Y110.9
G0 X78.567 Y110.654
G1 F1350 X83.96 Y105.262 E462.90279
G0 F7500 X83.148 Y105.225
G1 F1350 X79.323 Y109.051 E463.51008
G0 F7500 X78.741 Y108.791
G0 X79.145 Y107.613
G0 X79.767 Y107.757
G1 F1350 X82.436 Y105.089 E463.93371
G0 F7500 X81.806 Y104.87
G1 F1350 X79.936 Y106.741 E464.23065
G0 F7500 X79.892 Y105.935
G1 F1350 X81.247 Y104.58 E464.44575
G0 F7500 X80.747 Y104.232
G1 F1350 X79.694 Y105.285 E464.61292
G0 F7500 X79.411 Y104.72
G1 F1350 X80.308 Y103.822 E464.7554
G0 F7500 X79.856 Y103.426
G1 F1350 X79.093 Y104.189 E464.87652
G0 F7500 X78.76 Y103.674
G1 F1350 X79.384 Y103.049 E464.97566
G0 F7500 X78.895 Y102.69
G1 F1350 X78.414 Y103.171 E465.05202
G0 F7500 X78.06 Y102.677
G1 F1350 X78.388 Y102.348 E465.10417
G0 F7500 X77.881 Y102.007
G1 F1350 X77.696 Y102.192 E465.13354
G0 F7500 X77.463 Y102.946
G0 X74.909 Y99.804
G0 X75.486 Y99.953
G0 X76.695 Y100.58
G0 X83.473 Y104.693
G0 X87.796 Y104.372
G0 X86.102 Y106.439
G0 X85.478 Y106.289
G1 F1350 X74.412 Y117.355 E466.89026
G1 F3600 E462.89026
G0 F7500 X74.917 Y118.094
G0 X80.809 Y113.623
G0 X83.613 Y110.447
G0 X84.356 Y109.876
G0 X85.092 Y109.595
G0 X86.192 Y109.517
G0 X87.608 Y109.704
G0 X88.329 Y109.973
G0 X88.672 Y110.177
G0 X89.65 Y111.289
G0 X90.025 Y111.957
G0 X90.646 Y113.972
G0 X94.624 Y112.745
G0 X95.86 Y112.514
G0 X96.891 Y112.48
G0 X97.735 Y112.55
G0 X114.921 Y117.032
G0 X116.896 Y120.967
G0 X115.122 Y128.654
G0 X115.668 Y128.349
G0 X117.555 Y127.007
G0 X119.278 Y125.547
G0 X121.031 Y123.754
G0 X122.588 Y121.807
G0 X124.21 Y119.399
G0 X125.772 Y116.818
G0 X128.112 Y118.165
G0 X128.591 Y118.803
;TYPE:WALL-INNER
G1 F3600 E466.89026
G1 F1350 X129.549 Y118.563 E467.00112
G1 X130.75 Y118.215 E467.14148
G1 X132.034 Y117.824 E467.29215
G1 X133.804 Y117.24 E467.50138
G1 X135.049 Y116.798 E467.64968
G1 X136.453 Y116.273 E467.81794
G1 X138.059 Y115.636 E468.01188
G1 X139.267 Y115.12 E468.15933
G1 X140.793 Y114.448 E468.3465
G1 X142.22 Y113.785 E468.52313
G1 X142.886 Y113.46 E468.60632
G1 X143.539 Y113.111 E468.68944
G1 X144.193 Y112.741 E468.77378
G1 X144.692 Y112.431 E468.83973
G1 X145.795 Y111.695 E468.98858
G1 X146.922 Y110.869 E469.14542
G1 X148.019 Y110.008 E469.30197
G1 X148.528 Y109.578 E469.37676
G1 X149.026 Y109.138 E469.45136
G1 X149.467 Y108.715 E469.51995
G1 X149.865 Y108.287 E469.58556
G1 X150.251 Y107.814 E469.65409
G1 X150.457 Y107.478 E469.69833
G1 X150.549 Y107.031 E469.74956
G1 X150.536 Y106.723 E469.78417
G1 X150.341 Y106.382 E469.82826
G1 X150.189 Y106.177 E469.85691
G1 X149.977 Y105.94 E469.8926
G1 X149.641 Y105.614 E469.94515
G1 X149.242 Y105.279 E470.00364
G1 X148.532 Y104.752 E470.10289
G1 X147.856 Y104.297 E470.19436
G1 X146.763 Y103.623 E470.33851
G1 F1287.8 X145.235 Y105.333 E470.60837
G1 F1179 X144.876 Y105.575 E470.66402
G1 F1043.8 X144.682 Y105.666 E470.69513
G1 F964.3 X144.399 Y105.641 E470.73977
G1 F1121.9 X143.854 Y105.361 E470.82254
G1 F1350 X142.662 Y105.023 E470.96162
G1 F1354.5 X141.621 Y106.871 E471.19892
G1 F1368.2 X141.388 Y107.061 E471.23222
G1 F1363.6 X140.654 Y107.185 E471.31494
G1 F1350 X138.767 Y106.289 E471.54943
G1 X137.434 Y108.068 E471.79897
G1 X137.19 Y108.254 E471.83341
G1 X136.992 Y108.331 E471.85726
G1 X136.695 Y108.358 E471.89073
G1 X136.451 Y108.305 E471.91876
G1 X136.223 Y108.18 E471.94795
G1 X134.944 Y107.219 E472.12753
G1 X133.659 Y109.299 E472.40198
G1 X128.385 Y118.243 E473.56752
G1 X128.006 Y118.903 E473.65296
G1 X128.591 Y118.803 E473.71958
G0 F7500 X128.705 Y118.568
G0 X133.883 Y109.431
G0 X135.02 Y107.617
G0 X137.313 Y108.485
G0 X138.851 Y106.627
G0 X141.583 Y107.294
G0 X139.747 Y110.486
G0 X140.057 Y110.743
G0 X140.956 Y111.327
G0 X140.383 Y110.964
G1 F1350 X140.134 Y110.704 E473.75999
G1 X140.036 Y110.493 E473.7861
G1 X140 Y110.133 E473.82672
G1 X140.071 Y109.862 E473.85816
G1 X140.305 Y109.337 E473.92268
G1 X140.496 Y108.994 E473.96675
G1 X140.684 Y108.714 E474.00461
G1 X141.008 Y108.311 E474.06266
G1 F1359.1 X141.863 Y107.415 E474.20075
G1 F1361.3 X142.305 Y107.142 E474.25859
G1 F1354.5 X142.746 Y106.905 E474.3146
G1 F1350 X143.388 Y106.708 E474.38998
G1 X143.8 Y106.628 E474.43709
G1 F1285.7 X143.898 Y106.585 E474.44971
G1 F1077.1 X144.278 Y106.472 E474.50548
G1 F964.3 X144.65 Y106.497 E474.56408
G1 F1043.8 X144.943 Y106.594 E474.60888
G1 F1180.8 X145.029 Y106.638 E474.62128
G1 F1289.8 X145.741 Y106.854 E474.7087
G1 F1350 X146.476 Y107.135 E474.79703
G1 X146.691 Y107.256 E474.82472
G1 X146.889 Y107.467 E474.85721
G1 X147.002 Y107.696 E474.88587
G1 X147.035 Y108.096 E474.93092
G1 X146.951 Y108.372 E474.96331
G1 X146.65 Y108.878 E475.0294
G1 X145.773 Y109.687 E475.16333
G1 X145.02 Y110.163 E475.26333
G1 X144.211 Y110.583 E475.36565
G1 X143.812 Y110.761 E475.4147
G1 X143.37 Y110.917 E475.46731
G1 X142.921 Y111.03 E475.51929
G1 X142.429 Y111.105 E475.57515
G1 X142.014 Y111.14 E475.6219
G1 X141.627 Y111.148 E475.66535
G1 X140.867 Y111.124 E475.75071
G1 X140.608 Y111.077 E475.78026
G1 X140.383 Y110.964 E475.80852
G0 F7500 X140.826 Y110.522
;TYPE:WALL-OUTER
G1 F1350 X140.642 Y110.384 E475.83434
G1 X140.598 Y110.265 E475.84858
G1 X140.621 Y110.103 E475.86695
G1 X140.832 Y109.624 E475.9257
G1 X140.994 Y109.328 E475.96358
G1 X141.182 Y109.048 E476.00144
G1 X141.43 Y108.739 E476.04592
G1 X142.226 Y107.892 E476.17639
G1 X142.57 Y107.68 E476.22175
G1 X143.004 Y107.454 E476.27668
G1 X143.502 Y107.297 E476.33529
G1 X143.948 Y107.212 E476.38626
G1 X144.24 Y107.192 E476.41911
G1 X144.582 Y107.212 E476.45757
G1 X144.893 Y107.251 E476.49275
G1 X145.222 Y107.324 E476.53058
G1 X145.527 Y107.415 E476.56631
G1 X146.309 Y107.713 E476.66025
G1 X146.393 Y107.803 E476.67407
G1 X146.443 Y107.938 E476.69023
G1 X146.413 Y108.106 E476.70939
G1 X146.181 Y108.494 E476.76013
G1 X145.418 Y109.203 E476.87705
G1 X144.7 Y109.655 E476.97229
G1 X143.967 Y110.035 E477.06497
G1 X143.577 Y110.207 E477.11282
G1 X143.165 Y110.352 E477.16185
G1 X142.777 Y110.448 E477.20671
G1 X142.375 Y110.507 E477.25232
G1 X142 Y110.54 E477.29458
G1 X141.646 Y110.548 E477.33433
G1 X140.826 Y110.522 E477.42642
G1 F3600 E473.42642
G0 F7500 X140.956 Y111.327
G0 X139.953 Y110.927
G0 X140.819 Y108.131
G0 X141.583 Y107.294
G0 X138.851 Y106.627
G0 X136.675 Y108.618
G0 X135.02 Y107.617
G0 X127.893 Y119.115
G0 X127.922 Y119.525
G1 F3600 E477.42642
G1 F1350 X128.714 Y119.39 E477.51661
G1 X129.693 Y119.146 E477.62987
G1 X130.924 Y118.789 E477.77374
G1 X132.222 Y118.394 E477.92604
G1 X133.998 Y117.808 E478.13598
G1 X135.259 Y117.36 E478.2862
G1 X136.673 Y116.831 E478.45567
G1 X138.295 Y116.188 E478.65153
G1 X139.509 Y115.669 E478.79973
G1 X141.045 Y114.992 E478.98816
G1 X142.483 Y114.325 E479.1661
G1 X143.168 Y113.99 E479.25169
G1 X143.834 Y113.633 E479.33652
G1 X144.499 Y113.257 E479.42227
G1 X145.025 Y112.93 E479.4918
G1 X146.124 Y112.198 E479.64002
G1 X147.292 Y111.341 E479.80264
G1 X148.405 Y110.467 E479.96149
G1 X148.895 Y110.055 E480.03336
G1 X149.432 Y109.579 E480.11391
G1 X149.894 Y109.137 E480.18568
G1 X150.317 Y108.682 E480.25542
G1 X150.742 Y108.162 E480.33081
G1 X150.92 Y107.87 E480.36919
G1 X151.047 Y107.57 E480.40576
G1 X151.156 Y107.159 E480.45349
G1 X151.134 Y106.683 E480.50698
G1 X151.018 Y106.358 E480.54572
G1 X150.844 Y106.053 E480.58514
G1 X150.655 Y105.798 E480.62077
G1 X150.411 Y105.524 E480.66195
G1 X150.043 Y105.168 E480.71943
G1 X149.614 Y104.808 E480.78229
G1 X148.878 Y104.262 E480.88516
G1 X148.181 Y103.793 E480.97947
G1 X146.882 Y102.992 E481.15078
G1 X146.645 Y102.855 E481.18151
G1 X144.831 Y104.885 E481.4871
G1 X144.743 Y104.931 E481.49825
G1 X144.569 Y104.94 E481.51781
G1 X142.37 Y104.317 E481.77437
G1 X141.146 Y106.498 E482.05511
G1 X141.07 Y106.561 E482.06619
G1 X140.832 Y106.599 E482.09325
G1 X138.581 Y105.537 E482.37264
G1 X136.981 Y107.668 E482.67177
G1 X136.84 Y107.751 E482.69014
G1 X136.631 Y107.736 E482.71366
G1 X134.779 Y106.345 E482.97366
G1 X133.142 Y108.994 E483.32321
G1 X127.865 Y117.944 E484.48951
G1 X127.421 Y118.719 E484.58977
G1 X127.294 Y119.015 E484.62592
G1 X127.226 Y119.283 E484.65696
G1 X127.272 Y119.384 E484.66942
G1 X127.56 Y119.496 E484.70411
G1 X127.922 Y119.525 E484.74487
G0 F7500 X127.893 Y119.115
G0 X130.68 Y118.027
G0 X130.591 Y117.699
;TYPE:SKIN
G1 F1350 X129.412 Y118.037 E484.88255
G1 X129.081 Y118.12 E484.92086
G1 X134.189 Y109.47 E486.0485
G1 X135.095 Y108.006 E486.24177
G1 X135.891 Y108.608 E486.3538
G1 X136.248 Y108.804 E486.39951
G1 X136.653 Y108.892 E486.44604
G1 X137.109 Y108.855 E486.49739
G1 X137.445 Y108.728 E486.53771
G1 X137.827 Y108.439 E486.59148
G1 X138.933 Y106.965 E486.79834
G1 X140.508 Y107.712 E486.99402
G1 X140.871 Y107.667 E487.03508
G1 X140.617 Y107.932 E487.07628
G1 X140.234 Y108.412 E487.14521
G1 X140.046 Y108.692 E487.18307
G1 X139.831 Y109.066 E487.2315
G1 X139.577 Y109.638 E487.30175
G1 X139.461 Y110.075 E487.35251
G1 X139.472 Y110.555 E487.4064
G1 X139.72 Y111.087 E487.47229
G1 X140.073 Y111.412 E487.52615
G1 X140.439 Y111.59 E487.57184
G1 X140.809 Y111.656 E487.61403
G1 X141.608 Y111.688 E487.70379
G1 X142.123 Y111.675 E487.76162
G1 X142.555 Y111.631 E487.81036
G1 X143.024 Y111.557 E487.86366
G1 F1242.3 X144.058 Y111.299 E487.99366
G1 F1185.9 X144.513 Y111.07 E488.05874
G1 F1265.6 X145.2 Y110.686 E488.15298
G1 F1359.1 X146.145 Y110.067 E488.27895
G1 F1336.6 X147.08 Y109.233 E488.421
G1 F1310.7 X147.435 Y108.606 E488.5043
G1 F1350 X147.566 Y108.166 E488.55584
G1 X147.574 Y107.808 E488.59603
G1 X147.506 Y107.509 E488.63045
G1 X147.285 Y107.059 E488.68673
G1 X146.948 Y106.774 E488.73627
G1 X146.669 Y106.629 E488.77157
G1 X145.939 Y106.351 E488.85926
G1 X145.478 Y106.211 E488.91334
G1 X145.152 Y106.077 E488.9529
G1 X145.672 Y105.649 E489.0285
G1 X146.865 Y104.319 E489.22906
G1 X147.557 Y104.747 E489.3204
G1 X148.206 Y105.183 E489.40816
G1 X148.918 Y105.712 E489.50773
G1 X149.275 Y106.012 E489.56008
G1 X149.582 Y106.308 E489.60795
G1 X149.846 Y106.608 E489.65281
G1 X150 Y106.875 E489.68741
G1 X149.963 Y107.192 E489.72323
G1 X149.804 Y107.502 E489.76234
G1 X149.445 Y107.939 E489.82583
G1 X149.089 Y108.325 E489.88477
G1 X148.673 Y108.723 E489.9494
G1 X148.175 Y109.166 E490.02422
G1 F1323.5 X147.68 Y109.57 E490.09737
G1 F1285.7 X147.51 Y109.696 E490.12231
G1 F1338.8 X146.458 Y110.549 E490.27561
G1 F1352.3 X145.467 Y111.248 E490.41152
G1 F1219.9 X144.393 Y111.914 E490.56851
G1 F1238.5 X143.933 Y112.263 E490.63916
G1 F1345.5 X143.279 Y112.636 E490.72395
G1 F1350 X142.636 Y112.976 E490.8056
G1 X142.017 Y113.28 E490.88301
G1 X140.584 Y113.948 E491.06049
G1 X139.052 Y114.621 E491.24832
G1 X137.803 Y115.156 E491.40085
G1 X136.283 Y115.759 E491.58441
G1 X134.636 Y116.376 E491.78184
G1 X133.795 Y116.676 E491.88207
G1 X131.878 Y117.303 E492.10847
G1 X130.591 Y117.699 E492.25963
G0 F7500 X130.68 Y118.027
G0 X128.553 Y118.518
G0 X133.883 Y109.431
G0 X135.02 Y107.617
G0 X135.994 Y108.259
G0 X135.607 Y108.769
G1 F1350 X134.007 Y110.369 E492.51363
G0 F7500 X133.453 Y110.043
G0 X132.23 Y112.117
G0 X132.783 Y112.442
G1 F1350 X136.14 Y109.085 E493.04655
G0 F7500 X136.899 Y109.174
G1 F1350 X131.558 Y114.515 E493.89443
G0 F7500 X131.008 Y114.19
G0 X129.785 Y116.264
G0 X130.334 Y116.588
G1 F1350 X139.403 Y107.519 E495.33413
G0 F7500 X139.978 Y107.792
G1 F1350 X130.3 Y117.47 E496.87051
G0 F7500 X130.477 Y118.087
G0 X130.853 Y117.975
G0 X131.519 Y117.1
G1 F1350 X139.464 Y109.155 E498.13178
G0 F7500 X140.157 Y109.189
G0 X139.802 Y110.108
G0 X139.168 Y110.299
G1 F1350 X132.773 Y116.695 E499.14706
G0 F7500 X132.973 Y117.303
G0 X134.601 Y116.745
G0 X134.049 Y116.267
G1 F1350 X139.338 Y110.978 E499.98669
G0 F7500 X139.694 Y111.47
G1 F1350 X135.392 Y115.772 E500.66963
G0 F7500 X135.617 Y116.372
G0 X137.004 Y115.838
G0 X136.77 Y115.243
G1 F1350 X140.205 Y111.808 E501.21493
G0 F7500 X140.904 Y111.958
G1 F1350 X138.202 Y114.659 E501.6438
G0 F7500 X138.6 Y115.187
G0 X139.96 Y114.596
G0 X139.702 Y114.008
G1 F1350 X141.725 Y111.985 E501.96495
G0 F7500 X142.637 Y111.922
G1 F1350 X141.257 Y113.301 E502.18394
G0 F7500 X141.528 Y113.886
G0 X143.223 Y113.054
G0 X142.92 Y112.487
G1 F1350 X143.699 Y111.708 E502.30761
G0 F7500 X144.287 Y112.446
G0 X147.851 Y109.809
G0 X149.281 Y108.533
G0 X150.039 Y107.661
G0 X150.23 Y107.291
G0 X150.276 Y106.797
G0 X150.074 Y106.44
G0 X149.08 Y105.484
G0 X147.715 Y104.516
G0 X146.815 Y103.971
G0 X144.66 Y106.083
G0 X146.793 Y107.743
G0 X147.199 Y108.233
G0 X147.791 Y108.465
G1 F1350 X149.54 Y106.715 E502.58534
G0 F7500 X149.125 Y106.282
G1 F1350 X147.831 Y107.576 E502.79076
G0 F7500 X147.58 Y106.979
G1 F1350 X148.663 Y105.896 E502.96269
G0 F7500 X148.176 Y105.534
G1 F1350 X147.153 Y106.557 E503.12509
G0 F7500 X146.585 Y106.277
G1 F1350 X147.675 Y105.186 E503.29821
G0 F7500 X147.16 Y104.853
G1 F1350 X145.966 Y106.047 E503.48775
G0 F7500 X145.866 Y106.687
G0 X143.226 Y106.542
G0 X143.13 Y106.235
G1 F1441.3 X142.451 Y106.453 E503.56273
G1 X142.912 Y105.635 E503.66146
G1 X143.693 Y105.855 E503.74677
G1 X143.881 Y106.002 E503.77187
G1 X143.71 Y106.112 E503.79324
G1 X143.13 Y106.235 E503.85558
G1 F3600 E499.85558
;MESH:NONMESH
G0 F300 X143.13 Y106.235 Z1.1
G0 F7500 X143.226 Y106.542
G0 X141.583 Y107.294
G0 X138.851 Y106.627
G0 X136.675 Y108.618
G0 X135.02 Y107.617
G0 X128.222 Y117.974
G0 X126.39 Y116.878
G0 X121.853 Y122.767
G0 X120.162 Y124.695
G0 X118.37 Y126.345
G0 X116.804 Y127.565
G0 X115.668 Y128.349
G0 X115.122 Y128.654
G0 X116.896 Y120.967
G0 X114.921 Y117.032
G0 X114.213 Y116.641
G0 X113.73 Y116.159
G0 X113.911 Y115.975
G0 X110.162 Y115.035
G0 X110.046 Y115.471
;TIME_ELAPSED:494.346092
;LAYER:2
;TYPE:WALL-INNER
;MESH:sharkz.stl
G1 F3600 E503.85558
G1 F1282.1 X111.573 Y115.873 E504.06297
G1 F1258.7 X112.355 Y116.098 E504.17182
G1 F1222.8 X112.967 Y116.3 E504.26056
G1 F1162.8 X113.598 Y116.533 E504.35796
G1 F1289.4 X114.108 Y116.881 E504.43859
G1 F1500 X114.729 Y117.227 E504.51839
G1 X115.104 Y117.488 E504.56968
G1 X115.443 Y117.811 E504.62224
G1 X115.728 Y118.177 E504.67431
G1 X115.962 Y118.553 E504.72402
G1 X116.136 Y118.909 E504.7685
G1 X116.299 Y119.326 E504.81876
G1 X116.415 Y119.718 E504.86465
G1 X116.51 Y120.115 E504.91047
G1 X116.586 Y120.546 E504.9596
G1 X116.635 Y120.976 E505.00818
G1 X116.676 Y121.8 E505.10079
G1 X116.656 Y122.625 E505.19343
G1 X116.577 Y123.404 E505.28132
G1 X116.459 Y124.124 E505.36322
G1 X116.319 Y124.75 E505.43523
G1 X116.163 Y125.295 E505.49886
G1 X115.983 Y125.832 E505.56244
G1 X115.369 Y127.36 E505.74729
G1 X115.014 Y128.199 E505.84955
G1 X114.552 Y129.219 E505.97525
G1 X115.408 Y128.817 E506.08141
G1 X115.817 Y128.563 E506.13545
G1 X116.96 Y127.774 E506.29136
G1 X117.715 Y127.213 E506.39694
G1 X118.539 Y126.544 E506.51609
G1 X119.43 Y125.761 E506.64924
G1 X120.348 Y124.878 E506.79222
G1 X121.227 Y123.926 E506.93767
G1 X122.056 Y122.93 E507.08313
G1 X122.797 Y121.963 E507.21989
G1 X123.487 Y121 E507.35287
G1 X124.437 Y119.572 E507.5454
G1 X124.777 Y119.03 E507.61722
G1 X133.663 Y104.15 E509.56271
G1 X133.877 Y103.906 E509.59915
G1 X134.143 Y103.76 E509.63321
G1 X134.365 Y103.714 E509.65866
G1 X134.593 Y103.725 E509.68428
G1 X134.871 Y103.814 E509.71705
G1 X136.479 Y105.032 E509.94349
G1 X137.59 Y103.585 E510.14827
G1 X137.815 Y103.415 E510.17993
G1 X138.117 Y103.319 E510.2155
G1 X138.484 Y103.333 E510.25673
G1 X140.149 Y104.128 E510.46384
G1 X141.046 Y102.441 E510.67832
G1 X141.327 Y102.19 E510.72061
G1 F1465.8 X141.933 Y102.062 E510.79176
G1 F1492.5 X143.009 Y102.393 E510.91876
G1 F1618.7 X144.086 Y102.724 E511.03596
G1 F1691.7 X144.429 Y102.32 E511.08871
G1 X144.095 Y102.175 E511.12495
G1 F1642.3 X143.545 Y101.967 E511.18524
G1 F1530.6 X142.46 Y101.578 E511.31204
G1 F1451.6 X142.084 Y101.456 E511.35789
G1 F1465.8 X141.2 Y101.138 E511.46581
G1 F1500 X140.568 Y100.946 E511.53995
G1 X139.982 Y100.788 E511.60808
G1 X138.197 Y100.413 E511.81283
G1 X136.038 Y100.004 E512.05949
G1 X133.645 Y99.581 E512.33228
G1 X132.437 Y99.407 E512.46928
G1 X132.213 Y99.51 E512.49695
G1 X125.493 Y111.717 E514.06114
G1 X123.41 Y115.426 E514.53865
G1 X123.17 Y115.793 E514.58787
G1 X122.882 Y116.152 E514.63954
G1 X122.605 Y116.433 E514.68383
G1 X122.252 Y116.718 E514.73476
G1 X121.928 Y116.92 E514.77762
G1 X121.407 Y117.166 E514.84229
G1 X120.688 Y117.292 E514.92423
G1 X120.033 Y117.29 E514.99776
G1 X114.483 Y115.846 E515.6415
G1 F1289.4 X113.868 Y115.787 E515.72218
G1 F1184.2 X112.548 Y115.404 E515.91761
G1 F1258.7 X111.723 Y115.181 E516.03193
G1 F1285.7 X102.352 Y112.73 E517.30046
G1 F1323.5 X98.015 Y111.63 E517.86968
G1 F1282.1 X97.048 Y111.425 E517.9995
G1 F1347.3 X96.458 Y111.207 E518.07811
G1 F1500 X89.286 Y109.414 E518.90797
G1 F1601.4 X87.83 Y108.995 E519.06727
G1 F1660.5 X87.271 Y108.778 E519.12807
G1 F1551.7 X86.692 Y108.217 E519.21556
G1 F1500 X86.409 Y107.692 E519.2825
G1 X86.342 Y107.491 E519.30629
G1 X86.234 Y106.786 E519.38635
G1 X86.356 Y106.194 E519.4542
G1 X86.581 Y105.671 E519.51811
G1 X86.851 Y105.299 E519.56971
G1 X87.098 Y105.067 E519.60775
G1 X87.458 Y104.839 E519.65558
G1 F1485.1 X87.858 Y104.668 E519.7049
G1 F1461 X88.101 Y104.605 E519.73383
G1 F1468.2 X88.557 Y104.571 E519.78627
G1 F1495 X91.3 Y104.309 E520.09662
G1 F1475.4 X91.791 Y104.253 E520.15301
G1 F1397.5 X92.208 Y104.188 E520.20386
G1 F1363.6 X93.158 Y104.106 E520.3216
G1 F1349.3 X95.218 Y103.894 E520.58002
G1 F1289.4 X97.278 Y103.681 E520.85047
G1 F1372 X97.935 Y103.674 E520.93111
G1 F1490.1 X104.917 Y103.002 E521.72373
G1 F1239.7 X105.476 Y102.83 E521.80317
G1 F1079.1 X105.825 Y102.806 E521.85775
G1 F1066.4 X107.891 Y102.591 E522.18574
G1 F1026.2 X109.957 Y102.376 E522.52655
G1 F1204.8 X110.568 Y102.466 E522.61286
G1 F1500 X123.412 Y101.234 E524.06126
G1 X124.26 Y99.047 E524.32456
G1 X123.812 Y99.048 E524.37485
G1 X123.469 Y98.981 E524.41408
G1 X123.147 Y98.838 E524.45363
G1 X122.939 Y98.667 E524.48386
G1 X122.564 Y98.243 E524.5474
G1 X122.074 Y97.23 E524.67372
G1 X121.511 Y96.19 E524.80647
G1 X121.126 Y95.562 E524.88916
G1 X120.742 Y94.98 E524.96743
G1 X120.296 Y94.377 E525.05162
G1 X119.819 Y93.807 E525.13505
G1 X118.592 Y92.477 E525.33818
G1 X117.556 Y91.435 E525.50312
G1 X117.172 Y91.076 E525.56213
G1 X116.96 Y90.893 E525.59356
G1 X116.976 Y91.719 E525.6863
G1 X116.98 Y93.173 E525.84952
G1 X116.936 Y94.491 E525.99755
G1 X116.829 Y95.549 E526.11692
G1 X116.697 Y96.557 E526.23104
G1 X116.544 Y97.413 E526.32865
G1 X118.602 Y97.462 E526.55973
G1 X119.111 Y97.69 E526.62234
G1 X119.353 Y97.881 E526.65694
G1 X119.634 Y98.338 E526.71717
G1 X119.676 Y98.695 E526.75752
G1 X119.655 Y99.072 E526.7999
G1 X119.471 Y99.458 E526.8479
G1 X119.147 Y99.76 E526.89762
G1 X118.828 Y99.952 E526.93942
G1 X118.579 Y100.059 E526.96984
G1 X110.423 Y101.257 E527.8952
G1 F1204.8 X109.851 Y101.49 E527.98152
G1 F1020.4 X108.975 Y101.608 E528.12737
G1 F1042.9 X105.534 Y102.009 E528.6867
G1 F1150.9 X105.168 Y101.886 E528.74319
G1 F1367.8 X105.03 Y101.808 E528.76271
G1 F1485.1 X104.661 Y101.696 E528.80643
G1 F1495 X104.233 Y101.481 E528.86037
G1 F1500 X104.018 Y101.339 E528.8893
G1 X102.668 Y100.517 E529.06672
G1 X102.173 Y100.258 E529.12943
G1 X101.587 Y99.993 E529.20163
G1 X100.234 Y99.451 E529.36524
G1 X98.988 Y99.011 E529.51357
G1 X99.052 Y99.344 E529.55163
G1 X99.092 Y99.72 E529.59408
G1 X99.087 Y100.334 E529.663
G1 X98.982 Y100.895 E529.72707
G1 X98.816 Y101.332 E529.77955
G1 X98.575 Y101.744 E529.83313
G1 X98.335 Y102.059 E529.87758
G1 X98.075 Y102.32 E529.91893
G1 X97.718 Y102.609 E529.97049
G1 F1446.9 X97.367 Y102.853 E530.02024
G1 F1355.4 X97.137 Y102.991 E530.05356
G1 F1349.3 X93.097 Y103.458 E530.56106
G1 F1363.6 X92.158 Y103.521 E530.67726
G1 F1397.5 X91.86 Y103.464 E530.71382
G1 F1475.4 X91.328 Y103.305 E530.77719
G1 F1500 X89.719 Y102.738 E530.96869
G1 X88.857 Y102.467 E531.07012
G1 X88.882 Y102.67 E531.09308
G1 X88.826 Y103.11 E531.14287
G1 X88.738 Y103.333 E531.16978
G1 F1495 X88.326 Y103.8 E531.23992
G1 F1468.2 X87.941 Y104.015 E531.29049
G1 F1461 X87.707 Y104.081 E531.31851
G1 F1487.6 X84.027 Y104.43 E531.73691
G1 F1500 X83.65 Y104.431 E531.77923
G1 X83.097 Y104.376 E531.84162
G1 X82.662 Y104.286 E531.89148
G1 X82.138 Y104.108 E531.9536
G1 X81.785 Y103.934 E531.99778
G1 X81.378 Y103.671 E532.05218
G1 X80.735 Y103.072 E532.15082
G1 X80.184 Y102.599 E532.23234
G1 X79.481 Y102.073 E532.33089
G1 X77.859 Y100.976 E532.5507
G1 X76.832 Y100.357 E532.68531
G1 X76.292 Y100.062 E532.75438
G1 X75.6 Y99.719 E532.84108
G1 X75.111 Y99.557 E532.8989
G1 X74.629 Y99.436 E532.95469
G1 X74.027 Y99.355 E533.02287
G1 X74.273 Y99.573 E533.05977
G1 X75.181 Y100.498 E533.20527
G1 X76.465 Y101.963 E533.42394
G1 X77.257 Y103.003 E533.57068
G1 X77.933 Y103.947 E533.70102
G1 X78.535 Y104.877 E533.82538
G1 X78.783 Y105.324 E533.88276
G1 X78.996 Y105.79 E533.94027
G1 X79.063 Y106.037 E533.969
G1 X79.1 Y106.64 E534.03682
G1 X79.049 Y107.12 E534.091
G1 X78.95 Y107.572 E534.14294
G1 X78.782 Y108.128 E534.20814
G1 X78.591 Y108.639 E534.26938
G1 X78.151 Y109.627 E534.39079
G1 X77.578 Y110.744 E534.53171
G1 X76.994 Y111.764 E534.66365
G1 X76.356 Y112.798 E534.80003
G1 X75.769 Y113.703 E534.92112
G1 X75.514 Y114.133 E534.97724
G1 X75.191 Y114.615 E535.04237
G1 X74.841 Y115.091 E535.10869
G1 X74.332 Y115.719 E535.19943
G1 X73.532 Y116.562 E535.32989
G1 X73.014 Y117.064 E535.41086
G1 X73.11 Y117.95 E535.5109
G1 X73.058 Y118.384 E535.55997
G1 F1515.2 X72.79 Y118.913 E535.62587
G1 F1551.7 X72.581 Y119.06 E535.6536
G1 F1512.6 X72.27 Y119.179 E535.69066
G1 F1359.5 X71.849 Y119.266 E535.74391
G1 F1134.9 X71.188 Y119.345 E535.84267
G1 F1026.2 X70.87 Y119.343 E535.89485
G1 X70.426 Y120.674 E536.12506
G1 X71.39 Y120.17 E536.30355
G1 F1159.8 X72.161 Y119.876 E536.42334
G1 F1393.2 X72.448 Y119.756 E536.46094
G1 F1512.6 X72.849 Y119.566 E536.51034
G1 F1533.2 X74.01 Y118.91 E536.65678
G1 F1500 X74.605 Y118.55 E536.73485
G1 X75.687 Y117.809 E536.88206
G1 X76.751 Y117.024 E537.03048
G1 X77.36 Y116.544 E537.11753
G1 X78.004 Y116.009 E537.21151
G1 X78.661 Y115.428 E537.30996
G1 X79.314 Y114.812 E537.41073
G1 X79.984 Y114.131 E537.51797
G1 X80.652 Y113.406 E537.62863
G1 X82.948 Y110.765 E538.02146
G1 X83.411 Y110.275 E538.09713
G1 X83.825 Y109.905 E538.15946
G1 X84.22 Y109.646 E538.21248
G1 X84.642 Y109.46 E538.26425
G1 X85.022 Y109.341 E538.30895
G1 X85.479 Y109.27 E538.36086
G1 X85.779 Y109.249 E538.39462
G1 X86.187 Y109.256 E538.44043
G1 X86.96 Y109.32 E538.5275
G1 F1522.8 X87.243 Y109.371 E538.55929
G1 F1645.3 X87.848 Y109.536 E538.62347
G1 F1685.4 X88.402 Y109.74 E538.68245
G1 F1584.5 X88.834 Y109.971 E538.73451
G1 F1528 X89.364 Y110.518 E538.81844
G1 F1500 X89.635 Y110.838 E538.86551
G1 X89.88 Y111.167 E538.91155
G1 X90.112 Y111.539 E538.96077
G1 X90.281 Y111.901 E539.00561
G1 X90.481 Y112.445 E539.07067
G1 X90.665 Y113.08 E539.14489
G1 X90.779 Y113.654 E539.21058
G1 X92.169 Y113.206 E539.37451
G1 X92.34 Y113.164 E539.39428
G1 X94.59 Y112.483 E539.65816
G1 X95.251 Y112.332 E539.73428
G1 X95.862 Y112.249 E539.80349
G1 X96.366 Y112.217 E539.86018
G1 F1347.3 X96.933 Y112.15 E539.93153
G1 F1251.7 X97.777 Y112.255 E540.04594
G1 F1291.2 X102.18 Y113.401 E540.63922
G1 F1296.8 X110.046 Y115.471 E541.69531
G0 F9000 X110.045 Y116.146
;TYPE:WALL-OUTER
G1 F1500 X111.386 Y116.5 E541.851
G1 X112.181 Y116.737 E541.94412
G1 X112.713 Y116.925 E542.00746
G1 X113.3 Y117.164 E542.0786
G1 X113.871 Y117.434 E542.14951
G1 X114.464 Y117.768 E542.2259
G1 X114.739 Y117.97 E542.26421
G1 X115.011 Y118.232 E542.3066
G1 X115.222 Y118.499 E542.3448
G1 X115.425 Y118.821 E542.38753
G1 X115.569 Y119.109 E542.42367
G1 X115.724 Y119.498 E542.47068
G1 X115.832 Y119.86 E542.51309
G1 X115.92 Y120.222 E542.5549
G1 X115.988 Y120.598 E542.5978
G1 X116.036 Y121.008 E542.64413
G1 X116.076 Y121.764 E542.72912
G1 X116.059 Y122.566 E542.81916
G1 X115.985 Y123.308 E542.90287
G1 X115.873 Y123.994 E542.98089
G1 X115.741 Y124.586 E543.04898
G1 X115.593 Y125.107 E543.10978
G1 X115.427 Y125.608 E543.16902
G1 X114.817 Y127.126 E543.35267
G1 X114.466 Y127.952 E543.45341
G1 X113.465 Y130.172 E543.72677
G1 X113.931 Y130.071 E543.7803
G1 X114.397 Y129.923 E543.83518
G1 X114.876 Y129.736 E543.8929
G1 X115.696 Y129.344 E543.99493
G1 X116.135 Y129.072 E544.0529
G1 X117.318 Y128.256 E544.21422
G1 X118.083 Y127.687 E544.32124
G1 X118.955 Y126.977 E544.44747
G1 X119.836 Y126.203 E544.57911
G1 X120.777 Y125.298 E544.72567
G1 X121.678 Y124.322 E544.87477
G1 X122.525 Y123.304 E545.02343
G1 X123.279 Y122.321 E545.16249
G1 X123.957 Y121.377 E545.29296
G1 X124.928 Y119.921 E545.48941
G1 X125.28 Y119.359 E545.56385
G1 X134.216 Y104.394 E547.52041
G1 X134.338 Y104.328 E547.53598
G1 X134.585 Y104.347 E547.56379
G1 X136.594 Y105.872 E547.84692
G1 X138.008 Y104.015 E548.10893
G1 X138.196 Y103.914 E548.13288
G1 X138.318 Y103.919 E548.14659
G1 X140.409 Y104.917 E548.40667
G1 X141.549 Y102.782 E548.67836
G1 X141.634 Y102.706 E548.69116
G1 X141.836 Y102.667 E548.71425
G1 X144.28 Y103.369 E548.99969
G1 X145.329 Y102.138 E549.18124
G1 X144.971 Y101.947 E549.22679
G1 X144.502 Y101.73 E549.2848
G1 X143.753 Y101.424 E549.37562
G1 X142.658 Y101.006 E549.50719
G1 X141.376 Y100.564 E549.65941
G1 X140.724 Y100.366 E549.7359
G1 X140.122 Y100.204 E549.80588
G1 X138.309 Y99.823 E550.01384
G1 X136.142 Y99.413 E550.26141
G1 X133.702 Y98.983 E550.53953
G1 X132.524 Y98.813 E550.67313
G1 X132.101 Y98.874 E550.72111
G1 X131.875 Y99.002 E550.75026
G1 X131.73 Y99.144 E550.77304
G1 X124.97 Y111.423 E552.34647
G1 X122.888 Y115.129 E552.82364
G1 X122.668 Y115.465 E552.86872
G1 X122.413 Y115.777 E552.91395
G1 X122.181 Y116.009 E552.95078
G1 X121.9 Y116.232 E552.99105
G1 X121.638 Y116.395 E553.02569
G1 X121.222 Y116.589 E553.07721
G1 X120.66 Y116.688 E553.14127
G1 X120.095 Y116.689 E553.20469
G1 X102.513 Y112.103 E555.24436
G1 X88.119 Y108.504 E556.90987
G1 X87.609 Y108.275 E556.97262
G1 X87.179 Y107.855 E557.0401
G1 X86.941 Y107.409 E557.09684
G1 X86.844 Y106.803 E557.16574
G1 X86.944 Y106.345 E557.21836
G1 X87.105 Y105.97 E557.26417
G1 X87.371 Y105.605 E557.31487
G1 X87.779 Y105.346 E557.36912
G1 X88.119 Y105.217 E557.40994
G1 X123.741 Y101.805 E561.42691
G1 X123.917 Y101.59 E561.4581
G1 X125.12 Y98.493 E561.83106
G1 X125.119 Y98.409 E561.84049
G1 X124.184 Y98.449 E561.94554
G1 X123.748 Y98.448 E561.99448
G1 X123.425 Y98.31 E562.03391
G1 X123.077 Y97.922 E562.09241
G1 X122.608 Y96.957 E562.21285
G1 X122.031 Y95.89 E562.34902
G1 X121.627 Y95.232 E562.43569
G1 X121.234 Y94.636 E562.51583
G1 X120.768 Y94.006 E562.60379
G1 X120.27 Y93.411 E562.69089
G1 X119.039 Y92.076 E562.89474
G1 X117.966 Y90.997 E563.06555
G1 X117.564 Y90.622 E563.12726
G1 X117.177 Y90.288 E563.18465
G1 X116.861 Y90.041 E563.22967
G1 X116.542 Y89.833 E563.27242
G1 X116.392 Y89.803 E563.28959
G1 X116.34 Y90.003 E563.31279
G1 X116.376 Y91.721 E563.50568
G1 X116.38 Y93.154 E563.66654
G1 X116.339 Y94.431 E563.80996
G1 X116.234 Y95.471 E563.92729
G1 X116.1 Y96.494 E564.04311
G1 X115.888 Y97.662 E564.17636
G1 X115.818 Y97.935 E564.208
G1 X115.935 Y98 E564.22302
G1 X118.459 Y98.055 E564.50642
G1 X118.851 Y98.227 E564.55447
G1 X119.082 Y98.578 E564.60164
G1 X119.057 Y98.952 E564.64372
G1 X118.9 Y99.209 E564.67752
G1 X118.473 Y99.466 E564.73347
G1 X108.885 Y100.878 E565.82136
G1 X105.641 Y101.279 E566.18828
G1 X105.247 Y101.238 E566.23274
G1 X104.911 Y101.145 E566.27188
G1 X104.501 Y100.945 E566.32308
G1 X104.355 Y100.841 E566.34321
G1 X102.964 Y99.994 E566.52602
G1 X102.436 Y99.718 E566.5929
G1 X101.822 Y99.441 E566.66851
G1 X100.446 Y98.889 E566.83494
G1 X99.133 Y98.425 E566.99126
G1 X98.262 Y98.154 E567.09365
G1 X98.097 Y98.159 E567.11218
G1 X98.291 Y98.683 E567.17491
G1 X98.379 Y99.021 E567.21411
G1 X98.455 Y99.408 E567.25838
G1 X98.495 Y99.784 E567.30083
G1 X98.483 Y100.3 E567.35877
G1 X98.393 Y100.755 E567.41083
G1 X98.281 Y101.051 E567.44636
G1 X98.091 Y101.39 E567.48998
G1 X97.927 Y101.614 E567.52114
G1 X97.697 Y101.854 E567.55846
G1 X97.341 Y102.142 E567.60986
G1 X97.002 Y102.347 E567.65433
G1 X93.026 Y102.836 E568.10401
G1 X92.07 Y102.891 E568.2115
G1 X91.547 Y102.746 E568.27243
G1 X89.9 Y102.166 E568.46844
G1 X88.958 Y101.87 E568.57927
G1 X87.829 Y101.555 E568.71085
G1 X88.259 Y102.522 E568.82965
G1 X88.268 Y102.89 E568.87097
G1 X88.18 Y103.114 E568.89798
G1 X88.042 Y103.269 E568.92128
G1 X87.648 Y103.48 E568.97145
G1 X84.255 Y103.812 E569.35414
G1 X83.983 Y103.832 E569.38476
G1 X83.679 Y103.831 E569.41888
G1 X83.186 Y103.782 E569.4745
G1 X82.772 Y103.695 E569.52198
G1 X82.392 Y103.564 E569.5671
G1 X82.109 Y103.429 E569.6023
G1 X81.731 Y103.18 E569.65311
G1 X81.135 Y102.624 E569.74461
G1 X80.56 Y102.131 E569.82963
G1 X79.853 Y101.601 E569.92881
G1 X78.182 Y100.47 E570.15532
G1 X77.13 Y99.837 E570.29313
G1 X76.569 Y99.53 E570.36492
G1 X75.829 Y99.163 E570.45764
G1 X75.279 Y98.981 E570.52267
G1 X74.754 Y98.848 E570.58347
G1 X73.795 Y98.718 E570.6921
G1 X72.999 Y98.645 E570.78183
G1 X72.635 Y98.648 E570.82269
G1 X72.432 Y98.699 E570.84619
G1 X72.583 Y98.881 E570.87274
G1 X73.891 Y100.037 E571.06869
G1 X74.719 Y100.881 E571.20141
G1 X75.987 Y102.326 E571.41721
G1 X76.769 Y103.353 E571.56211
G1 X77.452 Y104.308 E571.69391
G1 X78.022 Y105.189 E571.81169
G1 X78.237 Y105.574 E571.86119
G1 X78.465 Y106.071 E571.92257
G1 X78.499 Y106.641 E571.98667
G1 X78.457 Y107.024 E572.02992
G1 X78.36 Y107.459 E572.07995
G1 X78.22 Y107.919 E572.13393
G1 X78.043 Y108.395 E572.19093
G1 X77.603 Y109.383 E572.31234
G1 X77.057 Y110.446 E572.44649
G1 X76.458 Y111.491 E572.58169
G1 X75.852 Y112.472 E572.71113
G1 X75.259 Y113.387 E572.83353
G1 X74.989 Y113.84 E572.89272
G1 X74.686 Y114.29 E572.95362
G1 X74.375 Y114.713 E573.01256
G1 X73.866 Y115.341 E573.1033
G1 X73.114 Y116.132 E573.22581
G1 X72.473 Y116.753 E573.326
G1 X72.398 Y116.948 E573.34945
G1 X72.506 Y117.943 E573.4618
G1 X72.462 Y118.312 E573.50351
G1 X72.375 Y118.49 E573.52575
G1 X72.199 Y118.575 E573.54769
G1 X71.853 Y118.612 E573.58675
G1 X70.34 Y118.602 E573.7566
G1 X69.152 Y122.161 E574.17777
G1 X71.273 Y121.067 E574.44567
G1 X73.445 Y119.916 E574.7216
G1 X74.32 Y119.424 E574.83428
G1 X74.929 Y119.055 E574.91422
G1 X76.018 Y118.311 E575.06226
G1 X77.094 Y117.517 E575.21237
G1 X77.743 Y117.006 E575.3051
G1 X78.4 Y116.459 E575.40106
G1 X79.073 Y115.864 E575.5019
G1 X79.734 Y115.241 E575.60386
G1 X80.418 Y114.545 E575.7134
G1 X81.104 Y113.8 E575.82709
G1 X83.415 Y111.144 E576.22229
G1 X83.841 Y110.694 E576.29185
G1 X84.2 Y110.373 E576.34591
G1 X84.509 Y110.175 E576.3871
G1 X84.843 Y110.025 E576.4282
G1 X85.178 Y109.924 E576.46748
G1 X85.519 Y109.868 E576.50627
G1 X85.819 Y109.848 E576.54002
G1 X86.189 Y109.857 E576.58157
G1 X86.875 Y109.914 E576.65884
G1 X87.234 Y109.967 E576.69957
G1 X87.687 Y110.068 E576.75167
G1 X88.167 Y110.269 E576.81009
G1 X88.456 Y110.442 E576.8479
G1 X88.932 Y110.935 E576.92482
G1 X89.156 Y111.199 E576.96369
G1 X89.364 Y111.475 E577.00248
G1 X89.571 Y111.798 E577.04555
G1 X89.718 Y112.108 E577.08406
G1 X89.918 Y112.652 E577.14912
G1 X90.078 Y113.202 E577.21342
G1 X90.178 Y113.684 E577.26868
G1 X90.249 Y114.216 E577.32893
G1 X90.483 Y114.304 E577.35699
G1 X90.696 Y114.31 E577.38091
G1 X92.315 Y113.788 E577.57186
G1 X92.5 Y113.742 E577.59326
G1 X94.727 Y113.067 E577.85448
G1 X95.334 Y112.926 E577.92443
G1 X95.878 Y112.85 E577.98609
G1 X96.404 Y112.816 E578.04526
G1 X96.889 Y112.817 E578.0997
G1 X97.705 Y112.889 E578.19165
G1 X110.045 Y116.146 E579.62429
G0 F9000 X110.327 Y115.078
G0 X111.644 Y115.485
G0 X110.407 Y115.232
G0 X114.634 Y117.474
G0 X115.247 Y117.987
G0 X115.711 Y118.639
G0 X116.158 Y119.757
G0 X116.375 Y120.97
G0 X116.398 Y122.582
G0 X116.123 Y126.205
G0 X115.122 Y128.654
G0 X116.852 Y127.604
G0 X116.649 Y127.329
;TYPE:SKIN
G1 F1500 X115.682 Y127.999 E579.75635
G1 X115.864 Y127.569 E579.80876
G1 X116.483 Y126.028 E579.99518
G1 X116.673 Y125.469 E580.06145
G1 X116.837 Y124.895 E580.12847
G1 X116.996 Y124.181 E580.21058
G1 X117.117 Y123.441 E580.29475
G1 X117.197 Y122.65 E580.38399
G1 X117.212 Y121.689 E580.49188
G1 X117.176 Y120.961 E580.5737
G1 X117.116 Y120.447 E580.63179
G1 X117.04 Y120.019 E580.68059
G1 X116.941 Y119.591 E580.7299
G1 X116.779 Y119.067 E580.79147
G1 X116.63 Y118.691 E580.83687
G1 X116.418 Y118.259 E580.89089
G1 X116.108 Y117.78 E580.95493
G1 X115.851 Y117.456 E581.00135
G1 X115.455 Y117.077 E581.06289
G1 X115.017 Y116.766 E581.12319
G1 X114.323 Y116.383 E581.21216
G1 X114.382 Y116.379 E581.2188
G1 X119.926 Y117.824 E581.86192
G1 X120.706 Y117.832 E581.94949
G1 X121.376 Y117.72 E582.02574
G1 X121.704 Y117.618 E582.0643
G1 X122.187 Y117.39 E582.12425
G1 X122.554 Y117.164 E582.17264
G1 X122.913 Y116.885 E582.22367
G1 X123.292 Y116.505 E582.28392
G1 X123.612 Y116.098 E582.34204
G1 X123.864 Y115.717 E582.39331
G1 X125.962 Y111.979 E582.87449
G1 X132.571 Y99.975 E584.4127
G1 X133.281 Y100.076 E584.4932
G1 X133.289 Y100.069 E584.4944
G1 X136.133 Y100.571 E584.81858
G1 X138.087 Y100.941 E585.04182
G1 X139.828 Y101.309 E585.24157
G1 X140.425 Y101.463 E585.31078
G1 X141.145 Y101.686 E585.39539
G1 X141.034 Y101.738 E585.40915
G1 X140.6 Y102.118 E585.4739
G1 X139.913 Y103.417 E585.63885
G1 X138.627 Y102.803 E585.79882
G1 X138.042 Y102.782 E585.86453
G1 X137.56 Y102.933 E585.92123
G1 X137.183 Y103.22 E585.97442
G1 X136.374 Y104.276 E586.12374
G1 X135.126 Y103.33 E586.29953
G1 X134.685 Y103.192 E586.3514
G1 X134.32 Y103.17 E586.39245
G1 X133.969 Y103.248 E586.43281
G1 X133.538 Y103.481 E586.48781
G1 X133.194 Y103.878 E586.54678
G1 X124.313 Y118.746 E588.49083
G1 X123.982 Y119.275 E588.56088
G1 X123.036 Y120.694 E588.75232
G1 X122.362 Y121.641 E588.88279
G1 X121.633 Y122.592 E589.0173
G1 X120.826 Y123.558 E589.1586
G1 X119.949 Y124.51 E589.3039
G1 X119.096 Y125.331 E589.4368
G1 X118.205 Y126.113 E589.56987
G1 X117.402 Y126.77 E589.68634
G1 X116.649 Y127.329 E589.79161
G0 F9000 X116.719 Y126.901
G1 F1500 X116.53 Y126.713 E589.82153
G0 F9000 X116.774 Y126.108
G1 F1500 X117.208 Y126.542 E589.89043
G0 F9000 X117.674 Y126.159
G1 F1500 X116.984 Y125.469 E589.99997
G0 F9000 X117.165 Y124.802
G1 F1500 X118.136 Y125.772 E590.15403
G0 F9000 X118.587 Y125.376
G1 F1500 X117.313 Y124.101 E590.35636
G0 F9000 X117.426 Y123.366
G1 F1500 X119.034 Y124.974 E590.61163
G0 F9000 X119.467 Y124.558
G1 F1500 X117.498 Y122.589 E590.92421
G0 F9000 X117.511 Y121.753
G1 F1500 X119.89 Y124.133 E591.30195
G0 F9000 X120.297 Y123.691
G1 F1500 X117.465 Y120.859 E591.75153
G0 F9000 X116.831 Y120.93
G0 X116.429 Y119.101
G0 X117.31 Y119.856
G1 F1500 X120.698 Y123.244 E592.28938
G0 F9000 X121.084 Y122.781
G1 F1500 X116.924 Y118.621 E592.94977
G0 F9000 X116.332 Y118.857
G0 X113.203 Y115.968
G0 X114.343 Y116.104
G0 X117.663 Y116.884
G0 X117.501 Y117.501
G1 F1500 X121.836 Y121.836 E593.63795
G0 F9000 X121.468 Y122.316
G1 F1500 X116.354 Y117.203 E594.44972
G0 F9000 X115.657 Y117.758
G0 X114.213 Y116.641
G0 X113.203 Y115.968
G0 X114.343 Y116.104
G0 X118.81 Y117.183
G0 X118.649 Y117.8
G1 F1500 X122.201 Y121.352 E595.0136
G0 F9000 X122.554 Y120.857
G1 F1500 X119.797 Y118.1 E595.45127
G0 F9000 X120.678 Y118.132
G1 F1500 X122.902 Y120.356 E595.80433
G0 F9000 X123.241 Y119.847
G1 F1500 X121.412 Y118.018 E596.09468
G0 F9000 X122.035 Y117.793
G1 F1500 X123.581 Y119.338 E596.34003
G0 F9000 X123.913 Y118.822
G1 F1500 X122.588 Y117.496 E596.55045
G0 F9000 X123.077 Y117.137
G1 F1500 X124.234 Y118.295 E596.73421
G0 F9000 X124.552 Y117.764
G1 F1500 X123.505 Y116.716 E596.9005
G0 F9000 X123.877 Y116.24
G1 F1500 X124.869 Y117.232 E597.05798
G0 F9000 X125.186 Y116.701
G1 F1500 X124.205 Y115.72 E597.21371
G0 F9000 X124.511 Y115.177
G1 F1500 X125.504 Y116.17 E597.37135
G0 F9000 X125.82 Y115.638
G1 F1500 X124.816 Y114.633 E597.53081
G0 F9000 X125.121 Y114.09
G1 F1500 X126.138 Y115.107 E597.69226
G0 F9000 X126.455 Y114.576
G1 F1500 X125.426 Y113.546 E597.85569
G0 F9000 X125.731 Y113.003
G1 F1500 X126.772 Y114.044 E598.02095
G0 F9000 X127.09 Y113.513
G1 F1500 X126.036 Y112.46 E598.1882
G0 F9000 X126.34 Y111.915
G1 F1500 X127.407 Y112.982 E598.35758
G0 F9000 X127.725 Y112.451
G1 F1500 X126.641 Y111.368 E598.52959
G0 F9000 X126.943 Y110.821
G1 F1500 X128.041 Y111.919 E598.70389
G0 F9000 X128.359 Y111.388
G1 F1500 X127.244 Y110.273 E598.8809
G0 F9000 X127.545 Y109.726
G1 F1500 X128.676 Y110.857 E599.06045
G0 F9000 X128.993 Y110.326
G1 F1500 X127.846 Y109.179 E599.24253
G0 F9000 X128.148 Y108.631
G1 F1500 X129.311 Y109.795 E599.42724
G0 F9000 X129.628 Y109.264
G1 F1500 X128.449 Y108.084 E599.61448
G0 F9000 X128.75 Y107.537
G1 F1500 X129.945 Y108.732 E599.80419
G0 F9000 X130.263 Y108.201
G1 F1500 X129.051 Y106.989 E599.99659
G0 F9000 X129.352 Y106.442
G1 F1500 X130.58 Y107.67 E600.19154
G0 F9000 X130.897 Y107.138
G1 F1500 X129.654 Y105.895 E600.38886
G0 F9000 X129.955 Y105.348
G1 F1500 X131.214 Y106.607 E600.58873
G0 F9000 X131.532 Y106.076
G1 F1500 X130.256 Y104.8 E600.79129
G0 F9000 X130.558 Y104.254
G1 F1500 X131.849 Y105.544 E600.99616
G0 F9000 X132.166 Y105.013
G1 F1500 X130.859 Y103.706 E601.20364
G0 F9000 X131.161 Y103.159
G1 F1500 X132.484 Y104.482 E601.41367
G0 F9000 X132.8 Y103.95
G1 F1500 X131.462 Y102.612 E601.62608
G0 F9000 X131.763 Y102.064
G1 F1500 X133.157 Y103.458 E601.84737
G0 F9000 X133.632 Y103.085
G1 F1500 X132.064 Y101.517 E602.09629
G0 F9000 X132.365 Y100.97
G1 F1500 X134.269 Y102.873 E602.39847
G0 F9000 X134.349 Y103.514
G0 X135.059 Y103.705
G0 X135.443 Y103.199
G1 F1500 X132.667 Y100.423 E602.83916
G0 F9000 X133.512 Y100.419
G1 F1500 X136.592 Y103.499 E603.32811
G0 F9000 X136.961 Y103.02
G1 F1500 X134.539 Y100.598 E603.7126
G0 F9000 X134.652 Y99.964
G0 X135.68 Y100.145
G0 X135.567 Y100.777
G1 F1500 X137.445 Y102.656 E604.01081
G0 F9000 X138.118 Y102.48
G1 F1500 X136.603 Y100.965 E604.25132
G0 F9000 X136.722 Y100.338
G0 X137.768 Y100.536
G0 X137.65 Y101.164
G1 F1500 X139.258 Y102.771 E604.50651
G0 F9000 X139.981 Y102.646
G1 F1500 X138.717 Y101.381 E604.70725
G0 F9000 X138.848 Y100.756
G0 X139.346 Y100.86
G0 X139.794 Y101.61
G1 F1500 X140.275 Y102.091 E604.78361
G1 F3600 E600.78361
G0 F9000 X140.844 Y102.392
G0 X142.021 Y101.754
G0 X140.501 Y101.197
G0 X135.992 Y100.26
G0 X132.425 Y99.68
G0 X122.935 Y115.678
G0 X122.388 Y116.281
G0 X121.794 Y116.698
G0 X121.328 Y116.916
G0 X120.661 Y117.033
G0 X120.06 Y117.032
G0 X87.98 Y108.82
G0 X87.41 Y108.554
G0 X86.909 Y108.069
G0 X86.613 Y107.517
G0 X86.504 Y106.799
G0 X86.609 Y106.272
G0 X86.812 Y105.805
G0 X87.133 Y105.359
G0 X87.656 Y105.024
G0 X88.051 Y104.883
G0 X110.535 Y102.207
G0 X109.032 Y102.078
G0 X105.708 Y102.399
G0 X110.312 Y101.54
G0 X110.582 Y101.851
G1 F3600 E604.78361
G1 F1185.8 X111.246 Y101.771 E604.87858
G1 F1134.9 X111.91 Y101.69 E604.97782
G1 F1089.6 X112.574 Y101.609 E605.08119
G1 F1046.5 X113.238 Y101.529 E605.1888
G1 F1006.7 X113.902 Y101.448 E605.30068
G1 F969.8 X114.566 Y101.367 E605.41682
G1 F936.5 X115.23 Y101.287 E605.53706
G1 F904.5 X115.894 Y101.206 E605.66159
G0 F9000 X116.511 Y101.392
G1 F1397.5 X116.201 Y101.299 E605.70058
G1 F1012.4 X115.891 Y101.206 E605.75441
G1 X116.17 Y101.041 E605.80832
G1 F1397.5 X116.45 Y100.876 E605.84748
G1 F1633.4 X118.71 Y100.572 E606.08255
G1 F1528 X119.109 Y100.408 E606.13009
G1 F1505 X119.469 Y100.188 E606.17729
G1 F1500 X119.915 Y99.773 E606.24568
G1 X120.184 Y99.2 E606.31673
G1 X120.211 Y98.679 E606.37529
G1 X120.161 Y98.261 E606.42255
G1 X120.04 Y97.968 E606.45813
G1 X119.769 Y97.521 E606.51681
G1 X119.381 Y97.223 E606.57173
G1 X118.922 Y97.012 E606.62844
G1 X118.563 Y96.915 E606.67018
G1 X117.196 Y96.883 E606.82367
G1 X117.362 Y95.632 E606.96533
G1 X117.479 Y94.458 E607.09777
G1 X117.52 Y93.178 E607.24153
G1 X117.514 Y92.162 E607.35558
G1 X118.194 Y92.843 E607.46361
G1 X119.418 Y94.171 E607.66634
G1 X119.86 Y94.699 E607.74364
G1 X120.29 Y95.277 E607.8245
G1 X120.667 Y95.85 E607.9015
G1 X121.02 Y96.423 E607.97705
G1 X121.576 Y97.45 E608.10814
G1 X122.12 Y98.557 E608.2466
G1 X122.536 Y99.024 E608.3168
G1 X122.864 Y99.298 E608.36478
G1 X123.251 Y99.474 E608.4125
G1 X123.493 Y99.528 E608.44033
G1 X123.027 Y100.727 E608.58473
G1 X119.687 Y101.047 E608.96138
G1 F1551.7 X118.099 Y101.219 E609.1347
G1 F1663.6 X116.511 Y101.392 E609.29638
G1 F3600 E605.29638
G0 F9000 X116.539 Y101.693
G0 X110.535 Y102.207
G0 X109.032 Y102.078
G0 X105.708 Y102.399
G0 X118.583 Y99.797
G0 X119.135 Y99.465
G0 X119.394 Y99.083
G0 X119.427 Y98.493
G0 X119.091 Y97.962
G0 X118.527 Y97.718
G0 X116.852 Y97.682
G0 X117.166 Y93.654
G0 X117.818 Y93.211
G1 F3600 E609.29638
G1 F1500 X120.007 Y95.4 E609.64388
G0 F9000 X120.522 Y95.02
G0 X121.451 Y96.502
G0 X120.678 Y96.92
G1 F1500 X117.793 Y94.034 E610.10195
G0 F9000 X117.744 Y94.834
G1 F1500 X120.234 Y97.323 E610.49716
G1 X120.234 Y97.324
G1 X122.966 Y100.056 E610.93087
G0 F9000 X122.535 Y100.473
G1 F1500 X120.484 Y98.422 E611.25646
G0 F9000 X120.479 Y99.266
G1 F1500 X121.761 Y100.548 E611.45998
G0 F9000 X120.987 Y100.623
G1 F1500 X120.212 Y99.848 E611.58301
G0 F9000 X119.803 Y100.287
G1 F1500 X120.214 Y100.698 E611.64825
G0 F9000 X119.44 Y100.773
G1 F1500 X119.307 Y100.64 E611.66937
G0 F9000 X119.381 Y101.42
G0 X123.223 Y100.984
G0 X123.857 Y99.33
G0 X121.83 Y97.2
G0 X121.265 Y97.506
G1 F1500 X120.68 Y96.921 E611.76224
G0 F9000 X121.452 Y96.503
G0 X120.091 Y94.539
G0 X118.408 Y92.662
G0 X117.258 Y91.545
G0 X116.872 Y97.145
G0 X118.434 Y97.252
G0 X118.706 Y96.645
G1 F1500 X117.666 Y95.604 E611.92742
G0 F9000 X117.569 Y96.355
G1 F1500 X117.81 Y96.597 E611.96575
G0 F9000 X117.797 Y97.238
G0 X119.091 Y97.962
G0 X119.427 Y98.493
G0 X119.394 Y99.083
G0 X119.135 Y99.465
G0 X118.583 Y99.797
G0 X108.724 Y101.247
G0 X105.613 Y101.625
G0 X104.759 Y101.453
G0 X99.342 Y99.431
G0 X98.508 Y102.169
G0 X98.445 Y102.709
G1 F1500 X98.765 Y102.389 E612.01655
G1 X99.006 Y102.067 E612.0617
G1 X99.292 Y101.58 E612.1251
G1 X99.493 Y101.063 E612.18737
G1 X99.62 Y100.42 E612.26094
G1 X99.639 Y99.817 E612.32866
G1 X100.068 Y99.967 E612.37968
G1 X101.342 Y100.477 E612.53372
G1 X101.921 Y100.739 E612.60506
G1 X102.416 Y100.994 E612.66756
G1 X103.995 Y101.964 E612.87558
G1 X104.428 Y102.184 E612.9301
G1 X104.838 Y102.319 E612.97856
G1 X104.952 Y102.39 E612.99363
G1 X104.81 Y102.465 E613.01166
G1 X97.936 Y103.125 E613.78684
G1 X98.445 Y102.709 E613.86063
G0 F9000 X99.076 Y102.47
G1 F1500 X99.302 Y102.696 E613.89651
G0 F9000 X99.415 Y101.961
G1 F1500 X100.076 Y102.622 E614.00144
G0 F9000 X100.85 Y102.547
G1 F1500 X99.69 Y101.387 E614.18559
G0 F9000 X99.868 Y100.717
G1 F1500 X101.625 Y102.474 E614.46451
G0 F9000 X102.4 Y102.4
G1 F1500 X100.439 Y100.439 E614.77582
G0 F9000 X100.086 Y99.613
G0 X101.616 Y100.227
G0 X101.931 Y101.082
G1 F1500 X103.174 Y102.325 E614.97315
G1 F3600 E610.97315
G0 F9000 X105.135 Y102.681
G0 X88.051 Y104.883
G0 X87.656 Y105.024
G0 X87.133 Y105.359
G0 X86.812 Y105.805
G0 X86.609 Y106.272
G0 X86.504 Y106.799
G0 X86.613 Y107.517
G0 X86.909 Y108.069
G0 X87.41 Y108.554
G0 X87.98 Y108.82
G0 X96.398 Y111.461
G0 X97.554 Y111.853
G0 X92.168 Y113
G0 X92.208 Y112.639
G1 F3600 E614.97315
G1 F1500 X92.039 Y112.68 E614.99267
G1 X91.187 Y112.954 E615.09313
G1 X90.984 Y112.254 E615.17494
G1 X90.778 Y111.691 E615.24224
G1 X90.56 Y111.219 E615.3006
G1 X90.331 Y110.871 E615.34737
G1 X90.065 Y110.512 E615.39752
G1 X89.692 Y110.071 E615.46236
G1 X96.16 Y111.687 E616.21073
G1 X95.833 Y111.708 E616.24751
G1 X95.184 Y111.794 E616.321
G1 X94.433 Y111.964 E616.40743
G1 X92.208 Y112.639 E616.66844
G0 F9000 X92.013 Y112.378
G1 F1500 X90.914 Y111.279 E616.8429
G0 F9000 X91.255 Y110.771
G1 F1500 X92.669 Y112.185 E617.06737
G0 F9000 X93.321 Y111.989
G1 F1500 X92.386 Y111.053 E617.21589
G0 F9000 X92.541 Y110.434
G0 X93.672 Y110.717
G0 X93.517 Y111.336
G1 F1500 X93.972 Y111.791 E617.28812
G0 F9000 X94.603 Y112.275
G0 X97.554 Y111.853
G0 X94.068 Y110.338
G0 X87.98 Y108.82
G0 X87.41 Y108.554
G0 X86.909 Y108.069
G0 X86.613 Y107.517
G0 X86.504 Y106.799
G0 X86.609 Y106.272
G0 X86.812 Y105.805
G0 X87.133 Y105.359
G0 X87.656 Y105.024
G0 X92.277 Y103.855
G0 X91.013 Y103.778
G1 F1437.7 X88.878 Y103.981 E617.53929
G1 X89.242 Y103.57 E617.60359
G1 X89.361 Y103.204 E617.64866
G1 X91.013 Y103.778 E617.85349
G0 F9000 X92.277 Y103.855
G0 X88.051 Y104.883
G0 X87.656 Y105.024
G0 X87.133 Y105.359
G0 X86.812 Y105.805
G0 X86.609 Y106.272
G0 X86.504 Y106.799
G0 X86.611 Y108.498
G0 X87.136 Y109.045
G0 X84.712 Y109.71
G0 X84.002 Y110.102
G0 X77.831 Y115.814
G0 X74.838 Y118.147
G0 X74.564 Y117.746
G1 F1018.1 X74.251 Y117.969 E617.91705
G1 F1026.2 X73.775 Y118.262 E618.00876
G1 X73.772 Y117.768 E618.08981
G1 X73.723 Y117.319 E618.16392
G1 F1018.1 X74.005 Y117.057 E618.22758
G1 F1022.7 X74.011 Y117.036 E618.23118
G1 F1120.8 X74.247 Y116.691 E618.29397
G1 F1347.3 X74.484 Y116.345 E618.34639
G1 F1500 X74.685 Y116.135 E618.37902
G1 X75.261 Y115.43 E618.48121
G1 X75.631 Y114.926 E618.55139
G1 X75.978 Y114.408 E618.62138
G1 X76.223 Y113.995 E618.67529
G1 X76.812 Y113.088 E618.79668
G1 X77.432 Y112.077 E618.92981
G1 X78.052 Y111.002 E619.06912
G1 X78.599 Y109.942 E619.20301
G1 X79.082 Y108.863 E619.33572
G1 X79.31 Y108.239 E619.41029
G1 X79.472 Y107.712 E619.47218
G1 X79.591 Y107.117 E619.54029
G1 X79.643 Y106.637 E619.59449
G1 X79.6 Y105.985 E619.66784
G1 X79.486 Y105.567 E619.71647
G1 X79.27 Y105.092 E619.77505
G1 X79.003 Y104.607 E619.8372
G1 X78.373 Y103.629 E619.96778
G1 X77.7 Y102.692 E620.09728
G1 X76.839 Y101.565 E620.25649
G1 X75.853 Y100.447 E620.42382
G1 X76.044 Y100.542 E620.44777
G1 X76.544 Y100.816 E620.51177
G1 X77.543 Y101.417 E620.64264
G1 X79.168 Y102.512 E620.8626
G1 X79.812 Y102.996 E620.95303
G1 X80.38 Y103.48 E621.0368
G1 X81.07 Y104.118 E621.14229
G1 X81.555 Y104.426 E621.20678
G1 X82.063 Y104.657 E621.26942
G1 X82.463 Y104.793 E621.31685
G1 X83.033 Y104.914 E621.38226
G1 X83.667 Y104.972 E621.45373
G1 X84.068 Y104.967 E621.49874
G1 X86.68 Y104.723 E621.79322
G1 X86.44 Y104.95 E621.83031
G1 X86.208 Y105.264 E621.87413
G1 X86.04 Y105.553 E621.91165
G1 X85.835 Y106.031 E621.97004
G1 X85.692 Y106.785 E622.05619
G1 X85.819 Y107.633 E622.15244
G1 X85.907 Y107.893 E622.18325
G1 X86.228 Y108.495 E622.25983
G1 X86.444 Y108.723 E622.29509
G1 X85.739 Y108.708 E622.37424
G1 X85.417 Y108.731 E622.41048
G1 X84.937 Y108.807 E622.46503
G1 X84.432 Y108.954 E622.52408
G1 X83.967 Y109.171 E622.58168
G1 X83.51 Y109.458 E622.64225
G1 X83.035 Y109.884 E622.71388
G1 X82.578 Y110.365 E622.78835
G1 X80.228 Y113.066 E623.19024
G1 X79.622 Y113.72 E623.29033
G1 X78.942 Y114.416 E623.39956
G1 X78.311 Y115.013 E623.49706
G1 X77.664 Y115.586 E623.59408
G1 X77.03 Y116.112 E623.68655
G1 X76.46 Y116.564 E623.76821
G1 X75.359 Y117.378 E623.92191
G1 F1339.3 X74.962 Y117.562 E623.97693
G1 F1100.2 X74.564 Y117.746 E624.04403
G0 F9000 X74.81 Y117.237
G1 F1500 X74.515 Y116.941 E624.09094
G0 F9000 X74.835 Y116.412
G1 F1500 X75.398 Y116.976 E624.1804
G0 F9000 X75.886 Y116.615
G1 F1500 X75.222 Y115.951 E624.28581
G0 F9000 X75.597 Y115.478
G1 F1500 X76.371 Y116.252 E624.40868
G0 F9000 X76.844 Y115.876
G1 F1500 X75.952 Y114.984 E624.55028
G0 F9000 X76.288 Y114.472
G1 F1500 X77.308 Y115.492 E624.71221
G0 F9000 X77.763 Y115.098
G1 F1500 X76.611 Y113.947 E624.89501
G0 F9000 X76.945 Y113.432
G1 F1500 X78.21 Y114.696 E625.09575
G0 F9000 X78.645 Y114.283
G1 F1500 X77.273 Y112.911 E625.31355
G0 F9000 X77.595 Y112.385
G1 F1500 X79.069 Y113.858 E625.54747
G0 F9000 X79.486 Y113.427
G1 F1500 X77.909 Y111.85 E625.79782
G0 F9000 X78.219 Y111.312
G1 F1500 X79.893 Y112.986 E626.06356
G0 F9000 X80.292 Y112.536
G1 F1500 X78.515 Y110.759 E626.34566
G0 F9000 X78.804 Y110.199
G1 F1500 X80.687 Y112.082 E626.64459
G0 F9000 X81.082 Y111.629
G1 F1500 X79.072 Y109.619 E626.96367
G0 F9000 X79.335 Y109.033
G1 F1500 X81.476 Y111.175 E627.30364
G0 F9000 X81.871 Y110.721
G1 F1500 X79.564 Y108.414 E627.66987
G0 F9000 X79.766 Y107.767
G1 F1500 X82.266 Y110.267 E628.06675
G0 F9000 X82.675 Y109.828
G1 F1500 X79.898 Y107.051 E628.50759
G0 F9000 X79.917 Y106.222
G1 F1500 X83.112 Y109.416 E629.01472
G0 F9000 X83.593 Y109.049
G1 F1500 X79.566 Y105.022 E629.654
G0 F9000 X78.987 Y105.285
G0 X74.906 Y99.803
G0 X75.501 Y99.961
G0 X76.469 Y100.462
G0 X79.363 Y102.237
G0 X79.006 Y102.765
G1 F1500 X84.781 Y108.54 E630.57078
G0 F9000 X84.148 Y108.755
G1 F1500 X78.03 Y102.637 E631.54201
G0 F9000 X77.508 Y103.01
G0 X74.906 Y99.803
G0 X75.501 Y99.961
G0 X76.695 Y100.58
G0 X77.513 Y101.072
G0 X82.267 Y104.369
G0 X82.065 Y104.975
G1 F1500 X85.513 Y108.424 E632.08946
G0 F9000 X85.502 Y107.564
G1 F1500 X83.165 Y105.227 E632.46046
G0 F9000 X84.054 Y105.267
G1 F1500 X85.417 Y106.63 E632.67684
G0 F9000 X85.556 Y105.921
G1 F1500 X84.832 Y105.197 E632.79177
G0 F9000 X85.608 Y105.124
G1 F1500 X85.822 Y105.338 E632.82574
G1 F3600 E628.82574
G0 F9000 X86.374 Y105.653
G0 X86.613 Y107.517
G0 X86.909 Y108.069
G0 X87.41 Y108.554
G0 X87.98 Y108.82
G0 X114.411 Y116.098
G0 X113.73 Y116.159
G0 X116.668 Y119.657
G0 X116.224 Y125.931
G0 X115.122 Y128.654
G0 X115.668 Y128.349
G0 X117.555 Y127.007
G0 X119.278 Y125.547
G0 X121.031 Y123.754
G0 X122.588 Y121.807
G0 X124.179 Y119.449
G0 X125.771 Y116.818
G0 X128.111 Y118.166
G0 X128.598 Y118.801
;TYPE:WALL-INNER
G1 F3600 E632.82574
G1 F1500 X129.55 Y118.563 E632.9359
G1 X130.812 Y118.199 E633.08333
G1 X132.031 Y117.825 E633.22647
G1 X133.804 Y117.24 E633.43604
G1 X135.049 Y116.798 E633.58435
G1 X136.453 Y116.273 E633.75261
G1 X138.059 Y115.636 E633.94655
G1 X139.33 Y115.093 E634.1017
G1 X140.792 Y114.449 E634.28103
G1 X142.293 Y113.75 E634.46689
G1 X142.886 Y113.46 E634.54099
G1 X143.541 Y113.11 E634.62436
G1 X144.116 Y112.786 E634.69844
G1 X144.697 Y112.428 E634.77505
G1 X145.795 Y111.694 E634.92331
G1 X146.915 Y110.875 E635.07906
G1 X148.02 Y110.008 E635.23672
G1 X148.46 Y109.644 E635.30082
G1 X149.166 Y109.011 E635.40726
G1 X149.166 Y109.002 E635.40827
G1 X149.491 Y108.686 E635.45916
G1 X149.882 Y108.271 E635.52316
G1 X150.192 Y107.89 E635.5783
G1 X150.364 Y107.642 E635.61218
G1 X150.486 Y107.355 E635.64718
G1 X150.554 Y107.02 E635.68556
G1 X150.511 Y106.685 E635.72347
G1 X150.278 Y106.276 E635.77631
G1 X149.977 Y105.94 E635.82695
G1 X149.641 Y105.614 E635.8795
G1 X149.242 Y105.279 E635.93798
G1 X148.532 Y104.752 E636.03724
G1 X147.856 Y104.297 E636.12871
G1 X146.764 Y103.623 E636.27276
G1 F1433.1 X145.239 Y105.329 E636.5416
G1 F1319.6 X144.89 Y105.569 E636.59565
G1 F1164.3 X144.689 Y105.665 E636.62786
G1 F1067.6 X144.36 Y105.635 E636.67997
G1 F1182.7 X143.982 Y105.436 E636.74079
G1 F1415.1 X143.458 Y105.25 E636.80695
G1 F1500 X142.662 Y105.024 E636.89983
G1 F1505 X141.622 Y106.871 E637.13698
G1 F1515.2 X141.389 Y107.064 E637.1706
G1 F1510.1 X140.662 Y107.188 E637.25284
G1 F1500 X138.768 Y106.289 E637.48818
G1 X137.439 Y108.063 E637.737
G1 X137.195 Y108.251 E637.77157
G1 X136.995 Y108.33 E637.79571
G1 X136.695 Y108.358 E637.82953
G1 X136.451 Y108.305 E637.85756
G1 X136.223 Y108.18 E637.88675
G1 X134.944 Y107.219 E638.06633
G1 X133.659 Y109.299 E638.34078
G1 X128.386 Y118.242 E639.50617
G1 X128.007 Y118.904 E639.5918
G1 X128.598 Y118.801 E639.65914
G0 F9000 X128.706 Y118.569
G0 X133.883 Y109.431
G0 X135.02 Y107.617
G0 X137.319 Y108.481
G0 X138.852 Y106.627
G0 X141.583 Y107.295
G0 X139.803 Y110.109
G0 X140.391 Y110.966
G1 F1500 X140.138 Y110.707 E639.69978
G1 X140.036 Y110.489 E639.7268
G1 X140 Y110.125 E639.76786
G1 X140.074 Y109.851 E639.79972
G1 X140.282 Y109.387 E639.8568
G1 X140.493 Y109.003 E639.90598
G1 X140.734 Y108.647 E639.95424
G1 X140.982 Y108.342 E639.99837
G1 F1510.1 X141.845 Y107.429 E640.13845
G1 F1515.2 X142.261 Y107.163 E640.19333
G1 F1505 X142.762 Y106.9 E640.25663
G1 F1500 X143.292 Y106.733 E640.31901
G1 F1415.1 X143.932 Y106.568 E640.39765
G1 F1182.7 X144.225 Y106.467 E640.44177
G1 F1067.6 X144.656 Y106.497 E640.50991
G1 F1164.3 X144.959 Y106.601 E640.55624
G1 F1312 X145.028 Y106.636 E640.56617
G1 F1424.1 X145.729 Y106.848 E640.65277
G1 F1500 X146.545 Y107.16 E640.75083
G1 X146.817 Y107.389 E640.79075
G1 X146.989 Y107.75 E640.83563
G1 X146.993 Y108.098 E640.8747
G1 X146.857 Y108.558 E640.92855
G1 X146.711 Y108.829 E640.9631
G1 X145.773 Y109.687 E641.1058
G1 X145.017 Y110.166 E641.20626
G1 X144.213 Y110.585 E641.30803
G1 X143.801 Y110.766 E641.35855
G1 X143.304 Y110.934 E641.41744
G1 X142.916 Y111.03 E641.46231
G1 X142.463 Y111.103 E641.51381
G1 X142.053 Y111.138 E641.56
G1 X141.606 Y111.148 E641.61019
G1 X140.862 Y111.12 E641.69377
G1 X140.608 Y111.073 E641.72277
G1 X140.391 Y110.966 E641.74992
G0 F9000 X140.826 Y110.518
;TYPE:WALL-OUTER
G1 F1500 X140.643 Y110.383 E641.77545
G1 X140.598 Y110.261 E641.79005
G1 X140.622 Y110.097 E641.80865
G1 X140.84 Y109.612 E641.86834
G1 X140.993 Y109.334 E641.90396
G1 X141.199 Y109.026 E641.94556
G1 X141.461 Y108.706 E641.99198
G1 X142.205 Y107.914 E642.11396
G1 X142.603 Y107.656 E642.16721
G1 X143.017 Y107.449 E642.21916
G1 X143.473 Y107.305 E642.27284
G1 X144.086 Y107.186 E642.34294
G1 X144.567 Y107.21 E642.397
G1 X144.898 Y107.254 E642.43448
G1 X145.226 Y107.324 E642.47213
G1 X145.544 Y107.419 E642.50938
G1 X146.289 Y107.704 E642.59892
G1 X146.382 Y107.858 E642.61912
G1 X146.395 Y107.981 E642.633
G1 X146.281 Y108.401 E642.68185
G1 X145.418 Y109.203 E642.8141
G1 X144.675 Y109.671 E642.91267
G1 X143.973 Y110.035 E643.00144
G1 X143.579 Y110.208 E643.04974
G1 X143.16 Y110.352 E643.09947
G1 X142.772 Y110.448 E643.14434
G1 X142.353 Y110.511 E643.1919
G1 X142.005 Y110.54 E643.2311
G1 X141.628 Y110.548 E643.27343
G1 X140.826 Y110.518 E643.36352
G1 F3600 E639.36352
G0 F9000 X139.803 Y110.109
G0 X141.583 Y107.295
G0 X138.852 Y106.627
G0 X136.675 Y108.618
G0 X135.02 Y107.617
G0 X133.883 Y109.431
G0 X128.554 Y118.518
G0 X128.071 Y119.502
G1 F3600 E643.36352
G1 F1500 X128.713 Y119.39 E643.43668
G1 X129.694 Y119.146 E643.55015
G1 X130.987 Y118.773 E643.70121
G1 X132.219 Y118.395 E643.84587
G1 X133.998 Y117.808 E644.05616
G1 X135.259 Y117.36 E644.20638
G1 X136.673 Y116.831 E644.37585
G1 X138.295 Y116.188 E644.57171
G1 X139.54 Y115.656 E644.72369
G1 X141.044 Y114.993 E644.90819
G1 X142.483 Y114.325 E645.08628
G1 X143.168 Y113.99 E645.17188
G1 X143.835 Y113.633 E645.2568
G1 X144.43 Y113.297 E645.3335
G1 X145.029 Y112.928 E645.41248
G1 X146.124 Y112.197 E645.56027
G1 X147.285 Y111.347 E645.72179
G1 X148.401 Y110.471 E645.88105
G1 X148.86 Y110.091 E645.94794
G1 X149.61 Y109.419 E646.06098
G1 X149.61 Y109.406 E646.06244
G1 X149.918 Y109.108 E646.11054
G1 X150.334 Y108.666 E646.17868
G1 X150.672 Y108.251 E646.23876
G1 X150.892 Y107.934 E646.28207
G1 X151.055 Y107.55 E646.3289
G1 X151.159 Y107.154 E646.37486
G1 X151.148 Y106.845 E646.40957
G1 X151.078 Y106.469 E646.4525
G1 X150.832 Y106.037 E646.50831
G1 X150.655 Y105.798 E646.54169
G1 X150.411 Y105.524 E646.58288
G1 X150.043 Y105.168 E646.64035
G1 X149.614 Y104.808 E646.70322
G1 X148.878 Y104.262 E646.80609
G1 X148.181 Y103.793 E646.90039
G1 X146.647 Y102.853 E647.10235
G1 X144.856 Y104.858 E647.40413
G1 X144.719 Y104.938 E647.42194
G1 X144.605 Y104.95 E647.43481
G1 X142.37 Y104.318 E647.69553
G1 X141.146 Y106.498 E647.97618
G1 X141.07 Y106.562 E647.98733
G1 X140.825 Y106.602 E648.01519
G1 X138.582 Y105.537 E648.29392
G1 X136.983 Y107.666 E648.5928
G1 X136.841 Y107.75 E648.61132
G1 X136.631 Y107.736 E648.63495
G1 X134.779 Y106.345 E648.89495
G1 X133.142 Y108.994 E649.2445
G1 X127.865 Y117.944 E650.4108
G1 X127.347 Y118.85 E650.52795
G1 X127.226 Y119.249 E650.57475
G1 X127.251 Y119.373 E650.58895
G1 X127.463 Y119.469 E650.61507
G1 X127.737 Y119.526 E650.64649
G1 X128.071 Y119.502 E650.68408
G0 F9000 X128.706 Y118.569
G0 X130.748 Y118.009
G0 X130.658 Y117.679
;TYPE:SKIN
G1 F1500 X129.076 Y118.135 E650.86889
G1 X134.189 Y109.47 E651.99828
G1 X135.095 Y108.006 E652.19154
G1 X135.891 Y108.608 E652.30357
G1 X136.248 Y108.804 E652.34929
G1 X136.653 Y108.892 E652.39581
G1 X137.113 Y108.855 E652.44761
G1 X137.454 Y108.723 E652.48866
G1 X137.836 Y108.429 E652.54277
G1 X138.934 Y106.965 E652.74819
G1 X140.511 Y107.712 E652.94407
G1 X140.87 Y107.672 E652.98462
G1 X140.615 Y107.938 E653.02598
G1 X140.305 Y108.32 E653.08121
G1 X140.033 Y108.712 E653.13476
G1 X139.845 Y109.051 E653.17828
G1 X139.568 Y109.663 E653.25369
G1 X139.461 Y110.065 E653.30038
G1 X139.469 Y110.531 E653.3527
G1 X139.723 Y111.102 E653.42285
G1 X140.09 Y111.414 E653.47692
G1 X140.435 Y111.582 E653.52
G1 X140.802 Y111.652 E653.56194
G1 X141.615 Y111.688 E653.65329
G1 X142.081 Y111.676 E653.70562
G1 X142.525 Y111.635 E653.75567
G1 X142.945 Y111.573 E653.80333
G1 F1374 X144.019 Y111.318 E653.9386
G1 F1308.1 X144.442 Y111.11 E653.99927
G1 F1410.7 X145.285 Y110.638 E654.11459
G1 F1520.3 X146.114 Y110.093 E654.22447
G1 F1510.1 X147.147 Y109.18 E654.3782
G1 F1477.8 X147.365 Y108.735 E654.43466
G1 F1500 X147.533 Y108.171 E654.50072
G1 X147.526 Y107.769 E654.54585
G1 X147.462 Y107.502 E654.57667
G1 X147.255 Y107.057 E654.63176
G1 X146.828 Y106.698 E654.69438
G1 X145.956 Y106.355 E654.79957
G1 X145.467 Y106.209 E654.85685
G1 X145.157 Y106.075 E654.89476
G1 X145.641 Y105.681 E654.96482
G1 X146.865 Y104.32 E655.17029
G1 X147.557 Y104.747 E655.26157
G1 X148.186 Y105.169 E655.3466
G1 X148.892 Y105.692 E655.44522
G1 X149.275 Y106.012 E655.50125
G1 X149.587 Y106.312 E655.54983
G1 X149.835 Y106.592 E655.59182
G1 X149.99 Y106.862 E655.62677
G1 X150.017 Y107.063 E655.64953
G1 X149.862 Y107.437 E655.69498
G1 X149.473 Y107.914 E655.76407
G1 X149.124 Y108.286 E655.82133
G1 X148.797 Y108.61 E655.873
G1 X148.134 Y109.209 E655.9733
G1 F1456.3 X147.564 Y109.655 E656.05698
G1 F1485.1 X146.451 Y110.558 E656.21948
G1 F1505 X145.466 Y111.246 E656.3539
G1 F1401.9 X144.799 Y111.669 E656.44876
G1 F1310 X144.335 Y111.95 E656.51849
G1 F1374 X143.854 Y112.311 E656.59218
G1 F1500 X142.779 Y112.906 E656.73011
G1 X142.026 Y113.276 E656.82429
G1 X140.578 Y113.949 E657.00353
G1 X139.117 Y114.593 E657.18275
G1 X137.91 Y115.111 E657.33019
G1 X136.283 Y115.759 E657.52678
G1 X134.636 Y116.376 E657.72421
G1 X133.814 Y116.669 E657.82217
G1 X131.88 Y117.307 E658.05077
G1 X130.658 Y117.679 E658.19416
G0 F9000 X129.957 Y117.229
G1 F1500 X130.22 Y117.492 E658.23591
G0 F9000 X130.875 Y117.298
G1 F1500 X130.272 Y116.696 E658.33156
G0 F9000 X130.587 Y116.162
G1 F1500 X131.525 Y117.1 E658.48047
G0 F9000 X132.169 Y116.895
G1 F1500 X130.902 Y115.628 E658.6816
G0 F9000 X131.217 Y115.095
G1 F1500 X132.807 Y116.685 E658.93401
G0 F9000 X133.444 Y116.474
G1 F1500 X131.532 Y114.561 E659.23762
G0 F9000 X131.847 Y114.028
G1 F1500 X134.075 Y116.256 E659.59132
G0 F9000 X134.699 Y116.031
G1 F1500 X132.162 Y113.494 E659.99406
G0 F9000 X132.476 Y112.96
G1 F1500 X135.316 Y115.8 E660.44491
G0 F9000 X135.934 Y115.569
G1 F1500 X132.792 Y112.427 E660.9437
G0 F9000 X133.106 Y111.893
G1 F1500 X136.544 Y115.331 E661.48949
G0 F9000 X137.151 Y115.089
G1 F1500 X133.423 Y111.361 E662.0813
G0 F9000 X133.737 Y110.827
G1 F1500 X137.758 Y114.848 E662.71964
G0 F9000 X138.353 Y114.594
G1 F1500 X134.053 Y110.294 E663.40226
G0 F9000 X134.367 Y109.76
G1 F1500 X138.946 Y114.339 E664.12918
G0 F9000 X139.536 Y114.08
G1 F1500 X134.688 Y109.232 E664.89879
G0 F9000 X135.013 Y108.708
G1 F1500 X140.125 Y113.82 E665.71032
G0 F9000 X140.709 Y113.556
G1 F1500 X136.275 Y109.122 E666.41422
G0 F9000 X137.153 Y109.152
G1 F1500 X141.288 Y113.287 E667.07065
G0 F9000 X141.868 Y113.018
G1 F1500 X140.8 Y111.95 E667.24019
G0 F9000 X141.685 Y111.987
G1 F1500 X142.437 Y112.739 E667.35957
G0 F9000 X142.992 Y112.445
G1 F1500 X142.487 Y111.94 E667.43974
G0 F9000 X143.214 Y111.818
G1 F1500 X143.538 Y112.142 E667.49118
G0 F9000 X143.926 Y111.682
G1 F1500 X144.014 Y111.77 E667.50515
G0 F9000 X144.389 Y112.383
G0 X148.393 Y109.434
G0 X147.698 Y108.666
G1 F1500 X147.978 Y108.945 E667.54952
G0 F9000 X148.423 Y108.542
G1 F1500 X147.828 Y107.947 E667.64397
G0 F9000 X147.111 Y107.548
G0 X144.984 Y106.281
G0 X144.674 Y106.083
G0 X144.96 Y105.881
G0 X146.815 Y103.971
G0 X148.357 Y104.948
G0 X149.466 Y105.808
G0 X150.064 Y106.428
G0 X150.26 Y106.775
G0 X150.151 Y107.464
G0 X149.311 Y108.581
G0 X148.857 Y108.127
G1 F1500 X146.22 Y105.49 E668.06259
G0 F9000 X146.621 Y105.043
G1 F1500 X149.268 Y107.69 E668.48281
G0 F9000 X149.627 Y107.2
G1 F1500 X147.489 Y105.063 E668.82213
G0 F9000 X147.846 Y104.533
G0 X146.815 Y103.971
G0 X144.96 Y105.881
G0 X144.674 Y106.083
G0 X145.9 Y106.698
G0 X145.909 Y106.028
G1 F1500 X145.808 Y105.927 E668.83817
G0 F9000 X145.9 Y106.698
G0 X144.066 Y106.847
G0 X142.864 Y107.145
G0 X140.7 Y108.373
G0 X140.209 Y107.965
G1 F1500 X140.087 Y107.843 E668.85753
G0 F9000 X139.848 Y108.453
G1 F1500 X138.903 Y107.507 E669.00763
G0 F9000 X138.54 Y107.993
G1 F1500 X139.542 Y108.995 E669.1667
G0 F9000 X139.28 Y109.582
G1 F1500 X138.177 Y108.479 E669.3418
G0 F9000 X137.735 Y108.885
G1 F1500 X139.166 Y110.316 E669.56897
G0 F9000 X139.803 Y110.109
G0 X141.789 Y107.879
G0 X143.229 Y106.543
G0 X143.147 Y106.23
G1 F1601.4 X142.455 Y106.448 E669.64525
G1 X142.913 Y105.635 E669.74337
G1 X143.301 Y105.746 E669.7858
G1 X143.767 Y105.949 E669.83924
G1 X143.845 Y106.007 E669.84946
G1 X143.296 Y106.194 E669.91044
G1 X143.147 Y106.23 E669.92656
G1 F3600 E665.92656
;MESH:NONMESH
G0 F300 X143.147 Y106.23 Z1.55
G0 F9000 X143.229 Y106.543
G0 X141.583 Y107.295
G0 X138.852 Y106.627
G0 X136.675 Y108.618
G0 X135.02 Y107.617
G0 X128.222 Y117.974
G0 X126.39 Y116.878
G0 X121.853 Y122.767
G0 X120.162 Y124.695
G0 X118.37 Y126.345
G0 X116.804 Y127.565
G0 X115.668 Y128.349
G0 X115.122 Y128.654
G0 X116.896 Y120.963
G0 X114.854 Y116.998
G0 X114.213 Y116.641
G0 X113.73 Y116.159
G0 X113.911 Y115.975
G0 X110.162 Y115.035
G0 X110.046 Y115.471
;TIME_ELAPSED:587.553433
;LAYER:3
;TYPE:WALL-INNER
;MESH:sharkz.stl
G1 F3600 E669.92656
G1 F1282.1 X111.573 Y115.873 E670.13394
G1 F1258.7 X112.355 Y116.098 E670.2428
G1 F1222.8 X112.967 Y116.3 E670.33154
G1 F1162.8 X113.598 Y116.533 E670.42894
G1 F1289.4 X114.108 Y116.881 E670.50957
G1 F1500 X114.813 Y117.28 E670.6005
G1 X115.111 Y117.495 E670.64175
G1 X115.452 Y117.832 E670.69557
G1 X115.74 Y118.195 E670.74758
G1 X115.959 Y118.552 E670.7946
G1 X116.136 Y118.909 E670.83933
G1 X116.299 Y119.326 E670.88958
G1 X116.415 Y119.718 E670.93547
G1 X116.51 Y120.115 E670.9813
G1 X116.586 Y120.546 E671.03042
G1 X116.635 Y120.976 E671.079
G1 X116.676 Y121.8 E671.17162
G1 X116.656 Y122.625 E671.26425
G1 X116.577 Y123.404 E671.35214
G1 X116.459 Y124.124 E671.43404
G1 X116.319 Y124.75 E671.50605
G1 X116.163 Y125.295 E671.56969
G1 X115.983 Y125.832 E671.63326
G1 X115.369 Y127.36 E671.81811
G1 X115.012 Y128.199 E671.92047
G1 X114.55 Y129.22 E672.04626
G1 X115.408 Y128.817 E672.15267
G1 X115.817 Y128.563 E672.20672
G1 X116.96 Y127.774 E672.36262
G1 X117.715 Y127.213 E672.46821
G1 X118.539 Y126.544 E672.58735
G1 X119.43 Y125.761 E672.7205
G1 X120.348 Y124.878 E672.86348
G1 X121.227 Y123.926 E673.00893
G1 X122.056 Y122.93 E673.1544
G1 X122.797 Y121.963 E673.29115
G1 X123.487 Y121 E673.42413
G1 X124.423 Y119.595 E673.61364
G1 X124.777 Y119.03 E673.68849
G1 X133.663 Y104.15 E675.63398
G1 X133.877 Y103.906 E675.67041
G1 X134.143 Y103.76 E675.70447
G1 X134.366 Y103.714 E675.73003
G1 X134.593 Y103.725 E675.75555
G1 X134.871 Y103.814 E675.78831
G1 X136.479 Y105.032 E676.01475
G1 X137.59 Y103.585 E676.21954
G1 X137.815 Y103.415 E676.25119
G1 X138.117 Y103.319 E676.28676
G1 X138.484 Y103.333 E676.32799
G1 X140.149 Y104.128 E676.5351
G1 X141.046 Y102.441 E676.74958
G1 X141.327 Y102.19 E676.79187
G1 F1465.8 X141.933 Y102.062 E676.86302
G1 F1492.5 X143.009 Y102.393 E676.99002
G1 F1618.7 X144.086 Y102.724 E677.10723
G1 F1691.7 X144.429 Y102.32 E677.15997
G1 X144.095 Y102.175 E677.19622
G1 F1642.3 X143.545 Y101.967 E677.2565
G1 F1530.6 X142.46 Y101.578 E677.3833
G1 F1451.6 X142.084 Y101.456 E677.42915
G1 F1465.8 X141.2 Y101.138 E677.53707
G1 F1500 X140.568 Y100.946 E677.61121
G1 X139.982 Y100.788 E677.67934
G1 X138.197 Y100.413 E677.88409
G1 X136.038 Y100.004 E678.13075
G1 X133.645 Y99.581 E678.40354
G1 X132.45 Y99.409 E678.53906
G1 X132.221 Y99.501 E678.56677
G1 X124.857 Y112.863 E680.27939
G1 X123.41 Y115.426 E680.60978
G1 X123.117 Y115.866 E680.66912
G1 X122.777 Y116.281 E680.72935
G1 X122.431 Y116.585 E680.78105
G1 X122.039 Y116.856 E680.83454
G1 X121.672 Y117.041 E680.88068
G1 X121.257 Y117.194 E680.93033
G1 X120.684 Y117.292 E680.99558
G1 X120.033 Y117.29 E681.06866
G1 X114.483 Y115.846 E681.71241
G1 F1289.4 X113.868 Y115.787 E681.79309
G1 F1184.2 X112.548 Y115.404 E681.98851
G1 F1258.7 X111.723 Y115.181 E682.10283
G1 F1285.7 X102.352 Y112.73 E683.37136
G1 F1323.5 X98.014 Y111.63 E683.94071
G1 F1285.7 X97.064 Y111.43 E684.06785
G1 F1339.3 X96.544 Y111.234 E684.13771
G1 F1490.1 X89.284 Y109.416 E684.98343
G1 F1612.9 X88.099 Y109.076 E685.11213
G1 F1751 X87.844 Y109.011 E685.13744
G1 F1679.1 X87.587 Y108.928 E685.16452
G1 F1551.7 X87.109 Y108.654 E685.22431
G1 F1500 X86.669 Y108.22 E685.29368
G1 X86.353 Y107.569 E685.37491
G1 X86.294 Y107.343 E685.40113
G1 X86.268 Y106.616 E685.48279
G1 X86.362 Y106.183 E685.53253
G1 X86.588 Y105.666 E685.59587
G1 X86.803 Y105.364 E685.63748
G1 X86.994 Y105.168 E685.6682
G1 F1495 X87.431 Y104.839 E685.72981
G1 F1482.7 X88.002 Y104.61 E685.79967
G1 F1480.3 X88.485 Y104.573 E685.85478
G1 F1492.5 X91.301 Y104.304 E686.17391
G1 F1475.4 X91.792 Y104.249 E686.23029
G1 F1399.7 X92.208 Y104.185 E686.28092
G1 F1367.8 X93.158 Y104.103 E686.39831
G1 F1353.4 X95.217 Y103.89 E686.65584
G1 F1295 X97.277 Y103.676 E686.92514
G1 F1374 X97.933 Y103.668 E687.00553
G1 F1500 X104.716 Y103.017 E687.77044
G1 F1424.1 X104.998 Y102.96 E687.80446
G1 F1193.6 X105.429 Y102.827 E687.86809
G1 F1079.1 X105.787 Y102.805 E687.92405
G1 F1063.8 X109.102 Y102.463 E688.45153
G1 F1021.6 X110.082 Y102.358 E688.61398
G1 F1204.8 X110.694 Y102.446 E688.70039
G1 F1500 X122.594 Y101.302 E690.04236
G1 X123.413 Y101.232 E690.13463
G1 X124.26 Y99.047 E690.39768
G1 X123.876 Y99.048 E690.44079
G1 X123.533 Y98.981 E690.48002
G1 X123.102 Y98.797 E690.53262
G1 X122.836 Y98.575 E690.57152
G1 X122.536 Y98.194 E690.62595
G1 X122.081 Y97.241 E690.7445
G1 X121.512 Y96.19 E690.87865
G1 X121.126 Y95.562 E690.9614
G1 X120.742 Y94.98 E691.03967
G1 X120.296 Y94.377 E691.12386
G1 X119.819 Y93.807 E691.20729
G1 X118.592 Y92.477 E691.41042
G1 X117.556 Y91.435 E691.57536
G1 X117.173 Y91.077 E691.63421
G1 X116.959 Y90.894 E691.66582
G1 X116.976 Y91.719 E691.75845
G1 X116.98 Y93.173 E691.92167
G1 X116.936 Y94.491 E692.0697
G1 X116.822 Y95.61 E692.19596
G1 X116.698 Y96.558 E692.30328
G1 X116.543 Y97.415 E692.40104
G1 X118.516 Y97.46 E692.62257
G1 X119.004 Y97.603 E692.67966
G1 X119.385 Y97.947 E692.73728
G1 X119.54 Y98.154 E692.76631
G1 X119.632 Y98.377 E692.79339
G1 X119.676 Y98.811 E692.84235
G1 X119.638 Y99.098 E692.87485
G1 X119.449 Y99.464 E692.92109
G1 X119.193 Y99.748 E692.96401
G1 X118.887 Y99.919 E693.00336
G1 X118.448 Y100.08 E693.05585
G1 X110.548 Y101.239 E693.95214
G1 F1204.8 X109.976 Y101.472 E694.03846
G1 F1022.7 X108.975 Y101.606 E694.20473
G1 F1065.1 X105.709 Y101.987 E694.72455
G1 F1079.1 X105.454 Y101.99 E694.76434
G1 F1193.6 X105.032 Y101.832 E694.82791
G1 F1424.1 X104.873 Y101.76 E694.84855
G1 F1500 X104.455 Y101.612 E694.89832
G1 X102.672 Y100.52 E695.13302
G1 X102.184 Y100.265 E695.19483
G1 X101.585 Y99.992 E695.26872
G1 X100.234 Y99.451 E695.43208
G1 X98.988 Y99.011 E695.58042
G1 X99.051 Y99.339 E695.61791
G1 X99.102 Y99.793 E695.66919
G1 X99.086 Y100.342 E695.73084
G1 X98.982 Y100.897 E695.79423
G1 X98.807 Y101.35 E695.84874
G1 X98.572 Y101.748 E695.90063
G1 X98.327 Y102.067 E695.94578
G1 X98.06 Y102.334 E695.98816
G1 X97.716 Y102.61 E696.03767
G1 F1446.9 X97.367 Y102.853 E696.08716
G1 F1329.4 X97.15 Y102.981 E696.11907
G1 F1295 X95.124 Y103.219 E696.38431
G1 F1353.4 X93.097 Y103.457 E696.63823
G1 F1367.8 X92.158 Y103.52 E696.75409
G1 F1399.7 X91.861 Y103.464 E696.79045
G1 F1475.4 X91.329 Y103.305 E696.85381
G1 F1500 X89.72 Y102.739 E697.04528
G1 X88.859 Y102.467 E697.14663
G1 X88.883 Y102.816 E697.1859
G1 X88.825 Y103.213 E697.23094
G1 X88.578 Y103.578 E697.28041
G1 F1492.5 X88.26 Y103.834 E697.32647
G1 F1468.2 X87.941 Y104.013 E697.36842
G1 F1465.8 X87.717 Y104.077 E697.39518
G1 F1490.1 X84.32 Y104.409 E697.78087
G1 F1500 X84.027 Y104.43 E697.81385
G1 X83.698 Y104.432 E697.85078
G1 X83.093 Y104.375 E697.91899
G1 X82.622 Y104.276 E697.97302
G1 X82.169 Y104.122 E698.02673
G1 X81.804 Y103.946 E698.07222
G1 X81.377 Y103.667 E698.12947
G1 X80.735 Y103.072 E698.22773
G1 X80.184 Y102.599 E698.30925
G1 X79.481 Y102.073 E698.4078
G1 X77.859 Y100.976 E698.62761
G1 X76.832 Y100.357 E698.76222
G1 X76.292 Y100.062 E698.83129
G1 X75.6 Y99.719 E698.91799
G1 X75.111 Y99.557 E698.97581
G1 X74.629 Y99.436 E699.0316
G1 X74.029 Y99.355 E699.09956
G1 X74.311 Y99.608 E699.14209
G1 X75.181 Y100.498 E699.28179
G1 X76.465 Y101.963 E699.50047
G1 X77.257 Y103.003 E699.64721
G1 X77.933 Y103.947 E699.77754
G1 X78.557 Y104.912 E699.90654
G1 X78.749 Y105.261 E699.95126
G1 X78.964 Y105.702 E700.00633
G1 X79.084 Y106.16 E700.05948
G1 X79.1 Y106.643 E700.11372
G1 X79.05 Y107.117 E700.16723
G1 X78.951 Y107.568 E700.21906
G1 X78.782 Y108.128 E700.28472
G1 X78.591 Y108.639 E700.34596
G1 X78.151 Y109.627 E700.46737
G1 X77.578 Y110.744 E700.60829
G1 X76.994 Y111.764 E700.74022
G1 X76.356 Y112.798 E700.87661
G1 X75.769 Y113.703 E700.9977
G1 X75.486 Y114.177 E701.05967
G1 X75.182 Y114.625 E701.12044
G1 X74.837 Y115.094 E701.1858
G1 X74.305 Y115.743 E701.28
G1 X73.572 Y116.525 E701.40031
G1 X73.014 Y117.068 E701.48771
G1 X73.1 Y117.895 E701.58105
G1 X73.076 Y118.213 E701.61685
G1 X73.014 Y118.432 E701.6424
G1 F1475.4 X72.746 Y118.886 E701.70256
G1 F1454 X72.336 Y119.115 E701.75695
G1 F1369.9 X71.901 Y119.26 E701.81331
G1 F1145 X71.187 Y119.345 E701.91904
G1 F1026.2 X70.87 Y119.343 E701.97106
G1 X70.426 Y120.674 E702.20127
G1 X71.39 Y120.17 E702.37976
G1 F1145 X72.061 Y119.915 E702.48531
G1 F1369.9 X72.625 Y119.66 E702.56139
G1 F1477.8 X74.011 Y118.909 E702.741
G1 F1500 X74.605 Y118.55 E702.81891
G1 X75.687 Y117.81 E702.96606
G1 X76.712 Y117.052 E703.10916
G1 X77.36 Y116.544 E703.20159
G1 X78.004 Y116.009 E703.29557
G1 X78.661 Y115.428 E703.39402
G1 X79.314 Y114.812 E703.49479
G1 X79.984 Y114.131 E703.60203
G1 X80.652 Y113.406 E703.71269
G1 X82.948 Y110.765 E704.10552
G1 X83.411 Y110.275 E704.1812
G1 X83.831 Y109.903 E704.24418
G1 X84.214 Y109.652 E704.29558
G1 X84.623 Y109.466 E704.34602
G1 X85.036 Y109.34 E704.39449
G1 X85.476 Y109.269 E704.44452
G1 X85.863 Y109.248 E704.48802
G1 X86.24 Y109.258 E704.53036
G1 X86.974 Y109.322 E704.61306
G1 F1525.4 X87.294 Y109.379 E704.64894
G1 F1639.3 X87.935 Y109.565 E704.71749
G1 F1679.1 X88.401 Y109.74 E704.76741
G1 F1590.1 X88.839 Y109.975 E704.82005
G1 F1530.6 X89.411 Y110.569 E704.91076
G1 F1500 X89.641 Y110.842 E704.95083
G1 X89.889 Y111.175 E704.99744
G1 X90.112 Y111.539 E705.04536
G1 X90.281 Y111.901 E705.09021
G1 X90.481 Y112.445 E705.15527
G1 X90.665 Y113.08 E705.22948
G1 X90.779 Y113.653 E705.29506
G1 X92.169 Y113.206 E705.45896
G1 X92.34 Y113.164 E705.47873
G1 X94.59 Y112.483 E705.74261
G1 X95.251 Y112.332 E705.81872
G1 X95.862 Y112.249 E705.88794
G1 F1490.1 X96.424 Y112.212 E705.95158
G1 F1339.3 X96.945 Y112.152 E706.01752
G1 F1269.4 X97.777 Y112.255 E706.12872
G1 F1308.1 X102.18 Y113.401 E706.71434
G1 F1296.8 X110.046 Y115.471 E707.77043
G0 F9000 X110.045 Y116.146
;TYPE:WALL-OUTER
G1 F1500 X111.386 Y116.5 E707.92612
G1 X112.181 Y116.737 E708.01924
G1 X112.713 Y116.925 E708.08258
G1 X113.3 Y117.164 E708.15372
G1 X113.871 Y117.434 E708.22463
G1 X114.463 Y117.768 E708.30093
G1 X114.737 Y117.968 E708.33901
G1 X114.988 Y118.213 E708.37838
G1 X115.231 Y118.513 E708.42172
G1 X115.424 Y118.824 E708.4628
G1 X115.579 Y119.132 E708.50151
G1 X115.724 Y119.498 E708.5457
G1 X115.832 Y119.86 E708.5881
G1 X115.92 Y120.222 E708.62992
G1 X115.988 Y120.598 E708.67282
G1 X116.036 Y121.008 E708.71915
G1 X116.076 Y121.764 E708.80414
G1 X116.059 Y122.566 E708.89418
G1 X115.985 Y123.308 E708.97789
G1 X115.873 Y123.994 E709.05591
G1 X115.741 Y124.586 E709.124
G1 X115.593 Y125.107 E709.1848
G1 X115.427 Y125.608 E709.24404
G1 X114.817 Y127.126 E709.42768
G1 X114.466 Y127.952 E709.52843
G1 X113.46 Y130.173 E709.80213
G1 X113.931 Y130.071 E709.85622
G1 X114.398 Y129.923 E709.91121
G1 X114.876 Y129.736 E709.96883
G1 X115.696 Y129.344 E710.07086
G1 X116.135 Y129.072 E710.12883
G1 X117.318 Y128.256 E710.29015
G1 X118.083 Y127.687 E710.39717
G1 X118.955 Y126.977 E710.5234
G1 X119.836 Y126.203 E710.65504
G1 X120.777 Y125.298 E710.80159
G1 X121.678 Y124.322 E710.9507
G1 X122.525 Y123.304 E711.09935
G1 X123.279 Y122.321 E711.23842
G1 X123.957 Y121.377 E711.36889
G1 X124.927 Y119.921 E711.56528
G1 X125.292 Y119.338 E711.64249
G1 X134.217 Y104.394 E713.59639
G1 X134.338 Y104.328 E713.61187
G1 X134.585 Y104.347 E713.63967
G1 X136.594 Y105.872 E713.9228
G1 X138.008 Y104.015 E714.18481
G1 X138.196 Y103.914 E714.20877
G1 X138.318 Y103.919 E714.22247
G1 X140.409 Y104.917 E714.48256
G1 X141.549 Y102.782 E714.75424
G1 X141.634 Y102.706 E714.76704
G1 X141.836 Y102.667 E714.79013
G1 X144.28 Y103.369 E715.07557
G1 X145.329 Y102.138 E715.25712
G1 X144.971 Y101.947 E715.30267
G1 X144.502 Y101.73 E715.36068
G1 X143.753 Y101.424 E715.4515
G1 X142.658 Y101.006 E715.58307
G1 X141.376 Y100.564 E715.73529
G1 X140.724 Y100.366 E715.81178
G1 X140.122 Y100.204 E715.88176
G1 X138.309 Y99.823 E716.08972
G1 X136.142 Y99.413 E716.33729
G1 X133.701 Y98.983 E716.61552
G1 X132.407 Y98.796 E716.76228
G1 X132.025 Y98.907 E716.80694
G1 X131.733 Y99.143 E716.84908
G1 X124.334 Y112.568 E718.5698
G1 X122.888 Y115.128 E718.89984
G1 X122.653 Y115.486 E718.94791
G1 X122.331 Y115.874 E719.00451
G1 X122.035 Y116.134 E719.04874
G1 X121.757 Y116.326 E719.08666
G1 X121.464 Y116.478 E719.12371
G1 X121.075 Y116.616 E719.17005
G1 X120.655 Y116.688 E719.21788
G1 X120.095 Y116.689 E719.28074
G1 X102.513 Y112.103 E721.32041
G1 X87.935 Y108.461 E723.00713
G1 X87.496 Y108.188 E723.06516
G1 X87.174 Y107.872 E723.1158
G1 X86.892 Y107.31 E723.18638
G1 X86.868 Y106.696 E723.25536
G1 X86.93 Y106.395 E723.28986
G1 X87.131 Y105.937 E723.346
G1 X87.317 Y105.677 E723.38189
G1 X87.726 Y105.368 E723.43943
G1 X88.117 Y105.213 E723.48664
G1 X122.646 Y101.9 E727.38042
G1 X123.76 Y101.804 E727.50594
G1 X123.922 Y101.579 E727.53706
G1 X125.12 Y98.491 E727.90887
G1 X125.12 Y98.41 E727.91796
G1 X124.188 Y98.449 E728.02267
G1 X123.813 Y98.448 E728.06477
G1 X123.347 Y98.252 E728.12152
G1 X123.061 Y97.898 E728.1726
G1 X122.616 Y96.969 E728.28823
G1 X122.032 Y95.89 E728.42596
G1 X121.627 Y95.232 E728.51269
G1 X121.234 Y94.636 E728.59283
G1 X120.768 Y94.006 E728.68079
G1 X120.27 Y93.411 E728.76789
G1 X119.039 Y92.076 E728.97173
G1 X117.966 Y90.997 E729.14255
G1 X117.563 Y90.622 E729.20434
G1 X117.161 Y90.278 E729.26373
G1 X116.857 Y90.04 E729.30707
G1 X116.52 Y89.82 E729.35225
G1 X116.397 Y89.796 E729.36631
G1 X116.341 Y90.008 E729.39093
G1 X116.376 Y91.721 E729.58326
G1 X116.38 Y93.154 E729.74412
G1 X116.339 Y94.431 E729.88754
G1 X116.227 Y95.532 E730.01177
G1 X116.1 Y96.494 E730.12069
G1 X115.887 Y97.665 E730.2543
G1 X115.817 Y97.939 E730.28604
G1 X115.938 Y98.004 E730.30146
G1 X118.431 Y98.054 E730.58136
G1 X118.725 Y98.147 E730.61598
G1 X118.961 Y98.371 E730.6525
G1 X119.038 Y98.503 E730.66966
G1 X119.083 Y98.892 E730.71361
G1 X118.912 Y99.195 E730.75267
G1 X118.677 Y99.357 E730.78471
G1 X118.32 Y99.49 E730.82747
G1 X108.885 Y100.878 E731.89798
G1 X105.604 Y101.284 E732.26909
G1 X105.075 Y101.195 E732.32931
G1 X104.683 Y101.048 E732.3763
G1 X102.968 Y99.998 E732.60203
G1 X102.448 Y99.726 E732.66791
G1 X101.821 Y99.44 E732.74527
G1 X100.446 Y98.889 E732.91154
G1 X99.133 Y98.425 E733.06787
G1 X98.311 Y98.17 E733.16448
G1 X98.094 Y98.154 E733.1889
G1 X98.286 Y98.677 E733.25144
G1 X98.379 Y99.021 E733.29144
G1 X98.455 Y99.406 E733.33549
G1 X98.499 Y99.798 E733.37977
G1 X98.483 Y100.3 E733.43615
G1 X98.393 Y100.755 E733.48822
G1 X98.257 Y101.101 E733.52995
G1 X98.09 Y101.391 E733.56751
G1 X97.893 Y101.652 E733.60422
G1 X97.713 Y101.84 E733.63344
G1 X97.306 Y102.166 E733.69197
G1 X97.001 Y102.347 E733.73179
G1 X93.026 Y102.836 E734.18135
G1 X92.07 Y102.891 E734.28885
G1 X91.547 Y102.746 E734.34977
G1 X89.901 Y102.167 E734.54563
G1 X88.958 Y101.87 E734.65662
G1 X87.829 Y101.556 E734.78816
G1 X88.262 Y102.524 E734.9072
G1 X88.284 Y102.85 E734.94387
G1 X88.257 Y102.994 E734.96032
G1 X88.022 Y103.277 E735.00161
G1 X87.645 Y103.481 E735.04973
G1 X83.983 Y103.832 E735.46268
G1 X83.679 Y103.831 E735.49681
G1 X83.196 Y103.784 E735.55128
G1 X82.772 Y103.695 E735.59992
G1 X82.403 Y103.569 E735.64369
G1 X82.109 Y103.429 E735.68024
G1 X81.749 Y103.196 E735.72838
G1 X81.135 Y102.624 E735.82257
G1 X80.56 Y102.131 E735.90759
G1 X79.853 Y101.601 E736.00678
G1 X78.182 Y100.47 E736.23328
G1 X77.13 Y99.837 E736.3711
G1 X76.569 Y99.53 E736.44289
G1 X75.829 Y99.163 E736.53561
G1 X75.279 Y98.981 E736.60064
G1 X74.754 Y98.848 E736.66144
G1 X73.795 Y98.718 E736.77007
G1 X73.004 Y98.645 E736.85924
G1 X72.706 Y98.649 E736.8927
G1 X72.437 Y98.689 E736.92322
G1 X72.585 Y98.878 E736.95017
G1 X73.883 Y100.029 E737.14491
G1 X74.719 Y100.881 E737.2789
G1 X75.987 Y102.326 E737.4947
G1 X76.769 Y103.353 E737.6396
G1 X77.452 Y104.308 E737.7714
G1 X78.031 Y105.202 E737.89096
G1 X78.231 Y105.565 E737.93748
G1 X78.398 Y105.916 E737.98112
G1 X78.484 Y106.226 E738.01723
G1 X78.499 Y106.645 E738.06429
G1 X78.457 Y107.023 E738.10699
G1 X78.36 Y107.459 E738.15712
G1 X78.22 Y107.919 E738.2111
G1 X78.043 Y108.395 E738.26811
G1 X77.603 Y109.383 E738.38951
G1 X77.057 Y110.446 E738.52366
G1 X76.458 Y111.491 E738.65887
G1 X75.852 Y112.472 E738.7883
G1 X75.259 Y113.387 E738.9107
G1 X74.989 Y113.841 E738.96999
G1 X74.698 Y114.27 E739.02818
G1 X74.368 Y114.719 E739.09073
G1 X73.841 Y115.363 E739.18415
G1 X73.125 Y116.124 E739.30144
G1 X72.528 Y116.702 E739.39471
G1 X72.397 Y116.934 E739.42462
G1 X72.503 Y117.957 E739.54007
G1 X72.437 Y118.267 E739.57565
G1 X72.34 Y118.422 E739.59617
G1 X71.984 Y118.613 E739.64152
G1 X70.34 Y118.602 E739.82607
G1 X69.152 Y122.161 E740.24725
G1 X71.273 Y121.067 E740.51514
G1 X73.445 Y119.916 E740.79108
G1 X74.321 Y119.423 E740.90391
G1 X74.929 Y119.055 E740.98369
G1 X76.043 Y118.293 E741.1352
G1 X77.094 Y117.517 E741.28185
G1 X77.743 Y117.006 E741.37457
G1 X78.4 Y116.459 E741.47054
G1 X79.073 Y115.864 E741.57137
G1 X79.734 Y115.241 E741.67334
G1 X80.418 Y114.545 E741.78288
G1 X81.104 Y113.8 E741.89656
G1 X83.415 Y111.144 E742.29176
G1 X83.841 Y110.694 E742.36132
G1 X84.221 Y110.36 E742.41811
G1 X84.506 Y110.179 E742.45601
G1 X84.842 Y110.024 E742.49755
G1 X85.195 Y109.919 E742.53889
G1 X85.487 Y109.871 E742.57211
G1 X85.82 Y109.848 E742.60958
G1 X86.19 Y109.856 E742.65112
G1 X86.888 Y109.916 E742.72976
G1 X87.234 Y109.967 E742.76902
G1 X87.673 Y110.064 E742.81949
G1 X88.166 Y110.269 E742.87942
G1 X88.456 Y110.442 E742.91733
G1 X88.953 Y110.957 E742.99767
G1 X89.163 Y111.206 E743.03423
G1 X89.382 Y111.495 E743.07494
G1 X89.571 Y111.798 E743.11502
G1 X89.718 Y112.108 E743.15354
G1 X89.918 Y112.652 E743.2186
G1 X90.078 Y113.202 E743.2829
G1 X90.178 Y113.684 E743.33816
G1 X90.243 Y114.176 E743.39386
G1 X90.373 Y114.279 E743.41248
G1 X90.69 Y114.312 E743.44826
G1 X92.315 Y113.788 E743.63992
G1 X92.5 Y113.742 E743.66132
G1 X94.727 Y113.067 E743.92254
G1 X95.334 Y112.926 E743.99249
G1 X95.878 Y112.85 E744.05415
G1 X96.404 Y112.816 E744.11331
G1 X96.889 Y112.817 E744.16776
G1 X97.705 Y112.889 E744.25971
G1 X110.045 Y116.146 E745.69235
G0 F9000 X110.299 Y115.182
G0 X113.045 Y116.046
G0 X114.3 Y116.597
G0 X115.321 Y117.23
G0 X115.987 Y117.949
G0 X116.438 Y118.75
G0 X116.84 Y120.029
G0 X116.948 Y120.749
G0 X117.021 Y122.994
G0 X116.743 Y122.967
;TYPE:FILL
G1 F3000 X124.055 Y115.656 E746.85305
G0 F9000 X123.818 Y115.805
G0 X125.066 Y117.669
G0 X125.261 Y117.549
G1 F3000 X115.541 Y127.27 E748.39617
G1 F3600 E744.39617
G0 F9000 X115.795 Y127.373
G0 X117.955 Y116.483
G0 X87.804 Y108.776
G0 X87.28 Y108.455
G0 X86.887 Y108.069
G0 X86.556 Y107.39
G0 X86.529 Y106.665
G0 X86.613 Y106.259
G0 X86.818 Y105.795
G0 X87.074 Y105.442
G0 X87.562 Y105.07
G0 X87.949 Y104.921
G0 X121.015 Y101.056
G0 X121.04 Y101.33
G1 F3600 E748.39617
G1 F3000 X119.4 Y99.69 E748.65652
G0 F9000 X119.589 Y99.934
G0 X120.052 Y99.127
G0 X119.935 Y98.012
G0 X119.246 Y97.335
G0 X118.724 Y97.16
G0 X117.021 Y97.027
G0 X117.015 Y97.305
G1 F3000 X116.754 Y97.044 E748.69796
G0 F9000 X117.01 Y97.09
G0 X117.343 Y94.265
G0 X117.065 Y94.255
G1 F3000 X123.497 Y100.687 E749.71903
G1 F3600 E745.71903
G0 F9000 X123.237 Y100.586
G0 X88.04 Y104.885
G0 X87.562 Y105.07
G0 X87.074 Y105.442
G0 X86.818 Y105.795
G0 X86.613 Y106.259
G0 X86.529 Y106.665
G0 X86.556 Y107.39
G0 X86.887 Y108.069
G0 X87.28 Y108.455
G0 X87.804 Y108.776
G0 X120.061 Y117.032
G0 X120.66 Y117.033
G0 X121.187 Y116.942
G0 X121.948 Y116.609
G0 X122.596 Y116.09
G0 X123.186 Y115.295
G0 X130.281 Y102.484
G0 X135.711 Y103.946
G0 X135.54 Y104.17
G1 F3600 E749.71903
G1 F3000 X139.006 Y100.705 E750.26918
G0 F9000 X138.948 Y100.977
G0 X141.039 Y101.607
G0 X141.147 Y101.664
G1 F3000 X139.246 Y103.565 E750.57096
G1 F3600 E746.57096
G0 F9000 X139.368 Y103.312
G0 X130.249 Y102.535
G0 X123.186 Y115.295
G0 X122.596 Y116.09
G0 X121.948 Y116.609
G0 X121.187 Y116.942
G0 X120.66 Y117.033
G0 X120.061 Y117.032
G0 X87.804 Y108.776
G0 X87.28 Y108.455
G0 X86.887 Y108.069
G0 X86.556 Y107.39
G0 X86.529 Y106.665
G0 X86.613 Y106.259
G0 X86.818 Y105.795
G0 X87.074 Y105.442
G0 X87.562 Y105.07
G0 X88.04 Y104.885
G0 X97.409 Y102.891
G0 X100.536 Y100.002
G0 X100.641 Y99.743
G1 F3600 E750.57096
G1 F3000 X98.817 Y101.567 E750.86052
G0 F9000 X99.064 Y101.707
G0 X94.956 Y103.657
G0 X88.04 Y104.885
G0 X87.562 Y105.07
G0 X87.074 Y105.442
G0 X86.818 Y105.795
G0 X86.613 Y106.259
G0 X86.529 Y106.665
G0 X86.556 Y107.39
G0 X86.887 Y108.069
G0 X87.28 Y108.455
G0 X90.465 Y110.122
G0 X90.533 Y109.851
G1 F3000 X89.718 Y110.666 E750.98991
G0 F9000 X90.264 Y109.88
G1 F3000 X93.171 Y112.788 E751.45147
G0 F9000 X93.091 Y112.519
G0 X86.403 Y108.873
G0 X86.384 Y109.1
G1 F3000 X79.579 Y102.296 E752.53168
G0 F9000 X79.412 Y102.517
G0 X81.174 Y103.944
G0 X82.067 Y104.447
G0 X83.059 Y104.717
G0 X83.329 Y104.733
G0 X84.883 Y104.756
G0 X84.857 Y104.474
G1 F3000 X86.334 Y105.951 E752.76616
G1 F3600 E748.76616
G0 F9000 X86.078 Y105.837
G0 X86.556 Y107.39
G0 X86.887 Y108.069
G0 X87.28 Y108.455
G0 X87.804 Y108.776
G0 X120.061 Y117.032
G0 X124.889 Y117.484
G0 X125.175 Y117.304
;TYPE:SKIN
G1 F3600 E752.76616
G1 F1500 X124.006 Y115.466 E753.01067
G1 X125.326 Y113.124 E753.31245
G1 X130.57 Y103.615 E754.53142
G1 X132.022 Y105.843 E754.82994
G1 X125.175 Y117.304 E756.32857
G0 F9000 X125.14 Y116.69
G1 F1500 X125.27 Y116.561 E756.34913
G0 F9000 X124.811 Y116.171
G1 F1500 X126.529 Y114.453 E756.62186
G0 F9000 X124.226 Y116.445
G0 X123.627 Y115.58
G0 X124.932 Y113.137
G0 X125.036 Y114.249
G1 F1500 X129.047 Y110.238 E757.25861
G0 F9000 X132.346 Y105.72
G0 X130.552 Y103.11
G0 X127.635 Y108.238
G0 X128.193 Y108.547
G1 F1500 X131.361 Y105.379 E757.76153
G0 F9000 X131.026 Y104.865
G1 F1500 X129.237 Y106.654 E758.04553
G0 F9000 X128.678 Y106.345
G0 X130.552 Y103.11
G0 X132.346 Y105.72
G0 X130.306 Y108.131
G1 F1500 X126.105 Y112.331 E758.71236
G0 F9000 X125.059 Y112.912
G0 X123.627 Y115.58
G0 X127.788 Y112.346
G1 F1500 X124.481 Y115.652 E759.23727
G0 F9000 X123.939 Y115.995
G0 X123.627 Y115.58
G0 X126.592 Y110.131
G0 X127.149 Y110.439
G1 F1500 X131.565 Y106.023 E759.9383
G0 F9000 X132.305 Y105.746
G0 X131.293 Y104.103
G0 X130.281 Y104.761
G1 F1500 X130.692 Y104.351 E760.00347
G0 F9000 X131.647 Y103.731
G1 F3600 E756.00347
G0 F9000 X132.344 Y105.838
G0 X132.449 Y106.771
G0 X134.216 Y107.866
G0 X140.371 Y111.503
G0 X140.391 Y110.966
;TYPE:WALL-INNER
G1 F3600 E760.00347
G1 F1500 X140.138 Y110.707 E760.04411
G1 X140.036 Y110.489 E760.07113
G1 X140 Y110.125 E760.11219
G1 X140.074 Y109.851 E760.14405
G1 X140.282 Y109.387 E760.20113
G1 X140.493 Y109.003 E760.25031
G1 X140.734 Y108.647 E760.29857
G1 X140.982 Y108.342 E760.3427
G1 F1510.1 X141.845 Y107.429 E760.48278
G1 F1515.2 X142.261 Y107.163 E760.53766
G1 F1505 X142.762 Y106.9 E760.60096
G1 F1500 X143.292 Y106.733 E760.66334
G1 F1415.1 X143.932 Y106.568 E760.74198
G1 F1182.7 X144.225 Y106.467 E760.78611
G1 F1067.6 X144.656 Y106.497 E760.85424
G1 F1164.3 X144.959 Y106.601 E760.90057
G1 F1312 X145.028 Y106.636 E760.9105
G1 F1424.1 X145.76 Y106.857 E761.00091
G1 F1500 X146.58 Y107.177 E761.09972
G1 X146.906 Y107.396 E761.14381
G1 X147.053 Y107.605 E761.17249
G1 X147.145 Y107.897 E761.20686
G1 X147.148 Y108.108 E761.23054
G1 X147.028 Y108.473 E761.27367
G1 X146.866 Y108.674 E761.30265
G1 X145.773 Y109.687 E761.46994
G1 X145.017 Y110.166 E761.5704
G1 X144.213 Y110.585 E761.67217
G1 X143.801 Y110.766 E761.72269
G1 X143.304 Y110.934 E761.78158
G1 X142.916 Y111.03 E761.82644
G1 X142.463 Y111.103 E761.87795
G1 X142.053 Y111.138 E761.92414
G1 X141.606 Y111.148 E761.97433
G1 X140.862 Y111.12 E762.05791
G1 X140.608 Y111.073 E762.0869
G1 X140.391 Y110.966 E762.11406
G0 F9000 X140.371 Y111.503
G0 X128.67 Y118.437
G0 X128.598 Y118.801
G1 F1500 X129.55 Y118.563 E762.22422
G1 X130.812 Y118.199 E762.37165
G1 X132.031 Y117.825 E762.51479
G1 X133.804 Y117.24 E762.72436
G1 X135.049 Y116.798 E762.87267
G1 X136.453 Y116.273 E763.04093
G1 X138.059 Y115.636 E763.23487
G1 X139.33 Y115.093 E763.39002
G1 X140.792 Y114.449 E763.56935
G1 X142.293 Y113.75 E763.75521
G1 X142.886 Y113.46 E763.82931
G1 X143.541 Y113.11 E763.91268
G1 X144.116 Y112.786 E763.98676
G1 X144.697 Y112.428 E764.06337
G1 X145.795 Y111.694 E764.21163
G1 X146.924 Y110.868 E764.36866
G1 X148.029 Y110 E764.52639
G1 X148.445 Y109.657 E764.58691
G1 X149.164 Y109.013 E764.69526
G1 X149.164 Y109.004 E764.69628
G1 X149.491 Y108.686 E764.74748
G1 X149.881 Y108.271 E764.8114
G1 X150.185 Y107.897 E764.86551
G1 X150.372 Y107.63 E764.9021
G1 X150.51 Y107.265 E764.9459
G1 X150.557 Y107.02 E764.9739
G1 X150.516 Y106.692 E765.01101
G1 X150.277 Y106.276 E765.06487
G1 X149.977 Y105.94 E765.11543
G1 X149.641 Y105.614 E765.16798
G1 X149.242 Y105.279 E765.22646
G1 X148.532 Y104.752 E765.32572
G1 X147.856 Y104.297 E765.41719
G1 X146.764 Y103.623 E765.56124
G1 F1433.1 X145.236 Y105.331 E765.8305
G1 F1319.6 X144.89 Y105.569 E765.88408
G1 F1164.3 X144.689 Y105.665 E765.91629
G1 F1067.6 X144.36 Y105.635 E765.9684
G1 F1182.7 X143.982 Y105.436 E766.02922
G1 F1415.1 X143.458 Y105.25 E766.09538
G1 F1500 X142.662 Y105.024 E766.18826
G1 F1505 X141.622 Y106.871 E766.42541
G1 F1515.2 X141.389 Y107.064 E766.45903
G1 F1510.1 X140.662 Y107.188 E766.54127
G1 F1500 X138.768 Y106.289 E766.77661
G1 X137.439 Y108.063 E767.02543
G1 X137.195 Y108.251 E767.06001
G1 X136.995 Y108.33 E767.08414
G1 X136.695 Y108.358 E767.11797
G1 X136.451 Y108.305 E767.146
G1 X136.223 Y108.18 E767.17518
G1 X134.944 Y107.219 E767.35477
G1 X133.659 Y109.299 E767.62921
G1 X128.386 Y118.242 E768.7946
G1 X128.009 Y118.903 E768.88002
G1 X128.598 Y118.801 E768.94712
G0 F9000 X127.936 Y119.525
;TYPE:WALL-OUTER
G1 F1500 X128.713 Y119.39 E769.03565
G1 X129.694 Y119.146 E769.14913
G1 X130.987 Y118.773 E769.30019
G1 X132.219 Y118.395 E769.44485
G1 X133.998 Y117.808 E769.65513
G1 X135.259 Y117.36 E769.80535
G1 X136.673 Y116.831 E769.97482
G1 X138.295 Y116.188 E770.17068
G1 X139.54 Y115.656 E770.32266
G1 X141.044 Y114.993 E770.50717
G1 X142.483 Y114.325 E770.68525
G1 X143.168 Y113.99 E770.77085
G1 X143.835 Y113.633 E770.85577
G1 X144.43 Y113.297 E770.93248
G1 X145.029 Y112.928 E771.01145
G1 X146.124 Y112.197 E771.15924
G1 X147.294 Y111.34 E771.32204
G1 X148.41 Y110.464 E771.4813
G1 X148.836 Y110.112 E771.54333
G1 X149.609 Y109.419 E771.65987
G1 X149.609 Y109.406 E771.66133
G1 X149.918 Y109.108 E771.70952
G1 X150.333 Y108.666 E771.77757
G1 X150.664 Y108.259 E771.83646
G1 X150.946 Y107.856 E771.89167
G1 X151.092 Y107.416 E771.94371
G1 X151.164 Y107.038 E771.98691
G1 X151.11 Y106.616 E772.03467
G1 X151.018 Y106.363 E772.06489
G1 X150.832 Y106.037 E772.10702
G1 X150.655 Y105.798 E772.1404
G1 X150.411 Y105.524 E772.18159
G1 X150.043 Y105.168 E772.23906
G1 X149.614 Y104.808 E772.30193
G1 X148.878 Y104.262 E772.4048
G1 X148.181 Y103.793 E772.4991
G1 X146.647 Y102.853 E772.70106
G1 X144.853 Y104.86 E773.00323
G1 X144.719 Y104.938 E773.02064
G1 X144.605 Y104.95 E773.03351
G1 X142.37 Y104.318 E773.29423
G1 X141.146 Y106.498 E773.57487
G1 X141.07 Y106.562 E773.58603
G1 X140.825 Y106.602 E773.61389
G1 X138.582 Y105.537 E773.89262
G1 X136.983 Y107.666 E774.1915
G1 X136.841 Y107.75 E774.21002
G1 X136.631 Y107.736 E774.23365
G1 X134.779 Y106.345 E774.49365
G1 X133.142 Y108.994 E774.8432
G1 X127.865 Y117.944 E776.0095
G1 X127.344 Y118.859 E776.12769
G1 X127.231 Y119.239 E776.17219
G1 X127.266 Y119.381 E776.18861
G1 X127.554 Y119.493 E776.2233
G1 X127.936 Y119.525 E776.26633
G1 F3600 E772.26633
G0 F9000 X127.907 Y119.113
G0 X140.789 Y111.519
G0 X140.826 Y110.518
G1 F3600 E776.26633
G1 F1500 X140.643 Y110.383 E776.29185
G1 X140.598 Y110.261 E776.30645
G1 X140.622 Y110.097 E776.32506
G1 X140.84 Y109.612 E776.38475
G1 X140.993 Y109.334 E776.42037
G1 X141.199 Y109.026 E776.46196
G1 X141.461 Y108.706 E776.50839
G1 X142.205 Y107.914 E776.63036
G1 X142.603 Y107.656 E776.68361
G1 X143.017 Y107.449 E776.73557
G1 X143.473 Y107.305 E776.78924
G1 X144.086 Y107.186 E776.85934
G1 X144.567 Y107.21 E776.9134
G1 X144.898 Y107.254 E776.95088
G1 X145.223 Y107.323 E776.98818
G1 X145.542 Y107.416 E777.02548
G1 X146.362 Y107.736 E777.12429
G1 X146.519 Y107.879 E777.14812
G1 X146.551 Y108.047 E777.16732
G1 X146.503 Y108.193 E777.18457
G1 X145.418 Y109.203 E777.35097
G1 X144.675 Y109.671 E777.44954
G1 X143.973 Y110.035 E777.53831
G1 X143.579 Y110.208 E777.58661
G1 X143.16 Y110.352 E777.63634
G1 X142.772 Y110.448 E777.68121
G1 X142.353 Y110.511 E777.72877
G1 X142.005 Y110.54 E777.76797
G1 X141.628 Y110.548 E777.8103
G1 X140.826 Y110.518 E777.90039
G0 F9000 X140.789 Y111.519
G0 X138.131 Y115.169
G0 X138.239 Y115.429
;TYPE:FILL
G1 F3000 X133.171 Y110.361 E778.70494
G0 F9000 X133.41 Y110.502
G0 X134.504 Y108.691
G0 X134.266 Y108.544
G1 F3000 X135.228 Y107.583 E778.85757
G0 F9000 X135.062 Y107.805
G0 X132.261 Y112.453
G0 X132.022 Y112.312
G1 F3000 X136.018 Y116.308 E779.49194
G0 F9000 X135.749 Y115.579
G1 F3600 E775.49194
;MESH:NONMESH
G0 F300 X135.749 Y115.579 Z2
G0 F9000 X128.222 Y117.974
G0 X126.39 Y116.878
G0 X125.185 Y117.802
G0 X120.573 Y117.109
G0 X110.162 Y115.035
G0 X110.046 Y115.472
;TIME_ELAPSED:642.819207
;LAYER:4
;TYPE:WALL-INNER
;MESH:sharkz.stl
G1 F3600 E779.49194
G1 F1285.7 X111.572 Y115.874 E779.6986
G1 F1260.5 X112.355 Y116.098 E779.80739
G1 F1222.8 X112.967 Y116.3 E779.89613
G1 F1164.3 X113.598 Y116.533 E779.99341
G1 F1289.4 X114.108 Y116.882 E780.07411
G1 F1500 X114.73 Y117.225 E780.15385
G1 X115.122 Y117.502 E780.20773
G1 X115.403 Y117.777 E780.25186
G1 X115.714 Y118.145 E780.30595
G1 X115.955 Y118.545 E780.35837
G1 X116.104 Y118.837 E780.39517
G1 X116.299 Y119.326 E780.45426
G1 X116.415 Y119.718 E780.50015
G1 X116.51 Y120.115 E780.54597
G1 X116.586 Y120.546 E780.5951
G1 X116.635 Y120.976 E780.64368
G1 X116.676 Y121.8 E780.73629
G1 X116.656 Y122.625 E780.82893
G1 X116.577 Y123.404 E780.91682
G1 X116.459 Y124.124 E780.99872
G1 X116.319 Y124.75 E781.07073
G1 X116.163 Y125.295 E781.13436
G1 X115.983 Y125.832 E781.19794
G1 X115.369 Y127.36 E781.38279
G1 X115.014 Y128.199 E781.48506
G1 X114.552 Y129.219 E781.61075
G1 X115.408 Y128.817 E781.71691
G1 X115.817 Y128.563 E781.77095
G1 X116.96 Y127.774 E781.92686
G1 X117.715 Y127.213 E782.03245
G1 X118.539 Y126.544 E782.15159
G1 X119.43 Y125.761 E782.28474
G1 X120.348 Y124.878 E782.42772
G1 X121.227 Y123.926 E782.57317
G1 X122.056 Y122.93 E782.71863
G1 X122.797 Y121.963 E782.85539
G1 X123.487 Y121 E782.98837
G1 X124.423 Y119.595 E783.17788
G1 X124.777 Y119.03 E783.25272
G1 X133.663 Y104.15 E785.19822
G1 X133.877 Y103.906 E785.23465
G1 X134.143 Y103.76 E785.26871
G1 X134.365 Y103.714 E785.29416
G1 X134.593 Y103.725 E785.31978
G1 X134.871 Y103.814 E785.35255
G1 X136.479 Y105.032 E785.57899
G1 X137.59 Y103.585 E785.78378
G1 X137.815 Y103.415 E785.81543
G1 X138.117 Y103.319 E785.851
G1 X138.484 Y103.333 E785.89223
G1 X140.149 Y104.128 E786.09934
G1 X141.046 Y102.441 E786.31382
G1 X141.327 Y102.19 E786.35611
G1 F1465.8 X141.933 Y102.062 E786.42726
G1 F1492.5 X143.009 Y102.393 E786.55426
G1 F1618.7 X144.086 Y102.724 E786.67147
G1 F1691.7 X144.429 Y102.32 E786.72421
G1 X144.095 Y102.175 E786.76046
G1 F1642.3 X143.545 Y101.967 E786.82074
G1 F1530.6 X142.46 Y101.578 E786.94754
G1 F1451.6 X142.084 Y101.456 E786.99339
G1 F1465.8 X141.2 Y101.138 E787.10131
G1 F1500 X140.568 Y100.946 E787.17545
G1 X139.982 Y100.788 E787.24358
G1 X138.197 Y100.413 E787.44833
G1 X136.038 Y100.004 E787.69499
G1 X133.645 Y99.581 E787.96778
G1 X132.45 Y99.409 E788.1033
G1 X132.22 Y99.499 E788.13103
G1 X124.993 Y112.614 E789.81195
G1 X123.414 Y115.422 E790.17357
G1 X123.174 Y115.79 E790.22289
G1 X122.866 Y116.168 E790.27762
G1 X122.584 Y116.451 E790.32247
G1 X122.247 Y116.723 E790.37109
G1 X121.818 Y116.989 E790.42775
G1 X121.121 Y117.244 E790.51106
G1 X120.43 Y117.304 E790.58892
G1 X119.924 Y117.261 E790.64592
G1 X114.483 Y115.848 E791.27695
G1 F1289.4 X113.867 Y115.788 E791.35777
G1 F1185.8 X112.548 Y115.405 E791.55281
G1 F1260.5 X111.723 Y115.182 E791.66697
G1 F1285.7 X102.352 Y112.73 E792.93553
G1 F1323.5 X98.015 Y111.63 E793.50475
G1 F1282.1 X97.048 Y111.425 E793.63457
G1 F1347.3 X96.458 Y111.207 E793.71318
G1 F1500 X89.285 Y109.414 E794.54315
G1 F1601.4 X87.823 Y108.993 E794.70311
G1 F1660.5 X87.29 Y108.784 E794.76117
G1 F1551.7 X86.941 Y108.506 E794.80958
G1 F1500 X86.661 Y108.169 E794.85877
G1 X86.353 Y107.577 E794.93368
G1 X86.295 Y107.355 E794.95943
G1 X86.269 Y106.625 E795.04143
G1 X86.361 Y106.178 E795.09266
G1 X86.587 Y105.664 E795.15569
G1 X86.85 Y105.3 E795.2061
G1 X87.082 Y105.077 E795.24222
G1 X87.461 Y104.827 E795.29319
G1 F1485.1 X88.001 Y104.61 E795.35917
G1 F1482.7 X88.556 Y104.567 E795.42238
G1 F1495 X91.301 Y104.304 E795.73296
G1 F1475.4 X91.791 Y104.249 E795.78923
G1 F1399.7 X92.208 Y104.185 E795.83998
G1 F1367.8 X93.157 Y104.103 E795.95724
G1 F1353.4 X95.217 Y103.891 E796.21489
G1 F1293.1 X97.278 Y103.678 E796.48469
G1 F1372 X97.933 Y103.67 E796.56508
G1 F1500 X104.717 Y103.019 E797.33011
G1 F1424.1 X104.998 Y102.962 E797.36401
G1 F1193.6 X105.429 Y102.829 E797.42764
G1 F1079.1 X105.787 Y102.806 E797.48361
G1 F1063.8 X109.102 Y102.465 E798.01107
G1 F1020.4 X110.051 Y102.363 E798.16856
G1 F1204.8 X110.661 Y102.451 E798.2547
G1 F1500 X123.412 Y101.233 E799.69255
G1 X124.26 Y99.047 E799.95575
G1 X123.88 Y99.049 E799.99841
G1 X123.486 Y98.979 E800.04333
G1 X123.238 Y98.877 E800.07343
G1 X123.011 Y98.741 E800.10313
G1 X122.762 Y98.522 E800.14036
G1 X122.459 Y98.037 E800.20455
G1 X122.074 Y97.229 E800.30502
G1 X121.493 Y96.159 E800.4417
G1 X121.126 Y95.562 E800.52036
G1 X120.742 Y94.98 E800.59863
G1 X120.296 Y94.377 E800.68282
G1 X119.819 Y93.807 E800.76626
G1 X118.592 Y92.477 E800.96938
G1 X117.556 Y91.435 E801.13432
G1 X117.173 Y91.077 E801.19317
G1 X116.958 Y90.892 E801.22501
G1 X116.976 Y91.719 E801.31787
G1 X116.98 Y93.173 E801.48108
G1 X116.936 Y94.491 E801.62912
G1 X116.822 Y95.61 E801.75538
G1 X116.698 Y96.558 E801.8627
G1 X116.543 Y97.415 E801.96046
G1 X118.604 Y97.462 E802.19188
G1 X119.113 Y97.694 E802.25467
G1 X119.355 Y97.884 E802.2892
G1 X119.634 Y98.333 E802.34854
G1 X119.692 Y98.784 E802.39959
G1 X119.637 Y99.103 E802.43592
G1 X119.483 Y99.398 E802.47328
G1 X119.319 Y99.606 E802.50301
G1 X118.957 Y99.88 E802.55398
G1 X118.446 Y100.083 E802.6157
G1 X110.517 Y101.245 E803.51526
G1 F1204.8 X109.945 Y101.477 E803.60152
G1 F1022.7 X108.975 Y101.606 E803.76263
G1 F1063.8 X105.709 Y101.988 E804.28308
G1 F1079.1 X105.454 Y101.99 E804.32287
G1 F1193.6 X105.032 Y101.832 E804.38644
G1 F1424.1 X104.873 Y101.76 E804.40708
G1 F1500 X104.452 Y101.611 E804.45721
G1 X102.672 Y100.52 E804.69156
G1 X102.184 Y100.265 E804.75337
G1 X101.585 Y99.992 E804.82726
G1 X100.234 Y99.451 E804.99062
G1 X98.988 Y99.011 E805.13896
G1 X99.051 Y99.339 E805.17645
G1 X99.102 Y99.793 E805.22773
G1 X99.086 Y100.342 E805.28938
G1 X98.982 Y100.896 E805.35266
G1 X98.808 Y101.349 E805.40713
G1 X98.572 Y101.749 E805.45927
G1 X98.327 Y102.067 E805.50433
G1 X98.147 Y102.255 E805.53354
G1 X97.716 Y102.61 E805.59622
G1 F1446.9 X97.367 Y102.853 E805.64571
G1 F1327.4 X97.151 Y102.981 E805.67756
G1 F1293.1 X95.124 Y103.219 E805.94332
G1 F1353.4 X93.097 Y103.457 E806.19723
G1 F1367.8 X92.158 Y103.52 E806.31309
G1 F1399.7 X91.861 Y103.464 E806.34945
G1 F1475.4 X91.329 Y103.305 E806.41281
G1 F1500 X89.719 Y102.738 E806.60442
G1 X88.857 Y102.467 E806.70585
G1 X88.882 Y102.67 E806.72881
G1 X88.826 Y103.11 E806.7786
G1 X88.738 Y103.333 E806.80551
G1 F1495 X88.326 Y103.8 E806.87565
G1 F1470.6 X87.941 Y104.013 E806.92603
G1 F1465.8 X87.717 Y104.077 E806.95279
G1 F1490.1 X84.32 Y104.409 E807.33849
G1 F1500 X84.027 Y104.43 E807.37146
G1 X83.638 Y104.43 E807.41513
G1 X83.104 Y104.377 E807.47537
G1 X82.618 Y104.275 E807.53111
G1 X82.168 Y104.121 E807.5845
G1 X81.804 Y103.946 E807.62984
G1 X81.385 Y103.672 E807.68603
G1 X80.735 Y103.072 E807.78533
G1 X80.184 Y102.599 E807.86685
G1 X79.481 Y102.073 E807.96541
G1 X77.859 Y100.976 E808.18521
G1 X76.832 Y100.357 E808.31982
G1 X76.292 Y100.062 E808.38889
G1 X75.6 Y99.719 E808.47559
G1 X75.111 Y99.557 E808.53341
G1 X74.629 Y99.436 E808.5892
G1 X74.029 Y99.355 E808.65716
G1 X74.311 Y99.608 E808.69969
G1 X75.181 Y100.498 E808.8394
G1 X76.465 Y101.963 E809.05807
G1 X77.257 Y103.003 E809.20481
G1 X77.933 Y103.947 E809.33515
G1 X78.524 Y104.858 E809.45704
G1 X78.78 Y105.313 E809.51565
G1 X78.961 Y105.71 E809.56462
G1 X79.083 Y106.129 E809.61361
G1 X79.1 Y106.637 E809.67067
G1 X79.05 Y107.116 E809.72473
G1 X78.951 Y107.568 E809.77667
G1 X78.782 Y108.128 E809.84233
G1 X78.591 Y108.639 E809.90357
G1 X78.151 Y109.627 E810.02498
G1 X77.578 Y110.744 E810.1659
G1 X76.994 Y111.764 E810.29784
G1 X76.356 Y112.798 E810.43422
G1 X75.769 Y113.703 E810.55531
G1 X75.486 Y114.177 E810.61728
G1 X75.182 Y114.625 E810.67805
G1 X74.837 Y115.094 E810.74341
G1 X74.305 Y115.743 E810.83761
G1 X73.572 Y116.525 E810.95793
G1 X73.015 Y117.063 E811.04485
G1 X73.095 Y117.842 E811.13276
G1 X73.062 Y118.275 E811.18151
G1 F1495 X72.83 Y118.756 E811.24165
G1 F1470.6 X72.575 Y119.021 E811.28376
G1 F1442.3 X72.201 Y119.178 E811.33111
G1 F1361.6 X71.905 Y119.259 E811.36906
G1 F1145 X71.187 Y119.345 E811.4754
G1 F1026.2 X70.87 Y119.343 E811.52741
G1 X70.426 Y120.674 E811.75763
G1 X71.39 Y120.17 E811.93611
G1 F1145 X72.065 Y119.914 E812.04227
G1 F1361.6 X72.446 Y119.752 E812.09347
G1 F1456.3 X73.118 Y119.407 E812.18081
G1 F1490.1 X74.028 Y118.899 E812.29858
G1 F1500 X74.627 Y118.535 E812.37726
G1 X75.687 Y117.81 E812.52142
G1 X76.712 Y117.052 E812.66452
G1 X77.36 Y116.544 E812.75695
G1 X78.004 Y116.009 E812.85093
G1 X78.661 Y115.428 E812.94938
G1 X79.314 Y114.812 E813.05015
G1 X79.984 Y114.131 E813.15739
G1 X80.652 Y113.406 E813.26805
G1 X82.948 Y110.765 E813.66088
G1 X83.411 Y110.275 E813.73655
G1 X83.829 Y109.906 E813.79914
G1 X84.24 Y109.642 E813.85398
G1 X84.623 Y109.462 E813.90148
G1 X85.038 Y109.338 E813.9501
G1 X85.392 Y109.279 E813.99039
G1 X85.78 Y109.249 E814.03407
G1 X86.239 Y109.258 E814.0856
G1 X86.96 Y109.32 E814.16684
G1 F1535.8 X87.294 Y109.382 E814.20408
G1 F1648.4 X87.935 Y109.564 E814.27215
G1 F1676 X88.401 Y109.739 E814.32216
G1 F1587.3 X88.837 Y109.972 E814.3746
G1 F1528 X89.372 Y110.526 E814.45947
G1 F1500 X89.611 Y110.805 E814.5007
G1 X89.845 Y111.11 E814.54386
G1 X90.112 Y111.539 E814.60058
G1 X90.281 Y111.901 E814.64542
G1 X90.481 Y112.445 E814.71049
G1 X90.665 Y113.08 E814.7847
G1 X90.78 Y113.653 E814.8503
G1 X92.169 Y113.206 E815.0141
G1 X92.34 Y113.164 E815.03386
G1 X94.59 Y112.483 E815.29775
G1 X95.251 Y112.332 E815.37386
G1 X95.862 Y112.249 E815.44307
G1 X96.366 Y112.217 E815.49976
G1 F1347.3 X96.933 Y112.15 E815.57112
G1 F1251.7 X97.777 Y112.255 E815.68552
G1 F1291.2 X102.18 Y113.401 E816.27881
G1 F1296.8 X110.046 Y115.472 E817.33493
G0 F9000 X110.045 Y116.146
;TYPE:WALL-OUTER
G1 F1500 X111.386 Y116.5 E817.49061
G1 X112.18 Y116.737 E817.58363
G1 X112.713 Y116.926 E817.64711
G1 X113.3 Y117.164 E817.71821
G1 X113.87 Y117.433 E817.78896
G1 X114.438 Y117.749 E817.86193
G1 X114.721 Y117.953 E817.90109
G1 X114.983 Y118.205 E817.94189
G1 X115.236 Y118.514 E817.98672
G1 X115.408 Y118.794 E818.02361
G1 X115.579 Y119.132 E818.06613
G1 X115.724 Y119.498 E818.11032
G1 X115.832 Y119.86 E818.15273
G1 X115.92 Y120.222 E818.19455
G1 X115.988 Y120.598 E818.23744
G1 X116.036 Y121.008 E818.28378
G1 X116.076 Y121.764 E818.36876
G1 X116.059 Y122.566 E818.45881
G1 X115.985 Y123.308 E818.54251
G1 X115.873 Y123.994 E818.62054
G1 X115.741 Y124.586 E818.68862
G1 X115.593 Y125.107 E818.74942
G1 X115.427 Y125.608 E818.80867
G1 X114.817 Y127.126 E818.99231
G1 X114.466 Y127.952 E819.09305
G1 X113.465 Y130.172 E819.36642
G1 X113.931 Y130.071 E819.41994
G1 X114.397 Y129.923 E819.47483
G1 X114.876 Y129.736 E819.53255
G1 X115.696 Y129.344 E819.63457
G1 X116.135 Y129.072 E819.69254
G1 X117.318 Y128.256 E819.85387
G1 X118.083 Y127.687 E819.96089
G1 X118.955 Y126.977 E820.08712
G1 X119.836 Y126.203 E820.21876
G1 X120.777 Y125.298 E820.36531
G1 X121.678 Y124.322 E820.51442
G1 X122.525 Y123.304 E820.66307
G1 X123.279 Y122.321 E820.80214
G1 X123.957 Y121.377 E820.9326
G1 X124.927 Y119.921 E821.12899
G1 X125.28 Y119.359 E821.20349
G1 X134.216 Y104.394 E823.16005
G1 X134.338 Y104.328 E823.17563
G1 X134.585 Y104.347 E823.20343
G1 X136.594 Y105.872 E823.48656
G1 X138.008 Y104.015 E823.74857
G1 X138.196 Y103.914 E823.77252
G1 X138.318 Y103.919 E823.78623
G1 X140.409 Y104.917 E824.04632
G1 X141.549 Y102.782 E824.318
G1 X141.634 Y102.706 E824.3308
G1 X141.836 Y102.667 E824.35389
G1 X144.28 Y103.369 E824.63933
G1 X145.329 Y102.138 E824.82088
G1 X144.971 Y101.947 E824.86643
G1 X144.502 Y101.73 E824.92444
G1 X143.753 Y101.424 E825.01526
G1 X142.658 Y101.006 E825.14683
G1 X141.376 Y100.564 E825.29905
G1 X140.724 Y100.366 E825.37554
G1 X140.122 Y100.204 E825.44552
G1 X138.309 Y99.823 E825.65348
G1 X136.142 Y99.413 E825.90105
G1 X133.702 Y98.983 E826.17917
G1 X132.406 Y98.796 E826.32616
G1 X132.025 Y98.908 E826.37073
G1 X131.732 Y99.141 E826.41276
G1 X124.47 Y112.32 E828.10186
G1 X122.891 Y115.125 E828.46319
G1 X122.672 Y115.461 E828.50822
G1 X122.412 Y115.776 E828.55406
G1 X122.163 Y116.023 E828.59344
G1 X121.893 Y116.239 E828.63225
G1 X121.574 Y116.435 E828.67428
G1 X120.966 Y116.657 E828.74693
G1 X120.449 Y116.7 E828.80517
G1 X120.004 Y116.666 E828.85527
G1 X102.513 Y112.103 E830.8844
G1 X88.094 Y108.498 E832.55279
G1 X87.614 Y108.276 E832.61216
G1 X87.345 Y108.053 E832.65138
G1 X87.151 Y107.81 E832.68628
G1 X86.892 Y107.32 E832.7485
G1 X86.868 Y106.703 E832.81781
G1 X86.949 Y106.331 E832.86055
G1 X87.128 Y105.94 E832.90882
G1 X87.368 Y105.607 E832.9549
G1 X87.71 Y105.381 E833.00091
G1 X88.115 Y105.213 E833.05013
G1 X122.717 Y101.897 E836.9521
G1 X123.73 Y101.808 E837.06625
G1 X123.875 Y101.698 E837.08668
G1 X125.12 Y98.491 E837.47285
G1 X125.119 Y98.411 E837.48183
G1 X124.188 Y98.449 E837.58643
G1 X123.88 Y98.449 E837.621
G1 X123.589 Y98.388 E837.65438
G1 X123.259 Y98.19 E837.69758
G1 X123.011 Y97.797 E837.74974
G1 X122.608 Y96.957 E837.85433
G1 X122.031 Y95.89 E837.99049
G1 X121.627 Y95.232 E838.07716
G1 X121.234 Y94.636 E838.1573
G1 X120.768 Y94.006 E838.24527
G1 X120.27 Y93.411 E838.33236
G1 X119.039 Y92.076 E838.53621
G1 X117.966 Y90.997 E838.70702
G1 X117.563 Y90.622 E838.76882
G1 X117.161 Y90.278 E838.82821
G1 X116.85 Y90.038 E838.87231
G1 X116.488 Y89.806 E838.92057
G1 X116.38 Y89.804 E838.9327
G1 X116.34 Y90.002 E838.95537
G1 X116.376 Y91.721 E839.14838
G1 X116.38 Y93.154 E839.30923
G1 X116.339 Y94.431 E839.45266
G1 X116.227 Y95.532 E839.57688
G1 X116.1 Y96.494 E839.68581
G1 X115.886 Y97.669 E839.81988
G1 X115.811 Y97.94 E839.85144
G1 X115.955 Y98.004 E839.86913
G1 X118.46 Y98.055 E840.15038
G1 X118.855 Y98.232 E840.19897
G1 X119.065 Y98.548 E840.24156
G1 X119.079 Y98.94 E840.28559
G1 X118.848 Y99.234 E840.32756
G1 X118.727 Y99.326 E840.34462
G1 X118.316 Y99.494 E840.39447
G1 X108.885 Y100.878 E841.46446
G1 X105.604 Y101.284 E841.83557
G1 X105.075 Y101.195 E841.89579
G1 X104.683 Y101.048 E841.94278
G1 X102.968 Y99.998 E842.16851
G1 X102.448 Y99.726 E842.23439
G1 X101.821 Y99.44 E842.31175
G1 X100.446 Y98.889 E842.47803
G1 X99.133 Y98.425 E842.63435
G1 X98.203 Y98.135 E842.7437
G1 X98.094 Y98.15 E842.75605
G1 X98.283 Y98.659 E842.817
G1 X98.379 Y99.021 E842.85904
G1 X98.455 Y99.406 E842.90309
G1 X98.499 Y99.798 E842.94737
G1 X98.483 Y100.3 E843.00375
G1 X98.393 Y100.755 E843.05582
G1 X98.257 Y101.101 E843.09755
G1 X98.09 Y101.391 E843.13511
G1 X97.893 Y101.652 E843.17182
G1 X97.713 Y101.84 E843.20104
G1 X97.306 Y102.166 E843.25957
G1 X97.001 Y102.347 E843.29938
G1 X93.026 Y102.836 E843.74895
G1 X92.07 Y102.891 E843.85644
G1 X91.547 Y102.746 E843.91737
G1 X89.9 Y102.166 E844.11338
G1 X88.958 Y101.87 E844.22422
G1 X87.83 Y101.561 E844.3555
G1 X88.256 Y102.5 E844.47125
G1 X88.268 Y102.89 E844.51505
G1 X88.18 Y103.114 E844.54206
G1 X88.042 Y103.269 E844.56536
G1 X87.644 Y103.481 E844.61598
G1 X83.983 Y103.832 E845.02882
G1 X83.679 Y103.831 E845.06295
G1 X83.2 Y103.785 E845.11696
G1 X82.771 Y103.695 E845.16617
G1 X82.402 Y103.569 E845.20994
G1 X82.109 Y103.429 E845.24639
G1 X81.752 Y103.198 E845.29412
G1 X81.135 Y102.624 E845.38872
G1 X80.56 Y102.131 E845.47374
G1 X79.853 Y101.601 E845.57293
G1 X78.182 Y100.47 E845.79943
G1 X77.13 Y99.837 E845.93725
G1 X76.569 Y99.53 E846.00903
G1 X75.829 Y99.163 E846.10176
G1 X75.279 Y98.981 E846.16679
G1 X74.754 Y98.848 E846.22758
G1 X73.795 Y98.718 E846.33622
G1 X73.004 Y98.645 E846.42539
G1 X72.699 Y98.649 E846.45963
G1 X72.445 Y98.693 E846.48856
G1 X72.582 Y98.876 E846.51422
G1 X73.883 Y100.029 E846.70936
G1 X74.719 Y100.881 E846.84335
G1 X75.987 Y102.326 E847.05916
G1 X76.769 Y103.353 E847.20406
G1 X77.452 Y104.308 E847.33585
G1 X78.03 Y105.2 E847.45517
G1 X78.226 Y105.548 E847.5
G1 X78.398 Y105.916 E847.5456
G1 X78.484 Y106.226 E847.58171
G1 X78.499 Y106.637 E847.62788
G1 X78.457 Y107.023 E847.67146
G1 X78.36 Y107.459 E847.7216
G1 X78.22 Y107.919 E847.77558
G1 X78.043 Y108.395 E847.83258
G1 X77.603 Y109.383 E847.95399
G1 X77.057 Y110.446 E848.08814
G1 X76.458 Y111.491 E848.22334
G1 X75.852 Y112.472 E848.35278
G1 X75.259 Y113.387 E848.47518
G1 X74.989 Y113.841 E848.53447
G1 X74.698 Y114.27 E848.59266
G1 X74.368 Y114.719 E848.65521
G1 X73.841 Y115.363 E848.74862
G1 X73.124 Y116.125 E848.86607
G1 X72.528 Y116.698 E848.95888
G1 X72.397 Y116.93 E848.98879
G1 X72.499 Y117.904 E849.09872
G1 X72.469 Y118.185 E849.13044
G1 X72.391 Y118.345 E849.15042
G1 X72.197 Y118.529 E849.18044
G1 X71.909 Y118.612 E849.21408
G1 X70.34 Y118.602 E849.39021
G1 X69.152 Y122.161 E849.81139
G1 X71.273 Y121.067 E850.07928
G1 X73.446 Y119.915 E850.35537
G1 X74.287 Y119.443 E850.46362
G1 X74.929 Y119.055 E850.54783
G1 X76.043 Y118.293 E850.69933
G1 X77.094 Y117.517 E850.84598
G1 X77.743 Y117.006 E850.93871
G1 X78.4 Y116.459 E851.03467
G1 X79.073 Y115.864 E851.13551
G1 X79.734 Y115.241 E851.23747
G1 X80.418 Y114.545 E851.34701
G1 X81.104 Y113.8 E851.4607
G1 X83.415 Y111.144 E851.8559
G1 X83.857 Y110.678 E851.928
G1 X84.201 Y110.376 E851.97938
G1 X84.528 Y110.168 E852.02289
G1 X84.842 Y110.02 E852.06185
G1 X85.172 Y109.923 E852.10046
G1 X85.488 Y109.871 E852.13641
G1 X85.82 Y109.848 E852.17377
G1 X86.189 Y109.856 E852.2152
G1 X86.875 Y109.914 E852.29248
G1 X87.234 Y109.966 E852.3332
G1 X87.686 Y110.068 E852.38521
G1 X88.166 Y110.269 E852.44363
G1 X88.456 Y110.442 E852.48154
G1 X88.94 Y110.943 E852.55973
G1 X89.163 Y111.206 E852.59844
G1 X89.382 Y111.495 E852.63914
G1 X89.571 Y111.798 E852.67923
G1 X89.718 Y112.108 E852.71774
G1 X89.918 Y112.652 E852.7828
G1 X90.078 Y113.202 E852.8471
G1 X90.178 Y113.685 E852.90247
G1 X90.242 Y114.167 E852.95705
G1 X90.391 Y114.289 E852.97867
G1 X90.69 Y114.312 E853.01233
G1 X92.315 Y113.788 E853.20399
G1 X92.5 Y113.742 E853.22539
G1 X94.727 Y113.067 E853.48661
G1 X95.334 Y112.926 E853.55656
G1 X95.878 Y112.85 E853.61822
G1 X96.404 Y112.816 E853.67739
G1 X96.889 Y112.817 E853.73183
G1 X97.705 Y112.889 E853.82378
G1 X110.045 Y116.146 E855.25642
G0 F9000 X110.299 Y115.182
G0 X113.045 Y116.046
G0 X114.3 Y116.597
G0 X115.344 Y117.249
G0 X115.989 Y117.952
G0 X116.438 Y118.75
G0 X116.84 Y120.029
G0 X116.916 Y120.533
G0 X117.062 Y122.489
G0 X116.779 Y122.482
;TYPE:FILL
G1 F3000 X123.879 Y115.381 E856.38362
G0 F9000 X123.729 Y115.576
G0 X125.002 Y117.879
G0 X125.239 Y118.022
G1 F3000 X115.795 Y127.465 E857.88278
G1 F3600 E853.88278
G0 F9000 X117.807 Y116.447
G0 X87.978 Y108.819
G0 X87.437 Y108.567
G0 X86.884 Y108.029
G0 X86.558 Y107.411
G0 X86.528 Y106.679
G0 X86.612 Y106.26
G0 X86.818 Y105.795
G0 X87.132 Y105.363
G0 X87.578 Y105.064
G0 X87.952 Y104.919
G0 X120.611 Y101.095
G0 X120.637 Y101.376
G1 F3600 E857.88278
G1 F3000 X119.14 Y99.88 E858.12034
G0 F9000 X119.265 Y100.188
G0 X123.363 Y100.262
G0 X123.623 Y100.363
G1 F3000 X117.079 Y93.82 E859.15912
G0 F9000 X117.358 Y93.83
G0 X120.018 Y98.306
G0 X120.012 Y99.265
G0 X119.392 Y100.069
G0 X118.568 Y100.408
G0 X108.804 Y101.841
G0 X105.596 Y102.231
G0 X104.863 Y102.121
G0 X104.543 Y102.002
G0 X100.858 Y100.131
G0 X100.963 Y99.871
G1 F3000 X98.132 Y102.702 E859.60854
G0 F9000 X98.175 Y102.757
G0 X88.04 Y104.885
G0 X87.578 Y105.064
G0 X87.132 Y105.363
G0 X86.818 Y105.795
G0 X86.612 Y106.26
G0 X86.528 Y106.679
G0 X86.558 Y107.411
G0 X86.884 Y108.029
G0 X87.382 Y108.513
G0 X90.826 Y110.212
G0 X90.895 Y109.939
G1 F3000 X89.89 Y110.944 E859.76809
G0 F9000 X90.098 Y110.787
G0 X90.664 Y110.171
G0 X90.732 Y109.899
G1 F3000 X93.516 Y112.683 E860.21005
G0 F9000 X93.436 Y112.415
G0 X85.953 Y108.853
G0 X85.949 Y109.115
G1 F3000 X78.159 Y101.325 E861.4467
G0 F9000 X78.002 Y101.556
G0 X81.674 Y104.267
G0 X82.521 Y104.601
G0 X83.44 Y104.74
G0 X85.297 Y104.715
G0 X85.271 Y104.438
G1 F3000 X86.475 Y105.642 E861.63784
G1 F3600 E857.63784
G0 F9000 X86.215 Y105.527
G0 X86.558 Y107.411
G0 X86.884 Y108.029
G0 X87.437 Y108.567
G0 X87.978 Y108.819
G0 X119.944 Y117.004
G0 X120.422 Y117.042
G0 X121.054 Y116.991
G0 X121.703 Y116.755
G0 X122.375 Y116.294
G0 X122.934 Y115.679
G0 X130.551 Y103.108
G0 X135.455 Y103.753
G0 X135.284 Y103.977
G1 F3600 E861.63784
G1 F3000 X138.634 Y100.627 E862.16965
G0 F9000 X138.576 Y100.899
G0 X140.903 Y101.862
G0 X141.226 Y102.034
G1 F3000 X139.55 Y103.71 E862.43572
G0 F9000 X139.672 Y103.457
G0 X137.867 Y102.671
G0 X134.088 Y102.807
G0 X125.931 Y116.494
G0 X125.183 Y117.802
G0 X124.888 Y117.485
G0 X125.175 Y117.304
;TYPE:SKIN
G1 F1500 X124.006 Y115.466 E862.68023
G1 X125.462 Y112.875 E863.01386
G1 X130.57 Y103.611 E864.20137
G1 X132.022 Y105.839 E864.49989
G1 X125.175 Y117.304 E865.99891
G0 F9000 X125.185 Y116.7
G1 F1500 X125.077 Y116.592 E866.01606
G0 F9000 X125.503 Y116.169
G1 F1500 X124.512 Y115.178 E866.17338
G0 F9000 X124.817 Y114.635
G1 F1500 X125.82 Y115.638 E866.3326
G0 F9000 X126.138 Y115.107
G1 F1500 X125.123 Y114.092 E866.49373
G0 F9000 X125.428 Y113.549
G1 F1500 X126.455 Y114.575 E866.65669
G0 F9000 X126.772 Y114.044
G1 F1500 X125.733 Y113.005 E866.82163
G0 F9000 X126.034 Y112.458
G1 F1500 X127.09 Y113.513 E866.98919
G0 F9000 X127.406 Y112.982
G1 F1500 X126.336 Y111.911 E867.15913
G0 F9000 X126.637 Y111.364
G1 F1500 X127.724 Y112.45 E867.33161
G0 F9000 X128.041 Y111.919
G1 F1500 X126.939 Y110.817 E867.50656
G0 F9000 X127.24 Y110.27
G1 F1500 X128.358 Y111.388 E867.68404
G0 F9000 X128.676 Y110.857
G1 F1500 X127.542 Y109.723 E867.86406
G0 F9000 X127.843 Y109.176
G1 F1500 X128.993 Y110.326 E868.04662
G0 F9000 X129.311 Y109.795
G1 F1500 X128.145 Y108.629 E868.23172
G0 F9000 X128.447 Y108.082
G1 F1500 X129.628 Y109.263 E868.41921
G0 F9000 X129.945 Y108.732
G1 F1500 X128.749 Y107.535 E868.60915
G0 F9000 X129.05 Y106.988
G1 F1500 X130.263 Y108.201 E868.80172
G0 F9000 X130.579 Y107.669
G1 F1500 X129.352 Y106.441 E868.99658
G0 F9000 X129.653 Y105.894
G1 F1500 X130.897 Y107.138 E869.19407
G0 F9000 X131.214 Y106.607
G1 F1500 X129.955 Y105.348 E869.39393
G0 F9000 X130.256 Y104.8
G1 F1500 X131.532 Y106.076 E869.5965
G0 F9000 X132.305 Y105.746
G0 X131.302 Y104.117
G0 X130.769 Y104.464
G1 F1500 X130.558 Y104.254 E869.62991
G0 F9000 X131.562 Y103.601
G1 F3600 E865.62991
G0 F9000 X132.344 Y105.838
G0 X132.449 Y106.771
G0 X134.216 Y107.866
G0 X140.371 Y111.503
G0 X140.391 Y110.966
;TYPE:WALL-INNER
G1 F3600 E869.62991
G1 F1500 X140.138 Y110.707 E869.67056
G1 X140.036 Y110.489 E869.69757
G1 X140 Y110.125 E869.73863
G1 X140.074 Y109.851 E869.77049
G1 X140.282 Y109.387 E869.82757
G1 X140.493 Y109.003 E869.87675
G1 X140.734 Y108.647 E869.92501
G1 X140.982 Y108.342 E869.96914
G1 F1510.1 X141.845 Y107.429 E870.10922
G1 F1515.2 X142.261 Y107.163 E870.1641
G1 F1507.5 X142.769 Y106.897 E870.22814
G1 F1502.5 X143.397 Y106.708 E870.30164
G1 F1500 X143.813 Y106.628 E870.34919
G1 F1430.8 X143.91 Y106.586 E870.36163
G1 F1200 X144.292 Y106.473 E870.41753
G1 F1072.7 X144.656 Y106.497 E870.47479
G1 F1164.3 X144.959 Y106.601 E870.52112
G1 F1312 X145.028 Y106.636 E870.53105
G1 F1424.1 X145.729 Y106.848 E870.61764
G1 F1500 X146.479 Y107.135 E870.70778
G1 X146.694 Y107.255 E870.73542
G1 X146.893 Y107.466 E870.76798
G1 X147.003 Y107.689 E870.79589
G1 X147.044 Y108.062 E870.83802
G1 X146.932 Y108.415 E870.87959
G1 X146.646 Y108.877 E870.94058
G1 X145.773 Y109.687 E871.07426
G1 X145.017 Y110.166 E871.17473
G1 X144.213 Y110.585 E871.2765
G1 X143.801 Y110.766 E871.32701
G1 X143.304 Y110.934 E871.3859
G1 X142.916 Y111.03 E871.43077
G1 X142.463 Y111.103 E871.48228
G1 X142.053 Y111.138 E871.52847
G1 X141.606 Y111.148 E871.57866
G1 X140.862 Y111.12 E871.66223
G1 X140.608 Y111.073 E871.69123
G1 X140.391 Y110.966 E871.71839
G0 F9000 X140.371 Y111.503
G0 X128.67 Y118.437
G0 X128.598 Y118.801
G1 F1500 X129.55 Y118.563 E871.82854
G1 X130.812 Y118.199 E871.97598
G1 X132.031 Y117.825 E872.11911
G1 X133.804 Y117.24 E872.32869
G1 X135.049 Y116.798 E872.47699
G1 X136.453 Y116.273 E872.64525
G1 X138.059 Y115.636 E872.83919
G1 X139.33 Y115.093 E872.99434
G1 X140.792 Y114.449 E873.17367
G1 X142.293 Y113.75 E873.35954
G1 X142.886 Y113.46 E873.43364
G1 X143.541 Y113.11 E873.517
G1 X144.116 Y112.786 E873.59109
G1 X144.697 Y112.428 E873.6677
G1 X145.795 Y111.694 E873.81595
G1 X146.927 Y110.865 E873.97345
G1 X148.02 Y110.008 E874.12937
G1 X148.445 Y109.657 E874.19124
G1 X149.165 Y109.012 E874.29975
G1 X149.165 Y109.003 E874.30076
G1 X149.492 Y108.687 E874.35181
G1 X149.881 Y108.271 E874.41574
G1 X150.185 Y107.897 E874.46984
G1 X150.372 Y107.63 E874.50643
G1 X150.511 Y107.262 E874.55059
G1 X150.555 Y106.892 E874.59242
G1 X150.505 Y106.672 E874.61774
G1 X150.277 Y106.275 E874.66913
G1 X149.977 Y105.94 E874.71961
G1 X149.64 Y105.613 E874.77232
G1 X149.241 Y105.279 E874.83073
G1 X148.532 Y104.752 E874.9299
G1 X147.856 Y104.297 E875.02137
G1 X146.764 Y103.623 E875.16542
G1 F1433.1 X145.239 Y105.329 E875.43427
G1 F1319.6 X144.89 Y105.569 E875.48831
G1 F1164.3 X144.689 Y105.665 E875.52052
G1 F1072.7 X144.409 Y105.643 E875.56461
G1 F1248.3 X143.868 Y105.365 E875.64666
G1 F1500 X142.662 Y105.023 E875.78737
G1 F1505 X141.622 Y106.871 E876.02462
G1 F1515.2 X141.389 Y107.064 E876.05824
G1 F1510.1 X140.662 Y107.188 E876.14047
G1 F1500 X138.768 Y106.289 E876.37581
G1 X137.439 Y108.063 E876.62463
G1 X137.195 Y108.251 E876.65921
G1 X136.995 Y108.33 E876.68335
G1 X136.695 Y108.358 E876.71717
G1 X136.451 Y108.305 E876.7452
G1 X136.223 Y108.18 E876.77439
G1 X134.944 Y107.219 E876.95397
G1 X133.659 Y109.299 E877.22842
G1 X128.385 Y118.242 E878.39386
G1 X128.007 Y118.904 E878.47944
G1 X128.598 Y118.801 E878.54678
G0 F9000 X128.071 Y119.502
;TYPE:WALL-OUTER
G1 F1500 X128.713 Y119.39 E878.61993
G1 X129.694 Y119.146 E878.73341
G1 X130.987 Y118.773 E878.88447
G1 X132.219 Y118.395 E879.02913
G1 X133.998 Y117.808 E879.23942
G1 X135.259 Y117.36 E879.38964
G1 X136.673 Y116.831 E879.55911
G1 X138.295 Y116.188 E879.75497
G1 X139.54 Y115.656 E879.90694
G1 X141.044 Y114.993 E880.09145
G1 X142.483 Y114.325 E880.26954
G1 X143.168 Y113.99 E880.35513
G1 X143.835 Y113.633 E880.44006
G1 X144.43 Y113.297 E880.51676
G1 X145.029 Y112.928 E880.59573
G1 X146.124 Y112.197 E880.74352
G1 X147.297 Y111.337 E880.90679
G1 X148.401 Y110.471 E881.0643
G1 X148.836 Y110.112 E881.12761
G1 X149.609 Y109.419 E881.24415
G1 X149.609 Y109.406 E881.24561
G1 X149.918 Y109.109 E881.29372
G1 X150.333 Y108.666 E881.36186
G1 X150.664 Y108.259 E881.42075
G1 X150.945 Y107.857 E881.4758
G1 X151.093 Y107.415 E881.52813
G1 X151.145 Y107.148 E881.55866
G1 X151.158 Y106.836 E881.59371
G1 X151.069 Y106.451 E881.63807
G1 X150.832 Y106.037 E881.69162
G1 X150.655 Y105.798 E881.72501
G1 X150.411 Y105.524 E881.76619
G1 X150.042 Y105.167 E881.82382
G1 X149.613 Y104.808 E881.88662
G1 X148.878 Y104.262 E881.9894
G1 X148.181 Y103.793 E882.0837
G1 X146.647 Y102.853 E882.28566
G1 X144.82 Y104.899 E882.59357
G1 X144.627 Y104.956 E882.61616
G1 X142.37 Y104.317 E882.87947
G1 X141.146 Y106.498 E883.16021
G1 X141.07 Y106.562 E883.17137
G1 X140.825 Y106.602 E883.19923
G1 X138.582 Y105.537 E883.47796
G1 X136.983 Y107.666 E883.77684
G1 X136.841 Y107.75 E883.79536
G1 X136.631 Y107.736 E883.81899
G1 X134.779 Y106.345 E884.07899
G1 X133.142 Y108.994 E884.42854
G1 X127.865 Y117.944 E885.59483
G1 X127.425 Y118.716 E885.69458
G1 X127.294 Y119.014 E885.73112
G1 X127.232 Y119.264 E885.76003
G1 X127.265 Y119.376 E885.77314
G1 X127.463 Y119.468 E885.79765
G1 X127.74 Y119.526 E885.82942
G1 X128.071 Y119.502 E885.86667
G1 F3600 E881.86667
G0 F9000 X128.67 Y118.437
G0 X140.789 Y111.519
G0 X140.826 Y110.518
G1 F3600 E885.86667
G1 F1500 X140.643 Y110.383 E885.8922
G1 X140.598 Y110.261 E885.90679
G1 X140.622 Y110.097 E885.9254
G1 X140.84 Y109.612 E885.98509
G1 X140.993 Y109.334 E886.02071
G1 X141.199 Y109.026 E886.0623
G1 X141.461 Y108.706 E886.10873
G1 X142.205 Y107.914 E886.23071
G1 X142.603 Y107.656 E886.28395
G1 X143.018 Y107.449 E886.33601
G1 X143.478 Y107.305 E886.39012
G1 X143.96 Y107.212 E886.44522
G1 X144.238 Y107.192 E886.47651
G1 X144.567 Y107.21 E886.51349
G1 X144.898 Y107.254 E886.55098
G1 X145.226 Y107.324 E886.58863
G1 X145.544 Y107.419 E886.62588
G1 X146.311 Y107.713 E886.71809
G1 X146.433 Y107.877 E886.74103
G1 X146.453 Y108.051 E886.76069
G1 X146.179 Y108.492 E886.81897
G1 X145.418 Y109.203 E886.93588
G1 X144.675 Y109.671 E887.03445
G1 X143.973 Y110.035 E887.12321
G1 X143.579 Y110.208 E887.17152
G1 X143.16 Y110.352 E887.22125
G1 X142.772 Y110.448 E887.26612
G1 X142.353 Y110.511 E887.31368
G1 X142.005 Y110.54 E887.35288
G1 X141.628 Y110.548 E887.39521
G1 X140.826 Y110.518 E887.4853
G0 F9000 X140.789 Y111.519
G0 X138.446 Y115.037
G0 X138.553 Y115.294
;TYPE:FILL
G1 F3000 X133.338 Y110.078 E888.31326
G0 F9000 X133.563 Y109.697
G1 F3000 X135.484 Y107.776 E888.61822
G0 F9000 X135.318 Y107.997
G0 X132.095 Y112.736
G0 X131.855 Y112.595
G1 F3000 X135.69 Y116.43 E889.22702
G0 F9000 X135.421 Y115.701
G1 F3600 E885.22702
;MESH:NONMESH
G0 F300 X135.421 Y115.701 Z2.45
G0 F9000 X128.222 Y117.974
G0 X126.39 Y116.878
G0 X125.183 Y117.802
G0 X119.944 Y117.004
G0 X112.474 Y115.719
G0 X112.014 Y115.636
G0 X110.11 Y115.227
G0 X110.046 Y115.471
;TIME_ELAPSED:694.923564
;LAYER:5
;TYPE:WALL-INNER
;MESH:sharkz.stl
G1 F3600 E889.22702
G1 F1282.1 X111.573 Y115.873 E889.43441
G1 F1257 X112.354 Y116.098 E889.54328
G1 F1222.8 X112.926 Y116.285 E889.62614
G1 F1165.8 X113.598 Y116.533 E889.7296
G1 F1289.4 X114.108 Y116.882 E889.8103
G1 F1500 X114.823 Y117.284 E889.90238
G1 X115.136 Y117.514 E889.94598
G1 X115.467 Y117.847 E889.99869
G1 X115.715 Y118.147 E890.04238
G1 X115.955 Y118.545 E890.09455
G1 X116.136 Y118.909 E890.14018
G1 X116.299 Y119.326 E890.19044
G1 X116.415 Y119.718 E890.23633
G1 X116.51 Y120.115 E890.28215
G1 X116.582 Y120.516 E890.32789
G1 X116.635 Y120.976 E890.37986
G1 X116.676 Y121.8 E890.47247
G1 X116.656 Y122.625 E890.56511
G1 X116.577 Y123.404 E890.653
G1 X116.459 Y124.124 E890.7349
G1 X116.319 Y124.75 E890.80691
G1 X116.163 Y125.295 E890.87055
G1 X115.983 Y125.832 E890.93412
G1 X115.369 Y127.36 E891.11897
G1 X115.014 Y128.199 E891.22124
G1 X114.552 Y129.219 E891.34693
G1 X115.408 Y128.817 E891.45309
G1 X115.817 Y128.563 E891.50713
G1 X116.96 Y127.774 E891.66304
G1 X117.715 Y127.213 E891.76863
G1 X118.539 Y126.544 E891.88777
G1 X119.43 Y125.761 E892.02092
G1 X120.348 Y124.878 E892.1639
G1 X121.227 Y123.926 E892.30935
G1 X122.056 Y122.93 E892.45482
G1 X122.797 Y121.963 E892.59157
G1 X123.487 Y121 E892.72455
G1 X124.423 Y119.596 E892.91397
G1 X124.755 Y119.062 E892.98455
G1 X133.663 Y104.15 E894.9344
G1 X133.877 Y103.906 E894.97083
G1 X134.143 Y103.76 E895.00489
G1 X134.365 Y103.714 E895.03034
G1 X134.593 Y103.725 E895.05596
G1 X134.871 Y103.814 E895.08873
G1 X136.479 Y105.032 E895.31517
G1 X137.59 Y103.585 E895.51995
G1 X137.815 Y103.415 E895.55161
G1 X138.117 Y103.319 E895.58718
G1 X138.484 Y103.333 E895.62841
G1 X140.149 Y104.128 E895.83552
G1 X141.046 Y102.441 E896.05
G1 X141.327 Y102.19 E896.09229
G1 F1465.8 X141.933 Y102.062 E896.16344
G1 F1492.5 X143.009 Y102.393 E896.29044
G1 F1618.7 X144.086 Y102.724 E896.40764
G1 F1691.7 X144.429 Y102.32 E896.46039
G1 X144.095 Y102.175 E896.49663
G1 F1642.3 X143.545 Y101.967 E896.55692
G1 F1530.6 X142.46 Y101.578 E896.68372
G1 F1451.6 X142.084 Y101.456 E896.72957
G1 F1465.8 X141.2 Y101.138 E896.83749
G1 F1500 X140.568 Y100.946 E896.91163
G1 X139.982 Y100.788 E896.97976
G1 X138.197 Y100.413 E897.18451
G1 X136.038 Y100.004 E897.43117
G1 X133.645 Y99.581 E897.70396
G1 X132.45 Y99.409 E897.83948
G1 X132.22 Y99.495 E897.86705
G1 X124.764 Y113.031 E899.60176
G1 X123.393 Y115.455 E899.91437
G1 X123.077 Y115.935 E899.97888
G1 X122.662 Y116.381 E900.04727
G1 X122.353 Y116.644 E900.09282
G1 X122.012 Y116.873 E900.13893
G1 X121.673 Y117.042 E900.18145
G1 X121.255 Y117.194 E900.23137
G1 X120.682 Y117.293 E900.29665
G1 X120.165 Y117.288 E900.35469
G1 X119.835 Y117.238 E900.39215
G1 X114.484 Y115.845 E901.01284
G1 F1289.4 X113.868 Y115.786 E901.09365
G1 F1184.2 X112.548 Y115.403 E901.28907
G1 F1257 X107.45 Y114.067 E901.99504
G1 F1283.9 X102.352 Y112.73 E902.68625
G1 F1323.5 X98.015 Y111.63 E903.25547
G1 F1282.1 X97.048 Y111.425 E903.38529
G1 F1347.3 X96.458 Y111.207 E903.4639
G1 F1500 X89.285 Y109.414 E904.29387
G1 F1601.4 X87.823 Y108.993 E904.45383
G1 F1660.5 X87.29 Y108.784 E904.51189
G1 F1551.7 X86.941 Y108.506 E904.5603
G1 F1500 X86.663 Y108.171 E904.60917
G1 X86.357 Y107.592 E904.68268
G1 X86.259 Y106.888 E904.76247
G1 X86.348 Y106.207 E904.83957
G1 X86.584 Y105.671 E904.90531
G1 X86.844 Y105.306 E904.95561
G1 X87.09 Y105.074 E904.99357
G1 F1497.5 X87.538 Y104.787 E905.05339
G1 F1482.7 X88.009 Y104.613 E905.11041
G1 F1480.3 X88.568 Y104.57 E905.17419
G1 F1495 X91.3 Y104.308 E905.4833
G1 F1475.4 X91.792 Y104.252 E905.53981
G1 F1397.5 X92.208 Y104.186 E905.59056
G1 F1363.6 X93.19 Y104.102 E905.71225
G1 F1351.4 X95.234 Y103.891 E905.96829
G1 F1291.2 X97.278 Y103.679 E906.23626
G1 F1372 X97.934 Y103.672 E906.31678
G1 F1500 X104.715 Y103.021 E907.08146
G1 F1424.1 X104.999 Y102.962 E907.11576
G1 F1193.6 X105.429 Y102.829 E907.17925
G1 F1079.1 X105.788 Y102.806 E907.23538
G1 F1063.8 X109.102 Y102.465 E907.76268
G1 F1020.4 X110.051 Y102.363 E907.92018
G1 F1204.8 X110.662 Y102.451 E908.00645
G1 F1500 X122.691 Y101.295 E909.36296
G1 X123.412 Y101.234 E909.44419
G1 X124.261 Y99.046 E909.70764
G1 X123.88 Y99.049 E909.75041
G1 X123.603 Y99.005 E909.78189
G1 X123.199 Y98.874 E909.82957
G1 X122.801 Y98.562 E909.88633
G1 X122.535 Y98.187 E909.93794
G1 X122.082 Y97.242 E910.05558
G1 X121.512 Y96.19 E910.18989
G1 X121.126 Y95.563 E910.27254
G1 X120.742 Y94.98 E910.35091
G1 X120.296 Y94.377 E910.4351
G1 X119.819 Y93.807 E910.51853
G1 X118.592 Y92.477 E910.72166
G1 X117.556 Y91.435 E910.8866
G1 X117.172 Y91.076 E910.94561
G1 X116.96 Y90.893 E910.97704
G1 X116.976 Y91.719 E911.06978
G1 X116.98 Y93.173 E911.233
G1 X116.936 Y94.491 E911.38103
G1 X116.829 Y95.549 E911.5004
G1 X116.697 Y96.561 E911.61496
G1 X116.545 Y97.415 E911.71233
G1 X118.516 Y97.46 E911.93364
G1 X119.014 Y97.615 E911.99219
G1 X119.381 Y97.939 E912.04714
G1 X119.544 Y98.154 E912.07743
G1 X119.62 Y98.34 E912.09998
G1 X119.688 Y98.749 E912.14653
G1 X119.632 Y99.117 E912.18831
G1 X119.462 Y99.438 E912.22908
G1 X119.31 Y99.622 E912.25587
G1 X118.958 Y99.881 E912.30493
G1 X118.448 Y100.083 E912.36651
G1 X110.517 Y101.245 E913.26629
G1 F1204.8 X109.945 Y101.477 E913.35256
G1 F1021.6 X108.975 Y101.607 E913.51386
G1 F1063.8 X105.71 Y101.988 E914.03414
G1 F1079.1 X105.454 Y101.99 E914.07409
G1 F1193.6 X105.032 Y101.832 E914.13765
G1 F1424.1 X104.873 Y101.76 E914.15829
G1 F1500 X104.452 Y101.611 E914.20842
G1 X102.672 Y100.52 E914.44278
G1 X102.184 Y100.265 E914.50459
G1 X101.585 Y99.992 E914.57848
G1 X100.234 Y99.451 E914.74184
G1 X98.989 Y99.011 E914.89007
G1 X99.051 Y99.339 E914.92754
G1 X99.102 Y99.793 E914.97882
G1 X99.086 Y100.342 E915.04047
G1 X98.982 Y100.897 E915.10386
G1 X98.807 Y101.35 E915.15837
G1 X98.572 Y101.748 E915.21026
G1 X98.4 Y101.981 E915.24277
G1 X98.106 Y102.298 E915.2913
G1 X97.716 Y102.61 E915.34736
G1 F1446.9 X97.367 Y102.853 E915.39685
G1 F1327.4 X97.151 Y102.982 E915.42876
G1 F1291.2 X95.124 Y103.219 E915.69488
G1 F1351.4 X93.097 Y103.457 E915.94919
G1 F1363.6 X92.158 Y103.521 E916.0654
G1 F1397.5 X91.861 Y103.465 E916.10182
G1 F1475.4 X91.328 Y103.305 E916.16532
G1 F1500 X89.719 Y102.738 E916.35683
G1 X88.86 Y102.47 E916.45784
G1 X88.882 Y102.666 E916.47998
G1 X88.831 Y103.092 E916.52814
G1 X88.747 Y103.317 E916.5551
G1 F1495 X88.332 Y103.793 E916.62622
G1 F1470.6 X87.937 Y104.015 E916.6781
G1 F1463.4 X87.716 Y104.078 E916.70454
G1 F1490.1 X84.026 Y104.43 E917.12341
G1 F1500 X83.638 Y104.43 E917.16696
G1 X83.104 Y104.377 E917.2272
G1 X82.622 Y104.276 E917.28248
G1 X82.138 Y104.108 E917.33999
G1 X81.819 Y103.954 E917.37976
G1 X81.377 Y103.666 E917.43898
G1 X80.735 Y103.072 E917.53716
G1 X80.184 Y102.599 E917.61867
G1 X79.481 Y102.073 E917.71723
G1 X77.859 Y100.976 E917.93704
G1 X76.832 Y100.357 E918.07164
G1 X76.292 Y100.062 E918.14071
G1 X75.6 Y99.719 E918.22741
G1 X75.111 Y99.557 E918.28524
G1 X74.629 Y99.436 E918.34102
G1 X74.026 Y99.355 E918.40932
G1 X74.274 Y99.574 E918.44646
G1 X75.181 Y100.498 E918.5918
G1 X76.465 Y101.963 E918.81047
G1 X77.257 Y103.003 E918.95721
G1 X77.933 Y103.947 E919.08755
G1 X78.524 Y104.858 E919.20945
G1 X78.776 Y105.309 E919.26744
G1 X78.962 Y105.707 E919.31675
G1 X79.084 Y106.146 E919.3679
G1 X79.1 Y106.643 E919.42372
G1 X79.039 Y107.172 E919.48349
G1 X78.951 Y107.568 E919.52903
G1 X78.782 Y108.128 E919.59469
G1 X78.591 Y108.639 E919.65593
G1 X78.151 Y109.627 E919.77734
G1 X77.578 Y110.744 E919.91826
G1 X76.994 Y111.764 E920.05019
G1 X76.356 Y112.798 E920.18658
G1 X75.769 Y113.703 E920.30767
G1 X75.486 Y114.177 E920.36964
G1 X75.182 Y114.625 E920.43041
G1 X74.837 Y115.094 E920.49577
G1 X74.305 Y115.743 E920.58997
G1 X73.385 Y116.725 E920.74102
G1 X73.276 Y116.814 E920.75682
G1 X73.014 Y117.065 E920.79755
G1 X73.1 Y117.891 E920.89077
G1 X73.083 Y118.271 E920.93347
G1 F1490.1 X72.8 Y118.797 E921.00096
G1 F1465.8 X72.554 Y119.032 E921.04004
G1 F1437.7 X72.182 Y119.184 E921.08711
G1 F1359.5 X71.901 Y119.26 E921.12316
G1 F1145 X71.187 Y119.345 E921.2289
G1 F1026.2 X70.87 Y119.343 E921.28091
G1 X70.426 Y120.674 E921.51112
G1 X71.39 Y120.17 E921.68961
G1 F1145 X72.061 Y119.915 E921.79516
G1 F1359.5 X72.423 Y119.762 E921.84384
G1 F1456.3 X72.755 Y119.6 E921.88655
G1 F1492.5 X74.01 Y118.909 E922.04817
G1 F1500 X74.627 Y118.535 E922.12917
G1 X75.687 Y117.81 E922.27332
G1 X76.712 Y117.052 E922.41643
G1 X77.36 Y116.544 E922.50885
G1 X78.004 Y116.009 E922.60284
G1 X78.661 Y115.428 E922.70129
G1 X79.314 Y114.812 E922.80206
G1 X79.984 Y114.131 E922.9093
G1 X80.652 Y113.406 E923.01996
G1 X82.948 Y110.765 E923.41279
G1 X83.411 Y110.275 E923.48846
G1 X83.862 Y109.881 E923.55568
G1 X84.288 Y109.617 E923.61194
G1 X84.657 Y109.449 E923.65746
G1 X85.033 Y109.339 E923.70143
G1 X85.476 Y109.269 E923.75178
G1 X85.78 Y109.249 E923.78597
G1 X86.239 Y109.258 E923.83751
G1 X86.96 Y109.32 E923.91874
G1 F1535.8 X87.294 Y109.382 E923.95599
G1 F1648.4 X87.935 Y109.564 E924.02405
G1 F1676 X88.401 Y109.739 E924.07406
G1 F1587.3 X88.837 Y109.972 E924.1265
G1 F1528 X89.372 Y110.526 E924.21137
G1 F1500 X89.611 Y110.805 E924.25261
G1 X89.845 Y111.11 E924.29576
G1 X90.112 Y111.539 E924.35248
G1 X90.281 Y111.901 E924.39733
G1 X90.481 Y112.445 E924.46239
G1 X90.665 Y113.08 E924.5366
G1 X90.786 Y113.652 E924.60223
G1 X92.169 Y113.206 E924.76535
G1 X92.34 Y113.164 E924.78512
G1 X94.59 Y112.483 E925.049
G1 X95.251 Y112.332 E925.12511
G1 X95.862 Y112.249 E925.19433
G1 X96.366 Y112.217 E925.25102
G1 F1347.3 X96.933 Y112.15 E925.32237
G1 F1251.7 X97.777 Y112.255 E925.43678
G1 F1289.4 X102.18 Y113.401 E926.03091
G1 F1295 X110.046 Y115.471 E927.08852
G0 F9000 X110.045 Y116.146
;TYPE:WALL-OUTER
G1 F1500 X111.386 Y116.5 E927.24421
G1 X112.181 Y116.737 E927.33733
G1 X112.713 Y116.925 E927.40067
G1 X113.3 Y117.164 E927.47181
G1 X113.87 Y117.433 E927.54257
G1 X114.438 Y117.749 E927.61553
G1 X114.755 Y117.981 E927.65962
G1 X115.004 Y118.229 E927.69907
G1 X115.212 Y118.48 E927.73567
G1 X115.408 Y118.794 E927.77722
G1 X115.579 Y119.132 E927.81974
G1 X115.724 Y119.498 E927.86393
G1 X115.832 Y119.86 E927.90633
G1 X115.92 Y120.222 E927.94815
G1 X115.99 Y120.616 E927.99307
G1 X116.036 Y121.008 E928.03738
G1 X116.076 Y121.764 E928.12236
G1 X116.059 Y122.566 E928.21241
G1 X115.985 Y123.308 E928.29611
G1 X115.873 Y123.994 E928.37414
G1 X115.741 Y124.586 E928.44222
G1 X115.593 Y125.107 E928.50302
G1 X115.427 Y125.608 E928.56227
G1 X114.817 Y127.126 E928.74591
G1 X114.466 Y127.952 E928.84666
G1 X113.465 Y130.172 E929.12002
G1 X113.931 Y130.071 E929.17354
G1 X114.397 Y129.923 E929.22843
G1 X114.876 Y129.736 E929.28615
G1 X115.696 Y129.344 E929.38817
G1 X116.135 Y129.072 E929.44614
G1 X117.318 Y128.256 E929.60747
G1 X118.083 Y127.687 E929.71449
G1 X118.955 Y126.977 E929.84072
G1 X119.836 Y126.203 E929.97236
G1 X120.777 Y125.298 E930.11891
G1 X121.678 Y124.322 E930.26802
G1 X122.525 Y123.304 E930.41667
G1 X123.279 Y122.321 E930.55574
G1 X123.957 Y121.377 E930.6862
G1 X124.948 Y119.888 E930.88698
G1 X125.27 Y119.37 E930.95545
G1 X134.217 Y104.394 E932.91371
G1 X134.338 Y104.328 E932.92918
G1 X134.585 Y104.347 E932.95699
G1 X136.594 Y105.872 E933.24012
G1 X138.008 Y104.015 E933.50212
G1 X138.196 Y103.914 E933.52608
G1 X138.318 Y103.919 E933.53978
G1 X140.409 Y104.917 E933.79987
G1 X141.549 Y102.782 E934.07155
G1 X141.634 Y102.706 E934.08435
G1 X141.836 Y102.667 E934.10745
G1 X144.28 Y103.369 E934.39289
G1 X145.329 Y102.138 E934.57444
G1 X144.971 Y101.947 E934.61998
G1 X144.502 Y101.73 E934.67799
G1 X143.753 Y101.424 E934.76882
G1 X142.658 Y101.006 E934.90039
G1 X141.376 Y100.564 E935.05261
G1 X140.724 Y100.366 E935.1291
G1 X140.122 Y100.204 E935.19908
G1 X138.309 Y99.823 E935.40704
G1 X136.142 Y99.413 E935.6546
G1 X133.702 Y98.983 E935.93272
G1 X132.407 Y98.796 E936.0796
G1 X132.021 Y98.908 E936.12471
G1 X131.733 Y99.139 E936.16616
G1 X124.242 Y112.736 E937.90877
G1 X122.891 Y115.125 E938.21685
G1 X122.592 Y115.577 E938.27769
G1 X122.29 Y115.907 E938.3279
G1 X122.011 Y116.151 E938.36951
G1 X121.732 Y116.342 E938.40746
G1 X121.467 Y116.478 E938.4409
G1 X121.075 Y116.616 E938.48755
G1 X120.655 Y116.688 E938.53538
G1 X120.225 Y116.691 E938.58365
G1 X119.942 Y116.648 E938.61578
G1 X102.509 Y112.102 E940.63813
G1 X88.094 Y108.498 E942.30606
G1 X87.614 Y108.276 E942.36543
G1 X87.345 Y108.053 E942.40465
G1 X87.151 Y107.81 E942.43956
G1 X86.934 Y107.402 E942.49143
G1 X86.864 Y106.874 E942.55122
G1 X86.932 Y106.369 E942.60842
G1 X87.128 Y105.941 E942.66126
G1 X87.364 Y105.611 E942.7068
G1 X87.77 Y105.351 E942.76092
G1 X88.115 Y105.217 E942.80247
G1 X122.742 Y101.893 E946.70732
G1 X123.703 Y101.811 E946.81558
G1 X123.878 Y101.69 E946.83947
G1 X125.114 Y98.507 E947.22276
G1 X125.104 Y98.411 E947.2336
G1 X124.184 Y98.449 E947.33696
G1 X123.83 Y98.449 E947.37669
G1 X123.455 Y98.319 E947.42125
G1 X123.21 Y98.105 E947.45776
G1 X123.045 Y97.862 E947.49073
G1 X122.616 Y96.969 E947.60194
G1 X122.032 Y95.89 E947.73967
G1 X121.667 Y95.294 E947.81812
G1 X121.234 Y94.636 E947.90654
G1 X120.768 Y94.006 E947.9945
G1 X120.27 Y93.411 E948.0816
G1 X119.039 Y92.076 E948.28544
G1 X117.966 Y90.997 E948.45626
G1 X117.564 Y90.622 E948.51797
G1 X117.174 Y90.285 E948.57583
G1 X116.848 Y90.035 E948.62194
G1 X116.589 Y89.866 E948.65666
G1 X116.393 Y89.798 E948.67995
G1 X116.342 Y90.007 E948.7041
G1 X116.376 Y91.721 E948.89654
G1 X116.38 Y93.154 E949.0574
G1 X116.339 Y94.431 E949.20082
G1 X116.234 Y95.471 E949.31815
G1 X116.1 Y96.498 E949.43441
G1 X115.897 Y97.63 E949.56351
G1 X115.807 Y97.953 E949.60115
G1 X115.949 Y98.004 E949.61809
G1 X118.431 Y98.054 E949.89676
G1 X118.734 Y98.156 E949.93264
G1 X118.962 Y98.369 E949.96767
G1 X119.042 Y98.502 E949.98509
G1 X119.088 Y98.743 E950.01263
G1 X119.056 Y98.949 E950.03603
G1 X118.848 Y99.24 E950.07619
G1 X118.73 Y99.326 E950.09258
G1 X118.316 Y99.494 E950.14273
G1 X108.885 Y100.878 E951.21273
G1 X105.604 Y101.284 E951.58384
G1 X105.075 Y101.195 E951.64405
G1 X104.683 Y101.048 E951.69105
G1 X102.968 Y99.998 E951.91678
G1 X102.448 Y99.726 E951.98265
G1 X101.821 Y99.44 E952.06001
G1 X100.446 Y98.889 E952.22629
G1 X99.123 Y98.423 E952.38375
G1 X98.262 Y98.155 E952.48497
G1 X98.123 Y98.162 E952.50059
G1 X98.124 Y98.231 E952.50834
G1 X98.262 Y98.579 E952.55036
G1 X98.379 Y99.021 E952.60169
G1 X98.455 Y99.406 E952.64574
G1 X98.499 Y99.798 E952.69002
G1 X98.483 Y100.3 E952.7464
G1 X98.393 Y100.755 E952.79846
G1 X98.257 Y101.101 E952.84019
G1 X98.09 Y101.391 E952.87776
G1 X97.918 Y101.623 E952.91018
G1 X97.684 Y101.867 E952.94813
G1 X97.306 Y102.166 E953.00223
G1 X97.001 Y102.347 E953.04204
G1 X93.026 Y102.836 E953.49161
G1 X92.07 Y102.891 E953.5991
G1 X91.547 Y102.746 E953.66002
G1 X89.9 Y102.166 E953.85603
G1 X88.958 Y101.87 E953.96687
G1 X87.823 Y101.554 E954.09913
G1 X88.256 Y102.495 E954.2154
G1 X88.269 Y102.882 E954.25887
G1 X88.185 Y103.106 E954.28572
G1 X88.047 Y103.264 E954.30927
G1 X87.646 Y103.48 E954.3604
G1 X84.254 Y103.812 E954.74298
G1 X83.982 Y103.832 E954.7736
G1 X83.679 Y103.831 E954.80761
G1 X83.2 Y103.785 E954.86163
G1 X82.772 Y103.695 E954.91072
G1 X82.403 Y103.569 E954.95449
G1 X82.109 Y103.429 E954.99104
G1 X81.749 Y103.196 E955.03918
G1 X81.135 Y102.624 E955.13338
G1 X80.56 Y102.131 E955.2184
G1 X79.853 Y101.601 E955.31759
G1 X78.182 Y100.47 E955.54409
G1 X77.13 Y99.837 E955.68191
G1 X76.569 Y99.53 E955.75369
G1 X75.829 Y99.163 E955.84642
G1 X75.279 Y98.981 E955.91145
G1 X74.754 Y98.848 E955.97224
G1 X73.795 Y98.718 E956.08088
G1 X73.004 Y98.645 E956.17005
G1 X72.714 Y98.648 E956.2026
G1 X72.431 Y98.693 E956.23477
G1 X72.578 Y98.872 E956.26077
G1 X73.891 Y100.037 E956.45781
G1 X74.719 Y100.881 E956.59053
G1 X75.987 Y102.326 E956.80633
G1 X76.769 Y103.353 E956.95123
G1 X77.452 Y104.308 E957.08303
G1 X78.031 Y105.202 E957.20259
G1 X78.235 Y105.569 E957.24972
G1 X78.407 Y105.939 E957.29553
G1 X78.488 Y106.264 E957.33313
G1 X78.499 Y106.645 E957.37591
G1 X78.457 Y107.024 E957.41872
G1 X78.36 Y107.459 E957.46874
G1 X78.22 Y107.919 E957.52272
G1 X78.043 Y108.395 E957.57973
G1 X77.603 Y109.383 E957.70113
G1 X77.057 Y110.446 E957.83528
G1 X76.458 Y111.491 E957.97049
G1 X75.852 Y112.472 E958.09992
G1 X75.259 Y113.387 E958.22232
G1 X74.989 Y113.841 E958.28161
G1 X74.698 Y114.27 E958.3398
G1 X74.368 Y114.719 E958.40235
G1 X73.841 Y115.363 E958.49577
G1 X72.924 Y116.333 E958.6456
G1 X72.912 Y116.333 E958.64695
G1 X72.525 Y116.701 E958.7069
G1 X72.4 Y116.958 E958.73898
G1 X72.503 Y117.953 E958.85127
G1 X72.467 Y118.206 E958.87995
G1 X72.381 Y118.364 E958.90015
G1 X72.233 Y118.505 E958.92309
G1 X71.905 Y118.612 E958.96182
G1 X70.34 Y118.602 E959.1375
G1 X69.152 Y122.161 E959.55868
G1 X71.273 Y121.067 E959.82657
G1 X73.446 Y119.915 E960.10266
G1 X74.32 Y119.423 E960.21524
G1 X74.929 Y119.055 E960.29512
G1 X76.043 Y118.293 E960.44662
G1 X77.094 Y117.517 E960.59327
G1 X77.743 Y117.006 E960.686
G1 X78.4 Y116.459 E960.78196
G1 X79.073 Y115.864 E960.8828
G1 X79.734 Y115.241 E960.98476
G1 X80.418 Y114.545 E961.0943
G1 X81.104 Y113.8 E961.20799
G1 X83.415 Y111.144 E961.60319
G1 X83.857 Y110.678 E961.67529
G1 X84.189 Y110.386 E961.72492
G1 X84.528 Y110.168 E961.77016
G1 X84.853 Y110.016 E961.81044
G1 X85.171 Y109.923 E961.84763
G1 X85.487 Y109.871 E961.88358
G1 X85.82 Y109.848 E961.92105
G1 X86.189 Y109.856 E961.96248
G1 X86.875 Y109.914 E962.03976
G1 X87.234 Y109.966 E962.08048
G1 X87.686 Y110.068 E962.13249
G1 X88.166 Y110.269 E962.19091
G1 X88.456 Y110.442 E962.22881
G1 X88.94 Y110.943 E962.30701
G1 X89.163 Y111.206 E962.34571
G1 X89.382 Y111.495 E962.38642
G1 X89.571 Y111.798 E962.42651
G1 X89.718 Y112.108 E962.46502
G1 X89.918 Y112.652 E962.53008
G1 X90.078 Y113.202 E962.59438
G1 X90.178 Y113.685 E962.64975
G1 X90.244 Y114.178 E962.70558
G1 X90.373 Y114.278 E962.7239
G1 X90.69 Y114.312 E962.75969
G1 X92.315 Y113.788 E962.95135
G1 X92.5 Y113.742 E962.97275
G1 X94.727 Y113.067 E963.23397
G1 X95.334 Y112.926 E963.30392
G1 X95.878 Y112.85 E963.36558
G1 X96.404 Y112.816 E963.42475
G1 X96.889 Y112.817 E963.47919
G1 X97.705 Y112.889 E963.57114
G1 X110.045 Y116.146 E965.00378
G0 F9000 X110.299 Y115.182
G0 X113.045 Y116.046
G0 X114.3 Y116.597
G0 X115.344 Y117.249
G0 X115.989 Y117.952
G0 X116.438 Y118.75
G0 X116.84 Y120.029
G0 X117.073 Y122.03
G0 X116.789 Y122.023
;TYPE:FILL
G1 F3000 X121.622 Y117.189 E965.7711
G0 F9000 X121.717 Y117.453
G0 X124.343 Y118.978
G0 X124.582 Y119.128
G1 F3000 X116.049 Y127.661 E967.12571
G1 F3600 E963.12571
G0 F9000 X117.803 Y116.444
G0 X87.977 Y108.819
G0 X87.437 Y108.567
G0 X86.885 Y108.029
G0 X86.613 Y107.514
G0 X86.519 Y106.895
G0 X86.604 Y106.28
G0 X86.818 Y105.795
G0 X87.133 Y105.363
G0 X87.644 Y105.029
G0 X87.972 Y104.911
G0 X120.197 Y101.135
G0 X120.223 Y101.413
G1 F3600 E967.12571
G1 F3000 X118.859 Y100.049 E967.34224
G0 F9000 X118.965 Y100.311
G0 X123.489 Y99.938
G0 X123.749 Y100.039
G1 F3000 X117.093 Y93.383 E968.39888
G0 F9000 X117.372 Y93.393
G0 X119.879 Y97.965
G0 X120.052 Y98.713
G0 X119.931 Y99.406
G0 X119.368 Y100.08
G0 X118.568 Y100.408
G0 X108.804 Y101.841
G0 X105.596 Y102.231
G0 X104.863 Y102.121
G0 X104.543 Y102.002
G0 X101.179 Y100.26
G0 X101.284 Y100
G1 F3000 X98.284 Y103 E968.87513
G0 F9000 X88.048 Y104.883
G0 X87.644 Y105.029
G0 X87.133 Y105.363
G0 X86.818 Y105.795
G0 X86.604 Y106.28
G0 X86.519 Y106.895
G0 X86.613 Y107.514
G0 X86.885 Y108.029
G0 X87.382 Y108.513
G0 X91.264 Y110.321
G0 X91.332 Y110.049
G1 F3000 X93.861 Y112.578 E969.27661
G0 F9000 X93.781 Y112.31
G0 X91.186 Y110.302
G0 X91.255 Y110.029
G1 F3000 X90.06 Y111.224 E969.46631
G0 F9000 X90.297 Y111.075
G0 X88.533 Y110.086
G0 X85.515 Y108.869
G0 X85.531 Y109.147
G1 F3000 X77.265 Y100.881 E970.77854
G0 F9000 X77.174 Y101.031
G0 X81.674 Y104.267
G0 X82.521 Y104.601
G0 X83.542 Y104.755
G0 X85.706 Y104.676
G0 X85.68 Y104.397
G1 F3000 X86.653 Y105.37 E970.933
G1 F3600 E966.933
G0 F9000 X86.43 Y105.207
G0 X86.519 Y106.895
G0 X86.613 Y107.514
G0 X86.885 Y108.029
G0 X87.437 Y108.567
G0 X87.977 Y108.819
G0 X120.211 Y117.032
G0 X120.66 Y117.033
G0 X121.187 Y116.942
G0 X121.93 Y116.621
G0 X122.52 Y116.159
G0 X122.872 Y115.772
G0 X130.551 Y103.108
G0 X135.199 Y103.558
G0 X135.027 Y103.784
G1 F3600 E970.933
G1 F3000 X138.262 Y100.549 E971.44656
G0 F9000 X138.205 Y100.82
G0 X140.256 Y103.079
G0 X140.501 Y103.209
G1 F3000 X139.855 Y103.855 E971.54911
G0 F9000 X139.976 Y103.603
G0 X137.867 Y102.671
G0 X134.088 Y102.807
G0 X125.892 Y116.559
G0 X125.183 Y117.799
G0 X124.888 Y117.483
G0 X125.175 Y117.301
;TYPE:SKIN
G1 F1500 X124.006 Y115.466 E971.79334
G1 X125.234 Y113.292 E972.07362
G1 X130.57 Y103.611 E973.31448
G1 X132.022 Y105.839 E973.61301
G1 X125.175 Y117.301 E975.11174
G0 F9000 X125.142 Y116.689
G1 F1500 X125.265 Y116.565 E975.13134
G0 F9000 X124.811 Y116.171
G1 F1500 X126.524 Y114.458 E975.40328
G0 F9000 X124.271 Y116.422
G0 X123.73 Y115.574
G0 X125.041 Y114.244
G1 F1500 X129.041 Y110.244 E976.03828
G0 F9000 X132.347 Y105.72
G0 X130.551 Y103.108
G0 X127.633 Y108.24
G0 X128.191 Y108.548
G1 F1500 X131.362 Y105.377 E976.54167
G0 F9000 X131.028 Y104.863
G1 F1500 X129.234 Y106.657 E976.82647
G0 F9000 X128.675 Y106.348
G0 X130.551 Y103.108
G0 X132.347 Y105.72
G0 X130.299 Y108.137
G1 F1500 X126.107 Y112.33 E977.49203
G0 F9000 X123.73 Y115.574
G0 X127.783 Y112.351
G1 F1500 X124.481 Y115.652 E978.01614
G0 F9000 X123.939 Y115.995
G0 X123.688 Y115.478
G0 X126.591 Y110.131
G0 X127.149 Y110.439
G1 F1500 X131.558 Y106.03 E978.71607
G0 F9000 X132.305 Y105.746
G0 X131.294 Y104.104
G0 X130.276 Y104.766
G1 F1500 X130.693 Y104.349 E978.78227
G0 F9000 X131.647 Y103.73
G1 F3600 E974.78227
G0 F9000 X132.344 Y105.837
G0 X132.449 Y106.771
G0 X134.216 Y107.866
G0 X140.371 Y111.503
G0 X140.391 Y110.966
;TYPE:WALL-INNER
G1 F3600 E978.78227
G1 F1500 X140.138 Y110.707 E978.82291
G1 X140.036 Y110.489 E978.84993
G1 X140 Y110.125 E978.89099
G1 X140.074 Y109.851 E978.92285
G1 X140.282 Y109.387 E978.97992
G1 X140.493 Y109.003 E979.02911
G1 X140.734 Y108.647 E979.07737
G1 X140.982 Y108.342 E979.12149
G1 F1510.1 X141.845 Y107.429 E979.26158
G1 F1515.2 X142.261 Y107.163 E979.31645
G1 F1507.5 X142.769 Y106.897 E979.3805
G1 F1502.5 X143.397 Y106.708 E979.45399
G1 F1500 X143.813 Y106.628 E979.50155
G1 F1430.8 X143.91 Y106.586 E979.51399
G1 F1200 X144.292 Y106.472 E979.56992
G1 F1071.4 X144.66 Y106.498 E979.6279
G1 F1162.8 X144.96 Y106.6 E979.67378
G1 F1308.1 X145.029 Y106.635 E979.68374
G1 F1424.1 X145.326 Y106.731 E979.72065
G1 F1500 X145.681 Y106.83 E979.76202
G1 X146.649 Y107.2 E979.87835
G1 X146.925 Y107.47 E979.92169
G1 X147.042 Y107.701 E979.95076
G1 X147.084 Y108.079 E979.99345
G1 X146.96 Y108.465 E980.03896
G1 X146.547 Y108.982 E980.11324
G1 X145.773 Y109.687 E980.23076
G1 X145.017 Y110.166 E980.33122
G1 X144.213 Y110.585 E980.433
G1 X143.801 Y110.766 E980.48351
G1 X143.304 Y110.934 E980.5424
G1 X142.916 Y111.03 E980.58727
G1 X142.463 Y111.103 E980.63878
G1 X142.053 Y111.138 E980.68497
G1 X141.606 Y111.148 E980.73516
G1 X140.862 Y111.12 E980.81873
G1 X140.608 Y111.073 E980.84773
G1 X140.391 Y110.966 E980.87489
G0 F9000 X140.371 Y111.503
G0 X128.67 Y118.437
G0 X128.598 Y118.801
G1 F1500 X129.55 Y118.563 E980.98504
G1 X130.812 Y118.199 E981.13248
G1 X132.031 Y117.825 E981.27561
G1 X133.804 Y117.24 E981.48519
G1 X135.049 Y116.798 E981.63349
G1 X136.453 Y116.273 E981.80175
G1 X138.059 Y115.636 E981.99569
G1 X139.33 Y115.093 E982.15084
G1 X140.792 Y114.449 E982.33017
G1 X142.293 Y113.75 E982.51604
G1 X142.886 Y113.46 E982.59014
G1 X143.541 Y113.11 E982.6735
G1 X144.116 Y112.786 E982.74759
G1 X144.697 Y112.428 E982.82419
G1 X145.795 Y111.694 E982.97245
G1 X146.912 Y110.877 E983.1278
G1 X148.019 Y110.008 E983.28578
G1 X148.459 Y109.644 E983.34988
G1 X149.165 Y109.012 E983.45624
G1 X149.165 Y109.003 E983.45725
G1 X149.517 Y108.66 E983.51242
G1 X149.882 Y108.27 E983.57238
G1 X150.194 Y107.887 E983.62784
G1 X150.366 Y107.642 E983.66144
G1 X150.485 Y107.359 E983.6959
G1 X150.561 Y106.952 E983.74238
G1 X150.508 Y106.682 E983.77327
G1 X150.281 Y106.28 E983.82509
G1 X149.977 Y105.94 E983.87629
G1 X149.641 Y105.613 E983.92892
G1 X149.241 Y105.279 E983.98741
G1 X148.532 Y104.751 E984.08664
G1 X147.856 Y104.297 E984.17805
G1 X146.764 Y103.623 E984.3221
G1 F1433.1 X145.241 Y105.33 E984.59088
G1 F1315.8 X144.891 Y105.571 E984.64526
G1 F1162.8 X144.693 Y105.665 E984.677
G1 F1071.4 X144.411 Y105.643 E984.72145
G1 F1248.3 X143.867 Y105.365 E984.80386
G1 F1500 X142.662 Y105.023 E984.94447
G1 F1505 X141.622 Y106.871 E985.18171
G1 F1515.2 X141.389 Y107.064 E985.21533
G1 F1510.1 X140.662 Y107.188 E985.29757
G1 F1500 X138.768 Y106.289 E985.53291
G1 X137.439 Y108.063 E985.78173
G1 X137.195 Y108.251 E985.81631
G1 X136.995 Y108.33 E985.84044
G1 X136.695 Y108.358 E985.87427
G1 X136.451 Y108.305 E985.9023
G1 X136.223 Y108.18 E985.93148
G1 X134.944 Y107.219 E986.11107
G1 X133.659 Y109.299 E986.38551
G1 X128.386 Y118.241 E987.55081
G1 X128.009 Y118.903 E987.63632
G1 X128.598 Y118.801 E987.70342
G0 F9000 X127.937 Y119.525
;TYPE:WALL-OUTER
G1 F1500 X128.713 Y119.39 E987.79184
G1 X129.694 Y119.146 E987.90532
G1 X130.987 Y118.773 E988.05638
G1 X132.219 Y118.395 E988.20104
G1 X133.998 Y117.808 E988.41132
G1 X135.259 Y117.36 E988.56154
G1 X136.673 Y116.831 E988.73101
G1 X138.295 Y116.188 E988.92687
G1 X139.54 Y115.656 E989.07885
G1 X141.044 Y114.993 E989.26336
G1 X142.483 Y114.325 E989.44144
G1 X143.168 Y113.99 E989.52704
G1 X143.835 Y113.633 E989.61196
G1 X144.43 Y113.297 E989.68867
G1 X145.029 Y112.928 E989.76764
G1 X146.124 Y112.197 E989.91543
G1 X147.283 Y111.349 E990.07664
G1 X148.401 Y110.471 E990.23621
G1 X148.836 Y110.112 E990.29952
G1 X149.609 Y109.419 E990.41606
G1 X149.609 Y109.406 E990.41752
G1 X149.954 Y109.071 E990.4715
G1 X150.334 Y108.666 E990.53384
G1 X150.672 Y108.25 E990.59401
G1 X150.895 Y107.934 E990.63742
G1 X151.055 Y107.551 E990.68402
G1 X151.128 Y107.272 E990.71639
G1 X151.168 Y106.928 E990.75526
G1 X151.078 Y106.47 E990.80766
G1 X150.832 Y106.037 E990.86356
G1 X150.655 Y105.798 E990.89695
G1 X150.411 Y105.524 E990.93813
G1 X150.043 Y105.167 E990.99569
G1 X149.613 Y104.808 E991.05857
G1 X148.878 Y104.261 E991.16141
G1 X148.181 Y103.793 E991.25565
G1 X146.647 Y102.853 E991.45761
G1 X144.824 Y104.898 E991.76513
G1 X144.63 Y104.957 E991.7879
G1 X142.37 Y104.317 E992.05156
G1 X141.146 Y106.498 E992.33231
G1 X141.07 Y106.562 E992.34346
G1 X140.825 Y106.602 E992.37133
G1 X138.582 Y105.537 E992.65005
G1 X136.983 Y107.666 E992.94894
G1 X136.841 Y107.75 E992.96746
G1 X136.631 Y107.736 E992.99108
G1 X134.779 Y106.345 E993.25108
G1 X133.142 Y108.994 E993.60064
G1 X127.865 Y117.944 E994.76693
G1 X127.427 Y118.715 E994.86647
G1 X127.314 Y118.955 E994.89624
G1 X127.229 Y119.248 E994.93049
G1 X127.269 Y119.381 E994.94608
G1 X127.55 Y119.492 E994.98
G1 X127.937 Y119.525 E995.0236
G1 F3600 E991.0236
G0 F9000 X127.908 Y119.113
G0 X140.789 Y111.519
G0 X140.826 Y110.518
G1 F3600 E995.0236
G1 F1500 X140.643 Y110.383 E995.04912
G1 X140.598 Y110.261 E995.06372
G1 X140.622 Y110.097 E995.08232
G1 X140.84 Y109.612 E995.14201
G1 X140.993 Y109.334 E995.17763
G1 X141.199 Y109.026 E995.21923
G1 X141.461 Y108.706 E995.26565
G1 X142.205 Y107.914 E995.38763
G1 X142.603 Y107.656 E995.44088
G1 X143.018 Y107.449 E995.49293
G1 X143.478 Y107.305 E995.54704
G1 X143.96 Y107.212 E995.60214
G1 X144.253 Y107.192 E995.63511
G1 X144.567 Y107.21 E995.67042
G1 X144.898 Y107.254 E995.7079
G1 X145.223 Y107.323 E995.74519
G1 X145.531 Y107.412 E995.78118
G1 X146.338 Y107.724 E995.87831
G1 X146.459 Y107.857 E995.89849
G1 X146.487 Y108.019 E995.91694
G1 X146.449 Y108.138 E995.93097
G1 X146.092 Y108.585 E995.99518
G1 X145.418 Y109.203 E996.09783
G1 X144.675 Y109.671 E996.1964
G1 X143.973 Y110.035 E996.28517
G1 X143.579 Y110.208 E996.33347
G1 X143.16 Y110.352 E996.3832
G1 X142.772 Y110.448 E996.42807
G1 X142.353 Y110.511 E996.47563
G1 X142.005 Y110.54 E996.51483
G1 X141.628 Y110.548 E996.55716
G1 X140.826 Y110.518 E996.64725
G0 F9000 X140.789 Y111.519
G0 X138.762 Y114.904
G0 X138.868 Y115.159
;TYPE:FILL
G1 F3000 X133.505 Y109.795 E997.49871
G0 F9000 X133.743 Y109.935
G0 X133.156 Y110.933
G0 X132.918 Y110.792
G1 F3000 X135.741 Y107.969 E997.94686
G0 F9000 X135.576 Y108.19
G0 X131.928 Y113.019
G0 X131.688 Y112.878
G1 F3000 X135.363 Y116.552 E998.53018
G0 F9000 X135.094 Y115.823
G1 F3600 E994.53018
;MESH:NONMESH
G0 F300 X135.094 Y115.823 Z2.9
G0 F9000 X128.222 Y117.974
G0 X126.407 Y116.889
G0 X134.259 Y103.69
G0 X132.01 Y99.342
G0 X123.186 Y115.295
G0 X122.872 Y115.772
G0 X122.229 Y116.415
G0 X110.162 Y115.035
G0 X110.046 Y115.471
;TIME_ELAPSED:748.462420
;LAYER:6
;TYPE:WALL-INNER
;MESH:sharkz.stl
G1 F3600 E998.53018
G1 F1282.1 X111.573 Y115.873 E998.73757
G1 F1257 X112.354 Y116.098 E998.84644
G1 F1222.8 X112.926 Y116.285 E998.9293
G1 F1165.8 X113.598 Y116.533 E999.03276
G1 F1289.4 X114.108 Y116.882 E999.11346
G1 F1500 X114.823 Y117.284 E999.20554
G1 X115.136 Y117.514 E999.24914
G1 X115.467 Y117.847 E999.30184
G1 X115.715 Y118.147 E999.34554
G1 X115.955 Y118.545 E999.39771
G1 X116.136 Y118.909 E999.44334
G1 X116.299 Y119.326 E999.4936
G1 X116.415 Y119.718 E999.53949
G1 X116.51 Y120.115 E999.58531
G1 X116.582 Y120.516 E999.63105
G1 X116.635 Y120.976 E999.68302
G1 X116.676 Y121.8 E999.77563
G1 X116.656 Y122.625 E999.86827
G1 X116.577 Y123.404 E999.95616
G1 X116.459 Y124.124 E1000.03806
G1 X116.319 Y124.75 E1000.11007
G1 X116.163 Y125.295 E1000.1737
G1 X115.983 Y125.832 E1000.23728
G1 X115.369 Y127.36 E1000.42213
G1 X115.012 Y128.199 E1000.52448
G1 X114.55 Y129.22 E1000.65028
G1 X115.408 Y128.817 E1000.75669
G1 X115.817 Y128.563 E1000.81074
G1 X116.96 Y127.774 E1000.96664
G1 X117.715 Y127.213 E1001.07223
G1 X118.539 Y126.544 E1001.19137
G1 X119.43 Y125.761 E1001.32452
G1 X120.348 Y124.878 E1001.4675
G1 X121.227 Y123.926 E1001.61295
G1 X122.056 Y122.93 E1001.75842
G1 X122.797 Y121.963 E1001.89517
G1 X123.487 Y121 E1002.02815
G1 X124.423 Y119.595 E1002.21766
G1 X124.777 Y119.03 E1002.29251
G1 X125.562 Y117.716 E1002.46432
G1 X123.735 Y114.852 E1002.84566
G1 X123.393 Y115.453 E1002.92328
G1 X123.113 Y115.872 E1002.97985
G1 X122.877 Y116.156 E1003.0213
G1 X122.54 Y116.491 E1003.07464
G1 X122.174 Y116.772 E1003.12644
G1 X121.853 Y116.956 E1003.16797
G1 X121.39 Y117.172 E1003.22532
G1 X120.681 Y117.293 E1003.30606
G1 X120.165 Y117.288 E1003.36399
G1 X119.835 Y117.238 E1003.40145
G1 X114.484 Y115.845 E1004.02214
G1 F1289.4 X113.868 Y115.786 E1004.10295
G1 F1184.2 X112.548 Y115.403 E1004.29838
G1 F1257 X107.45 Y114.067 E1005.00434
G1 F1283.9 X102.352 Y112.73 E1005.69555
G1 F1323.5 X98.015 Y111.63 E1006.26477
G1 F1282.1 X97.048 Y111.425 E1006.3946
G1 F1347.3 X96.458 Y111.207 E1006.4732
G1 F1500 X89.285 Y109.414 E1007.30317
G1 F1601.4 X87.83 Y108.995 E1007.46237
G1 F1660.5 X87.284 Y108.783 E1007.52176
G1 F1551.7 X86.9 Y108.453 E1007.5767
G1 F1500 X86.662 Y108.171 E1007.61812
G1 X86.353 Y107.577 E1007.69329
G1 X86.295 Y107.355 E1007.71904
G1 X86.269 Y106.656 E1007.79756
G1 X86.362 Y106.165 E1007.85366
G1 X86.474 Y105.881 E1007.88793
G1 X86.758 Y105.413 E1007.94938
G1 X87.007 Y105.145 E1007.99044
G1 F1497.5 X87.458 Y104.826 E1008.05255
G1 F1485.1 X87.989 Y104.614 E1008.11738
G1 F1480.3 X88.563 Y104.57 E1008.18286
G1 F1495 X91.3 Y104.308 E1008.49253
G1 F1475.4 X91.791 Y104.253 E1008.54892
G1 F1397.5 X92.208 Y104.188 E1008.59977
G1 F1363.6 X93.19 Y104.102 E1008.72149
G1 F1351.4 X95.234 Y103.891 E1008.97752
G1 F1291.2 X97.278 Y103.679 E1009.24549
G1 F1372 X97.934 Y103.672 E1009.32601
G1 F1500 X104.715 Y103.021 E1010.09069
G1 F1424.1 X104.998 Y102.964 E1010.12483
G1 F1193.6 X105.429 Y102.83 E1010.1885
G1 F1076.6 X105.826 Y102.803 E1010.25073
G1 F1068.9 X107.936 Y102.584 E1010.5849
G1 F1027.4 X110.047 Y102.364 E1010.93275
G1 F1206.4 X110.658 Y102.452 E1011.0189
G1 F1500 X123.41 Y101.234 E1012.45687
G1 X124.261 Y99.046 E1012.7204
G1 X123.876 Y99.048 E1012.76362
G1 X123.595 Y99.004 E1012.79555
G1 X123.201 Y98.875 E1012.84208
G1 X122.814 Y98.576 E1012.89698
G1 X122.525 Y98.167 E1012.9532
G1 X122.082 Y97.241 E1013.06843
G1 X121.512 Y96.19 E1013.20264
G1 X121.126 Y95.562 E1013.28538
G1 X120.742 Y94.98 E1013.36366
G1 X120.296 Y94.377 E1013.44785
G1 X119.819 Y93.807 E1013.53128
G1 X118.592 Y92.477 E1013.73441
G1 X117.556 Y91.435 E1013.89935
G1 X117.173 Y91.077 E1013.9582
G1 X116.959 Y90.894 E1013.9898
G1 X116.976 Y91.719 E1014.08243
G1 X116.98 Y93.173 E1014.24565
G1 X116.936 Y94.491 E1014.39368
G1 X116.829 Y95.549 E1014.51305
G1 X116.698 Y96.558 E1014.62726
G1 X116.542 Y97.415 E1014.72505
G1 X118.604 Y97.462 E1014.95657
G1 X119.113 Y97.694 E1015.01936
G1 X119.354 Y97.882 E1015.05367
G1 X119.636 Y98.338 E1015.11386
G1 X119.68 Y98.685 E1015.15312
G1 X119.662 Y99.032 E1015.19213
G1 X119.512 Y99.373 E1015.23395
G1 X119.205 Y99.714 E1015.28545
G1 X118.916 Y99.902 E1015.32415
G1 X118.687 Y100.01 E1015.35257
G1 X118.371 Y100.095 E1015.38931
G1 X110.513 Y101.246 E1016.2808
G1 F1206.4 X109.941 Y101.477 E1016.3669
G1 F1022.7 X108.975 Y101.607 E1016.52737
G1 F1063.8 X105.71 Y101.988 E1017.04765
G1 F1077.8 X105.454 Y101.991 E1017.08765
G1 F1193.6 X105.032 Y101.832 E1017.15126
G1 F1424.1 X104.873 Y101.76 E1017.1719
G1 F1500 X104.447 Y101.608 E1017.22267
G1 X102.672 Y100.52 E1017.45637
G1 X102.184 Y100.265 E1017.51818
G1 X101.585 Y99.992 E1017.59207
G1 X100.234 Y99.451 E1017.75544
G1 X98.989 Y99.011 E1017.90366
G1 X99.051 Y99.339 E1017.94113
G1 X99.102 Y99.793 E1017.99242
G1 X99.086 Y100.342 E1018.05407
G1 X98.982 Y100.896 E1018.11734
G1 X98.81 Y101.344 E1018.17121
G1 X98.631 Y101.658 E1018.21178
G1 X98.4 Y101.981 E1018.25636
G1 X98.106 Y102.298 E1018.30489
G1 X97.716 Y102.61 E1018.36096
G1 F1446.9 X97.367 Y102.853 E1018.41044
G1 F1327.4 X97.151 Y102.982 E1018.44236
G1 F1291.2 X95.124 Y103.219 E1018.70848
G1 F1351.4 X93.097 Y103.457 E1018.96278
G1 F1363.6 X92.158 Y103.521 E1019.079
G1 F1397.5 X91.86 Y103.464 E1019.11555
G1 F1475.4 X91.328 Y103.305 E1019.17892
G1 F1500 X89.72 Y102.739 E1019.37028
G1 X88.843 Y102.462 E1019.47352
G1 X88.876 Y102.643 E1019.49417
G1 X88.817 Y103.154 E1019.55191
G1 X88.727 Y103.361 E1019.57725
G1 F1495 X88.329 Y103.797 E1019.64374
G1 F1470.6 X87.939 Y104.016 E1019.69495
G1 F1463.4 X87.701 Y104.082 E1019.72337
G1 F1487.6 X84.027 Y104.43 E1020.14108
G1 F1500 X83.638 Y104.43 E1020.18475
G1 X83.104 Y104.377 E1020.24499
G1 X82.622 Y104.276 E1020.30027
G1 X82.138 Y104.108 E1020.35778
G1 X81.785 Y103.934 E1020.40196
G1 X81.384 Y103.676 E1020.45548
G1 X80.735 Y103.072 E1020.555
G1 X80.184 Y102.599 E1020.63652
G1 X79.481 Y102.073 E1020.73508
G1 X77.859 Y100.976 E1020.95488
G1 X76.832 Y100.357 E1021.08949
G1 X76.292 Y100.062 E1021.15856
G1 X75.6 Y99.719 E1021.24526
G1 X75.111 Y99.557 E1021.30308
G1 X74.629 Y99.436 E1021.35887
G1 X74.029 Y99.355 E1021.42683
G1 X74.311 Y99.608 E1021.46936
G1 X75.181 Y100.498 E1021.60907
G1 X76.465 Y101.963 E1021.82774
G1 X77.257 Y103.003 E1021.97448
G1 X77.933 Y103.947 E1022.10482
G1 X78.524 Y104.858 E1022.22671
G1 X78.781 Y105.319 E1022.28596
G1 X79.008 Y105.807 E1022.34638
G1 X79.077 Y106.053 E1022.37506
G1 X79.1 Y106.643 E1022.44133
G1 X79.039 Y107.174 E1022.50133
G1 X78.935 Y107.627 E1022.55351
G1 X78.782 Y108.128 E1022.61231
G1 X78.591 Y108.639 E1022.67355
G1 X78.151 Y109.627 E1022.79495
G1 X77.578 Y110.744 E1022.93588
G1 X76.994 Y111.764 E1023.06781
G1 X76.356 Y112.798 E1023.2042
G1 X75.769 Y113.703 E1023.32529
G1 X75.486 Y114.177 E1023.38726
G1 X75.182 Y114.625 E1023.44803
G1 X74.837 Y115.094 E1023.51339
G1 X74.305 Y115.743 E1023.60759
G1 X73.572 Y116.525 E1023.7279
G1 X73.013 Y117.065 E1023.81515
G1 X73.099 Y117.885 E1023.9077
G1 X73.075 Y118.209 E1023.94417
G1 X72.995 Y118.494 E1023.9774
G1 F1497.5 X72.766 Y118.884 E1024.02825
G1 F1463.4 X72.49 Y119.084 E1024.06747
G1 F1397.5 X71.933 Y119.256 E1024.13771
G1 F1171.9 X71.188 Y119.345 E1024.24551
G1 F1026.2 X70.87 Y119.343 E1024.29769
G1 X70.426 Y120.674 E1024.5279
G1 X71.39 Y120.17 E1024.70639
G1 F1136.4 X72.02 Y119.932 E1024.80618
G1 F1327.4 X72.309 Y119.812 E1024.84587
G1 F1446.9 X72.828 Y119.567 E1024.91266
G1 F1505 X74.01 Y118.909 E1025.06401
G1 F1500 X74.627 Y118.535 E1025.145
G1 X75.687 Y117.81 E1025.28915
G1 X76.712 Y117.052 E1025.43226
G1 X77.36 Y116.544 E1025.52469
G1 X78.004 Y116.009 E1025.61867
G1 X78.661 Y115.428 E1025.71712
G1 X79.314 Y114.812 E1025.81789
G1 X79.984 Y114.131 E1025.92513
G1 X80.652 Y113.406 E1026.03579
G1 X82.948 Y110.765 E1026.42862
G1 X83.413 Y110.273 E1026.50461
G1 X83.862 Y109.881 E1026.57152
G1 X84.288 Y109.617 E1026.62778
G1 X84.623 Y109.462 E1026.66921
G1 X85.038 Y109.338 E1026.71783
G1 X85.392 Y109.279 E1026.75812
G1 X85.78 Y109.249 E1026.8018
G1 X86.239 Y109.258 E1026.85333
G1 X86.965 Y109.321 E1026.93514
G1 F1522.8 X87.243 Y109.371 E1026.96637
G1 F1645.3 X87.848 Y109.536 E1027.03054
G1 F1685.4 X88.402 Y109.74 E1027.08952
G1 F1584.5 X88.837 Y109.972 E1027.14191
G1 F1528 X89.372 Y110.526 E1027.22678
G1 F1500 X89.641 Y110.842 E1027.27336
G1 X89.889 Y111.174 E1027.31988
G1 X90.112 Y111.539 E1027.3679
G1 X90.281 Y111.901 E1027.41274
G1 X90.481 Y112.445 E1027.4778
G1 X90.665 Y113.08 E1027.55202
G1 X90.78 Y113.653 E1027.61762
G1 X92.169 Y113.206 E1027.78141
G1 X92.34 Y113.164 E1027.80118
G1 X94.59 Y112.483 E1028.06506
G1 X95.251 Y112.332 E1028.14117
G1 X95.862 Y112.249 E1028.21039
G1 X96.366 Y112.217 E1028.26708
G1 F1347.3 X96.933 Y112.15 E1028.33843
G1 F1251.7 X97.777 Y112.255 E1028.45284
G1 F1289.4 X102.18 Y113.401 E1029.04697
G1 F1295 X110.046 Y115.471 E1030.10458
G0 F9000 X110.045 Y116.146
;TYPE:WALL-OUTER
G1 F1500 X111.386 Y116.5 E1030.26027
G1 X112.181 Y116.737 E1030.35339
G1 X112.713 Y116.925 E1030.41673
G1 X113.3 Y117.164 E1030.48788
G1 X113.87 Y117.433 E1030.55863
G1 X114.438 Y117.749 E1030.63159
G1 X114.755 Y117.981 E1030.67569
G1 X115.004 Y118.229 E1030.71514
G1 X115.212 Y118.48 E1030.75173
G1 X115.408 Y118.794 E1030.79328
G1 X115.579 Y119.132 E1030.8358
G1 X115.724 Y119.498 E1030.87999
G1 X115.832 Y119.86 E1030.9224
G1 X115.92 Y120.222 E1030.96422
G1 X115.99 Y120.616 E1031.00914
G1 X116.036 Y121.008 E1031.05344
G1 X116.076 Y121.764 E1031.13842
G1 X116.059 Y122.566 E1031.22847
G1 X115.985 Y123.308 E1031.31218
G1 X115.873 Y123.994 E1031.3902
G1 X115.741 Y124.586 E1031.45829
G1 X115.593 Y125.107 E1031.51908
G1 X115.427 Y125.608 E1031.57833
G1 X114.817 Y127.126 E1031.76197
G1 X114.466 Y127.952 E1031.86272
G1 X113.46 Y130.173 E1032.13641
G1 X113.931 Y130.071 E1032.19051
G1 X114.398 Y129.923 E1032.2455
G1 X114.876 Y129.736 E1032.30312
G1 X115.696 Y129.344 E1032.40514
G1 X116.135 Y129.072 E1032.46312
G1 X117.318 Y128.256 E1032.62444
G1 X118.083 Y127.687 E1032.73146
G1 X118.955 Y126.977 E1032.85769
G1 X119.836 Y126.203 E1032.98933
G1 X120.777 Y125.298 E1033.13588
G1 X121.678 Y124.322 E1033.28499
G1 X122.525 Y123.304 E1033.43364
G1 X123.279 Y122.321 E1033.57271
G1 X123.957 Y121.377 E1033.70317
G1 X124.927 Y119.921 E1033.89956
G1 X125.28 Y119.359 E1033.97406
G1 X126.267 Y117.706 E1034.19018
G1 X123.704 Y113.69 E1034.72497
G1 X122.891 Y115.125 E1034.91011
G1 X122.651 Y115.488 E1034.95896
G1 X122.395 Y115.794 E1035.00374
G1 X122.148 Y116.036 E1035.04256
G1 X121.893 Y116.239 E1035.07914
G1 X121.619 Y116.402 E1035.11493
G1 X121.21 Y116.593 E1035.1656
G1 X120.655 Y116.688 E1035.22881
G1 X120.225 Y116.691 E1035.27708
G1 X119.942 Y116.648 E1035.30921
G1 X102.509 Y112.102 E1037.33156
G1 X88.119 Y108.504 E1038.99661
G1 X87.619 Y108.279 E1039.05815
G1 X87.358 Y108.066 E1039.09597
G1 X87.179 Y107.853 E1039.1272
G1 X86.892 Y107.321 E1039.19506
G1 X86.868 Y106.696 E1039.26527
G1 X86.96 Y106.236 E1039.31793
G1 X87.303 Y105.671 E1039.39212
G1 X87.741 Y105.361 E1039.45236
G1 X88.115 Y105.217 E1039.49734
G1 X122.766 Y101.893 E1043.40488
G1 X123.702 Y101.812 E1043.51034
G1 X123.829 Y101.734 E1043.52707
G1 X123.914 Y101.597 E1043.54517
G1 X125.12 Y98.489 E1043.91939
G1 X125.121 Y98.41 E1043.92826
G1 X124.188 Y98.448 E1044.03308
G1 X123.825 Y98.448 E1044.07383
G1 X123.471 Y98.332 E1044.11564
G1 X123.245 Y98.15 E1044.14822
G1 X123.052 Y97.88 E1044.18547
G1 X122.616 Y96.969 E1044.29884
G1 X122.032 Y95.89 E1044.43657
G1 X121.627 Y95.232 E1044.5233
G1 X121.234 Y94.636 E1044.60344
G1 X120.768 Y94.006 E1044.6914
G1 X120.27 Y93.411 E1044.7785
G1 X119.039 Y92.076 E1044.98234
G1 X117.966 Y90.997 E1045.15316
G1 X117.563 Y90.622 E1045.21495
G1 X117.161 Y90.278 E1045.27434
G1 X116.858 Y90.042 E1045.31746
G1 X116.561 Y89.853 E1045.35697
G1 X116.385 Y89.809 E1045.37734
G1 X116.341 Y89.99 E1045.39825
G1 X116.376 Y91.721 E1045.5926
G1 X116.38 Y93.154 E1045.75346
G1 X116.339 Y94.431 E1045.89688
G1 X116.234 Y95.471 E1046.01421
G1 X116.1 Y96.494 E1046.13003
G1 X115.892 Y97.638 E1046.26055
G1 X115.817 Y97.931 E1046.2945
G1 X115.942 Y98.004 E1046.31075
G1 X118.46 Y98.055 E1046.59346
G1 X118.857 Y98.233 E1046.6423
G1 X119.044 Y98.52 E1046.68075
G1 X119.073 Y98.883 E1046.72163
G1 X118.979 Y99.098 E1046.74797
G1 X118.877 Y99.212 E1046.76514
G1 X118.588 Y99.4 E1046.80384
G1 X118.32 Y99.494 E1046.83572
G1 X108.885 Y100.878 E1047.90616
G1 X105.604 Y101.284 E1048.27728
G1 X105.075 Y101.195 E1048.33749
G1 X104.683 Y101.048 E1048.38449
G1 X102.968 Y99.998 E1048.61022
G1 X102.448 Y99.726 E1048.67609
G1 X101.821 Y99.44 E1048.75345
G1 X100.446 Y98.889 E1048.91973
G1 X99.133 Y98.425 E1049.07605
G1 X98.247 Y98.147 E1049.18029
G1 X98.122 Y98.145 E1049.19432
G1 X98.197 Y98.416 E1049.22588
G1 X98.286 Y98.677 E1049.25684
G1 X98.379 Y99.021 E1049.29684
G1 X98.455 Y99.406 E1049.34089
G1 X98.499 Y99.798 E1049.38517
G1 X98.483 Y100.3 E1049.44155
G1 X98.393 Y100.755 E1049.49362
G1 X98.277 Y101.059 E1049.53014
G1 X98.109 Y101.361 E1049.56893
G1 X97.918 Y101.623 E1049.60533
G1 X97.684 Y101.867 E1049.64328
G1 X97.306 Y102.166 E1049.69738
G1 X97.001 Y102.347 E1049.73719
G1 X93.026 Y102.836 E1050.18676
G1 X92.07 Y102.891 E1050.29425
G1 X91.547 Y102.746 E1050.35518
G1 X89.901 Y102.167 E1050.55104
G1 X88.957 Y101.869 E1050.66216
G1 X87.832 Y101.563 E1050.79304
G1 X88.23 Y102.438 E1050.90094
G1 X88.284 Y102.747 E1050.93615
G1 X88.264 Y102.919 E1050.95559
G1 X88.176 Y103.123 E1050.98053
G1 X88.043 Y103.268 E1051.00262
G1 X87.648 Y103.481 E1051.05299
G1 X83.983 Y103.832 E1051.46628
G1 X83.679 Y103.831 E1051.50041
G1 X83.2 Y103.785 E1051.55442
G1 X82.772 Y103.695 E1051.60352
G1 X82.392 Y103.564 E1051.64864
G1 X82.109 Y103.429 E1051.68383
G1 X81.768 Y103.21 E1051.72933
G1 X81.135 Y102.624 E1051.82616
G1 X80.56 Y102.131 E1051.91118
G1 X79.853 Y101.601 E1052.01037
G1 X78.182 Y100.47 E1052.23687
G1 X77.13 Y99.837 E1052.37469
G1 X76.569 Y99.53 E1052.44647
G1 X75.829 Y99.163 E1052.53919
G1 X75.279 Y98.981 E1052.60423
G1 X74.754 Y98.848 E1052.66502
G1 X73.795 Y98.718 E1052.77366
G1 X73.004 Y98.645 E1052.86283
G1 X72.705 Y98.649 E1052.89639
G1 X72.434 Y98.687 E1052.92711
G1 X72.584 Y98.877 E1052.95428
G1 X73.883 Y100.029 E1053.14918
G1 X74.719 Y100.881 E1053.28317
G1 X75.987 Y102.326 E1053.49897
G1 X76.769 Y103.353 E1053.64387
G1 X77.452 Y104.308 E1053.77567
G1 X78.031 Y105.202 E1053.89523
G1 X78.237 Y105.573 E1053.94287
G1 X78.481 Y106.097 E1054.00775
G1 X78.499 Y106.645 E1054.0693
G1 X78.457 Y107.024 E1054.1121
G1 X78.36 Y107.455 E1054.1617
G1 X78.22 Y107.919 E1054.2161
G1 X78.043 Y108.395 E1054.27311
G1 X77.603 Y109.383 E1054.39451
G1 X77.057 Y110.446 E1054.52866
G1 X76.458 Y111.491 E1054.66387
G1 X75.852 Y112.472 E1054.7933
G1 X75.259 Y113.387 E1054.9157
G1 X74.989 Y113.841 E1054.97499
G1 X74.698 Y114.27 E1055.03318
G1 X74.368 Y114.719 E1055.09573
G1 X73.841 Y115.363 E1055.18915
G1 X73.124 Y116.125 E1055.3066
G1 X72.523 Y116.703 E1055.4002
G1 X72.401 Y116.976 E1055.43376
G1 X72.509 Y118.007 E1055.55013
G1 X72.417 Y118.33 E1055.58783
G1 X72.341 Y118.46 E1055.60473
G1 X72.249 Y118.528 E1055.61757
G1 X71.901 Y118.612 E1055.65776
G1 X70.34 Y118.602 E1055.83299
G1 X69.152 Y122.161 E1056.25417
G1 X71.273 Y121.067 E1056.52206
G1 X73.445 Y119.916 E1056.79799
G1 X74.287 Y119.443 E1056.9064
G1 X74.929 Y119.055 E1056.99061
G1 X76.043 Y118.293 E1057.14211
G1 X77.094 Y117.517 E1057.28877
G1 X77.743 Y117.006 E1057.38149
G1 X78.4 Y116.459 E1057.47745
G1 X79.073 Y115.864 E1057.57829
G1 X79.734 Y115.241 E1057.68025
G1 X80.418 Y114.545 E1057.7898
G1 X81.104 Y113.8 E1057.90348
G1 X83.415 Y111.144 E1058.29868
G1 X83.841 Y110.693 E1058.36832
G1 X84.189 Y110.386 E1058.42041
G1 X84.528 Y110.168 E1058.46566
G1 X84.842 Y110.02 E1058.50462
G1 X85.172 Y109.923 E1058.54323
G1 X85.488 Y109.871 E1058.57918
G1 X85.82 Y109.848 E1058.61654
G1 X86.189 Y109.856 E1058.65797
G1 X86.858 Y109.912 E1058.73333
G1 X87.234 Y109.967 E1058.77599
G1 X87.687 Y110.068 E1058.82809
G1 X88.167 Y110.269 E1058.8865
G1 X88.456 Y110.442 E1058.92431
G1 X88.94 Y110.943 E1059.00251
G1 X89.163 Y111.206 E1059.04121
G1 X89.382 Y111.495 E1059.08192
G1 X89.571 Y111.798 E1059.122
G1 X89.718 Y112.108 E1059.16052
G1 X89.918 Y112.652 E1059.22558
G1 X90.078 Y113.202 E1059.28988
G1 X90.178 Y113.685 E1059.34525
G1 X90.242 Y114.169 E1059.40005
G1 X90.418 Y114.305 E1059.42502
G1 X90.695 Y114.311 E1059.45612
G1 X92.315 Y113.788 E1059.64721
G1 X92.5 Y113.742 E1059.66861
G1 X94.727 Y113.067 E1059.92983
G1 X95.334 Y112.926 E1059.99978
G1 X95.878 Y112.85 E1060.06144
G1 X96.404 Y112.816 E1060.12061
G1 X96.889 Y112.817 E1060.17505
G1 X97.705 Y112.889 E1060.267
G1 X110.045 Y116.146 E1061.69964
G0 F9000 X110.299 Y115.182
G0 X113.045 Y116.046
G0 X114.3 Y116.597
G0 X115.344 Y117.249
G0 X115.989 Y117.952
G0 X116.438 Y118.75
G0 X116.764 Y119.786
G0 X117.068 Y121.56
G0 X116.787 Y121.574
;TYPE:FILL
G1 F3000 X121.002 Y117.359 E1062.36877
G0 F9000 X121.048 Y117.636
G0 X123.477 Y120.301
G0 X123.706 Y120.454
G1 F3000 X116.302 Y127.858 E1063.54415
G1 F3600 E1059.54415
G0 F9000 X116.251 Y127.783
G0 X117.761 Y116.432
G0 X87.975 Y108.819
G0 X87.44 Y108.569
G0 X87.145 Y108.336
G0 X86.886 Y108.031
G0 X86.556 Y107.409
G0 X86.529 Y106.665
G0 X86.643 Y106.113
G0 X87.048 Y105.439
G0 X87.578 Y105.062
G0 X87.751 Y104.394
G0 X119.79 Y101.174
G0 X119.816 Y101.455
G1 F3600 E1063.54415
G1 F3000 X118.558 Y100.198 E1063.74378
G0 F9000 X118.629 Y100.445
G0 X122.254 Y98.483
G0 X122.479 Y98.32
G1 F3000 X117.098 Y92.939 E1064.59801
G0 F9000 X117.381 Y92.939
G0 X122.907 Y99.17
G0 X123.1 Y98.941
G1 F3000 X123.873 Y99.714 E1064.72073
G0 F9000 X123.615 Y99.613
G0 X108.804 Y101.841
G0 X105.596 Y102.231
G0 X104.863 Y102.121
G0 X104.543 Y102.002
G0 X101.486 Y100.386
G0 X101.602 Y100.131
G1 F3000 X98.434 Y103.3 E1065.22372
G0 F9000 X98.428 Y103.223
G0 X88.04 Y104.885
G0 X87.578 Y105.062
G0 X87.048 Y105.439
G0 X86.643 Y106.113
G0 X86.529 Y106.665
G0 X86.556 Y107.409
G0 X86.886 Y108.031
G0 X87.145 Y108.336
G0 X87.384 Y108.525
G0 X91.864 Y110.471
G0 X91.932 Y110.2
G1 F3000 X94.207 Y112.475 E1065.58488
G0 F9000 X94.127 Y112.206
G0 X91.545 Y110.392
G0 X91.614 Y110.119
G1 F3000 X90.23 Y111.504 E1065.80467
G0 F9000 X90.479 Y111.384
G0 X88.337 Y109.976
G0 X85.09 Y108.926
G0 X85.135 Y109.201
G1 F3000 X77.046 Y101.112 E1067.08879
G0 F9000 X81.674 Y104.267
G0 X82.521 Y104.601
G0 X83.542 Y104.755
G0 X86.116 Y104.635
G0 X86.09 Y104.358
G1 F3000 X86.577 Y104.845 E1067.16611
G0 F9000 X86.401 Y105.11
G1 F3600 E1063.16611
G0 F9000 X87.331 Y104.983
G0 X122.962 Y101.553
G0 X123.072 Y102.832
G0 X128.731 Y102.606
G0 X129.855 Y103.222
G0 X132.282 Y105.781
G0 X132.291 Y106.444
;TYPE:WALL-INNER
G1 F3600 E1067.16611
G1 F1500 X133.688 Y104.11 E1067.47145
G1 X133.895 Y103.892 E1067.50519
G1 X134.143 Y103.76 E1067.53673
G1 X134.366 Y103.714 E1067.56229
G1 X134.593 Y103.725 E1067.5878
G1 X134.871 Y103.814 E1067.62057
G1 X136.479 Y105.032 E1067.84701
G1 X137.59 Y103.585 E1068.05179
G1 X137.815 Y103.415 E1068.08345
G1 X138.117 Y103.319 E1068.11902
G1 X138.484 Y103.333 E1068.16025
G1 X140.149 Y104.128 E1068.36736
G1 X141.046 Y102.441 E1068.58184
G1 X141.327 Y102.19 E1068.62413
G1 F1465.8 X141.933 Y102.062 E1068.69528
G1 F1492.5 X143.009 Y102.393 E1068.82228
G1 F1618.7 X144.086 Y102.724 E1068.93948
G1 F1691.7 X144.429 Y102.32 E1068.99223
G1 X144.095 Y102.175 E1069.02847
G1 F1642.3 X143.545 Y101.967 E1069.08876
G1 F1530.6 X142.46 Y101.578 E1069.21556
G1 F1451.6 X142.084 Y101.456 E1069.26141
G1 F1465.8 X141.2 Y101.138 E1069.36933
G1 F1500 X140.568 Y100.946 E1069.44347
G1 X139.982 Y100.788 E1069.5116
G1 X138.197 Y100.413 E1069.71635
G1 X136.038 Y100.004 E1069.96301
G1 X133.645 Y99.581 E1070.2358
G1 X132.45 Y99.409 E1070.37132
G1 X132.217 Y99.5 E1070.3994
G1 X130.185 Y103.208 E1070.87404
G1 X132.291 Y106.444 E1071.30744
G0 F9000 X132.282 Y105.781
G0 X132.304 Y106.915
G0 X132.313 Y107.577
;TYPE:WALL-OUTER
G1 F1500 X134.186 Y104.444 E1071.71718
G1 X134.338 Y104.328 E1071.73865
G1 X134.585 Y104.347 E1071.76645
G1 X136.594 Y105.872 E1072.04958
G1 X138.008 Y104.015 E1072.31159
G1 X138.196 Y103.914 E1072.33555
G1 X138.318 Y103.919 E1072.34925
G1 X140.409 Y104.917 E1072.60934
G1 X141.549 Y102.782 E1072.88102
G1 X141.634 Y102.706 E1072.89382
G1 X141.836 Y102.667 E1072.91692
G1 X144.28 Y103.369 E1073.20235
G1 X145.329 Y102.138 E1073.38391
G1 X144.971 Y101.947 E1073.42945
G1 X144.502 Y101.73 E1073.48746
G1 X143.753 Y101.424 E1073.57829
G1 X142.658 Y101.006 E1073.70985
G1 X141.376 Y100.564 E1073.86208
G1 X140.724 Y100.366 E1073.93856
G1 X140.122 Y100.204 E1074.00854
G1 X138.309 Y99.823 E1074.2165
G1 X136.142 Y99.413 E1074.46407
G1 X133.701 Y98.983 E1074.7423
G1 X132.407 Y98.796 E1074.88907
G1 X132.021 Y98.907 E1074.93415
G1 X131.729 Y99.143 E1074.9763
G1 X129.486 Y103.234 E1075.50002
G1 X132.313 Y107.577 E1076.08172
G0 F9000 X132.304 Y106.915
G0 X132.282 Y105.781
G0 X132.231 Y106.13
;TYPE:FILL
G1 F3000 X132.497 Y105.864 E1076.12394
G0 F9000 X132.262 Y105.723
G0 X134.088 Y102.807
G0 X134.935 Y103.359
G0 X134.72 Y103.641
G1 F3000 X137.886 Y100.476 E1076.62647
G0 F9000 X137.741 Y101.24
G1 F3600 E1072.62647
G0 F9000 X140.273 Y104.506
G0 X139.424 Y106.291
G0 X140.143 Y110.821
G0 X140.371 Y111.503
G0 X140.391 Y110.966
;TYPE:WALL-INNER
G1 F3600 E1076.62647
G1 F1500 X140.138 Y110.707 E1076.66711
G1 X140.036 Y110.489 E1076.69413
G1 X140 Y110.125 E1076.73519
G1 X140.074 Y109.851 E1076.76705
G1 X140.282 Y109.387 E1076.82412
G1 X140.493 Y109.003 E1076.87331
G1 X140.734 Y108.647 E1076.92157
G1 X141.023 Y108.295 E1076.97269
G1 F1507.5 X141.853 Y107.422 E1077.10723
G1 F1510.1 X142.33 Y107.123 E1077.17001
G1 F1502.5 X142.771 Y106.896 E1077.22559
G1 F1500 X143.397 Y106.708 E1077.29896
G1 X143.813 Y106.628 E1077.34651
G1 F1430.8 X143.91 Y106.586 E1077.35895
G1 F1200 X144.292 Y106.472 E1077.41489
G1 F1071.4 X144.66 Y106.498 E1077.47287
G1 F1162.8 X144.96 Y106.6 E1077.51875
G1 F1304.3 X145.026 Y106.634 E1077.52833
G1 F1419.6 X145.764 Y106.861 E1077.61992
G1 F1500 X146.616 Y107.195 E1077.72265
G1 X146.895 Y107.471 E1077.7667
G1 X147.006 Y107.694 E1077.79466
G1 X147.048 Y108.067 E1077.8368
G1 X146.937 Y108.421 E1077.87844
G1 X146.572 Y108.96 E1077.95151
G1 X145.773 Y109.687 E1078.07277
G1 X145.017 Y110.166 E1078.17324
G1 X144.213 Y110.585 E1078.27501
G1 X143.801 Y110.766 E1078.32552
G1 X143.304 Y110.934 E1078.38441
G1 X142.916 Y111.03 E1078.42928
G1 X142.463 Y111.103 E1078.48079
G1 X142.053 Y111.138 E1078.52698
G1 X141.606 Y111.148 E1078.57717
G1 X140.862 Y111.12 E1078.66074
G1 X140.608 Y111.073 E1078.68974
G1 X140.391 Y110.966 E1078.7169
G0 F9000 X140.371 Y111.503
G0 X128.67 Y118.437
G0 X128.598 Y118.801
G1 F1500 X129.55 Y118.563 E1078.82705
G1 X130.812 Y118.199 E1078.97449
G1 X132.031 Y117.825 E1079.11762
G1 X133.804 Y117.24 E1079.3272
G1 X135.049 Y116.798 E1079.4755
G1 X136.453 Y116.273 E1079.64376
G1 X138.059 Y115.636 E1079.83771
G1 X139.33 Y115.093 E1079.99285
G1 X140.792 Y114.449 E1080.17218
G1 X142.293 Y113.75 E1080.35805
G1 X142.886 Y113.46 E1080.43215
G1 X143.541 Y113.11 E1080.51551
G1 X144.116 Y112.786 E1080.5896
G1 X144.697 Y112.428 E1080.66621
G1 X145.795 Y111.694 E1080.81446
G1 X146.912 Y110.877 E1080.96981
G1 X148.019 Y110.008 E1081.12779
G1 X148.445 Y109.657 E1081.18975
G1 X149.165 Y109.003 E1081.29894
G1 X149.491 Y108.687 E1081.3499
G1 X149.882 Y108.271 E1081.41399
G1 X150.194 Y107.887 E1081.46953
G1 X150.366 Y107.642 E1081.50313
G1 X150.485 Y107.359 E1081.53759
G1 X150.561 Y106.952 E1081.58407
G1 X150.508 Y106.682 E1081.61496
G1 X150.281 Y106.28 E1081.66678
G1 X149.977 Y105.94 E1081.71798
G1 X149.64 Y105.614 E1081.77061
G1 X149.241 Y105.279 E1081.82909
G1 X148.532 Y104.752 E1081.92826
G1 X147.856 Y104.297 E1082.01973
G1 X146.762 Y103.623 E1082.16397
G1 F1433.1 X145.24 Y105.331 E1082.43276
G1 F1315.8 X144.891 Y105.571 E1082.48696
G1 F1162.8 X144.693 Y105.665 E1082.5187
G1 F1071.4 X144.411 Y105.643 E1082.56315
G1 F1248.3 X143.867 Y105.365 E1082.64556
G1 F1500 X142.66 Y105.022 E1082.78641
G1 F1505 X141.609 Y106.875 E1083.02475
G1 F1517.7 X141.385 Y107.06 E1083.05698
G1 F1515.2 X140.654 Y107.189 E1083.13947
G1 F1500 X138.767 Y106.289 E1083.37415
G1 X137.439 Y108.063 E1083.6229
G1 X137.195 Y108.251 E1083.65748
G1 X136.995 Y108.33 E1083.68162
G1 X136.695 Y108.358 E1083.71544
G1 X136.451 Y108.305 E1083.74347
G1 X136.223 Y108.18 E1083.77266
G1 X134.944 Y107.219 E1083.95224
G1 X133.659 Y109.299 E1084.22669
G1 X128.386 Y118.242 E1085.39207
G1 X128.009 Y118.903 E1085.47749
G1 X128.598 Y118.801 E1085.5446
G0 F9000 X127.933 Y119.526
;TYPE:WALL-OUTER
G1 F1500 X128.713 Y119.39 E1085.63347
G1 X129.694 Y119.146 E1085.74695
G1 X130.987 Y118.773 E1085.89801
G1 X132.219 Y118.395 E1086.04267
G1 X133.998 Y117.808 E1086.25296
G1 X135.259 Y117.36 E1086.40318
G1 X136.673 Y116.831 E1086.57265
G1 X138.295 Y116.188 E1086.76851
G1 X139.54 Y115.656 E1086.92048
G1 X141.044 Y114.993 E1087.10499
G1 X142.483 Y114.325 E1087.28308
G1 X143.168 Y113.99 E1087.36867
G1 X143.835 Y113.633 E1087.4536
G1 X144.43 Y113.297 E1087.5303
G1 X145.029 Y112.928 E1087.60927
G1 X146.124 Y112.197 E1087.75706
G1 X147.283 Y111.349 E1087.91827
G1 X148.401 Y110.471 E1088.07784
G1 X148.836 Y110.112 E1088.14116
G1 X149.609 Y109.419 E1088.25769
G1 X149.609 Y109.406 E1088.25915
G1 X149.918 Y109.109 E1088.30726
G1 X150.334 Y108.666 E1088.37548
G1 X150.672 Y108.25 E1088.43565
G1 X150.895 Y107.934 E1088.47906
G1 X151.055 Y107.551 E1088.52566
G1 X151.128 Y107.272 E1088.55803
G1 X151.168 Y106.928 E1088.5969
G1 X151.078 Y106.47 E1088.6493
G1 X150.832 Y106.037 E1088.7052
G1 X150.655 Y105.798 E1088.73859
G1 X150.411 Y105.524 E1088.77977
G1 X150.042 Y105.168 E1088.83733
G1 X149.613 Y104.808 E1088.90019
G1 X148.878 Y104.262 E1089.00297
G1 X148.181 Y103.793 E1089.09728
G1 X146.644 Y102.853 E1089.29952
G1 X144.823 Y104.898 E1089.6069
G1 X144.63 Y104.957 E1089.62955
G1 X142.37 Y104.317 E1089.89322
G1 X141.137 Y106.499 E1090.17455
G1 X141.063 Y106.561 E1090.18539
G1 X140.817 Y106.602 E1090.21339
G1 X138.581 Y105.537 E1090.4914
G1 X136.983 Y107.666 E1090.79022
G1 X136.841 Y107.75 E1090.80874
G1 X136.631 Y107.736 E1090.83236
G1 X134.779 Y106.345 E1091.09236
G1 X133.142 Y108.994 E1091.44192
G1 X127.865 Y117.944 E1092.60821
G1 X127.339 Y118.867 E1092.72746
G1 X127.231 Y119.234 E1092.77041
G1 X127.269 Y119.382 E1092.78756
G1 X127.567 Y119.496 E1092.82338
G1 X127.933 Y119.526 E1092.8646
G1 F3600 E1088.8646
G0 F9000 X127.904 Y119.113
G0 X140.789 Y111.519
G0 X140.826 Y110.518
G1 F3600 E1092.8646
G1 F1500 X140.643 Y110.383 E1092.89013
G1 X140.598 Y110.261 E1092.90472
G1 X140.622 Y110.097 E1092.92333
G1 X140.84 Y109.612 E1092.98302
G1 X140.993 Y109.334 E1093.01864
G1 X141.181 Y109.05 E1093.05687
G1 X141.461 Y108.706 E1093.10666
G1 X142.204 Y107.914 E1093.22856
G1 X142.603 Y107.656 E1093.2819
G1 X143.018 Y107.449 E1093.33396
G1 X143.478 Y107.305 E1093.38806
G1 X143.96 Y107.212 E1093.44317
G1 X144.253 Y107.192 E1093.47614
G1 X144.567 Y107.21 E1093.51144
G1 X144.898 Y107.254 E1093.54892
G1 X145.231 Y107.324 E1093.58712
G1 X145.546 Y107.42 E1093.62409
G1 X146.316 Y107.721 E1093.71689
G1 X146.437 Y107.884 E1093.73968
G1 X146.414 Y108.127 E1093.76708
G1 X146.117 Y108.563 E1093.8263
G1 X145.418 Y109.203 E1093.93268
G1 X144.675 Y109.671 E1094.03125
G1 X143.973 Y110.035 E1094.12002
G1 X143.579 Y110.208 E1094.16832
G1 X143.16 Y110.352 E1094.21805
G1 X142.772 Y110.448 E1094.26292
G1 X142.353 Y110.511 E1094.31048
G1 X142.005 Y110.54 E1094.34968
G1 X141.628 Y110.548 E1094.39201
G1 X140.826 Y110.518 E1094.4821
G0 F9000 X140.789 Y111.519
G0 X139.078 Y114.771
G0 X139.183 Y115.024
;TYPE:FILL
G1 F3000 X133.671 Y109.512 E1095.35713
G0 F9000 X133.91 Y109.653
G0 X135.833 Y108.383
G0 X135.998 Y108.162
G1 F3000 X132.272 Y111.888 E1095.94863
G0 F9000 X132.511 Y112.029
G0 X131.762 Y113.302
G0 X131.521 Y113.16
G1 F3000 X135.035 Y116.675 E1096.50656
G0 F9000 X134.766 Y115.946
G1 F3600 E1092.50656
;MESH:NONMESH
G0 F300 X134.766 Y115.946 Z3.35
G0 F9000 X128.222 Y117.974
G0 X125.896 Y117.715
G0 X119.873 Y116.984
G0 X110.162 Y115.035
G0 X110.046 Y115.471
;TIME_ELAPSED:794.415368
;LAYER:7
;TYPE:WALL-INNER
;MESH:sharkz.stl
G1 F3600 E1096.50656
G1 F1282.1 X111.573 Y115.873 E1096.71394
G1 F1257 X112.354 Y116.098 E1096.82281
G1 F1222.8 X112.926 Y116.285 E1096.90568
G1 F1165.8 X113.598 Y116.533 E1097.00914
G1 F1289.4 X114.108 Y116.882 E1097.08984
G1 F1500 X114.823 Y117.284 E1097.18191
G1 X115.136 Y117.514 E1097.22551
G1 X115.467 Y117.847 E1097.27822
G1 X115.715 Y118.147 E1097.32191
G1 X115.955 Y118.545 E1097.37408
G1 X116.136 Y118.909 E1097.41972
G1 X116.299 Y119.326 E1097.46998
G1 X116.415 Y119.718 E1097.51586
G1 X116.51 Y120.115 E1097.56169
G1 X116.582 Y120.516 E1097.60742
G1 X116.635 Y120.976 E1097.6594
G1 X116.676 Y121.8 E1097.75201
G1 X116.656 Y122.625 E1097.84465
G1 X116.577 Y123.404 E1097.93254
G1 X116.459 Y124.124 E1098.01444
G1 X116.319 Y124.75 E1098.08645
G1 X116.163 Y125.295 E1098.15008
G1 X115.983 Y125.832 E1098.21366
G1 X115.37 Y127.359 E1098.39836
G1 X115.008 Y128.212 E1098.50238
G1 X114.552 Y129.219 E1098.62647
G1 X115.407 Y128.816 E1098.73257
G1 X115.817 Y128.563 E1098.78665
G1 X116.96 Y127.774 E1098.94256
G1 X117.715 Y127.213 E1099.04814
G1 X118.539 Y126.544 E1099.16729
G1 X119.43 Y125.761 E1099.30044
G1 X120.348 Y124.878 E1099.44342
G1 X121.227 Y123.926 E1099.58887
G1 X122.056 Y122.93 E1099.73433
G1 X122.797 Y121.963 E1099.87109
G1 X123.487 Y121 E1100.00407
G1 X124.423 Y119.595 E1100.19358
G1 X124.777 Y119.03 E1100.26842
G1 X125.538 Y117.756 E1100.435
G1 X123.711 Y114.894 E1100.81615
G1 X123.393 Y115.453 E1100.88834
G1 X123.113 Y115.872 E1100.94491
G1 X122.816 Y116.223 E1100.99653
G1 X122.513 Y116.512 E1101.04353
G1 X122.174 Y116.772 E1101.09149
G1 X121.853 Y116.956 E1101.13302
G1 X121.39 Y117.172 E1101.19037
G1 X120.681 Y117.293 E1101.27111
G1 X120.165 Y117.288 E1101.32903
G1 X119.835 Y117.238 E1101.3665
G1 X114.484 Y115.845 E1101.98719
G1 F1289.4 X113.868 Y115.786 E1102.068
G1 F1184.2 X112.548 Y115.403 E1102.26342
G1 F1257 X107.45 Y114.067 E1102.96939
G1 F1283.9 X102.352 Y112.73 E1103.6606
G1 F1323.5 X98.015 Y111.63 E1104.22982
G1 F1282.1 X97.048 Y111.425 E1104.35964
G1 F1347.3 X96.458 Y111.207 E1104.43825
G1 F1500 X89.285 Y109.414 E1105.26822
G1 F1601.4 X87.823 Y108.993 E1105.42818
G1 F1660.5 X87.29 Y108.784 E1105.48624
G1 F1551.7 X86.941 Y108.506 E1105.53465
G1 F1500 X86.661 Y108.169 E1105.58384
G1 X86.353 Y107.577 E1105.65874
G1 X86.295 Y107.355 E1105.6845
G1 X86.268 Y106.621 E1105.76695
G1 X86.362 Y106.166 E1105.8191
G1 X86.474 Y105.881 E1105.85348
G1 X86.758 Y105.413 E1105.91493
G1 X87.004 Y105.147 E1105.9556
G1 F1497.5 X87.456 Y104.824 E1106.01807
G1 F1482.7 X87.995 Y104.613 E1106.0838
G1 F1485.1 X89.011 Y104.529 E1106.19938
G1 F1500 X91.3 Y104.308 E1106.45752
G1 F1475.4 X91.792 Y104.252 E1106.51403
G1 F1397.5 X92.208 Y104.186 E1106.56478
G1 F1363.6 X93.19 Y104.102 E1106.68648
G1 F1351.4 X95.234 Y103.891 E1106.94252
G1 F1291.2 X97.278 Y103.679 E1107.21049
G1 F1372 X97.934 Y103.672 E1107.291
G1 F1500 X104.715 Y103.021 E1108.05569
G1 F1424.1 X104.999 Y102.962 E1108.08999
G1 F1193.6 X105.429 Y102.829 E1108.15348
G1 F1076.6 X105.826 Y102.803 E1108.21571
G1 F1068.9 X107.939 Y102.583 E1108.55036
G1 F1026.2 X110.052 Y102.363 E1108.89893
G1 F1204.8 X110.663 Y102.451 E1108.9852
G1 F1500 X122.997 Y101.268 E1110.37608
G1 X123.293 Y101.305 E1110.40957
G1 X123.456 Y101.373 E1110.42939
G1 X123.788 Y101.678 E1110.48
G1 X131.004 Y112.819 E1111.97002
G1 X131.128 Y113.117 E1112.00625
G1 X131.132 Y113.48 E1112.047
G1 X131.024 Y113.765 E1112.08121
G1 X128.398 Y118.222 E1112.66191
G1 X128.009 Y118.903 E1112.74994
G1 X128.599 Y118.8 E1112.81717
G1 X129.55 Y118.563 E1112.92719
G1 X130.812 Y118.199 E1113.07463
G1 X132.031 Y117.825 E1113.21776
G1 X133.804 Y117.24 E1113.42734
G1 X135.05 Y116.797 E1113.57578
G1 X136.455 Y116.272 E1113.74415
G1 X138.059 Y115.636 E1113.93784
G1 X139.33 Y115.093 E1114.09299
G1 X140.792 Y114.449 E1114.27232
G1 X142.293 Y113.75 E1114.45819
G1 X142.886 Y113.46 E1114.53229
G1 X143.541 Y113.11 E1114.61565
G1 X144.116 Y112.786 E1114.68974
G1 X144.697 Y112.428 E1114.76634
G1 X145.795 Y111.694 E1114.9146
G1 X146.92 Y110.871 E1115.07107
G1 X148.02 Y110.008 E1115.22801
G1 X148.445 Y109.657 E1115.28989
G1 X149.166 Y109.011 E1115.39856
G1 X149.166 Y109.002 E1115.39957
G1 X149.491 Y108.686 E1115.45045
G1 X149.882 Y108.27 E1115.51454
G1 X150.194 Y107.887 E1115.56999
G1 X150.366 Y107.642 E1115.60359
G1 X150.485 Y107.359 E1115.63806
G1 X150.561 Y106.952 E1115.68453
G1 X150.508 Y106.682 E1115.71542
G1 X150.281 Y106.28 E1115.76724
G1 X149.977 Y105.94 E1115.81844
G1 X149.641 Y105.614 E1115.87099
G1 X149.242 Y105.279 E1115.92947
G1 X148.532 Y104.752 E1116.02873
G1 X147.856 Y104.297 E1116.1202
G1 X146.765 Y103.625 E1116.26404
G1 F1433.1 X145.245 Y105.331 E1116.53249
G1 F1317.7 X144.893 Y105.573 E1116.58708
G1 F1162.8 X144.695 Y105.666 E1116.61875
G1 F1071.4 X144.412 Y105.642 E1116.66339
G1 F1246.5 X143.868 Y105.364 E1116.74591
G1 F1500 X142.661 Y105.023 E1116.8867
G1 F1505 X141.609 Y106.876 E1117.12509
G1 F1517.7 X141.385 Y107.06 E1117.15725
G1 F1515.2 X140.654 Y107.189 E1117.23975
G1 F1500 X138.767 Y106.289 E1117.47443
G1 X137.439 Y108.063 E1117.72318
G1 X137.195 Y108.251 E1117.75776
G1 X136.845 Y108.357 E1117.79881
G1 X136.454 Y108.306 E1117.84307
G1 X136.223 Y108.18 E1117.87261
G1 X134.944 Y107.219 E1118.05219
G1 X133.661 Y109.295 E1118.32614
G1 X133.212 Y110.041 E1118.42388
G1 X132.951 Y110.239 E1118.46065
G1 X132.561 Y110.367 E1118.50673
G1 X132.209 Y110.294 E1118.54708
G1 X131.964 Y110.157 E1118.57859
G1 X131.764 Y109.938 E1118.61188
G1 X124.694 Y99.028 E1120.07123
G1 X124.223 Y99.048 E1120.12415
G1 X123.729 Y99.048 E1120.1796
G1 X123.278 Y98.898 E1120.23295
G1 X123.033 Y98.753 E1120.26491
G1 X122.76 Y98.501 E1120.30661
G1 X122.544 Y98.2 E1120.3482
G1 X122.082 Y97.241 E1120.46769
G1 X121.512 Y96.19 E1120.6019
G1 X121.126 Y95.562 E1120.68465
G1 X120.742 Y94.98 E1120.76292
G1 X120.296 Y94.377 E1120.84711
G1 X119.819 Y93.807 E1120.93055
G1 X118.592 Y92.477 E1121.13367
G1 X117.572 Y91.45 E1121.29615
G1 X117.171 Y91.076 E1121.35771
G1 X116.96 Y90.893 E1121.38906
G1 X116.976 Y91.719 E1121.4818
G1 X116.98 Y93.173 E1121.64501
G1 X116.936 Y94.491 E1121.79305
G1 X116.829 Y95.549 E1121.91241
G1 X116.69 Y96.606 E1122.03209
G1 X116.542 Y97.415 E1122.12441
G1 X118.582 Y97.462 E1122.35346
G1 X119.06 Y97.647 E1122.411
G1 X119.288 Y97.836 E1122.44424
G1 X119.544 Y98.154 E1122.49007
G1 X119.62 Y98.342 E1122.51283
G1 X119.688 Y98.751 E1122.55937
G1 X119.669 Y98.952 E1122.58204
G1 X119.554 Y99.272 E1122.62021
G1 X119.427 Y99.506 E1122.65009
G1 X119.203 Y99.717 E1122.68464
G1 X118.923 Y99.901 E1122.72225
G1 X118.686 Y100.011 E1122.75158
G1 X118.371 Y100.095 E1122.78817
G1 X110.518 Y101.245 E1123.6791
G1 F1204.8 X109.946 Y101.477 E1123.76536
G1 F1021.6 X108.975 Y101.607 E1123.92683
G1 F1063.8 X105.71 Y101.988 E1124.44711
G1 F1077.8 X105.454 Y101.991 E1124.48711
G1 F1193.6 X105.032 Y101.832 E1124.55072
G1 F1424.1 X104.873 Y101.76 E1124.57136
G1 F1500 X104.447 Y101.608 E1124.62213
G1 X102.672 Y100.52 E1124.85584
G1 X102.184 Y100.265 E1124.91764
G1 X101.585 Y99.992 E1124.99154
G1 X100.234 Y99.451 E1125.1549
G1 X98.989 Y99.011 E1125.30312
G1 X99.051 Y99.339 E1125.34059
G1 X99.102 Y99.793 E1125.39188
G1 X99.086 Y100.342 E1125.45353
G1 X98.982 Y100.896 E1125.51681
G1 X98.81 Y101.344 E1125.57067
G1 X98.631 Y101.658 E1125.61125
G1 X98.4 Y101.981 E1125.65582
G1 X98.106 Y102.298 E1125.70435
G1 X97.716 Y102.61 E1125.76042
G1 F1446.9 X97.367 Y102.853 E1125.80991
G1 F1327.4 X97.151 Y102.982 E1125.84182
G1 F1291.2 X95.124 Y103.219 E1126.10794
G1 F1351.4 X93.097 Y103.457 E1126.36224
G1 F1363.6 X92.158 Y103.521 E1126.47846
G1 F1397.5 X91.861 Y103.465 E1126.51487
G1 F1475.4 X91.328 Y103.305 E1126.57838
G1 F1500 X89.731 Y102.742 E1126.76846
G1 X88.867 Y102.47 E1126.87014
G1 X88.872 Y102.846 E1126.91235
G1 X88.814 Y103.179 E1126.9503
G1 X88.604 Y103.543 E1126.99747
G1 F1490.1 X88.235 Y103.852 E1127.05185
G1 F1461 X87.937 Y104.012 E1127.09084
G1 X87.716 Y104.075 E1127.11732
G1 F1487.6 X84.298 Y104.41 E1127.50605
G1 F1500 X84.027 Y104.43 E1127.53655
G1 X83.638 Y104.43 E1127.58022
G1 X83.104 Y104.377 E1127.64046
G1 X82.622 Y104.276 E1127.69574
G1 X82.138 Y104.108 E1127.75325
G1 X81.785 Y103.934 E1127.79743
G1 X81.384 Y103.676 E1127.85095
G1 X80.735 Y103.072 E1127.95047
G1 X80.184 Y102.599 E1128.03199
G1 X79.481 Y102.073 E1128.13055
G1 X77.859 Y100.976 E1128.35035
G1 X76.832 Y100.357 E1128.48496
G1 X76.292 Y100.062 E1128.55403
G1 X75.6 Y99.719 E1128.64073
G1 X75.111 Y99.557 E1128.69855
G1 X74.629 Y99.436 E1128.75434
G1 X74.029 Y99.355 E1128.8223
G1 X74.311 Y99.608 E1128.86483
G1 X75.181 Y100.498 E1129.00454
G1 X76.465 Y101.963 E1129.22321
G1 X77.257 Y103.003 E1129.36995
G1 X77.933 Y103.947 E1129.50029
G1 X78.524 Y104.858 E1129.62218
G1 X78.781 Y105.319 E1129.68143
G1 X79.008 Y105.807 E1129.74185
G1 X79.077 Y106.053 E1129.77053
G1 X79.1 Y106.643 E1129.83681
G1 X79.039 Y107.174 E1129.8968
G1 X78.935 Y107.627 E1129.94898
G1 X78.782 Y108.128 E1130.00778
G1 X78.591 Y108.639 E1130.06902
G1 X78.151 Y109.627 E1130.19043
G1 X77.578 Y110.744 E1130.33135
G1 X76.994 Y111.764 E1130.46328
G1 X76.356 Y112.798 E1130.59967
G1 X75.769 Y113.703 E1130.72076
G1 X75.486 Y114.177 E1130.78273
G1 X75.182 Y114.625 E1130.8435
G1 X74.837 Y115.094 E1130.90886
G1 X74.305 Y115.743 E1131.00306
G1 X73.542 Y116.556 E1131.12822
G1 X73.013 Y117.066 E1131.2107
G1 X73.099 Y117.885 E1131.30314
G1 X73.077 Y118.281 E1131.34766
G1 F1495 X72.828 Y118.761 E1131.40856
G1 F1465.8 X72.566 Y119.028 E1131.45153
G1 F1437.7 X72.176 Y119.187 E1131.50086
G1 F1357.5 X71.901 Y119.26 E1131.53615
G1 F1145 X71.187 Y119.345 E1131.64189
G1 F1026.2 X70.87 Y119.343 E1131.6939
G1 X70.426 Y120.674 E1131.92412
G1 X71.39 Y120.17 E1132.1026
G1 F1145 X72.061 Y119.915 E1132.20816
G1 F1357.5 X72.414 Y119.766 E1132.25568
G1 F1456.3 X72.758 Y119.599 E1132.2999
G1 F1495 X74.011 Y118.909 E1132.461
G1 F1500 X74.627 Y118.535 E1132.5419
G1 X75.687 Y117.81 E1132.68605
G1 X76.712 Y117.052 E1132.82916
G1 X77.36 Y116.544 E1132.92158
G1 X78.004 Y116.009 E1133.01557
G1 X78.661 Y115.428 E1133.11402
G1 X79.314 Y114.812 E1133.21479
G1 X79.984 Y114.131 E1133.32203
G1 X80.652 Y113.406 E1133.43269
G1 X82.948 Y110.765 E1133.82552
G1 X83.413 Y110.273 E1133.90151
G1 X83.862 Y109.881 E1133.96842
G1 X84.288 Y109.617 E1134.02467
G1 X84.623 Y109.462 E1134.06611
G1 X85.038 Y109.338 E1134.11473
G1 X85.392 Y109.279 E1134.15501
G1 X85.78 Y109.249 E1134.1987
G1 X86.239 Y109.258 E1134.25023
G1 X86.96 Y109.32 E1134.33147
G1 F1535.8 X87.294 Y109.382 E1134.36871
G1 F1648.4 X87.935 Y109.564 E1134.43678
G1 F1676 X88.401 Y109.739 E1134.48679
G1 F1587.3 X88.837 Y109.972 E1134.53923
G1 F1528 X89.372 Y110.526 E1134.62409
G1 F1500 X89.611 Y110.805 E1134.66533
G1 X89.845 Y111.11 E1134.70848
G1 X90.112 Y111.539 E1134.76521
G1 X90.281 Y111.901 E1134.81005
G1 X90.481 Y112.445 E1134.87511
G1 X90.666 Y113.08 E1134.94936
G1 X90.778 Y113.655 E1135.01512
G1 X91.936 Y113.284 E1135.15161
G1 X94.59 Y112.483 E1135.46281
G1 X95.251 Y112.332 E1135.53892
G1 X95.862 Y112.249 E1135.60813
G1 X96.366 Y112.217 E1135.66482
G1 F1347.3 X96.933 Y112.15 E1135.73618
G1 F1251.7 X97.777 Y112.255 E1135.85058
G1 F1289.4 X102.18 Y113.401 E1136.44472
G1 F1295 X110.046 Y115.471 E1137.50233
G1 F3600 E1133.50233
G0 F9000 X110.162 Y115.035
G0 X87.975 Y108.819
G0 X87.436 Y108.567
G0 X86.885 Y108.029
G0 X86.556 Y107.409
G0 X86.529 Y106.665
G0 X86.643 Y106.113
G0 X87.048 Y105.439
G0 X87.578 Y105.062
G0 X88.039 Y104.885
G0 X123.357 Y101.501
G0 X131.388 Y113.528
G0 X130.938 Y114.439
G0 X140.371 Y111.503
G0 X140.391 Y110.966
G1 F3600 E1137.50233
G1 F1500 X140.138 Y110.707 E1137.54297
G1 X140.036 Y110.489 E1137.56999
G1 X140 Y110.125 E1137.61105
G1 X140.074 Y109.851 E1137.6429
G1 X140.282 Y109.387 E1137.69998
G1 X140.493 Y109.003 E1137.74917
G1 X140.734 Y108.647 E1137.79743
G1 X141.023 Y108.295 E1137.84855
G1 F1507.5 X141.853 Y107.422 E1137.98309
G1 F1510.1 X142.33 Y107.123 E1138.04587
G1 F1502.5 X142.767 Y106.899 E1138.1009
G1 F1500 X143.289 Y106.735 E1138.16232
G1 X143.813 Y106.628 E1138.22235
G1 F1428.6 X143.91 Y106.586 E1138.23481
G1 F1198.4 X144.292 Y106.473 E1138.29078
G1 F1071.4 X144.66 Y106.497 E1138.34874
G1 F1162.8 X144.96 Y106.6 E1138.39467
G1 F1308.1 X145.026 Y106.634 E1138.40422
G1 F1421.8 X145.76 Y106.86 E1138.49518
G1 F1500 X146.552 Y107.166 E1138.59049
G1 X146.82 Y107.391 E1138.62977
G1 X146.956 Y107.675 E1138.66511
G1 X146.997 Y108.043 E1138.70668
G1 X146.934 Y108.298 E1138.73616
G1 X146.746 Y108.753 E1138.79143
G1 X146.577 Y108.948 E1138.82039
G1 X145.773 Y109.687 E1138.94298
G1 X145.017 Y110.166 E1139.04344
G1 X144.213 Y110.585 E1139.14521
G1 X143.801 Y110.766 E1139.19573
G1 X143.304 Y110.934 E1139.25462
G1 X142.916 Y111.03 E1139.29948
G1 X142.463 Y111.103 E1139.35099
G1 X142.053 Y111.138 E1139.39718
G1 X141.606 Y111.148 E1139.44737
G1 X140.862 Y111.12 E1139.53095
G1 X140.608 Y111.073 E1139.55994
G1 X140.391 Y110.966 E1139.5871
G0 F9000 X140.826 Y110.518
;TYPE:WALL-OUTER
G1 F1500 X140.643 Y110.383 E1139.61263
G1 X140.598 Y110.261 E1139.62723
G1 X140.622 Y110.097 E1139.64583
G1 X140.84 Y109.612 E1139.70552
G1 X140.993 Y109.334 E1139.74114
G1 X141.181 Y109.05 E1139.77937
G1 X141.461 Y108.706 E1139.82916
G1 X142.204 Y107.914 E1139.95107
G1 X142.603 Y107.656 E1140.0044
G1 X143.018 Y107.449 E1140.05646
G1 X143.478 Y107.305 E1140.11057
G1 X143.96 Y107.212 E1140.16567
G1 X144.253 Y107.192 E1140.19864
G1 X144.567 Y107.21 E1140.23394
G1 X144.898 Y107.254 E1140.27143
G1 X145.231 Y107.324 E1140.30962
G1 X145.544 Y107.42 E1140.34637
G1 X146.252 Y107.692 E1140.43151
G1 X146.386 Y107.862 E1140.45581
G1 X146.402 Y108.012 E1140.47275
G1 X146.217 Y108.463 E1140.52747
G1 X145.418 Y109.203 E1140.64971
G1 X144.675 Y109.671 E1140.74828
G1 X143.973 Y110.035 E1140.83705
G1 X143.579 Y110.208 E1140.88535
G1 X143.16 Y110.352 E1140.93509
G1 X142.772 Y110.448 E1140.97995
G1 X142.353 Y110.511 E1141.02752
G1 X142.005 Y110.54 E1141.06671
G1 X141.628 Y110.548 E1141.10904
G1 X140.826 Y110.518 E1141.19913
G1 F3600 E1137.19913
G0 F9000 X140.789 Y111.519
G0 X131.077 Y115.028
G0 X130.938 Y114.439
G0 X131.201 Y112.639
G0 X123.357 Y101.501
G0 X88.039 Y104.885
G0 X87.578 Y105.062
G0 X87.048 Y105.439
G0 X86.643 Y106.113
G0 X86.529 Y106.665
G0 X86.556 Y107.409
G0 X86.885 Y108.029
G0 X87.436 Y108.567
G0 X87.872 Y108.771
G0 X110.327 Y115.078
G0 X110.045 Y116.146
G1 F3600 E1141.19913
G1 F1500 X111.386 Y116.5 E1141.35482
G1 X112.181 Y116.737 E1141.44794
G1 X112.713 Y116.925 E1141.51128
G1 X113.3 Y117.164 E1141.58243
G1 X113.87 Y117.433 E1141.65318
G1 X114.438 Y117.749 E1141.72614
G1 X114.755 Y117.981 E1141.77024
G1 X115.004 Y118.229 E1141.80969
G1 X115.212 Y118.48 E1141.84628
G1 X115.408 Y118.794 E1141.88783
G1 X115.579 Y119.132 E1141.93035
G1 X115.724 Y119.498 E1141.97454
G1 X115.832 Y119.86 E1142.01695
G1 X115.92 Y120.222 E1142.05877
G1 X115.99 Y120.616 E1142.10369
G1 X116.036 Y121.008 E1142.14799
G1 X116.076 Y121.764 E1142.23297
G1 X116.059 Y122.566 E1142.32302
G1 X115.985 Y123.308 E1142.40672
G1 X115.873 Y123.994 E1142.48475
G1 X115.741 Y124.586 E1142.55284
G1 X115.593 Y125.107 E1142.61363
G1 X115.427 Y125.608 E1142.67288
G1 X114.817 Y127.125 E1142.85642
G1 X114.462 Y127.964 E1142.95868
G1 X113.46 Y130.172 E1143.23086
G1 X113.931 Y130.071 E1143.28494
G1 X114.397 Y129.923 E1143.33982
G1 X114.876 Y129.736 E1143.39754
G1 X115.695 Y129.344 E1143.49947
G1 X116.135 Y129.072 E1143.55753
G1 X117.318 Y128.256 E1143.71886
G1 X118.083 Y127.687 E1143.82588
G1 X118.955 Y126.977 E1143.95211
G1 X119.836 Y126.203 E1144.08375
G1 X120.777 Y125.298 E1144.2303
G1 X121.678 Y124.322 E1144.3794
G1 X122.525 Y123.304 E1144.52806
G1 X123.279 Y122.321 E1144.66713
G1 X123.957 Y121.377 E1144.79759
G1 X124.927 Y119.921 E1144.99398
G1 X125.28 Y119.359 E1145.06848
G1 X126.243 Y117.746 E1145.27936
G1 X123.68 Y113.73 E1145.81415
G1 X122.891 Y115.125 E1145.99405
G1 X122.672 Y115.461 E1146.03908
G1 X122.395 Y115.795 E1146.08778
G1 X122.139 Y116.043 E1146.12779
G1 X121.893 Y116.239 E1146.1631
G1 X121.619 Y116.402 E1146.19889
G1 X121.21 Y116.593 E1146.24956
G1 X120.655 Y116.688 E1146.31277
G1 X120.225 Y116.691 E1146.36104
G1 X119.942 Y116.648 E1146.39317
G1 X102.509 Y112.102 E1148.41552
G1 X88.094 Y108.498 E1150.08345
G1 X87.614 Y108.276 E1150.14281
G1 X87.345 Y108.053 E1150.18204
G1 X87.151 Y107.81 E1150.21694
G1 X86.892 Y107.32 E1150.27916
G1 X86.868 Y106.696 E1150.34925
G1 X86.96 Y106.236 E1150.40191
G1 X87.304 Y105.67 E1150.47626
G1 X87.739 Y105.36 E1150.53622
G1 X88.116 Y105.217 E1150.58149
G1 X123.02 Y101.868 E1154.51756
G1 X123.174 Y101.903 E1154.53528
G1 X123.284 Y102.004 E1154.55205
G1 X130.542 Y113.21 E1156.05075
G1 X130.543 Y113.399 E1156.07197
G1 X127.878 Y117.924 E1156.66146
G1 X127.339 Y118.867 E1156.78339
G1 X127.245 Y119.193 E1156.82147
G1 X127.258 Y119.378 E1156.84229
G1 X127.568 Y119.496 E1156.87952
G1 X127.933 Y119.526 E1156.92063
G1 X128.714 Y119.39 E1157.00962
G1 X129.694 Y119.146 E1157.12299
G1 X130.987 Y118.773 E1157.27405
G1 X132.219 Y118.395 E1157.41871
G1 X133.998 Y117.808 E1157.629
G1 X135.233 Y117.37 E1157.77609
G1 X136.675 Y116.83 E1157.94894
G1 X138.295 Y116.188 E1158.14455
G1 X139.54 Y115.656 E1158.29653
G1 X141.044 Y114.993 E1158.48103
G1 X142.483 Y114.325 E1158.65912
G1 X143.168 Y113.99 E1158.74471
G1 X143.835 Y113.633 E1158.82964
G1 X144.43 Y113.297 E1158.90634
G1 X145.029 Y112.928 E1158.98532
G1 X146.124 Y112.197 E1159.13311
G1 X147.29 Y111.343 E1159.29534
G1 X148.401 Y110.471 E1159.45388
G1 X148.836 Y110.112 E1159.5172
G1 X149.61 Y109.419 E1159.63382
G1 X149.61 Y109.406 E1159.63527
G1 X149.918 Y109.108 E1159.68338
G1 X150.334 Y108.666 E1159.75152
G1 X150.672 Y108.25 E1159.81169
G1 X150.895 Y107.934 E1159.8551
G1 X151.055 Y107.551 E1159.90169
G1 X151.128 Y107.272 E1159.93407
G1 X151.168 Y106.928 E1159.97294
G1 X151.078 Y106.47 E1160.02534
G1 X150.832 Y106.037 E1160.08124
G1 X150.655 Y105.798 E1160.11462
G1 X150.411 Y105.524 E1160.15581
G1 X150.043 Y105.168 E1160.21328
G1 X149.614 Y104.808 E1160.27615
G1 X148.878 Y104.262 E1160.37902
G1 X148.181 Y103.793 E1160.47332
G1 X146.965 Y103.043 E1160.6337
G1 X146.645 Y102.856 E1160.6753
G1 X144.863 Y104.858 E1160.97617
G1 X144.725 Y104.939 E1160.99413
G1 X144.612 Y104.95 E1161.00687
G1 X142.37 Y104.317 E1161.26838
G1 X141.137 Y106.499 E1161.54972
G1 X141.063 Y106.561 E1161.56056
G1 X140.817 Y106.602 E1161.58855
G1 X138.581 Y105.537 E1161.86656
G1 X136.983 Y107.666 E1162.16538
G1 X136.791 Y107.759 E1162.18933
G1 X136.635 Y107.739 E1162.20698
G1 X134.779 Y106.345 E1162.46755
G1 X133.146 Y108.987 E1162.8162
G1 X132.766 Y109.622 E1162.89927
G1 X132.64 Y109.724 E1162.91746
G1 X132.499 Y109.748 E1162.93352
G1 X132.309 Y109.676 E1162.95633
G1 X125.176 Y98.668 E1164.42875
G1 X125.112 Y98.414 E1164.45815
G1 X124.184 Y98.448 E1164.56239
G1 X123.828 Y98.445 E1164.60236
G1 X123.456 Y98.327 E1164.64617
G1 X123.225 Y98.122 E1164.68083
G1 X123.058 Y97.891 E1164.71283
G1 X122.616 Y96.969 E1164.82761
G1 X122.032 Y95.89 E1164.96533
G1 X121.627 Y95.232 E1165.05206
G1 X121.234 Y94.636 E1165.1322
G1 X120.768 Y94.006 E1165.22016
G1 X120.27 Y93.411 E1165.30726
G1 X119.039 Y92.076 E1165.5111
G1 X117.982 Y91.012 E1165.67946
G1 X117.564 Y90.622 E1165.74363
G1 X117.164 Y90.277 E1165.80293
G1 X116.857 Y90.037 E1165.84667
G1 X116.593 Y89.866 E1165.88198
G1 X116.392 Y89.799 E1165.90576
G1 X116.342 Y89.989 E1165.92782
G1 X116.376 Y91.721 E1166.12228
G1 X116.38 Y93.154 E1166.28314
G1 X116.339 Y94.431 E1166.42656
G1 X116.234 Y95.471 E1166.54389
G1 X116.1 Y96.498 E1166.66015
G1 X115.887 Y97.662 E1166.79299
G1 X115.818 Y97.954 E1166.82667
G1 X115.93 Y98.004 E1166.84043
G1 X118.454 Y98.054 E1167.12382
G1 X118.81 Y98.199 E1167.16697
G1 X119.016 Y98.44 E1167.20256
G1 X119.095 Y98.778 E1167.24152
G1 X118.957 Y99.16 E1167.28711
G1 X118.593 Y99.399 E1167.33599
G1 X118.32 Y99.494 E1167.36844
G1 X108.885 Y100.878 E1168.43888
G1 X105.604 Y101.284 E1168.80999
G1 X105.075 Y101.195 E1168.87021
G1 X104.683 Y101.048 E1168.9172
G1 X102.968 Y99.998 E1169.14293
G1 X102.448 Y99.726 E1169.20881
G1 X101.821 Y99.44 E1169.28617
G1 X100.446 Y98.889 E1169.45245
G1 X99.133 Y98.425 E1169.60877
G1 X98.305 Y98.166 E1169.70615
G1 X98.096 Y98.157 E1169.72964
G1 X98.29 Y98.683 E1169.79257
G1 X98.379 Y99.021 E1169.8318
G1 X98.455 Y99.406 E1169.87586
G1 X98.499 Y99.798 E1169.92014
G1 X98.483 Y100.3 E1169.97651
G1 X98.393 Y100.755 E1170.02858
G1 X98.277 Y101.059 E1170.0651
G1 X98.109 Y101.361 E1170.1039
G1 X97.918 Y101.623 E1170.14029
G1 X97.684 Y101.867 E1170.17824
G1 X97.306 Y102.166 E1170.23234
G1 X97.001 Y102.347 E1170.27216
G1 X93.026 Y102.836 E1170.72172
G1 X92.07 Y102.891 E1170.82922
G1 X91.547 Y102.746 E1170.89014
G1 X89.921 Y102.173 E1171.08366
G1 X88.957 Y101.871 E1171.19706
G1 X87.831 Y101.563 E1171.3281
G1 X88.263 Y102.505 E1171.44443
G1 X88.274 Y102.938 E1171.49305
G1 X88.02 Y103.283 E1171.54115
G1 X87.643 Y103.477 E1171.58874
G1 X84.254 Y103.812 E1171.97102
G1 X83.983 Y103.832 E1172.00152
G1 X83.679 Y103.831 E1172.03565
G1 X83.2 Y103.785 E1172.08966
G1 X82.772 Y103.695 E1172.13876
G1 X82.392 Y103.564 E1172.18388
G1 X82.109 Y103.429 E1172.21908
G1 X81.768 Y103.21 E1172.26457
G1 X81.135 Y102.624 E1172.3614
G1 X80.56 Y102.131 E1172.44642
G1 X79.853 Y101.601 E1172.54561
G1 X78.182 Y100.47 E1172.77211
G1 X77.13 Y99.837 E1172.90993
G1 X76.569 Y99.53 E1172.98171
G1 X75.829 Y99.163 E1173.07444
G1 X75.279 Y98.981 E1173.13947
G1 X74.754 Y98.848 E1173.20026
G1 X73.795 Y98.718 E1173.3089
G1 X73.004 Y98.645 E1173.39807
G1 X72.705 Y98.649 E1173.43163
G1 X72.435 Y98.699 E1173.46246
G1 X72.581 Y98.875 E1173.48813
G1 X73.883 Y100.029 E1173.68342
G1 X74.719 Y100.881 E1173.81741
G1 X75.987 Y102.326 E1174.03322
G1 X76.769 Y103.353 E1174.17812
G1 X77.452 Y104.308 E1174.30991
G1 X78.031 Y105.202 E1174.42948
G1 X78.237 Y105.573 E1174.47711
G1 X78.481 Y106.097 E1174.542
G1 X78.499 Y106.645 E1174.60354
G1 X78.457 Y107.024 E1174.64635
G1 X78.36 Y107.455 E1174.69594
G1 X78.22 Y107.919 E1174.75034
G1 X78.043 Y108.395 E1174.80735
G1 X77.603 Y109.383 E1174.92876
G1 X77.057 Y110.446 E1175.0629
G1 X76.458 Y111.491 E1175.19811
G1 X75.852 Y112.472 E1175.32755
G1 X75.259 Y113.387 E1175.44994
G1 X74.989 Y113.841 E1175.50924
G1 X74.698 Y114.27 E1175.56743
G1 X74.368 Y114.719 E1175.62998
G1 X73.841 Y115.363 E1175.72339
G1 X73.125 Y116.124 E1175.84068
G1 X72.476 Y116.751 E1175.94198
G1 X72.402 Y116.987 E1175.96974
G1 X72.503 Y117.948 E1176.07821
G1 X72.462 Y118.209 E1176.10787
G1 X72.388 Y118.35 E1176.12574
G1 X72.237 Y118.505 E1176.15003
G1 X71.905 Y118.612 E1176.18919
G1 X70.34 Y118.602 E1176.36487
G1 X69.152 Y122.161 E1176.78605
G1 X71.273 Y121.067 E1177.05394
G1 X73.446 Y119.915 E1177.33002
G1 X74.321 Y119.423 E1177.44271
G1 X74.929 Y119.055 E1177.52248
G1 X76.043 Y118.293 E1177.67399
G1 X77.094 Y117.517 E1177.82064
G1 X77.743 Y117.006 E1177.91337
G1 X78.4 Y116.459 E1178.00933
G1 X79.073 Y115.864 E1178.11017
G1 X79.734 Y115.241 E1178.21213
G1 X80.418 Y114.545 E1178.32167
G1 X81.104 Y113.8 E1178.43535
G1 X83.415 Y111.144 E1178.83056
G1 X83.841 Y110.693 E1178.9002
G1 X84.189 Y110.386 E1178.95229
G1 X84.528 Y110.168 E1178.99753
G1 X84.842 Y110.02 E1179.0365
G1 X85.172 Y109.923 E1179.07511
G1 X85.488 Y109.871 E1179.11106
G1 X85.82 Y109.848 E1179.14842
G1 X86.189 Y109.856 E1179.18985
G1 X86.875 Y109.914 E1179.26713
G1 X87.234 Y109.966 E1179.30785
G1 X87.686 Y110.068 E1179.35986
G1 X88.166 Y110.269 E1179.41828
G1 X88.456 Y110.442 E1179.45618
G1 X88.94 Y110.943 E1179.53438
G1 X89.163 Y111.206 E1179.57309
G1 X89.382 Y111.495 E1179.61379
G1 X89.571 Y111.798 E1179.65388
G1 X89.718 Y112.108 E1179.69239
G1 X89.918 Y112.652 E1179.75745
G1 X90.073 Y113.18 E1179.81922
G1 X90.178 Y113.685 E1179.87712
G1 X90.242 Y114.171 E1179.93215
G1 X90.365 Y114.275 E1179.95023
G1 X90.706 Y114.308 E1179.98868
G1 X92.073 Y113.868 E1180.14989
G1 X94.727 Y113.067 E1180.46108
G1 X95.334 Y112.926 E1180.53103
G1 X95.878 Y112.85 E1180.59269
G1 X96.404 Y112.816 E1180.65186
G1 X96.889 Y112.817 E1180.7063
G1 X97.705 Y112.889 E1180.79826
G1 X110.045 Y116.146 E1182.23089
G0 F9000 X110.299 Y115.182
G0 X113.045 Y116.046
G0 X114.3 Y116.597
G0 X115.344 Y117.249
G0 X115.989 Y117.952
G0 X116.438 Y118.75
G0 X116.764 Y119.786
G0 X117.045 Y121.132
G0 X116.765 Y121.146
;TYPE:FILL
G1 F3000 X120.5 Y117.412 E1182.82374
G0 F9000 X120.499 Y117.693
G0 X122.423 Y121.798
G0 X122.643 Y121.967
G1 F3000 X117.063 Y127.547 E1183.70957
G1 F3600 E1179.70957
G0 F9000 X116.9 Y127.327
G0 X119.873 Y116.984
G0 X87.975 Y108.819
G0 X87.436 Y108.567
G0 X86.885 Y108.029
G0 X86.556 Y107.409
G0 X86.529 Y106.665
G0 X86.643 Y106.113
G0 X87.048 Y105.439
G0 X87.578 Y105.062
G0 X88.039 Y104.885
G0 X123.357 Y101.501
G0 X130.995 Y113.293
G0 X130.938 Y114.439
G0 X131.077 Y115.028
G0 X131.595 Y113.585
G0 X131.354 Y113.443
G1 F3600 E1183.70957
G1 F3000 X134.704 Y116.793 E1184.24138
G0 F9000 X134.612 Y116.529
G0 X131.867 Y113.124
G0 X131.627 Y112.982
G1 F3000 X136.271 Y108.339 E1184.97853
G0 F9000 X136.093 Y108.577
G0 X134.078 Y109.38
G0 X133.84 Y109.232
G1 F3000 X139.497 Y114.888 E1185.8765
G0 F9000 X139.387 Y114.637
G0 X133.372 Y109.266
G0 X132.547 Y110.63
G0 X124.553 Y99.3
G0 X123.88 Y99.308
G0 X124.001 Y99.392
G1 F3000 X123.809 Y99.201 E1185.9069
G0 F9000 X123.743 Y99.422
G0 X123 Y99.168
G0 X122.558 Y98.799
G0 X121.786 Y97.551
G0 X122.039 Y97.43
G1 F3000 X117.118 Y92.509 E1186.68811
G0 F9000 X117.379 Y92.509
G0 X119.885 Y97.997
G0 X120.078 Y98.817
G0 X119.735 Y99.772
G0 X119.292 Y100.063
G0 X118.43 Y100.519
G1 F3000 X119.403 Y101.492 E1186.84257
G0 F9000 X119.377 Y101.214
G0 X105.596 Y102.231
G0 X104.863 Y102.121
G0 X104.543 Y102.002
G0 X101.795 Y100.527
G0 X101.911 Y100.272
G1 F3000 X98.704 Y103.479 E1187.35168
G0 F9000 X98.678 Y103.2
G0 X88.039 Y104.885
G0 X87.578 Y105.062
G0 X87.048 Y105.439
G0 X86.643 Y106.113
G0 X86.529 Y106.665
G0 X86.556 Y107.409
G0 X86.885 Y108.029
G0 X87.436 Y108.567
G0 X92.463 Y110.621
G0 X92.531 Y110.349
G1 F3000 X94.551 Y112.369 E1187.67236
G0 F9000 X94.489 Y112.098
G0 X91.905 Y110.482
G0 X91.974 Y110.209
G1 F3000 X90.372 Y111.811 E1187.92667
G0 F9000 X90.628 Y111.687
G0 X89.044 Y110.465
G0 X86.694 Y108.816
G0 X86.797 Y108.689
G1 F3000 X86.406 Y109.08 E1187.98874
G0 F9000 X86.423 Y108.875
G0 X84.696 Y109.025
G0 X84.774 Y109.289
G1 F3000 X76.829 Y101.344 E1189.25001
G1 F3600 E1185.25001
G0 F9000 X82.29 Y103.889
G0 X83.15 Y104.123
G0 X91.88 Y104.543
G0 X123.357 Y101.501
G0 X131.388 Y113.528
G0 X130.938 Y114.439
G0 X131.077 Y115.028
G0 X131.909 Y113.053
G0 X131.615 Y112.88
;TYPE:SKIN
G1 F3600 E1189.25001
G1 F1500 X131.552 Y112.668 E1189.27484
G1 X130.899 Y111.662 E1189.40947
G1 F1391 X130.853 Y111.504 E1189.42939
G1 F1137.8 X130.698 Y111.088 E1189.49508
G1 F1028.6 X130.475 Y110.767 E1189.55907
G1 F1039.3 X124.301 Y101.239 E1191.39854
G1 F1226.2 X123.859 Y101.024 E1191.46603
G1 F1500 X123.676 Y100.879 E1191.49224
G1 X123.514 Y100.811 E1191.51196
G1 X123.989 Y99.584 E1191.65966
G1 X124.41 Y99.58 E1191.70692
G1 X124.822 Y100.216 E1191.79198
G1 F1222.8 X124.949 Y100.654 E1191.85478
G1 F1034.5 X131.238 Y110.355 E1193.73656
G1 F1049 X131.458 Y110.619 E1193.79172
G1 F1241.4 X131.808 Y110.687 E1193.84008
G1 F1500 X132.057 Y110.81 E1193.87126
G1 X132.377 Y110.878 E1193.90798
G1 X132.794 Y110.875 E1193.95479
G1 X131.615 Y112.88 E1194.21588
G0 F9000 X131.496 Y112.031
G1 F1500 X132.151 Y111.376 E1194.31987
G0 F9000 X131.709 Y110.971
G1 F1500 X131.163 Y111.516 E1194.40646
G0 F9000 X130.624 Y111.864
G0 X123.152 Y101.013
G0 X123.273 Y100.494
G0 X124.059 Y100.801
G1 F1500 X124.535 Y100.325 E1194.48203
G1 F3600 E1190.48203
G0 F9000 X125.451 Y100.566
G0 X130.262 Y107.066
G0 X131.756 Y106.094
G0 X132.306 Y105.742
G0 X132.315 Y106.404
;TYPE:WALL-INNER
G1 F3600 E1194.48203
G1 F1500 X133.698 Y104.096 E1194.78406
G1 X133.902 Y103.887 E1194.81685
G1 X134.143 Y103.76 E1194.84742
G1 X134.365 Y103.714 E1194.87287
G1 X134.593 Y103.725 E1194.8985
G1 X134.871 Y103.814 E1194.93126
G1 X136.479 Y105.032 E1195.1577
G1 X137.59 Y103.585 E1195.36249
G1 X137.815 Y103.415 E1195.39414
G1 X138.117 Y103.319 E1195.42972
G1 X138.484 Y103.333 E1195.47094
G1 X140.149 Y104.128 E1195.67806
G1 X141.046 Y102.441 E1195.89253
G1 X141.327 Y102.19 E1195.93483
G1 F1465.8 X141.933 Y102.062 E1196.00598
G1 F1492.5 X143.009 Y102.393 E1196.13298
G1 F1618.7 X144.086 Y102.724 E1196.25018
G1 F1691.7 X144.429 Y102.32 E1196.30293
G1 X144.095 Y102.175 E1196.33917
G1 F1642.3 X143.545 Y101.967 E1196.39945
G1 F1530.6 X142.46 Y101.578 E1196.52625
G1 F1451.6 X142.084 Y101.456 E1196.5721
G1 F1465.8 X141.2 Y101.138 E1196.68002
G1 F1500 X140.568 Y100.946 E1196.75417
G1 X139.982 Y100.788 E1196.8223
G1 X138.197 Y100.413 E1197.02704
G1 X136.038 Y100.004 E1197.27371
G1 X133.645 Y99.581 E1197.54649
G1 X132.45 Y99.409 E1197.68202
G1 X132.217 Y99.499 E1197.71006
G1 X130.205 Y103.164 E1198.17938
G1 X132.315 Y106.404 E1198.6134
G0 F9000 X132.306 Y105.742
G0 X132.328 Y106.875
G0 X132.337 Y107.537
;TYPE:WALL-OUTER
G1 F1500 X134.19 Y104.44 E1199.01853
G1 X134.338 Y104.328 E1199.03936
G1 X134.585 Y104.347 E1199.06717
G1 X136.594 Y105.872 E1199.3503
G1 X138.008 Y104.015 E1199.6123
G1 X138.196 Y103.914 E1199.63626
G1 X138.318 Y103.919 E1199.64997
G1 X140.409 Y104.917 E1199.91005
G1 X141.549 Y102.782 E1200.18174
G1 X141.634 Y102.706 E1200.19454
G1 X141.836 Y102.667 E1200.21763
G1 X144.28 Y103.369 E1200.50307
G1 X145.329 Y102.138 E1200.68462
G1 X144.971 Y101.947 E1200.73017
G1 X144.502 Y101.73 E1200.78818
G1 X143.753 Y101.424 E1200.879
G1 X142.658 Y101.006 E1201.01057
G1 X141.376 Y100.564 E1201.16279
G1 X140.724 Y100.366 E1201.23928
G1 X140.122 Y100.204 E1201.30926
G1 X138.309 Y99.823 E1201.51722
G1 X136.142 Y99.413 E1201.76479
G1 X133.702 Y98.983 E1202.04291
G1 X132.407 Y98.796 E1202.18978
G1 X132.021 Y98.907 E1202.23487
G1 X131.729 Y99.143 E1202.27701
G1 X129.506 Y103.19 E1202.79532
G1 X132.337 Y107.537 E1203.37764
G0 F9000 X132.328 Y106.875
G0 X132.318 Y105.676
G0 X132.084 Y105.828
;TYPE:FILL
G1 F3000 X133.172 Y104.74 E1203.55036
G0 F9000 X132.934 Y104.597
G0 X134.088 Y102.807
G0 X134.655 Y103.146
G0 X134.305 Y103.607
G1 F3000 X137.508 Y100.404 E1204.05884
G0 F9000 X137.363 Y101.169
G1 F3600 E1200.05884
;MESH:NONMESH
G0 F300 X137.363 Y101.169 Z3.8
G0 F9000 X129.877 Y103.181
G0 X128.358 Y104.164
G0 X124.553 Y99.3
G0 X123.805 Y99.309
G0 X88.039 Y104.885
G0 X87.578 Y105.062
G0 X87.048 Y105.439
G0 X86.643 Y106.113
G0 X86.529 Y106.665
G0 X86.556 Y107.409
G0 X86.885 Y108.029
G0 X87.436 Y108.567
G0 X87.872 Y108.771
G0 X110.162 Y115.035
G0 X110.046 Y115.471
;TIME_ELAPSED:849.329271
;LAYER:8
;TYPE:WALL-INNER
;MESH:sharkz.stl
G1 F3600 E1204.05884
G1 F1282.1 X111.573 Y115.873 E1204.26622
G1 F1257 X112.354 Y116.098 E1204.3751
G1 F1222.8 X112.926 Y116.285 E1204.45796
G1 F1165.8 X113.598 Y116.533 E1204.56142
G1 F1289.4 X114.108 Y116.882 E1204.64212
G1 F1500 X114.823 Y117.284 E1204.7342
G1 X115.136 Y117.514 E1204.7778
G1 X115.467 Y117.847 E1204.8305
G1 X115.715 Y118.147 E1204.87419
G1 X115.955 Y118.545 E1204.92637
G1 X116.136 Y118.909 E1204.972
G1 X116.299 Y119.326 E1205.02226
G1 X116.415 Y119.718 E1205.06815
G1 X116.51 Y120.115 E1205.11397
G1 X116.582 Y120.516 E1205.1597
G1 X116.635 Y120.976 E1205.21168
G1 X116.676 Y121.8 E1205.30429
G1 X116.656 Y122.625 E1205.39693
G1 X116.577 Y123.404 E1205.48482
G1 X116.459 Y124.124 E1205.56672
G1 X116.319 Y124.75 E1205.63873
G1 X116.163 Y125.295 E1205.70236
G1 X115.983 Y125.832 E1205.76594
G1 X115.37 Y127.359 E1205.95064
G1 X115.008 Y128.212 E1206.05466
G1 X114.552 Y129.219 E1206.17875
G1 X115.407 Y128.816 E1206.28485
G1 X115.817 Y128.563 E1206.33893
G1 X116.96 Y127.774 E1206.49484
G1 X117.715 Y127.213 E1206.60043
G1 X118.539 Y126.544 E1206.71957
G1 X119.43 Y125.761 E1206.85272
G1 X120.348 Y124.878 E1206.9957
G1 X121.227 Y123.926 E1207.14115
G1 X122.056 Y122.93 E1207.28661
G1 X122.797 Y121.963 E1207.42337
G1 X123.487 Y121 E1207.55635
G1 X124.423 Y119.595 E1207.74586
G1 X124.777 Y119.03 E1207.8207
G1 X125.538 Y117.756 E1207.98729
G1 X123.711 Y114.894 E1208.36843
G1 X123.393 Y115.453 E1208.44063
G1 X123.113 Y115.872 E1208.4972
G1 X122.816 Y116.223 E1208.54881
G1 X122.513 Y116.512 E1208.59581
G1 X122.174 Y116.772 E1208.64377
G1 X121.853 Y116.956 E1208.6853
G1 X121.39 Y117.172 E1208.74265
G1 X120.681 Y117.293 E1208.82339
G1 X120.165 Y117.288 E1208.88132
G1 X119.835 Y117.238 E1208.91878
G1 X114.484 Y115.845 E1209.53947
G1 F1289.4 X113.868 Y115.786 E1209.62028
G1 F1184.2 X112.548 Y115.403 E1209.81571
G1 F1257 X107.45 Y114.067 E1210.52167
G1 F1283.9 X102.352 Y112.73 E1211.21288
G1 F1323.5 X98.015 Y111.63 E1211.7821
G1 F1282.1 X97.048 Y111.425 E1211.91192
G1 F1347.3 X96.458 Y111.207 E1211.99053
G1 F1500 X89.285 Y109.414 E1212.8205
G1 F1601.4 X87.823 Y108.993 E1212.98046
G1 F1660.5 X87.288 Y108.783 E1213.03874
G1 F1551.7 X86.913 Y108.48 E1213.09106
G1 F1500 X86.733 Y108.293 E1213.12019
G1 X86.353 Y107.577 E1213.21118
G1 X86.295 Y107.355 E1213.23694
G1 X86.268 Y106.621 E1213.31939
G1 X86.362 Y106.166 E1213.37154
G1 X86.471 Y105.886 E1213.40527
G1 X86.763 Y105.397 E1213.46921
G1 X87.153 Y105.019 E1213.53017
G1 F1495 X87.561 Y104.774 E1213.58377
G1 F1480.3 X88.017 Y104.611 E1213.63886
G1 F1477.8 X88.543 Y104.572 E1213.69895
G1 F1495 X91.3 Y104.308 E1214.01089
G1 F1475.4 X91.792 Y104.252 E1214.0674
G1 F1397.5 X92.208 Y104.186 E1214.11815
G1 F1363.6 X93.19 Y104.102 E1214.23984
G1 F1351.4 X95.234 Y103.891 E1214.49588
G1 F1291.2 X97.278 Y103.679 E1214.76385
G1 F1372 X97.934 Y103.672 E1214.84437
G1 F1500 X104.715 Y103.021 E1215.60905
G1 F1424.1 X104.999 Y102.962 E1215.64335
G1 F1193.6 X105.429 Y102.829 E1215.70684
G1 F1076.6 X105.826 Y102.803 E1215.76907
G1 F1068.9 X107.939 Y102.583 E1216.10373
G1 F1026.2 X110.052 Y102.363 E1216.45229
G1 F1204.8 X110.663 Y102.451 E1216.53856
G1 F1500 X123.001 Y101.268 E1217.92989
G1 X123.294 Y101.305 E1217.96305
G1 X123.456 Y101.373 E1217.98277
G1 X123.788 Y101.678 E1218.03337
G1 X131.004 Y112.819 E1219.52339
G1 X131.128 Y113.117 E1219.55962
G1 X131.132 Y113.48 E1219.60037
G1 X131.024 Y113.766 E1219.63469
G1 X128.386 Y118.241 E1220.21781
G1 X128.008 Y118.904 E1220.30348
G1 X128.598 Y118.801 E1220.37071
G1 X129.55 Y118.563 E1220.48086
G1 X130.812 Y118.199 E1220.6283
G1 X132.031 Y117.825 E1220.77143
G1 X133.804 Y117.24 E1220.98101
G1 X135.05 Y116.797 E1221.12946
G1 X136.455 Y116.272 E1221.29782
G1 X138.059 Y115.636 E1221.49151
G1 X139.33 Y115.093 E1221.64666
G1 X140.792 Y114.449 E1221.82599
G1 X142.293 Y113.75 E1222.01186
G1 X142.886 Y113.46 E1222.08596
G1 X143.541 Y113.11 E1222.16932
G1 X144.116 Y112.786 E1222.24341
G1 X144.697 Y112.428 E1222.32002
G1 X145.795 Y111.694 E1222.46827
G1 X146.916 Y110.873 E1222.62425
G1 X148.02 Y110.008 E1222.78168
G1 X148.445 Y109.657 E1222.84356
G1 X149.165 Y109.011 E1222.95214
G1 X149.165 Y109.002 E1222.95315
G1 X149.491 Y108.686 E1223.00412
G1 X149.882 Y108.271 E1223.06812
G1 X150.194 Y107.887 E1223.12366
G1 X150.366 Y107.642 E1223.15726
G1 X150.485 Y107.359 E1223.19173
G1 X150.561 Y106.952 E1223.2382
G1 X150.508 Y106.682 E1223.26909
G1 X150.281 Y106.28 E1223.32091
G1 X149.977 Y105.94 E1223.37211
G1 X149.641 Y105.613 E1223.42474
G1 X149.241 Y105.279 E1223.48324
G1 X148.532 Y104.752 E1223.5824
G1 X147.856 Y104.297 E1223.67387
G1 X146.762 Y103.623 E1223.81811
G1 F1433.1 X145.241 Y105.331 E1224.08682
G1 F1315.8 X144.891 Y105.571 E1224.14113
G1 F1162.8 X144.693 Y105.665 E1224.17287
G1 F1071.4 X144.411 Y105.643 E1224.21732
G1 F1248.3 X143.869 Y105.364 E1224.29955
G1 F1500 X142.663 Y105.019 E1224.44036
G1 F1505 X141.613 Y106.872 E1224.67864
G1 F1517.7 X141.385 Y107.06 E1224.71142
G1 F1515.2 X140.654 Y107.189 E1224.79392
G1 F1500 X138.767 Y106.289 E1225.0286
G1 X137.439 Y108.063 E1225.27735
G1 X137.195 Y108.251 E1225.31193
G1 X136.845 Y108.357 E1225.35298
G1 X136.454 Y108.306 E1225.39724
G1 X136.223 Y108.18 E1225.42678
G1 X134.944 Y107.219 E1225.60636
G1 X133.661 Y109.295 E1225.88031
G1 X133.212 Y110.041 E1225.97805
G1 X132.951 Y110.239 E1226.01482
G1 X132.561 Y110.367 E1226.0609
G1 X132.209 Y110.294 E1226.10125
G1 X131.964 Y110.157 E1226.13276
G1 X131.764 Y109.938 E1226.16605
G1 X124.695 Y99.029 E1227.62524
G1 X124.22 Y99.048 E1227.67861
G1 X123.733 Y99.048 E1227.73327
G1 X123.278 Y98.898 E1227.78705
G1 X123.028 Y98.749 E1227.81972
G1 X122.753 Y98.495 E1227.86174
G1 X122.539 Y98.188 E1227.90375
G1 X122.082 Y97.242 E1228.02168
G1 X121.512 Y96.19 E1228.156
G1 X121.126 Y95.562 E1228.23874
G1 X120.742 Y94.98 E1228.31701
G1 X120.296 Y94.377 E1228.4012
G1 X119.819 Y93.807 E1228.48464
G1 X118.592 Y92.477 E1228.68776
G1 X117.556 Y91.435 E1228.8527
G1 X117.171 Y91.076 E1228.91179
G1 X116.96 Y90.893 E1228.94315
G1 X116.976 Y91.719 E1229.03589
G1 X116.98 Y93.173 E1229.1991
G1 X116.936 Y94.491 E1229.34713
G1 X116.829 Y95.549 E1229.4665
G1 X116.691 Y96.604 E1229.58594
G1 X116.546 Y97.415 E1229.67842
G1 X118.604 Y97.462 E1229.9095
G1 X119.113 Y97.694 E1229.97229
G1 X119.309 Y97.847 E1230.0002
G1 X119.585 Y98.211 E1230.05148
G1 X119.667 Y98.582 E1230.09413
G1 X119.692 Y98.922 E1230.1324
G1 X119.534 Y99.32 E1230.18047
G1 X119.41 Y99.525 E1230.20736
G1 X119.21 Y99.708 E1230.23779
G1 X118.93 Y99.896 E1230.27565
G1 X118.686 Y100.011 E1230.30593
G1 X118.371 Y100.095 E1230.34252
G1 X110.518 Y101.245 E1231.23345
G1 F1204.8 X109.946 Y101.477 E1231.31971
G1 F1021.6 X108.975 Y101.607 E1231.48119
G1 F1063.8 X105.71 Y101.988 E1232.00147
G1 F1077.8 X105.454 Y101.991 E1232.04146
G1 F1193.6 X105.032 Y101.832 E1232.10507
G1 F1424.1 X104.873 Y101.76 E1232.12571
G1 F1500 X104.447 Y101.608 E1232.17649
G1 X102.672 Y100.52 E1232.41019
G1 X102.184 Y100.265 E1232.47199
G1 X101.585 Y99.992 E1232.54589
G1 X100.234 Y99.451 E1232.70925
G1 X98.989 Y99.011 E1232.85747
G1 X99.051 Y99.339 E1232.89495
G1 X99.102 Y99.793 E1232.94623
G1 X99.086 Y100.342 E1233.00788
G1 X98.982 Y100.896 E1233.07116
G1 X98.81 Y101.344 E1233.12502
G1 X98.631 Y101.658 E1233.1656
G1 X98.4 Y101.981 E1233.21017
G1 X98.106 Y102.298 E1233.25871
G1 X97.716 Y102.61 E1233.31477
G1 F1446.9 X97.367 Y102.853 E1233.36426
G1 F1327.4 X97.151 Y102.982 E1233.39617
G1 F1291.2 X95.124 Y103.219 E1233.66229
G1 F1351.4 X93.097 Y103.457 E1233.91659
G1 F1363.6 X92.158 Y103.521 E1234.03281
G1 F1397.5 X91.861 Y103.465 E1234.06922
G1 F1475.4 X91.328 Y103.305 E1234.13273
G1 F1500 X89.719 Y102.739 E1234.3242
G1 X88.861 Y102.468 E1234.4252
G1 X88.884 Y102.682 E1234.44936
G1 X88.833 Y103.088 E1234.49529
G1 X88.748 Y103.315 E1234.5225
G1 F1495 X88.318 Y103.805 E1234.59593
G1 F1465.8 X87.937 Y104.012 E1234.64573
G1 F1458.7 X87.704 Y104.078 E1234.67369
G1 F1485.1 X84.027 Y104.43 E1235.09248
G1 F1500 X83.638 Y104.43 E1235.13614
G1 X83.104 Y104.377 E1235.19638
G1 X82.662 Y104.286 E1235.24704
G1 X82.138 Y104.108 E1235.30916
G1 X81.89 Y103.992 E1235.33989
G1 X81.383 Y103.675 E1235.40701
G1 X80.735 Y103.072 E1235.50638
G1 X80.184 Y102.599 E1235.58789
G1 X79.481 Y102.073 E1235.68645
G1 X77.859 Y100.976 E1235.90626
G1 X76.832 Y100.357 E1236.04086
G1 X76.292 Y100.062 E1236.10993
G1 X75.6 Y99.719 E1236.19663
G1 X75.111 Y99.557 E1236.25446
G1 X74.629 Y99.436 E1236.31024
G1 X74.029 Y99.355 E1236.3782
G1 X74.311 Y99.608 E1236.42073
G1 X75.181 Y100.498 E1236.56044
G1 X76.465 Y101.963 E1236.77911
G1 X77.257 Y103.003 E1236.92585
G1 X77.933 Y103.947 E1237.05619
G1 X78.535 Y104.877 E1237.18055
G1 X78.787 Y105.328 E1237.23854
G1 X79.062 Y105.927 E1237.31253
G1 X79.1 Y106.64 E1237.39268
G1 X79.039 Y107.172 E1237.45279
G1 X78.951 Y107.568 E1237.49832
G1 X78.782 Y108.128 E1237.56399
G1 X78.591 Y108.639 E1237.62522
G1 X78.151 Y109.627 E1237.74663
G1 X77.578 Y110.744 E1237.88755
G1 X76.994 Y111.764 E1238.01949
G1 X76.356 Y112.798 E1238.15587
G1 X75.769 Y113.703 E1238.27696
G1 X75.486 Y114.177 E1238.33893
G1 X75.182 Y114.625 E1238.39971
G1 X74.837 Y115.094 E1238.46506
G1 X74.305 Y115.743 E1238.55926
G1 X73.572 Y116.525 E1238.67958
G1 X73.013 Y117.067 E1238.76698
G1 X73.099 Y117.881 E1238.85886
G1 X73.075 Y118.207 E1238.89556
G1 X73.003 Y118.448 E1238.92379
G1 F1475.4 X72.743 Y118.889 E1238.98222
G1 F1456.3 X72.346 Y119.113 E1239.03492
G1 F1372 X71.909 Y119.259 E1239.09147
G1 F1145 X71.187 Y119.345 E1239.19839
G1 F1026.2 X70.87 Y119.343 E1239.2504
G1 X70.426 Y120.674 E1239.48062
G1 X71.39 Y120.17 E1239.6591
G1 F1145 X72.069 Y119.912 E1239.76591
G1 F1372 X72.635 Y119.657 E1239.8421
G1 F1480.3 X74.011 Y118.909 E1240.02025
G1 F1500 X74.627 Y118.535 E1240.10115
G1 X75.687 Y117.81 E1240.24531
G1 X76.712 Y117.052 E1240.38841
G1 X77.36 Y116.544 E1240.48084
G1 X78.004 Y116.009 E1240.57482
G1 X78.661 Y115.428 E1240.67327
G1 X79.314 Y114.812 E1240.77404
G1 X79.984 Y114.131 E1240.88128
G1 X80.652 Y113.406 E1240.99194
G1 X82.948 Y110.765 E1241.38477
G1 X83.411 Y110.275 E1241.46044
G1 X83.863 Y109.88 E1241.52783
G1 X84.288 Y109.617 E1241.58393
G1 X84.623 Y109.462 E1241.62536
G1 X85.038 Y109.338 E1241.67398
G1 X85.392 Y109.279 E1241.71427
G1 X85.78 Y109.249 E1241.75795
G1 X86.239 Y109.259 E1241.80949
G1 X86.96 Y109.32 E1241.89071
G1 F1535.8 X87.294 Y109.382 E1241.92796
G1 F1648.4 X87.935 Y109.564 E1241.99602
G1 F1676 X88.401 Y109.739 E1242.04603
G1 F1587.3 X88.837 Y109.972 E1242.09847
G1 F1528 X89.372 Y110.526 E1242.18334
G1 F1500 X89.611 Y110.805 E1242.22458
G1 X89.845 Y111.11 E1242.26773
G1 X90.112 Y111.539 E1242.32445
G1 X90.281 Y111.901 E1242.3693
G1 X90.481 Y112.445 E1242.43436
G1 X90.665 Y113.08 E1242.50857
G1 X90.786 Y113.652 E1242.5742
G1 X92.169 Y113.206 E1242.73732
G1 X92.34 Y113.164 E1242.75709
G1 X94.59 Y112.483 E1243.02097
G1 X95.251 Y112.332 E1243.09708
G1 X95.862 Y112.249 E1243.1663
G1 X96.366 Y112.217 E1243.22299
G1 F1347.3 X96.933 Y112.15 E1243.29434
G1 F1251.7 X97.777 Y112.255 E1243.40875
G1 F1289.4 X102.18 Y113.401 E1244.00288
G1 F1295 X110.046 Y115.471 E1245.06049
G1 F3600 E1241.06049
G0 F9000 X110.162 Y115.035
G0 X87.974 Y108.819
G0 X87.436 Y108.567
G0 X86.885 Y108.03
G0 X86.556 Y107.414
G0 X86.529 Y106.665
G0 X86.643 Y106.113
G0 X86.973 Y105.564
G0 X87.318 Y105.229
G0 X87.671 Y105.016
G0 X88.048 Y104.884
G0 X123.357 Y101.501
G0 X131.388 Y113.529
G0 X130.938 Y114.435
G0 X130.898 Y115.031
G0 X140.371 Y111.503
G0 X140.391 Y110.966
G1 F3600 E1245.06049
G1 F1500 X140.138 Y110.707 E1245.10114
G1 X140.036 Y110.489 E1245.12815
G1 X140 Y110.125 E1245.16921
G1 X140.074 Y109.851 E1245.20107
G1 X140.282 Y109.387 E1245.25815
G1 X140.493 Y109.003 E1245.30734
G1 X140.734 Y108.647 E1245.35559
G1 X141.023 Y108.295 E1245.40672
G1 F1507.5 X141.853 Y107.422 E1245.54126
G1 F1510.1 X142.33 Y107.123 E1245.60403
G1 F1502.5 X142.771 Y106.896 E1245.65962
G1 F1500 X143.398 Y106.708 E1245.7331
G1 X143.813 Y106.628 E1245.78054
G1 F1430.8 X143.91 Y106.586 E1245.79298
G1 F1200 X144.292 Y106.472 E1245.84891
G1 F1071.4 X144.66 Y106.498 E1245.90689
G1 F1162.8 X144.96 Y106.6 E1245.95278
G1 F1308.1 X145.029 Y106.635 E1245.96273
G1 F1424.1 X145.733 Y106.85 E1246.04977
G1 F1500 X146.606 Y107.187 E1246.15481
G1 X146.886 Y107.467 E1246.19926
G1 X146.985 Y107.659 E1246.22351
G1 X147.036 Y108.06 E1246.26889
G1 X146.931 Y108.403 E1246.30916
G1 X146.672 Y108.865 E1246.36861
G1 X145.773 Y109.687 E1246.50535
G1 X145.017 Y110.166 E1246.60581
G1 X144.213 Y110.585 E1246.70759
G1 X143.801 Y110.766 E1246.7581
G1 X143.304 Y110.934 E1246.81699
G1 X142.916 Y111.03 E1246.86186
G1 X142.463 Y111.103 E1246.91337
G1 X142.053 Y111.138 E1246.95956
G1 X141.606 Y111.148 E1247.00975
G1 X140.862 Y111.12 E1247.09332
G1 X140.608 Y111.073 E1247.12232
G1 X140.391 Y110.966 E1247.14948
G0 F9000 X140.826 Y110.518
;TYPE:WALL-OUTER
G1 F1500 X140.643 Y110.383 E1247.175
G1 X140.598 Y110.261 E1247.1896
G1 X140.622 Y110.097 E1247.20821
G1 X140.84 Y109.612 E1247.2679
G1 X140.993 Y109.334 E1247.30352
G1 X141.181 Y109.05 E1247.34175
G1 X141.461 Y108.706 E1247.39154
G1 X142.204 Y107.914 E1247.51344
G1 X142.603 Y107.656 E1247.56678
G1 X143.018 Y107.449 E1247.61884
G1 X143.478 Y107.305 E1247.67294
G1 X143.96 Y107.212 E1247.72805
G1 X144.239 Y107.191 E1247.75945
G1 X144.567 Y107.21 E1247.79634
G1 X144.898 Y107.254 E1247.83382
G1 X145.226 Y107.324 E1247.87147
G1 X145.545 Y107.42 E1247.90886
G1 X146.296 Y107.71 E1247.99923
G1 X146.389 Y107.803 E1248.01399
G1 X146.438 Y107.933 E1248.02959
G1 X146.404 Y108.116 E1248.05048
G1 X146.203 Y108.48 E1248.09716
G1 X145.418 Y109.203 E1248.21696
G1 X144.675 Y109.671 E1248.31553
G1 X143.973 Y110.035 E1248.40429
G1 X143.579 Y110.208 E1248.4526
G1 X143.16 Y110.352 E1248.50233
G1 X142.772 Y110.448 E1248.5472
G1 X142.353 Y110.511 E1248.59476
G1 X142.005 Y110.54 E1248.63396
G1 X141.628 Y110.548 E1248.67629
G1 X140.826 Y110.518 E1248.76638
G1 F3600 E1244.76638
G0 F9000 X140.789 Y111.519
G0 X130.898 Y115.031
G0 X130.938 Y114.435
G0 X131.201 Y112.639
G0 X123.357 Y101.501
G0 X88.048 Y104.884
G0 X87.671 Y105.016
G0 X87.318 Y105.229
G0 X86.973 Y105.564
G0 X86.643 Y106.113
G0 X86.529 Y106.665
G0 X86.556 Y107.414
G0 X86.885 Y108.03
G0 X87.436 Y108.567
G0 X87.872 Y108.771
G0 X110.327 Y115.078
G0 X110.045 Y116.146
G1 F3600 E1248.76638
G1 F1500 X111.386 Y116.5 E1248.92207
G1 X112.181 Y116.737 E1249.01519
G1 X112.713 Y116.925 E1249.07853
G1 X113.3 Y117.164 E1249.14967
G1 X113.87 Y117.433 E1249.22042
G1 X114.438 Y117.749 E1249.29338
G1 X114.755 Y117.981 E1249.33748
G1 X115.004 Y118.229 E1249.37693
G1 X115.212 Y118.48 E1249.41352
G1 X115.408 Y118.794 E1249.45507
G1 X115.579 Y119.132 E1249.49759
G1 X115.724 Y119.498 E1249.54179
G1 X115.832 Y119.86 E1249.58419
G1 X115.92 Y120.222 E1249.62601
G1 X115.99 Y120.616 E1249.67093
G1 X116.036 Y121.008 E1249.71523
G1 X116.076 Y121.764 E1249.80022
G1 X116.059 Y122.566 E1249.89026
G1 X115.985 Y123.308 E1249.97397
G1 X115.873 Y123.994 E1250.05199
G1 X115.741 Y124.586 E1250.12008
G1 X115.593 Y125.107 E1250.18088
G1 X115.427 Y125.608 E1250.24012
G1 X114.817 Y127.125 E1250.42366
G1 X114.462 Y127.964 E1250.52593
G1 X113.46 Y130.172 E1250.79811
G1 X113.931 Y130.071 E1250.85218
G1 X114.397 Y129.923 E1250.90707
G1 X114.876 Y129.736 E1250.96479
G1 X115.695 Y129.344 E1251.06671
G1 X116.135 Y129.072 E1251.12478
G1 X117.318 Y128.256 E1251.2861
G1 X118.083 Y127.687 E1251.39312
G1 X118.955 Y126.977 E1251.51935
G1 X119.836 Y126.203 E1251.65099
G1 X120.777 Y125.298 E1251.79754
G1 X121.678 Y124.322 E1251.94665
G1 X122.525 Y123.304 E1252.0953
G1 X123.279 Y122.321 E1252.23437
G1 X123.957 Y121.377 E1252.36484
G1 X124.927 Y119.921 E1252.56123
G1 X125.28 Y119.359 E1252.63572
G1 X126.243 Y117.746 E1252.8466
G1 X123.68 Y113.73 E1253.38139
G1 X122.891 Y115.125 E1253.5613
G1 X122.672 Y115.461 E1253.60632
G1 X122.395 Y115.795 E1253.65503
G1 X122.139 Y116.043 E1253.69504
G1 X121.893 Y116.239 E1253.73035
G1 X121.619 Y116.402 E1253.76613
G1 X121.21 Y116.593 E1253.8168
G1 X120.655 Y116.688 E1253.88001
G1 X120.225 Y116.691 E1253.92828
G1 X119.942 Y116.648 E1253.96041
G1 X102.509 Y112.102 E1255.98276
G1 X88.094 Y108.498 E1257.65069
G1 X87.617 Y108.277 E1257.70971
G1 X87.246 Y107.978 E1257.76319
G1 X86.892 Y107.321 E1257.84697
G1 X86.868 Y106.696 E1257.91718
G1 X86.96 Y106.238 E1257.96962
G1 X87.239 Y105.771 E1258.03068
G1 X87.524 Y105.496 E1258.07514
G1 X87.79 Y105.337 E1258.10993
G1 X88.114 Y105.217 E1258.14871
G1 X123.021 Y101.868 E1262.08512
G1 X123.174 Y101.903 E1262.10273
G1 X123.284 Y102.004 E1262.1195
G1 X130.542 Y113.21 E1263.6182
G1 X130.543 Y113.399 E1263.63942
G1 X127.865 Y117.944 E1264.23159
G1 X127.427 Y118.715 E1264.33112
G1 X127.314 Y118.956 E1264.361
G1 X127.235 Y119.224 E1264.39237
G1 X127.256 Y119.373 E1264.40926
G1 X127.498 Y119.479 E1264.43891
G1 X127.745 Y119.526 E1264.46714
G1 X128.071 Y119.502 E1264.50383
G1 X128.713 Y119.39 E1264.57699
G1 X129.694 Y119.146 E1264.69046
G1 X130.987 Y118.773 E1264.84152
G1 X132.219 Y118.395 E1264.98618
G1 X133.998 Y117.808 E1265.19647
G1 X135.233 Y117.37 E1265.34356
G1 X136.675 Y116.83 E1265.51641
G1 X138.295 Y116.188 E1265.71202
G1 X139.54 Y115.656 E1265.864
G1 X141.044 Y114.993 E1266.0485
G1 X142.483 Y114.325 E1266.22659
G1 X143.168 Y113.99 E1266.31219
G1 X143.835 Y113.633 E1266.39711
G1 X144.43 Y113.297 E1266.47381
G1 X145.029 Y112.928 E1266.55279
G1 X146.124 Y112.197 E1266.70058
G1 X147.286 Y111.345 E1266.86232
G1 X148.401 Y110.471 E1267.02135
G1 X148.836 Y110.112 E1267.08466
G1 X149.609 Y109.419 E1267.2012
G1 X149.609 Y109.406 E1267.20266
G1 X149.88 Y109.146 E1267.24482
G1 X150.334 Y108.666 E1267.31898
G1 X150.672 Y108.25 E1267.37915
G1 X150.895 Y107.934 E1267.42257
G1 X151.055 Y107.551 E1267.46916
G1 X151.128 Y107.272 E1267.50153
G1 X151.168 Y106.928 E1267.54041
G1 X151.078 Y106.47 E1267.5928
G1 X150.832 Y106.037 E1267.6487
G1 X150.655 Y105.798 E1267.68209
G1 X150.411 Y105.524 E1267.72327
G1 X150.043 Y105.167 E1267.78083
G1 X149.613 Y104.808 E1267.84371
G1 X148.878 Y104.262 E1267.94649
G1 X148.181 Y103.793 E1268.04079
G1 X146.644 Y102.853 E1268.24303
G1 X144.823 Y104.898 E1268.55041
G1 X144.63 Y104.957 E1268.57306
G1 X142.373 Y104.313 E1268.83653
G1 X141.139 Y106.497 E1269.11812
G1 X141.063 Y106.561 E1269.12927
G1 X140.817 Y106.602 E1269.15727
G1 X138.581 Y105.537 E1269.43528
G1 X136.983 Y107.666 E1269.7341
G1 X136.791 Y107.759 E1269.75805
G1 X136.635 Y107.739 E1269.7757
G1 X134.779 Y106.345 E1270.03626
G1 X133.146 Y108.987 E1270.38491
G1 X132.766 Y109.622 E1270.46798
G1 X132.64 Y109.724 E1270.48618
G1 X132.499 Y109.748 E1270.50224
G1 X132.309 Y109.676 E1270.52504
G1 X125.176 Y98.668 E1271.99747
G1 X125.117 Y98.411 E1272.02707
G1 X124.184 Y98.448 E1272.13188
G1 X123.833 Y98.445 E1272.17128
G1 X123.456 Y98.327 E1272.21563
G1 X123.221 Y98.12 E1272.25078
G1 X123.045 Y97.862 E1272.28584
G1 X122.616 Y96.969 E1272.39705
G1 X122.032 Y95.89 E1272.53477
G1 X121.627 Y95.232 E1272.6215
G1 X121.234 Y94.636 E1272.70164
G1 X120.768 Y94.006 E1272.7896
G1 X120.27 Y93.411 E1272.8767
G1 X119.039 Y92.076 E1273.08055
G1 X117.966 Y90.997 E1273.25136
G1 X117.564 Y90.622 E1273.31307
G1 X117.174 Y90.285 E1273.37093
G1 X116.848 Y90.035 E1273.41705
G1 X116.576 Y89.859 E1273.45341
G1 X116.392 Y89.796 E1273.47525
G1 X116.342 Y89.988 E1273.49752
G1 X116.376 Y91.721 E1273.69209
G1 X116.38 Y93.154 E1273.85295
G1 X116.339 Y94.431 E1273.99637
G1 X116.234 Y95.471 E1274.11371
G1 X116.1 Y96.498 E1274.22997
G1 X115.897 Y97.634 E1274.35951
G1 X115.812 Y97.931 E1274.39418
G1 X115.944 Y98.004 E1274.41112
G1 X118.46 Y98.055 E1274.6936
G1 X118.811 Y98.212 E1274.73677
G1 X119.027 Y98.456 E1274.77335
G1 X119.096 Y98.815 E1274.81438
G1 X118.931 Y99.173 E1274.85863
G1 X118.596 Y99.398 E1274.90393
G1 X118.32 Y99.494 E1274.93673
G1 X108.885 Y100.878 E1276.00717
G1 X105.604 Y101.284 E1276.37828
G1 X105.075 Y101.195 E1276.4385
G1 X104.683 Y101.048 E1276.4855
G1 X102.968 Y99.998 E1276.71123
G1 X102.448 Y99.726 E1276.7771
G1 X101.821 Y99.44 E1276.85446
G1 X100.446 Y98.889 E1277.02074
G1 X99.133 Y98.425 E1277.17706
G1 X98.199 Y98.135 E1277.28684
G1 X98.096 Y98.158 E1277.29869
G1 X98.255 Y98.554 E1277.34659
G1 X98.379 Y99.021 E1277.40083
G1 X98.455 Y99.406 E1277.44488
G1 X98.499 Y99.798 E1277.48916
G1 X98.483 Y100.3 E1277.54554
G1 X98.393 Y100.755 E1277.5976
G1 X98.277 Y101.059 E1277.63413
G1 X98.109 Y101.361 E1277.67292
G1 X97.918 Y101.623 E1277.70932
G1 X97.684 Y101.867 E1277.74727
G1 X97.306 Y102.166 E1277.80137
G1 X97.001 Y102.347 E1277.84118
G1 X93.026 Y102.836 E1278.29075
G1 X92.07 Y102.891 E1278.39824
G1 X91.547 Y102.746 E1278.45916
G1 X89.921 Y102.173 E1278.65269
G1 X88.958 Y101.87 E1278.76601
G1 X87.83 Y101.556 E1278.89745
G1 X88.259 Y102.498 E1279.01364
G1 X88.287 Y102.744 E1279.04143
G1 X88.186 Y103.108 E1279.08384
G1 X88.042 Y103.271 E1279.10825
G1 X87.643 Y103.477 E1279.15866
G1 X84.254 Y103.812 E1279.54094
G1 X83.983 Y103.832 E1279.57144
G1 X83.679 Y103.831 E1279.60556
G1 X83.2 Y103.785 E1279.65958
G1 X82.772 Y103.695 E1279.70868
G1 X82.392 Y103.564 E1279.7538
G1 X82.109 Y103.429 E1279.78899
G1 X81.767 Y103.209 E1279.83464
G1 X81.135 Y102.624 E1279.93131
G1 X80.56 Y102.131 E1280.01633
G1 X79.853 Y101.601 E1280.11552
G1 X78.182 Y100.47 E1280.34202
G1 X77.13 Y99.837 E1280.47984
G1 X76.569 Y99.53 E1280.55163
G1 X75.829 Y99.163 E1280.64435
G1 X75.279 Y98.981 E1280.70938
G1 X74.754 Y98.848 E1280.77017
G1 X73.795 Y98.718 E1280.87881
G1 X73.004 Y98.645 E1280.96798
G1 X72.553 Y98.651 E1281.01861
G1 X72.445 Y98.704 E1281.03211
G1 X72.579 Y98.873 E1281.05633
G1 X73.883 Y100.029 E1281.25194
G1 X74.719 Y100.881 E1281.38593
G1 X75.987 Y102.326 E1281.60173
G1 X76.769 Y103.353 E1281.74663
G1 X77.452 Y104.308 E1281.87843
G1 X78.022 Y105.188 E1281.99612
G1 X78.23 Y105.556 E1282.04357
G1 X78.463 Y106.072 E1282.10713
G1 X78.499 Y106.641 E1282.17113
G1 X78.457 Y107.023 E1282.21427
G1 X78.36 Y107.459 E1282.26441
G1 X78.22 Y107.919 E1282.31838
G1 X78.043 Y108.395 E1282.37539
G1 X77.603 Y109.383 E1282.49679
G1 X77.057 Y110.446 E1282.63094
G1 X76.458 Y111.491 E1282.76615
G1 X75.852 Y112.472 E1282.89559
G1 X75.259 Y113.387 E1283.01798
G1 X74.989 Y113.841 E1283.07728
G1 X74.698 Y114.27 E1283.13547
G1 X74.368 Y114.719 E1283.19802
G1 X73.841 Y115.363 E1283.29143
G1 X73.125 Y116.124 E1283.40872
G1 X72.529 Y116.701 E1283.50184
G1 X72.4 Y116.97 E1283.53532
G1 X72.503 Y117.944 E1283.64527
G1 X72.428 Y118.278 E1283.68369
G1 X72.335 Y118.429 E1283.7036
G1 X71.992 Y118.612 E1283.74724
G1 X70.34 Y118.602 E1283.93269
G1 X69.152 Y122.161 E1284.35387
G1 X71.273 Y121.067 E1284.62176
G1 X73.445 Y119.916 E1284.89769
G1 X74.321 Y119.423 E1285.01053
G1 X74.929 Y119.055 E1285.09031
G1 X76.043 Y118.293 E1285.24181
G1 X77.094 Y117.517 E1285.38846
G1 X77.743 Y117.006 E1285.48119
G1 X78.4 Y116.459 E1285.57715
G1 X79.073 Y115.864 E1285.67799
G1 X79.734 Y115.241 E1285.77995
G1 X80.418 Y114.545 E1285.88949
G1 X81.104 Y113.8 E1286.00317
G1 X83.415 Y111.144 E1286.39838
G1 X83.857 Y110.678 E1286.47048
G1 X84.189 Y110.386 E1286.52011
G1 X84.528 Y110.168 E1286.56535
G1 X84.842 Y110.02 E1286.60432
G1 X85.172 Y109.923 E1286.64293
G1 X85.488 Y109.871 E1286.67888
G1 X85.82 Y109.848 E1286.71623
G1 X86.189 Y109.857 E1286.75767
G1 X86.875 Y109.914 E1286.83494
G1 X87.234 Y109.966 E1286.87566
G1 X87.686 Y110.068 E1286.92767
G1 X88.166 Y110.269 E1286.98609
G1 X88.456 Y110.442 E1287.02399
G1 X88.94 Y110.943 E1287.10219
G1 X89.163 Y111.206 E1287.1409
G1 X89.382 Y111.495 E1287.1816
G1 X89.571 Y111.798 E1287.22169
G1 X89.718 Y112.108 E1287.2602
G1 X89.918 Y112.652 E1287.32526
G1 X90.078 Y113.202 E1287.38956
G1 X90.178 Y113.685 E1287.44493
G1 X90.243 Y114.178 E1287.50075
G1 X90.366 Y114.275 E1287.51833
G1 X90.69 Y114.312 E1287.55494
G1 X92.315 Y113.788 E1287.7466
G1 X92.5 Y113.742 E1287.768
G1 X94.727 Y113.067 E1288.02921
G1 X95.334 Y112.926 E1288.09917
G1 X95.878 Y112.85 E1288.16082
G1 X96.404 Y112.816 E1288.21999
G1 X96.889 Y112.817 E1288.27444
G1 X97.705 Y112.889 E1288.36639
G1 X110.045 Y116.146 E1289.79903
G0 F9000 X110.299 Y115.182
G0 X113.045 Y116.046
G0 X114.3 Y116.597
G0 X115.344 Y117.249
G0 X115.989 Y117.952
G0 X116.438 Y118.75
G0 X116.666 Y119.475
G0 X117.008 Y120.698
G0 X116.728 Y120.732
;TYPE:FILL
G1 F3000 X120.065 Y117.395 E1290.32878
G1 F3600 E1286.32878
G0 F9000 X120.025 Y117.673
G0 X87.974 Y108.819
G0 X87.436 Y108.567
G0 X86.885 Y108.03
G0 X86.556 Y107.414
G0 X86.529 Y106.665
G0 X86.643 Y106.113
G0 X86.973 Y105.564
G0 X87.318 Y105.229
G0 X87.671 Y105.016
G0 X88.048 Y104.884
G0 X123.357 Y101.501
G0 X130.995 Y113.293
G0 X130.898 Y115.031
G0 X131.216 Y114.23
G0 X130.973 Y114.087
G1 F3600 E1290.32878
G1 F3000 X136.596 Y108.465 E1291.22135
G0 F9000 X136.361 Y108.778
G0 X134.25 Y109.101
G0 X134.014 Y108.955
G1 F3000 X139.81 Y114.75 E1292.14138
G0 F9000 X139.7 Y114.499
G0 X134.279 Y116.646
G0 X134.371 Y116.911
G1 F3000 X131.185 Y113.725 E1292.64716
G0 F9000 X131.429 Y113.869
G0 X130.898 Y115.031
G0 X130.995 Y113.293
G0 X123.357 Y101.501
G0 X118.965 Y101.254
G0 X118.991 Y101.531
G1 F3000 X118.585 Y101.125 E1292.71161
G0 F9000 X119.71 Y99.787
G0 X121.279 Y96.599
G0 X121.526 Y96.466
G1 F3000 X117.436 Y92.376 E1293.36089
G0 F9000 X119.896 Y98.028
G0 X120.079 Y98.887
G0 X119.71 Y99.787
G0 X118.958 Y100.283
G0 X118.506 Y100.418
G0 X108.804 Y101.841
G0 X105.596 Y102.231
G0 X104.863 Y102.121
G0 X104.543 Y102.002
G0 X102.087 Y100.664
G0 X102.217 Y100.417
G1 F3000 X99.204 Y103.431 E1293.83929
G0 F9000 X99.178 Y103.153
G0 X88.048 Y104.884
G0 X87.671 Y105.016
G0 X87.318 Y105.229
G0 X86.973 Y105.564
G0 X86.643 Y106.113
G0 X86.529 Y106.665
G0 X86.556 Y107.414
G0 X86.885 Y108.03
G0 X87.436 Y108.567
G0 X93.065 Y110.772
G0 X93.133 Y110.5
G1 F3000 X94.899 Y112.265 E1294.11956
G0 F9000 X94.842 Y112.016
G0 X92.266 Y110.573
G0 X92.335 Y110.299
G1 F3000 X90.497 Y112.137 E1294.41134
G0 F9000 X90.759 Y112.042
G0 X88.88 Y110.364
G0 X86.457 Y108.546
G0 X86.647 Y108.387
G1 F3000 X85.912 Y109.122 E1294.52802
G0 F9000 X85.916 Y108.852
G0 X84.33 Y109.16
G0 X84.443 Y109.41
G1 F3000 X76.609 Y101.576 E1295.77167
G1 F3600 E1291.77167
G0 F9000 X76.638 Y101.551
G0 X82.682 Y104.022
G0 X83.681 Y104.172
G0 X123.357 Y101.501
G0 X131.388 Y113.529
G0 X130.938 Y114.435
G0 X130.898 Y115.031
G0 X131.909 Y113.053
G0 X131.615 Y112.88
;TYPE:SKIN
G1 F3600 E1295.77167
G1 F1500 X131.552 Y112.668 E1295.79649
G1 X130.899 Y111.662 E1295.93112
G1 F1391 X130.853 Y111.504 E1295.95104
G1 F1137.8 X130.698 Y111.088 E1296.01674
G1 F1028.6 X130.475 Y110.767 E1296.08072
G1 F1040.5 X124.302 Y101.241 E1297.91771
G1 F1226.2 X123.86 Y101.023 E1297.98539
G1 F1500 X123.764 Y100.935 E1298.00001
G1 X123.513 Y100.811 E1298.03143
G1 X123.99 Y99.588 E1298.17879
G1 X124.406 Y99.58 E1298.2255
G1 X124.819 Y100.219 E1298.3109
G1 F1222.8 X124.946 Y100.654 E1298.3733
G1 F1035.7 X131.238 Y110.355 E1300.25318
G1 F1049 X131.458 Y110.619 E1300.30835
G1 F1241.4 X131.808 Y110.687 E1300.35671
G1 F1500 X132.057 Y110.81 E1300.38788
G1 X132.377 Y110.878 E1300.4246
G1 X132.794 Y110.875 E1300.47142
G1 X131.615 Y112.88 E1300.73251
G0 F9000 X131.909 Y113.053
G0 X132.579 Y111.914
G0 X131.727 Y111.412
G1 F1025.1 X131.673 Y111.506 E1300.75032
G1 X131.564 Y111.506 E1300.76822
G1 X131.509 Y111.412 E1300.78611
G1 X131.563 Y111.318 E1300.80392
G1 X131.672 Y111.318 E1300.82182
G1 X131.727 Y111.412 E1300.83971
G0 F9000 X132.579 Y111.914
G0 X134.166 Y109.919
G0 X133.563 Y109.984
G0 X132.679 Y110.598
G0 X124.554 Y99.301
G0 X123.803 Y99.315
G0 X123.4 Y100.167
G0 X124.343 Y100.534
G1 F1480.3 X124.305 Y100.6 E1300.84838
G1 X124.229 Y100.6 E1300.85702
G1 X124.191 Y100.534 E1300.86568
G1 X124.229 Y100.468 E1300.87435
G1 X124.305 Y100.468 E1300.88299
G1 X124.343 Y100.534 E1300.89166
G0 F9000 X122.934 Y99.986
G1 F3600 E1296.89166
G0 F9000 X123.803 Y99.315
G0 X124.554 Y99.301
G0 X127.993 Y104.649
G0 X130.262 Y107.066
G0 X131.756 Y106.094
G0 X132.306 Y105.742
G0 X132.315 Y106.404
;TYPE:WALL-INNER
G1 F3600 E1300.89166
G1 F1500 X133.698 Y104.096 E1301.19369
G1 X133.902 Y103.887 E1301.22647
G1 X134.144 Y103.76 E1301.25715
G1 X134.366 Y103.714 E1301.2826
G1 X134.593 Y103.725 E1301.30811
G1 X134.871 Y103.814 E1301.34088
G1 X136.479 Y105.032 E1301.56732
G1 X137.59 Y103.585 E1301.7721
G1 X137.815 Y103.415 E1301.80376
G1 X138.117 Y103.319 E1301.83933
G1 X138.484 Y103.333 E1301.88056
G1 X140.149 Y104.128 E1302.08767
G1 X141.046 Y102.441 E1302.30215
G1 X141.327 Y102.19 E1302.34444
G1 F1465.8 X141.933 Y102.062 E1302.41559
G1 F1492.5 X143.009 Y102.393 E1302.54259
G1 F1618.7 X144.086 Y102.724 E1302.65979
G1 F1691.7 X144.429 Y102.32 E1302.71254
G1 X144.095 Y102.175 E1302.74878
G1 F1642.3 X143.545 Y101.967 E1302.80907
G1 F1530.6 X142.46 Y101.578 E1302.93587
G1 F1451.6 X142.084 Y101.456 E1302.98172
G1 F1465.8 X141.2 Y101.138 E1303.08964
G1 F1500 X140.568 Y100.946 E1303.16378
G1 X139.982 Y100.788 E1303.23191
G1 X138.197 Y100.413 E1303.43666
G1 X136.038 Y100.004 E1303.68332
G1 X133.645 Y99.581 E1303.95611
G1 X132.45 Y99.409 E1304.09163
G1 X132.223 Y99.495 E1304.11888
G1 X130.205 Y103.164 E1304.58892
G1 X132.315 Y106.404 E1305.02295
G0 F9000 X132.306 Y105.742
G0 X132.328 Y106.875
G0 X132.337 Y107.537
;TYPE:WALL-OUTER
G1 F1500 X134.19 Y104.44 E1305.42807
G1 X134.338 Y104.328 E1305.4489
G1 X134.585 Y104.347 E1305.47671
G1 X136.594 Y105.872 E1305.75984
G1 X138.008 Y104.015 E1306.02185
G1 X138.196 Y103.914 E1306.0458
G1 X138.318 Y103.919 E1306.05951
G1 X140.409 Y104.917 E1306.31959
G1 X141.549 Y102.782 E1306.59128
G1 X141.634 Y102.706 E1306.60408
G1 X141.836 Y102.667 E1306.62717
G1 X144.28 Y103.369 E1306.91261
G1 X145.329 Y102.138 E1307.09416
G1 X144.971 Y101.947 E1307.13971
G1 X144.502 Y101.73 E1307.19772
G1 X143.753 Y101.424 E1307.28854
G1 X142.658 Y101.006 E1307.42011
G1 X141.376 Y100.564 E1307.57233
G1 X140.724 Y100.366 E1307.64882
G1 X140.122 Y100.204 E1307.7188
G1 X138.309 Y99.823 E1307.92676
G1 X136.142 Y99.413 E1308.17433
G1 X133.701 Y98.983 E1308.45256
G1 X132.406 Y98.796 E1308.59943
G1 X132.024 Y98.908 E1308.64412
G1 X131.733 Y99.141 E1308.68597
G1 X129.506 Y103.19 E1309.20469
G1 X132.337 Y107.537 E1309.78701
G0 F9000 X132.328 Y106.875
G0 X132.14 Y105.403
G0 X131.906 Y105.555
;TYPE:FILL
G1 F3000 X137.129 Y100.332 E1310.61616
G0 F9000 X136.984 Y101.097
G1 F3600 E1306.61616
;MESH:NONMESH
G0 F300 X136.984 Y101.097 Z4.25
G0 F9000 X129.877 Y103.181
G0 X128.374 Y104.154
G0 X132.547 Y110.63
G0 X134.87 Y106.822
G0 X130.875 Y118.452
G0 X130.995 Y113.293
G0 X125.933 Y105.612
G0 X110.162 Y115.035
G0 X110.046 Y115.471
;TIME_ELAPSED:903.837848
;LAYER:9
;TYPE:WALL-INNER
;MESH:sharkz.stl
G1 F3600 E1310.61616
G1 F1282.1 X111.573 Y115.873 E1310.82354
G1 F1257 X112.354 Y116.098 E1310.93242
G1 F1222.8 X112.926 Y116.285 E1311.01528
G1 F1165.8 X113.598 Y116.533 E1311.11874
G1 F1289.4 X114.108 Y116.882 E1311.19944
G1 F1500 X114.823 Y117.284 E1311.29152
G1 X115.136 Y117.514 E1311.33512
G1 X115.467 Y117.847 E1311.38782
G1 X115.715 Y118.147 E1311.43152
G1 X115.955 Y118.545 E1311.48369
G1 X116.136 Y118.909 E1311.52932
G1 X116.299 Y119.326 E1311.57958
G1 X116.415 Y119.718 E1311.62547
G1 X116.51 Y120.115 E1311.67129
G1 X116.582 Y120.516 E1311.71702
G1 X116.635 Y120.976 E1311.769
G1 X116.676 Y121.8 E1311.86161
G1 X116.656 Y122.625 E1311.95425
G1 X116.577 Y123.404 E1312.04214
G1 X116.459 Y124.124 E1312.12404
G1 X116.319 Y124.75 E1312.19605
G1 X116.163 Y125.295 E1312.25968
G1 X115.983 Y125.832 E1312.32326
G1 X115.37 Y127.359 E1312.50797
G1 X115.009 Y128.211 E1312.61184
G1 X114.552 Y129.219 E1312.73607
G1 X115.407 Y128.816 E1312.84218
G1 X115.817 Y128.563 E1312.89626
G1 X116.96 Y127.774 E1313.05216
G1 X117.715 Y127.213 E1313.15775
G1 X118.539 Y126.544 E1313.27689
G1 X119.43 Y125.761 E1313.41004
G1 X120.348 Y124.878 E1313.55302
G1 X121.227 Y123.926 E1313.69847
G1 X122.056 Y122.93 E1313.84394
G1 X122.797 Y121.963 E1313.98069
G1 X123.487 Y121 E1314.11368
G1 X124.423 Y119.595 E1314.30318
G1 X124.777 Y119.03 E1314.37803
G1 X125.538 Y117.756 E1314.54461
G1 X123.711 Y114.894 E1314.92576
G1 X123.393 Y115.453 E1314.99795
G1 X123.113 Y115.872 E1315.05452
G1 X122.816 Y116.223 E1315.10613
G1 X122.513 Y116.512 E1315.15313
G1 X122.174 Y116.772 E1315.20109
G1 X121.853 Y116.956 E1315.24263
G1 X121.39 Y117.172 E1315.29998
G1 X120.681 Y117.293 E1315.38071
G1 X120.165 Y117.288 E1315.43864
G1 X119.835 Y117.238 E1315.47611
G1 X114.484 Y115.845 E1316.09679
G1 F1289.4 X113.868 Y115.786 E1316.1776
G1 F1184.2 X112.548 Y115.403 E1316.37303
G1 F1257 X107.45 Y114.067 E1317.07899
G1 F1283.9 X102.352 Y112.73 E1317.7702
G1 F1323.5 X98.014 Y111.63 E1318.33955
G1 F1274.8 X96.954 Y111.409 E1318.48257
G1 F1321.6 X96.456 Y111.217 E1318.55057
G1 F1480.3 X95.969 Y111.087 E1318.6079
G1 F1500 X89.284 Y109.416 E1319.3814
G1 F1618.7 X87.921 Y109.029 E1319.52879
G1 F1630.4 X87.294 Y108.788 E1319.59816
G1 F1510.1 X86.913 Y108.48 E1319.65279
G1 F1500 X86.733 Y108.293 E1319.68192
G1 X86.353 Y107.577 E1319.77291
G1 X86.295 Y107.355 E1319.79867
G1 X86.268 Y106.621 E1319.88112
G1 X86.362 Y106.166 E1319.93327
G1 X86.471 Y105.886 E1319.967
G1 X86.763 Y105.397 E1320.03094
G1 X87.153 Y105.019 E1320.0919
G1 F1495 X87.561 Y104.774 E1320.1455
G1 F1480.3 X88.017 Y104.611 E1320.20059
G1 F1477.8 X88.543 Y104.572 E1320.26068
G1 F1495 X91.3 Y104.308 E1320.57262
G1 F1475.4 X91.792 Y104.252 E1320.62913
G1 F1397.5 X92.208 Y104.186 E1320.67988
G1 F1363.6 X93.19 Y104.102 E1320.80157
G1 F1351.4 X95.234 Y103.891 E1321.05761
G1 F1291.2 X97.278 Y103.679 E1321.32558
G1 F1372 X97.934 Y103.672 E1321.4061
G1 F1500 X104.715 Y103.021 E1322.17078
G1 F1424.1 X104.999 Y102.962 E1322.20508
G1 F1193.6 X105.429 Y102.829 E1322.26857
G1 F1076.6 X105.826 Y102.803 E1322.3308
G1 F1068.9 X107.938 Y102.583 E1322.6653
G1 F1026.2 X110.051 Y102.363 E1323.01387
G1 F1204.8 X110.662 Y102.451 E1323.10014
G1 F1500 X123.001 Y101.268 E1324.49158
G1 X123.294 Y101.305 E1324.52473
G1 X123.456 Y101.373 E1324.54445
G1 X123.788 Y101.678 E1324.59506
G1 X131.004 Y112.819 E1326.08508
G1 X131.128 Y113.117 E1326.12131
G1 X131.132 Y113.48 E1326.16206
G1 X131.024 Y113.766 E1326.19638
G1 X128.386 Y118.241 E1326.77949
G1 X128.008 Y118.904 E1326.86516
G1 X128.598 Y118.801 E1326.9324
G1 X129.55 Y118.563 E1327.04255
G1 X130.812 Y118.199 E1327.18999
G1 X132.031 Y117.825 E1327.33312
G1 X133.804 Y117.24 E1327.5427
G1 X135.05 Y116.797 E1327.69114
G1 X136.455 Y116.272 E1327.85951
G1 X138.059 Y115.636 E1328.0532
G1 X139.33 Y115.093 E1328.20835
G1 X140.792 Y114.449 E1328.38768
G1 X142.293 Y113.75 E1328.57354
G1 X142.886 Y113.46 E1328.64764
G1 X143.541 Y113.11 E1328.73101
G1 X144.116 Y112.786 E1328.80509
G1 X144.697 Y112.428 E1328.8817
G1 X145.795 Y111.694 E1329.02996
G1 X146.918 Y110.872 E1329.18618
G1 X148.019 Y110.008 E1329.34328
G1 X148.46 Y109.644 E1329.40747
G1 X149.166 Y109.011 E1329.51391
G1 X149.166 Y109.002 E1329.51492
G1 X149.491 Y108.686 E1329.56581
G1 X149.882 Y108.27 E1329.62989
G1 X150.194 Y107.887 E1329.68534
G1 X150.366 Y107.642 E1329.71895
G1 X150.485 Y107.359 E1329.75341
G1 X150.561 Y106.952 E1329.79989
G1 X150.508 Y106.682 E1329.83077
G1 X150.281 Y106.28 E1329.88259
G1 X149.977 Y105.94 E1329.93379
G1 X149.641 Y105.614 E1329.98634
G1 X149.242 Y105.279 E1330.04483
G1 X148.532 Y104.752 E1330.14408
G1 X147.856 Y104.297 E1330.23555
G1 X146.764 Y103.624 E1330.37954
G1 F1433.1 X145.246 Y105.33 E1330.64784
G1 F1315.8 X144.893 Y105.573 E1330.70269
G1 F1162.8 X144.695 Y105.666 E1330.73436
G1 F1071.4 X144.412 Y105.642 E1330.779
G1 F1246.5 X143.869 Y105.363 E1330.86146
G1 F1500 X142.664 Y105.02 E1331.0021
G1 F1505 X141.615 Y106.874 E1331.24042
G1 F1520.3 X141.387 Y107.061 E1331.27308
G1 F1515.2 X140.659 Y107.189 E1331.35522
G1 F1500 X138.767 Y106.289 E1331.59041
G1 X137.439 Y108.063 E1331.83916
G1 X137.195 Y108.251 E1331.87374
G1 X136.845 Y108.357 E1331.91479
G1 X136.454 Y108.306 E1331.95905
G1 X136.223 Y108.18 E1331.98859
G1 X134.944 Y107.219 E1332.16817
G1 X133.661 Y109.295 E1332.44212
G1 X133.212 Y110.041 E1332.53986
G1 X132.951 Y110.239 E1332.57664
G1 X132.561 Y110.367 E1332.62271
G1 X132.209 Y110.294 E1332.66307
G1 X131.964 Y110.157 E1332.69458
G1 X131.764 Y109.938 E1332.72787
G1 X124.696 Y99.03 E1334.1869
G1 X124.219 Y99.048 E1334.24048
G1 X123.733 Y99.048 E1334.29504
G1 X123.278 Y98.898 E1334.34882
G1 X123.028 Y98.749 E1334.38149
G1 X122.753 Y98.495 E1334.42351
G1 X122.539 Y98.188 E1334.46552
G1 X122.082 Y97.242 E1334.58345
G1 X121.512 Y96.19 E1334.71776
G1 X121.126 Y95.563 E1334.80041
G1 X120.741 Y94.98 E1334.87884
G1 X120.296 Y94.377 E1334.96296
G1 X119.819 Y93.807 E1335.0464
G1 X118.592 Y92.477 E1335.24952
G1 X117.556 Y91.435 E1335.41446
G1 X117.171 Y91.076 E1335.47355
G1 X116.96 Y90.893 E1335.50491
G1 X116.976 Y91.719 E1335.59765
G1 X116.98 Y93.173 E1335.76086
G1 X116.936 Y94.491 E1335.90889
G1 X116.829 Y95.549 E1336.02826
G1 X116.698 Y96.561 E1336.14281
G1 X116.545 Y97.416 E1336.24031
G1 X118.513 Y97.461 E1336.46128
G1 X119.012 Y97.613 E1336.51984
G1 X119.381 Y97.939 E1336.57511
G1 X119.586 Y98.209 E1336.61316
G1 X119.672 Y98.602 E1336.65832
G1 X119.686 Y98.844 E1336.68553
G1 X119.594 Y99.201 E1336.72692
G1 X119.341 Y99.62 E1336.78186
G1 X118.957 Y99.88 E1336.83392
G1 X118.448 Y100.083 E1336.89543
G1 X110.517 Y101.245 E1337.79521
G1 F1204.8 X109.945 Y101.477 E1337.88148
G1 F1021.6 X108.975 Y101.607 E1338.04279
G1 F1063.8 X105.71 Y101.988 E1338.56307
G1 F1077.8 X105.454 Y101.991 E1338.60306
G1 F1193.6 X105.032 Y101.832 E1338.66668
G1 F1424.1 X104.873 Y101.76 E1338.68731
G1 F1500 X104.447 Y101.608 E1338.73809
G1 X102.672 Y100.52 E1338.97179
G1 X102.184 Y100.265 E1339.0336
G1 X101.585 Y99.992 E1339.10749
G1 X100.234 Y99.451 E1339.27085
G1 X98.988 Y99.01 E1339.41922
G1 X99.051 Y99.339 E1339.45682
G1 X99.102 Y99.793 E1339.50811
G1 X99.086 Y100.342 E1339.56976
G1 X98.982 Y100.896 E1339.63303
G1 X98.81 Y101.344 E1339.6869
G1 X98.631 Y101.658 E1339.72747
G1 X98.4 Y101.981 E1339.77205
G1 X98.106 Y102.298 E1339.82058
G1 X97.716 Y102.61 E1339.87665
G1 F1446.9 X97.367 Y102.853 E1339.92613
G1 F1327.4 X97.151 Y102.982 E1339.95805
G1 F1291.2 X95.124 Y103.219 E1340.22417
G1 F1351.4 X93.097 Y103.457 E1340.47847
G1 F1363.6 X92.158 Y103.521 E1340.59468
G1 F1397.5 X91.861 Y103.465 E1340.6311
G1 F1475.4 X91.328 Y103.305 E1340.69461
G1 F1500 X89.719 Y102.739 E1340.88607
G1 X88.861 Y102.468 E1340.98708
G1 X88.884 Y102.682 E1341.01124
G1 X88.833 Y103.088 E1341.05717
G1 X88.748 Y103.315 E1341.08438
G1 F1495 X88.318 Y103.805 E1341.1578
G1 F1465.8 X87.937 Y104.012 E1341.20761
G1 F1458.7 X87.704 Y104.078 E1341.23557
G1 F1485.1 X84.027 Y104.43 E1341.65435
G1 F1500 X83.638 Y104.43 E1341.69802
G1 X83.104 Y104.377 E1341.75826
G1 X82.662 Y104.286 E1341.80891
G1 X82.138 Y104.108 E1341.87103
G1 X81.794 Y103.939 E1341.91406
G1 X81.419 Y103.703 E1341.9638
G1 X80.717 Y103.055 E1342.07104
G1 X80.184 Y102.599 E1342.14978
G1 X79.481 Y102.073 E1342.24833
G1 X77.859 Y100.976 E1342.46814
G1 X76.832 Y100.357 E1342.60275
G1 X76.292 Y100.062 E1342.67182
G1 X75.6 Y99.719 E1342.75852
G1 X75.111 Y99.557 E1342.81634
G1 X74.629 Y99.436 E1342.87213
G1 X74.029 Y99.355 E1342.94009
G1 X74.311 Y99.608 E1342.98262
G1 X75.181 Y100.498 E1343.12233
G1 X76.465 Y101.963 E1343.341
G1 X77.257 Y103.003 E1343.48774
G1 X77.933 Y103.947 E1343.61808
G1 X78.544 Y104.893 E1343.74449
G1 X78.752 Y105.261 E1343.79194
G1 X79.01 Y105.817 E1343.86075
G1 X79.066 Y106.039 E1343.88645
G1 X79.1 Y106.64 E1343.95402
G1 X79.039 Y107.172 E1344.01413
G1 X78.951 Y107.568 E1344.05966
G1 X78.782 Y108.128 E1344.12533
G1 X78.591 Y108.639 E1344.18656
G1 X78.151 Y109.627 E1344.30797
G1 X77.578 Y110.744 E1344.44889
G1 X76.994 Y111.764 E1344.58083
G1 X76.356 Y112.798 E1344.71722
G1 X75.769 Y113.703 E1344.8383
G1 X75.486 Y114.177 E1344.90027
G1 X75.182 Y114.625 E1344.96105
G1 X74.837 Y115.094 E1345.0264
G1 X74.305 Y115.743 E1345.1206
G1 X73.572 Y116.525 E1345.24092
G1 X73.014 Y117.063 E1345.32793
G1 X73.1 Y117.882 E1345.42037
G1 X73.077 Y118.318 E1345.46938
G1 F1485.1 X72.744 Y118.919 E1345.54728
G1 F1473 X72.355 Y119.119 E1345.59728
G1 F1388.9 X71.938 Y119.255 E1345.65045
G1 F1150.9 X71.187 Y119.345 E1345.76111
G1 F1026.2 X70.87 Y119.343 E1345.81313
G1 X70.426 Y120.674 E1346.04334
G1 X71.39 Y120.17 E1346.22183
G1 F1150.9 X72.096 Y119.903 E1346.33226
G1 F1388.9 X72.635 Y119.659 E1346.40398
G1 F1470.6 X73.148 Y119.386 E1346.47052
G1 F1482.7 X74.08 Y118.868 E1346.59161
G1 F1500 X74.627 Y118.535 E1346.6635
G1 X75.687 Y117.81 E1346.80765
G1 X76.712 Y117.052 E1346.95076
G1 X77.36 Y116.544 E1347.04318
G1 X78.004 Y116.009 E1347.13717
G1 X78.661 Y115.428 E1347.23562
G1 X79.314 Y114.812 E1347.33639
G1 X79.984 Y114.131 E1347.44363
G1 X80.652 Y113.406 E1347.55429
G1 X82.948 Y110.765 E1347.94712
G1 X83.411 Y110.275 E1348.02279
G1 X83.863 Y109.88 E1348.09017
G1 X84.288 Y109.617 E1348.14628
G1 X84.623 Y109.462 E1348.18771
G1 X85.038 Y109.338 E1348.23633
G1 X85.392 Y109.279 E1348.27662
G1 X85.78 Y109.249 E1348.3203
G1 X86.239 Y109.259 E1348.37184
G1 X86.96 Y109.32 E1348.45306
G1 F1535.8 X87.294 Y109.382 E1348.4903
G1 F1654.4 X87.939 Y109.566 E1348.55857
G1 F1679.1 X88.405 Y109.743 E1348.60856
G1 F1587.3 X88.838 Y109.974 E1348.66062
G1 F1528 X89.372 Y110.526 E1348.74525
G1 F1500 X89.641 Y110.842 E1348.79183
G1 X89.845 Y111.11 E1348.82964
G1 X90.112 Y111.539 E1348.88636
G1 X90.281 Y111.901 E1348.93121
G1 X90.481 Y112.445 E1348.99627
G1 X90.665 Y113.08 E1349.07048
G1 X90.779 Y113.653 E1349.13606
G1 X92.169 Y113.206 E1349.29996
G1 X92.34 Y113.164 E1349.31973
G1 X94.59 Y112.483 E1349.58361
G1 X95.251 Y112.332 E1349.65973
G1 X95.795 Y112.256 E1349.72138
G1 F1480.3 X96.366 Y112.209 E1349.78655
G1 F1321.6 X96.864 Y112.143 E1349.85056
G1 F1260.5 X97.776 Y112.255 E1349.9733
G1 F1308.1 X102.18 Y113.401 E1350.55905
G1 F1295 X110.046 Y115.471 E1351.61666
G1 F3600 E1347.61666
G0 F9000 X110.162 Y115.035
G0 X87.973 Y108.819
G0 X87.436 Y108.567
G0 X86.885 Y108.03
G0 X86.556 Y107.414
G0 X86.529 Y106.665
G0 X86.643 Y106.113
G0 X86.973 Y105.564
G0 X87.318 Y105.229
G0 X87.671 Y105.016
G0 X88.048 Y104.884
G0 X123.357 Y101.501
G0 X131.388 Y113.529
G0 X130.938 Y114.435
G0 X130.898 Y115.031
G0 X140.371 Y111.503
G0 X140.391 Y110.966
G1 F3600 E1351.61666
G1 F1500 X140.138 Y110.707 E1351.6573
G1 X140.036 Y110.489 E1351.68432
G1 X140 Y110.125 E1351.72537
G1 X140.074 Y109.851 E1351.75723
G1 X140.282 Y109.387 E1351.81431
G1 X140.493 Y109.003 E1351.8635
G1 X140.734 Y108.647 E1351.91176
G1 X141.023 Y108.295 E1351.96288
G1 F1510.1 X141.854 Y107.422 E1352.09727
G1 X142.33 Y107.123 E1352.15995
G1 F1502.5 X142.771 Y106.896 E1352.21554
G1 F1500 X143.398 Y106.708 E1352.28901
G1 X143.813 Y106.628 E1352.33646
G1 F1428.6 X143.91 Y106.586 E1352.34892
G1 F1198.4 X144.292 Y106.473 E1352.40489
G1 F1071.4 X144.66 Y106.497 E1352.46284
G1 F1162.8 X144.96 Y106.6 E1352.50877
G1 F1308.1 X145.029 Y106.635 E1352.51873
G1 F1424.1 X145.759 Y106.859 E1352.60902
G1 F1500 X146.557 Y107.165 E1352.70496
G1 X146.824 Y107.393 E1352.74437
G1 X146.997 Y107.752 E1352.7891
G1 X147.001 Y108.115 E1352.82985
G1 X146.851 Y108.558 E1352.88236
G1 X146.706 Y108.83 E1352.91696
G1 X145.773 Y109.687 E1353.05916
G1 X145.017 Y110.166 E1353.15963
G1 X144.213 Y110.585 E1353.2614
G1 X143.801 Y110.766 E1353.31191
G1 X143.304 Y110.934 E1353.37081
G1 X142.916 Y111.03 E1353.41567
G1 X142.463 Y111.103 E1353.46718
G1 X142.053 Y111.138 E1353.51337
G1 X141.628 Y111.148 E1353.56109
G1 X140.862 Y111.12 E1353.64713
G1 X140.608 Y111.073 E1353.67613
G1 X140.391 Y110.966 E1353.70329
G0 F9000 X140.826 Y110.518
;TYPE:WALL-OUTER
G1 F1500 X140.643 Y110.383 E1353.72882
G1 X140.598 Y110.261 E1353.74341
G1 X140.622 Y110.097 E1353.76202
G1 X140.84 Y109.612 E1353.82171
G1 X140.993 Y109.334 E1353.85733
G1 X141.199 Y109.026 E1353.89892
G1 X141.461 Y108.706 E1353.94535
G1 X142.205 Y107.914 E1354.06733
G1 X142.603 Y107.656 E1354.12057
G1 X143.018 Y107.449 E1354.17263
G1 X143.478 Y107.305 E1354.22674
G1 X143.96 Y107.212 E1354.28184
G1 X144.24 Y107.191 E1354.31336
G1 X144.567 Y107.21 E1354.35013
G1 X144.898 Y107.254 E1354.38761
G1 X145.226 Y107.324 E1354.42526
G1 X145.544 Y107.419 E1354.46251
G1 X146.261 Y107.695 E1354.54876
G1 X146.39 Y107.862 E1354.57244
G1 X146.405 Y108.004 E1354.58847
G1 X146.268 Y108.409 E1354.63647
G1 X145.418 Y109.203 E1354.76703
G1 X144.675 Y109.671 E1354.8656
G1 X143.973 Y110.035 E1354.95437
G1 X143.579 Y110.208 E1355.00267
G1 X143.16 Y110.352 E1355.05241
G1 X142.772 Y110.448 E1355.09727
G1 X142.353 Y110.511 E1355.14484
G1 X142.005 Y110.54 E1355.18404
G1 X141.636 Y110.548 E1355.22547
G1 X140.826 Y110.518 E1355.31645
G1 F3600 E1351.31645
G0 F9000 X140.789 Y111.519
G0 X130.898 Y115.031
G0 X130.938 Y114.435
G0 X131.201 Y112.639
G0 X123.357 Y101.501
G0 X88.048 Y104.884
G0 X87.671 Y105.016
G0 X87.318 Y105.229
G0 X86.973 Y105.564
G0 X86.643 Y106.113
G0 X86.529 Y106.665
G0 X86.556 Y107.414
G0 X86.885 Y108.03
G0 X87.436 Y108.567
G0 X87.871 Y108.771
G0 X110.327 Y115.078
G0 X110.045 Y116.146
G1 F3600 E1355.31645
G1 F1500 X111.386 Y116.5 E1355.47214
G1 X112.181 Y116.737 E1355.56526
G1 X112.713 Y116.925 E1355.6286
G1 X113.3 Y117.164 E1355.69975
G1 X113.87 Y117.433 E1355.7705
G1 X114.438 Y117.749 E1355.84346
G1 X114.755 Y117.981 E1355.88756
G1 X115.004 Y118.229 E1355.92701
G1 X115.212 Y118.48 E1355.9636
G1 X115.408 Y118.794 E1356.00515
G1 X115.579 Y119.132 E1356.04767
G1 X115.724 Y119.498 E1356.09186
G1 X115.832 Y119.86 E1356.13427
G1 X115.92 Y120.222 E1356.17609
G1 X115.99 Y120.616 E1356.22101
G1 X116.036 Y121.008 E1356.26531
G1 X116.076 Y121.764 E1356.35029
G1 X116.059 Y122.566 E1356.44034
G1 X115.985 Y123.308 E1356.52405
G1 X115.873 Y123.994 E1356.60207
G1 X115.741 Y124.586 E1356.67016
G1 X115.593 Y125.107 E1356.73095
G1 X115.427 Y125.608 E1356.7902
G1 X114.817 Y127.125 E1356.97374
G1 X114.462 Y127.964 E1357.076
G1 X113.462 Y130.173 E1357.34819
G1 X113.931 Y130.071 E1357.40207
G1 X114.397 Y129.923 E1357.45696
G1 X114.876 Y129.736 E1357.51468
G1 X115.695 Y129.344 E1357.6166
G1 X116.135 Y129.072 E1357.67467
G1 X117.318 Y128.256 E1357.83599
G1 X118.083 Y127.687 E1357.94301
G1 X118.955 Y126.977 E1358.06924
G1 X119.836 Y126.203 E1358.20088
G1 X120.777 Y125.298 E1358.34743
G1 X121.678 Y124.322 E1358.49654
G1 X122.525 Y123.304 E1358.64519
G1 X123.279 Y122.321 E1358.78426
G1 X123.957 Y121.377 E1358.91473
G1 X124.927 Y119.921 E1359.11112
G1 X125.28 Y119.359 E1359.18561
G1 X126.243 Y117.746 E1359.39649
G1 X123.68 Y113.73 E1359.93128
G1 X122.891 Y115.125 E1360.11119
G1 X122.672 Y115.461 E1360.15621
G1 X122.395 Y115.795 E1360.20492
G1 X122.139 Y116.043 E1360.24493
G1 X121.893 Y116.239 E1360.28024
G1 X121.619 Y116.402 E1360.31602
G1 X121.21 Y116.593 E1360.36669
G1 X120.655 Y116.688 E1360.4299
G1 X120.225 Y116.691 E1360.47817
G1 X119.942 Y116.648 E1360.5103
G1 X102.509 Y112.102 E1362.53265
G1 X88.119 Y108.508 E1364.19759
G1 X87.619 Y108.279 E1364.25932
G1 X87.246 Y107.978 E1364.31313
G1 X86.892 Y107.321 E1364.3969
G1 X86.868 Y106.696 E1364.46711
G1 X86.96 Y106.238 E1364.51955
G1 X87.239 Y105.771 E1364.58061
G1 X87.524 Y105.496 E1364.62507
G1 X87.79 Y105.337 E1364.65986
G1 X88.114 Y105.217 E1364.69864
G1 X123.021 Y101.868 E1368.63505
G1 X123.174 Y101.903 E1368.65267
G1 X123.284 Y102.004 E1368.66943
G1 X130.542 Y113.21 E1370.16813
G1 X130.543 Y113.399 E1370.18935
G1 X127.865 Y117.944 E1370.78152
G1 X127.427 Y118.715 E1370.88106
G1 X127.314 Y118.956 E1370.91093
G1 X127.235 Y119.223 E1370.94219
G1 X127.255 Y119.365 E1370.95829
G1 X127.493 Y119.479 E1370.98791
G1 X127.745 Y119.526 E1371.01669
G1 X128.071 Y119.502 E1371.05338
G1 X128.713 Y119.39 E1371.12653
G1 X129.694 Y119.146 E1371.24001
G1 X130.987 Y118.773 E1371.39107
G1 X132.219 Y118.395 E1371.53573
G1 X133.998 Y117.808 E1371.74602
G1 X135.233 Y117.37 E1371.89311
G1 X136.675 Y116.83 E1372.06596
G1 X138.295 Y116.188 E1372.26157
G1 X139.54 Y115.656 E1372.41355
G1 X141.044 Y114.993 E1372.59805
G1 X142.483 Y114.325 E1372.77614
G1 X143.168 Y113.99 E1372.86174
G1 X143.835 Y113.633 E1372.94666
G1 X144.43 Y113.297 E1373.02336
G1 X145.029 Y112.928 E1373.10234
G1 X146.124 Y112.197 E1373.25013
G1 X147.288 Y111.344 E1373.41212
G1 X148.401 Y110.471 E1373.5709
G1 X148.86 Y110.091 E1373.63779
G1 X149.61 Y109.419 E1373.75083
G1 X149.61 Y109.406 E1373.75229
G1 X149.918 Y109.108 E1373.8004
G1 X150.334 Y108.666 E1373.86854
G1 X150.672 Y108.25 E1373.9287
G1 X150.895 Y107.934 E1373.97212
G1 X151.055 Y107.551 E1374.01871
G1 X151.128 Y107.272 E1374.05108
G1 X151.168 Y106.928 E1374.08996
G1 X151.078 Y106.47 E1374.14236
G1 X150.832 Y106.037 E1374.19826
G1 X150.655 Y105.798 E1374.23164
G1 X150.411 Y105.524 E1374.27283
G1 X150.043 Y105.168 E1374.3303
G1 X149.614 Y104.808 E1374.39317
G1 X148.878 Y104.262 E1374.49604
G1 X148.181 Y103.793 E1374.59034
G1 X146.645 Y102.853 E1374.79249
G1 X144.863 Y104.859 E1375.09368
G1 X144.725 Y104.939 E1375.11159
G1 X144.611 Y104.95 E1375.12445
G1 X142.374 Y104.314 E1375.38551
G1 X141.143 Y106.497 E1375.66683
G1 X141.066 Y106.561 E1375.67807
G1 X140.833 Y106.6 E1375.70459
G1 X138.581 Y105.537 E1375.98413
G1 X136.983 Y107.666 E1376.28295
G1 X136.791 Y107.759 E1376.3069
G1 X136.635 Y107.739 E1376.32455
G1 X134.779 Y106.345 E1376.58511
G1 X133.146 Y108.987 E1376.93376
G1 X132.766 Y109.622 E1377.01683
G1 X132.64 Y109.724 E1377.03503
G1 X132.499 Y109.748 E1377.05109
G1 X132.309 Y109.676 E1377.07389
G1 X125.176 Y98.668 E1378.54632
G1 X125.115 Y98.413 E1378.57575
G1 X124.184 Y98.448 E1378.68033
G1 X123.833 Y98.445 E1378.71973
G1 X123.456 Y98.327 E1378.76408
G1 X123.221 Y98.12 E1378.79923
G1 X123.045 Y97.862 E1378.83429
G1 X122.616 Y96.969 E1378.9455
G1 X122.032 Y95.89 E1379.08322
G1 X121.667 Y95.294 E1379.16167
G1 X121.233 Y94.636 E1379.25015
G1 X120.768 Y94.006 E1379.33805
G1 X120.27 Y93.411 E1379.42515
G1 X119.039 Y92.076 E1379.62899
G1 X117.966 Y90.997 E1379.79981
G1 X117.564 Y90.622 E1379.86152
G1 X117.174 Y90.285 E1379.91938
G1 X116.848 Y90.035 E1379.96549
G1 X116.472 Y89.789 E1380.01593
G1 X116.393 Y89.81 E1380.02511
G1 X116.341 Y89.994 E1380.04657
G1 X116.376 Y91.721 E1380.24047
G1 X116.38 Y93.154 E1380.40133
G1 X116.339 Y94.431 E1380.54475
G1 X116.234 Y95.471 E1380.66209
G1 X116.1 Y96.498 E1380.77835
G1 X115.889 Y97.664 E1380.91136
G1 X115.822 Y97.938 E1380.94302
G1 X115.941 Y98.004 E1380.9583
G1 X118.441 Y98.053 E1381.23899
G1 X118.749 Y98.17 E1381.27597
G1 X118.962 Y98.369 E1381.30869
G1 X119.042 Y98.502 E1381.32611
G1 X119.088 Y98.796 E1381.35952
G1 X118.956 Y99.125 E1381.39931
G1 X118.727 Y99.326 E1381.43351
G1 X118.316 Y99.494 E1381.48336
G1 X108.885 Y100.878 E1382.55335
G1 X105.604 Y101.284 E1382.92446
G1 X105.075 Y101.195 E1382.98468
G1 X104.683 Y101.048 E1383.03168
G1 X102.968 Y99.998 E1383.2574
G1 X102.448 Y99.726 E1383.32328
G1 X101.821 Y99.44 E1383.40064
G1 X100.446 Y98.889 E1383.56692
G1 X99.123 Y98.422 E1383.72441
G1 X98.195 Y98.135 E1383.83345
G1 X98.125 Y98.151 E1383.84151
G1 X98.125 Y98.237 E1383.85116
G1 X98.291 Y98.683 E1383.90458
G1 X98.379 Y99.021 E1383.94379
G1 X98.455 Y99.406 E1383.98784
G1 X98.499 Y99.798 E1384.03212
G1 X98.483 Y100.3 E1384.0885
G1 X98.393 Y100.755 E1384.14056
G1 X98.277 Y101.059 E1384.17709
G1 X98.109 Y101.361 E1384.21588
G1 X97.918 Y101.623 E1384.25228
G1 X97.684 Y101.867 E1384.29023
G1 X97.306 Y102.166 E1384.34433
G1 X97.001 Y102.347 E1384.38414
G1 X93.026 Y102.836 E1384.83371
G1 X92.07 Y102.891 E1384.9412
G1 X91.547 Y102.746 E1385.00212
G1 X89.921 Y102.173 E1385.19565
G1 X88.783 Y101.821 E1385.32936
G1 X87.834 Y101.564 E1385.43973
G1 X88.261 Y102.501 E1385.55532
G1 X88.287 Y102.744 E1385.58275
G1 X88.186 Y103.108 E1385.62515
G1 X88.042 Y103.271 E1385.64957
G1 X87.643 Y103.477 E1385.69997
G1 X84.254 Y103.812 E1386.08225
G1 X83.983 Y103.832 E1386.11276
G1 X83.679 Y103.831 E1386.14688
G1 X83.2 Y103.785 E1386.2009
G1 X82.772 Y103.695 E1386.24999
G1 X82.392 Y103.564 E1386.29511
G1 X82.112 Y103.431 E1386.32991
G1 X81.799 Y103.234 E1386.37142
G1 X81.108 Y102.6 E1386.47669
G1 X80.56 Y102.131 E1386.55766
G1 X79.853 Y101.601 E1386.65685
G1 X78.182 Y100.47 E1386.88335
G1 X77.13 Y99.837 E1387.02117
G1 X76.569 Y99.53 E1387.09295
G1 X75.829 Y99.163 E1387.18568
G1 X75.279 Y98.981 E1387.25071
G1 X74.754 Y98.848 E1387.3115
G1 X73.795 Y98.718 E1387.42014
G1 X73.004 Y98.645 E1387.50931
G1 X72.553 Y98.651 E1387.55994
G1 X72.443 Y98.708 E1387.57384
G1 X72.58 Y98.875 E1387.59809
G1 X73.883 Y100.029 E1387.79347
G1 X74.719 Y100.881 E1387.92746
G1 X75.987 Y102.326 E1388.14327
G1 X76.769 Y103.353 E1388.28817
G1 X77.452 Y104.308 E1388.41996
G1 X78.022 Y105.188 E1388.53766
G1 X78.23 Y105.556 E1388.58511
G1 X78.469 Y106.074 E1388.64915
G1 X78.499 Y106.641 E1388.71288
G1 X78.457 Y107.023 E1388.75602
G1 X78.36 Y107.459 E1388.80616
G1 X78.22 Y107.919 E1388.86014
G1 X78.043 Y108.395 E1388.91714
G1 X77.603 Y109.383 E1389.03855
G1 X77.057 Y110.446 E1389.17269
G1 X76.458 Y111.491 E1389.3079
G1 X75.852 Y112.472 E1389.43734
G1 X75.259 Y113.387 E1389.55974
G1 X74.989 Y113.841 E1389.61903
G1 X74.698 Y114.27 E1389.67722
G1 X74.368 Y114.719 E1389.73977
G1 X73.841 Y115.363 E1389.83318
G1 X73.124 Y116.125 E1389.95063
G1 X72.517 Y116.709 E1390.04518
G1 X72.398 Y116.944 E1390.07475
G1 X72.503 Y117.944 E1390.18762
G1 X72.45 Y118.266 E1390.22425
G1 X72.36 Y118.424 E1390.24467
G1 X72.081 Y118.58 E1390.28055
G1 X71.942 Y118.612 E1390.29656
G1 X70.34 Y118.602 E1390.47639
G1 X69.152 Y122.161 E1390.89757
G1 X71.273 Y121.067 E1391.16546
G1 X73.445 Y119.916 E1391.4414
G1 X74.287 Y119.443 E1391.54981
G1 X74.929 Y119.055 E1391.63401
G1 X76.043 Y118.293 E1391.78552
G1 X77.094 Y117.517 E1391.93217
G1 X77.743 Y117.006 E1392.02489
G1 X78.4 Y116.459 E1392.12086
G1 X79.073 Y115.864 E1392.22169
G1 X79.734 Y115.241 E1392.32366
G1 X80.418 Y114.545 E1392.4332
G1 X81.104 Y113.8 E1392.54688
G1 X83.415 Y111.144 E1392.94208
G1 X83.857 Y110.678 E1393.01418
G1 X84.189 Y110.386 E1393.06381
G1 X84.528 Y110.168 E1393.10906
G1 X84.842 Y110.02 E1393.14802
G1 X85.172 Y109.923 E1393.18663
G1 X85.488 Y109.871 E1393.22258
G1 X85.82 Y109.848 E1393.25994
G1 X86.189 Y109.857 E1393.30137
G1 X86.875 Y109.914 E1393.37864
G1 X87.211 Y109.962 E1393.41674
G1 X87.688 Y110.068 E1393.47159
G1 X88.203 Y110.29 E1393.53455
G1 X88.455 Y110.442 E1393.56758
G1 X88.94 Y110.943 E1393.64586
G1 X89.163 Y111.206 E1393.68456
G1 X89.382 Y111.495 E1393.72527
G1 X89.571 Y111.798 E1393.76535
G1 X89.718 Y112.108 E1393.80387
G1 X89.918 Y112.652 E1393.86893
G1 X90.078 Y113.202 E1393.93323
G1 X90.178 Y113.684 E1393.98848
G1 X90.245 Y114.191 E1394.04589
G1 X90.372 Y114.276 E1394.06305
G1 X90.706 Y114.307 E1394.1007
G1 X92.315 Y113.788 E1394.29048
G1 X92.5 Y113.742 E1394.31188
G1 X94.727 Y113.067 E1394.5731
G1 X95.334 Y112.926 E1394.64305
G1 X95.878 Y112.85 E1394.70471
G1 X96.404 Y112.816 E1394.76387
G1 X96.889 Y112.817 E1394.81832
G1 X97.705 Y112.889 E1394.91027
G1 X110.045 Y116.146 E1396.34291
G0 F9000 X110.299 Y115.182
G0 X113.045 Y116.046
G0 X114.3 Y116.597
G0 X115.344 Y117.249
G0 X115.989 Y117.952
G0 X116.438 Y118.75
G0 X116.948 Y120.29
G0 X116.673 Y120.338
;TYPE:FILL
G1 F3000 X119.685 Y117.326 E1396.82106
G1 F3600 E1392.82106
G0 F9000 X119.614 Y117.597
G0 X87.973 Y108.819
G0 X87.436 Y108.567
G0 X86.885 Y108.03
G0 X86.556 Y107.414
G0 X86.529 Y106.665
G0 X86.643 Y106.113
G0 X86.973 Y105.564
G0 X87.318 Y105.229
G0 X87.671 Y105.016
G0 X88.048 Y104.884
G0 X123.357 Y101.501
G0 X130.995 Y113.293
G0 X130.571 Y115.325
G0 X130.328 Y115.182
G1 F3600 E1396.82106
G1 F3000 X137.092 Y108.419 E1397.89477
G0 F9000 X137.465 Y108.698
G0 X138.234 Y107.67
G0 X138.009 Y107.501
G1 F3000 X138.985 Y106.525 E1398.04971
G0 F9000 X138.865 Y106.778
G0 X137.015 Y109.179
G0 X134.423 Y108.823
G0 X134.186 Y108.676
G1 F3000 X140.122 Y114.613 E1398.99212
G0 F9000 X140.012 Y114.361
G0 X133.946 Y116.763
G0 X134.039 Y117.029
G1 F3000 X131.019 Y114.009 E1399.47155
G0 F9000 X131.262 Y114.152
G0 X130.898 Y115.031
G0 X130.995 Y113.293
G0 X123.152 Y101.013
G0 X120.578 Y95.456
G0 X120.812 Y95.302
G1 F3000 X117.753 Y92.243 E1399.95716
G0 F9000 X119.893 Y97.979
G0 X120.065 Y98.838
G0 X119.842 Y99.559
G0 X119.328 Y100.097
G0 X118.568 Y100.408
G0 X108.804 Y101.841
G0 X105.596 Y102.231
G0 X104.863 Y102.121
G0 X104.543 Y102.002
G0 X102.383 Y100.818
G0 X102.513 Y100.571
G1 F3000 X99.701 Y103.383 E1400.40357
G0 F9000 X99.675 Y103.105
G0 X88.048 Y104.884
G0 X87.671 Y105.016
G0 X87.318 Y105.229
G0 X86.973 Y105.564
G0 X86.643 Y106.113
G0 X86.529 Y106.665
G0 X86.556 Y107.414
G0 X86.885 Y108.03
G0 X87.436 Y108.567
G0 X93.669 Y110.924
G0 X93.737 Y110.654
G1 F3000 X95.153 Y112.069 E1400.62828
G0 F9000 X95.127 Y111.95
G0 X92.625 Y110.663
G0 X92.693 Y110.391
G1 F3000 X90.614 Y112.47 E1400.95832
G0 F9000 X90.885 Y112.393
G0 X88.896 Y110.4
G0 X86.241 Y108.226
G0 X86.491 Y108.093
G1 F3000 X85.427 Y109.157 E1401.12723
G0 F9000 X85.382 Y108.878
G0 X83.994 Y109.324
G0 X84.144 Y109.561
G1 F3000 X76.823 Y102.239 E1402.28951
G1 F3600 E1398.28951
G0 F9000 X77.048 Y102.069
G0 X82.682 Y104.022
G0 X83.681 Y104.172
G0 X123.357 Y101.501
G0 X131.388 Y113.529
G0 X130.938 Y114.435
G0 X130.898 Y115.031
G0 X131.909 Y113.053
G0 X131.615 Y112.88
;TYPE:SKIN
G1 F3600 E1402.28951
G1 F1500 X131.552 Y112.668 E1402.31434
G1 X130.899 Y111.662 E1402.44897
G1 F1391 X130.853 Y111.504 E1402.46889
G1 F1137.8 X130.698 Y111.088 E1402.53459
G1 F1028.6 X130.475 Y110.767 E1402.59857
G1 F1039.3 X124.301 Y101.239 E1404.43804
G1 F1226.2 X123.859 Y101.023 E1404.5056
G1 F1500 X123.676 Y100.879 E1404.53174
G1 X123.514 Y100.811 E1404.55146
G1 X123.986 Y99.588 E1404.69861
G1 X124.409 Y99.58 E1404.7461
G1 X124.822 Y100.215 E1404.83114
G1 F1222.8 X124.949 Y100.654 E1404.89406
G1 F1034.5 X131.238 Y110.355 E1406.77584
G1 F1049 X131.458 Y110.619 E1406.831
G1 F1241.4 X131.808 Y110.687 E1406.87936
G1 F1500 X132.057 Y110.81 E1406.91054
G1 X132.377 Y110.878 E1406.94726
G1 X132.794 Y110.875 E1406.99407
G1 X131.615 Y112.88 E1407.25517
G0 F9000 X131.909 Y113.053
G0 X132.579 Y111.914
G0 X131.727 Y111.412
G1 F1025.1 X131.673 Y111.506 E1407.27298
G1 X131.564 Y111.506 E1407.29088
G1 X131.509 Y111.412 E1407.30877
G1 X131.563 Y111.318 E1407.32658
G1 X131.672 Y111.318 E1407.34448
G1 X131.727 Y111.412 E1407.36237
G0 F9000 X132.579 Y111.914
G0 X134.166 Y109.919
G0 X133.563 Y109.984
G0 X132.679 Y110.598
G0 X125.11 Y100.037
G0 X124.344 Y100.533
G1 F1475.4 X124.306 Y100.599 E1407.37106
G1 X124.23 Y100.599 E1407.37974
G1 X124.192 Y100.533 E1407.38843
G1 X124.23 Y100.467 E1407.39712
G1 X124.306 Y100.467 E1407.40579
G1 X124.344 Y100.533 E1407.41448
G1 F3600 E1403.41448
G0 F9000 X125.11 Y100.037
G0 X130.245 Y107.076
G0 X131.772 Y106.083
G0 X132.306 Y105.742
G0 X132.315 Y106.404
;TYPE:WALL-INNER
G1 F3600 E1407.41448
G1 F1500 X133.698 Y104.096 E1407.71652
G1 X133.902 Y103.887 E1407.7493
G1 X134.143 Y103.76 E1407.77988
G1 X134.366 Y103.714 E1407.80544
G1 X134.593 Y103.725 E1407.83095
G1 X134.871 Y103.814 E1407.86372
G1 X136.479 Y105.032 E1408.09016
G1 X137.59 Y103.585 E1408.29494
G1 X137.815 Y103.415 E1408.3266
G1 X138.117 Y103.319 E1408.36217
G1 X138.484 Y103.333 E1408.4034
G1 X140.149 Y104.128 E1408.61051
G1 X141.046 Y102.441 E1408.82499
G1 X141.327 Y102.19 E1408.86728
G1 F1465.8 X141.933 Y102.062 E1408.93843
G1 F1492.5 X143.009 Y102.393 E1409.06543
G1 F1618.7 X144.086 Y102.724 E1409.18263
G1 F1691.7 X144.429 Y102.32 E1409.23538
G1 X144.095 Y102.175 E1409.27162
G1 F1642.3 X143.545 Y101.967 E1409.33191
G1 F1530.6 X142.46 Y101.578 E1409.45871
G1 F1451.6 X142.084 Y101.456 E1409.50456
G1 F1465.8 X141.2 Y101.138 E1409.61248
G1 F1500 X140.568 Y100.946 E1409.68662
G1 X139.982 Y100.788 E1409.75475
G1 X138.197 Y100.413 E1409.9595
G1 X136.038 Y100.004 E1410.20616
G1 X133.645 Y99.581 E1410.47895
G1 X132.45 Y99.409 E1410.61447
G1 X132.22 Y99.499 E1410.6422
G1 X130.205 Y103.164 E1411.11168
G1 X132.315 Y106.404 E1411.54571
G0 F9000 X132.306 Y105.742
G0 X132.328 Y106.875
G0 X132.337 Y107.537
;TYPE:WALL-OUTER
G1 F1500 X134.19 Y104.44 E1411.95083
G1 X134.338 Y104.328 E1411.97166
G1 X134.585 Y104.347 E1411.99947
G1 X136.594 Y105.872 E1412.2826
G1 X138.008 Y104.015 E1412.54461
G1 X138.196 Y103.914 E1412.56856
G1 X138.318 Y103.919 E1412.58227
G1 X140.409 Y104.917 E1412.84235
G1 X141.549 Y102.782 E1413.11404
G1 X141.634 Y102.706 E1413.12684
G1 X141.836 Y102.667 E1413.14993
G1 X144.28 Y103.369 E1413.43537
G1 X145.329 Y102.138 E1413.61692
G1 X144.971 Y101.947 E1413.66247
G1 X144.502 Y101.73 E1413.72048
G1 X143.753 Y101.424 E1413.8113
G1 X142.658 Y101.006 E1413.94287
G1 X141.376 Y100.564 E1414.09509
G1 X140.724 Y100.366 E1414.17158
G1 X140.122 Y100.204 E1414.24156
G1 X138.309 Y99.823 E1414.44952
G1 X136.142 Y99.413 E1414.69709
G1 X133.701 Y98.983 E1414.97532
G1 X132.406 Y98.796 E1415.12219
G1 X132.025 Y98.908 E1415.16677
G1 X131.733 Y99.139 E1415.20857
G1 X129.506 Y103.19 E1415.72749
G1 X132.337 Y107.537 E1416.30981
G0 F9000 X132.328 Y106.875
G0 X131.963 Y105.131
G0 X131.728 Y105.283
;TYPE:FILL
G1 F3000 X136.75 Y100.261 E1417.10705
G0 F9000 X136.605 Y101.025
G1 F3600 E1413.10705
;MESH:NONMESH
G0 F300 X136.605 Y101.025 Z4.7
G0 F9000 X129.877 Y103.181
G0 X128.374 Y104.154
G0 X132.547 Y110.63
G0 X134.87 Y106.822
G0 X130.875 Y118.452
G0 X130.995 Y113.293
G0 X125.933 Y105.612
G0 X110.162 Y115.035
G0 X110.046 Y115.471
;TIME_ELAPSED:958.021446
;LAYER:10
;TYPE:WALL-INNER
;MESH:sharkz.stl
G1 F3600 E1417.10705
G1 F1282.1 X111.573 Y115.873 E1417.31443
G1 F1257 X112.354 Y116.098 E1417.42331
G1 F1222.8 X112.926 Y116.285 E1417.50617
G1 F1165.8 X113.598 Y116.533 E1417.60963
G1 F1289.4 X114.108 Y116.882 E1417.69033
G1 F1500 X114.823 Y117.284 E1417.78241
G1 X115.136 Y117.514 E1417.82601
G1 X115.467 Y117.847 E1417.87871
G1 X115.715 Y118.147 E1417.9224
G1 X115.955 Y118.545 E1417.97458
G1 X116.136 Y118.909 E1418.02021
G1 X116.299 Y119.326 E1418.07047
G1 X116.415 Y119.718 E1418.11636
G1 X116.51 Y120.115 E1418.16218
G1 X116.582 Y120.516 E1418.20791
G1 X116.635 Y120.976 E1418.25989
G1 X116.676 Y121.8 E1418.3525
G1 X116.656 Y122.625 E1418.44514
G1 X116.577 Y123.404 E1418.53303
G1 X116.459 Y124.124 E1418.61493
G1 X116.319 Y124.75 E1418.68694
G1 X116.163 Y125.295 E1418.75057
G1 X115.983 Y125.832 E1418.81415
G1 X115.369 Y127.36 E1418.999
G1 X115.014 Y128.199 E1419.10126
G1 X114.552 Y129.219 E1419.22696
G1 X115.408 Y128.817 E1419.33312
G1 X115.817 Y128.563 E1419.38716
G1 X116.96 Y127.774 E1419.54307
G1 X117.715 Y127.213 E1419.64865
G1 X118.539 Y126.544 E1419.7678
G1 X119.43 Y125.761 E1419.90095
G1 X120.348 Y124.878 E1420.04393
G1 X121.227 Y123.926 E1420.18938
G1 X122.056 Y122.93 E1420.33484
G1 X122.797 Y121.963 E1420.4716
G1 X123.487 Y121 E1420.60458
G1 X124.437 Y119.574 E1420.79692
G1 X124.762 Y119.056 E1420.86557
G1 X125.538 Y117.757 E1421.03542
G1 X123.711 Y114.894 E1421.41666
G1 X123.393 Y115.453 E1421.48885
G1 X123.113 Y115.872 E1421.54542
G1 X122.816 Y116.223 E1421.59704
G1 X122.525 Y116.503 E1421.64237
G1 X122.239 Y116.729 E1421.68329
G1 X121.915 Y116.925 E1421.72579
G1 X121.391 Y117.172 E1421.79082
G1 X120.681 Y117.293 E1421.87167
G1 X120.165 Y117.288 E1421.92959
G1 X119.835 Y117.238 E1421.96706
G1 X114.484 Y115.845 E1422.58775
G1 F1289.4 X113.868 Y115.786 E1422.66856
G1 F1184.2 X112.548 Y115.403 E1422.86398
G1 F1257 X107.45 Y114.067 E1423.56995
G1 F1283.9 X102.352 Y112.73 E1424.26116
G1 F1323.5 X98.015 Y111.63 E1424.83038
G1 F1282.1 X97.048 Y111.425 E1424.9602
G1 F1347.3 X96.458 Y111.207 E1425.03881
G1 F1500 X89.285 Y109.414 E1425.86878
G1 F1601.4 X87.823 Y108.993 E1426.02874
G1 F1660.5 X87.289 Y108.784 E1426.08689
G1 F1551.7 X86.913 Y108.483 E1426.13915
G1 F1500 X86.728 Y108.293 E1426.16892
G1 X86.361 Y107.595 E1426.25744
G1 X86.249 Y106.829 E1426.34434
G1 X86.267 Y106.587 E1426.37159
G1 X86.452 Y105.915 E1426.44983
G1 X86.763 Y105.403 E1426.51707
G1 X87.151 Y105.02 E1426.57827
G1 X87.484 Y104.821 E1426.62182
G1 F1485.1 X87.98 Y104.614 E1426.68275
G1 X89.007 Y104.529 E1426.79959
G1 F1500 X91.3 Y104.308 E1427.05818
G1 F1475.4 X91.792 Y104.251 E1427.1147
G1 F1397.5 X92.208 Y104.186 E1427.16543
G1 F1363.6 X93.158 Y104.105 E1427.28316
G1 F1351.4 X95.218 Y103.892 E1427.54121
G1 F1291.2 X97.278 Y103.679 E1427.81126
G1 F1372 X97.934 Y103.672 E1427.89178
G1 F1500 X104.715 Y103.021 E1428.65647
G1 F1424.1 X104.999 Y102.962 E1428.69076
G1 F1193.6 X105.429 Y102.829 E1428.75426
G1 F1077.8 X105.826 Y102.803 E1428.81641
G1 F1068.9 X107.934 Y102.583 E1429.15028
G1 F1027.4 X110.043 Y102.363 E1429.4978
G1 F1206.4 X110.653 Y102.452 E1429.58384
G1 F1500 X123.001 Y101.268 E1430.97629
G1 X123.294 Y101.305 E1431.00944
G1 X123.456 Y101.373 E1431.02917
G1 X123.788 Y101.678 E1431.07977
G1 X131.004 Y112.819 E1432.56979
G1 X131.128 Y113.117 E1432.60602
G1 X131.132 Y113.48 E1432.64677
G1 X131.024 Y113.766 E1432.68109
G1 X128.385 Y118.242 E1433.26436
G1 X128.007 Y118.904 E1433.34993
G1 X128.598 Y118.801 E1433.41728
G1 X129.55 Y118.563 E1433.52743
G1 X130.812 Y118.199 E1433.67487
G1 X132.031 Y117.825 E1433.818
G1 X133.804 Y117.24 E1434.02758
G1 X135.05 Y116.797 E1434.17602
G1 X136.455 Y116.272 E1434.34439
G1 X138.059 Y115.636 E1434.53808
G1 X139.33 Y115.093 E1434.69323
G1 X140.792 Y114.449 E1434.87256
G1 X142.293 Y113.75 E1435.05842
G1 X142.886 Y113.46 E1435.13252
G1 X143.541 Y113.11 E1435.21589
G1 X144.116 Y112.786 E1435.28998
G1 X144.697 Y112.428 E1435.36658
G1 X145.795 Y111.694 E1435.51484
G1 X146.916 Y110.873 E1435.67081
G1 X148.02 Y110.008 E1435.82825
G1 X148.46 Y109.644 E1435.89235
G1 X149.165 Y109.012 E1435.99863
G1 X149.165 Y109.003 E1435.99964
G1 X149.491 Y108.687 E1436.05061
G1 X149.881 Y108.271 E1436.11462
G1 X150.188 Y107.893 E1436.16928
G1 X150.368 Y107.637 E1436.20441
G1 X150.481 Y107.369 E1436.23706
G1 X150.561 Y106.951 E1436.28483
G1 X150.508 Y106.682 E1436.31561
G1 X150.277 Y106.276 E1436.36804
G1 X149.977 Y105.94 E1436.41861
G1 X149.641 Y105.613 E1436.47124
G1 X149.241 Y105.279 E1436.52973
G1 X148.532 Y104.752 E1436.6289
G1 X147.856 Y104.297 E1436.72037
G1 X146.764 Y103.624 E1436.86436
G1 F1433.1 X145.246 Y105.33 E1437.13266
G1 F1315.8 X144.893 Y105.573 E1437.1875
G1 F1162.8 X144.695 Y105.666 E1437.21918
G1 F1071.4 X144.412 Y105.642 E1437.26381
G1 F1246.5 X143.869 Y105.363 E1437.34628
G1 F1500 X142.664 Y105.02 E1437.48691
G1 F1505 X141.615 Y106.874 E1437.72524
G1 F1520.3 X141.387 Y107.061 E1437.7579
G1 F1515.2 X140.659 Y107.189 E1437.84004
G1 F1500 X138.767 Y106.289 E1438.07523
G1 X137.439 Y108.063 E1438.32398
G1 X137.195 Y108.251 E1438.35856
G1 X136.845 Y108.357 E1438.39961
G1 X136.454 Y108.306 E1438.44387
G1 X136.223 Y108.18 E1438.47341
G1 X134.944 Y107.219 E1438.65299
G1 X133.661 Y109.295 E1438.92694
G1 X133.212 Y110.041 E1439.02468
G1 X132.951 Y110.239 E1439.06145
G1 X132.561 Y110.367 E1439.10753
G1 X132.209 Y110.294 E1439.14788
G1 X131.964 Y110.157 E1439.17939
G1 X131.764 Y109.938 E1439.21268
G1 X124.696 Y99.03 E1440.67172
G1 X124.219 Y99.048 E1440.7253
G1 X123.733 Y99.048 E1440.77986
G1 X123.278 Y98.898 E1440.83364
G1 X123.028 Y98.749 E1440.86631
G1 X122.754 Y98.496 E1440.90817
G1 X122.541 Y98.196 E1440.94947
G1 X122.082 Y97.241 E1441.06841
G1 X121.512 Y96.19 E1441.20262
G1 X121.126 Y95.563 E1441.28527
G1 X120.742 Y94.98 E1441.36364
G1 X120.296 Y94.377 E1441.44783
G1 X119.819 Y93.807 E1441.53126
G1 X118.592 Y92.477 E1441.73439
G1 X117.556 Y91.435 E1441.89933
G1 X117.171 Y91.076 E1441.95842
G1 X116.96 Y90.893 E1441.98977
G1 X116.976 Y91.719 E1442.08251
G1 X116.98 Y93.173 E1442.24573
G1 X116.936 Y94.491 E1442.39376
G1 X116.829 Y95.549 E1442.51313
G1 X116.691 Y96.604 E1442.63256
G1 X116.545 Y97.416 E1442.72517
G1 X118.6 Y97.462 E1442.95591
G1 X119.166 Y97.711 E1443.02532
G1 X119.368 Y97.858 E1443.05337
G1 X119.532 Y98.074 E1443.08381
G1 X119.629 Y98.312 E1443.11266
G1 X119.668 Y98.825 E1443.17041
G1 X119.631 Y99.114 E1443.20312
G1 X119.461 Y99.435 E1443.24389
G1 X119.305 Y99.623 E1443.27132
G1 X118.953 Y99.882 E1443.32037
G1 X118.452 Y100.079 E1443.3808
G1 X110.508 Y101.246 E1444.28211
G1 F1206.4 X109.937 Y101.477 E1444.36808
G1 F1022.7 X108.975 Y101.607 E1444.5279
G1 F1063.8 X105.71 Y101.988 E1445.04818
G1 F1079.1 X105.454 Y101.99 E1445.08813
G1 F1193.6 X105.032 Y101.832 E1445.15169
G1 F1424.1 X104.873 Y101.76 E1445.17233
G1 F1500 X104.452 Y101.611 E1445.22246
G1 X102.672 Y100.52 E1445.45681
G1 X102.184 Y100.265 E1445.51862
G1 X101.585 Y99.992 E1445.59252
G1 X100.234 Y99.451 E1445.75588
G1 X98.988 Y99.011 E1445.90421
G1 X99.051 Y99.339 E1445.9417
G1 X99.102 Y99.793 E1445.99298
G1 X99.086 Y100.342 E1446.05464
G1 X98.982 Y100.897 E1446.11802
G1 X98.807 Y101.35 E1446.17253
G1 X98.572 Y101.748 E1446.22442
G1 X98.4 Y101.981 E1446.25693
G1 X98.106 Y102.298 E1446.30546
G1 X97.716 Y102.61 E1446.36152
G1 F1446.9 X97.367 Y102.853 E1446.41101
G1 F1327.4 X97.151 Y102.982 E1446.44292
G1 F1291.2 X95.124 Y103.219 E1446.70905
G1 F1351.4 X93.097 Y103.457 E1446.96335
G1 F1363.6 X92.158 Y103.521 E1447.07956
G1 F1397.5 X91.861 Y103.465 E1447.11598
G1 F1475.4 X91.328 Y103.305 E1447.17949
G1 F1500 X89.731 Y102.742 E1447.36957
G1 X88.84 Y102.462 E1447.47441
G1 X88.872 Y102.758 E1447.50783
G1 X88.818 Y103.176 E1447.55514
G1 X88.608 Y103.54 E1447.60231
G1 F1490.1 X88.234 Y103.852 E1447.65735
G1 F1463.4 X87.931 Y104.013 E1447.69683
G1 F1461 X87.712 Y104.075 E1447.72306
G1 F1490.1 X84.298 Y104.41 E1448.1107
G1 F1500 X84.027 Y104.43 E1448.1412
G1 X83.638 Y104.43 E1448.18487
G1 X83.104 Y104.377 E1448.24511
G1 X82.662 Y104.286 E1448.29576
G1 X82.143 Y104.11 E1448.35728
G1 X81.835 Y103.966 E1448.39545
G1 X81.379 Y103.672 E1448.45635
G1 X80.735 Y103.072 E1448.55516
G1 X80.184 Y102.599 E1448.63667
G1 X79.481 Y102.073 E1448.73523
G1 X77.859 Y100.976 E1448.95504
G1 X76.832 Y100.357 E1449.08964
G1 X76.292 Y100.062 E1449.15871
G1 X75.6 Y99.719 E1449.24541
G1 X75.111 Y99.557 E1449.30324
G1 X74.629 Y99.436 E1449.35902
G1 X74.029 Y99.355 E1449.42698
G1 X74.311 Y99.608 E1449.46951
G1 X75.181 Y100.498 E1449.60922
G1 X76.465 Y101.963 E1449.82789
G1 X77.257 Y103.003 E1449.97463
G1 X77.933 Y103.947 E1450.10497
G1 X78.535 Y104.877 E1450.22933
G1 X78.787 Y105.328 E1450.28732
G1 X79.06 Y105.923 E1450.36081
G1 X79.1 Y106.64 E1450.44142
G1 X79.039 Y107.172 E1450.50153
G1 X78.951 Y107.568 E1450.54706
G1 X78.782 Y108.128 E1450.61272
G1 X78.591 Y108.639 E1450.67396
G1 X78.151 Y109.627 E1450.79537
G1 X77.578 Y110.744 E1450.93629
G1 X76.994 Y111.764 E1451.06823
G1 X76.356 Y112.798 E1451.20461
G1 X75.769 Y113.703 E1451.3257
G1 X75.486 Y114.177 E1451.38767
G1 X75.182 Y114.625 E1451.44844
G1 X74.837 Y115.094 E1451.5138
G1 X74.305 Y115.743 E1451.608
G1 X73.385 Y116.725 E1451.75905
G1 X73.279 Y116.812 E1451.77445
G1 X73.013 Y117.068 E1451.81589
G1 X73.099 Y117.881 E1451.90766
G1 X73.068 Y118.269 E1451.95135
G1 F1495 X72.863 Y118.71 E1452.00612
G1 F1468.2 X72.57 Y119.027 E1452.05563
G1 F1433.1 X72.165 Y119.191 E1452.10697
G1 F1355.4 X71.897 Y119.26 E1452.14135
G1 F1143.6 X71.187 Y119.345 E1452.24663
G1 F1026.2 X70.87 Y119.343 E1452.29865
G1 X70.426 Y120.674 E1452.52886
G1 X71.39 Y120.17 E1452.70734
G1 F1143.6 X72.058 Y119.917 E1452.81252
G1 F1355.4 X72.402 Y119.772 E1452.85889
G1 F1456.3 X72.758 Y119.599 E1452.90466
G1 F1495 X74.011 Y118.909 E1453.06576
G1 F1500 X74.627 Y118.535 E1453.14665
G1 X75.687 Y117.81 E1453.29081
G1 X76.712 Y117.052 E1453.43392
G1 X77.36 Y116.544 E1453.52634
G1 X78.004 Y116.009 E1453.62033
G1 X78.661 Y115.428 E1453.71878
G1 X79.314 Y114.812 E1453.81955
G1 X79.984 Y114.131 E1453.92679
G1 X80.652 Y113.406 E1454.03745
G1 X82.948 Y110.765 E1454.43028
G1 X83.411 Y110.275 E1454.50595
G1 X83.863 Y109.88 E1454.57333
G1 X84.288 Y109.617 E1454.62944
G1 X84.617 Y109.464 E1454.67017
G1 X85.041 Y109.337 E1454.71985
G1 X85.391 Y109.279 E1454.75967
G1 X85.78 Y109.249 E1454.80347
G1 X86.24 Y109.259 E1454.85512
G1 X86.96 Y109.32 E1454.93623
G1 F1535.8 X87.294 Y109.382 E1454.97347
G1 F1648.4 X87.935 Y109.564 E1455.04154
G1 F1676 X88.401 Y109.739 E1455.09155
G1 F1587.3 X88.837 Y109.972 E1455.14399
G1 F1528 X89.372 Y110.526 E1455.22886
G1 F1500 X89.611 Y110.805 E1455.2701
G1 X89.845 Y111.11 E1455.31325
G1 X90.112 Y111.539 E1455.36997
G1 X90.281 Y111.901 E1455.41482
G1 X90.501 Y112.504 E1455.48687
G1 X90.649 Y113.011 E1455.54616
G1 X90.779 Y113.653 E1455.61969
G1 X92.169 Y113.206 E1455.78359
G1 X92.34 Y113.164 E1455.80335
G1 X94.59 Y112.483 E1456.06724
G1 X95.251 Y112.332 E1456.14335
G1 X95.862 Y112.249 E1456.21256
G1 X96.366 Y112.217 E1456.26925
G1 F1347.3 X96.933 Y112.15 E1456.34061
G1 F1251.7 X97.777 Y112.255 E1456.45501
G1 F1289.4 X102.18 Y113.401 E1457.04915
G1 F1295 X110.046 Y115.471 E1458.10676
G1 F3600 E1454.10676
G0 F9000 X110.162 Y115.035
G0 X87.972 Y108.818
G0 X87.436 Y108.567
G0 X86.885 Y108.03
G0 X86.613 Y107.517
G0 X86.524 Y106.924
G0 X86.539 Y106.587
G0 X86.699 Y106.021
G0 X86.973 Y105.564
G0 X87.318 Y105.229
G0 X88.036 Y104.885
G0 X123.357 Y101.501
G0 X129.209 Y110.53
G0 X140.371 Y111.503
G0 X140.391 Y110.966
G1 F3600 E1458.10676
G1 F1500 X140.138 Y110.707 E1458.1474
G1 X140.036 Y110.489 E1458.17442
G1 X140 Y110.125 E1458.21548
G1 X140.074 Y109.851 E1458.24734
G1 X140.282 Y109.387 E1458.30442
G1 X140.493 Y109.003 E1458.3536
G1 X140.734 Y108.647 E1458.40186
G1 X141.023 Y108.295 E1458.45298
G1 F1510.1 X141.854 Y107.422 E1458.58738
G1 X142.33 Y107.123 E1458.65005
G1 F1502.5 X142.771 Y106.896 E1458.70564
G1 F1500 X143.398 Y106.708 E1458.77912
G1 X143.813 Y106.628 E1458.82656
G1 F1428.6 X143.91 Y106.586 E1458.83902
G1 F1198.4 X144.292 Y106.473 E1458.89499
G1 F1071.4 X144.66 Y106.497 E1458.95295
G1 F1162.8 X144.96 Y106.6 E1458.99888
G1 F1308.1 X145.029 Y106.635 E1459.00884
G1 F1424.1 X145.76 Y106.859 E1459.09924
G1 F1500 X146.597 Y107.182 E1459.19994
G1 X146.88 Y107.466 E1459.24495
G1 X146.987 Y107.685 E1459.27231
G1 X147.028 Y108.056 E1459.31421
G1 X146.933 Y108.379 E1459.352
G1 X146.676 Y108.862 E1459.41342
G1 X145.773 Y109.687 E1459.55072
G1 X145.017 Y110.166 E1459.65118
G1 X144.213 Y110.585 E1459.75295
G1 X143.801 Y110.766 E1459.80347
G1 X143.304 Y110.934 E1459.86236
G1 X142.916 Y111.03 E1459.90723
G1 X142.463 Y111.103 E1459.95873
G1 X142.053 Y111.138 E1460.00492
G1 X141.606 Y111.148 E1460.05511
G1 X140.862 Y111.12 E1460.13869
G1 X140.608 Y111.073 E1460.16769
G1 X140.391 Y110.966 E1460.19484
G0 F9000 X140.727 Y110.469
;TYPE:WALL-OUTER
G1 F1500 X140.609 Y110.31 E1460.21707
G1 X140.594 Y110.159 E1460.2341
G1 X140.84 Y109.612 E1460.30143
G1 X140.993 Y109.334 E1460.33705
G1 X141.199 Y109.026 E1460.37865
G1 X141.461 Y108.706 E1460.42507
G1 X142.205 Y107.914 E1460.54705
G1 X142.603 Y107.656 E1460.60029
G1 X143.018 Y107.449 E1460.65235
G1 X143.478 Y107.305 E1460.70646
G1 X143.96 Y107.212 E1460.76156
G1 X144.24 Y107.191 E1460.79308
G1 X144.567 Y107.21 E1460.82985
G1 X144.898 Y107.254 E1460.86733
G1 X145.226 Y107.324 E1460.90498
G1 X145.544 Y107.419 E1460.94224
G1 X146.287 Y107.705 E1461.0316
G1 X146.382 Y107.8 E1461.04669
G1 X146.439 Y108.029 E1461.07318
G1 X146.205 Y108.479 E1461.13011
G1 X145.418 Y109.203 E1461.25015
G1 X144.675 Y109.671 E1461.34872
G1 X143.973 Y110.035 E1461.43749
G1 X143.579 Y110.208 E1461.48579
G1 X143.16 Y110.352 E1461.53552
G1 X142.772 Y110.448 E1461.58039
G1 X142.353 Y110.511 E1461.62795
G1 X142.005 Y110.54 E1461.66715
G1 X141.628 Y110.548 E1461.70948
G1 X140.826 Y110.518 E1461.79957
G1 X140.727 Y110.469 E1461.81197
G1 F3600 E1457.81197
G0 F9000 X140.688 Y111.515
G0 X129.708 Y110.263
G0 X123.357 Y101.501
G0 X88.036 Y104.885
G0 X87.318 Y105.229
G0 X86.973 Y105.564
G0 X86.699 Y106.021
G0 X86.539 Y106.587
G0 X86.524 Y106.924
G0 X86.613 Y107.517
G0 X86.885 Y108.03
G0 X87.436 Y108.567
G0 X87.87 Y108.77
G0 X110.327 Y115.078
G0 X110.045 Y116.146
G1 F3600 E1461.81197
G1 F1500 X111.386 Y116.5 E1461.96766
G1 X112.181 Y116.737 E1462.06078
G1 X112.713 Y116.925 E1462.12412
G1 X113.3 Y117.164 E1462.19526
G1 X113.87 Y117.433 E1462.26602
G1 X114.438 Y117.749 E1462.33898
G1 X114.755 Y117.981 E1462.38307
G1 X115.004 Y118.229 E1462.42252
G1 X115.212 Y118.48 E1462.45912
G1 X115.408 Y118.794 E1462.50067
G1 X115.579 Y119.132 E1462.54319
G1 X115.724 Y119.498 E1462.58738
G1 X115.832 Y119.86 E1462.62978
G1 X115.92 Y120.222 E1462.6716
G1 X115.99 Y120.616 E1462.71652
G1 X116.036 Y121.008 E1462.76083
G1 X116.076 Y121.764 E1462.84581
G1 X116.059 Y122.566 E1462.93586
G1 X115.985 Y123.308 E1463.01956
G1 X115.873 Y123.994 E1463.09759
G1 X115.741 Y124.586 E1463.16567
G1 X115.593 Y125.107 E1463.22647
G1 X115.427 Y125.608 E1463.28572
G1 X114.817 Y127.126 E1463.46936
G1 X114.466 Y127.952 E1463.57011
G1 X113.464 Y130.173 E1463.84362
G1 X113.931 Y130.071 E1463.89727
G1 X114.397 Y129.923 E1463.95216
G1 X114.876 Y129.736 E1464.00988
G1 X115.696 Y129.344 E1464.11191
G1 X116.135 Y129.072 E1464.16988
G1 X117.318 Y128.256 E1464.3312
G1 X118.083 Y127.687 E1464.43822
G1 X118.955 Y126.977 E1464.56445
G1 X119.836 Y126.203 E1464.69609
G1 X120.777 Y125.298 E1464.84264
G1 X121.678 Y124.322 E1464.99175
G1 X122.525 Y123.304 E1465.1404
G1 X123.279 Y122.321 E1465.27947
G1 X123.957 Y121.377 E1465.40994
G1 X124.945 Y119.894 E1465.60997
G1 X125.264 Y119.387 E1465.67721
G1 X126.243 Y117.746 E1465.89171
G1 X123.68 Y113.73 E1466.4265
G1 X122.891 Y115.125 E1466.6064
G1 X122.672 Y115.461 E1466.65142
G1 X122.395 Y115.795 E1466.70013
G1 X122.139 Y116.043 E1466.74014
G1 X121.891 Y116.241 E1466.77576
G1 X121.62 Y116.402 E1466.81115
G1 X121.21 Y116.593 E1466.86192
G1 X120.655 Y116.688 E1466.92513
G1 X120.225 Y116.691 E1466.9734
G1 X119.942 Y116.648 E1467.00553
G1 X102.509 Y112.102 E1469.02788
G1 X88.094 Y108.498 E1470.69581
G1 X87.617 Y108.277 E1470.75482
G1 X87.248 Y107.983 E1470.80778
G1 X86.939 Y107.407 E1470.88116
G1 X86.842 Y106.753 E1470.95537
G1 X87.008 Y106.154 E1471.02515
G1 X87.237 Y105.778 E1471.07457
G1 X87.524 Y105.495 E1471.11981
G1 X87.841 Y105.313 E1471.16084
G1 X88.147 Y105.213 E1471.19698
G1 X123.021 Y101.868 E1475.12966
G1 X123.174 Y101.903 E1475.14728
G1 X123.284 Y102.004 E1475.16404
G1 X130.542 Y113.21 E1476.66274
G1 X130.543 Y113.399 E1476.68396
G1 X127.865 Y117.944 E1477.27613
G1 X127.425 Y118.716 E1477.37587
G1 X127.293 Y119.014 E1477.41246
G1 X127.225 Y119.283 E1477.44361
G1 X127.271 Y119.383 E1477.45596
G1 X127.567 Y119.496 E1477.49153
G1 X127.933 Y119.526 E1477.53275
G1 X128.713 Y119.39 E1477.62163
G1 X129.694 Y119.146 E1477.7351
G1 X130.987 Y118.773 E1477.88616
G1 X132.219 Y118.395 E1478.03082
G1 X133.998 Y117.808 E1478.24111
G1 X135.233 Y117.37 E1478.3882
G1 X136.675 Y116.83 E1478.56105
G1 X138.295 Y116.188 E1478.75666
G1 X139.54 Y115.656 E1478.90864
G1 X141.044 Y114.993 E1479.09314
G1 X142.483 Y114.325 E1479.27123
G1 X143.168 Y113.99 E1479.35683
G1 X143.835 Y113.633 E1479.44175
G1 X144.43 Y113.297 E1479.51846
G1 X145.029 Y112.928 E1479.59743
G1 X146.124 Y112.197 E1479.74522
G1 X147.286 Y111.345 E1479.90696
G1 X148.401 Y110.471 E1480.06599
G1 X148.86 Y110.091 E1480.13288
G1 X149.61 Y109.419 E1480.24592
G1 X149.609 Y109.406 E1480.24739
G1 X149.918 Y109.109 E1480.2955
G1 X150.333 Y108.666 E1480.36364
G1 X150.668 Y108.255 E1480.42316
G1 X150.896 Y107.929 E1480.46782
G1 X151.051 Y107.563 E1480.51243
G1 X151.128 Y107.268 E1480.54666
G1 X151.168 Y106.928 E1480.58509
G1 X151.078 Y106.47 E1480.63748
G1 X150.832 Y106.037 E1480.69338
G1 X150.655 Y105.798 E1480.72677
G1 X150.411 Y105.524 E1480.76795
G1 X150.043 Y105.167 E1480.82551
G1 X149.613 Y104.808 E1480.88839
G1 X148.878 Y104.262 E1480.99117
G1 X148.181 Y103.793 E1481.08547
G1 X146.645 Y102.853 E1481.28761
G1 X144.863 Y104.859 E1481.58881
G1 X144.725 Y104.939 E1481.60672
G1 X144.611 Y104.95 E1481.61957
G1 X142.374 Y104.314 E1481.88064
G1 X141.143 Y106.497 E1482.16196
G1 X141.066 Y106.561 E1482.1732
G1 X140.833 Y106.6 E1482.19972
G1 X138.581 Y105.537 E1482.47926
G1 X136.983 Y107.666 E1482.77808
G1 X136.791 Y107.759 E1482.80202
G1 X136.635 Y107.739 E1482.81968
G1 X134.779 Y106.345 E1483.08024
G1 X133.146 Y108.987 E1483.42889
G1 X132.766 Y109.622 E1483.51196
G1 X132.64 Y109.724 E1483.53016
G1 X132.499 Y109.748 E1483.54621
G1 X132.309 Y109.676 E1483.56902
G1 X125.176 Y98.668 E1485.04144
G1 X125.115 Y98.413 E1485.07088
G1 X124.184 Y98.448 E1485.17546
G1 X123.833 Y98.445 E1485.21486
G1 X123.454 Y98.326 E1485.25945
G1 X123.211 Y98.107 E1485.29617
G1 X123.057 Y97.89 E1485.32604
G1 X122.616 Y96.969 E1485.44067
G1 X122.032 Y95.89 E1485.57839
G1 X121.627 Y95.233 E1485.66503
G1 X121.234 Y94.636 E1485.74526
G1 X120.768 Y94.006 E1485.83322
G1 X120.27 Y93.411 E1485.92032
G1 X119.039 Y92.076 E1486.12416
G1 X117.966 Y90.997 E1486.29498
G1 X117.564 Y90.622 E1486.35669
G1 X117.174 Y90.285 E1486.41455
G1 X116.848 Y90.035 E1486.46066
G1 X116.513 Y89.814 E1486.50571
G1 X116.393 Y89.8 E1486.51928
G1 X116.341 Y89.993 E1486.54171
G1 X116.376 Y91.721 E1486.73573
G1 X116.38 Y93.154 E1486.89659
G1 X116.339 Y94.431 E1487.04001
G1 X116.234 Y95.471 E1487.15734
G1 X116.1 Y96.498 E1487.2736
G1 X115.896 Y97.634 E1487.40316
G1 X115.815 Y97.934 E1487.43805
G1 X115.942 Y98.004 E1487.45432
G1 X118.459 Y98.055 E1487.73692
G1 X118.934 Y98.262 E1487.79509
G1 X119.03 Y98.423 E1487.81613
G1 X119.068 Y98.876 E1487.86716
G1 X118.999 Y99.052 E1487.88838
G1 X118.726 Y99.326 E1487.9318
G1 X118.32 Y99.49 E1487.98095
G1 X108.885 Y100.878 E1489.05145
G1 X105.604 Y101.284 E1489.42256
G1 X105.075 Y101.195 E1489.48278
G1 X104.683 Y101.048 E1489.52978
G1 X102.968 Y99.998 E1489.75551
G1 X102.448 Y99.726 E1489.82138
G1 X101.821 Y99.44 E1489.89874
G1 X100.446 Y98.889 E1490.06502
G1 X99.133 Y98.425 E1490.22134
G1 X98.258 Y98.153 E1490.3242
G1 X98.111 Y98.164 E1490.34074
G1 X98.283 Y98.659 E1490.39957
G1 X98.379 Y99.021 E1490.44161
G1 X98.455 Y99.406 E1490.48566
G1 X98.499 Y99.798 E1490.52994
G1 X98.483 Y100.3 E1490.58632
G1 X98.393 Y100.755 E1490.63838
G1 X98.257 Y101.101 E1490.68012
G1 X98.09 Y101.391 E1490.71768
G1 X97.918 Y101.623 E1490.7501
G1 X97.684 Y101.867 E1490.78805
G1 X97.306 Y102.166 E1490.84215
G1 X97.001 Y102.347 E1490.88196
G1 X93.026 Y102.836 E1491.33153
G1 X92.07 Y102.891 E1491.43902
G1 X91.547 Y102.746 E1491.49995
G1 X89.921 Y102.173 E1491.69347
G1 X88.957 Y101.87 E1491.8069
G1 X87.83 Y101.56 E1491.93811
G1 X88.234 Y102.446 E1492.04742
G1 X88.286 Y102.924 E1492.10139
G1 X88.018 Y103.285 E1492.15186
G1 X87.641 Y103.477 E1492.19935
G1 X84.254 Y103.812 E1492.58141
G1 X83.983 Y103.832 E1492.61191
G1 X83.679 Y103.831 E1492.64604
G1 X83.2 Y103.785 E1492.70005
G1 X82.772 Y103.695 E1492.74915
G1 X82.394 Y103.565 E1492.79402
G1 X82.123 Y103.44 E1492.82752
G1 X81.767 Y103.209 E1492.87516
G1 X81.135 Y102.624 E1492.97183
G1 X80.56 Y102.131 E1493.05685
G1 X79.853 Y101.601 E1493.15604
G1 X78.182 Y100.47 E1493.38254
G1 X77.13 Y99.837 E1493.52036
G1 X76.569 Y99.53 E1493.59214
G1 X75.829 Y99.163 E1493.68487
G1 X75.279 Y98.981 E1493.7499
G1 X74.754 Y98.848 E1493.81069
G1 X73.795 Y98.718 E1493.91933
G1 X73.004 Y98.645 E1494.0085
G1 X72.706 Y98.649 E1494.04195
G1 X72.439 Y98.687 E1494.07223
G1 X72.582 Y98.875 E1494.09874
G1 X73.883 Y100.029 E1494.29395
G1 X74.719 Y100.881 E1494.42794
G1 X75.987 Y102.326 E1494.64375
G1 X76.769 Y103.353 E1494.78865
G1 X77.452 Y104.308 E1494.92044
G1 X78.022 Y105.188 E1495.03814
G1 X78.23 Y105.556 E1495.08559
G1 X78.47 Y106.087 E1495.151
G1 X78.499 Y106.641 E1495.21327
G1 X78.457 Y107.023 E1495.25641
G1 X78.36 Y107.459 E1495.30655
G1 X78.22 Y107.919 E1495.36053
G1 X78.043 Y108.395 E1495.41753
G1 X77.603 Y109.383 E1495.53894
G1 X77.057 Y110.446 E1495.67309
G1 X76.458 Y111.491 E1495.80829
G1 X75.852 Y112.472 E1495.93773
G1 X75.259 Y113.387 E1496.06013
G1 X74.989 Y113.841 E1496.11942
G1 X74.698 Y114.27 E1496.17761
G1 X74.368 Y114.719 E1496.24016
G1 X73.841 Y115.363 E1496.33357
G1 X72.925 Y116.332 E1496.48325
G1 X72.913 Y116.332 E1496.4846
G1 X72.526 Y116.704 E1496.54486
G1 X72.4 Y116.972 E1496.5781
G1 X72.503 Y117.944 E1496.68782
G1 X72.476 Y118.17 E1496.71337
G1 X72.408 Y118.317 E1496.73155
G1 X72.237 Y118.505 E1496.76008
G1 X71.901 Y118.612 E1496.79966
G1 X70.34 Y118.602 E1496.97489
G1 X69.152 Y122.161 E1497.39607
G1 X71.273 Y121.067 E1497.66396
G1 X73.458 Y119.908 E1497.94161
G1 X74.321 Y119.423 E1498.05273
G1 X74.929 Y119.055 E1498.13251
G1 X76.043 Y118.293 E1498.28401
G1 X77.094 Y117.517 E1498.43067
G1 X77.743 Y117.006 E1498.52339
G1 X78.4 Y116.459 E1498.61935
G1 X79.073 Y115.864 E1498.72019
G1 X79.734 Y115.241 E1498.82215
G1 X80.418 Y114.545 E1498.9317
G1 X81.104 Y113.8 E1499.04538
G1 X83.415 Y111.144 E1499.44058
G1 X83.857 Y110.678 E1499.51268
G1 X84.189 Y110.386 E1499.56231
G1 X84.528 Y110.168 E1499.60755
G1 X84.84 Y110.021 E1499.64627
G1 X85.191 Y109.919 E1499.6873
G1 X85.487 Y109.871 E1499.72096
G1 X85.82 Y109.848 E1499.75843
G1 X86.19 Y109.857 E1499.79998
G1 X86.875 Y109.914 E1499.87714
G1 X87.234 Y109.966 E1499.91785
G1 X87.686 Y110.068 E1499.96987
G1 X88.166 Y110.269 E1500.02828
G1 X88.456 Y110.442 E1500.06619
G1 X88.94 Y110.943 E1500.14439
G1 X89.163 Y111.206 E1500.18309
G1 X89.382 Y111.495 E1500.2238
G1 X89.571 Y111.798 E1500.26388
G1 X89.718 Y112.108 E1500.30239
G1 X89.925 Y112.672 E1500.36984
G1 X90.073 Y113.179 E1500.42912
G1 X90.178 Y113.685 E1500.48713
G1 X90.246 Y114.2 E1500.54544
G1 X90.366 Y114.277 E1500.56145
G1 X90.701 Y114.307 E1500.5992
G1 X92.315 Y113.788 E1500.78952
G1 X92.5 Y113.742 E1500.81092
G1 X94.727 Y113.067 E1501.07213
G1 X95.334 Y112.926 E1501.14209
G1 X95.878 Y112.85 E1501.20375
G1 X96.404 Y112.816 E1501.26291
G1 X96.889 Y112.817 E1501.31736
G1 X97.705 Y112.889 E1501.40931
G1 X110.045 Y116.146 E1502.84195
G0 F9000 X110.299 Y115.182
G0 X113.045 Y116.046
G0 X114.3 Y116.597
G0 X115.344 Y117.249
G0 X115.989 Y117.952
G0 X116.353 Y118.598
G0 X116.871 Y119.9
G0 X116.596 Y119.965
;TYPE:FILL
G1 F3000 X119.329 Y117.233 E1503.27573
G1 F3600 E1499.27573
G0 F9000 X119.258 Y117.505
G0 X87.972 Y108.818
G0 X87.436 Y108.567
G0 X86.885 Y108.03
G0 X86.613 Y107.517
G0 X86.524 Y106.924
G0 X86.539 Y106.587
G0 X86.699 Y106.021
G0 X86.973 Y105.564
G0 X87.318 Y105.229
G0 X88.036 Y104.885
G0 X123.357 Y101.501
G0 X130.995 Y113.293
G0 X129.928 Y116.417
G0 X129.686 Y116.274
G1 F3600 E1503.27573
G1 F3000 X139.29 Y106.67 E1504.80036
G0 F9000 X139.17 Y106.923
G0 X137.015 Y109.179
G0 X134.595 Y108.544
G0 X134.357 Y108.397
G1 F3000 X140.434 Y114.475 E1505.76516
G0 F9000 X140.324 Y114.223
G0 X133.613 Y116.879
G0 X133.706 Y117.146
G1 F3000 X130.852 Y114.292 E1506.21824
G0 F9000 X131.095 Y114.435
G0 X131.7 Y113.278
G0 X128.472 Y108.173
G0 X128.236 Y108.325
G1 F3000 X129.656 Y106.905 E1506.44366
G1 F3600 E1502.44366
G0 F9000 X129.422 Y107.056
G0 X123.663 Y100.869
G0 X105.596 Y102.231
G0 X104.863 Y102.121
G0 X104.543 Y102.002
G0 X102.65 Y100.974
G0 X102.796 Y100.737
G1 F3600 E1506.44366
G1 F3000 X100.2 Y103.334 E1506.85585
G0 F9000 X100.174 Y103.057
G0 X88.036 Y104.885
G0 X87.318 Y105.229
G0 X86.973 Y105.564
G0 X86.699 Y106.021
G0 X86.539 Y106.587
G0 X86.524 Y106.924
G0 X86.613 Y107.517
G0 X86.885 Y108.03
G0 X87.436 Y108.567
G0 X94.265 Y111.072
G0 X94.333 Y110.8
G1 F3000 X95.147 Y111.614 E1506.98508
G0 F9000 X92.986 Y110.752
G0 X93.055 Y110.479
G1 F3000 X90.718 Y112.815 E1507.356
G0 F9000 X90.985 Y112.739
G0 X88.904 Y110.434
G0 X86.085 Y107.933
G0 X86.333 Y107.801
G1 F3000 X84.871 Y109.264 E1507.58817
G0 F9000 X84.792 Y108.996
G0 X83.72 Y109.498
G0 X83.871 Y109.737
G1 F3000 X78.067 Y103.933 E1508.50955
G0 F9000 X78.722 Y103.51
G1 F3600 E1504.50955
G0 F9000 X83.681 Y104.172
G0 X123.357 Y101.501
G0 X127.91 Y108.591
G0 X129.897 Y103.18
G0 X132.306 Y105.742
G0 X132.315 Y106.404
;TYPE:WALL-INNER
G1 F3600 E1508.50955
G1 F1500 X133.698 Y104.096 E1508.81158
G1 X133.902 Y103.887 E1508.84437
G1 X134.143 Y103.76 E1508.87495
G1 X134.365 Y103.714 E1508.9004
G1 X134.593 Y103.725 E1508.92602
G1 X134.871 Y103.814 E1508.95879
G1 X136.479 Y105.032 E1509.18522
G1 X137.59 Y103.585 E1509.39001
G1 X137.815 Y103.415 E1509.42166
G1 X138.117 Y103.319 E1509.45724
G1 X138.484 Y103.333 E1509.49846
G1 X140.149 Y104.128 E1509.70558
G1 X141.046 Y102.441 E1509.92005
G1 X141.327 Y102.19 E1509.96235
G1 F1465.8 X141.933 Y102.062 E1510.0335
G1 F1492.5 X143.009 Y102.393 E1510.1605
G1 F1618.7 X144.086 Y102.724 E1510.2777
G1 F1691.7 X144.429 Y102.32 E1510.33045
G1 X144.095 Y102.175 E1510.36669
G1 F1642.3 X143.545 Y101.967 E1510.42698
G1 F1530.6 X142.46 Y101.578 E1510.55377
G1 F1451.6 X142.084 Y101.456 E1510.59963
G1 F1465.8 X141.2 Y101.138 E1510.70754
G1 F1500 X140.568 Y100.946 E1510.78169
G1 X139.982 Y100.788 E1510.84982
G1 X138.197 Y100.413 E1511.05456
G1 X136.038 Y100.004 E1511.30123
G1 X133.645 Y99.581 E1511.57401
G1 X132.45 Y99.409 E1511.70954
G1 X132.217 Y99.499 E1511.73758
G1 X130.205 Y103.164 E1512.2069
G1 X132.315 Y106.404 E1512.64093
G0 F9000 X132.306 Y105.742
G0 X132.328 Y106.875
G0 X132.337 Y107.537
;TYPE:WALL-OUTER
G1 F1500 X134.19 Y104.44 E1513.04605
G1 X134.338 Y104.328 E1513.06688
G1 X134.585 Y104.347 E1513.09469
G1 X136.594 Y105.872 E1513.37782
G1 X138.008 Y104.015 E1513.63983
G1 X138.196 Y103.914 E1513.66378
G1 X138.318 Y103.919 E1513.67749
G1 X140.409 Y104.917 E1513.93757
G1 X141.549 Y102.782 E1514.20926
G1 X141.634 Y102.706 E1514.22206
G1 X141.836 Y102.667 E1514.24515
G1 X144.28 Y103.369 E1514.53059
G1 X145.329 Y102.138 E1514.71214
G1 X144.971 Y101.947 E1514.75769
G1 X144.502 Y101.73 E1514.8157
G1 X143.753 Y101.424 E1514.90652
G1 X142.658 Y101.006 E1515.03809
G1 X141.376 Y100.564 E1515.19031
G1 X140.724 Y100.366 E1515.2668
G1 X140.122 Y100.204 E1515.33678
G1 X138.309 Y99.823 E1515.54474
G1 X136.142 Y99.413 E1515.79231
G1 X133.702 Y98.983 E1516.07043
G1 X132.407 Y98.796 E1516.2173
G1 X132.021 Y98.907 E1516.26239
G1 X131.729 Y99.143 E1516.30453
G1 X129.506 Y103.19 E1516.82284
G1 X132.337 Y107.537 E1517.40516
G0 F9000 X132.328 Y106.875
G0 X131.785 Y104.859
G0 X131.552 Y105.01
;TYPE:FILL
G1 F3000 X136.372 Y100.189 E1518.17042
G0 F9000 X136.227 Y100.954
G1 F3600 E1514.17042
;MESH:NONMESH
G0 F300 X136.227 Y100.954 Z5.15
G0 F9000 X129.877 Y103.181
G0 X128.374 Y104.154
G0 X130.995 Y113.293
G0 X125.933 Y105.612
G0 X110.162 Y115.035
G0 X110.046 Y115.47
;TIME_ELAPSED:1007.761956
;LAYER:11
;TYPE:WALL-INNER
;MESH:sharkz.stl
G1 F3600 E1518.17042
G1 F1282.1 X111.566 Y115.87 E1518.37684
G1 F1258.7 X112.356 Y116.098 E1518.48683
G1 F1224.5 X112.926 Y116.285 E1518.56933
G1 F1165.8 X113.598 Y116.533 E1518.67278
G1 F1289.4 X114.108 Y116.882 E1518.75348
G1 F1500 X114.823 Y117.284 E1518.84556
G1 X115.136 Y117.514 E1518.88916
G1 X115.467 Y117.847 E1518.94187
G1 X115.715 Y118.147 E1518.98556
G1 X115.955 Y118.545 E1519.03773
G1 X116.136 Y118.909 E1519.08336
G1 X116.299 Y119.326 E1519.13362
G1 X116.415 Y119.718 E1519.17951
G1 X116.51 Y120.115 E1519.22533
G1 X116.582 Y120.516 E1519.27107
G1 X116.635 Y120.976 E1519.32304
G1 X116.676 Y121.8 E1519.41566
G1 X116.656 Y122.625 E1519.50829
G1 X116.577 Y123.404 E1519.59619
G1 X116.459 Y124.124 E1519.67809
G1 X116.319 Y124.75 E1519.75009
G1 X116.163 Y125.295 E1519.81373
G1 X115.983 Y125.832 E1519.8773
G1 X115.369 Y127.36 E1520.06215
G1 X115.014 Y128.199 E1520.16442
G1 X114.552 Y129.219 E1520.29011
G1 X115.408 Y128.817 E1520.39627
G1 X115.817 Y128.563 E1520.45032
G1 X116.96 Y127.774 E1520.60622
G1 X117.715 Y127.213 E1520.71181
G1 X118.539 Y126.544 E1520.83095
G1 X119.43 Y125.761 E1520.9641
G1 X120.348 Y124.878 E1521.10708
G1 X121.227 Y123.926 E1521.25253
G1 X122.056 Y122.93 E1521.398
G1 X122.797 Y121.963 E1521.53475
G1 X123.487 Y121 E1521.66773
G1 X124.423 Y119.596 E1521.85715
G1 X124.754 Y119.062 E1521.92767
G1 X125.537 Y117.759 E1522.09832
G1 X123.711 Y114.896 E1522.4795
G1 X123.425 Y115.403 E1522.54484
G1 X123.112 Y115.872 E1522.60814
G1 X122.877 Y116.156 E1522.64951
G1 X122.514 Y116.513 E1522.70667
G1 X122.238 Y116.731 E1522.74615
G1 X121.912 Y116.926 E1522.78879
G1 X121.392 Y117.172 E1522.85336
G1 X120.681 Y117.293 E1522.93432
G1 X120.165 Y117.288 E1522.99225
G1 X119.835 Y117.238 E1523.02971
G1 X114.484 Y115.845 E1523.6504
G1 F1289.4 X113.868 Y115.786 E1523.73121
G1 F1184.2 X112.55 Y115.404 E1523.92632
G1 F1260.5 X111.714 Y115.178 E1524.04201
G1 F1285.7 X102.352 Y112.73 E1525.30929
G1 F1323.5 X98.01 Y111.628 E1525.8792
G1 F1283.9 X97.065 Y111.43 E1526.00582
G1 F1339.3 X96.544 Y111.234 E1526.07581
G1 F1490.1 X89.293 Y109.418 E1526.92048
G1 F1618.7 X87.919 Y109.027 E1527.06908
G1 F1633.4 X87.295 Y108.788 E1527.13797
G1 F1512.6 X86.941 Y108.506 E1527.18835
G1 F1500 X86.661 Y108.169 E1527.23753
G1 X86.353 Y107.577 E1527.31244
G1 X86.295 Y107.355 E1527.3382
G1 X86.27 Y106.65 E1527.41738
G1 X86.362 Y106.166 E1527.47269
G1 X86.474 Y105.881 E1527.50706
G1 X86.758 Y105.413 E1527.56851
G1 X87.008 Y105.145 E1527.60965
G1 F1495 X87.453 Y104.829 E1527.67112
G1 F1477.8 X87.992 Y104.612 E1527.73733
G1 F1475.4 X88.443 Y104.579 E1527.78893
G1 F1490.1 X91.3 Y104.308 E1528.11323
G1 F1475.4 X91.792 Y104.252 E1528.16974
G1 F1397.5 X92.208 Y104.186 E1528.22049
G1 F1363.6 X93.19 Y104.102 E1528.34219
G1 F1351.4 X95.234 Y103.891 E1528.59822
G1 F1291.2 X97.278 Y103.679 E1528.86619
G1 F1372 X97.934 Y103.672 E1528.94671
G1 F1500 X104.715 Y103.021 E1529.71139
G1 F1424.1 X104.999 Y102.962 E1529.74569
G1 F1193.6 X105.429 Y102.829 E1529.80918
G1 F1077.8 X105.826 Y102.803 E1529.87134
G1 F1068.9 X107.917 Y102.586 E1530.2025
G1 F1027.4 X110.008 Y102.368 E1530.54705
G1 F1206.4 X110.62 Y102.456 E1530.63334
G1 F1500 X123.017 Y101.268 E1532.03132
G1 X123.279 Y101.301 E1532.06096
G1 X123.456 Y101.373 E1532.08241
G1 X123.788 Y101.678 E1532.13301
G1 X131.004 Y112.819 E1533.62303
G1 X131.128 Y113.117 E1533.65926
G1 X131.132 Y113.48 E1533.70001
G1 X131.024 Y113.766 E1533.73433
G1 X128.386 Y118.241 E1534.31745
G1 X128.008 Y118.904 E1534.40312
G1 X128.598 Y118.801 E1534.47035
G1 X129.55 Y118.563 E1534.5805
G1 X130.812 Y118.199 E1534.72794
G1 X132.031 Y117.825 E1534.87107
G1 X133.804 Y117.24 E1535.08065
G1 X135.05 Y116.797 E1535.2291
G1 X136.455 Y116.272 E1535.39746
G1 X138.059 Y115.636 E1535.59115
G1 X139.33 Y115.093 E1535.7463
G1 X140.792 Y114.449 E1535.92563
G1 X142.293 Y113.75 E1536.1115
G1 X142.886 Y113.46 E1536.1856
G1 X143.541 Y113.11 E1536.26896
G1 X144.116 Y112.786 E1536.34305
G1 X144.697 Y112.428 E1536.41966
G1 X145.795 Y111.694 E1536.56791
G1 X146.909 Y110.878 E1536.72292
G1 X148.02 Y110.008 E1536.88132
G1 X148.445 Y109.657 E1536.9432
G1 X149.165 Y109.012 E1537.05171
G1 X149.165 Y109.003 E1537.05272
G1 X149.492 Y108.687 E1537.10376
G1 X149.882 Y108.27 E1537.16785
G1 X150.194 Y107.887 E1537.22331
G1 X150.366 Y107.642 E1537.25691
G1 X150.485 Y107.359 E1537.29137
G1 X150.561 Y106.952 E1537.33785
G1 X150.508 Y106.682 E1537.36873
G1 X150.281 Y106.28 E1537.42056
G1 X149.977 Y105.94 E1537.47176
G1 X149.64 Y105.613 E1537.52447
G1 X149.242 Y105.279 E1537.58279
G1 X148.531 Y104.751 E1537.6822
G1 X147.832 Y104.282 E1537.77669
G1 X146.764 Y103.624 E1537.91751
G1 F1433.1 X145.245 Y105.331 E1538.18597
G1 F1317.7 X144.893 Y105.573 E1538.24056
G1 F1162.8 X144.695 Y105.666 E1538.27223
G1 F1071.4 X144.412 Y105.642 E1538.31687
G1 F1246.5 X143.869 Y105.363 E1538.39933
G1 F1500 X142.664 Y105.02 E1538.53997
G1 F1505 X141.615 Y106.874 E1538.77829
G1 F1520.3 X141.387 Y107.061 E1538.81095
G1 F1515.2 X140.659 Y107.189 E1538.8931
G1 F1500 X138.767 Y106.289 E1539.12828
G1 X137.417 Y108.081 E1539.38013
G1 X137.192 Y108.252 E1539.41186
G1 X136.845 Y108.357 E1539.45255
G1 X136.454 Y108.306 E1539.49682
G1 X136.223 Y108.18 E1539.52635
G1 X134.944 Y107.219 E1539.70594
G1 X133.661 Y109.295 E1539.97988
G1 X133.212 Y110.041 E1540.07762
G1 X132.951 Y110.239 E1540.1144
G1 X132.561 Y110.367 E1540.16047
G1 X132.209 Y110.294 E1540.20083
G1 X131.964 Y110.157 E1540.23234
G1 X131.764 Y109.938 E1540.26563
G1 X124.696 Y99.03 E1541.72466
G1 X124.218 Y99.048 E1541.77836
G1 X123.635 Y99.043 E1541.8438
G1 X123.259 Y98.894 E1541.8892
G1 X123.017 Y98.744 E1541.92117
G1 X122.754 Y98.496 E1541.96174
G1 X122.539 Y98.188 E1542.00391
G1 X122.082 Y97.242 E1542.12184
G1 X121.512 Y96.19 E1542.25615
G1 X121.126 Y95.562 E1542.3389
G1 X120.742 Y94.98 E1542.41717
G1 X120.296 Y94.377 E1542.50136
G1 X119.819 Y93.807 E1542.58479
G1 X118.592 Y92.477 E1542.78792
G1 X117.556 Y91.435 E1542.95286
G1 X117.173 Y91.077 E1543.01171
G1 X116.96 Y90.895 E1543.04316
G1 X116.976 Y91.719 E1543.13567
G1 X116.98 Y93.173 E1543.29889
G1 X116.936 Y94.491 E1543.44692
G1 X116.829 Y95.549 E1543.56629
G1 X116.691 Y96.604 E1543.68573
G1 X116.546 Y97.415 E1543.77821
G1 X118.603 Y97.462 E1544.00917
G1 X119.116 Y97.693 E1544.07233
G1 X119.312 Y97.846 E1544.10024
G1 X119.524 Y98.111 E1544.13833
G1 X119.645 Y98.405 E1544.17402
G1 X119.668 Y98.901 E1544.22976
G1 X119.631 Y99.114 E1544.25403
G1 X119.461 Y99.435 E1544.2948
G1 X119.305 Y99.623 E1544.32222
G1 X118.953 Y99.882 E1544.37128
G1 X118.452 Y100.079 E1544.43171
G1 X110.474 Y101.25 E1545.33686
G1 F1206.4 X109.902 Y101.482 E1545.42301
G1 F1022.7 X108.975 Y101.607 E1545.57701
G1 F1063.8 X105.71 Y101.988 E1546.09729
G1 F1079.1 X105.454 Y101.99 E1546.13723
G1 F1193.6 X105.032 Y101.832 E1546.2008
G1 F1424.1 X104.873 Y101.76 E1546.22144
G1 F1500 X104.447 Y101.608 E1546.27221
G1 X102.672 Y100.52 E1546.50591
G1 X102.184 Y100.265 E1546.56772
G1 X101.585 Y99.992 E1546.64161
G1 X100.234 Y99.451 E1546.80497
G1 X98.988 Y99.011 E1546.9533
G1 X99.051 Y99.339 E1546.9908
G1 X99.102 Y99.793 E1547.04208
G1 X99.086 Y100.342 E1547.10373
G1 X98.982 Y100.897 E1547.16712
G1 X98.807 Y101.35 E1547.22163
G1 X98.572 Y101.748 E1547.27351
G1 X98.4 Y101.981 E1547.30602
G1 X98.106 Y102.298 E1547.35456
G1 X97.716 Y102.61 E1547.41062
G1 F1446.9 X97.367 Y102.853 E1547.46011
G1 F1327.4 X97.151 Y102.982 E1547.49202
G1 F1291.2 X95.124 Y103.219 E1547.75814
G1 F1351.4 X93.097 Y103.457 E1548.01244
G1 F1363.6 X92.158 Y103.521 E1548.12866
G1 F1397.5 X91.861 Y103.465 E1548.16507
G1 F1475.4 X91.328 Y103.305 E1548.22858
G1 F1500 X89.731 Y102.742 E1548.41866
G1 X88.861 Y102.467 E1548.52109
G1 X88.885 Y102.905 E1548.57033
G1 X88.788 Y103.24 E1548.60948
G1 X88.532 Y103.605 E1548.65952
G1 F1490.1 X88.233 Y103.854 E1548.70349
G1 F1463.4 X87.934 Y104.013 E1548.74246
G1 F1458.7 X87.693 Y104.081 E1548.77136
G1 F1485.1 X84.288 Y104.41 E1549.1592
G1 F1500 X83.964 Y104.432 E1549.19566
G1 X83.638 Y104.43 E1549.23225
G1 X83.104 Y104.377 E1549.29249
G1 X82.662 Y104.286 E1549.34315
G1 X82.138 Y104.108 E1549.40527
G1 X81.794 Y103.939 E1549.44829
G1 X81.45 Y103.722 E1549.49395
G1 X80.717 Y103.055 E1549.6052
G1 X80.184 Y102.599 E1549.68394
G1 X79.481 Y102.073 E1549.78249
G1 X77.859 Y100.976 E1550.0023
G1 X76.832 Y100.357 E1550.1369
G1 X76.292 Y100.062 E1550.20598
G1 X75.6 Y99.719 E1550.29267
G1 X75.111 Y99.557 E1550.3505
G1 X74.629 Y99.436 E1550.40628
G1 X74.029 Y99.355 E1550.47425
G1 X74.311 Y99.608 E1550.51678
G1 X75.181 Y100.498 E1550.65648
G1 X76.465 Y101.963 E1550.87516
G1 X77.257 Y103.003 E1551.0219
G1 X77.933 Y103.947 E1551.15223
G1 X78.546 Y104.896 E1551.27905
G1 X78.781 Y105.32 E1551.33347
G1 X79.01 Y105.817 E1551.3949
G1 X79.066 Y106.039 E1551.4206
G1 X79.1 Y106.64 E1551.48817
G1 X79.039 Y107.174 E1551.5485
G1 X78.935 Y107.627 E1551.60068
G1 X78.782 Y108.128 E1551.65948
G1 X78.591 Y108.639 E1551.72072
G1 X78.151 Y109.627 E1551.84212
G1 X77.578 Y110.744 E1551.98304
G1 X76.994 Y111.764 E1552.11498
G1 X76.356 Y112.798 E1552.25137
G1 X75.769 Y113.703 E1552.37246
G1 X75.486 Y114.177 E1552.43443
G1 X75.182 Y114.625 E1552.4952
G1 X74.837 Y115.094 E1552.56056
G1 X74.305 Y115.743 E1552.65476
G1 X73.572 Y116.525 E1552.77507
G1 X73.013 Y117.064 E1552.86224
G1 X73.1 Y117.877 E1552.95402
G1 X73.075 Y118.205 E1552.99095
G1 X73.004 Y118.444 E1553.01894
G1 F1475.4 X72.731 Y118.911 E1553.08067
G1 F1456.3 X72.326 Y119.12 E1553.13336
G1 F1369.9 X71.901 Y119.26 E1553.18837
G1 F1145 X71.187 Y119.345 E1553.2941
G1 F1026.2 X70.87 Y119.343 E1553.34611
G1 X70.426 Y120.674 E1553.57633
G1 X71.39 Y120.17 E1553.75481
G1 F1145 X72.061 Y119.915 E1553.86037
G1 F1369.9 X72.612 Y119.667 E1553.93464
G1 F1477.8 X74.011 Y118.909 E1554.11593
G1 F1500 X74.627 Y118.535 E1554.19683
G1 X75.687 Y117.81 E1554.34098
G1 X76.712 Y117.052 E1554.48409
G1 X77.36 Y116.544 E1554.57652
G1 X78.004 Y116.009 E1554.6705
G1 X78.661 Y115.428 E1554.76895
G1 X79.314 Y114.812 E1554.86972
G1 X79.984 Y114.131 E1554.97696
G1 X80.652 Y113.406 E1555.08762
G1 X82.948 Y110.765 E1555.48045
G1 X83.413 Y110.273 E1555.55644
G1 X83.863 Y109.88 E1555.62351
G1 X84.288 Y109.617 E1555.67961
G1 X84.623 Y109.462 E1555.72104
G1 X85.038 Y109.338 E1555.76966
G1 X85.392 Y109.279 E1555.80995
G1 X85.78 Y109.249 E1555.85363
G1 X86.239 Y109.258 E1555.90517
G1 X86.96 Y109.32 E1555.9864
G1 F1535.8 X87.294 Y109.383 E1556.02366
G1 F1660.5 X87.843 Y109.534 E1556.0814
G1 F1685.4 X88.406 Y109.743 E1556.1414
G1 F1584.5 X88.841 Y109.972 E1556.19364
G1 F1528 X89.411 Y110.57 E1556.28467
G1 F1500 X89.641 Y110.843 E1556.32475
G1 X89.845 Y111.11 E1556.36246
G1 X90.112 Y111.539 E1556.41919
G1 X90.281 Y111.901 E1556.46403
G1 X90.501 Y112.504 E1556.53608
G1 X90.649 Y113.011 E1556.59537
G1 X90.779 Y113.653 E1556.6689
G1 X92.169 Y113.206 E1556.8328
G1 X92.34 Y113.164 E1556.85257
G1 X94.59 Y112.483 E1557.11645
G1 X95.251 Y112.332 E1557.19256
G1 X95.862 Y112.249 E1557.26178
G1 F1490.1 X96.424 Y112.212 E1557.32542
G1 F1339.3 X96.946 Y112.152 E1557.39148
G1 F1253.5 X97.781 Y112.256 E1557.50451
G1 F1291.2 X102.18 Y113.401 E1558.09726
G1 F1296.8 X110.046 Y115.47 E1559.15331
G1 F3600 E1555.15331
G0 F9000 X110.134 Y115.139
G0 X87.97 Y108.817
G0 X87.436 Y108.567
G0 X86.885 Y108.029
G0 X86.556 Y107.409
G0 X86.529 Y106.665
G0 X86.643 Y106.113
G0 X87.048 Y105.439
G0 X87.578 Y105.062
G0 X88.035 Y104.887
G0 X123.357 Y101.501
G0 X131.388 Y113.529
G0 X130.938 Y114.435
G0 X131.046 Y115.034
G0 X140.371 Y111.503
G0 X140.391 Y110.966
G1 F3600 E1559.15331
G1 F1500 X140.138 Y110.707 E1559.19396
G1 X140.037 Y110.489 E1559.22093
G1 X140 Y110.128 E1559.26166
G1 X140.073 Y109.855 E1559.29338
G1 X140.297 Y109.352 E1559.35519
G1 X140.456 Y109.063 E1559.39222
G1 X140.681 Y108.719 E1559.43836
G1 X141.023 Y108.295 E1559.49951
G1 F1510.1 X141.854 Y107.422 E1559.6339
G1 X142.33 Y107.123 E1559.69658
G1 F1502.5 X142.771 Y106.896 E1559.75217
G1 F1500 X143.398 Y106.708 E1559.82564
G1 X143.813 Y106.628 E1559.87309
G1 F1428.6 X143.91 Y106.586 E1559.88555
G1 F1198.4 X144.292 Y106.473 E1559.94152
G1 F1071.4 X144.66 Y106.497 E1559.99947
G1 F1162.8 X144.96 Y106.6 E1560.0454
G1 F1308.1 X145.026 Y106.634 E1560.05496
G1 F1421.8 X145.76 Y106.859 E1560.14588
G1 F1500 X146.647 Y107.2 E1560.25255
G1 X146.922 Y107.471 E1560.29589
G1 X147.038 Y107.701 E1560.32481
G1 X147.08 Y108.078 E1560.36739
G1 X146.956 Y108.463 E1560.41279
G1 X146.552 Y108.977 E1560.48618
G1 X145.768 Y109.69 E1560.60514
G1 X144.952 Y110.203 E1560.71333
G1 X144.213 Y110.585 E1560.80671
G1 X143.801 Y110.766 E1560.85723
G1 X143.304 Y110.934 E1560.91612
G1 X142.916 Y111.03 E1560.96099
G1 X142.463 Y111.103 E1561.01249
G1 X142.053 Y111.138 E1561.05869
G1 X141.606 Y111.148 E1561.10887
G1 X140.862 Y111.12 E1561.19245
G1 X140.608 Y111.073 E1561.22145
G1 X140.391 Y110.966 E1561.24861
G0 F9000 X140.826 Y110.518
;TYPE:WALL-OUTER
G1 F1500 X140.643 Y110.383 E1561.27413
G1 X140.598 Y110.261 E1561.28873
G1 X140.621 Y110.098 E1561.30721
G1 X140.837 Y109.614 E1561.3667
G1 X140.981 Y109.354 E1561.40007
G1 X141.199 Y109.026 E1561.44428
G1 X141.461 Y108.706 E1561.4907
G1 X142.205 Y107.914 E1561.61268
G1 X142.603 Y107.656 E1561.66592
G1 X143.018 Y107.449 E1561.71798
G1 X143.478 Y107.305 E1561.77209
G1 X143.96 Y107.212 E1561.82719
G1 X144.24 Y107.191 E1561.85871
G1 X144.567 Y107.21 E1561.89548
G1 X144.898 Y107.254 E1561.93296
G1 X145.231 Y107.324 E1561.97116
G1 X145.544 Y107.419 E1562.00788
G1 X146.335 Y107.724 E1562.10304
G1 X146.455 Y107.857 E1562.12315
G1 X146.483 Y108.018 E1562.14149
G1 X146.445 Y108.138 E1562.15562
G1 X146.092 Y108.585 E1562.21956
G1 X145.414 Y109.206 E1562.32277
G1 X144.675 Y109.671 E1562.42078
G1 X143.973 Y110.035 E1562.50954
G1 X143.579 Y110.208 E1562.55785
G1 X143.16 Y110.352 E1562.60758
G1 X142.772 Y110.448 E1562.65245
G1 X142.353 Y110.511 E1562.70001
G1 X142.005 Y110.54 E1562.73921
G1 X141.628 Y110.548 E1562.78154
G1 X140.826 Y110.518 E1562.87163
G1 F3600 E1558.87163
G0 F9000 X140.789 Y111.519
G0 X131.046 Y115.034
G0 X130.938 Y114.435
G0 X131.22 Y112.668
G0 X123.357 Y101.501
G0 X88.035 Y104.887
G0 X87.578 Y105.062
G0 X87.048 Y105.439
G0 X86.643 Y106.113
G0 X86.529 Y106.665
G0 X86.556 Y107.409
G0 X86.885 Y108.029
G0 X87.436 Y108.567
G0 X87.869 Y108.769
G0 X110.299 Y115.182
G0 X110.045 Y116.144
G1 F3600 E1562.87163
G1 F1500 X111.379 Y116.496 E1563.0265
G1 X112.181 Y116.737 E1563.1205
G1 X112.713 Y116.925 E1563.18384
G1 X113.3 Y117.164 E1563.25499
G1 X113.87 Y117.433 E1563.32574
G1 X114.438 Y117.749 E1563.3987
G1 X114.755 Y117.981 E1563.4428
G1 X115.004 Y118.229 E1563.48225
G1 X115.212 Y118.48 E1563.51884
G1 X115.408 Y118.794 E1563.56039
G1 X115.579 Y119.132 E1563.60291
G1 X115.724 Y119.498 E1563.6471
G1 X115.832 Y119.86 E1563.68951
G1 X115.92 Y120.222 E1563.73133
G1 X115.99 Y120.616 E1563.77625
G1 X116.036 Y121.008 E1563.82055
G1 X116.076 Y121.764 E1563.90553
G1 X116.059 Y122.566 E1563.99558
G1 X115.985 Y123.308 E1564.07928
G1 X115.873 Y123.994 E1564.15731
G1 X115.741 Y124.586 E1564.2254
G1 X115.593 Y125.107 E1564.28619
G1 X115.427 Y125.608 E1564.34544
G1 X114.817 Y127.126 E1564.52908
G1 X114.466 Y127.952 E1564.62983
G1 X113.464 Y130.173 E1564.90334
G1 X113.931 Y130.071 E1564.957
G1 X114.397 Y129.923 E1565.01188
G1 X114.876 Y129.736 E1565.0696
G1 X115.696 Y129.344 E1565.17163
G1 X116.135 Y129.072 E1565.2296
G1 X117.318 Y128.256 E1565.39092
G1 X118.083 Y127.687 E1565.49794
G1 X118.955 Y126.977 E1565.62417
G1 X119.836 Y126.203 E1565.75581
G1 X120.777 Y125.298 E1565.90236
G1 X121.678 Y124.322 E1566.05147
G1 X122.525 Y123.304 E1566.20013
G1 X123.279 Y122.321 E1566.33919
G1 X123.957 Y121.377 E1566.46966
G1 X124.948 Y119.888 E1566.67044
G1 X126.243 Y117.749 E1566.95112
G1 X123.68 Y113.731 E1567.4861
G1 X122.902 Y115.108 E1567.66364
G1 X122.651 Y115.488 E1567.71476
G1 X122.395 Y115.794 E1567.75955
G1 X122.14 Y116.043 E1567.79955
G1 X121.869 Y116.255 E1567.83818
G1 X121.619 Y116.402 E1567.87073
G1 X121.21 Y116.593 E1567.9214
G1 X120.655 Y116.688 E1567.98461
G1 X120.225 Y116.691 E1568.03288
G1 X119.942 Y116.648 E1568.06501
G1 X102.509 Y112.102 E1570.08736
G1 X88.091 Y108.498 E1571.75562
G1 X87.615 Y108.277 E1571.81453
G1 X87.345 Y108.053 E1571.85391
G1 X87.151 Y107.81 E1571.88881
G1 X86.892 Y107.32 E1571.95103
G1 X86.868 Y106.694 E1572.02135
G1 X86.96 Y106.236 E1572.07379
G1 X87.303 Y105.671 E1572.14799
G1 X87.742 Y105.361 E1572.20831
G1 X88.111 Y105.217 E1572.25278
G1 X123.065 Y101.864 E1576.19448
G1 X123.284 Y102.004 E1576.22365
G1 X130.542 Y113.21 E1577.72236
G1 X130.543 Y113.399 E1577.74358
G1 X127.865 Y117.944 E1578.33574
G1 X127.429 Y118.712 E1578.43488
G1 X127.293 Y119.019 E1578.47257
G1 X127.238 Y119.234 E1578.49748
G1 X127.258 Y119.373 E1578.51324
G1 X127.522 Y119.486 E1578.54548
G1 X127.744 Y119.526 E1578.5708
G1 X128.071 Y119.502 E1578.60761
G1 X128.713 Y119.39 E1578.68076
G1 X129.694 Y119.146 E1578.79424
G1 X130.987 Y118.773 E1578.9453
G1 X132.219 Y118.395 E1579.08996
G1 X133.998 Y117.808 E1579.30025
G1 X135.233 Y117.37 E1579.44734
G1 X136.675 Y116.83 E1579.62018
G1 X138.295 Y116.188 E1579.81579
G1 X139.54 Y115.656 E1579.96777
G1 X141.044 Y114.993 E1580.15228
G1 X142.483 Y114.325 E1580.33037
G1 X143.168 Y113.99 E1580.41596
G1 X143.835 Y113.633 E1580.50088
G1 X144.43 Y113.297 E1580.57759
G1 X145.029 Y112.928 E1580.65656
G1 X146.124 Y112.197 E1580.80435
G1 X147.28 Y111.35 E1580.96522
G1 X148.401 Y110.471 E1581.12513
G1 X148.836 Y110.112 E1581.18844
G1 X149.609 Y109.419 E1581.30498
G1 X149.609 Y109.406 E1581.30644
G1 X149.918 Y109.109 E1581.35455
G1 X150.334 Y108.666 E1581.42276
G1 X150.672 Y108.25 E1581.48293
G1 X150.895 Y107.934 E1581.52635
G1 X151.055 Y107.551 E1581.57294
G1 X151.128 Y107.272 E1581.60531
G1 X151.168 Y106.928 E1581.64419
G1 X151.078 Y106.47 E1581.69658
G1 X150.832 Y106.037 E1581.75249
G1 X150.655 Y105.798 E1581.78587
G1 X150.411 Y105.524 E1581.82706
G1 X150.042 Y105.167 E1581.88469
G1 X149.614 Y104.808 E1581.9474
G1 X148.878 Y104.261 E1582.05033
G1 X148.181 Y103.793 E1582.14458
G1 X146.647 Y102.854 E1582.34647
G1 X144.863 Y104.858 E1582.64765
G1 X144.725 Y104.939 E1582.66561
G1 X144.611 Y104.95 E1582.67847
G1 X142.374 Y104.314 E1582.93953
G1 X141.143 Y106.497 E1583.22085
G1 X141.066 Y106.561 E1583.23209
G1 X140.833 Y106.6 E1583.25861
G1 X138.581 Y105.537 E1583.53815
G1 X136.982 Y107.667 E1583.83713
G1 X136.841 Y107.751 E1583.85555
G1 X136.717 Y107.757 E1583.86949
G1 X136.583 Y107.7 E1583.88583
G1 X134.779 Y106.345 E1584.1391
G1 X133.146 Y108.987 E1584.48775
G1 X132.766 Y109.622 E1584.57082
G1 X132.64 Y109.724 E1584.58901
G1 X132.499 Y109.748 E1584.60507
G1 X132.309 Y109.676 E1584.62788
G1 X125.176 Y98.668 E1586.1003
G1 X125.122 Y98.419 E1586.1289
G1 X124.184 Y98.448 E1586.23424
G1 X123.749 Y98.447 E1586.28307
G1 X123.444 Y98.322 E1586.32008
G1 X123.21 Y98.105 E1586.3559
G1 X123.045 Y97.862 E1586.38887
G1 X122.595 Y96.928 E1586.50525
G1 X122.032 Y95.89 E1586.6378
G1 X121.627 Y95.232 E1586.72454
G1 X121.234 Y94.636 E1586.80467
G1 X120.768 Y94.006 E1586.89264
G1 X120.27 Y93.411 E1586.97974
G1 X119.039 Y92.076 E1587.18358
G1 X117.966 Y90.997 E1587.35439
G1 X117.563 Y90.622 E1587.41619
G1 X117.162 Y90.279 E1587.47542
G1 X116.783 Y89.981 E1587.52954
G1 X116.52 Y89.83 E1587.56358
G1 X116.405 Y89.796 E1587.57704
G1 X116.342 Y89.985 E1587.59941
G1 X116.376 Y91.721 E1587.79432
G1 X116.38 Y93.154 E1587.95518
G1 X116.339 Y94.431 E1588.0986
G1 X116.234 Y95.471 E1588.21593
G1 X116.1 Y96.498 E1588.33219
G1 X115.891 Y97.66 E1588.46473
G1 X115.822 Y97.953 E1588.49852
G1 X115.938 Y98.004 E1588.51274
G1 X118.46 Y98.055 E1588.7959
G1 X118.859 Y98.231 E1588.84485
G1 X119.042 Y98.506 E1588.88193
G1 X119.071 Y98.917 E1588.92818
G1 X118.843 Y99.24 E1588.97256
G1 X118.726 Y99.326 E1588.98886
G1 X118.32 Y99.49 E1589.03802
G1 X108.885 Y100.878 E1590.10852
G1 X105.604 Y101.284 E1590.47963
G1 X105.075 Y101.195 E1590.53985
G1 X104.683 Y101.048 E1590.58684
G1 X102.968 Y99.998 E1590.81257
G1 X102.448 Y99.726 E1590.87845
G1 X101.821 Y99.44 E1590.95581
G1 X100.446 Y98.889 E1591.12209
G1 X99.133 Y98.425 E1591.27841
G1 X98.244 Y98.148 E1591.38293
G1 X98.091 Y98.146 E1591.40011
G1 X98.284 Y98.658 E1591.46153
G1 X98.379 Y99.021 E1591.50365
G1 X98.455 Y99.406 E1591.5477
G1 X98.499 Y99.798 E1591.59198
G1 X98.483 Y100.3 E1591.64836
G1 X98.393 Y100.755 E1591.70043
G1 X98.257 Y101.101 E1591.74216
G1 X98.09 Y101.391 E1591.77972
G1 X97.918 Y101.623 E1591.81214
G1 X97.684 Y101.867 E1591.85009
G1 X97.306 Y102.166 E1591.90419
G1 X97.001 Y102.347 E1591.944
G1 X93.026 Y102.836 E1592.39357
G1 X92.07 Y102.891 E1592.50107
G1 X91.547 Y102.746 E1592.56199
G1 X89.921 Y102.173 E1592.75551
G1 X88.957 Y101.87 E1592.86894
G1 X87.835 Y101.564 E1592.99949
G1 X88.214 Y102.403 E1593.10284
G1 X88.294 Y102.72 E1593.13954
G1 X88.253 Y102.967 E1593.16764
G1 X88.024 Y103.283 E1593.21145
G1 X87.642 Y103.477 E1593.25954
G1 X84.24 Y103.812 E1593.64327
G1 X83.964 Y103.832 E1593.67434
G1 X83.679 Y103.831 E1593.70633
G1 X83.2 Y103.785 E1593.76035
G1 X82.772 Y103.695 E1593.80944
G1 X82.392 Y103.564 E1593.85456
G1 X82.112 Y103.431 E1593.88936
G1 X81.798 Y103.233 E1593.93103
G1 X81.108 Y102.6 E1594.03614
G1 X80.56 Y102.131 E1594.1171
G1 X79.853 Y101.601 E1594.21629
G1 X78.182 Y100.47 E1594.44279
G1 X77.13 Y99.837 E1594.58061
G1 X76.569 Y99.53 E1594.6524
G1 X75.829 Y99.163 E1594.74512
G1 X75.279 Y98.981 E1594.81015
G1 X74.754 Y98.848 E1594.87095
G1 X73.795 Y98.718 E1594.97958
G1 X73.004 Y98.645 E1595.06875
G1 X72.554 Y98.651 E1595.11927
G1 X72.446 Y98.706 E1595.13287
G1 X72.579 Y98.873 E1595.15684
G1 X73.883 Y100.029 E1595.35245
G1 X74.719 Y100.881 E1595.48644
G1 X75.987 Y102.326 E1595.70225
G1 X76.769 Y103.353 E1595.84715
G1 X77.452 Y104.308 E1595.97894
G1 X78.022 Y105.189 E1596.09673
G1 X78.237 Y105.573 E1596.14613
G1 X78.469 Y106.074 E1596.20811
G1 X78.499 Y106.641 E1596.27184
G1 X78.457 Y107.023 E1596.31498
G1 X78.36 Y107.455 E1596.36468
G1 X78.22 Y107.919 E1596.41909
G1 X78.043 Y108.395 E1596.4761
G1 X77.603 Y109.383 E1596.5975
G1 X77.057 Y110.446 E1596.73165
G1 X76.458 Y111.491 E1596.86686
G1 X75.852 Y112.472 E1596.99629
G1 X75.259 Y113.387 E1597.11869
G1 X74.989 Y113.841 E1597.17798
G1 X74.698 Y114.27 E1597.23617
G1 X74.368 Y114.719 E1597.29872
G1 X73.841 Y115.363 E1597.39213
G1 X73.124 Y116.125 E1597.50958
G1 X72.529 Y116.698 E1597.60231
G1 X72.397 Y116.934 E1597.63266
G1 X72.503 Y117.94 E1597.74622
G1 X72.428 Y118.276 E1597.78486
G1 X72.334 Y118.43 E1597.80511
G1 X71.981 Y118.612 E1597.8497
G1 X70.34 Y118.602 E1598.03391
G1 X69.152 Y122.161 E1598.45508
G1 X71.273 Y121.067 E1598.72298
G1 X73.445 Y119.916 E1598.99891
G1 X74.321 Y119.423 E1599.11175
G1 X74.929 Y119.055 E1599.19152
G1 X76.043 Y118.293 E1599.34303
G1 X77.094 Y117.517 E1599.48968
G1 X77.743 Y117.006 E1599.58241
G1 X78.4 Y116.459 E1599.67837
G1 X79.073 Y115.864 E1599.77921
G1 X79.734 Y115.241 E1599.88117
G1 X80.418 Y114.545 E1599.99071
G1 X81.104 Y113.8 E1600.10439
G1 X83.415 Y111.144 E1600.4996
G1 X83.841 Y110.693 E1600.56924
G1 X84.189 Y110.386 E1600.62133
G1 X84.528 Y110.168 E1600.66657
G1 X84.842 Y110.02 E1600.70554
G1 X85.172 Y109.923 E1600.74415
G1 X85.488 Y109.871 E1600.7801
G1 X85.82 Y109.848 E1600.81746
G1 X86.189 Y109.856 E1600.85889
G1 X86.875 Y109.914 E1600.93617
G1 X87.234 Y109.967 E1600.9769
G1 X87.686 Y110.067 E1601.02887
G1 X88.171 Y110.273 E1601.08802
G1 X88.46 Y110.441 E1601.12554
G1 X88.953 Y110.958 E1601.20574
G1 X89.163 Y111.206 E1601.24221
G1 X89.382 Y111.495 E1601.28292
G1 X89.571 Y111.798 E1601.323
G1 X89.718 Y112.108 E1601.36152
G1 X89.925 Y112.672 E1601.42896
G1 X90.073 Y113.179 E1601.48824
G1 X90.178 Y113.685 E1601.54625
G1 X90.246 Y114.2 E1601.60457
G1 X90.366 Y114.277 E1601.62057
G1 X90.701 Y114.307 E1601.65833
G1 X92.315 Y113.788 E1601.84864
G1 X92.5 Y113.742 E1601.87004
G1 X94.727 Y113.067 E1602.13126
G1 X95.334 Y112.926 E1602.20121
G1 X95.878 Y112.85 E1602.26287
G1 X96.404 Y112.816 E1602.32204
G1 X96.89 Y112.817 E1602.37659
G1 X97.701 Y112.889 E1602.46799
G1 X110.045 Y116.144 E1603.901
G0 F9000 X110.299 Y115.182
G0 X113.045 Y116.046
G0 X114.3 Y116.597
G0 X115.344 Y117.249
G0 X115.989 Y117.952
G0 X116.117 Y118.178
G0 X116.777 Y119.524
G0 X116.506 Y119.606
;TYPE:FILL
G1 F3000 X118.971 Y117.14 E1604.2924
G1 F3600 E1600.2924
G0 F9000 X118.9 Y117.411
G0 X87.97 Y108.817
G0 X87.436 Y108.567
G0 X86.885 Y108.029
G0 X86.556 Y107.409
G0 X86.529 Y106.665
G0 X86.643 Y106.113
G0 X87.048 Y105.439
G0 X87.578 Y105.062
G0 X88.035 Y104.887
G0 X123.357 Y101.501
G0 X130.995 Y113.293
G0 X129.282 Y117.514
G0 X129.039 Y117.371
G1 F3600 E1604.2924
G1 F3000 X139.595 Y106.815 E1605.96816
G0 F9000 X139.475 Y107.068
G0 X137.015 Y109.179
G0 X134.767 Y108.267
G0 X134.528 Y108.119
G1 F3000 X140.747 Y114.338 E1606.95542
G0 F9000 X140.631 Y114.087
G0 X133.281 Y116.991
G0 X133.368 Y117.257
G1 F3000 X130.685 Y114.575 E1607.38127
G1 F3600 E1603.38127
G0 F9000 X130.928 Y114.718
G0 X130.995 Y113.293
G0 X123.357 Y101.501
G0 X110.06 Y102.788
G0 X102.93 Y101.145
G0 X103.076 Y100.908
G1 F3600 E1607.38127
G1 F3000 X100.696 Y103.287 E1607.75901
G0 F9000 X100.67 Y103.009
G0 X88.035 Y104.887
G0 X87.578 Y105.062
G0 X87.048 Y105.439
G0 X86.643 Y106.113
G0 X86.529 Y106.665
G0 X86.556 Y107.409
G0 X86.885 Y108.029
G0 X87.436 Y108.567
G0 X87.739 Y108.708
G0 X94.867 Y111.222
G0 X94.935 Y110.953
G1 F3000 X95.131 Y111.149 E1607.79013
G0 F9000 X95.098 Y111.28
G0 X93.344 Y110.841
G0 X93.412 Y110.572
G1 F3000 X90.819 Y113.164 E1608.20169
G0 F9000 X91.08 Y113.11
G0 X89.2 Y110.729
G0 X85.898 Y107.49
G0 X86.205 Y107.48
G1 F3000 X84.086 Y109.599 E1608.53808
G0 F9000 X83.617 Y109.933
G1 F3000 X78.82 Y105.135 E1609.29968
G0 F9000 X79.063 Y105
G0 X81.718 Y111.575
G0 X81.927 Y111.758
G1 F3000 X77.051 Y116.634 E1610.07374
G1 F3600 E1606.07374
G0 F9000 X76.881 Y116.416
G0 X87.048 Y105.439
G0 X87.578 Y105.062
G0 X88.035 Y104.887
G0 X123.357 Y101.501
G0 X131.388 Y113.529
G0 X130.938 Y114.435
G0 X131.046 Y115.034
G0 X131.909 Y113.053
G0 X131.615 Y112.88
;TYPE:SKIN
G1 F3600 E1610.07374
G1 F1500 X131.552 Y112.672 E1610.09814
G1 X130.897 Y111.661 E1610.23336
G1 F1393.2 X130.851 Y111.506 E1610.2529
G1 F1139.2 X130.697 Y111.088 E1610.31874
G1 F1025.1 X130.55 Y110.88 E1610.36058
G1 F1034.5 X124.297 Y101.235 E1612.23152
G1 F1222.8 X123.859 Y101.023 E1612.29853
G1 F1500 X123.68 Y100.883 E1612.32404
G1 X123.51 Y100.812 E1612.34472
G1 X123.989 Y99.586 E1612.49247
G1 X124.409 Y99.58 E1612.53962
G1 X124.821 Y100.215 E1612.62459
G1 F1222.8 X124.945 Y100.648 E1612.68661
G1 F1034.5 X131.237 Y110.355 E1614.56947
G1 F1049 X131.458 Y110.62 E1614.62486
G1 F1243.1 X131.807 Y110.687 E1614.673
G1 F1500 X132.057 Y110.81 E1614.70427
G1 X132.377 Y110.878 E1614.741
G1 X132.794 Y110.875 E1614.78781
G1 X131.615 Y112.88 E1615.0489
G0 F9000 X131.909 Y113.053
G0 X132.58 Y111.913
G0 X131.728 Y111.412
G1 F1022.7 X131.673 Y111.507 E1615.06697
G1 X131.563 Y111.507 E1615.08508
G1 X131.508 Y111.412 E1615.10316
G1 X131.563 Y111.317 E1615.12123
G1 X131.673 Y111.317 E1615.13934
G1 X131.728 Y111.412 E1615.15741
G0 F9000 X132.58 Y111.913
G0 X134.166 Y109.919
G0 X133.563 Y109.984
G0 X132.679 Y110.598
G0 X125.109 Y100.036
G0 X124.343 Y100.532
G1 F1475.4 X124.305 Y100.598 E1615.1661
G1 X124.229 Y100.598 E1615.17478
G1 X124.191 Y100.532 E1615.18347
G1 X124.229 Y100.466 E1615.19216
G1 X124.305 Y100.466 E1615.20083
G1 X124.343 Y100.532 E1615.20952
G1 F3600 E1611.20952
G0 F9000 X125.109 Y100.036
G0 X130.262 Y107.066
G0 X131.756 Y106.094
G0 X132.306 Y105.742
G0 X132.315 Y106.404
;TYPE:WALL-INNER
G1 F3600 E1615.20952
G1 F1500 X133.698 Y104.096 E1615.51156
G1 X133.902 Y103.887 E1615.54434
G1 X134.143 Y103.76 E1615.57492
G1 X134.366 Y103.714 E1615.60048
G1 X134.593 Y103.725 E1615.62599
G1 X134.871 Y103.814 E1615.65876
G1 X136.479 Y105.032 E1615.8852
G1 X137.59 Y103.585 E1616.08998
G1 X137.815 Y103.415 E1616.12164
G1 X138.117 Y103.319 E1616.15721
G1 X138.484 Y103.333 E1616.19844
G1 X140.149 Y104.128 E1616.40555
G1 X141.046 Y102.441 E1616.62003
G1 X141.327 Y102.19 E1616.66232
G1 F1465.8 X141.933 Y102.062 E1616.73347
G1 F1492.5 X143.009 Y102.393 E1616.86047
G1 F1618.7 X144.086 Y102.724 E1616.97767
G1 F1691.7 X144.429 Y102.32 E1617.03042
G1 X144.095 Y102.175 E1617.06666
G1 F1642.3 X143.545 Y101.967 E1617.12695
G1 F1530.6 X142.46 Y101.578 E1617.25375
G1 F1451.6 X142.084 Y101.456 E1617.2996
G1 F1465.8 X141.2 Y101.138 E1617.40752
G1 F1500 X140.568 Y100.946 E1617.48166
G1 X139.982 Y100.788 E1617.54979
G1 X138.197 Y100.413 E1617.75454
G1 X136.038 Y100.004 E1618.0012
G1 X133.645 Y99.581 E1618.27399
G1 X132.45 Y99.409 E1618.40951
G1 X132.221 Y99.496 E1618.43701
G1 X130.205 Y103.164 E1618.90685
G1 X132.315 Y106.404 E1619.34087
G0 F9000 X132.306 Y105.742
G0 X132.328 Y106.875
G0 X132.337 Y107.537
;TYPE:WALL-OUTER
G1 F1500 X134.19 Y104.44 E1619.74599
G1 X134.338 Y104.328 E1619.76683
G1 X134.585 Y104.347 E1619.79464
G1 X136.594 Y105.872 E1620.07776
G1 X138.008 Y104.015 E1620.33977
G1 X138.196 Y103.914 E1620.36373
G1 X138.318 Y103.919 E1620.37743
G1 X140.409 Y104.917 E1620.63752
G1 X141.549 Y102.782 E1620.9092
G1 X141.634 Y102.706 E1620.922
G1 X141.836 Y102.667 E1620.9451
G1 X144.28 Y103.369 E1621.23054
G1 X145.329 Y102.138 E1621.41209
G1 X144.971 Y101.947 E1621.45763
G1 X144.502 Y101.73 E1621.51564
G1 X143.753 Y101.424 E1621.60647
G1 X142.658 Y101.006 E1621.73803
G1 X141.376 Y100.564 E1621.89026
G1 X140.724 Y100.366 E1621.96674
G1 X140.122 Y100.204 E1622.03673
G1 X138.309 Y99.823 E1622.24469
G1 X136.142 Y99.413 E1622.49225
G1 X133.701 Y98.983 E1622.77048
G1 X132.407 Y98.796 E1622.91725
G1 X132.021 Y98.908 E1622.96236
G1 X131.733 Y99.139 E1623.00381
G1 X129.506 Y103.19 E1623.52273
G1 X132.337 Y107.537 E1624.10505
G0 F9000 X132.328 Y106.875
G0 X132.306 Y105.742
G0 X132.414 Y106.004
;TYPE:FILL
G1 F3000 X131.797 Y105.388 E1624.20292
G0 F9000 X131.374 Y104.737
G1 F3000 X135.994 Y100.118 E1624.93626
G0 F9000 X135.849 Y100.883
G1 F3600 E1620.93626
;MESH:NONMESH
G0 F300 X135.849 Y100.883 Z5.6
G0 F9000 X129.877 Y103.181
G0 X127.888 Y104.472
G0 X124.555 Y99.301
G0 X123.803 Y99.311
G0 X88.035 Y104.887
G0 X87.578 Y105.062
G0 X87.048 Y105.439
G0 X86.643 Y106.113
G0 X86.529 Y106.665
G0 X86.556 Y107.409
G0 X86.885 Y108.029
G0 X87.436 Y108.567
G0 X87.869 Y108.769
G0 X110.134 Y115.139
G0 X110.046 Y115.471
;TIME_ELAPSED:1061.998970
;LAYER:12
;TYPE:WALL-INNER
;MESH:sharkz.stl
G1 F3600 E1624.93626
G1 F1282.1 X111.573 Y115.873 E1625.14364
G1 F1257 X112.354 Y116.098 E1625.25252
G1 F1222.8 X112.926 Y116.285 E1625.33538
G1 F1165.8 X113.598 Y116.533 E1625.43884
G1 F1289.4 X114.108 Y116.882 E1625.51954
G1 F1500 X114.823 Y117.284 E1625.61162
G1 X115.136 Y117.514 E1625.65522
G1 X115.467 Y117.847 E1625.70792
G1 X115.715 Y118.147 E1625.75162
G1 X115.955 Y118.545 E1625.80379
G1 X116.136 Y118.909 E1625.84942
G1 X116.299 Y119.326 E1625.89968
G1 X116.415 Y119.718 E1625.94557
G1 X116.51 Y120.115 E1625.99139
G1 X116.582 Y120.516 E1626.03712
G1 X116.635 Y120.976 E1626.0891
G1 X116.676 Y121.8 E1626.18171
G1 X116.656 Y122.625 E1626.27435
G1 X116.577 Y123.404 E1626.36224
G1 X116.459 Y124.124 E1626.44414
G1 X116.319 Y124.75 E1626.51615
G1 X116.163 Y125.295 E1626.57978
G1 X115.983 Y125.832 E1626.64336
G1 X115.369 Y127.36 E1626.82821
G1 X115.012 Y128.199 E1626.93056
G1 X114.55 Y129.22 E1627.05636
G1 X115.408 Y128.817 E1627.16277
G1 X115.817 Y128.563 E1627.21681
G1 X116.96 Y127.774 E1627.37272
G1 X117.715 Y127.213 E1627.47831
G1 X118.539 Y126.544 E1627.59745
G1 X119.43 Y125.761 E1627.7306
G1 X120.348 Y124.878 E1627.87358
G1 X121.227 Y123.926 E1628.01903
G1 X122.056 Y122.93 E1628.16449
G1 X122.797 Y121.963 E1628.30125
G1 X123.487 Y121 E1628.43423
G1 X124.423 Y119.595 E1628.62374
G1 X124.777 Y119.03 E1628.69859
G1 X125.538 Y117.756 E1628.86517
G1 X123.711 Y114.894 E1629.24631
G1 X123.393 Y115.453 E1629.31851
G1 X123.113 Y115.872 E1629.37508
G1 X122.816 Y116.223 E1629.42669
G1 X122.513 Y116.512 E1629.47369
G1 X122.174 Y116.772 E1629.52165
G1 X121.853 Y116.956 E1629.56318
G1 X121.39 Y117.172 E1629.62053
G1 X120.681 Y117.293 E1629.70127
G1 X120.165 Y117.288 E1629.7592
G1 X119.835 Y117.238 E1629.79666
G1 X114.484 Y115.845 E1630.41735
G1 F1289.4 X113.868 Y115.786 E1630.49816
G1 F1184.2 X112.548 Y115.403 E1630.69359
G1 F1257 X107.45 Y114.067 E1631.39955
G1 F1283.9 X102.352 Y112.73 E1632.09076
G1 F1323.5 X98.014 Y111.63 E1632.6601
G1 F1283.9 X97.064 Y111.429 E1632.78745
G1 F1339.3 X96.544 Y111.234 E1632.85728
G1 F1490.1 X89.285 Y109.416 E1633.70289
G1 F1618.7 X87.919 Y109.027 E1633.85063
G1 F1633.4 X87.295 Y108.788 E1633.91951
G1 F1512.6 X86.941 Y108.506 E1633.96989
G1 F1500 X86.661 Y108.169 E1634.01907
G1 X86.353 Y107.577 E1634.09398
G1 X86.295 Y107.355 E1634.11974
G1 X86.269 Y106.656 E1634.19826
G1 X86.362 Y106.166 E1634.25425
G1 X86.474 Y105.881 E1634.28862
G1 X86.758 Y105.413 E1634.35007
G1 X87.007 Y105.145 E1634.39113
G1 F1495 X87.45 Y104.831 E1634.45229
G1 F1480.3 X87.99 Y104.613 E1634.51853
G1 F1485.1 X89.006 Y104.529 E1634.63411
G1 F1500 X91.3 Y104.308 E1634.89282
G1 F1475.4 X91.792 Y104.252 E1634.94933
G1 F1397.5 X92.208 Y104.186 E1635.00008
G1 F1363.6 X93.19 Y104.102 E1635.12177
G1 F1351.4 X95.234 Y103.891 E1635.37781
G1 F1291.2 X97.278 Y103.679 E1635.64578
G1 F1372 X97.934 Y103.672 E1635.7263
G1 F1500 X104.715 Y103.021 E1636.49098
G1 F1424.1 X104.999 Y102.962 E1636.52528
G1 F1193.6 X105.429 Y102.829 E1636.58877
G1 F1077.8 X105.826 Y102.803 E1636.65092
G1 F1068.9 X107.938 Y102.583 E1636.98542
G1 F1026.2 X110.051 Y102.363 E1637.33399
G1 F1204.8 X110.662 Y102.451 E1637.42026
G1 F1500 X123.001 Y101.268 E1638.8117
G1 X123.294 Y101.305 E1638.84485
G1 X123.456 Y101.373 E1638.86458
G1 X123.788 Y101.678 E1638.91518
G1 X131.004 Y112.819 E1640.4052
G1 X131.128 Y113.117 E1640.44143
G1 X131.132 Y113.48 E1640.48218
G1 X131.024 Y113.766 E1640.5165
G1 X128.385 Y118.242 E1641.09977
G1 X128.006 Y118.904 E1641.1854
G1 X128.598 Y118.801 E1641.25285
G1 X129.55 Y118.563 E1641.36301
G1 X130.812 Y118.199 E1641.51044
G1 X132.031 Y117.825 E1641.65358
G1 X133.804 Y117.24 E1641.86315
G1 X135.05 Y116.797 E1642.0116
G1 X136.455 Y116.272 E1642.17997
G1 X138.059 Y115.636 E1642.37366
G1 X139.33 Y115.093 E1642.52881
G1 X140.792 Y114.449 E1642.70814
G1 X142.293 Y113.75 E1642.894
G1 X142.886 Y113.46 E1642.9681
G1 X143.541 Y113.11 E1643.05147
G1 X144.116 Y112.786 E1643.12555
G1 X144.697 Y112.428 E1643.20216
G1 X145.795 Y111.694 E1643.35042
G1 X146.912 Y110.877 E1643.50576
G1 X148.019 Y110.008 E1643.66374
G1 X148.445 Y109.657 E1643.7257
G1 X149.165 Y109.003 E1643.83489
G1 X149.491 Y108.686 E1643.88593
G1 X149.882 Y108.271 E1643.94994
G1 X150.194 Y107.887 E1644.00548
G1 X150.366 Y107.642 E1644.03908
G1 X150.485 Y107.359 E1644.07354
G1 X150.561 Y106.952 E1644.12002
G1 X150.508 Y106.682 E1644.1509
G1 X150.281 Y106.28 E1644.20273
G1 X149.977 Y105.94 E1644.25392
G1 X149.64 Y105.614 E1644.30656
G1 X149.242 Y105.279 E1644.36495
G1 X148.532 Y104.752 E1644.46421
G1 X147.856 Y104.297 E1644.55568
G1 X146.765 Y103.625 E1644.69951
G1 F1433.1 X145.245 Y105.331 E1644.96797
G1 F1317.7 X144.893 Y105.573 E1645.02256
G1 F1162.8 X144.695 Y105.666 E1645.05423
G1 F1071.4 X144.412 Y105.642 E1645.09887
G1 F1246.5 X143.869 Y105.363 E1645.18133
G1 F1500 X142.664 Y105.02 E1645.32197
G1 F1505 X141.615 Y106.874 E1645.56029
G1 F1520.3 X141.387 Y107.061 E1645.59295
G1 F1515.2 X140.659 Y107.189 E1645.67509
G1 F1500 X138.767 Y106.289 E1645.91028
G1 X137.439 Y108.063 E1646.15903
G1 X137.195 Y108.251 E1646.19361
G1 X136.845 Y108.357 E1646.23466
G1 X136.454 Y108.306 E1646.27892
G1 X136.223 Y108.18 E1646.30846
G1 X134.944 Y107.219 E1646.48804
G1 X133.661 Y109.295 E1646.76199
G1 X133.212 Y110.041 E1646.85973
G1 X132.951 Y110.239 E1646.89651
G1 X132.561 Y110.367 E1646.94258
G1 X132.209 Y110.294 E1646.98294
G1 X131.964 Y110.157 E1647.01445
G1 X131.764 Y109.938 E1647.04774
G1 X124.696 Y99.03 E1648.50677
G1 X124.218 Y99.048 E1648.56047
G1 X123.733 Y99.048 E1648.61491
G1 X123.278 Y98.898 E1648.66869
G1 X123.028 Y98.749 E1648.70136
G1 X122.754 Y98.496 E1648.74322
G1 X122.552 Y98.209 E1648.78262
G1 X122.082 Y97.242 E1648.90331
G1 X121.512 Y96.19 E1649.03762
G1 X121.126 Y95.562 E1649.12037
G1 X120.742 Y94.98 E1649.19864
G1 X120.296 Y94.377 E1649.28283
G1 X119.819 Y93.807 E1649.36626
G1 X118.592 Y92.477 E1649.56939
G1 X117.572 Y91.45 E1649.73187
G1 X117.171 Y91.076 E1649.79342
G1 X116.96 Y90.893 E1649.82477
G1 X116.976 Y91.719 E1649.91751
G1 X116.98 Y93.173 E1650.08073
G1 X116.936 Y94.491 E1650.22876
G1 X116.829 Y95.549 E1650.34813
G1 X116.69 Y96.606 E1650.4678
G1 X116.542 Y97.415 E1650.56012
G1 X118.519 Y97.46 E1650.7821
G1 X119.006 Y97.609 E1650.83927
G1 X119.328 Y97.867 E1650.88559
G1 X119.484 Y98.074 E1650.91468
G1 X119.648 Y98.414 E1650.95706
G1 X119.684 Y98.72 E1650.99165
G1 X119.635 Y99.107 E1651.03543
G1 X119.482 Y99.402 E1651.07274
G1 X119.326 Y99.602 E1651.10121
G1 X118.958 Y99.881 E1651.15305
G1 X118.448 Y100.083 E1651.21462
G1 X110.517 Y101.245 E1652.11441
G1 F1204.8 X109.945 Y101.477 E1652.20067
G1 F1021.6 X108.975 Y101.607 E1652.36198
G1 F1063.8 X105.71 Y101.988 E1652.88226
G1 F1079.1 X105.454 Y101.99 E1652.92221
G1 F1193.6 X105.032 Y101.832 E1652.98577
G1 F1424.1 X104.873 Y101.76 E1653.00641
G1 F1500 X104.447 Y101.608 E1653.05718
G1 X102.672 Y100.52 E1653.29088
G1 X102.184 Y100.265 E1653.35269
G1 X101.585 Y99.992 E1653.42658
G1 X100.234 Y99.451 E1653.58995
G1 X98.989 Y99.011 E1653.73817
G1 X99.051 Y99.339 E1653.77564
G1 X99.102 Y99.793 E1653.82693
G1 X99.086 Y100.342 E1653.88858
G1 X98.982 Y100.897 E1653.95196
G1 X98.807 Y101.35 E1654.00648
G1 X98.572 Y101.748 E1654.05836
G1 X98.4 Y101.981 E1654.09087
G1 X98.106 Y102.298 E1654.1394
G1 X97.716 Y102.61 E1654.19547
G1 F1446.9 X97.367 Y102.853 E1654.24495
G1 F1327.4 X97.151 Y102.982 E1654.27687
G1 F1291.2 X95.124 Y103.219 E1654.54299
G1 F1351.4 X93.097 Y103.457 E1654.79729
G1 F1363.6 X92.158 Y103.521 E1654.91351
G1 F1397.5 X91.861 Y103.465 E1654.94992
G1 F1475.4 X91.328 Y103.305 E1655.01343
G1 F1500 X89.72 Y102.739 E1655.20479
G1 X88.86 Y102.468 E1655.306
G1 X88.885 Y102.715 E1655.33387
G1 F1497.5 X88.806 Y103.225 E1655.3919
G1 F1492.5 X88.52 Y103.637 E1655.44848
G1 F1485.1 X88.239 Y103.849 E1655.48839
G1 F1463.4 X87.935 Y104.013 E1655.52813
G1 F1461 X87.717 Y104.075 E1655.55425
G1 F1490.1 X84.298 Y104.41 E1655.94245
G1 F1500 X84.027 Y104.43 E1655.97296
G1 X83.638 Y104.43 E1656.01662
G1 X83.104 Y104.377 E1656.07686
G1 X82.662 Y104.286 E1656.12752
G1 X82.138 Y104.108 E1656.18964
G1 X81.794 Y103.939 E1656.23266
G1 X81.45 Y103.722 E1656.27832
G1 X80.717 Y103.055 E1656.38957
G1 X80.184 Y102.599 E1656.46831
G1 X79.481 Y102.073 E1656.56687
G1 X77.859 Y100.976 E1656.78667
G1 X76.832 Y100.357 E1656.92128
G1 X76.292 Y100.062 E1656.99035
G1 X75.6 Y99.719 E1657.07705
G1 X75.111 Y99.557 E1657.13487
G1 X74.629 Y99.436 E1657.19066
G1 X74.026 Y99.355 E1657.25895
G1 X74.274 Y99.574 E1657.29609
G1 X75.181 Y100.498 E1657.44143
G1 X76.465 Y101.963 E1657.66011
G1 X77.257 Y103.003 E1657.80685
G1 X77.933 Y103.947 E1657.93718
G1 X78.546 Y104.896 E1658.064
G1 X78.781 Y105.32 E1658.11842
G1 X79.01 Y105.817 E1658.17985
G1 X79.066 Y106.039 E1658.20555
G1 X79.1 Y106.64 E1658.27312
G1 X79.039 Y107.174 E1658.33345
G1 X78.935 Y107.627 E1658.38563
G1 X78.786 Y108.117 E1658.44312
G1 X78.594 Y108.636 E1658.50524
G1 X78.129 Y109.672 E1658.63271
G1 X77.578 Y110.744 E1658.76801
G1 X76.994 Y111.764 E1658.89994
G1 X76.356 Y112.798 E1659.03633
G1 X75.769 Y113.703 E1659.15742
G1 X75.486 Y114.177 E1659.21939
G1 X75.182 Y114.625 E1659.28016
G1 X74.837 Y115.094 E1659.34552
G1 X74.305 Y115.743 E1659.43972
G1 X73.572 Y116.525 E1659.56003
G1 X73.014 Y117.063 E1659.64704
G1 X73.1 Y117.873 E1659.73848
G1 X73.068 Y118.269 E1659.78308
G1 F1495 X72.863 Y118.71 E1659.83785
G1 F1470.6 X72.57 Y119.026 E1659.88719
G1 F1437.7 X72.176 Y119.187 E1659.93704
G1 F1357.5 X71.901 Y119.26 E1659.97233
G1 F1145 X71.187 Y119.345 E1660.07807
G1 F1026.2 X70.87 Y119.343 E1660.13008
G1 X70.426 Y120.674 E1660.3603
G1 X71.39 Y120.17 E1660.53878
G1 F1145 X72.061 Y119.915 E1660.64433
G1 F1357.5 X72.414 Y119.766 E1660.69186
G1 F1456.3 X72.758 Y119.599 E1660.73607
G1 F1495 X74.022 Y118.902 E1660.89864
G1 F1500 X74.605 Y118.55 E1660.97509
G1 X75.687 Y117.81 E1661.12224
G1 X76.712 Y117.052 E1661.26534
G1 X77.36 Y116.544 E1661.35777
G1 X78.004 Y116.009 E1661.45175
G1 X78.661 Y115.428 E1661.5502
G1 X79.314 Y114.812 E1661.65097
G1 X79.984 Y114.131 E1661.75821
G1 X80.652 Y113.406 E1661.86887
G1 X82.99 Y110.719 E1662.26869
G1 X83.413 Y110.273 E1662.33769
G1 X83.863 Y109.88 E1662.40476
G1 X84.288 Y109.617 E1662.46086
G1 X84.623 Y109.462 E1662.5023
G1 X85.038 Y109.338 E1662.55092
G1 X85.392 Y109.279 E1662.5912
G1 X85.78 Y109.249 E1662.63489
G1 X86.239 Y109.258 E1662.68642
G1 X86.96 Y109.32 E1662.76765
G1 F1535.8 X87.294 Y109.383 E1662.80492
G1 F1660.5 X87.843 Y109.534 E1662.86265
G1 F1688.6 X88.401 Y109.74 E1662.92197
G1 F1587.3 X88.836 Y109.971 E1662.97421
G1 F1528 X89.372 Y110.526 E1663.05924
G1 F1500 X89.641 Y110.843 E1663.10591
G1 X89.845 Y111.11 E1663.14362
G1 X90.112 Y111.539 E1663.20035
G1 X90.281 Y111.901 E1663.24519
G1 X90.481 Y112.445 E1663.31025
G1 X90.665 Y113.08 E1663.38447
G1 X90.786 Y113.652 E1663.4501
G1 X92.169 Y113.206 E1663.61322
G1 X92.34 Y113.164 E1663.63298
G1 X94.59 Y112.483 E1663.89687
G1 X95.251 Y112.332 E1663.97298
G1 X95.862 Y112.249 E1664.04219
G1 F1490.1 X96.424 Y112.212 E1664.10584
G1 F1339.3 X96.945 Y112.151 E1664.17179
G1 F1253.5 X97.777 Y112.255 E1664.28442
G1 F1291.2 X102.18 Y113.401 E1664.8777
G1 F1295 X110.046 Y115.471 E1665.93531
G1 F3600 E1661.93531
G0 F9000 X110.162 Y115.035
G0 X87.97 Y108.817
G0 X87.436 Y108.567
G0 X86.885 Y108.029
G0 X86.556 Y107.409
G0 X86.529 Y106.665
G0 X86.643 Y106.113
G0 X87.048 Y105.439
G0 X87.578 Y105.062
G0 X88.035 Y104.887
G0 X123.357 Y101.501
G0 X131.388 Y113.529
G0 X130.938 Y114.435
G0 X131.046 Y115.034
G0 X140.371 Y111.503
G0 X140.391 Y110.966
G1 F3600 E1665.93531
G1 F1500 X140.138 Y110.707 E1665.97595
G1 X140.036 Y110.489 E1666.00297
G1 X140 Y110.125 E1666.04403
G1 X140.074 Y109.851 E1666.07589
G1 X140.282 Y109.387 E1666.13297
G1 X140.493 Y109.003 E1666.18215
G1 X140.734 Y108.647 E1666.23041
G1 X141.023 Y108.295 E1666.28153
G1 F1510.1 X141.854 Y107.422 E1666.41593
G1 X142.33 Y107.123 E1666.47861
G1 F1502.5 X142.771 Y106.896 E1666.53419
G1 F1500 X143.398 Y106.708 E1666.60767
G1 X143.813 Y106.628 E1666.65511
G1 F1428.6 X143.91 Y106.586 E1666.66757
G1 F1198.4 X144.292 Y106.473 E1666.72354
G1 F1071.4 X144.66 Y106.497 E1666.7815
G1 F1162.8 X144.96 Y106.6 E1666.82743
G1 F1308.1 X145.026 Y106.634 E1666.83698
G1 F1421.8 X145.76 Y106.86 E1666.92794
G1 F1500 X146.483 Y107.138 E1667.01489
G1 X146.697 Y107.258 E1667.04243
G1 X146.896 Y107.468 E1667.07491
G1 X147.006 Y107.691 E1667.10282
G1 X147.048 Y108.064 E1667.14495
G1 X146.936 Y108.419 E1667.18674
G1 X146.576 Y108.956 E1667.25931
G1 X145.773 Y109.687 E1667.38121
G1 X145.017 Y110.166 E1667.48167
G1 X144.213 Y110.585 E1667.58344
G1 X143.801 Y110.766 E1667.63396
G1 X143.304 Y110.934 E1667.69285
G1 X142.916 Y111.03 E1667.73771
G1 X142.463 Y111.103 E1667.78922
G1 X142.053 Y111.138 E1667.83541
G1 X141.606 Y111.148 E1667.8856
G1 X140.862 Y111.12 E1667.96918
G1 X140.608 Y111.073 E1667.99817
G1 X140.391 Y110.966 E1668.02533
G0 F9000 X140.826 Y110.518
;TYPE:WALL-OUTER
G1 F1500 X140.643 Y110.383 E1668.05086
G1 X140.598 Y110.261 E1668.06546
G1 X140.622 Y110.097 E1668.08406
G1 X140.84 Y109.612 E1668.14375
G1 X140.993 Y109.334 E1668.17937
G1 X141.199 Y109.026 E1668.22097
G1 X141.461 Y108.706 E1668.26739
G1 X142.205 Y107.914 E1668.38937
G1 X142.603 Y107.656 E1668.44261
G1 X143.018 Y107.449 E1668.49467
G1 X143.478 Y107.305 E1668.54878
G1 X143.96 Y107.212 E1668.60388
G1 X144.24 Y107.191 E1668.6354
G1 X144.567 Y107.21 E1668.67217
G1 X144.898 Y107.254 E1668.70965
G1 X145.231 Y107.324 E1668.74785
G1 X145.544 Y107.42 E1668.7846
G1 X146.315 Y107.716 E1668.87731
G1 X146.437 Y107.881 E1668.90034
G1 X146.414 Y108.124 E1668.92774
G1 X146.118 Y108.561 E1668.98699
G1 X145.418 Y109.203 E1669.09361
G1 X144.675 Y109.671 E1669.19218
G1 X143.973 Y110.035 E1669.28094
G1 X143.579 Y110.208 E1669.32925
G1 X143.16 Y110.352 E1669.37898
G1 X142.772 Y110.448 E1669.42385
G1 X142.353 Y110.511 E1669.47141
G1 X142.005 Y110.54 E1669.51061
G1 X141.628 Y110.548 E1669.55294
G1 X140.826 Y110.518 E1669.64303
G1 F3600 E1665.64303
G0 F9000 X140.789 Y111.519
G0 X131.046 Y115.034
G0 X130.938 Y114.435
G0 X131.201 Y112.639
G0 X123.357 Y101.501
G0 X88.035 Y104.887
G0 X87.578 Y105.062
G0 X87.048 Y105.439
G0 X86.643 Y106.113
G0 X86.529 Y106.665
G0 X86.556 Y107.409
G0 X86.885 Y108.029
G0 X87.436 Y108.567
G0 X87.869 Y108.769
G0 X110.327 Y115.078
G0 X110.045 Y116.146
G1 F3600 E1669.64303
G1 F1500 X111.386 Y116.5 E1669.79872
G1 X112.181 Y116.737 E1669.89184
G1 X112.713 Y116.925 E1669.95518
G1 X113.3 Y117.164 E1670.02632
G1 X113.87 Y117.433 E1670.09707
G1 X114.438 Y117.749 E1670.17004
G1 X114.755 Y117.981 E1670.21413
G1 X115.004 Y118.229 E1670.25358
G1 X115.212 Y118.48 E1670.29018
G1 X115.408 Y118.794 E1670.33173
G1 X115.579 Y119.132 E1670.37425
G1 X115.724 Y119.498 E1670.41844
G1 X115.832 Y119.86 E1670.46084
G1 X115.92 Y120.222 E1670.50266
G1 X115.99 Y120.616 E1670.54758
G1 X116.036 Y121.008 E1670.59189
G1 X116.076 Y121.764 E1670.67687
G1 X116.059 Y122.566 E1670.76692
G1 X115.985 Y123.308 E1670.85062
G1 X115.873 Y123.994 E1670.92865
G1 X115.741 Y124.586 E1670.99673
G1 X115.593 Y125.107 E1671.05753
G1 X115.427 Y125.608 E1671.11678
G1 X114.817 Y127.126 E1671.30042
G1 X114.466 Y127.952 E1671.40116
G1 X113.46 Y130.173 E1671.67486
G1 X113.931 Y130.071 E1671.72896
G1 X114.398 Y129.923 E1671.78395
G1 X114.876 Y129.736 E1671.84157
G1 X115.696 Y129.344 E1671.94359
G1 X116.135 Y129.072 E1672.00156
G1 X117.318 Y128.256 E1672.16288
G1 X118.083 Y127.687 E1672.26991
G1 X118.955 Y126.977 E1672.39613
G1 X119.836 Y126.203 E1672.52777
G1 X120.777 Y125.298 E1672.67433
G1 X121.678 Y124.322 E1672.82343
G1 X122.525 Y123.304 E1672.97209
G1 X123.279 Y122.321 E1673.11116
G1 X123.957 Y121.377 E1673.24162
G1 X124.927 Y119.921 E1673.43801
G1 X125.28 Y119.359 E1673.51251
G1 X126.243 Y117.746 E1673.72339
G1 X123.68 Y113.73 E1674.25818
G1 X122.891 Y115.125 E1674.43808
G1 X122.672 Y115.461 E1674.4831
G1 X122.395 Y115.795 E1674.53181
G1 X122.139 Y116.043 E1674.57182
G1 X121.893 Y116.239 E1674.60713
G1 X121.619 Y116.402 E1674.64292
G1 X121.21 Y116.593 E1674.69359
G1 X120.655 Y116.688 E1674.7568
G1 X120.225 Y116.691 E1674.80507
G1 X119.942 Y116.648 E1674.8372
G1 X102.509 Y112.102 E1676.85954
G1 X88.091 Y108.498 E1678.5278
G1 X87.615 Y108.277 E1678.58672
G1 X87.345 Y108.053 E1678.6261
G1 X87.151 Y107.81 E1678.661
G1 X86.892 Y107.32 E1678.72322
G1 X86.868 Y106.696 E1678.79331
G1 X86.96 Y106.236 E1678.84597
G1 X87.303 Y105.671 E1678.92017
G1 X87.741 Y105.361 E1678.9804
G1 X88.108 Y105.217 E1679.02466
G1 X123.021 Y101.868 E1682.96173
G1 X123.174 Y101.903 E1682.97935
G1 X123.284 Y102.004 E1682.99612
G1 X130.542 Y113.21 E1684.49482
G1 X130.543 Y113.399 E1684.51604
G1 X127.865 Y117.944 E1685.1082
G1 X127.425 Y118.716 E1685.20795
G1 X127.293 Y119.014 E1685.24454
G1 X127.225 Y119.284 E1685.27579
G1 X127.267 Y119.379 E1685.28745
G1 X127.49 Y119.475 E1685.3147
G1 X127.747 Y119.526 E1685.34412
G1 X128.071 Y119.502 E1685.38059
G1 X128.713 Y119.39 E1685.45374
G1 X129.694 Y119.146 E1685.56722
G1 X130.987 Y118.773 E1685.71828
G1 X132.219 Y118.395 E1685.86294
G1 X133.998 Y117.808 E1686.07322
G1 X135.233 Y117.37 E1686.22032
G1 X136.675 Y116.83 E1686.39316
G1 X138.295 Y116.188 E1686.58877
G1 X139.54 Y115.656 E1686.74075
G1 X141.044 Y114.993 E1686.92526
G1 X142.483 Y114.325 E1687.10334
G1 X143.168 Y113.99 E1687.18894
G1 X143.835 Y113.633 E1687.27386
G1 X144.43 Y113.297 E1687.35057
G1 X145.029 Y112.928 E1687.42954
G1 X146.124 Y112.197 E1687.57733
G1 X147.283 Y111.349 E1687.73854
G1 X148.401 Y110.471 E1687.89811
G1 X148.836 Y110.112 E1687.96142
G1 X149.609 Y109.419 E1688.07796
G1 X149.609 Y109.406 E1688.07942
G1 X149.88 Y109.146 E1688.12158
G1 X150.334 Y108.666 E1688.19574
G1 X150.672 Y108.25 E1688.25591
G1 X150.895 Y107.934 E1688.29932
G1 X151.055 Y107.551 E1688.34592
G1 X151.128 Y107.272 E1688.37829
G1 X151.168 Y106.928 E1688.41717
G1 X151.078 Y106.47 E1688.46956
G1 X150.832 Y106.037 E1688.52546
G1 X150.655 Y105.798 E1688.55885
G1 X150.411 Y105.524 E1688.60003
G1 X150.042 Y105.168 E1688.65759
G1 X149.614 Y104.808 E1688.72037
G1 X148.878 Y104.262 E1688.82324
G1 X148.181 Y103.793 E1688.91754
G1 X146.648 Y102.854 E1689.11934
G1 X144.863 Y104.858 E1689.4206
G1 X144.725 Y104.939 E1689.43856
G1 X144.611 Y104.95 E1689.45141
G1 X142.374 Y104.314 E1689.71248
G1 X141.143 Y106.497 E1689.9938
G1 X141.066 Y106.561 E1690.00504
G1 X140.833 Y106.6 E1690.03156
G1 X138.581 Y105.537 E1690.3111
G1 X136.983 Y107.666 E1690.60992
G1 X136.791 Y107.759 E1690.63386
G1 X136.635 Y107.739 E1690.65152
G1 X134.779 Y106.345 E1690.91208
G1 X133.146 Y108.987 E1691.26073
G1 X132.766 Y109.622 E1691.3438
G1 X132.64 Y109.724 E1691.362
G1 X132.499 Y109.748 E1691.37805
G1 X132.309 Y109.676 E1691.40086
G1 X125.176 Y98.668 E1692.87328
G1 X125.122 Y98.419 E1692.90188
G1 X124.184 Y98.448 E1693.00723
G1 X123.833 Y98.445 E1693.04663
G1 X123.454 Y98.326 E1693.09122
G1 X123.21 Y98.105 E1693.12818
G1 X123.051 Y97.875 E1693.15956
G1 X122.616 Y96.969 E1693.27238
G1 X122.032 Y95.89 E1693.4101
G1 X121.627 Y95.232 E1693.49683
G1 X121.234 Y94.636 E1693.57697
G1 X120.768 Y94.006 E1693.66494
G1 X120.27 Y93.411 E1693.75203
G1 X119.039 Y92.076 E1693.95588
G1 X117.982 Y91.012 E1694.12423
G1 X117.564 Y90.622 E1694.18841
G1 X117.174 Y90.285 E1694.24626
G1 X116.848 Y90.035 E1694.29238
G1 X116.515 Y89.814 E1694.33724
G1 X116.403 Y89.795 E1694.35
G1 X116.341 Y89.981 E1694.372
G1 X116.376 Y91.721 E1694.56736
G1 X116.38 Y93.154 E1694.72822
G1 X116.339 Y94.431 E1694.87164
G1 X116.234 Y95.471 E1694.98898
G1 X116.1 Y96.498 E1695.10524
G1 X115.892 Y97.638 E1695.23532
G1 X115.819 Y97.933 E1695.26944
G1 X115.944 Y98.004 E1695.28557
G1 X118.435 Y98.054 E1695.56525
G1 X118.694 Y98.141 E1695.59592
G1 X118.933 Y98.312 E1695.62891
G1 X119.074 Y98.61 E1695.66592
G1 X119.059 Y98.97 E1695.70636
G1 X118.853 Y99.233 E1695.74386
G1 X118.73 Y99.326 E1695.76117
G1 X118.316 Y99.494 E1695.81133
G1 X108.885 Y100.878 E1696.88132
G1 X105.604 Y101.284 E1697.25243
G1 X105.075 Y101.195 E1697.31265
G1 X104.683 Y101.048 E1697.35965
G1 X102.968 Y99.998 E1697.58537
G1 X102.448 Y99.726 E1697.65125
G1 X101.821 Y99.44 E1697.72861
G1 X100.446 Y98.889 E1697.89489
G1 X99.133 Y98.425 E1698.05121
G1 X98.305 Y98.166 E1698.14859
G1 X98.094 Y98.154 E1698.17232
G1 X98.282 Y98.654 E1698.23228
G1 X98.379 Y99.021 E1698.27489
G1 X98.455 Y99.406 E1698.31894
G1 X98.499 Y99.798 E1698.36322
G1 X98.483 Y100.3 E1698.4196
G1 X98.393 Y100.755 E1698.47167
G1 X98.257 Y101.101 E1698.5134
G1 X98.09 Y101.391 E1698.55097
G1 X97.918 Y101.623 E1698.58338
G1 X97.684 Y101.867 E1698.62133
G1 X97.306 Y102.166 E1698.67544
G1 X97.001 Y102.347 E1698.71525
G1 X93.026 Y102.836 E1699.16482
G1 X92.07 Y102.891 E1699.27231
G1 X91.547 Y102.746 E1699.33323
G1 X89.901 Y102.167 E1699.5291
G1 X88.957 Y101.87 E1699.64018
G1 X87.832 Y101.561 E1699.77115
G1 X88.26 Y102.505 E1699.8875
G1 X88.296 Y102.861 E1699.92766
G1 X88.136 Y103.156 E1699.96533
G1 X87.959 Y103.314 E1699.99197
G1 X87.646 Y103.477 E1700.03158
G1 X84.254 Y103.812 E1700.4142
G1 X83.983 Y103.832 E1700.4447
G1 X83.679 Y103.831 E1700.47882
G1 X83.2 Y103.785 E1700.53284
G1 X82.772 Y103.695 E1700.58193
G1 X82.392 Y103.564 E1700.62705
G1 X82.112 Y103.431 E1700.66185
G1 X81.798 Y103.233 E1700.70352
G1 X81.108 Y102.6 E1700.80863
G1 X80.56 Y102.131 E1700.8896
G1 X79.853 Y101.601 E1700.98879
G1 X78.182 Y100.47 E1701.21529
G1 X77.13 Y99.837 E1701.35311
G1 X76.569 Y99.53 E1701.42489
G1 X75.829 Y99.163 E1701.51761
G1 X75.279 Y98.981 E1701.58265
G1 X74.754 Y98.848 E1701.64344
G1 X73.795 Y98.718 E1701.75208
G1 X73.004 Y98.645 E1701.84124
G1 X72.714 Y98.648 E1701.8738
G1 X72.434 Y98.693 E1701.90563
G1 X72.572 Y98.865 E1701.93039
G1 X73.891 Y100.037 E1702.12845
G1 X74.719 Y100.881 E1702.26118
G1 X75.987 Y102.326 E1702.47698
G1 X76.769 Y103.353 E1702.62188
G1 X77.452 Y104.308 E1702.75367
G1 X78.022 Y105.189 E1702.87146
G1 X78.237 Y105.573 E1702.92086
G1 X78.469 Y106.074 E1702.98284
G1 X78.499 Y106.641 E1703.04658
G1 X78.457 Y107.023 E1703.08972
G1 X78.36 Y107.455 E1703.13942
G1 X78.228 Y107.895 E1703.19098
G1 X78.046 Y108.391 E1703.25029
G1 X77.595 Y109.398 E1703.37415
G1 X77.057 Y110.446 E1703.50638
G1 X76.458 Y111.491 E1703.64159
G1 X75.852 Y112.472 E1703.77103
G1 X75.259 Y113.387 E1703.89343
G1 X74.989 Y113.841 E1703.95272
G1 X74.698 Y114.27 E1704.01091
G1 X74.368 Y114.719 E1704.07346
G1 X73.841 Y115.363 E1704.16687
G1 X73.124 Y116.125 E1704.28432
G1 X72.517 Y116.709 E1704.37887
G1 X72.398 Y116.944 E1704.40844
G1 X72.503 Y117.936 E1704.52042
G1 X72.476 Y118.17 E1704.54686
G1 X72.408 Y118.317 E1704.56504
G1 X72.237 Y118.505 E1704.59357
G1 X71.905 Y118.612 E1704.63273
G1 X70.34 Y118.602 E1704.8084
G1 X69.152 Y122.161 E1705.22958
G1 X71.273 Y121.067 E1705.49748
G1 X73.458 Y119.908 E1705.77512
G1 X74.332 Y119.416 E1705.8877
G1 X74.929 Y119.055 E1705.96602
G1 X76.043 Y118.293 E1706.11752
G1 X77.094 Y117.517 E1706.26418
G1 X77.743 Y117.006 E1706.3569
G1 X78.4 Y116.459 E1706.45287
G1 X79.073 Y115.864 E1706.5537
G1 X79.734 Y115.241 E1706.65566
G1 X80.418 Y114.545 E1706.76521
G1 X81.104 Y113.8 E1706.87889
G1 X83.426 Y111.132 E1707.27592
G1 X83.841 Y110.693 E1707.34373
G1 X84.189 Y110.386 E1707.39582
G1 X84.528 Y110.168 E1707.44107
G1 X84.842 Y110.02 E1707.48003
G1 X85.172 Y109.923 E1707.51864
G1 X85.488 Y109.871 E1707.55459
G1 X85.82 Y109.848 E1707.59195
G1 X86.189 Y109.856 E1707.63338
G1 X86.875 Y109.914 E1707.71066
G1 X87.234 Y109.967 E1707.7514
G1 X87.686 Y110.067 E1707.80336
G1 X88.166 Y110.269 E1707.86182
G1 X88.456 Y110.442 E1707.89973
G1 X88.94 Y110.943 E1707.97792
G1 X89.163 Y111.206 E1708.01663
G1 X89.382 Y111.495 E1708.05733
G1 X89.571 Y111.798 E1708.09742
G1 X89.718 Y112.108 E1708.13593
G1 X89.918 Y112.652 E1708.20099
G1 X90.078 Y113.202 E1708.26529
G1 X90.178 Y113.685 E1708.32066
G1 X90.243 Y114.179 E1708.37659
G1 X90.36 Y114.275 E1708.39358
G1 X90.69 Y114.312 E1708.43086
G1 X92.315 Y113.788 E1708.62252
G1 X92.5 Y113.742 E1708.64392
G1 X94.727 Y113.067 E1708.90513
G1 X95.334 Y112.926 E1708.97509
G1 X95.878 Y112.85 E1709.03674
G1 X96.404 Y112.816 E1709.09591
G1 X96.889 Y112.817 E1709.15035
G1 X97.705 Y112.889 E1709.24231
G1 X110.045 Y116.146 E1710.67495
G0 F9000 X110.299 Y115.182
G0 X113.045 Y116.046
G0 X114.3 Y116.597
G0 X115.344 Y117.249
G0 X115.924 Y117.882
G0 X116.671 Y119.179
G0 X116.401 Y119.261
;TYPE:FILL
G1 F3000 X118.615 Y117.047 E1711.02642
G1 F3600 E1707.02642
G0 F9000 X118.544 Y117.318
G0 X87.97 Y108.817
G0 X87.436 Y108.567
G0 X86.885 Y108.029
G0 X86.556 Y107.409
G0 X86.529 Y106.665
G0 X86.643 Y106.113
G0 X87.048 Y105.439
G0 X87.578 Y105.062
G0 X88.035 Y104.887
G0 X123.357 Y101.501
G0 X130.995 Y113.293
G0 X129.099 Y117.825
G0 X129.058 Y117.801
G1 F3600 E1711.02642
G1 F3000 X139.9 Y106.96 E1712.7475
G0 F9000 X139.78 Y107.212
G0 X137.015 Y109.179
G0 X134.938 Y107.99
G0 X134.7 Y107.842
G1 F3000 X141.054 Y114.195 E1713.75612
G0 F9000 X140.938 Y113.944
G0 X132.943 Y117.102
G0 X133.03 Y117.369
G1 F3000 X130.518 Y114.857 E1714.1549
G1 F3600 E1710.1549
G0 F9000 X130.762 Y115.001
G0 X130.995 Y113.293
G0 X123.357 Y101.501
G0 X106.81 Y103.103
G0 X103.209 Y101.315
G0 X103.354 Y101.079
G1 F3600 E1714.1549
G1 F3000 X101.193 Y103.24 E1714.49796
G0 F9000 X101.167 Y102.962
G0 X88.035 Y104.887
G0 X87.578 Y105.062
G0 X87.048 Y105.439
G0 X86.643 Y106.113
G0 X86.529 Y106.665
G0 X86.556 Y107.409
G0 X86.885 Y108.029
G0 X87.436 Y108.567
G0 X93.704 Y110.931
G0 X93.772 Y110.662
G1 F3000 X90.968 Y113.465 E1714.94301
G0 F9000 X91.06 Y113.18
G0 X89.386 Y110.974
G0 X85.883 Y107.082
G0 X86.162 Y107.073
G1 F3000 X75.317 Y117.918 E1716.66465
G0 F9000 X75.162 Y117.689
G0 X83.194 Y109.935
G0 X83.378 Y110.144
G1 F3000 X79.159 Y105.925 E1717.33442
G1 F3600 E1713.33442
G0 F9000 X79.46 Y105.907
G0 X88.035 Y104.887
G0 X123.357 Y101.501
G0 X131.388 Y113.529
G0 X130.938 Y114.435
G0 X131.046 Y115.034
G0 X131.909 Y113.053
G0 X131.615 Y112.88
;TYPE:SKIN
G1 F3600 E1717.33442
G1 F1500 X131.552 Y112.668 E1717.35924
G1 X130.899 Y111.662 E1717.49387
G1 F1391 X130.853 Y111.504 E1717.51379
G1 F1137.8 X130.698 Y111.088 E1717.57949
G1 F1028.6 X130.475 Y110.767 E1717.64347
G1 F1039.3 X124.301 Y101.239 E1719.48294
G1 F1226.2 X123.859 Y101.023 E1719.5505
G1 F1500 X123.676 Y100.879 E1719.57664
G1 X123.514 Y100.811 E1719.59636
G1 X123.986 Y99.588 E1719.74352
G1 X124.409 Y99.58 E1719.79101
G1 X124.822 Y100.215 E1719.87604
G1 F1222.8 X124.949 Y100.654 E1719.93897
G1 F1034.5 X131.238 Y110.355 E1721.82074
G1 F1049 X131.458 Y110.619 E1721.87591
G1 F1241.4 X131.808 Y110.687 E1721.92427
G1 F1500 X132.057 Y110.81 E1721.95544
G1 X132.377 Y110.878 E1721.99217
G1 X132.794 Y110.875 E1722.03898
G1 X131.615 Y112.88 E1722.30007
G0 F9000 X131.909 Y113.053
G0 X132.58 Y111.913
G0 X131.727 Y111.412
G1 F1025.1 X131.673 Y111.506 E1722.31788
G1 X131.564 Y111.506 E1722.33578
G1 X131.509 Y111.412 E1722.35367
G1 X131.563 Y111.318 E1722.37148
G1 X131.672 Y111.318 E1722.38939
G1 X131.727 Y111.412 E1722.40727
G0 F9000 X132.58 Y111.913
G0 X134.166 Y109.919
G0 X133.563 Y109.984
G0 X132.679 Y110.598
G0 X125.11 Y100.037
G0 X124.344 Y100.533
G1 F1475.4 X124.306 Y100.599 E1722.41597
G1 X124.23 Y100.599 E1722.42464
G1 X124.192 Y100.533 E1722.43333
G1 X124.23 Y100.467 E1722.44202
G1 X124.306 Y100.467 E1722.4507
G1 X124.344 Y100.533 E1722.45939
G1 F3600 E1718.45939
G0 F9000 X125.11 Y100.037
G0 X130.262 Y107.066
G0 X131.756 Y106.094
G0 X132.306 Y105.742
G0 X132.315 Y106.404
;TYPE:WALL-INNER
G1 F3600 E1722.45939
G1 F1500 X133.698 Y104.096 E1722.76142
G1 X133.902 Y103.887 E1722.7942
G1 X134.144 Y103.76 E1722.82488
G1 X134.366 Y103.714 E1722.85033
G1 X134.593 Y103.725 E1722.87584
G1 X134.871 Y103.814 E1722.90861
G1 X136.479 Y105.032 E1723.13505
G1 X137.59 Y103.585 E1723.33983
G1 X137.815 Y103.415 E1723.37149
G1 X138.117 Y103.319 E1723.40706
G1 X138.484 Y103.333 E1723.44829
G1 X140.149 Y104.128 E1723.6554
G1 X141.046 Y102.441 E1723.86988
G1 X141.327 Y102.19 E1723.91217
G1 F1465.8 X141.933 Y102.062 E1723.98332
G1 F1492.5 X143.009 Y102.393 E1724.11032
G1 F1618.7 X144.086 Y102.724 E1724.22753
G1 F1691.7 X144.429 Y102.32 E1724.28027
G1 X144.095 Y102.175 E1724.31651
G1 F1642.3 X143.545 Y101.967 E1724.3768
G1 F1530.6 X142.46 Y101.578 E1724.5036
G1 F1451.6 X142.084 Y101.456 E1724.54945
G1 F1465.8 X141.2 Y101.138 E1724.65737
G1 F1500 X140.568 Y100.946 E1724.73151
G1 X139.982 Y100.788 E1724.79964
G1 X138.197 Y100.413 E1725.00439
G1 X136.038 Y100.004 E1725.25105
G1 X133.645 Y99.581 E1725.52384
G1 X132.45 Y99.409 E1725.65936
G1 X132.223 Y99.495 E1725.68661
G1 X130.205 Y103.164 E1726.15665
G1 X132.315 Y106.404 E1726.59068
G0 F9000 X132.306 Y105.742
G0 X132.328 Y106.875
G0 X132.337 Y107.537
;TYPE:WALL-OUTER
G1 F1500 X134.19 Y104.44 E1726.9958
G1 X134.338 Y104.328 E1727.01664
G1 X134.585 Y104.347 E1727.04444
G1 X136.594 Y105.872 E1727.32757
G1 X138.008 Y104.015 E1727.58958
G1 X138.196 Y103.914 E1727.61353
G1 X138.318 Y103.919 E1727.62724
G1 X140.409 Y104.917 E1727.88733
G1 X141.549 Y102.782 E1728.15901
G1 X141.634 Y102.706 E1728.17181
G1 X141.836 Y102.667 E1728.1949
G1 X144.28 Y103.369 E1728.48034
G1 X145.329 Y102.138 E1728.66189
G1 X144.971 Y101.947 E1728.70744
G1 X144.502 Y101.73 E1728.76545
G1 X143.753 Y101.424 E1728.85627
G1 X142.658 Y101.006 E1728.98784
G1 X141.376 Y100.564 E1729.14006
G1 X140.724 Y100.366 E1729.21655
G1 X140.122 Y100.204 E1729.28653
G1 X138.309 Y99.823 E1729.49449
G1 X136.142 Y99.413 E1729.74206
G1 X133.701 Y98.983 E1730.02029
G1 X132.406 Y98.796 E1730.16717
G1 X132.024 Y98.908 E1730.21185
G1 X131.733 Y99.141 E1730.2537
G1 X129.506 Y103.19 E1730.77242
G1 X132.337 Y107.537 E1731.35474
G0 F9000 X132.328 Y106.875
G0 X132.347 Y105.582
G0 X132.583 Y105.724
;TYPE:FILL
G1 F3000 X130.955 Y104.096 E1731.61319
G0 F9000 X131.196 Y104.466
G1 F3000 X135.612 Y100.05 E1732.31423
G0 F9000 X135.479 Y100.816
G1 F3600 E1728.31423
;MESH:NONMESH
G0 F300 X135.479 Y100.816 Z6.05
G0 F9000 X129.877 Y103.181
G0 X128.358 Y104.164
G0 X124.555 Y99.301
G0 X123.801 Y99.316
G0 X88.035 Y104.887
G0 X87.578 Y105.062
G0 X87.048 Y105.439
G0 X86.643 Y106.113
G0 X86.529 Y106.665
G0 X86.556 Y107.409
G0 X86.885 Y108.029
G0 X87.436 Y108.567
G0 X87.869 Y108.769
G0 X110.162 Y115.035
G0 X110.046 Y115.471
;TIME_ELAPSED:1115.941850
;LAYER:13
;TYPE:WALL-INNER
;MESH:sharkz.stl
G1 F3600 E1732.31423
G1 F1282.1 X111.573 Y115.873 E1732.52161
G1 F1257 X112.354 Y116.098 E1732.63048
G1 F1222.8 X112.926 Y116.285 E1732.71335
G1 F1165.8 X113.598 Y116.533 E1732.81681
G1 F1289.4 X114.108 Y116.882 E1732.89751
G1 F1500 X114.823 Y117.284 E1732.98958
G1 X115.136 Y117.514 E1733.03318
G1 X115.467 Y117.847 E1733.08589
G1 X115.715 Y118.147 E1733.12958
G1 X115.955 Y118.545 E1733.18175
G1 X116.136 Y118.909 E1733.22739
G1 X116.299 Y119.326 E1733.27764
G1 X116.415 Y119.718 E1733.32353
G1 X116.51 Y120.115 E1733.36936
G1 X116.582 Y120.516 E1733.41509
G1 X116.635 Y120.976 E1733.46707
G1 X116.676 Y121.8 E1733.55968
G1 X116.656 Y122.625 E1733.65231
G1 X116.577 Y123.404 E1733.74021
G1 X116.459 Y124.124 E1733.82211
G1 X116.319 Y124.75 E1733.89411
G1 X116.163 Y125.295 E1733.95775
G1 X115.983 Y125.832 E1734.02133
G1 X115.369 Y127.36 E1734.20618
G1 X115.014 Y128.199 E1734.30844
G1 X114.552 Y129.219 E1734.43414
G1 X115.408 Y128.817 E1734.54029
G1 X115.817 Y128.563 E1734.59434
G1 X116.96 Y127.774 E1734.75024
G1 X117.715 Y127.213 E1734.85583
G1 X118.539 Y126.544 E1734.97497
G1 X119.43 Y125.761 E1735.10812
G1 X120.348 Y124.878 E1735.2511
G1 X121.227 Y123.926 E1735.39655
G1 X122.056 Y122.93 E1735.54202
G1 X122.797 Y121.963 E1735.67877
G1 X123.487 Y121 E1735.81176
G1 X124.423 Y119.595 E1736.00127
G1 X124.777 Y119.03 E1736.07611
G1 X125.538 Y117.756 E1736.24269
G1 X123.711 Y114.894 E1736.62384
G1 X123.393 Y115.453 E1736.69603
G1 X123.113 Y115.872 E1736.7526
G1 X122.816 Y116.223 E1736.80421
G1 X122.513 Y116.512 E1736.85122
G1 X122.174 Y116.772 E1736.89917
G1 X121.853 Y116.956 E1736.94071
G1 X121.39 Y117.172 E1736.99806
G1 X120.681 Y117.293 E1737.07879
G1 X120.165 Y117.288 E1737.13672
G1 X119.835 Y117.238 E1737.17419
G1 X114.484 Y115.845 E1737.79487
G1 F1289.4 X113.868 Y115.786 E1737.87568
G1 F1184.2 X112.548 Y115.403 E1738.07111
G1 F1257 X107.45 Y114.067 E1738.77707
G1 F1283.9 X102.352 Y112.73 E1739.46828
G1 F1323.5 X98.014 Y111.63 E1740.03763
G1 F1283.9 X97.064 Y111.429 E1740.16498
G1 F1339.3 X96.544 Y111.234 E1740.2348
G1 F1490.1 X89.285 Y109.416 E1741.08041
G1 F1618.7 X87.919 Y109.027 E1741.22815
G1 F1633.4 X87.295 Y108.788 E1741.29703
G1 F1512.6 X86.941 Y108.506 E1741.34742
G1 F1500 X86.661 Y108.169 E1741.3966
G1 X86.353 Y107.577 E1741.47151
G1 X86.295 Y107.355 E1741.49727
G1 X86.269 Y106.656 E1741.57578
G1 X86.362 Y106.166 E1741.63177
G1 X86.474 Y105.881 E1741.66614
G1 X86.758 Y105.413 E1741.72759
G1 X87.004 Y105.147 E1741.76827
G1 F1495 X87.451 Y104.828 E1741.83012
G1 F1480.3 X87.993 Y104.613 E1741.89644
G1 F1485.1 X88.833 Y104.545 E1741.99199
G1 F1500 X91.3 Y104.308 E1742.27019
G1 F1475.4 X91.792 Y104.252 E1742.3267
G1 F1397.5 X92.208 Y104.186 E1742.37745
G1 F1363.6 X93.19 Y104.102 E1742.49915
G1 F1351.4 X95.234 Y103.891 E1742.75519
G1 F1291.2 X97.278 Y103.679 E1743.02316
G1 F1372 X97.934 Y103.672 E1743.10367
G1 F1500 X104.715 Y103.021 E1743.86836
G1 F1424.1 X104.999 Y102.962 E1743.90265
G1 F1193.6 X105.429 Y102.829 E1743.96615
G1 F1077.8 X105.826 Y102.803 E1744.0283
G1 F1068.9 X107.917 Y102.586 E1744.35946
G1 F1027.4 X110.008 Y102.368 E1744.70401
G1 F1206.4 X110.62 Y102.456 E1744.7903
G1 F1500 X123.017 Y101.268 E1746.18828
G1 X123.279 Y101.301 E1746.21792
G1 X123.456 Y101.373 E1746.23937
G1 X123.788 Y101.678 E1746.28998
G1 X131.004 Y112.819 E1747.78
G1 X131.128 Y113.117 E1747.81623
G1 X131.132 Y113.48 E1747.85698
G1 X131.024 Y113.766 E1747.8913
G1 X128.386 Y118.242 E1748.47451
G1 X128.008 Y118.904 E1748.56008
G1 X128.598 Y118.801 E1748.62731
G1 X129.55 Y118.563 E1748.73747
G1 X130.812 Y118.199 E1748.88491
G1 X132.031 Y117.825 E1749.02804
G1 X133.804 Y117.24 E1749.23762
G1 X135.05 Y116.797 E1749.38606
G1 X136.455 Y116.272 E1749.55443
G1 X138.059 Y115.636 E1749.74812
G1 X139.33 Y115.093 E1749.90327
G1 X140.792 Y114.449 E1750.0826
G1 X142.293 Y113.75 E1750.26846
G1 X142.886 Y113.46 E1750.34256
G1 X143.541 Y113.11 E1750.42593
G1 X144.116 Y112.786 E1750.50001
G1 X144.697 Y112.428 E1750.57662
G1 X145.795 Y111.694 E1750.72488
G1 X146.912 Y110.877 E1750.88022
G1 X148.019 Y110.008 E1751.0382
G1 X148.445 Y109.657 E1751.10016
G1 X149.165 Y109.003 E1751.20935
G1 X149.491 Y108.686 E1751.26039
G1 X149.882 Y108.271 E1751.3244
G1 X150.194 Y107.887 E1751.37994
G1 X150.366 Y107.642 E1751.41354
G1 X150.485 Y107.359 E1751.448
G1 X150.561 Y106.952 E1751.49448
G1 X150.508 Y106.682 E1751.52536
G1 X150.281 Y106.28 E1751.57719
G1 X149.977 Y105.94 E1751.62838
G1 X149.64 Y105.614 E1751.68102
G1 X149.242 Y105.279 E1751.73941
G1 X148.532 Y104.752 E1751.83867
G1 X147.856 Y104.297 E1751.93014
G1 X146.765 Y103.625 E1752.07398
G1 F1433.1 X145.246 Y105.33 E1752.34227
G1 F1317.7 X144.893 Y105.573 E1752.39703
G1 F1162.8 X144.695 Y105.666 E1752.42871
G1 F1071.4 X144.412 Y105.642 E1752.47334
G1 F1246.5 X143.869 Y105.363 E1752.5558
G1 F1500 X142.664 Y105.02 E1752.69644
G1 F1505 X141.615 Y106.874 E1752.93476
G1 F1520.3 X141.387 Y107.061 E1752.96742
G1 F1515.2 X140.659 Y107.189 E1753.04957
G1 F1500 X138.767 Y106.289 E1753.28475
G1 X137.439 Y108.063 E1753.53351
G1 X137.195 Y108.251 E1753.56808
G1 X136.845 Y108.357 E1753.60913
G1 X136.454 Y108.306 E1753.6534
G1 X136.223 Y108.18 E1753.68293
G1 X134.944 Y107.219 E1753.86252
G1 X133.661 Y109.295 E1754.13647
G1 X133.212 Y110.041 E1754.2342
G1 X132.951 Y110.239 E1754.27098
G1 X132.561 Y110.367 E1754.31706
G1 X132.209 Y110.294 E1754.35741
G1 X131.964 Y110.157 E1754.38892
G1 X131.764 Y109.938 E1754.42221
G1 X124.695 Y99.028 E1755.88149
G1 X124.184 Y99.048 E1755.9389
G1 X123.635 Y99.043 E1756.00053
G1 X123.259 Y98.894 E1756.04593
G1 X123.017 Y98.744 E1756.07789
G1 X122.752 Y98.494 E1756.11879
G1 X122.538 Y98.192 E1756.16033
G1 X122.082 Y97.242 E1756.27862
G1 X121.512 Y96.19 E1756.41293
G1 X121.127 Y95.563 E1756.49553
G1 X120.742 Y94.98 E1756.57395
G1 X120.296 Y94.377 E1756.65814
G1 X119.819 Y93.807 E1756.74158
G1 X118.592 Y92.477 E1756.9447
G1 X117.556 Y91.435 E1757.10964
G1 X117.171 Y91.076 E1757.16873
G1 X116.96 Y90.892 E1757.20016
G1 X116.976 Y91.719 E1757.29301
G1 X116.98 Y93.173 E1757.45623
G1 X116.936 Y94.491 E1757.60426
G1 X116.829 Y95.549 E1757.72363
G1 X116.697 Y96.561 E1757.83819
G1 X116.546 Y97.415 E1757.93554
G1 X118.519 Y97.46 E1758.15707
G1 X119.016 Y97.609 E1758.21532
G1 X119.4 Y97.967 E1758.27425
G1 X119.578 Y98.21 E1758.30806
G1 X119.7 Y98.682 E1758.36279
G1 X119.641 Y99.041 E1758.40363
G1 X119.534 Y99.308 E1758.43591
G1 X119.29 Y99.666 E1758.48455
G1 X118.954 Y99.883 E1758.52945
G1 X118.451 Y100.079 E1758.59005
G1 X110.474 Y101.25 E1759.49508
G1 F1206.4 X109.902 Y101.482 E1759.58123
G1 F1022.7 X108.975 Y101.607 E1759.73523
G1 F1063.8 X105.71 Y101.988 E1760.25551
G1 F1079.1 X105.454 Y101.99 E1760.29546
G1 F1193.6 X105.032 Y101.832 E1760.35902
G1 F1424.1 X104.873 Y101.76 E1760.37966
G1 F1500 X104.447 Y101.608 E1760.43043
G1 X102.672 Y100.52 E1760.66414
G1 X102.184 Y100.265 E1760.72594
G1 X101.585 Y99.992 E1760.79984
G1 X100.234 Y99.451 E1760.9632
G1 X98.989 Y99.011 E1761.11142
G1 X99.051 Y99.339 E1761.14889
G1 X99.102 Y99.793 E1761.20018
G1 X99.086 Y100.342 E1761.26183
G1 X98.982 Y100.897 E1761.32522
G1 X98.807 Y101.35 E1761.37973
G1 X98.572 Y101.748 E1761.43161
G1 X98.4 Y101.981 E1761.46412
G1 X98.106 Y102.298 E1761.51265
G1 X97.716 Y102.61 E1761.56872
G1 F1446.9 X97.367 Y102.853 E1761.61821
G1 F1327.4 X97.151 Y102.982 E1761.65012
G1 F1291.2 X95.124 Y103.219 E1761.91624
G1 F1351.4 X93.097 Y103.457 E1762.17054
G1 F1363.6 X92.158 Y103.521 E1762.28676
G1 F1397.5 X91.861 Y103.465 E1762.32317
G1 F1475.4 X91.328 Y103.305 E1762.38668
G1 F1500 X89.706 Y102.735 E1762.57967
G1 X88.843 Y102.462 E1762.68128
G1 X88.876 Y102.643 E1762.70193
G1 F1497.5 X88.813 Y103.212 E1762.7663
G1 F1492.5 X88.521 Y103.64 E1762.82475
G1 F1485.1 X88.239 Y103.849 E1762.86454
G1 F1463.4 X87.935 Y104.013 E1762.90429
G1 F1461 X87.717 Y104.075 E1762.93041
G1 F1490.1 X84.298 Y104.41 E1763.31861
G1 F1500 X84.027 Y104.43 E1763.34911
G1 X83.638 Y104.43 E1763.39278
G1 X83.104 Y104.377 E1763.45302
G1 X82.662 Y104.286 E1763.50367
G1 X82.138 Y104.108 E1763.5658
G1 X81.89 Y103.992 E1763.59653
G1 X81.386 Y103.677 E1763.66325
G1 X80.735 Y103.072 E1763.76301
G1 X80.184 Y102.599 E1763.84452
G1 X79.481 Y102.073 E1763.94308
G1 X77.859 Y100.976 E1764.16289
G1 X76.832 Y100.357 E1764.29749
G1 X76.292 Y100.062 E1764.36656
G1 X75.6 Y99.719 E1764.45326
G1 X75.111 Y99.557 E1764.51109
G1 X74.629 Y99.436 E1764.56687
G1 X74.029 Y99.355 E1764.63483
G1 X74.311 Y99.608 E1764.67736
G1 X75.181 Y100.498 E1764.81707
G1 X76.465 Y101.963 E1765.03574
G1 X77.257 Y103.003 E1765.18249
G1 X77.933 Y103.947 E1765.31282
G1 X78.535 Y104.877 E1765.43718
G1 X78.75 Y105.259 E1765.48638
G1 X79.063 Y105.928 E1765.56929
G1 X79.1 Y106.64 E1765.64933
G1 X79.039 Y107.174 E1765.70966
G1 X78.935 Y107.627 E1765.76183
G1 X78.786 Y108.117 E1765.81932
G1 X78.594 Y108.636 E1765.88144
G1 X78.129 Y109.672 E1766.00891
G1 X77.578 Y110.744 E1766.14421
G1 X76.994 Y111.764 E1766.27615
G1 X76.356 Y112.798 E1766.41254
G1 X75.769 Y113.703 E1766.53362
G1 X75.486 Y114.177 E1766.59559
G1 X75.182 Y114.625 E1766.65637
G1 X74.837 Y115.094 E1766.72172
G1 X74.305 Y115.743 E1766.81592
G1 X73.572 Y116.525 E1766.93624
G1 X73.014 Y117.067 E1767.02356
G1 X73.103 Y117.899 E1767.11749
G1 X73.08 Y118.219 E1767.1535
G1 X72.978 Y118.533 E1767.19056
G1 F1490.1 X72.732 Y118.935 E1767.24382
G1 F1470.6 X72.335 Y119.131 E1767.29451
G1 F1410.7 X71.935 Y119.256 E1767.34454
G1 F1168.8 X71.188 Y119.345 E1767.45291
G1 F1026.2 X70.87 Y119.343 E1767.50509
G1 X70.426 Y120.674 E1767.7353
G1 X71.39 Y120.17 E1767.91378
G1 F1134.9 X72.012 Y119.935 E1768.01243
G1 F1323.5 X72.299 Y119.816 E1768.05196
G1 F1442.3 X72.824 Y119.569 E1768.11969
G1 F1505 X74.01 Y118.91 E1768.27149
G1 F1500 X74.605 Y118.55 E1768.34955
G1 X75.687 Y117.81 E1768.4967
G1 X76.712 Y117.052 E1768.6398
G1 X77.36 Y116.544 E1768.73223
G1 X78.004 Y116.009 E1768.82621
G1 X78.661 Y115.428 E1768.92466
G1 X79.314 Y114.812 E1769.02543
G1 X79.984 Y114.131 E1769.13267
G1 X80.652 Y113.406 E1769.24333
G1 X82.99 Y110.719 E1769.64315
G1 X83.413 Y110.273 E1769.71215
G1 X83.863 Y109.88 E1769.77922
G1 X84.288 Y109.617 E1769.83532
G1 X84.623 Y109.462 E1769.87676
G1 X85.038 Y109.338 E1769.92538
G1 X85.392 Y109.279 E1769.96566
G1 X85.78 Y109.249 E1770.00935
G1 X86.239 Y109.258 E1770.06088
G1 X86.96 Y109.32 E1770.14211
G1 F1535.8 X87.294 Y109.383 E1770.17938
G1 F1660.5 X87.843 Y109.534 E1770.23711
G1 F1688.6 X88.401 Y109.74 E1770.29643
G1 F1587.3 X88.836 Y109.971 E1770.34868
G1 F1528 X89.372 Y110.526 E1770.4337
G1 F1500 X89.641 Y110.843 E1770.48037
G1 X89.845 Y111.11 E1770.51809
G1 X90.112 Y111.539 E1770.57481
G1 X90.281 Y111.901 E1770.61965
G1 X90.481 Y112.445 E1770.68472
G1 X90.666 Y113.08 E1770.75896
G1 X90.778 Y113.654 E1770.82461
G1 X91.936 Y113.284 E1770.96107
G1 X94.59 Y112.483 E1771.27226
G1 X95.251 Y112.332 E1771.34837
G1 X95.862 Y112.249 E1771.41759
G1 F1490.1 X96.424 Y112.212 E1771.48123
G1 F1339.3 X96.945 Y112.151 E1771.54718
G1 F1253.5 X97.777 Y112.255 E1771.65982
G1 F1291.2 X102.18 Y113.401 E1772.2531
G1 F1295 X110.046 Y115.471 E1773.31071
G1 F3600 E1769.31071
G0 F9000 X110.162 Y115.035
G0 X87.969 Y108.817
G0 X87.436 Y108.567
G0 X86.885 Y108.029
G0 X86.556 Y107.409
G0 X86.529 Y106.665
G0 X86.643 Y106.113
G0 X87.048 Y105.439
G0 X87.578 Y105.062
G0 X88.034 Y104.887
G0 X123.357 Y101.501
G0 X131.388 Y113.529
G0 X130.938 Y114.435
G0 X131.046 Y115.034
G0 X140.371 Y111.503
G0 X140.391 Y110.966
G1 F3600 E1773.31071
G1 F1500 X140.138 Y110.707 E1773.35135
G1 X140.036 Y110.489 E1773.37837
G1 X140 Y110.125 E1773.41943
G1 X140.074 Y109.851 E1773.45129
G1 X140.282 Y109.387 E1773.50837
G1 X140.493 Y109.003 E1773.55755
G1 X140.734 Y108.647 E1773.60581
G1 X141.023 Y108.295 E1773.65693
G1 F1510.1 X141.854 Y107.422 E1773.79133
G1 X142.33 Y107.123 E1773.854
G1 F1502.5 X142.771 Y106.896 E1773.90959
G1 F1500 X143.398 Y106.708 E1773.98307
G1 X143.813 Y106.628 E1774.03051
G1 F1428.6 X143.91 Y106.586 E1774.04297
G1 F1198.4 X144.292 Y106.473 E1774.09894
G1 F1071.4 X144.66 Y106.497 E1774.1569
G1 F1162.8 X144.96 Y106.6 E1774.20283
G1 F1308.1 X145.026 Y106.634 E1774.21238
G1 F1421.8 X145.684 Y106.832 E1774.29376
G1 F1500 X146.483 Y107.138 E1774.3898
G1 X146.697 Y107.258 E1774.41734
G1 X146.896 Y107.468 E1774.44982
G1 X147.006 Y107.691 E1774.47773
G1 X147.048 Y108.064 E1774.51987
G1 X146.936 Y108.419 E1774.56165
G1 X146.576 Y108.956 E1774.63422
G1 X145.773 Y109.687 E1774.75612
G1 X145.017 Y110.166 E1774.85658
G1 X144.213 Y110.585 E1774.95835
G1 X143.801 Y110.766 E1775.00887
G1 X143.304 Y110.934 E1775.06776
G1 X142.916 Y111.03 E1775.11263
G1 X142.463 Y111.103 E1775.16413
G1 X142.053 Y111.138 E1775.21032
G1 X141.606 Y111.148 E1775.26051
G1 X140.862 Y111.12 E1775.34409
G1 X140.608 Y111.073 E1775.37309
G1 X140.391 Y110.966 E1775.40025
G0 F9000 X140.826 Y110.518
;TYPE:WALL-OUTER
G1 F1500 X140.643 Y110.383 E1775.42577
G1 X140.598 Y110.261 E1775.44037
G1 X140.622 Y110.097 E1775.45897
G1 X140.84 Y109.612 E1775.51866
G1 X140.993 Y109.334 E1775.55428
G1 X141.199 Y109.026 E1775.59588
G1 X141.461 Y108.706 E1775.6423
G1 X142.205 Y107.914 E1775.76428
G1 X142.603 Y107.656 E1775.81753
G1 X143.018 Y107.449 E1775.86958
G1 X143.478 Y107.305 E1775.92369
G1 X143.96 Y107.212 E1775.9788
G1 X144.24 Y107.191 E1776.01031
G1 X144.567 Y107.21 E1776.04708
G1 X144.898 Y107.254 E1776.08457
G1 X145.23 Y107.324 E1776.12265
G1 X145.537 Y107.416 E1776.15863
G1 X146.315 Y107.716 E1776.25223
G1 X146.437 Y107.881 E1776.27526
G1 X146.414 Y108.124 E1776.30266
G1 X146.118 Y108.561 E1776.36191
G1 X145.418 Y109.203 E1776.46853
G1 X144.675 Y109.671 E1776.5671
G1 X143.973 Y110.035 E1776.65587
G1 X143.579 Y110.208 E1776.70417
G1 X143.16 Y110.352 E1776.75391
G1 X142.772 Y110.448 E1776.79877
G1 X142.353 Y110.511 E1776.84634
G1 X142.005 Y110.54 E1776.88553
G1 X141.628 Y110.548 E1776.92786
G1 X140.826 Y110.518 E1777.01795
G1 F3600 E1773.01795
G0 F9000 X140.789 Y111.519
G0 X131.046 Y115.034
G0 X130.938 Y114.435
G0 X131.201 Y112.639
G0 X123.357 Y101.501
G0 X88.034 Y104.887
G0 X87.578 Y105.062
G0 X87.048 Y105.439
G0 X86.643 Y106.113
G0 X86.529 Y106.665
G0 X86.556 Y107.409
G0 X86.885 Y108.029
G0 X87.436 Y108.567
G0 X87.868 Y108.769
G0 X110.327 Y115.078
G0 X110.045 Y116.146
G1 F3600 E1777.01795
G1 F1500 X111.386 Y116.5 E1777.17364
G1 X112.181 Y116.737 E1777.26676
G1 X112.713 Y116.925 E1777.3301
G1 X113.3 Y117.164 E1777.40125
G1 X113.87 Y117.433 E1777.472
G1 X114.438 Y117.749 E1777.54496
G1 X114.755 Y117.981 E1777.58906
G1 X115.004 Y118.229 E1777.62851
G1 X115.212 Y118.48 E1777.6651
G1 X115.408 Y118.794 E1777.70665
G1 X115.579 Y119.132 E1777.74917
G1 X115.724 Y119.498 E1777.79336
G1 X115.832 Y119.86 E1777.83577
G1 X115.92 Y120.222 E1777.87759
G1 X115.99 Y120.616 E1777.92251
G1 X116.036 Y121.008 E1777.96681
G1 X116.076 Y121.764 E1778.05179
G1 X116.059 Y122.566 E1778.14184
G1 X115.985 Y123.308 E1778.22554
G1 X115.873 Y123.994 E1778.30357
G1 X115.741 Y124.586 E1778.37166
G1 X115.593 Y125.107 E1778.43245
G1 X115.427 Y125.608 E1778.4917
G1 X114.817 Y127.126 E1778.67534
G1 X114.466 Y127.952 E1778.77609
G1 X113.464 Y130.173 E1779.0496
G1 X113.931 Y130.071 E1779.10326
G1 X114.397 Y129.923 E1779.15814
G1 X114.876 Y129.736 E1779.21586
G1 X115.696 Y129.344 E1779.31789
G1 X116.135 Y129.072 E1779.37586
G1 X117.318 Y128.256 E1779.53718
G1 X118.083 Y127.687 E1779.6442
G1 X118.955 Y126.977 E1779.77043
G1 X119.836 Y126.203 E1779.90207
G1 X120.777 Y125.298 E1780.04862
G1 X121.678 Y124.322 E1780.19773
G1 X122.525 Y123.304 E1780.34638
G1 X123.279 Y122.321 E1780.48545
G1 X123.957 Y121.377 E1780.61592
G1 X124.927 Y119.921 E1780.81231
G1 X125.28 Y119.359 E1780.88681
G1 X126.243 Y117.746 E1781.09768
G1 X123.68 Y113.73 E1781.63248
G1 X122.891 Y115.125 E1781.81238
G1 X122.672 Y115.461 E1781.8574
G1 X122.395 Y115.795 E1781.90611
G1 X122.139 Y116.043 E1781.94612
G1 X121.893 Y116.239 E1781.98143
G1 X121.619 Y116.402 E1782.01721
G1 X121.21 Y116.593 E1782.06789
G1 X120.655 Y116.688 E1782.13109
G1 X120.225 Y116.691 E1782.17936
G1 X119.942 Y116.648 E1782.21149
G1 X102.509 Y112.102 E1784.23384
G1 X88.091 Y108.498 E1785.9021
G1 X87.615 Y108.277 E1785.96101
G1 X87.345 Y108.053 E1786.00039
G1 X87.151 Y107.81 E1786.0353
G1 X86.892 Y107.32 E1786.09751
G1 X86.868 Y106.696 E1786.16761
G1 X86.96 Y106.236 E1786.22027
G1 X87.304 Y105.67 E1786.29462
G1 X87.737 Y105.361 E1786.35433
G1 X88.109 Y105.217 E1786.39911
G1 X123.065 Y101.864 E1790.34103
G1 X123.284 Y102.004 E1790.37021
G1 X130.542 Y113.21 E1791.86892
G1 X130.543 Y113.399 E1791.89013
G1 X127.865 Y117.944 E1792.4823
G1 X127.339 Y118.866 E1792.60145
G1 X127.23 Y119.236 E1792.64475
G1 X127.27 Y119.38 E1792.66153
G1 X127.522 Y119.486 E1792.69222
G1 X127.744 Y119.526 E1792.71754
G1 X128.071 Y119.502 E1792.75434
G1 X128.713 Y119.39 E1792.8275
G1 X129.694 Y119.146 E1792.94097
G1 X130.987 Y118.773 E1793.09204
G1 X132.219 Y118.395 E1793.23669
G1 X133.998 Y117.808 E1793.44698
G1 X135.233 Y117.37 E1793.59408
G1 X136.675 Y116.83 E1793.76692
G1 X138.295 Y116.188 E1793.96253
G1 X139.54 Y115.656 E1794.11451
G1 X141.044 Y114.993 E1794.29902
G1 X142.483 Y114.325 E1794.4771
G1 X143.168 Y113.99 E1794.5627
G1 X143.835 Y113.633 E1794.64762
G1 X144.43 Y113.297 E1794.72433
G1 X145.029 Y112.928 E1794.8033
G1 X146.124 Y112.197 E1794.95109
G1 X147.283 Y111.349 E1795.1123
G1 X148.401 Y110.471 E1795.27187
G1 X148.836 Y110.112 E1795.33518
G1 X149.609 Y109.419 E1795.45172
G1 X149.609 Y109.406 E1795.45318
G1 X149.88 Y109.146 E1795.49534
G1 X150.334 Y108.666 E1795.5695
G1 X150.672 Y108.25 E1795.62967
G1 X150.895 Y107.934 E1795.67308
G1 X151.055 Y107.551 E1795.71968
G1 X151.128 Y107.272 E1795.75205
G1 X151.168 Y106.928 E1795.79092
G1 X151.078 Y106.47 E1795.84332
G1 X150.832 Y106.037 E1795.89922
G1 X150.655 Y105.798 E1795.93261
G1 X150.411 Y105.524 E1795.97379
G1 X150.042 Y105.168 E1796.03135
G1 X149.614 Y104.808 E1796.09413
G1 X148.878 Y104.262 E1796.197
G1 X148.181 Y103.793 E1796.2913
G1 X146.648 Y102.854 E1796.4931
G1 X144.839 Y104.885 E1796.79841
G1 X144.637 Y104.957 E1796.82248
G1 X142.374 Y104.314 E1797.08657
G1 X141.143 Y106.497 E1797.36789
G1 X141.066 Y106.561 E1797.37913
G1 X140.833 Y106.6 E1797.40565
G1 X138.581 Y105.537 E1797.68519
G1 X136.983 Y107.666 E1797.98401
G1 X136.791 Y107.759 E1798.00795
G1 X136.635 Y107.739 E1798.02561
G1 X134.779 Y106.345 E1798.28617
G1 X133.146 Y108.987 E1798.63482
G1 X132.766 Y109.622 E1798.71789
G1 X132.64 Y109.724 E1798.73609
G1 X132.499 Y109.748 E1798.75214
G1 X132.309 Y109.676 E1798.77495
G1 X125.176 Y98.668 E1800.24737
G1 X125.121 Y98.41 E1800.27699
G1 X124.184 Y98.448 E1800.38225
G1 X123.749 Y98.447 E1800.43108
G1 X123.446 Y98.323 E1800.46783
G1 X123.221 Y98.12 E1800.50185
G1 X123.045 Y97.862 E1800.53691
G1 X122.616 Y96.969 E1800.64812
G1 X122.032 Y95.89 E1800.78584
G1 X121.667 Y95.294 E1800.86429
G1 X121.234 Y94.636 E1800.95271
G1 X120.768 Y94.006 E1801.04068
G1 X120.27 Y93.411 E1801.12778
G1 X119.039 Y92.076 E1801.33162
G1 X117.966 Y90.997 E1801.50243
G1 X117.564 Y90.622 E1801.56414
G1 X117.163 Y90.276 E1801.6236
G1 X116.862 Y90.045 E1801.66619
G1 X116.513 Y89.818 E1801.71292
G1 X116.391 Y89.803 E1801.72672
G1 X116.342 Y89.991 E1801.74853
G1 X116.376 Y91.721 E1801.94277
G1 X116.38 Y93.154 E1802.10362
G1 X116.339 Y94.431 E1802.24705
G1 X116.234 Y95.471 E1802.36438
G1 X116.1 Y96.498 E1802.48064
G1 X115.897 Y97.634 E1802.61018
G1 X115.813 Y97.926 E1802.64429
G1 X115.944 Y98.004 E1802.6614
G1 X118.435 Y98.054 E1802.94108
G1 X118.734 Y98.151 E1802.97637
G1 X119.005 Y98.42 E1803.01923
G1 X119.106 Y98.768 E1803.05991
G1 X118.949 Y99.153 E1803.10658
G1 X118.729 Y99.327 E1803.13807
G1 X118.32 Y99.49 E1803.18749
G1 X108.885 Y100.878 E1804.25799
G1 X105.604 Y101.284 E1804.62911
G1 X105.075 Y101.195 E1804.68932
G1 X104.683 Y101.048 E1804.73632
G1 X102.968 Y99.998 E1804.96205
G1 X102.448 Y99.726 E1805.02792
G1 X101.821 Y99.44 E1805.10528
G1 X100.446 Y98.889 E1805.27156
G1 X99.133 Y98.425 E1805.42788
G1 X98.305 Y98.166 E1805.52527
G1 X98.124 Y98.156 E1805.54562
G1 X98.124 Y98.237 E1805.55471
G1 X98.29 Y98.683 E1805.60813
G1 X98.379 Y99.021 E1805.64736
G1 X98.455 Y99.406 E1805.69141
G1 X98.499 Y99.798 E1805.73569
G1 X98.483 Y100.3 E1805.79207
G1 X98.393 Y100.755 E1805.84414
G1 X98.257 Y101.101 E1805.88587
G1 X98.09 Y101.391 E1805.92344
G1 X97.918 Y101.623 E1805.95586
G1 X97.684 Y101.867 E1805.9938
G1 X97.306 Y102.166 E1806.04791
G1 X97.001 Y102.347 E1806.08772
G1 X93.026 Y102.836 E1806.53729
G1 X92.07 Y102.891 E1806.64478
G1 X91.547 Y102.746 E1806.7057
G1 X89.901 Y102.167 E1806.90157
G1 X88.916 Y101.858 E1807.01745
G1 X87.832 Y101.561 E1807.14362
G1 X88.229 Y102.437 E1807.25158
G1 X88.284 Y102.747 E1807.28692
G1 X88.266 Y102.916 E1807.306
G1 X88.137 Y103.161 E1807.33708
G1 X87.959 Y103.314 E1807.36343
G1 X87.645 Y103.477 E1807.40314
G1 X84.254 Y103.812 E1807.78564
G1 X83.983 Y103.832 E1807.81615
G1 X83.679 Y103.831 E1807.85027
G1 X83.2 Y103.785 E1807.90429
G1 X82.772 Y103.695 E1807.95338
G1 X82.392 Y103.564 E1807.9985
G1 X82.109 Y103.429 E1808.0337
G1 X81.766 Y103.208 E1808.0795
G1 X81.135 Y102.624 E1808.17601
G1 X80.56 Y102.131 E1808.26104
G1 X79.853 Y101.601 E1808.36022
G1 X78.182 Y100.47 E1808.58672
G1 X77.13 Y99.837 E1808.72454
G1 X76.569 Y99.53 E1808.79633
G1 X75.829 Y99.163 E1808.88905
G1 X75.279 Y98.981 E1808.95408
G1 X74.754 Y98.848 E1809.01488
G1 X73.795 Y98.718 E1809.12351
G1 X73.004 Y98.645 E1809.21268
G1 X72.706 Y98.649 E1809.24614
G1 X72.432 Y98.691 E1809.27725
G1 X72.579 Y98.873 E1809.30352
G1 X73.883 Y100.029 E1809.49913
G1 X74.719 Y100.881 E1809.63312
G1 X75.987 Y102.326 E1809.84892
G1 X76.769 Y103.353 E1809.99382
G1 X77.452 Y104.308 E1810.12562
G1 X78.022 Y105.189 E1810.24341
G1 X78.237 Y105.573 E1810.29281
G1 X78.463 Y106.072 E1810.3543
G1 X78.499 Y106.641 E1810.4183
G1 X78.457 Y107.023 E1810.46144
G1 X78.36 Y107.455 E1810.51114
G1 X78.228 Y107.895 E1810.56271
G1 X78.046 Y108.391 E1810.62201
G1 X77.595 Y109.398 E1810.74587
G1 X77.057 Y110.446 E1810.87811
G1 X76.458 Y111.491 E1811.01332
G1 X75.852 Y112.472 E1811.14275
G1 X75.259 Y113.387 E1811.26515
G1 X74.989 Y113.841 E1811.32444
G1 X74.698 Y114.27 E1811.38263
G1 X74.368 Y114.719 E1811.44518
G1 X73.841 Y115.363 E1811.5386
G1 X73.125 Y116.124 E1811.65589
G1 X72.521 Y116.709 E1811.75027
G1 X72.401 Y116.98 E1811.78354
G1 X72.514 Y118.026 E1811.90164
G1 X72.381 Y118.427 E1811.94907
G1 X72.245 Y118.528 E1811.96808
G1 X71.891 Y118.612 E1812.00893
G1 X70.34 Y118.602 E1812.18303
G1 X69.152 Y122.161 E1812.60421
G1 X71.273 Y121.067 E1812.87211
G1 X73.445 Y119.916 E1813.14804
G1 X74.32 Y119.424 E1813.26072
G1 X74.929 Y119.055 E1813.34065
G1 X76.043 Y118.293 E1813.49216
G1 X77.094 Y117.517 E1813.63881
G1 X77.743 Y117.006 E1813.73153
G1 X78.4 Y116.459 E1813.8275
G1 X79.073 Y115.864 E1813.92834
G1 X79.734 Y115.241 E1814.0303
G1 X80.418 Y114.545 E1814.13984
G1 X81.104 Y113.8 E1814.25352
G1 X83.426 Y111.132 E1814.65055
G1 X83.841 Y110.693 E1814.71837
G1 X84.189 Y110.386 E1814.77046
G1 X84.528 Y110.168 E1814.8157
G1 X84.842 Y110.02 E1814.85467
G1 X85.172 Y109.923 E1814.89328
G1 X85.488 Y109.871 E1814.92923
G1 X85.82 Y109.848 E1814.96658
G1 X86.189 Y109.856 E1815.00802
G1 X86.875 Y109.914 E1815.0853
G1 X87.234 Y109.967 E1815.12603
G1 X87.686 Y110.067 E1815.178
G1 X88.166 Y110.269 E1815.23646
G1 X88.456 Y110.442 E1815.27436
G1 X88.94 Y110.943 E1815.35256
G1 X89.163 Y111.206 E1815.39126
G1 X89.382 Y111.495 E1815.43197
G1 X89.571 Y111.798 E1815.47205
G1 X89.718 Y112.108 E1815.51057
G1 X89.918 Y112.652 E1815.57563
G1 X90.078 Y113.202 E1815.63993
G1 X90.178 Y113.685 E1815.69529
G1 X90.246 Y114.2 E1815.75361
G1 X90.366 Y114.277 E1815.76961
G1 X90.702 Y114.307 E1815.80748
G1 X92.073 Y113.868 E1815.96907
G1 X94.727 Y113.067 E1816.28027
G1 X95.334 Y112.926 E1816.35022
G1 X95.878 Y112.85 E1816.41188
G1 X96.404 Y112.816 E1816.47105
G1 X96.889 Y112.817 E1816.52549
G1 X97.705 Y112.889 E1816.61744
G1 X110.045 Y116.146 E1818.05008
G0 F9000 X110.299 Y115.182
G0 X113.045 Y116.046
G0 X114.3 Y116.597
G0 X115.344 Y117.249
G0 X115.866 Y117.819
G0 X116.536 Y118.834
G0 X116.276 Y118.936
;TYPE:FILL
G1 F3000 X118.258 Y116.954 E1818.36472
G1 F3600 E1814.36472
G0 F9000 X118.187 Y117.225
G0 X87.969 Y108.817
G0 X87.436 Y108.567
G0 X86.885 Y108.029
G0 X86.556 Y107.409
G0 X86.529 Y106.665
G0 X86.643 Y106.113
G0 X87.048 Y105.439
G0 X87.578 Y105.062
G0 X88.034 Y104.887
G0 X123.357 Y101.501
G0 X130.995 Y113.293
G0 X129.255 Y118.054
G1 F3600 E1818.36472
G1 F3000 X140.204 Y107.105 E1820.10287
G0 F9000 X140.084 Y107.358
G0 X137.015 Y109.179
G0 X135.046 Y107.754
G0 X134.871 Y107.563
G1 F3000 X141.361 Y114.053 E1821.13316
G0 F9000 X141.245 Y113.802
G0 X132.605 Y117.213
G0 X132.692 Y117.481
G1 F3000 X130.352 Y115.141 E1821.50463
G1 F3600 E1817.50463
G0 F9000 X130.595 Y115.284
G0 X130.995 Y113.293
G0 X123.357 Y101.501
G0 X113.905 Y102.417
G0 X103.488 Y101.486
G0 X103.634 Y101.249
G1 F3600 E1821.50463
G1 F3000 X101.691 Y103.192 E1821.81308
G0 F9000 X101.665 Y102.914
G0 X88.034 Y104.887
G0 X87.578 Y105.062
G0 X87.048 Y105.439
G0 X86.643 Y106.113
G0 X86.529 Y106.665
G0 X86.556 Y107.409
G0 X86.885 Y108.029
G0 X87.436 Y108.567
G0 X94.063 Y111.021
G0 X94.131 Y110.751
G1 F3000 X91.629 Y113.254 E1822.21035
G0 F9000 X91.546 Y112.99
G0 X86.885 Y108.029
G0 X85.867 Y106.651
G0 X86.143 Y106.642
G1 F3000 X74.032 Y118.754 E1824.13305
G0 F9000 X73.892 Y118.521
G0 X82.956 Y110.181
G0 X83.156 Y110.371
G1 F3000 X79.209 Y106.425 E1824.75956
G1 F3600 E1820.75956
G0 F9000 X79.491 Y106.408
G0 X88.034 Y104.887
G0 X123.357 Y101.501
G0 X131.388 Y113.529
G0 X130.938 Y114.435
G0 X131.046 Y115.034
G0 X131.909 Y113.053
G0 X131.615 Y112.88
;TYPE:SKIN
G1 F3600 E1824.75956
G1 F1500 X131.552 Y112.672 E1824.78395
G1 X130.897 Y111.661 E1824.91918
G1 F1393.2 X130.851 Y111.505 E1824.93883
G1 F1139.2 X130.697 Y111.088 E1825.00453
G1 F1027.4 X130.474 Y110.767 E1825.06859
G1 F1039.3 X124.299 Y101.235 E1826.90869
G1 F1226.2 X123.86 Y101.024 E1826.97558
G1 F1500 X123.68 Y100.883 E1827.00125
G1 X123.51 Y100.812 E1827.02193
G1 X123.988 Y99.587 E1827.16953
G1 X124.405 Y99.579 E1827.21635
G1 X124.818 Y100.216 E1827.30157
G1 F1222.8 X124.942 Y100.646 E1827.36319
G1 F1034.5 X131.237 Y110.355 E1829.24659
G1 F1049 X131.458 Y110.62 E1829.30198
G1 F1243.1 X131.807 Y110.687 E1829.35012
G1 F1500 X132.057 Y110.81 E1829.3814
G1 X132.377 Y110.878 E1829.41812
G1 X132.794 Y110.875 E1829.46493
G1 X131.615 Y112.88 E1829.72602
G0 F9000 X131.909 Y113.053
G0 X132.58 Y111.913
G0 X131.728 Y111.412
G1 F1022.7 X131.673 Y111.507 E1829.7441
G1 X131.563 Y111.507 E1829.76221
G1 X131.508 Y111.412 E1829.78028
G1 X131.563 Y111.317 E1829.79835
G1 X131.673 Y111.317 E1829.81646
G1 X131.728 Y111.412 E1829.83454
G0 F9000 X132.58 Y111.913
G0 X134.166 Y109.919
G0 X133.563 Y109.984
G0 X132.679 Y110.598
G0 X124.554 Y99.3
G0 X123.804 Y99.311
G0 X123.4 Y100.167
G0 X124.341 Y100.533
G1 F1485.1 X124.304 Y100.598 E1829.84301
G1 X124.229 Y100.598 E1829.85152
G1 X124.191 Y100.533 E1829.86005
G1 X124.228 Y100.468 E1829.86853
G1 X124.303 Y100.468 E1829.87704
G1 X124.341 Y100.533 E1829.88557
G0 F9000 X122.934 Y99.988
G1 F3600 E1825.88557
G0 F9000 X123.804 Y99.311
G0 X124.554 Y99.3
G0 X130.262 Y107.066
G0 X131.756 Y106.094
G0 X132.306 Y105.742
G0 X132.315 Y106.404
;TYPE:WALL-INNER
G1 F3600 E1829.88557
G1 F1500 X133.698 Y104.096 E1830.18761
G1 X133.902 Y103.887 E1830.22039
G1 X134.143 Y103.76 E1830.25097
G1 X134.365 Y103.714 E1830.27642
G1 X134.593 Y103.725 E1830.30204
G1 X134.871 Y103.814 E1830.33481
G1 X136.479 Y105.032 E1830.56125
G1 X137.59 Y103.585 E1830.76603
G1 X137.815 Y103.415 E1830.79769
G1 X138.117 Y103.319 E1830.83326
G1 X138.484 Y103.333 E1830.87449
G1 X140.149 Y104.128 E1831.0816
G1 X141.046 Y102.441 E1831.29608
G1 X141.327 Y102.19 E1831.33837
G1 F1465.8 X141.933 Y102.062 E1831.40952
G1 F1492.5 X143.009 Y102.393 E1831.53652
G1 F1618.7 X144.086 Y102.724 E1831.65372
G1 F1691.7 X144.429 Y102.32 E1831.70647
G1 X144.095 Y102.175 E1831.74271
G1 F1642.3 X143.545 Y101.967 E1831.803
G1 F1530.6 X142.46 Y101.578 E1831.9298
G1 F1451.6 X142.084 Y101.456 E1831.97565
G1 F1465.8 X141.2 Y101.138 E1832.08357
G1 F1500 X140.568 Y100.946 E1832.15771
G1 X139.982 Y100.788 E1832.22584
G1 X138.197 Y100.413 E1832.43059
G1 X136.038 Y100.004 E1832.67725
G1 X133.645 Y99.581 E1832.95004
G1 X132.45 Y99.409 E1833.08556
G1 X132.217 Y99.499 E1833.1136
G1 X130.205 Y103.164 E1833.58292
G1 X132.315 Y106.404 E1834.01695
G0 F9000 X132.306 Y105.742
G0 X132.328 Y106.875
G0 X132.337 Y107.537
;TYPE:WALL-OUTER
G1 F1500 X134.19 Y104.44 E1834.42207
G1 X134.338 Y104.328 E1834.44291
G1 X134.585 Y104.347 E1834.47072
G1 X136.594 Y105.872 E1834.75384
G1 X138.008 Y104.015 E1835.01585
G1 X138.196 Y103.914 E1835.03981
G1 X138.318 Y103.919 E1835.05351
G1 X140.409 Y104.917 E1835.3136
G1 X141.549 Y102.782 E1835.58528
G1 X141.634 Y102.706 E1835.59808
G1 X141.836 Y102.667 E1835.62118
G1 X144.28 Y103.369 E1835.90661
G1 X145.329 Y102.138 E1836.08817
G1 X144.971 Y101.947 E1836.13371
G1 X144.502 Y101.73 E1836.19172
G1 X143.753 Y101.424 E1836.28255
G1 X142.658 Y101.006 E1836.41411
G1 X141.376 Y100.564 E1836.56634
G1 X140.724 Y100.366 E1836.64282
G1 X140.122 Y100.204 E1836.7128
G1 X138.309 Y99.823 E1836.92076
G1 X136.142 Y99.413 E1837.16833
G1 X133.702 Y98.983 E1837.44645
G1 X132.407 Y98.796 E1837.59333
G1 X132.021 Y98.907 E1837.63841
G1 X131.729 Y99.143 E1837.68056
G1 X129.506 Y103.19 E1838.19887
G1 X132.337 Y107.537 E1838.78119
G0 F9000 X132.328 Y106.875
G0 X132.515 Y105.3
G0 X132.751 Y105.442
;TYPE:FILL
G1 F3000 X130.388 Y103.079 E1839.15631
G0 F9000 X130.656 Y103.152
G0 X131.253 Y104.041
G0 X131.019 Y104.193
G1 F3000 X135.229 Y99.983 E1839.82465
G0 F9000 X135.096 Y100.749
G1 F3600 E1835.82465
;MESH:NONMESH
G0 F300 X135.096 Y100.749 Z6.5
G0 F9000 X129.877 Y103.181
G0 X128.358 Y104.164
G0 X124.554 Y99.3
G0 X123.804 Y99.311
G0 X88.034 Y104.887
G0 X87.578 Y105.062
G0 X87.048 Y105.439
G0 X86.643 Y106.113
G0 X86.529 Y106.665
G0 X86.556 Y107.409
G0 X86.885 Y108.029
G0 X87.436 Y108.567
G0 X87.868 Y108.769
G0 X110.162 Y115.035
G0 X110.046 Y115.471
;TIME_ELAPSED:1170.235955
;LAYER:14
;TYPE:WALL-INNER
;MESH:sharkz.stl
G1 F3600 E1839.82465
G1 F1282.1 X111.573 Y115.873 E1840.03203
G1 F1257 X112.354 Y116.098 E1840.14091
G1 F1222.8 X112.926 Y116.285 E1840.22377
G1 F1165.8 X113.598 Y116.533 E1840.32723
G1 F1289.4 X114.108 Y116.882 E1840.40793
G1 F1500 X114.823 Y117.284 E1840.50001
G1 X115.136 Y117.514 E1840.54361
G1 X115.467 Y117.847 E1840.59631
G1 X115.715 Y118.147 E1840.64001
G1 X115.955 Y118.545 E1840.69218
G1 X116.136 Y118.909 E1840.73781
G1 X116.299 Y119.326 E1840.78807
G1 X116.415 Y119.718 E1840.83396
G1 X116.51 Y120.115 E1840.87978
G1 X116.582 Y120.516 E1840.92551
G1 X116.635 Y120.976 E1840.97749
G1 X116.676 Y121.8 E1841.0701
G1 X116.656 Y122.625 E1841.16274
G1 X116.577 Y123.404 E1841.25063
G1 X116.459 Y124.124 E1841.33253
G1 X116.319 Y124.75 E1841.40454
G1 X116.163 Y125.295 E1841.46817
G1 X115.983 Y125.832 E1841.53175
G1 X115.369 Y127.36 E1841.7166
G1 X115.012 Y128.199 E1841.81895
G1 X114.55 Y129.22 E1841.94475
G1 X115.408 Y128.817 E1842.05116
G1 X115.817 Y128.563 E1842.1052
G1 X116.96 Y127.774 E1842.26111
G1 X117.715 Y127.213 E1842.36669
G1 X118.539 Y126.544 E1842.48584
G1 X119.43 Y125.761 E1842.61899
G1 X120.348 Y124.878 E1842.76197
G1 X121.227 Y123.926 E1842.90742
G1 X122.056 Y122.93 E1843.05288
G1 X122.797 Y121.963 E1843.18964
G1 X123.487 Y121 E1843.32262
G1 X124.423 Y119.595 E1843.51213
G1 X124.777 Y119.03 E1843.58697
G1 X125.538 Y117.756 E1843.75356
G1 X123.711 Y114.894 E1844.1347
G1 X123.393 Y115.453 E1844.2069
G1 X123.113 Y115.872 E1844.26346
G1 X122.816 Y116.223 E1844.31508
G1 X122.513 Y116.512 E1844.36208
G1 X122.174 Y116.772 E1844.41004
G1 X121.853 Y116.956 E1844.45157
G1 X121.39 Y117.172 E1844.50892
G1 X120.681 Y117.293 E1844.58966
G1 X120.165 Y117.288 E1844.64759
G1 X119.835 Y117.238 E1844.68505
G1 X114.484 Y115.845 E1845.30574
G1 F1289.4 X113.868 Y115.786 E1845.38655
G1 F1184.2 X112.548 Y115.403 E1845.58197
G1 F1257 X107.45 Y114.067 E1846.28794
G1 F1283.9 X102.352 Y112.73 E1846.97915
G1 F1323.5 X98.014 Y111.63 E1847.54849
G1 F1285.7 X97.064 Y111.43 E1847.67563
G1 F1339.3 X96.544 Y111.234 E1847.7455
G1 F1490.1 X89.284 Y109.416 E1848.59122
G1 F1618.7 X87.919 Y109.028 E1848.73883
G1 F1685.4 X87.29 Y108.784 E1848.80624
G1 F1557.1 X86.941 Y108.506 E1848.85449
G1 F1500 X86.661 Y108.169 E1848.90367
G1 X86.353 Y107.577 E1848.97858
G1 X86.295 Y107.355 E1849.00434
G1 X86.269 Y106.656 E1849.08285
G1 X86.362 Y106.166 E1849.13884
G1 X86.474 Y105.881 E1849.17321
G1 X86.758 Y105.413 E1849.23467
G1 X87.004 Y105.147 E1849.27534
G1 F1495 X87.451 Y104.828 E1849.33719
G1 F1480.3 X87.995 Y104.612 E1849.40376
G1 F1475.4 X88.472 Y104.577 E1849.45835
G1 F1490.1 X91.3 Y104.308 E1849.77936
G1 F1475.4 X91.792 Y104.252 E1849.83587
G1 F1397.5 X92.208 Y104.186 E1849.88662
G1 F1363.6 X93.19 Y104.102 E1850.00832
G1 F1351.4 X95.234 Y103.891 E1850.26435
G1 F1291.2 X97.278 Y103.679 E1850.53232
G1 F1372 X97.934 Y103.672 E1850.61284
G1 F1500 X104.715 Y103.021 E1851.37753
G1 F1424.1 X104.999 Y102.962 E1851.41182
G1 F1193.6 X105.429 Y102.829 E1851.47532
G1 F1077.8 X105.826 Y102.803 E1851.53747
G1 F1068.9 X107.917 Y102.586 E1851.86863
G1 F1027.4 X110.008 Y102.368 E1852.21318
G1 F1206.4 X110.62 Y102.456 E1852.29947
G1 F1500 X123.001 Y101.268 E1853.69566
G1 X123.294 Y101.305 E1853.72881
G1 X123.456 Y101.373 E1853.74853
G1 X123.788 Y101.678 E1853.79914
G1 X131.004 Y112.819 E1855.28916
G1 X131.128 Y113.117 E1855.32539
G1 X131.132 Y113.48 E1855.36614
G1 X131.024 Y113.765 E1855.40035
G1 X128.398 Y118.222 E1855.98104
G1 X128.008 Y118.904 E1856.06923
G1 X128.599 Y118.8 E1856.1366
G1 X129.55 Y118.563 E1856.24661
G1 X130.812 Y118.199 E1856.39405
G1 X132.031 Y117.825 E1856.53718
G1 X133.804 Y117.24 E1856.74676
G1 X135.05 Y116.797 E1856.89521
G1 X136.455 Y116.272 E1857.06357
G1 X138.059 Y115.636 E1857.25726
G1 X139.33 Y115.093 E1857.41241
G1 X140.792 Y114.449 E1857.59174
G1 X142.293 Y113.75 E1857.77761
G1 X142.886 Y113.46 E1857.85171
G1 X143.541 Y113.11 E1857.93507
G1 X144.116 Y112.786 E1858.00916
G1 X144.697 Y112.428 E1858.08577
G1 X145.795 Y111.694 E1858.23402
G1 X146.912 Y110.877 E1858.38937
G1 X148.019 Y110.008 E1858.54735
G1 X148.445 Y109.657 E1858.60931
G1 X149.165 Y109.003 E1858.71849
G1 X149.491 Y108.686 E1858.76954
G1 X149.882 Y108.271 E1858.83354
G1 X150.194 Y107.887 E1858.88908
G1 X150.366 Y107.642 E1858.92268
G1 X150.485 Y107.359 E1858.95715
G1 X150.561 Y106.952 E1859.00362
G1 X150.508 Y106.682 E1859.03451
G1 X150.281 Y106.28 E1859.08633
G1 X149.977 Y105.94 E1859.13753
G1 X149.64 Y105.614 E1859.19016
G1 X149.242 Y105.279 E1859.24856
G1 X148.532 Y104.752 E1859.34781
G1 X147.856 Y104.297 E1859.43929
G1 X146.765 Y103.625 E1859.58312
G1 F1433.1 X145.249 Y105.326 E1859.85083
G1 F1315.8 X144.893 Y105.573 E1859.90628
G1 F1162.8 X144.695 Y105.666 E1859.93795
G1 F1071.4 X144.412 Y105.642 E1859.98259
G1 F1246.5 X143.868 Y105.364 E1860.06511
G1 F1500 X142.661 Y105.023 E1860.2059
G1 F1505 X141.612 Y106.877 E1860.44422
G1 F1520.3 X141.387 Y107.061 E1860.47642
G1 F1515.2 X140.659 Y107.189 E1860.55856
G1 F1500 X138.767 Y106.289 E1860.79375
G1 X137.439 Y108.063 E1861.0425
G1 X137.195 Y108.251 E1861.07708
G1 X136.845 Y108.357 E1861.11813
G1 X136.451 Y108.304 E1861.16275
G1 X136.223 Y108.18 E1861.19189
G1 X134.944 Y107.219 E1861.37147
G1 X133.665 Y109.287 E1861.64442
G1 X133.212 Y110.04 E1861.74306
G1 X132.951 Y110.239 E1861.7799
G1 X132.561 Y110.367 E1861.82598
G1 X132.209 Y110.294 E1861.86634
G1 X131.964 Y110.157 E1861.89784
G1 X131.764 Y109.938 E1861.93114
G1 X124.695 Y99.028 E1863.39042
G1 X124.226 Y99.048 E1863.44311
G1 X123.733 Y99.048 E1863.49846
G1 X123.278 Y98.898 E1863.55223
G1 X123.028 Y98.749 E1863.5849
G1 X122.752 Y98.494 E1863.62709
G1 X122.539 Y98.188 E1863.66894
G1 X122.082 Y97.242 E1863.78687
G1 X121.512 Y96.19 E1863.92118
G1 X121.127 Y95.563 E1864.00377
G1 X120.742 Y94.98 E1864.0822
G1 X120.295 Y94.377 E1864.16646
G1 X119.819 Y93.807 E1864.24982
G1 X118.592 Y92.477 E1864.45294
G1 X117.556 Y91.435 E1864.61788
G1 X117.173 Y91.077 E1864.67673
G1 X116.959 Y90.893 E1864.70842
G1 X116.976 Y91.719 E1864.80116
G1 X116.98 Y93.173 E1864.96437
G1 X116.936 Y94.491 E1865.1124
G1 X116.829 Y95.549 E1865.23177
G1 X116.698 Y96.561 E1865.34632
G1 X116.545 Y97.416 E1865.44382
G1 X118.521 Y97.464 E1865.6657
G1 X119.012 Y97.606 E1865.72307
G1 X119.393 Y97.951 E1865.78077
G1 X119.548 Y98.158 E1865.8098
G1 X119.624 Y98.344 E1865.83236
G1 X119.696 Y98.745 E1865.87809
G1 X119.655 Y98.992 E1865.90619
G1 X119.535 Y99.305 E1865.94382
G1 X119.29 Y99.666 E1865.9928
G1 X118.954 Y99.883 E1866.0377
G1 X118.451 Y100.079 E1866.0983
G1 X110.474 Y101.25 E1867.00333
G1 F1206.4 X109.902 Y101.482 E1867.08948
G1 F1022.7 X108.975 Y101.607 E1867.24348
G1 F1063.8 X105.71 Y101.988 E1867.76376
G1 F1079.1 X105.454 Y101.99 E1867.80371
G1 F1193.6 X105.032 Y101.832 E1867.86727
G1 F1424.1 X104.873 Y101.76 E1867.88791
G1 F1500 X104.447 Y101.608 E1867.93868
G1 X102.672 Y100.52 E1868.17238
G1 X102.184 Y100.265 E1868.23419
G1 X101.585 Y99.992 E1868.30809
G1 X100.234 Y99.451 E1868.47145
G1 X98.989 Y99.011 E1868.61967
G1 X99.051 Y99.339 E1868.65714
G1 X99.102 Y99.793 E1868.70843
G1 X99.086 Y100.342 E1868.77008
G1 X98.982 Y100.897 E1868.83347
G1 X98.807 Y101.35 E1868.88798
G1 X98.572 Y101.748 E1868.93986
G1 X98.4 Y101.981 E1868.97237
G1 X98.106 Y102.298 E1869.0209
G1 X97.716 Y102.61 E1869.07697
G1 F1446.9 X97.367 Y102.853 E1869.12646
G1 F1327.4 X97.151 Y102.982 E1869.15837
G1 F1291.2 X95.124 Y103.219 E1869.42449
G1 F1351.4 X93.097 Y103.457 E1869.67879
G1 F1363.6 X92.158 Y103.521 E1869.79501
G1 F1397.5 X91.861 Y103.465 E1869.83142
G1 F1475.4 X91.328 Y103.305 E1869.89493
G1 F1500 X89.72 Y102.74 E1870.08625
G1 X88.852 Y102.465 E1870.18846
G1 X88.887 Y102.887 E1870.23599
G1 X88.787 Y103.254 E1870.27869
G1 X88.565 Y103.589 E1870.3238
G1 F1490.1 X88.249 Y103.839 E1870.36934
G1 F1465.8 X87.935 Y104.013 E1870.41057
G1 F1461 X87.717 Y104.075 E1870.43669
G1 F1490.1 X84.298 Y104.41 E1870.8249
G1 F1500 X84.027 Y104.43 E1870.8554
G1 X83.638 Y104.43 E1870.89907
G1 X83.104 Y104.377 E1870.9593
G1 X82.662 Y104.286 E1871.00996
G1 X82.143 Y104.11 E1871.07148
G1 X81.836 Y103.966 E1871.10954
G1 X81.396 Y103.684 E1871.16821
G1 X80.736 Y103.072 E1871.26924
G1 X80.184 Y102.599 E1871.35084
G1 X79.481 Y102.073 E1871.4494
G1 X77.859 Y100.976 E1871.66921
G1 X76.832 Y100.357 E1871.80381
G1 X76.292 Y100.062 E1871.87289
G1 X75.6 Y99.719 E1871.95958
G1 X75.111 Y99.557 E1872.01741
G1 X74.629 Y99.436 E1872.07319
G1 X74.029 Y99.355 E1872.14116
G1 X74.311 Y99.608 E1872.18368
G1 X75.181 Y100.498 E1872.32339
G1 X76.465 Y101.963 E1872.54207
G1 X77.257 Y103.003 E1872.68881
G1 X77.933 Y103.947 E1872.81914
G1 X78.536 Y104.878 E1872.94366
G1 X78.781 Y105.32 E1873.00038
G1 X79.001 Y105.797 E1873.05935
G1 X79.067 Y106.043 E1873.08794
G1 X79.1 Y106.64 E1873.15506
G1 X79.039 Y107.174 E1873.21539
G1 X78.935 Y107.627 E1873.26756
G1 X78.786 Y108.117 E1873.32505
G1 X78.594 Y108.636 E1873.38717
G1 X78.129 Y109.672 E1873.51464
G1 X77.578 Y110.744 E1873.64994
G1 X76.994 Y111.764 E1873.78188
G1 X76.356 Y112.798 E1873.91827
G1 X75.769 Y113.703 E1874.03935
G1 X75.486 Y114.177 E1874.10132
G1 X75.182 Y114.625 E1874.1621
G1 X74.837 Y115.094 E1874.22746
G1 X74.305 Y115.743 E1874.32166
G1 X73.572 Y116.525 E1874.44197
G1 X73.014 Y117.064 E1874.52906
G1 X73.099 Y117.869 E1874.61992
G1 X73.085 Y118.25 E1874.66272
G1 F1495 X72.821 Y118.772 E1874.7286
G1 F1465.8 X72.565 Y119.028 E1874.77019
G1 F1437.7 X72.176 Y119.187 E1874.81941
G1 F1357.5 X71.901 Y119.26 E1874.8547
G1 F1145 X71.187 Y119.345 E1874.96044
G1 F1026.2 X70.87 Y119.343 E1875.01245
G1 X70.426 Y120.674 E1875.24267
G1 X71.39 Y120.17 E1875.42115
G1 F1145 X72.061 Y119.915 E1875.52671
G1 F1357.5 X72.414 Y119.766 E1875.57423
G1 F1456.3 X72.758 Y119.599 E1875.61845
G1 F1495 X74.011 Y118.909 E1875.77955
G1 F1500 X74.605 Y118.55 E1875.85746
G1 X75.687 Y117.81 E1876.00461
G1 X76.712 Y117.052 E1876.14771
G1 X77.36 Y116.544 E1876.24014
G1 X78.004 Y116.009 E1876.33412
G1 X78.661 Y115.428 E1876.43257
G1 X79.314 Y114.812 E1876.53334
G1 X79.984 Y114.131 E1876.64058
G1 X80.652 Y113.406 E1876.75124
G1 X82.99 Y110.719 E1877.15106
G1 X83.413 Y110.273 E1877.22006
G1 X83.863 Y109.88 E1877.28713
G1 X84.288 Y109.617 E1877.34323
G1 X84.623 Y109.462 E1877.38467
G1 X85.038 Y109.338 E1877.43329
G1 X85.392 Y109.279 E1877.47357
G1 X85.78 Y109.249 E1877.51726
G1 X86.239 Y109.258 E1877.56879
G1 X86.96 Y109.32 E1877.65002
G1 F1535.8 X87.294 Y109.383 E1877.68729
G1 F1654.4 X87.935 Y109.565 E1877.7551
G1 F1679.1 X88.401 Y109.74 E1877.80502
G1 F1590.1 X88.839 Y109.975 E1877.85765
G1 F1530.6 X89.411 Y110.569 E1877.94837
G1 F1500 X89.641 Y110.842 E1877.98844
G1 X89.889 Y111.175 E1878.03505
G1 X90.112 Y111.539 E1878.08297
G1 X90.281 Y111.901 E1878.12781
G1 X90.481 Y112.445 E1878.19288
G1 X90.666 Y113.08 E1878.26712
G1 X90.778 Y113.654 E1878.33277
G1 X91.936 Y113.284 E1878.46923
G1 X94.59 Y112.483 E1878.78042
G1 X95.251 Y112.332 E1878.85653
G1 X95.862 Y112.249 E1878.92575
G1 F1490.1 X96.424 Y112.212 E1878.98939
G1 F1339.3 X96.945 Y112.152 E1879.05533
G1 F1269.4 X97.777 Y112.255 E1879.16653
G1 F1308.1 X102.18 Y113.401 E1879.75215
G1 F1295 X110.046 Y115.471 E1880.80976
G1 F3600 E1876.80976
G0 F9000 X110.162 Y115.035
G0 X87.968 Y108.817
G0 X87.436 Y108.566
G0 X86.885 Y108.029
G0 X86.556 Y107.409
G0 X86.529 Y106.665
G0 X86.643 Y106.113
G0 X87.048 Y105.439
G0 X87.578 Y105.062
G0 X88.034 Y104.887
G0 X123.357 Y101.501
G0 X131.388 Y113.528
G0 X131.246 Y113.9
G0 X129.56 Y116.86
G0 X140.371 Y111.503
G0 X140.391 Y110.966
G1 F3600 E1880.80976
G1 F1500 X140.138 Y110.707 E1880.85041
G1 X140.036 Y110.489 E1880.87742
G1 X140 Y110.125 E1880.91848
G1 X140.074 Y109.851 E1880.95034
G1 X140.282 Y109.387 E1881.00742
G1 X140.493 Y109.003 E1881.05661
G1 X140.734 Y108.647 E1881.10486
G1 X141.023 Y108.295 E1881.15599
G1 F1510.1 X141.854 Y107.422 E1881.29038
G1 X142.33 Y107.123 E1881.35306
G1 F1502.5 X142.771 Y106.896 E1881.40864
G1 F1500 X143.397 Y106.708 E1881.48202
G1 X143.813 Y106.628 E1881.52957
G1 F1428.6 X143.91 Y106.586 E1881.54203
G1 F1198.4 X144.292 Y106.473 E1881.598
G1 F1071.4 X144.66 Y106.497 E1881.65595
G1 F1162.8 X144.96 Y106.6 E1881.70188
G1 F1308.1 X145.029 Y106.635 E1881.71184
G1 F1424.1 X145.766 Y106.86 E1881.80296
G1 F1500 X146.483 Y107.138 E1881.88928
G1 X146.697 Y107.258 E1881.91682
G1 X146.896 Y107.468 E1881.9493
G1 X147.006 Y107.691 E1881.97721
G1 X147.048 Y108.064 E1882.01934
G1 X146.936 Y108.419 E1882.06113
G1 X146.576 Y108.956 E1882.1337
G1 X145.773 Y109.687 E1882.2556
G1 X145.017 Y110.166 E1882.35606
G1 X144.213 Y110.585 E1882.45783
G1 X143.801 Y110.766 E1882.50835
G1 X143.304 Y110.934 E1882.56724
G1 X142.916 Y111.03 E1882.61211
G1 X142.463 Y111.103 E1882.66361
G1 X142.053 Y111.138 E1882.7098
G1 X141.606 Y111.148 E1882.75999
G1 X140.862 Y111.12 E1882.84357
G1 X140.608 Y111.073 E1882.87256
G1 X140.391 Y110.966 E1882.89972
G0 F9000 X140.826 Y110.518
;TYPE:WALL-OUTER
G1 F1500 X140.643 Y110.383 E1882.92525
G1 X140.598 Y110.261 E1882.93985
G1 X140.622 Y110.097 E1882.95845
G1 X140.84 Y109.612 E1883.01814
G1 X140.993 Y109.334 E1883.05376
G1 X141.199 Y109.026 E1883.09536
G1 X141.461 Y108.706 E1883.14178
G1 X142.205 Y107.914 E1883.26376
G1 X142.603 Y107.656 E1883.317
G1 X143.018 Y107.449 E1883.36906
G1 X143.478 Y107.305 E1883.42317
G1 X143.96 Y107.212 E1883.47827
G1 X144.253 Y107.192 E1883.51124
G1 X144.567 Y107.21 E1883.54655
G1 X144.898 Y107.254 E1883.58403
G1 X145.202 Y107.318 E1883.6189
G1 X145.539 Y107.416 E1883.6583
G1 X146.315 Y107.716 E1883.75169
G1 X146.437 Y107.881 E1883.77472
G1 X146.414 Y108.124 E1883.80212
G1 X146.118 Y108.561 E1883.86137
G1 X145.418 Y109.203 E1883.96799
G1 X144.675 Y109.671 E1884.06656
G1 X143.973 Y110.035 E1884.15533
G1 X143.579 Y110.208 E1884.20363
G1 X143.16 Y110.352 E1884.25336
G1 X142.772 Y110.448 E1884.29823
G1 X142.353 Y110.511 E1884.34579
G1 X142.005 Y110.54 E1884.38499
G1 X141.628 Y110.548 E1884.42732
G1 X140.826 Y110.518 E1884.51741
G1 F3600 E1880.51741
G0 F9000 X140.789 Y111.519
G0 X129.165 Y118.114
G0 X131.246 Y113.9
G0 X131.201 Y112.639
G0 X123.357 Y101.501
G0 X88.034 Y104.887
G0 X87.578 Y105.062
G0 X87.048 Y105.439
G0 X86.643 Y106.113
G0 X86.529 Y106.665
G0 X86.556 Y107.409
G0 X86.885 Y108.029
G0 X87.436 Y108.566
G0 X87.867 Y108.769
G0 X110.327 Y115.078
G0 X110.045 Y116.146
G1 F3600 E1884.51741
G1 F1500 X111.386 Y116.5 E1884.6731
G1 X112.181 Y116.737 E1884.76622
G1 X112.713 Y116.925 E1884.82956
G1 X113.3 Y117.164 E1884.90071
G1 X113.87 Y117.433 E1884.97146
G1 X114.438 Y117.749 E1885.04442
G1 X114.755 Y117.981 E1885.08852
G1 X115.004 Y118.229 E1885.12797
G1 X115.212 Y118.48 E1885.16456
G1 X115.408 Y118.794 E1885.20611
G1 X115.579 Y119.132 E1885.24863
G1 X115.724 Y119.498 E1885.29282
G1 X115.832 Y119.86 E1885.33523
G1 X115.92 Y120.222 E1885.37704
G1 X115.99 Y120.616 E1885.42197
G1 X116.036 Y121.008 E1885.46627
G1 X116.076 Y121.764 E1885.55125
G1 X116.059 Y122.566 E1885.6413
G1 X115.985 Y123.308 E1885.725
G1 X115.873 Y123.994 E1885.80303
G1 X115.741 Y124.586 E1885.87111
G1 X115.593 Y125.107 E1885.93191
G1 X115.427 Y125.608 E1885.99116
G1 X114.817 Y127.126 E1886.1748
G1 X114.466 Y127.952 E1886.27555
G1 X113.46 Y130.173 E1886.54924
G1 X113.931 Y130.071 E1886.60334
G1 X114.398 Y129.923 E1886.65833
G1 X114.876 Y129.736 E1886.71595
G1 X115.696 Y129.344 E1886.81797
G1 X116.135 Y129.072 E1886.87594
G1 X117.318 Y128.256 E1887.03727
G1 X118.083 Y127.687 E1887.14429
G1 X118.955 Y126.977 E1887.27052
G1 X119.836 Y126.203 E1887.40216
G1 X120.777 Y125.298 E1887.54871
G1 X121.678 Y124.322 E1887.69782
G1 X122.525 Y123.304 E1887.84647
G1 X123.279 Y122.321 E1887.98554
G1 X123.957 Y121.377 E1888.116
G1 X124.927 Y119.921 E1888.31239
G1 X125.28 Y119.359 E1888.38689
G1 X126.243 Y117.746 E1888.59777
G1 X123.68 Y113.73 E1889.13256
G1 X122.891 Y115.125 E1889.31247
G1 X122.672 Y115.461 E1889.35749
G1 X122.395 Y115.795 E1889.40619
G1 X122.139 Y116.043 E1889.4462
G1 X121.893 Y116.239 E1889.48151
G1 X121.619 Y116.402 E1889.5173
G1 X121.21 Y116.593 E1889.56797
G1 X120.655 Y116.688 E1889.63118
G1 X120.225 Y116.691 E1889.67945
G1 X119.942 Y116.648 E1889.71158
G1 X102.509 Y112.102 E1891.73393
G1 X88.088 Y108.498 E1893.40251
G1 X87.613 Y108.275 E1893.46142
G1 X87.345 Y108.053 E1893.50048
G1 X87.151 Y107.81 E1893.53539
G1 X86.892 Y107.32 E1893.5976
G1 X86.868 Y106.696 E1893.6677
G1 X86.96 Y106.236 E1893.72036
G1 X87.304 Y105.67 E1893.79471
G1 X87.737 Y105.361 E1893.85442
G1 X88.109 Y105.217 E1893.8992
G1 X123.021 Y101.868 E1897.83616
G1 X123.174 Y101.903 E1897.85378
G1 X123.284 Y102.004 E1897.87054
G1 X130.542 Y113.21 E1899.36925
G1 X130.543 Y113.399 E1899.39047
G1 X127.878 Y117.924 E1899.97996
G1 X127.339 Y118.868 E1900.10198
G1 X127.23 Y119.236 E1900.14506
G1 X127.27 Y119.38 E1900.16184
G1 X127.522 Y119.486 E1900.19253
G1 X127.744 Y119.526 E1900.21785
G1 X128.071 Y119.502 E1900.25466
G1 X128.714 Y119.39 E1900.32792
G1 X129.694 Y119.146 E1900.44129
G1 X130.987 Y118.773 E1900.59235
G1 X132.219 Y118.395 E1900.73701
G1 X133.998 Y117.808 E1900.9473
G1 X135.233 Y117.37 E1901.09439
G1 X136.675 Y116.83 E1901.26724
G1 X138.295 Y116.188 E1901.46285
G1 X139.54 Y115.656 E1901.61482
G1 X141.044 Y114.993 E1901.79933
G1 X142.483 Y114.325 E1901.97742
G1 X143.168 Y113.99 E1902.06301
G1 X143.835 Y113.633 E1902.14794
G1 X144.43 Y113.297 E1902.22464
G1 X145.029 Y112.928 E1902.30361
G1 X146.124 Y112.197 E1902.4514
G1 X147.283 Y111.349 E1902.61261
G1 X148.401 Y110.471 E1902.77218
G1 X148.836 Y110.112 E1902.8355
G1 X149.609 Y109.419 E1902.95203
G1 X149.609 Y109.406 E1902.95349
G1 X149.88 Y109.146 E1902.99565
G1 X150.334 Y108.666 E1903.06981
G1 X150.672 Y108.25 E1903.12998
G1 X150.895 Y107.934 E1903.1734
G1 X151.055 Y107.551 E1903.21999
G1 X151.128 Y107.272 E1903.25236
G1 X151.168 Y106.928 E1903.29124
G1 X151.078 Y106.47 E1903.34363
G1 X150.832 Y106.037 E1903.39954
G1 X150.655 Y105.798 E1903.43292
G1 X150.411 Y105.524 E1903.47411
G1 X150.042 Y105.168 E1903.53166
G1 X149.614 Y104.808 E1903.59444
G1 X148.878 Y104.262 E1903.69731
G1 X148.181 Y103.793 E1903.79162
G1 X146.648 Y102.854 E1903.99342
G1 X144.862 Y104.859 E1904.29483
G1 X144.725 Y104.939 E1904.31264
G1 X144.612 Y104.95 E1904.32538
G1 X142.37 Y104.317 E1904.58689
G1 X141.142 Y106.498 E1904.86785
G1 X141.066 Y106.561 E1904.87893
G1 X140.833 Y106.6 E1904.90545
G1 X138.581 Y105.537 E1905.18499
G1 X136.983 Y107.666 E1905.48381
G1 X136.791 Y107.759 E1905.50776
G1 X136.635 Y107.739 E1905.52541
G1 X134.779 Y106.345 E1905.78598
G1 X133.15 Y108.979 E1906.13363
G1 X132.766 Y109.622 E1906.2177
G1 X132.64 Y109.724 E1906.23589
G1 X132.499 Y109.748 E1906.25195
G1 X132.309 Y109.676 E1906.27476
G1 X125.176 Y98.668 E1907.74718
G1 X125.121 Y98.41 E1907.77679
G1 X124.188 Y98.448 E1907.88161
G1 X123.833 Y98.445 E1907.92146
G1 X123.456 Y98.327 E1907.96581
G1 X123.221 Y98.12 E1908.00096
G1 X123.057 Y97.884 E1908.03322
G1 X122.616 Y96.969 E1908.14724
G1 X122.032 Y95.89 E1908.28496
G1 X121.667 Y95.294 E1908.36341
G1 X121.234 Y94.636 E1908.45183
G1 X120.767 Y94.006 E1908.53986
G1 X120.27 Y93.411 E1908.62689
G1 X119.039 Y92.076 E1908.83073
G1 X117.966 Y90.997 E1909.00155
G1 X117.563 Y90.622 E1909.06334
G1 X117.162 Y90.279 E1909.12258
G1 X116.848 Y90.032 E1909.16742
G1 X116.52 Y89.817 E1909.21145
G1 X116.407 Y89.794 E1909.22439
G1 X116.341 Y89.984 E1909.24697
G1 X116.376 Y91.721 E1909.44199
G1 X116.38 Y93.154 E1909.60285
G1 X116.339 Y94.431 E1909.74627
G1 X116.228 Y95.524 E1909.8696
G1 X116.1 Y96.498 E1909.97987
G1 X115.889 Y97.665 E1910.11299
G1 X115.821 Y97.935 E1910.14425
G1 X115.943 Y98.004 E1910.15998
G1 X118.438 Y98.058 E1910.44012
G1 X118.733 Y98.151 E1910.47484
G1 X118.969 Y98.375 E1910.51136
G1 X119.046 Y98.506 E1910.52842
G1 X119.075 Y98.838 E1910.56583
G1 X118.951 Y99.151 E1910.60362
G1 X118.729 Y99.327 E1910.63542
G1 X118.32 Y99.49 E1910.68485
G1 X108.885 Y100.878 E1911.75535
G1 X105.604 Y101.284 E1912.12646
G1 X105.075 Y101.195 E1912.18668
G1 X104.683 Y101.048 E1912.23368
G1 X102.968 Y99.998 E1912.45941
G1 X102.448 Y99.726 E1912.52528
G1 X101.821 Y99.44 E1912.60264
G1 X100.446 Y98.889 E1912.76892
G1 X99.133 Y98.425 E1912.92524
G1 X98.247 Y98.147 E1913.02948
G1 X98.12 Y98.148 E1913.04373
G1 X98.124 Y98.231 E1913.05306
G1 X98.291 Y98.683 E1913.10715
G1 X98.379 Y99.021 E1913.14636
G1 X98.455 Y99.406 E1913.19041
G1 X98.499 Y99.798 E1913.23469
G1 X98.483 Y100.3 E1913.29107
G1 X98.393 Y100.755 E1913.34313
G1 X98.257 Y101.101 E1913.38487
G1 X98.09 Y101.391 E1913.42243
G1 X97.918 Y101.623 E1913.45485
G1 X97.684 Y101.867 E1913.4928
G1 X97.306 Y102.166 E1913.5469
G1 X97.001 Y102.347 E1913.58671
G1 X93.026 Y102.836 E1914.03628
G1 X92.07 Y102.891 E1914.14377
G1 X91.547 Y102.746 E1914.2047
G1 X89.901 Y102.168 E1914.40052
G1 X88.957 Y101.869 E1914.51168
G1 X87.831 Y101.561 E1914.64272
G1 X88.213 Y102.394 E1914.74559
G1 X88.283 Y102.737 E1914.78489
G1 X88.239 Y103.01 E1914.81593
G1 X88.014 Y103.281 E1914.85547
G1 X87.646 Y103.477 E1914.90227
G1 X84.254 Y103.812 E1915.28488
G1 X83.983 Y103.832 E1915.31539
G1 X83.679 Y103.831 E1915.34951
G1 X83.2 Y103.785 E1915.40353
G1 X82.772 Y103.695 E1915.45262
G1 X82.394 Y103.565 E1915.49749
G1 X82.105 Y103.429 E1915.53335
G1 X81.78 Y103.219 E1915.57678
G1 X81.136 Y102.624 E1915.67521
G1 X80.56 Y102.131 E1915.76031
G1 X79.853 Y101.601 E1915.8595
G1 X78.182 Y100.47 E1916.086
G1 X77.13 Y99.837 E1916.22382
G1 X76.569 Y99.53 E1916.29561
G1 X75.829 Y99.163 E1916.38833
G1 X75.279 Y98.981 E1916.45336
G1 X74.754 Y98.848 E1916.51415
G1 X73.795 Y98.718 E1916.62279
G1 X73.004 Y98.645 E1916.71196
G1 X72.714 Y98.648 E1916.74451
G1 X72.429 Y98.692 E1916.77689
G1 X72.587 Y98.881 E1916.80454
G1 X73.883 Y100.029 E1916.99889
G1 X74.719 Y100.881 E1917.13288
G1 X75.987 Y102.326 E1917.34868
G1 X76.769 Y103.353 E1917.49358
G1 X77.452 Y104.308 E1917.62537
G1 X78.022 Y105.189 E1917.74316
G1 X78.237 Y105.573 E1917.79256
G1 X78.463 Y106.071 E1917.85395
G1 X78.499 Y106.641 E1917.91807
G1 X78.457 Y107.023 E1917.9612
G1 X78.36 Y107.455 E1918.0109
G1 X78.228 Y107.895 E1918.06247
G1 X78.046 Y108.391 E1918.12178
G1 X77.595 Y109.398 E1918.24564
G1 X77.057 Y110.446 E1918.37787
G1 X76.458 Y111.491 E1918.51308
G1 X75.852 Y112.472 E1918.64252
G1 X75.259 Y113.387 E1918.76491
G1 X74.989 Y113.841 E1918.82421
G1 X74.698 Y114.27 E1918.8824
G1 X74.368 Y114.719 E1918.94495
G1 X73.841 Y115.363 E1919.03836
G1 X73.124 Y116.125 E1919.15581
G1 X72.529 Y116.698 E1919.24854
G1 X72.402 Y116.925 E1919.27773
G1 X72.503 Y117.932 E1919.39134
G1 X72.468 Y118.197 E1919.42135
G1 X72.388 Y118.353 E1919.44103
G1 X72.237 Y118.505 E1919.46508
G1 X71.905 Y118.612 E1919.50423
G1 X70.34 Y118.602 E1919.67991
G1 X69.152 Y122.161 E1920.10109
G1 X71.273 Y121.067 E1920.36898
G1 X73.445 Y119.916 E1920.64491
G1 X74.321 Y119.423 E1920.75775
G1 X74.929 Y119.055 E1920.83753
G1 X76.043 Y118.293 E1920.98903
G1 X77.094 Y117.517 E1921.13569
G1 X77.743 Y117.006 E1921.22841
G1 X78.4 Y116.459 E1921.32438
G1 X79.073 Y115.864 E1921.42521
G1 X79.734 Y115.241 E1921.52717
G1 X80.418 Y114.545 E1921.63672
G1 X81.104 Y113.8 E1921.7504
G1 X83.426 Y111.132 E1922.14743
G1 X83.841 Y110.693 E1922.21524
G1 X84.189 Y110.386 E1922.26733
G1 X84.528 Y110.168 E1922.31258
G1 X84.842 Y110.02 E1922.35154
G1 X85.172 Y109.923 E1922.39015
G1 X85.488 Y109.871 E1922.4261
G1 X85.82 Y109.848 E1922.46346
G1 X86.189 Y109.856 E1922.50489
G1 X86.875 Y109.914 E1922.58217
G1 X87.211 Y109.962 E1922.62027
G1 X87.685 Y110.067 E1922.67477
G1 X88.166 Y110.269 E1922.73333
G1 X88.456 Y110.442 E1922.77124
G1 X88.953 Y110.957 E1922.85158
G1 X89.163 Y111.206 E1922.88814
G1 X89.382 Y111.495 E1922.92885
G1 X89.571 Y111.798 E1922.96893
G1 X89.718 Y112.108 E1923.00744
G1 X89.918 Y112.652 E1923.07251
G1 X90.078 Y113.202 E1923.13681
G1 X90.178 Y113.685 E1923.19217
G1 X90.246 Y114.2 E1923.25049
G1 X90.366 Y114.277 E1923.26649
G1 X90.702 Y114.307 E1923.30436
G1 X92.073 Y113.868 E1923.46595
G1 X94.727 Y113.067 E1923.77715
G1 X95.334 Y112.926 E1923.8471
G1 X95.878 Y112.85 E1923.90876
G1 X96.404 Y112.816 E1923.96792
G1 X96.889 Y112.817 E1924.02237
G1 X97.705 Y112.889 E1924.11432
G1 X110.045 Y116.146 E1925.54696
G0 F9000 X110.299 Y115.182
G0 X113.045 Y116.046
G0 X114.3 Y116.597
G0 X115.344 Y117.249
G0 X115.709 Y117.648
G0 X116.383 Y118.505
G0 X116.132 Y118.629
;TYPE:FILL
G1 F3000 X117.9 Y116.861 E1925.82763
G1 F3600 E1921.82763
G0 F9000 X117.829 Y117.132
G0 X87.968 Y108.817
G0 X87.436 Y108.566
G0 X86.885 Y108.029
G0 X86.556 Y107.409
G0 X86.529 Y106.665
G0 X86.643 Y106.113
G0 X87.048 Y105.439
G0 X87.578 Y105.062
G0 X88.034 Y104.887
G0 X123.357 Y101.501
G0 X130.995 Y113.293
G0 X128.718 Y117.166
G0 X129.424 Y118.187
G0 X129.453 Y118.307
G1 F3600 E1925.82763
G1 F3000 X140.509 Y107.251 E1927.58276
G0 F9000 X140.389 Y107.503
G0 X137.015 Y109.179
G0 X135.524 Y108.152
G0 X135.69 Y107.93
G1 F3000 X141.669 Y113.909 E1928.53193
G0 F9000 X141.554 Y113.659
G0 X132.266 Y117.324
G0 X132.353 Y117.593
G1 F3000 X130.185 Y115.425 E1928.8761
G1 F3600 E1924.8761
G0 F9000 X130.255 Y115.466
G0 X130.995 Y113.293
G0 X123.357 Y101.501
G0 X103.768 Y101.657
G0 X103.913 Y101.421
G1 F3600 E1928.8761
G1 F3000 X102.19 Y103.144 E1929.14962
G0 F9000 X102.164 Y102.866
G0 X88.034 Y104.887
G0 X87.578 Y105.062
G0 X87.048 Y105.439
G0 X86.643 Y106.113
G0 X86.529 Y106.665
G0 X86.556 Y107.409
G0 X86.885 Y108.029
G0 X87.436 Y108.566
G0 X87.738 Y108.708
G0 X94.425 Y111.112
G0 X94.493 Y110.841
G1 F3000 X92.281 Y113.053 E1929.50078
G0 F9000 X92.202 Y112.788
G0 X87.129 Y108.32
G0 X86.885 Y108.029
G0 X86.699 Y107.678
G0 X85.995 Y105.993
G0 X86.281 Y106.053
G1 F3000 X73.723 Y118.612 E1931.49444
G0 F9000 X82.736 Y110.412
G0 X82.937 Y110.603
G1 F3000 X79.197 Y106.864 E1932.08808
G1 F3600 E1928.08808
G0 F9000 X79.477 Y106.896
G0 X88.034 Y104.887
G0 X123.357 Y101.501
G0 X131.388 Y113.528
G0 X131.246 Y113.9
G0 X129.56 Y116.86
G0 X131.91 Y113.053
G0 X131.615 Y112.88
;TYPE:SKIN
G1 F3600 E1932.08808
G1 F1500 X131.552 Y112.668 E1932.11291
G1 X130.899 Y111.662 E1932.24754
G1 F1391 X130.853 Y111.504 E1932.26746
G1 F1137.8 X130.698 Y111.088 E1932.33315
G1 F1028.6 X130.475 Y110.767 E1932.39714
G1 F1039.3 X124.301 Y101.239 E1934.23661
G1 F1226.2 X123.859 Y101.023 E1934.30416
G1 F1500 X123.676 Y100.879 E1934.3303
G1 X123.514 Y100.811 E1934.35003
G1 X123.986 Y99.588 E1934.49718
G1 X124.41 Y99.58 E1934.54478
G1 X124.822 Y100.215 E1934.62975
G1 F1222.8 X124.949 Y100.654 E1934.69268
G1 F1034.5 X131.238 Y110.355 E1936.57446
G1 F1049 X131.458 Y110.619 E1936.62962
G1 F1241.4 X131.808 Y110.687 E1936.67798
G1 F1500 X132.057 Y110.81 E1936.70916
G1 X132.377 Y110.878 E1936.74588
G1 X132.791 Y110.875 E1936.79235
G1 X131.615 Y112.88 E1937.05328
G0 F9000 X131.684 Y112.168
G1 F1500 X131.402 Y111.886 E1937.09805
G0 F9000 X131.998 Y111.634
G1 F1500 X131.291 Y110.926 E1937.21036
G0 F9000 X131.55 Y109.977
G0 X125.528 Y100.683
G0 X124.584 Y100.826
G1 F1500 X124.039 Y100.28 E1937.29696
G0 F9000 X122.98 Y99.87
G1 F3600 E1933.29696
G0 F9000 X123.802 Y99.316
G0 X124.554 Y99.3
G0 X130.262 Y107.066
G0 X131.756 Y106.094
G0 X132.306 Y105.742
G0 X132.315 Y106.404
;TYPE:WALL-INNER
G1 F3600 E1937.29696
G1 F1500 X133.698 Y104.096 E1937.59899
G1 X133.902 Y103.887 E1937.63178
G1 X134.143 Y103.76 E1937.66236
G1 X134.365 Y103.714 E1937.68781
G1 X134.593 Y103.725 E1937.71343
G1 X134.871 Y103.814 E1937.7462
G1 X136.479 Y105.032 E1937.97264
G1 X137.59 Y103.585 E1938.17742
G1 X137.815 Y103.415 E1938.20908
G1 X138.117 Y103.319 E1938.24465
G1 X138.484 Y103.333 E1938.28587
G1 X140.149 Y104.128 E1938.49299
G1 X141.046 Y102.441 E1938.70746
G1 X141.327 Y102.19 E1938.74976
G1 F1465.8 X141.933 Y102.062 E1938.82091
G1 F1492.5 X143.009 Y102.393 E1938.94791
G1 F1618.7 X144.086 Y102.724 E1939.06511
G1 F1691.7 X144.429 Y102.32 E1939.11786
G1 X144.095 Y102.175 E1939.1541
G1 F1642.3 X143.545 Y101.967 E1939.21439
G1 F1530.6 X142.46 Y101.578 E1939.34118
G1 F1451.6 X142.084 Y101.456 E1939.38704
G1 F1465.8 X141.2 Y101.138 E1939.49495
G1 F1500 X140.568 Y100.946 E1939.5691
G1 X139.982 Y100.788 E1939.63723
G1 X138.197 Y100.413 E1939.84197
G1 X136.038 Y100.004 E1940.08864
G1 X133.645 Y99.581 E1940.36142
G1 X132.45 Y99.409 E1940.49695
G1 X132.217 Y99.499 E1940.52499
G1 X130.205 Y103.164 E1940.99431
G1 X132.315 Y106.404 E1941.42834
G0 F9000 X132.306 Y105.742
G0 X132.328 Y106.875
G0 X132.337 Y107.537
;TYPE:WALL-OUTER
G1 F1500 X134.19 Y104.44 E1941.83346
G1 X134.338 Y104.328 E1941.85429
G1 X134.585 Y104.347 E1941.8821
G1 X136.594 Y105.872 E1942.16523
G1 X138.008 Y104.015 E1942.42724
G1 X138.196 Y103.914 E1942.45119
G1 X138.318 Y103.919 E1942.4649
G1 X140.409 Y104.917 E1942.72498
G1 X141.549 Y102.782 E1942.99667
G1 X141.634 Y102.706 E1943.00947
G1 X141.836 Y102.667 E1943.03256
G1 X144.28 Y103.369 E1943.318
G1 X145.329 Y102.138 E1943.49955
G1 X144.971 Y101.947 E1943.5451
G1 X144.502 Y101.73 E1943.60311
G1 X143.753 Y101.424 E1943.69393
G1 X142.658 Y101.006 E1943.8255
G1 X141.376 Y100.564 E1943.97772
G1 X140.724 Y100.366 E1944.05421
G1 X140.122 Y100.204 E1944.12419
G1 X138.309 Y99.823 E1944.33215
G1 X136.142 Y99.413 E1944.57972
G1 X133.702 Y98.983 E1944.85784
G1 X132.407 Y98.796 E1945.00471
G1 X132.021 Y98.907 E1945.0498
G1 X131.729 Y99.143 E1945.09194
G1 X129.506 Y103.19 E1945.61025
G1 X132.337 Y107.537 E1946.19258
G0 F9000 X132.328 Y106.875
G0 X132.683 Y105.018
G0 X132.92 Y105.16
;TYPE:FILL
G1 F3000 X130.548 Y102.789 E1946.56905
G0 F9000 X130.796 Y102.926
G0 X131.075 Y103.768
G0 X130.841 Y103.92
G1 F3000 X134.846 Y99.915 E1947.20484
G0 F9000 X134.713 Y100.683
G1 F3600 E1943.20484
;MESH:NONMESH
G0 F300 X134.713 Y100.683 Z6.95
G0 F9000 X129.877 Y103.181
G0 X128.358 Y104.164
G0 X124.554 Y99.3
G0 X123.802 Y99.316
G0 X88.034 Y104.887
G0 X87.578 Y105.062
G0 X87.048 Y105.439
G0 X86.643 Y106.113
G0 X86.529 Y106.665
G0 X86.556 Y107.409
G0 X86.885 Y108.029
G0 X87.436 Y108.566
G0 X87.867 Y108.769
G0 X110.162 Y115.035
G0 X110.046 Y115.471
;TIME_ELAPSED:1224.395083
;LAYER:15
;TYPE:WALL-INNER
;MESH:sharkz.stl
G1 F3600 E1947.20484
G1 F1282.1 X111.573 Y115.873 E1947.41223
G1 F1257 X112.354 Y116.098 E1947.5211
G1 F1222.8 X112.926 Y116.285 E1947.60396
G1 F1165.8 X113.598 Y116.533 E1947.70742
G1 F1289.4 X114.108 Y116.882 E1947.78812
G1 F1500 X114.823 Y117.284 E1947.8802
G1 X115.136 Y117.514 E1947.9238
G1 X115.467 Y117.847 E1947.97651
G1 X115.715 Y118.147 E1948.0202
G1 X115.955 Y118.545 E1948.07237
G1 X116.136 Y118.909 E1948.118
G1 X116.299 Y119.326 E1948.16826
G1 X116.415 Y119.718 E1948.21415
G1 X116.51 Y120.115 E1948.25997
G1 X116.582 Y120.516 E1948.30571
G1 X116.635 Y120.976 E1948.35768
G1 X116.676 Y121.8 E1948.45029
G1 X116.656 Y122.625 E1948.54293
G1 X116.577 Y123.404 E1948.63082
G1 X116.459 Y124.124 E1948.71272
G1 X116.319 Y124.75 E1948.78473
G1 X116.163 Y125.295 E1948.84837
G1 X115.983 Y125.832 E1948.91194
G1 X115.369 Y127.36 E1949.09679
G1 X115.012 Y128.199 E1949.19915
G1 X114.55 Y129.22 E1949.32494
G1 X115.408 Y128.817 E1949.43135
G1 X115.817 Y128.563 E1949.4854
G1 X116.96 Y127.774 E1949.6413
G1 X117.715 Y127.213 E1949.74689
G1 X118.539 Y126.544 E1949.86603
G1 X119.43 Y125.761 E1949.99918
G1 X120.348 Y124.878 E1950.14216
G1 X121.227 Y123.926 E1950.28761
G1 X122.056 Y122.93 E1950.43308
G1 X122.797 Y121.963 E1950.56983
G1 X123.487 Y121 E1950.70281
G1 X124.423 Y119.595 E1950.89232
G1 X124.777 Y119.03 E1950.96717
G1 X125.562 Y117.716 E1951.13898
G1 X123.735 Y114.852 E1951.52032
G1 X123.393 Y115.453 E1951.59794
G1 X123.113 Y115.872 E1951.65451
G1 X122.877 Y116.156 E1951.69596
G1 X122.54 Y116.491 E1951.7493
G1 X122.174 Y116.772 E1951.8011
G1 X121.853 Y116.956 E1951.84263
G1 X121.39 Y117.172 E1951.89998
G1 X120.681 Y117.293 E1951.98072
G1 X120.165 Y117.288 E1952.03865
G1 X119.835 Y117.238 E1952.07611
G1 X114.484 Y115.845 E1952.6968
G1 F1289.4 X113.868 Y115.786 E1952.77761
G1 F1184.2 X112.548 Y115.403 E1952.97304
G1 F1257 X107.45 Y114.067 E1953.679
G1 F1283.9 X102.352 Y112.73 E1954.37021
G1 F1323.5 X98.014 Y111.63 E1954.93956
G1 F1283.9 X97.064 Y111.429 E1955.0669
G1 F1339.3 X96.544 Y111.234 E1955.13673
G1 F1490.1 X89.285 Y109.416 E1955.98234
G1 F1618.7 X87.919 Y109.027 E1956.13008
G1 F1633.4 X87.295 Y108.788 E1956.19896
G1 F1512.6 X86.941 Y108.506 E1956.24934
G1 F1500 X86.661 Y108.169 E1956.29853
G1 X86.353 Y107.577 E1956.37344
G1 X86.295 Y107.355 E1956.39919
G1 X86.269 Y106.656 E1956.47771
G1 X86.362 Y106.166 E1956.5337
G1 X86.474 Y105.881 E1956.56807
G1 X86.758 Y105.413 E1956.62952
G1 X87.004 Y105.147 E1956.67019
G1 F1495 X87.451 Y104.828 E1956.73204
G1 F1480.3 X87.993 Y104.613 E1956.79837
G1 F1485.1 X88.955 Y104.534 E1956.9078
G1 F1500 X91.3 Y104.308 E1957.17226
G1 F1475.4 X91.792 Y104.252 E1957.22877
G1 F1397.5 X92.208 Y104.186 E1957.27952
G1 F1363.6 X93.19 Y104.102 E1957.40121
G1 F1351.4 X95.234 Y103.891 E1957.65725
G1 F1291.2 X97.278 Y103.679 E1957.92522
G1 F1372 X97.934 Y103.672 E1958.00573
G1 F1500 X104.715 Y103.021 E1958.77042
G1 F1424.1 X104.998 Y102.964 E1958.80456
G1 F1193.6 X105.429 Y102.83 E1958.86823
G1 F1076.6 X105.826 Y102.803 E1958.93046
G1 F1068.9 X107.936 Y102.584 E1959.26463
G1 F1027.4 X110.047 Y102.364 E1959.61248
G1 F1206.4 X110.658 Y102.452 E1959.69863
G1 F1500 X123.412 Y101.234 E1961.13682
G1 X124.26 Y99.047 E1961.40013
G1 X123.88 Y99.049 E1961.44278
G1 X123.603 Y99.005 E1961.47427
G1 X123.202 Y98.875 E1961.52159
G1 X122.799 Y98.561 E1961.57894
G1 X122.552 Y98.209 E1961.62721
G1 X122.082 Y97.242 E1961.7479
G1 X121.512 Y96.19 E1961.88221
G1 X121.127 Y95.563 E1961.9648
G1 X120.742 Y94.98 E1962.04322
G1 X120.295 Y94.377 E1962.12748
G1 X119.819 Y93.807 E1962.21084
G1 X118.592 Y92.477 E1962.41397
G1 X117.556 Y91.435 E1962.57891
G1 X117.173 Y91.077 E1962.63776
G1 X116.96 Y90.894 E1962.66928
G1 X116.976 Y91.719 E1962.76191
G1 X116.98 Y93.173 E1962.92513
G1 X116.936 Y94.491 E1963.07316
G1 X116.829 Y95.549 E1963.19253
G1 X116.698 Y96.561 E1963.30708
G1 X116.545 Y97.416 E1963.40458
G1 X118.521 Y97.464 E1963.62645
G1 X118.998 Y97.602 E1963.68219
G1 X119.332 Y97.866 E1963.72998
G1 X119.488 Y98.074 E1963.75917
G1 X119.639 Y98.387 E1963.79818
G1 X119.676 Y98.703 E1963.83389
G1 X119.606 Y99.156 E1963.88535
G1 X119.343 Y99.62 E1963.94522
G1 X118.958 Y99.881 E1963.99743
G1 X118.448 Y100.083 E1964.05901
G1 X110.513 Y101.246 E1964.95925
G1 F1206.4 X109.941 Y101.477 E1965.04535
G1 F1022.7 X108.975 Y101.607 E1965.20582
G1 F1063.8 X105.71 Y101.988 E1965.7261
G1 F1077.8 X105.454 Y101.991 E1965.7661
G1 F1193.6 X105.032 Y101.832 E1965.82971
G1 F1424.1 X104.873 Y101.76 E1965.85035
G1 F1500 X104.447 Y101.608 E1965.90112
G1 X102.672 Y100.52 E1966.13482
G1 X102.184 Y100.265 E1966.19663
G1 X101.585 Y99.992 E1966.27052
G1 X100.234 Y99.451 E1966.43388
G1 X98.988 Y99.011 E1966.58222
G1 X99.051 Y99.339 E1966.61971
G1 X99.102 Y99.793 E1966.67099
G1 X99.086 Y100.342 E1966.73264
G1 X98.982 Y100.896 E1966.79592
G1 X98.81 Y101.344 E1966.84979
G1 X98.631 Y101.658 E1966.89036
G1 X98.4 Y101.981 E1966.93494
G1 X98.106 Y102.298 E1966.98347
G1 X97.716 Y102.61 E1967.03953
G1 F1446.9 X97.367 Y102.853 E1967.08902
G1 F1327.4 X97.151 Y102.982 E1967.12093
G1 F1291.2 X95.124 Y103.219 E1967.38705
G1 F1351.4 X93.097 Y103.457 E1967.64136
G1 F1363.6 X92.158 Y103.521 E1967.75757
G1 F1397.5 X91.861 Y103.465 E1967.79399
G1 F1475.4 X91.328 Y103.305 E1967.85749
G1 F1500 X89.72 Y102.74 E1968.04882
G1 X88.872 Y102.472 E1968.14865
G1 X88.86 Y102.913 E1968.19817
G1 X88.803 Y103.225 E1968.23377
G1 X88.572 Y103.582 E1968.2815
G1 F1490.1 X88.239 Y103.849 E1968.32973
G1 F1463.4 X87.935 Y104.013 E1968.36948
G1 F1461 X87.717 Y104.075 E1968.3956
G1 F1490.1 X84.298 Y104.41 E1968.7838
G1 F1500 X84.027 Y104.43 E1968.8143
G1 X83.638 Y104.43 E1968.85797
G1 X83.104 Y104.377 E1968.91821
G1 X82.662 Y104.286 E1968.96886
G1 X82.138 Y104.108 E1969.03099
G1 X81.89 Y103.992 E1969.06172
G1 X81.386 Y103.677 E1969.12844
G1 X80.735 Y103.072 E1969.2282
G1 X80.184 Y102.599 E1969.30971
G1 X79.481 Y102.073 E1969.40827
G1 X77.859 Y100.976 E1969.62808
G1 X76.832 Y100.357 E1969.76268
G1 X76.292 Y100.062 E1969.83175
G1 X75.6 Y99.719 E1969.91845
G1 X75.111 Y99.557 E1969.97628
G1 X74.629 Y99.436 E1970.03206
G1 X74.029 Y99.355 E1970.10002
G1 X74.311 Y99.608 E1970.14255
G1 X75.181 Y100.498 E1970.28226
G1 X76.465 Y101.963 E1970.50093
G1 X77.257 Y103.003 E1970.64768
G1 X77.933 Y103.947 E1970.77801
G1 X78.535 Y104.877 E1970.90237
G1 X78.75 Y105.259 E1970.95157
G1 X79.063 Y105.928 E1971.03448
G1 X79.1 Y106.64 E1971.11452
G1 X79.039 Y107.174 E1971.17485
G1 X78.935 Y107.627 E1971.22702
G1 X78.782 Y108.128 E1971.28583
G1 X78.591 Y108.639 E1971.34706
G1 X78.151 Y109.627 E1971.46847
G1 X77.578 Y110.744 E1971.60939
G1 X76.994 Y111.764 E1971.74133
G1 X76.356 Y112.798 E1971.87771
G1 X75.769 Y113.703 E1971.9988
G1 X75.486 Y114.177 E1972.06077
G1 X75.182 Y114.625 E1972.12155
G1 X74.837 Y115.094 E1972.1869
G1 X74.305 Y115.743 E1972.2811
G1 X73.572 Y116.525 E1972.40142
G1 X73.013 Y117.067 E1972.48882
G1 X73.099 Y117.868 E1972.57925
G1 X73.068 Y118.269 E1972.6244
G1 F1495 X72.863 Y118.71 E1972.67917
G1 F1468.2 X72.57 Y119.027 E1972.72868
G1 F1433.1 X72.165 Y119.191 E1972.78002
G1 F1355.4 X71.897 Y119.26 E1972.81439
G1 F1143.6 X71.187 Y119.345 E1972.91968
G1 F1026.2 X70.87 Y119.343 E1972.97169
G1 X70.426 Y120.674 E1973.20191
G1 X71.39 Y120.17 E1973.38039
G1 F1143.6 X72.058 Y119.917 E1973.48557
G1 F1355.4 X72.402 Y119.772 E1973.53194
G1 F1456.3 X72.758 Y119.599 E1973.5777
G1 F1495 X74.01 Y118.909 E1973.73871
G1 F1500 X74.605 Y118.55 E1973.81672
G1 X75.687 Y117.81 E1973.96386
G1 X76.712 Y117.052 E1974.10697
G1 X77.36 Y116.544 E1974.19939
G1 X78.004 Y116.009 E1974.29338
G1 X78.661 Y115.428 E1974.39183
G1 X79.314 Y114.812 E1974.4926
G1 X79.984 Y114.131 E1974.59984
G1 X80.652 Y113.406 E1974.7105
G1 X82.948 Y110.765 E1975.10333
G1 X83.413 Y110.273 E1975.17932
G1 X83.863 Y109.88 E1975.24638
G1 X84.288 Y109.617 E1975.30249
G1 X84.623 Y109.462 E1975.34392
G1 X85.038 Y109.338 E1975.39254
G1 X85.392 Y109.279 E1975.43283
G1 X85.78 Y109.249 E1975.47651
G1 X86.239 Y109.258 E1975.52805
G1 X86.96 Y109.32 E1975.60928
G1 F1535.8 X87.294 Y109.383 E1975.64654
G1 F1660.5 X87.843 Y109.534 E1975.70428
G1 F1688.6 X88.401 Y109.74 E1975.76359
G1 F1587.3 X88.836 Y109.971 E1975.81584
G1 F1528 X89.372 Y110.526 E1975.90086
G1 F1500 X89.641 Y110.843 E1975.94753
G1 X89.845 Y111.11 E1975.98525
G1 X90.112 Y111.539 E1976.04197
G1 X90.281 Y111.901 E1976.08682
G1 X90.481 Y112.445 E1976.15188
G1 X90.666 Y113.08 E1976.22612
G1 X90.778 Y113.654 E1976.29177
G1 X91.936 Y113.284 E1976.42824
G1 X94.59 Y112.483 E1976.73943
G1 X95.251 Y112.332 E1976.81554
G1 X95.862 Y112.249 E1976.88476
G1 F1490.1 X96.424 Y112.212 E1976.9484
G1 F1339.3 X96.945 Y112.151 E1977.01435
G1 F1253.5 X97.777 Y112.255 E1977.12698
G1 F1291.2 X102.18 Y113.401 E1977.72026
G1 F1295 X110.046 Y115.471 E1978.77787
G0 F9000 X110.045 Y116.146
;TYPE:WALL-OUTER
G1 F1500 X111.386 Y116.5 E1978.93356
G1 X112.181 Y116.737 E1979.02668
G1 X112.713 Y116.925 E1979.09002
G1 X113.3 Y117.164 E1979.16117
G1 X113.87 Y117.433 E1979.23192
G1 X114.438 Y117.749 E1979.30488
G1 X114.755 Y117.981 E1979.34898
G1 X115.004 Y118.229 E1979.38842
G1 X115.212 Y118.48 E1979.42502
G1 X115.408 Y118.794 E1979.46657
G1 X115.579 Y119.132 E1979.50909
G1 X115.724 Y119.498 E1979.55328
G1 X115.832 Y119.86 E1979.59569
G1 X115.92 Y120.222 E1979.6375
G1 X115.99 Y120.616 E1979.68242
G1 X116.036 Y121.008 E1979.72673
G1 X116.076 Y121.764 E1979.81171
G1 X116.059 Y122.566 E1979.90176
G1 X115.985 Y123.308 E1979.98546
G1 X115.873 Y123.994 E1980.06349
G1 X115.741 Y124.586 E1980.13157
G1 X115.593 Y125.107 E1980.19237
G1 X115.427 Y125.608 E1980.25162
G1 X114.817 Y127.126 E1980.43526
G1 X114.466 Y127.952 E1980.53601
G1 X113.46 Y130.173 E1980.8097
G1 X113.931 Y130.071 E1980.8638
G1 X114.398 Y129.923 E1980.91879
G1 X114.876 Y129.736 E1980.97641
G1 X115.696 Y129.344 E1981.07843
G1 X116.135 Y129.072 E1981.1364
G1 X117.318 Y128.256 E1981.29773
G1 X118.083 Y127.687 E1981.40475
G1 X118.955 Y126.977 E1981.53098
G1 X119.836 Y126.203 E1981.66262
G1 X120.777 Y125.298 E1981.80917
G1 X121.678 Y124.322 E1981.95828
G1 X122.525 Y123.304 E1982.10693
G1 X123.279 Y122.321 E1982.246
G1 X123.957 Y121.377 E1982.37646
G1 X124.927 Y119.921 E1982.57285
G1 X125.28 Y119.359 E1982.64735
G1 X126.267 Y117.706 E1982.86347
G1 X123.704 Y113.69 E1983.39826
G1 X122.891 Y115.125 E1983.5834
G1 X122.651 Y115.488 E1983.63224
G1 X122.395 Y115.794 E1983.67703
G1 X122.148 Y116.036 E1983.71585
G1 X121.893 Y116.239 E1983.75243
G1 X121.619 Y116.402 E1983.78822
G1 X121.21 Y116.593 E1983.83889
G1 X120.655 Y116.688 E1983.9021
G1 X120.225 Y116.691 E1983.95037
G1 X119.942 Y116.648 E1983.9825
G1 X102.509 Y112.102 E1986.00485
G1 X88.091 Y108.498 E1987.67311
G1 X87.615 Y108.277 E1987.73202
G1 X87.345 Y108.053 E1987.7714
G1 X87.151 Y107.81 E1987.8063
G1 X86.892 Y107.32 E1987.86852
G1 X86.868 Y106.696 E1987.93862
G1 X86.96 Y106.236 E1987.99127
G1 X87.304 Y105.67 E1988.06562
G1 X87.737 Y105.361 E1988.12534
G1 X88.109 Y105.217 E1988.17011
G1 X122.766 Y101.893 E1992.07832
G1 X123.722 Y101.809 E1992.18605
G1 X123.877 Y101.695 E1992.20764
G1 X125.12 Y98.491 E1992.59342
G1 X125.12 Y98.409 E1992.60262
G1 X124.188 Y98.449 E1992.70734
G1 X123.833 Y98.449 E1992.74719
G1 X123.456 Y98.327 E1992.79167
G1 X123.221 Y98.12 E1992.82682
G1 X123.061 Y97.891 E1992.85818
G1 X122.616 Y96.969 E1992.9731
G1 X122.032 Y95.89 E1993.11083
G1 X121.667 Y95.294 E1993.18928
G1 X121.234 Y94.636 E1993.2777
G1 X120.767 Y94.006 E1993.36573
G1 X120.27 Y93.411 E1993.45276
G1 X119.039 Y92.076 E1993.6566
G1 X117.966 Y90.997 E1993.82741
G1 X117.563 Y90.622 E1993.88921
G1 X117.162 Y90.279 E1993.94844
G1 X116.861 Y90.041 E1993.99152
G1 X116.518 Y89.818 E1994.03744
G1 X116.38 Y89.81 E1994.05296
G1 X116.341 Y89.985 E1994.07308
G1 X116.376 Y91.721 E1994.268
G1 X116.38 Y93.154 E1994.42885
G1 X116.339 Y94.431 E1994.57228
G1 X116.228 Y95.524 E1994.6956
G1 X116.1 Y96.498 E1994.80587
G1 X115.89 Y97.662 E1994.93865
G1 X115.822 Y97.935 E1994.97023
G1 X115.942 Y98.004 E1994.98576
G1 X118.438 Y98.058 E1995.26601
G1 X118.727 Y98.149 E1995.30003
G1 X118.908 Y98.291 E1995.32585
G1 X119.085 Y98.619 E1995.36769
G1 X119.026 Y99.002 E1995.41119
G1 X118.952 Y99.133 E1995.42808
G1 X118.73 Y99.326 E1995.4611
G1 X118.316 Y99.494 E1995.51125
G1 X108.885 Y100.878 E1996.58125
G1 X105.604 Y101.284 E1996.95236
G1 X105.075 Y101.195 E1997.01257
G1 X104.683 Y101.048 E1997.05957
G1 X102.968 Y99.998 E1997.2853
G1 X102.448 Y99.726 E1997.35117
G1 X101.821 Y99.44 E1997.42853
G1 X100.446 Y98.889 E1997.59481
G1 X99.133 Y98.425 E1997.75113
G1 X98.243 Y98.148 E1997.85577
G1 X98.119 Y98.156 E1997.86971
G1 X98.123 Y98.235 E1997.87859
G1 X98.286 Y98.677 E1997.93148
G1 X98.379 Y99.021 E1997.97148
G1 X98.455 Y99.406 E1998.01553
G1 X98.499 Y99.798 E1998.05981
G1 X98.483 Y100.3 E1998.11619
G1 X98.393 Y100.755 E1998.16825
G1 X98.277 Y101.059 E1998.20478
G1 X98.109 Y101.361 E1998.24357
G1 X97.918 Y101.623 E1998.27996
G1 X97.684 Y101.867 E1998.31791
G1 X97.306 Y102.166 E1998.37202
G1 X97.001 Y102.347 E1998.41183
G1 X93.026 Y102.836 E1998.8614
G1 X92.07 Y102.891 E1998.96889
G1 X91.547 Y102.746 E1999.02981
G1 X89.901 Y102.168 E1999.22564
G1 X88.957 Y101.87 E1999.33676
G1 X87.829 Y101.559 E1999.46811
G1 X88.27 Y102.527 E1999.58751
G1 X88.258 Y102.982 E1999.63861
G1 X88.015 Y103.285 E1999.68221
G1 X87.645 Y103.477 E1999.729
G1 X84.254 Y103.812 E2000.1115
G1 X83.983 Y103.832 E2000.142
G1 X83.679 Y103.831 E2000.17613
G1 X83.2 Y103.785 E2000.23015
G1 X82.772 Y103.695 E2000.27924
G1 X82.392 Y103.564 E2000.32436
G1 X82.109 Y103.429 E2000.35956
G1 X81.766 Y103.208 E2000.40536
G1 X81.135 Y102.624 E2000.50187
G1 X80.56 Y102.131 E2000.58689
G1 X79.853 Y101.601 E2000.68608
G1 X78.182 Y100.47 E2000.91258
G1 X77.13 Y99.837 E2001.0504
G1 X76.569 Y99.53 E2001.12219
G1 X75.829 Y99.163 E2001.21491
G1 X75.279 Y98.981 E2001.27994
G1 X74.754 Y98.848 E2001.34074
G1 X73.795 Y98.718 E2001.44937
G1 X73.004 Y98.645 E2001.53854
G1 X72.714 Y98.648 E2001.5711
G1 X72.429 Y98.692 E2001.60347
G1 X72.587 Y98.881 E2001.63112
G1 X73.883 Y100.029 E2001.82547
G1 X74.719 Y100.881 E2001.95946
G1 X75.987 Y102.326 E2002.17526
G1 X76.769 Y103.353 E2002.32016
G1 X77.452 Y104.308 E2002.45196
G1 X78.022 Y105.189 E2002.56974
G1 X78.237 Y105.573 E2002.61915
G1 X78.463 Y106.072 E2002.68064
G1 X78.499 Y106.641 E2002.74464
G1 X78.457 Y107.023 E2002.78778
G1 X78.36 Y107.455 E2002.83748
G1 X78.22 Y107.919 E2002.89188
G1 X78.043 Y108.395 E2002.94889
G1 X77.603 Y109.383 E2003.0703
G1 X77.057 Y110.446 E2003.20444
G1 X76.458 Y111.491 E2003.33965
G1 X75.852 Y112.472 E2003.46909
G1 X75.259 Y113.387 E2003.59148
G1 X74.989 Y113.841 E2003.65078
G1 X74.698 Y114.27 E2003.70897
G1 X74.368 Y114.719 E2003.77152
G1 X73.841 Y115.363 E2003.86493
G1 X73.125 Y116.124 E2003.98222
G1 X72.523 Y116.707 E2004.07629
G1 X72.399 Y116.97 E2004.10893
G1 X72.503 Y117.932 E2004.21755
G1 X72.476 Y118.17 E2004.24443
G1 X72.408 Y118.317 E2004.26261
G1 X72.237 Y118.505 E2004.29114
G1 X71.901 Y118.612 E2004.33073
G1 X70.34 Y118.602 E2004.50596
G1 X69.152 Y122.161 E2004.92713
G1 X71.273 Y121.067 E2005.19503
G1 X73.458 Y119.908 E2005.47267
G1 X74.32 Y119.423 E2005.5837
G1 X74.929 Y119.055 E2005.66357
G1 X76.043 Y118.293 E2005.81508
G1 X77.094 Y117.517 E2005.96173
G1 X77.743 Y117.006 E2006.05445
G1 X78.4 Y116.459 E2006.15042
G1 X79.073 Y115.864 E2006.25125
G1 X79.734 Y115.241 E2006.35322
G1 X80.418 Y114.545 E2006.46276
G1 X81.104 Y113.8 E2006.57644
G1 X83.415 Y111.144 E2006.97164
G1 X83.841 Y110.693 E2007.04128
G1 X84.189 Y110.386 E2007.09338
G1 X84.528 Y110.168 E2007.13862
G1 X84.842 Y110.02 E2007.17759
G1 X85.172 Y109.923 E2007.2162
G1 X85.488 Y109.871 E2007.25214
G1 X85.82 Y109.848 E2007.2895
G1 X86.189 Y109.856 E2007.33093
G1 X86.875 Y109.914 E2007.40821
G1 X87.234 Y109.967 E2007.44895
G1 X87.686 Y110.067 E2007.50091
G1 X88.166 Y110.269 E2007.55937
G1 X88.456 Y110.442 E2007.59728
G1 X88.94 Y110.943 E2007.67547
G1 X89.163 Y111.206 E2007.71418
G1 X89.382 Y111.495 E2007.75488
G1 X89.571 Y111.798 E2007.79497
G1 X89.718 Y112.108 E2007.83348
G1 X89.918 Y112.652 E2007.89855
G1 X90.078 Y113.202 E2007.96284
G1 X90.178 Y113.685 E2008.01821
G1 X90.246 Y114.2 E2008.07652
G1 X90.366 Y114.277 E2008.09253
G1 X90.702 Y114.307 E2008.1304
G1 X92.073 Y113.868 E2008.29199
G1 X94.727 Y113.067 E2008.60318
G1 X95.334 Y112.926 E2008.67314
G1 X95.878 Y112.85 E2008.73479
G1 X96.404 Y112.816 E2008.79396
G1 X96.889 Y112.817 E2008.84841
G1 X97.705 Y112.889 E2008.94036
G1 X110.045 Y116.146 E2010.373
G0 F9000 X110.299 Y115.182
G0 X113.045 Y116.046
G0 X114.3 Y116.597
G0 X115.344 Y117.249
G0 X116.21 Y118.19
G0 X115.972 Y118.339
;TYPE:FILL
G1 F3000 X117.544 Y116.767 E2010.62255
G1 F3600 E2006.62255
G0 F9000 X117.473 Y117.039
G0 X87.967 Y108.816
G0 X87.436 Y108.567
G0 X86.885 Y108.029
G0 X86.556 Y107.409
G0 X86.529 Y106.665
G0 X86.643 Y106.113
G0 X87.048 Y105.439
G0 X87.577 Y105.063
G0 X87.946 Y104.921
G0 X102.662 Y102.818
G0 X102.688 Y103.095
G1 F3600 E2010.62255
G1 F3000 X104.193 Y101.591 E2010.86139
G0 F9000 X104.047 Y101.828
G0 X88.032 Y104.887
G0 X87.577 Y105.063
G0 X87.048 Y105.439
G0 X86.643 Y106.113
G0 X86.529 Y106.665
G0 X86.556 Y107.409
G0 X86.885 Y108.029
G0 X87.436 Y108.567
G0 X87.737 Y108.708
G0 X94.784 Y111.201
G0 X94.852 Y110.932
G1 F3000 X92.924 Y112.859 E2011.16738
G0 F9000 X92.845 Y112.593
G0 X87.128 Y108.32
G0 X86.885 Y108.029
G0 X86.556 Y107.409
G0 X85.986 Y107.217
G0 X86.622 Y104.931
G0 X86.759 Y105.126
G1 F3000 X73.439 Y118.445 E2013.28185
G0 F9000 X73.447 Y118.447
G0 X82.517 Y110.659
G0 X82.725 Y110.841
G1 F3000 X79.141 Y107.257 E2013.85081
G0 F9000 X79.905 Y107.425
G1 F3600 E2009.85081
G0 F9000 X86.902 Y108.018
G0 X88.043 Y107.383
G0 X128.782 Y103.921
G0 X129.854 Y103.222
G0 X132.282 Y105.782
G0 X132.291 Y106.444
;TYPE:WALL-INNER
G1 F3600 E2013.85081
G1 F1500 X133.688 Y104.11 E2014.15615
G1 X133.895 Y103.892 E2014.1899
G1 X134.143 Y103.76 E2014.22143
G1 X134.366 Y103.714 E2014.24699
G1 X134.593 Y103.725 E2014.2725
G1 X134.871 Y103.814 E2014.30527
G1 X136.479 Y105.032 E2014.53171
G1 X137.59 Y103.585 E2014.73649
G1 X137.815 Y103.415 E2014.76815
G1 X138.117 Y103.319 E2014.80372
G1 X138.484 Y103.333 E2014.84495
G1 X140.149 Y104.128 E2015.05206
G1 X141.046 Y102.441 E2015.26654
G1 X141.327 Y102.19 E2015.30883
G1 F1465.8 X141.933 Y102.062 E2015.37998
G1 F1492.5 X143.009 Y102.393 E2015.50698
G1 F1618.7 X144.086 Y102.724 E2015.62418
G1 F1691.7 X144.429 Y102.32 E2015.67693
G1 X144.095 Y102.175 E2015.71317
G1 F1642.3 X143.545 Y101.967 E2015.77346
G1 F1530.6 X142.46 Y101.578 E2015.90026
G1 F1451.6 X142.084 Y101.456 E2015.94611
G1 F1465.8 X141.2 Y101.138 E2016.05403
G1 F1500 X140.568 Y100.946 E2016.12817
G1 X139.982 Y100.788 E2016.1963
G1 X138.197 Y100.413 E2016.40105
G1 X136.038 Y100.004 E2016.64771
G1 X133.645 Y99.581 E2016.9205
G1 X132.45 Y99.409 E2017.05602
G1 X132.217 Y99.5 E2017.0841
G1 X130.185 Y103.208 E2017.55874
G1 X132.291 Y106.444 E2017.99214
G0 F9000 X132.282 Y105.782
G0 X132.304 Y106.914
G0 X132.313 Y107.577
;TYPE:WALL-OUTER
G1 F1500 X134.186 Y104.444 E2018.40188
G1 X134.338 Y104.328 E2018.42335
G1 X134.585 Y104.347 E2018.45116
G1 X136.594 Y105.872 E2018.73429
G1 X138.008 Y104.015 E2018.99629
G1 X138.196 Y103.914 E2019.02025
G1 X138.318 Y103.919 E2019.03395
G1 X140.409 Y104.917 E2019.29404
G1 X141.549 Y102.782 E2019.56572
G1 X141.634 Y102.706 E2019.57852
G1 X141.836 Y102.667 E2019.60162
G1 X144.28 Y103.369 E2019.88706
G1 X145.329 Y102.138 E2020.06861
G1 X144.971 Y101.947 E2020.11415
G1 X144.502 Y101.73 E2020.17216
G1 X143.753 Y101.424 E2020.26299
G1 X142.658 Y101.006 E2020.39456
G1 X141.376 Y100.564 E2020.54678
G1 X140.724 Y100.366 E2020.62327
G1 X140.122 Y100.204 E2020.69325
G1 X138.309 Y99.823 E2020.90121
G1 X136.142 Y99.413 E2021.14877
G1 X133.701 Y98.983 E2021.427
G1 X132.407 Y98.796 E2021.57377
G1 X132.021 Y98.907 E2021.61885
G1 X131.729 Y99.143 E2021.661
G1 X129.486 Y103.234 E2022.18472
G1 X132.313 Y107.577 E2022.76642
G0 F9000 X132.304 Y106.914
G0 X132.851 Y104.736
G0 X133.088 Y104.879
;TYPE:FILL
G1 F3000 X130.709 Y102.5 E2023.14408
G0 F9000 X130.955 Y102.636
G0 X130.867 Y103.526
G0 X130.633 Y103.678
G1 F3000 X134.464 Y99.847 E2023.75225
G0 F9000 X134.33 Y100.616
G1 F3600 E2019.75225
G0 F9000 X136.538 Y105.434
G0 X138.153 Y106.643
G0 X140.371 Y111.503
G0 X140.391 Y110.966
;TYPE:WALL-INNER
G1 F3600 E2023.75225
G1 F1500 X140.138 Y110.707 E2023.7929
G1 X140.036 Y110.489 E2023.81991
G1 X140 Y110.125 E2023.86097
G1 X140.074 Y109.851 E2023.89283
G1 X140.282 Y109.387 E2023.94991
G1 X140.493 Y109.003 E2023.9991
G1 X140.734 Y108.647 E2024.04735
G1 X141.023 Y108.295 E2024.09848
G1 F1510.1 X141.854 Y107.422 E2024.23287
G1 X142.33 Y107.123 E2024.29555
G1 F1502.5 X142.771 Y106.896 E2024.35113
G1 F1500 X143.397 Y106.708 E2024.42451
G1 X143.813 Y106.628 E2024.47206
G1 F1428.6 X143.91 Y106.586 E2024.48452
G1 F1198.4 X144.292 Y106.473 E2024.54049
G1 F1071.4 X144.66 Y106.497 E2024.59844
G1 F1162.8 X144.96 Y106.6 E2024.64437
G1 F1308.1 X145.029 Y106.635 E2024.65433
G1 F1424.1 X145.76 Y106.859 E2024.74473
G1 F1500 X146.565 Y107.17 E2024.84161
G1 X146.767 Y107.34 E2024.87124
G1 X146.967 Y107.678 E2024.91533
G1 X147.016 Y108.119 E2024.96514
G1 X146.842 Y108.575 E2025.01992
G1 X146.702 Y108.834 E2025.05297
G1 X145.773 Y109.687 E2025.19455
G1 X145.017 Y110.166 E2025.29501
G1 X144.213 Y110.585 E2025.39678
G1 X143.801 Y110.766 E2025.4473
G1 X143.304 Y110.934 E2025.50619
G1 X142.916 Y111.03 E2025.55106
G1 X142.463 Y111.103 E2025.60256
G1 X142.053 Y111.138 E2025.64875
G1 X141.606 Y111.148 E2025.69894
G1 X140.862 Y111.12 E2025.78252
G1 X140.608 Y111.073 E2025.81151
G1 X140.391 Y110.966 E2025.83867
G0 F9000 X140.371 Y111.503
G0 X128.67 Y118.437
G0 X128.598 Y118.801
G1 F1500 X129.55 Y118.563 E2025.94883
G1 X130.812 Y118.199 E2026.09627
G1 X132.031 Y117.825 E2026.2394
G1 X133.804 Y117.24 E2026.44898
G1 X135.049 Y116.798 E2026.59728
G1 X136.453 Y116.273 E2026.76554
G1 X138.059 Y115.636 E2026.95948
G1 X139.33 Y115.093 E2027.11463
G1 X140.792 Y114.449 E2027.29396
G1 X142.293 Y113.75 E2027.47982
G1 X142.886 Y113.46 E2027.55392
G1 X143.541 Y113.11 E2027.63729
G1 X144.116 Y112.786 E2027.71138
G1 X144.697 Y112.428 E2027.78798
G1 X145.795 Y111.694 E2027.93624
G1 X146.918 Y110.872 E2028.09246
G1 X148.02 Y110.008 E2028.24965
G1 X148.445 Y109.657 E2028.31152
G1 X149.165 Y109.012 E2028.42003
G1 X149.165 Y109.003 E2028.42105
G1 X149.491 Y108.686 E2028.47209
G1 X149.882 Y108.271 E2028.53609
G1 X150.194 Y107.887 E2028.59163
G1 X150.366 Y107.642 E2028.62523
G1 X150.485 Y107.359 E2028.6597
G1 X150.561 Y106.952 E2028.70617
G1 X150.508 Y106.682 E2028.73706
G1 X150.281 Y106.28 E2028.78888
G1 X149.977 Y105.94 E2028.84008
G1 X149.641 Y105.614 E2028.89263
G1 X149.242 Y105.279 E2028.95111
G1 X148.532 Y104.751 E2029.05044
G1 X147.856 Y104.297 E2029.14184
G1 X146.765 Y103.625 E2029.28568
G1 F1433.1 X145.246 Y105.33 E2029.55397
G1 F1315.8 X144.893 Y105.573 E2029.60881
G1 F1162.8 X144.695 Y105.666 E2029.64049
G1 F1071.4 X144.412 Y105.642 E2029.68513
G1 F1246.5 X143.868 Y105.364 E2029.76765
G1 F1500 X142.661 Y105.023 E2029.90844
G1 F1505 X141.612 Y106.877 E2030.14676
G1 F1520.3 X141.387 Y107.061 E2030.17895
G1 F1515.2 X140.659 Y107.189 E2030.2611
G1 F1500 X138.767 Y106.289 E2030.49629
G1 X137.439 Y108.063 E2030.74504
G1 X137.195 Y108.251 E2030.77961
G1 X136.995 Y108.33 E2030.80375
G1 X136.695 Y108.358 E2030.83758
G1 X136.451 Y108.305 E2030.8656
G1 X136.223 Y108.18 E2030.89479
G1 X134.944 Y107.219 E2031.07437
G1 X133.659 Y109.299 E2031.34882
G1 X128.386 Y118.242 E2032.51421
G1 X128.009 Y118.903 E2032.59963
G1 X128.598 Y118.801 E2032.66673
G0 F9000 X127.933 Y119.526
;TYPE:WALL-OUTER
G1 F1500 X128.713 Y119.39 E2032.75561
G1 X129.694 Y119.146 E2032.86909
G1 X130.987 Y118.773 E2033.02015
G1 X132.219 Y118.395 E2033.16481
G1 X133.998 Y117.808 E2033.37509
G1 X135.259 Y117.36 E2033.52531
G1 X136.673 Y116.831 E2033.69478
G1 X138.295 Y116.188 E2033.89064
G1 X139.54 Y115.656 E2034.04262
G1 X141.044 Y114.993 E2034.22713
G1 X142.483 Y114.325 E2034.40521
G1 X143.168 Y113.99 E2034.49081
G1 X143.835 Y113.633 E2034.57573
G1 X144.43 Y113.297 E2034.65244
G1 X145.029 Y112.928 E2034.73141
G1 X146.124 Y112.197 E2034.8792
G1 X147.288 Y111.344 E2035.04119
G1 X148.401 Y110.471 E2035.19998
G1 X148.836 Y110.112 E2035.26329
G1 X149.61 Y109.419 E2035.37991
G1 X149.609 Y109.406 E2035.38137
G1 X149.918 Y109.108 E2035.42956
G1 X150.334 Y108.666 E2035.4977
G1 X150.672 Y108.25 E2035.55786
G1 X150.895 Y107.934 E2035.60128
G1 X151.055 Y107.551 E2035.64787
G1 X151.128 Y107.272 E2035.68025
G1 X151.168 Y106.928 E2035.71912
G1 X151.078 Y106.47 E2035.77152
G1 X150.832 Y106.037 E2035.82742
G1 X150.655 Y105.798 E2035.8608
G1 X150.411 Y105.524 E2035.90199
G1 X150.043 Y105.168 E2035.95946
G1 X149.614 Y104.808 E2036.02233
G1 X148.878 Y104.261 E2036.12527
G1 X148.181 Y103.793 E2036.21951
G1 X146.648 Y102.854 E2036.42131
G1 X144.863 Y104.859 E2036.72264
G1 X144.725 Y104.939 E2036.74055
G1 X144.612 Y104.95 E2036.75329
G1 X142.37 Y104.317 E2037.0148
G1 X141.142 Y106.498 E2037.29577
G1 X141.066 Y106.561 E2037.30685
G1 X140.833 Y106.6 E2037.33337
G1 X138.581 Y105.537 E2037.61291
G1 X136.983 Y107.666 E2037.91172
G1 X136.841 Y107.75 E2037.93024
G1 X136.631 Y107.736 E2037.95387
G1 X134.779 Y106.345 E2038.21387
G1 X133.142 Y108.994 E2038.56343
G1 X127.865 Y117.944 E2039.72972
G1 X127.341 Y118.863 E2039.84847
G1 X127.246 Y119.185 E2039.88616
G1 X127.251 Y119.374 E2039.90738
G1 X127.567 Y119.496 E2039.9454
G1 X127.933 Y119.526 E2039.98663
G1 F3600 E2035.98663
G0 F9000 X127.904 Y119.113
G0 X140.789 Y111.519
G0 X140.826 Y110.518
G1 F3600 E2039.98663
G1 F1500 X140.643 Y110.383 E2040.01215
G1 X140.598 Y110.261 E2040.02675
G1 X140.622 Y110.097 E2040.04535
G1 X140.84 Y109.612 E2040.10504
G1 X140.993 Y109.334 E2040.14066
G1 X141.199 Y109.026 E2040.18226
G1 X141.461 Y108.706 E2040.22868
G1 X142.205 Y107.914 E2040.35066
G1 X142.603 Y107.656 E2040.40391
G1 X143.018 Y107.449 E2040.45596
G1 X143.478 Y107.305 E2040.51007
G1 X143.96 Y107.212 E2040.56518
G1 X144.253 Y107.192 E2040.59814
G1 X144.567 Y107.21 E2040.63345
G1 X144.898 Y107.254 E2040.67093
G1 X145.226 Y107.324 E2040.70858
G1 X145.544 Y107.419 E2040.74583
G1 X146.263 Y107.696 E2040.83233
G1 X146.395 Y107.857 E2040.8557
G1 X146.414 Y108.012 E2040.87323
G1 X146.261 Y108.416 E2040.92172
G1 X145.418 Y109.203 E2041.05118
G1 X144.675 Y109.671 E2041.14975
G1 X143.973 Y110.035 E2041.23851
G1 X143.579 Y110.208 E2041.28681
G1 X143.16 Y110.352 E2041.33655
G1 X142.772 Y110.448 E2041.38142
G1 X142.353 Y110.511 E2041.42898
G1 X142.005 Y110.54 E2041.46818
G1 X141.628 Y110.548 E2041.51051
G1 X140.826 Y110.518 E2041.6006
G0 F9000 X140.789 Y111.519
G0 X139.382 Y111.393
G0 X139.771 Y109.785
G0 X140.695 Y107.647
G0 X140.814 Y107.396
;TYPE:FILL
G1 F3000 X129.861 Y118.349 E2043.33938
G0 F9000 X129.785 Y118.081
G0 X131.931 Y117.432
G0 X132.015 Y117.704
G1 F3000 X130.019 Y115.709 E2043.65617
G0 F9000 X130.261 Y115.851
G0 X136.423 Y108.824
G0 X136.684 Y108.475
G1 F3000 X141.976 Y113.767 E2044.49627
G0 F9000 X141.651 Y113.063
G1 F3600 E2040.49627
;MESH:NONMESH
G0 F300 X141.651 Y113.063 Z7.4
G0 F9000 X128.222 Y117.974
G0 X125.896 Y117.714
G0 X119.873 Y116.984
G0 X110.162 Y115.035
G0 X110.046 Y115.471
;TIME_ELAPSED:1268.693936
;LAYER:16
;TYPE:WALL-INNER
;MESH:sharkz.stl
G1 F3600 E2044.49627
G1 F1282.1 X111.573 Y115.873 E2044.70365
G1 F1257 X112.354 Y116.098 E2044.81253
G1 F1222.8 X112.926 Y116.285 E2044.89539
G1 F1165.8 X113.598 Y116.533 E2044.99885
G1 F1289.4 X114.108 Y116.882 E2045.07955
G1 F1500 X114.823 Y117.284 E2045.17163
G1 X115.136 Y117.514 E2045.21523
G1 X115.467 Y117.847 E2045.26793
G1 X115.715 Y118.147 E2045.31163
G1 X115.955 Y118.545 E2045.3638
G1 X116.136 Y118.909 E2045.40943
G1 X116.299 Y119.326 E2045.45969
G1 X116.415 Y119.718 E2045.50558
G1 X116.51 Y120.115 E2045.5514
G1 X116.582 Y120.516 E2045.59713
G1 X116.635 Y120.976 E2045.64911
G1 X116.676 Y121.8 E2045.74172
G1 X116.656 Y122.625 E2045.83436
G1 X116.577 Y123.404 E2045.92225
G1 X116.459 Y124.124 E2046.00415
G1 X116.319 Y124.75 E2046.07616
G1 X116.163 Y125.295 E2046.13979
G1 X115.983 Y125.832 E2046.20337
G1 X115.369 Y127.36 E2046.38822
G1 X115.014 Y128.199 E2046.49049
G1 X114.552 Y129.219 E2046.61618
G1 X115.408 Y128.817 E2046.72234
G1 X115.817 Y128.563 E2046.77638
G1 X116.96 Y127.774 E2046.93229
G1 X117.715 Y127.213 E2047.03787
G1 X118.539 Y126.544 E2047.15702
G1 X119.43 Y125.761 E2047.29017
G1 X120.348 Y124.878 E2047.43315
G1 X121.227 Y123.926 E2047.5786
G1 X122.056 Y122.93 E2047.72406
G1 X122.797 Y121.963 E2047.86082
G1 X123.487 Y121 E2047.9938
G1 X124.424 Y119.595 E2048.18337
G1 X124.757 Y119.062 E2048.25392
G1 X133.663 Y104.146 E2050.20403
G1 X133.877 Y103.902 E2050.24047
G1 X134.142 Y103.757 E2050.27438
G1 X134.365 Y103.71 E2050.29996
G1 X134.593 Y103.721 E2050.32558
G1 X134.875 Y103.811 E2050.35881
G1 X136.48 Y105.031 E2050.58512
G1 X137.57 Y103.599 E2050.78713
G1 X137.817 Y103.415 E2050.82171
G1 X138.117 Y103.319 E2050.85706
G1 X138.484 Y103.333 E2050.89829
G1 X140.149 Y104.128 E2051.1054
G1 X141.046 Y102.441 E2051.31988
G1 X141.327 Y102.19 E2051.36217
G1 F1465.8 X141.933 Y102.062 E2051.43332
G1 F1492.5 X143.009 Y102.393 E2051.56033
G1 F1618.7 X144.086 Y102.724 E2051.67753
G1 F1691.7 X144.429 Y102.32 E2051.73028
G1 X144.095 Y102.175 E2051.76652
G1 F1642.3 X143.545 Y101.967 E2051.8268
G1 F1530.6 X142.46 Y101.578 E2051.9536
G1 F1451.6 X142.084 Y101.456 E2051.99945
G1 F1465.8 X141.2 Y101.138 E2052.10737
G1 F1500 X140.568 Y100.946 E2052.18152
G1 X139.982 Y100.788 E2052.24964
G1 X138.197 Y100.413 E2052.45439
G1 X136.038 Y100.004 E2052.70105
G1 X133.645 Y99.581 E2052.97384
G1 X132.45 Y99.409 E2053.10937
G1 X132.221 Y99.496 E2053.13686
G1 X124.677 Y113.178 E2054.8907
G1 X123.414 Y115.422 E2055.17976
G1 X123.174 Y115.79 E2055.22907
G1 X122.867 Y116.169 E2055.28382
G1 X122.583 Y116.45 E2055.32867
G1 X122.237 Y116.731 E2055.37871
G1 X121.914 Y116.925 E2055.421
G1 X121.392 Y117.172 E2055.48583
G1 X120.681 Y117.293 E2055.56679
G1 X120.165 Y117.288 E2055.62471
G1 X119.835 Y117.238 E2055.66218
G1 X114.484 Y115.845 E2056.28286
G1 F1289.4 X113.868 Y115.786 E2056.36367
G1 F1184.2 X112.548 Y115.403 E2056.5591
G1 F1257 X107.45 Y114.067 E2057.26506
G1 F1283.9 X102.352 Y112.73 E2057.95627
G1 F1323.5 X98.014 Y111.63 E2058.52562
G1 F1285.7 X97.064 Y111.43 E2058.65276
G1 F1339.3 X96.544 Y111.234 E2058.72263
G1 F1490.1 X89.284 Y109.416 E2059.56835
G1 F1618.7 X87.919 Y109.028 E2059.71596
G1 F1685.4 X87.29 Y108.784 E2059.78336
G1 F1557.1 X86.941 Y108.506 E2059.83161
G1 F1500 X86.661 Y108.169 E2059.88079
G1 X86.353 Y107.577 E2059.9557
G1 X86.295 Y107.355 E2059.98146
G1 X86.269 Y106.656 E2060.05998
G1 X86.362 Y106.166 E2060.11597
G1 X86.474 Y105.881 E2060.15034
G1 X86.758 Y105.413 E2060.21179
G1 X87.004 Y105.147 E2060.25246
G1 F1495 X87.451 Y104.828 E2060.31431
G1 F1480.3 X87.992 Y104.613 E2060.38053
G1 F1475.4 X88.455 Y104.579 E2060.43351
G1 F1490.1 X91.3 Y104.308 E2060.75646
G1 F1475.4 X91.791 Y104.251 E2060.81287
G1 F1397.5 X92.208 Y104.186 E2060.86372
G1 F1363.6 X93.159 Y104.105 E2060.98157
G1 F1351.4 X95.218 Y103.892 E2061.23949
G1 F1291.2 X97.278 Y103.679 E2061.50955
G1 F1372 X97.934 Y103.671 E2061.59007
G1 F1500 X104.715 Y103.02 E2062.35475
G1 F1424.1 X104.998 Y102.962 E2062.38891
G1 F1193.6 X105.429 Y102.829 E2062.45254
G1 F1079.1 X105.788 Y102.805 E2062.50868
G1 F1063.8 X109.102 Y102.464 E2063.03598
G1 F1021.6 X110.09 Y102.357 E2063.19978
G1 F1204.8 X110.702 Y102.446 E2063.28621
G1 F1500 X122.596 Y101.303 E2064.62749
G1 X123.413 Y101.233 E2064.71954
G1 X124.261 Y99.047 E2064.98274
G1 X123.88 Y99.048 E2065.02551
G1 X123.603 Y99.005 E2065.05698
G1 X123.2 Y98.875 E2065.10451
G1 X122.8 Y98.561 E2065.16159
G1 X122.552 Y98.209 E2065.20993
G1 X122.082 Y97.242 E2065.33062
G1 X121.512 Y96.19 E2065.46493
G1 X121.126 Y95.562 E2065.54768
G1 X120.742 Y94.98 E2065.62595
G1 X120.295 Y94.377 E2065.7102
G1 X119.819 Y93.807 E2065.79356
G1 X118.592 Y92.477 E2065.99669
G1 X117.556 Y91.435 E2066.16163
G1 X117.173 Y91.077 E2066.22048
G1 X116.959 Y90.893 E2066.25216
G1 X116.976 Y91.719 E2066.3449
G1 X116.98 Y93.173 E2066.50812
G1 X116.936 Y94.491 E2066.65615
G1 X116.829 Y95.549 E2066.77552
G1 X116.698 Y96.561 E2066.89007
G1 X116.545 Y97.416 E2066.98757
G1 X118.521 Y97.464 E2067.20945
G1 X118.73 Y97.519 E2067.23371
G1 X119.13 Y97.717 E2067.28381
G1 X119.328 Y97.867 E2067.31169
G1 X119.484 Y98.074 E2067.34079
G1 X119.648 Y98.414 E2067.38316
G1 X119.684 Y98.72 E2067.41775
G1 X119.635 Y99.106 E2067.46143
G1 X119.482 Y99.402 E2067.49883
G1 X119.326 Y99.602 E2067.5273
G1 X118.958 Y99.881 E2067.57914
G1 X118.448 Y100.083 E2067.64072
G1 X110.557 Y101.239 E2068.53596
G1 F1204.8 X109.984 Y101.471 E2068.62235
G1 F1022.7 X108.975 Y101.606 E2068.78995
G1 F1065.1 X105.71 Y101.987 E2069.30962
G1 F1079.1 X105.454 Y101.99 E2069.34956
G1 F1193.6 X105.032 Y101.832 E2069.41313
G1 F1424.1 X104.873 Y101.76 E2069.43377
G1 F1500 X104.452 Y101.611 E2069.4839
G1 X102.672 Y100.52 E2069.71825
G1 X102.184 Y100.265 E2069.78006
G1 X101.585 Y99.992 E2069.85396
G1 X100.234 Y99.451 E2070.01732
G1 X98.988 Y99.011 E2070.16565
G1 X99.051 Y99.339 E2070.20314
G1 X99.102 Y99.793 E2070.25442
G1 X99.086 Y100.342 E2070.31608
G1 X98.982 Y100.897 E2070.37946
G1 X98.807 Y101.35 E2070.43397
G1 X98.572 Y101.748 E2070.48586
G1 X98.4 Y101.981 E2070.51837
G1 X98.147 Y102.255 E2070.56023
G1 X97.715 Y102.611 E2070.62307
G1 F1446.9 X97.367 Y102.853 E2070.67239
G1 F1327.4 X97.151 Y102.982 E2070.70431
G1 F1291.2 X95.125 Y103.219 E2070.9703
G1 F1351.4 X93.098 Y103.457 E2071.2246
G1 F1363.6 X92.158 Y103.521 E2071.34094
G1 F1397.5 X91.861 Y103.465 E2071.37735
G1 F1475.4 X91.328 Y103.305 E2071.44086
G1 F1500 X89.731 Y102.742 E2071.63094
G1 X88.858 Y102.467 E2071.73369
G1 X88.883 Y102.732 E2071.76357
G1 F1497.5 X88.812 Y103.207 E2071.81757
G1 F1492.5 X88.52 Y103.642 E2071.87668
G1 F1485.1 X88.238 Y103.848 E2071.91627
G1 F1465.8 X87.935 Y104.014 E2071.95596
G1 F1463.4 X87.717 Y104.075 E2071.982
G1 F1490.1 X84.298 Y104.41 E2072.3702
G1 F1500 X84.027 Y104.43 E2072.40071
G1 X83.638 Y104.43 E2072.44437
G1 X83.104 Y104.377 E2072.50461
G1 X82.662 Y104.286 E2072.55527
G1 X82.138 Y104.108 E2072.61739
G1 X81.89 Y103.992 E2072.64812
G1 X81.386 Y103.677 E2072.71484
G1 X80.735 Y103.072 E2072.8146
G1 X80.184 Y102.599 E2072.89612
G1 X79.481 Y102.073 E2072.99468
G1 X77.859 Y100.976 E2073.21448
G1 X76.832 Y100.357 E2073.34909
G1 X76.292 Y100.062 E2073.41816
G1 X75.6 Y99.719 E2073.50486
G1 X75.111 Y99.557 E2073.56268
G1 X74.629 Y99.436 E2073.61847
G1 X74.029 Y99.355 E2073.68643
G1 X74.311 Y99.608 E2073.72896
G1 X75.181 Y100.498 E2073.86867
G1 X76.465 Y101.963 E2074.08734
G1 X77.257 Y103.003 E2074.23408
G1 X77.933 Y103.947 E2074.36442
G1 X78.535 Y104.877 E2074.48877
G1 X78.75 Y105.259 E2074.53798
G1 X79.063 Y105.928 E2074.62089
G1 X79.1 Y106.64 E2074.70092
G1 X79.039 Y107.174 E2074.76125
G1 X78.935 Y107.627 E2074.81343
G1 X78.782 Y108.128 E2074.87223
G1 X78.591 Y108.639 E2074.93347
G1 X78.151 Y109.627 E2075.05487
G1 X77.578 Y110.744 E2075.1958
G1 X76.994 Y111.764 E2075.32773
G1 X76.356 Y112.798 E2075.46412
G1 X75.769 Y113.703 E2075.58521
G1 X75.486 Y114.177 E2075.64718
G1 X75.182 Y114.625 E2075.70795
G1 X74.837 Y115.094 E2075.77331
G1 X74.305 Y115.743 E2075.86751
G1 X73.542 Y116.556 E2075.99267
G1 X73.016 Y117.064 E2076.07475
G1 X73.104 Y117.907 E2076.1699
G1 X73.074 Y118.316 E2076.21593
G1 F1495 X72.828 Y118.761 E2076.2732
G1 F1465.8 X72.566 Y119.028 E2076.31617
G1 F1437.7 X72.176 Y119.187 E2076.36549
G1 F1357.5 X71.901 Y119.26 E2076.40079
G1 F1145 X71.187 Y119.345 E2076.50652
G1 F1026.2 X70.87 Y119.343 E2076.55854
G1 X70.426 Y120.674 E2076.78875
G1 X71.39 Y120.17 E2076.96723
G1 F1145 X72.061 Y119.915 E2077.07279
G1 F1357.5 X72.414 Y119.766 E2077.12032
G1 F1456.3 X72.758 Y119.599 E2077.16453
G1 F1495 X74.011 Y118.909 E2077.32563
G1 F1500 X74.605 Y118.55 E2077.40355
G1 X75.687 Y117.81 E2077.55069
G1 X76.712 Y117.052 E2077.69379
G1 X77.36 Y116.544 E2077.78622
G1 X78.004 Y116.009 E2077.8802
G1 X78.661 Y115.428 E2077.97866
G1 X79.314 Y114.812 E2078.07943
G1 X79.984 Y114.131 E2078.18666
G1 X80.652 Y113.406 E2078.29733
G1 X82.948 Y110.765 E2078.69015
G1 X83.413 Y110.273 E2078.76615
G1 X83.863 Y109.88 E2078.83321
G1 X84.288 Y109.617 E2078.88932
G1 X84.623 Y109.462 E2078.93075
G1 X85.038 Y109.338 E2078.97937
G1 X85.392 Y109.279 E2079.01966
G1 X85.78 Y109.249 E2079.06334
G1 X86.239 Y109.258 E2079.11487
G1 X86.96 Y109.32 E2079.19611
G1 F1535.8 X87.294 Y109.383 E2079.23337
G1 F1654.4 X87.935 Y109.565 E2079.30119
G1 F1679.1 X88.401 Y109.74 E2079.3511
G1 F1590.1 X88.839 Y109.975 E2079.40374
G1 F1530.6 X89.411 Y110.569 E2079.49446
G1 F1500 X89.641 Y110.842 E2079.53453
G1 X89.889 Y111.175 E2079.58113
G1 X90.112 Y111.539 E2079.62905
G1 X90.281 Y111.901 E2079.6739
G1 X90.481 Y112.445 E2079.73896
G1 X90.666 Y113.08 E2079.8132
G1 X90.779 Y113.654 E2079.87887
G1 X91.936 Y113.284 E2080.01523
G1 X94.59 Y112.483 E2080.32642
G1 X95.251 Y112.332 E2080.40253
G1 X95.862 Y112.249 E2080.47175
G1 F1490.1 X96.424 Y112.212 E2080.53539
G1 F1339.3 X96.945 Y112.152 E2080.60133
G1 F1269.4 X97.777 Y112.255 E2080.71253
G1 F1308.1 X102.18 Y113.401 E2081.29815
G1 F1295 X110.046 Y115.471 E2082.35576
G0 F9000 X110.045 Y116.146
;TYPE:WALL-OUTER
G1 F1500 X111.386 Y116.5 E2082.51145
G1 X112.181 Y116.737 E2082.60457
G1 X112.713 Y116.925 E2082.66791
G1 X113.3 Y117.164 E2082.73906
G1 X113.87 Y117.433 E2082.80981
G1 X114.438 Y117.749 E2082.88277
G1 X114.755 Y117.981 E2082.92687
G1 X115.004 Y118.229 E2082.96632
G1 X115.212 Y118.48 E2083.00291
G1 X115.408 Y118.794 E2083.04446
G1 X115.579 Y119.132 E2083.08698
G1 X115.724 Y119.498 E2083.13117
G1 X115.832 Y119.86 E2083.17358
G1 X115.92 Y120.222 E2083.2154
G1 X115.99 Y120.616 E2083.26032
G1 X116.036 Y121.008 E2083.30462
G1 X116.076 Y121.764 E2083.3896
G1 X116.059 Y122.566 E2083.47965
G1 X115.985 Y123.308 E2083.56336
G1 X115.873 Y123.994 E2083.64138
G1 X115.741 Y124.586 E2083.70947
G1 X115.593 Y125.107 E2083.77026
G1 X115.427 Y125.608 E2083.82951
G1 X114.817 Y127.126 E2084.01315
G1 X114.466 Y127.952 E2084.1139
G1 X113.464 Y130.173 E2084.38741
G1 X113.931 Y130.071 E2084.44107
G1 X114.397 Y129.923 E2084.49595
G1 X114.876 Y129.736 E2084.55367
G1 X115.696 Y129.344 E2084.6557
G1 X116.135 Y129.072 E2084.71367
G1 X117.318 Y128.256 E2084.87499
G1 X118.083 Y127.687 E2084.98201
G1 X118.955 Y126.977 E2085.10824
G1 X119.836 Y126.203 E2085.23988
G1 X120.777 Y125.298 E2085.38643
G1 X121.678 Y124.322 E2085.53554
G1 X122.525 Y123.304 E2085.6842
G1 X123.279 Y122.321 E2085.82326
G1 X123.957 Y121.377 E2085.95373
G1 X124.928 Y119.921 E2086.15018
G1 X125.26 Y119.391 E2086.22038
G1 X134.216 Y104.39 E2088.18157
G1 X134.338 Y104.324 E2088.19714
G1 X134.491 Y104.313 E2088.21436
G1 X134.604 Y104.358 E2088.22801
G1 X136.594 Y105.871 E2088.50863
G1 X138.02 Y104.002 E2088.77252
G1 X138.196 Y103.914 E2088.79461
G1 X138.318 Y103.919 E2088.80831
G1 X140.409 Y104.917 E2089.0684
G1 X141.549 Y102.782 E2089.34008
G1 X141.634 Y102.706 E2089.35288
G1 X141.836 Y102.667 E2089.37598
G1 X144.28 Y103.369 E2089.66142
G1 X145.329 Y102.138 E2089.84297
G1 X144.971 Y101.947 E2089.88852
G1 X144.502 Y101.73 E2089.94652
G1 X143.753 Y101.424 E2090.03735
G1 X142.658 Y101.006 E2090.16892
G1 X141.376 Y100.564 E2090.32114
G1 X140.724 Y100.366 E2090.39763
G1 X140.122 Y100.204 E2090.46761
G1 X138.309 Y99.823 E2090.67557
G1 X136.142 Y99.413 E2090.92313
G1 X133.702 Y98.983 E2091.20125
G1 X132.407 Y98.796 E2091.34813
G1 X132.021 Y98.908 E2091.39324
G1 X131.733 Y99.139 E2091.43469
G1 X124.154 Y112.884 E2093.19662
G1 X122.892 Y115.125 E2093.48532
G1 X122.672 Y115.461 E2093.5304
G1 X122.412 Y115.777 E2093.57634
G1 X122.139 Y116.043 E2093.61913
G1 X121.869 Y116.255 E2093.65766
G1 X121.62 Y116.402 E2093.69012
G1 X121.21 Y116.593 E2093.74089
G1 X120.655 Y116.688 E2093.8041
G1 X120.225 Y116.691 E2093.85237
G1 X119.942 Y116.648 E2093.8845
G1 X102.509 Y112.102 E2095.90685
G1 X88.088 Y108.498 E2097.57543
G1 X87.613 Y108.275 E2097.63434
G1 X87.345 Y108.053 E2097.6734
G1 X87.151 Y107.81 E2097.70831
G1 X86.892 Y107.32 E2097.77052
G1 X86.868 Y106.696 E2097.84062
G1 X86.96 Y106.236 E2097.89328
G1 X87.304 Y105.67 E2097.96763
G1 X87.737 Y105.361 E2098.02734
G1 X88.109 Y105.217 E2098.07212
G1 X122.646 Y101.901 E2101.96683
G1 X123.728 Y101.81 E2102.08871
G1 X123.879 Y101.693 E2102.11016
G1 X125.12 Y98.492 E2102.49554
G1 X125.12 Y98.413 E2102.50441
G1 X124.188 Y98.448 E2102.6091
G1 X123.83 Y98.448 E2102.64929
G1 X123.469 Y98.331 E2102.69188
G1 X123.233 Y98.138 E2102.72611
G1 X123.051 Y97.875 E2102.76201
G1 X122.616 Y96.969 E2102.87482
G1 X122.032 Y95.89 E2103.01255
G1 X121.627 Y95.232 E2103.09928
G1 X121.234 Y94.636 E2103.17942
G1 X120.767 Y94.006 E2103.26745
G1 X120.27 Y93.411 E2103.35448
G1 X119.039 Y92.076 E2103.55832
G1 X117.966 Y90.997 E2103.72913
G1 X117.563 Y90.622 E2103.79093
G1 X117.162 Y90.279 E2103.85016
G1 X116.848 Y90.032 E2103.89501
G1 X116.52 Y89.817 E2103.93903
G1 X116.407 Y89.794 E2103.95198
G1 X116.341 Y90.003 E2103.97658
G1 X116.376 Y91.721 E2104.16947
G1 X116.38 Y93.154 E2104.33033
G1 X116.339 Y94.431 E2104.47375
G1 X116.228 Y95.524 E2104.59707
G1 X116.1 Y96.498 E2104.70735
G1 X115.889 Y97.665 E2104.84047
G1 X115.821 Y97.933 E2104.87151
G1 X115.944 Y98.004 E2104.88745
G1 X118.471 Y98.059 E2105.17118
G1 X118.838 Y98.241 E2105.21716
G1 X118.956 Y98.36 E2105.23598
G1 X119.074 Y98.61 E2105.26701
G1 X119.058 Y98.97 E2105.30746
G1 X118.853 Y99.233 E2105.34489
G1 X118.73 Y99.326 E2105.3622
G1 X118.316 Y99.494 E2105.41235
G1 X108.885 Y100.878 E2106.48235
G1 X105.604 Y101.284 E2106.85346
G1 X105.075 Y101.195 E2106.91368
G1 X104.683 Y101.048 E2106.96067
G1 X102.968 Y99.998 E2107.1864
G1 X102.448 Y99.726 E2107.25228
G1 X101.821 Y99.44 E2107.32964
G1 X100.446 Y98.889 E2107.49592
G1 X99.133 Y98.425 E2107.65224
G1 X98.317 Y98.171 E2107.74817
G1 X98.1 Y98.165 E2107.77254
G1 X98.291 Y98.683 E2107.83451
G1 X98.379 Y99.021 E2107.87372
G1 X98.455 Y99.406 E2107.91777
G1 X98.499 Y99.798 E2107.96205
G1 X98.483 Y100.3 E2108.01843
G1 X98.393 Y100.755 E2108.07049
G1 X98.257 Y101.101 E2108.11223
G1 X98.09 Y101.391 E2108.14979
G1 X97.918 Y101.623 E2108.18221
G1 X97.713 Y101.84 E2108.21572
G1 X97.34 Y102.143 E2108.26966
G1 X97.002 Y102.347 E2108.31398
G1 X93.026 Y102.836 E2108.76366
G1 X92.07 Y102.891 E2108.87115
G1 X91.547 Y102.746 E2108.93208
G1 X89.921 Y102.173 E2109.1256
G1 X88.957 Y101.87 E2109.23903
G1 X87.831 Y101.561 E2109.3701
G1 X88.26 Y102.504 E2109.48639
G1 X88.284 Y102.777 E2109.51716
G1 X88.207 Y103.056 E2109.54965
G1 X87.959 Y103.314 E2109.58982
G1 X87.648 Y103.477 E2109.62923
G1 X84.254 Y103.812 E2110.01207
G1 X83.983 Y103.832 E2110.04258
G1 X83.679 Y103.831 E2110.0767
G1 X83.2 Y103.785 E2110.13072
G1 X82.772 Y103.695 E2110.17981
G1 X82.392 Y103.564 E2110.22493
G1 X82.109 Y103.429 E2110.26013
G1 X81.766 Y103.208 E2110.30593
G1 X81.135 Y102.624 E2110.40244
G1 X80.56 Y102.131 E2110.48747
G1 X79.853 Y101.601 E2110.58665
G1 X78.182 Y100.47 E2110.81315
G1 X77.13 Y99.837 E2110.95097
G1 X76.569 Y99.53 E2111.02276
G1 X75.829 Y99.163 E2111.11548
G1 X75.279 Y98.981 E2111.18051
G1 X74.754 Y98.848 E2111.24131
G1 X73.795 Y98.718 E2111.34994
G1 X73.004 Y98.645 E2111.43911
G1 X72.714 Y98.648 E2111.47167
G1 X72.429 Y98.692 E2111.50404
G1 X72.587 Y98.881 E2111.53169
G1 X73.883 Y100.029 E2111.72604
G1 X74.719 Y100.881 E2111.86003
G1 X75.987 Y102.326 E2112.07583
G1 X76.769 Y103.353 E2112.22073
G1 X77.452 Y104.308 E2112.35253
G1 X78.022 Y105.189 E2112.47032
G1 X78.237 Y105.573 E2112.51972
G1 X78.463 Y106.072 E2112.58121
G1 X78.499 Y106.641 E2112.64521
G1 X78.457 Y107.023 E2112.68835
G1 X78.36 Y107.455 E2112.73805
G1 X78.22 Y107.919 E2112.79245
G1 X78.043 Y108.395 E2112.84946
G1 X77.603 Y109.383 E2112.97087
G1 X77.057 Y110.446 E2113.10501
G1 X76.458 Y111.491 E2113.24022
G1 X75.852 Y112.472 E2113.36966
G1 X75.259 Y113.387 E2113.49205
G1 X74.989 Y113.841 E2113.55135
G1 X74.698 Y114.27 E2113.60954
G1 X74.368 Y114.719 E2113.67209
G1 X73.841 Y115.363 E2113.7655
G1 X73.125 Y116.124 E2113.88279
G1 X72.469 Y116.758 E2113.9852
G1 X72.402 Y116.955 E2114.00856
G1 X72.507 Y117.969 E2114.12299
G1 X72.458 Y118.225 E2114.15225
G1 X72.237 Y118.505 E2114.19229
G1 X71.905 Y118.612 E2114.23144
G1 X70.34 Y118.602 E2114.40712
G1 X69.152 Y122.161 E2114.8283
G1 X71.273 Y121.067 E2115.0962
G1 X73.446 Y119.915 E2115.37228
G1 X74.321 Y119.423 E2115.48496
G1 X74.929 Y119.055 E2115.56474
G1 X76.043 Y118.293 E2115.71625
G1 X77.094 Y117.517 E2115.8629
G1 X77.743 Y117.006 E2115.95562
G1 X78.4 Y116.459 E2116.05159
G1 X79.073 Y115.864 E2116.15242
G1 X79.734 Y115.241 E2116.25439
G1 X80.418 Y114.545 E2116.36393
G1 X81.104 Y113.8 E2116.47761
G1 X83.415 Y111.144 E2116.87281
G1 X83.841 Y110.693 E2116.94245
G1 X84.189 Y110.386 E2116.99455
G1 X84.528 Y110.168 E2117.03979
G1 X84.842 Y110.02 E2117.07876
G1 X85.172 Y109.923 E2117.11737
G1 X85.488 Y109.871 E2117.15332
G1 X85.82 Y109.848 E2117.19067
G1 X86.189 Y109.856 E2117.2321
G1 X86.875 Y109.914 E2117.30938
G1 X87.211 Y109.962 E2117.34748
G1 X87.685 Y110.067 E2117.40198
G1 X88.166 Y110.269 E2117.46054
G1 X88.456 Y110.442 E2117.49845
G1 X88.953 Y110.957 E2117.57879
G1 X89.163 Y111.206 E2117.61535
G1 X89.382 Y111.495 E2117.65606
G1 X89.571 Y111.798 E2117.69614
G1 X89.718 Y112.108 E2117.73466
G1 X89.918 Y112.652 E2117.79972
G1 X90.078 Y113.202 E2117.86402
G1 X90.178 Y113.685 E2117.91939
G1 X90.242 Y114.172 E2117.97452
G1 X90.379 Y114.282 E2117.99425
G1 X90.7 Y114.308 E2118.0304
G1 X92.073 Y113.868 E2118.19224
G1 X94.727 Y113.067 E2118.50343
G1 X95.334 Y112.926 E2118.57338
G1 X95.878 Y112.85 E2118.63504
G1 X96.404 Y112.816 E2118.69421
G1 X96.889 Y112.817 E2118.74865
G1 X97.705 Y112.889 E2118.84061
G1 X110.045 Y116.146 E2120.27325
G0 F9000 X110.299 Y115.182
G0 X113.045 Y116.046
G0 X114.3 Y116.597
G0 X115.146 Y117.125
G0 X116.015 Y117.889
G0 X115.801 Y118.061
;TYPE:FILL
G1 F3000 X117.187 Y116.675 E2120.49327
G0 F9000 X117.116 Y116.946
G0 X120.168 Y117.632
G0 X120.71 Y117.633
G0 X121.491 Y117.499
G0 X122.42 Y117.019
G0 X123.104 Y116.417
G0 X123.698 Y115.608
G0 X124.094 Y114.835
G0 X123.689 Y115.478
G0 X125.184 Y117.8
G0 X132.343 Y105.836
G0 X131.871 Y105.108
G0 X130.72 Y103.223
G0 X130.487 Y103.374
G1 F3000 X134.081 Y99.781 E2121.06374
G0 F9000 X134.033 Y100.056
G0 X131.114 Y102.343
G0 X130.864 Y102.205
G1 F3000 X133.254 Y104.595 E2121.44315
G1 F3600 E2117.44315
G0 F9000 X133.019 Y104.454
G0 X130.551 Y103.106
G0 X122.934 Y115.679
G0 X122.375 Y116.294
G0 X121.78 Y116.706
G0 X121.311 Y116.921
G0 X120.66 Y117.033
G0 X119.873 Y116.984
G0 X87.966 Y108.816
G0 X87.436 Y108.566
G0 X86.885 Y108.029
G0 X86.556 Y107.409
G0 X86.529 Y106.665
G0 X86.643 Y106.113
G0 X87.048 Y105.439
G0 X87.577 Y105.063
G0 X87.742 Y104.397
G0 X104.38 Y102.005
G0 X104.47 Y101.763
G1 F3600 E2121.44315
G1 F3000 X103.187 Y103.046 E2121.64683
G0 F9000 X103.162 Y102.77
G0 X88.031 Y104.887
G0 X87.577 Y105.063
G0 X87.048 Y105.439
G0 X86.643 Y106.113
G0 X86.529 Y106.665
G0 X86.556 Y107.409
G0 X86.885 Y108.029
G0 X87.436 Y108.566
G0 X87.736 Y108.707
G0 X95.085 Y111.277
G0 X95.128 Y111.106
G1 F3000 X93.567 Y112.666 E2121.89456
G0 F9000 X93.488 Y112.399
G0 X87.436 Y108.566
G0 X86.885 Y108.029
G0 X86.556 Y107.409
G0 X86.585 Y104.85
G1 F3000 X73.252 Y118.183 E2124.01117
G0 F9000 X73.49 Y118.248
G0 X82.307 Y110.899
G0 X82.516 Y111.082
G1 F3000 X79.058 Y107.624 E2124.56012
G1 F3600 E2120.56012
G0 F9000 X79.335 Y107.685
G0 X120.211 Y117.032
G0 X124.888 Y117.481
G0 X125.175 Y117.3
;TYPE:SKIN
G1 F3600 E2124.56012
G1 F1500 X124.006 Y115.466 E2124.80426
G1 X125.146 Y113.44 E2125.06521
G1 X130.569 Y103.611 E2126.32534
G1 X132.018 Y105.843 E2126.62406
G1 X125.175 Y117.3 E2128.12208
G0 F9000 X125.185 Y116.699
G1 F1500 X125.084 Y116.599 E2128.13803
G0 F9000 X125.502 Y116.168
G1 F1500 X124.512 Y115.178 E2128.29519
G0 F9000 X124.817 Y114.635
G1 F1500 X125.82 Y115.637 E2128.45434
G0 F9000 X126.137 Y115.106
G1 F1500 X125.123 Y114.092 E2128.61531
G0 F9000 X125.429 Y113.549
G1 F1500 X126.454 Y114.575 E2128.77811
G0 F9000 X126.772 Y114.044
G1 F1500 X125.73 Y113.002 E2128.94353
G0 F9000 X126.032 Y112.455
G1 F1500 X127.088 Y113.512 E2129.11124
G0 F9000 X127.406 Y112.981
G1 F1500 X126.334 Y111.909 E2129.28142
G0 F9000 X126.635 Y111.362
G1 F1500 X127.723 Y112.45 E2129.45414
G0 F9000 X128.041 Y111.919
G1 F1500 X126.937 Y110.815 E2129.6294
G0 F9000 X127.238 Y110.268
G1 F1500 X128.358 Y111.387 E2129.80712
G0 F9000 X128.675 Y110.856
G1 F1500 X127.54 Y109.721 E2129.9873
G0 F9000 X127.842 Y109.174
G1 F1500 X128.993 Y110.325 E2130.17003
G0 F9000 X129.31 Y109.794
G1 F1500 X128.143 Y108.627 E2130.35529
G0 F9000 X128.445 Y108.081
G1 F1500 X129.627 Y109.262 E2130.54285
G0 F9000 X129.944 Y108.731
G1 F1500 X128.747 Y107.534 E2130.73287
G0 F9000 X129.048 Y106.987
G1 F1500 X130.262 Y108.2 E2130.92551
G0 F9000 X130.579 Y107.668
G1 F1500 X129.35 Y106.44 E2131.12054
G0 F9000 X129.652 Y105.893
G1 F1500 X130.896 Y107.137 E2131.31802
G0 F9000 X131.214 Y106.606
G1 F1500 X129.953 Y105.346 E2131.51813
G0 F9000 X130.255 Y104.8
G1 F1500 X131.531 Y106.075 E2131.72061
G0 F9000 X132.305 Y105.746
G0 X131.297 Y104.107
G0 X130.76 Y104.456
G1 F1500 X130.557 Y104.252 E2131.75292
G0 F9000 X131.562 Y103.599
G1 F3600 E2127.75292
G0 F9000 X132.343 Y105.836
G0 X132.449 Y106.771
G0 X134.216 Y107.866
G0 X140.371 Y111.503
G0 X140.391 Y110.966
;TYPE:WALL-INNER
G1 F3600 E2131.75292
G1 F1500 X140.138 Y110.707 E2131.79356
G1 X140.036 Y110.489 E2131.82058
G1 X140 Y110.125 E2131.86164
G1 X140.074 Y109.851 E2131.8935
G1 X140.282 Y109.387 E2131.95058
G1 X140.493 Y109.003 E2131.99976
G1 X140.734 Y108.647 E2132.04802
G1 X141.023 Y108.295 E2132.09914
G1 F1510.1 X141.854 Y107.422 E2132.23354
G1 X142.33 Y107.123 E2132.29622
G1 F1502.5 X142.771 Y106.896 E2132.3518
G1 F1500 X143.397 Y106.708 E2132.42517
G1 X143.813 Y106.628 E2132.47272
G1 F1428.6 X143.91 Y106.586 E2132.48518
G1 F1198.4 X144.292 Y106.473 E2132.54115
G1 F1071.4 X144.66 Y106.497 E2132.59911
G1 F1162.8 X144.96 Y106.6 E2132.64504
G1 F1308.1 X145.029 Y106.635 E2132.655
G1 F1424.1 X145.76 Y106.86 E2132.74543
G1 F1500 X146.483 Y107.138 E2132.83238
G1 X146.697 Y107.258 E2132.85993
G1 X146.896 Y107.468 E2132.8924
G1 X147.006 Y107.691 E2132.92031
G1 X147.048 Y108.064 E2132.96245
G1 X146.936 Y108.419 E2133.00424
G1 X146.576 Y108.956 E2133.07681
G1 X145.773 Y109.687 E2133.1987
G1 X145.017 Y110.166 E2133.29917
G1 X144.213 Y110.585 E2133.40094
G1 X143.801 Y110.766 E2133.45145
G1 X143.304 Y110.934 E2133.51034
G1 X142.916 Y111.03 E2133.55521
G1 X142.463 Y111.103 E2133.60672
G1 X142.053 Y111.138 E2133.65291
G1 X141.606 Y111.148 E2133.7031
G1 X140.862 Y111.12 E2133.78667
G1 X140.608 Y111.073 E2133.81567
G1 X140.391 Y110.966 E2133.84283
G0 F9000 X140.371 Y111.503
G0 X128.67 Y118.437
G0 X128.598 Y118.801
G1 F1500 X129.55 Y118.563 E2133.95298
G1 X130.812 Y118.199 E2134.10042
G1 X132.031 Y117.825 E2134.24355
G1 X133.804 Y117.24 E2134.45313
G1 X135.049 Y116.798 E2134.60143
G1 X136.453 Y116.273 E2134.76969
G1 X138.059 Y115.636 E2134.96363
G1 X139.33 Y115.093 E2135.11878
G1 X140.792 Y114.449 E2135.29811
G1 X142.293 Y113.75 E2135.48398
G1 X142.886 Y113.46 E2135.55808
G1 X143.541 Y113.11 E2135.64144
G1 X144.116 Y112.786 E2135.71553
G1 X144.697 Y112.428 E2135.79214
G1 X145.795 Y111.694 E2135.94039
G1 X146.912 Y110.877 E2136.09574
G1 X148.019 Y110.008 E2136.25372
G1 X148.445 Y109.657 E2136.31568
G1 X149.165 Y109.003 E2136.42487
G1 X149.491 Y108.686 E2136.47591
G1 X149.882 Y108.271 E2136.53991
G1 X150.194 Y107.887 E2136.59545
G1 X150.366 Y107.642 E2136.62906
G1 X150.485 Y107.359 E2136.66352
G1 X150.561 Y106.952 E2136.70999
G1 X150.508 Y106.682 E2136.74088
G1 X150.281 Y106.28 E2136.7927
G1 X149.977 Y105.94 E2136.8439
G1 X149.64 Y105.614 E2136.89653
G1 X149.242 Y105.279 E2136.95493
G1 X148.532 Y104.752 E2137.05418
G1 X147.856 Y104.297 E2137.14566
G1 X146.765 Y103.625 E2137.28949
G1 F1433.1 X145.246 Y105.33 E2137.55778
G1 F1315.8 X144.893 Y105.573 E2137.61262
G1 F1162.8 X144.695 Y105.666 E2137.6443
G1 F1071.4 X144.412 Y105.642 E2137.68894
G1 F1246.5 X143.868 Y105.364 E2137.77146
G1 F1500 X142.661 Y105.023 E2137.91225
G1 F1505 X141.612 Y106.877 E2138.15057
G1 F1520.3 X141.387 Y107.061 E2138.18276
G1 F1515.2 X140.659 Y107.189 E2138.26491
G1 F1500 X138.767 Y106.289 E2138.5001
G1 X137.439 Y108.063 E2138.74885
G1 X137.195 Y108.251 E2138.78343
G1 X136.995 Y108.33 E2138.80756
G1 X136.695 Y108.358 E2138.84139
G1 X136.451 Y108.305 E2138.86941
G1 X136.223 Y108.18 E2138.8986
G1 X134.944 Y107.219 E2139.07818
G1 X133.659 Y109.299 E2139.35263
G1 X128.386 Y118.241 E2140.51793
G1 X128.008 Y118.904 E2140.6036
G1 X128.598 Y118.801 E2140.67083
G0 F9000 X128.071 Y119.502
;TYPE:WALL-OUTER
G1 F1500 X128.713 Y119.39 E2140.74398
G1 X129.694 Y119.146 E2140.85746
G1 X130.987 Y118.773 E2141.00852
G1 X132.219 Y118.395 E2141.15318
G1 X133.998 Y117.808 E2141.36346
G1 X135.259 Y117.36 E2141.51368
G1 X136.673 Y116.831 E2141.68315
G1 X138.295 Y116.188 E2141.87901
G1 X139.54 Y115.656 E2142.03099
G1 X141.044 Y114.993 E2142.2155
G1 X142.483 Y114.325 E2142.39358
G1 X143.168 Y113.99 E2142.47918
G1 X143.835 Y113.633 E2142.5641
G1 X144.43 Y113.297 E2142.64081
G1 X145.029 Y112.928 E2142.71978
G1 X146.124 Y112.197 E2142.86757
G1 X147.283 Y111.349 E2143.02878
G1 X148.401 Y110.471 E2143.18835
G1 X148.836 Y110.112 E2143.25166
G1 X149.609 Y109.419 E2143.3682
G1 X149.609 Y109.406 E2143.36966
G1 X149.88 Y109.146 E2143.41182
G1 X150.334 Y108.666 E2143.48598
G1 X150.672 Y108.25 E2143.54615
G1 X150.895 Y107.934 E2143.58956
G1 X151.055 Y107.551 E2143.63616
G1 X151.128 Y107.272 E2143.66853
G1 X151.168 Y106.928 E2143.70741
G1 X151.078 Y106.47 E2143.7598
G1 X150.832 Y106.037 E2143.8157
G1 X150.655 Y105.798 E2143.84909
G1 X150.411 Y105.524 E2143.89027
G1 X150.042 Y105.168 E2143.94783
G1 X149.614 Y104.808 E2144.01061
G1 X148.878 Y104.262 E2144.11348
G1 X148.181 Y103.793 E2144.20778
G1 X146.648 Y102.854 E2144.40958
G1 X144.863 Y104.859 E2144.71092
G1 X144.725 Y104.939 E2144.72882
G1 X144.612 Y104.95 E2144.74157
G1 X142.37 Y104.317 E2145.00308
G1 X141.142 Y106.498 E2145.28404
G1 X141.066 Y106.561 E2145.29512
G1 X140.833 Y106.6 E2145.32164
G1 X138.581 Y105.537 E2145.60118
G1 X136.983 Y107.666 E2145.9
G1 X136.841 Y107.75 E2145.91852
G1 X136.631 Y107.736 E2145.94215
G1 X134.779 Y106.345 E2146.20215
G1 X133.142 Y108.994 E2146.5517
G1 X127.865 Y117.944 E2147.71799
G1 X127.429 Y118.712 E2147.81713
G1 X127.293 Y119.019 E2147.85482
G1 X127.239 Y119.232 E2147.87949
G1 X127.261 Y119.376 E2147.89584
G1 X127.522 Y119.486 E2147.92763
G1 X127.744 Y119.526 E2147.95295
G1 X128.071 Y119.502 E2147.98976
G1 F3600 E2143.98976
G0 F9000 X128.67 Y118.437
G0 X140.789 Y111.519
G0 X140.826 Y110.518
G1 F3600 E2147.98976
G1 F1500 X140.643 Y110.383 E2148.01529
G1 X140.598 Y110.261 E2148.02988
G1 X140.622 Y110.097 E2148.04849
G1 X140.84 Y109.612 E2148.10818
G1 X140.993 Y109.334 E2148.1438
G1 X141.199 Y109.026 E2148.18539
G1 X141.461 Y108.706 E2148.23182
G1 X142.205 Y107.914 E2148.3538
G1 X142.603 Y107.656 E2148.40704
G1 X143.018 Y107.449 E2148.4591
G1 X143.478 Y107.305 E2148.51321
G1 X143.96 Y107.212 E2148.56831
G1 X144.253 Y107.192 E2148.60128
G1 X144.567 Y107.21 E2148.63658
G1 X144.898 Y107.254 E2148.67406
G1 X145.226 Y107.324 E2148.71171
G1 X145.544 Y107.42 E2148.749
G1 X146.315 Y107.716 E2148.84171
G1 X146.437 Y107.881 E2148.86474
G1 X146.414 Y108.124 E2148.89214
G1 X146.118 Y108.561 E2148.95139
G1 X145.418 Y109.203 E2149.05801
G1 X144.675 Y109.671 E2149.15658
G1 X143.973 Y110.035 E2149.24534
G1 X143.579 Y110.208 E2149.29365
G1 X143.16 Y110.352 E2149.34338
G1 X142.772 Y110.448 E2149.38825
G1 X142.353 Y110.511 E2149.43581
G1 X142.005 Y110.54 E2149.47501
G1 X141.628 Y110.548 E2149.51734
G1 X140.826 Y110.518 E2149.60743
G0 F9000 X140.789 Y111.519
G0 X139.382 Y111.393
G0 X139.814 Y109.606
G0 X140.32 Y108.692
G0 X141 Y107.792
G0 X141.119 Y107.541
;TYPE:FILL
G1 F3000 X130.493 Y118.167 E2151.2943
G0 F9000 X130.416 Y117.898
G0 X131.587 Y117.539
G0 X131.67 Y117.81
G1 F3000 X129.852 Y115.992 E2151.58291
G0 F9000 X130.094 Y116.135
G0 X137.459 Y108.705
G0 X137.083 Y108.424
G1 F3000 X142.281 Y113.622 E2152.40809
G0 F9000 X141.941 Y112.926
G1 F3600 E2148.40809
;MESH:NONMESH
G0 F300 X141.941 Y112.926 Z7.85
G0 F9000 X128.222 Y117.974
G0 X126.39 Y116.878
G0 X125.184 Y117.8
G0 X120.404 Y117.066
G0 X110.162 Y115.035
G0 X110.046 Y115.471
;TIME_ELAPSED:1319.503302
;LAYER:17
;TYPE:WALL-INNER
;MESH:sharkz.stl
G1 F3600 E2152.40809
G1 F1282.1 X111.573 Y115.873 E2152.61547
G1 F1257 X112.354 Y116.098 E2152.72435
G1 F1222.8 X112.926 Y116.285 E2152.80721
G1 F1165.8 X113.598 Y116.533 E2152.91067
G1 F1289.4 X114.108 Y116.882 E2152.99137
G1 F1500 X114.823 Y117.284 E2153.08345
G1 X115.136 Y117.514 E2153.12705
G1 X115.467 Y117.847 E2153.17975
G1 X115.715 Y118.147 E2153.22345
G1 X115.955 Y118.545 E2153.27562
G1 X116.136 Y118.909 E2153.32125
G1 X116.299 Y119.326 E2153.37151
G1 X116.415 Y119.718 E2153.4174
G1 X116.51 Y120.115 E2153.46322
G1 X116.582 Y120.516 E2153.50895
G1 X116.635 Y120.976 E2153.56093
G1 X116.676 Y121.8 E2153.65354
G1 X116.656 Y122.625 E2153.74618
G1 X116.577 Y123.404 E2153.83407
G1 X116.459 Y124.124 E2153.91597
G1 X116.319 Y124.75 E2153.98798
G1 X116.163 Y125.295 E2154.05161
G1 X115.983 Y125.832 E2154.11519
G1 X115.369 Y127.36 E2154.30004
G1 X115.012 Y128.199 E2154.40239
G1 X114.55 Y129.22 E2154.52819
G1 X115.408 Y128.817 E2154.6346
G1 X115.817 Y128.563 E2154.68864
G1 X116.96 Y127.774 E2154.84455
G1 X117.715 Y127.213 E2154.95014
G1 X118.539 Y126.544 E2155.06928
G1 X119.43 Y125.761 E2155.20243
G1 X120.348 Y124.878 E2155.34541
G1 X121.227 Y123.926 E2155.49086
G1 X122.056 Y122.93 E2155.63632
G1 X122.797 Y121.963 E2155.77308
G1 X123.487 Y121 E2155.90606
G1 X124.423 Y119.595 E2156.09557
G1 X124.777 Y119.03 E2156.17041
G1 X133.663 Y104.15 E2158.11591
G1 X133.877 Y103.906 E2158.15234
G1 X134.143 Y103.76 E2158.1864
G1 X134.365 Y103.714 E2158.21185
G1 X134.593 Y103.725 E2158.23747
G1 X134.871 Y103.814 E2158.27024
G1 X136.479 Y105.032 E2158.49668
G1 X137.59 Y103.585 E2158.70147
G1 X137.815 Y103.415 E2158.73312
G1 X138.117 Y103.319 E2158.76869
G1 X138.484 Y103.333 E2158.80992
G1 X140.149 Y104.128 E2159.01703
G1 X141.046 Y102.441 E2159.23151
G1 X141.327 Y102.19 E2159.2738
G1 F1465.8 X141.933 Y102.062 E2159.34495
G1 F1492.5 X143.009 Y102.393 E2159.47195
G1 F1618.7 X144.086 Y102.724 E2159.58916
G1 F1691.7 X144.429 Y102.32 E2159.6419
G1 X144.095 Y102.175 E2159.67815
G1 F1642.3 X143.545 Y101.967 E2159.73843
G1 F1530.6 X142.46 Y101.578 E2159.86523
G1 F1451.6 X142.084 Y101.456 E2159.91108
G1 F1465.8 X141.2 Y101.138 E2160.019
G1 F1500 X140.568 Y100.946 E2160.09314
G1 X139.982 Y100.788 E2160.16127
G1 X138.197 Y100.413 E2160.36602
G1 X136.038 Y100.004 E2160.61268
G1 X133.645 Y99.581 E2160.88547
G1 X132.45 Y99.409 E2161.02099
G1 X132.221 Y99.496 E2161.04849
G1 X124.708 Y113.127 E2162.79564
G1 X123.406 Y115.434 E2163.093
G1 X123.113 Y115.872 E2163.15216
G1 X122.866 Y116.168 E2163.19543
G1 X122.584 Y116.451 E2163.24028
G1 X122.247 Y116.723 E2163.28889
G1 X121.853 Y116.956 E2163.34027
G1 X121.39 Y117.172 E2163.39763
G1 X120.681 Y117.293 E2163.47836
G1 X120.165 Y117.288 E2163.53629
G1 X119.835 Y117.238 E2163.57375
G1 X114.484 Y115.845 E2164.19444
G1 F1289.4 X113.868 Y115.786 E2164.27525
G1 F1184.2 X112.548 Y115.403 E2164.47068
G1 F1257 X107.45 Y114.067 E2165.17664
G1 F1283.9 X102.352 Y112.73 E2165.86785
G1 F1323.5 X98.014 Y111.63 E2166.4372
G1 F1285.7 X97.064 Y111.43 E2166.56434
G1 F1339.3 X96.544 Y111.234 E2166.6342
G1 F1490.1 X89.284 Y109.416 E2167.47992
G1 F1618.7 X87.919 Y109.028 E2167.62754
G1 F1685.4 X87.29 Y108.784 E2167.69494
G1 F1557.1 X86.941 Y108.506 E2167.74319
G1 F1500 X86.661 Y108.169 E2167.79237
G1 X86.353 Y107.577 E2167.86728
G1 X86.295 Y107.355 E2167.89304
G1 X86.269 Y106.656 E2167.97156
G1 X86.362 Y106.166 E2168.02754
G1 X86.474 Y105.881 E2168.06192
G1 X86.758 Y105.413 E2168.12337
G1 X87.004 Y105.147 E2168.16404
G1 F1495 X87.451 Y104.828 E2168.22589
G1 F1480.3 X87.993 Y104.613 E2168.29221
G1 F1485.1 X88.955 Y104.534 E2168.40165
G1 F1500 X91.3 Y104.308 E2168.6661
G1 F1475.4 X91.791 Y104.252 E2168.7225
G1 F1397.5 X92.208 Y104.186 E2168.77337
G1 F1363.6 X93.19 Y104.102 E2168.89507
G1 F1351.4 X95.234 Y103.891 E2169.1511
G1 F1291.2 X97.278 Y103.679 E2169.41907
G1 F1372 X97.934 Y103.672 E2169.49959
G1 F1500 X104.715 Y103.021 E2170.26427
G1 F1424.1 X104.998 Y102.963 E2170.29843
G1 F1193.6 X105.429 Y102.83 E2170.36206
G1 F1076.6 X105.826 Y102.803 E2170.4243
G1 F1068.9 X107.917 Y102.586 E2170.75546
G1 F1027.4 X110.008 Y102.368 E2171.10001
G1 F1206.4 X110.619 Y102.456 E2171.18616
G1 F1500 X123.412 Y101.234 E2172.62875
G1 X124.26 Y99.047 E2172.89206
G1 X123.88 Y99.049 E2172.93471
G1 X123.603 Y99.005 E2172.9662
G1 X123.202 Y98.875 E2173.01352
G1 X122.799 Y98.561 E2173.07087
G1 X122.539 Y98.188 E2173.1219
G1 X122.082 Y97.242 E2173.23984
G1 X121.512 Y96.19 E2173.37415
G1 X121.126 Y95.562 E2173.45689
G1 X120.742 Y94.98 E2173.53516
G1 X120.295 Y94.377 E2173.61942
G1 X119.819 Y93.807 E2173.70278
G1 X118.592 Y92.477 E2173.90591
G1 X117.556 Y91.435 E2174.07085
G1 X117.173 Y91.077 E2174.1297
G1 X116.959 Y90.893 E2174.16138
G1 X116.976 Y91.719 E2174.25412
G1 X116.98 Y93.173 E2174.41734
G1 X116.936 Y94.491 E2174.56537
G1 X116.829 Y95.549 E2174.68474
G1 X116.698 Y96.561 E2174.79929
G1 X116.543 Y97.416 E2174.89683
G1 X118.521 Y97.464 E2175.11893
G1 X118.831 Y97.545 E2175.1549
G1 X119.082 Y97.667 E2175.18622
G1 X119.358 Y97.921 E2175.22833
G1 X119.54 Y98.154 E2175.26152
G1 X119.662 Y98.515 E2175.30429
G1 X119.692 Y98.754 E2175.33133
G1 X119.645 Y99.039 E2175.36376
G1 X119.533 Y99.315 E2175.39719
G1 X119.275 Y99.682 E2175.44755
G1 X118.954 Y99.883 E2175.49006
G1 X118.451 Y100.079 E2175.55066
G1 X110.474 Y101.25 E2176.4557
G1 F1206.4 X109.902 Y101.482 E2176.54185
G1 F1022.7 X108.975 Y101.607 E2176.69585
G1 F1063.8 X105.71 Y101.988 E2177.21613
G1 F1077.8 X105.454 Y101.991 E2177.25613
G1 F1193.6 X105.032 Y101.832 E2177.31974
G1 F1424.1 X104.873 Y101.76 E2177.34038
G1 F1500 X104.447 Y101.608 E2177.39115
G1 X102.672 Y100.52 E2177.62485
G1 X102.184 Y100.265 E2177.68666
G1 X101.585 Y99.992 E2177.76055
G1 X100.234 Y99.451 E2177.92391
G1 X98.988 Y99.01 E2178.07228
G1 X99.051 Y99.339 E2178.10989
G1 X99.102 Y99.793 E2178.16117
G1 X99.086 Y100.342 E2178.22282
G1 X98.982 Y100.896 E2178.2861
G1 X98.81 Y101.344 E2178.33996
G1 X98.631 Y101.658 E2178.38054
G1 X98.4 Y101.981 E2178.42511
G1 X98.106 Y102.298 E2178.47364
G1 X97.716 Y102.61 E2178.52971
G1 F1446.9 X97.367 Y102.853 E2178.5792
G1 F1327.4 X97.151 Y102.982 E2178.61111
G1 F1291.2 X95.124 Y103.219 E2178.87723
G1 F1351.4 X93.097 Y103.457 E2179.13153
G1 F1363.6 X92.158 Y103.521 E2179.24775
G1 F1397.5 X91.861 Y103.465 E2179.28416
G1 F1475.4 X91.328 Y103.305 E2179.34767
G1 F1500 X89.72 Y102.74 E2179.53899
G1 X88.872 Y102.471 E2179.63886
G1 X88.86 Y102.913 E2179.68849
G1 X88.803 Y103.225 E2179.72409
G1 X88.572 Y103.582 E2179.77183
G1 F1490.1 X88.239 Y103.849 E2179.82006
G1 F1463.4 X87.935 Y104.013 E2179.8598
G1 F1461 X87.717 Y104.075 E2179.88592
G1 F1490.1 X84.298 Y104.41 E2180.27412
G1 F1500 X84.027 Y104.43 E2180.30463
G1 X83.638 Y104.43 E2180.34829
G1 X83.104 Y104.377 E2180.40853
G1 X82.662 Y104.286 E2180.45919
G1 X82.138 Y104.108 E2180.52131
G1 X81.89 Y103.992 E2180.55204
G1 X81.386 Y103.677 E2180.61876
G1 X80.735 Y103.072 E2180.71852
G1 X80.184 Y102.599 E2180.80004
G1 X79.481 Y102.073 E2180.89859
G1 X77.859 Y100.976 E2181.1184
G1 X76.832 Y100.357 E2181.253
G1 X76.292 Y100.062 E2181.32208
G1 X75.6 Y99.719 E2181.40877
G1 X75.111 Y99.557 E2181.4666
G1 X74.629 Y99.436 E2181.52239
G1 X74.029 Y99.355 E2181.59035
G1 X74.311 Y99.608 E2181.63288
G1 X75.181 Y100.498 E2181.77258
G1 X76.465 Y101.963 E2181.99126
G1 X77.257 Y103.003 E2182.138
G1 X77.933 Y103.947 E2182.26833
G1 X78.535 Y104.877 E2182.39269
G1 X78.75 Y105.259 E2182.4419
G1 X79.063 Y105.928 E2182.52481
G1 X79.1 Y106.64 E2182.60484
G1 X79.039 Y107.174 E2182.66517
G1 X78.935 Y107.627 E2182.71735
G1 X78.782 Y108.128 E2182.77615
G1 X78.591 Y108.639 E2182.83739
G1 X78.151 Y109.627 E2182.95879
G1 X77.578 Y110.744 E2183.09972
G1 X76.994 Y111.764 E2183.23165
G1 X76.356 Y112.798 E2183.36804
G1 X75.769 Y113.703 E2183.48913
G1 X75.486 Y114.177 E2183.5511
G1 X75.182 Y114.625 E2183.61187
G1 X74.837 Y115.094 E2183.67723
G1 X74.305 Y115.743 E2183.77143
G1 X73.572 Y116.525 E2183.89174
G1 X73.014 Y117.064 E2183.97883
G1 X73.104 Y117.909 E2184.07422
G1 X73.074 Y118.321 E2184.12059
G1 F1495 X72.828 Y118.761 E2184.17737
G1 F1465.8 X72.566 Y119.028 E2184.22034
G1 F1437.7 X72.176 Y119.187 E2184.26966
G1 F1357.5 X71.901 Y119.26 E2184.30495
G1 F1145 X71.187 Y119.345 E2184.41069
G1 F1026.2 X70.87 Y119.343 E2184.4627
G1 X70.426 Y120.674 E2184.69292
G1 X71.39 Y120.17 E2184.8714
G1 F1145 X72.061 Y119.915 E2184.97696
G1 F1357.5 X72.414 Y119.766 E2185.02449
G1 F1456.3 X72.758 Y119.599 E2185.0687
G1 F1495 X74.01 Y118.91 E2185.22965
G1 F1500 X74.605 Y118.55 E2185.30771
G1 X75.687 Y117.81 E2185.45486
G1 X76.712 Y117.052 E2185.59796
G1 X77.36 Y116.544 E2185.69039
G1 X78.004 Y116.009 E2185.78437
G1 X78.661 Y115.428 E2185.88283
G1 X79.314 Y114.812 E2185.98359
G1 X79.984 Y114.131 E2186.09083
G1 X80.652 Y113.406 E2186.2015
G1 X82.948 Y110.765 E2186.59432
G1 X83.413 Y110.273 E2186.67032
G1 X83.863 Y109.88 E2186.73738
G1 X84.288 Y109.617 E2186.79349
G1 X84.623 Y109.462 E2186.83492
G1 X85.038 Y109.338 E2186.88354
G1 X85.392 Y109.279 E2186.92383
G1 X85.78 Y109.249 E2186.96751
G1 X86.239 Y109.258 E2187.01904
G1 X86.96 Y109.32 E2187.10028
G1 F1535.8 X87.294 Y109.383 E2187.13754
G1 F1654.4 X87.935 Y109.565 E2187.20536
G1 F1679.1 X88.401 Y109.74 E2187.25527
G1 F1590.1 X88.839 Y109.975 E2187.30791
G1 F1530.6 X89.411 Y110.569 E2187.39863
G1 F1500 X89.641 Y110.842 E2187.4387
G1 X89.889 Y111.175 E2187.4853
G1 X90.112 Y111.539 E2187.53322
G1 X90.281 Y111.901 E2187.57807
G1 X90.481 Y112.445 E2187.64313
G1 X90.666 Y113.08 E2187.71737
G1 X90.779 Y113.654 E2187.78304
G1 X91.936 Y113.284 E2187.9194
G1 X94.59 Y112.483 E2188.23059
G1 X95.251 Y112.332 E2188.3067
G1 X95.862 Y112.249 E2188.37592
G1 F1490.1 X96.424 Y112.212 E2188.43956
G1 F1339.3 X96.945 Y112.152 E2188.5055
G1 F1269.4 X97.777 Y112.255 E2188.6167
G1 F1308.1 X102.18 Y113.401 E2189.20232
G1 F1295 X110.046 Y115.471 E2190.25993
G0 F9000 X110.045 Y116.146
;TYPE:WALL-OUTER
G1 F1500 X111.386 Y116.5 E2190.41562
G1 X112.181 Y116.737 E2190.50874
G1 X112.713 Y116.925 E2190.57208
G1 X113.3 Y117.164 E2190.64323
G1 X113.87 Y117.433 E2190.71398
G1 X114.438 Y117.749 E2190.78694
G1 X114.755 Y117.981 E2190.83104
G1 X115.004 Y118.229 E2190.87049
G1 X115.212 Y118.48 E2190.90708
G1 X115.408 Y118.794 E2190.94863
G1 X115.579 Y119.132 E2190.99115
G1 X115.724 Y119.498 E2191.03534
G1 X115.832 Y119.86 E2191.07775
G1 X115.92 Y120.222 E2191.11957
G1 X115.99 Y120.616 E2191.16449
G1 X116.036 Y121.008 E2191.20879
G1 X116.076 Y121.764 E2191.29377
G1 X116.059 Y122.566 E2191.38382
G1 X115.985 Y123.308 E2191.46752
G1 X115.873 Y123.994 E2191.54555
G1 X115.741 Y124.586 E2191.61364
G1 X115.593 Y125.107 E2191.67443
G1 X115.427 Y125.608 E2191.73368
G1 X114.817 Y127.126 E2191.91732
G1 X114.466 Y127.952 E2192.01807
G1 X113.46 Y130.173 E2192.29176
G1 X113.931 Y130.071 E2192.34586
G1 X114.398 Y129.923 E2192.40085
G1 X114.876 Y129.736 E2192.45847
G1 X115.696 Y129.344 E2192.56049
G1 X116.135 Y129.072 E2192.61846
G1 X117.318 Y128.256 E2192.77979
G1 X118.083 Y127.687 E2192.88681
G1 X118.955 Y126.977 E2193.01304
G1 X119.836 Y126.203 E2193.14468
G1 X120.777 Y125.298 E2193.29123
G1 X121.678 Y124.322 E2193.44034
G1 X122.525 Y123.304 E2193.58899
G1 X123.279 Y122.321 E2193.72806
G1 X123.957 Y121.377 E2193.85852
G1 X124.927 Y119.921 E2194.05491
G1 X125.28 Y119.359 E2194.12941
G1 X134.216 Y104.394 E2196.08598
G1 X134.338 Y104.328 E2196.10155
G1 X134.585 Y104.347 E2196.12935
G1 X136.594 Y105.872 E2196.41248
G1 X138.008 Y104.015 E2196.67449
G1 X138.196 Y103.914 E2196.69844
G1 X138.318 Y103.919 E2196.71215
G1 X140.409 Y104.917 E2196.97224
G1 X141.549 Y102.782 E2197.24392
G1 X141.634 Y102.706 E2197.25672
G1 X141.836 Y102.667 E2197.27981
G1 X144.28 Y103.369 E2197.56525
G1 X145.329 Y102.138 E2197.7468
G1 X144.971 Y101.947 E2197.79235
G1 X144.502 Y101.73 E2197.85036
G1 X143.753 Y101.424 E2197.94118
G1 X142.658 Y101.006 E2198.07275
G1 X141.376 Y100.564 E2198.22497
G1 X140.724 Y100.366 E2198.30146
G1 X140.122 Y100.204 E2198.37144
G1 X138.309 Y99.823 E2198.5794
G1 X136.142 Y99.413 E2198.82697
G1 X133.702 Y98.983 E2199.10509
G1 X132.407 Y98.796 E2199.25197
G1 X132.021 Y98.908 E2199.29708
G1 X131.733 Y99.139 E2199.33853
G1 X124.186 Y112.832 E2201.09361
G1 X122.884 Y115.137 E2201.39078
G1 X122.651 Y115.488 E2201.43807
G1 X122.412 Y115.776 E2201.48008
G1 X122.163 Y116.023 E2201.51945
G1 X121.893 Y116.239 E2201.55826
G1 X121.619 Y116.402 E2201.59405
G1 X121.21 Y116.593 E2201.64472
G1 X120.655 Y116.688 E2201.70793
G1 X120.225 Y116.691 E2201.7562
G1 X119.942 Y116.648 E2201.78833
G1 X102.509 Y112.102 E2203.81068
G1 X88.088 Y108.498 E2205.47926
G1 X87.613 Y108.275 E2205.53817
G1 X87.345 Y108.053 E2205.57723
G1 X87.151 Y107.81 E2205.61214
G1 X86.892 Y107.32 E2205.67435
G1 X86.868 Y106.696 E2205.74445
G1 X86.96 Y106.236 E2205.79711
G1 X87.304 Y105.67 E2205.87146
G1 X87.737 Y105.361 E2205.93117
G1 X88.109 Y105.217 E2205.97595
G1 X122.93 Y101.877 E2209.90265
G1 X123.734 Y101.808 E2209.99323
G1 X123.917 Y101.591 E2210.0251
G1 X125.115 Y98.504 E2210.3968
G1 X125.107 Y98.41 E2210.40739
G1 X124.188 Y98.449 E2210.51064
G1 X123.833 Y98.449 E2210.55049
G1 X123.456 Y98.327 E2210.59497
G1 X123.221 Y98.12 E2210.63013
G1 X123.045 Y97.862 E2210.66519
G1 X122.616 Y96.969 E2210.77639
G1 X122.032 Y95.89 E2210.91412
G1 X121.627 Y95.232 E2211.00085
G1 X121.234 Y94.636 E2211.08099
G1 X120.767 Y94.006 E2211.16902
G1 X120.27 Y93.411 E2211.25605
G1 X119.039 Y92.076 E2211.45989
G1 X117.966 Y90.997 E2211.6307
G1 X117.563 Y90.622 E2211.6925
G1 X117.162 Y90.279 E2211.75173
G1 X116.848 Y90.032 E2211.79658
G1 X116.52 Y89.817 E2211.8406
G1 X116.407 Y89.794 E2211.85355
G1 X116.342 Y89.999 E2211.87769
G1 X116.376 Y91.721 E2212.07102
G1 X116.38 Y93.154 E2212.23188
G1 X116.339 Y94.431 E2212.3753
G1 X116.228 Y95.524 E2212.49863
G1 X116.1 Y96.498 E2212.6089
G1 X115.892 Y97.639 E2212.73909
G1 X115.807 Y97.955 E2212.77583
G1 X115.944 Y98.004 E2212.79216
G1 X118.438 Y98.058 E2213.07218
G1 X118.713 Y98.149 E2213.1047
G1 X119.004 Y98.41 E2213.14858
G1 X119.101 Y98.786 E2213.19217
G1 X118.948 Y99.16 E2213.23753
G1 X118.729 Y99.327 E2213.26844
G1 X118.32 Y99.49 E2213.31787
G1 X108.885 Y100.878 E2214.38837
G1 X105.604 Y101.284 E2214.75948
G1 X105.075 Y101.195 E2214.8197
G1 X104.683 Y101.048 E2214.86669
G1 X102.968 Y99.998 E2215.09242
G1 X102.448 Y99.726 E2215.1583
G1 X101.821 Y99.44 E2215.23566
G1 X100.446 Y98.889 E2215.40194
G1 X99.123 Y98.422 E2215.55943
G1 X98.255 Y98.154 E2215.6614
G1 X98.095 Y98.159 E2215.67937
G1 X98.291 Y98.683 E2215.74217
G1 X98.379 Y99.021 E2215.78138
G1 X98.455 Y99.406 E2215.82543
G1 X98.499 Y99.798 E2215.86971
G1 X98.483 Y100.3 E2215.92609
G1 X98.393 Y100.755 E2215.97815
G1 X98.277 Y101.059 E2216.01468
G1 X98.109 Y101.361 E2216.05347
G1 X97.918 Y101.623 E2216.08987
G1 X97.684 Y101.867 E2216.12782
G1 X97.306 Y102.166 E2216.18192
G1 X97.001 Y102.347 E2216.22173
G1 X93.026 Y102.836 E2216.6713
G1 X92.07 Y102.891 E2216.77879
G1 X91.547 Y102.746 E2216.83971
G1 X89.901 Y102.168 E2217.03554
G1 X88.958 Y101.87 E2217.14656
G1 X87.828 Y101.558 E2217.27815
G1 X88.27 Y102.526 E2217.3976
G1 X88.258 Y102.982 E2217.44881
G1 X88.015 Y103.285 E2217.49241
G1 X87.645 Y103.477 E2217.5392
G1 X84.254 Y103.812 E2217.9217
G1 X83.983 Y103.832 E2217.9522
G1 X83.679 Y103.831 E2217.98633
G1 X83.2 Y103.785 E2218.04035
G1 X82.772 Y103.695 E2218.08944
G1 X82.392 Y103.564 E2218.13456
G1 X82.109 Y103.429 E2218.16976
G1 X81.766 Y103.208 E2218.21556
G1 X81.135 Y102.624 E2218.31207
G1 X80.56 Y102.131 E2218.3971
G1 X79.853 Y101.601 E2218.49628
G1 X78.182 Y100.47 E2218.72278
G1 X77.13 Y99.837 E2218.8606
G1 X76.569 Y99.53 E2218.93239
G1 X75.829 Y99.163 E2219.02511
G1 X75.279 Y98.981 E2219.09014
G1 X74.754 Y98.848 E2219.15094
G1 X73.795 Y98.718 E2219.25957
G1 X73.004 Y98.645 E2219.34874
G1 X72.706 Y98.649 E2219.3822
G1 X72.434 Y98.689 E2219.41306
G1 X72.58 Y98.873 E2219.43942
G1 X73.883 Y100.029 E2219.63495
G1 X74.719 Y100.881 E2219.76895
G1 X75.987 Y102.326 E2219.98475
G1 X76.769 Y103.353 E2220.12965
G1 X77.452 Y104.308 E2220.26144
G1 X78.022 Y105.189 E2220.37923
G1 X78.237 Y105.573 E2220.42863
G1 X78.463 Y106.072 E2220.49013
G1 X78.499 Y106.641 E2220.55413
G1 X78.457 Y107.023 E2220.59726
G1 X78.36 Y107.455 E2220.64696
G1 X78.22 Y107.919 E2220.70137
G1 X78.043 Y108.395 E2220.75838
G1 X77.603 Y109.383 E2220.87978
G1 X77.057 Y110.446 E2221.01393
G1 X76.458 Y111.491 E2221.14914
G1 X75.852 Y112.472 E2221.27857
G1 X75.259 Y113.387 E2221.40097
G1 X74.989 Y113.841 E2221.46026
G1 X74.698 Y114.27 E2221.51845
G1 X74.368 Y114.719 E2221.581
G1 X73.841 Y115.363 E2221.67441
G1 X73.124 Y116.125 E2221.79186
G1 X72.529 Y116.698 E2221.88459
G1 X72.397 Y116.934 E2221.91494
G1 X72.507 Y117.972 E2222.03212
G1 X72.457 Y118.227 E2222.06129
G1 X72.237 Y118.505 E2222.10108
G1 X71.905 Y118.612 E2222.14024
G1 X70.34 Y118.602 E2222.31592
G1 X69.152 Y122.161 E2222.73709
G1 X71.273 Y121.067 E2223.00499
G1 X73.446 Y119.915 E2223.28107
G1 X74.32 Y119.424 E2223.3936
G1 X74.929 Y119.055 E2223.47353
G1 X76.043 Y118.293 E2223.62504
G1 X77.094 Y117.517 E2223.77169
G1 X77.743 Y117.006 E2223.86442
G1 X78.4 Y116.459 E2223.96038
G1 X79.073 Y115.864 E2224.06122
G1 X79.734 Y115.241 E2224.16318
G1 X80.418 Y114.545 E2224.27272
G1 X81.104 Y113.8 E2224.3864
G1 X83.415 Y111.144 E2224.78161
G1 X83.841 Y110.693 E2224.85125
G1 X84.189 Y110.386 E2224.90334
G1 X84.528 Y110.168 E2224.94858
G1 X84.842 Y110.02 E2224.98755
G1 X85.172 Y109.923 E2225.02616
G1 X85.488 Y109.871 E2225.06211
G1 X85.82 Y109.848 E2225.09947
G1 X86.189 Y109.856 E2225.1409
G1 X86.875 Y109.914 E2225.21818
G1 X87.211 Y109.962 E2225.25628
G1 X87.685 Y110.067 E2225.31078
G1 X88.166 Y110.269 E2225.36934
G1 X88.456 Y110.442 E2225.40724
G1 X88.953 Y110.957 E2225.48758
G1 X89.163 Y111.206 E2225.52415
G1 X89.382 Y111.495 E2225.56485
G1 X89.571 Y111.798 E2225.60494
G1 X89.718 Y112.108 E2225.64345
G1 X89.918 Y112.652 E2225.70851
G1 X90.078 Y113.202 E2225.77281
G1 X90.178 Y113.685 E2225.82818
G1 X90.242 Y114.172 E2225.88332
G1 X90.379 Y114.282 E2225.90304
G1 X90.7 Y114.308 E2225.93919
G1 X92.073 Y113.868 E2226.10103
G1 X94.727 Y113.067 E2226.41223
G1 X95.334 Y112.926 E2226.48218
G1 X95.878 Y112.85 E2226.54384
G1 X96.404 Y112.816 E2226.603
G1 X96.889 Y112.817 E2226.65745
G1 X97.705 Y112.889 E2226.7494
G1 X110.045 Y116.146 E2228.18204
G0 F9000 X110.327 Y115.078
G0 X111.644 Y115.485
G0 X110.407 Y115.232
G0 X114.635 Y117.474
G0 X115.248 Y117.989
G0 X115.712 Y118.639
G0 X116.158 Y119.757
G0 X116.375 Y120.97
G0 X116.398 Y122.582
G0 X116.123 Y126.205
G0 X115.122 Y128.655
G0 X116.852 Y127.604
G0 X116.649 Y127.328
;TYPE:SKIN
G1 F1500 X115.678 Y127.998 E2228.31447
G1 X115.868 Y127.564 E2228.36765
G1 X116.483 Y126.037 E2228.55244
G1 X116.673 Y125.467 E2228.61988
G1 X116.837 Y124.895 E2228.68668
G1 X116.996 Y124.181 E2228.76879
G1 X117.117 Y123.441 E2228.85296
G1 X117.197 Y122.65 E2228.94221
G1 X117.212 Y121.689 E2229.0501
G1 X117.176 Y120.961 E2229.13192
G1 X117.112 Y120.414 E2229.19374
G1 X117.04 Y120.014 E2229.23936
G1 X116.935 Y119.57 E2229.29057
G1 X116.779 Y119.07 E2229.34937
G1 X116.635 Y118.708 E2229.3931
G1 X116.421 Y118.276 E2229.44722
G1 X116.165 Y117.852 E2229.50282
G1 X115.885 Y117.505 E2229.55287
G1 X115.507 Y117.118 E2229.61359
G1 X115.089 Y116.809 E2229.67194
G1 X114.32 Y116.383 E2229.77063
G1 X114.384 Y116.378 E2229.77783
G1 X119.632 Y117.747 E2230.38665
G1 X120.12 Y117.831 E2230.44224
G1 X120.76 Y117.828 E2230.51408
G1 X121.356 Y117.724 E2230.58199
G1 X121.693 Y117.623 E2230.62148
G1 X122.202 Y117.383 E2230.68465
G1 X122.569 Y117.156 E2230.73309
G1 X122.95 Y116.845 E2230.7883
G1 X123.272 Y116.521 E2230.83958
G1 X123.519 Y116.225 E2230.88285
G1 X123.837 Y115.756 E2230.94646
G1 X125.178 Y113.388 E2231.25194
G1 X132.575 Y99.971 E2232.97176
G1 X133.504 Y100.106 E2233.07714
G1 X136.133 Y100.571 E2233.37683
G1 X138.087 Y100.941 E2233.60007
G1 X139.828 Y101.309 E2233.79982
G1 X140.425 Y101.463 E2233.86903
G1 X141.145 Y101.686 E2233.95364
G1 X141.034 Y101.738 E2233.9674
G1 X140.6 Y102.118 E2234.03216
G1 X139.913 Y103.417 E2234.19711
G1 X138.627 Y102.803 E2234.35708
G1 X138.042 Y102.782 E2234.42279
G1 X137.56 Y102.933 E2234.47949
G1 X137.183 Y103.22 E2234.53267
G1 X136.374 Y104.276 E2234.682
G1 X135.126 Y103.33 E2234.85779
G1 X134.685 Y103.192 E2234.90966
G1 X134.316 Y103.17 E2234.95116
G1 X133.962 Y103.247 E2234.99182
G1 X133.531 Y103.483 E2235.04698
G1 X133.225 Y103.834 E2235.09925
G1 X124.321 Y118.734 E2237.04771
G1 X123.989 Y119.265 E2237.11801
G1 X123.021 Y120.721 E2237.31427
G1 X122.338 Y121.674 E2237.44589
G1 X121.633 Y122.592 E2237.57582
G1 X120.826 Y123.558 E2237.71711
G1 X119.949 Y124.51 E2237.86241
G1 X119.096 Y125.331 E2237.99531
G1 X118.205 Y126.113 E2238.12839
G1 X117.402 Y126.77 E2238.24485
G1 X116.649 Y127.328 E2238.35006
G0 F9000 X116.852 Y127.604
G0 X115.122 Y128.655
G0 X116.583 Y124.488
G0 X117.204 Y124.626
G1 F1500 X125.27 Y116.561 E2239.63045
G0 F9000 X125.82 Y116.89
G0 X123.249 Y120.887
G0 X121.853 Y122.767
G0 X120.162 Y124.695
G0 X118.37 Y126.345
G0 X116.804 Y127.565
G0 X115.668 Y128.349
G0 X115.122 Y128.655
G0 X116.896 Y120.963
G0 X114.92 Y117.032
G0 X114.213 Y116.642
G0 X113.203 Y115.968
G0 X114.411 Y116.097
G0 X120.893 Y117.229
G0 X123.303 Y115.946
G0 X123.83 Y116.304
G1 F1500 X127.786 Y112.348 E2240.25846
G1 F3600 E2236.25846
G0 F9000 X128.336 Y112.677
G0 X134.345 Y103.454
G0 X136.427 Y104.651
G0 X138.477 Y103.076
G0 X140.031 Y103.77
G0 X141.192 Y101.967
G0 X142.021 Y101.754
G0 X140.501 Y101.197
G0 X135.992 Y100.26
G0 X132.428 Y99.676
G0 X125.545 Y112.027
G0 X126.102 Y112.335
G1 F3600 E2240.25846
G1 F1500 X130.301 Y108.136 E2240.92505
G1 F3600 E2236.92505
G0 F9000 X130.851 Y108.466
G0 X134.345 Y103.454
G0 X136.427 Y104.651
G0 X138.477 Y103.076
G0 X140.031 Y103.77
G0 X141.192 Y101.967
G0 X142.021 Y101.754
G0 X140.501 Y101.197
G0 X135.992 Y100.26
G0 X132.428 Y99.676
G0 X128.671 Y106.353
G0 X129.229 Y106.661
G1 F3600 E2240.92505
G1 F1500 X135.184 Y100.707 E2241.87033
G0 F9000 X134.463 Y100.58
G1 F1500 X130.272 Y104.771 E2242.53565
G0 F9000 X129.713 Y104.462
G0 X132.428 Y99.676
G0 X135.992 Y100.26
G0 X140.501 Y101.197
G0 X142.021 Y101.754
G0 X140.83 Y102.29
G0 X140.031 Y103.77
G0 X137.693 Y103.185
G0 X136.427 Y104.651
G0 X134.295 Y103.628
G0 X132.109 Y106.359
G0 X131.559 Y106.029
G1 F1500 X127.144 Y110.444 E2243.23653
G1 F3600 E2239.23653
G0 F9000 X126.587 Y110.136
G0 X132.428 Y99.676
G0 X135.992 Y100.26
G0 X140.501 Y101.197
G0 X142.021 Y101.754
G0 X140.83 Y102.29
G0 X140.031 Y103.77
G0 X137.693 Y103.185
G0 X136.427 Y104.651
G0 X134.295 Y103.628
G0 X129.594 Y110.571
G0 X129.043 Y110.241
G1 F3600 E2243.23653
G1 F1500 X125.036 Y114.249 E2243.87272
G1 F3600 E2239.87272
G0 F9000 X124.482 Y113.935
G0 X121.613 Y117.355
G0 X114.411 Y116.097
G0 X113.203 Y115.968
G0 X116.668 Y119.657
G0 X116.224 Y125.931
G0 X115.122 Y128.655
G0 X115.668 Y128.349
G0 X117.555 Y127.007
G0 X119.278 Y125.547
G0 X121.031 Y123.754
G0 X122.588 Y121.807
G0 X124.179 Y119.449
G0 X127.078 Y114.784
G0 X126.528 Y114.454
G1 F3600 E2243.87272
G1 F1500 X117.397 Y123.585 E2245.32226
G0 F9000 X117.498 Y122.636
G1 F1500 X122.719 Y117.414 E2246.15117
G0 F9000 X122.367 Y116.884
G0 X120.137 Y117.49
G0 X121.236 Y118.049
G1 F1500 X117.511 Y121.774 E2246.74252
G0 F9000 X117.477 Y120.96
G1 F1500 X120.306 Y118.13 E2247.1917
G0 F9000 X119.554 Y118.034
G1 F1500 X117.38 Y120.208 E2247.53682
G0 F9000 X117.229 Y119.51
G1 F1500 X118.881 Y117.858 E2247.79907
G0 F9000 X118.207 Y117.684
G1 F1500 X117.023 Y118.867 E2247.98695
G0 F9000 X116.76 Y118.282
G1 F1500 X117.534 Y117.508 E2248.10983
G0 F9000 X116.861 Y117.333
G1 F1500 X116.45 Y117.744 E2248.17507
G0 F9000 X116.074 Y117.271
G1 F1500 X116.188 Y117.158 E2248.19309
G0 F9000 X115.733 Y117.854
G0 X116.916 Y122.653
G0 X115.122 Y128.655
G0 X115.668 Y128.349
G0 X117.555 Y127.007
G0 X119.278 Y125.547
G0 X120.698 Y124.094
G0 X122.782 Y121.64
G0 X122.262 Y121.265
G1 F1500 X116.375 Y127.153 E2249.12773
G0 F9000 X116.739 Y127.683
G0 X115.122 Y128.655
G0 X116.274 Y125.596
G0 X116.879 Y125.8
G1 F1500 X124.005 Y118.674 E2250.25898
G1 F3600 E2246.25898
G0 F9000 X124.548 Y119.016
G0 X121.853 Y122.767
G0 X120.162 Y124.695
G0 X118.37 Y126.345
G0 X116.804 Y127.565
G0 X115.668 Y128.349
G0 X115.122 Y128.655
G0 X116.896 Y120.963
G0 X114.92 Y117.032
G0 X114.213 Y116.642
G0 X113.203 Y115.968
G0 X114.411 Y116.097
G0 X121.613 Y117.355
G0 X123.497 Y115.031
G0 X127.629 Y108.244
G0 X128.187 Y108.552
G1 F3600 E2250.25898
G1 F1500 X132.817 Y103.923 E2250.99391
G0 F9000 X133.367 Y104.253
G0 X133.679 Y103.06
G1 F1500 X135.905 Y100.835 E2251.34721
G0 F9000 X136.62 Y100.968
G1 F1500 X134.693 Y102.895 E2251.65312
G0 F9000 X135.325 Y103.112
G1 F1500 X137.334 Y101.103 E2251.97205
G0 F9000 X138.046 Y101.239
G1 F1500 X135.809 Y103.476 E2252.32717
G0 F9000 X136.294 Y103.839
G1 F1500 X136.448 Y103.685 E2252.35162
G0 F9000 X136.957 Y104.075
G0 X137.375 Y103.528
G0 X137.492 Y102.641
G1 F1500 X138.746 Y101.387 E2252.55069
G0 F9000 X139.447 Y101.535
G1 F1500 X138.488 Y102.494 E2252.70293
G0 F9000 X139.123 Y102.707
G1 F1500 X140.13 Y101.7 E2252.86279
G0 F9000 X140.591 Y101.162
G0 X142.021 Y101.754
G0 X140.49 Y103.058
G0 X139.922 Y102.757
G1 F1500 X139.697 Y102.982 E2252.89851
G0 F9000 X139.758 Y103.719
G0 X140.031 Y103.77
G0 X141.192 Y101.967
G0 X142.021 Y101.754
G0 X140.501 Y101.197
G0 X134.604 Y99.955
G0 X133.741 Y100.452
G1 F1500 X131.315 Y102.879 E2253.28372
G0 F9000 X130.756 Y102.57
G0 X131.798 Y100.679
G0 X132.357 Y100.988
G1 F1500 X133.008 Y100.337 E2253.38706
G1 F3600 E2249.38706
G0 F9000 X133.1 Y99.706
G0 X132.428 Y99.676
G0 X122.934 Y115.679
G0 X122.375 Y116.294
G0 X121.78 Y116.706
G0 X121.311 Y116.921
G0 X120.66 Y117.033
G0 X119.873 Y116.984
G0 X87.964 Y108.816
G0 X87.436 Y108.566
G0 X86.885 Y108.029
G0 X86.556 Y107.409
G0 X86.529 Y106.665
G0 X86.643 Y106.113
G0 X87.048 Y105.439
G0 X87.577 Y105.063
G0 X88.031 Y104.887
G0 X110.586 Y102.196
G0 X109.032 Y102.076
G0 X105.709 Y102.397
G0 X110.279 Y101.589
G0 X110.633 Y101.84
G1 F3600 E2253.38706
G1 F1188.9 X111.303 Y101.759 E2253.48264
G1 F1137.8 X111.973 Y101.678 E2253.58251
G1 F1089.6 X112.643 Y101.597 E2253.68681
G1 F1046.5 X113.313 Y101.515 E2253.79541
G1 F1006.7 X113.983 Y101.434 E2253.90829
G1 F969.8 X114.653 Y101.353 E2254.02546
G1 F934.6 X115.323 Y101.272 E2254.14705
G1 F902.7 X115.994 Y101.19 E2254.27314
G0 F9000 X116.614 Y101.377
G1 F1397.5 X116.304 Y101.284 E2254.31214
G1 F1010.1 X115.994 Y101.19 E2254.36614
G1 X116.273 Y101.026 E2254.42008
G1 F1397.5 X116.553 Y100.861 E2254.45924
G1 F1642.3 X118.581 Y100.589 E2254.66902
G1 F1530.6 X119.146 Y100.384 E2254.73514
G1 F1500 X119.648 Y100.079 E2254.80108
G1 X120.03 Y99.52 E2254.87708
G1 X120.156 Y99.213 E2254.91433
G1 X120.232 Y98.781 E2254.96357
G1 X120.169 Y98.266 E2255.02181
G1 X120.016 Y97.89 E2255.06738
G1 X119.752 Y97.554 E2255.11534
G1 X119.373 Y97.209 E2255.17287
G1 X118.993 Y97.03 E2255.22003
G1 X118.559 Y96.919 E2255.27031
G1 X117.196 Y96.887 E2255.42336
G1 X117.358 Y95.664 E2255.56184
G1 X117.479 Y94.475 E2255.696
G1 X117.52 Y93.178 E2255.84166
G1 X117.514 Y92.162 E2255.95571
G1 X118.194 Y92.843 E2256.06374
G1 X119.418 Y94.171 E2256.26648
G1 X119.86 Y94.698 E2256.34369
G1 X120.29 Y95.277 E2256.42464
G1 X120.668 Y95.85 E2256.5017
G1 X121.036 Y96.447 E2256.58042
G1 X121.595 Y97.48 E2256.71227
G1 X122.069 Y98.465 E2256.83498
G1 X122.408 Y98.942 E2256.90066
G1 X122.868 Y99.296 E2256.96582
G1 X123.167 Y99.429 E2257.00256
G1 X123.492 Y99.532 E2257.04083
G1 X123.031 Y100.722 E2257.18408
G1 X119.31 Y101.079 E2257.60369
G1 F1551.7 X117.962 Y101.228 E2257.75086
G1 F1663.6 X116.614 Y101.377 E2257.88812
G0 F9000 X116.642 Y101.678
G0 X123.224 Y100.981
G0 X123.396 Y100.719
G0 X122.711 Y100.452
G1 F1500 X122.879 Y100.284 E2257.91479
G0 F9000 X122.747 Y99.568
G1 F1500 X121.772 Y100.542 E2258.0695
G0 F9000 X120.834 Y100.632
G1 F1500 X122.259 Y99.206 E2258.29579
G0 F9000 X121.888 Y98.729
G1 F1500 X119.896 Y100.722 E2258.6121
G0 F9000 X119.029 Y100.739
G1 F1500 X118.941 Y100.828 E2258.62615
G0 F9000 X119.42 Y99.813
G0 X119.843 Y98.384
G0 X120.428 Y99.341
G1 F1500 X121.595 Y98.173 E2258.81149
G0 F9000 X121.319 Y97.601
G1 F1500 X120.493 Y98.427 E2258.94262
G0 F9000 X120.294 Y97.777
G1 F1500 X121.021 Y97.05 E2259.05803
G0 F9000 X120.719 Y96.504
G1 F1500 X119.92 Y97.304 E2259.18495
G0 F9000 X119.456 Y96.919
G1 F1500 X120.394 Y95.981 E2259.33386
G0 F9000 X120.057 Y95.469
G1 F1500 X118.843 Y96.683 E2259.52658
G0 F9000 X118.069 Y96.608
G1 F1500 X119.696 Y94.981 E2259.78487
G0 F9000 X119.314 Y94.515
G1 F1500 X117.583 Y96.246 E2260.05966
G0 F9000 X117.699 Y95.282
G1 F1500 X118.913 Y94.067 E2260.25246
G0 F9000 X118.506 Y93.626
G1 F1500 X117.783 Y94.349 E2260.36724
G0 F9000 X117.811 Y93.472
G1 F1500 X118.1 Y93.184 E2260.41304
G1 F3600 E2256.41304
G0 F9000 X118.571 Y92.75
G0 X117.258 Y91.545
G0 X116.216 Y97.685
G0 X118.502 Y97.72
G0 X118.875 Y97.835
G0 X119.331 Y98.252
G0 X119.454 Y98.806
G0 X119.24 Y99.348
G0 X118.958 Y99.6
G0 X118.409 Y99.825
G0 X108.724 Y101.247
G0 X105.604 Y101.625
G0 X105.014 Y101.537
G0 X99.343 Y99.431
G0 X97.88 Y102.812
G0 X91.241 Y103.551
G0 X89.142 Y102.844
G0 X88.025 Y104.307
G0 X88.947 Y104.234
G0 X96.876 Y103.473
G0 X88.972 Y103.973
G1 F3600 E2260.41304
G1 F1442.3 X89.3 Y103.458 E2260.48432
G1 X89.359 Y103.202 E2260.51499
G1 X91.018 Y103.78 E2260.72008
G1 X88.972 Y103.973 E2260.96
G0 F9000 X96.872 Y103.423
G0 X97.309 Y103.381
G0 X98.46 Y102.702
G1 F1500 X98.831 Y102.302 E2261.02124
G1 X99.006 Y102.062 E2261.05458
G1 X99.305 Y101.556 E2261.12056
G1 X99.493 Y101.068 E2261.17926
G1 X99.619 Y100.424 E2261.25292
G1 X99.633 Y99.811 E2261.32175
G1 X100.024 Y99.952 E2261.36841
G1 X101.331 Y100.473 E2261.52635
G1 X101.932 Y100.742 E2261.60027
G1 X102.447 Y101.014 E2261.66564
G1 X104.182 Y102.08 E2261.89423
G1 X104.71 Y102.276 E2261.95745
G1 X104.902 Y102.392 E2261.98263
G1 X104.638 Y102.485 E2262.01405
G1 X97.926 Y103.13 E2262.77096
G1 X98.46 Y102.702 E2262.84778
G0 F9000 X97.304 Y103.43
G0 X104.695 Y102.761
G0 X104.982 Y102.668
G0 X105.988 Y102.428
G0 X103.73 Y101.404
G0 X103.395 Y101.949
G1 F1500 X103.004 Y102.34 E2262.90985
G0 F9000 X102.869 Y101.626
G1 F1500 X102.065 Y102.43 E2263.03749
G0 F9000 X101.127 Y102.52
G1 F1500 X102.343 Y101.304 E2263.23053
G0 F9000 X101.791 Y101.007
G1 F1500 X100.188 Y102.61 E2263.485
G0 F9000 X99.249 Y102.701
G1 F1500 X101.205 Y100.744 E2263.7956
G0 F9000 X100.599 Y100.503
G1 F1500 X99.678 Y101.423 E2263.94173
G1 F3600 E2259.94173
G0 F9000 X99.082 Y101.195
G0 X99.343 Y99.431
G0 X101.451 Y100.219
G0 X102.543 Y100.747
G0 X105.988 Y102.428
G0 X104.982 Y102.668
G0 X104.695 Y102.761
G0 X88.031 Y104.887
G0 X87.577 Y105.063
G0 X87.048 Y105.439
G0 X86.643 Y106.113
G0 X86.529 Y106.665
G0 X86.556 Y107.409
G0 X86.885 Y108.029
G0 X87.436 Y108.566
G0 X87.964 Y108.816
G0 X96.454 Y111.477
G0 X97.57 Y111.862
G0 X91.822 Y113.107
G0 X91.717 Y112.78
G1 F3600 E2263.94173
G1 F1500 X91.186 Y112.953 E2264.00442
G1 X90.997 Y112.286 E2264.08224
G1 X90.786 Y111.712 E2264.15088
G1 X90.605 Y111.315 E2264.19986
G1 X90.345 Y110.883 E2264.25646
G1 X90.072 Y110.519 E2264.30754
G1 X89.705 Y110.077 E2264.37203
G1 X96.143 Y111.685 E2265.11691
G1 X95.826 Y111.708 E2265.15259
G1 X95.184 Y111.794 E2265.2253
G1 X94.449 Y111.959 E2265.30986
G1 X91.717 Y112.78 E2265.63008
G0 F9000 X91.822 Y113.107
G0 X90.991 Y113.298
G0 X90.295 Y111.456
G0 X90.834 Y111.115
G1 F1500 X91.192 Y110.758 E2265.68683
G0 F9000 X91.871 Y110.927
G1 F1500 X91.101 Y111.697 E2265.80907
G0 F9000 X91.321 Y112.325
G1 F1500 X92.55 Y111.096 E2266.00418
G0 F9000 X93.229 Y111.266
G1 F1500 X92.156 Y112.339 E2266.17451
G0 F9000 X92.339 Y112.951
G0 X93.554 Y112.586
G0 X93.372 Y111.972
G1 F1500 X93.908 Y111.436 E2266.2596
G1 F3600 E2262.2596
G0 F9000 X96.877 Y111.624
G0 X97.57 Y111.862
G0 X90.489 Y113.512
G0 X90.028 Y111.963
G0 X89.65 Y111.289
G0 X88.673 Y110.178
G0 X87.917 Y109.797
G0 X86.911 Y109.578
G0 X85.831 Y109.512
G0 X85.1 Y109.594
G0 X84.364 Y109.871
G0 X83.614 Y110.446
G0 X79.475 Y114.561
G0 X74.858 Y118.134
G0 X74.583 Y117.731
G1 F3600 E2266.2596
G1 F1018.1 X74.253 Y117.967 E2266.3267
G1 F1027.4 X73.752 Y118.27 E2266.42266
G1 X73.776 Y117.83 E2266.49488
G1 X73.722 Y117.319 E2266.57909
G1 F1018.1 X74.022 Y117.042 E2266.64662
G1 F1020.4 X74.029 Y117.019 E2266.65059
G1 F1120.8 X74.25 Y116.685 E2266.71076
G1 F1347.3 X74.472 Y116.351 E2266.76088
G1 F1500 X74.711 Y116.098 E2266.79995
G1 X75.285 Y115.394 E2266.90191
G1 X75.602 Y114.962 E2266.96206
G1 X75.936 Y114.474 E2267.02844
G1 X76.223 Y113.995 E2267.09112
G1 X76.812 Y113.088 E2267.21252
G1 X77.432 Y112.077 E2267.34565
G1 X78.052 Y111.002 E2267.48495
G1 X78.599 Y109.942 E2267.61885
G1 X79.09 Y108.845 E2267.75376
G1 X79.314 Y108.241 E2267.82607
G1 X79.452 Y107.778 E2267.88031
G1 X79.578 Y107.213 E2267.94529
G1 X79.643 Y106.667 E2268.00701
G1 X79.602 Y105.967 E2268.08572
G1 X79.506 Y105.608 E2268.12744
G1 X79.232 Y105.016 E2268.20066
G1 X79.002 Y104.605 E2268.25353
G1 X78.373 Y103.629 E2268.38387
G1 X77.7 Y102.692 E2268.51337
G1 X76.839 Y101.565 E2268.67258
G1 X75.853 Y100.447 E2268.83991
G1 X76.044 Y100.542 E2268.86386
G1 X76.544 Y100.816 E2268.92786
G1 X77.543 Y101.417 E2269.05873
G1 X79.168 Y102.512 E2269.27869
G1 X79.812 Y102.996 E2269.36912
G1 X80.372 Y103.472 E2269.45162
G1 X81.023 Y104.08 E2269.55161
G1 X81.564 Y104.436 E2269.62431
G1 X82.03 Y104.647 E2269.68173
G1 X82.474 Y104.796 E2269.7343
G1 X83.032 Y104.913 E2269.7983
G1 X83.677 Y104.972 E2269.87101
G1 X84.069 Y104.967 E2269.91501
G1 X86.678 Y104.718 E2270.20921
G1 X86.328 Y105.087 E2270.2663
G1 X86.015 Y105.587 E2270.33252
G1 X85.829 Y106.06 E2270.38957
G1 X85.721 Y106.605 E2270.45194
G1 X85.757 Y107.44 E2270.54576
G1 X85.859 Y107.799 E2270.58765
G1 X86.193 Y108.439 E2270.66869
G1 X86.419 Y108.719 E2270.70908
G1 X85.766 Y108.707 E2270.7824
G1 X85.328 Y108.74 E2270.8317
G1 X84.935 Y108.808 E2270.87647
G1 X84.429 Y108.952 E2270.93553
G1 X83.975 Y109.167 E2270.99192
G1 X83.516 Y109.464 E2271.05329
G1 X83.023 Y109.896 E2271.12687
G1 X82.578 Y110.365 E2271.19944
G1 X80.228 Y113.066 E2271.60133
G1 X79.622 Y113.72 E2271.70141
G1 X78.942 Y114.416 E2271.81064
G1 X78.311 Y115.013 E2271.90815
G1 X77.663 Y115.586 E2272.00525
G1 X77.03 Y116.112 E2272.09764
G1 X76.447 Y116.574 E2272.18114
G1 X75.351 Y117.382 E2272.33399
G1 F1337.3 X74.967 Y117.556 E2272.38707
G1 F1098.9 X74.583 Y117.731 E2272.45173
G0 F9000 X74.858 Y118.134
G0 X77.831 Y115.814
G0 X84.003 Y110.101
G0 X85.762 Y108.989
G0 X87.154 Y109.044
G0 X86.405 Y108.111
G0 X85.567 Y107.897
G1 F1500 X84.965 Y108.499 E2272.5473
G0 F9000 X85.07 Y109.13
G0 X87.154 Y109.044
G0 X86.075 Y106.924
G0 X85.445 Y107.171
G1 F1500 X83.495 Y109.121 E2272.85686
G0 F9000 X83.577 Y109.861
G0 X82.19 Y111.332
G0 X81.706 Y110.91
G1 F1500 X76.331 Y116.284 E2273.71006
G0 F9000 X76.726 Y116.788
G0 X73.875 Y118.687
G0 X72.774 Y119.304
G0 X72.237 Y119.463
G0 X73.363 Y117.877
G0 X73.291 Y117.165
G0 X75.457 Y114.577
G0 X75.983 Y114.936
G1 F1500 X85.817 Y105.102 E2275.2712
G0 F9000 X84.879 Y105.191
G1 F1500 X77.452 Y112.618 E2276.45024
G0 F9000 X76.91 Y112.283
G0 X77.72 Y110.899
G0 X78.573 Y110.649
G1 F1500 X83.955 Y105.267 E2277.30463
G0 F9000 X83.149 Y105.224
G1 F1500 X79.331 Y109.042 E2277.91073
G0 F9000 X78.747 Y108.781
G0 X79.142 Y107.619
G0 X79.765 Y107.76
G1 F1500 X82.434 Y105.091 E2278.33444
G0 F9000 X81.802 Y104.874
G1 F1500 X79.937 Y106.739 E2278.6305
G0 F9000 X79.901 Y105.927
G1 F1500 X81.243 Y104.585 E2278.84355
G0 F9000 X80.747 Y104.232
G1 F1500 X79.692 Y105.287 E2279.01103
G0 F9000 X79.411 Y104.72
G1 F1500 X80.308 Y103.822 E2279.1535
G0 F9000 X79.856 Y103.426
G1 F1500 X79.093 Y104.189 E2279.27463
G0 F9000 X78.76 Y103.674
G1 F1500 X79.384 Y103.049 E2279.37377
G0 F9000 X78.895 Y102.69
G1 F1500 X78.414 Y103.171 E2279.45013
G0 F9000 X78.06 Y102.677
G1 F1500 X78.388 Y102.348 E2279.50228
G0 F9000 X77.881 Y102.007
G1 F1500 X77.696 Y102.192 E2279.53165
G0 F9000 X77.463 Y102.946
G0 X74.906 Y99.803
G0 X75.501 Y99.961
G0 X76.695 Y100.58
G0 X83.074 Y104.638
G0 X87.807 Y104.366
G0 X86.105 Y106.418
G0 X85.476 Y106.292
G1 F1500 X74.43 Y117.337 E2281.28512
G1 F3600 E2277.28512
G0 F9000 X74.937 Y118.08
G0 X80.839 Y113.59
G0 X83.614 Y110.446
G0 X84.364 Y109.871
G0 X85.1 Y109.594
G0 X86.192 Y109.517
G0 X87.622 Y109.708
G0 X88.337 Y109.976
G0 X88.673 Y110.178
G0 X89.65 Y111.289
G0 X90.028 Y111.963
G0 X90.667 Y113.966
G0 X94.624 Y112.745
G0 X95.86 Y112.514
G0 X96.891 Y112.48
G0 X97.735 Y112.55
G0 X114.92 Y117.032
G0 X116.896 Y120.963
G0 X115.122 Y128.655
G0 X115.668 Y128.349
G0 X117.555 Y127.007
G0 X119.278 Y125.547
G0 X121.031 Y123.754
G0 X122.588 Y121.807
G0 X124.179 Y119.449
G0 X125.771 Y116.818
G0 X128.111 Y118.166
G0 X128.598 Y118.801
;TYPE:WALL-INNER
G1 F3600 E2281.28512
G1 F1500 X129.55 Y118.563 E2281.39527
G1 X130.812 Y118.199 E2281.54271
G1 X132.031 Y117.825 E2281.68584
G1 X133.804 Y117.24 E2281.89542
G1 X135.049 Y116.798 E2282.04372
G1 X136.453 Y116.273 E2282.21198
G1 X138.059 Y115.636 E2282.40592
G1 X139.33 Y115.093 E2282.56107
G1 X140.792 Y114.449 E2282.7404
G1 X142.293 Y113.75 E2282.92627
G1 X142.886 Y113.46 E2283.00037
G1 X143.541 Y113.11 E2283.08373
G1 X144.116 Y112.786 E2283.15782
G1 X144.697 Y112.428 E2283.23442
G1 X145.795 Y111.694 E2283.38268
G1 X146.912 Y110.877 E2283.53803
G1 X148.019 Y110.008 E2283.69601
G1 X148.445 Y109.657 E2283.75797
G1 X149.165 Y109.003 E2283.86715
G1 X149.491 Y108.686 E2283.9182
G1 X149.882 Y108.271 E2283.9822
G1 X150.194 Y107.887 E2284.03774
G1 X150.366 Y107.642 E2284.07134
G1 X150.485 Y107.359 E2284.1058
G1 X150.561 Y106.952 E2284.15228
G1 X150.508 Y106.682 E2284.18317
G1 X150.281 Y106.28 E2284.23499
G1 X149.977 Y105.94 E2284.28619
G1 X149.64 Y105.614 E2284.33882
G1 X149.242 Y105.279 E2284.39722
G1 X148.532 Y104.752 E2284.49647
G1 X147.856 Y104.297 E2284.58794
G1 X146.765 Y103.625 E2284.73178
G1 F1433.1 X145.246 Y105.33 E2285.00007
G1 F1315.8 X144.893 Y105.573 E2285.05491
G1 F1162.8 X144.695 Y105.666 E2285.08659
G1 F1071.4 X144.412 Y105.642 E2285.13122
G1 F1246.5 X143.868 Y105.364 E2285.21374
G1 F1500 X142.662 Y105.023 E2285.35443
G1 F1505 X141.622 Y106.871 E2285.59167
G1 F1515.2 X141.389 Y107.064 E2285.6253
G1 F1510.1 X140.662 Y107.188 E2285.70753
G1 F1500 X138.768 Y106.289 E2285.94287
G1 X137.439 Y108.063 E2286.19169
G1 X137.195 Y108.251 E2286.22627
G1 X136.995 Y108.33 E2286.25041
G1 X136.695 Y108.358 E2286.28423
G1 X136.451 Y108.305 E2286.31226
G1 X136.223 Y108.18 E2286.34145
G1 X134.944 Y107.219 E2286.52103
G1 X133.659 Y109.299 E2286.79548
G1 X128.385 Y118.242 E2287.96092
G1 X128.006 Y118.904 E2288.04655
G1 X128.598 Y118.801 E2288.114
G0 F9000 X128.706 Y118.569
G0 X133.883 Y109.431
G0 X135.02 Y107.617
G0 X137.319 Y108.481
G0 X138.852 Y106.627
G0 X141.583 Y107.295
G0 X139.803 Y110.109
G0 X140.391 Y110.966
G1 F1500 X140.138 Y110.707 E2288.15465
G1 X140.036 Y110.489 E2288.18166
G1 X140 Y110.125 E2288.22272
G1 X140.074 Y109.851 E2288.25458
G1 X140.282 Y109.387 E2288.31166
G1 X140.493 Y109.003 E2288.36084
G1 X140.734 Y108.647 E2288.4091
G1 X140.982 Y108.342 E2288.45323
G1 F1510.1 X141.845 Y107.429 E2288.59331
G1 F1515.2 X142.261 Y107.163 E2288.64819
G1 F1507.5 X142.769 Y106.897 E2288.71223
G1 F1502.5 X143.397 Y106.708 E2288.78573
G1 F1500 X143.813 Y106.628 E2288.83328
G1 F1428.6 X143.91 Y106.586 E2288.84574
G1 F1198.4 X144.292 Y106.473 E2288.90171
G1 F1071.4 X144.66 Y106.497 E2288.95967
G1 F1162.8 X144.96 Y106.6 E2289.0056
G1 F1308.1 X145.029 Y106.635 E2289.01556
G1 F1424.1 X145.76 Y106.86 E2289.10599
G1 F1500 X146.483 Y107.138 E2289.19294
G1 X146.697 Y107.258 E2289.22049
G1 X146.896 Y107.468 E2289.25296
G1 X147.006 Y107.691 E2289.28087
G1 X147.048 Y108.064 E2289.32301
G1 X146.936 Y108.419 E2289.3648
G1 X146.576 Y108.956 E2289.43737
G1 X145.773 Y109.687 E2289.55926
G1 X145.017 Y110.166 E2289.65973
G1 X144.213 Y110.585 E2289.7615
G1 X143.801 Y110.766 E2289.81201
G1 X143.304 Y110.934 E2289.8709
G1 X142.916 Y111.03 E2289.91577
G1 X142.463 Y111.103 E2289.96728
G1 X142.053 Y111.138 E2290.01347
G1 X141.606 Y111.148 E2290.06366
G1 X140.862 Y111.12 E2290.14723
G1 X140.608 Y111.073 E2290.17623
G1 X140.391 Y110.966 E2290.20339
G0 F9000 X140.826 Y110.518
;TYPE:WALL-OUTER
G1 F1500 X140.643 Y110.383 E2290.22892
G1 X140.598 Y110.261 E2290.24351
G1 X140.622 Y110.097 E2290.26212
G1 X140.84 Y109.612 E2290.32181
G1 X140.993 Y109.334 E2290.35743
G1 X141.199 Y109.026 E2290.39902
G1 X141.461 Y108.706 E2290.44545
G1 X142.205 Y107.914 E2290.56743
G1 X142.603 Y107.656 E2290.62067
G1 X143.018 Y107.449 E2290.67273
G1 X143.478 Y107.305 E2290.72683
G1 X143.96 Y107.212 E2290.78194
G1 X144.253 Y107.192 E2290.81491
G1 X144.567 Y107.21 E2290.85021
G1 X144.898 Y107.254 E2290.88769
G1 X145.226 Y107.324 E2290.92534
G1 X145.544 Y107.42 E2290.96263
G1 X146.315 Y107.716 E2291.05533
G1 X146.437 Y107.881 E2291.07837
G1 X146.414 Y108.124 E2291.10577
G1 X146.118 Y108.561 E2291.16502
G1 X145.418 Y109.203 E2291.27164
G1 X144.675 Y109.671 E2291.37021
G1 X143.973 Y110.035 E2291.45897
G1 X143.579 Y110.208 E2291.50728
G1 X143.16 Y110.352 E2291.55701
G1 X142.772 Y110.448 E2291.60188
G1 X142.353 Y110.511 E2291.64944
G1 X142.005 Y110.54 E2291.68864
G1 X141.628 Y110.548 E2291.73097
G1 X140.826 Y110.518 E2291.82106
G1 F3600 E2287.82106
G0 F9000 X139.803 Y110.109
G0 X141.583 Y107.295
G0 X138.852 Y106.627
G0 X136.675 Y108.618
G0 X135.02 Y107.617
G0 X133.883 Y109.431
G0 X128.554 Y118.518
G0 X128.071 Y119.502
G1 F3600 E2291.82106
G1 F1500 X128.713 Y119.39 E2291.89421
G1 X129.694 Y119.146 E2292.00769
G1 X130.987 Y118.773 E2292.15875
G1 X132.219 Y118.395 E2292.30341
G1 X133.998 Y117.808 E2292.5137
G1 X135.259 Y117.36 E2292.66392
G1 X136.673 Y116.831 E2292.83339
G1 X138.295 Y116.188 E2293.02925
G1 X139.54 Y115.656 E2293.18122
G1 X141.044 Y114.993 E2293.36573
G1 X142.483 Y114.325 E2293.54382
G1 X143.168 Y113.99 E2293.62941
G1 X143.835 Y113.633 E2293.71434
G1 X144.43 Y113.297 E2293.79104
G1 X145.029 Y112.928 E2293.87001
G1 X146.124 Y112.197 E2294.0178
G1 X147.283 Y111.349 E2294.17901
G1 X148.401 Y110.471 E2294.33858
G1 X148.836 Y110.112 E2294.4019
G1 X149.609 Y109.419 E2294.51843
G1 X149.609 Y109.406 E2294.51989
G1 X149.88 Y109.146 E2294.56205
G1 X150.334 Y108.666 E2294.63621
G1 X150.672 Y108.25 E2294.69638
G1 X150.895 Y107.934 E2294.7398
G1 X151.055 Y107.551 E2294.78639
G1 X151.128 Y107.272 E2294.81876
G1 X151.168 Y106.928 E2294.85764
G1 X151.078 Y106.47 E2294.91003
G1 X150.832 Y106.037 E2294.96594
G1 X150.655 Y105.798 E2294.99932
G1 X150.411 Y105.524 E2295.04051
G1 X150.042 Y105.168 E2295.09806
G1 X149.614 Y104.808 E2295.16084
G1 X148.878 Y104.262 E2295.26371
G1 X148.181 Y103.793 E2295.35802
G1 X146.648 Y102.854 E2295.55982
G1 X144.863 Y104.859 E2295.86115
G1 X144.725 Y104.939 E2295.87906
G1 X144.612 Y104.95 E2295.8918
G1 X142.37 Y104.317 E2296.15331
G1 X141.146 Y106.498 E2296.43406
G1 X141.07 Y106.562 E2296.44521
G1 X140.825 Y106.602 E2296.47307
G1 X138.582 Y105.537 E2296.7518
G1 X136.983 Y107.666 E2297.05068
G1 X136.841 Y107.75 E2297.0692
G1 X136.631 Y107.736 E2297.09283
G1 X134.779 Y106.345 E2297.35283
G1 X133.142 Y108.994 E2297.70238
G1 X127.865 Y117.944 E2298.86868
G1 X127.425 Y118.716 E2298.96842
G1 X127.293 Y119.014 E2299.00501
G1 X127.225 Y119.283 E2299.03616
G1 X127.269 Y119.38 E2299.04811
G1 X127.522 Y119.486 E2299.0789
G1 X127.744 Y119.526 E2299.10423
G1 X128.071 Y119.502 E2299.14103
G0 F9000 X128.706 Y118.569
G0 X133.883 Y109.431
G0 X135.02 Y107.617
G0 X137.319 Y108.481
G0 X138.852 Y106.627
G0 X141.583 Y107.295
G0 X143.234 Y106.542
G0 X143.155 Y106.228
;TYPE:SKIN
G1 F1601.4 X142.452 Y106.45 E2299.21854
G1 X142.912 Y105.635 E2299.31694
G1 X143.714 Y105.864 E2299.40464
G1 X143.895 Y106.003 E2299.42863
G1 X143.677 Y106.122 E2299.45475
G1 X143.155 Y106.228 E2299.51075
G0 F9000 X143.234 Y106.542
G0 X141.583 Y107.295
G0 X138.852 Y106.627
G0 X136.675 Y108.618
G0 X135.02 Y107.617
G0 X133.883 Y109.431
G0 X128.554 Y118.518
G0 X130.748 Y118.009
G0 X130.658 Y117.679
G1 F1500 X129.076 Y118.135 E2299.69557
G1 X134.189 Y109.47 E2300.82495
G1 X135.095 Y108.006 E2301.01821
G1 X135.891 Y108.608 E2301.13024
G1 X136.248 Y108.804 E2301.17596
G1 X136.653 Y108.892 E2301.22248
G1 X137.113 Y108.855 E2301.27429
G1 X137.454 Y108.723 E2301.31533
G1 X137.836 Y108.429 E2301.36944
G1 X138.934 Y106.965 E2301.57487
G1 X140.511 Y107.712 E2301.77074
G1 X140.87 Y107.672 E2301.81129
G1 X140.615 Y107.938 E2301.85266
G1 X140.304 Y108.321 E2301.90804
G1 X140.034 Y108.712 E2301.96138
G1 X139.845 Y109.05 E2302.00485
G1 X139.568 Y109.663 E2302.08036
G1 X139.461 Y110.065 E2302.12705
G1 X139.469 Y110.531 E2302.17937
G1 X139.723 Y111.102 E2302.24952
G1 X140.09 Y111.414 E2302.3036
G1 X140.435 Y111.582 E2302.34667
G1 X140.802 Y111.652 E2302.38861
G1 X141.615 Y111.688 E2302.47996
G1 X142.081 Y111.676 E2302.53229
G1 X142.525 Y111.635 E2302.58234
G1 X142.945 Y111.573 E2302.63
G1 F1374 X144.019 Y111.318 E2302.76527
G1 F1308.1 X144.442 Y111.11 E2302.82594
G1 F1410.7 X145.285 Y110.638 E2302.94126
G1 F1515.2 X146.086 Y110.11 E2303.04788
G1 F1500 X146.896 Y109.407 E2303.16827
G1 F1461 X147.063 Y109.203 E2303.19865
G1 F1487.6 X147.409 Y108.683 E2303.26935
G1 F1500 X147.589 Y108.133 E2303.33431
G1 X147.579 Y107.639 E2303.38978
G1 X147.296 Y107.062 E2303.46192
G1 X146.871 Y106.709 E2303.52393
G1 X145.873 Y106.323 E2303.64405
G1 X145.462 Y106.208 E2303.69196
G1 X145.165 Y106.075 E2303.72849
G1 X145.672 Y105.66 E2303.80204
G1 X146.865 Y104.324 E2304.00309
G1 X147.555 Y104.748 E2304.094
G1 X148.19 Y105.172 E2304.17971
G1 X148.917 Y105.712 E2304.28137
G1 X149.263 Y106.004 E2304.33219
G1 X149.599 Y106.325 E2304.38436
G1 X149.834 Y106.591 E2304.4242
G1 X150.022 Y106.923 E2304.46703
G1 X149.967 Y107.191 E2304.49774
G1 X149.869 Y107.427 E2304.52642
G1 X149.466 Y107.922 E2304.59808
G1 X149.121 Y108.289 E2304.65462
G1 X148.798 Y108.613 E2304.70597
G1 X148.107 Y109.234 E2304.81026
G1 F1495 X147.685 Y109.579 E2304.87165
G1 F1468.2 X147.323 Y109.853 E2304.92372
G1 F1500 X146.425 Y110.577 E2305.0532
G1 X145.466 Y111.246 E2305.18446
G1 F1401.9 X144.799 Y111.669 E2305.27933
G1 F1310 X144.335 Y111.95 E2305.34905
G1 F1374 X143.854 Y112.311 E2305.42274
G1 F1500 X142.779 Y112.906 E2305.56067
G1 X142.026 Y113.276 E2305.65485
G1 X140.578 Y113.949 E2305.83409
G1 X139.117 Y114.593 E2306.01331
G1 X137.91 Y115.111 E2306.16075
G1 X136.283 Y115.759 E2306.35734
G1 X134.636 Y116.376 E2306.55477
G1 X133.814 Y116.669 E2306.65273
G1 X131.88 Y117.307 E2306.88133
G1 X130.658 Y117.679 E2307.02472
G0 F9000 X130.748 Y118.009
G0 X128.554 Y118.518
G0 X133.883 Y109.431
G0 X135.02 Y107.617
G0 X135.994 Y108.259
G0 X135.607 Y108.769
G1 F1500 X134.007 Y110.369 E2307.27872
G0 F9000 X133.453 Y110.043
G0 X132.232 Y112.114
G0 X132.785 Y112.44
G1 F1500 X136.14 Y109.085 E2307.81133
G0 F9000 X136.899 Y109.174
G1 F1500 X131.563 Y114.51 E2308.65841
G0 F9000 X131.011 Y114.185
G0 X129.79 Y116.257
G0 X130.34 Y116.581
G1 F1500 X139.403 Y107.518 E2310.09716
G0 F9000 X139.979 Y107.791
G1 F1500 X130.3 Y117.47 E2311.6337
G0 F9000 X130.477 Y118.087
G0 X131.513 Y117.105
G1 F1500 X139.473 Y109.145 E2312.89735
G0 F9000 X140.18 Y109.153
G0 X139.803 Y110.109
G0 X139.166 Y110.302
G1 F1500 X132.77 Y116.697 E2313.91263
G0 F9000 X132.97 Y117.304
G0 X134.601 Y116.745
G0 X134.05 Y116.266
G1 F1500 X139.338 Y110.978 E2314.7521
G0 F9000 X139.695 Y111.47
G1 F1500 X135.392 Y115.772 E2315.43512
G0 F9000 X135.617 Y116.372
G0 X137.005 Y115.838
G0 X136.771 Y115.242
G1 F1500 X140.209 Y111.803 E2315.98098
G0 F9000 X140.907 Y111.954
G1 F1500 X138.203 Y114.659 E2316.41032
G0 F9000 X138.455 Y115.249
G0 X139.96 Y114.596
G0 X139.703 Y114.007
G1 F1500 X141.725 Y111.985 E2316.73131
G0 F9000 X142.638 Y111.921
G1 F1500 X141.254 Y113.304 E2316.95094
G0 F9000 X141.525 Y113.888
G0 X143.229 Y113.05
G0 X142.925 Y112.482
G1 F1500 X143.69 Y111.717 E2317.07238
G0 F9000 X144.178 Y112.513
G0 X146.75 Y110.672
G0 X148.97 Y108.837
G0 X149.986 Y107.73
G0 X150.238 Y107.274
G0 X150.298 Y106.964
G0 X150.067 Y106.431
G0 X149.08 Y105.484
G0 X147.714 Y104.517
G0 X146.817 Y103.973
G0 X144.329 Y106.015
G0 X143.834 Y105.626
G0 X142.793 Y105.34
G0 X141.752 Y107.146
G0 X145.766 Y106.586
G0 X147.204 Y108.217
G0 X147.8 Y108.455
G1 F1500 X149.542 Y106.714 E2317.34885
G0 F9000 X149.123 Y106.284
G1 F1500 X147.865 Y107.542 E2317.54855
G0 F9000 X147.585 Y106.973
G1 F1500 X148.663 Y105.896 E2317.71961
G0 F9000 X148.176 Y105.534
G1 F1500 X147.154 Y106.556 E2317.88185
G0 F9000 X146.585 Y106.277
G1 F1500 X147.674 Y105.187 E2318.05481
G0 F9000 X147.158 Y104.855
G1 F1500 X145.972 Y106.041 E2318.24308
G1 F3600 E2314.24308
;MESH:NONMESH
G0 F300 X145.972 Y106.041 Z8.3
G0 F9000 X145.748 Y106.644
G0 X143.414 Y106.973
G0 X140.584 Y107.442
G0 X138.852 Y106.627
G0 X136.675 Y108.618
G0 X135.02 Y107.617
G0 X128.222 Y117.974
G0 X126.39 Y116.878
G0 X121.853 Y122.767
G0 X120.162 Y124.695
G0 X118.37 Y126.345
G0 X116.804 Y127.565
G0 X115.668 Y128.349
G0 X115.122 Y128.655
G0 X116.896 Y120.963
G0 X114.92 Y117.032
G0 X114.213 Y116.642
G0 X113.73 Y116.159
G0 X113.911 Y115.975
G0 X110.162 Y115.035
G0 X110.046 Y115.471
;TIME_ELAPSED:1424.363586
;LAYER:18
;TYPE:WALL-INNER
;MESH:sharkz.stl
G1 F3600 E2318.24308
G1 F1282.1 X111.573 Y115.873 E2318.45047
G1 F1257 X112.354 Y116.098 E2318.55934
G1 F1222.8 X112.926 Y116.285 E2318.64221
G1 F1165.8 X113.598 Y116.533 E2318.74566
G1 F1289.4 X114.108 Y116.882 E2318.82636
G1 F1500 X114.823 Y117.284 E2318.91844
G1 X115.136 Y117.514 E2318.96204
G1 X115.467 Y117.847 E2319.01475
G1 X115.715 Y118.147 E2319.05844
G1 X115.955 Y118.545 E2319.11061
G1 X116.136 Y118.909 E2319.15624
G1 X116.299 Y119.326 E2319.2065
G1 X116.415 Y119.718 E2319.25239
G1 X116.51 Y120.115 E2319.29821
G1 X116.582 Y120.516 E2319.34395
G1 X116.635 Y120.976 E2319.39592
G1 X116.676 Y121.8 E2319.48854
G1 X116.656 Y122.625 E2319.58117
G1 X116.577 Y123.404 E2319.66907
G1 X116.459 Y124.124 E2319.75097
G1 X116.319 Y124.75 E2319.82297
G1 X116.163 Y125.295 E2319.88661
G1 X115.983 Y125.832 E2319.95018
G1 X115.37 Y127.359 E2320.13489
G1 X115.008 Y128.212 E2320.23891
G1 X114.552 Y129.219 E2320.36299
G1 X115.407 Y128.816 E2320.4691
G1 X115.817 Y128.563 E2320.52318
G1 X116.96 Y127.774 E2320.67908
G1 X117.715 Y127.213 E2320.78467
G1 X118.539 Y126.544 E2320.90381
G1 X119.43 Y125.761 E2321.03696
G1 X120.348 Y124.878 E2321.17994
G1 X121.227 Y123.926 E2321.3254
G1 X122.056 Y122.93 E2321.47086
G1 X122.797 Y121.963 E2321.60761
G1 X123.487 Y121 E2321.7406
G1 X124.423 Y119.595 E2321.93011
G1 X124.777 Y119.03 E2322.00495
G1 X133.663 Y104.15 E2323.95044
G1 X133.877 Y103.906 E2323.98688
G1 X134.143 Y103.76 E2324.02094
G1 X134.365 Y103.714 E2324.04639
G1 X134.593 Y103.725 E2324.07201
G1 X134.871 Y103.814 E2324.10478
G1 X136.479 Y105.032 E2324.33122
G1 X137.59 Y103.585 E2324.536
G1 X137.815 Y103.415 E2324.56766
G1 X138.117 Y103.319 E2324.60323
G1 X138.484 Y103.333 E2324.64446
G1 X140.149 Y104.128 E2324.85157
G1 X141.046 Y102.441 E2325.06604
G1 X141.327 Y102.19 E2325.10834
G1 F1465.8 X141.933 Y102.062 E2325.17949
G1 F1492.5 X143.009 Y102.393 E2325.30649
G1 F1618.7 X144.086 Y102.724 E2325.42369
G1 F1691.7 X144.429 Y102.32 E2325.47644
G1 X144.095 Y102.175 E2325.51268
G1 F1642.3 X143.545 Y101.967 E2325.57297
G1 F1530.6 X142.46 Y101.578 E2325.69976
G1 F1451.6 X142.084 Y101.456 E2325.74562
G1 F1465.8 X141.2 Y101.138 E2325.85353
G1 F1500 X140.568 Y100.946 E2325.92768
G1 X139.982 Y100.788 E2325.99581
G1 X138.197 Y100.413 E2326.20055
G1 X136.038 Y100.004 E2326.44722
G1 X133.645 Y99.581 E2326.72
G1 X132.45 Y99.409 E2326.85553
G1 X132.22 Y99.495 E2326.88309
G1 X125.597 Y111.529 E2328.42501
G1 X123.41 Y115.426 E2328.92664
G1 X123.113 Y115.872 E2328.98679
G1 X122.866 Y116.168 E2329.03007
G1 X122.584 Y116.451 E2329.07492
G1 X122.247 Y116.723 E2329.12353
G1 X121.853 Y116.956 E2329.17491
G1 X121.39 Y117.172 E2329.23226
G1 X120.681 Y117.293 E2329.313
G1 X120.165 Y117.288 E2329.37093
G1 X119.835 Y117.238 E2329.40839
G1 X114.484 Y115.845 E2330.02908
G1 F1289.4 X113.868 Y115.786 E2330.10989
G1 F1184.2 X112.548 Y115.403 E2330.30532
G1 F1257 X107.45 Y114.067 E2331.01128
G1 F1283.9 X102.352 Y112.73 E2331.70249
G1 F1323.5 X98.014 Y111.63 E2332.27183
G1 F1285.7 X97.064 Y111.43 E2332.39898
G1 F1339.3 X96.544 Y111.234 E2332.46884
G1 F1490.1 X89.284 Y109.416 E2333.31456
G1 F1618.7 X87.919 Y109.028 E2333.46217
G1 F1685.4 X87.29 Y108.784 E2333.52958
G1 F1557.1 X86.92 Y108.489 E2333.58075
G1 F1500 X86.516 Y107.934 E2333.65781
G1 X86.345 Y107.519 E2333.70819
G1 X86.243 Y106.776 E2333.79238
G1 X86.367 Y106.161 E2333.8628
G1 X86.471 Y105.892 E2333.89518
G1 X86.763 Y105.398 E2333.95959
G1 X87.154 Y105.018 E2334.0208
G1 F1497.5 X87.555 Y104.776 E2334.07346
G1 F1485.1 X88.002 Y104.613 E2334.1274
G1 F1477.8 X88.471 Y104.577 E2334.181
G1 F1490.1 X91.3 Y104.308 E2334.50212
G1 F1475.4 X91.791 Y104.25 E2334.55854
G1 F1397.5 X92.208 Y104.186 E2334.60937
G1 F1363.6 X93.158 Y104.105 E2334.7271
G1 F1351.4 X95.218 Y103.892 E2334.98515
G1 F1293.1 X97.278 Y103.678 E2335.25483
G1 F1372 X97.934 Y103.67 E2335.33535
G1 F1500 X104.715 Y103.02 E2336.10003
G1 F1424.1 X104.998 Y102.962 E2336.13418
G1 F1193.6 X105.429 Y102.829 E2336.19781
G1 F1079.1 X105.788 Y102.805 E2336.25395
G1 F1063.8 X109.102 Y102.464 E2336.78125
G1 F1021.6 X110.082 Y102.358 E2336.94372
G1 F1204.8 X110.694 Y102.447 E2337.03015
G1 F1500 X122.597 Y101.302 E2338.37247
G1 X123.413 Y101.235 E2338.46437
G1 X124.261 Y99.046 E2338.72789
G1 X123.88 Y99.048 E2338.77066
G1 X123.603 Y99.005 E2338.80212
G1 X123.2 Y98.875 E2338.84966
G1 X122.799 Y98.561 E2338.90683
G1 X122.538 Y98.192 E2338.95756
G1 X122.082 Y97.242 E2339.07585
G1 X121.512 Y96.19 E2339.21016
G1 X121.126 Y95.563 E2339.29281
G1 X120.742 Y94.98 E2339.37118
G1 X120.296 Y94.377 E2339.45537
G1 X119.819 Y93.807 E2339.5388
G1 X118.592 Y92.477 E2339.74193
G1 X117.556 Y91.435 E2339.90687
G1 X117.173 Y91.077 E2339.96572
G1 X116.959 Y90.894 E2339.99733
G1 X116.976 Y91.719 E2340.08996
G1 X116.98 Y93.173 E2340.25317
G1 X116.936 Y94.491 E2340.4012
G1 X116.823 Y95.598 E2340.52611
G1 X116.698 Y96.557 E2340.63467
G1 X116.542 Y97.416 E2340.73268
G1 X118.524 Y97.464 E2340.95523
G1 X119.015 Y97.614 E2341.01286
G1 X119.393 Y97.959 E2341.07031
G1 X119.578 Y98.209 E2341.10522
G1 X119.663 Y98.538 E2341.14336
G1 X119.676 Y98.902 E2341.18425
G1 X119.534 Y99.308 E2341.23253
G1 X119.29 Y99.666 E2341.28116
G1 X118.954 Y99.883 E2341.32606
G1 X118.451 Y100.079 E2341.38666
G1 X110.548 Y101.239 E2342.2833
G1 F1204.8 X109.976 Y101.472 E2342.36962
G1 F1022.7 X108.975 Y101.606 E2342.53589
G1 F1065.1 X105.71 Y101.987 E2343.05556
G1 F1079.1 X105.454 Y101.99 E2343.0955
G1 F1193.6 X105.032 Y101.832 E2343.15907
G1 F1424.1 X104.873 Y101.76 E2343.17971
G1 F1500 X104.452 Y101.611 E2343.22984
G1 X102.672 Y100.52 E2343.46419
G1 X102.184 Y100.265 E2343.526
G1 X101.585 Y99.992 E2343.59989
G1 X100.234 Y99.451 E2343.76325
G1 X98.989 Y99.011 E2343.91148
G1 X99.051 Y99.339 E2343.94895
G1 X99.102 Y99.793 E2344.00023
G1 X99.086 Y100.342 E2344.06189
G1 X98.982 Y100.897 E2344.12527
G1 X98.807 Y101.35 E2344.17979
G1 X98.572 Y101.748 E2344.23167
G1 X98.327 Y102.067 E2344.27682
G1 X98.06 Y102.334 E2344.31921
G1 X97.716 Y102.61 E2344.36871
G1 F1446.9 X97.367 Y102.853 E2344.4182
G1 F1359.5 X97.136 Y102.99 E2344.45146
G1 F1351.4 X93.097 Y103.457 E2344.95808
G1 F1363.6 X92.158 Y103.521 E2345.07429
G1 F1397.5 X91.861 Y103.465 E2345.11071
G1 F1475.4 X91.328 Y103.305 E2345.17422
G1 F1500 X89.72 Y102.74 E2345.36554
G1 X88.861 Y102.468 E2345.46668
G1 X88.884 Y102.909 E2345.51625
G1 X88.788 Y103.238 E2345.55473
G1 X88.52 Y103.61 E2345.60619
G1 F1490.1 X88.248 Y103.839 E2345.64637
G1 F1465.8 X87.932 Y104.014 E2345.68786
G1 X87.718 Y104.075 E2345.71343
G1 F1490.1 X84.299 Y104.41 E2346.10163
G1 F1500 X84.026 Y104.43 E2346.13236
G1 X83.638 Y104.43 E2346.17591
G1 X83.104 Y104.377 E2346.23615
G1 X82.662 Y104.286 E2346.2868
G1 X82.138 Y104.108 E2346.34893
G1 X81.89 Y103.992 E2346.37966
G1 X81.383 Y103.675 E2346.44678
G1 X80.735 Y103.072 E2346.54614
G1 X80.184 Y102.599 E2346.62766
G1 X79.481 Y102.073 E2346.72622
G1 X77.859 Y100.976 E2346.94602
G1 X76.832 Y100.357 E2347.08063
G1 X76.292 Y100.062 E2347.1497
G1 X75.6 Y99.719 E2347.2364
G1 X75.111 Y99.557 E2347.29422
G1 X74.629 Y99.436 E2347.35001
G1 X74.029 Y99.355 E2347.41797
G1 X74.311 Y99.608 E2347.4605
G1 X75.181 Y100.498 E2347.60021
G1 X76.465 Y101.963 E2347.81888
G1 X77.257 Y103.003 E2347.96562
G1 X77.933 Y103.947 E2348.09596
G1 X78.535 Y104.877 E2348.22031
G1 X78.787 Y105.328 E2348.27831
G1 X79.062 Y105.927 E2348.35229
G1 X79.1 Y106.64 E2348.43244
G1 X79.039 Y107.172 E2348.49255
G1 X78.951 Y107.568 E2348.53809
G1 X78.782 Y108.128 E2348.60375
G1 X78.591 Y108.639 E2348.66499
G1 X78.151 Y109.627 E2348.7864
G1 X77.578 Y110.744 E2348.92732
G1 X76.994 Y111.764 E2349.05926
G1 X76.356 Y112.798 E2349.19564
G1 X75.769 Y113.703 E2349.31673
G1 X75.486 Y114.177 E2349.3787
G1 X75.182 Y114.625 E2349.43947
G1 X74.837 Y115.094 E2349.50483
G1 X74.305 Y115.743 E2349.59903
G1 X73.572 Y116.525 E2349.71935
G1 X73.014 Y117.064 E2349.80643
G1 X73.104 Y117.904 E2349.90127
G1 X73.074 Y118.316 E2349.94764
G1 F1495 X72.828 Y118.761 E2350.0049
G1 F1465.8 X72.566 Y119.028 E2350.04787
G1 F1437.7 X72.176 Y119.187 E2350.0972
G1 F1357.5 X71.901 Y119.26 E2350.13249
G1 F1145 X71.187 Y119.345 E2350.23823
G1 F1026.2 X70.87 Y119.343 E2350.29024
G1 X70.426 Y120.674 E2350.52046
G1 X71.39 Y120.17 E2350.69894
G1 F1145 X72.061 Y119.915 E2350.8045
G1 F1357.5 X72.414 Y119.766 E2350.85202
G1 F1456.3 X72.758 Y119.599 E2350.89624
G1 F1495 X74.011 Y118.909 E2351.05734
G1 F1500 X74.605 Y118.55 E2351.13525
G1 X75.687 Y117.81 E2351.2824
G1 X76.712 Y117.052 E2351.4255
G1 X77.36 Y116.544 E2351.51793
G1 X78.004 Y116.009 E2351.61191
G1 X78.661 Y115.428 E2351.71036
G1 X79.314 Y114.812 E2351.81113
G1 X79.984 Y114.131 E2351.91837
G1 X80.652 Y113.406 E2352.02903
G1 X82.948 Y110.765 E2352.42186
G1 X83.411 Y110.275 E2352.49754
G1 X83.863 Y109.88 E2352.56492
G1 X84.288 Y109.617 E2352.62102
G1 X84.618 Y109.464 E2352.66185
G1 X85.013 Y109.344 E2352.70819
G1 X85.418 Y109.275 E2352.75431
G1 X85.781 Y109.249 E2352.79516
G1 X86.24 Y109.259 E2352.8467
G1 X86.96 Y109.32 E2352.92781
G1 F1535.8 X87.294 Y109.383 E2352.96507
G1 F1654.4 X87.935 Y109.565 E2353.03289
G1 F1679.1 X88.401 Y109.74 E2353.08281
G1 F1590.1 X88.839 Y109.975 E2353.13544
G1 F1530.6 X89.411 Y110.569 E2353.22616
G1 F1500 X89.641 Y110.842 E2353.26623
G1 X89.889 Y111.175 E2353.31284
G1 X90.112 Y111.539 E2353.36076
G1 X90.281 Y111.901 E2353.4056
G1 X90.481 Y112.445 E2353.47066
G1 X90.665 Y113.08 E2353.54488
G1 X90.779 Y113.654 E2353.61057
G1 X92.169 Y113.206 E2353.7745
G1 X92.34 Y113.164 E2353.79427
G1 X94.59 Y112.483 E2354.05815
G1 X95.251 Y112.332 E2354.13426
G1 X95.862 Y112.249 E2354.20348
G1 F1490.1 X96.424 Y112.212 E2354.26712
G1 F1339.3 X96.945 Y112.152 E2354.33306
G1 F1269.4 X97.777 Y112.255 E2354.44426
G1 F1308.1 X102.18 Y113.401 E2355.02989
G1 F1295 X110.046 Y115.471 E2356.08749
G0 F9000 X110.045 Y116.146
;TYPE:WALL-OUTER
G1 F1500 X111.386 Y116.5 E2356.24318
G1 X112.181 Y116.737 E2356.3363
G1 X112.713 Y116.925 E2356.39964
G1 X113.3 Y117.164 E2356.47079
G1 X113.87 Y117.433 E2356.54154
G1 X114.438 Y117.749 E2356.6145
G1 X114.755 Y117.981 E2356.6586
G1 X115.004 Y118.229 E2356.69805
G1 X115.212 Y118.48 E2356.73464
G1 X115.408 Y118.794 E2356.77619
G1 X115.579 Y119.132 E2356.81871
G1 X115.724 Y119.498 E2356.8629
G1 X115.832 Y119.86 E2356.90531
G1 X115.92 Y120.222 E2356.94713
G1 X115.99 Y120.616 E2356.99205
G1 X116.036 Y121.008 E2357.03635
G1 X116.076 Y121.764 E2357.12133
G1 X116.059 Y122.566 E2357.21138
G1 X115.985 Y123.308 E2357.29509
G1 X115.873 Y123.994 E2357.37311
G1 X115.741 Y124.586 E2357.4412
G1 X115.593 Y125.107 E2357.50199
G1 X115.427 Y125.608 E2357.56124
G1 X114.817 Y127.125 E2357.74478
G1 X114.462 Y127.964 E2357.84704
G1 X113.46 Y130.172 E2358.11922
G1 X113.931 Y130.071 E2358.1733
G1 X114.397 Y129.923 E2358.22818
G1 X114.876 Y129.736 E2358.2859
G1 X115.695 Y129.344 E2358.38783
G1 X116.135 Y129.072 E2358.44589
G1 X117.318 Y128.256 E2358.60722
G1 X118.083 Y127.687 E2358.71424
G1 X118.955 Y126.977 E2358.84047
G1 X119.836 Y126.203 E2358.97211
G1 X120.777 Y125.298 E2359.11866
G1 X121.678 Y124.322 E2359.26777
G1 X122.525 Y123.304 E2359.41642
G1 X123.279 Y122.321 E2359.55549
G1 X123.957 Y121.377 E2359.68595
G1 X124.927 Y119.921 E2359.88234
G1 X125.28 Y119.359 E2359.95684
G1 X134.216 Y104.394 E2361.91341
G1 X134.338 Y104.328 E2361.92898
G1 X134.585 Y104.347 E2361.95678
G1 X136.594 Y105.872 E2362.23991
G1 X138.008 Y104.015 E2362.50192
G1 X138.196 Y103.914 E2362.52587
G1 X138.318 Y103.919 E2362.53958
G1 X140.409 Y104.917 E2362.79967
G1 X141.549 Y102.782 E2363.07135
G1 X141.634 Y102.706 E2363.08415
G1 X141.836 Y102.667 E2363.10724
G1 X144.28 Y103.369 E2363.39268
G1 X145.329 Y102.138 E2363.57423
G1 X144.971 Y101.947 E2363.61978
G1 X144.502 Y101.73 E2363.67779
G1 X143.753 Y101.424 E2363.76861
G1 X142.658 Y101.006 E2363.90018
G1 X141.376 Y100.564 E2364.0524
G1 X140.724 Y100.366 E2364.12889
G1 X140.122 Y100.204 E2364.19887
G1 X138.309 Y99.823 E2364.40683
G1 X136.142 Y99.413 E2364.6544
G1 X133.702 Y98.983 E2364.93252
G1 X132.407 Y98.796 E2365.07939
G1 X132.021 Y98.908 E2365.12451
G1 X131.733 Y99.139 E2365.16595
G1 X125.074 Y111.235 E2366.71592
G1 X122.888 Y115.128 E2367.2171
G1 X122.672 Y115.46 E2367.26157
G1 X122.412 Y115.776 E2367.3075
G1 X122.163 Y116.023 E2367.34687
G1 X121.893 Y116.239 E2367.38568
G1 X121.619 Y116.402 E2367.42147
G1 X121.21 Y116.593 E2367.47214
G1 X120.655 Y116.688 E2367.53535
G1 X120.225 Y116.691 E2367.58362
G1 X119.942 Y116.648 E2367.61575
G1 X102.509 Y112.102 E2369.6381
G1 X88.088 Y108.498 E2371.30669
G1 X87.616 Y108.276 E2371.36524
G1 X87.358 Y108.071 E2371.40223
G1 X87.057 Y107.658 E2371.45959
G1 X86.923 Y107.337 E2371.49864
G1 X86.849 Y106.791 E2371.56049
G1 X86.963 Y106.24 E2371.62365
G1 X87.238 Y105.772 E2371.68459
G1 X87.524 Y105.496 E2371.7292
G1 X87.784 Y105.339 E2371.7633
G1 X88.107 Y105.217 E2371.80205
G1 X122.647 Y101.9 E2375.69711
G1 X123.695 Y101.812 E2375.81516
G1 X123.78 Y101.774 E2375.82561
G1 X123.922 Y101.582 E2375.85242
G1 X125.12 Y98.491 E2376.22454
G1 X125.12 Y98.409 E2376.23375
G1 X124.188 Y98.448 E2376.33846
G1 X123.83 Y98.448 E2376.37865
G1 X123.468 Y98.331 E2376.42135
G1 X123.221 Y98.12 E2376.45782
G1 X123.045 Y97.862 E2376.49288
G1 X122.616 Y96.969 E2376.60409
G1 X122.032 Y95.89 E2376.74181
G1 X121.667 Y95.294 E2376.82026
G1 X121.234 Y94.636 E2376.90868
G1 X120.768 Y94.006 E2376.99664
G1 X120.27 Y93.411 E2377.08374
G1 X119.039 Y92.076 E2377.28759
G1 X117.966 Y90.997 E2377.4584
G1 X117.563 Y90.622 E2377.52019
G1 X117.161 Y90.278 E2377.57959
G1 X116.857 Y90.04 E2377.62293
G1 X116.53 Y89.826 E2377.66679
G1 X116.378 Y89.808 E2377.68398
G1 X116.341 Y89.995 E2377.70537
G1 X116.376 Y91.721 E2377.89916
G1 X116.38 Y93.154 E2378.06002
G1 X116.339 Y94.431 E2378.20344
G1 X116.234 Y95.471 E2378.32078
G1 X116.1 Y96.494 E2378.43659
G1 X115.833 Y97.964 E2378.60431
G1 X115.944 Y98.004 E2378.61755
G1 X118.442 Y98.058 E2378.89802
G1 X118.734 Y98.156 E2378.9326
G1 X119.006 Y98.42 E2378.97515
G1 X119.097 Y98.79 E2379.01792
G1 X118.949 Y99.153 E2379.06192
G1 X118.729 Y99.327 E2379.09341
G1 X118.32 Y99.49 E2379.14283
G1 X108.885 Y100.878 E2380.21334
G1 X105.604 Y101.284 E2380.58445
G1 X105.075 Y101.195 E2380.64467
G1 X104.683 Y101.048 E2380.69166
G1 X102.968 Y99.998 E2380.91739
G1 X102.448 Y99.726 E2380.98327
G1 X101.821 Y99.44 E2381.06063
G1 X100.446 Y98.889 E2381.22691
G1 X99.133 Y98.425 E2381.38323
G1 X98.244 Y98.147 E2381.48778
G1 X98.119 Y98.154 E2381.50184
G1 X98.123 Y98.235 E2381.51094
G1 X98.291 Y98.683 E2381.56465
G1 X98.379 Y99.021 E2381.60386
G1 X98.455 Y99.406 E2381.64791
G1 X98.499 Y99.798 E2381.69219
G1 X98.483 Y100.3 E2381.74857
G1 X98.393 Y100.755 E2381.80063
G1 X98.257 Y101.101 E2381.84236
G1 X98.09 Y101.391 E2381.87993
G1 X97.893 Y101.652 E2381.91664
G1 X97.713 Y101.84 E2381.94585
G1 X97.306 Y102.166 E2382.00439
G1 X97.001 Y102.347 E2382.0442
G1 X93.026 Y102.836 E2382.49377
G1 X92.07 Y102.891 E2382.60126
G1 X91.547 Y102.746 E2382.66218
G1 X89.901 Y102.168 E2382.85801
G1 X88.957 Y101.869 E2382.96917
G1 X87.828 Y101.558 E2383.10062
G1 X88.213 Y102.402 E2383.20476
G1 X88.295 Y102.723 E2383.24195
G1 X88.244 Y102.984 E2383.2718
G1 X88.02 Y103.277 E2383.3132
G1 X87.649 Y103.476 E2383.36046
G1 X84.255 Y103.812 E2383.74331
G1 X83.982 Y103.832 E2383.77403
G1 X83.679 Y103.831 E2383.80805
G1 X83.2 Y103.785 E2383.86206
G1 X82.772 Y103.695 E2383.91116
G1 X82.392 Y103.564 E2383.95628
G1 X82.109 Y103.429 E2383.99147
G1 X81.767 Y103.209 E2384.03712
G1 X81.135 Y102.624 E2384.13379
G1 X80.56 Y102.131 E2384.21881
G1 X79.853 Y101.601 E2384.318
G1 X78.182 Y100.47 E2384.5445
G1 X77.13 Y99.837 E2384.68232
G1 X76.569 Y99.53 E2384.75411
G1 X75.829 Y99.163 E2384.84683
G1 X75.279 Y98.981 E2384.91186
G1 X74.754 Y98.848 E2384.97266
G1 X73.795 Y98.718 E2385.08129
G1 X73.004 Y98.645 E2385.17046
G1 X72.553 Y98.651 E2385.22109
G1 X72.443 Y98.708 E2385.235
G1 X72.58 Y98.875 E2385.25925
G1 X73.883 Y100.029 E2385.45463
G1 X74.719 Y100.881 E2385.58862
G1 X75.987 Y102.326 E2385.80442
G1 X76.769 Y103.353 E2385.94932
G1 X77.452 Y104.308 E2386.08112
G1 X78.022 Y105.188 E2386.19881
G1 X78.23 Y105.556 E2386.24626
G1 X78.463 Y106.072 E2386.30982
G1 X78.499 Y106.641 E2386.37382
G1 X78.457 Y107.023 E2386.41696
G1 X78.36 Y107.459 E2386.46709
G1 X78.22 Y107.919 E2386.52107
G1 X78.043 Y108.395 E2386.57808
G1 X77.603 Y109.383 E2386.69948
G1 X77.057 Y110.446 E2386.83363
G1 X76.458 Y111.491 E2386.96884
G1 X75.852 Y112.472 E2387.09827
G1 X75.259 Y113.387 E2387.22067
G1 X74.989 Y113.841 E2387.27996
G1 X74.698 Y114.27 E2387.33815
G1 X74.368 Y114.719 E2387.4007
G1 X73.841 Y115.363 E2387.49411
G1 X73.124 Y116.125 E2387.61156
G1 X72.529 Y116.698 E2387.70429
G1 X72.402 Y116.925 E2387.73349
G1 X72.507 Y117.968 E2387.85116
G1 X72.458 Y118.225 E2387.88053
G1 X72.237 Y118.505 E2387.92057
G1 X71.905 Y118.612 E2387.95973
G1 X70.34 Y118.602 E2388.13541
G1 X69.152 Y122.161 E2388.55658
G1 X71.273 Y121.067 E2388.82448
G1 X73.446 Y119.915 E2389.10056
G1 X74.321 Y119.423 E2389.21324
G1 X74.929 Y119.055 E2389.29302
G1 X76.043 Y118.293 E2389.44453
G1 X77.094 Y117.517 E2389.59118
G1 X77.743 Y117.006 E2389.6839
G1 X78.4 Y116.459 E2389.77987
G1 X79.073 Y115.864 E2389.88071
G1 X79.734 Y115.241 E2389.98267
G1 X80.418 Y114.545 E2390.09221
G1 X81.104 Y113.8 E2390.20589
G1 X83.415 Y111.144 E2390.6011
G1 X83.857 Y110.678 E2390.67319
G1 X84.189 Y110.386 E2390.72283
G1 X84.528 Y110.168 E2390.76807
G1 X84.84 Y110.021 E2390.80678
G1 X85.191 Y109.919 E2390.84781
G1 X85.496 Y109.87 E2390.88249
G1 X85.82 Y109.848 E2390.91894
G1 X86.19 Y109.857 E2390.96049
G1 X86.875 Y109.914 E2391.03765
G1 X87.211 Y109.962 E2391.07575
G1 X87.685 Y110.067 E2391.13025
G1 X88.166 Y110.269 E2391.18881
G1 X88.456 Y110.442 E2391.22671
G1 X88.953 Y110.957 E2391.30705
G1 X89.163 Y111.206 E2391.34362
G1 X89.382 Y111.495 E2391.38432
G1 X89.571 Y111.798 E2391.42441
G1 X89.718 Y112.108 E2391.46292
G1 X89.918 Y112.652 E2391.52798
G1 X90.078 Y113.202 E2391.59228
G1 X90.178 Y113.685 E2391.64765
G1 X90.242 Y114.174 E2391.70301
G1 X90.381 Y114.281 E2391.7227
G1 X90.69 Y114.312 E2391.75756
G1 X92.315 Y113.788 E2391.94922
G1 X92.5 Y113.742 E2391.97062
G1 X94.727 Y113.067 E2392.23184
G1 X95.334 Y112.926 E2392.30179
G1 X95.878 Y112.85 E2392.36345
G1 X96.404 Y112.816 E2392.42262
G1 X96.889 Y112.817 E2392.47706
G1 X97.705 Y112.889 E2392.56901
G1 X110.045 Y116.146 E2394.00165
G0 F9000 X110.327 Y115.078
G0 X111.644 Y115.485
G0 X110.407 Y115.232
G0 X114.635 Y117.474
G0 X115.248 Y117.989
G0 X115.712 Y118.639
G0 X116.158 Y119.757
G0 X116.375 Y120.97
G0 X116.398 Y122.582
G0 X116.123 Y126.205
G0 X115.127 Y128.65
G0 X116.852 Y127.604
G0 X116.649 Y127.329
;TYPE:SKIN
G1 F1500 X115.681 Y127.998 E2394.13374
G1 X115.864 Y127.574 E2394.18558
G1 X116.465 Y126.08 E2394.36634
G1 X116.673 Y125.468 E2394.4389
G1 X116.837 Y124.895 E2394.50581
G1 X116.996 Y124.181 E2394.58792
G1 X117.117 Y123.441 E2394.67209
G1 X117.197 Y122.65 E2394.76133
G1 X117.212 Y121.689 E2394.86922
G1 X117.176 Y120.961 E2394.95104
G1 X117.112 Y120.414 E2395.01286
G1 X117.04 Y120.014 E2395.05849
G1 X116.935 Y119.57 E2395.1097
G1 X116.779 Y119.07 E2395.1685
G1 X116.635 Y118.708 E2395.21223
G1 X116.421 Y118.276 E2395.26635
G1 X116.165 Y117.852 E2395.32194
G1 X115.885 Y117.505 E2395.37199
G1 X115.507 Y117.118 E2395.43272
G1 X115.089 Y116.809 E2395.49107
G1 X114.32 Y116.383 E2395.58975
G1 X114.384 Y116.378 E2395.59696
G1 X119.632 Y117.747 E2396.20578
G1 X120.12 Y117.831 E2396.26136
G1 X120.76 Y117.828 E2396.33321
G1 X121.356 Y117.724 E2396.40112
G1 X121.693 Y117.623 E2396.44061
G1 X122.202 Y117.383 E2396.50378
G1 X122.569 Y117.156 E2396.55222
G1 X122.973 Y116.825 E2396.61085
G1 X123.276 Y116.521 E2396.65903
G1 X123.634 Y116.074 E2396.72332
G1 X123.865 Y115.71 E2396.77171
G1 X126.07 Y111.792 E2397.27638
G1 X132.575 Y99.971 E2398.79097
G1 X133.503 Y100.106 E2398.89624
G1 X136.133 Y100.571 E2399.19604
G1 X138.087 Y100.941 E2399.41928
G1 X139.828 Y101.309 E2399.61903
G1 X140.425 Y101.463 E2399.68824
G1 X141.145 Y101.686 E2399.77285
G1 X141.034 Y101.738 E2399.78661
G1 X140.6 Y102.118 E2399.85136
G1 X139.913 Y103.417 E2400.01632
G1 X138.627 Y102.803 E2400.17628
G1 X138.042 Y102.782 E2400.24199
G1 X137.56 Y102.933 E2400.29869
G1 X137.183 Y103.22 E2400.35188
G1 X136.374 Y104.276 E2400.50121
G1 X135.126 Y103.33 E2400.677
G1 X134.685 Y103.192 E2400.72887
G1 X134.32 Y103.17 E2400.76991
G1 X133.969 Y103.248 E2400.81028
G1 X133.538 Y103.481 E2400.86527
G1 X133.194 Y103.878 E2400.92424
G1 X124.321 Y118.734 E2402.86667
G1 X123.989 Y119.265 E2402.93697
G1 X123.021 Y120.721 E2403.13324
G1 X122.338 Y121.674 E2403.26485
G1 X121.633 Y122.592 E2403.39478
G1 X120.826 Y123.558 E2403.53608
G1 X119.949 Y124.51 E2403.68138
G1 X119.096 Y125.331 E2403.81427
G1 X118.205 Y126.113 E2403.94735
G1 X117.402 Y126.77 E2404.06381
G1 X116.649 Y127.329 E2404.16909
G0 F9000 X116.718 Y126.9
G1 F1500 X116.532 Y126.714 E2404.19861
G0 F9000 X116.774 Y126.108
G1 F1500 X117.207 Y126.541 E2404.26735
G0 F9000 X117.675 Y126.16
G1 F1500 X116.984 Y125.469 E2404.37705
G0 F9000 X117.165 Y124.802
G1 F1500 X118.136 Y125.773 E2404.53119
G0 F9000 X118.587 Y125.376
G1 F1500 X117.313 Y124.101 E2404.73352
G0 F9000 X117.426 Y123.366
G1 F1500 X119.034 Y124.974 E2404.98879
G0 F9000 X119.467 Y124.558
G1 F1500 X117.498 Y122.589 E2405.30137
G0 F9000 X117.511 Y121.753
G1 F1500 X119.89 Y124.133 E2405.67911
G0 F9000 X120.297 Y123.691
G1 F1500 X117.465 Y120.859 E2406.12869
G0 F9000 X116.831 Y120.931
G0 X116.429 Y119.101
G0 X117.311 Y119.857
G1 F1500 X120.698 Y123.244 E2406.66638
G0 F9000 X121.084 Y122.781
G1 F1500 X116.923 Y118.62 E2407.32693
G0 F9000 X116.331 Y118.856
G0 X113.203 Y115.968
G0 X114.343 Y116.103
G0 X117.662 Y116.882
G0 X117.5 Y117.5
G1 F1500 X121.835 Y121.835 E2408.01511
G0 F9000 X121.468 Y122.316
G1 F1500 X116.353 Y117.202 E2408.82704
G0 F9000 X115.733 Y117.854
G0 X114.213 Y116.642
G0 X113.203 Y115.968
G0 X114.343 Y116.103
G0 X118.808 Y117.181
G0 X118.647 Y117.798
G1 F1500 X122.201 Y121.352 E2409.39124
G0 F9000 X122.555 Y120.858
G1 F1500 X119.773 Y118.076 E2409.83288
G0 F9000 X120.678 Y118.132
G1 F1500 X122.904 Y120.358 E2410.18625
G0 F9000 X123.242 Y119.848
G1 F1500 X121.413 Y118.019 E2410.47661
G0 F9000 X122.035 Y117.792
G1 F1500 X123.581 Y119.338 E2410.72203
G0 F9000 X123.913 Y118.822
G1 F1500 X122.588 Y117.496 E2410.93246
G0 F9000 X123.071 Y117.132
G1 F1500 X124.235 Y118.295 E2411.11716
G0 F9000 X124.552 Y117.764
G1 F1500 X123.505 Y116.716 E2411.28345
G0 F9000 X123.879 Y116.242
G1 F1500 X124.869 Y117.233 E2411.44069
G0 F9000 X125.187 Y116.702
G1 F1500 X124.204 Y115.719 E2411.59674
G0 F9000 X124.509 Y115.176
G1 F1500 X125.504 Y116.17 E2411.75462
G0 F9000 X125.821 Y115.639
G1 F1500 X124.815 Y114.633 E2411.91432
G0 F9000 X125.12 Y114.09
G1 F1500 X126.139 Y115.108 E2412.07601
G0 F9000 X126.455 Y114.576
G1 F1500 X125.426 Y113.546 E2412.23944
G0 F9000 X125.731 Y113.003
G1 F1500 X126.773 Y114.045 E2412.40486
G0 F9000 X127.09 Y113.514
G1 F1500 X126.037 Y112.46 E2412.5721
G0 F9000 X126.342 Y111.917
G1 F1500 X127.407 Y112.982 E2412.74117
G0 F9000 X127.725 Y112.451
G1 F1500 X126.644 Y111.37 E2412.91278
G0 F9000 X126.945 Y110.823
G1 F1500 X128.041 Y111.919 E2413.08677
G0 F9000 X128.359 Y111.388
G1 F1500 X127.246 Y110.275 E2413.26346
G0 F9000 X127.547 Y109.728
G1 F1500 X128.676 Y110.857 E2413.44269
G0 F9000 X128.993 Y110.326
G1 F1500 X127.848 Y109.181 E2413.62445
G0 F9000 X128.15 Y108.634
G1 F1500 X129.311 Y109.795 E2413.80876
G0 F9000 X129.628 Y109.264
G1 F1500 X128.451 Y108.086 E2413.99569
G0 F9000 X128.752 Y107.539
G1 F1500 X129.945 Y108.732 E2414.18508
G0 F9000 X130.263 Y108.201
G1 F1500 X129.053 Y106.992 E2414.37709
G0 F9000 X129.355 Y106.444
G1 F1500 X130.58 Y107.67 E2414.57163
G0 F9000 X130.897 Y107.138
G1 F1500 X129.656 Y105.897 E2414.76864
G0 F9000 X129.957 Y105.35
G1 F1500 X131.214 Y106.607 E2414.96819
G0 F9000 X131.532 Y106.076
G1 F1500 X130.258 Y104.802 E2415.17044
G0 F9000 X130.559 Y104.255
G1 F1500 X131.849 Y105.544 E2415.37515
G0 F9000 X132.166 Y105.013
G1 F1500 X130.861 Y103.708 E2415.58231
G0 F9000 X131.162 Y103.161
G1 F1500 X132.484 Y104.482 E2415.7921
G0 F9000 X132.8 Y103.95
G1 F1500 X131.463 Y102.613 E2416.00435
G0 F9000 X131.764 Y102.066
G1 F1500 X133.157 Y103.458 E2416.22541
G0 F9000 X133.632 Y103.085
G1 F1500 X132.066 Y101.519 E2416.47401
G0 F9000 X132.367 Y100.971
G1 F1500 X134.269 Y102.873 E2416.77595
G0 F9000 X134.349 Y103.514
G0 X135.062 Y103.708
G0 X135.446 Y103.202
G1 F1500 X132.668 Y100.424 E2417.21696
G0 F9000 X133.503 Y100.411
G1 F1500 X136.592 Y103.499 E2417.70726
G0 F9000 X136.961 Y103.02
G1 F1500 X134.534 Y100.593 E2418.09254
G0 F9000 X134.647 Y99.963
G0 X135.678 Y100.144
G0 X135.565 Y100.775
G1 F1500 X137.445 Y102.656 E2418.39107
G0 F9000 X138.118 Y102.48
G1 F1500 X136.604 Y100.966 E2418.63142
G0 F9000 X136.723 Y100.338
G0 X137.769 Y100.536
G0 X137.651 Y101.164
G1 F1500 X139.258 Y102.771 E2418.88653
G0 F9000 X139.981 Y102.646
G1 F1500 X138.717 Y101.381 E2419.08727
G0 F9000 X138.848 Y100.756
G0 X139.452 Y100.882
G0 X139.794 Y101.61
G1 F1500 X140.275 Y102.091 E2419.16363
G1 F3600 E2415.16363
G0 F9000 X140.844 Y102.392
G0 X142.021 Y101.754
G0 X140.501 Y101.197
G0 X135.992 Y100.26
G0 X132.428 Y99.676
G0 X122.934 Y115.679
G0 X122.375 Y116.294
G0 X121.78 Y116.706
G0 X121.311 Y116.921
G0 X120.66 Y117.033
G0 X119.873 Y116.984
G0 X87.964 Y108.816
G0 X87.436 Y108.566
G0 X87.112 Y108.306
G0 X86.748 Y107.808
G0 X86.594 Y107.437
G0 X86.506 Y106.778
G0 X86.643 Y106.113
G0 X86.973 Y105.564
G0 X87.318 Y105.229
G0 X87.67 Y105.017
G0 X88.039 Y104.885
G0 X110.66 Y102.187
G0 X109.445 Y101.986
G0 X110.436 Y101.522
G0 X110.705 Y101.831
G1 F3600 E2419.16363
G1 F1185.8 X111.374 Y101.75 E2419.25932
G1 F1134.9 X112.043 Y101.669 E2419.3593
G1 F1089.6 X112.712 Y101.588 E2419.46344
G1 F1046.5 X113.381 Y101.507 E2419.57186
G1 F1006.7 X114.05 Y101.425 E2419.68459
G1 F969.8 X114.719 Y101.344 E2419.80159
G1 F936.5 X115.388 Y101.263 E2419.92275
G1 F904.5 X116.058 Y101.182 E2420.04838
G0 F9000 X116.68 Y101.368
G1 F1399.7 X116.37 Y101.275 E2420.08732
G1 F1012.4 X116.06 Y101.181 E2420.14119
G1 X116.339 Y101.017 E2420.19502
G1 F1399.7 X116.619 Y100.852 E2420.23412
G1 F1648.4 X118.58 Y100.588 E2420.43624
G1 F1535.8 X119.149 Y100.384 E2420.50251
G1 F1500 X119.666 Y100.06 E2420.571
G1 X120.005 Y99.561 E2420.63872
G1 X120.153 Y99.209 E2420.68158
G1 X120.224 Y98.783 E2420.73006
G1 X120.183 Y98.395 E2420.77386
G1 X120.073 Y97.983 E2420.82173
G1 X119.708 Y97.487 E2420.89085
G1 X119.351 Y97.201 E2420.9422
G1 X118.981 Y97.023 E2420.98829
G1 X118.566 Y96.919 E2421.03632
G1 X117.184 Y96.887 E2421.19149
G1 X117.228 Y96.64 E2421.21966
G1 X117.358 Y95.664 E2421.33018
G1 X117.479 Y94.458 E2421.46624
G1 X117.52 Y93.178 E2421.61
G1 X117.514 Y92.162 E2421.72405
G1 X118.194 Y92.843 E2421.83208
G1 X119.401 Y94.152 E2422.03195
G1 X119.86 Y94.698 E2422.11202
G1 X120.29 Y95.277 E2422.19298
G1 X120.668 Y95.851 E2422.27012
G1 X121.036 Y96.447 E2422.34875
G1 X121.604 Y97.497 E2422.48276
G1 X122.057 Y98.439 E2422.60009
G1 X122.404 Y98.938 E2422.66832
G1 X122.875 Y99.299 E2422.73493
G1 X123.167 Y99.429 E2422.77081
G1 X123.492 Y99.532 E2422.80908
G1 X123.031 Y100.725 E2422.95265
G1 X122.326 Y100.785 E2423.03208
G1 X119.311 Y101.075 E2423.37208
G1 F1551.7 X117.996 Y101.221 E2423.51565
G1 F1666.7 X116.68 Y101.368 E2423.64943
G0 F9000 X110.449 Y102.121
G0 X119.312 Y100.644
G1 F1500 X119.43 Y100.762 E2423.66816
G0 F9000 X119.819 Y100.303
G1 F1500 X120.205 Y100.689 E2423.72944
G0 F9000 X120.98 Y100.616
G1 F1500 X120.188 Y99.824 E2423.85517
G0 F9000 X120.456 Y99.242
G1 F1500 X121.755 Y100.542 E2424.06146
G0 F9000 X122.53 Y100.469
G1 F1500 X120.487 Y98.425 E2424.38587
G0 F9000 X119.538 Y97.663
G0 X120.248 Y97.338
G1 F1500 X122.968 Y100.058 E2424.81767
G1 F3600 E2420.81767
G0 F9000 X110.431 Y102.166
G0 X109.445 Y101.986
G0 X110.578 Y101.499
G0 X118.409 Y99.825
G0 X118.958 Y99.6
G0 X119.24 Y99.348
G0 X119.454 Y98.806
G0 X119.123 Y97.394
G0 X116.87 Y97.149
G0 X117.258 Y91.545
G0 X118.408 Y92.662
G0 X119.923 Y94.35
G0 X121.287 Y96.206
G0 X121.272 Y97.514
G1 F3600 E2424.81767
G1 F1500 X120.697 Y96.939 E2424.90895
G1 X120.696 Y96.937
G1 X117.793 Y94.034 E2425.3698
G0 F9000 X117.742 Y94.832
G1 F1500 X120.247 Y97.337 E2425.76747
G0 F9000 X119.478 Y97.737
G0 X118.43 Y97.256
G0 X118.708 Y96.646
G1 F1500 X117.665 Y95.604 E2425.93296
G0 F9000 X117.569 Y96.355
G1 F1500 X117.814 Y96.601 E2425.97194
G0 F9000 X117.8 Y97.242
G0 X116.87 Y97.149
G0 X117.258 Y91.545
G0 X118.19 Y92.449
G0 X120.522 Y95.02
G0 X120.007 Y95.4
G1 F1500 X117.818 Y93.211 E2426.31944
G1 F3600 E2422.31944
G0 F9000 X117.166 Y93.654
G0 X116.216 Y97.685
G0 X118.518 Y97.72
G0 X118.939 Y97.87
G0 X119.335 Y98.268
G0 X119.454 Y98.806
G0 X119.24 Y99.348
G0 X118.958 Y99.6
G0 X118.409 Y99.825
G0 X105.988 Y102.422
G0 X104.982 Y102.667
G0 X97.313 Y103.43
G0 X98.502 Y102.663
G1 F3600 E2426.31944
G1 F1500 X98.806 Y102.331 E2426.36997
G1 X99.001 Y102.072 E2426.40636
G1 X99.287 Y101.593 E2426.46899
G1 X99.492 Y101.073 E2426.53173
G1 X99.62 Y100.424 E2426.60599
G1 X99.633 Y99.811 E2426.67481
G1 X100.024 Y99.952 E2426.72147
G1 X101.331 Y100.473 E2426.87941
G1 X101.932 Y100.742 E2426.95333
G1 X102.419 Y100.997 E2427.01503
G1 X104.182 Y102.08 E2427.24729
G1 X104.669 Y102.259 E2427.30554
G1 X104.897 Y102.393 E2427.33522
G1 X104.641 Y102.481 E2427.36561
G1 X97.931 Y103.125 E2428.12229
G1 X98.502 Y102.663 E2428.20474
G0 F9000 X99.075 Y102.469
G1 F1500 X99.297 Y102.691 E2428.23998
G0 F9000 X99.416 Y101.962
G1 F1500 X100.071 Y102.617 E2428.34396
G0 F9000 X100.845 Y102.542
G1 F1500 X99.691 Y101.388 E2428.52716
G0 F9000 X99.869 Y100.717
G1 F1500 X101.619 Y102.468 E2428.80505
G0 F9000 X102.393 Y102.393
G1 F1500 X100.44 Y100.44 E2429.11509
G0 F9000 X100.533 Y99.788
G0 X102.222 Y100.512
G0 X101.926 Y101.077
G1 F1500 X103.168 Y102.319 E2429.31226
G1 F3600 E2425.31226
G0 F9000 X105.082 Y102.683
G0 X88.039 Y104.885
G0 X87.67 Y105.017
G0 X87.318 Y105.229
G0 X86.973 Y105.564
G0 X86.643 Y106.113
G0 X86.506 Y106.778
G0 X86.594 Y107.437
G0 X86.748 Y107.808
G0 X87.112 Y108.306
G0 X87.436 Y108.566
G0 X87.964 Y108.816
G0 X96.454 Y111.477
G0 X97.57 Y111.862
G0 X92.168 Y113
G0 X92.231 Y112.631
G1 F3600 E2429.31226
G1 F1500 X92.039 Y112.68 E2429.3345
G1 X91.186 Y112.954 E2429.43507
G1 X90.996 Y112.287 E2429.51292
G1 X90.777 Y111.686 E2429.58472
G1 X90.605 Y111.314 E2429.63073
G1 X90.345 Y110.883 E2429.68723
G1 X90.072 Y110.519 E2429.73831
G1 X89.705 Y110.077 E2429.8028
G1 X96.143 Y111.685 E2430.54768
G1 X95.826 Y111.708 E2430.58336
G1 X95.184 Y111.794 E2430.65607
G1 X94.453 Y111.959 E2430.74019
G1 X92.231 Y112.631 E2431.00077
G0 F9000 X92.012 Y112.377
G1 F1500 X90.922 Y111.287 E2431.17381
G0 F9000 X91.259 Y110.775
G1 F1500 X92.669 Y112.185 E2431.39765
G0 F9000 X93.32 Y111.988
G1 F1500 X92.389 Y111.057 E2431.54544
G0 F9000 X96.854 Y111.668
G0 X93.52 Y111.339
G1 F1500 X93.972 Y111.791 E2431.6172
G0 F9000 X94.603 Y112.275
G0 X90.471 Y113.422
G0 X90.028 Y111.963
G0 X89.65 Y111.289
G0 X88.673 Y110.178
G0 X87.917 Y109.797
G0 X86.911 Y109.578
G0 X85.831 Y109.512
G0 X85.1 Y109.594
G0 X84.364 Y109.871
G0 X83.614 Y110.446
G0 X79.478 Y114.558
G0 X74.857 Y118.134
G0 X74.583 Y117.732
G1 F1019.3 X74.255 Y117.967 E2431.68386
G1 F1028.6 X73.749 Y118.271 E2431.78049
G1 X73.775 Y117.826 E2431.85346
G1 X73.722 Y117.32 E2431.93675
G1 F1019.3 X74.024 Y117.042 E2432.00456
G1 F1023.9 X74.033 Y117.017 E2432.00893
G1 F1125 X74.252 Y116.686 E2432.06833
G1 F1349.3 X74.472 Y116.354 E2432.11803
G1 F1500 X74.711 Y116.098 E2432.15734
G1 X75.285 Y115.394 E2432.25931
G1 X75.602 Y114.962 E2432.31946
G1 X75.936 Y114.474 E2432.38584
G1 X76.223 Y113.995 E2432.44852
G1 X76.812 Y113.088 E2432.56992
G1 X77.432 Y112.077 E2432.70305
G1 X78.052 Y111.002 E2432.84235
G1 X78.599 Y109.942 E2432.97625
G1 X79.082 Y108.863 E2433.10895
G1 X79.321 Y108.216 E2433.18637
G1 X79.471 Y107.7 E2433.24669
G1 X79.577 Y107.215 E2433.30242
G1 X79.644 Y106.612 E2433.37053
G1 X79.601 Y105.968 E2433.44298
G1 X79.505 Y105.615 E2433.48404
G1 X79.255 Y105.061 E2433.55227
G1 X78.987 Y104.582 E2433.61388
G1 X78.372 Y103.632 E2433.74092
G1 X77.7 Y102.693 E2433.87054
G1 X76.839 Y101.565 E2434.02983
G1 X75.853 Y100.447 E2434.19716
G1 X76.044 Y100.542 E2434.22111
G1 X76.544 Y100.816 E2434.28511
G1 X77.543 Y101.417 E2434.41598
G1 X79.181 Y102.521 E2434.63771
G1 X79.813 Y102.997 E2434.72653
G1 X80.351 Y103.454 E2434.80577
G1 X81.071 Y104.116 E2434.91556
G1 X81.556 Y104.432 E2434.98054
G1 X82.03 Y104.647 E2435.03896
G1 X82.465 Y104.793 E2435.09047
G1 X82.943 Y104.894 E2435.14531
G1 X83.563 Y104.963 E2435.21534
G1 X83.974 Y104.972 E2435.26149
G1 X84.309 Y104.949 E2435.29918
G1 X86.682 Y104.721 E2435.56678
G1 X86.447 Y104.95 E2435.60362
G1 X86.232 Y105.228 E2435.64307
G1 X86.008 Y105.612 E2435.69297
G1 X85.852 Y106.002 E2435.74012
G1 X85.716 Y106.606 E2435.80962
G1 X85.712 Y106.904 E2435.84307
G1 X85.82 Y107.655 E2435.92824
G1 X86.04 Y108.197 E2435.9939
G1 X86.426 Y108.724 E2436.06723
G1 X85.846 Y108.708 E2436.13236
G1 X85.37 Y108.736 E2436.18589
G1 X84.889 Y108.816 E2436.24062
G1 X84.438 Y108.953 E2436.29353
G1 X83.997 Y109.155 E2436.34798
G1 X83.513 Y109.463 E2436.41238
G1 X83.036 Y109.884 E2436.4838
G1 X82.578 Y110.365 E2436.55835
G1 X80.228 Y113.066 E2436.96024
G1 X79.622 Y113.72 E2437.06033
G1 X78.942 Y114.416 E2437.16956
G1 X78.311 Y115.013 E2437.26707
G1 X77.663 Y115.586 E2437.36416
G1 X77.03 Y116.112 E2437.45655
G1 X76.447 Y116.574 E2437.54005
G1 X75.351 Y117.382 E2437.6929
G1 F1337.3 X74.967 Y117.557 E2437.74603
G1 F1100.2 X74.583 Y117.732 E2437.81062
G0 F9000 X74.857 Y118.134
G0 X77.831 Y115.814
G0 X84.003 Y110.101
G0 X86.025 Y108.979
G0 X87.154 Y109.045
G0 X86.594 Y107.437
G0 X86.506 Y106.778
G0 X86.643 Y106.113
G0 X86.973 Y105.564
G0 X87.318 Y105.229
G0 X87.67 Y105.017
G0 X92.277 Y103.854
G0 X91.022 Y103.779
G1 F1446.9 X88.932 Y103.975 E2438.05489
G1 X89.045 Y103.861 E2438.07357
G1 X89.3 Y103.449 E2438.12996
G1 X89.371 Y103.209 E2438.15908
G1 X91.022 Y103.779 E2438.36234
G0 F9000 X92.277 Y103.854
G0 X87.67 Y105.017
G0 X86.374 Y105.663
G0 X85.824 Y105.341
G1 F1500 X85.61 Y105.126 E2438.39639
G0 F9000 X84.835 Y105.2
G1 F1500 X85.566 Y105.93 E2438.51235
G0 F9000 X85.417 Y106.63
G1 F1500 X84.054 Y105.268 E2438.72865
G0 F9000 X83.157 Y105.219
G1 F1500 X85.505 Y107.566 E2439.10132
G0 F9000 X85.518 Y108.428
G1 F1500 X82.065 Y104.975 E2439.64948
G0 F9000 X82.267 Y104.369
G0 X77.705 Y101.188
G0 X76.166 Y100.291
G0 X75.501 Y99.961
G0 X74.906 Y99.803
G0 X78.996 Y105.304
G0 X79.917 Y106.222
G1 F1500 X83.112 Y109.416 E2440.1566
G0 F9000 X82.676 Y109.829
G1 F1500 X79.897 Y107.05 E2440.59777
G0 F9000 X79.763 Y107.764
G1 F1500 X82.266 Y110.267 E2440.99512
G0 F9000 X81.871 Y110.721
G1 F1500 X79.567 Y108.417 E2441.36088
G0 F9000 X79.335 Y109.033
G1 F1500 X81.476 Y111.175 E2441.70084
G0 F9000 X81.082 Y111.629
G1 F1500 X79.072 Y109.619 E2442.01993
G0 F9000 X78.804 Y110.199
G1 F1500 X80.687 Y112.082 E2442.31885
G0 F9000 X80.292 Y112.536
G1 F1500 X78.516 Y110.76 E2442.60079
G0 F9000 X78.219 Y111.312
G1 F1500 X79.893 Y112.986 E2442.86654
G0 F9000 X79.486 Y113.427
G1 F1500 X77.909 Y111.85 E2443.11689
G0 F9000 X77.595 Y112.385
G1 F1500 X79.069 Y113.858 E2443.35081
G0 F9000 X78.645 Y114.283
G1 F1500 X77.273 Y112.911 E2443.56861
G0 F9000 X76.946 Y113.433
G1 F1500 X78.21 Y114.696 E2443.76919
G0 F9000 X77.763 Y115.098
G1 F1500 X76.612 Y113.947 E2443.95191
G0 F9000 X76.287 Y114.471
G1 F1500 X77.308 Y115.492 E2444.11399
G0 F9000 X76.844 Y115.876
G1 F1500 X75.95 Y114.983 E2444.25584
G0 F9000 X75.595 Y115.476
G1 F1500 X76.371 Y116.252 E2444.37903
G0 F9000 X75.886 Y116.615
G1 F1500 X75.22 Y115.949 E2444.48475
G0 F9000 X74.831 Y116.409
G1 F1500 X75.397 Y116.975 E2444.57461
G0 F9000 X74.811 Y117.238
G1 F1500 X74.518 Y116.945 E2444.62112
G0 F9000 X75.18 Y117.914
G0 X77.831 Y115.814
G0 X79.435 Y114.29
G0 X84.337 Y109.375
G0 X83.599 Y109.055
G1 F1500 X79.566 Y105.022 E2445.26136
G0 F9000 X78.987 Y105.284
G0 X74.906 Y99.803
G0 X75.501 Y99.961
G0 X76.469 Y100.462
G0 X79.37 Y102.241
G0 X79.011 Y102.77
G1 F1500 X84.779 Y108.537 E2446.17695
G0 F9000 X84.147 Y108.754
G1 F1500 X78.026 Y102.634 E2447.14857
G1 F3600 E2443.14857
G0 F9000 X77.505 Y103.006
G0 X74.906 Y99.803
G0 X75.501 Y99.961
G0 X76.695 Y100.58
G0 X83.595 Y104.688
G0 X88.796 Y103.71
G0 X89.174 Y102.856
G0 X92.217 Y103.854
G0 X86.671 Y105.122
G0 X86.506 Y106.778
G0 X86.594 Y107.437
G0 X86.748 Y107.808
G0 X87.112 Y108.306
G0 X87.436 Y108.566
G0 X87.964 Y108.816
G0 X120.211 Y117.032
G0 X120.66 Y117.033
G0 X121.311 Y116.921
G0 X122.079 Y116.524
G0 X122.48 Y116.185
G0 X123.094 Y116.364
G0 X121.695 Y115.135
G0 X130.948 Y98.568
G0 X131.206 Y98.297
G0 X131.616 Y98.024
G0 X132.191 Y97.856
G0 X132.58 Y97.848
G0 X138.526 Y98.881
G0 X141.006 Y99.443
G0 X144.125 Y100.533
G0 X145.785 Y101.285
G0 X147.47 Y102.221
G0 X149.447 Y103.483
G0 X150.701 Y104.462
G0 X151.41 Y105.196
G0 X151.896 Y105.953
G0 X152.027 Y106.296
G0 X152.143 Y106.894
G0 X151.97 Y107.868
G0 X151.747 Y108.401
G0 X151.057 Y109.309
G0 X149.565 Y110.757
G0 X147.841 Y112.142
G0 X145.518 Y113.765
G0 X143.588 Y114.862
G0 X139.937 Y116.54
G0 X135.559 Y118.28
G0 X131.255 Y119.7
G0 X128.935 Y120.333
G0 X127.163 Y120.6
G0 X126.57 Y120.083
G0 X126.292 Y119.508
G0 X128.598 Y118.801
;TYPE:WALL-INNER
G1 F3600 E2447.14857
G1 F1500 X129.55 Y118.563 E2447.25873
G1 X130.812 Y118.199 E2447.40617
G1 X132.031 Y117.825 E2447.5493
G1 X133.804 Y117.24 E2447.75888
G1 X135.049 Y116.798 E2447.90718
G1 X136.453 Y116.273 E2448.07544
G1 X138.059 Y115.636 E2448.26938
G1 X139.33 Y115.093 E2448.42453
G1 X140.792 Y114.449 E2448.60386
G1 X142.293 Y113.75 E2448.78972
G1 X142.886 Y113.46 E2448.86382
G1 X143.541 Y113.11 E2448.94719
G1 X144.116 Y112.786 E2449.02127
G1 X144.697 Y112.428 E2449.09788
G1 X145.795 Y111.694 E2449.24614
G1 X146.912 Y110.877 E2449.40148
G1 X148.019 Y110.008 E2449.55946
G1 X148.445 Y109.657 E2449.62142
G1 X149.165 Y109.003 E2449.73061
G1 X149.491 Y108.686 E2449.78165
G1 X149.882 Y108.271 E2449.84566
G1 X150.194 Y107.887 E2449.9012
G1 X150.366 Y107.642 E2449.9348
G1 X150.485 Y107.359 E2449.96926
G1 X150.561 Y106.952 E2450.01574
G1 X150.508 Y106.682 E2450.04663
G1 X150.281 Y106.28 E2450.09845
G1 X149.977 Y105.94 E2450.14965
G1 X149.64 Y105.614 E2450.20228
G1 X149.242 Y105.279 E2450.26067
G1 X148.532 Y104.752 E2450.35993
G1 X147.856 Y104.297 E2450.4514
G1 X146.765 Y103.625 E2450.59524
G1 F1433.1 X145.249 Y105.326 E2450.86294
G1 F1315.8 X144.893 Y105.573 E2450.91839
G1 F1162.8 X144.695 Y105.666 E2450.95007
G1 F1071.4 X144.412 Y105.642 E2450.9947
G1 F1246.5 X143.868 Y105.364 E2451.07722
G1 F1500 X142.662 Y105.023 E2451.21791
G1 F1505 X141.622 Y106.871 E2451.45515
G1 F1515.2 X141.389 Y107.064 E2451.48877
G1 F1510.1 X140.662 Y107.188 E2451.57101
G1 F1500 X138.768 Y106.289 E2451.80635
G1 X137.439 Y108.063 E2452.05517
G1 X137.195 Y108.251 E2452.08975
G1 X136.995 Y108.33 E2452.11389
G1 X136.695 Y108.358 E2452.14771
G1 X136.451 Y108.305 E2452.17574
G1 X136.223 Y108.18 E2452.20492
G1 X134.944 Y107.219 E2452.38451
G1 X133.659 Y109.299 E2452.65896
G1 X128.385 Y118.242 E2453.8244
G1 X128.006 Y118.904 E2453.91003
G1 X128.598 Y118.801 E2453.97748
G0 F9000 X128.706 Y118.569
G0 X133.883 Y109.431
G0 X135.02 Y107.617
G0 X137.319 Y108.481
G0 X138.852 Y106.627
G0 X141.583 Y107.295
G0 X139.803 Y110.109
G0 X140.391 Y110.966
G1 F1500 X140.138 Y110.707 E2454.01812
G1 X140.036 Y110.489 E2454.04514
G1 X140 Y110.125 E2454.0862
G1 X140.074 Y109.851 E2454.11806
G1 X140.282 Y109.387 E2454.17514
G1 X140.493 Y109.003 E2454.22432
G1 X140.734 Y108.647 E2454.27258
G1 X140.982 Y108.342 E2454.31671
G1 F1510.1 X141.845 Y107.429 E2454.45679
G1 F1515.2 X142.261 Y107.163 E2454.51167
G1 F1507.5 X142.769 Y106.897 E2454.57571
G1 F1502.5 X143.397 Y106.708 E2454.64921
G1 F1500 X143.813 Y106.628 E2454.69676
G1 F1428.6 X143.91 Y106.586 E2454.70922
G1 F1198.4 X144.292 Y106.473 E2454.76519
G1 F1071.4 X144.66 Y106.497 E2454.82315
G1 F1162.8 X144.96 Y106.6 E2454.86908
G1 F1308.1 X145.029 Y106.635 E2454.87904
G1 F1424.1 X145.766 Y106.86 E2454.97015
G1 F1500 X146.483 Y107.138 E2455.05647
G1 X146.697 Y107.258 E2455.08401
G1 X146.896 Y107.468 E2455.11649
G1 X147.006 Y107.691 E2455.1444
G1 X147.048 Y108.064 E2455.18654
G1 X146.936 Y108.419 E2455.22832
G1 X146.576 Y108.956 E2455.3009
G1 X145.773 Y109.687 E2455.42279
G1 X145.017 Y110.166 E2455.52325
G1 X144.213 Y110.585 E2455.62503
G1 X143.801 Y110.766 E2455.67554
G1 X143.304 Y110.934 E2455.73443
G1 X142.916 Y111.03 E2455.7793
G1 X142.463 Y111.103 E2455.83081
G1 X142.053 Y111.138 E2455.877
G1 X141.606 Y111.148 E2455.92719
G1 X140.862 Y111.12 E2456.01076
G1 X140.608 Y111.073 E2456.03976
G1 X140.391 Y110.966 E2456.06692
G0 F9000 X140.826 Y110.518
;TYPE:WALL-OUTER
G1 F1500 X140.643 Y110.383 E2456.09244
G1 X140.598 Y110.261 E2456.10704
G1 X140.622 Y110.097 E2456.12565
G1 X140.84 Y109.612 E2456.18534
G1 X140.993 Y109.334 E2456.22096
G1 X141.199 Y109.026 E2456.26255
G1 X141.461 Y108.706 E2456.30898
G1 X142.205 Y107.914 E2456.43096
G1 X142.603 Y107.656 E2456.4842
G1 X143.018 Y107.449 E2456.53626
G1 X143.478 Y107.305 E2456.59036
G1 X143.96 Y107.212 E2456.64547
G1 X144.253 Y107.192 E2456.67843
G1 X144.567 Y107.21 E2456.71374
G1 X144.898 Y107.254 E2456.75122
G1 X145.202 Y107.318 E2456.78609
G1 X145.539 Y107.416 E2456.82549
G1 X146.315 Y107.716 E2456.91888
G1 X146.437 Y107.881 E2456.94192
G1 X146.414 Y108.124 E2456.96932
G1 X146.118 Y108.561 E2457.02856
G1 X145.418 Y109.203 E2457.13519
G1 X144.675 Y109.671 E2457.23376
G1 X143.973 Y110.035 E2457.32252
G1 X143.579 Y110.208 E2457.37082
G1 X143.16 Y110.352 E2457.42056
G1 X142.772 Y110.448 E2457.46543
G1 X142.353 Y110.511 E2457.51299
G1 X142.005 Y110.54 E2457.55219
G1 X141.628 Y110.548 E2457.59452
G1 X140.826 Y110.518 E2457.68461
G1 F3600 E2453.68461
G0 F9000 X139.803 Y110.109
G0 X141.583 Y107.295
G0 X138.852 Y106.627
G0 X136.675 Y108.618
G0 X135.02 Y107.617
G0 X133.883 Y109.431
G0 X128.554 Y118.518
G0 X128.071 Y119.502
G1 F3600 E2457.68461
G1 F1500 X128.713 Y119.39 E2457.75776
G1 X129.694 Y119.146 E2457.87124
G1 X130.987 Y118.773 E2458.0223
G1 X132.219 Y118.395 E2458.16696
G1 X133.998 Y117.808 E2458.37725
G1 X135.259 Y117.36 E2458.52746
G1 X136.673 Y116.831 E2458.69693
G1 X138.295 Y116.188 E2458.89279
G1 X139.54 Y115.656 E2459.04477
G1 X141.044 Y114.993 E2459.22928
G1 X142.483 Y114.325 E2459.40736
G1 X143.168 Y113.99 E2459.49296
G1 X143.835 Y113.633 E2459.57788
G1 X144.43 Y113.297 E2459.65459
G1 X145.029 Y112.928 E2459.73356
G1 X146.124 Y112.197 E2459.88135
G1 X147.283 Y111.349 E2460.04256
G1 X148.401 Y110.471 E2460.20213
G1 X148.836 Y110.112 E2460.26544
G1 X149.609 Y109.419 E2460.38198
G1 X149.609 Y109.406 E2460.38344
G1 X149.88 Y109.146 E2460.4256
G1 X150.334 Y108.666 E2460.49976
G1 X150.672 Y108.25 E2460.55993
G1 X150.895 Y107.934 E2460.60334
G1 X151.055 Y107.551 E2460.64994
G1 X151.128 Y107.272 E2460.68231
G1 X151.168 Y106.928 E2460.72119
G1 X151.078 Y106.47 E2460.77358
G1 X150.832 Y106.037 E2460.82948
G1 X150.655 Y105.798 E2460.86287
G1 X150.411 Y105.524 E2460.90405
G1 X150.042 Y105.168 E2460.96161
G1 X149.614 Y104.808 E2461.02439
G1 X148.878 Y104.262 E2461.12726
G1 X148.181 Y103.793 E2461.22156
G1 X146.648 Y102.854 E2461.42336
G1 X144.862 Y104.859 E2461.72477
G1 X144.725 Y104.939 E2461.74258
G1 X144.612 Y104.95 E2461.75533
G1 X142.37 Y104.317 E2462.01684
G1 X141.146 Y106.498 E2462.29758
G1 X141.07 Y106.562 E2462.30873
G1 X140.825 Y106.602 E2462.3366
G1 X138.582 Y105.537 E2462.61532
G1 X136.983 Y107.666 E2462.91421
G1 X136.841 Y107.75 E2462.93273
G1 X136.631 Y107.736 E2462.95635
G1 X134.779 Y106.345 E2463.21635
G1 X133.142 Y108.994 E2463.56591
G1 X127.865 Y117.944 E2464.7322
G1 X127.425 Y118.716 E2464.83195
G1 X127.293 Y119.014 E2464.86853
G1 X127.225 Y119.283 E2464.89968
G1 X127.269 Y119.38 E2464.91164
G1 X127.522 Y119.486 E2464.94243
G1 X127.744 Y119.526 E2464.96775
G1 X128.071 Y119.502 E2465.00456
G0 F9000 X128.706 Y118.569
G0 X133.883 Y109.431
G0 X135.02 Y107.617
G0 X137.319 Y108.481
G0 X138.852 Y106.627
G0 X141.583 Y107.295
G0 X143.222 Y106.546
G0 X143.126 Y106.236
;TYPE:SKIN
G1 F1601.4 X142.452 Y106.451 E2465.07894
G1 X142.912 Y105.635 E2465.17743
G1 X143.714 Y105.864 E2465.26513
G1 X143.895 Y106.003 E2465.28912
G1 X143.677 Y106.122 E2465.31524
G1 X143.126 Y106.236 E2465.3744
G0 F9000 X143.222 Y106.546
G0 X141.583 Y107.295
G0 X138.852 Y106.627
G0 X136.675 Y108.618
G0 X135.02 Y107.617
G0 X133.883 Y109.431
G0 X128.554 Y118.518
G0 X130.748 Y118.009
G0 X130.658 Y117.679
G1 F1500 X129.076 Y118.135 E2465.55921
G1 X134.189 Y109.47 E2466.6886
G1 X135.095 Y108.006 E2466.88186
G1 X135.891 Y108.608 E2466.99389
G1 X136.248 Y108.804 E2467.0396
G1 X136.653 Y108.892 E2467.08613
G1 X137.113 Y108.855 E2467.13793
G1 X137.454 Y108.723 E2467.17898
G1 X137.836 Y108.429 E2467.23309
G1 X138.934 Y106.965 E2467.43851
G1 X140.511 Y107.712 E2467.63439
G1 X140.87 Y107.672 E2467.67494
G1 X140.615 Y107.938 E2467.7163
G1 X140.304 Y108.321 E2467.77168
G1 X140.034 Y108.712 E2467.82502
G1 X139.845 Y109.05 E2467.86849
G1 X139.568 Y109.663 E2467.944
G1 X139.461 Y110.065 E2467.9907
G1 X139.469 Y110.531 E2468.04301
G1 X139.723 Y111.102 E2468.11317
G1 X140.09 Y111.414 E2468.16724
G1 X140.435 Y111.582 E2468.21031
G1 X140.802 Y111.652 E2468.25225
G1 X141.615 Y111.688 E2468.3436
G1 X142.081 Y111.676 E2468.39593
G1 X142.525 Y111.635 E2468.44598
G1 X142.945 Y111.573 E2468.49364
G1 F1374 X144.019 Y111.318 E2468.62891
G1 F1308.1 X144.442 Y111.11 E2468.68958
G1 F1410.7 X145.285 Y110.638 E2468.80491
G1 F1515.2 X146.086 Y110.11 E2468.91152
G1 F1500 X146.896 Y109.407 E2469.03191
G1 F1461 X147.063 Y109.203 E2469.0623
G1 F1487.6 X147.409 Y108.683 E2469.13299
G1 F1500 X147.589 Y108.133 E2469.19796
G1 X147.579 Y107.639 E2469.25342
G1 X147.296 Y107.061 E2469.32566
G1 X146.865 Y106.707 E2469.38827
G1 X145.97 Y106.356 E2469.49619
G1 X145.47 Y106.209 E2469.55469
G1 X145.166 Y106.076 E2469.59194
G1 X145.409 Y105.869 E2469.62777
G1 X145.645 Y105.685 E2469.66136
G1 X146.865 Y104.324 E2469.86653
G1 X147.555 Y104.748 E2469.95744
G1 X148.19 Y105.172 E2470.04315
G1 X148.917 Y105.712 E2470.14481
G1 X149.263 Y106.004 E2470.19563
G1 X149.599 Y106.325 E2470.24779
G1 X149.834 Y106.591 E2470.28764
G1 X150.022 Y106.923 E2470.33047
G1 X149.967 Y107.191 E2470.36118
G1 X149.869 Y107.427 E2470.38986
G1 X149.466 Y107.922 E2470.46151
G1 X149.121 Y108.289 E2470.51806
G1 X148.798 Y108.613 E2470.56941
G1 X148.107 Y109.234 E2470.6737
G1 F1495 X147.685 Y109.579 E2470.73509
G1 F1468.2 X147.323 Y109.853 E2470.78716
G1 F1500 X146.425 Y110.577 E2470.91664
G1 X145.466 Y111.246 E2471.0479
G1 F1401.9 X144.799 Y111.669 E2471.14276
G1 F1310 X144.335 Y111.95 E2471.21249
G1 F1374 X143.854 Y112.311 E2471.28618
G1 F1500 X142.779 Y112.906 E2471.42411
G1 X142.026 Y113.276 E2471.51828
G1 X140.578 Y113.949 E2471.69753
G1 X139.117 Y114.593 E2471.87675
G1 X137.91 Y115.111 E2472.02419
G1 X136.283 Y115.759 E2472.22078
G1 X134.636 Y116.376 E2472.41821
G1 X133.814 Y116.669 E2472.51617
G1 X131.88 Y117.307 E2472.74477
G1 X130.658 Y117.679 E2472.88816
G0 F9000 X129.957 Y117.229
G1 F1500 X130.22 Y117.492 E2472.92991
G0 F9000 X130.875 Y117.298
G1 F1500 X130.272 Y116.696 E2473.02556
G0 F9000 X130.587 Y116.162
G1 F1500 X131.525 Y117.1 E2473.17447
G0 F9000 X132.169 Y116.895
G1 F1500 X130.902 Y115.628 E2473.3756
G0 F9000 X131.217 Y115.095
G1 F1500 X132.807 Y116.685 E2473.62801
G0 F9000 X133.444 Y116.474
G1 F1500 X131.532 Y114.561 E2473.93162
G0 F9000 X131.847 Y114.028
G1 F1500 X134.075 Y116.256 E2474.28532
G0 F9000 X134.699 Y116.031
G1 F1500 X132.162 Y113.494 E2474.68806
G0 F9000 X132.476 Y112.96
G1 F1500 X135.316 Y115.8 E2475.13891
G0 F9000 X135.934 Y115.569
G1 F1500 X132.792 Y112.427 E2475.6377
G0 F9000 X133.106 Y111.893
G1 F1500 X136.544 Y115.331 E2476.18349
G0 F9000 X137.151 Y115.089
G1 F1500 X133.423 Y111.361 E2476.7753
G0 F9000 X133.737 Y110.827
G1 F1500 X137.758 Y114.848 E2477.41364
G0 F9000 X138.353 Y114.594
G1 F1500 X134.053 Y110.294 E2478.09626
G0 F9000 X134.367 Y109.76
G1 F1500 X138.946 Y114.339 E2478.82317
G0 F9000 X139.536 Y114.08
G1 F1500 X134.688 Y109.232 E2479.59279
G0 F9000 X135.013 Y108.708
G1 F1500 X140.125 Y113.82 E2480.40432
G0 F9000 X140.709 Y113.556
G1 F1500 X136.275 Y109.122 E2481.10822
G0 F9000 X137.153 Y109.152
G1 F1500 X141.288 Y113.287 E2481.76465
G0 F9000 X141.868 Y113.018
G1 F1500 X140.8 Y111.95 E2481.93419
G0 F9000 X141.685 Y111.987
G1 F1500 X142.437 Y112.739 E2482.05357
G0 F9000 X142.992 Y112.445
G1 F1500 X142.487 Y111.94 E2482.13374
G0 F9000 X143.214 Y111.818
G1 F1500 X143.538 Y112.142 E2482.18517
G0 F9000 X143.926 Y111.682
G1 F1500 X144.014 Y111.77 E2482.19914
G0 F9000 X144.389 Y112.383
G0 X147.91 Y109.838
G0 X147.411 Y109.227
G1 F1500 X147.513 Y109.329 E2482.21534
G0 F9000 X147.978 Y108.946
G1 F1500 X147.725 Y108.692 E2482.25558
G0 F9000 X147.886 Y108.005
G1 F1500 X148.425 Y108.544 E2482.34115
G0 F9000 X148.858 Y108.129
G1 F1500 X146.223 Y105.493 E2482.75953
G0 F9000 X146.624 Y105.046
G1 F1500 X149.268 Y107.69 E2483.17927
G0 F9000 X149.63 Y107.204
G1 F1500 X147.493 Y105.066 E2483.51859
G0 F9000 X147.85 Y104.536
G0 X146.817 Y103.973
G0 X144.329 Y106.015
G0 X143.834 Y105.626
G0 X142.793 Y105.34
G0 X141.752 Y107.146
G0 X145.892 Y106.693
G0 X145.907 Y106.026
G1 F1500 X145.812 Y105.931 E2483.53367
G0 F9000 X145.892 Y106.693
G0 X143.904 Y106.878
G0 X142.864 Y107.145
G0 X140.7 Y108.373
G0 X140.209 Y107.965
G1 F1500 X140.088 Y107.844 E2483.55288
G0 F9000 X139.848 Y108.453
G1 F1500 X138.902 Y107.506 E2483.70314
G0 F9000 X138.539 Y107.992
G1 F1500 X139.542 Y108.995 E2483.86237
G0 F9000 X139.28 Y109.582
G1 F1500 X138.177 Y108.479 E2484.03747
G0 F9000 X137.735 Y108.885
G1 F1500 X139.166 Y110.316 E2484.26464
G1 F3600 E2480.26464
;MESH:NONMESH
G0 F300 X139.166 Y110.316 Z8.75
G0 F9000 X139.803 Y110.109
G0 X128.222 Y117.974
G0 X126.39 Y116.878
G0 X121.853 Y122.767
G0 X120.162 Y124.695
G0 X118.37 Y126.345
G0 X116.804 Y127.565
G0 X115.668 Y128.349
G0 X115.127 Y128.65
G0 X116.896 Y120.963
G0 X114.92 Y117.032
G0 X114.213 Y116.642
G0 X113.73 Y116.159
G0 X113.911 Y115.975
G0 X110.162 Y115.035
G0 X110.046 Y115.471
;TIME_ELAPSED:1520.741352
;LAYER:19
;TYPE:WALL-INNER
;MESH:sharkz.stl
G1 F3600 E2484.26464
G1 F1282.1 X111.573 Y115.873 E2484.47202
G1 F1257 X112.354 Y116.098 E2484.58089
G1 F1222.8 X112.926 Y116.285 E2484.66376
G1 F1165.8 X113.598 Y116.533 E2484.76722
G1 F1289.4 X114.108 Y116.882 E2484.84792
G1 F1500 X114.823 Y117.284 E2484.93999
G1 X115.136 Y117.514 E2484.98359
G1 X115.467 Y117.847 E2485.0363
G1 X115.715 Y118.147 E2485.07999
G1 X115.955 Y118.545 E2485.13216
G1 X116.136 Y118.909 E2485.1778
G1 X116.299 Y119.326 E2485.22805
G1 X116.415 Y119.718 E2485.27394
G1 X116.51 Y120.115 E2485.31977
G1 X116.582 Y120.516 E2485.3655
G1 X116.635 Y120.976 E2485.41748
G1 X116.676 Y121.8 E2485.51009
G1 X116.656 Y122.625 E2485.60272
G1 X116.577 Y123.404 E2485.69062
G1 X116.459 Y124.124 E2485.77252
G1 X116.319 Y124.75 E2485.84452
G1 X116.163 Y125.295 E2485.90816
G1 X115.983 Y125.832 E2485.97174
G1 X115.369 Y127.36 E2486.15659
G1 X115.014 Y128.199 E2486.25885
G1 X114.552 Y129.219 E2486.38455
G1 X115.408 Y128.817 E2486.4907
G1 X115.817 Y128.563 E2486.54475
G1 X116.96 Y127.774 E2486.70065
G1 X117.715 Y127.213 E2486.80624
G1 X118.539 Y126.544 E2486.92538
G1 X119.43 Y125.761 E2487.05853
G1 X120.348 Y124.878 E2487.20151
G1 X121.227 Y123.926 E2487.34697
G1 X122.056 Y122.93 E2487.49243
G1 X122.797 Y121.963 E2487.62918
G1 X123.487 Y121 E2487.76217
G1 X124.423 Y119.595 E2487.95168
G1 X124.777 Y119.03 E2488.02652
G1 X133.663 Y104.15 E2489.97201
G1 X133.877 Y103.906 E2490.00845
G1 X134.143 Y103.76 E2490.04251
G1 X134.365 Y103.714 E2490.06796
G1 X134.593 Y103.725 E2490.09358
G1 X134.871 Y103.814 E2490.12635
G1 X136.479 Y105.032 E2490.35279
G1 X137.59 Y103.585 E2490.55757
G1 X137.815 Y103.415 E2490.58923
G1 X138.117 Y103.319 E2490.6248
G1 X138.484 Y103.333 E2490.66602
G1 X140.149 Y104.128 E2490.87314
G1 X141.046 Y102.441 E2491.08761
G1 X141.327 Y102.19 E2491.12991
G1 F1465.8 X141.933 Y102.062 E2491.20106
G1 F1492.5 X143.009 Y102.393 E2491.32806
G1 F1618.7 X144.086 Y102.724 E2491.44526
G1 F1691.7 X144.429 Y102.32 E2491.49801
G1 X144.095 Y102.175 E2491.53425
G1 F1642.3 X143.545 Y101.967 E2491.59454
G1 F1530.6 X142.46 Y101.578 E2491.72133
G1 F1451.6 X142.084 Y101.456 E2491.76719
G1 F1465.8 X141.2 Y101.138 E2491.8751
G1 F1500 X140.568 Y100.946 E2491.94925
G1 X139.982 Y100.788 E2492.01738
G1 X138.197 Y100.413 E2492.22212
G1 X136.038 Y100.004 E2492.46879
G1 X133.645 Y99.581 E2492.74157
G1 X132.45 Y99.409 E2492.8771
G1 X132.22 Y99.495 E2492.90466
G1 X125.089 Y112.447 E2494.56436
G1 X123.41 Y115.426 E2494.94822
G1 X123.113 Y115.872 E2495.00837
G1 X122.866 Y116.168 E2495.05164
G1 X122.584 Y116.451 E2495.09649
G1 X122.247 Y116.723 E2495.1451
G1 X121.853 Y116.956 E2495.19648
G1 X121.39 Y117.172 E2495.25384
G1 X120.681 Y117.293 E2495.33457
G1 X120.165 Y117.288 E2495.3925
G1 X119.835 Y117.238 E2495.42996
G1 X114.484 Y115.845 E2496.05065
G1 F1289.4 X113.868 Y115.786 E2496.13146
G1 F1184.2 X112.548 Y115.403 E2496.32689
G1 F1257 X107.45 Y114.067 E2497.03285
G1 F1283.9 X102.352 Y112.73 E2497.72406
G1 F1323.5 X98.014 Y111.63 E2498.29341
G1 F1285.7 X97.064 Y111.43 E2498.42055
G1 F1339.3 X96.544 Y111.234 E2498.49041
G1 F1490.1 X89.284 Y109.416 E2499.33613
G1 F1618.7 X87.919 Y109.028 E2499.48375
G1 F1685.4 X87.29 Y108.784 E2499.55115
G1 F1557.1 X86.941 Y108.506 E2499.5994
G1 F1500 X86.661 Y108.169 E2499.64858
G1 X86.353 Y107.577 E2499.72349
G1 X86.295 Y107.355 E2499.74925
G1 X86.268 Y106.621 E2499.8317
G1 X86.362 Y106.166 E2499.88385
G1 X86.471 Y105.886 E2499.91758
G1 X86.764 Y105.396 E2499.98167
G1 F1495 X87.155 Y105.018 E2500.04292
G1 F1490.1 X87.552 Y104.781 E2500.09517
G1 F1477.8 X87.992 Y104.613 E2500.14883
G1 F1475.4 X88.446 Y104.579 E2500.20079
G1 F1490.1 X91.3 Y104.307 E2500.52475
G1 F1475.4 X91.791 Y104.25 E2500.58116
G1 F1397.5 X92.208 Y104.186 E2500.63199
G1 F1363.6 X93.19 Y104.101 E2500.7537
G1 F1351.4 X95.234 Y103.89 E2501.00974
G1 F1293.1 X97.278 Y103.678 E2501.27733
G1 F1372 X97.934 Y103.67 E2501.35784
G1 F1500 X104.716 Y103.019 E2502.12264
G1 F1424.1 X104.999 Y102.961 E2502.1568
G1 F1193.6 X105.429 Y102.829 E2502.22025
G1 F1079.1 X105.788 Y102.805 E2502.27639
G1 F1063.8 X109.102 Y102.464 E2502.80369
G1 F1021.6 X110.082 Y102.358 E2502.96616
G1 F1204.8 X110.694 Y102.447 E2503.05259
G1 F1500 X122.594 Y101.303 E2504.39456
G1 X123.413 Y101.232 E2504.48684
G1 X124.262 Y99.046 E2504.75008
G1 X123.88 Y99.049 E2504.79296
G1 X123.603 Y99.005 E2504.82444
G1 X123.197 Y98.874 E2504.87233
G1 X122.799 Y98.56 E2504.92924
G1 X122.538 Y98.192 E2504.97988
G1 X122.082 Y97.242 E2505.09817
G1 X121.512 Y96.19 E2505.23248
G1 X121.126 Y95.562 E2505.31523
G1 X120.742 Y94.98 E2505.3935
G1 X120.296 Y94.377 E2505.47769
G1 X119.819 Y93.807 E2505.56112
G1 X118.592 Y92.477 E2505.76425
G1 X117.556 Y91.435 E2505.92919
G1 X117.173 Y91.077 E2505.98804
G1 X116.959 Y90.893 E2506.01972
G1 X116.976 Y91.719 E2506.11246
G1 X116.98 Y93.173 E2506.27568
G1 X116.936 Y94.491 E2506.42371
G1 X116.829 Y95.549 E2506.54308
G1 X116.698 Y96.557 E2506.65718
G1 X116.542 Y97.416 E2506.75519
G1 X118.622 Y97.466 E2506.98874
G1 X119.113 Y97.694 E2507.04951
G1 X119.309 Y97.847 E2507.07742
G1 X119.544 Y98.154 E2507.12082
G1 X119.62 Y98.34 E2507.14337
G1 X119.688 Y98.756 E2507.19069
G1 X119.676 Y98.902 E2507.20713
G1 X119.534 Y99.308 E2507.25542
G1 X119.29 Y99.666 E2507.30405
G1 X118.954 Y99.883 E2507.34895
G1 X118.451 Y100.079 E2507.40955
G1 X110.548 Y101.239 E2508.30619
G1 F1204.8 X109.976 Y101.472 E2508.39251
G1 F1022.7 X108.975 Y101.606 E2508.55878
G1 F1065.1 X105.71 Y101.987 E2509.07844
G1 F1079.1 X105.454 Y101.99 E2509.11839
G1 F1193.6 X105.032 Y101.832 E2509.18195
G1 F1424.1 X104.873 Y101.76 E2509.20259
G1 F1500 X104.452 Y101.611 E2509.25272
G1 X102.672 Y100.52 E2509.48708
G1 X102.184 Y100.265 E2509.54889
G1 X101.585 Y99.992 E2509.62278
G1 X100.234 Y99.451 E2509.78614
G1 X98.988 Y99.011 E2509.93447
G1 X99.051 Y99.339 E2509.97196
G1 X99.102 Y99.793 E2510.02325
G1 X99.086 Y100.342 E2510.0849
G1 X98.982 Y100.897 E2510.14829
G1 X98.807 Y101.35 E2510.2028
G1 X98.572 Y101.748 E2510.25468
G1 X98.327 Y102.067 E2510.29983
G1 X98.06 Y102.334 E2510.34222
G1 X97.716 Y102.61 E2510.39173
G1 F1446.9 X97.367 Y102.853 E2510.44121
G1 F1359.5 X97.136 Y102.99 E2510.47448
G1 F1353.4 X93.097 Y103.457 E2510.98033
G1 F1365.7 X92.158 Y103.521 E2511.09637
G1 F1397.5 X91.861 Y103.465 E2511.13279
G1 F1475.4 X91.328 Y103.305 E2511.1963
G1 F1500 X89.72 Y102.74 E2511.38762
G1 X88.863 Y102.468 E2511.48855
G1 X88.884 Y102.915 E2511.53878
G1 X88.788 Y103.238 E2511.5766
G1 X88.526 Y103.607 E2511.6274
G1 F1490.1 X88.233 Y103.851 E2511.67049
G1 F1465.8 X87.928 Y104.014 E2511.71022
G1 X87.704 Y104.075 E2511.73688
G1 F1490.1 X84.298 Y104.41 E2512.12362
G1 F1500 X84.027 Y104.43 E2512.15413
G1 X83.638 Y104.43 E2512.19779
G1 X83.104 Y104.377 E2512.25803
G1 X82.662 Y104.286 E2512.30869
G1 X82.138 Y104.108 E2512.37081
G1 X81.89 Y103.992 E2512.40154
G1 X81.383 Y103.675 E2512.46866
G1 X80.735 Y103.072 E2512.56803
G1 X80.184 Y102.599 E2512.64954
G1 X79.481 Y102.073 E2512.7481
G1 X77.859 Y100.976 E2512.96791
G1 X76.832 Y100.357 E2513.10251
G1 X76.292 Y100.062 E2513.17158
G1 X75.6 Y99.719 E2513.25828
G1 X75.111 Y99.557 E2513.31611
G1 X74.629 Y99.436 E2513.37189
G1 X74.029 Y99.355 E2513.43985
G1 X74.311 Y99.608 E2513.48238
G1 X75.181 Y100.498 E2513.62209
G1 X76.465 Y101.963 E2513.84076
G1 X77.257 Y103.003 E2513.98751
G1 X77.933 Y103.947 E2514.11784
G1 X78.535 Y104.877 E2514.2422
G1 X78.787 Y105.328 E2514.30019
G1 X79.062 Y105.927 E2514.37418
G1 X79.1 Y106.64 E2514.45433
G1 X79.039 Y107.174 E2514.51466
G1 X78.935 Y107.627 E2514.56684
G1 X78.782 Y108.128 E2514.62564
G1 X78.591 Y108.639 E2514.68688
G1 X78.151 Y109.627 E2514.80828
G1 X77.578 Y110.744 E2514.9492
G1 X76.994 Y111.764 E2515.08114
G1 X76.356 Y112.798 E2515.21753
G1 X75.769 Y113.703 E2515.33861
G1 X75.486 Y114.177 E2515.40058
G1 X75.182 Y114.625 E2515.46136
G1 X74.837 Y115.094 E2515.52671
G1 X74.305 Y115.743 E2515.62092
G1 X73.572 Y116.525 E2515.74123
G1 X73.014 Y117.064 E2515.82832
G1 X73.104 Y117.909 E2515.92371
G1 X73.074 Y118.321 E2515.97008
G1 F1495 X72.828 Y118.761 E2516.02685
G1 F1465.8 X72.566 Y119.028 E2516.06983
G1 F1437.7 X72.176 Y119.187 E2516.11915
G1 F1357.5 X71.901 Y119.26 E2516.15444
G1 F1145 X71.187 Y119.345 E2516.26018
G1 F1026.2 X70.87 Y119.343 E2516.31219
G1 X70.426 Y120.674 E2516.54241
G1 X71.39 Y120.17 E2516.72089
G1 F1145 X72.061 Y119.915 E2516.82645
G1 F1357.5 X72.414 Y119.766 E2516.87397
G1 F1456.3 X72.758 Y119.599 E2516.91819
G1 F1495 X74.01 Y118.91 E2517.07914
G1 F1500 X74.605 Y118.55 E2517.1572
G1 X75.687 Y117.81 E2517.30435
G1 X76.712 Y117.052 E2517.44745
G1 X77.36 Y116.544 E2517.53988
G1 X78.004 Y116.009 E2517.63386
G1 X78.661 Y115.428 E2517.73231
G1 X79.314 Y114.812 E2517.83308
G1 X79.984 Y114.131 E2517.94032
G1 X80.652 Y113.406 E2518.05098
G1 X82.948 Y110.765 E2518.44381
G1 X83.413 Y110.273 E2518.5198
G1 X83.863 Y109.88 E2518.58687
G1 X84.288 Y109.617 E2518.64297
G1 X84.623 Y109.462 E2518.68441
G1 X85.038 Y109.338 E2518.73303
G1 X85.392 Y109.279 E2518.77331
G1 X85.78 Y109.249 E2518.817
G1 X86.239 Y109.258 E2518.86853
G1 X86.96 Y109.32 E2518.94977
G1 F1535.8 X87.294 Y109.383 E2518.98703
G1 F1654.4 X87.935 Y109.565 E2519.05485
G1 F1679.1 X88.401 Y109.74 E2519.10476
G1 F1590.1 X88.839 Y109.975 E2519.1574
G1 F1530.6 X89.411 Y110.569 E2519.24811
G1 F1500 X89.641 Y110.842 E2519.28818
G1 X89.889 Y111.175 E2519.33479
G1 X90.112 Y111.539 E2519.38271
G1 X90.281 Y111.901 E2519.42756
G1 X90.481 Y112.445 E2519.49262
G1 X90.666 Y113.08 E2519.56686
G1 X90.779 Y113.653 E2519.63242
G1 X91.936 Y113.284 E2519.76874
G1 X94.59 Y112.483 E2520.07994
G1 X95.251 Y112.332 E2520.15605
G1 X95.862 Y112.249 E2520.22526
G1 F1490.1 X96.424 Y112.212 E2520.28891
G1 F1339.3 X96.945 Y112.152 E2520.35484
G1 F1269.4 X97.777 Y112.255 E2520.46605
G1 F1308.1 X102.18 Y113.401 E2521.05167
G1 F1295 X110.046 Y115.471 E2522.10928
G0 F9000 X110.045 Y116.146
;TYPE:WALL-OUTER
G1 F1500 X111.386 Y116.5 E2522.26497
G1 X112.181 Y116.737 E2522.35809
G1 X112.713 Y116.925 E2522.42143
G1 X113.3 Y117.164 E2522.49257
G1 X113.87 Y117.433 E2522.56332
G1 X114.438 Y117.749 E2522.63628
G1 X114.755 Y117.981 E2522.68038
G1 X115.004 Y118.229 E2522.71983
G1 X115.212 Y118.48 E2522.75642
G1 X115.408 Y118.794 E2522.79797
G1 X115.579 Y119.132 E2522.84049
G1 X115.724 Y119.498 E2522.88468
G1 X115.832 Y119.86 E2522.92709
G1 X115.92 Y120.222 E2522.96891
G1 X115.99 Y120.616 E2523.01383
G1 X116.036 Y121.008 E2523.05813
G1 X116.076 Y121.764 E2523.14312
G1 X116.059 Y122.566 E2523.23316
G1 X115.985 Y123.308 E2523.31687
G1 X115.873 Y123.994 E2523.39489
G1 X115.741 Y124.586 E2523.46298
G1 X115.593 Y125.107 E2523.52378
G1 X115.427 Y125.608 E2523.58302
G1 X114.817 Y127.126 E2523.76667
G1 X114.466 Y127.952 E2523.86741
G1 X113.464 Y130.173 E2524.14092
G1 X113.931 Y130.071 E2524.19458
G1 X114.397 Y129.923 E2524.24947
G1 X114.876 Y129.736 E2524.30719
G1 X115.696 Y129.344 E2524.40921
G1 X116.135 Y129.072 E2524.46718
G1 X117.318 Y128.256 E2524.6285
G1 X118.083 Y127.687 E2524.73553
G1 X118.955 Y126.977 E2524.86176
G1 X119.836 Y126.203 E2524.99339
G1 X120.777 Y125.298 E2525.13995
G1 X121.678 Y124.322 E2525.28905
G1 X122.525 Y123.304 E2525.43771
G1 X123.279 Y122.321 E2525.57678
G1 X123.957 Y121.377 E2525.70724
G1 X124.927 Y119.921 E2525.90363
G1 X125.28 Y119.359 E2525.97813
G1 X134.216 Y104.394 E2527.93469
G1 X134.338 Y104.328 E2527.95026
G1 X134.585 Y104.347 E2527.97807
G1 X136.594 Y105.872 E2528.2612
G1 X138.008 Y104.015 E2528.52321
G1 X138.196 Y103.914 E2528.54716
G1 X138.318 Y103.919 E2528.56087
G1 X140.409 Y104.917 E2528.82095
G1 X141.549 Y102.782 E2529.09264
G1 X141.634 Y102.706 E2529.10544
G1 X141.836 Y102.667 E2529.12853
G1 X144.28 Y103.369 E2529.41397
G1 X145.329 Y102.138 E2529.59552
G1 X144.971 Y101.947 E2529.64107
G1 X144.502 Y101.73 E2529.69908
G1 X143.753 Y101.424 E2529.7899
G1 X142.658 Y101.006 E2529.92147
G1 X141.376 Y100.564 E2530.07369
G1 X140.724 Y100.366 E2530.15018
G1 X140.122 Y100.204 E2530.22016
G1 X138.309 Y99.823 E2530.42812
G1 X136.142 Y99.413 E2530.67569
G1 X133.702 Y98.983 E2530.95381
G1 X132.407 Y98.796 E2531.10068
G1 X132.021 Y98.908 E2531.1458
G1 X131.733 Y99.139 E2531.18724
G1 X124.562 Y112.16 E2532.85589
G1 X122.888 Y115.128 E2533.23839
G1 X122.672 Y115.46 E2533.28286
G1 X122.412 Y115.776 E2533.32879
G1 X122.163 Y116.023 E2533.36816
G1 X121.893 Y116.239 E2533.40698
G1 X121.619 Y116.402 E2533.44276
G1 X121.21 Y116.593 E2533.49343
G1 X120.655 Y116.688 E2533.55664
G1 X120.225 Y116.691 E2533.60491
G1 X119.942 Y116.648 E2533.63704
G1 X102.509 Y112.102 E2535.65939
G1 X88.088 Y108.498 E2537.32798
G1 X87.613 Y108.275 E2537.38688
G1 X87.345 Y108.053 E2537.42595
G1 X87.151 Y107.81 E2537.46085
G1 X86.892 Y107.32 E2537.52306
G1 X86.868 Y106.696 E2537.59316
G1 X86.96 Y106.238 E2537.6456
G1 X87.239 Y105.771 E2537.70667
G1 X87.524 Y105.496 E2537.75112
G1 X87.79 Y105.337 E2537.78591
G1 X88.101 Y105.217 E2537.82333
G1 X122.646 Y101.901 E2541.71893
G1 X123.732 Y101.807 E2541.84129
G1 X123.92 Y101.584 E2541.87404
G1 X125.116 Y98.503 E2542.24503
G1 X125.109 Y98.413 E2542.25516
G1 X124.184 Y98.449 E2542.35908
G1 X123.833 Y98.449 E2542.39848
G1 X123.468 Y98.331 E2542.44154
G1 X123.221 Y98.12 E2542.478
G1 X123.045 Y97.862 E2542.51306
G1 X122.616 Y96.969 E2542.62427
G1 X122.032 Y95.89 E2542.762
G1 X121.627 Y95.232 E2542.84873
G1 X121.234 Y94.636 E2542.92887
G1 X120.768 Y94.006 E2543.01683
G1 X120.27 Y93.411 E2543.10393
G1 X119.039 Y92.076 E2543.30777
G1 X117.966 Y90.997 E2543.47859
G1 X117.563 Y90.622 E2543.54038
G1 X117.162 Y90.279 E2543.59961
G1 X116.848 Y90.032 E2543.64446
G1 X116.52 Y89.817 E2543.68848
G1 X116.407 Y89.794 E2543.70143
G1 X116.341 Y89.984 E2543.72401
G1 X116.376 Y91.721 E2543.91903
G1 X116.38 Y93.154 E2544.07989
G1 X116.339 Y94.431 E2544.22331
G1 X116.229 Y95.516 E2544.34573
G1 X116.1 Y96.494 E2544.45646
G1 X115.892 Y97.638 E2544.58698
G1 X115.808 Y97.955 E2544.6238
G1 X115.934 Y98.004 E2544.63897
G1 X118.475 Y98.059 E2544.92427
G1 X118.851 Y98.23 E2544.97064
G1 X119.035 Y98.464 E2545.00406
G1 X119.095 Y98.793 E2545.0416
G1 X118.95 Y99.152 E2545.08506
G1 X118.729 Y99.327 E2545.1167
G1 X118.32 Y99.49 E2545.16612
G1 X108.885 Y100.878 E2546.23663
G1 X105.604 Y101.284 E2546.60774
G1 X105.075 Y101.195 E2546.66796
G1 X104.683 Y101.048 E2546.71495
G1 X102.968 Y99.998 E2546.94068
G1 X102.448 Y99.726 E2547.00656
G1 X101.821 Y99.44 E2547.08392
G1 X100.446 Y98.889 E2547.2502
G1 X99.133 Y98.425 E2547.40652
G1 X98.261 Y98.154 E2547.50902
G1 X98.099 Y98.17 E2547.52729
G1 X98.283 Y98.659 E2547.58594
G1 X98.379 Y99.021 E2547.62798
G1 X98.455 Y99.406 E2547.67203
G1 X98.499 Y99.798 E2547.71631
G1 X98.483 Y100.3 E2547.77269
G1 X98.393 Y100.755 E2547.82476
G1 X98.257 Y101.101 E2547.86649
G1 X98.09 Y101.391 E2547.90405
G1 X97.893 Y101.652 E2547.94076
G1 X97.713 Y101.84 E2547.96998
G1 X97.306 Y102.166 E2548.02851
G1 X97.001 Y102.347 E2548.06833
G1 X93.026 Y102.836 E2548.5179
G1 X92.07 Y102.891 E2548.62539
G1 X91.547 Y102.746 E2548.68631
G1 X89.901 Y102.168 E2548.88214
G1 X88.957 Y101.87 E2548.99326
G1 X87.827 Y101.559 E2549.12482
G1 X88.233 Y102.46 E2549.23576
G1 X88.286 Y102.776 E2549.27172
G1 X88.244 Y102.984 E2549.29554
G1 X88.02 Y103.283 E2549.33748
G1 X87.643 Y103.476 E2549.38502
G1 X84.254 Y103.812 E2549.76731
G1 X83.983 Y103.832 E2549.79782
G1 X83.679 Y103.831 E2549.83194
G1 X83.2 Y103.785 E2549.88596
G1 X82.772 Y103.695 E2549.93505
G1 X82.392 Y103.564 E2549.98017
G1 X82.109 Y103.429 E2550.01537
G1 X81.767 Y103.209 E2550.06102
G1 X81.135 Y102.624 E2550.15769
G1 X80.56 Y102.131 E2550.24271
G1 X79.853 Y101.601 E2550.3419
G1 X78.182 Y100.47 E2550.5684
G1 X77.13 Y99.837 E2550.70622
G1 X76.569 Y99.53 E2550.77801
G1 X75.829 Y99.163 E2550.87073
G1 X75.279 Y98.981 E2550.93576
G1 X74.754 Y98.848 E2550.99655
G1 X73.795 Y98.718 E2551.10519
G1 X73.004 Y98.645 E2551.19436
G1 X72.714 Y98.648 E2551.22691
G1 X72.429 Y98.692 E2551.25928
G1 X72.587 Y98.881 E2551.28694
G1 X73.883 Y100.029 E2551.48128
G1 X74.719 Y100.881 E2551.61527
G1 X75.987 Y102.326 E2551.83108
G1 X76.769 Y103.353 E2551.97598
G1 X77.452 Y104.308 E2552.10777
G1 X78.022 Y105.188 E2552.22547
G1 X78.23 Y105.556 E2552.27292
G1 X78.463 Y106.072 E2552.33647
G1 X78.499 Y106.641 E2552.40047
G1 X78.457 Y107.023 E2552.44361
G1 X78.36 Y107.455 E2552.49331
G1 X78.22 Y107.919 E2552.54772
G1 X78.043 Y108.395 E2552.60472
G1 X77.603 Y109.383 E2552.72613
G1 X77.057 Y110.446 E2552.86027
G1 X76.458 Y111.491 E2552.99548
G1 X75.852 Y112.472 E2553.12492
G1 X75.259 Y113.387 E2553.24732
G1 X74.989 Y113.841 E2553.30661
G1 X74.698 Y114.27 E2553.3648
G1 X74.368 Y114.719 E2553.42735
G1 X73.841 Y115.363 E2553.52076
G1 X73.124 Y116.125 E2553.63821
G1 X72.529 Y116.698 E2553.73094
G1 X72.397 Y116.934 E2553.76129
G1 X72.507 Y117.972 E2553.87846
G1 X72.457 Y118.227 E2553.90763
G1 X72.237 Y118.505 E2553.94743
G1 X71.905 Y118.612 E2553.98658
G1 X70.34 Y118.602 E2554.16226
G1 X69.152 Y122.161 E2554.58344
G1 X71.273 Y121.067 E2554.85133
G1 X73.446 Y119.915 E2555.12742
G1 X74.32 Y119.424 E2555.23995
G1 X74.929 Y119.055 E2555.31988
G1 X76.043 Y118.293 E2555.47139
G1 X77.094 Y117.517 E2555.61804
G1 X77.743 Y117.006 E2555.71076
G1 X78.4 Y116.459 E2555.80673
G1 X79.073 Y115.864 E2555.90757
G1 X79.734 Y115.241 E2556.00953
G1 X80.418 Y114.545 E2556.11907
G1 X81.104 Y113.8 E2556.23275
G1 X83.415 Y111.144 E2556.62796
G1 X83.841 Y110.693 E2556.6976
G1 X84.189 Y110.386 E2556.74969
G1 X84.528 Y110.168 E2556.79493
G1 X84.842 Y110.02 E2556.8339
G1 X85.172 Y109.923 E2556.87251
G1 X85.488 Y109.871 E2556.90846
G1 X85.82 Y109.848 E2556.94581
G1 X86.189 Y109.856 E2556.98724
G1 X86.875 Y109.914 E2557.06453
G1 X87.211 Y109.962 E2557.10263
G1 X87.685 Y110.067 E2557.15712
G1 X88.166 Y110.269 E2557.21568
G1 X88.456 Y110.442 E2557.25359
G1 X88.953 Y110.957 E2557.33393
G1 X89.163 Y111.206 E2557.37049
G1 X89.382 Y111.495 E2557.4112
G1 X89.571 Y111.798 E2557.45129
G1 X89.718 Y112.108 E2557.4898
G1 X89.918 Y112.652 E2557.55486
G1 X90.078 Y113.202 E2557.61916
G1 X90.178 Y113.684 E2557.67442
G1 X90.247 Y114.201 E2557.73297
G1 X90.366 Y114.277 E2557.74882
G1 X90.702 Y114.307 E2557.78668
G1 X92.073 Y113.868 E2557.94828
G1 X94.727 Y113.067 E2558.25947
G1 X95.334 Y112.926 E2558.32942
G1 X95.878 Y112.85 E2558.39108
G1 X96.404 Y112.816 E2558.45025
G1 X96.889 Y112.817 E2558.50469
G1 X97.705 Y112.889 E2558.59665
G1 X110.045 Y116.146 E2560.02928
G0 F9000 X110.327 Y115.078
G0 X111.644 Y115.485
G0 X110.407 Y115.232
G0 X114.635 Y117.474
G0 X115.248 Y117.989
G0 X115.712 Y118.639
G0 X116.158 Y119.757
G0 X116.375 Y120.97
G0 X116.398 Y122.582
G0 X116.123 Y126.205
G0 X115.122 Y128.654
G0 X116.852 Y127.604
G0 X116.649 Y127.329
;TYPE:SKIN
G1 F1500 X115.682 Y127.999 E2560.16134
G1 X115.864 Y127.569 E2560.21376
G1 X116.483 Y126.028 E2560.40017
G1 X116.673 Y125.469 E2560.46645
G1 X116.837 Y124.895 E2560.53346
G1 X116.996 Y124.181 E2560.61557
G1 X117.117 Y123.441 E2560.69974
G1 X117.197 Y122.65 E2560.78899
G1 X117.212 Y121.689 E2560.89687
G1 X117.176 Y120.961 E2560.97869
G1 X117.112 Y120.414 E2561.04052
G1 X117.04 Y120.014 E2561.08614
G1 X116.935 Y119.57 E2561.13735
G1 X116.779 Y119.07 E2561.19615
G1 X116.635 Y118.708 E2561.23988
G1 X116.421 Y118.276 E2561.294
G1 X116.165 Y117.852 E2561.3496
G1 X115.885 Y117.505 E2561.39965
G1 X115.507 Y117.118 E2561.46037
G1 X115.089 Y116.809 E2561.51872
G1 X114.32 Y116.383 E2561.61741
G1 X114.384 Y116.378 E2561.62461
G1 X119.632 Y117.747 E2562.23343
G1 X120.12 Y117.831 E2562.28901
G1 X120.76 Y117.828 E2562.36086
G1 X121.356 Y117.724 E2562.42877
G1 X121.693 Y117.623 E2562.46826
G1 X122.202 Y117.383 E2562.53143
G1 X122.569 Y117.156 E2562.57987
G1 X122.973 Y116.825 E2562.6385
G1 X123.276 Y116.521 E2562.68668
G1 X123.615 Y116.096 E2562.74771
G1 X123.86 Y115.72 E2562.79808
G1 X125.486 Y112.844 E2563.16895
G1 X132.575 Y99.971 E2564.8186
G1 X133.504 Y100.106 E2564.92398
G1 X136.133 Y100.571 E2565.22367
G1 X138.087 Y100.941 E2565.44691
G1 X139.828 Y101.309 E2565.64666
G1 X140.425 Y101.463 E2565.71587
G1 X141.145 Y101.686 E2565.80048
G1 X141.034 Y101.738 E2565.81424
G1 X140.6 Y102.118 E2565.87899
G1 X139.913 Y103.417 E2566.04395
G1 X138.627 Y102.803 E2566.20391
G1 X138.042 Y102.782 E2566.26962
G1 X137.56 Y102.933 E2566.32632
G1 X137.183 Y103.22 E2566.37951
G1 X136.374 Y104.276 E2566.52884
G1 X135.126 Y103.33 E2566.70463
G1 X134.685 Y103.192 E2566.7565
G1 X134.32 Y103.17 E2566.79754
G1 X133.969 Y103.248 E2566.83791
G1 X133.538 Y103.481 E2566.8929
G1 X133.194 Y103.878 E2566.95187
G1 X124.321 Y118.734 E2568.8943
G1 X123.989 Y119.265 E2568.9646
G1 X123.021 Y120.721 E2569.16087
G1 X122.338 Y121.674 E2569.29248
G1 X121.633 Y122.592 E2569.42241
G1 X120.826 Y123.558 E2569.56371
G1 X119.949 Y124.51 E2569.70901
G1 X119.096 Y125.331 E2569.8419
G1 X118.205 Y126.113 E2569.97498
G1 X117.402 Y126.77 E2570.09145
G1 X116.649 Y127.329 E2570.19672
G0 F9000 X116.852 Y127.604
G0 X115.122 Y128.654
G0 X116.583 Y124.488
G0 X117.204 Y124.626
G1 F1500 X125.27 Y116.56 E2571.47719
G0 F9000 X125.82 Y116.89
G0 X123.249 Y120.887
G0 X121.853 Y122.767
G0 X120.162 Y124.695
G0 X118.37 Y126.345
G0 X116.804 Y127.565
G0 X115.668 Y128.349
G0 X115.122 Y128.654
G0 X116.896 Y120.963
G0 X114.92 Y117.032
G0 X114.213 Y116.642
G0 X113.203 Y115.968
G0 X114.411 Y116.097
G0 X120.893 Y117.229
G0 X123.348 Y115.891
G0 X123.844 Y116.289
G1 F1500 X127.787 Y112.347 E2572.10306
G1 F3600 E2568.10306
G0 F9000 X128.337 Y112.676
G0 X134.345 Y103.454
G0 X136.427 Y104.651
G0 X138.477 Y103.076
G0 X140.031 Y103.77
G0 X141.192 Y101.967
G0 X142.021 Y101.754
G0 X140.501 Y101.197
G0 X135.992 Y100.26
G0 X132.428 Y99.676
G0 X125.559 Y112.009
G0 X126.118 Y112.318
G1 F3600 E2572.10306
G1 F1500 X130.304 Y108.133 E2572.76751
G1 F3600 E2568.76751
G0 F9000 X130.853 Y108.462
G0 X134.345 Y103.454
G0 X136.427 Y104.651
G0 X138.477 Y103.076
G0 X140.031 Y103.77
G0 X141.192 Y101.967
G0 X142.021 Y101.754
G0 X140.501 Y101.197
G0 X135.992 Y100.26
G0 X132.428 Y99.676
G0 X128.679 Y106.344
G0 X129.238 Y106.653
G1 F3600 E2572.76751
G1 F1500 X135.184 Y100.707 E2573.71143
G0 F9000 X134.463 Y100.58
G1 F1500 X130.278 Y104.764 E2574.37572
G0 F9000 X129.719 Y104.455
G0 X132.428 Y99.676
G0 X135.992 Y100.26
G0 X140.501 Y101.197
G0 X142.021 Y101.754
G0 X140.83 Y102.29
G0 X140.031 Y103.77
G0 X137.693 Y103.185
G0 X136.427 Y104.651
G0 X134.296 Y103.628
G0 X132.111 Y106.356
G0 X131.561 Y106.026
G1 F1500 X127.158 Y110.43 E2575.07478
G1 F3600 E2571.07478
G0 F9000 X126.599 Y110.121
G0 X132.428 Y99.676
G0 X135.992 Y100.26
G0 X140.501 Y101.197
G0 X142.021 Y101.754
G0 X140.83 Y102.29
G0 X140.031 Y103.77
G0 X137.693 Y103.185
G0 X136.427 Y104.651
G0 X134.296 Y103.628
G0 X129.595 Y110.569
G0 X129.045 Y110.24
G1 F3600 E2575.07478
G1 F1500 X125.038 Y114.247 E2575.71089
G1 F3600 E2571.71089
G0 F9000 X124.806 Y113.357
G0 X121.613 Y117.355
G0 X114.411 Y116.097
G0 X113.203 Y115.968
G0 X116.668 Y119.657
G0 X116.224 Y125.931
G0 X115.122 Y128.654
G0 X115.668 Y128.349
G0 X117.555 Y127.007
G0 X119.278 Y125.547
G0 X121.031 Y123.754
G0 X122.588 Y121.807
G0 X124.179 Y119.449
G0 X127.078 Y114.784
G0 X126.528 Y114.454
G1 F3600 E2575.71089
G1 F1500 X117.397 Y123.585 E2577.16043
G0 F9000 X117.498 Y122.636
G1 F1500 X122.719 Y117.414 E2577.98934
G0 F9000 X122.367 Y116.884
G0 X120.137 Y117.49
G0 X121.236 Y118.049
G1 F1500 X117.511 Y121.774 E2578.58068
G0 F9000 X117.477 Y120.96
G1 F1500 X120.306 Y118.13 E2579.02987
G0 F9000 X119.554 Y118.034
G1 F1500 X117.38 Y120.208 E2579.37499
G0 F9000 X117.229 Y119.51
G1 F1500 X118.881 Y117.858 E2579.63724
G0 F9000 X118.207 Y117.684
G1 F1500 X117.023 Y118.867 E2579.82512
G0 F9000 X116.76 Y118.282
G1 F1500 X117.534 Y117.508 E2579.94799
G0 F9000 X116.861 Y117.333
G1 F1500 X116.45 Y117.744 E2580.01324
G0 F9000 X116.074 Y117.271
G1 F1500 X116.188 Y117.158 E2580.03126
G0 F9000 X115.733 Y117.854
G0 X116.916 Y122.653
G0 X115.122 Y128.654
G0 X115.668 Y128.349
G0 X117.555 Y127.007
G0 X119.278 Y125.547
G0 X120.698 Y124.094
G0 X122.782 Y121.64
G0 X122.262 Y121.265
G1 F1500 X116.371 Y127.156 E2580.96645
G0 F9000 X116.736 Y127.685
G0 X115.122 Y128.654
G0 X116.273 Y125.599
G0 X116.877 Y125.802
G1 F1500 X124.005 Y118.674 E2582.09802
G1 F3600 E2578.09802
G0 F9000 X124.548 Y119.016
G0 X121.853 Y122.767
G0 X120.162 Y124.695
G0 X118.37 Y126.345
G0 X116.804 Y127.565
G0 X115.668 Y128.349
G0 X115.122 Y128.654
G0 X116.896 Y120.963
G0 X114.92 Y117.032
G0 X114.213 Y116.642
G0 X113.203 Y115.968
G0 X114.411 Y116.097
G0 X121.613 Y117.355
G0 X123.71 Y114.649
G0 X127.639 Y108.232
G0 X128.198 Y108.541
G1 F3600 E2582.09802
G1 F1500 X132.82 Y103.919 E2582.83176
G0 F9000 X133.37 Y104.248
G0 X133.679 Y103.061
G1 F1500 X135.905 Y100.835 E2583.18514
G0 F9000 X136.62 Y100.968
G1 F1500 X134.693 Y102.895 E2583.49105
G0 F9000 X135.325 Y103.112
G1 F1500 X137.334 Y101.103 E2583.80998
G0 F9000 X138.046 Y101.239
G1 F1500 X135.809 Y103.476 E2584.1651
G0 F9000 X136.294 Y103.839
G1 F1500 X136.448 Y103.685 E2584.18955
G0 F9000 X136.957 Y104.075
G0 X137.375 Y103.528
G0 X137.492 Y102.641
G1 F1500 X138.746 Y101.387 E2584.38862
G0 F9000 X139.447 Y101.535
G1 F1500 X138.488 Y102.494 E2584.54086
G0 F9000 X139.123 Y102.707
G1 F1500 X140.13 Y101.7 E2584.70072
G0 F9000 X140.591 Y101.162
G0 X142.021 Y101.754
G0 X140.49 Y103.058
G0 X139.922 Y102.757
G1 F1500 X139.697 Y102.982 E2584.73644
G0 F9000 X139.758 Y103.719
G0 X140.031 Y103.77
G0 X141.192 Y101.967
G0 X142.021 Y101.754
G0 X140.501 Y101.197
G0 X134.604 Y99.955
G0 X133.741 Y100.452
G1 F1500 X131.318 Y102.876 E2585.12117
G0 F9000 X130.759 Y102.567
G0 X131.799 Y100.678
G0 X132.358 Y100.987
G1 F1500 X133.008 Y100.337 E2585.22436
G1 F3600 E2581.22436
G0 F9000 X133.1 Y99.706
G0 X132.428 Y99.676
G0 X122.934 Y115.679
G0 X122.375 Y116.294
G0 X121.78 Y116.706
G0 X121.311 Y116.921
G0 X120.66 Y117.033
G0 X119.873 Y116.984
G0 X87.963 Y108.816
G0 X87.435 Y108.566
G0 X86.885 Y108.029
G0 X86.556 Y107.409
G0 X86.529 Y106.665
G0 X86.643 Y106.113
G0 X86.973 Y105.564
G0 X87.318 Y105.229
G0 X87.669 Y105.017
G0 X88.038 Y104.885
G0 X110.66 Y102.187
G0 X109.445 Y101.986
G0 X110.437 Y101.522
G0 X110.706 Y101.831
G1 F3600 E2585.22436
G1 F1185.8 X111.372 Y101.751 E2585.31961
G1 F1134.9 X112.038 Y101.67 E2585.41914
G1 F1088.3 X112.704 Y101.589 E2585.52295
G1 F1045.3 X113.37 Y101.508 E2585.63102
G1 F1005.6 X114.036 Y101.428 E2585.74334
G1 F968.8 X114.702 Y101.347 E2585.85995
G1 F934.6 X115.368 Y101.266 E2585.98082
G1 F902.7 X116.034 Y101.185 E2586.10596
G0 F9000 X116.652 Y101.373
G1 F1395.3 X116.342 Y101.279 E2586.14505
G1 F1010.1 X116.032 Y101.185 E2586.19905
G1 X116.311 Y101.021 E2586.253
G1 F1395.3 X116.591 Y100.856 E2586.29222
G1 F1642.3 X118.581 Y100.589 E2586.49807
G1 F1530.6 X119.149 Y100.384 E2586.5645
G1 F1500 X119.666 Y100.06 E2586.63299
G1 X120.005 Y99.561 E2586.70071
G1 X120.152 Y99.21 E2586.74343
G1 X120.224 Y98.784 E2586.79192
G1 X120.174 Y98.278 E2586.849
G1 X120.016 Y97.89 E2586.89603
G1 X119.698 Y97.469 E2586.95525
G1 X119.378 Y97.219 E2587.00084
G1 X118.935 Y97.015 E2587.05558
G1 X118.539 Y96.92 E2587.1013
G1 X117.196 Y96.888 E2587.25209
G1 X117.366 Y95.591 E2587.39893
G1 X117.479 Y94.458 E2587.52675
G1 X117.52 Y93.178 E2587.6705
G1 X117.514 Y92.162 E2587.78455
G1 X118.194 Y92.843 E2587.89258
G1 X119.418 Y94.171 E2588.09532
G1 X119.86 Y94.698 E2588.17253
G1 X120.29 Y95.277 E2588.25348
G1 X120.668 Y95.85 E2588.33054
G1 X121.036 Y96.447 E2588.40926
G1 X121.595 Y97.48 E2588.54111
G1 X122.083 Y98.487 E2588.66672
G1 X122.409 Y98.943 E2588.72965
G1 X122.865 Y99.292 E2588.7941
G1 X123.134 Y99.417 E2588.8274
G1 X123.492 Y99.532 E2588.86961
G1 X123.031 Y100.722 E2589.01286
G1 X119.312 Y101.079 E2589.43225
G1 F1551.7 X117.982 Y101.226 E2589.57745
G1 F1660.5 X116.652 Y101.373 E2589.71314
G0 F9000 X110.43 Y102.166
G0 X122.771 Y101.09
G0 X122.711 Y100.452
G1 F1500 X122.879 Y100.284 E2589.73981
G0 F9000 X122.748 Y99.566
G1 F1500 X121.772 Y100.542 E2589.89475
G0 F9000 X120.835 Y100.631
G1 F1500 X122.26 Y99.206 E2590.12096
G0 F9000 X121.888 Y98.73
G1 F1500 X119.895 Y100.722 E2590.43727
G0 F9000 X119.028 Y100.741
G1 F1500 X118.941 Y100.828 E2590.45108
G0 F9000 X119.432 Y99.807
G0 X119.853 Y98.413
G0 X120.42 Y99.349
G1 F1500 X121.595 Y98.174 E2590.63762
G0 F9000 X121.319 Y97.601
G1 F1500 X120.491 Y98.429 E2590.76906
G0 F9000 X120.294 Y97.777
G1 F1500 X121.021 Y97.05 E2590.88447
G0 F9000 X120.719 Y96.504
G1 F1500 X119.939 Y97.284 E2591.0083
G0 F9000 X119.45 Y96.925
G1 F1500 X120.394 Y95.981 E2591.15816
G0 F9000 X120.057 Y95.469
G1 F1500 X118.842 Y96.684 E2591.35104
G0 F9000 X118.067 Y96.611
G1 F1500 X119.696 Y94.981 E2591.60972
G0 F9000 X119.314 Y94.515
G1 F1500 X117.584 Y96.245 E2591.88436
G0 F9000 X117.699 Y95.281
G1 F1500 X118.913 Y94.068 E2592.077
G0 F9000 X118.506 Y93.626
G1 F1500 X117.783 Y94.349 E2592.19177
G0 F9000 X117.811 Y93.472
G1 F1500 X118.1 Y93.184 E2592.23757
G1 F3600 E2588.23757
G0 F9000 X118.571 Y92.75
G0 X117.258 Y91.545
G0 X116.216 Y97.685
G0 X118.547 Y97.721
G0 X119.066 Y97.955
G0 X119.344 Y98.306
G0 X119.454 Y98.806
G0 X119.24 Y99.348
G0 X118.958 Y99.6
G0 X118.409 Y99.825
G0 X105.988 Y102.422
G0 X104.982 Y102.666
G0 X97.312 Y103.43
G0 X98.461 Y102.703
G1 F3600 E2592.23757
G1 F1500 X98.71 Y102.443 E2592.27798
G1 X98.997 Y102.077 E2592.33019
G1 X99.287 Y101.593 E2592.39353
G1 X99.492 Y101.073 E2592.45627
G1 X99.62 Y100.424 E2592.53053
G1 X99.633 Y99.811 E2592.59936
G1 X100.024 Y99.952 E2592.64601
G1 X101.331 Y100.473 E2592.80396
G1 X101.932 Y100.742 E2592.87787
G1 X102.419 Y100.997 E2592.93958
G1 X104.182 Y102.08 E2593.17184
G1 X104.676 Y102.261 E2593.23089
G1 X104.899 Y102.393 E2593.25998
G1 X104.639 Y102.481 E2593.2908
G1 X97.934 Y103.124 E2594.04691
G1 X98.461 Y102.703 E2594.12262
G0 F9000 X99.254 Y102.695
G1 F1500 X101.205 Y100.744 E2594.43234
G0 F9000 X101.792 Y101.007
G1 F1500 X100.193 Y102.605 E2594.6861
G0 F9000 X101.133 Y102.514
G1 F1500 X102.344 Y101.303 E2594.87835
G0 F9000 X102.87 Y101.625
G1 F1500 X102.07 Y102.425 E2595.00535
G0 F9000 X103.009 Y102.335
G1 F1500 X103.396 Y101.948 E2595.06678
G0 F9000 X103.73 Y101.404
G0 X102.788 Y100.891
G0 X100.533 Y99.788
G0 X100.599 Y100.503
G1 F1500 X99.678 Y101.423 E2595.21291
G1 F3600 E2591.21291
G0 F9000 X99.083 Y101.195
G0 X97.049 Y103.313
G0 X93.04 Y103.825
G0 X88.038 Y104.885
G0 X87.669 Y105.017
G0 X87.318 Y105.229
G0 X86.973 Y105.564
G0 X86.643 Y106.113
G0 X86.529 Y106.665
G0 X86.556 Y107.409
G0 X86.885 Y108.029
G0 X87.435 Y108.566
G0 X87.963 Y108.816
G0 X96.454 Y111.477
G0 X97.57 Y111.862
G0 X91.822 Y113.107
G0 X91.717 Y112.78
G1 F3600 E2595.21291
G1 F1500 X91.186 Y112.953 E2595.2756
G1 X90.997 Y112.286 E2595.35342
G1 X90.786 Y111.712 E2595.42207
G1 X90.605 Y111.315 E2595.47105
G1 X90.345 Y110.883 E2595.52765
G1 X90.072 Y110.519 E2595.57872
G1 X89.705 Y110.077 E2595.64321
G1 X96.143 Y111.685 E2596.3881
G1 X95.826 Y111.708 E2596.42378
G1 X95.184 Y111.794 E2596.49649
G1 X94.449 Y111.959 E2596.58105
G1 X91.717 Y112.78 E2596.90127
G0 F9000 X91.822 Y113.107
G0 X90.991 Y113.298
G0 X90.295 Y111.456
G0 X90.834 Y111.115
G1 F1500 X91.192 Y110.758 E2596.95802
G0 F9000 X91.871 Y110.927
G1 F1500 X91.101 Y111.697 E2597.08026
G0 F9000 X91.321 Y112.325
G1 F1500 X92.55 Y111.096 E2597.27536
G0 F9000 X93.229 Y111.266
G1 F1500 X92.156 Y112.339 E2597.4457
G0 F9000 X92.339 Y112.951
G0 X93.554 Y112.586
G0 X93.372 Y111.972
G1 F1500 X93.908 Y111.436 E2597.53079
G1 F3600 E2593.53079
G0 F9000 X96.875 Y111.624
G0 X97.57 Y111.862
G0 X90.49 Y113.512
G0 X90.028 Y111.963
G0 X89.65 Y111.289
G0 X88.673 Y110.178
G0 X87.917 Y109.797
G0 X86.911 Y109.578
G0 X85.831 Y109.512
G0 X85.1 Y109.594
G0 X84.364 Y109.871
G0 X83.614 Y110.446
G0 X79.475 Y114.561
G0 X74.858 Y118.134
G0 X74.583 Y117.731
G1 F3600 E2597.53079
G1 F1018.1 X74.253 Y117.967 E2597.59789
G1 F1027.4 X73.752 Y118.27 E2597.69385
G1 X73.776 Y117.83 E2597.76607
G1 X73.722 Y117.319 E2597.85028
G1 F1018.1 X74.022 Y117.042 E2597.91781
G1 F1020.4 X74.029 Y117.019 E2597.92178
G1 F1120.8 X74.25 Y116.685 E2597.98194
G1 F1347.3 X74.472 Y116.351 E2598.03207
G1 F1500 X74.711 Y116.098 E2598.07113
G1 X75.285 Y115.394 E2598.1731
G1 X75.602 Y114.962 E2598.23325
G1 X75.936 Y114.474 E2598.29963
G1 X76.223 Y113.995 E2598.36231
G1 X76.812 Y113.088 E2598.48371
G1 X77.432 Y112.077 E2598.61684
G1 X78.052 Y111.002 E2598.75614
G1 X78.599 Y109.942 E2598.89004
G1 X79.09 Y108.845 E2599.02495
G1 X79.314 Y108.241 E2599.09726
G1 X79.452 Y107.778 E2599.1515
G1 X79.578 Y107.213 E2599.21648
G1 X79.643 Y106.667 E2599.2782
G1 X79.604 Y105.988 E2599.35455
G1 X79.489 Y105.565 E2599.40375
G1 X79.265 Y105.081 E2599.46362
G1 X78.987 Y104.582 E2599.52774
G1 X78.372 Y103.632 E2599.65477
G1 X77.7 Y102.693 E2599.78439
G1 X76.839 Y101.565 E2599.94368
G1 X75.853 Y100.447 E2600.11102
G1 X76.044 Y100.542 E2600.13496
G1 X76.544 Y100.816 E2600.19896
G1 X77.543 Y101.417 E2600.32983
G1 X79.181 Y102.521 E2600.55157
G1 X79.813 Y102.997 E2600.64038
G1 X80.351 Y103.454 E2600.71962
G1 X81.071 Y104.116 E2600.82942
G1 X81.555 Y104.432 E2600.8943
G1 X82.03 Y104.647 E2600.95283
G1 X82.474 Y104.796 E2601.0054
G1 X83.032 Y104.913 E2601.0694
G1 X83.677 Y104.972 E2601.14211
G1 X84.069 Y104.967 E2601.18611
G1 X86.687 Y104.717 E2601.48133
G1 X86.471 Y104.924 E2601.51491
G1 X86.255 Y105.195 E2601.55381
G1 X86.01 Y105.597 E2601.60666
G1 X85.829 Y106.06 E2601.66246
G1 X85.721 Y106.605 E2601.72483
G1 X85.757 Y107.44 E2601.81865
G1 X85.859 Y107.799 E2601.86054
G1 X86.193 Y108.439 E2601.94158
G1 X86.419 Y108.719 E2601.98197
G1 X85.766 Y108.707 E2602.05528
G1 X85.328 Y108.74 E2602.10459
G1 X84.935 Y108.808 E2602.14936
G1 X84.429 Y108.952 E2602.20841
G1 X83.975 Y109.167 E2602.2648
G1 X83.516 Y109.464 E2602.32617
G1 X83.023 Y109.896 E2602.39975
G1 X82.578 Y110.365 E2602.47233
G1 X80.228 Y113.066 E2602.87422
G1 X79.622 Y113.72 E2602.9743
G1 X78.942 Y114.416 E2603.08353
G1 X78.311 Y115.013 E2603.18104
G1 X77.663 Y115.586 E2603.27814
G1 X77.03 Y116.112 E2603.37052
G1 X76.447 Y116.574 E2603.45403
G1 X75.351 Y117.382 E2603.60687
G1 F1337.3 X74.967 Y117.556 E2603.65996
G1 F1098.9 X74.583 Y117.731 E2603.72462
G0 F9000 X74.858 Y118.134
G0 X77.831 Y115.814
G0 X84.003 Y110.101
G0 X86.024 Y108.98
G0 X87.154 Y109.044
G0 X86.556 Y107.409
G0 X86.529 Y106.665
G0 X86.643 Y106.113
G0 X86.973 Y105.564
G0 X87.318 Y105.229
G0 X87.669 Y105.017
G0 X92.277 Y103.854
G0 X91.021 Y103.778
G1 F1446.9 X88.932 Y103.974 E2603.96878
G1 X89.044 Y103.862 E2603.98721
G1 X89.301 Y103.451 E2604.04362
G1 X89.372 Y103.206 E2604.0733
G1 X91.021 Y103.778 E2604.27641
G0 F9000 X92.277 Y103.854
G0 X87.669 Y105.017
G0 X87.318 Y105.229
G0 X86.973 Y105.564
G0 X86.643 Y106.113
G0 X86.061 Y106.155
G0 X86.405 Y108.111
G0 X85.567 Y107.897
G1 F1500 X84.965 Y108.499 E2604.37198
G0 F9000 X85.07 Y109.13
G0 X87.154 Y109.044
G0 X86.075 Y106.924
G0 X85.445 Y107.171
G1 F1500 X83.495 Y109.121 E2604.68154
G0 F9000 X83.577 Y109.861
G0 X82.19 Y111.332
G0 X81.706 Y110.91
G1 F1500 X76.331 Y116.284 E2605.53474
G0 F9000 X76.726 Y116.788
G0 X73.875 Y118.687
G0 X72.774 Y119.304
G0 X72.237 Y119.463
G0 X73.363 Y117.877
G0 X73.291 Y117.165
G0 X75.457 Y114.577
G0 X75.983 Y114.936
G1 F1500 X85.819 Y105.1 E2607.0962
G0 F9000 X84.88 Y105.191
G1 F1500 X77.452 Y112.618 E2608.27532
G0 F9000 X76.91 Y112.283
G0 X77.72 Y110.899
G0 X78.573 Y110.649
G1 F1500 X83.955 Y105.267 E2609.12971
G0 F9000 X83.149 Y105.224
G1 F1500 X79.331 Y109.042 E2609.73581
G0 F9000 X78.747 Y108.781
G0 X79.142 Y107.619
G0 X79.765 Y107.76
G1 F1500 X82.434 Y105.091 E2610.15951
G0 F9000 X81.802 Y104.874
G1 F1500 X79.937 Y106.739 E2610.45558
G0 F9000 X79.901 Y105.927
G1 F1500 X81.242 Y104.586 E2610.66847
G0 F9000 X80.749 Y104.23
G1 F1500 X79.692 Y105.287 E2610.83626
G0 F9000 X79.409 Y104.722
G1 F1500 X80.308 Y103.822 E2610.97906
G0 F9000 X79.856 Y103.426
G1 F1500 X79.093 Y104.189 E2611.10019
G0 F9000 X78.759 Y103.675
G1 F1500 X79.384 Y103.049 E2611.19948
G0 F9000 X78.895 Y102.69
G1 F1500 X78.413 Y103.172 E2611.276
G0 F9000 X78.059 Y102.678
G1 F1500 X78.388 Y102.348 E2611.32831
G0 F9000 X77.881 Y102.007
G1 F1500 X77.695 Y102.192 E2611.35776
G1 F3600 E2607.35776
G0 F9000 X77.463 Y102.946
G0 X74.906 Y99.803
G0 X75.501 Y99.961
G0 X76.695 Y100.58
G0 X83.074 Y104.638
G0 X88.798 Y103.711
G0 X89.176 Y102.854
G0 X92.777 Y103.858
G0 X87.574 Y104.456
G0 X86.105 Y106.419
G0 X85.475 Y106.292
G1 F3600 E2611.35776
G1 F1500 X74.43 Y117.337 E2613.11115
G1 F3600 E2609.11115
G0 F9000 X74.937 Y118.08
G0 X80.839 Y113.59
G0 X83.614 Y110.446
G0 X84.364 Y109.871
G0 X85.1 Y109.594
G0 X86.192 Y109.517
G0 X87.622 Y109.708
G0 X88.337 Y109.976
G0 X88.673 Y110.178
G0 X89.65 Y111.289
G0 X90.028 Y111.963
G0 X90.667 Y113.966
G0 X94.624 Y112.745
G0 X95.86 Y112.514
G0 X96.891 Y112.48
G0 X97.735 Y112.55
G0 X114.92 Y117.032
G0 X116.896 Y120.963
G0 X115.122 Y128.654
G0 X115.668 Y128.349
G0 X117.555 Y127.007
G0 X119.278 Y125.547
G0 X121.031 Y123.754
G0 X122.588 Y121.807
G0 X124.179 Y119.449
G0 X125.771 Y116.818
G0 X128.111 Y118.166
G0 X128.598 Y118.801
;TYPE:WALL-INNER
G1 F3600 E2613.11115
G1 F1500 X129.55 Y118.563 E2613.2213
G1 X130.812 Y118.199 E2613.36874
G1 X132.031 Y117.825 E2613.51187
G1 X133.804 Y117.24 E2613.72145
G1 X135.049 Y116.798 E2613.86975
G1 X136.453 Y116.273 E2614.03801
G1 X138.059 Y115.636 E2614.23195
G1 X139.33 Y115.093 E2614.3871
G1 X140.792 Y114.449 E2614.56643
G1 X142.293 Y113.75 E2614.7523
G1 X142.886 Y113.46 E2614.8264
G1 X143.541 Y113.11 E2614.90976
G1 X144.116 Y112.786 E2614.98385
G1 X144.697 Y112.428 E2615.06045
G1 X145.795 Y111.694 E2615.20871
G1 X146.916 Y110.873 E2615.36469
G1 X148.02 Y110.008 E2615.52212
G1 X148.46 Y109.644 E2615.58622
G1 X149.165 Y109.012 E2615.69251
G1 X149.165 Y109.003 E2615.69352
G1 X149.491 Y108.687 E2615.74448
G1 X149.882 Y108.27 E2615.80865
G1 X150.194 Y107.887 E2615.8641
G1 X150.366 Y107.642 E2615.8977
G1 X150.485 Y107.359 E2615.93217
G1 X150.561 Y106.952 E2615.97864
G1 X150.508 Y106.682 E2616.00953
G1 X150.281 Y106.28 E2616.06135
G1 X149.977 Y105.94 E2616.11255
G1 X149.641 Y105.613 E2616.16518
G1 X149.241 Y105.279 E2616.22368
G1 X148.532 Y104.752 E2616.32284
G1 X147.856 Y104.297 E2616.41431
G1 X146.765 Y103.625 E2616.55815
G1 F1433.1 X145.246 Y105.33 E2616.82644
G1 F1315.8 X144.893 Y105.573 E2616.88128
G1 F1162.8 X144.695 Y105.666 E2616.91296
G1 F1071.4 X144.412 Y105.642 E2616.95759
G1 F1246.5 X143.868 Y105.364 E2617.04011
G1 F1500 X142.662 Y105.023 E2617.1808
G1 F1505 X141.622 Y106.871 E2617.41804
G1 F1515.2 X141.389 Y107.064 E2617.45167
G1 F1510.1 X140.662 Y107.188 E2617.5339
G1 F1500 X138.768 Y106.289 E2617.76924
G1 X137.439 Y108.063 E2618.01806
G1 X137.195 Y108.251 E2618.05264
G1 X136.995 Y108.33 E2618.07678
G1 X136.695 Y108.358 E2618.1106
G1 X136.451 Y108.305 E2618.13863
G1 X136.223 Y108.18 E2618.16781
G1 X134.944 Y107.219 E2618.3474
G1 X133.659 Y109.299 E2618.62185
G1 X128.386 Y118.242 E2619.78723
G1 X128.008 Y118.904 E2619.87281
G1 X128.598 Y118.801 E2619.94004
G0 F9000 X128.706 Y118.569
G0 X133.883 Y109.431
G0 X135.02 Y107.617
G0 X137.319 Y108.481
G0 X138.852 Y106.627
G0 X141.583 Y107.295
G0 X139.803 Y110.109
G0 X140.391 Y110.966
G1 F1500 X140.138 Y110.707 E2619.98068
G1 X140.036 Y110.489 E2620.0077
G1 X140 Y110.125 E2620.04876
G1 X140.074 Y109.851 E2620.08062
G1 X140.282 Y109.387 E2620.1377
G1 X140.493 Y109.003 E2620.18688
G1 X140.734 Y108.647 E2620.23514
G1 X140.982 Y108.342 E2620.27926
G1 F1510.1 X141.845 Y107.429 E2620.41935
G1 F1515.2 X142.261 Y107.163 E2620.47422
G1 F1507.5 X142.769 Y106.897 E2620.53827
G1 F1502.5 X143.397 Y106.708 E2620.61177
G1 F1500 X143.813 Y106.628 E2620.65932
G1 F1428.6 X143.91 Y106.586 E2620.67178
G1 F1198.4 X144.292 Y106.473 E2620.72775
G1 F1071.4 X144.66 Y106.497 E2620.7857
G1 F1162.8 X144.96 Y106.6 E2620.83163
G1 F1308.1 X145.029 Y106.635 E2620.84159
G1 F1424.1 X145.76 Y106.859 E2620.93199
G1 F1500 X146.597 Y107.182 E2621.0327
G1 X146.88 Y107.466 E2621.07771
G1 X146.987 Y107.684 E2621.10497
G1 X147.028 Y108.056 E2621.14698
G1 X146.933 Y108.379 E2621.18477
G1 X146.676 Y108.862 E2621.24619
G1 X145.773 Y109.687 E2621.38349
G1 X145.017 Y110.166 E2621.48395
G1 X144.213 Y110.585 E2621.58572
G1 X143.801 Y110.766 E2621.63624
G1 X143.304 Y110.934 E2621.69513
G1 X142.916 Y111.03 E2621.74
G1 X142.463 Y111.103 E2621.7915
G1 X142.053 Y111.138 E2621.83769
G1 X141.606 Y111.148 E2621.88788
G1 X140.862 Y111.12 E2621.97146
G1 X140.608 Y111.073 E2622.00045
G1 X140.391 Y110.966 E2622.02761
G0 F9000 X140.826 Y110.518
;TYPE:WALL-OUTER
G1 F1500 X140.643 Y110.383 E2622.05314
G1 X140.598 Y110.261 E2622.06774
G1 X140.622 Y110.097 E2622.08634
G1 X140.84 Y109.612 E2622.14603
G1 X140.993 Y109.334 E2622.18165
G1 X141.199 Y109.026 E2622.22325
G1 X141.461 Y108.706 E2622.26967
G1 X142.205 Y107.914 E2622.39165
G1 X142.603 Y107.656 E2622.44489
G1 X143.018 Y107.449 E2622.49695
G1 X143.478 Y107.305 E2622.55106
G1 X143.96 Y107.212 E2622.60616
G1 X144.253 Y107.192 E2622.63913
G1 X144.567 Y107.21 E2622.67444
G1 X144.898 Y107.254 E2622.71192
G1 X145.226 Y107.324 E2622.74957
G1 X145.544 Y107.419 E2622.78682
G1 X146.287 Y107.705 E2622.87619
G1 X146.382 Y107.8 E2622.89127
G1 X146.439 Y108.029 E2622.91776
G1 X146.205 Y108.479 E2622.9747
G1 X145.418 Y109.203 E2623.09474
G1 X144.675 Y109.671 E2623.19331
G1 X143.973 Y110.035 E2623.28207
G1 X143.579 Y110.208 E2623.33038
G1 X143.16 Y110.352 E2623.38011
G1 X142.772 Y110.448 E2623.42498
G1 X142.353 Y110.511 E2623.47254
G1 X142.005 Y110.54 E2623.51174
G1 X141.628 Y110.548 E2623.55407
G1 X140.826 Y110.518 E2623.64416
G1 F3600 E2619.64416
G0 F9000 X139.803 Y110.109
G0 X141.583 Y107.295
G0 X138.852 Y106.627
G0 X136.675 Y108.618
G0 X135.02 Y107.617
G0 X133.883 Y109.431
G0 X128.554 Y118.518
G0 X128.071 Y119.502
G1 F3600 E2623.64416
G1 F1500 X128.713 Y119.39 E2623.71731
G1 X129.694 Y119.146 E2623.83079
G1 X130.987 Y118.773 E2623.98185
G1 X132.219 Y118.395 E2624.12651
G1 X133.998 Y117.808 E2624.3368
G1 X135.259 Y117.36 E2624.48702
G1 X136.673 Y116.831 E2624.65649
G1 X138.295 Y116.188 E2624.85235
G1 X139.54 Y115.656 E2625.00432
G1 X141.044 Y114.993 E2625.18883
G1 X142.483 Y114.325 E2625.36692
G1 X143.168 Y113.99 E2625.45251
G1 X143.835 Y113.633 E2625.53744
G1 X144.43 Y113.297 E2625.61414
G1 X145.029 Y112.928 E2625.69311
G1 X146.124 Y112.197 E2625.8409
G1 X147.286 Y111.345 E2626.00265
G1 X148.401 Y110.471 E2626.16168
G1 X148.86 Y110.091 E2626.22857
G1 X149.61 Y109.419 E2626.34161
G1 X149.609 Y109.406 E2626.34307
G1 X149.918 Y109.109 E2626.39118
G1 X150.334 Y108.666 E2626.4594
G1 X150.672 Y108.25 E2626.51957
G1 X150.895 Y107.934 E2626.56298
G1 X151.055 Y107.551 E2626.60958
G1 X151.128 Y107.272 E2626.64195
G1 X151.168 Y106.928 E2626.68083
G1 X151.078 Y106.47 E2626.73322
G1 X150.832 Y106.037 E2626.78912
G1 X150.655 Y105.798 E2626.82251
G1 X150.411 Y105.524 E2626.86369
G1 X150.043 Y105.167 E2626.92125
G1 X149.613 Y104.808 E2626.98413
G1 X148.878 Y104.262 E2627.08691
G1 X148.181 Y103.793 E2627.18121
G1 X146.648 Y102.854 E2627.38301
G1 X144.863 Y104.859 E2627.68435
G1 X144.725 Y104.939 E2627.70225
G1 X144.612 Y104.95 E2627.715
G1 X142.37 Y104.317 E2627.97651
G1 X141.146 Y106.498 E2628.25725
G1 X141.07 Y106.562 E2628.2684
G1 X140.825 Y106.602 E2628.29627
G1 X138.582 Y105.537 E2628.57499
G1 X136.983 Y107.666 E2628.87388
G1 X136.841 Y107.75 E2628.8924
G1 X136.631 Y107.736 E2628.91602
G1 X134.779 Y106.345 E2629.17602
G1 X133.142 Y108.994 E2629.52558
G1 X127.865 Y117.944 E2630.69187
G1 X127.344 Y118.859 E2630.81007
G1 X127.226 Y119.254 E2630.85634
G1 X127.269 Y119.379 E2630.87118
G1 X127.522 Y119.486 E2630.90202
G1 X127.744 Y119.526 E2630.92734
G1 X128.071 Y119.502 E2630.96414
G0 F9000 X128.706 Y118.569
G0 X133.883 Y109.431
G0 X135.02 Y107.617
G0 X137.319 Y108.481
G0 X138.852 Y106.627
G0 X141.583 Y107.295
G0 X143.234 Y106.542
G0 X143.155 Y106.228
;TYPE:SKIN
G1 F1601.4 X142.452 Y106.45 E2631.04166
G1 X142.912 Y105.635 E2631.14006
G1 X143.714 Y105.864 E2631.22775
G1 X143.895 Y106.003 E2631.25175
G1 X143.677 Y106.122 E2631.27786
G1 X143.155 Y106.228 E2631.33387
G0 F9000 X143.234 Y106.542
G0 X141.583 Y107.295
G0 X138.852 Y106.627
G0 X136.675 Y108.618
G0 X135.02 Y107.617
G0 X133.883 Y109.431
G0 X128.554 Y118.518
G0 X130.748 Y118.009
G0 X130.658 Y117.679
G1 F1500 X129.076 Y118.135 E2631.51868
G1 X134.189 Y109.47 E2632.64806
G1 X135.095 Y108.006 E2632.84133
G1 X135.891 Y108.608 E2632.95336
G1 X136.248 Y108.804 E2632.99907
G1 X136.653 Y108.892 E2633.0456
G1 X137.113 Y108.855 E2633.0974
G1 X137.454 Y108.723 E2633.13844
G1 X137.836 Y108.429 E2633.19255
G1 X138.934 Y106.965 E2633.39798
G1 X140.511 Y107.712 E2633.59386
G1 X140.87 Y107.672 E2633.6344
G1 X140.615 Y107.938 E2633.67577
G1 X140.305 Y108.32 E2633.73099
G1 X140.033 Y108.712 E2633.78455
G1 X139.845 Y109.051 E2633.82806
G1 X139.568 Y109.663 E2633.90347
G1 X139.461 Y110.065 E2633.95017
G1 X139.469 Y110.531 E2634.00249
G1 X139.723 Y111.102 E2634.07264
G1 X140.09 Y111.414 E2634.12671
G1 X140.435 Y111.582 E2634.16979
G1 X140.802 Y111.652 E2634.21172
G1 X141.615 Y111.688 E2634.30308
G1 X142.081 Y111.676 E2634.3554
G1 X142.525 Y111.635 E2634.40546
G1 X142.945 Y111.573 E2634.45311
G1 F1374 X144.019 Y111.318 E2634.58838
G1 F1308.1 X144.442 Y111.11 E2634.64906
G1 F1410.7 X145.285 Y110.638 E2634.76438
G1 F1520.3 X146.114 Y110.093 E2634.87426
G1 F1495 X146.981 Y109.326 E2635.00463
G1 F1451.6 X147.176 Y109.088 E2635.04032
G1 F1485.1 X147.408 Y108.633 E2635.09823
G1 F1500 X147.565 Y108.121 E2635.15834
G1 X147.555 Y107.625 E2635.21403
G1 X147.28 Y107.063 E2635.28426
G1 X146.85 Y106.7 E2635.34743
G1 X145.97 Y106.356 E2635.4535
G1 X145.485 Y106.213 E2635.51025
G1 X145.164 Y106.078 E2635.54935
G1 X145.414 Y105.865 E2635.58621
G1 X145.645 Y105.685 E2635.61909
G1 X146.865 Y104.324 E2635.82426
G1 X147.555 Y104.748 E2635.91517
G1 X148.21 Y105.185 E2636.00355
G1 X148.914 Y105.713 E2636.10234
G1 X149.279 Y106.012 E2636.1553
G1 X149.586 Y106.312 E2636.20349
G1 X149.834 Y106.592 E2636.24547
G1 X150.022 Y106.923 E2636.2882
G1 X149.967 Y107.191 E2636.31891
G1 X149.87 Y107.425 E2636.34735
G1 X149.466 Y107.921 E2636.41916
G1 X149.116 Y108.291 E2636.47633
G1 X148.778 Y108.629 E2636.52999
G1 X148.114 Y109.226 E2636.63022
G1 F1485.1 X147.683 Y109.576 E2636.69317
G1 F1451.6 X147.41 Y109.779 E2636.73263
G1 F1495 X146.451 Y110.558 E2636.87178
G1 F1505 X145.466 Y111.246 E2637.0062
G1 F1401.9 X144.799 Y111.669 E2637.10107
G1 F1310 X144.335 Y111.95 E2637.17079
G1 F1374 X143.854 Y112.311 E2637.24449
G1 F1500 X142.779 Y112.906 E2637.38241
G1 X142.026 Y113.276 E2637.47659
G1 X140.578 Y113.949 E2637.65583
G1 X139.117 Y114.593 E2637.83506
G1 X137.91 Y115.111 E2637.9825
G1 X136.283 Y115.759 E2638.17909
G1 X134.636 Y116.376 E2638.37651
G1 X133.814 Y116.669 E2638.47447
G1 X131.88 Y117.307 E2638.70308
G1 X130.658 Y117.679 E2638.84647
G0 F9000 X130.748 Y118.009
G0 X128.554 Y118.518
G0 X133.883 Y109.431
G0 X135.02 Y107.617
G0 X135.994 Y108.259
G0 X135.607 Y108.769
G1 F1500 X134.007 Y110.369 E2639.10047
G0 F9000 X133.453 Y110.043
G0 X132.232 Y112.114
G0 X132.785 Y112.44
G1 F1500 X136.14 Y109.085 E2639.63307
G0 F9000 X136.899 Y109.174
G1 F1500 X131.563 Y114.51 E2640.48016
G0 F9000 X131.011 Y114.185
G0 X129.79 Y116.257
G0 X130.34 Y116.581
G1 F1500 X139.403 Y107.518 E2641.91891
G0 F9000 X139.979 Y107.791
G1 F1500 X130.3 Y117.47 E2643.45545
G0 F9000 X130.477 Y118.087
G0 X131.513 Y117.105
G1 F1500 X139.474 Y109.145 E2644.71917
G0 F9000 X140.18 Y109.153
G0 X139.803 Y110.109
G0 X139.166 Y110.302
G1 F1500 X132.77 Y116.697 E2645.73446
G0 F9000 X132.97 Y117.304
G0 X134.601 Y116.745
G0 X134.05 Y116.266
G1 F1500 X139.338 Y110.978 E2646.57392
G0 F9000 X139.695 Y111.47
G1 F1500 X135.392 Y115.772 E2647.25694
G0 F9000 X135.617 Y116.372
G0 X137.005 Y115.838
G0 X136.771 Y115.242
G1 F1500 X140.209 Y111.803 E2647.8028
G0 F9000 X140.907 Y111.954
G1 F1500 X138.203 Y114.659 E2648.23214
G0 F9000 X138.455 Y115.249
G0 X139.96 Y114.596
G0 X139.703 Y114.007
G1 F1500 X141.725 Y111.985 E2648.55313
G0 F9000 X142.638 Y111.921
G1 F1500 X141.254 Y113.304 E2648.77276
G0 F9000 X141.525 Y113.888
G0 X143.229 Y113.05
G0 X142.925 Y112.482
G1 F1500 X143.69 Y111.717 E2648.89421
G0 F9000 X144.178 Y112.513
G0 X146.755 Y110.668
G0 X148.97 Y108.837
G0 X149.986 Y107.73
G0 X150.238 Y107.274
G0 X150.298 Y106.964
G0 X150.067 Y106.431
G0 X149.079 Y105.484
G0 X147.714 Y104.517
G0 X146.817 Y103.973
G0 X144.329 Y106.015
G0 X143.834 Y105.626
G0 X142.793 Y105.34
G0 X141.752 Y107.146
G0 X145.446 Y106.669
G0 X147.21 Y108.135
G0 X147.77 Y108.485
G1 F1500 X149.542 Y106.714 E2649.17543
G0 F9000 X149.126 Y106.281
G1 F1500 X147.834 Y107.573 E2649.38054
G0 F9000 X147.574 Y106.985
G1 F1500 X148.661 Y105.898 E2649.5531
G0 F9000 X148.176 Y105.534
G1 F1500 X147.148 Y106.562 E2649.71629
G0 F9000 X146.586 Y106.275
G1 F1500 X147.674 Y105.187 E2649.88901
G0 F9000 X147.158 Y104.855
G1 F1500 X145.969 Y106.044 E2650.07777
G1 F3600 E2646.07777
;MESH:NONMESH
G0 F300 X145.969 Y106.044 Z9.2
G0 F9000 X145.9 Y106.698
G0 X141.752 Y107.146
G0 X142.793 Y105.34
G0 X144.967 Y105.438
G0 X146.713 Y103.277
G0 X147.352 Y102.151
G0 X145.401 Y101.083
G0 X142.997 Y100.102
G0 X140.343 Y99.267
G0 X136.127 Y98.428
G0 X132.58 Y97.848
G0 X132.191 Y97.856
G0 X131.616 Y98.024
G0 X131.206 Y98.297
G0 X130.997 Y98.517
G0 X126.99 Y105.752
G0 X128.606 Y106.641
G0 X122.934 Y115.679
G0 X122.375 Y116.294
G0 X121.78 Y116.706
G0 X121.311 Y116.921
G0 X120.66 Y117.033
G0 X119.873 Y116.984
G0 X103.042 Y112.571
G0 X96.406 Y112.479
G0 X95.258 Y112.597
G0 X90.513 Y113.624
G0 X90.245 Y112.559
G0 X89.859 Y111.618
G0 X89.2 Y110.729
G0 X88.673 Y110.178
G0 X87.917 Y109.797
G0 X86.911 Y109.578
G0 X85.831 Y109.512
G0 X85.1 Y109.594
G0 X84.364 Y109.871
G0 X83.614 Y110.446
G0 X74.756 Y118.767
G0 X71.271 Y119.942
G0 X71.39 Y120.17
;TIME_ELAPSED:1625.956142
;LAYER:20
;TYPE:WALL-INNER
;MESH:sharkz.stl
G1 F3600 E2650.07777
G1 F1145 X72.061 Y119.915 E2650.18332
G1 F1357.5 X72.414 Y119.766 E2650.23085
G1 F1456.3 X72.758 Y119.599 E2650.27506
G1 F1495 X74.01 Y118.91 E2650.43601
G1 F1500 X74.605 Y118.55 E2650.51408
G1 X75.687 Y117.81 E2650.66122
G1 X76.712 Y117.052 E2650.80433
G1 X77.36 Y116.544 E2650.89676
G1 X78.004 Y116.009 E2650.99074
G1 X78.661 Y115.428 E2651.08919
G1 X79.314 Y114.812 E2651.18996
G1 X79.984 Y114.131 E2651.2972
G1 X80.652 Y113.406 E2651.40786
G1 X82.948 Y110.765 E2651.80069
G1 X83.413 Y110.273 E2651.87668
G1 X83.863 Y109.88 E2651.94375
G1 X84.288 Y109.617 E2651.99985
G1 X84.623 Y109.462 E2652.04128
G1 X85.038 Y109.338 E2652.0899
G1 X85.392 Y109.279 E2652.13019
G1 X85.78 Y109.249 E2652.17387
G1 X86.239 Y109.258 E2652.22541
G1 X86.96 Y109.321 E2652.30665
G1 F1376.1 X87.229 Y109.304 E2652.33963
G1 F1171.9 X87.387 Y109.27 E2652.36285
G1 F959.5 X87.693 Y109.225 E2652.41713
G1 F948.4 X87.452 Y108.973 E2652.47904
G1 F1196.8 X87.21 Y108.72 E2652.52829
G1 F1437.7 X86.942 Y108.507 E2652.56839
G1 F1500 X86.661 Y108.169 E2652.61773
G1 X86.353 Y107.577 E2652.69264
G1 X86.295 Y107.355 E2652.71839
G1 X86.265 Y106.634 E2652.7994
G1 X86.362 Y106.165 E2652.85316
G1 X86.471 Y105.886 E2652.88678
G1 X86.765 Y105.394 E2652.95112
G1 X87.16 Y105.013 E2653.01273
G1 X87.561 Y104.777 E2653.06496
G1 F1485.1 X87.99 Y104.615 E2653.11695
G1 F1487.6 X89.168 Y104.513 E2653.25078
G1 F1500 X91.3 Y104.307 E2653.49122
G1 F1475.4 X91.791 Y104.25 E2653.54763
G1 F1397.5 X92.208 Y104.186 E2653.59846
G1 F1363.6 X93.19 Y104.101 E2653.72017
G1 F1351.4 X95.234 Y103.89 E2653.97621
G1 F1293.1 X97.278 Y103.678 E2654.24379
G1 F1372 X97.934 Y103.67 E2654.32431
G1 F1500 X104.716 Y103.019 E2655.08911
G1 F1424.1 X104.999 Y102.961 E2655.12326
G1 F1193.6 X105.429 Y102.829 E2655.18672
G1 F1079.1 X105.788 Y102.805 E2655.24286
G1 F1063.8 X109.102 Y102.464 E2655.77015
G1 F1021.6 X110.082 Y102.358 E2655.93262
G1 F1204.8 X110.694 Y102.447 E2656.01905
G1 F1500 X122.593 Y101.303 E2657.36091
G1 X123.413 Y101.231 E2657.45331
G1 X124.26 Y99.047 E2657.71626
G1 X123.88 Y99.049 E2657.75892
G1 X123.603 Y99.005 E2657.79041
G1 X123.197 Y98.874 E2657.83829
G1 X122.799 Y98.56 E2657.8952
G1 X122.538 Y98.192 E2657.94584
G1 X122.082 Y97.242 E2658.06413
G1 X121.512 Y96.19 E2658.19844
G1 X121.126 Y95.562 E2658.28119
G1 X120.742 Y94.98 E2658.35946
G1 X120.296 Y94.377 E2658.44365
G1 X119.819 Y93.807 E2658.52708
G1 X118.592 Y92.477 E2658.73021
G1 X117.556 Y91.435 E2658.89515
G1 X117.173 Y91.077 E2658.954
G1 X116.959 Y90.893 E2658.98568
G1 X116.976 Y91.719 E2659.07842
G1 X116.98 Y93.173 E2659.24164
G1 X116.936 Y94.491 E2659.38967
G1 X116.829 Y95.549 E2659.50904
G1 X116.698 Y96.561 E2659.62359
G1 X116.545 Y97.416 E2659.72109
G1 X118.527 Y97.464 E2659.94364
G1 X119.02 Y97.614 E2660.00149
G1 X119.401 Y97.967 E2660.05979
G1 X119.578 Y98.21 E2660.09354
G1 X119.663 Y98.538 E2660.13157
G1 X119.676 Y98.902 E2660.17246
G1 X119.534 Y99.308 E2660.22074
G1 X119.29 Y99.666 E2660.26937
G1 X118.954 Y99.883 E2660.31427
G1 X118.451 Y100.079 E2660.37487
G1 X110.548 Y101.239 E2661.27151
G1 F1204.8 X109.976 Y101.472 E2661.35783
G1 F1022.7 X108.975 Y101.606 E2661.5241
G1 F1065.1 X105.71 Y101.987 E2662.04377
G1 F1079.1 X105.454 Y101.99 E2662.08371
G1 F1193.6 X105.032 Y101.832 E2662.14728
G1 F1424.1 X104.873 Y101.76 E2662.16791
G1 F1500 X104.452 Y101.611 E2662.21805
G1 X102.672 Y100.52 E2662.4524
G1 X102.184 Y100.265 E2662.51421
G1 X101.585 Y99.992 E2662.5881
G1 X100.234 Y99.451 E2662.75146
G1 X98.989 Y99.011 E2662.89969
G1 X99.051 Y99.339 E2662.93716
G1 X99.102 Y99.793 E2662.98844
G1 X99.086 Y100.342 E2663.0501
G1 X98.982 Y100.897 E2663.11348
G1 X98.807 Y101.35 E2663.16799
G1 X98.572 Y101.748 E2663.21988
G1 X98.327 Y102.067 E2663.26503
G1 X98.06 Y102.334 E2663.30742
G1 X97.716 Y102.61 E2663.35692
G1 F1446.9 X97.367 Y102.853 E2663.40641
G1 F1359.5 X97.136 Y102.99 E2663.43967
G1 F1353.4 X93.097 Y103.457 E2663.94553
G1 F1365.7 X92.158 Y103.521 E2664.06157
G1 F1397.5 X91.861 Y103.465 E2664.09798
G1 F1475.4 X91.328 Y103.305 E2664.16149
G1 F1500 X89.72 Y102.74 E2664.35281
G1 X88.872 Y102.471 E2664.45268
G1 X88.86 Y102.913 E2664.50231
G1 X88.803 Y103.225 E2664.53791
G1 X88.573 Y103.579 E2664.5853
G1 F1492.5 X88.252 Y103.84 E2664.63198
G1 F1470.6 X87.929 Y104.017 E2664.67415
G1 F1468.2 X87.705 Y104.08 E2664.70083
G1 F1490.1 X84.07 Y104.425 E2665.11344
G1 F1500 X83.638 Y104.43 E2665.16194
G1 X83.104 Y104.377 E2665.22217
G1 X82.662 Y104.286 E2665.27283
G1 X82.138 Y104.108 E2665.33495
G1 X81.89 Y103.992 E2665.36568
G1 X81.383 Y103.675 E2665.43281
G1 X80.735 Y103.072 E2665.53217
G1 X80.184 Y102.599 E2665.61368
G1 X79.481 Y102.073 E2665.71224
G1 X77.859 Y100.976 E2665.93205
G1 X76.832 Y100.357 E2666.06665
G1 X76.292 Y100.062 E2666.13572
G1 X75.6 Y99.719 E2666.22242
G1 X75.111 Y99.557 E2666.28025
G1 X74.629 Y99.436 E2666.33603
G1 X74.029 Y99.355 E2666.404
G1 X74.311 Y99.608 E2666.44652
G1 X75.181 Y100.498 E2666.58623
G1 X76.465 Y101.963 E2666.80491
G1 X77.257 Y103.003 E2666.95165
G1 X77.933 Y103.947 E2667.08198
G1 X78.535 Y104.877 E2667.20634
G1 X78.787 Y105.328 E2667.26433
G1 X79.062 Y105.927 E2667.33832
G1 X79.1 Y106.64 E2667.41847
G1 X79.039 Y107.174 E2667.4788
G1 X78.935 Y107.627 E2667.53098
G1 X78.782 Y108.128 E2667.58978
G1 X78.591 Y108.639 E2667.65102
G1 X78.151 Y109.627 E2667.77242
G1 X77.578 Y110.744 E2667.91335
G1 X76.994 Y111.764 E2668.04528
G1 X76.356 Y112.798 E2668.18167
G1 X75.769 Y113.703 E2668.30276
G1 X75.486 Y114.177 E2668.36473
G1 X75.182 Y114.625 E2668.4255
G1 X74.837 Y115.094 E2668.49086
G1 X74.305 Y115.743 E2668.58506
G1 X73.572 Y116.525 E2668.70537
G1 X73.014 Y117.064 E2668.79246
G1 X73.104 Y117.909 E2668.88785
G1 X73.074 Y118.321 E2668.93422
G1 F1495 X72.828 Y118.761 E2668.991
G1 F1465.8 X72.566 Y119.028 E2669.03397
G1 F1437.7 X72.176 Y119.187 E2669.08329
G1 F1357.5 X71.901 Y119.26 E2669.11858
G1 F1145 X71.187 Y119.345 E2669.22432
G1 F1026.2 X70.87 Y119.343 E2669.27633
G1 X70.426 Y120.674 E2669.50655
G1 X71.39 Y120.17 E2669.68503
G1 F3600 E2665.68503
G0 F9000 X71.271 Y119.942
G0 X75.715 Y118.111
G0 X84.003 Y110.101
G0 X84.729 Y109.704
G0 X85.468 Y109.533
G0 X86.192 Y109.517
G0 X87.622 Y109.708
G0 X88.338 Y109.977
G0 X88.672 Y110.178
G0 X89.65 Y111.289
G0 X90.028 Y111.963
G0 X90.667 Y113.966
G0 X94.624 Y112.745
G0 X95.86 Y112.514
G0 X96.891 Y112.48
G0 X97.735 Y112.55
G0 X112.479 Y115.8
G0 X112.969 Y115.892
G0 X110.162 Y115.035
G1 F3600 E2669.68503
G0 F9000 X110.046 Y115.471
G1 F1282.1 X111.573 Y115.873 E2669.89242
G1 F1257 X112.354 Y116.098 E2670.00129
G1 F1222.8 X112.926 Y116.285 E2670.08415
G1 F1165.8 X113.598 Y116.533 E2670.18761
G1 F1289.4 X114.108 Y116.882 E2670.26831
G1 F1500 X114.823 Y117.284 E2670.36039
G1 X115.136 Y117.514 E2670.40399
G1 X115.467 Y117.847 E2670.4567
G1 X115.715 Y118.147 E2670.50039
G1 X115.955 Y118.545 E2670.55256
G1 X116.136 Y118.909 E2670.59819
G1 X116.299 Y119.326 E2670.64845
G1 X116.415 Y119.718 E2670.69434
G1 X116.51 Y120.115 E2670.74016
G1 X116.582 Y120.516 E2670.7859
G1 X116.635 Y120.976 E2670.83787
G1 X116.676 Y121.8 E2670.93048
G1 X116.656 Y122.625 E2671.02312
G1 X116.577 Y123.404 E2671.11101
G1 X116.459 Y124.124 E2671.19291
G1 X116.319 Y124.75 E2671.26492
G1 X116.163 Y125.295 E2671.32856
G1 X115.983 Y125.832 E2671.39213
G1 X115.369 Y127.36 E2671.57698
G1 X115.014 Y128.199 E2671.67925
G1 X114.552 Y129.219 E2671.80494
G1 X115.408 Y128.817 E2671.9111
G1 X115.817 Y128.563 E2671.96515
G1 X116.96 Y127.774 E2672.12105
G1 X117.715 Y127.213 E2672.22664
G1 X118.539 Y126.544 E2672.34578
G1 X119.43 Y125.761 E2672.47893
G1 X120.348 Y124.878 E2672.62191
G1 X121.227 Y123.926 E2672.76736
G1 X122.056 Y122.93 E2672.91283
G1 X122.797 Y121.963 E2673.04958
G1 X123.487 Y121 E2673.18256
G1 X124.423 Y119.595 E2673.37207
G1 X124.777 Y119.03 E2673.44692
G1 X133.663 Y104.15 E2675.39241
G1 X133.877 Y103.906 E2675.42884
G1 X134.143 Y103.76 E2675.4629
G1 X134.365 Y103.714 E2675.48835
G1 X134.593 Y103.725 E2675.51398
G1 X134.871 Y103.814 E2675.54674
G1 X136.479 Y105.032 E2675.77318
G1 X137.59 Y103.585 E2675.97797
G1 X137.815 Y103.415 E2676.00962
G1 X138.117 Y103.319 E2676.04519
G1 X138.484 Y103.333 E2676.08642
G1 X140.149 Y104.128 E2676.29353
G1 X141.046 Y102.441 E2676.50801
G1 X141.327 Y102.19 E2676.55031
G1 F1465.8 X141.933 Y102.062 E2676.62145
G1 F1492.5 X143.009 Y102.393 E2676.74846
G1 F1618.7 X144.086 Y102.724 E2676.86566
G1 F1691.7 X144.429 Y102.32 E2676.91841
G1 X144.095 Y102.175 E2676.95465
G1 F1642.3 X143.545 Y101.967 E2677.01493
G1 F1530.6 X142.46 Y101.578 E2677.14173
G1 F1451.6 X142.084 Y101.456 E2677.18758
G1 F1465.8 X141.2 Y101.138 E2677.2955
G1 F1500 X140.568 Y100.946 E2677.36965
G1 X139.982 Y100.788 E2677.43778
G1 X138.197 Y100.413 E2677.64252
G1 X136.038 Y100.004 E2677.88919
G1 X133.645 Y99.581 E2678.16197
G1 X132.45 Y99.409 E2678.2975
G1 X132.22 Y99.495 E2678.32506
G1 X125.189 Y112.262 E2679.96115
G1 X123.41 Y115.426 E2680.36861
G1 X123.113 Y115.872 E2680.42876
G1 X122.866 Y116.168 E2680.47203
G1 X122.584 Y116.451 E2680.51688
G1 X122.247 Y116.723 E2680.5655
G1 X121.853 Y116.956 E2680.61688
G1 X121.39 Y117.172 E2680.67423
G1 X120.681 Y117.293 E2680.75497
G1 X120.165 Y117.288 E2680.81289
G1 X119.835 Y117.238 E2680.85036
G1 X114.484 Y115.845 E2681.47104
G1 F1289.4 X113.868 Y115.786 E2681.55185
G1 F1184.2 X112.548 Y115.403 E2681.74728
G1 F1257 X107.45 Y114.067 E2682.45325
G1 F1283.9 X102.352 Y112.73 E2683.14445
G1 F1323.5 X98.014 Y111.63 E2683.7138
G1 F1285.7 X97.064 Y111.43 E2683.84094
G1 F1339.3 X96.544 Y111.234 E2683.91081
G1 F1490.1 X88.577 Y109.239 E2684.83888
G1 F1578.9 X88.39 Y109.163 E2684.86041
G1 F1355.4 X88.072 Y109.203 E2684.90023
G1 F990.1 X87.753 Y109.243 E2684.9549
G1 F942.4 X87.892 Y109.356 E2684.98691
G1 F1267.6 X88.217 Y109.673 E2685.04721
G1 F1578.9 X88.411 Y109.723 E2685.06858
G1 F1500 X88.827 Y109.963 E2685.12249
G1 X89.411 Y110.569 E2685.21696
G1 X89.641 Y110.842 E2685.25703
G1 X89.889 Y111.175 E2685.30364
G1 X90.112 Y111.539 E2685.35156
G1 X90.281 Y111.901 E2685.3964
G1 X90.481 Y112.445 E2685.46147
G1 X90.666 Y113.08 E2685.53571
G1 X90.778 Y113.654 E2685.60136
G1 X91.936 Y113.284 E2685.73782
G1 X94.59 Y112.483 E2686.04901
G1 X95.251 Y112.332 E2686.12512
G1 X95.862 Y112.249 E2686.19434
G1 F1490.1 X96.424 Y112.212 E2686.25798
G1 F1339.3 X96.945 Y112.152 E2686.32392
G1 F1269.4 X97.777 Y112.255 E2686.43512
G1 F1308.1 X102.18 Y113.401 E2687.02074
G1 F1295 X110.046 Y115.471 E2688.07835
G0 F9000 X110.045 Y116.146
;TYPE:WALL-OUTER
G1 F1500 X111.386 Y116.5 E2688.23404
G1 X112.181 Y116.737 E2688.32716
G1 X112.713 Y116.925 E2688.3905
G1 X113.3 Y117.164 E2688.46165
G1 X113.87 Y117.433 E2688.5324
G1 X114.438 Y117.749 E2688.60536
G1 X114.755 Y117.981 E2688.64946
G1 X115.004 Y118.229 E2688.68891
G1 X115.212 Y118.48 E2688.7255
G1 X115.408 Y118.794 E2688.76705
G1 X115.579 Y119.132 E2688.80957
G1 X115.724 Y119.498 E2688.85376
G1 X115.832 Y119.86 E2688.89617
G1 X115.92 Y120.222 E2688.93799
G1 X115.99 Y120.616 E2688.98291
G1 X116.036 Y121.008 E2689.02721
G1 X116.076 Y121.764 E2689.11219
G1 X116.059 Y122.566 E2689.20224
G1 X115.985 Y123.308 E2689.28595
G1 X115.873 Y123.994 E2689.36397
G1 X115.741 Y124.586 E2689.43206
G1 X115.593 Y125.107 E2689.49285
G1 X115.427 Y125.608 E2689.5521
G1 X114.817 Y127.126 E2689.73574
G1 X114.466 Y127.952 E2689.83649
G1 X113.464 Y130.173 E2690.11
G1 X113.931 Y130.071 E2690.16366
G1 X114.397 Y129.923 E2690.21854
G1 X114.876 Y129.736 E2690.27626
G1 X115.696 Y129.344 E2690.37829
G1 X116.135 Y129.072 E2690.43626
G1 X117.318 Y128.256 E2690.59758
G1 X118.083 Y127.687 E2690.7046
G1 X118.955 Y126.977 E2690.83083
G1 X119.836 Y126.203 E2690.96247
G1 X120.777 Y125.298 E2691.10903
G1 X121.678 Y124.322 E2691.25813
G1 X122.525 Y123.304 E2691.40679
G1 X123.279 Y122.321 E2691.54585
G1 X123.957 Y121.377 E2691.67632
G1 X124.927 Y119.921 E2691.87271
G1 X125.28 Y119.359 E2691.94721
G1 X134.216 Y104.394 E2693.90377
G1 X134.338 Y104.328 E2693.91934
G1 X134.585 Y104.347 E2693.94715
G1 X136.594 Y105.872 E2694.23028
G1 X138.008 Y104.015 E2694.49228
G1 X138.196 Y103.914 E2694.51624
G1 X138.318 Y103.919 E2694.52995
G1 X140.409 Y104.917 E2694.79003
G1 X141.549 Y102.782 E2695.06172
G1 X141.634 Y102.706 E2695.07452
G1 X141.836 Y102.667 E2695.09761
G1 X144.28 Y103.369 E2695.38305
G1 X145.329 Y102.138 E2695.5646
G1 X144.971 Y101.947 E2695.61015
G1 X144.502 Y101.73 E2695.66816
G1 X143.753 Y101.424 E2695.75898
G1 X142.658 Y101.006 E2695.89055
G1 X141.376 Y100.564 E2696.04277
G1 X140.724 Y100.366 E2696.11926
G1 X140.122 Y100.204 E2696.18924
G1 X138.309 Y99.823 E2696.3972
G1 X136.142 Y99.413 E2696.64477
G1 X133.702 Y98.983 E2696.92288
G1 X132.407 Y98.796 E2697.06976
G1 X132.021 Y98.908 E2697.11488
G1 X131.733 Y99.139 E2697.15632
G1 X124.666 Y111.968 E2698.80045
G1 X122.888 Y115.128 E2699.20747
G1 X122.672 Y115.46 E2699.25193
G1 X122.412 Y115.776 E2699.29787
G1 X122.163 Y116.023 E2699.33724
G1 X121.893 Y116.239 E2699.37605
G1 X121.619 Y116.402 E2699.41184
G1 X121.21 Y116.593 E2699.46251
G1 X120.655 Y116.688 E2699.52571
G1 X120.225 Y116.691 E2699.57398
G1 X119.942 Y116.648 E2699.60612
G1 X102.509 Y112.102 E2701.62846
G1 X88.065 Y108.49 E2703.29977
G1 X87.61 Y108.272 E2703.35641
G1 X87.345 Y108.053 E2703.395
G1 X87.151 Y107.81 E2703.4299
G1 X86.891 Y107.32 E2703.49217
G1 X86.869 Y106.687 E2703.56327
G1 X86.96 Y106.237 E2703.61481
G1 X87.24 Y105.769 E2703.67602
G1 X87.554 Y105.477 E2703.72416
G1 X87.84 Y105.314 E2703.76111
G1 X88.143 Y105.213 E2703.79696
G1 X122.645 Y101.901 E2707.68772
G1 X123.742 Y101.804 E2707.81134
G1 X123.917 Y101.592 E2707.8422
G1 X125.115 Y98.504 E2708.21401
G1 X125.107 Y98.41 E2708.2246
G1 X124.188 Y98.449 E2708.32785
G1 X123.833 Y98.449 E2708.3677
G1 X123.468 Y98.331 E2708.41076
G1 X123.221 Y98.12 E2708.44723
G1 X123.045 Y97.862 E2708.48228
G1 X122.616 Y96.969 E2708.59349
G1 X122.032 Y95.89 E2708.73122
G1 X121.627 Y95.232 E2708.81795
G1 X121.234 Y94.636 E2708.89809
G1 X120.768 Y94.006 E2708.98605
G1 X120.27 Y93.411 E2709.07315
G1 X119.039 Y92.076 E2709.27699
G1 X117.966 Y90.997 E2709.44781
G1 X117.563 Y90.622 E2709.5096
G1 X117.162 Y90.279 E2709.56883
G1 X116.848 Y90.032 E2709.61368
G1 X116.52 Y89.817 E2709.6577
G1 X116.407 Y89.794 E2709.67065
G1 X116.341 Y89.984 E2709.69323
G1 X116.376 Y91.721 E2709.88825
G1 X116.38 Y93.154 E2710.04911
G1 X116.339 Y94.431 E2710.19253
G1 X116.229 Y95.516 E2710.31495
G1 X116.1 Y96.498 E2710.42613
G1 X115.896 Y97.634 E2710.55569
G1 X115.803 Y97.954 E2710.59309
G1 X115.944 Y98.004 E2710.60989
G1 X118.445 Y98.058 E2710.8907
G1 X118.762 Y98.163 E2710.92818
G1 X119.012 Y98.444 E2710.9704
G1 X119.097 Y98.79 E2711.0104
G1 X118.949 Y99.153 E2711.0544
G1 X118.729 Y99.327 E2711.08589
G1 X118.32 Y99.49 E2711.13531
G1 X108.885 Y100.878 E2712.20582
G1 X105.604 Y101.284 E2712.57693
G1 X105.075 Y101.195 E2712.63714
G1 X104.683 Y101.048 E2712.68414
G1 X102.968 Y99.998 E2712.90987
G1 X102.448 Y99.726 E2712.97574
G1 X101.821 Y99.44 E2713.0531
G1 X100.446 Y98.889 E2713.21938
G1 X99.133 Y98.425 E2713.3757
G1 X98.244 Y98.147 E2713.48026
G1 X98.133 Y98.147 E2713.49272
G1 X98.121 Y98.221 E2713.50114
G1 X98.291 Y98.683 E2713.5564
G1 X98.379 Y99.021 E2713.5956
G1 X98.455 Y99.406 E2713.63966
G1 X98.499 Y99.798 E2713.68393
G1 X98.483 Y100.3 E2713.74031
G1 X98.393 Y100.755 E2713.79238
G1 X98.257 Y101.101 E2713.83411
G1 X98.09 Y101.391 E2713.87168
G1 X97.893 Y101.652 E2713.90838
G1 X97.713 Y101.84 E2713.9376
G1 X97.306 Y102.166 E2713.99614
G1 X97.001 Y102.347 E2714.03595
G1 X93.026 Y102.836 E2714.48552
G1 X92.07 Y102.891 E2714.59301
G1 X91.547 Y102.746 E2714.65393
G1 X89.901 Y102.168 E2714.84976
G1 X88.957 Y101.87 E2714.96088
G1 X87.825 Y101.557 E2715.09272
G1 X88.27 Y102.527 E2715.21252
G1 X88.258 Y102.981 E2715.2635
G1 X88.021 Y103.279 E2715.30624
G1 X87.644 Y103.481 E2715.35425
G1 X84.013 Y103.827 E2715.76369
G1 X83.713 Y103.833 E2715.79737
G1 X83.2 Y103.785 E2715.85521
G1 X82.772 Y103.695 E2715.9043
G1 X82.392 Y103.564 E2715.94942
G1 X82.109 Y103.429 E2715.98462
G1 X81.767 Y103.209 E2716.03027
G1 X81.135 Y102.624 E2716.12694
G1 X80.56 Y102.131 E2716.21196
G1 X79.853 Y101.601 E2716.31115
G1 X78.182 Y100.47 E2716.53765
G1 X77.13 Y99.837 E2716.67547
G1 X76.569 Y99.53 E2716.74725
G1 X75.829 Y99.163 E2716.83997
G1 X75.279 Y98.981 E2716.90501
G1 X74.754 Y98.848 E2716.9658
G1 X73.795 Y98.718 E2717.07444
G1 X73.004 Y98.645 E2717.1636
G1 X72.706 Y98.649 E2717.19706
G1 X72.43 Y98.692 E2717.22841
G1 X72.581 Y98.875 E2717.25505
G1 X73.883 Y100.029 E2717.45035
G1 X74.719 Y100.881 E2717.58434
G1 X75.987 Y102.326 E2717.80014
G1 X76.769 Y103.353 E2717.94504
G1 X77.452 Y104.308 E2718.07683
G1 X78.022 Y105.188 E2718.19453
G1 X78.23 Y105.556 E2718.24198
G1 X78.463 Y106.072 E2718.30553
G1 X78.499 Y106.641 E2718.36953
G1 X78.457 Y107.023 E2718.41267
G1 X78.36 Y107.455 E2718.46237
G1 X78.22 Y107.919 E2718.51678
G1 X78.043 Y108.395 E2718.57378
G1 X77.603 Y109.383 E2718.69519
G1 X77.057 Y110.446 E2718.82934
G1 X76.458 Y111.491 E2718.96455
G1 X75.852 Y112.472 E2719.09398
G1 X75.259 Y113.387 E2719.21638
G1 X74.989 Y113.841 E2719.27567
G1 X74.698 Y114.27 E2719.33386
G1 X74.368 Y114.719 E2719.39641
G1 X73.841 Y115.363 E2719.48982
G1 X73.124 Y116.125 E2719.60727
G1 X72.529 Y116.698 E2719.7
G1 X72.397 Y116.934 E2719.73035
G1 X72.507 Y117.972 E2719.84752
G1 X72.457 Y118.227 E2719.87669
G1 X72.237 Y118.505 E2719.91649
G1 X71.905 Y118.612 E2719.95565
G1 X70.34 Y118.602 E2720.13132
G1 X69.152 Y122.161 E2720.5525
G1 X71.273 Y121.067 E2720.8204
G1 X73.446 Y119.915 E2721.09648
G1 X74.32 Y119.424 E2721.20901
G1 X74.929 Y119.055 E2721.28894
G1 X76.043 Y118.293 E2721.44045
G1 X77.094 Y117.517 E2721.5871
G1 X77.743 Y117.006 E2721.67982
G1 X78.4 Y116.459 E2721.77579
G1 X79.073 Y115.864 E2721.87663
G1 X79.734 Y115.241 E2721.97859
G1 X80.418 Y114.545 E2722.08813
G1 X81.104 Y113.8 E2722.20181
G1 X83.415 Y111.144 E2722.59702
G1 X83.841 Y110.693 E2722.66666
G1 X84.189 Y110.386 E2722.71875
G1 X84.528 Y110.168 E2722.76399
G1 X84.842 Y110.02 E2722.80296
G1 X85.172 Y109.923 E2722.84157
G1 X85.488 Y109.871 E2722.87752
G1 X85.82 Y109.848 E2722.91488
G1 X86.189 Y109.856 E2722.95631
G1 X86.875 Y109.915 E2723.0336
G1 X87.211 Y109.962 E2723.07168
G1 X87.688 Y110.067 E2723.12651
G1 X88.167 Y110.273 E2723.18504
G1 X88.455 Y110.441 E2723.22246
G1 X88.953 Y110.957 E2723.30296
G1 X89.163 Y111.206 E2723.33953
G1 X89.382 Y111.495 E2723.38023
G1 X89.571 Y111.798 E2723.42032
G1 X89.718 Y112.108 E2723.45883
G1 X89.918 Y112.652 E2723.52389
G1 X90.078 Y113.202 E2723.58819
G1 X90.178 Y113.685 E2723.64356
G1 X90.237 Y114.135 E2723.69451
G1 X90.313 Y114.272 E2723.71209
G1 X90.702 Y114.307 E2723.75593
G1 X92.073 Y113.868 E2723.91753
G1 X94.727 Y113.067 E2724.22872
G1 X95.334 Y112.926 E2724.29867
G1 X95.878 Y112.85 E2724.36033
G1 X96.404 Y112.816 E2724.4195
G1 X96.889 Y112.817 E2724.47394
G1 X97.705 Y112.889 E2724.5659
G1 X110.045 Y116.146 E2725.99854
G0 F9000 X110.327 Y115.078
G0 X111.644 Y115.485
G0 X110.407 Y115.232
G0 X114.635 Y117.474
G0 X115.248 Y117.989
G0 X115.712 Y118.639
G0 X116.158 Y119.757
G0 X116.375 Y120.97
G0 X116.398 Y122.582
G0 X116.123 Y126.205
G0 X115.122 Y128.654
G0 X116.852 Y127.604
G0 X116.649 Y127.329
;TYPE:SKIN
G1 F1500 X115.682 Y127.999 E2726.13059
G1 X115.864 Y127.569 E2726.18301
G1 X116.483 Y126.028 E2726.36942
G1 X116.673 Y125.469 E2726.4357
G1 X116.837 Y124.895 E2726.50271
G1 X116.996 Y124.181 E2726.58482
G1 X117.117 Y123.441 E2726.66899
G1 X117.197 Y122.65 E2726.75824
G1 X117.212 Y121.689 E2726.86613
G1 X117.176 Y120.961 E2726.94795
G1 X117.112 Y120.414 E2727.00977
G1 X117.04 Y120.014 E2727.05539
G1 X116.935 Y119.57 E2727.10661
G1 X116.779 Y119.07 E2727.1654
G1 X116.635 Y118.708 E2727.20913
G1 X116.421 Y118.276 E2727.26325
G1 X116.165 Y117.852 E2727.31885
G1 X115.885 Y117.505 E2727.3689
G1 X115.507 Y117.118 E2727.42963
G1 X115.089 Y116.809 E2727.48798
G1 X114.32 Y116.383 E2727.58666
G1 X114.384 Y116.378 E2727.59386
G1 X119.632 Y117.747 E2728.20268
G1 X120.12 Y117.831 E2728.25827
G1 X120.76 Y117.828 E2728.33011
G1 X121.356 Y117.724 E2728.39802
G1 X121.693 Y117.623 E2728.43752
G1 X122.202 Y117.383 E2728.50068
G1 X122.569 Y117.156 E2728.54913
G1 X122.973 Y116.825 E2728.60775
G1 X123.276 Y116.521 E2728.65593
G1 X123.615 Y116.096 E2728.71696
G1 X123.865 Y115.711 E2728.76849
G1 X125.658 Y112.524 E2729.17897
G1 X132.575 Y99.971 E2730.78784
G1 X133.504 Y100.106 E2730.89322
G1 X136.133 Y100.571 E2731.19292
G1 X138.087 Y100.941 E2731.41616
G1 X139.828 Y101.309 E2731.61591
G1 X140.425 Y101.463 E2731.68511
G1 X141.145 Y101.686 E2731.76972
G1 X141.034 Y101.738 E2731.78348
G1 X140.6 Y102.118 E2731.84824
G1 X139.913 Y103.417 E2732.01319
G1 X138.627 Y102.803 E2732.17316
G1 X138.042 Y102.782 E2732.23887
G1 X137.56 Y102.933 E2732.29557
G1 X137.183 Y103.22 E2732.34875
G1 X136.374 Y104.276 E2732.49808
G1 X135.126 Y103.33 E2732.67387
G1 X134.685 Y103.192 E2732.72574
G1 X134.315 Y103.17 E2732.76735
G1 X133.969 Y103.248 E2732.80716
G1 X133.538 Y103.477 E2732.86195
G1 X133.226 Y103.834 E2732.91517
G1 X124.321 Y118.734 E2734.86369
G1 X123.989 Y119.265 E2734.93398
G1 X123.021 Y120.721 E2735.13025
G1 X122.338 Y121.674 E2735.26186
G1 X121.633 Y122.592 E2735.39179
G1 X120.826 Y123.558 E2735.53309
G1 X119.949 Y124.51 E2735.67839
G1 X119.096 Y125.331 E2735.81129
G1 X118.205 Y126.113 E2735.94436
G1 X117.402 Y126.77 E2736.06083
G1 X116.649 Y127.329 E2736.1661
G0 F9000 X116.719 Y126.901
G1 F1500 X116.53 Y126.713 E2736.19602
G0 F9000 X116.774 Y126.108
G1 F1500 X117.208 Y126.542 E2736.26492
G0 F9000 X117.674 Y126.159
G1 F1500 X116.984 Y125.469 E2736.37446
G0 F9000 X117.165 Y124.802
G1 F1500 X118.136 Y125.773 E2736.5286
G0 F9000 X118.588 Y125.376
G1 F1500 X117.313 Y124.101 E2736.73101
G0 F9000 X117.426 Y123.366
G1 F1500 X119.034 Y124.974 E2736.98628
G0 F9000 X119.467 Y124.558
G1 F1500 X117.498 Y122.589 E2737.29886
G0 F9000 X117.511 Y121.753
G1 F1500 X119.89 Y124.133 E2737.6766
G0 F9000 X120.297 Y123.691
G1 F1500 X117.465 Y120.859 E2738.12618
G0 F9000 X116.831 Y120.931
G0 X116.429 Y119.101
G0 X117.311 Y119.857
G1 F1500 X120.698 Y123.244 E2738.66387
G0 F9000 X121.084 Y122.781
G1 F1500 X116.923 Y118.62 E2739.32442
G0 F9000 X116.331 Y118.856
G0 X113.203 Y115.968
G0 X114.343 Y116.103
G0 X117.662 Y116.882
G0 X117.5 Y117.5
G1 F1500 X121.835 Y121.835 E2740.0126
G0 F9000 X121.468 Y122.316
G1 F1500 X116.353 Y117.202 E2740.82453
G0 F9000 X115.733 Y117.854
G0 X114.213 Y116.642
G0 X113.203 Y115.968
G0 X114.343 Y116.103
G0 X118.808 Y117.181
G0 X118.647 Y117.798
G1 F1500 X122.201 Y121.352 E2741.38872
G0 F9000 X122.555 Y120.858
G1 F1500 X119.773 Y118.076 E2741.83037
G0 F9000 X120.678 Y118.132
G1 F1500 X122.904 Y120.358 E2742.18374
G0 F9000 X123.242 Y119.848
G1 F1500 X121.413 Y118.019 E2742.4741
G0 F9000 X122.035 Y117.792
G1 F1500 X123.581 Y119.338 E2742.71952
G0 F9000 X123.913 Y118.822
G1 F1500 X122.588 Y117.496 E2742.92994
G0 F9000 X123.071 Y117.132
G1 F1500 X124.234 Y118.295 E2743.11457
G0 F9000 X124.552 Y117.764
G1 F1500 X123.504 Y116.716 E2743.28094
G0 F9000 X123.879 Y116.242
G1 F1500 X124.869 Y117.233 E2743.43818
G0 F9000 X125.186 Y116.701
G1 F1500 X124.204 Y115.719 E2743.59407
G0 F9000 X124.509 Y115.176
G1 F1500 X125.504 Y116.17 E2743.75195
G0 F9000 X125.821 Y115.639
G1 F1500 X124.815 Y114.633 E2743.91165
G0 F9000 X125.12 Y114.09
G1 F1500 X126.139 Y115.108 E2744.07334
G0 F9000 X126.455 Y114.576
G1 F1500 X125.426 Y113.546 E2744.23677
G0 F9000 X125.731 Y113.003
G1 F1500 X126.773 Y114.045 E2744.40219
G0 F9000 X127.09 Y113.514
G1 F1500 X126.035 Y112.459 E2744.56967
G0 F9000 X126.337 Y111.912
G1 F1500 X127.407 Y112.982 E2744.73953
G0 F9000 X127.725 Y112.451
G1 F1500 X126.639 Y111.365 E2744.91193
G0 F9000 X126.94 Y110.818
G1 F1500 X128.042 Y111.92 E2745.08688
G0 F9000 X128.36 Y111.389
G1 F1500 X127.242 Y110.271 E2745.26436
G0 F9000 X127.543 Y109.724
G1 F1500 X128.676 Y110.857 E2745.44422
G0 F9000 X128.994 Y110.326
G1 F1500 X127.844 Y109.177 E2745.6267
G0 F9000 X128.146 Y108.63
G1 F1500 X129.311 Y109.795 E2745.81165
G0 F9000 X129.628 Y109.264
G1 F1500 X128.447 Y108.083 E2745.99913
G0 F9000 X128.749 Y107.535
G1 F1500 X129.946 Y108.733 E2746.18923
G0 F9000 X130.263 Y108.201
G1 F1500 X129.051 Y106.989 E2746.38164
G0 F9000 X129.352 Y106.441
G1 F1500 X130.581 Y107.67 E2746.57674
G0 F9000 X130.897 Y107.139
G1 F1500 X129.653 Y105.894 E2746.77431
G0 F9000 X129.955 Y105.348
G1 F1500 X131.215 Y106.608 E2746.97433
G0 F9000 X131.532 Y106.077
G1 F1500 X130.256 Y104.8 E2747.17697
G0 F9000 X130.557 Y104.253
G1 F1500 X131.85 Y105.546 E2747.38224
G0 F9000 X132.167 Y105.014
G1 F1500 X130.859 Y103.706 E2747.58988
G0 F9000 X131.161 Y103.159
G1 F1500 X132.484 Y104.483 E2747.79999
G0 F9000 X132.802 Y103.952
G1 F1500 X131.462 Y102.612 E2748.01271
G0 F9000 X131.763 Y102.064
G1 F1500 X133.157 Y103.458 E2748.23401
G0 F9000 X133.632 Y103.085
G1 F1500 X132.065 Y101.518 E2748.48277
G0 F9000 X132.366 Y100.971
G1 F1500 X134.268 Y102.873 E2748.78471
G0 F9000 X134.349 Y103.514
G0 X135.062 Y103.708
G0 X135.446 Y103.202
G1 F1500 X132.667 Y100.423 E2749.22588
G0 F9000 X133.503 Y100.411
G1 F1500 X136.592 Y103.499 E2749.71618
G0 F9000 X136.961 Y103.02
G1 F1500 X134.534 Y100.593 E2750.10146
G0 F9000 X134.647 Y99.963
G0 X135.678 Y100.144
G0 X135.565 Y100.775
G1 F1500 X137.445 Y102.656 E2750.39999
G0 F9000 X138.118 Y102.48
G1 F1500 X136.604 Y100.966 E2750.64034
G0 F9000 X136.723 Y100.338
G0 X137.769 Y100.536
G0 X137.651 Y101.164
G1 F1500 X139.258 Y102.772 E2750.89553
G0 F9000 X139.981 Y102.646
G1 F1500 X138.717 Y101.381 E2751.09627
G0 F9000 X138.848 Y100.756
G0 X139.452 Y100.882
G0 X139.794 Y101.61
G1 F1500 X140.275 Y102.091 E2751.17262
G1 F3600 E2747.17262
G0 F9000 X140.844 Y102.392
G0 X142.021 Y101.754
G0 X140.501 Y101.197
G0 X135.992 Y100.26
G0 X132.428 Y99.676
G0 X122.934 Y115.679
G0 X122.375 Y116.294
G0 X121.78 Y116.706
G0 X121.311 Y116.921
G0 X120.66 Y117.033
G0 X119.873 Y116.984
G0 X87.962 Y108.816
G0 X87.435 Y108.566
G0 X86.885 Y108.029
G0 X86.556 Y107.409
G0 X86.529 Y106.665
G0 X86.643 Y106.113
G0 X86.973 Y105.564
G0 X87.318 Y105.229
G0 X87.669 Y105.017
G0 X88.038 Y104.885
G0 X110.66 Y102.187
G0 X109.445 Y101.986
G0 X110.437 Y101.522
G1 F3600 E2751.17262
G0 F9000 X110.706 Y101.831
G1 F1185.8 X111.372 Y101.751 E2751.26788
G1 F1134.9 X112.038 Y101.67 E2751.36741
G1 F1088.3 X112.704 Y101.589 E2751.47122
G1 F1045.3 X113.37 Y101.508 E2751.57929
G1 F1005.6 X114.036 Y101.428 E2751.69161
G1 F968.8 X114.702 Y101.347 E2751.80821
G1 F934.6 X115.368 Y101.266 E2751.92909
G1 F902.7 X116.034 Y101.185 E2752.05423
G0 F9000 X116.652 Y101.373
G1 F1395.3 X116.342 Y101.279 E2752.09332
G1 F1010.1 X116.032 Y101.185 E2752.14732
G1 X116.311 Y101.021 E2752.20127
G1 F1395.3 X116.591 Y100.856 E2752.24049
G1 F1642.3 X118.581 Y100.589 E2752.44634
G1 F1530.6 X119.149 Y100.384 E2752.51277
G1 F1500 X119.666 Y100.06 E2752.58126
G1 X120.005 Y99.561 E2752.64898
G1 X120.152 Y99.21 E2752.69169
G1 X120.224 Y98.784 E2752.74019
G1 X120.191 Y98.438 E2752.77921
G1 X120.071 Y97.969 E2752.83355
G1 X119.717 Y97.496 E2752.89987
G1 X119.354 Y97.2 E2752.95245
G1 X118.978 Y97.016 E2752.99944
G1 X118.595 Y96.927 E2753.04357
G1 X117.196 Y96.887 E2753.20068
G1 X117.366 Y95.587 E2753.34785
G1 X117.479 Y94.458 E2753.47522
G1 X117.52 Y93.178 E2753.61898
G1 X117.514 Y92.162 E2753.73303
G1 X118.194 Y92.843 E2753.84106
G1 X119.401 Y94.152 E2754.04093
G1 X119.86 Y94.698 E2754.121
G1 X120.29 Y95.276 E2754.20186
G1 X120.668 Y95.85 E2754.27901
G1 X121.036 Y96.447 E2754.35774
G1 X121.595 Y97.48 E2754.48958
G1 X122.068 Y98.463 E2754.61204
G1 X122.405 Y98.939 E2754.67751
G1 X122.868 Y99.296 E2754.74314
G1 X123.136 Y99.418 E2754.77619
G1 X123.492 Y99.532 E2754.81815
G1 X123.031 Y100.722 E2754.96141
G1 X119.312 Y101.079 E2755.38079
G1 F1551.7 X117.982 Y101.226 E2755.52599
G1 F1660.5 X116.652 Y101.373 E2755.66168
G0 F9000 X110.431 Y102.166
G0 X109.445 Y101.986
G0 X110.52 Y101.541
G0 X119.432 Y99.807
G0 X119.312 Y100.644
G1 F1500 X119.433 Y100.766 E2755.68097
G0 F9000 X119.82 Y100.304
G1 F1500 X120.207 Y100.691 E2755.7424
G0 F9000 X120.982 Y100.617
G1 F1500 X120.188 Y99.824 E2755.86837
G0 F9000 X120.456 Y99.242
G1 F1500 X121.756 Y100.543 E2756.07482
G0 F9000 X122.53 Y100.469
G1 F1500 X120.491 Y98.429 E2756.39859
G0 F9000 X119.484 Y97.745
G0 X116.872 Y97.149
G0 X117.258 Y91.545
G0 X118.408 Y92.662
G0 X119.923 Y94.35
G0 X121.287 Y96.206
G0 X121.272 Y97.513
G1 F1500 X117.793 Y94.034 E2756.95088
G0 F9000 X117.742 Y94.832
G1 F1500 X122.968 Y100.058 E2757.78051
G0 F9000 X123.563 Y100.29
G0 X123.859 Y99.322
G0 X121.85 Y97.36
G0 X120.909 Y95.707
G0 X120.091 Y94.538
G0 X118.408 Y92.662
G0 X117.258 Y91.545
G0 X116.872 Y97.149
G0 X118.433 Y97.256
G0 X118.706 Y96.644
G1 F1500 X117.665 Y95.604 E2757.94569
G0 F9000 X117.567 Y96.354
G1 F1500 X117.816 Y96.603 E2757.98522
G0 F9000 X117.802 Y97.243
G0 X116.872 Y97.149
G0 X117.258 Y91.545
G0 X118.19 Y92.449
G0 X120.526 Y95.025
G0 X120.012 Y95.404
G1 F1500 X117.818 Y93.211 E2758.33343
G1 F3600 E2754.33343
G0 F9000 X117.166 Y93.654
G0 X116.216 Y97.685
G0 X118.522 Y97.72
G0 X118.94 Y97.871
G0 X119.335 Y98.268
G0 X119.454 Y98.806
G0 X119.24 Y99.348
G0 X118.958 Y99.6
G0 X118.409 Y99.825
G0 X105.988 Y102.422
G0 X104.982 Y102.666
G0 X97.314 Y103.43
G1 F3600 E2758.33343
G0 F9000 X98.461 Y102.703
G1 F1500 X98.71 Y102.443 E2758.37385
G1 X98.997 Y102.077 E2758.42606
G1 X99.287 Y101.593 E2758.48939
G1 X99.492 Y101.073 E2758.55214
G1 X99.62 Y100.424 E2758.62639
G1 X99.633 Y99.811 E2758.69522
G1 X100.024 Y99.952 E2758.74188
G1 X101.331 Y100.473 E2758.89982
G1 X101.932 Y100.742 E2758.97373
G1 X102.419 Y100.997 E2759.03544
G1 X104.182 Y102.08 E2759.2677
G1 X104.676 Y102.261 E2759.32676
G1 X104.899 Y102.393 E2759.35585
G1 X104.639 Y102.481 E2759.38666
G1 X97.934 Y103.124 E2760.14277
G1 X98.461 Y102.703 E2760.21848
G0 F9000 X99.071 Y102.465
G1 F1500 X99.296 Y102.69 E2760.2542
G0 F9000 X99.415 Y101.961
G1 F1500 X100.07 Y102.616 E2760.35818
G0 F9000 X100.845 Y102.542
G1 F1500 X99.691 Y101.388 E2760.54138
G0 F9000 X99.869 Y100.717
G1 F1500 X101.619 Y102.468 E2760.81927
G0 F9000 X102.393 Y102.393
G1 F1500 X100.44 Y100.44 E2761.12931
G0 F9000 X100.533 Y99.788
G0 X102.222 Y100.512
G0 X101.926 Y101.077
G1 F1500 X103.168 Y102.319 E2761.32648
G1 F3600 E2757.32648
G0 F9000 X105.08 Y102.683
G0 X88.038 Y104.885
G0 X87.669 Y105.017
G0 X87.318 Y105.229
G0 X86.973 Y105.564
G0 X86.643 Y106.113
G0 X86.529 Y106.665
G0 X86.556 Y107.409
G0 X86.885 Y108.029
G0 X87.435 Y108.566
G0 X87.962 Y108.816
G0 X96.454 Y111.477
G0 X97.57 Y111.862
G0 X91.822 Y113.107
G1 F3600 E2761.32648
G0 F9000 X91.717 Y112.78
G1 F1500 X91.186 Y112.953 E2761.38917
G1 X90.997 Y112.286 E2761.46699
G1 X90.786 Y111.712 E2761.53563
G1 X90.605 Y111.315 E2761.58461
G1 X90.345 Y110.883 E2761.64121
G1 X90.072 Y110.519 E2761.69229
G1 X89.705 Y110.077 E2761.75678
G1 X96.143 Y111.685 E2762.50166
G1 X95.826 Y111.708 E2762.53734
G1 X95.184 Y111.794 E2762.61005
G1 X94.449 Y111.959 E2762.69461
G1 X91.717 Y112.78 E2763.01483
G0 F9000 X92.017 Y112.381
G1 F1500 X90.921 Y111.286 E2763.18874
G0 F9000 X91.258 Y110.775
G1 F1500 X92.668 Y112.184 E2763.4125
G0 F9000 X93.32 Y111.987
G1 F1500 X92.389 Y111.057 E2763.56022
G0 F9000 X96.854 Y111.668
G0 X93.521 Y111.34
G1 F1500 X93.971 Y111.79 E2763.63165
G0 F9000 X93.97 Y112.46
G0 X90.471 Y113.42
G0 X90.028 Y111.963
G0 X89.65 Y111.289
G0 X88.672 Y110.178
G0 X87.917 Y109.797
G0 X86.911 Y109.578
G0 X85.831 Y109.512
G0 X85.1 Y109.594
G0 X84.364 Y109.871
G0 X83.614 Y110.446
G0 X79.478 Y114.558
G0 X74.858 Y118.134
G0 X74.583 Y117.731
G1 F1018.1 X74.253 Y117.967 E2763.69875
G1 F1027.4 X73.752 Y118.27 E2763.79471
G1 X73.776 Y117.83 E2763.86693
G1 X73.722 Y117.319 E2763.95114
G1 F1018.1 X74.022 Y117.042 E2764.01867
G1 F1020.4 X74.029 Y117.019 E2764.02264
G1 F1120.8 X74.25 Y116.685 E2764.08281
G1 F1347.3 X74.472 Y116.351 E2764.13293
G1 F1500 X74.711 Y116.098 E2764.172
G1 X75.285 Y115.394 E2764.27396
G1 X75.602 Y114.962 E2764.33411
G1 X75.936 Y114.474 E2764.40049
G1 X76.223 Y113.995 E2764.46317
G1 X76.812 Y113.088 E2764.58457
G1 X77.432 Y112.077 E2764.7177
G1 X78.052 Y111.002 E2764.857
G1 X78.599 Y109.942 E2764.9909
G1 X79.09 Y108.845 E2765.12581
G1 X79.314 Y108.241 E2765.19813
G1 X79.452 Y107.778 E2765.25236
G1 X79.578 Y107.213 E2765.31734
G1 X79.643 Y106.667 E2765.37906
G1 X79.604 Y105.988 E2765.45541
G1 X79.489 Y105.565 E2765.50461
G1 X79.265 Y105.081 E2765.56448
G1 X78.987 Y104.582 E2765.6286
G1 X78.372 Y103.632 E2765.75564
G1 X77.7 Y102.693 E2765.88525
G1 X76.839 Y101.565 E2766.04455
G1 X75.853 Y100.447 E2766.21188
G1 X76.044 Y100.542 E2766.23583
G1 X76.544 Y100.816 E2766.29983
G1 X77.543 Y101.417 E2766.4307
G1 X79.181 Y102.521 E2766.65243
G1 X79.813 Y102.997 E2766.74125
G1 X80.351 Y103.454 E2766.82049
G1 X81.071 Y104.116 E2766.93028
G1 X81.555 Y104.432 E2766.99516
G1 X82.03 Y104.647 E2767.05369
G1 X82.474 Y104.796 E2767.10626
G1 X82.943 Y104.894 E2767.16005
G1 X83.623 Y104.969 E2767.23684
G1 X84.117 Y104.963 E2767.2923
G1 X86.682 Y104.721 E2767.58151
G1 X86.447 Y104.95 E2767.61834
G1 X86.234 Y105.225 E2767.65738
G1 X85.988 Y105.642 E2767.71173
G1 X85.829 Y106.06 E2767.76193
G1 X85.725 Y106.581 E2767.82157
G1 X85.76 Y107.438 E2767.91785
G1 X85.859 Y107.799 E2767.95987
G1 X86.189 Y108.435 E2768.0403
G1 X86.418 Y108.72 E2768.08134
G1 X85.766 Y108.707 E2768.15455
G1 X85.328 Y108.74 E2768.20385
G1 X84.936 Y108.808 E2768.24851
G1 X84.43 Y108.952 E2768.30757
G1 X83.996 Y109.156 E2768.3614
G1 X83.516 Y109.464 E2768.42542
G1 X83.023 Y109.896 E2768.499
G1 X82.578 Y110.365 E2768.57157
G1 X80.228 Y113.066 E2768.97346
G1 X79.622 Y113.72 E2769.07355
G1 X78.942 Y114.416 E2769.18278
G1 X78.311 Y115.013 E2769.28029
G1 X77.663 Y115.586 E2769.37738
G1 X77.03 Y116.112 E2769.46977
G1 X76.447 Y116.574 E2769.55327
G1 X75.351 Y117.382 E2769.70612
G1 F1337.3 X74.967 Y117.556 E2769.7592
G1 F1098.9 X74.583 Y117.731 E2769.82386
G0 F9000 X74.858 Y118.134
G0 X77.831 Y115.814
G0 X84.003 Y110.101
G0 X86.024 Y108.98
G0 X87.159 Y109.048
G0 X86.556 Y107.409
G0 X86.529 Y106.665
G0 X86.643 Y106.113
G0 X86.973 Y105.564
G0 X87.318 Y105.229
G0 X87.669 Y105.017
G0 X92.277 Y103.854
G0 X88.967 Y103.971
G1 F1444.6 X89.3 Y103.458 E2769.89515
G1 X89.359 Y103.203 E2769.92566
G1 X91.022 Y103.778 E2770.13075
G1 X88.967 Y103.971 E2770.37132
G0 F9000 X92.277 Y103.854
G0 X87.669 Y105.017
G0 X86.368 Y105.666
G0 X85.819 Y105.335
G1 F1500 X85.608 Y105.124 E2770.40482
G0 F9000 X84.833 Y105.198
G1 F1500 X85.557 Y105.922 E2770.51976
G0 F9000 X85.426 Y106.639
G1 F1500 X84.05 Y105.263 E2770.7382
G0 F9000 X83.157 Y105.219
G1 F1500 X85.478 Y107.54 E2771.10665
G0 F9000 X85.517 Y108.428
G1 F1500 X82.065 Y104.975 E2771.65474
G0 F9000 X82.267 Y104.369
G0 X77.705 Y101.188
G0 X76.166 Y100.291
G0 X75.501 Y99.961
G0 X74.906 Y99.803
G0 X79.143 Y105.624
G0 X79.92 Y106.224
G1 F1500 X83.113 Y109.418 E2772.1617
G0 F9000 X82.675 Y109.828
G1 F1500 X79.898 Y107.051 E2772.60255
G0 F9000 X79.763 Y107.764
G1 F1500 X82.266 Y110.267 E2772.9999
G0 F9000 X81.871 Y110.721
G1 F1500 X79.567 Y108.417 E2773.36566
G0 F9000 X79.335 Y109.033
G1 F1500 X81.476 Y111.175 E2773.70562
G0 F9000 X81.082 Y111.629
G1 F1500 X79.072 Y109.619 E2774.02471
G0 F9000 X78.804 Y110.199
G1 F1500 X80.687 Y112.082 E2774.32364
G0 F9000 X80.292 Y112.536
G1 F1500 X78.515 Y110.759 E2774.60573
G0 F9000 X78.219 Y111.312
G1 F1500 X79.893 Y112.986 E2774.87148
G0 F9000 X79.486 Y113.427
G1 F1500 X77.909 Y111.85 E2775.12183
G0 F9000 X77.595 Y112.385
G1 F1500 X79.069 Y113.858 E2775.35575
G0 F9000 X78.645 Y114.283
G1 F1500 X77.273 Y112.911 E2775.57355
G0 F9000 X76.946 Y113.433
G1 F1500 X78.21 Y114.696 E2775.77413
G0 F9000 X77.763 Y115.098
G1 F1500 X76.612 Y113.947 E2775.95685
G0 F9000 X76.287 Y114.471
G1 F1500 X77.308 Y115.492 E2776.11894
G0 F9000 X76.844 Y115.876
G1 F1500 X75.95 Y114.983 E2776.26078
G0 F9000 X75.595 Y115.476
G1 F1500 X76.37 Y116.251 E2776.38381
G0 F9000 X75.886 Y116.615
G1 F1500 X75.219 Y115.949 E2776.48962
G0 F9000 X74.83 Y116.408
G1 F1500 X75.397 Y116.975 E2776.57963
G0 F9000 X74.808 Y117.235
G1 F1500 X74.518 Y116.944 E2776.62574
G0 F9000 X75.18 Y117.913
G0 X77.831 Y115.814
G0 X79.435 Y114.29
G0 X84.294 Y109.394
G0 X83.598 Y109.054
G1 F1500 X79.57 Y105.026 E2777.26519
G0 F9000 X78.99 Y105.291
G0 X74.906 Y99.803
G0 X75.501 Y99.961
G0 X76.469 Y100.462
G0 X79.37 Y102.241
G0 X79.011 Y102.77
G1 F1500 X84.781 Y108.539 E2778.18109
G0 F9000 X84.148 Y108.755
G1 F1500 X78.026 Y102.634 E2779.15288
G1 F3600 E2775.15288
G0 F9000 X77.505 Y103.006
G0 X74.906 Y99.803
G0 X75.501 Y99.961
G0 X76.695 Y100.58
G0 X83.616 Y104.69
G0 X88.771 Y103.749
G0 X89.142 Y102.844
G0 X92.217 Y103.854
G0 X86.671 Y105.123
G0 X86.529 Y106.665
G0 X86.556 Y107.409
G0 X86.885 Y108.029
G0 X87.435 Y108.566
G0 X87.962 Y108.816
G0 X120.211 Y117.032
G0 X120.66 Y117.033
G0 X121.311 Y116.921
G0 X122.079 Y116.524
G0 X122.48 Y116.185
G0 X123.094 Y116.364
G0 X121.695 Y115.135
G0 X130.948 Y98.568
G0 X131.206 Y98.297
G0 X131.616 Y98.024
G0 X132.191 Y97.856
G0 X132.58 Y97.848
G0 X138.526 Y98.881
G0 X141.006 Y99.443
G0 X144.125 Y100.533
G0 X145.785 Y101.285
G0 X147.47 Y102.221
G0 X149.447 Y103.483
G0 X150.701 Y104.462
G0 X151.41 Y105.196
G0 X151.896 Y105.953
G0 X152.027 Y106.296
G0 X152.143 Y106.894
G0 X151.97 Y107.868
G0 X151.747 Y108.401
G0 X151.057 Y109.309
G0 X149.565 Y110.757
G0 X147.841 Y112.142
G0 X145.518 Y113.765
G0 X143.588 Y114.862
G0 X139.937 Y116.54
G0 X135.559 Y118.28
G0 X131.255 Y119.7
G0 X128.935 Y120.333
G0 X127.163 Y120.6
G0 X126.57 Y120.083
G0 X126.292 Y119.508
G0 X128.598 Y118.801
;TYPE:WALL-INNER
G1 F3600 E2779.15288
G1 F1500 X129.55 Y118.563 E2779.26303
G1 X130.812 Y118.199 E2779.41047
G1 X132.031 Y117.825 E2779.5536
G1 X133.804 Y117.24 E2779.76318
G1 X135.049 Y116.798 E2779.91148
G1 X136.453 Y116.273 E2780.07974
G1 X138.059 Y115.636 E2780.27369
G1 X139.33 Y115.093 E2780.42883
G1 X140.792 Y114.449 E2780.60816
G1 X142.293 Y113.75 E2780.79403
G1 X142.886 Y113.46 E2780.86813
G1 X143.541 Y113.11 E2780.95149
G1 X144.116 Y112.786 E2781.02558
G1 X144.697 Y112.428 E2781.10219
G1 X145.795 Y111.694 E2781.25044
G1 X146.912 Y110.877 E2781.40579
G1 X148.019 Y110.008 E2781.56377
G1 X148.445 Y109.657 E2781.62573
G1 X149.165 Y109.003 E2781.73492
G1 X149.491 Y108.686 E2781.78596
G1 X149.882 Y108.271 E2781.84996
G1 X150.194 Y107.887 E2781.9055
G1 X150.366 Y107.642 E2781.93911
G1 X150.485 Y107.359 E2781.97357
G1 X150.561 Y106.952 E2782.02004
G1 X150.508 Y106.682 E2782.05093
G1 X150.281 Y106.28 E2782.10275
G1 X149.977 Y105.94 E2782.15395
G1 X149.64 Y105.614 E2782.20658
G1 X149.242 Y105.279 E2782.26498
G1 X148.532 Y104.752 E2782.36424
G1 X147.856 Y104.297 E2782.45571
G1 X146.765 Y103.625 E2782.59954
G1 F1433.1 X145.249 Y105.326 E2782.86725
G1 F1315.8 X144.893 Y105.573 E2782.9227
G1 F1162.8 X144.695 Y105.666 E2782.95437
G1 F1071.4 X144.412 Y105.642 E2782.99901
G1 F1246.5 X143.868 Y105.364 E2783.08153
G1 F1500 X142.662 Y105.023 E2783.22221
G1 F1505 X141.622 Y106.871 E2783.45946
G1 F1515.2 X141.389 Y107.064 E2783.49308
G1 F1510.1 X140.662 Y107.188 E2783.57532
G1 F1500 X138.768 Y106.289 E2783.81066
G1 X137.439 Y108.063 E2784.05948
G1 X137.195 Y108.251 E2784.09405
G1 X136.995 Y108.33 E2784.11819
G1 X136.695 Y108.358 E2784.15201
G1 X136.451 Y108.305 E2784.18004
G1 X136.223 Y108.18 E2784.20923
G1 X134.944 Y107.219 E2784.38881
G1 X133.659 Y109.299 E2784.66326
G1 X128.385 Y118.242 E2785.82871
G1 X128.007 Y118.904 E2785.91428
G1 X128.598 Y118.801 E2785.98162
G0 F9000 X128.706 Y118.569
G0 X133.883 Y109.431
G0 X135.02 Y107.617
G0 X137.319 Y108.481
G0 X138.852 Y106.627
G0 X141.583 Y107.295
G0 X139.803 Y110.109
G0 X140.391 Y110.966
G1 F1500 X140.138 Y110.707 E2786.02226
G1 X140.036 Y110.489 E2786.04928
G1 X140 Y110.125 E2786.09034
G1 X140.074 Y109.851 E2786.1222
G1 X140.282 Y109.387 E2786.17928
G1 X140.493 Y109.003 E2786.22846
G1 X140.734 Y108.647 E2786.27672
G1 X140.982 Y108.342 E2786.32085
G1 F1510.1 X141.845 Y107.429 E2786.46093
G1 F1515.2 X142.261 Y107.163 E2786.51581
G1 F1507.5 X142.769 Y106.897 E2786.57985
G1 F1502.5 X143.397 Y106.708 E2786.65335
G1 F1500 X143.813 Y106.628 E2786.7009
G1 F1428.6 X143.91 Y106.586 E2786.71336
G1 F1198.4 X144.292 Y106.473 E2786.76933
G1 F1071.4 X144.66 Y106.497 E2786.82729
G1 F1162.8 X144.96 Y106.6 E2786.87322
G1 F1308.1 X145.029 Y106.635 E2786.88318
G1 F1424.1 X145.766 Y106.86 E2786.97429
G1 F1500 X146.483 Y107.138 E2787.06061
G1 X146.697 Y107.258 E2787.08815
G1 X146.896 Y107.468 E2787.12063
G1 X147.006 Y107.691 E2787.14854
G1 X147.048 Y108.064 E2787.19068
G1 X146.936 Y108.419 E2787.23246
G1 X146.576 Y108.956 E2787.30504
G1 X145.773 Y109.687 E2787.42693
G1 X145.017 Y110.166 E2787.52739
G1 X144.213 Y110.585 E2787.62917
G1 X143.801 Y110.766 E2787.67968
G1 X143.304 Y110.934 E2787.73857
G1 X142.916 Y111.03 E2787.78344
G1 X142.463 Y111.103 E2787.83495
G1 X142.053 Y111.138 E2787.88114
G1 X141.606 Y111.148 E2787.93133
G1 X140.862 Y111.12 E2788.0149
G1 X140.608 Y111.073 E2788.0439
G1 X140.391 Y110.966 E2788.07106
G0 F9000 X140.826 Y110.518
;TYPE:WALL-OUTER
G1 F1500 X140.643 Y110.383 E2788.09658
G1 X140.598 Y110.261 E2788.11118
G1 X140.622 Y110.097 E2788.12979
G1 X140.84 Y109.612 E2788.18948
G1 X140.993 Y109.334 E2788.2251
G1 X141.199 Y109.026 E2788.26669
G1 X141.461 Y108.706 E2788.31312
G1 X142.205 Y107.914 E2788.4351
G1 X142.603 Y107.656 E2788.48834
G1 X143.018 Y107.449 E2788.5404
G1 X143.478 Y107.305 E2788.5945
G1 X143.96 Y107.212 E2788.64961
G1 X144.253 Y107.192 E2788.68257
G1 X144.567 Y107.21 E2788.71788
G1 X144.898 Y107.254 E2788.75536
G1 X145.202 Y107.318 E2788.79023
G1 X145.539 Y107.416 E2788.82963
G1 X146.315 Y107.716 E2788.92302
G1 X146.437 Y107.881 E2788.94606
G1 X146.414 Y108.124 E2788.97346
G1 X146.118 Y108.561 E2789.0327
G1 X145.418 Y109.203 E2789.13933
G1 X144.675 Y109.671 E2789.2379
G1 X143.973 Y110.035 E2789.32666
G1 X143.579 Y110.208 E2789.37496
G1 X143.16 Y110.352 E2789.4247
G1 X142.772 Y110.448 E2789.46957
G1 X142.353 Y110.511 E2789.51713
G1 X142.005 Y110.54 E2789.55633
G1 X141.628 Y110.548 E2789.59866
G1 X140.826 Y110.518 E2789.68875
G1 F3600 E2785.68875
G0 F9000 X139.803 Y110.109
G0 X141.583 Y107.295
G0 X138.852 Y106.627
G0 X136.675 Y108.618
G0 X135.02 Y107.617
G0 X127.904 Y119.113
G1 F3600 E2789.68875
G0 F9000 X127.933 Y119.526
G1 F1500 X128.713 Y119.39 E2789.77762
G1 X129.694 Y119.146 E2789.8911
G1 X130.987 Y118.773 E2790.04216
G1 X132.219 Y118.395 E2790.18682
G1 X133.998 Y117.808 E2790.39711
G1 X135.259 Y117.36 E2790.54733
G1 X136.673 Y116.831 E2790.7168
G1 X138.295 Y116.188 E2790.91266
G1 X139.54 Y115.656 E2791.06464
G1 X141.044 Y114.993 E2791.24914
G1 X142.483 Y114.325 E2791.42723
G1 X143.168 Y113.99 E2791.51282
G1 X143.835 Y113.633 E2791.59775
G1 X144.43 Y113.297 E2791.67445
G1 X145.029 Y112.928 E2791.75343
G1 X146.124 Y112.197 E2791.90122
G1 X147.283 Y111.349 E2792.06242
G1 X148.401 Y110.471 E2792.222
G1 X148.836 Y110.112 E2792.28531
G1 X149.609 Y109.419 E2792.40184
G1 X149.609 Y109.406 E2792.4033
G1 X149.88 Y109.146 E2792.44546
G1 X150.334 Y108.666 E2792.51962
G1 X150.672 Y108.25 E2792.57979
G1 X150.895 Y107.934 E2792.62321
G1 X151.055 Y107.551 E2792.6698
G1 X151.128 Y107.272 E2792.70217
G1 X151.168 Y106.928 E2792.74105
G1 X151.078 Y106.47 E2792.79344
G1 X150.832 Y106.037 E2792.84935
G1 X150.655 Y105.798 E2792.88273
G1 X150.411 Y105.524 E2792.92392
G1 X150.042 Y105.168 E2792.98147
G1 X149.614 Y104.808 E2793.04425
G1 X148.878 Y104.262 E2793.14712
G1 X148.181 Y103.793 E2793.24143
G1 X146.648 Y102.854 E2793.44323
G1 X144.862 Y104.859 E2793.74464
G1 X144.725 Y104.939 E2793.76245
G1 X144.612 Y104.95 E2793.77519
G1 X142.37 Y104.317 E2794.0367
G1 X141.146 Y106.498 E2794.31744
G1 X141.07 Y106.562 E2794.3286
G1 X140.825 Y106.602 E2794.35646
G1 X138.582 Y105.537 E2794.63519
G1 X136.983 Y107.666 E2794.93407
G1 X136.841 Y107.75 E2794.95259
G1 X136.631 Y107.736 E2794.97622
G1 X134.779 Y106.345 E2795.23622
G1 X133.142 Y108.994 E2795.58577
G1 X127.865 Y117.944 E2796.75207
G1 X127.425 Y118.716 E2796.85181
G1 X127.293 Y119.014 E2796.8884
G1 X127.225 Y119.283 E2796.91954
G1 X127.271 Y119.383 E2796.9319
G1 X127.567 Y119.496 E2796.96747
G1 X127.933 Y119.526 E2797.00869
G0 F9000 X127.904 Y119.113
G0 X135.02 Y107.617
G0 X137.319 Y108.481
G0 X138.852 Y106.627
G0 X141.583 Y107.295
G0 X143.234 Y106.542
G0 X143.155 Y106.228
;TYPE:SKIN
G1 F1601.4 X142.449 Y106.456 E2797.08669
G1 X142.912 Y105.635 E2797.1858
G1 X143.714 Y105.864 E2797.27349
G1 X143.895 Y106.003 E2797.29749
G1 X143.677 Y106.122 E2797.3236
G1 X143.155 Y106.228 E2797.37961
G0 F9000 X143.234 Y106.542
G0 X141.583 Y107.295
G0 X138.852 Y106.627
G0 X136.675 Y108.618
G0 X135.02 Y107.617
G0 X133.883 Y109.431
G0 X128.554 Y118.518
G0 X130.748 Y118.009
G0 X130.658 Y117.679
G1 F1500 X129.076 Y118.135 E2797.56442
G1 X134.189 Y109.47 E2798.69381
G1 X135.095 Y108.006 E2798.88707
G1 X135.891 Y108.608 E2798.9991
G1 X136.248 Y108.804 E2799.04481
G1 X136.653 Y108.892 E2799.09134
G1 X137.113 Y108.855 E2799.14314
G1 X137.454 Y108.723 E2799.18419
G1 X137.836 Y108.429 E2799.2383
G1 X138.934 Y106.965 E2799.44372
G1 X140.511 Y107.712 E2799.6396
G1 X140.87 Y107.672 E2799.68015
G1 X140.615 Y107.938 E2799.72151
G1 X140.304 Y108.321 E2799.77689
G1 X140.034 Y108.712 E2799.83023
G1 X139.845 Y109.05 E2799.8737
G1 X139.568 Y109.663 E2799.94921
G1 X139.461 Y110.065 E2799.99591
G1 X139.469 Y110.531 E2800.04823
G1 X139.723 Y111.102 E2800.11838
G1 X140.09 Y111.414 E2800.17245
G1 X140.435 Y111.582 E2800.21552
G1 X140.802 Y111.652 E2800.25746
G1 X141.615 Y111.688 E2800.34881
G1 X142.081 Y111.676 E2800.40114
G1 X142.525 Y111.635 E2800.45119
G1 X142.945 Y111.573 E2800.49885
G1 F1374 X144.019 Y111.318 E2800.63412
G1 F1308.1 X144.442 Y111.11 E2800.6948
G1 F1410.7 X145.285 Y110.638 E2800.81012
G1 F1515.2 X146.086 Y110.11 E2800.91673
G1 F1500 X146.896 Y109.407 E2801.03713
G1 F1461 X147.063 Y109.203 E2801.06751
G1 F1487.6 X147.409 Y108.683 E2801.13821
G1 F1500 X147.589 Y108.133 E2801.20317
G1 X147.579 Y107.639 E2801.25863
G1 X147.296 Y107.061 E2801.33087
G1 X146.865 Y106.707 E2801.39348
G1 X145.97 Y106.356 E2801.5014
G1 X145.47 Y106.209 E2801.5599
G1 X145.166 Y106.076 E2801.59715
G1 X145.409 Y105.869 E2801.63298
G1 X145.645 Y105.685 E2801.66657
G1 X146.865 Y104.324 E2801.87174
G1 X147.555 Y104.748 E2801.96265
G1 X148.19 Y105.172 E2802.04836
G1 X148.917 Y105.712 E2802.15002
G1 X149.263 Y106.004 E2802.20084
G1 X149.599 Y106.325 E2802.25301
G1 X149.834 Y106.591 E2802.29285
G1 X150.022 Y106.923 E2802.33568
G1 X149.967 Y107.191 E2802.36639
G1 X149.869 Y107.427 E2802.39507
G1 X149.466 Y107.922 E2802.46672
G1 X149.121 Y108.289 E2802.52327
G1 X148.798 Y108.613 E2802.57462
G1 X148.107 Y109.234 E2802.67891
G1 F1495 X147.685 Y109.579 E2802.7403
G1 F1468.2 X147.323 Y109.853 E2802.79237
G1 F1500 X146.425 Y110.577 E2802.92185
G1 X145.466 Y111.246 E2803.05311
G1 F1401.9 X144.799 Y111.669 E2803.14797
G1 F1310 X144.335 Y111.95 E2803.2177
G1 F1374 X143.854 Y112.311 E2803.29139
G1 F1500 X142.779 Y112.906 E2803.42932
G1 X142.026 Y113.276 E2803.5235
G1 X140.578 Y113.949 E2803.70274
G1 X139.117 Y114.593 E2803.88196
G1 X137.91 Y115.111 E2804.0294
G1 X136.283 Y115.759 E2804.22599
G1 X134.636 Y116.376 E2804.42342
G1 X133.814 Y116.669 E2804.52138
G1 X131.88 Y117.307 E2804.74998
G1 X130.658 Y117.679 E2804.89337
G0 F9000 X129.957 Y117.229
G1 F1500 X130.22 Y117.492 E2804.93512
G0 F9000 X130.875 Y117.298
G1 F1500 X130.272 Y116.696 E2805.03077
G0 F9000 X130.587 Y116.162
G1 F1500 X131.525 Y117.1 E2805.17968
G0 F9000 X132.169 Y116.895
G1 F1500 X130.902 Y115.628 E2805.38081
G0 F9000 X131.217 Y115.095
G1 F1500 X132.807 Y116.685 E2805.63322
G0 F9000 X133.444 Y116.474
G1 F1500 X131.532 Y114.561 E2805.93683
G0 F9000 X131.847 Y114.028
G1 F1500 X134.075 Y116.256 E2806.29053
G0 F9000 X134.699 Y116.031
G1 F1500 X132.162 Y113.494 E2806.69327
G0 F9000 X132.476 Y112.96
G1 F1500 X135.316 Y115.8 E2807.14412
G0 F9000 X135.934 Y115.569
G1 F1500 X132.792 Y112.427 E2807.64291
G0 F9000 X133.106 Y111.893
G1 F1500 X136.544 Y115.331 E2808.1887
G0 F9000 X137.151 Y115.089
G1 F1500 X133.422 Y111.36 E2808.78067
G0 F9000 X133.737 Y110.826
G1 F1500 X137.758 Y114.848 E2809.41909
G0 F9000 X138.353 Y114.594
G1 F1500 X134.052 Y110.293 E2810.10187
G0 F9000 X134.367 Y109.759
G1 F1500 X138.946 Y114.339 E2810.82886
G0 F9000 X139.536 Y114.08
G1 F1500 X134.688 Y109.232 E2811.59848
G0 F9000 X135.013 Y108.708
G1 F1500 X140.125 Y113.82 E2812.41001
G0 F9000 X140.709 Y113.556
G1 F1500 X136.275 Y109.122 E2813.1139
G0 F9000 X137.153 Y109.152
G1 F1500 X141.288 Y113.287 E2813.77033
G0 F9000 X141.868 Y113.018
G1 F1500 X140.8 Y111.95 E2813.93988
G0 F9000 X141.684 Y111.986
G1 F1500 X142.437 Y112.739 E2814.05942
G0 F9000 X142.992 Y112.445
G1 F1500 X142.487 Y111.94 E2814.13959
G0 F9000 X143.214 Y111.818
G1 F1500 X143.538 Y112.142 E2814.19102
G0 F9000 X143.926 Y111.682
G1 F1500 X144.014 Y111.77 E2814.20499
G0 F9000 X144.389 Y112.383
G0 X147.91 Y109.838
G0 X147.411 Y109.227
G1 F1500 X147.513 Y109.329 E2814.22118
G0 F9000 X147.978 Y108.946
G1 F1500 X147.725 Y108.692 E2814.26143
G0 F9000 X147.885 Y108.004
G1 F1500 X148.425 Y108.544 E2814.34715
G0 F9000 X148.858 Y108.129
G1 F1500 X146.223 Y105.493 E2814.76554
G0 F9000 X146.623 Y105.045
G1 F1500 X149.268 Y107.69 E2815.18543
G0 F9000 X149.63 Y107.204
G1 F1500 X147.493 Y105.066 E2815.52476
G0 F9000 X147.85 Y104.536
G0 X146.817 Y103.973
G0 X144.329 Y106.015
G0 X143.834 Y105.626
G0 X142.793 Y105.34
G0 X141.752 Y107.146
G0 X145.892 Y106.693
G0 X145.906 Y106.025
G1 F1500 X145.812 Y105.931 E2815.53968
G0 F9000 X145.892 Y106.693
G0 X143.904 Y106.878
G0 X142.864 Y107.145
G0 X140.7 Y108.373
G0 X140.209 Y107.965
G1 F1500 X140.087 Y107.843 E2815.55905
G0 F9000 X139.849 Y108.453
G1 F1500 X138.902 Y107.506 E2815.70938
G0 F9000 X138.539 Y107.992
G1 F1500 X139.542 Y108.995 E2815.86861
G0 F9000 X139.28 Y109.582
G1 F1500 X138.177 Y108.479 E2816.04371
G0 F9000 X137.735 Y108.885
G1 F1500 X139.166 Y110.316 E2816.27088
;TIME_ELAPSED:1722.050818
G1 F3600 E2812.27088
M140 S0
G91 ;Relative positioning
G1 E-2 F2700 ;Retract a bit
G1 E-2 Z0.2 F2400 ;Retract and raise Z
G1 X5 Y5 F3000 ;Wipe out
G1 Z10 ;Raise Z more
G90 ;Absolute positioning

G1 X0 Y220 ;Present print
M106 S0 ;Turn-off fan
M104 S0 ;Turn-off hotend
M140 S0 ;Turn-off bed

M84 X Y E ;Disable all steppers but Z

;StarwarsI
M300 S1318 P600
M300 S1318 P600
M300 S1318 P600
M300 S1046 P300
M300 S0 P150
M300 S1567 P150
M300 S1318 P600
M300 S1046 P300
M300 S0 P150
M300 S1567 P150
M300 S1318 P600
M300 S0 P600
M300 S987 P600
M300 S987 P600
M300 S987 P600
M300 S2093 P300
M300 S0 P150
M300 S1567 P150
M300 S1244 P600
M300 S1046 P300
M300 S0 P150
M300 S1567 P150
M300 S1318 P600
M300 S0 P300
M82 ;absolute extrusion mode
M104 S0
;End of Gcode
;SETTING_3 {"global_quality": "[general]\\nversion = 4\\nname = PGDI_18\\ndefini
;SETTING_3 tion = creality_ender3pro\\n\\n[metadata]\\ntype = quality_changes\\n
;SETTING_3 quality_type = standard\\nsetting_version = 23\\n\\n[values]\\nadhesi
;SETTING_3 on_type = brim\\nlayer_height = 0.45\\nlayer_height_0 = 0.2\\nmagic_s
;SETTING_3 piralize = False\\nmaterial_bed_temperature_layer_0 = 115\\nsupport_e
;SETTING_3 nable = False\\nsupport_structure = tree\\n\\n", "extruder_quality": 
;SETTING_3 ["[general]\\nversion = 4\\nname = PGDI_18\\ndefinition = creality_en
;SETTING_3 der3pro\\n\\n[metadata]\\ntype = quality_changes\\nquality_type = sta
;SETTING_3 ndard\\nintent_category = default\\nposition = 0\\nsetting_version = 
;SETTING_3 23\\n\\n[values]\\nbottom_layers = 3\\nbrim_width = 10\\ninfill_patte
;SETTING_3 rn = tetrahedral\\ninfill_sparse_density = 8\\nlayer_0_z_overlap = 0\
;SETTING_3 \nmaterial_initial_print_temperature = 240\\nmaterial_print_temperatu
;SETTING_3 re_layer_0 = 240\\nraft_airgap = 0.2\\nraft_base_line_spacing = 1.8\\
;SETTING_3 nraft_base_line_width = 0.6\\nraft_base_thickness = 0.2\\nraft_interf
;SETTING_3 ace_layers = 1\\nraft_interface_line_spacing = 1.2\\nraft_interface_l
;SETTING_3 ine_width = 0.6\\nraft_interface_thickness = 0.3\\nraft_margin = 10\\
;SETTING_3 nraft_surface_layers = 1\\nraft_surface_line_spacing = 1.2\\nskirt_ga
;SETTING_3 p = 0\\nskirt_height = 1\\nsupport_angle = 60\\ntop_bottom_thickness 
;SETTING_3 = 1\\ntop_layers = 4\\ntop_thickness = 1\\nwall_thickness = 1.2\\nz_s
;SETTING_3 eam_corner = z_seam_corner_inner\\n\\n"]}
