;FLAVOR:Marlin
;TIME:2234
;Filament used: 0.942521m
;Layer height: 0.1
;MINX:92.5
;MINY:92.5
;MINZ:0.1
;MAXX:127.5
;MAXY:127.5
;MAXZ:20
;TARGET_MACHINE.NAME:Creality Ender-3 Pro
;Generated with Cura_SteamEngine 5.8.1
M82 ;absolute extrusion mode
; Ender 3 Custom Start G-code
G92 E0 ; Reset Extruder
G28 ; Home all axes
G1 Z5.0 F3000 ; Move Z Axis up a bit during heating to not damage bed
M104 S200.0 ; Start heating up the nozzle most of the way
M190 S120 ; Start heating the bed, wait until target temperature reached
M109 S235 ; Finish heating the nozzle
G1 Z2.0 F3000 ; Move Z Axis up little to prevent scratching of Heat Bed
G1 X0.1 Y20 Z0.3 F5000.0 ; Move to start position
G1 X0.1 Y200.0 Z0.3 F1500.0 E15 ; Draw the first line
G1 X0.4 Y200.0 Z0.3 F5000.0 ; Move to side a little
G1 X0.4 Y20 Z0.3 F1500.0 E30 ; Draw the second line
G92 E0 ; Reset Extruder
G29 A L0
G1 Z2.0 F3000 ; Move Z Axis up little to prevent scratching of Heat Bed
G1 X5 Y20 Z0.3 F5000.0 ; Move over to prevent blob squish

M300 S2637 P150
M300 S2637 P150
M300 S0 P75
M300 S2637 P300
M300 S2093 P150
M300 S2637 P300
M300 S3135 P300
M300 S0 P300
M300 S1567 P300
M300 S0 P300
M300 S2093 P300
M300 S0 P150
M300 S1567 P300
M300 S0 P150
M300 S1318 P300
M300 S0 P150
M300 S880 P300
M300 S987 P300
M300 S932 P150
M300 S880 P300
M300 S1567 P225
M300 S2637 P150
M300 S3135 P150
M300 S1760 P300
M300 S2793 P150
M300 S3135 P300
M300 S2637 P300
M300 S2093 P150
M300 S2349 P150
M300 S987 P300
M300 S0 P150
M300 S2093 P300
M300 S0 P150
M300 S1567 P300
M300 S0 P150
M300 S1318 P300
M300 S0 P150
M300 S880 P300
M300 S987 P300
M300 S932 P150
M300 S880 P300
M300 S1567 P225
M300 S2637 P150
M300 S3135 P150
M300 S1760 P300
M300 S2793 P150
M300 S3135 P300
M300 S2637 P300
M300 S2093 P150
M300 S2349 P150
M300 S987 P300
M300 S0 P300
M300 S3135 P150
M300 S2959 P150
M300 S2793 P150
M300 S2489 P150
M300 S0 P150
M300 S2637 P150
M300 S0 P150
M300 S1661 P150
M300 S880 P150
M300 S2093 P150
M300 S0 P150
M300 S880 P150
M300 S2093 P150
M300 S2349 P150
M300 S0 P300
M300 S3135 P150
M300 S2959 P150
M300 S2793 P150
M300 S2489 P150
M300 S0 P150
M300 S2637 P150
M300 S0 P150
M300 S4186 P150
M300 S0 P150
M300 S4186 P150
M300 S4186 P150
M300 S0 P600
M300 S3135 P150
M300 S2959 P150
M300 S2793 P150
M300 S2489 P150
M300 S0 P150
M300 S2637 P150
M300 S0 P150
M300 S1661 P150
M300 S880 P150
M300 S2093 P150
M300 S0 P150
M300 S880 P150
M300 S2093 P150
M300 S2349 P150
M300 S0 P300
M300 S2489 P150
M300 S0 P300
M300 S2349 P150
M300 S0 P300
M300 S2093 P150
G92 E0
G92 E0
G1 F3600 E-4
;LAYER_COUNT:200
;LAYER:0
M107
G0 F6000 X94.355 Y95.052 Z0.1
;TYPE:SKIRT
G1 F3600 E0
G1 F1200 X95.374 Y94.073 E0.05875
G1 X96.505 Y93.341 E0.11476
G1 X98.076 Y92.712 E0.18512
G1 X99.598 Y92.5 E0.249
G1 X120.482 Y92.5 E1.11726
G1 X121.611 Y92.69 E1.16486
G1 X122.406 Y92.893 E1.19897
G1 X123.449 Y93.338 E1.24612
G1 X124.33 Y93.888 E1.28929
G1 X124.948 Y94.355 E1.3215
G1 X125.927 Y95.374 E1.38025
G1 X126.659 Y96.505 E1.43626
G1 X127.288 Y98.076 E1.50661
G1 X127.5 Y99.598 E1.5705
G1 X127.5 Y120.484 E2.43884
G1 X127.309 Y121.615 E2.48653
G1 X127.107 Y122.402 E2.52031
G1 X126.66 Y123.461 E2.5681
G1 X126.092 Y124.359 E2.61227
G1 X125.647 Y124.945 E2.64287
G1 X124.599 Y125.954 E2.70335
G1 X123.489 Y126.652 E2.75786
G1 X122.417 Y127.141 E2.80685
G1 X120.735 Y127.5 E2.87835
G1 X99.518 Y127.5 E3.76045
G1 X98.389 Y127.31 E3.80805
G1 X97.594 Y127.107 E3.84217
G1 X96.551 Y126.662 E3.88931
G1 X95.67 Y126.112 E3.93249
G1 X95.052 Y125.645 E3.96469
G1 X94.073 Y124.626 E4.02344
G1 X93.341 Y123.495 E4.07945
G1 X92.712 Y121.924 E4.14981
G1 X92.5 Y120.402 E4.2137
G1 X92.5 Y99.518 E5.08195
G1 X92.69 Y98.389 E5.12955
G1 X92.893 Y97.594 E5.16366
G1 X93.338 Y96.551 E5.21081
G1 X93.888 Y95.67 E5.25399
G1 X94.355 Y95.052 E5.28619
G0 F6000 X95.106 Y95.717
G1 F1200 X95.997 Y94.861 E5.33756
G1 X96.969 Y94.232 E5.3857
G1 X98.335 Y93.685 E5.44687
G1 X99.664 Y93.5 E5.50266
G1 X120.397 Y93.5 E6.36464
G1 X121.364 Y93.659 E6.40538
G1 X122.081 Y93.842 E6.43614
G1 X122.99 Y94.23 E6.47723
G1 X123.727 Y94.686 E6.51327
G1 X124.283 Y95.106 E6.54224
G1 X125.139 Y95.997 E6.5936
G1 X125.768 Y96.969 E6.64174
G1 X126.315 Y98.335 E6.70291
G1 X126.5 Y99.664 E6.7587
G1 X126.5 Y120.398 E7.62072
G1 X126.34 Y121.366 E7.66151
G1 X126.155 Y122.086 E7.69242
G1 X125.772 Y122.994 E7.73339
G1 X125.247 Y123.824 E7.77422
G1 X124.898 Y124.278 E7.79803
G1 X123.98 Y125.162 E7.85101
G1 X123.013 Y125.77 E7.8985
G1 X122.101 Y126.186 E7.94018
G1 X120.629 Y126.5 E8.00275
G1 X99.603 Y126.5 E8.87691
G1 X98.636 Y126.341 E8.91765
G1 X97.919 Y126.158 E8.94842
G1 X97.01 Y125.77 E8.98951
G1 X96.273 Y125.314 E9.02554
G1 X95.717 Y124.894 E9.05451
G1 X94.861 Y124.003 E9.10588
G1 X94.232 Y123.031 E9.15401
G1 X93.685 Y121.665 E9.21519
G1 X93.5 Y120.336 E9.27098
G1 X93.5 Y99.603 E10.13295
G1 X93.659 Y98.636 E10.1737
G1 X93.842 Y97.919 E10.20446
G1 X94.23 Y97.01 E10.24555
G1 X94.686 Y96.273 E10.28159
G1 X95.106 Y95.717 E10.31055
G0 F6000 X95.857 Y96.382
G1 F1200 X96.62 Y95.649 E10.35454
G1 X97.433 Y95.123 E10.3948
G1 X98.594 Y94.658 E10.4468
G1 X99.73 Y94.5 E10.49448
G1 X120.314 Y94.5 E11.35026
G1 X121.202 Y94.646 E11.38768
G1 X121.756 Y94.791 E11.41149
G1 X122.526 Y95.119 E11.44628
G1 X123.124 Y95.484 E11.47541
G1 X123.618 Y95.857 E11.50115
G1 X124.351 Y96.62 E11.54513
G1 X124.877 Y97.433 E11.58539
G1 X125.342 Y98.594 E11.63739
G1 X125.5 Y99.73 E11.68507
G1 X125.5 Y120.314 E12.54086
G1 X125.353 Y121.203 E12.57832
G1 X125.206 Y121.764 E12.60243
G1 X124.883 Y122.528 E12.63692
G1 X124.454 Y123.214 E12.67055
G1 X124.148 Y123.612 E12.69143
G1 X123.361 Y124.37 E12.73685
G1 X122.539 Y124.886 E12.7772
G1 X121.782 Y125.232 E12.81181
G1 X120.524 Y125.5 E12.86528
G1 X99.686 Y125.5 E13.73163
G1 X98.798 Y125.354 E13.76904
G1 X98.244 Y125.209 E13.79285
G1 X97.474 Y124.881 E13.82765
G1 X96.876 Y124.516 E13.85677
G1 X96.382 Y124.143 E13.88251
G1 X95.649 Y123.38 E13.9265
G1 X95.123 Y122.567 E13.96675
G1 X94.658 Y121.406 E14.01875
G1 X94.5 Y120.27 E14.06644
G1 X94.5 Y99.686 E14.92222
G1 X94.646 Y98.798 E14.95963
G1 X94.791 Y98.244 E14.98344
G1 X95.119 Y97.474 E15.01824
G1 X95.484 Y96.876 E15.04736
G1 X95.857 Y96.382 E15.0731
G0 F6000 X96.605 Y97.05
G1 F1200 X97.243 Y96.437 E15.10988
G1 X97.897 Y96.014 E15.14227
G1 X98.85 Y95.632 E15.18495
G1 X99.802 Y95.5 E15.22491
G1 X120.235 Y95.5 E16.07442
G1 X120.949 Y95.614 E16.10448
G1 X121.435 Y95.741 E16.12536
G1 X122.067 Y96.01 E16.15392
G1 X122.602 Y96.337 E16.17999
G1 X122.95 Y96.605 E16.19825
G1 X123.563 Y97.243 E16.23503
G1 X123.986 Y97.897 E16.26741
G1 X124.368 Y98.85 E16.3101
G1 X124.5 Y99.802 E16.35006
G1 X124.5 Y120.235 E17.19956
G1 X124.386 Y120.949 E17.22962
G1 X124.257 Y121.441 E17.25077
G1 X123.994 Y122.063 E17.27885
G1 X123.661 Y122.604 E17.30526
G1 X123.398 Y122.946 E17.32319
G1 X122.741 Y123.579 E17.36112
G1 X122.063 Y124.004 E17.39439
G1 X121.467 Y124.277 E17.42165
G1 X120.419 Y124.5 E17.46619
G1 X99.765 Y124.5 E18.32489
G1 X99.051 Y124.386 E18.35495
G1 X98.565 Y124.259 E18.37583
G1 X97.933 Y123.99 E18.40439
G1 X97.398 Y123.663 E18.43046
G1 X97.05 Y123.395 E18.44872
G1 X96.437 Y122.757 E18.4855
G1 X96.014 Y122.103 E18.51788
G1 X95.632 Y121.15 E18.56057
G1 X95.5 Y120.198 E18.60053
G1 X95.5 Y99.765 E19.45003
G1 X95.614 Y99.051 E19.48009
G1 X95.741 Y98.565 E19.50098
G1 X96.01 Y97.933 E19.52953
G1 X96.337 Y97.398 E19.5556
G1 X96.605 Y97.05 E19.57386
G0 F6000 X97.35 Y97.721
G1 F1200 X97.19 Y97.92 E19.58448
G1 X96.9 Y98.394 E19.60758
G1 X96.692 Y98.883 E19.62968
G1 X96.582 Y99.304 E19.64777
G1 X96.5 Y99.846 E19.67056
G1 X96.5 Y120.132 E20.51395
G1 X96.605 Y120.888 E20.54568
G1 X96.908 Y121.646 E20.57962
G1 X97.222 Y122.131 E20.60364
G1 X97.721 Y122.65 E20.63358
G1 X97.92 Y122.81 E20.64419
G1 X98.394 Y123.1 E20.66729
G1 X98.883 Y123.308 E20.68939
G1 X99.304 Y123.418 E20.70748
G1 X99.846 Y123.5 E20.73027
G1 X120.314 Y123.5 E21.58123
G1 X121.15 Y123.322 E21.61676
G1 X121.584 Y123.123 E21.63661
G1 X122.124 Y122.785 E21.6631
G1 X122.651 Y122.277 E21.69353
G1 X122.809 Y122.08 E21.70403
G1 X123.101 Y121.605 E21.72721
G1 X123.308 Y121.117 E21.74925
G1 X123.418 Y120.696 E21.76734
G1 X123.5 Y120.154 E21.79013
G1 X123.5 Y99.868 E22.63353
G1 X123.395 Y99.112 E22.66526
G1 X123.092 Y98.354 E22.6992
G1 X122.778 Y97.869 E22.72322
G1 X122.279 Y97.35 E22.75315
G1 X122.08 Y97.19 E22.76377
G1 X121.606 Y96.9 E22.78687
G1 X121.117 Y96.692 E22.80896
G1 X120.696 Y96.582 E22.82705
G1 X120.154 Y96.5 E22.84984
G1 X99.868 Y96.5 E23.69324
G1 X99.112 Y96.605 E23.72497
G1 X98.354 Y96.908 E23.75891
G1 X97.869 Y97.222 E23.78293
G1 X97.35 Y97.721 E23.81286
G0 F6000 X98.043 Y98.442
G1 F1200 X98.492 Y98.01 E23.83877
G1 X98.815 Y97.801 E23.85476
G1 X99.373 Y97.578 E23.87974
G1 X99.934 Y97.5 E23.90329
G1 X120.077 Y97.5 E24.74074
G1 X120.546 Y97.571 E24.76046
G1 X120.787 Y97.639 E24.77087
G1 X121.15 Y97.793 E24.78727
G1 X121.558 Y98.043 E24.80716
G1 X121.99 Y98.492 E24.83306
G1 X122.199 Y98.815 E24.84906
G1 X122.422 Y99.373 E24.87404
G1 X122.5 Y99.934 E24.89759
G1 X122.5 Y120.077 E25.73504
G1 X122.429 Y120.546 E25.75476
G1 X122.361 Y120.787 E25.76517
G1 X122.207 Y121.15 E25.78156
G1 X121.957 Y121.557 E25.80142
G1 X121.505 Y121.993 E25.82753
G1 X121.054 Y122.275 E25.84965
G1 X120.834 Y122.367 E25.85956
G1 X120.209 Y122.5 E25.88613
G1 X99.923 Y122.5 E26.72952
G1 X99.454 Y122.429 E26.74924
G1 X99.213 Y122.361 E26.75965
G1 X98.85 Y122.207 E26.77605
G1 X98.442 Y121.957 E26.79594
G1 X98.01 Y121.508 E26.82184
G1 X97.801 Y121.185 E26.83784
G1 X97.578 Y120.627 E26.86282
G1 X97.5 Y120.066 E26.88637
G1 X97.5 Y99.923 E27.72382
G1 X97.571 Y99.454 E27.74354
G1 X97.639 Y99.213 E27.75395
G1 X97.793 Y98.85 E27.77034
G1 X98.043 Y98.442 E27.79024
G1 F3600 E23.79024
G0 F6000 X99.652 Y99.641
G1 F3600 E27.79024
G1 F1200 X99.82 Y99.534 E27.79852
G1 X100 Y99.5 E27.80614
G1 X120 Y99.5 E28.63764
G1 X120.195 Y99.54 E28.64591
G1 X120.359 Y99.652 E28.65417
G1 X120.466 Y99.82 E28.66245
G1 X120.5 Y100 E28.67007
G1 X120.5 Y120 E29.50157
G1 X120.46 Y120.195 E29.50985
G1 X120.348 Y120.359 E29.5181
G1 X120.18 Y120.466 E29.52638
G1 X120 Y120.5 E29.534
G1 X100 Y120.5 E30.3655
G1 X99.805 Y120.46 E30.37378
G1 X99.641 Y120.348 E30.38204
G1 X99.534 Y120.18 E30.39032
G1 X99.5 Y120 E30.39793
G1 X99.5 Y100 E31.22944
G1 X99.54 Y99.805 E31.23771
G1 X99.652 Y99.641 E31.24597
G0 F6000 X98.826 Y99.077
G1 F1200 X99.186 Y98.73 E31.26676
G1 X99.634 Y98.551 E31.28681
G1 X100 Y98.5 E31.30218
G1 X120 Y98.5 E32.13368
G1 X120.396 Y98.56 E32.15033
G1 X120.759 Y98.714 E32.16673
G1 X120.923 Y98.826 E32.17498
G1 X121.27 Y99.186 E32.19577
G1 X121.449 Y99.634 E32.21583
G1 X121.5 Y100 E32.23119
G1 X121.5 Y120 E33.0627
G1 X121.44 Y120.396 E33.07935
G1 X121.286 Y120.759 E33.09574
G1 X121.174 Y120.923 E33.104
G1 X120.885 Y121.202 E33.1207
G1 X120.561 Y121.405 E33.13659
G1 X120.104 Y121.5 E33.156
G1 X100 Y121.5 E33.99183
G1 X99.604 Y121.44 E34.00848
G1 X99.241 Y121.286 E34.02487
G1 X99.077 Y121.174 E34.03313
G1 X98.73 Y120.814 E34.05392
G1 X98.551 Y120.366 E34.07398
G1 X98.5 Y120 E34.08934
G1 X98.5 Y100 E34.92084
G1 X98.56 Y99.604 E34.93749
G1 X98.714 Y99.241 E34.95389
G1 X98.826 Y99.077 E34.96214
G1 F3600 E30.96214
;MESH:xyzCalibration_cube.stl
G0 F6000 X99.347 Y120.653
G0 X119.5 Y120.665
G0 X119.5 Y119.5
;TYPE:WALL-OUTER
G1 F3600 E34.96214
G1 F1200 X119.5 Y100.5 E35.75207
G1 X100.5 Y100.5 E36.542
G1 X100.5 Y119.5 E37.33193
G1 X119.5 Y119.5 E38.12186
G0 F6000 X118.6 Y118.6
;TYPE:SKIN
G1 F1200 X118.6 Y101.4 E38.83695
G1 X101.4 Y101.4 E39.55204
G1 X101.4 Y118.6 E40.26714
G1 X118.6 Y118.6 E40.98223
G1 F3600 E36.98223
G0 F6000 X120.665 Y118.6
G0 X120.653 Y99.347
G0 X117.456 Y99.335
G0 X117.456 Y101.9
G1 F3600 E40.98223
G1 F1200 X118.1 Y102.544 E41.02009
G0 F6000 X118.1 Y103.958
G1 F1200 X116.042 Y101.9 E41.1411
G0 F6000 X114.628 Y101.9
G1 F1200 X118.1 Y105.372 E41.34524
G0 F6000 X118.1 Y106.787
G1 F1200 X113.213 Y101.9 E41.63257
G0 F6000 X111.799 Y101.9
G1 F1200 X118.1 Y108.201 E42.00305
G0 F6000 X118.1 Y109.615
G1 F1200 X110.385 Y101.9 E42.45666
G0 F6000 X108.971 Y101.9
G1 F1200 X118.1 Y111.029 E42.99341
G0 F6000 X118.1 Y112.443
G1 F1200 X107.557 Y101.9 E43.6133
G0 F6000 X106.142 Y101.9
G1 F1200 X118.1 Y113.858 E44.31638
G0 F6000 X118.1 Y115.272
G1 F1200 X104.728 Y101.9 E45.10261
G0 F6000 X103.314 Y101.9
G1 F1200 X118.1 Y116.686 E45.97197
G0 F6000 X118.1 Y118.1
G1 F1200 X101.9 Y101.9 E46.92446
G0 F6000 X101.9 Y103.314
G1 F1200 X116.685 Y118.1 E47.79379
G0 F6000 X115.271 Y118.1
G1 F1200 X101.9 Y104.728 E48.57999
G0 F6000 X101.9 Y106.142
G1 F1200 X113.857 Y118.1 E49.28304
G0 F6000 X112.443 Y118.1
G1 F1200 X101.9 Y107.557 E49.90293
G0 F6000 X101.9 Y108.971
G1 F1200 X111.028 Y118.1 E50.43965
M104 S225
G0 F6000 X109.614 Y118.1
G1 F1200 X101.9 Y110.385 E50.89323
G0 F6000 X101.9 Y111.799
G1 F1200 X108.2 Y118.1 E51.26368
G0 F6000 X106.786 Y118.1
G1 F1200 X101.9 Y113.213 E51.55099
G0 F6000 X101.9 Y114.628
G1 F1200 X105.372 Y118.1 E51.75513
G0 F6000 X103.957 Y118.1
G1 F1200 X101.9 Y116.042 E51.8761
G0 F6000 X101.9 Y117.456
G1 F1200 X102.543 Y118.1 E51.91394
G1 F3600 E47.91394
;MESH:NONMESH
G0 F300 X102.543 Y118.1 Z0.2
G0 F6000 X102.543 Y120.665
G0 X119.5 Y120.665
G0 X119.5 Y119.5
;TIME_ELAPSED:73.398571
;LAYER:1
M140 S110
;TYPE:WALL-OUTER
;MESH:xyzCalibration_cube.stl
G1 F3600 E51.91394
G1 F1350 X119.5 Y100.5 E52.70386
G1 X100.5 Y100.5 E53.49379
G1 X100.5 Y119.5 E54.28372
G1 X119.5 Y119.5 E55.07365
G0 F7500 X118.6 Y118.6
;TYPE:SKIN
G1 F1350 X118.6 Y101.4 E55.78874
G1 X101.4 Y101.4 E56.50383
G1 X101.4 Y118.6 E57.21893
G1 X118.6 Y118.6 E57.93402
G1 F3600 E53.93402
G0 F7500 X118.1 Y116.66
G1 F3600 E57.93402
G1 F1350 X116.659 Y118.1 E58.01872
G0 F7500 X115.245 Y118.1
G1 F1350 X118.1 Y115.246 E58.18655
G0 F7500 X118.1 Y113.831
G1 F1350 X113.831 Y118.1 E58.43755
G0 F7500 X112.417 Y118.1
G1 F1350 X118.1 Y112.417 E58.77169
G0 F7500 X118.1 Y111.003
G1 F1350 X111.002 Y118.1 E59.18899
G0 F7500 X109.588 Y118.1
G1 F1350 X118.1 Y109.589 E59.68944
G0 F7500 X118.1 Y108.175
G1 F1350 X108.174 Y118.1 E60.27302
G0 F7500 X106.76 Y118.1
G1 F1350 X118.1 Y106.76 E60.93977
G0 F7500 X118.1 Y105.346
G1 F1350 X105.345 Y118.1 E61.68968
G0 F7500 X103.931 Y118.1
G1 F1350 X118.1 Y103.932 E62.52274
G0 F7500 X118.1 Y102.518
G1 F1350 X102.517 Y118.1 E63.43893
G0 F7500 X101.9 Y117.303
G1 F1350 X117.303 Y101.9 E64.34457
G0 F7500 X115.889 Y101.9
G1 F1350 X101.9 Y115.889 E65.16707
G0 F7500 X101.9 Y114.475
G1 F1350 X114.475 Y101.9 E65.90643
G0 F7500 X113.061 Y101.9
G1 F1350 X101.9 Y113.061 E66.56265
G0 F7500 X101.9 Y111.647
G1 F1350 X111.647 Y101.9 E67.13574
G0 F7500 X110.232 Y101.9
G1 F1350 X101.9 Y110.232 E67.62563
G0 F7500 X101.9 Y108.818
G1 F1350 X108.818 Y101.9 E68.03238
G0 F7500 X107.404 Y101.9
G1 F1350 X101.9 Y107.404 E68.35599
G0 F7500 X101.9 Y105.99
G1 F1350 X105.99 Y101.9 E68.59647
G0 F7500 X104.575 Y101.9
G1 F1350 X101.9 Y104.575 E68.75375
G0 F7500 X101.9 Y103.161
G1 F1350 X103.161 Y101.9 E68.82789
G1 F3600 E64.82789
;MESH:NONMESH
G0 F300 X103.161 Y101.9 Z0.3
G0 F7500 X103.161 Y99.335
G0 X120.653 Y99.347
G0 X120.665 Y119.5
G0 X119.5 Y119.5
;TIME_ELAPSED:95.854211
;LAYER:2
;note -- min layer time used
;TYPE:WALL-OUTER
;MESH:xyzCalibration_cube.stl
G1 F3600 E68.82789
G1 F600 X119.5 Y100.5 E69.61782
G1 X100.5 Y100.5 E70.40775
G1 X100.5 Y119.5 E71.19768
G1 X119.5 Y119.5 E71.9876
;TIME_ELAPSED:103.649374
;LAYER:3
;note -- min layer time used
;MESH:xyzCalibration_cube.stl
G0 F9000 X119.5 Y119.5 Z0.4
;TYPE:WALL-OUTER
G1 F600 X119.5 Y100.5 E72.77753
G1 X100.5 Y100.5 E73.56746
G1 X100.5 Y119.5 E74.35739
G1 X119.5 Y119.5 E75.14732
;TIME_ELAPSED:111.331199
;LAYER:4
;note -- min layer time used
;MESH:xyzCalibration_cube.stl
G0 F9000 X119.5 Y119.5 Z0.5
;TYPE:WALL-OUTER
G1 F600 X119.5 Y100.5 E75.93725
G1 X100.5 Y100.5 E76.72717
G1 X100.5 Y119.5 E77.5171
G1 X119.5 Y119.5 E78.30703
;TIME_ELAPSED:119.013023
;LAYER:5
;note -- min layer time used
;MESH:xyzCalibration_cube.stl
G0 F9000 X119.5 Y119.5 Z0.6
;TYPE:WALL-OUTER
G1 F600 X119.5 Y100.5 E79.09696
G1 X100.5 Y100.5 E79.88689
G1 X100.5 Y119.5 E80.67681
G1 X119.5 Y119.5 E81.46674
;TIME_ELAPSED:126.694848
;LAYER:6
;note -- min layer time used
;MESH:xyzCalibration_cube.stl
G0 F9000 X119.5 Y119.5 Z0.7
;TYPE:WALL-OUTER
G1 F600 X119.5 Y100.5 E82.25667
G1 X100.5 Y100.5 E83.0466
G1 X100.5 Y119.5 E83.83653
G1 X119.5 Y119.5 E84.62646
;TIME_ELAPSED:134.376672
;LAYER:7
;note -- min layer time used
;MESH:xyzCalibration_cube.stl
G0 F9000 X119.5 Y119.5 Z0.8
;TYPE:WALL-OUTER
G1 F600 X119.5 Y100.5 E85.41638
G1 X100.5 Y100.5 E86.20631
G1 X100.5 Y119.5 E86.99624
G1 X119.5 Y119.5 E87.78617
;TIME_ELAPSED:142.058496
;LAYER:8
;note -- min layer time used
;MESH:xyzCalibration_cube.stl
G0 F9000 X119.5 Y119.5 Z0.9
;TYPE:WALL-OUTER
G1 F600 X119.5 Y100.5 E88.5761
G1 X100.5 Y100.5 E89.36603
G1 X100.5 Y119.5 E90.15595
G1 X119.5 Y119.5 E90.94588
;TIME_ELAPSED:149.740321
;LAYER:9
;note -- min layer time used
;MESH:xyzCalibration_cube.stl
G0 F9000 X119.5 Y119.5 Z1
;TYPE:WALL-OUTER
G1 F600 X119.5 Y100.5 E91.73581
G1 X100.5 Y100.5 E92.52574
G1 X100.5 Y119.5 E93.31567
G1 X119.5 Y119.5 E94.10559
;TIME_ELAPSED:157.422145
;LAYER:10
;note -- min layer time used
;MESH:xyzCalibration_cube.stl
G0 F9000 X119.5 Y119.5 Z1.1
;TYPE:WALL-OUTER
G1 F600 X119.5 Y100.5 E94.89552
G1 X100.5 Y100.5 E95.68545
G1 X100.5 Y119.5 E96.47538
G1 X119.5 Y119.5 E97.26531
;TIME_ELAPSED:165.103970
;LAYER:11
;note -- min layer time used
;MESH:xyzCalibration_cube.stl
G0 F9000 X119.5 Y119.5 Z1.2
;TYPE:WALL-OUTER
G1 F600 X119.5 Y100.5 E98.05524
G1 X100.5 Y100.5 E98.84516
G1 X100.5 Y119.5 E99.63509
G1 X119.5 Y119.5 E100.42502
;TIME_ELAPSED:172.785794
;LAYER:12
;note -- min layer time used
;MESH:xyzCalibration_cube.stl
G0 F9000 X119.5 Y119.5 Z1.3
;TYPE:WALL-OUTER
G1 F600 X119.5 Y100.5 E101.21495
G1 X100.5 Y100.5 E102.00488
G1 X100.5 Y119.5 E102.7948
G1 X119.5 Y119.5 E103.58473
;TIME_ELAPSED:180.467619
;LAYER:13
;note -- min layer time used
;MESH:xyzCalibration_cube.stl
G0 F9000 X119.5 Y119.5 Z1.4
;TYPE:WALL-OUTER
G1 F600 X119.5 Y100.5 E104.37466
G1 X100.5 Y100.5 E105.16459
G1 X100.5 Y119.5 E105.95452
G1 X119.5 Y119.5 E106.74445
;TIME_ELAPSED:188.149443
;LAYER:14
;note -- min layer time used
;MESH:xyzCalibration_cube.stl
G0 F9000 X119.5 Y119.5 Z1.5
;TYPE:WALL-OUTER
G1 F600 X119.5 Y100.5 E107.53437
G1 X100.5 Y100.5 E108.3243
G1 X100.5 Y119.5 E109.11423
G1 X119.5 Y119.5 E109.90416
;TIME_ELAPSED:195.831267
;LAYER:15
;note -- min layer time used
;MESH:xyzCalibration_cube.stl
G0 F9000 X119.5 Y119.5 Z1.6
;TYPE:WALL-OUTER
G1 F600 X119.5 Y100.5 E110.69409
G1 X100.5 Y100.5 E111.48401
G1 X100.5 Y119.5 E112.27394
G1 X119.5 Y119.5 E113.06387
;TIME_ELAPSED:203.513092
;LAYER:16
;note -- min layer time used
;MESH:xyzCalibration_cube.stl
G0 F9000 X119.5 Y119.5 Z1.7
;TYPE:WALL-OUTER
G1 F600 X119.5 Y100.5 E113.8538
G1 X100.5 Y100.5 E114.64373
G1 X100.5 Y119.5 E115.43366
G1 X119.5 Y119.5 E116.22358
;TIME_ELAPSED:211.194916
;LAYER:17
;note -- min layer time used
;MESH:xyzCalibration_cube.stl
G0 F9000 X119.5 Y119.5 Z1.8
;TYPE:WALL-OUTER
G1 F600 X119.5 Y100.5 E117.01351
G1 X100.5 Y100.5 E117.80344
G1 X100.5 Y119.5 E118.59337
G1 X119.5 Y119.5 E119.3833
;TIME_ELAPSED:218.876741
;LAYER:18
;note -- min layer time used
;MESH:xyzCalibration_cube.stl
G0 F9000 X119.5 Y119.5 Z1.9
;TYPE:WALL-OUTER
G1 F600 X119.5 Y100.5 E120.17323
G1 X100.5 Y100.5 E120.96315
G1 X100.5 Y119.5 E121.75308
G1 X119.5 Y119.5 E122.54301
;TIME_ELAPSED:226.558565
;LAYER:19
;note -- min layer time used
;MESH:xyzCalibration_cube.stl
G0 F9000 X119.5 Y119.5 Z2
;TYPE:WALL-OUTER
G1 F600 X119.5 Y100.5 E123.33294
G1 X100.5 Y100.5 E124.12287
G1 X100.5 Y119.5 E124.91279
G1 X119.5 Y119.5 E125.70272
;TIME_ELAPSED:234.240390
;LAYER:20
;note -- min layer time used
;MESH:xyzCalibration_cube.stl
G0 F9000 X119.5 Y119.5 Z2.1
;TYPE:WALL-OUTER
G1 F600 X119.5 Y100.5 E126.49265
G1 X100.5 Y100.5 E127.28258
G1 X100.5 Y119.5 E128.07251
G1 X119.5 Y119.5 E128.86244
;TIME_ELAPSED:241.922214
;LAYER:21
;note -- min layer time used
;MESH:xyzCalibration_cube.stl
G0 F9000 X119.5 Y119.5 Z2.2
;TYPE:WALL-OUTER
G1 F600 X119.5 Y100.5 E129.65236
G1 X100.5 Y100.5 E130.44229
G1 X100.5 Y119.5 E131.23222
G1 X119.5 Y119.5 E132.02215
;TIME_ELAPSED:249.604038
;LAYER:22
;note -- min layer time used
;MESH:xyzCalibration_cube.stl
G0 F9000 X119.5 Y119.5 Z2.3
;TYPE:WALL-OUTER
G1 F600 X119.5 Y100.5 E132.81208
G1 X100.5 Y100.5 E133.602
G1 X100.5 Y119.5 E134.39193
G1 X119.5 Y119.5 E135.18186
;TIME_ELAPSED:257.285863
;LAYER:23
;note -- min layer time used
;MESH:xyzCalibration_cube.stl
G0 F9000 X119.5 Y119.5 Z2.4
;TYPE:WALL-OUTER
G1 F600 X119.5 Y100.5 E135.97179
G1 X100.5 Y100.5 E136.76172
G1 X100.5 Y119.5 E137.55165
G1 X119.5 Y119.5 E138.34157
;TIME_ELAPSED:264.967687
;LAYER:24
;note -- min layer time used
;MESH:xyzCalibration_cube.stl
G0 F9000 X119.5 Y119.5 Z2.5
;TYPE:WALL-OUTER
G1 F600 X119.5 Y100.5 E139.1315
G1 X100.5 Y100.5 E139.92143
G1 X100.5 Y119.5 E140.71136
G1 X119.5 Y119.5 E141.50129
;TIME_ELAPSED:272.649512
;LAYER:25
;note -- min layer time used
;MESH:xyzCalibration_cube.stl
G0 F9000 X119.5 Y119.5 Z2.6
;TYPE:WALL-OUTER
G1 F600 X119.5 Y100.5 E142.29121
G1 X100.5 Y100.5 E143.08114
G1 X100.5 Y119.5 E143.87107
G1 X119.5 Y119.5 E144.661
;TIME_ELAPSED:280.331336
;LAYER:26
;note -- min layer time used
;MESH:xyzCalibration_cube.stl
G0 F9000 X119.5 Y119.5 Z2.7
;TYPE:WALL-OUTER
G1 F600 X119.5 Y100.5 E145.45093
G1 X100.5 Y100.5 E146.24086
G1 X100.5 Y119.5 E147.03078
G1 X119.5 Y119.5 E147.82071
;TIME_ELAPSED:288.013161
;LAYER:27
;note -- min layer time used
;MESH:xyzCalibration_cube.stl
G0 F9000 X119.5 Y119.5 Z2.8
;TYPE:WALL-OUTER
G1 F600 X119.5 Y100.5 E148.61064
G1 X100.5 Y100.5 E149.40057
G1 X100.5 Y119.5 E150.1905
G1 X119.5 Y119.5 E150.98043
;TIME_ELAPSED:295.694985
;LAYER:28
;note -- min layer time used
;MESH:xyzCalibration_cube.stl
G0 F9000 X119.5 Y119.5 Z2.9
;TYPE:WALL-OUTER
G1 F600 X119.5 Y100.5 E151.77035
G1 X100.5 Y100.5 E152.56028
G1 X100.5 Y119.5 E153.35021
G1 X119.5 Y119.5 E154.14014
;TIME_ELAPSED:303.376809
;LAYER:29
;note -- min layer time used
;MESH:xyzCalibration_cube.stl
G0 F9000 X119.5 Y119.5 Z3
;TYPE:WALL-OUTER
G1 F600 X119.5 Y100.5 E154.93007
G1 X100.5 Y100.5 E155.71999
G1 X100.5 Y119.5 E156.50992
G1 X119.5 Y119.5 E157.29985
;TIME_ELAPSED:311.058634
;LAYER:30
;note -- min layer time used
;MESH:xyzCalibration_cube.stl
G0 F9000 X119.5 Y119.5 Z3.1
;TYPE:WALL-OUTER
G1 F600 X119.5 Y100.5 E158.08978
G1 X100.5 Y100.5 E158.87971
G1 X100.5 Y119.5 E159.66964
G1 X119.5 Y119.5 E160.45956
;TIME_ELAPSED:318.740458
;LAYER:31
;note -- min layer time used
;MESH:xyzCalibration_cube.stl
G0 F9000 X119.5 Y119.5 Z3.2
;TYPE:WALL-OUTER
G1 F600 X119.5 Y100.5 E161.24949
G1 X100.5 Y100.5 E162.03942
G1 X100.5 Y119.5 E162.82935
G1 X119.5 Y119.5 E163.61928
;TIME_ELAPSED:326.422283
;LAYER:32
;note -- min layer time used
;MESH:xyzCalibration_cube.stl
G0 F9000 X119.5 Y119.5 Z3.3
;TYPE:WALL-OUTER
G1 F600 X119.5 Y100.5 E164.4092
G1 X100.5 Y100.5 E165.19913
G1 X100.5 Y119.5 E165.98906
G1 X119.5 Y119.5 E166.77899
;TIME_ELAPSED:334.104107
;LAYER:33
;note -- min layer time used
;MESH:xyzCalibration_cube.stl
G0 F9000 X119.5 Y119.5 Z3.4
;TYPE:WALL-OUTER
G1 F600 X119.5 Y100.5 E167.56892
G1 X100.5 Y100.5 E168.35885
G1 X100.5 Y119.5 E169.14877
G1 X119.5 Y119.5 E169.9387
;TIME_ELAPSED:341.785932
;LAYER:34
;note -- min layer time used
;MESH:xyzCalibration_cube.stl
G0 F9000 X119.5 Y119.5 Z3.5
;TYPE:WALL-OUTER
G1 F608.3 X119.5 Y100.5 E170.72863
G1 X100.5 Y100.5 E171.51856
G1 X100.5 Y119.5 E172.30849
G1 X119.5 Y119.5 E173.09841
G0 F9000 X118.93 Y118.93
G0 X117.93 Y111.609
G0 X118.563 Y111.071
;TYPE:SKIN
G1 F566.4 X118.563 Y108.265 E173.22371
G1 X117.489 Y108.265 E173.27166
G1 X117.489 Y111.071 E173.39696
G1 X118.563 Y111.071 E173.44491
G0 F9000 X117.93 Y111.579
G0 X117.027 Y111.537
G0 X114.846 Y102.992
G0 X114.846 Y102.469
G1 F582.1 X114.848 Y101.423 E173.49036
G1 F581.6 X111.911 Y101.423 E173.61808
G1 X111.911 Y102.469 E173.66357
G1 X114.846 Y102.469 E173.7912
G0 F9000 X114.846 Y102.992
G0 X107.27 Y102.99
G0 X107.27 Y102.466
G1 F582.1 X107.27 Y101.422 E173.83656
G1 F581.6 X104.5 Y101.423 E173.95702
G1 X104.502 Y102.468 E174.00247
G1 X107.27 Y102.466 E174.12284
G0 F9000 X107.271 Y103.89
;MESH:NONMESH
G0 F300 X107.271 Y103.89 Z3.6
G0 F9000 X118.93 Y118.93
G0 X119.5 Y119.5
;TIME_ELAPSED:353.315409
;LAYER:35
;note -- min layer time used
;TYPE:WALL-OUTER
;MESH:xyzCalibration_cube.stl
G1 F617.9 X119.5 Y100.5 E174.91277
G1 X100.5 Y100.5 E175.7027
G1 X100.5 Y119.5 E176.49263
G1 X119.5 Y119.5 E177.28255
G0 F9000 X118.93 Y118.93
G0 X117.93 Y111.609
G0 X118.563 Y111.071
;TYPE:SKIN
G1 F575.4 X118.563 Y108.265 E177.40785
G1 X117.489 Y108.265 E177.4558
G1 X117.489 Y111.071 E177.5811
G1 X118.563 Y111.071 E177.62905
G0 F9000 X117.93 Y111.579
G0 X117.027 Y111.537
G0 X114.846 Y102.992
G0 X114.846 Y102.469
G1 F591.3 X114.848 Y101.423 E177.6745
G1 F590.8 X111.851 Y101.423 E177.80483
G1 X111.851 Y102.469 E177.85032
G1 X114.846 Y102.469 E177.98056
G0 F9000 X114.846 Y102.992
G0 X111.402 Y102.92
G0 X107.854 Y102.466
G0 X107.33 Y102.466
G1 F591.3 X107.33 Y101.422 E178.02592
G1 F590.8 X104.5 Y101.423 E178.14899
G1 X104.502 Y102.468 E178.19443
G1 X107.33 Y102.466 E178.31742
G0 F9000 X108.754 Y103
;MESH:NONMESH
G0 F300 X108.754 Y103 Z3.7
G0 F9000 X118.93 Y118.93
G0 X119.5 Y119.5
;TIME_ELAPSED:364.614180
;LAYER:36
;note -- min layer time used
;TYPE:WALL-OUTER
;MESH:xyzCalibration_cube.stl
G1 F619.4 X119.5 Y100.5 E179.10735
G1 X100.5 Y100.5 E179.89727
G1 X100.5 Y119.5 E180.6872
G1 X119.5 Y119.5 E181.47713
G0 F9000 X118.93 Y118.93
G0 X117.93 Y111.609
G0 X118.563 Y111.071
;TYPE:SKIN
G1 F576.7 X118.563 Y108.261 E181.6026
G1 X117.489 Y108.261 E181.65056
G1 X117.489 Y111.071 E181.77603
G1 X118.563 Y111.071 E181.82398
G0 F9000 X117.93 Y111.579
G0 X117.027 Y111.537
G0 X114.846 Y102.992
G0 X114.846 Y102.469
G1 F592.7 X114.848 Y101.423 E181.86943
G1 F592.2 X111.791 Y101.423 E182.00237
G1 X111.791 Y102.469 E182.04786
G1 X114.846 Y102.469 E182.18071
G0 F9000 X114.846 Y102.992
G0 X111.341 Y102.92
G0 X107.913 Y102.466
G0 X107.39 Y102.466
G1 F592.7 X107.39 Y101.422 E182.22607
G1 F592.2 X104.5 Y101.423 E182.35175
G1 X104.502 Y102.468 E182.3972
G1 X107.39 Y102.466 E182.52279
G0 F9000 X108.813 Y103
;MESH:NONMESH
G0 F300 X108.813 Y103 Z3.8
G0 F9000 X117.027 Y111.537
G0 X117.733 Y111.609
G0 X117.733 Y110.894
;TIME_ELAPSED:375.908838
;LAYER:37
;note -- min layer time used
;TYPE:WALL-OUTER
;MESH:xyzCalibration_cube.stl
G1 F600 X117.582 Y110.681 E182.53364
G1 X117.552 Y110.534 E182.53988
G1 X117.554 Y108.779 E182.61284
G1 X117.588 Y108.64 E182.61879
G1 X117.7 Y108.472 E182.62719
G1 X117.938 Y108.328 E182.63875
G1 X119.5 Y108.328 E182.70369
G1 X119.5 Y100.5 E183.02914
G1 X114.771 Y100.5 E183.22575
G1 X114.768 Y101.894 E183.28371
G1 X114.734 Y102.074 E183.29133
G1 X114.586 Y102.279 E183.30184
G1 X114.32 Y102.39 E183.31382
G1 X112.427 Y102.389 E183.39252
G1 X112.221 Y102.316 E183.40161
G1 X112.03 Y102.094 E183.41378
G1 X111.988 Y101.89 E183.42244
G1 X111.99 Y100.5 E183.48023
G1 X107.192 Y100.5 E183.67971
G1 X107.192 Y101.888 E183.73742
G1 X107.15 Y102.09 E183.74599
G1 X106.997 Y102.286 E183.75633
G1 X106.741 Y102.386 E183.76776
G1 X105.01 Y102.392 E183.83973
G1 X104.764 Y102.284 E183.8509
G1 X104.663 Y102.175 E183.85707
G1 X104.576 Y101.987 E183.86569
G1 X104.576 Y100.5 E183.92751
G1 X100.5 Y100.5 E184.09697
G1 X100.5 Y119.5 E184.8869
G1 X119.5 Y119.5 E185.67683
G1 X119.5 Y111.008 E186.02988
G1 X117.942 Y111.008 E186.09466
G1 X117.733 Y110.894 E186.10455
G0 F9000 X117 Y113.508
;MESH:NONMESH
G0 F300 X117 Y113.508 Z3.9
G0 F9000 X117.732 Y112.608
G0 X117.733 Y110.894
;TIME_ELAPSED:384.876415
;LAYER:38
;note -- min layer time used
;TYPE:WALL-OUTER
;MESH:xyzCalibration_cube.stl
G1 F600 X117.582 Y110.681 E186.11541
G1 X117.552 Y110.534 E186.12165
G1 X117.554 Y108.781 E186.19453
G1 X117.586 Y108.645 E186.20034
G1 X117.697 Y108.475 E186.20878
G1 X117.936 Y108.328 E186.22044
G1 X119.5 Y108.328 E186.28547
G1 X119.5 Y100.5 E186.61092
G1 X114.708 Y100.5 E186.81014
G1 X114.708 Y101.892 E186.86802
G1 X114.61 Y102.19 E186.88106
G1 X114.439 Y102.336 E186.89041
G1 X114.262 Y102.39 E186.8981
G1 X112.37 Y102.389 E186.97676
G1 X112.242 Y102.357 E186.98225
G1 X112.077 Y102.249 E186.99045
G1 X111.966 Y102.085 E186.99868
G1 X111.928 Y101.892 E187.00686
G1 X111.928 Y100.5 E187.06473
G1 X107.252 Y100.5 E187.25914
G1 X107.252 Y101.888 E187.31684
G1 X107.214 Y102.082 E187.32506
G1 X107.055 Y102.287 E187.33585
G1 X106.821 Y102.384 E187.34638
G1 X105.056 Y102.387 E187.41976
G1 X104.878 Y102.323 E187.42762
G1 X104.706 Y102.156 E187.43759
G1 X104.632 Y101.988 E187.44522
G1 X104.632 Y100.5 E187.50709
G1 X100.5 Y100.5 E187.67887
G1 X100.5 Y119.5 E188.4688
G1 X119.5 Y119.5 E189.25873
G1 X119.5 Y111.008 E189.61179
G1 X117.942 Y111.008 E189.67656
G1 X117.733 Y110.894 E189.68646
G0 F9000 X117 Y113.507
;MESH:NONMESH
G0 F300 X117 Y113.507 Z4
G0 F9000 X117.797 Y112.607
G0 X117.798 Y110.936
;TIME_ELAPSED:393.846127
;LAYER:39
;note -- min layer time used
;TYPE:WALL-OUTER
;MESH:xyzCalibration_cube.stl
G1 F600 X117.606 Y110.732 E189.69811
G1 X117.552 Y110.53 E189.7068
G1 X117.553 Y108.779 E189.7796
G1 X117.584 Y108.647 E189.78523
G1 X117.693 Y108.475 E189.7937
G1 X117.934 Y108.324 E189.80552
G1 X119.5 Y108.324 E189.87063
G1 X119.5 Y100.5 E190.19591
G1 X114.647 Y100.5 E190.39768
G1 X114.644 Y101.894 E190.45563
G1 X114.546 Y102.191 E190.46864
G1 X114.38 Y102.333 E190.47772
G1 X114.224 Y102.393 E190.48467
G1 X112.24 Y102.39 E190.56715
G1 X111.994 Y102.225 E190.57947
G1 X111.902 Y102.076 E190.58675
G1 X111.868 Y101.892 E190.59453
G1 X111.868 Y100.5 E190.6524
G1 X107.312 Y100.5 E190.84182
G1 X107.312 Y101.888 E190.89952
G1 X107.277 Y102.072 E190.90731
G1 X107.142 Y102.265 E190.9171
G1 X106.879 Y102.384 E190.9291
G1 X105.112 Y102.387 E191.00257
G1 X104.935 Y102.324 E191.01038
G1 X104.764 Y102.159 E191.02026
G1 X104.688 Y101.991 E191.02792
G1 X104.688 Y100.5 E191.08991
G1 X100.5 Y100.5 E191.26403
G1 X100.5 Y119.5 E192.05396
G1 X119.5 Y119.5 E192.84389
G1 X119.5 Y111.007 E193.19698
G1 X118.05 Y111.004 E193.25727
G1 X117.798 Y110.936 E193.26812
G0 F9000 X117 Y113.506
;MESH:NONMESH
G0 F300 X117 Y113.506 Z4.1
G0 F9000 X117.797 Y112.606
G0 X117.798 Y110.936
;TIME_ELAPSED:402.814343
;LAYER:40
;note -- min layer time used
;TYPE:WALL-OUTER
;MESH:xyzCalibration_cube.stl
G1 F600 X117.606 Y110.732 E193.27977
G1 X117.552 Y110.53 E193.28846
G1 X117.553 Y108.781 E193.36117
G1 X117.581 Y108.653 E193.36662
G1 X117.69 Y108.478 E193.37519
G1 X117.934 Y108.324 E193.38719
G1 X119.5 Y108.324 E193.4523
G1 X119.5 Y100.5 E193.77758
G1 X114.583 Y100.5 E193.98201
G1 X114.58 Y101.894 E194.03996
G1 X114.482 Y102.191 E194.05296
G1 X114.321 Y102.331 E194.06183
G1 X114.136 Y102.39 E194.06991
G1 X112.257 Y102.39 E194.14803
G1 X112.049 Y102.321 E194.15714
G1 X111.933 Y102.224 E194.16343
G1 X111.839 Y102.066 E194.17107
G1 X111.808 Y101.892 E194.17842
G1 X111.808 Y100.5 E194.23629
G1 X107.37 Y100.5 E194.4208
G1 X107.372 Y101.886 E194.47842
G1 X107.341 Y102.063 E194.48589
G1 X107.201 Y102.265 E194.49611
G1 X106.937 Y102.384 E194.50815
G1 X105.169 Y102.387 E194.58166
G1 X104.993 Y102.325 E194.58941
G1 X104.822 Y102.162 E194.59924
G1 X104.744 Y101.892 E194.61092
G1 X104.744 Y100.5 E194.66879
G1 X100.5 Y100.5 E194.84524
G1 X100.5 Y119.5 E195.63517
G1 X119.5 Y119.5 E196.42509
G1 X119.5 Y111.004 E196.77832
G1 X118.052 Y111.004 E196.83852
G1 X117.798 Y110.936 E196.84945
G0 F9000 X117 Y113.505
;MESH:NONMESH
G0 F300 X117 Y113.505 Z4.2
G0 F9000 X117.797 Y112.605
G0 X117.798 Y110.936
;TIME_ELAPSED:411.781720
;LAYER:41
;note -- min layer time used
;TYPE:WALL-OUTER
;MESH:xyzCalibration_cube.stl
G1 F600 X117.606 Y110.732 E196.8611
G1 X117.552 Y110.53 E196.86979
G1 X117.553 Y108.783 E196.94242
G1 X117.647 Y108.529 E196.95368
G1 X117.794 Y108.395 E196.96195
G1 X118.052 Y108.324 E196.97308
G1 X119.5 Y108.324 E197.03328
G1 X119.5 Y100.5 E197.35856
G1 X114.519 Y100.5 E197.56565
G1 X114.516 Y101.894 E197.6236
G1 X114.476 Y102.089 E197.63188
G1 X114.344 Y102.271 E197.64123
G1 X114.073 Y102.389 E197.65352
G1 X112.131 Y102.39 E197.73425
G1 X111.919 Y102.27 E197.74438
G1 X111.748 Y102.016 E197.75711
G1 X111.748 Y100.5 E197.82014
G1 X107.43 Y100.5 E197.99966
G1 X107.432 Y102.013 E198.06257
G1 X107.26 Y102.266 E198.07528
G1 X106.995 Y102.385 E198.08736
G1 X105.225 Y102.387 E198.16095
G1 X105.05 Y102.326 E198.16865
G1 X104.88 Y102.165 E198.17839
G1 X104.8 Y101.894 E198.19014
G1 X104.797 Y100.5 E198.24809
G1 X100.501 Y100.501 E198.4267
G1 X100.5 Y119.5 E199.21659
G1 X119.5 Y119.5 E200.00651
G1 X119.5 Y111.004 E200.35974
G1 X118.052 Y111.004 E200.41994
G1 X117.798 Y110.936 E200.43087
G0 F9000 X117 Y113.504
;MESH:NONMESH
G0 F300 X117 Y113.504 Z4.3
G0 F9000 X116.027 Y112.532
G0 X115.955 Y110.836
G0 X117.684 Y110.836
;TIME_ELAPSED:420.850331
;LAYER:42
;note -- min layer time used
;TYPE:WALL-OUTER
;MESH:xyzCalibration_cube.stl
G1 F600 X117.586 Y110.673 E200.43878
G1 X117.556 Y110.526 E200.44501
G1 X117.557 Y108.701 E200.52089
G1 X117.688 Y108.481 E200.53153
G1 X117.937 Y108.32 E200.54386
G1 X119.5 Y108.32 E200.60884
G1 X119.5 Y100.5 E200.93396
G1 X114.456 Y100.5 E201.14367
G1 X114.456 Y101.892 E201.20154
G1 X114.415 Y102.093 E201.21007
G1 X114.286 Y102.269 E201.21914
G1 X114.014 Y102.389 E201.2315
G1 X112.139 Y102.391 E201.30945
G1 X111.856 Y102.271 E201.32223
G1 X111.684 Y102.009 E201.33526
G1 X111.686 Y100.5 E201.398
G1 X107.488 Y100.5 E201.57253
G1 X107.488 Y102.001 E201.63494
G1 X107.364 Y102.219 E201.64537
G1 X107.24 Y102.321 E201.65204
G1 X107.05 Y102.385 E201.66038
G1 X105.282 Y102.387 E201.73388
G1 X105.108 Y102.327 E201.74153
G1 X104.938 Y102.168 E201.75121
G1 X104.856 Y101.894 E201.7631
G1 X104.853 Y100.5 E201.82106
G1 X100.5 Y100.5 E202.00203
G1 X100.5 Y119.5 E202.79196
G1 X119.5 Y119.5 E203.58189
G1 X119.5 Y111.003 E203.93515
G1 X117.938 Y111 E204.00009
G1 X117.684 Y110.836 E204.01266
G0 F9000 X115.056 Y110.836
;MESH:NONMESH
G0 F300 X115.056 Y110.836 Z4.4
G0 F9000 X115.956 Y110.836
G0 X117.684 Y110.836
;TIME_ELAPSED:429.790263
;LAYER:43
;note -- min layer time used
;TYPE:WALL-OUTER
;MESH:xyzCalibration_cube.stl
G1 F600 X117.586 Y110.673 E204.02057
G1 X117.556 Y110.526 E204.02681
G1 X117.561 Y108.743 E204.10094
G1 X117.685 Y108.484 E204.11288
G1 X117.935 Y108.32 E204.12531
G1 X119.5 Y108.32 E204.19037
G1 X119.5 Y100.5 E204.51549
G1 X114.392 Y100.5 E204.72786
G1 X114.392 Y101.892 E204.78573
G1 X114.349 Y102.096 E204.7944
G1 X114.224 Y102.267 E204.8032
G1 X113.951 Y102.389 E204.81563
G1 X112.046 Y102.387 E204.89484
G1 X111.798 Y102.272 E204.9062
G1 X111.692 Y102.145 E204.91308
G1 X111.624 Y101.892 E204.92397
G1 X111.624 Y100.5 E204.98184
G1 X107.548 Y100.5 E205.1513
G1 X107.548 Y101.888 E205.20901
G1 X107.48 Y102.142 E205.21994
G1 X107.331 Y102.301 E205.229
G1 X107.108 Y102.385 E205.23891
G1 X105.338 Y102.387 E205.3125
G1 X105.165 Y102.328 E205.3201
G1 X104.996 Y102.17 E205.32971
G1 X104.912 Y101.894 E205.34171
G1 X104.909 Y100.5 E205.39966
G1 X100.501 Y100.501 E205.58293
G1 X100.5 Y119.5 E206.37281
G1 X119.5 Y119.5 E207.16274
G1 X119.5 Y111 E207.51613
G1 X117.939 Y111 E207.58103
G1 X117.684 Y110.836 E207.59364
G0 F9000 X115.056 Y110.836
;MESH:NONMESH
G0 F300 X115.056 Y110.836 Z4.5
G0 F9000 X115.956 Y110.836
G0 X117.684 Y110.836
;TIME_ELAPSED:438.728214
;LAYER:44
;note -- min layer time used
;TYPE:WALL-OUTER
;MESH:xyzCalibration_cube.stl
G1 F600 X117.586 Y110.673 E207.60154
G1 X117.556 Y110.526 E207.60778
G1 X117.561 Y108.747 E207.68174
G1 X117.682 Y108.487 E207.69367
G1 X117.934 Y108.32 E207.70623
G1 X119.5 Y108.32 E207.77134
G1 X119.5 Y100.5 E208.09646
G1 X114.331 Y100.5 E208.31136
G1 X114.328 Y101.894 E208.36932
G1 X114.284 Y102.1 E208.37807
G1 X114.163 Y102.265 E208.38658
G1 X113.888 Y102.389 E208.39912
G1 X111.991 Y102.387 E208.47799
G1 X111.739 Y102.273 E208.48949
G1 X111.564 Y101.983 E208.50357
G1 X111.564 Y100.5 E208.56523
G1 X107.608 Y100.5 E208.7297
G1 X107.608 Y101.987 E208.79152
G1 X107.485 Y102.218 E208.8024
G1 X107.354 Y102.324 E208.80941
G1 X107.186 Y102.388 E208.81688
G1 X105.394 Y102.387 E208.89139
G1 X105.223 Y102.328 E208.89891
G1 X105.054 Y102.173 E208.90844
G1 X104.968 Y101.894 E208.92058
G1 X104.965 Y100.5 E208.97853
G1 X100.5 Y100.5 E209.16417
G1 X100.5 Y119.5 E209.9541
G1 X119.5 Y119.5 E210.74402
G1 X119.5 Y111 E211.09741
G1 X117.939 Y111 E211.16231
G1 X117.684 Y110.836 E211.17492
G0 F9000 X115.056 Y110.836
;MESH:NONMESH
G0 F300 X115.056 Y110.836 Z4.6
G0 F9000 X115.956 Y110.836
G0 X117.684 Y110.836
;TIME_ELAPSED:447.666902
;LAYER:45
;note -- min layer time used
;TYPE:WALL-OUTER
;MESH:xyzCalibration_cube.stl
G1 F600 X117.586 Y110.673 E211.18282
G1 X117.556 Y110.526 E211.18906
G1 X117.556 Y108.788 E211.26132
G1 X117.679 Y108.491 E211.27468
G1 X117.934 Y108.32 E211.28745
G1 X119.5 Y108.32 E211.35255
G1 X119.5 Y100.5 E211.67767
G1 X114.264 Y100.5 E211.89536
G1 X114.264 Y101.892 E211.95323
G1 X114.218 Y102.103 E211.96221
G1 X114.101 Y102.263 E211.97045
G1 X113.825 Y102.389 E211.98307
G1 X111.936 Y102.388 E212.0616
G1 X111.761 Y102.33 E212.06927
G1 X111.626 Y102.221 E212.07648
G1 X111.504 Y101.978 E212.08778
G1 X111.504 Y100.5 E212.14923
G1 X107.668 Y100.5 E212.30871
G1 X107.668 Y101.975 E212.37004
G1 X107.605 Y102.133 E212.37711
G1 X107.411 Y102.326 E212.38849
G1 X107.224 Y102.385 E212.39664
G1 X105.447 Y102.387 E212.47052
G1 X105.276 Y102.329 E212.47803
G1 X105.107 Y102.176 E212.4875
G1 X105.02 Y101.892 E212.49985
G1 X105.02 Y100.5 E212.55773
G1 X100.5 Y100.5 E212.74565
G1 X100.5 Y119.5 E213.53557
G1 X119.5 Y119.5 E214.3255
G1 X119.5 Y111 E214.67889
G1 X117.939 Y111 E214.74379
G1 X117.684 Y110.836 E214.75639
G0 F9000 X115.056 Y110.836
;MESH:NONMESH
G0 F300 X115.056 Y110.836 Z4.7
G0 F9000 X115.956 Y110.832
G0 X117.684 Y110.832
;TIME_ELAPSED:456.606083
;LAYER:46
;note -- min layer time used
;TYPE:WALL-OUTER
;MESH:xyzCalibration_cube.stl
G1 F600 X117.586 Y110.67 E214.76427
G1 X117.556 Y110.523 E214.7705
G1 X117.559 Y108.754 E214.84405
G1 X117.635 Y108.545 E214.8533
G1 X117.729 Y108.437 E214.85925
G1 X117.94 Y108.316 E214.86936
G1 X119.5 Y108.316 E214.93422
G1 X119.5 Y100.5 E215.25917
G1 X114.203 Y100.5 E215.47939
G1 X114.2 Y101.894 E215.53735
G1 X114.152 Y102.107 E215.54643
G1 X114.039 Y102.261 E215.55437
G1 X113.762 Y102.389 E215.56705
G1 X111.878 Y102.389 E215.64538
G1 X111.7 Y102.332 E215.65315
G1 X111.562 Y102.22 E215.66054
G1 X111.44 Y101.97 E215.67211
G1 X111.442 Y100.5 E215.73322
G1 X107.726 Y100.5 E215.88772
G1 X107.728 Y101.967 E215.94871
G1 X107.668 Y102.128 E215.95585
G1 X107.467 Y102.328 E215.96764
G1 X107.282 Y102.386 E215.9757
G1 X105.503 Y102.387 E216.04966
G1 X105.333 Y102.33 E216.05712
G1 X105.165 Y102.178 E216.06654
G1 X105.076 Y101.892 E216.07899
G1 X105.076 Y100.5 E216.13686
G1 X100.501 Y100.501 E216.32707
G1 X100.5 Y119.5 E217.11695
G1 X119.5 Y119.5 E217.90688
G1 X119.5 Y110.999 E218.26031
G1 X117.938 Y110.996 E218.32525
G1 X117.684 Y110.832 E218.33782
G0 F9000 X115.056 Y110.832
;MESH:NONMESH
G0 F300 X115.056 Y110.832 Z4.8
G0 F9000 X115.956 Y110.832
G0 X117.684 Y110.832
;TIME_ELAPSED:465.545141
;LAYER:47
;note -- min layer time used
;TYPE:WALL-OUTER
;MESH:xyzCalibration_cube.stl
G1 F600 X117.586 Y110.67 E218.34569
G1 X117.556 Y110.523 E218.35193
G1 X117.556 Y108.789 E218.42402
G1 X117.673 Y108.493 E218.43726
G1 X117.932 Y108.316 E218.4503
G1 X119.5 Y108.316 E218.51549
G1 X119.5 Y100.5 E218.84044
G1 X114.14 Y100.5 E219.06328
G1 X114.14 Y101.892 E219.12116
G1 X114.091 Y102.11 E219.13045
G1 X114.012 Y102.227 E219.13631
G1 X113.844 Y102.349 E219.14495
G1 X113.703 Y102.389 E219.15104
G1 X111.849 Y102.392 E219.22812
G1 X111.56 Y102.277 E219.24105
G1 X111.438 Y102.127 E219.24909
G1 X111.38 Y101.964 E219.25628
G1 X111.38 Y100.5 E219.31715
G1 X107.784 Y100.5 E219.46665
G1 X107.784 Y101.959 E219.52731
G1 X107.662 Y102.217 E219.53918
G1 X107.52 Y102.33 E219.54672
G1 X107.336 Y102.386 E219.55472
G1 X105.56 Y102.387 E219.62856
G1 X105.391 Y102.331 E219.63596
G1 X105.223 Y102.181 E219.64532
G1 X105.132 Y101.892 E219.65792
G1 X105.132 Y100.5 E219.71579
G1 X100.501 Y100.501 E219.90833
G1 X100.5 Y119.5 E220.69821
G1 X119.5 Y119.5 E221.48814
G1 X119.5 Y110.996 E221.8417
G1 X117.938 Y110.996 E221.90664
G1 X117.684 Y110.832 E221.91921
G0 F9000 X115.056 Y110.832
;MESH:NONMESH
G0 F300 X115.056 Y110.832 Z4.9
G0 F9000 X115.956 Y110.832
G0 X117.684 Y110.832
;TIME_ELAPSED:474.484092
;LAYER:48
;note -- min layer time used
;TYPE:WALL-OUTER
;MESH:xyzCalibration_cube.stl
G1 F600 X117.586 Y110.67 E221.92708
G1 X117.556 Y110.523 E221.93332
G1 X117.558 Y108.763 E222.00649
G1 X117.67 Y108.497 E222.01849
G1 X117.932 Y108.316 E222.03173
G1 X119.5 Y108.316 E222.09692
G1 X119.5 Y100.5 E222.42187
G1 X114.076 Y100.5 E222.64737
G1 X114.076 Y101.892 E222.70524
G1 X114.025 Y102.113 E222.71467
G1 X113.949 Y102.226 E222.72034
G1 X113.783 Y102.348 E222.7289
G1 X113.639 Y102.388 E222.73511
G1 X111.751 Y102.392 E222.81361
G1 X111.617 Y102.35 E222.81945
G1 X111.441 Y102.22 E222.82854
G1 X111.32 Y101.955 E222.84065
G1 X111.32 Y100.5 E222.90115
G1 X107.844 Y100.5 E223.04566
G1 X107.844 Y101.952 E223.10603
G1 X107.789 Y102.119 E223.11334
G1 X107.662 Y102.275 E223.1217
G1 X107.394 Y102.386 E223.13376
G1 X105.616 Y102.387 E223.20768
G1 X105.448 Y102.331 E223.21504
G1 X105.281 Y102.183 E223.22432
G1 X105.188 Y101.892 E223.23702
G1 X105.188 Y100.5 E223.2949
G1 X100.501 Y100.501 E223.48976
G1 X100.5 Y119.5 E224.27965
G1 X119.5 Y119.5 E225.06957
G1 X119.5 Y110.996 E225.42313
G1 X117.938 Y110.996 E225.48807
G1 X117.684 Y110.832 E225.50064
G0 F9000 X115.056 Y110.832
;MESH:NONMESH
G0 F300 X115.056 Y110.832 Z5
G0 F9000 X116.028 Y112.524
G0 X117.8 Y112.596
G0 X117.801 Y110.927
;TIME_ELAPSED:483.578859
;LAYER:49
;note -- min layer time used
;TYPE:WALL-OUTER
;MESH:xyzCalibration_cube.stl
G1 F600 X117.642 Y110.778 E225.5097
G1 X117.556 Y110.587 E225.51841
G1 X117.558 Y108.768 E225.59403
G1 X117.667 Y108.5 E225.60606
G1 X117.931 Y108.316 E225.61944
G1 X119.5 Y108.316 E225.68467
G1 X119.5 Y100.5 E226.00962
G1 X114.011 Y100.5 E226.23783
G1 X114.008 Y101.894 E226.29578
G1 X113.955 Y102.117 E226.30531
G1 X113.746 Y102.333 E226.31781
G1 X113.572 Y102.388 E226.3254
G1 X111.735 Y102.392 E226.40177
G1 X111.584 Y102.361 E226.40818
G1 X111.381 Y102.22 E226.41846
G1 X111.265 Y101.962 E226.43022
G1 X111.26 Y100.5 E226.491
G1 X107.904 Y100.5 E226.63053
G1 X107.899 Y101.959 E226.69118
G1 X107.851 Y102.114 E226.69793
G1 X107.72 Y102.277 E226.70662
G1 X107.452 Y102.386 E226.71865
G1 X105.672 Y102.387 E226.79266
G1 X105.505 Y102.332 E226.79997
G1 X105.338 Y102.186 E226.80919
G1 X105.244 Y101.894 E226.82194
G1 X105.241 Y100.5 E226.8799
G1 X100.5 Y100.5 E227.07701
G1 X100.5 Y119.5 E227.86693
G1 X119.5 Y119.5 E228.65686
G1 X119.5 Y110.996 E229.01042
G1 X118.056 Y110.996 E229.07045
G1 X117.801 Y110.927 E229.08144
G0 F9000 X117 Y113.495
;MESH:NONMESH
G0 F300 X117 Y113.495 Z5.1
G0 F9000 X117.735 Y112.595
G0 X117.736 Y110.877
;TIME_ELAPSED:492.543430
;LAYER:50
;note -- min layer time used
;TYPE:WALL-OUTER
;MESH:xyzCalibration_cube.stl
G1 F600 X117.586 Y110.666 E229.0922
G1 X117.556 Y110.509 E229.09884
G1 X117.557 Y108.769 E229.17118
G1 X117.665 Y108.5 E229.18324
G1 X117.789 Y108.388 E229.19018
G1 X118.056 Y108.312 E229.20172
G1 X119.5 Y108.312 E229.26176
G1 X119.5 Y100.5 E229.58654
G1 X113.948 Y100.5 E229.81737
G1 X113.948 Y101.892 E229.87524
G1 X113.894 Y102.119 E229.88494
G1 X113.736 Y102.301 E229.89496
G1 X113.513 Y102.388 E229.90492
G1 X111.653 Y102.391 E229.98224
G1 X111.501 Y102.353 E229.98876
G1 X111.317 Y102.22 E229.9982
G1 X111.199 Y101.948 E230.01052
G1 X111.198 Y100.5 E230.07073
G1 X107.964 Y100.5 E230.20518
G1 X107.961 Y101.945 E230.26526
G1 X107.842 Y102.217 E230.2776
G1 X107.688 Y102.336 E230.28569
G1 X107.53 Y102.388 E230.29261
G1 X105.729 Y102.387 E230.36748
G1 X105.562 Y102.333 E230.37478
G1 X105.396 Y102.188 E230.38394
G1 X105.3 Y101.894 E230.3968
G1 X105.297 Y100.5 E230.45476
G1 X100.5 Y100.5 E230.65419
G1 X100.5 Y119.5 E231.44412
G1 X119.5 Y119.5 E232.23405
G1 X119.5 Y110.995 E232.58765
G1 X117.944 Y110.992 E232.65234
G1 X117.736 Y110.877 E232.66222
G0 F9000 X117 Y113.494
;MESH:NONMESH
G0 F300 X117 Y113.494 Z5.2
G0 F9000 X117.735 Y112.594
G0 X117.736 Y110.877
;TIME_ELAPSED:501.508973
;LAYER:51
;note -- min layer time used
;TYPE:WALL-OUTER
;MESH:xyzCalibration_cube.stl
G1 F600 X117.586 Y110.666 E232.67298
G1 X117.556 Y110.509 E232.67963
G1 X117.557 Y108.729 E232.75363
G1 X117.719 Y108.442 E232.76733
G1 X117.936 Y108.312 E232.77785
G1 X119.5 Y108.312 E232.84287
G1 X119.5 Y100.5 E233.16766
G1 X113.887 Y100.5 E233.40102
G1 X113.884 Y101.996 E233.46322
G1 X113.76 Y102.223 E233.47397
G1 X113.627 Y102.33 E233.48107
G1 X113.45 Y102.388 E233.48881
G1 X111.527 Y102.391 E233.56876
G1 X111.324 Y102.284 E233.5783
G1 X111.184 Y102.107 E233.58768
G1 X111.137 Y101.934 E233.59514
G1 X111.136 Y100.5 E233.65476
G1 X108.022 Y100.5 E233.78422
G1 X108.023 Y101.932 E233.84376
G1 X107.902 Y102.217 E233.85663
G1 X107.744 Y102.338 E233.8649
G1 X107.569 Y102.387 E233.87246
G1 X105.785 Y102.388 E233.94663
G1 X105.62 Y102.333 E233.95386
G1 X105.454 Y102.19 E233.96297
G1 X105.356 Y101.894 E233.97593
G1 X105.353 Y100.5 E234.03389
G1 X100.501 Y100.501 E234.23561
G1 X100.5 Y119.5 E235.0255
G1 X119.5 Y119.5 E235.81543
G1 X119.5 Y110.992 E236.16915
G1 X117.945 Y110.992 E236.2338
G1 X117.736 Y110.877 E236.24371
G0 F9000 X117 Y113.493
;MESH:NONMESH
G0 F300 X117 Y113.493 Z5.3
G0 F9000 X117.735 Y112.593
G0 X117.736 Y110.877
;TIME_ELAPSED:510.476177
;LAYER:52
;note -- min layer time used
;TYPE:WALL-OUTER
;MESH:xyzCalibration_cube.stl
G1 F600 X117.642 Y110.774 E236.24951
G1 X117.561 Y110.565 E236.25883
G1 X117.557 Y108.732 E236.33504
G1 X117.618 Y108.57 E236.34223
G1 X117.738 Y108.425 E236.35006
G1 X117.94 Y108.312 E236.35968
G1 X119.5 Y108.312 E236.42454
G1 X119.5 Y100.5 E236.74933
G1 X113.824 Y100.5 E236.98531
G1 X113.824 Y101.996 E237.0475
G1 X113.7 Y102.222 E237.05822
G1 X113.544 Y102.342 E237.0664
G1 X113.391 Y102.388 E237.07304
G1 X111.543 Y102.391 E237.14988
G1 X111.389 Y102.357 E237.15643
G1 X111.198 Y102.22 E237.1662
G1 X111.077 Y101.935 E237.17908
G1 X111.076 Y100.5 E237.23874
G1 X108.08 Y100.5 E237.3633
G1 X108.079 Y101.932 E237.42283
G1 X108.035 Y102.099 E237.43001
G1 X107.888 Y102.283 E237.4398
G1 X107.623 Y102.387 E237.45164
G1 X105.842 Y102.388 E237.52568
G1 X105.677 Y102.334 E237.5329
G1 X105.512 Y102.193 E237.54193
G1 X105.412 Y101.894 E237.55503
G1 X105.409 Y100.5 E237.61299
G1 X100.5 Y100.5 E237.81708
G1 X100.5 Y119.5 E238.60701
G1 X119.5 Y119.5 E239.39694
G1 X119.5 Y110.992 E239.75066
G1 X117.945 Y110.992 E239.81531
G1 X117.736 Y110.877 E239.82523
G0 F9000 X117 Y113.492
;MESH:NONMESH
G0 F300 X117 Y113.492 Z5.4
G0 F9000 X117.735 Y112.592
G0 X117.736 Y110.877
;TIME_ELAPSED:519.443370
;LAYER:53
;note -- min layer time used
;TYPE:WALL-OUTER
;MESH:xyzCalibration_cube.stl
G1 F600 X117.642 Y110.774 E239.83102
G1 X117.561 Y110.565 E239.84034
G1 X117.556 Y108.78 E239.91456
G1 X117.657 Y108.506 E239.9267
G1 X117.786 Y108.386 E239.93402
G1 X118.056 Y108.308 E239.94571
G1 X119.5 Y108.308 E240.00574
G1 X119.5 Y100.5 E240.33036
G1 X113.76 Y100.5 E240.569
G1 X113.76 Y101.999 E240.63132
G1 X113.637 Y102.221 E240.64187
G1 X113.484 Y102.34 E240.64993
G1 X113.327 Y102.388 E240.65676
G1 X111.488 Y102.392 E240.73321
G1 X111.264 Y102.325 E240.74294
G1 X111.059 Y102.097 E240.75568
G1 X111.017 Y101.935 E240.76264
G1 X111.016 Y100.5 E240.8223
G1 X108.14 Y100.5 E240.94187
G1 X108.139 Y101.932 E241.00141
G1 X108.017 Y102.218 E241.01433
G1 X107.851 Y102.342 E241.02295
G1 X107.681 Y102.387 E241.03026
G1 X105.898 Y102.388 E241.10439
G1 X105.734 Y102.335 E241.11155
G1 X105.569 Y102.195 E241.12055
G1 X105.468 Y101.894 E241.13375
G1 X105.465 Y100.5 E241.19171
G1 X100.5 Y100.5 E241.39813
G1 X100.5 Y119.5 E242.18805
G1 X119.5 Y119.5 E242.97798
G1 X119.5 Y110.992 E243.3317
G1 X117.945 Y110.992 E243.39635
G1 X117.736 Y110.877 E243.40627
G0 F9000 X117 Y113.492
;MESH:NONMESH
G0 F300 X117 Y113.492 Z5.5
G0 F9000 X117.736 Y112.592
G0 X117.736 Y110.873
;TIME_ELAPSED:528.409637
;LAYER:54
;note -- min layer time used
;TYPE:WALL-OUTER
;MESH:xyzCalibration_cube.stl
G1 F600 X117.642 Y110.77 E243.41207
G1 X117.556 Y110.579 E243.42078
G1 X117.556 Y108.784 E243.4954
G1 X117.654 Y108.509 E243.50754
G1 X117.926 Y108.308 E243.5216
G1 X119.5 Y108.308 E243.58704
G1 X119.5 Y100.5 E243.91166
G1 X113.695 Y100.5 E244.15301
G1 X113.692 Y102 E244.21537
G1 X113.57 Y102.22 E244.22583
G1 X113.419 Y102.338 E244.23379
G1 X113.26 Y102.388 E244.24072
G1 X111.386 Y102.388 E244.31864
G1 X111.248 Y102.348 E244.32461
G1 X111.08 Y102.223 E244.33332
G1 X110.957 Y101.935 E244.34634
G1 X110.956 Y100.5 E244.406
G1 X108.2 Y100.5 E244.52058
G1 X108.199 Y101.933 E244.58015
G1 X108.075 Y102.22 E244.59315
G1 X107.907 Y102.344 E244.60183
G1 X107.739 Y102.387 E244.60904
G1 X105.95 Y102.388 E244.68342
G1 X105.787 Y102.335 E244.69055
G1 X105.623 Y102.197 E244.69946
G1 X105.52 Y101.892 E244.71284
G1 X105.52 Y100.5 E244.77071
G1 X100.5 Y100.5 E244.97942
G1 X100.5 Y119.5 E245.76935
G1 X119.5 Y119.5 E246.55928
G1 X119.5 Y110.988 E246.91317
G1 X117.945 Y110.988 E246.97782
G1 X117.736 Y110.873 E246.98773
G0 F9000 X117 Y113.489
;MESH:NONMESH
G0 F300 X117 Y113.489 Z5.6
G0 F9000 X117.735 Y112.589
G0 X117.736 Y110.873
;TIME_ELAPSED:537.376766
;LAYER:55
;note -- min layer time used
;TYPE:WALL-OUTER
;MESH:xyzCalibration_cube.stl
G1 F600 X117.642 Y110.77 E246.99353
G1 X117.556 Y110.579 E247.00224
G1 X117.556 Y108.789 E247.07666
G1 X117.652 Y108.513 E247.08881
G1 X117.784 Y108.387 E247.0964
G1 X118.056 Y108.308 E247.10817
G1 X119.5 Y108.308 E247.16821
G1 X119.5 Y100.5 E247.49282
G1 X113.635 Y100.5 E247.73666
G1 X113.632 Y102 E247.79903
G1 X113.511 Y102.22 E247.80946
G1 X113.362 Y102.337 E247.81734
G1 X113.201 Y102.388 E247.82436
G1 X111.373 Y102.392 E247.90036
G1 X111.151 Y102.331 E247.90993
G1 X110.937 Y102.1 E247.92303
G1 X110.893 Y101.936 E247.93008
G1 X110.894 Y100.5 E247.98979
G1 X108.26 Y100.5 E248.0993
G1 X108.259 Y101.936 E248.159
G1 X108.13 Y102.229 E248.17231
G1 X108.001 Y102.331 E248.17914
G1 X107.76 Y102.392 E248.18948
G1 X106.005 Y102.388 E248.26244
G1 X105.844 Y102.336 E248.26948
G1 X105.68 Y102.199 E248.27836
G1 X105.576 Y101.892 E248.29184
G1 X105.576 Y100.5 E248.34971
G1 X100.5 Y100.5 E248.56075
G1 X100.5 Y119.5 E249.35068
G1 X119.5 Y119.5 E250.1406
G1 X119.5 Y110.988 E250.49449
G1 X117.945 Y110.988 E250.55914
G1 X117.736 Y110.873 E250.56906
G0 F9000 X117 Y113.488
;MESH:NONMESH
G0 F300 X117 Y113.488 Z5.7
G0 F9000 X117.735 Y112.588
G0 X117.736 Y110.873
;TIME_ELAPSED:546.343513
;LAYER:56
;note -- min layer time used
;TYPE:WALL-OUTER
;MESH:xyzCalibration_cube.stl
G1 F600 X117.642 Y110.77 E250.57486
G1 X117.556 Y110.578 E250.5836
G1 X117.562 Y108.725 E250.66064
G1 X117.708 Y108.448 E250.67366
G1 X117.934 Y108.308 E250.68471
G1 X119.5 Y108.308 E250.74982
G1 X119.5 Y100.5 E251.07444
G1 X113.571 Y100.5 E251.32094
G1 X113.568 Y102 E251.3833
G1 X113.448 Y102.219 E251.39368
G1 X113.325 Y102.322 E251.40035
G1 X113.138 Y102.388 E251.4086
G1 X111.27 Y102.389 E251.48626
G1 X111.137 Y102.353 E251.49199
G1 X110.968 Y102.236 E251.50053
G1 X110.879 Y102.106 E251.50708
G1 X110.833 Y101.936 E251.51441
G1 X110.832 Y100.5 E251.57411
G1 X108.318 Y100.5 E251.67863
G1 X108.319 Y101.936 E251.73833
G1 X108.273 Y102.106 E251.74565
G1 X108.184 Y102.236 E251.7522
G1 X108.015 Y102.353 E251.76075
G1 X107.888 Y102.388 E251.76622
G1 X106.062 Y102.388 E251.84214
G1 X105.901 Y102.336 E251.84917
G1 X105.675 Y102.098 E251.86282
G1 X105.632 Y101.892 E251.87157
G1 X105.632 Y100.5 E251.92944
G1 X100.5 Y100.5 E252.14281
G1 X100.5 Y119.5 E252.93273
G1 X119.5 Y119.5 E253.72266
G1 X119.5 Y110.988 E254.07655
G1 X117.945 Y110.988 E254.1412
G1 X117.736 Y110.873 E254.15112
G0 F9000 X117 Y113.487
;MESH:NONMESH
G0 F300 X117 Y113.487 Z5.8
G0 F9000 X117.735 Y112.587
G0 X117.736 Y110.869
;TIME_ELAPSED:555.312093
;LAYER:57
;note -- min layer time used
;TYPE:WALL-OUTER
;MESH:xyzCalibration_cube.stl
G1 F600 X117.642 Y110.766 E254.15691
G1 X117.556 Y110.572 E254.16574
G1 X117.556 Y108.697 E254.24369
G1 X117.647 Y108.516 E254.25211
G1 X117.782 Y108.385 E254.25993
G1 X118.056 Y108.304 E254.27181
G1 X119.5 Y108.304 E254.33185
G1 X119.5 Y100.5 E254.6563
G1 X113.508 Y100.5 E254.90542
G1 X113.508 Y101.892 E254.96329
G1 X113.443 Y102.14 E254.97395
G1 X113.324 Y102.28 E254.98159
G1 X113.078 Y102.388 E254.99276
G1 X111.146 Y102.389 E255.07308
G1 X110.914 Y102.242 E255.0845
G1 X110.822 Y102.112 E255.09112
G1 X110.773 Y101.936 E255.09872
G1 X110.772 Y100.5 E255.15842
G1 X108.376 Y100.5 E255.25803
G1 X108.375 Y101.936 E255.31774
G1 X108.326 Y102.112 E255.32533
G1 X108.234 Y102.242 E255.33195
G1 X108.003 Y102.388 E255.34331
G1 X106.118 Y102.388 E255.42168
G1 X105.958 Y102.337 E255.42866
G1 X105.733 Y102.101 E255.44222
G1 X105.688 Y101.892 E255.45111
G1 X105.688 Y100.5 E255.50898
G1 X100.5 Y100.5 E255.72467
G1 X100.5 Y119.5 E256.5146
G1 X119.5 Y119.5 E257.30453
G1 X119.5 Y110.987 E257.65846
G1 X117.944 Y110.984 E257.72315
G1 X117.736 Y110.869 E257.73303
G0 F9000 X117 Y113.486
;MESH:NONMESH
G0 F300 X117 Y113.486 Z5.9
G0 F9000 X117.735 Y112.586
G0 X117.736 Y110.869
;TIME_ELAPSED:564.280371
;LAYER:58
;note -- min layer time used
;TYPE:WALL-OUTER
;MESH:xyzCalibration_cube.stl
G1 F600 X117.642 Y110.766 E257.73883
G1 X117.556 Y110.572 E257.74765
G1 X117.561 Y108.732 E257.82415
G1 X117.644 Y108.519 E257.83365
G1 X117.781 Y108.385 E257.84162
G1 X118.056 Y108.304 E257.85354
G1 X119.5 Y108.304 E257.91358
G1 X119.5 Y100.5 E258.23803
G1 X113.443 Y100.5 E258.48985
G1 X113.44 Y102.003 E258.55234
G1 X113.321 Y102.217 E258.56252
G1 X113.202 Y102.319 E258.56903
G1 X113.011 Y102.387 E258.57746
G1 X111.158 Y102.39 E258.6545
G1 X111.028 Y102.358 E258.66007
G1 X110.861 Y102.249 E258.66836
G1 X110.766 Y102.119 E258.67505
G1 X110.713 Y101.936 E258.68297
G1 X110.712 Y100.5 E258.74267
G1 X108.436 Y100.5 E258.8373
G1 X108.435 Y101.936 E258.897
G1 X108.382 Y102.119 E258.90492
G1 X108.287 Y102.249 E258.91162
G1 X107.997 Y102.389 E258.92501
G1 X106.174 Y102.388 E259.0008
G1 X106.015 Y102.337 E259.00774
G1 X105.79 Y102.104 E259.02121
G1 X105.744 Y101.894 E259.03014
G1 X105.741 Y100.5 E259.0881
G1 X100.5 Y100.5 E259.30599
G1 X100.5 Y119.5 E260.09592
G1 X119.5 Y119.5 E260.88585
G1 X119.5 Y110.984 E261.2399
G1 X117.945 Y110.984 E261.30455
G1 X117.736 Y110.869 E261.31447
G0 F9000 X117 Y113.485
;MESH:NONMESH
G0 F300 X117 Y113.485 Z6
G0 F9000 X117.735 Y112.585
G0 X117.736 Y110.869
;TIME_ELAPSED:573.247438
;LAYER:59
;note -- min layer time used
;TYPE:WALL-OUTER
;MESH:xyzCalibration_cube.stl
G1 F600 X117.642 Y110.766 E261.32027
G1 X117.556 Y110.572 E261.32909
G1 X117.56 Y108.737 E261.40538
G1 X117.702 Y108.449 E261.41873
G1 X117.884 Y108.334 E261.42768
G1 X118.056 Y108.304 E261.43494
G1 X119.5 Y108.304 E261.49498
G1 X119.5 Y100.5 E261.81943
G1 X113.38 Y100.5 E262.07387
G1 X113.38 Y101.892 E262.13174
G1 X113.312 Y102.145 E262.14263
G1 X113.121 Y102.331 E262.15372
G1 X112.952 Y102.387 E262.16112
G1 X111.098 Y102.39 E262.2382
G1 X110.934 Y102.345 E262.24527
G1 X110.706 Y102.126 E262.25841
G1 X110.649 Y101.936 E262.26666
G1 X110.65 Y100.5 E262.32636
G1 X108.496 Y100.5 E262.41592
G1 X108.495 Y101.936 E262.47562
G1 X108.438 Y102.126 E262.48387
G1 X108.34 Y102.256 E262.49063
G1 X108.064 Y102.392 E262.50343
G1 X106.231 Y102.388 E262.57963
G1 X106.072 Y102.338 E262.58656
G1 X105.848 Y102.107 E262.59994
G1 X105.8 Y101.894 E262.60902
G1 X105.797 Y100.5 E262.66697
G1 X100.5 Y100.5 E262.8872
G1 X100.5 Y119.5 E263.67713
G1 X119.5 Y119.5 E264.46705
G1 X119.5 Y110.984 E264.82111
G1 X117.945 Y110.984 E264.88576
G1 X117.736 Y110.869 E264.89568
G0 F9000 X117 Y113.484
;MESH:NONMESH
G0 F300 X117 Y113.484 Z6.1
G0 F9000 X117.735 Y112.584
G0 X117.736 Y110.869
;TIME_ELAPSED:582.213891
;LAYER:60
;note -- min layer time used
;TYPE:WALL-OUTER
;MESH:xyzCalibration_cube.stl
G1 F600 X117.642 Y110.766 E264.90147
G1 X117.556 Y110.572 E264.9103
G1 X117.56 Y108.739 E264.9865
G1 X117.598 Y108.601 E264.99245
G1 X117.7 Y108.452 E264.99996
G1 X117.883 Y108.334 E265.00901
G1 X118.056 Y108.304 E265.01631
G1 X119.5 Y108.304 E265.07635
G1 X119.5 Y100.5 E265.4008
G1 X113.319 Y100.5 E265.65778
G1 X113.316 Y101.894 E265.71573
G1 X113.247 Y102.148 E265.72668
G1 X113.143 Y102.271 E265.73337
G1 X112.888 Y102.387 E265.74502
G1 X110.993 Y102.39 E265.8238
G1 X110.751 Y102.263 E265.83517
G1 X110.649 Y102.134 E265.842
G1 X110.589 Y101.936 E265.85061
G1 X110.588 Y100.5 E265.91031
G1 X108.556 Y100.5 E265.99479
G1 X108.555 Y101.936 E266.05449
G1 X108.495 Y102.134 E266.06309
G1 X108.393 Y102.263 E266.06993
G1 X108.111 Y102.39 E266.08279
G1 X106.287 Y102.388 E266.15862
G1 X106.129 Y102.338 E266.16551
G1 X105.905 Y102.11 E266.1788
G1 X105.856 Y101.894 E266.18801
G1 X105.853 Y100.5 E266.24596
G1 X100.5 Y100.5 E266.46852
G1 X100.5 Y119.5 E267.25844
G1 X119.5 Y119.5 E268.04837
G1 X119.5 Y110.984 E268.40243
G1 X117.945 Y110.984 E268.46708
G1 X117.736 Y110.869 E268.47699
G0 F9000 X117 Y113.483
;MESH:NONMESH
G0 F300 X117 Y113.483 Z6.2
G0 F9000 X117.735 Y112.583
G0 X117.736 Y110.865
;TIME_ELAPSED:591.180675
;LAYER:61
;note -- min layer time used
;TYPE:WALL-OUTER
;MESH:xyzCalibration_cube.stl
G1 F600 X117.642 Y110.762 E268.48279
G1 X117.556 Y110.568 E268.49161
G1 X117.559 Y108.738 E268.5677
G1 X117.608 Y108.577 E268.57469
G1 X117.778 Y108.383 E268.58542
G1 X118.056 Y108.3 E268.59748
G1 X119.5 Y108.3 E268.65751
G1 X119.5 Y100.5 E268.9818
G1 X113.255 Y100.5 E269.24144
G1 X113.252 Y102.013 E269.30434
G1 X113.083 Y102.268 E269.31706
G1 X112.831 Y102.39 E269.3287
G1 F580.3 X110.88 Y102.39 E269.41257
G1 F545.5 X110.536 Y102.175 E269.43112
G1 F462.2 X110.3 Y101.956 E269.4485
G1 F411.2 X110.3 Y100.728 E269.52298
G1 F412.1 X108.842 Y100.728 E269.61124
G1 F411.2 X108.844 Y101.956 E269.68573
G1 F462.2 X108.608 Y102.175 E269.7031
G1 F545.5 X108.316 Y102.357 E269.71884
G1 F580.3 X108.167 Y102.39 E269.7254
G1 F600 X106.343 Y102.388 E269.80123
G1 X106.186 Y102.339 E269.80807
G1 X105.962 Y102.112 E269.82133
G1 X105.912 Y101.894 E269.83063
G1 X105.909 Y100.5 E269.88858
G1 X100.5 Y100.5 E270.11346
G1 X100.501 Y119.499 E270.90335
G1 X119.5 Y119.5 E271.69324
G1 X119.5 Y110.983 E272.04733
G1 X117.944 Y110.98 E272.11203
G1 X117.736 Y110.865 E272.12191
G0 F9000 X117 Y113.482
;MESH:NONMESH
G0 F300 X117 Y113.482 Z6.3
G0 F9000 X117.735 Y112.582
G0 X117.736 Y110.865
;TIME_ELAPSED:600.297741
;LAYER:62
;note -- min layer time used
;TYPE:WALL-OUTER
;MESH:xyzCalibration_cube.stl
G1 F600 X117.642 Y110.762 E272.1277
G1 X117.556 Y110.568 E272.13653
G1 X117.559 Y108.741 E272.21248
G1 X117.673 Y108.477 E272.22444
G1 X117.882 Y108.331 E272.23504
G1 X118.056 Y108.3 E272.24239
G1 X119.5 Y108.3 E272.30242
G1 X119.5 Y100.5 E272.62671
G1 X113.191 Y100.5 E272.88901
G1 X113.188 Y102.008 E272.9517
G1 X113.072 Y102.214 E272.96153
G1 X112.967 Y102.308 E272.96739
G1 X112.736 Y102.39 E272.97758
G1 X110.924 Y102.391 E273.05291
G1 X110.724 Y102.329 E273.06162
G1 F567.6 X110.49 Y102.179 E273.07383
G1 F476.9 X110.27 Y101.953 E273.09033
G1 F428.9 X110.27 Y100.698 E273.16333
G1 F429.5 X108.871 Y100.698 E273.24458
G1 F428.9 X108.874 Y101.953 E273.31758
G1 F476.9 X108.654 Y102.179 E273.33407
G1 F552.5 X108.331 Y102.386 E273.35139
G1 F583.7 X106.396 Y102.388 E273.43409
G1 F600 X106.239 Y102.34 E273.44092
G1 X106.016 Y102.115 E273.45409
G1 X105.964 Y101.892 E273.46361
G1 X105.964 Y100.5 E273.52148
G1 X100.5 Y100.5 E273.74865
G1 X100.501 Y119.499 E274.53854
G1 X119.5 Y119.5 E275.32842
G1 X119.5 Y110.98 E275.68264
G1 X117.945 Y110.98 E275.74729
G1 X117.736 Y110.865 E275.75721
G0 F9000 X117 Y113.481
;MESH:NONMESH
G0 F300 X117 Y113.481 Z6.4
G0 F9000 X117.735 Y112.581
G0 X117.736 Y110.865
;TIME_ELAPSED:609.391592
;LAYER:63
;note -- min layer time used
;TYPE:WALL-OUTER
;MESH:xyzCalibration_cube.stl
G1 F600 X117.642 Y110.762 E275.76301
G1 X117.556 Y110.568 E275.77183
G1 X117.559 Y108.743 E275.8477
G1 X117.671 Y108.479 E275.85963
G1 X117.881 Y108.331 E275.87031
G1 X118.056 Y108.3 E275.8777
G1 X119.5 Y108.3 E275.93773
G1 X119.5 Y100.5 E276.26202
G1 X113.128 Y100.5 E276.52694
G1 X113.128 Y102.013 E276.58984
G1 X112.965 Y102.262 E276.60221
G1 X112.749 Y102.39 E276.61265
G1 X110.862 Y102.391 E276.6911
G1 X110.669 Y102.334 E276.69947
G1 F573.1 X110.44 Y102.183 E276.71141
G1 F492.6 X110.236 Y101.95 E276.72709
G1 F448.4 X110.238 Y100.669 E276.79835
G1 F449.1 X108.901 Y100.669 E276.87261
G1 F448.4 X108.9 Y101.95 E276.94387
G1 F492.6 X108.696 Y102.183 E276.95955
G1 F573.1 X108.467 Y102.334 E276.97149
G1 F600 X108.277 Y102.391 E276.97974
G1 X106.452 Y102.388 E277.05562
G1 X106.297 Y102.34 E277.06236
G1 X106.073 Y102.118 E277.07547
G1 X106.02 Y101.892 E277.08513
G1 X106.02 Y100.5 E277.143
G1 X100.5 Y100.5 E277.37249
G1 X100.501 Y119.499 E278.16238
G1 X119.5 Y119.5 E278.95227
G1 X119.5 Y110.98 E279.30649
G1 X117.945 Y110.98 E279.37114
G1 X117.736 Y110.865 E279.38105
G0 F9000 X117 Y113.48
;MESH:NONMESH
G0 F300 X117 Y113.48 Z6.5
G0 F9000 X117.735 Y112.58
G0 X117.736 Y110.865
;TIME_ELAPSED:618.457823
;LAYER:64
;note -- min layer time used
;TYPE:WALL-OUTER
;MESH:xyzCalibration_cube.stl
G1 F600 X117.642 Y110.762 E279.38685
G1 X117.556 Y110.568 E279.39567
G1 X117.558 Y108.742 E279.47159
G1 X117.63 Y108.532 E279.48082
G1 X117.718 Y108.426 E279.48655
G1 X117.88 Y108.327 E279.49444
G1 X118.056 Y108.296 E279.50187
G1 X119.5 Y108.296 E279.5619
G1 X119.5 Y100.5 E279.88602
G1 X113.064 Y100.5 E280.1536
G1 X113.064 Y101.892 E280.21148
G1 X112.989 Y102.157 E280.22293
G1 X112.841 Y102.309 E280.23175
G1 X112.612 Y102.39 E280.24184
G1 F588.8 X110.688 Y102.386 E280.32336
G1 F567.6 X110.394 Y102.188 E280.33893
G1 F509.3 X110.206 Y101.948 E280.35386
G1 F469.5 X110.206 Y100.638 E280.42347
G1 F470.2 X108.93 Y100.638 E280.49116
G1 F469.5 X108.93 Y101.948 E280.56076
G1 F509.3 X108.742 Y102.188 E280.57569
G1 F578 X108.519 Y102.338 E280.58729
G1 F600 X108.334 Y102.391 E280.59529
G1 X106.508 Y102.388 E280.67121
G1 X106.354 Y102.341 E280.6779
G1 X106.195 Y102.216 E280.68631
G1 X106.076 Y101.993 E280.69682
G1 X106.076 Y100.5 E280.75889
G1 X100.5 Y100.5 E280.99072
G1 X100.501 Y119.499 E281.7806
G1 X119.5 Y119.5 E282.57049
G1 X119.5 Y110.98 E282.92471
G1 X117.945 Y110.98 E282.98936
G1 X117.736 Y110.865 E282.99928
G0 F9000 X117 Y113.479
;MESH:NONMESH
G0 F300 X117 Y113.479 Z6.6
G0 F9000 X117.735 Y112.579
G0 X117.736 Y110.861
;TIME_ELAPSED:627.510632
;LAYER:65
;note -- min layer time used
;TYPE:WALL-OUTER
;MESH:xyzCalibration_cube.stl
G1 F600 X117.642 Y110.758 E283.00507
G1 X117.556 Y110.564 E283.0139
G1 X117.558 Y108.744 E283.08956
G1 X117.667 Y108.48 E283.10144
G1 X117.879 Y108.327 E283.11231
G1 X118.056 Y108.296 E283.11978
G1 X119.5 Y108.296 E283.17981
G1 X119.5 Y100.5 E283.50393
G1 X113.003 Y100.5 E283.77405
G1 X113 Y102.016 E283.83708
G1 X112.844 Y102.256 E283.84898
G1 X112.725 Y102.339 E283.85501
G1 X112.549 Y102.39 E283.86263
G1 X110.726 Y102.392 E283.93842
G1 X110.533 Y102.325 E283.94691
G1 F574.7 X110.312 Y102.164 E283.95878
G1 F519.5 X110.176 Y101.945 E283.97116
G1 F492.6 X110.176 Y100.608 E284.03886
G1 F493.4 X108.96 Y100.608 E284.10034
G1 F492.6 X108.96 Y101.945 E284.16804
G1 F519.5 X108.824 Y102.164 E284.18042
G1 F574.7 X108.603 Y102.325 E284.19229
G1 F600 X108.39 Y102.391 E284.20156
G1 X106.565 Y102.388 E284.27743
G1 X106.411 Y102.341 E284.28413
G1 X106.252 Y102.218 E284.29249
G1 X106.132 Y101.993 E284.30309
G1 X106.132 Y100.5 E284.36516
G1 X100.5 Y100.5 E284.59931
G1 X100.501 Y119.499 E285.3892
G1 X119.5 Y119.5 E286.17908
G1 X119.5 Y110.976 E286.53347
G1 X117.945 Y110.976 E286.59812
G1 X117.736 Y110.861 E286.60804
G0 F9000 X117 Y113.477
;MESH:NONMESH
G0 F300 X117 Y113.477 Z6.7
G0 F9000 X117.735 Y112.577
G0 X117.736 Y110.861
;TIME_ELAPSED:636.540894
;LAYER:66
;note -- min layer time used
;TYPE:WALL-OUTER
;MESH:xyzCalibration_cube.stl
G1 F600 X117.642 Y110.758 E286.61383
G1 X117.556 Y110.564 E286.62266
G1 X117.558 Y108.747 E286.6982
G1 X117.626 Y108.54 E286.70726
G1 X117.715 Y108.429 E286.71317
G1 X117.878 Y108.328 E286.72115
G1 X118.056 Y108.296 E286.72866
G1 X119.5 Y108.296 E286.7887
G1 X119.5 Y100.5 E287.11282
G1 X112.936 Y100.5 E287.38572
G1 X112.936 Y101.892 E287.44359
G1 X112.858 Y102.162 E287.45528
G1 X112.717 Y102.306 E287.46365
G1 X112.485 Y102.39 E287.47391
G1 X110.642 Y102.386 E287.55054
G1 X110.483 Y102.331 E287.55753
G1 F581.4 X110.268 Y102.168 E287.56911
G1 F539.6 X110.146 Y101.943 E287.58094
G1 F518.1 X110.146 Y100.578 E287.64666
G1 F519 X108.99 Y100.578 E287.70221
G1 F518.1 X108.99 Y101.943 E287.76793
G1 F539.6 X108.868 Y102.168 E287.77976
G1 F581.4 X108.653 Y102.331 E287.79134
G1 F600 X108.447 Y102.391 E287.80026
G1 X106.621 Y102.388 E287.87618
G1 X106.468 Y102.342 E287.88282
G1 X106.31 Y102.22 E287.89112
G1 X106.188 Y101.997 E287.90169
G1 X106.185 Y100.5 E287.96392
G1 X100.5 Y100.5 E288.20028
G1 X100.501 Y119.499 E288.99017
G1 X119.5 Y119.5 E289.78005
G1 X119.5 Y110.976 E290.13444
G1 X117.945 Y110.976 E290.19909
G1 X117.736 Y110.861 E290.20901
G0 F9000 X117 Y113.476
;MESH:NONMESH
G0 F300 X117 Y113.476 Z6.8
G0 F9000 X117.735 Y112.576
G0 X117.736 Y110.861
;TIME_ELAPSED:645.552750
;LAYER:67
;note -- min layer time used
;TYPE:WALL-OUTER
;MESH:xyzCalibration_cube.stl
G1 F600 X117.642 Y110.758 E290.2148
G1 X117.556 Y110.564 E290.22363
G1 X117.558 Y108.749 E290.29909
G1 X117.624 Y108.543 E290.30808
G1 X117.713 Y108.431 E290.31403
G1 X117.878 Y108.328 E290.32211
G1 X118.056 Y108.296 E290.32963
G1 X119.5 Y108.296 E290.38967
G1 X119.5 Y100.5 E290.71379
G1 X112.875 Y100.5 E290.98922
G1 X112.872 Y101.894 E291.04718
G1 X112.792 Y102.164 E291.05889
G1 X112.656 Y102.305 E291.06703
G1 X112.421 Y102.39 E291.07742
G1 X110.586 Y102.387 E291.15371
G1 X110.432 Y102.336 E291.16045
G1 F588.2 X110.226 Y102.172 E291.17162
G1 F560.7 X110.116 Y101.94 E291.18304
G1 F546.4 X110.116 Y100.548 E291.24659
G1 F546.9 X109.017 Y100.548 E291.29671
G1 F546.4 X109.02 Y101.94 E291.36025
G1 F560.7 X108.91 Y102.172 E291.37168
G1 F588.2 X108.704 Y102.336 E291.38284
G1 F600 X108.504 Y102.392 E291.39148
G1 X106.677 Y102.388 E291.46744
G1 X106.525 Y102.342 E291.47404
G1 X106.367 Y102.222 E291.48229
G1 X106.244 Y101.997 E291.49295
G1 X106.241 Y100.5 E291.55519
G1 X100.5 Y100.5 E291.79387
G1 X100.501 Y119.499 E292.58376
G1 X119.5 Y119.5 E293.37364
G1 X119.5 Y110.976 E293.72803
G1 X117.945 Y110.976 E293.79268
G1 X117.736 Y110.861 E293.8026
G0 F9000 X117 Y113.475
;MESH:NONMESH
G0 F300 X117 Y113.475 Z6.9
G0 F9000 X117.735 Y112.575
G0 X117.736 Y110.857
;TIME_ELAPSED:654.547524
;LAYER:68
;note -- min layer time used
;TYPE:WALL-OUTER
;MESH:xyzCalibration_cube.stl
G1 F600 X117.642 Y110.754 E293.80839
G1 X117.556 Y110.561 E293.81718
G1 X117.556 Y108.728 E293.89339
G1 X117.661 Y108.484 E293.90443
G1 X117.877 Y108.325 E293.91558
G1 X118.056 Y108.292 E293.92315
G1 X119.5 Y108.292 E293.98318
G1 X119.5 Y100.5 E294.30714
G1 X112.812 Y100.5 E294.58519
G1 X112.812 Y101.892 E294.64306
G1 X112.731 Y102.167 E294.65498
G1 X112.598 Y102.303 E294.66289
G1 X112.361 Y102.39 E294.67339
G1 X110.519 Y102.386 E294.74997
G1 X110.303 Y102.295 E294.75971
G1 F595.2 X110.18 Y102.177 E294.76686
G1 F583.7 X110.082 Y101.937 E294.77794
G1 F578 X110.084 Y100.519 E294.83913
G1 F579.2 X109.047 Y100.519 E294.88379
G1 F578 X109.046 Y101.937 E294.94499
G1 F583.7 X108.948 Y102.177 E294.95607
G1 F595.2 X108.702 Y102.362 E294.96897
G1 F600 X108.556 Y102.392 E294.97516
G1 X106.733 Y102.388 E295.05096
G1 X106.582 Y102.343 E295.05751
G1 X106.425 Y102.223 E295.06572
G1 X106.3 Y102 E295.07635
G1 X106.297 Y100.5 E295.13871
G1 X100.5 Y100.5 E295.37972
G1 X100.501 Y119.499 E296.16961
G1 X119.5 Y119.5 E296.9595
G1 X119.5 Y110.975 E297.31393
G1 X117.944 Y110.972 E297.37862
G1 X117.736 Y110.857 E297.3885
G0 F9000 X117 Y113.474
;MESH:NONMESH
G0 F300 X117 Y113.474 Z7
G0 F9000 X117.735 Y112.574
G0 X117.736 Y110.857
;TIME_ELAPSED:663.524718
;LAYER:69
;note -- min layer time used
;TYPE:WALL-OUTER
;MESH:xyzCalibration_cube.stl
G1 F600 X117.642 Y110.754 E297.3943
G1 X117.556 Y110.561 E297.40308
G1 X117.556 Y108.731 E297.47916
G1 X117.659 Y108.487 E297.49017
G1 X117.876 Y108.325 E297.50143
G1 X118.056 Y108.292 E297.50904
G1 X119.5 Y108.292 E297.56908
G1 X119.5 Y100.5 E297.89303
G1 X112.748 Y100.5 E298.17375
G1 X112.748 Y101.892 E298.23162
G1 X112.718 Y102.064 E298.23888
G1 X112.603 Y102.246 E298.24783
G1 X112.481 Y102.335 E298.25411
G1 X112.298 Y102.39 E298.26205
G1 X110.463 Y102.387 E298.33834
G1 X110.254 Y102.303 E298.34771
G1 F602.4 X110.137 Y102.182 E298.35468
G1 F608.5 X110.052 Y101.935 E298.36538
G1 F613.5 X110.052 Y100.488 E298.42422
G1 F614.8 X109.076 Y100.488 E298.46382
G1 F613.5 X109.076 Y101.935 E298.52266
G1 F608.5 X108.991 Y102.182 E298.53337
G1 F602.4 X108.874 Y102.303 E298.54034
G1 F600 X108.674 Y102.392 E298.54944
G1 X106.79 Y102.388 E298.62777
G1 X106.639 Y102.343 E298.63432
G1 X106.482 Y102.225 E298.64248
G1 X106.356 Y102 E298.6532
G1 X106.353 Y100.5 E298.71557
G1 X100.501 Y100.501 E298.95886
G1 X100.501 Y119.499 E299.74871
G1 X119.5 Y119.5 E300.53859
G1 X119.5 Y110.972 E300.89315
G1 X117.945 Y110.972 E300.9578
G1 X117.736 Y110.857 E300.96772
G0 F9000 X117 Y113.473
;MESH:NONMESH
G0 F300 X117 Y113.473 Z7.1
G0 F9000 X117.739 Y112.573
G0 X117.74 Y110.857
;TIME_ELAPSED:672.487138
;LAYER:70
;note -- min layer time used
;TYPE:WALL-OUTER
;MESH:xyzCalibration_cube.stl
G1 F600 X117.646 Y110.754 E300.97351
G1 X117.56 Y110.56 E300.98234
G1 X117.566 Y108.712 E301.05917
G1 X117.621 Y108.55 E301.06628
G1 X117.712 Y108.432 E301.07247
G1 X117.878 Y108.325 E301.08069
G1 X118.06 Y108.292 E301.08838
G1 X119.5 Y108.292 E301.14824
G1 X119.5 Y100.5 E301.4722
G1 X112.683 Y100.5 E301.75562
G1 X112.68 Y101.894 E301.81357
G1 X112.649 Y102.067 E301.82088
G1 X112.48 Y102.293 E301.83261
G1 X112.23 Y102.39 E301.84376
G1 X110.399 Y102.386 E301.91988
G1 X110.207 Y102.311 E301.92845
G1 F609.8 X110.096 Y102.187 E301.93526
G1 F635.6 X110.022 Y101.932 E301.94568
G1 F653.6 X110.022 Y100.458 E302.00194
G1 F655 X109.106 Y100.458 E302.03682
G1 F653.6 X109.106 Y101.932 E302.09308
G1 F635.6 X109.032 Y102.187 E302.1035
G1 F609.8 X108.921 Y102.311 E302.11031
G1 F600 X108.729 Y102.386 E302.11888
G1 X106.842 Y102.388 E302.19733
G1 X106.691 Y102.343 E302.20388
G1 X106.535 Y102.227 E302.21196
G1 X106.408 Y102.001 E302.22274
G1 X106.408 Y100.5 E302.28515
G1 X100.5 Y100.5 E302.53077
G1 X100.501 Y119.499 E303.32066
G1 X119.5 Y119.5 E304.11055
G1 X119.5 Y110.972 E304.4651
G1 X117.949 Y110.972 E304.52958
G1 X117.74 Y110.857 E304.5395
G0 F9000 X117 Y113.472
;MESH:NONMESH
G0 F300 X117 Y113.472 Z7.2
G0 F9000 X116.129 Y112.597
G0 X110.16 Y103.995
G0 X110.16 Y102.32
;TIME_ELAPSED:681.630133
;LAYER:71
;note -- min layer time used
;TYPE:WALL-OUTER
;MESH:xyzCalibration_cube.stl
G1 F616 X110.054 Y102.193 E304.5462
G1 F664.5 X109.992 Y101.929 E304.55638
G1 F699.3 X109.992 Y100.428 E304.60992
G1 F700.9 X109.136 Y100.428 E304.64039
G1 F699.3 X109.136 Y101.929 E304.69393
G1 F664.5 X109.074 Y102.193 E304.70411
G1 F616 X108.968 Y102.32 E304.71081
G1 F600 X108.739 Y102.392 E304.72079
G1 X106.898 Y102.388 E304.79733
G1 X106.749 Y102.344 E304.80379
G1 X106.593 Y102.228 E304.81187
G1 X106.464 Y102.001 E304.82273
G1 X106.464 Y100.5 E304.88513
G1 X100.501 Y100.501 E305.13304
G1 X100.501 Y119.499 E305.92289
G1 X119.5 Y119.5 E306.71277
G1 X119.5 Y110.972 E307.06733
G1 X117.949 Y110.972 E307.13181
G1 X117.74 Y110.857 E307.14173
G1 X117.646 Y110.754 E307.14753
G1 X117.56 Y110.56 E307.15635
G1 X117.565 Y108.717 E307.23297
G1 X117.659 Y108.492 E307.24311
G1 X117.878 Y108.326 E307.25453
G1 X118.06 Y108.292 E307.26223
G1 X119.5 Y108.292 E307.3221
G1 X119.5 Y100.5 E307.64605
G1 X112.623 Y100.5 E307.93197
G1 X112.62 Y101.894 E307.98992
G1 X112.589 Y102.068 E307.99727
G1 X112.423 Y102.291 E308.00883
G1 X112.17 Y102.39 E308.02012
G1 X110.343 Y102.392 E308.09608
G1 X110.16 Y102.32 E308.10426
G0 F9000 X110.16 Y104.895
G1 F3600 E304.10426
;MESH:NONMESH
G0 F300 X110.16 Y104.895 Z7.3
G0 F9000 X109.562 Y102.915
G0 X109.562 Y100.796
;TIME_ELAPSED:690.738859
;LAYER:72
;note -- min layer time used
;TYPE:WALL-OUTER
;MESH:xyzCalibration_cube.stl
G1 F3600 E308.10426
G1 F376.6 X109.562 Y101.961 E308.18141
G1 F3600 E304.18141
G0 F9000 X109.562 Y103.995
G0 X116.032 Y112.498
G0 X117.738 Y112.57
G0 X117.739 Y110.853
G1 F3600 E308.18141
G1 F600 X117.646 Y110.75 E308.18718
G1 X117.56 Y110.557 E308.19597
G1 X117.564 Y108.719 E308.27238
G1 X117.657 Y108.491 E308.28262
G1 X117.877 Y108.322 E308.29415
G1 X118.06 Y108.288 E308.30189
G1 X119.5 Y108.288 E308.36176
G1 X119.5 Y100.5 E308.68555
G1 X112.559 Y100.5 E308.97412
G1 X112.556 Y101.894 E309.03208
G1 X112.524 Y102.07 E309.03952
G1 X112.416 Y102.24 E309.04789
G1 X112.295 Y102.332 E309.05421
G1 X112.106 Y102.39 E309.06243
G1 X110.286 Y102.388 E309.13809
G1 F541.5 X109.9 Y102.296 E309.15637
G1 F426.7 X109.562 Y101.961 E309.18419
G1 X109.224 Y102.296 E309.21201
G1 F541.5 X108.831 Y102.389 E309.23061
G1 F600 X106.955 Y102.388 E309.30861
G1 X106.806 Y102.344 E309.31507
G1 X106.65 Y102.23 E309.3231
G1 X106.52 Y102.004 E309.33394
G1 X106.52 Y100.5 E309.39647
G1 X100.5 Y100.5 E309.64675
G1 X100.5 Y119.5 E310.43668
G1 X119.5 Y119.5 E311.22661
G1 X119.5 Y110.971 E311.5812
G1 X117.947 Y110.968 E311.64577
G1 X117.739 Y110.853 E311.65565
G0 F9000 X117 Y113.47
G1 F3600 E307.65565
;MESH:NONMESH
G0 F300 X117 Y113.47 Z7.4
G0 F9000 X109.56 Y102.915
G0 X109.56 Y100.736
;TIME_ELAPSED:701.044370
;LAYER:73
;note -- min layer time used
;TYPE:WALL-OUTER
;MESH:xyzCalibration_cube.stl
G1 F3600 E311.65565
G1 F406.8 X109.56 Y101.956 E311.73046
G1 F3600 E307.73046
G0 F9000 X109.56 Y103.995
G0 X116.032 Y112.497
G0 X117.738 Y112.569
G0 X117.739 Y110.853
G1 F3600 E311.73046
G1 F600 X117.646 Y110.75 E311.73623
G1 X117.56 Y110.557 E311.74502
G1 X117.564 Y108.724 E311.82123
G1 X117.655 Y108.493 E311.83155
G1 X117.876 Y108.322 E311.84317
G1 X118.06 Y108.288 E311.85095
G1 X119.5 Y108.288 E311.91081
G1 X119.5 Y100.5 E312.2346
G1 X112.496 Y100.5 E312.52579
G1 X112.496 Y101.892 E312.58367
G1 X112.463 Y102.071 E312.59123
G1 X112.358 Y102.238 E312.59943
G1 X112.237 Y102.331 E312.60578
G1 X112.047 Y102.39 E312.61405
G1 X110.222 Y102.387 E312.68993
G1 F552.5 X109.873 Y102.297 E312.7062
G1 F453.2 X109.56 Y101.956 E312.73168
G1 X109.247 Y102.297 E312.75716
G1 F552.5 X108.899 Y102.392 E312.77344
G1 F600 X107.011 Y102.388 E312.85194
G1 X106.862 Y102.345 E312.85839
G1 X106.708 Y102.231 E312.86635
G1 X106.576 Y102.005 E312.87723
G1 X106.576 Y100.5 E312.9398
G1 X100.5 Y100.5 E313.19241
G1 X100.5 Y119.5 E313.98234
G1 X119.5 Y119.5 E314.77227
G1 X119.5 Y110.968 E315.12699
G1 X117.949 Y110.968 E315.19147
G1 X117.739 Y110.853 E315.20143
G0 F9000 X117 Y113.469
G1 F3600 E311.20143
;MESH:NONMESH
G0 F300 X117 Y113.469 Z7.5
G0 F9000 X109.56 Y102.915
G0 X109.56 Y100.676
;TIME_ELAPSED:711.338572
;LAYER:74
;note -- min layer time used
;TYPE:WALL-OUTER
;MESH:xyzCalibration_cube.stl
G1 F3600 E315.20143
G1 F442.8 X109.56 Y101.951 E315.27325
G1 F3600 E311.27325
G0 F9000 X109.56 Y103.995
G0 X116.032 Y112.496
G0 X117.738 Y112.568
G0 X117.739 Y110.853
G1 F3600 E315.27325
G1 F600 X117.646 Y110.75 E315.27902
G1 X117.56 Y110.557 E315.28781
G1 X117.563 Y108.729 E315.36381
G1 X117.653 Y108.496 E315.37419
G1 X117.875 Y108.323 E315.38589
G1 X118.06 Y108.288 E315.39372
G1 X119.5 Y108.288 E315.45359
G1 X119.5 Y100.5 E315.77738
G1 X112.431 Y100.5 E316.07127
G1 X112.428 Y101.894 E316.12923
G1 X112.395 Y102.074 E316.13684
G1 X112.227 Y102.294 E316.14834
G1 X111.979 Y102.39 E316.1594
G1 X110.168 Y102.388 E316.23469
G1 F564.4 X109.846 Y102.299 E316.24946
G1 F483.1 X109.56 Y101.951 E316.27272
G1 X109.274 Y102.299 E316.29598
G1 F564.4 X108.951 Y102.392 E316.31083
G1 F600 X107.067 Y102.388 E316.38916
G1 X106.919 Y102.345 E316.39557
G1 X106.765 Y102.233 E316.40348
G1 X106.632 Y102.005 E316.41446
G1 X106.632 Y100.5 E316.47703
G1 X100.5 Y100.5 E316.73197
G1 X100.5 Y119.5 E317.52189
G1 X119.5 Y119.5 E318.31182
G1 X119.5 Y110.968 E318.66654
G1 X117.949 Y110.968 E318.73103
G1 X117.739 Y110.853 E318.74098
G0 F9000 X117 Y113.468
G1 F3600 E314.74098
;MESH:NONMESH
G0 F300 X117 Y113.468 Z7.6
G0 F9000 X109.56 Y102.915
G0 X109.56 Y100.616
;TIME_ELAPSED:721.620420
;LAYER:75
;note -- min layer time used
;TYPE:WALL-OUTER
;MESH:xyzCalibration_cube.stl
G1 F3600 E318.74098
G1 F486.2 X109.56 Y101.945 E318.80916
G1 F3600 E314.80916
G0 F9000 X109.56 Y103.995
G0 X116.032 Y112.495
G0 X117.738 Y112.567
G0 X117.739 Y110.853
G1 F3600 E318.80916
G1 F600 X117.646 Y110.75 E318.81493
G1 X117.56 Y110.557 E318.82372
G1 X117.562 Y108.73 E318.89967
G1 X117.651 Y108.495 E318.91012
G1 X117.874 Y108.319 E318.92193
G1 X118.06 Y108.284 E318.9298
G1 X119.5 Y108.284 E318.98967
G1 X119.5 Y100.5 E319.31329
G1 X112.367 Y100.5 E319.60985
G1 X112.364 Y101.894 E319.6678
G1 X112.33 Y102.075 E319.67546
G1 X112.23 Y102.234 E319.68327
G1 X112.108 Y102.329 E319.6897
G1 X111.915 Y102.39 E319.69811
G1 X110.114 Y102.389 E319.77299
G1 F576.9 X109.82 Y102.299 E319.78628
G1 F518.1 X109.56 Y101.945 E319.80743
G1 X109.3 Y102.299 E319.82857
G1 F576.9 X108.999 Y102.39 E319.84217
G1 F600 X107.133 Y102.389 E319.91975
G1 X106.876 Y102.284 E319.93129
G1 X106.758 Y102.148 E319.93878
G1 X106.688 Y101.894 E319.94973
G1 X106.685 Y100.5 E320.00769
G1 X100.5 Y100.5 E320.26483
G1 X100.5 Y119.5 E321.05476
G1 X119.5 Y119.5 E321.84469
G1 X119.5 Y110.968 E322.19941
G1 X117.949 Y110.968 E322.26389
G1 X117.739 Y110.853 E322.27384
G0 F9000 X117 Y113.467
G1 F3600 E318.27384
;MESH:NONMESH
G0 F300 X117 Y113.467 Z7.7
G0 F9000 X109.56 Y102.915
G0 X109.56 Y100.556
;TIME_ELAPSED:731.889321
;LAYER:76
;note -- min layer time used
;TYPE:WALL-OUTER
;MESH:xyzCalibration_cube.stl
G1 F3600 E322.27384
G1 F538.6 X109.56 Y101.94 E322.33794
G1 F3600 E318.33794
G0 F9000 X109.558 Y103.994
G0 X116.032 Y112.493
G0 X117.738 Y112.565
G0 X117.739 Y110.849
G1 F3600 E322.33794
G1 F600 X117.646 Y110.746 E322.34371
G1 X117.56 Y110.553 E322.3525
G1 X117.562 Y108.737 E322.428
G1 X117.649 Y108.498 E322.43857
G1 X117.874 Y108.319 E322.45053
G1 X118.06 Y108.284 E322.45839
G1 X119.5 Y108.284 E322.51826
G1 X119.5 Y100.5 E322.84188
G1 X112.307 Y100.5 E323.14093
G1 X112.304 Y101.898 E323.19906
G1 X112.269 Y102.08 E323.20676
G1 X112.118 Y102.286 E323.21738
G1 X111.854 Y102.394 E323.22924
G1 X110.051 Y102.388 E323.3042
G1 F588.2 X109.795 Y102.3 E323.31568
G1 F556.6 X109.56 Y101.94 E323.33495
G1 X109.325 Y102.3 E323.35421
G1 F588.2 X109.032 Y102.392 E323.36724
G1 F600 X107.189 Y102.39 E323.44386
G1 X106.933 Y102.284 E323.45538
G1 X106.815 Y102.15 E323.4628
G1 X106.744 Y101.892 E323.47393
G1 X106.744 Y100.5 E323.5318
G1 X100.5 Y100.5 E323.7914
G1 X100.5 Y119.5 E324.58133
G1 X119.5 Y119.5 E325.37125
G1 X119.5 Y110.964 E325.72614
G1 X117.948 Y110.964 E325.79066
G1 X117.739 Y110.849 E325.80058
G0 F9000 X117 Y113.465
G1 F3600 E321.80058
;MESH:NONMESH
G0 F300 X117 Y113.465 Z7.8
G0 F9000 X109.554 Y102.914
G0 X109.557 Y100.495
;TIME_ELAPSED:742.147529
;LAYER:77
;note -- min layer time used
;TYPE:WALL-OUTER
;MESH:xyzCalibration_cube.stl
G1 F3600 E325.80058
G1 F605.4 X109.558 Y101.935 E325.85991
G1 F3600 E321.85991
G0 F9000 X109.556 Y103.994
G0 X116.033 Y112.492
G0 X117.738 Y112.564
G0 X117.739 Y110.849
G1 F3600 E325.85991
G1 F600 X117.646 Y110.746 E325.86568
G1 X117.56 Y110.553 E325.87447
G1 X117.561 Y108.742 E325.94976
G1 X117.647 Y108.501 E325.9604
G1 X117.873 Y108.32 E325.97243
G1 X118.06 Y108.284 E325.98035
G1 X119.5 Y108.284 E326.04022
G1 X119.5 Y100.5 E326.36384
G1 X112.243 Y100.5 E326.66555
G1 X112.24 Y101.898 E326.72367
G1 X112.205 Y102.082 E326.73146
G1 X112.057 Y102.284 E326.74187
G1 X111.79 Y102.394 E326.75388
G1 X109.982 Y102.388 E326.82905
G1 F601.2 X109.766 Y102.301 E326.83871
G1 F603.6 X109.558 Y101.935 E326.85611
G1 X109.35 Y102.301 E326.8735
G1 F601.2 X109.134 Y102.388 E326.88316
G1 F600 X107.245 Y102.39 E326.9617
G1 X106.99 Y102.285 E326.97317
G1 X106.872 Y102.152 E326.98056
G1 X106.8 Y101.894 E326.99169
G1 X106.797 Y100.5 E327.04965
G1 X100.5 Y100.5 E327.31145
G1 X100.5 Y119.5 E328.10138
G1 X119.5 Y119.5 E328.8913
G1 X119.5 Y110.964 E329.24619
G1 X117.948 Y110.964 E329.31071
G1 X117.739 Y110.849 E329.32063
G0 F9000 X117 Y113.464
G1 F3600 E325.32063
;MESH:NONMESH
G0 F300 X117 Y113.464 Z7.9
G0 F9000 X109.552 Y102.914
G0 X109.556 Y100.436
;TIME_ELAPSED:752.394123
;LAYER:78
;note -- min layer time used
;TYPE:WALL-OUTER
;MESH:xyzCalibration_cube.stl
G1 F3600 E329.32063
G1 F686.5 X109.556 Y101.93 E329.37492
G1 F3600 E325.37492
G0 F9000 X109.554 Y103.994
G0 X116.033 Y112.491
G0 X117.738 Y112.563
G0 X117.739 Y110.849
G1 F3600 E329.37492
G1 F600 X117.646 Y110.746 E329.38069
G1 X117.56 Y110.553 E329.38947
G1 X117.561 Y108.746 E329.4646
G1 X117.646 Y108.503 E329.4753
G1 X117.872 Y108.32 E329.48739
G1 X118.06 Y108.284 E329.49535
G1 X119.5 Y108.284 E329.55522
G1 X119.5 Y100.5 E329.87884
G1 X112.18 Y100.5 E330.18317
G1 X112.18 Y101.896 E330.24121
G1 X112.144 Y102.083 E330.24913
G1 X111.999 Y102.282 E330.25936
G1 X111.73 Y102.394 E330.27148
G1 X109.872 Y102.389 E330.34873
G1 F612.9 X109.74 Y102.3 E330.35521
G1 F654.3 X109.556 Y101.93 E330.37096
G1 X109.372 Y102.3 E330.38671
G1 F612.9 X109.197 Y102.387 E330.39467
G1 F600 X107.302 Y102.39 E330.47345
G1 X107.048 Y102.286 E330.48486
G1 X106.93 Y102.154 E330.49222
G1 X106.856 Y101.894 E330.50346
G1 X106.853 Y100.5 E330.56142
G1 X100.5 Y100.5 E330.82555
G1 X100.5 Y119.5 E331.61547
G1 X119.5 Y119.5 E332.4054
G1 X119.5 Y110.964 E332.76029
G1 X117.948 Y110.964 E332.82481
G1 X117.739 Y110.849 E332.83473
G0 F9000 X117 Y113.463
;MESH:NONMESH
G0 F300 X117 Y113.463 Z8
G0 F9000 X117.738 Y112.563
G0 X117.739 Y110.844
;TIME_ELAPSED:762.228376
;LAYER:79
;note -- min layer time used
;TYPE:WALL-OUTER
;MESH:xyzCalibration_cube.stl
G1 F600 X117.646 Y110.742 E332.84047
G1 X117.56 Y110.549 E332.84925
G1 X117.561 Y108.677 E332.92708
G1 X117.644 Y108.501 E332.93517
G1 X117.871 Y108.316 E332.94735
G1 X118.06 Y108.28 E332.95535
G1 X119.5 Y108.28 E333.01522
G1 X119.5 Y100.5 E333.33867
G1 X112.115 Y100.5 E333.6457
G1 X112.112 Y101.898 E333.70382
G1 X112.075 Y102.085 E333.71175
G1 X111.921 Y102.29 E333.72241
G1 X111.663 Y102.394 E333.73397
G1 X107.353 Y102.39 E333.91316
G1 X107.1 Y102.287 E333.92452
G1 X106.908 Y102.018 E333.93826
G1 X106.908 Y100.5 E334.00137
G1 X100.5 Y100.5 E334.26779
G1 X100.5 Y119.5 E335.05771
G1 X119.5 Y119.5 E335.84764
G1 X119.5 Y110.963 E336.20257
G1 X117.947 Y110.96 E336.26714
G1 X117.739 Y110.844 E336.27704
G0 F9000 X117 Y113.462
;MESH:NONMESH
G0 F300 X117 Y113.462 Z8.1
G0 F9000 X117.738 Y112.562
G0 X117.739 Y110.844
;TIME_ELAPSED:770.857654
;LAYER:80
;note -- min layer time used
;TYPE:WALL-OUTER
;MESH:xyzCalibration_cube.stl
G1 F600 X117.646 Y110.742 E336.28278
G1 X117.56 Y110.549 E336.29156
G1 X117.56 Y108.752 E336.36627
G1 X117.642 Y108.504 E336.37713
G1 X117.87 Y108.317 E336.38939
G1 X118.06 Y108.28 E336.39744
G1 X119.5 Y108.28 E336.45731
G1 X119.5 Y100.5 E336.78076
G1 X112.052 Y100.5 E337.09041
G1 X112.052 Y101.896 E337.14845
G1 X112.015 Y102.087 E337.15654
G1 X111.863 Y102.288 E337.16702
G1 X111.603 Y102.394 E337.17869
G1 X107.41 Y102.39 E337.35302
G1 X107.158 Y102.288 E337.36432
G1 X107.04 Y102.159 E337.37159
G1 X106.964 Y101.892 E337.38313
G1 X106.964 Y100.5 E337.441
G1 X100.501 Y100.501 E337.7097
G1 X100.5 Y119.5 E338.49959
G1 X119.5 Y119.5 E339.28952
G1 X119.5 Y110.96 E339.64457
G1 X117.947 Y110.96 E339.70913
G1 X117.739 Y110.844 E339.71904
G0 F9000 X117 Y113.461
;MESH:NONMESH
G0 F300 X117 Y113.461 Z8.2
G0 F9000 X117.738 Y112.561
G0 X117.739 Y110.844
;TIME_ELAPSED:779.486152
;LAYER:81
;note -- min layer time used
;TYPE:WALL-OUTER
;MESH:xyzCalibration_cube.stl
G1 F600 X117.646 Y110.742 E339.72477
G1 X117.56 Y110.549 E339.73356
G1 X117.56 Y108.686 E339.81101
G1 X117.641 Y108.507 E339.81918
G1 X117.869 Y108.317 E339.83152
G1 X118.06 Y108.28 E339.83961
G1 X119.5 Y108.28 E339.89948
G1 X119.5 Y100.5 E340.22293
G1 X111.991 Y100.5 E340.53512
G1 X111.988 Y101.898 E340.59324
G1 X111.95 Y102.089 E340.60134
G1 X111.801 Y102.287 E340.61164
G1 X111.539 Y102.394 E340.62341
G1 X107.466 Y102.39 E340.79274
G1 X107.215 Y102.289 E340.80399
G1 X107.097 Y102.161 E340.81123
G1 X107.02 Y101.892 E340.82286
G1 X107.02 Y100.5 E340.88074
G1 X100.501 Y100.501 E341.15176
G1 X100.5 Y119.5 E341.94165
G1 X119.5 Y119.5 E342.73158
G1 X119.5 Y110.96 E343.08663
G1 X117.947 Y110.96 E343.1512
G1 X117.739 Y110.844 E343.1611
G0 F9000 X117 Y113.46
;MESH:NONMESH
G0 F300 X117 Y113.46 Z8.3
G0 F9000 X117.738 Y112.56
G0 X117.739 Y110.844
;TIME_ELAPSED:788.114737
;LAYER:82
;note -- min layer time used
;TYPE:WALL-OUTER
;MESH:xyzCalibration_cube.stl
G1 F600 X117.646 Y110.742 E343.16684
G1 X117.56 Y110.549 E343.17562
G1 X117.56 Y108.71 E343.25208
G1 X117.682 Y108.451 E343.26398
G1 X117.868 Y108.318 E343.27349
G1 X118.06 Y108.28 E343.28163
G1 X119.5 Y108.28 E343.34149
G1 X119.5 Y100.5 E343.66495
G1 X111.927 Y100.5 E343.9798
G1 X111.924 Y101.898 E344.03792
G1 X111.886 Y102.09 E344.04606
G1 X111.716 Y102.303 E344.05739
G1 X111.462 Y102.395 E344.06862
G1 X107.522 Y102.39 E344.23242
G1 X107.272 Y102.29 E344.24362
G1 X107.076 Y102.02 E344.25749
G1 X107.076 Y100.5 E344.32068
G1 X100.5 Y100.5 E344.59408
G1 X100.5 Y119.5 E345.38401
G1 X119.5 Y119.5 E346.17394
G1 X119.5 Y110.96 E346.52899
G1 X117.947 Y110.96 E346.59356
G1 X117.739 Y110.844 E346.60346
G0 F9000 X117 Y113.459
;MESH:NONMESH
G0 F300 X117 Y113.459 Z8.4
G0 F9000 X117.738 Y112.559
G0 X117.739 Y110.84
;TIME_ELAPSED:796.744108
;LAYER:83
;note -- min layer time used
;TYPE:WALL-OUTER
;MESH:xyzCalibration_cube.stl
G1 F600 X117.646 Y110.738 E346.6092
G1 X117.56 Y110.545 E346.61798
G1 X117.562 Y108.724 E346.69369
G1 X117.626 Y108.526 E346.70234
G1 X117.76 Y108.375 E346.71073
G1 X118.06 Y108.276 E346.72387
G1 X119.5 Y108.276 E346.78374
G1 X119.5 Y100.5 E347.10703
G1 X111.863 Y100.5 E347.42454
G1 X111.86 Y101.898 E347.48266
G1 X111.821 Y102.092 E347.49088
G1 X111.753 Y102.207 E347.49644
G1 X111.543 Y102.362 E347.50729
G1 X111.398 Y102.395 E347.51347
G1 X107.579 Y102.394 E347.67225
G1 X107.329 Y102.295 E347.68343
G1 X107.132 Y102.026 E347.69729
G1 X107.129 Y100.5 E347.76073
G1 X100.5 Y100.5 E348.03634
G1 X100.5 Y119.5 E348.82626
G1 X119.5 Y119.5 E349.61619
G1 X119.5 Y110.959 E349.97129
G1 X117.947 Y110.956 E350.03585
G1 X117.739 Y110.84 E350.04575
G0 F9000 X117 Y113.458
;MESH:NONMESH
G0 F300 X117 Y113.458 Z8.5
G0 F9000 X117.738 Y112.558
G0 X117.739 Y110.84
;TIME_ELAPSED:805.373350
;LAYER:84
;note -- min layer time used
;TYPE:WALL-OUTER
;MESH:xyzCalibration_cube.stl
G1 F600 X117.646 Y110.738 E350.05149
G1 X117.56 Y110.545 E350.06028
G1 X117.562 Y108.729 E350.13578
G1 X117.661 Y108.473 E350.14719
G1 X117.867 Y108.314 E350.15801
G1 X118.06 Y108.276 E350.16619
G1 X119.5 Y108.276 E350.22605
G1 X119.5 Y100.5 E350.54934
G1 X111.8 Y100.5 E350.86947
G1 X111.8 Y101.896 E350.92751
G1 X111.76 Y102.093 E350.93587
G1 X111.596 Y102.3 E350.94685
G1 X111.339 Y102.395 E350.95824
G1 X107.635 Y102.394 E351.11223
G1 X107.386 Y102.296 E351.12336
G1 X107.188 Y102.027 E351.13724
G1 X107.185 Y100.5 E351.20073
G1 X100.5 Y100.5 E351.47866
G1 X100.5 Y119.5 E352.26859
G1 X119.5 Y119.5 E353.05852
G1 X119.5 Y110.956 E353.41373
G1 X117.947 Y110.956 E353.4783
G1 X117.739 Y110.84 E353.4882
G0 F9000 X117 Y113.457
;MESH:NONMESH
G0 F300 X117 Y113.457 Z8.6
G0 F9000 X117.738 Y112.557
G0 X117.739 Y110.84
;TIME_ELAPSED:814.002924
;LAYER:85
;note -- min layer time used
;TYPE:WALL-OUTER
;MESH:xyzCalibration_cube.stl
G1 F600 X117.646 Y110.738 E353.49394
G1 X117.56 Y110.545 E353.50273
G1 X117.561 Y108.733 E353.57806
G1 X117.623 Y108.532 E353.58681
G1 X117.704 Y108.424 E353.59242
G1 X117.866 Y108.314 E353.60056
G1 X118.06 Y108.276 E353.60878
G1 X119.5 Y108.276 E353.66865
G1 X119.5 Y100.5 E353.99193
G1 X111.736 Y100.5 E354.31472
G1 X111.736 Y101.896 E354.37276
G1 X111.696 Y102.094 E354.38116
G1 X111.532 Y102.3 E354.39211
G1 X111.275 Y102.395 E354.4035
G1 X107.691 Y102.394 E354.55251
G1 X107.444 Y102.297 E354.56354
G1 X107.274 Y102.068 E354.5754
G1 X107.244 Y101.898 E354.58257
G1 X107.241 Y100.5 E354.64069
G1 X100.5 Y100.5 E354.92095
G1 X100.5 Y119.5 E355.71088
G1 X119.5 Y119.5 E356.50081
G1 X119.5 Y110.956 E356.85603
G1 X117.947 Y110.956 E356.92059
G1 X117.739 Y110.84 E356.9305
G0 F9000 X117 Y113.456
;MESH:NONMESH
G0 F300 X117 Y113.456 Z8.7
G0 F9000 X117.738 Y112.556
G0 X117.739 Y110.84
;TIME_ELAPSED:822.632062
;LAYER:86
;note -- min layer time used
;TYPE:WALL-OUTER
;MESH:xyzCalibration_cube.stl
G1 F600 X117.646 Y110.738 E356.93623
G1 X117.56 Y110.545 E356.94502
G1 X117.561 Y108.734 E357.02031
G1 X117.62 Y108.533 E357.02902
G1 X117.758 Y108.372 E357.03784
G1 X118.06 Y108.272 E357.05106
G1 X119.5 Y108.272 E357.11093
G1 X119.5 Y100.5 E357.43405
G1 X111.675 Y100.5 E357.75938
G1 X111.672 Y101.898 E357.8175
G1 X111.631 Y102.095 E357.82587
G1 X111.556 Y102.218 E357.83186
G1 X111.355 Y102.362 E357.84214
G1 X111.211 Y102.395 E357.84828
G1 X107.747 Y102.394 E357.99229
G1 X107.501 Y102.297 E358.00329
G1 X107.33 Y102.07 E358.0151
G1 X107.3 Y101.898 E358.02236
G1 X107.297 Y100.5 E358.08048
G1 X100.5 Y100.5 E358.36307
G1 X100.5 Y119.5 E359.153
G1 X119.5 Y119.5 E359.94293
G1 X119.5 Y110.956 E360.29815
G1 X117.947 Y110.956 E360.36271
G1 X117.739 Y110.84 E360.37261
G0 F9000 X117 Y113.455
;MESH:NONMESH
G0 F300 X117 Y113.455 Z8.8
G0 F9000 X117.738 Y112.555
G0 X117.739 Y110.836
;TIME_ELAPSED:831.260843
;LAYER:87
;note -- min layer time used
;TYPE:WALL-OUTER
;MESH:xyzCalibration_cube.stl
G1 F600 X117.591 Y110.627 E360.38326
G1 X117.56 Y110.479 E360.38955
G1 X117.561 Y108.734 E360.4621
G1 X117.619 Y108.536 E360.47067
G1 X117.758 Y108.372 E360.47961
G1 X118.06 Y108.272 E360.49284
G1 X119.5 Y108.272 E360.55271
G1 X119.5 Y100.5 E360.87583
G1 X111.608 Y100.5 E361.20394
G1 X111.608 Y101.896 E361.26198
G1 X111.567 Y102.095 E361.27043
G1 X111.405 Y102.299 E361.28126
G1 X111.152 Y102.395 E361.29251
G1 X107.799 Y102.394 E361.43191
G1 X107.554 Y102.298 E361.44285
G1 X107.383 Y102.071 E361.45466
G1 X107.352 Y101.896 E361.46205
G1 X107.352 Y100.5 E361.52009
G1 X100.5 Y100.5 E361.80496
G1 X100.5 Y119.5 E362.59489
G1 X119.5 Y119.5 E363.38482
G1 X119.5 Y110.952 E363.74021
G1 X117.947 Y110.952 E363.80477
G1 X117.739 Y110.836 E363.81467
G0 F9000 X117 Y113.455
;MESH:NONMESH
G0 F300 X117 Y113.455 Z8.9
G0 F9000 X117.739 Y112.555
G0 X117.739 Y110.836
;TIME_ELAPSED:839.889677
;LAYER:88
;note -- min layer time used
;TYPE:WALL-OUTER
;MESH:xyzCalibration_cube.stl
G1 F600 X117.591 Y110.627 E363.82532
G1 X117.56 Y110.479 E363.83161
G1 X117.561 Y108.734 E363.90416
G1 X117.617 Y108.538 E363.91263
G1 X117.694 Y108.43 E363.91815
G1 X117.866 Y108.31 E363.92686
G1 X118.06 Y108.272 E363.93508
G1 X119.5 Y108.272 E363.99495
G1 X119.5 Y100.5 E364.31807
G1 X111.547 Y100.5 E364.64872
G1 X111.544 Y101.898 E364.70684
G1 X111.438 Y102.205 E364.72035
G1 X111.233 Y102.36 E364.73103
G1 X111.092 Y102.394 E364.73706
G1 X107.856 Y102.394 E364.8716
G1 X107.611 Y102.299 E364.88252
G1 X107.439 Y102.072 E364.89436
G1 X107.408 Y101.896 E364.90179
G1 X107.408 Y100.5 E364.95983
G1 X100.5 Y100.5 E365.24703
G1 X100.5 Y119.5 E366.03696
G1 X119.5 Y119.5 E366.82689
G1 X119.5 Y110.952 E367.18228
G1 X117.947 Y110.952 E367.24684
G1 X117.739 Y110.836 E367.25674
G0 F9000 X117 Y113.452
;MESH:NONMESH
G0 F300 X117 Y113.452 Z9
G0 F9000 X117.738 Y112.552
G0 X117.739 Y110.836
;TIME_ELAPSED:848.518279
;LAYER:89
;note -- min layer time used
;TYPE:WALL-OUTER
;MESH:xyzCalibration_cube.stl
G1 F600 X117.591 Y110.627 E367.26739
G1 X117.56 Y110.479 E367.27368
G1 X117.561 Y108.734 E367.34623
G1 X117.616 Y108.54 E367.35461
G1 X117.758 Y108.372 E367.36375
G1 X118.06 Y108.272 E367.37698
G1 X119.5 Y108.272 E367.43685
G1 X119.5 Y100.5 E367.75997
G1 X111.484 Y100.5 E368.09324
G1 X111.484 Y102.003 E368.15572
G1 X111.378 Y102.205 E368.16521
G1 X111.175 Y102.359 E368.1758
G1 X111.036 Y102.394 E368.18176
G1 X107.912 Y102.394 E368.31164
G1 X107.732 Y102.34 E368.31946
G1 X107.606 Y102.247 E368.32597
G1 X107.496 Y102.074 E368.33449
G1 X107.464 Y101.896 E368.34201
G1 X107.464 Y100.5 E368.40005
G1 X100.501 Y100.501 E368.68954
G1 X100.5 Y119.5 E369.47942
G1 X119.5 Y119.5 E370.26935
G1 X119.5 Y110.952 E370.62474
G1 X117.947 Y110.952 E370.6893
G1 X117.739 Y110.836 E370.6992
G0 F9000 X117 Y113.451
;MESH:NONMESH
G0 F300 X117 Y113.451 Z9.1
G0 F9000 X117.738 Y112.551
G0 X117.739 Y110.832
;TIME_ELAPSED:857.147900
;LAYER:90
;note -- min layer time used
;TYPE:WALL-OUTER
;MESH:xyzCalibration_cube.stl
G1 F600 X117.591 Y110.623 E370.70985
G1 X117.56 Y110.475 E370.71614
G1 X117.561 Y108.731 E370.78864
G1 X117.615 Y108.538 E370.79698
G1 X117.758 Y108.368 E370.80621
G1 X118.06 Y108.268 E370.81944
G1 X119.5 Y108.268 E370.87931
G1 X119.5 Y100.5 E371.20226
G1 X111.42 Y100.5 E371.53819
G1 X111.42 Y102.003 E371.60068
G1 X111.31 Y102.211 E371.61046
G1 X111.114 Y102.358 E371.62065
G1 X110.94 Y102.396 E371.62805
G1 X107.968 Y102.394 E371.75161
G1 X107.725 Y102.301 E371.76243
G1 X107.553 Y102.075 E371.77424
G1 X107.52 Y101.896 E371.7818
G1 X107.52 Y100.5 E371.83984
G1 X100.5 Y100.5 E372.1317
G1 X100.5 Y119.5 E372.92163
G1 X119.5 Y119.5 E373.71156
G1 X119.5 Y110.951 E374.06698
G1 X117.947 Y110.948 E374.13155
G1 X117.739 Y110.832 E374.14145
G0 F9000 X117 Y113.45
;MESH:NONMESH
G0 F300 X117 Y113.45 Z9.2
G0 F9000 X117.738 Y112.55
G0 X117.739 Y110.832
;TIME_ELAPSED:865.777047
;LAYER:91
;note -- min layer time used
;TYPE:WALL-OUTER
;MESH:xyzCalibration_cube.stl
G1 F600 X117.591 Y110.623 E374.1521
G1 X117.56 Y110.475 E374.15838
G1 X117.561 Y108.731 E374.23089
G1 X117.614 Y108.541 E374.23909
G1 X117.758 Y108.368 E374.24845
G1 X118.06 Y108.268 E374.26168
G1 X119.5 Y108.268 E374.32155
G1 X119.5 Y100.5 E374.6445
G1 X111.355 Y100.5 E374.98313
G1 X111.352 Y101.898 E375.04125
G1 X111.288 Y102.142 E375.05174
G1 X111.183 Y102.272 E375.05869
G1 X110.959 Y102.396 E375.06933
G1 X108.024 Y102.394 E375.19136
G1 X107.782 Y102.301 E375.20213
G1 X107.609 Y102.077 E375.2139
G1 X107.576 Y101.896 E375.22155
G1 X107.576 Y100.5 E375.27959
G1 X100.5 Y100.5 E375.57378
G1 X100.5 Y119.5 E376.3637
G1 X119.5 Y119.5 E377.15363
G1 X119.5 Y110.948 E377.50918
G1 X117.947 Y110.948 E377.57375
G1 X117.739 Y110.832 E377.58365
G0 F9000 X117 Y113.449
;MESH:NONMESH
G0 F300 X117 Y113.449 Z9.3
G0 F9000 X117.738 Y112.549
G0 X117.739 Y110.84
;TIME_ELAPSED:874.405761
;LAYER:92
;note -- min layer time used
;TYPE:WALL-OUTER
;MESH:xyzCalibration_cube.stl
G1 F600 X117.646 Y110.738 E377.58939
G1 X117.56 Y110.545 E377.59817
G1 X117.562 Y108.698 E377.67496
G1 X117.668 Y108.437 E377.68667
G1 X117.866 Y108.286 E377.69703
G1 X118.058 Y108.248 E377.70516
G1 X119.5 Y108.245 E377.76512
G1 X119.5 Y100.5 E378.08712
G1 X111.295 Y100.5 E378.42824
G1 X111.292 Y101.898 E378.48636
G1 X111.228 Y102.143 E378.49689
G1 X110.992 Y102.355 E378.51008
G1 X110.822 Y102.396 E378.51735
G1 X108.08 Y102.394 E378.63135
G1 X107.839 Y102.302 E378.64207
G1 X107.666 Y102.079 E378.65381
G1 X107.632 Y101.898 E378.66146
G1 X107.629 Y100.5 E378.71959
G1 X100.5 Y100.5 E379.01598
G1 X100.5 Y119.5 E379.8059
G1 X119.5 Y119.5 E380.59583
G1 X119.5 Y110.959 E380.95093
G1 X117.947 Y110.956 E381.01549
G1 X117.739 Y110.84 E381.02539
G0 F9000 X117 Y113.458
;MESH:NONMESH
G0 F300 X117 Y113.458 Z9.4
G0 F9000 X117.737 Y112.558
G0 X117.741 Y110.902
;TIME_ELAPSED:883.031538
;LAYER:93
;note -- min layer time used
;TYPE:WALL-OUTER
;MESH:xyzCalibration_cube.stl
G1 F600 X117.59 Y110.689 E381.03625
G1 X117.56 Y110.539 E381.04261
G1 X117.562 Y108.639 E381.1216
G1 X117.665 Y108.381 E381.13315
G1 X117.868 Y108.226 E381.14377
G1 X118.058 Y108.188 E381.15183
G1 X119.5 Y108.185 E381.21178
G1 X119.5 Y100.5 E381.53128
G1 X111.231 Y100.5 E381.87507
G1 X111.228 Y101.898 E381.93319
G1 X111.164 Y102.143 E381.94372
G1 X111.063 Y102.268 E381.9504
G1 X110.837 Y102.395 E381.96118
G1 X108.136 Y102.394 E382.07347
G1 X107.896 Y102.303 E382.08414
G1 X107.722 Y102.08 E382.0959
G1 X107.688 Y101.896 E382.10368
G1 X107.688 Y100.5 E382.16172
G1 X100.5 Y100.5 E382.46056
G1 X100.501 Y119.499 E383.25045
G1 X119.5 Y119.5 E384.04034
G1 X119.5 Y111.019 E384.39293
G1 X117.948 Y111.016 E384.45746
G1 X117.741 Y110.902 E384.46728
G0 F9000 X117 Y113.515
;MESH:NONMESH
G0 F300 X117 Y113.515 Z9.5
G0 F9000 X117.685 Y112.615
G0 X117.689 Y110.908
;TIME_ELAPSED:891.656531
;LAYER:94
;note -- min layer time used
;TYPE:WALL-OUTER
;MESH:xyzCalibration_cube.stl
G1 F600 X117.613 Y110.798 E384.47284
G1 X117.56 Y110.592 E384.48169
G1 X117.562 Y108.579 E384.56538
G1 X117.662 Y108.324 E384.57677
G1 X117.869 Y108.165 E384.58762
G1 X118.058 Y108.128 E384.59562
G1 X119.5 Y108.125 E384.65558
G1 X119.5 Y100.5 E384.97259
G1 X111.168 Y100.5 E385.31899
G1 X111.168 Y101.896 E385.37703
G1 X111.104 Y102.142 E385.3876
G1 X111.005 Y102.267 E385.39423
G1 X110.739 Y102.396 E385.40652
G1 X108.193 Y102.394 E385.51237
G1 X107.953 Y102.304 E385.52302
G1 X107.779 Y102.082 E385.53475
G1 X107.744 Y101.898 E385.54254
G1 X107.741 Y100.5 E385.60066
G1 X100.5 Y100.5 E385.90171
G1 X100.5 Y119.5 E386.69163
G1 X119.5 Y119.5 E387.48156
G1 X119.5 Y111.072 E387.83196
G1 X117.941 Y111.072 E387.89677
G1 X117.689 Y110.908 E387.90927
G0 F9000 X115.062 Y110.907
;MESH:NONMESH
G0 F300 X115.062 Y110.907 Z9.6
G0 F9000 X116.033 Y112.598
G0 X117.74 Y112.672
G0 X117.743 Y111.016
;TIME_ELAPSED:900.409779
;LAYER:95
;note -- min layer time used
;TYPE:WALL-OUTER
;MESH:xyzCalibration_cube.stl
G1 F600 X117.646 Y110.909 E387.91528
G1 X117.564 Y110.694 E387.92485
G1 X117.562 Y108.52 E388.01523
G1 X117.659 Y108.268 E388.02646
G1 X117.871 Y108.104 E388.0376
G1 X118.058 Y108.068 E388.04552
G1 X119.5 Y108.065 E388.10547
G1 X119.5 Y100.5 E388.41998
G1 X111.103 Y100.5 E388.76909
G1 X111.1 Y101.898 E388.82721
G1 X111.036 Y102.143 E388.83774
G1 X110.938 Y102.265 E388.84425
G1 X110.673 Y102.396 E388.85654
G1 X108.249 Y102.394 E388.95732
G1 X108.01 Y102.304 E388.96793
G1 X107.836 Y102.083 E388.97963
G1 X107.8 Y101.898 E388.98746
G1 X107.797 Y100.5 E389.04558
G1 X100.5 Y100.5 E389.34896
G1 X100.5 Y119.5 E390.13889
G1 X119.5 Y119.5 E390.92882
G1 X119.5 Y111.131 E391.27676
G1 X117.949 Y111.128 E391.34124
G1 X117.743 Y111.016 E391.35099
G0 F9000 X117 Y113.628
;MESH:NONMESH
G0 F300 X117 Y113.628 Z9.7
G0 F9000 X117.805 Y112.728
G0 X117.809 Y111.117
;TIME_ELAPSED:909.037208
;LAYER:96
;note -- min layer time used
;TYPE:WALL-OUTER
;MESH:xyzCalibration_cube.stl
G1 F600 X117.612 Y110.908 E391.36293
G1 X117.563 Y110.747 E391.36993
G1 X117.562 Y108.46 E391.46501
G1 X117.657 Y108.211 E391.47609
G1 X117.872 Y108.044 E391.48741
G1 X118.058 Y108.008 E391.49528
G1 X119.5 Y108.005 E391.55524
G1 X119.5 Y100.5 E391.86726
G1 X111.04 Y100.5 E392.21898
G1 X111.04 Y101.896 E392.27702
G1 X110.976 Y102.142 E392.28759
G1 X110.761 Y102.345 E392.29988
G1 X110.604 Y102.392 E392.3067
G1 X108.301 Y102.394 E392.40245
G1 X108.063 Y102.305 E392.41301
G1 X107.888 Y102.084 E392.42473
G1 X107.852 Y101.896 E392.43269
G1 X107.852 Y100.5 E392.49073
G1 X100.5 Y100.5 E392.79639
G1 X100.5 Y119.5 E393.58632
G1 X119.5 Y119.5 E394.37624
G1 X119.5 Y111.187 E394.72186
G1 X118.058 Y111.184 E394.78181
G1 X117.809 Y111.117 E394.79253
G0 F9000 X117 Y113.685
;MESH:NONMESH
G0 F300 X117 Y113.685 Z9.8
G0 F9000 X117.807 Y112.785
G0 X117.811 Y111.174
;TIME_ELAPSED:917.663463
;LAYER:97
;note -- min layer time used
;TYPE:WALL-OUTER
;MESH:xyzCalibration_cube.stl
G1 F600 X117.612 Y110.963 E394.80459
G1 X117.563 Y110.801 E394.81162
G1 X117.562 Y108.401 E394.9114
G1 X117.654 Y108.155 E394.92232
G1 X117.874 Y107.983 E394.93393
G1 X118.06 Y107.948 E394.9418
G1 X119.5 Y107.948 E395.00167
G1 X119.5 Y100.5 E395.31132
G1 X110.979 Y100.5 E395.66559
G1 X110.976 Y101.898 E395.72371
G1 X110.912 Y102.143 E395.73424
G1 X110.702 Y102.343 E395.74629
G1 X110.549 Y102.391 E395.75296
G1 X108.357 Y102.394 E395.84409
G1 X108.12 Y102.306 E395.8546
G1 X107.945 Y102.086 E395.86629
G1 X107.908 Y101.896 E395.87434
G1 X107.908 Y100.5 E395.93238
G1 X100.5 Y100.5 E396.24036
G1 X100.5 Y119.5 E397.03029
G1 X119.5 Y119.5 E397.82022
G1 X119.5 Y111.243 E398.16351
G1 X118.058 Y111.24 E398.22346
G1 X117.811 Y111.174 E398.23409
G0 F9000 X117 Y113.742
;MESH:NONMESH
G0 F300 X117 Y113.742 Z9.9
G0 F9000 X117.744 Y112.842
G0 X117.747 Y111.187
;TIME_ELAPSED:926.288171
;LAYER:98
;note -- min layer time used
;TYPE:WALL-OUTER
;MESH:xyzCalibration_cube.stl
G1 F600 X117.645 Y111.077 E398.24033
G1 X117.563 Y110.854 E398.2502
G1 X117.566 Y108.341 E398.35468
G1 X117.648 Y108.109 E398.36491
G1 X117.879 Y107.923 E398.37724
G1 X118.062 Y107.888 E398.38499
G1 X119.5 Y107.885 E398.44477
G1 X119.5 Y100.5 E398.75181
G1 X110.915 Y100.5 E399.10873
G1 X110.912 Y102.004 E399.17126
G1 X110.804 Y102.208 E399.18085
G1 X110.7 Y102.306 E399.1868
G1 X110.495 Y102.39 E399.19601
G1 X108.413 Y102.394 E399.28257
G1 X108.178 Y102.307 E399.29298
G1 X108.001 Y102.087 E399.30472
G1 X107.964 Y101.896 E399.31281
G1 X107.964 Y100.5 E399.37085
G1 X100.5 Y100.5 E399.68117
G1 X100.5 Y119.5 E400.4711
G1 X119.5 Y119.5 E401.26102
G1 X119.5 Y111.299 E401.60198
G1 X117.951 Y111.296 E401.66638
G1 X117.747 Y111.187 E401.676
G0 F9000 X117.743 Y112.898
G0 X117.93 Y117.93
G0 X119.3 Y119.085
;TYPE:FILL
G1 F600 X119.084 Y119.3 E401.68867
G0 F9000 X117.93 Y117.93
G0 X102.07 Y117.93
G0 X100.915 Y119.3
G1 F600 X100.7 Y119.085 E401.70131
G0 F9000 X102.07 Y117.93
G0 X102.07 Y102.07
G0 X100.7 Y100.915
G1 F600 X100.915 Y100.7 E401.71395
G0 F9000 X102.07 Y102.07
G0 X106.441 Y103.925
G0 X112.44 Y103.925
G0 X117.93 Y102.07
G0 X119.085 Y100.7
G1 F600 X119.3 Y100.915 E401.72659
G0 F9000 X117 Y102.707
;MESH:NONMESH
G0 F300 X117 Y102.707 Z10
G0 F9000 X116.037 Y106.364
G0 X116.034 Y112.823
G0 X117.809 Y112.898
G0 X117.813 Y111.292
;TIME_ELAPSED:937.236430
;LAYER:99
;note -- min layer time used
;TYPE:WALL-OUTER
;MESH:xyzCalibration_cube.stl
G1 F600 X117.691 Y111.194 E401.7331
G1 X117.562 Y110.911 E401.74603
G1 X117.566 Y108.282 E401.85533
G1 X117.644 Y108.055 E401.86531
G1 X117.881 Y107.862 E401.87802
G1 X118.062 Y107.828 E401.88567
G1 X119.5 Y107.825 E401.94546
G1 X119.5 Y100.5 E402.25
G1 X110.852 Y100.5 E402.60954
G1 X110.852 Y101.896 E402.66758
G1 X110.788 Y102.143 E402.67819
G1 X110.589 Y102.337 E402.68974
G1 X110.396 Y102.395 E402.69812
G1 X108.438 Y102.394 E402.77952
G1 X108.174 Y102.258 E402.79187
G1 X108.058 Y102.089 E402.80039
G1 X108.02 Y101.896 E402.80857
G1 X108.02 Y100.5 E402.86661
G1 X100.5 Y100.5 E403.17925
G1 X100.5 Y119.5 E403.96918
G1 X119.5 Y119.5 E404.75911
G1 X119.5 Y111.359 E405.09757
G1 X118.058 Y111.356 E405.15753
G1 X117.813 Y111.292 E405.16805
G0 F9000 X117.809 Y112.955
G0 X117.93 Y117.93
G0 X119.3 Y118.983
;TYPE:FILL
G1 F600 X118.983 Y119.3 E405.18669
G0 F9000 X117.93 Y117.93
G0 X102.07 Y117.93
G0 X101.015 Y119.3
G1 F600 X100.7 Y118.984 E405.20524
G0 F9000 X102.07 Y117.93
G0 X102.07 Y102.07
G0 X100.7 Y101.015
G1 F600 X101.015 Y100.7 E405.22376
G0 F9000 X102.07 Y102.07
G0 X106.495 Y103.925
G0 X112.377 Y103.925
G0 X117.93 Y102.07
G0 X118.984 Y100.7
G1 F600 X119.3 Y101.015 E405.24231
G0 F9000 X117 Y102.707
;MESH:NONMESH
G0 F300 X117 Y102.707 Z10.1
G0 F9000 X116.037 Y106.304
G0 X116.034 Y112.88
G0 X117.811 Y112.955
G0 X117.815 Y111.349
;TIME_ELAPSED:948.239403
;LAYER:100
;note -- min layer time used
;TYPE:WALL-OUTER
;MESH:xyzCalibration_cube.stl
G1 F600 X117.61 Y111.132 E405.25472
G1 X117.562 Y110.964 E405.26199
G1 X117.566 Y108.222 E405.37599
G1 X117.651 Y107.985 E405.38646
G1 X117.882 Y107.801 E405.39873
G1 X118.062 Y107.768 E405.40634
G1 X119.5 Y107.765 E405.46613
G1 X119.5 Y100.5 E405.76817
G1 X110.824 Y100.5 E406.12888
G1 X110.824 Y102.002 E406.19132
G1 X110.716 Y102.207 E406.20096
G1 X110.513 Y102.36 E406.21152
G1 X110.324 Y102.397 E406.21953
G1 X108.526 Y102.394 E406.29428
G1 X108.291 Y102.308 E406.30469
G1 X108.114 Y102.09 E406.31636
G1 X108.076 Y101.898 E406.3245
G1 X108.073 Y100.5 E406.38262
G1 X100.5 Y100.5 E406.69747
G1 X100.5 Y119.5 E407.4874
G1 X119.5 Y119.5 E408.27733
G1 X119.5 Y111.412 E408.61359
G1 X118.06 Y111.412 E408.67345
G1 X117.815 Y111.349 E408.68397
G0 F9000 X117.812 Y113.012
G0 X117.93 Y117.93
G0 X119.3 Y118.885
;TYPE:FILL
G1 F600 X118.884 Y119.3 E408.7084
G0 F9000 X117.93 Y117.93
G0 X102.07 Y117.93
G0 X101.114 Y119.3
G1 F600 X100.7 Y118.885 E408.73277
G0 F9000 X102.07 Y117.93
G0 X102.07 Y102.07
G0 X100.7 Y101.114
G1 F600 X101.114 Y100.7 E408.75711
G0 F9000 X102.07 Y102.07
G0 X106.552 Y103.925
G0 X112.355 Y103.925
G0 X117.93 Y102.07
G0 X118.885 Y100.7
G1 F600 X119.3 Y101.115 E408.78151
G0 F9000 X117 Y102.707
;MESH:NONMESH
G0 F300 X117 Y102.707 Z10.2
G0 F9000 X116.037 Y106.244
G0 X116.034 Y112.938
G0 X117.813 Y113.012
G0 X117.816 Y111.405
;TIME_ELAPSED:959.298590
;LAYER:101
;note -- min layer time used
;TYPE:WALL-OUTER
;MESH:xyzCalibration_cube.stl
G1 F600 X117.61 Y111.187 E408.79398
G1 X117.562 Y111.018 E408.80129
G1 X117.566 Y108.162 E408.92003
G1 X117.651 Y107.925 E408.9305
G1 X117.884 Y107.741 E408.94284
G1 X118.062 Y107.708 E408.95037
G1 X119.5 Y107.705 E409.01015
G1 X119.5 Y100.5 E409.3097
G1 X110.888 Y100.5 E409.66774
G1 X110.888 Y102.008 E409.73044
G1 X110.746 Y102.247 E409.742
G1 X110.629 Y102.335 E409.74808
G1 X110.435 Y102.394 E409.75652
G1 X108.453 Y102.394 E409.83892
G1 X108.191 Y102.259 E409.85117
G1 X108.074 Y102.089 E409.85975
G1 X108.036 Y101.896 E409.86793
G1 X108.036 Y100.5 E409.92597
G1 X100.5 Y100.5 E410.23928
G1 X100.5 Y119.5 E411.02921
G1 X119.5 Y119.5 E411.81913
G1 X119.5 Y111.471 E412.15294
G1 X118.058 Y111.468 E412.21289
G1 X117.816 Y111.405 E412.22329
G0 F9000 X117.812 Y113.068
G0 X117.93 Y117.93
G0 X119.3 Y118.784
;TYPE:FILL
G1 F600 X118.784 Y119.3 E412.25363
G0 F9000 X117.93 Y117.93
G0 X102.07 Y117.93
G0 X101.215 Y119.3
G1 F600 X100.7 Y118.785 E412.28391
G0 F9000 X102.07 Y117.93
G0 X102.07 Y102.07
G0 X100.7 Y101.215
G1 F600 X101.215 Y100.7 E412.31419
G0 F9000 X102.07 Y102.07
G0 X106.509 Y103.927
G0 X112.419 Y103.924
G0 X117.93 Y102.07
G0 X118.785 Y100.7
G1 F600 X119.3 Y101.215 E412.34447
G0 F9000 X117 Y102.707
;MESH:NONMESH
G0 F300 X117 Y102.707 Z10.3
G0 F9000 X116.037 Y106.184
G0 X116.034 Y112.993
G0 X117.749 Y113.068
G0 X117.753 Y111.419
;TIME_ELAPSED:970.415131
;LAYER:102
;note -- min layer time used
;TYPE:WALL-OUTER
;MESH:xyzCalibration_cube.stl
G1 F600 X117.645 Y111.305 E412.351
G1 X117.562 Y111.073 E412.36124
G1 X117.566 Y108.102 E412.48476
G1 X117.685 Y107.821 E412.49745
G1 X117.886 Y107.68 E412.50766
G1 X118.064 Y107.648 E412.51518
G1 X119.5 Y107.648 E412.57488
G1 X119.5 Y100.5 E412.87206
G1 X110.952 Y100.5 E413.22744
G1 X110.952 Y101.896 E413.28548
G1 X110.847 Y102.204 E413.29901
G1 X110.643 Y102.359 E413.30966
G1 X110.5 Y102.394 E413.31578
G1 X108.429 Y102.394 E413.40188
G1 X108.194 Y102.307 E413.4123
G1 X108.017 Y102.087 E413.42404
G1 X107.98 Y101.896 E413.43213
G1 X107.98 Y100.5 E413.49017
G1 X100.5 Y100.5 E413.80115
G1 X100.5 Y119.5 E414.59108
G1 X119.5 Y119.5 E415.38101
G1 X119.5 Y111.527 E415.71249
G1 X117.954 Y111.524 E415.77676
G1 X117.753 Y111.419 E415.78619
G0 F9000 X117.749 Y113.125
G0 X117.93 Y117.93
G0 X119.3 Y118.684
;TYPE:FILL
G1 F600 X118.684 Y119.3 E415.82241
G0 F9000 X117.93 Y117.93
G0 X102.07 Y117.93
G0 X101.315 Y119.3
G1 F600 X100.7 Y118.684 E415.8586
G0 F9000 X102.07 Y117.93
G0 X102.07 Y102.07
G0 X100.7 Y101.315
G1 F600 X101.315 Y100.7 E415.89476
G0 F9000 X102.07 Y102.07
G0 X106.454 Y103.927
G0 X112.483 Y103.924
G0 X117.93 Y102.07
G0 X118.685 Y100.7
G1 F600 X119.3 Y101.316 E415.93095
G0 F9000 X117 Y102.707
;MESH:NONMESH
G0 F300 X117 Y102.707 Z10.4
G0 F9000 X116.038 Y106.123
G0 X115.963 Y111.361
G0 X117.646 Y111.362
;TIME_ELAPSED:981.469298
;LAYER:103
;note -- min layer time used
;TYPE:WALL-OUTER
;MESH:xyzCalibration_cube.stl
G1 F600 X117.56 Y111.159 E415.94011
G1 X117.566 Y107.973 E416.07257
G1 X117.686 Y107.759 E416.08277
G1 X117.887 Y107.619 E416.09295
G1 X118.064 Y107.588 E416.10043
G1 X119.5 Y107.588 E416.16013
G1 X119.5 Y100.5 E416.45481
G1 X111.014 Y100.5 E416.80762
G1 X111.016 Y101.894 E416.86557
G1 X110.976 Y102.094 E416.87405
G1 X110.912 Y102.202 E416.87927
G1 X110.707 Y102.359 E416.89001
G1 X110.564 Y102.394 E416.89613
G1 X108.373 Y102.394 E416.98722
G1 X108.137 Y102.306 E416.99769
G1 X107.961 Y102.086 E417.00941
G1 X107.924 Y101.896 E417.01745
G1 X107.924 Y100.5 E417.07549
G1 X100.5 Y100.5 E417.38415
G1 X100.5 Y119.5 E418.17407
G1 X119.5 Y119.5 E418.964
G1 X119.5 Y111.583 E419.29315
G1 X118.058 Y111.58 E419.35311
G1 X117.862 Y111.54 E419.36142
G1 X117.646 Y111.362 E419.37306
G0 F9000 X115.963 Y111.361
G0 X116.034 Y113.108
G0 X117.93 Y117.93
G0 X119.3 Y118.585
;TYPE:FILL
G1 F600 X118.585 Y119.3 E419.4151
G0 F9000 X117.93 Y117.93
G0 X102.07 Y117.93
G0 X101.414 Y119.3
G1 F600 X100.7 Y118.585 E419.45711
G0 F9000 X102.07 Y117.93
G0 X102.07 Y102.07
G0 X100.7 Y101.414
G1 F600 X101.414 Y100.7 E419.49909
G0 F9000 X102.07 Y102.07
G0 X106.398 Y103.927
G0 X112.548 Y103.924
G0 X117.93 Y102.07
G0 X118.586 Y100.7
G1 F600 X119.3 Y101.415 E419.5411
G0 F9000 X117 Y102.707
;MESH:NONMESH
G0 F300 X117 Y102.707 Z10.5
G0 F9000 X116.038 Y106.065
G0 X116.034 Y113.108
G0 X117.692 Y113.182
G0 X117.695 Y111.479
;TIME_ELAPSED:992.803063
;LAYER:104
;note -- min layer time used
;TYPE:WALL-OUTER
;MESH:xyzCalibration_cube.stl
G1 F600 X117.56 Y111.21 E419.55361
G1 X117.566 Y107.981 E419.68786
G1 X117.687 Y107.698 E419.70065
G1 X117.889 Y107.559 E419.71085
G1 X118.064 Y107.528 E419.71824
G1 X119.5 Y107.528 E419.77794
G1 X119.5 Y100.5 E420.07013
G1 X111.078 Y100.5 E420.42028
G1 X111.08 Y101.894 E420.47823
G1 X111.041 Y102.092 E420.48662
G1 X110.879 Y102.298 E420.49752
G1 X110.628 Y102.394 E420.50869
G1 X108.317 Y102.394 E420.60477
G1 X108.08 Y102.305 E420.61529
G1 X107.904 Y102.085 E420.62701
G1 X107.868 Y101.896 E420.63501
G1 X107.868 Y100.5 E420.69305
G1 X100.5 Y100.5 E420.99937
G1 X100.5 Y119.5 E421.7893
G1 X119.5 Y119.5 E422.57923
G1 X119.5 Y111.639 E422.90605
G1 X118.058 Y111.636 E422.966
G1 X117.864 Y111.597 E422.97423
G1 X117.695 Y111.479 E422.9828
G0 F9000 X115.963 Y111.478
G0 X116.034 Y113.163
G0 X117.93 Y117.93
G0 X119.3 Y118.484
;TYPE:FILL
G1 F600 X118.484 Y119.3 E423.03078
G0 F9000 X117.93 Y117.93
G0 X102.07 Y117.93
G0 X101.514 Y119.3
G1 F600 X100.7 Y118.485 E423.07867
G0 F9000 X102.07 Y117.93
G0 X102.07 Y102.07
G0 X100.7 Y101.514
G1 F600 X101.514 Y100.7 E423.12653
G0 F9000 X102.07 Y102.07
G0 X106.34 Y103.927
G0 X112.612 Y103.924
G0 X117.93 Y102.07
G0 X118.485 Y100.7
G1 F600 X119.3 Y101.514 E423.17441
G0 F9000 X117 Y102.707
;MESH:NONMESH
G0 F300 X117 Y102.707 Z10.6
G0 F9000 X116.038 Y106.005
G0 X116.034 Y113.163
G0 X117.692 Y113.238
G0 X117.696 Y111.54
;TIME_ELAPSED:1004.196043
;LAYER:105
;note -- min layer time used
;TYPE:WALL-OUTER
;MESH:xyzCalibration_cube.stl
G1 F600 X117.56 Y111.271 E423.18695
G1 X117.566 Y107.852 E423.32909
G1 X117.688 Y107.637 E423.33937
G1 X117.891 Y107.498 E423.3496
G1 X118.064 Y107.468 E423.3569
G1 X119.5 Y107.468 E423.4166
G1 X119.5 Y100.5 E423.7063
G1 X111.142 Y100.5 E424.05378
G1 X111.144 Y101.894 E424.11174
G1 X111.043 Y102.199 E424.12509
G1 X110.837 Y102.358 E424.13591
G1 X110.692 Y102.394 E424.14213
G1 X108.261 Y102.394 E424.24319
G1 X108.023 Y102.305 E424.25376
G1 X107.848 Y102.083 E424.26551
G1 X107.812 Y101.896 E424.27343
G1 X107.812 Y100.5 E424.33147
G1 X100.5 Y100.5 E424.63546
G1 X100.5 Y119.5 E425.42539
G1 X119.5 Y119.5 E426.21532
G1 X119.5 Y111.699 E426.53965
G1 X118.058 Y111.696 E426.5996
G1 X117.865 Y111.657 E426.60779
G1 X117.696 Y111.54 E426.61633
G0 F9000 X115.963 Y111.539
G0 X116.034 Y113.22
G0 X117.93 Y117.93
G0 X119.3 Y118.385
;TYPE:FILL
G1 F600 X118.384 Y119.3 E426.67016
G0 F9000 X117.93 Y117.93
G0 X102.07 Y117.93
G0 X101.615 Y119.3
G1 F600 X100.7 Y118.385 E426.72396
G0 F9000 X102.07 Y117.93
G0 X102.07 Y102.07
G0 X100.7 Y101.615
G1 F600 X101.615 Y100.7 E426.77776
G0 F9000 X102.07 Y102.07
G0 X106.284 Y103.927
G0 X112.676 Y103.924
G0 X117.93 Y102.07
G0 X118.385 Y100.7
G1 F600 X119.3 Y101.615 E426.83156
G0 F9000 X117 Y102.707
;MESH:NONMESH
G0 F300 X117 Y102.707 Z10.7
G0 F9000 X116.038 Y105.945
G0 X115.963 Y111.536
G0 X117.648 Y111.537
;TIME_ELAPSED:1015.530812
;LAYER:106
;note -- min layer time used
;TYPE:WALL-OUTER
;MESH:xyzCalibration_cube.stl
G1 F600 X117.56 Y111.251 E426.844
G1 X117.566 Y107.79 E426.98789
G1 X117.689 Y107.576 E426.99815
G1 X117.892 Y107.438 E427.00836
G1 X118.064 Y107.408 E427.01561
G1 X119.5 Y107.408 E427.07532
G1 X119.5 Y100.5 E427.36252
G1 X111.208 Y100.5 E427.70726
G1 X111.208 Y101.896 E427.7653
G1 X111.17 Y102.089 E427.77348
G1 X111.009 Y102.296 E427.78438
G1 X110.757 Y102.394 E427.79562
G1 X108.205 Y102.394 E427.90172
G1 X107.966 Y102.304 E427.91234
G1 X107.791 Y102.082 E427.92409
G1 X107.756 Y101.896 E427.93196
G1 X107.756 Y100.5 E427.99
G1 X100.5 Y100.5 E428.29167
G1 X100.5 Y119.5 E429.0816
G1 X119.5 Y119.5 E429.87152
G1 X119.5 Y111.752 E430.19365
G1 X118.06 Y111.752 E430.25352
G1 X117.867 Y111.714 E430.26169
G1 X117.648 Y111.537 E430.2734
G0 F9000 X115.965 Y111.536
G0 X116.035 Y113.278
G0 X117.93 Y117.93
G0 X119.3 Y118.283
;TYPE:FILL
G1 F600 X118.283 Y119.3 E430.3332
G0 F9000 X117.93 Y117.93
G0 X102.07 Y117.93
G0 X101.715 Y119.3
G1 F600 X100.7 Y118.284 E430.3929
G0 F9000 X102.07 Y117.93
G0 X102.07 Y102.07
G0 X100.7 Y101.715
G1 F600 X101.715 Y100.7 E430.45258
G0 F9000 X102.07 Y102.07
G0 X106.229 Y103.927
G0 X112.738 Y103.924
G0 X117.93 Y102.07
G0 X118.284 Y100.7
G1 F600 X119.3 Y101.715 E430.51229
G0 F9000 X117 Y102.707
;MESH:NONMESH
G0 F300 X117 Y102.707 Z10.8
G0 F9000 X116.035 Y105.885
G0 X116.035 Y113.278
G0 X117.695 Y113.352
G0 X117.698 Y111.654
;TIME_ELAPSED:1027.047947
;LAYER:107
;note -- min layer time used
;TYPE:WALL-OUTER
;MESH:xyzCalibration_cube.stl
G1 F600 X117.56 Y111.383 E430.52493
G1 X117.566 Y107.801 E430.67386
G1 X117.65 Y107.566 E430.68423
G1 X117.79 Y107.429 E430.69238
G1 X118.064 Y107.348 E430.70425
G1 X119.5 Y107.348 E430.76396
G1 X119.5 Y100.5 E431.04866
G1 X111.272 Y100.5 E431.39074
G1 X111.272 Y101.896 E431.44878
G1 X111.235 Y102.088 E431.45691
G1 X111.075 Y102.295 E431.46779
G1 X110.821 Y102.394 E431.47912
G1 X108.149 Y102.394 E431.59021
G1 X107.909 Y102.303 E431.60088
G1 X107.735 Y102.08 E431.61264
G1 X107.7 Y101.896 E431.62043
G1 X107.7 Y100.5 E431.67847
G1 X100.5 Y100.5 E431.97781
G1 X100.5 Y119.5 E432.76774
G1 X119.5 Y119.5 E433.55767
G1 X119.5 Y111.811 E433.87734
G1 X118.058 Y111.808 E433.93729
G1 X117.868 Y111.77 E433.94534
G1 X117.698 Y111.654 E433.9539
G0 F9000 X115.964 Y111.653
G0 X116.035 Y113.333
G0 X117.93 Y117.93
G0 X119.3 Y118.185
;TYPE:FILL
G1 F600 X118.184 Y119.3 E434.01949
G0 F9000 X117.93 Y117.93
G0 X102.07 Y117.93
G0 X101.814 Y119.3
G1 F600 X100.7 Y118.185 E434.08502
G0 F9000 X102.07 Y117.93
G0 X102.07 Y102.07
G0 X100.7 Y101.814
G1 F600 X101.814 Y100.7 E434.15052
G0 F9000 X102.07 Y102.07
G0 X106.173 Y103.927
G0 X112.802 Y103.924
G0 X117.93 Y102.07
G0 X118.185 Y100.7
G1 F600 X119.3 Y101.815 E434.21607
G0 F9000 X117 Y102.707
;MESH:NONMESH
G0 F300 X117 Y102.707 Z10.9
G0 F9000 X116.036 Y105.824
G0 X116.035 Y113.333
G0 X117.695 Y113.408
G0 X117.699 Y111.711
;TIME_ELAPSED:1038.626078
;LAYER:108
;note -- min layer time used
;TYPE:WALL-OUTER
;MESH:xyzCalibration_cube.stl
G1 F600 X117.56 Y111.44 E434.22874
G1 X117.566 Y107.708 E434.38389
G1 X117.692 Y107.453 E434.39572
G1 X117.938 Y107.288 E434.40803
G1 X119.5 Y107.288 E434.47298
G1 X119.5 Y100.5 E434.75519
G1 X111.336 Y100.5 E435.09461
G1 X111.336 Y101.896 E435.15265
G1 X111.299 Y102.086 E435.16069
G1 X111.14 Y102.294 E435.17158
G1 X110.885 Y102.394 E435.18297
G1 X108.092 Y102.394 E435.29909
G1 X107.851 Y102.302 E435.30981
G1 X107.678 Y102.079 E435.32154
G1 X107.644 Y101.896 E435.32928
G1 X107.644 Y100.5 E435.38732
G1 X100.5 Y100.5 E435.68434
G1 X100.5 Y119.5 E436.47426
G1 X119.5 Y119.5 E437.26419
G1 X119.5 Y111.867 E437.58153
G1 X118.058 Y111.864 E437.64149
G1 X117.869 Y111.827 E437.64949
G1 X117.699 Y111.711 E437.65805
G0 F9000 X115.964 Y111.71
G0 X116.035 Y113.39
G0 X117.93 Y117.93
G0 X119.3 Y118.084
;TYPE:FILL
G1 F600 X118.084 Y119.3 E437.72955
G0 F9000 X117.93 Y117.93
G0 X102.07 Y117.93
G0 X101.915 Y119.3
G1 F600 X100.7 Y118.085 E437.80098
G0 F9000 X102.07 Y117.93
G0 X102.07 Y102.07
G0 X100.7 Y101.915
G1 F600 X101.915 Y100.7 E437.87242
G0 F9000 X102.07 Y102.07
G0 X106.115 Y103.927
G0 X112.866 Y103.924
G0 X117.93 Y102.07
G0 X118.085 Y100.7
G1 F600 X119.3 Y101.915 E437.94386
G0 F9000 X117 Y102.707
;MESH:NONMESH
G0 F300 X117 Y102.707 Z11
G0 F9000 X116.038 Y105.766
G0 X115.964 Y111.707
G0 X117.65 Y111.708
;TIME_ELAPSED:1050.149507
;LAYER:109
;note -- min layer time used
;TYPE:WALL-OUTER
;MESH:xyzCalibration_cube.stl
G1 F600 X117.562 Y111.47 E437.95441
G1 X117.566 Y107.609 E438.11493
G1 X117.693 Y107.392 E438.12538
G1 X117.939 Y107.228 E438.13767
G1 X119.5 Y107.228 E438.20257
G1 X119.5 Y100.5 E438.48229
G1 X111.4 Y100.5 E438.81905
G1 X111.4 Y101.896 E438.87709
G1 X111.364 Y102.084 E438.88505
G1 X111.205 Y102.293 E438.89596
G1 X110.9 Y102.397 E438.90936
G1 X108.036 Y102.394 E439.02843
G1 X107.794 Y102.302 E439.0392
G1 X107.621 Y102.077 E439.051
G1 X107.588 Y101.896 E439.05865
G1 X107.588 Y100.5 E439.11669
G1 X100.5 Y100.5 E439.41137
G1 X100.5 Y119.5 E440.2013
G1 X119.5 Y119.5 E440.99123
G1 X119.5 Y111.923 E441.30624
G1 X118.058 Y111.92 E441.36619
G1 X117.871 Y111.883 E441.37412
G1 X117.65 Y111.708 E441.38584
G0 F9000 X115.964 Y111.707
G0 X116.035 Y113.448
G0 X117.9 Y117.984
G0 X119.3 Y117.984
;TYPE:FILL
G1 F600 X117.984 Y119.3 E441.46321
G0 F9000 X117.984 Y117.9
G0 X102.015 Y117.9
G0 X102.015 Y119.3
G1 F600 X100.7 Y117.984 E441.54056
G0 F9000 X102.1 Y117.984
G0 X102.1 Y102.015
G0 X100.7 Y102.015
G1 F600 X102.015 Y100.7 E441.61788
G0 F9000 X102.015 Y102.1
G0 X106.059 Y103.926
G0 X112.93 Y103.926
G0 X117.984 Y102.1
G0 X117.984 Y100.7
G1 F600 X119.3 Y102.016 E441.69525
G0 F9000 X117 Y103
;MESH:NONMESH
G0 F300 X117 Y103 Z11.1
G0 F9000 X116.038 Y105.706
G0 X116.035 Y113.448
G0 X117.698 Y113.522
G0 X117.701 Y111.825
;TIME_ELAPSED:1061.872034
;LAYER:110
;note -- min layer time used
;TYPE:WALL-OUTER
;MESH:xyzCalibration_cube.stl
G1 F600 X117.613 Y111.702 E441.70154
G1 X117.562 Y111.526 E441.70916
G1 X117.566 Y107.62 E441.87155
G1 X117.649 Y107.387 E441.88184
G1 X117.796 Y107.245 E441.89033
G1 X118.064 Y107.168 E441.90193
G1 X119.5 Y107.168 E441.96163
G1 X119.5 Y100.5 E442.23885
G1 X111.464 Y100.5 E442.57295
G1 X111.464 Y101.896 E442.63099
G1 X111.429 Y102.083 E442.6389
G1 X111.271 Y102.292 E442.64979
G1 X111.032 Y102.397 E442.66064
G1 X107.98 Y102.394 E442.78753
G1 X107.737 Y102.301 E442.79835
G1 X107.565 Y102.076 E442.81012
G1 X107.532 Y101.896 E442.81773
G1 X107.532 Y100.5 E442.87577
G1 X100.5 Y100.5 E443.16813
G1 X100.5 Y119.5 E443.95805
G1 X119.5 Y119.5 E444.74798
G1 X119.5 Y111.979 E445.06067
G1 X118.058 Y111.976 E445.12062
G1 X117.872 Y111.94 E445.1285
G1 X117.701 Y111.825 E445.13706
G0 F9000 X115.964 Y111.824
G0 X116.035 Y113.503
G0 X117.9 Y117.885
G0 X119.3 Y117.885
;TYPE:FILL
G1 F600 X117.885 Y119.3 E445.22026
G0 F9000 X117.885 Y117.9
G0 X102.114 Y117.9
G0 X102.114 Y119.3
G1 F600 X100.7 Y117.885 E445.30343
G0 F9000 X102.1 Y117.885
G0 X102.1 Y102.114
G0 X100.7 Y102.114
G1 F600 X102.114 Y100.7 E445.38657
G0 F9000 X102.114 Y102.1
G0 X106.003 Y103.928
G0 X112.994 Y103.925
G0 X117.886 Y102.1
G0 X117.886 Y100.7
G1 F600 X119.3 Y102.115 E445.46973
G0 F9000 X117 Y103
;MESH:NONMESH
G0 F300 X117 Y103 Z11.2
G0 F9000 X116.038 Y105.646
G0 X115.964 Y111.825
G0 X117.652 Y111.826
;TIME_ELAPSED:1073.524795
;LAYER:111
;note -- min layer time used
;TYPE:WALL-OUTER
;MESH:xyzCalibration_cube.stl
G1 F600 X117.562 Y111.587 E445.48035
G1 X117.566 Y107.56 E445.64777
G1 X117.65 Y107.326 E445.65811
G1 X117.799 Y107.183 E445.6667
G1 X118.064 Y107.108 E445.67815
G1 X119.5 Y107.108 E445.73785
G1 X119.5 Y100.5 E446.01258
G1 X111.528 Y100.5 E446.34402
G1 X111.528 Y101.896 E446.40205
G1 X111.493 Y102.081 E446.40988
G1 X111.336 Y102.291 E446.42078
G1 X111.028 Y102.397 E446.43433
G1 X107.924 Y102.394 E446.56337
G1 X107.744 Y102.34 E446.57119
G1 X107.619 Y102.247 E446.57767
G1 X107.508 Y102.074 E446.58621
G1 X107.476 Y101.896 E446.59373
G1 X107.476 Y100.5 E446.65177
G1 X100.5 Y100.5 E446.9418
G1 X100.5 Y119.5 E447.73173
G1 X119.5 Y119.5 E448.52165
G1 X119.5 Y112.039 E448.83185
G1 X118.058 Y112.036 E448.8918
G1 X117.874 Y112.001 E448.89958
G1 X117.652 Y111.826 E448.91134
G0 F9000 X115.964 Y111.825
G0 X116.035 Y113.56
G0 X117.9 Y117.784
G0 X119.3 Y117.784
;TYPE:FILL
G1 F600 X117.784 Y119.3 E449.00047
G0 F9000 X117.784 Y117.9
G0 X102.214 Y117.9
G0 X102.214 Y119.3
G1 F600 X100.7 Y117.785 E449.08952
G0 F9000 X102.1 Y117.785
G0 X102.1 Y102.214
G0 X100.7 Y102.214
G1 F600 X102.214 Y100.7 E449.17854
G0 F9000 X102.214 Y102.1
G0 X105.948 Y103.928
G0 X113.058 Y103.925
G0 X117.785 Y102.1
G0 X117.785 Y100.7
G1 F600 X119.3 Y102.214 E449.26758
G0 F9000 X117 Y103
;MESH:NONMESH
G0 F300 X117 Y103 Z11.3
G0 F9000 X116.037 Y105.586
G0 X116.035 Y113.56
G0 X117.765 Y113.635
G0 X117.769 Y111.999
;TIME_ELAPSED:1085.346809
;LAYER:112
;note -- min layer time used
;TYPE:WALL-OUTER
;MESH:xyzCalibration_cube.stl
G1 F600 X117.614 Y111.82 E449.27743
G1 X117.562 Y111.643 E449.2851
G1 X117.566 Y107.504 E449.45718
G1 X117.696 Y107.212 E449.47047
G1 X117.942 Y107.052 E449.48267
G1 X119.5 Y107.049 E449.54744
G1 X119.5 Y100.5 E449.81972
G1 X111.592 Y100.5 E450.14849
G1 X111.592 Y101.896 E450.20653
G1 X111.558 Y102.079 E450.21427
G1 X111.402 Y102.29 E450.22518
G1 X111.092 Y102.397 E450.23881
G1 X107.864 Y102.394 E450.37302
G1 X107.619 Y102.299 E450.38394
G1 X107.447 Y102.072 E450.39578
G1 X107.416 Y101.894 E450.4033
G1 X107.418 Y100.5 E450.46125
G1 X100.5 Y100.5 E450.74887
G1 X100.5 Y119.5 E451.5388
G1 X119.5 Y119.5 E452.32873
G1 X119.5 Y112.092 E452.63671
G1 X118.06 Y112.092 E452.69658
G1 X117.769 Y111.999 E452.70928
G0 F9000 X117.766 Y113.692
G0 X117.9 Y117.684
G0 X119.3 Y117.684
;TYPE:FILL
G1 F600 X117.684 Y119.3 E452.8043
G0 F9000 X117.684 Y117.9
G0 X102.315 Y117.9
G0 X102.315 Y119.3
G1 F600 X100.7 Y117.684 E452.89928
G0 F9000 X102.1 Y117.684
G0 X102.1 Y102.315
G0 X100.7 Y102.315
G1 F600 X102.315 Y100.7 E452.99424
G0 F9000 X102.315 Y102.1
G0 X105.89 Y103.928
G0 X113.122 Y103.925
G0 X117.684 Y102.1
G0 X117.684 Y100.7
G1 F600 X119.3 Y102.316 E453.08925
G0 F9000 X117 Y103
;MESH:NONMESH
G0 F300 X117 Y103 Z11.4
G0 F9000 X116.037 Y105.525
G0 X115.964 Y111.938
G0 X117.657 Y111.94
;TIME_ELAPSED:1096.990142
;LAYER:113
;note -- min layer time used
;TYPE:WALL-OUTER
;MESH:xyzCalibration_cube.stl
G1 F600 X117.566 Y111.699 E453.09996
G1 X117.566 Y107.444 E453.27687
G1 X117.652 Y107.208 E453.28731
G1 X117.803 Y107.065 E453.29596
G1 X118.062 Y106.992 E453.30714
G1 X119.5 Y106.989 E453.36693
G1 X119.5 Y100.5 E453.63671
G1 X111.656 Y100.5 E453.96282
G1 X111.656 Y101.896 E454.02086
G1 X111.623 Y102.078 E454.02855
G1 X111.467 Y102.289 E454.03946
G1 X111.206 Y102.394 E454.05116
G1 X107.807 Y102.394 E454.19247
G1 X107.562 Y102.298 E454.20341
G1 X107.391 Y102.071 E454.21523
G1 X107.36 Y101.894 E454.2227
G1 X107.362 Y100.5 E454.28066
G1 X100.501 Y100.501 E454.5659
G1 X100.5 Y119.5 E455.35579
G1 X119.5 Y119.5 E456.14572
G1 X119.5 Y112.151 E456.45125
G1 X118.062 Y112.148 E456.51104
G1 X117.88 Y112.114 E456.51874
G1 X117.657 Y111.94 E456.5305
G0 F9000 X115.965 Y111.939
G0 X116.036 Y113.673
G0 X117.9 Y117.583
G0 X119.3 Y117.583
;TYPE:FILL
G1 F600 X117.583 Y119.3 E456.63145
G0 F9000 X117.583 Y117.9
G0 X102.415 Y117.9
G0 X102.415 Y119.3
G1 F600 X100.7 Y117.584 E456.73231
G0 F9000 X102.1 Y117.584
G0 X102.1 Y102.414
G0 X100.701 Y102.414
G1 F600 X102.415 Y100.7 E456.83309
G0 F9000 X102.415 Y102.1
G0 X105.834 Y103.927
G0 X113.186 Y103.925
G0 X117.585 Y102.1
G0 X117.585 Y100.7
G1 F600 X119.3 Y102.415 E456.93393
G0 F9000 X117 Y103
;MESH:NONMESH
G0 F300 X117 Y103 Z11.5
G0 F9000 X116.039 Y105.467
G0 X115.967 Y109.57
G0 X118.024 Y109.572
;TIME_ELAPSED:1108.760881
;LAYER:114
;note -- min layer time used
;TYPE:WALL-OUTER
;MESH:xyzCalibration_cube.stl
G1 F656.1 X119.538 Y109.574 E456.99209
G1 F3600 E452.99209
G0 F9000 X117.047 Y109.57
G0 X115.965 Y112.057
G0 X117.71 Y112.058
G1 F3600 E456.99209
G1 F606.3 X117.619 Y111.934 E456.99848
G1 X117.566 Y111.756 E457.0062
G1 X117.567 Y109.972 E457.08037
G1 F612.4 X117.645 Y109.78 E457.0889
G1 F636.8 X118.024 Y109.572 E457.10601
G1 X117.645 Y109.364 E457.12313
G1 F612.4 X117.564 Y109.142 E457.13285
G1 F606.3 X117.566 Y107.384 E457.20594
G1 X117.653 Y107.146 E457.21648
G1 X117.805 Y107.003 E457.22515
G1 X118.062 Y106.932 E457.23624
G1 X119.5 Y106.929 E457.29602
G1 X119.5 Y100.5 E457.56331
G1 X111.72 Y100.5 E457.88677
G1 X111.72 Y101.896 E457.9448
G1 X111.687 Y102.076 E457.95241
G1 X111.58 Y102.244 E457.96069
G1 X111.422 Y102.354 E457.9687
G1 X111.271 Y102.394 E457.97519
G1 X107.751 Y102.394 E458.12154
G1 X107.505 Y102.297 E458.13253
G1 X107.334 Y102.069 E458.14438
G1 X107.304 Y101.894 E458.15176
G1 X107.306 Y100.5 E458.20972
G1 X100.5 Y100.5 E458.49268
G1 X100.5 Y119.5 E459.28261
G1 X119.5 Y119.5 E460.07253
G1 X119.5 Y112.207 E460.37574
G1 X118.062 Y112.204 E460.43553
G1 X117.881 Y112.17 E460.44318
G1 X117.71 Y112.058 E460.45168
G0 F9000 X115.965 Y112.057
G0 X116.036 Y113.73
G0 X117.9 Y117.485
G0 X119.3 Y117.485
;TYPE:FILL
G1 F606.3 X117.484 Y119.3 E460.55843
G0 F9000 X117.484 Y117.9
G0 X102.514 Y117.9
G0 X102.514 Y119.3
G1 F606.3 X100.7 Y117.485 E460.66511
G0 F9000 X102.1 Y117.485
G0 X102.1 Y102.514
G0 X100.7 Y102.514
G1 F606.3 X102.514 Y100.7 E460.77177
G0 F9000 X102.514 Y102.1
G0 X105.778 Y103.927
G0 X113.25 Y103.925
G0 X117.485 Y102.1
G0 X117.485 Y100.7
G1 F606.3 X119.3 Y102.515 E460.87848
G0 F9000 X117 Y103
;MESH:NONMESH
G0 F300 X117 Y103 Z11.6
G0 F9000 X116.039 Y105.407
G0 X115.967 Y109.568
G0 X118.019 Y109.57
;TIME_ELAPSED:1121.336264
;LAYER:115
;note -- min layer time used
;TYPE:WALL-OUTER
;MESH:xyzCalibration_cube.stl
G1 F586.2 X119.481 Y109.571 E460.94164
G1 F3600 E456.94164
G0 F9000 X117.047 Y109.568
G0 X115.965 Y112.114
G0 X117.711 Y112.115
G1 F3600 E460.94164
G1 F609.1 X117.619 Y111.99 E460.94809
G1 X117.566 Y111.812 E460.95581
G1 X117.568 Y110.02 E461.03031
G1 F605.4 X117.645 Y109.804 E461.0399
G1 F593.6 X118.019 Y109.57 E461.05872
G1 X117.645 Y109.336 E461.07754
G1 F605.4 X117.565 Y109.086 E461.08852
G1 F609.1 X117.566 Y107.25 E461.16485
G1 X117.7 Y107.028 E461.17563
G1 X117.944 Y106.872 E461.18767
G1 X119.5 Y106.869 E461.25236
G1 X119.5 Y100.5 E461.51716
G1 X111.784 Y100.5 E461.83795
G1 X111.784 Y101.896 E461.89599
G1 X111.752 Y102.074 E461.90351
G1 X111.645 Y102.243 E461.91183
G1 X111.487 Y102.354 E461.91985
G1 X111.335 Y102.394 E461.92639
G1 X107.695 Y102.394 E462.07772
G1 X107.448 Y102.297 E462.08875
G1 X107.278 Y102.068 E462.10061
G1 X107.248 Y101.896 E462.10787
G1 X107.248 Y100.5 E462.16591
G1 X100.5 Y100.5 E462.44646
G1 X100.5 Y119.5 E463.23639
G1 X119.5 Y119.5 E464.02631
G1 X119.5 Y112.263 E464.32719
G1 X118.062 Y112.26 E464.38698
G1 X117.883 Y112.227 E464.39455
G1 X117.711 Y112.115 E464.40308
G0 F9000 X115.965 Y112.114
G0 X116.036 Y113.788
G0 X117.9 Y117.384
G0 X119.3 Y117.384
;TYPE:FILL
G1 F609.1 X117.384 Y119.3 E464.51573
G0 F9000 X117.384 Y117.9
G0 X102.615 Y117.9
G0 X102.615 Y119.3
G1 F609.1 X100.7 Y117.385 E464.62833
G0 F9000 X102.1 Y117.385
G0 X102.1 Y102.615
G0 X100.7 Y102.615
G1 F609.1 X102.615 Y100.7 E464.74092
G0 F9000 X102.615 Y102.1
G0 X105.723 Y103.927
G0 X113.314 Y103.925
G0 X117.385 Y102.1
G0 X117.385 Y100.7
G1 F609.1 X119.3 Y102.615 E464.85352
G0 F9000 X117 Y103
;MESH:NONMESH
G0 F300 X117 Y103 Z11.7
G0 F9000 X116.039 Y105.347
G0 X115.967 Y109.568
G0 X118.014 Y109.57
;TIME_ELAPSED:1133.930913
;LAYER:116
;note -- min layer time used
;TYPE:WALL-OUTER
;MESH:xyzCalibration_cube.stl
G1 F531.8 X119.426 Y109.57 E464.92103
G1 F3600 E460.92103
G0 F9000 X117.047 Y109.567
G0 X117.036 Y112.845
G0 X117.775 Y113.918
G0 X117.779 Y112.228
G1 F3600 E464.92103
G1 F611.6 X117.62 Y112.047 E464.93104
G1 X117.566 Y111.868 E464.93882
G1 X117.567 Y110.081 E465.01311
G1 F598.4 X117.647 Y109.831 E465.02426
G1 F557 X118.014 Y109.57 E465.04482
G1 X117.647 Y109.309 E465.06538
G1 F598.4 X117.566 Y109.05 E465.07691
G1 F611.6 X117.566 Y107.19 E465.15424
G1 X117.701 Y106.967 E465.16508
G1 X117.948 Y106.812 E465.1772
G1 X119.5 Y106.812 E465.24173
G1 X119.5 Y100.5 E465.50415
G1 X111.846 Y100.5 E465.82237
G1 X111.848 Y101.894 E465.88032
G1 X111.817 Y102.072 E465.88783
G1 X111.709 Y102.243 E465.89624
G1 X111.608 Y102.324 E465.90162
G1 X111.399 Y102.394 E465.91079
G1 X107.639 Y102.394 E466.06711
G1 X107.39 Y102.296 E466.07824
G1 X107.192 Y102.027 E466.09212
G1 X107.192 Y100.5 E466.15561
G1 X100.5 Y100.5 E466.43383
G1 X100.5 Y119.5 E467.22376
G1 X119.5 Y119.5 E468.01369
G1 X119.5 Y112.319 E468.31224
G1 X118.062 Y112.316 E468.37202
G1 X117.779 Y112.228 E468.38434
G0 F9000 X117.775 Y113.918
G0 X117.9 Y117.284
G0 X119.3 Y117.284
;TYPE:FILL
G1 F611.6 X117.284 Y119.3 E468.50288
G0 F9000 X117.284 Y117.9
G0 X102.715 Y117.9
G0 X102.715 Y119.3
G1 F611.6 X100.7 Y117.284 E468.62138
G0 F9000 X102.1 Y117.284
G0 X102.1 Y102.715
G0 X100.7 Y102.715
G1 F611.6 X102.715 Y100.7 E468.73985
G0 F9000 X102.715 Y102.1
G0 X105.665 Y103.927
G0 X113.379 Y103.925
G0 X117.285 Y102.1
G0 X117.285 Y100.7
G1 F611.6 X119.3 Y102.716 E468.85836
G0 F9000 X117 Y103
;MESH:NONMESH
G0 F300 X117 Y103 Z11.8
G0 F9000 X116.967 Y109.567
G0 X118.068 Y109.568
;TIME_ELAPSED:1146.444443
;LAYER:117
;note -- min layer time used
;TYPE:WALL-OUTER
;MESH:xyzCalibration_cube.stl
G1 F485.7 X119.367 Y109.569 E468.92668
G1 F3600 E464.92668
G0 F9000 X117.047 Y109.566
G0 X117.036 Y112.902
G0 X117.71 Y113.975
G0 X117.714 Y112.234
G1 F3600 E468.92668
G1 F614.5 X117.62 Y112.108 E468.93321
G1 X117.566 Y111.928 E468.94102
G1 X117.568 Y110.129 E469.01582
G1 F596.6 X117.656 Y109.86 E469.02794
G1 F528.8 X118.068 Y109.568 E469.05233
G1 X117.658 Y109.273 E469.07674
G1 F596.6 X117.569 Y108.976 E469.09001
G1 F614.5 X117.566 Y107.13 E469.16676
G1 X117.703 Y106.905 E469.17771
G1 X117.947 Y106.752 E469.18969
G1 X119.5 Y106.749 E469.25425
G1 X119.5 Y100.5 E469.51406
G1 X111.91 Y100.5 E469.82961
G1 X111.912 Y101.894 E469.88757
G1 X111.881 Y102.07 E469.895
G1 X111.729 Y102.284 E469.90591
G1 X111.463 Y102.394 E469.91788
G1 X107.583 Y102.394 E470.07919
G1 X107.333 Y102.295 E470.09037
G1 X107.136 Y102.025 E470.10426
G1 X107.136 Y100.5 E470.16767
G1 X100.5 Y100.5 E470.44356
G1 X100.5 Y119.5 E471.23349
G1 X119.5 Y119.5 E472.02342
G1 X119.5 Y112.379 E472.31947
G1 X118.062 Y112.376 E472.37926
G1 X117.886 Y112.344 E472.38669
G1 X117.714 Y112.234 E472.39518
G0 F9000 X117.71 Y113.975
G0 X117.9 Y117.185
G0 X119.3 Y117.185
;TYPE:FILL
G1 F614.5 X117.185 Y119.3 E472.51954
G0 F9000 X117.185 Y117.9
G0 X102.814 Y117.9
G0 X102.814 Y119.3
G1 F614.5 X100.7 Y117.185 E472.64386
G0 F9000 X102.1 Y117.185
G0 X102.1 Y102.814
G0 X100.7 Y102.814
G1 F614.5 X102.814 Y100.7 E472.76816
G0 F9000 X102.814 Y102.1
G0 X105.609 Y103.927
G0 X113.443 Y103.925
G0 X117.185 Y102.1
G0 X117.185 Y100.7
G1 F614.5 X119.3 Y102.814 E472.89248
G0 F9000 X117 Y103
;MESH:NONMESH
G0 F300 X117 Y103 Z11.9
G0 F9000 X116.967 Y109.565
G0 X118.069 Y109.566
;TIME_ELAPSED:1158.972029
;LAYER:118
;note -- min layer time used
;TYPE:WALL-OUTER
;MESH:xyzCalibration_cube.stl
G1 F449 X119.311 Y109.566 E472.96348
G1 F3600 E468.96348
G0 F9000 X117.047 Y109.563
G0 X115.965 Y112.228
G0 X117.661 Y112.229
G1 F3600 E472.96348
G1 F617.3 X117.566 Y111.984 E472.97441
G1 X117.569 Y110.176 E473.04957
G1 F591.3 X117.661 Y109.887 E473.06274
G1 F501.9 X118.069 Y109.566 E473.08929
G1 X117.663 Y109.242 E473.11585
G1 F591.3 X117.569 Y108.924 E473.13024
G1 F617.3 X117.566 Y107.069 E473.20736
G1 X117.704 Y106.844 E473.21834
G1 X117.95 Y106.692 E473.23036
G1 X119.5 Y106.689 E473.2948
G1 X119.5 Y100.5 E473.55211
G1 X111.974 Y100.5 E473.865
G1 X111.976 Y101.894 E473.92296
G1 X111.946 Y102.068 E473.9303
G1 X111.794 Y102.283 E473.94125
G1 X111.528 Y102.394 E473.95323
G1 X107.526 Y102.394 E474.11961
G1 X107.276 Y102.294 E474.13081
G1 X107.158 Y102.166 E474.13805
G1 X107.08 Y101.896 E474.14973
G1 X107.08 Y100.5 E474.20777
G1 X100.5 Y100.5 E474.48133
G1 X100.5 Y119.5 E475.27126
G1 X119.5 Y119.5 E476.06119
G1 X119.5 Y112.435 E476.35492
G1 X118.062 Y112.432 E476.4147
G1 X117.888 Y112.401 E476.42205
G1 X117.661 Y112.229 E476.43389
G0 F9000 X115.965 Y112.228
G0 X116.036 Y113.956
G0 X117.9 Y117.084
G0 X119.3 Y117.084
;TYPE:FILL
G1 F617.3 X117.084 Y119.3 E476.56419
G0 F9000 X117.084 Y117.9
G0 X102.914 Y117.9
G0 X102.914 Y119.3
G1 F617.3 X100.7 Y117.085 E476.69439
G0 F9000 X102.1 Y117.085
G0 X102.1 Y102.914
G0 X100.7 Y102.914
G1 F617.3 X102.914 Y100.7 E476.82456
G0 F9000 X102.914 Y102.1
G0 X105.553 Y103.927
G0 X113.507 Y103.925
G0 X117.085 Y102.1
G0 X117.085 Y100.7
G1 F617.3 X119.3 Y102.915 E476.9548
G0 F9000 X117 Y103
;MESH:NONMESH
G0 F300 X117 Y103 Z12
G0 F9000 X116.967 Y109.563
G0 X118.068 Y109.564
;TIME_ELAPSED:1171.556810
;LAYER:119
;note -- min layer time used
;TYPE:WALL-OUTER
;MESH:xyzCalibration_cube.stl
G1 F416.3 X119.255 Y109.565 E477.02828
G1 F3600 E473.02828
G0 F9000 X117.047 Y109.562
G0 X117.036 Y113.015
G0 X117.712 Y114.088
G0 X117.716 Y112.348
G1 F3600 E477.02828
G1 F619.9 X117.621 Y112.222 E477.03484
G1 X117.566 Y112.041 E477.04271
G1 X117.567 Y110.246 E477.11733
G1 F585.9 X117.666 Y109.917 E477.13245
G1 F476.1 X118.068 Y109.564 E477.1614
G1 X117.668 Y109.209 E477.19035
G1 F585.9 X117.57 Y108.873 E477.20575
G1 F619.9 X117.57 Y107.049 E477.28158
G1 X117.709 Y106.783 E477.29406
G1 X117.954 Y106.632 E477.30603
G1 X119.5 Y106.629 E477.3703
G1 X119.5 Y100.5 E477.62512
G1 X112.038 Y100.5 E477.93535
G1 X112.04 Y101.894 E477.99331
G1 X112.011 Y102.067 E478.0006
G1 X111.902 Y102.242 E478.00917
G1 X111.627 Y102.394 E478.02223
G1 X107.47 Y102.394 E478.19506
G1 X107.219 Y102.293 E478.20631
G1 X107.024 Y102.024 E478.22012
G1 X107.024 Y100.5 E478.28348
G1 X100.501 Y100.501 E478.55468
G1 X100.5 Y119.5 E479.34457
G1 X119.5 Y119.5 E480.13449
G1 X119.5 Y112.491 E480.42589
G1 X118.062 Y112.488 E480.48568
G1 X117.889 Y112.457 E480.49299
G1 X117.716 Y112.348 E480.50149
G0 F9000 X117.712 Y114.088
G0 X117.9 Y116.984
G0 X119.3 Y116.984
;TYPE:FILL
G1 F619.9 X116.984 Y119.3 E480.63766
G0 F9000 X116.984 Y117.9
G0 X103.015 Y117.9
G0 X103.015 Y119.3
G1 F619.9 X100.7 Y116.984 E480.7738
G0 F9000 X102.1 Y116.984
G0 X102.1 Y103.013
G0 X100.701 Y103.013
G1 F619.9 X103.014 Y100.7 E480.9098
G0 F9000 X103.014 Y102.1
G0 X105.497 Y103.927
G0 X113.571 Y103.925
G0 X116.985 Y102.1
G0 X116.985 Y100.7
G1 F619.9 X119.3 Y103.016 E481.04594
G0 F9000 X117 Y103.016
G1 F3600 E477.04594
;MESH:NONMESH
G0 F300 X117 Y103.016 Z12.1
G0 F9000 X112.554 Y101.014
G0 X109.558 Y100.426
;TIME_ELAPSED:1184.238724
;LAYER:120
;note -- min layer time used
;TYPE:WALL-OUTER
;MESH:xyzCalibration_cube.stl
G1 F3600 E481.04594
G1 F766.1 X109.556 Y101.935 E481.09958
G1 F3600 E477.09958
G0 F9000 X109.557 Y104
G0 X116.035 Y114.07
G0 X117.782 Y114.145
G0 X117.786 Y112.461
G1 F3600 E481.09958
G1 F655 X117.662 Y112.343 E481.1067
G1 X117.566 Y112.096 E481.11771
G1 X117.568 Y110.291 E481.19276
G1 F598.7 X117.659 Y109.936 E481.20943
G1 F505.8 X117.828 Y109.75 E481.22296
G1 F434.3 X117.998 Y109.564 E481.23875
G1 X117.829 Y109.378 E481.25451
G1 F505.8 X117.659 Y109.192 E481.26808
G1 F598.7 X117.57 Y108.813 E481.28578
G1 F655 X117.57 Y106.948 E481.36332
G1 X117.71 Y106.722 E481.37437
G1 X117.956 Y106.572 E481.38635
G1 X119.5 Y106.569 E481.45055
G1 X119.5 Y100.5 E481.70287
G1 X112.102 Y100.5 E482.01044
G1 X112.104 Y101.894 E482.06839
G1 X112.075 Y102.065 E482.0756
G1 X111.926 Y102.28 E482.08648
G1 X111.658 Y102.394 E482.09859
G1 X109.868 Y102.4 E482.17301
G1 F671.1 X109.737 Y102.308 E482.1795
G1 F722.9 X109.556 Y101.935 E482.19512
G1 X109.372 Y102.306 E482.21072
G1 F671.1 X109.239 Y102.397 E482.21726
G1 F655 X107.414 Y102.394 E482.29313
G1 X107.162 Y102.292 E482.30444
G1 X106.968 Y102.022 E482.31826
G1 X106.968 Y100.5 E482.38154
G1 X100.5 Y100.5 E482.65044
G1 X100.5 Y119.5 E483.44037
G1 X119.5 Y119.5 E484.2303
G1 X119.5 Y112.547 E484.51937
G1 X118.062 Y112.544 E484.57916
G1 X117.786 Y112.461 E484.59114
G1 F3600 E480.59114
G0 F9000 X117.782 Y114.145
G0 X116.035 Y114.07
G0 X115.968 Y109.561
G0 X117.998 Y109.564
G1 F3600 E484.59114
G1 F406.6 X119.196 Y109.564 E484.67138
G1 F3600 E480.67138
G0 F9000 X118.986 Y106.059
G0 X117.9 Y103.114
G0 X119.3 Y103.114
;TYPE:FILL
G1 F3600 E484.67138
G1 F655 X116.885 Y100.7 E484.81334
G0 F9000 X116.885 Y102.1
G0 X113.633 Y103.925
G0 X105.442 Y103.927
G0 X103.114 Y102.1
G0 X103.114 Y100.7
G1 F655 X100.7 Y103.114 E484.95528
G0 F9000 X102.1 Y103.114
G0 X102.1 Y116.885
G0 X100.7 Y116.885
G1 F655 X103.114 Y119.3 E485.09724
G0 F9000 X103.114 Y117.9
G0 X116.885 Y117.9
G0 X116.885 Y119.3
G1 F655 X119.3 Y116.885 E485.23923
G0 F9000 X117 Y116.885
G1 F3600 E481.23923
;MESH:NONMESH
G0 F300 X117 Y116.885 Z12.2
G0 F9000 X109.562 Y102.9
G0 X109.56 Y100.488
;TIME_ELAPSED:1198.285811
;LAYER:121
;note -- min layer time used
;TYPE:WALL-OUTER
;MESH:xyzCalibration_cube.stl
G1 F3600 E485.23923
G1 F675.9 X109.56 Y101.938 E485.29819
G1 F3600 E481.29819
G0 F9000 X109.56 Y103.999
G0 X115.968 Y110.173
G0 X117.632 Y110.174
G1 F3600 E485.29819
G1 F675.9 X117.75 Y110.062 E485.30481
G1 F728 X118.03 Y109.991 E485.31571
G1 F768.6 X119.571 Y109.994 E485.37081
G1 F769.5 X119.571 Y109.133 E485.40156
G1 F768.6 X118.03 Y109.133 E485.45666
G1 F728 X117.75 Y109.062 E485.46756
G1 F675.9 X117.632 Y108.95 E485.47417
G1 F661 X117.571 Y108.767 E485.48219
G1 X117.57 Y106.887 E485.56036
G1 X117.712 Y106.66 E485.57149
G1 X117.958 Y106.512 E485.58342
G1 X119.5 Y106.512 E485.64753
G1 X119.5 Y100.5 E485.89748
G1 X112.166 Y100.5 E486.20239
G1 X112.168 Y102.022 E486.26567
G1 X111.991 Y102.278 E486.27861
G1 X111.721 Y102.394 E486.29083
G1 X109.979 Y102.392 E486.36325
G1 F663.7 X109.766 Y102.305 E486.37278
G1 F670.4 X109.56 Y101.938 E486.39003
G1 X109.354 Y102.305 E486.40729
G1 F663.7 X109.101 Y102.396 E486.41842
G1 F661 X107.359 Y102.398 E486.49084
G1 X107.105 Y102.295 E486.50224
G1 X106.986 Y102.163 E486.50963
G1 X106.912 Y101.9 E486.52099
G1 X106.912 Y100.5 E486.57919
G1 X100.5 Y100.5 E486.84577
G1 X100.5 Y119.5 E487.6357
G1 X119.5 Y119.5 E488.42563
G1 X119.5 Y112.603 E488.71237
G1 X118.062 Y112.6 E488.77216
G1 X117.788 Y112.518 E488.78405
G1 X117.663 Y112.4 E488.79119
G1 X117.566 Y112.152 E488.80227
G1 X117.568 Y110.389 E488.87556
G1 X117.632 Y110.174 E488.88489
G0 F9000 X115.968 Y110.173
G0 X116.037 Y114.126
G0 X117.9 Y116.785
G0 X119.3 Y116.785
;TYPE:FILL
G1 F661 X116.784 Y119.3 E489.03279
G0 F9000 X116.784 Y117.9
G0 X103.214 Y117.9
G0 X103.214 Y119.3
G1 F661 X100.7 Y116.785 E489.18063
G0 F9000 X102.1 Y116.785
G0 X102.1 Y103.214
G0 X100.7 Y103.214
G1 F661 X103.214 Y100.7 E489.32845
G0 F9000 X103.214 Y102.1
G0 X105.384 Y103.929
G0 X113.697 Y103.927
G0 X116.786 Y102.1
G0 X116.786 Y100.7
G1 F661 X119.3 Y103.215 E489.47629
G0 F9000 X117 Y103.215
G1 F3600 E485.47629
;MESH:NONMESH
G0 F300 X117 Y103.215 Z12.3
G0 F9000 X109.565 Y102.919
G0 X109.565 Y100.547
;TIME_ELAPSED:1211.159563
;LAYER:122
;note -- min layer time used
;TYPE:WALL-OUTER
;MESH:xyzCalibration_cube.stl
G1 F3600 E489.47629
G1 F599.8 X109.564 Y101.947 E489.54014
G1 F3600 E485.54014
G0 F9000 X109.565 Y104.001
G0 X115.968 Y109.019
G0 X117.757 Y109.02
G1 F3600 E489.54014
G1 F666.7 X117.64 Y108.903 E489.54693
G1 F658 X117.571 Y108.704 E489.55569
G1 X117.57 Y106.825 E489.63381
G1 X117.713 Y106.599 E489.64493
G1 X117.958 Y106.452 E489.65681
G1 X119.5 Y106.452 E489.72091
G1 X119.5 Y100.5 E489.96837
G1 X112.23 Y100.5 E490.27062
G1 X112.232 Y102.017 E490.33369
G1 X112.095 Y102.241 E490.34461
G1 X112.001 Y102.319 E490.34969
G1 X111.786 Y102.394 E490.35915
G1 X110.035 Y102.395 E490.43195
G1 F647.6 X109.796 Y102.309 E490.44268
G1 F617.2 X109.564 Y101.947 E490.46174
G1 X109.332 Y102.309 E490.48079
G1 F647.6 X109.093 Y102.395 E490.49152
G1 F658 X107.301 Y102.398 E490.56602
G1 X107.047 Y102.294 E490.57743
G1 X106.929 Y102.161 E490.58483
G1 X106.856 Y101.9 E490.59609
G1 X106.856 Y100.5 E490.6543
G1 X100.5 Y100.5 E490.91855
G1 X100.5 Y119.5 E491.70848
G1 X119.5 Y119.5 E492.49841
G1 X119.5 Y112.659 E492.78282
G1 X118.062 Y112.656 E492.84261
G1 X117.79 Y112.575 E492.85441
G1 X117.664 Y112.457 E492.86158
G1 X117.566 Y112.208 E492.87271
G1 X117.569 Y110.441 E492.94617
G1 X117.64 Y110.221 E492.95578
G1 F666.7 X117.757 Y110.104 E492.96257
G1 F694.1 X118.028 Y110.021 E492.97374
G1 F715.2 X119.541 Y110.021 E493.03161
G1 F716.8 X119.541 Y109.103 E493.06665
G1 F715.2 X118.028 Y109.103 E493.12452
G1 F694.1 X117.757 Y109.02 E493.13569
G0 F9000 X115.968 Y109.019
G0 X116.04 Y104.929
G0 X117.9 Y103.315
G0 X119.3 Y103.315
;TYPE:FILL
G1 F658 X116.685 Y100.7 E493.28945
G0 F9000 X116.685 Y102.1
G0 X113.761 Y103.926
G0 X105.328 Y103.928
G0 X103.315 Y102.1
G0 X103.315 Y100.7
G1 F658 X100.7 Y103.315 E493.4432
G0 F9000 X102.1 Y103.315
G0 X102.1 Y116.685
G0 X100.7 Y116.685
G1 F658 X103.315 Y119.3 E493.59695
G0 F9000 X103.315 Y117.9
G0 X116.684 Y117.9
G0 X116.684 Y119.3
G1 F658 X119.3 Y116.684 E493.75076
G0 F9000 X117 Y116.684
G1 F3600 E489.75076
;MESH:NONMESH
G0 F300 X117 Y116.684 Z12.4
G0 F9000 X109.568 Y102.901
G0 X109.567 Y100.607
;TIME_ELAPSED:1224.194547
;LAYER:123
;note -- min layer time used
;TYPE:WALL-OUTER
;MESH:xyzCalibration_cube.stl
G1 F3600 E493.75076
G1 F546.6 X109.568 Y101.953 E493.81886
G1 F3600 E489.81886
G0 F9000 X109.569 Y104.001
G0 X115.966 Y112.514
G0 X117.665 Y112.515
G1 F3600 E493.81886
G1 F665.2 X117.566 Y112.265 E493.83004
G1 X117.564 Y110.44 E493.90592
G1 X117.643 Y110.261 E493.91405
G1 F667.9 X117.759 Y110.14 E493.92099
G1 F677.4 X118.069 Y110.046 E493.93422
G1 F683.7 X119.513 Y110.048 E493.99263
G1 F683 X119.513 Y109.072 E494.03215
G1 F683.7 X118.069 Y109.074 E494.09057
G1 F677.4 X117.761 Y108.979 E494.10373
G1 F667.9 X117.646 Y108.857 E494.11067
G1 F665.2 X117.571 Y108.651 E494.11978
G1 X117.57 Y106.766 E494.19815
G1 X117.714 Y106.537 E494.2094
G1 X117.961 Y106.392 E494.22131
G1 X119.5 Y106.392 E494.28529
G1 X119.5 Y100.5 E494.53025
G1 X112.294 Y100.5 E494.82984
G1 X112.296 Y102.014 E494.89279
G1 X112.159 Y102.241 E494.90381
G1 X112.01 Y102.349 E494.91146
G1 X111.851 Y102.394 E494.91833
G1 X110.114 Y102.397 E494.99055
G1 F640.9 X109.825 Y102.309 E495.00359
G1 F579.5 X109.568 Y101.953 E495.02454
G1 X109.311 Y102.309 E495.0455
G1 F640.9 X109.014 Y102.398 E495.05888
G1 F665.2 X107.245 Y102.398 E495.13242
G1 X106.99 Y102.293 E495.14389
G1 X106.871 Y102.159 E495.15134
G1 X106.8 Y101.9 E495.16251
G1 X106.8 Y100.5 E495.22071
G1 X100.5 Y100.5 E495.48263
G1 X100.5 Y119.5 E496.27256
G1 X119.5 Y119.5 E497.06249
G1 X119.5 Y112.715 E497.34458
G1 X117.933 Y112.712 E497.40973
G1 X117.665 Y112.515 E497.42356
G0 F9000 X115.966 Y112.514
G0 X116.037 Y114.241
G0 X117.9 Y116.584
G0 X119.3 Y116.584
;TYPE:FILL
G1 F665.2 X116.584 Y119.3 E497.58325
G0 F9000 X116.584 Y117.9
G0 X103.415 Y117.9
G0 X103.415 Y119.3
G1 F665.2 X100.7 Y116.584 E497.74291
G0 F9000 X102.1 Y116.584
G0 X102.1 Y103.415
G0 X100.7 Y103.415
G1 F665.2 X103.415 Y100.7 E497.90254
G0 F9000 X103.415 Y102.1
G0 X105.272 Y103.928
G0 X113.825 Y103.926
G0 X116.584 Y102.1
G0 X116.584 Y100.7
G1 F665.2 X119.3 Y103.416 E498.06223
G0 F9000 X117 Y103.416
G1 F3600 E494.06223
;MESH:NONMESH
G0 F300 X117 Y103.416 Z12.5
G0 F9000 X109.571 Y102.901
G0 X109.57 Y100.666
;TIME_ELAPSED:1237.105159
;LAYER:124
;note -- min layer time used
;TYPE:WALL-OUTER
;MESH:xyzCalibration_cube.stl
G1 F3600 E498.06223
G1 F496.6 X109.57 Y101.958 E498.13394
G1 F3600 E494.13394
G0 F9000 X109.571 Y104.001
G0 X116.037 Y114.296
G0 X117.79 Y114.371
G0 X117.794 Y112.694
G1 F3600 E498.13394
G1 F662.9 X117.666 Y112.576 E498.14118
G1 X117.566 Y112.326 E498.15237
G1 X117.566 Y110.534 E498.22687
G1 X117.651 Y110.306 E498.23699
G1 F660.3 X117.766 Y110.181 E498.24408
G1 F651.2 X118.067 Y110.073 E498.25761
G1 F643.6 X119.485 Y110.076 E498.31834
G1 F643 X119.485 Y109.043 E498.36262
G1 F643.6 X118.068 Y109.043 E498.42329
G1 F651.2 X117.768 Y108.933 E498.43682
G1 F660.3 X117.653 Y108.809 E498.44388
G1 F662.9 X117.568 Y108.598 E498.45334
G1 X117.57 Y106.781 E498.52888
G1 X117.666 Y106.533 E498.53993
G1 X117.834 Y106.389 E498.54913
G1 X118.068 Y106.332 E498.55915
G1 X119.5 Y106.332 E498.61868
G1 X119.5 Y100.5 E498.86115
G1 X112.358 Y100.5 E499.15808
G1 X112.36 Y102.018 E499.22119
G1 X112.189 Y102.274 E499.23399
G1 X111.915 Y102.394 E499.24642
G1 X110.216 Y102.4 E499.31706
G1 F625.4 X109.852 Y102.307 E499.33362
G1 F539.9 X109.57 Y101.958 E499.35653
G1 X109.288 Y102.307 E499.37943
G1 F625.4 X108.931 Y102.4 E499.39569
G1 F662.9 X107.189 Y102.398 E499.46811
G1 X106.932 Y102.292 E499.47967
G1 X106.814 Y102.157 E499.48713
G1 X106.744 Y101.9 E499.4982
G1 X106.744 Y100.5 E499.55641
G1 X100.5 Y100.5 E499.816
G1 X100.5 Y119.5 E500.60593
G1 X119.5 Y119.5 E501.39586
G1 X119.5 Y112.775 E501.67545
G1 X118.062 Y112.772 E501.73524
G1 X117.794 Y112.694 E501.74684
G0 F9000 X117.79 Y114.371
G0 X117.9 Y116.485
G0 X119.3 Y116.485
;TYPE:FILL
G1 F662.9 X116.485 Y119.3 E501.91235
G0 F9000 X116.485 Y117.9
G0 X103.514 Y117.9
G0 X103.514 Y119.3
G1 F662.9 X100.7 Y116.485 E502.07783
G0 F9000 X102.1 Y116.485
G0 X102.1 Y103.514
G0 X100.7 Y103.514
G1 F662.9 X103.514 Y100.7 E502.24329
G0 F9000 X103.514 Y102.1
G0 X105.217 Y103.928
G0 X113.889 Y103.926
G0 X116.486 Y102.1
G0 X116.486 Y100.7
G1 F662.9 X119.3 Y103.514 E502.40874
G0 F9000 X117 Y103.514
G1 F3600 E498.40874
;MESH:NONMESH
G0 F300 X117 Y103.514 Z12.6
G0 F9000 X109.575 Y102.901
G0 X109.574 Y100.726
;TIME_ELAPSED:1250.090365
;LAYER:125
;note -- min layer time used
;TYPE:WALL-OUTER
;MESH:xyzCalibration_cube.stl
G1 F3600 E502.40874
G1 F457.3 X109.574 Y101.963 E502.48357
G1 F3600 E498.48357
G0 F9000 X109.575 Y104.001
G0 X116.037 Y114.353
G0 X117.72 Y114.428
G0 X117.724 Y112.696
G1 F3600 E502.48357
G1 F665.3 X117.624 Y112.568 E502.49032
G1 X117.566 Y112.382 E502.49842
G1 X117.565 Y110.606 E502.57226
G1 X117.613 Y110.426 E502.58
G1 F658.8 X117.773 Y110.224 E502.59082
G1 F631.3 X118.067 Y110.1 E502.60481
G1 F611.5 X119.456 Y110.103 E502.66764
G1 F611 X119.456 Y109.012 E502.71703
G1 F611.5 X118.068 Y109.012 E502.77982
G1 F631.3 X117.775 Y108.887 E502.79377
G1 F658.8 X117.661 Y108.76 E502.80094
G1 F665.3 X117.568 Y108.555 E502.8103
G1 X117.57 Y106.643 E502.88979
G1 X117.717 Y106.415 E502.90107
G1 X117.962 Y106.272 E502.91286
G1 X119.5 Y106.272 E502.97681
G1 X119.5 Y100.5 E503.21678
G1 X112.422 Y100.5 E503.51105
G1 X112.424 Y102.013 E503.57395
G1 X112.288 Y102.24 E503.58495
G1 X112.14 Y102.348 E503.59257
G1 X111.98 Y102.394 E503.59949
G1 X110.278 Y102.4 E503.67025
G1 F614.9 X109.883 Y102.305 E503.68853
G1 F507.9 X109.574 Y101.963 E503.71363
G1 X109.265 Y102.305 E503.73873
G1 F614.9 X108.891 Y102.399 E503.75608
G1 F665.3 X107.133 Y102.397 E503.82917
G1 X106.875 Y102.291 E503.84077
G1 X106.757 Y102.155 E503.84825
G1 X106.688 Y101.9 E503.85924
G1 X106.688 Y100.5 E503.91744
G1 X100.5 Y100.5 E504.17471
G1 X100.5 Y119.5 E504.96464
G1 X119.5 Y119.5 E505.75457
G1 X119.5 Y112.831 E506.03183
G1 X117.944 Y112.828 E506.09652
G1 X117.724 Y112.696 E506.10719
G0 F9000 X117.72 Y114.428
G0 X117.9 Y116.384
G0 X119.3 Y116.384
;TYPE:FILL
G1 F665.3 X116.384 Y119.3 E506.27864
G0 F9000 X116.384 Y117.9
G0 X103.614 Y117.9
G0 X103.614 Y119.3
G1 F665.3 X100.7 Y116.385 E506.45
G0 F9000 X102.1 Y116.385
G0 X102.1 Y103.614
G0 X100.7 Y103.614
G1 F665.3 X103.614 Y100.7 E506.62133
G0 F9000 X103.614 Y102.1
G0 X105.159 Y103.928
G0 X113.953 Y103.926
G0 X116.386 Y102.1
G0 X116.386 Y100.7
G1 F665.3 X119.3 Y103.614 E506.79266
G0 F9000 X117 Y103.614
G1 F3600 E502.79266
;MESH:NONMESH
G0 F300 X117 Y103.614 Z12.7
G0 F9000 X109.578 Y102.901
G0 X109.577 Y100.785
;TIME_ELAPSED:1263.108361
;LAYER:126
;note -- min layer time used
;TYPE:WALL-OUTER
;MESH:xyzCalibration_cube.stl
G1 F3600 E506.79266
G1 F424.1 X109.578 Y101.968 E506.87008
G1 F3600 E502.87008
G0 F9000 X109.579 Y104.001
G0 X116.037 Y114.411
G0 X117.723 Y114.485
G0 X117.726 Y112.753
G1 F3600 E506.87008
G1 F667.5 X117.625 Y112.625 E506.87686
G1 X117.566 Y112.438 E506.88501
G1 X117.565 Y110.657 E506.95905
G1 X117.617 Y110.474 E506.96696
G1 F655.7 X117.779 Y110.268 E506.97806
G1 F612.4 X118.064 Y110.128 E506.99244
G1 F583.5 X119.428 Y110.128 E507.05732
G1 F583 X119.428 Y108.981 E507.11192
G1 F583.5 X118.066 Y108.984 E507.1767
G1 F612.4 X117.781 Y108.843 E507.19111
G1 F655.7 X117.621 Y108.637 E507.20215
G1 F667.5 X117.568 Y108.496 E507.20841
G1 X117.574 Y106.633 E507.28587
G1 X117.65 Y106.436 E507.29465
G1 X117.84 Y106.266 E507.30525
G1 X118.068 Y106.212 E507.31499
G1 X119.5 Y106.212 E507.37452
G1 X119.5 Y100.5 E507.612
G1 X112.486 Y100.5 E507.90361
G1 X112.488 Y101.894 E507.96156
G1 X112.406 Y102.172 E507.97361
G1 X112.263 Y102.314 E507.98199
G1 X112.044 Y102.393 E507.99167
G1 X110.294 Y102.396 E508.06443
G1 F604.6 X109.914 Y102.304 E508.08237
G1 F478.9 X109.578 Y101.968 E508.10991
G1 X109.242 Y102.304 E508.13745
G1 F604.6 X108.854 Y102.397 E508.15577
G1 F667.5 X107.077 Y102.397 E508.22964
G1 X106.818 Y102.29 E508.24129
G1 X106.699 Y102.152 E508.24887
G1 X106.632 Y101.9 E508.25971
G1 X106.632 Y100.5 E508.31792
G1 X100.5 Y100.5 E508.57286
G1 X100.5 Y119.5 E509.36278
G1 X119.5 Y119.5 E510.15271
G1 X119.5 Y112.887 E510.42765
G1 X117.945 Y112.884 E510.4923
G1 X117.726 Y112.753 E510.50291
G0 F9000 X117.723 Y114.485
G0 X117.9 Y116.284
G0 X119.3 Y116.284
;TYPE:FILL
G1 F667.5 X116.284 Y119.3 E510.68024
G0 F9000 X116.284 Y117.9
G0 X103.715 Y117.9
G0 X103.715 Y119.3
G1 F667.5 X100.7 Y116.284 E510.85754
G0 F9000 X102.1 Y116.284
G0 X102.1 Y103.715
G0 X100.7 Y103.715
G1 F667.5 X103.715 Y100.7 E511.03481
G0 F9000 X103.715 Y102.1
G0 X105.103 Y103.928
G0 X114.017 Y103.926
G0 X116.285 Y102.1
G0 X116.285 Y100.7
G1 F667.5 X119.3 Y103.715 E511.21208
G0 F9000 X117 Y103.715
G1 F3600 E507.21208
;MESH:NONMESH
G0 F300 X117 Y103.715 Z12.8
G0 F9000 X109.582 Y102.901
G0 X109.581 Y100.845
;TIME_ELAPSED:1276.157233
;LAYER:127
;note -- min layer time used
;TYPE:WALL-OUTER
;MESH:xyzCalibration_cube.stl
G1 F3600 E511.21208
G1 F395.4 X109.582 Y101.974 E511.29159
G1 F3600 E507.29159
G0 F9000 X109.583 Y104.001
G0 X116.037 Y114.466
G0 X117.723 Y114.541
G0 X117.727 Y112.81
G1 F3600 E511.29159
G1 F669.8 X117.625 Y112.682 E511.2984
G1 X117.566 Y112.494 E511.30659
G1 X117.564 Y110.732 E511.37984
G1 X117.622 Y110.52 E511.38898
G1 F654.1 X117.785 Y110.311 E511.40027
G1 F595.4 X118.068 Y110.155 E511.41538
G1 F557.3 X119.399 Y110.155 E511.48189
G1 X119.399 Y108.953 E511.54196
G1 X118.068 Y108.953 E511.60848
G1 F595.4 X117.787 Y108.795 E511.62355
G1 F654.1 X117.625 Y108.586 E511.63481
G1 F669.8 X117.568 Y108.352 E511.64483
G1 X117.574 Y106.572 E511.71883
G1 X117.65 Y106.377 E511.72753
G1 X117.842 Y106.205 E511.73825
G1 X118.068 Y106.152 E511.7479
G1 X119.5 Y106.152 E511.80743
G1 X119.5 Y100.5 E512.04242
G1 X112.55 Y100.5 E512.33136
G1 X112.552 Y102.011 E512.39419
G1 X112.413 Y102.243 E512.40543
G1 X112.243 Y102.359 E512.41399
G1 X112.108 Y102.393 E512.41977
G1 X110.402 Y102.4 E512.4907
G1 F593.8 X109.945 Y102.303 E512.51261
G1 F453.2 X109.582 Y101.974 E512.54271
G1 X109.219 Y102.303 E512.57282
G1 F593.8 X108.994 Y102.329 E512.58344
G1 F669.8 X108.821 Y102.4 E512.59122
G1 X107.011 Y102.396 E512.66647
G1 X106.862 Y102.353 E512.67291
G1 X106.707 Y102.239 E512.68091
G1 X106.576 Y102.011 E512.69185
G1 X106.576 Y100.5 E512.75467
G1 X100.501 Y100.501 E513.00723
G1 X100.5 Y119.5 E513.79712
G1 X119.5 Y119.5 E514.58705
G1 X119.5 Y112.943 E514.85966
G1 X117.945 Y112.94 E514.92431
G1 X117.727 Y112.81 E514.93486
G0 F9000 X117.723 Y114.541
G0 X117.9 Y116.185
G0 X119.3 Y116.185
;TYPE:FILL
G1 F669.8 X116.185 Y119.3 E515.11801
G0 F9000 X116.185 Y117.9
G0 X103.814 Y117.9
G0 X103.814 Y119.3
G1 F669.8 X100.7 Y116.185 E515.30113
G0 F9000 X102.1 Y116.185
G0 X102.1 Y103.812
G0 X100.701 Y103.812
G1 F669.8 X103.814 Y100.7 E515.48413
G0 F9000 X103.814 Y102.1
G0 X105.047 Y103.928
G0 X114.081 Y103.926
G0 X116.185 Y102.1
G0 X116.185 Y100.7
G1 F669.8 X119.3 Y103.815 E515.66728
G0 F9000 X117 Y103.657
;MESH:NONMESH
G0 F300 X117 Y103.657 Z12.9
G0 F9000 X114.373 Y103.899
G0 X110.217 Y104.001
G0 X110.217 Y102.321
;TIME_ELAPSED:1289.050362
;LAYER:128
;note -- min layer time used
;TYPE:WALL-OUTER
;MESH:xyzCalibration_cube.stl
G1 F686.7 X110.107 Y102.197 E515.67406
G1 F719.6 X110.035 Y101.94 E515.68447
G1 F744.2 X110.036 Y100.452 E515.74058
G1 F745.9 X109.132 Y100.452 E515.77459
G1 F744.2 X109.129 Y101.94 E515.8307
G1 F719.6 X109.057 Y102.197 E515.84111
G1 F686.7 X108.947 Y102.321 E515.84788
G1 F675 X108.747 Y102.396 E515.85676
G1 X106.954 Y102.396 E515.93131
G1 X106.805 Y102.352 E515.93777
G1 X106.65 Y102.237 E515.94579
G1 X106.52 Y102.011 E515.95663
G1 X106.52 Y100.5 E516.01945
G1 X100.5 Y100.5 E516.26973
G1 X100.501 Y119.499 E517.05962
G1 X119.5 Y119.5 E517.84951
G1 X119.5 Y112.999 E518.11979
G1 X118.062 Y112.996 E518.17957
G1 X117.803 Y112.923 E518.19076
G1 X117.67 Y112.804 E518.19818
G1 X117.566 Y112.549 E518.20963
G1 X117.568 Y110.781 E518.28313
G1 X117.63 Y110.565 E518.29248
G1 F645.3 X117.787 Y110.339 E518.30444
G1 F573 X118.013 Y110.179 E518.31801
G1 F535.3 X119.371 Y110.182 E518.3892
G1 F536.1 X119.371 Y108.921 E518.45521
G1 F535.3 X118.013 Y108.921 E518.5264
G1 F573 X117.787 Y108.761 E518.53996
G1 F645.3 X117.63 Y108.535 E518.55193
G1 F675 X117.574 Y108.375 E518.55898
G1 X117.568 Y106.536 E518.63543
G1 X117.598 Y106.418 E518.6405
G1 X117.722 Y106.23 E518.64986
G1 X117.845 Y106.144 E518.6561
G1 X118.068 Y106.092 E518.66562
G1 X119.5 Y106.092 E518.72515
G1 X119.5 Y100.5 E518.95764
G1 X112.614 Y100.5 E519.24393
G1 X112.616 Y102 E519.30629
G1 X112.535 Y102.171 E519.31416
G1 X112.394 Y102.312 E519.32245
G1 X112.173 Y102.393 E519.33223
G1 X110.398 Y102.4 E519.40603
G1 X110.217 Y102.321 E519.41424
G0 F9000 X110.217 Y104.001
G0 X114.145 Y103.926
G0 X116.085 Y102.1
G0 X116.085 Y100.7
;TYPE:FILL
G1 F675 X119.3 Y103.915 E519.60327
G0 F9000 X117.9 Y103.915
G0 X116.041 Y104.57
G0 X116.038 Y114.523
G0 X117.9 Y116.085
G0 X119.3 Y116.085
G1 F675 X116.084 Y119.3 E519.79233
G0 F9000 X116.084 Y117.9
G0 X103.914 Y117.9
G0 X103.914 Y119.299
G1 F675 X100.7 Y116.085 E519.9813
G0 F9000 X102.1 Y116.085
G0 X102.1 Y103.914
G0 X100.7 Y103.914
G1 F675 X103.914 Y100.7 E520.17027
G0 F9000 X103.914 Y103
;MESH:NONMESH
G0 F300 X103.914 Y103 Z13
G0 F9000 X116.038 Y114.523
G0 X117.801 Y114.598
G0 X117.805 Y112.98
;TIME_ELAPSED:1301.320461
;LAYER:129
;note -- min layer time used
;TYPE:WALL-OUTER
;MESH:xyzCalibration_cube.stl
G1 F679.5 X117.67 Y112.862 E520.17773
G1 X117.566 Y112.606 E520.18921
G1 X117.568 Y110.833 E520.26293
G1 X117.635 Y110.612 E520.27253
G1 F642.2 X117.79 Y110.38 E520.2848
G1 F558.3 X118.011 Y110.207 E520.299
G1 F515.9 X119.343 Y110.21 E520.37194
G1 F516.7 X119.343 Y108.893 E520.44394
G1 F515.9 X118.011 Y108.893 E520.51687
G1 F558.3 X117.79 Y108.72 E520.53107
G1 F642.2 X117.635 Y108.488 E520.54334
G1 F679.5 X117.574 Y108.32 E520.55077
G1 X117.568 Y106.474 E520.62752
G1 X117.649 Y106.258 E520.63711
G1 X117.848 Y106.082 E520.64816
G1 X118.068 Y106.032 E520.65754
G1 X119.5 Y106.032 E520.71707
G1 X119.5 Y100.5 E520.94707
G1 X112.676 Y100.5 E521.23078
G1 X112.676 Y101.998 E521.29306
G1 X112.595 Y102.171 E521.301
G1 X112.456 Y102.311 E521.3092
G1 X112.233 Y102.393 E521.31908
G1 X110.456 Y102.4 E521.39296
G1 X110.269 Y102.313 E521.40153
G1 F683.6 X110.153 Y102.192 E521.40846
G1 F694 X110.069 Y101.942 E521.41919
G1 F701.9 X110.07 Y100.482 E521.47795
G1 F704.1 X109.106 Y100.482 E521.51663
G1 F701.9 X109.103 Y101.942 E521.57539
G1 F694 X109.019 Y102.192 E521.58612
G1 F683.6 X108.903 Y102.313 E521.59305
G1 F679.5 X108.662 Y102.399 E521.60369
G1 X106.894 Y102.396 E521.67719
G1 X106.744 Y102.352 E521.68369
G1 X106.588 Y102.235 E521.6918
G1 X106.46 Y102.01 E521.70256
G1 X106.462 Y100.5 E521.76534
G1 X100.5 Y100.5 E522.01321
G1 X100.501 Y119.499 E522.8031
G1 X119.5 Y119.5 E523.59298
G1 X119.5 Y113.055 E523.86093
G1 X118.062 Y113.052 E523.92072
G1 X117.805 Y112.98 E523.93182
G0 F9000 X117.802 Y114.655
G0 X117.9 Y115.984
G0 X119.3 Y115.984
;TYPE:FILL
G1 F679.5 X115.984 Y119.3 E524.12678
G0 F9000 X115.984 Y117.9
G0 X104.014 Y117.9
G0 X104.014 Y119.299
G1 F679.5 X100.7 Y115.985 E524.32163
G0 F9000 X102.1 Y115.985
G0 X102.1 Y104.014
G0 X100.7 Y104.014
G1 F679.5 X104.015 Y100.7 E524.51651
G0 F9000 X104.015 Y102.1
G0 X104.934 Y103.928
G0 X114.21 Y103.926
G0 X115.985 Y102.1
G0 X115.985 Y100.7
G1 F679.5 X119.3 Y104.015 E524.71142
G0 F9000 X117 Y103.537
;MESH:NONMESH
G0 F300 X117 Y103.537 Z13.1
G0 F9000 X116.04 Y104.51
G0 X116.038 Y114.581
G0 X117.728 Y114.655
G0 X117.731 Y112.986
;TIME_ELAPSED:1313.405749
;LAYER:130
;note -- min layer time used
;TYPE:WALL-OUTER
;MESH:xyzCalibration_cube.stl
G1 F678.2 X117.627 Y112.856 E524.71834
G1 X117.566 Y112.666 E524.72664
G1 X117.571 Y110.863 E524.8016
G1 X117.64 Y110.663 E524.8104
G1 F633.8 X117.794 Y110.424 E524.82305
G1 F538.7 X118.008 Y110.237 E524.83792
G1 F492.9 X119.313 Y110.237 E524.91258
G1 F493.6 X119.313 Y108.863 E524.99107
G1 F492.9 X118.008 Y108.863 E525.06572
G1 F538.7 X117.794 Y108.676 E525.0806
G1 F633.8 X117.64 Y108.437 E525.09324
G1 F678.2 X117.568 Y108.252 E525.1015
G1 X117.574 Y106.391 E525.17887
G1 X117.65 Y106.196 E525.18757
G1 X117.851 Y106.021 E525.19865
G1 X118.068 Y105.972 E525.2079
G1 X119.5 Y105.972 E525.26744
G1 X119.5 Y100.5 E525.49493
G1 X112.74 Y100.5 E525.77598
G1 X112.74 Y101.998 E525.83826
G1 X112.659 Y102.17 E525.84617
G1 X112.522 Y102.31 E525.85431
G1 X112.298 Y102.393 E525.86424
G1 X110.555 Y102.4 E525.93671
G1 X110.321 Y102.305 E525.94721
G1 F674.1 X110.199 Y102.186 E525.95434
G1 F664.9 X110.103 Y101.945 E525.96534
G1 F659.7 X110.104 Y100.512 E526.02658
G1 F661.6 X109.08 Y100.512 E526.07022
G1 F659.7 X109.077 Y101.945 E526.13147
G1 F664.9 X108.981 Y102.186 E526.14247
G1 F674.1 X108.783 Y102.35 E526.15322
G1 F678.2 X108.608 Y102.399 E526.16077
G1 X106.838 Y102.396 E526.23436
G1 X106.687 Y102.351 E526.24091
G1 X106.531 Y102.234 E526.24902
G1 X106.404 Y102.007 E526.25983
G1 X106.406 Y100.5 E526.32249
G1 X100.5 Y100.5 E526.56803
G1 X100.501 Y119.499 E527.35792
G1 X119.5 Y119.5 E528.1478
G1 X119.5 Y113.115 E528.41326
G1 X117.95 Y113.112 E528.4777
G1 X117.731 Y112.986 E528.48821
G0 F9000 X117.727 Y114.711
G0 X117.9 Y115.883
G0 X119.3 Y115.883
;TYPE:FILL
G1 F678.2 X115.883 Y119.3 E528.68911
G0 F9000 X115.883 Y117.9
G0 X104.114 Y117.9
G0 X104.114 Y119.299
G1 F678.2 X100.7 Y115.884 E528.88987
G0 F9000 X102.1 Y115.884
G0 X102.1 Y104.114
G0 X100.7 Y104.114
G1 F678.2 X104.115 Y100.7 E529.09063
G0 F9000 X104.115 Y102.1
G0 X104.878 Y103.928
G0 X114.274 Y103.926
G0 X115.884 Y102.1
G0 X115.884 Y100.7
G1 F678.2 X119.3 Y104.116 E529.29148
G0 F9000 X117 Y103.477
;MESH:NONMESH
G0 F300 X117 Y103.477 Z13.2
G0 F9000 X116.042 Y104.45
G0 X116.038 Y114.636
G0 X117.729 Y114.711
G0 X117.733 Y113.044
;TIME_ELAPSED:1325.578182
;LAYER:131
;note -- min layer time used
;TYPE:WALL-OUTER
;MESH:xyzCalibration_cube.stl
G1 F680.6 X117.627 Y112.913 E529.29849
G1 X117.566 Y112.722 E529.30682
G1 X117.569 Y110.937 E529.38104
G1 X117.6 Y110.798 E529.38696
G1 F629.6 X117.798 Y110.461 E529.40452
G1 F524.3 X118.006 Y110.262 E529.42006
G1 F475.6 X119.286 Y110.264 E529.49621
G1 F476.2 X119.286 Y108.832 E529.58129
G1 F475.6 X118.006 Y108.834 E529.65744
G1 F524.3 X117.798 Y108.635 E529.67297
G1 F606.6 X117.568 Y108.243 E529.69417
G1 F654.4 X117.574 Y106.334 E529.77672
G1 F680.6 X117.651 Y106.139 E529.78543
G1 X117.854 Y105.963 E529.7966
G1 X118.066 Y105.916 E529.80563
G1 X119.5 Y105.913 E529.86525
G1 X119.5 Y100.5 E530.0903
G1 X112.804 Y100.5 E530.36868
G1 X112.804 Y102.007 E530.43134
G1 X112.67 Y102.238 E530.44244
G1 X112.501 Y102.356 E530.45101
G1 X112.362 Y102.393 E530.45699
G1 X110.6 Y102.399 E530.53024
G1 X110.45 Y102.345 E530.53687
G1 F668.5 X110.246 Y102.182 E530.54792
G1 F640.8 X110.137 Y101.948 E530.55932
G1 F625.5 X110.135 Y100.542 E530.62292
G1 F627.2 X109.053 Y100.542 E530.67173
G1 F625.5 X109.051 Y101.948 E530.73533
G1 F640.8 X108.942 Y102.182 E530.74673
G1 F668.5 X108.738 Y102.345 E530.75778
G1 F680.6 X108.538 Y102.4 E530.7664
G1 X106.781 Y102.396 E530.83945
G1 X106.63 Y102.351 E530.846
G1 X106.473 Y102.232 E530.85419
G1 X106.348 Y102.007 E530.86489
G1 X106.35 Y100.5 E530.92754
G1 X100.5 Y100.5 E531.17076
G1 X100.501 Y119.499 E531.96065
G1 X119.5 Y119.5 E532.75053
G1 X119.5 Y113.171 E533.01366
G1 X117.951 Y113.168 E533.07806
G1 X117.733 Y113.044 E533.08849
G0 F9000 X117.729 Y114.768
G0 X117.9 Y115.784
G0 X119.3 Y115.784
;TYPE:FILL
G1 F680.6 X115.784 Y119.3 E533.29522
G0 F9000 X115.784 Y117.9
G0 X104.213 Y117.9
G0 X104.213 Y119.299
G1 F680.6 X100.7 Y115.785 E533.5018
G0 F9000 X102.1 Y115.785
G0 X102.1 Y104.213
G0 X100.7 Y104.213
G1 F680.6 X104.214 Y100.7 E533.70838
G0 F9000 X104.214 Y102.1
G0 X104.822 Y103.928
G0 X114.338 Y103.926
G0 X115.785 Y102.1
G0 X115.785 Y100.7
G1 F680.6 X119.3 Y104.214 E533.91502
G0 F9000 X117.001 Y103.416
;MESH:NONMESH
G0 F300 X117.001 Y103.416 Z13.3
G0 F9000 X116.042 Y104.389
G0 X116.038 Y114.693
G0 X117.731 Y114.768
G0 X117.735 Y113.101
;TIME_ELAPSED:1337.795361
;LAYER:132
;note -- min layer time used
;TYPE:WALL-OUTER
;MESH:xyzCalibration_cube.stl
G1 F683 X117.628 Y112.97 E533.92205
G1 X117.566 Y112.778 E533.93044
G1 F653 X117.569 Y110.893 E534.01241
G1 F599.1 X117.8 Y110.502 E534.03394
G1 F510.1 X118.003 Y110.289 E534.05032
G1 F458.7 X119.257 Y110.291 E534.12794
G1 F459.6 X119.257 Y108.803 E534.21987
G1 F458.7 X118.003 Y108.803 E534.2975
G1 F510.1 X117.8 Y108.59 E534.31388
G1 F612 X117.568 Y108.196 E534.3351
G1 F667.6 X117.574 Y106.274 E534.41684
G1 F683 X117.652 Y106.077 E534.42565
G1 X117.857 Y105.902 E534.43686
G1 X118.066 Y105.856 E534.44576
G1 X119.5 Y105.853 E534.50538
G1 X119.5 Y100.5 E534.72793
G1 X112.868 Y100.5 E535.00365
G1 X112.868 Y101.995 E535.06581
G1 X112.788 Y102.169 E535.07377
G1 X112.653 Y102.308 E535.08183
G1 X112.427 Y102.393 E535.09187
G1 X110.702 Y102.399 E535.16358
G1 X110.505 Y102.34 E535.17213
G1 F663.1 X110.292 Y102.177 E535.18362
G1 F618.7 X110.171 Y101.95 E535.19542
G1 F594.9 X110.168 Y100.573 E535.26115
G1 F596 X109.025 Y100.573 E535.31561
G1 F594.9 X109.025 Y101.95 E535.38133
G1 F618.7 X108.904 Y102.177 E535.39313
G1 F663.1 X108.691 Y102.34 E535.40462
G1 F683 X108.52 Y102.396 E535.4121
G1 X106.725 Y102.396 E535.48673
G1 X106.573 Y102.35 E535.49333
G1 X106.416 Y102.23 E535.50155
G1 X106.292 Y102.004 E535.51226
G1 X106.294 Y100.5 E535.57479
G1 X100.5 Y100.5 E535.81568
G1 X100.5 Y119.5 E536.60561
G1 X119.5 Y119.5 E537.39554
G1 X119.5 Y113.227 E537.65634
G1 X117.951 Y113.224 E537.72074
G1 X117.735 Y113.101 E537.73107
G0 F9000 X117.732 Y114.825
G0 X117.9 Y115.684
G0 X119.3 Y115.684
;TYPE:FILL
G1 F683 X115.684 Y119.3 E537.94368
G0 F9000 X115.684 Y117.9
G0 X104.315 Y117.9
G0 X104.315 Y119.3
G1 F683 X100.7 Y115.685 E538.15623
G0 F9000 X102.1 Y115.685
G0 X102.1 Y104.315
G0 X100.7 Y104.315
G1 F683 X104.315 Y100.7 E538.36877
G0 F9000 X104.315 Y102.1
G0 X104.766 Y103.928
G0 X114.402 Y103.926
G0 X115.685 Y102.1
G0 X115.685 Y100.7
G1 F683 X119.3 Y104.315 E538.58132
G0 F9000 X117 Y103.358
;MESH:NONMESH
G0 F300 X117 Y103.358 Z13.4
G0 F9000 X116.042 Y104.331
G0 X116.038 Y114.751
G0 X117.811 Y114.825
G0 X117.814 Y113.214
;TIME_ELAPSED:1350.057452
;LAYER:133
;note -- min layer time used
;TYPE:WALL-OUTER
;MESH:xyzCalibration_cube.stl
G1 F689.6 X117.675 Y113.095 E538.58893
G1 X117.566 Y112.834 E538.60069
G1 X117.569 Y111.047 E538.67498
G1 X117.623 Y110.862 E538.683
G1 X117.85 Y110.642 E538.69614
G1 X118.024 Y110.593 E538.70365
G1 X119.5 Y110.592 E538.76502
G1 X119.5 Y108.5 E538.85199
G1 X118.024 Y108.499 E538.91336
G1 X117.85 Y108.45 E538.92087
G1 X117.72 Y108.36 E538.92745
G1 X117.568 Y108.062 E538.94136
G1 X117.574 Y106.213 E539.01823
G1 X117.648 Y106.023 E539.02671
G1 X117.861 Y105.84 E539.03838
G1 X118.066 Y105.796 E539.0471
G1 X119.5 Y105.793 E539.10672
G1 X119.5 Y100.5 E539.32677
G1 X112.932 Y100.5 E539.59984
G1 X112.932 Y101.998 E539.66212
G1 X112.852 Y102.173 E539.67012
G1 X112.72 Y102.31 E539.67803
G1 X112.491 Y102.397 E539.68821
G1 X110.789 Y102.4 E539.75898
G1 X110.555 Y102.334 E539.76908
G1 F661.8 X110.336 Y102.173 E539.78086
G1 F601.7 X110.202 Y101.952 E539.79317
G1 F571.8 X110.202 Y100.602 E539.86086
G1 F572.8 X108.998 Y100.602 E539.92113
G1 F571.8 X108.998 Y101.95 E539.98872
G1 F601.7 X108.863 Y102.17 E540.00102
G1 F661.8 X108.644 Y102.331 E540.01279
G1 F689.6 X108.449 Y102.394 E540.02131
G1 X106.67 Y102.396 E540.09527
G1 X106.517 Y102.35 E540.10191
G1 X106.358 Y102.229 E540.11022
G1 X106.236 Y102.005 E540.12083
G1 X106.236 Y100.5 E540.1834
G1 X100.5 Y100.5 E540.42187
G1 X100.5 Y119.5 E541.2118
G1 X119.5 Y119.5 E542.00173
G1 X119.5 Y113.283 E542.2602
G1 X118.062 Y113.28 E542.31999
G1 X117.814 Y113.214 E542.33066
G0 F9000 X117.81 Y114.881
G0 X117.9 Y115.584
G0 X119.3 Y115.584
;TYPE:FILL
G1 F689.6 X115.584 Y119.3 E542.54914
G0 F9000 X115.584 Y117.9
G0 X104.415 Y117.9
G0 X104.415 Y119.3
G1 F689.6 X100.7 Y115.584 E542.7676
G0 F9000 X102.1 Y115.584
G0 X102.1 Y104.415
G0 X100.7 Y104.415
G1 F689.6 X104.415 Y100.7 E542.98603
G0 F9000 X104.415 Y102.1
G0 X104.709 Y103.93
G0 X114.464 Y103.928
G0 X115.584 Y102.1
G0 X115.584 Y100.7
G1 F689.6 X119.3 Y104.415 E543.20448
G0 F9000 X117.293 Y103.297
;MESH:NONMESH
G0 F300 X117.293 Y103.297 Z13.5
G0 F9000 X116.042 Y104.271
G0 X116.038 Y114.806
G0 X117.812 Y114.881
G0 X117.816 Y113.271
;TIME_ELAPSED:1362.138271
;LAYER:134
;note -- min layer time used
;TYPE:WALL-OUTER
;MESH:xyzCalibration_cube.stl
G1 F692.5 X117.676 Y113.152 E543.21212
G1 X117.566 Y112.891 E543.2239
G1 X117.568 Y111.048 E543.30052
G1 X117.66 Y110.853 E543.30949
G1 X117.856 Y110.69 E543.32008
G1 X118.024 Y110.645 E543.32732
G1 X119.5 Y110.646 E543.38868
G1 X119.5 Y108.444 E543.48023
G1 X118.024 Y108.443 E543.54159
G1 X117.856 Y108.398 E543.54883
G1 X117.726 Y108.31 E543.55535
G1 X117.608 Y108.141 E543.56392
G1 X117.568 Y108.006 E543.56978
G1 X117.574 Y106.153 E543.64681
G1 X117.654 Y105.954 E543.65573
G1 X117.864 Y105.779 E543.6671
G1 X118.066 Y105.736 E543.67568
G1 X119.5 Y105.733 E543.7353
G1 X119.5 Y100.5 E543.95286
G1 X112.996 Y100.5 E544.22327
G1 X112.996 Y102.004 E544.2858
G1 X112.863 Y102.237 E544.29695
G1 X112.697 Y102.355 E544.30542
G1 X112.556 Y102.393 E544.31149
G1 X110.849 Y102.4 E544.38246
G1 F673.7 X110.659 Y102.363 E544.39073
G1 F640 X110.383 Y102.169 E544.40591
G1 F582 X110.236 Y101.955 E544.41875
G1 F547 X110.236 Y100.632 E544.48839
G1 F547.9 X108.972 Y100.632 E544.55481
G1 F547 X108.972 Y101.955 E544.62445
G1 F582 X108.825 Y102.169 E544.63729
G1 F656.4 X108.598 Y102.329 E544.64947
G1 F692.5 X108.379 Y102.399 E544.65903
G1 X106.613 Y102.396 E544.73246
G1 X106.459 Y102.349 E544.73915
G1 X106.301 Y102.227 E544.74745
G1 X106.18 Y102.003 E544.75803
G1 X106.18 Y100.5 E544.82052
G1 X100.5 Y100.5 E545.05667
G1 X100.5 Y119.5 E545.8466
G1 X119.5 Y119.5 E546.63652
G1 X119.5 Y113.339 E546.89267
G1 X118.062 Y113.336 E546.95245
G1 X117.816 Y113.271 E546.96303
G0 F9000 X117.812 Y114.938
G0 X117.9 Y115.485
G0 X119.3 Y115.485
;TYPE:FILL
G1 F692.5 X115.485 Y119.3 E547.18734
G0 F9000 X115.485 Y117.9
G0 X104.514 Y117.9
G0 X104.514 Y119.3
G1 F692.5 X100.7 Y115.485 E547.41162
G0 F9000 X102.1 Y115.485
G0 X102.1 Y104.514
G0 X100.7 Y104.514
G1 F692.5 X104.514 Y100.7 E547.63587
G0 F9000 X104.514 Y102.1
G0 X104.653 Y103.929
G0 X114.528 Y103.927
G0 X115.486 Y102.1
G0 X115.486 Y100.7
G1 F692.5 X119.3 Y104.515 E547.86014
G0 F9000 X117.293 Y103.237
;MESH:NONMESH
G0 F300 X117.293 Y103.237 Z13.6
G0 F9000 X116.042 Y104.211
G0 X116.038 Y114.863
G0 X117.739 Y114.938
G0 X117.743 Y113.273
;TIME_ELAPSED:1374.237424
;LAYER:135
;note -- min layer time used
;TYPE:WALL-OUTER
;MESH:xyzCalibration_cube.stl
G1 F695.4 X117.634 Y113.142 E547.86723
G1 X117.571 Y112.948 E547.87571
G1 X117.57 Y111.147 E547.95059
G1 X117.666 Y110.902 E547.96153
G1 X117.862 Y110.744 E547.97199
G1 X118.024 Y110.701 E547.97896
G1 X119.5 Y110.702 E548.04033
G1 X119.5 Y108.384 E548.1367
G1 X118.024 Y108.383 E548.19806
G1 X117.733 Y108.256 E548.21126
G1 X117.63 Y108.127 E548.21813
G1 X117.568 Y107.963 E548.22542
G1 X117.574 Y106.092 E548.3032
G1 X117.647 Y105.904 E548.31159
G1 X117.867 Y105.717 E548.32359
G1 X118.066 Y105.676 E548.33204
G1 X119.5 Y105.673 E548.39166
G1 X119.5 Y100.5 E548.60673
G1 X113.06 Y100.5 E548.87447
G1 X113.06 Y101.992 E548.9365
G1 X112.981 Y102.168 E548.94452
G1 X112.851 Y102.303 E548.95231
G1 X112.62 Y102.393 E548.96262
G1 X110.88 Y102.398 E549.03496
G1 X110.665 Y102.324 E549.04441
G1 F651.1 X110.431 Y102.166 E549.05695
G1 F564.4 X110.27 Y101.958 E549.07042
G1 F524.4 X110.267 Y100.662 E549.14187
G1 F525.2 X108.946 Y100.662 E549.21459
G1 F524.4 X108.946 Y101.958 E549.28603
G1 F564.4 X108.785 Y102.166 E549.29951
G1 F651.1 X108.551 Y102.324 E549.31204
G1 F695.4 X108.326 Y102.399 E549.3219
G1 X106.556 Y102.396 E549.39549
G1 X106.402 Y102.349 E549.40219
G1 X106.243 Y102.225 E549.41057
G1 X106.124 Y102.002 E549.42108
G1 X106.124 Y100.5 E549.48352
G1 X100.5 Y100.5 E549.71734
G1 X100.501 Y119.499 E550.50723
G1 X119.5 Y119.5 E551.29711
G1 X119.5 Y113.395 E551.55093
G1 X117.959 Y113.392 E551.615
G1 X117.743 Y113.273 E551.62525
G0 F9000 X117.74 Y114.995
G0 X117.9 Y115.384
G0 X119.3 Y115.384
;TYPE:FILL
G1 F695.4 X115.384 Y119.3 E551.8555
G0 F9000 X115.384 Y117.9
G0 X104.614 Y117.9
G0 X104.614 Y119.299
G1 F695.4 X100.7 Y115.385 E552.08563
G0 F9000 X102.1 Y115.385
G0 X102.1 Y104.614
G0 X100.7 Y104.614
G1 F695.4 X104.614 Y100.7 E552.31575
G0 F9000 X104.614 Y102.1
G0 X104.597 Y103.929
G0 X114.592 Y103.927
G0 X115.385 Y102.1
G0 X115.385 Y100.7
G1 F695.4 X119.3 Y104.615 E552.54594
G0 F9000 X117.293 Y103.177
;MESH:NONMESH
G0 F300 X117.293 Y103.177 Z13.7
G0 F9000 X116.041 Y104.151
G0 X116.037 Y114.921
G0 X117.821 Y114.995
G0 X117.824 Y113.389
;TIME_ELAPSED:1386.351557
;LAYER:136
;note -- min layer time used
;TYPE:WALL-OUTER
;MESH:xyzCalibration_cube.stl
G1 F698.1 X117.682 Y113.271 E552.55362
G1 X117.571 Y113.008 E552.56549
G1 X117.569 Y111.218 E552.6399
G1 X117.613 Y111.046 E552.64729
G1 X117.74 Y110.878 E552.65604
G1 X118.024 Y110.758 E552.66886
G1 X119.5 Y110.756 E552.73022
G1 X119.5 Y108.324 E552.83134
G1 X118.024 Y108.322 E552.8927
G1 X117.74 Y108.202 E552.90552
G1 X117.613 Y108.034 E552.91427
G1 X117.568 Y107.888 E552.92063
G1 X117.568 Y106.057 E552.99675
G1 X117.656 Y105.831 E553.00683
G1 X117.871 Y105.656 E553.01836
G1 X118.068 Y105.616 E553.02672
G1 X119.5 Y105.616 E553.08625
G1 X119.5 Y100.5 E553.29895
G1 X113.124 Y100.5 E553.56403
G1 X113.124 Y102 E553.6264
G1 X112.992 Y102.236 E553.63764
G1 X112.828 Y102.353 E553.64601
G1 X112.685 Y102.393 E553.65219
G1 X110.97 Y102.4 E553.72349
G1 X110.755 Y102.339 E553.73278
G1 F662.4 X110.522 Y102.188 E553.74495
G1 F558.5 X110.303 Y101.961 E553.76134
G1 F503 X110.301 Y100.692 E553.83457
G1 F504.1 X108.919 Y100.692 E553.91415
G1 F503 X108.917 Y101.961 E553.98738
G1 F558.5 X108.698 Y102.188 E554.00377
G1 F662.4 X108.465 Y102.339 E554.01594
G1 F698.1 X108.287 Y102.397 E554.02372
G1 X106.5 Y102.396 E554.09801
G1 X106.345 Y102.348 E554.10476
G1 X106.122 Y102.127 E554.11781
G1 X106.068 Y101.9 E554.12751
G1 X106.068 Y100.5 E554.18572
G1 X100.5 Y100.5 E554.41721
G1 X100.5 Y119.5 E555.20714
G1 X119.5 Y119.5 E555.99707
G1 X119.5 Y113.455 E556.24839
G1 X118.066 Y113.452 E556.30801
G1 X117.824 Y113.389 E556.3184
G0 F9000 X117.82 Y115.051
G0 X119.3 Y115.284
;TYPE:FILL
G1 F698.1 X115.284 Y119.3 E556.55453
G0 F9000 X115.284 Y117.9
G0 X104.715 Y117.9
G0 X104.715 Y119.3
G1 F698.1 X100.7 Y115.285 E556.7906
G0 F9000 X102.1 Y115.285
G0 X102.1 Y104.715
G0 X100.7 Y104.715
G1 F698.1 X104.715 Y100.7 E557.02666
G0 F9000 X104.5 Y102.07
G0 X104.541 Y103.929
G0 X114.656 Y103.927
G0 X115.285 Y102.1
G0 X115.285 Y100.7
G1 F698.1 X119.3 Y104.715 E557.26273
G0 F9000 X117.294 Y103.117
;MESH:NONMESH
G0 F300 X117.294 Y103.117 Z13.8
G0 F9000 X116.043 Y104.09
G0 X116.039 Y114.976
G0 X117.731 Y115.051
G0 X117.735 Y113.382
;TIME_ELAPSED:1398.478841
;LAYER:137
;note -- min layer time used
;TYPE:WALL-OUTER
;MESH:xyzCalibration_cube.stl
G1 F701.3 X117.617 Y113.225 E557.27089
G1 X117.572 Y113.074 E557.27744
G1 X117.569 Y111.271 E557.3524
G1 X117.638 Y111.056 E557.36179
G1 X117.746 Y110.929 E557.36872
G1 X118.024 Y110.813 E557.38125
G1 X119.5 Y110.812 E557.44261
G1 X119.5 Y108.268 E557.54838
G1 X118.024 Y108.267 E557.60974
G1 X117.746 Y108.151 E557.62227
G1 X117.568 Y107.892 E557.63533
G1 X117.568 Y105.997 E557.71412
G1 X117.657 Y105.77 E557.72426
G1 X117.874 Y105.595 E557.73585
G1 X118.066 Y105.556 E557.74399
G1 X119.5 Y105.553 E557.80361
G1 X119.5 Y100.5 E558.01369
G1 X113.188 Y100.5 E558.27611
G1 X113.188 Y101.896 E558.33415
G1 X113.134 Y102.123 E558.34385
G1 X113.056 Y102.235 E558.34953
G1 X112.894 Y102.352 E558.35783
G1 X112.749 Y102.393 E558.3641
G1 F679.5 X110.928 Y102.4 E558.44223
G1 F639.8 X110.572 Y102.184 E558.4612
G1 F543.6 X110.337 Y101.963 E558.47851
G1 F484.3 X110.335 Y100.723 E558.55316
G1 F485 X108.893 Y100.723 E558.63984
G1 F484.3 X108.891 Y101.963 E558.71449
G1 F543.6 X108.656 Y102.184 E558.7318
G1 F659.1 X108.366 Y102.36 E558.7468
G1 F701.3 X108.217 Y102.398 E558.75319
G1 X106.444 Y102.396 E558.82691
G1 X106.288 Y102.348 E558.83369
G1 X106.064 Y102.124 E558.84686
G1 X106.012 Y101.9 E558.85642
G1 X106.012 Y100.5 E558.91463
G1 X100.501 Y100.501 E559.14375
G1 X100.5 Y119.5 E559.93364
G1 X119.5 Y119.5 E560.72356
G1 X119.5 Y113.511 E560.97256
G1 X117.96 Y113.508 E561.03658
G1 X117.735 Y113.382 E561.04731
G0 F9000 X117.731 Y115.108
G0 X119.3 Y115.183
;TYPE:FILL
G1 F701.3 X115.183 Y119.3 E561.28937
G0 F9000 X115.183 Y117.9
G0 X104.815 Y117.9
G0 X104.815 Y119.3
G1 F701.3 X100.7 Y115.184 E561.53134
G0 F9000 X102.1 Y115.184
G0 X102.1 Y104.814
G0 X100.701 Y104.814
G1 F701.3 X104.815 Y100.7 E561.77323
G0 F9000 X104.444 Y102.07
G0 X104.486 Y103.929
G0 X114.72 Y103.927
G0 X115.184 Y102.1
G0 X115.184 Y100.7
G1 F701.3 X119.3 Y104.816 E562.01524
G0 F9000 X117.293 Y103.058
;MESH:NONMESH
G0 F300 X117.293 Y103.058 Z13.9
G0 F9000 X116.043 Y104.032
G0 X116.039 Y115.033
G0 X117.733 Y115.108
G0 X117.737 Y113.439
;TIME_ELAPSED:1410.642895
;LAYER:138
;note -- min layer time used
;TYPE:WALL-OUTER
;MESH:xyzCalibration_cube.stl
G1 F708.5 X117.617 Y113.282 E562.02345
G1 X117.572 Y113.131 E562.03
G1 X117.569 Y111.323 E562.10517
G1 X117.642 Y111.105 E562.11473
G1 X117.752 Y110.979 E562.12168
G1 X118.024 Y110.869 E562.13388
G1 X119.5 Y110.87 E562.19525
G1 X119.5 Y108.208 E562.30592
G1 X118.024 Y108.207 E562.36728
G1 X117.752 Y108.097 E562.37948
G1 X117.642 Y107.971 E562.38644
G1 X117.568 Y107.77 E562.39534
G1 X117.568 Y105.936 E562.47159
G1 X117.658 Y105.708 E562.48178
G1 X117.878 Y105.533 E562.49347
G1 X118.066 Y105.496 E562.50144
G1 X119.5 Y105.493 E562.56105
G1 X119.5 Y100.5 E562.76864
G1 X113.252 Y100.5 E563.0284
G1 X113.252 Y101.896 E563.08644
G1 X113.2 Y102.119 E563.09596
G1 X113.121 Y102.235 E563.10179
G1 X112.96 Y102.352 E563.11007
G1 X112.814 Y102.393 E563.11637
G1 X111.012 Y102.4 E563.19129
G1 X110.786 Y102.273 E563.20207
G1 X110.683 Y102.145 E563.2089
G1 X110.621 Y101.944 E563.21765
G1 X110.62 Y100.5 E563.27768
G1 X108.615 Y100.5 E563.36104
G1 X108.611 Y101.944 E563.42107
G1 X108.549 Y102.145 E563.42982
G1 X108.446 Y102.273 E563.43665
G1 X108.224 Y102.398 E563.44724
G1 X106.387 Y102.396 E563.52362
G1 X106.231 Y102.347 E563.53041
G1 X106.007 Y102.121 E563.54364
G1 X105.956 Y101.9 E563.55307
G1 X105.956 Y100.5 E563.61128
G1 X100.5 Y100.5 E563.83811
G1 X100.501 Y119.499 E564.628
G1 X119.5 Y119.5 E565.41788
G1 X119.5 Y113.567 E565.66455
G1 X117.96 Y113.564 E565.72858
G1 X117.737 Y113.439 E565.7392
G0 F9000 X117.734 Y115.165
G0 X119.3 Y115.084
;TYPE:FILL
G1 F708.5 X115.084 Y119.3 E565.98709
G0 F9000 X115.084 Y117.9
G0 X104.913 Y117.9
G0 X104.913 Y119.299
G1 F708.5 X100.7 Y115.085 E566.23483
G0 F9000 X102.1 Y115.085
G0 X102.1 Y104.913
G0 X100.7 Y104.913
G1 F708.5 X104.914 Y100.7 E566.48256
G0 F9000 X104.387 Y102.07
G0 X104.428 Y103.929
G0 X114.784 Y103.927
G0 X115.085 Y102.1
G0 X115.085 Y100.7
G1 F708.5 X119.3 Y104.914 E566.73036
G0 F9000 X117.293 Y102.998
;MESH:NONMESH
G0 F300 X117.293 Y102.998 Z14
G0 F9000 X116.043 Y103.972
G0 X116.039 Y115.091
G0 X117.735 Y115.165
G0 X117.738 Y113.497
;TIME_ELAPSED:1422.649004
;LAYER:139
;note -- min layer time used
;TYPE:WALL-OUTER
;MESH:xyzCalibration_cube.stl
G1 F712.1 X117.618 Y113.339 E566.73861
G1 X117.572 Y113.187 E566.74521
G1 X117.568 Y111.39 E566.81992
G1 X117.645 Y111.151 E566.83036
G1 X117.759 Y111.026 E566.8374
G1 X118.024 Y110.921 E566.84925
G1 X119.5 Y110.922 E566.91061
G1 X119.5 Y108.15 E567.02586
G1 X118.024 Y108.151 E567.08722
G1 X117.759 Y108.046 E567.09907
G1 X117.645 Y107.921 E567.10611
G1 X117.568 Y107.714 E567.11529
G1 X117.568 Y105.875 E567.19175
G1 X117.659 Y105.646 E567.20199
G1 X117.881 Y105.472 E567.21372
G1 X118.066 Y105.436 E567.22155
G1 X119.5 Y105.433 E567.28117
G1 X119.5 Y100.5 E567.48626
G1 X113.316 Y100.5 E567.74336
G1 X113.316 Y101.896 E567.8014
G1 X113.266 Y102.116 E567.81078
G1 X113.115 Y102.298 E567.82061
G1 X112.912 Y102.396 E567.82999
G1 X111.084 Y102.4 E567.90599
G1 X110.843 Y102.266 E567.91745
G1 X110.743 Y102.137 E567.92424
G1 X110.685 Y101.944 E567.93261
G1 X110.684 Y100.5 E567.99265
G1 X108.559 Y100.5 E568.081
G1 X108.555 Y101.944 E568.14103
G1 X108.497 Y102.137 E568.14941
G1 X108.321 Y102.325 E568.16012
G1 X108.111 Y102.398 E568.16936
G1 X106.331 Y102.396 E568.24336
G1 X106.174 Y102.347 E568.2502
G1 X105.95 Y102.118 E568.26352
G1 X105.9 Y101.9 E568.27282
G1 X105.9 Y100.5 E568.33102
G1 X100.5 Y100.5 E568.55553
G1 X100.5 Y119.5 E569.34546
G1 X119.5 Y119.5 E570.13539
G1 X119.5 Y113.623 E570.37972
G1 X117.963 Y113.62 E570.44362
G1 X117.738 Y113.497 E570.45428
G0 F9000 X117.734 Y115.221
G0 X119.3 Y114.984
;TYPE:FILL
G1 F712.1 X114.984 Y119.3 E570.70805
G0 F9000 X114.984 Y117.9
G0 X105.015 Y117.9
G0 X105.015 Y119.3
G1 F712.1 X100.7 Y114.985 E570.96175
G0 F9000 X102.1 Y114.985
G0 X102.1 Y105.015
G0 X100.7 Y105.015
G1 F712.1 X105.015 Y100.7 E571.21546
G0 F9000 X104.331 Y102.07
G0 X104.372 Y103.929
G0 X114.848 Y103.927
G0 X114.985 Y102.1
G0 X114.985 Y100.7
G1 F712.1 X119.3 Y105.015 E571.46917
G0 F9000 X117.293 Y102.938
;MESH:NONMESH
G0 F300 X117.293 Y102.938 Z14.1
G0 F9000 X116.043 Y103.912
G0 X116.039 Y115.146
G0 X117.736 Y115.221
G0 X117.74 Y113.554
;TIME_ELAPSED:1434.667331
;LAYER:140
;note -- min layer time used
;TYPE:WALL-OUTER
;MESH:xyzCalibration_cube.stl
G1 F715.5 X117.618 Y113.396 E571.47746
G1 X117.572 Y113.243 E571.48411
G1 X117.57 Y111.428 E571.55957
G1 X117.649 Y111.206 E571.56936
G1 X117.763 Y111.083 E571.57634
G1 X118.024 Y110.981 E571.58799
G1 X119.5 Y110.98 E571.64935
G1 X119.5 Y108.092 E571.76942
G1 X118.024 Y108.091 E571.83078
G1 X117.887 Y108.059 E571.83663
G1 X117.691 Y107.921 E571.8466
G1 X117.568 Y107.658 E571.85867
G1 X117.568 Y105.814 E571.93534
G1 X117.646 Y105.607 E571.94453
G1 X117.885 Y105.41 E571.95741
G1 X118.066 Y105.376 E571.96507
G1 X119.5 Y105.373 E572.02468
G1 X119.5 Y100.5 E572.22728
G1 X113.38 Y100.5 E572.48172
G1 X113.38 Y101.896 E572.53976
G1 X113.331 Y102.113 E572.54901
G1 X113.249 Y102.234 E572.55509
G1 X113.091 Y102.35 E572.56323
G1 X112.882 Y102.396 E572.57213
G1 X111.179 Y102.396 E572.64293
G1 X110.9 Y102.26 E572.65584
G1 X110.803 Y102.13 E572.66258
G1 X110.749 Y101.944 E572.67063
G1 X110.745 Y100.5 E572.73067
G1 X108.5 Y100.5 E572.824
G1 X108.499 Y101.944 E572.88404
G1 X108.445 Y102.13 E572.89209
G1 X108.348 Y102.26 E572.89884
G1 X108.181 Y102.367 E572.90708
G1 X108 Y102.4 E572.91473
G1 X106.275 Y102.396 E572.98645
G1 X106.117 Y102.346 E572.99334
G1 X105.892 Y102.116 E573.00671
G1 X105.844 Y101.9 E573.01591
G1 X105.844 Y100.5 E573.07412
G1 X100.5 Y100.5 E573.2963
G1 X100.501 Y119.499 E574.08618
G1 X119.5 Y119.5 E574.87607
G1 X119.5 Y113.679 E575.11808
G1 X117.963 Y113.676 E575.18198
G1 X117.74 Y113.554 E575.19255
G0 F9000 X117.736 Y115.278
G0 X119.3 Y114.884
;TYPE:FILL
G1 F715.5 X114.884 Y119.3 E575.45219
G0 F9000 X114.884 Y117.9
G0 X105.114 Y117.9
G0 X105.114 Y119.299
G1 F715.5 X100.7 Y114.884 E575.71175
G0 F9000 X102.1 Y114.884
G0 X102.1 Y105.114
G0 X100.7 Y105.114
G1 F715.5 X105.115 Y100.7 E575.9713
G0 F9000 X104.275 Y102.07
G0 X104.316 Y103.929
G0 X114.912 Y103.927
G0 X114.884 Y102.1
G0 X114.884 Y100.7
G1 F715.5 X119.3 Y105.116 E576.23095
G0 F9000 X117.293 Y102.878
;MESH:NONMESH
G0 F300 X117.293 Y102.878 Z14.2
G0 F9000 X116.043 Y103.852
G0 X116.039 Y115.203
G0 X117.738 Y115.278
G0 X117.742 Y113.612
;TIME_ELAPSED:1446.697462
;LAYER:141
;note -- min layer time used
;TYPE:WALL-OUTER
;MESH:xyzCalibration_cube.stl
G1 F718.2 X117.619 Y113.453 E576.2393
G1 X117.572 Y113.299 E576.246
G1 X117.569 Y111.495 E576.321
G1 X117.611 Y111.326 E576.32824
G1 X117.693 Y111.2 E576.33449
G1 X117.882 Y111.067 E576.3441
G1 X118.05 Y111.032 E576.35123
G1 X119.5 Y111.034 E576.41152
G1 X119.5 Y108.032 E576.53633
G1 X118.053 Y108.032 E576.59649
G1 X117.885 Y107.996 E576.60363
G1 X117.696 Y107.863 E576.61324
G1 X117.572 Y107.596 E576.62548
G1 X117.572 Y105.753 E576.7021
G1 X117.649 Y105.548 E576.7112
G1 X117.892 Y105.349 E576.72426
G1 X118.072 Y105.316 E576.73187
G1 X119.5 Y105.316 E576.79124
G1 X119.5 Y100.5 E576.99147
G1 X113.444 Y100.5 E577.24324
G1 X113.444 Y101.896 E577.30128
G1 X113.397 Y102.109 E577.31035
G1 X113.314 Y102.234 E577.31659
G1 X113.157 Y102.349 E577.32468
G1 X112.946 Y102.396 E577.33367
G1 X111.194 Y102.4 E577.40651
G1 X110.957 Y102.253 E577.4181
G1 X110.864 Y102.124 E577.42472
G1 X110.813 Y101.944 E577.43249
G1 X110.809 Y100.5 E577.49253
G1 X108.444 Y100.5 E577.59085
G1 X108.443 Y101.944 E577.65089
G1 X108.392 Y102.124 E577.65867
G1 X108.299 Y102.253 E577.66528
G1 X108.068 Y102.397 E577.67659
G1 X106.218 Y102.396 E577.75351
G1 X106.059 Y102.346 E577.76044
G1 X105.835 Y102.113 E577.77388
G1 X105.788 Y101.9 E577.78294
G1 X105.788 Y100.5 E577.84115
G1 X100.5 Y100.5 E578.061
G1 X100.5 Y119.5 E578.85093
G1 X119.5 Y119.5 E579.64086
G1 X119.5 Y113.735 E579.88054
G1 X117.964 Y113.732 E579.9444
G1 X117.742 Y113.612 E579.95489
G0 F9000 X117.739 Y115.335
G0 X119.3 Y114.785
;TYPE:FILL
G1 F718.2 X114.785 Y119.3 E580.22035
G0 F9000 X114.785 Y117.9
G0 X105.214 Y117.9
G0 X105.214 Y119.3
G1 F718.2 X100.7 Y114.785 E580.48579
G0 F9000 X102.1 Y114.785
G0 X102.1 Y105.214
G0 X100.7 Y105.214
G1 F718.2 X105.214 Y100.7 E580.75119
G0 F9000 X104.219 Y102.07
G0 X104.26 Y103.929
G0 X114.976 Y103.927
G0 X115.017 Y102.07
G0 X114.785 Y100.7
G1 F718.2 X119.201 Y105.116 E581.01084
G0 F9000 X117.294 Y102.818
;MESH:NONMESH
G0 F300 X117.294 Y102.818 Z14.3
G0 F9000 X116.044 Y103.791
G0 X116.039 Y115.261
G0 X117.741 Y115.335
G0 X117.744 Y113.674
;TIME_ELAPSED:1458.734665
;LAYER:142
;note -- min layer time used
;TYPE:WALL-OUTER
;MESH:xyzCalibration_cube.stl
G1 F720.3 X117.619 Y113.515 E581.01925
G1 X117.572 Y113.36 E581.02598
G1 X117.569 Y111.548 E581.10131
G1 X117.654 Y111.306 E581.11198
G1 X117.876 Y111.126 E581.12386
G1 X118.036 Y111.088 E581.1307
G1 X119.5 Y111.09 E581.19156
G1 X119.5 Y107.976 E581.32103
G1 X118.039 Y107.976 E581.38177
G1 X117.879 Y107.938 E581.38861
G1 X117.658 Y107.757 E581.40048
G1 X117.572 Y107.563 E581.40931
G1 X117.572 Y105.692 E581.48709
G1 X117.649 Y105.488 E581.49616
G1 X117.749 Y105.373 E581.50249
G1 X117.896 Y105.287 E581.50958
G1 X118.072 Y105.256 E581.51701
G1 X119.5 Y105.256 E581.57637
G1 X119.5 Y100.5 E581.77411
G1 X113.508 Y100.5 E582.02322
G1 X113.508 Y101.896 E582.08126
G1 X113.463 Y102.106 E582.09019
G1 X113.314 Y102.293 E582.10013
G1 X113.107 Y102.396 E582.10975
G1 X111.327 Y102.399 E582.18375
G1 X111.179 Y102.362 E582.19009
G1 X111.011 Y102.247 E582.19856
G1 X110.921 Y102.117 E582.20513
G1 X110.874 Y101.944 E582.21258
G1 X110.872 Y100.5 E582.27262
G1 X108.388 Y100.5 E582.37589
G1 X108.386 Y101.944 E582.43593
G1 X108.339 Y102.117 E582.44338
G1 X108.249 Y102.247 E582.44995
G1 X107.971 Y102.394 E582.46303
G1 X106.162 Y102.396 E582.53824
G1 X106.002 Y102.345 E582.54522
G1 X105.777 Y102.11 E582.55874
G1 X105.732 Y101.9 E582.56767
G1 X105.732 Y100.5 E582.62588
G1 X100.501 Y100.501 E582.84336
G1 X100.5 Y119.5 E583.63324
G1 X119.5 Y119.5 E584.42317
G1 X119.5 Y113.795 E584.66036
G1 X117.967 Y113.792 E584.72409
G1 X117.744 Y113.674 E584.73458
G0 F9000 X117.74 Y115.391
G0 X119.3 Y114.685
;TYPE:FILL
G1 F720.3 X114.684 Y119.3 E585.00596
G0 F9000 X114.684 Y117.9
G0 X105.314 Y117.9
G0 X105.314 Y119.3
G1 F720.3 X100.7 Y114.685 E585.27727
G0 F9000 X102.1 Y114.685
G0 X102.1 Y105.313
G0 X100.701 Y105.313
G1 F720.3 X105.314 Y100.7 E585.5485
G0 F9000 X104.162 Y102.07
G0 X104.203 Y103.929
G0 X115.04 Y103.927
G0 X115.081 Y102.07
G0 X114.685 Y100.7
G1 F720.3 X119.041 Y105.056 E585.80461
G0 F9000 X117.293 Y102.759
;MESH:NONMESH
G0 F300 X117.293 Y102.759 Z14.4
G0 F9000 X116.044 Y103.733
G0 X116.039 Y115.316
G0 X117.742 Y115.391
G0 X117.746 Y113.731
;TIME_ELAPSED:1470.778589
;LAYER:143
;note -- min layer time used
;TYPE:WALL-OUTER
;MESH:xyzCalibration_cube.stl
G1 F722.4 X117.62 Y113.572 E585.81305
G1 X117.572 Y113.416 E585.81983
G1 X117.569 Y111.604 E585.89517
G1 X117.696 Y111.312 E585.90841
G1 X117.87 Y111.188 E585.91729
G1 X118.022 Y111.15 E585.9238
G1 X119.5 Y111.148 E585.98525
G1 X119.5 Y107.916 E586.11962
G1 X118.025 Y107.914 E586.18095
G1 X117.873 Y107.875 E586.18747
G1 X117.7 Y107.751 E586.19632
G1 X117.572 Y107.479 E586.20882
G1 X117.572 Y105.632 E586.28561
G1 X117.668 Y105.4 E586.29605
G1 X117.9 Y105.226 E586.3081
G1 X118.072 Y105.196 E586.31536
G1 X119.5 Y105.196 E586.37473
G1 X119.5 Y100.5 E586.56997
G1 X113.572 Y100.5 E586.81643
G1 X113.572 Y101.896 E586.87446
G1 X113.528 Y102.102 E586.88322
G1 X113.443 Y102.233 E586.88971
G1 X113.289 Y102.347 E586.89768
G1 X113.074 Y102.396 E586.90685
G1 X111.354 Y102.4 E586.97836
G1 X111.069 Y102.24 E586.99195
G1 X110.982 Y102.111 E586.99842
G1 X110.937 Y101.944 E587.00561
G1 X110.936 Y100.5 E587.06564
G1 X108.332 Y100.5 E587.1739
G1 X108.331 Y101.944 E587.23394
G1 X108.286 Y102.111 E587.24113
G1 X108.124 Y102.306 E587.25167
G1 X107.92 Y102.4 E587.26101
G1 X106.106 Y102.396 E587.33642
G1 X105.945 Y102.344 E587.34346
G1 X105.72 Y102.107 E587.35704
G1 X105.676 Y101.9 E587.36584
G1 X105.676 Y100.5 E587.42405
G1 X100.501 Y100.501 E587.6392
G1 X100.5 Y119.5 E588.42909
G1 X119.5 Y119.5 E589.21901
G1 X119.5 Y113.851 E589.45387
G1 X117.967 Y113.848 E589.51761
G1 X117.746 Y113.731 E589.528
G0 F9000 X117.742 Y115.448
G0 X119.3 Y114.584
;TYPE:FILL
G1 F722.4 X114.584 Y119.3 E589.80529
G0 F9000 X114.584 Y117.9
G0 X105.415 Y117.9
G0 X105.415 Y119.3
G1 F722.4 X100.7 Y114.585 E590.08251
G0 F9000 X102.1 Y114.585
G0 X102.1 Y105.413
G0 X100.701 Y105.413
G1 F722.4 X105.415 Y100.7 E590.35965
G0 F9000 X104.106 Y102.07
G0 X104.147 Y103.929
G0 X115.105 Y103.927
G0 X115.145 Y102.07
G0 X114.585 Y100.7
G1 F722.4 X118.88 Y104.995 E590.61218
G0 F9000 X117.293 Y102.699
;MESH:NONMESH
G0 F300 X117.293 Y102.699 Z14.5
G0 F9000 X116.044 Y103.673
G0 X115.971 Y111.36
G0 X117.698 Y111.362
;TIME_ELAPSED:1482.687618
;LAYER:144
;note -- min layer time used
;TYPE:WALL-OUTER
;MESH:xyzCalibration_cube.stl
G1 F725.3 X117.865 Y111.242 E590.62072
G1 X118.01 Y111.203 E590.62697
G1 X119.5 Y111.202 E590.68891
G1 X119.5 Y107.858 E590.82794
G1 X118.013 Y107.857 E590.88976
G1 X117.868 Y107.817 E590.89602
G1 X117.701 Y107.697 E590.90457
G1 X117.572 Y107.466 E590.91557
G1 X117.572 Y105.57 E590.99439
G1 X117.648 Y105.369 E591.00333
G1 X117.753 Y105.25 E591.00993
G1 X117.953 Y105.136 E591.0195
G1 X119.5 Y105.136 E591.08381
G1 X119.5 Y100.5 E591.27656
G1 X113.636 Y100.5 E591.52035
G1 X113.636 Y101.896 E591.57839
G1 X113.594 Y102.099 E591.58701
G1 X113.507 Y102.232 E591.59362
G1 X113.355 Y102.346 E591.60152
G1 X113.138 Y102.396 E591.61078
G1 X111.473 Y102.4 E591.68
G1 X111.201 Y102.302 E591.69202
G1 X111.044 Y102.105 E591.70249
G1 X111.001 Y101.944 E591.70942
G1 X110.997 Y100.5 E591.76945
G1 X108.275 Y100.5 E591.88262
G1 X108.271 Y101.944 E591.94266
G1 X108.228 Y102.105 E591.94959
G1 X108.071 Y102.302 E591.96006
G1 X107.863 Y102.4 E591.96962
G1 X106.049 Y102.396 E592.04504
G1 X105.888 Y102.344 E592.05207
G1 X105.663 Y102.104 E592.06575
G1 X105.62 Y101.9 E592.07441
G1 X105.62 Y100.5 E592.13262
G1 X100.501 Y100.501 E592.34544
G1 X100.501 Y119.499 E593.13529
G1 X119.5 Y119.5 E593.92517
G1 X119.5 Y113.907 E594.1577
G1 X118.066 Y113.904 E594.21732
G1 X117.845 Y113.852 E594.22676
G1 X117.621 Y113.629 E594.2399
G1 X117.572 Y113.472 E594.24674
G1 X117.57 Y111.653 E594.32237
G1 X117.698 Y111.362 E594.33558
G0 F9000 X115.971 Y111.361
G0 X116.04 Y115.431
G0 X117.93 Y115.476
G0 X119.3 Y114.483
;TYPE:FILL
G1 F725.3 X114.483 Y119.3 E594.6188
G0 F9000 X114.483 Y117.9
G0 X105.514 Y117.9
G0 X105.514 Y119.299
G1 F725.3 X100.7 Y114.485 E594.90185
G0 F9000 X102.1 Y114.485
G0 X102.1 Y105.514
G0 X100.701 Y105.514
G1 F725.3 X105.42 Y100.795 E595.17931
G0 F9000 X104.05 Y102.07
G0 X104.091 Y103.929
G0 X115.169 Y103.927
G0 X115.209 Y102.07
G0 X114.484 Y100.7
G1 F725.3 X118.72 Y104.936 E595.42837
G0 F9000 X117.293 Y102.639
;MESH:NONMESH
G0 F300 X117.293 Y102.639 Z14.6
G0 F9000 X116.044 Y103.613
G0 X115.971 Y111.416
G0 X117.699 Y111.417
;TIME_ELAPSED:1494.804456
;LAYER:145
;note -- min layer time used
;TYPE:WALL-OUTER
;MESH:xyzCalibration_cube.stl
G1 F725.9 X117.859 Y111.301 E595.43659
G1 X117.997 Y111.261 E595.44256
G1 X119.5 Y111.258 E595.50505
G1 X119.5 Y107.8 E595.64881
G1 X118 Y107.795 E595.71118
G1 X117.862 Y107.755 E595.71715
G1 X117.703 Y107.638 E595.72536
G1 X117.572 Y107.366 E595.73791
G1 X117.572 Y105.514 E595.81491
G1 X117.61 Y105.382 E595.82062
G1 X117.755 Y105.188 E595.83069
G1 X117.957 Y105.076 E595.84029
G1 X119.5 Y105.076 E595.90444
G1 X119.5 Y100.5 E596.09469
G1 X113.7 Y100.5 E596.33582
G1 X113.7 Y101.9 E596.39403
G1 X113.66 Y102.098 E596.40243
G1 X113.572 Y102.235 E596.4092
G1 X113.421 Y102.349 E596.41706
G1 X113.2 Y102.4 E596.42649
G1 X111.509 Y102.398 E596.4968
G1 X111.355 Y102.355 E596.50344
G1 X111.188 Y102.23 E596.51212
G1 X111.065 Y101.944 E596.52506
G1 X111.061 Y100.5 E596.58509
G1 X108.219 Y100.5 E596.70325
G1 X108.215 Y101.944 E596.76329
G1 X108.092 Y102.23 E596.77623
G1 X107.925 Y102.355 E596.7849
G1 X107.755 Y102.399 E596.7922
G1 X105.993 Y102.396 E596.86546
G1 X105.831 Y102.343 E596.87254
G1 X105.667 Y102.206 E596.88143
G1 X105.564 Y101.9 E596.89485
G1 X105.564 Y100.5 E596.95306
G1 X100.501 Y100.501 E597.16355
G1 X100.5 Y119.5 E597.95344
G1 X119.5 Y119.5 E598.74337
G1 X119.5 Y113.963 E598.97357
G1 X118.066 Y113.96 E599.03319
G1 X117.848 Y113.91 E599.04249
G1 X117.621 Y113.686 E599.05575
G1 X117.572 Y113.529 E599.06258
G1 X117.57 Y111.706 E599.13837
G1 X117.699 Y111.417 E599.15153
G0 F9000 X115.971 Y111.416
G0 X116.04 Y115.486
G0 X117.93 Y115.532
G0 X119.3 Y114.384
;TYPE:FILL
G1 F725.9 X114.384 Y119.3 E599.44057
G0 F9000 X114.384 Y117.9
G0 X105.614 Y117.9
G0 X105.614 Y119.3
G1 F725.9 X100.7 Y114.385 E599.72953
G0 F9000 X102.1 Y114.385
G0 X102.1 Y105.613
G0 X100.701 Y105.613
G1 F725.9 X105.364 Y100.95 E600.00369
G0 F9000 X103.994 Y102.07
G0 X104.035 Y103.93
G0 X115.233 Y103.928
G0 X115.273 Y102.07
G0 X114.385 Y100.7
G1 F725.9 X118.561 Y104.876 E600.24923
G0 F9000 X117.294 Y102.579
;MESH:NONMESH
G0 F300 X117.294 Y102.579 Z14.7
G0 F9000 X116.044 Y103.552
G0 X116.044 Y109.33
G0 X117.764 Y109.658
G0 X117.761 Y111.416
;TIME_ELAPSED:1506.984279
;LAYER:146
;note -- min layer time used
;TYPE:WALL-OUTER
;MESH:xyzCalibration_cube.stl
G1 F727.1 X118.006 Y111.312 E600.26029
G1 X119.5 Y111.312 E600.32241
G1 X119.5 Y107.74 E600.47091
G1 X118.009 Y107.74 E600.5329
G1 X117.857 Y107.692 E600.53953
G1 X117.704 Y107.58 E600.54741
G1 X117.572 Y107.351 E600.5584
G1 X117.572 Y105.453 E600.63731
G1 X117.647 Y105.251 E600.64627
G1 X117.758 Y105.126 E600.65322
G1 X117.96 Y105.016 E600.66278
G1 X119.5 Y105.016 E600.72681
G1 X119.5 Y100.5 E600.91456
G1 X113.764 Y100.5 E601.15304
G1 X113.764 Y101.9 E601.21124
G1 X113.725 Y102.094 E601.21947
G1 X113.579 Y102.289 E601.2296
G1 X113.367 Y102.4 E601.23955
G1 X111.597 Y102.4 E601.31313
G1 X111.414 Y102.353 E601.32099
G1 X111.251 Y102.23 E601.32948
G1 X111.13 Y101.944 E601.34239
G1 X111.125 Y100.5 E601.40242
G1 X108.163 Y100.5 E601.52557
G1 X108.158 Y101.944 E601.5856
G1 X108.115 Y102.109 E601.59269
G1 X107.967 Y102.296 E601.60261
G1 X107.701 Y102.399 E601.61447
G1 X105.933 Y102.395 E601.68797
G1 X105.77 Y102.342 E601.6951
G1 X105.605 Y102.203 E601.70407
G1 X105.504 Y101.898 E601.71743
G1 X105.506 Y100.5 E601.77555
G1 X100.5 Y100.5 E601.98367
G1 X100.5 Y119.5 E602.7736
G1 X119.5 Y119.5 E603.56353
G1 X119.5 Y114.019 E603.7914
G1 X118.066 Y114.016 E603.85102
G1 X117.851 Y113.967 E603.86019
G1 X117.622 Y113.743 E603.87351
G1 X117.572 Y113.585 E603.8804
G1 X117.57 Y111.758 E603.95636
G1 X117.609 Y111.611 E603.96268
G1 X117.761 Y111.416 E603.97296
G0 F9000 X117.764 Y109.713
G0 X116.043 Y109.782
G0 X116.04 Y115.543
G0 X117.93 Y115.589
G0 X119.3 Y114.284
;TYPE:FILL
G1 F727.1 X114.284 Y119.3 E604.26788
G0 F9000 X114.284 Y117.9
G0 X105.715 Y117.9
G0 X105.715 Y119.3
G1 F727.1 X100.7 Y114.285 E604.56274
G0 F9000 X102.1 Y114.285
G0 X102.1 Y105.715
G0 X100.7 Y105.715
G1 F727.1 X105.177 Y101.237 E604.826
G0 F9000 X103.937 Y102.07
G0 X103.978 Y103.93
G0 X115.297 Y103.928
G0 X115.337 Y102.07
G0 X114.285 Y100.7
G1 F727.1 X118.401 Y104.816 E605.06801
G0 F9000 X117.293 Y102.52
;MESH:NONMESH
G0 F300 X117.293 Y102.52 Z14.8
G0 F9000 X116.044 Y103.494
G0 X115.971 Y111.571
G0 X117.664 Y111.572
;TIME_ELAPSED:1519.215645
;LAYER:147
;note -- min layer time used
;TYPE:WALL-OUTER
;MESH:xyzCalibration_cube.stl
G1 F724.9 X117.849 Y111.418 E605.07801
G1 X117.999 Y111.368 E605.08459
G1 X119.5 Y111.368 E605.14699
G1 X119.5 Y107.682 E605.30024
G1 X118.004 Y107.684 E605.36244
G1 X117.852 Y107.634 E605.36909
G1 X117.705 Y107.525 E605.3767
G1 X117.572 Y107.255 E605.38921
G1 X117.572 Y105.392 E605.46666
G1 X117.611 Y105.259 E605.47243
G1 X117.759 Y105.065 E605.48257
G1 X117.96 Y104.956 E605.49208
G1 X119.5 Y104.956 E605.5561
G1 X119.5 Y100.5 E605.74136
G1 X113.828 Y100.5 E605.97718
G1 X113.828 Y101.9 E606.03538
G1 X113.791 Y102.09 E606.04343
G1 X113.646 Y102.287 E606.0536
G1 X113.431 Y102.4 E606.0637
G1 X111.627 Y102.397 E606.1387
G1 X111.431 Y102.33 E606.14731
G1 X111.236 Y102.114 E606.15941
G1 X111.189 Y101.944 E606.16674
G1 X111.188 Y100.5 E606.22678
G1 X108.107 Y100.5 E606.35487
G1 X108.103 Y101.944 E606.4149
G1 X108.056 Y102.114 E606.42224
G1 X107.861 Y102.33 E606.43434
G1 X107.647 Y102.399 E606.44368
G1 X105.876 Y102.395 E606.51731
G1 X105.712 Y102.342 E606.52448
G1 X105.548 Y102.201 E606.53347
G1 X105.448 Y101.898 E606.54674
G1 X105.45 Y100.5 E606.60486
G1 X100.5 Y100.5 E606.81066
G1 X100.501 Y119.499 E607.60054
G1 X119.5 Y119.5 E608.39043
G1 X119.5 Y114.075 E608.61597
G1 X118.066 Y114.072 E608.67559
G1 X117.854 Y114.025 E608.68462
G1 X117.622 Y113.8 E608.69806
G1 X117.572 Y113.641 E608.70499
G1 X117.573 Y111.792 E608.78186
G1 X117.664 Y111.572 E608.79176
G0 F9000 X115.971 Y111.571
G0 X116.04 Y115.601
G0 X117.93 Y115.646
G0 X119.212 Y114.272
;TYPE:FILL
G1 F724.9 X114.184 Y119.3 E609.08738
G0 F9000 X114.184 Y117.9
G0 X105.814 Y117.9
G0 X105.814 Y119.299
G1 F724.9 X100.7 Y114.184 E609.3881
G0 F9000 X102.1 Y114.184
G0 X102.1 Y105.814
G0 X100.7 Y105.814
G1 F724.9 X105.147 Y101.367 E609.64956
G0 F9000 X103.881 Y102.07
G0 X103.922 Y103.93
G0 X115.359 Y103.928
G0 X115.4 Y102.07
G0 X114.244 Y100.76
G1 F724.9 X118.24 Y104.756 E609.88451
G0 F9000 X117.293 Y102.46
;MESH:NONMESH
G0 F300 X117.293 Y102.46 Z14.9
G0 F9000 X116.045 Y103.434
G0 X116.04 Y115.601
G0 X117.752 Y115.675
G0 X117.755 Y114.023
;TIME_ELAPSED:1531.491901
;LAYER:148
;note -- min layer time used
;TYPE:WALL-OUTER
;MESH:xyzCalibration_cube.stl
G1 F721.2 X117.623 Y113.861 E609.8932
G1 X117.572 Y113.702 E609.90014
G1 X117.571 Y111.864 E609.97656
G1 X117.674 Y111.615 E609.98776
G1 X117.819 Y111.489 E609.99575
G1 X117.99 Y111.424 E610.00335
G1 X119.5 Y111.426 E610.06613
G1 X119.5 Y107.624 E610.2242
G1 X117.992 Y107.624 E610.2869
G1 X117.823 Y107.558 E610.29444
G1 X117.677 Y107.432 E610.30246
G1 X117.572 Y107.196 E610.3132
G1 X117.572 Y105.33 E610.39078
G1 X117.612 Y105.198 E610.39651
G1 X117.762 Y105.003 E610.40674
G1 X117.963 Y104.896 E610.41621
G1 X119.5 Y104.896 E610.48011
G1 X119.5 Y100.5 E610.66287
G1 X113.892 Y100.5 E610.89602
G1 X113.892 Y101.9 E610.95423
G1 X113.857 Y102.086 E610.9621
G1 X113.712 Y102.285 E610.97234
G1 X113.496 Y102.4 E610.98251
G1 X111.717 Y102.399 E611.05647
G1 X111.492 Y102.328 E611.06628
G1 X111.302 Y102.119 E611.07802
G1 X111.254 Y101.951 E611.08529
G1 X111.252 Y100.5 E611.14561
G1 X108.048 Y100.5 E611.27882
G1 X108.046 Y101.951 E611.33915
G1 X107.998 Y102.119 E611.34641
G1 X107.86 Y102.292 E611.35561
G1 X107.592 Y102.399 E611.36761
G1 X105.82 Y102.395 E611.44128
G1 X105.655 Y102.341 E611.4485
G1 X105.49 Y102.199 E611.45755
G1 X105.392 Y101.898 E611.47071
G1 X105.394 Y100.5 E611.52883
G1 X100.5 Y100.5 E611.7323
G1 X100.5 Y119.5 E612.52223
G1 X119.5 Y119.5 E613.31216
G1 X119.5 Y114.135 E613.53521
G1 X118.066 Y114.132 E613.59483
G1 X117.755 Y114.023 E613.60853
G0 F9000 X117.751 Y115.731
G0 X119.053 Y114.332
;TYPE:FILL
G1 F721.2 X114.085 Y119.3 E613.90063
G0 F9000 X114.085 Y117.9
G0 X105.914 Y117.9
G0 X105.914 Y119.3
G1 F721.2 X100.7 Y114.085 E614.20722
G0 F9000 X102.1 Y114.085
G0 X102.1 Y105.914
G0 X100.7 Y105.914
G1 F721.2 X105.12 Y101.494 E614.4671
G0 F9000 X103.825 Y102.07
G0 X103.866 Y103.93
G0 X115.423 Y103.928
G0 X115.464 Y102.07
G0 X114.278 Y100.893
G1 F721.2 X118.083 Y104.697 E614.69079
G0 F9000 X117.293 Y103
;MESH:NONMESH
G0 F300 X117.293 Y103 Z15
G0 F9000 X116.045 Y103.374
G0 X116.04 Y115.656
G0 X117.753 Y115.731
G0 X117.757 Y114.08
;TIME_ELAPSED:1543.544445
;LAYER:149
;note -- min layer time used
;TYPE:WALL-OUTER
;MESH:xyzCalibration_cube.stl
G1 F719.6 X117.623 Y113.918 E614.69953
G1 X117.572 Y113.758 E614.70651
G1 X117.571 Y111.912 E614.78326
G1 X117.643 Y111.711 E614.79213
G1 X117.816 Y111.544 E614.80213
G1 X117.985 Y111.476 E614.8097
G1 X119.5 Y111.478 E614.87269
G1 X119.5 Y107.564 E615.03542
G1 X117.988 Y107.564 E615.09828
G1 X117.819 Y107.496 E615.10585
G1 X117.647 Y107.329 E615.11582
G1 X117.572 Y107.136 E615.12443
G1 X117.572 Y105.27 E615.20201
G1 X117.613 Y105.137 E615.20779
G1 X117.764 Y104.941 E615.21808
G1 X117.965 Y104.836 E615.22751
G1 X119.5 Y104.836 E615.29133
G1 X119.5 Y100.5 E615.4716
G1 X113.956 Y100.5 E615.70209
G1 X113.956 Y101.9 E615.76029
G1 X113.922 Y102.082 E615.76799
G1 X113.779 Y102.283 E615.77825
G1 X113.561 Y102.4 E615.78853
G1 X111.779 Y102.399 E615.86262
G1 X111.502 Y102.29 E615.875
G1 X111.368 Y102.124 E615.88387
G1 X111.32 Y101.965 E615.89077
G1 X111.313 Y100.5 E615.95168
G1 X107.992 Y100.5 E616.08975
G1 X107.988 Y101.965 E616.15066
G1 X107.94 Y102.124 E616.15756
G1 X107.756 Y102.326 E616.16892
G1 X107.555 Y102.4 E616.17783
G1 X105.764 Y102.395 E616.25229
G1 X105.598 Y102.34 E616.25956
G1 X105.432 Y102.196 E616.2687
G1 X105.336 Y101.898 E616.28171
G1 X105.338 Y100.5 E616.33983
G1 X100.5 Y100.5 E616.54098
G1 X100.5 Y119.5 E617.3309
G1 X119.5 Y119.5 E618.12083
G1 X119.5 Y114.191 E618.34155
G1 X118.066 Y114.188 E618.40117
G1 X117.757 Y114.08 E618.41478
G0 F9000 X117.753 Y115.788
G0 X118.896 Y114.388
;TYPE:FILL
G1 F719.6 X113.984 Y119.3 E618.70359
G0 F9000 X113.984 Y117.9
G0 X106.014 Y117.9
G0 X106.014 Y119.3
G1 F719.6 X100.7 Y113.985 E619.01606
G0 F9000 X102.1 Y113.985
G0 X102.1 Y106.014
G0 X100.7 Y106.014
G1 F719.6 X105.09 Y101.625 E619.27415
G0 F9000 X103.769 Y102.07
G0 X103.81 Y103.93
G0 X115.487 Y103.928
G0 X115.528 Y102.07
G0 X114.314 Y101.029
G1 F719.6 X117.943 Y104.657 E619.48749
G0 F9000 X117 Y102.34
;MESH:NONMESH
G0 F300 X117 Y102.34 Z15.1
G0 F9000 X116.045 Y103.314
G0 X116.04 Y115.713
G0 X117.755 Y115.788
G0 X117.759 Y114.138
;TIME_ELAPSED:1555.599715
;LAYER:150
;note -- min layer time used
;TYPE:WALL-OUTER
;MESH:xyzCalibration_cube.stl
G1 F718.5 X117.624 Y113.975 E619.49629
G1 X117.572 Y113.814 E619.50332
G1 X117.568 Y111.961 E619.58036
G1 X117.677 Y111.719 E619.5914
G1 X117.812 Y111.601 E619.59885
G1 X117.978 Y111.532 E619.60632
G1 X119.5 Y111.534 E619.6696
G1 X119.5 Y107.508 E619.83698
G1 X117.983 Y107.508 E619.90005
G1 X117.815 Y107.438 E619.90762
G1 X117.681 Y107.32 E619.91504
G1 X117.605 Y107.19 E619.9213
G1 X117.572 Y107.008 E619.92899
G1 X117.572 Y105.213 E620.00362
G1 X117.613 Y105.079 E620.00945
G1 X117.766 Y104.883 E620.01978
G1 X117.968 Y104.78 E620.02921
G1 X119.5 Y104.777 E620.0929
G1 X119.5 Y100.5 E620.27072
G1 X114.02 Y100.5 E620.49855
G1 X114.02 Y101.9 E620.55676
G1 X113.988 Y102.078 E620.56428
G1 X113.845 Y102.281 E620.5746
G1 X113.626 Y102.4 E620.58496
G1 X111.809 Y102.396 E620.66051
G1 X111.613 Y102.324 E620.66919
G1 X111.435 Y102.129 E620.68016
G1 X111.386 Y101.978 E620.68676
G1 X111.377 Y100.5 E620.74821
G1 X107.936 Y100.5 E620.89127
G1 X107.93 Y101.978 E620.95272
G1 X107.881 Y102.129 E620.95932
G1 X107.703 Y102.324 E620.9703
G1 X107.484 Y102.398 E620.97991
G1 X105.707 Y102.395 E621.05379
G1 X105.541 Y102.34 E621.06106
G1 X105.375 Y102.194 E621.07025
G1 X105.28 Y101.898 E621.08317
G1 X105.282 Y100.5 E621.1413
G1 X100.5 Y100.5 E621.34011
G1 X100.5 Y119.5 E622.13004
G1 X119.5 Y119.5 E622.91997
G1 X119.5 Y114.247 E623.13836
G1 X118.066 Y114.244 E623.19798
G1 X117.759 Y114.138 E623.21148
G0 F9000 X117.756 Y115.845
G0 X118.74 Y114.444
;TYPE:FILL
G1 F718.5 X113.884 Y119.3 E623.497
G0 F9000 X113.884 Y117.9
G0 X106.115 Y117.9
G0 X106.115 Y119.3
G1 F718.5 X100.7 Y113.884 E623.81541
G0 F9000 X102.1 Y113.884
G0 X102.1 Y106.115
G0 X100.7 Y106.115
G1 F718.5 X105.058 Y101.756 E624.07167
G0 F9000 X103.712 Y102.07
G0 X103.752 Y103.93
G0 X115.551 Y103.928
G0 X115.592 Y102.07
G0 X114.348 Y101.164
G1 F718.5 X117.823 Y104.638 E624.27596
G0 F9000 X117 Y102.28
;MESH:NONMESH
G0 F300 X117 Y102.28 Z15.2
G0 F9000 X116.045 Y103.253
G0 X116.04 Y115.771
G0 X117.758 Y115.845
G0 X117.761 Y114.196
;TIME_ELAPSED:1567.647481
;LAYER:151
;note -- min layer time used
;TYPE:WALL-OUTER
;MESH:xyzCalibration_cube.stl
G1 F715.6 X117.625 Y114.032 E624.28481
G1 X117.572 Y113.871 E624.29186
G1 X117.572 Y112.018 E624.3689
G1 X117.647 Y111.817 E624.37782
G1 X117.808 Y111.66 E624.38717
G1 X117.971 Y111.588 E624.39458
G1 X119.5 Y111.59 E624.45815
G1 X119.5 Y107.448 E624.63035
G1 X117.966 Y107.448 E624.69413
G1 X117.732 Y107.316 E624.7053
G1 X117.63 Y107.184 E624.71223
G1 X117.572 Y107.019 E624.7195
G1 X117.572 Y105.152 E624.79712
G1 X117.614 Y105.017 E624.803
G1 X117.769 Y104.822 E624.81336
G1 X117.971 Y104.72 E624.82277
G1 X119.5 Y104.717 E624.88634
G1 X119.5 Y100.5 E625.06166
G1 X114.084 Y100.5 E625.28683
G1 X114.084 Y101.9 E625.34503
G1 X114.054 Y102.074 E625.35237
G1 X113.912 Y102.279 E625.36274
G1 X113.693 Y102.4 E625.37315
G1 X111.899 Y102.399 E625.44773
G1 X111.708 Y102.344 E625.45599
G1 X111.563 Y102.23 E625.46366
G1 X111.44 Y101.968 E625.4757
G1 X111.44 Y100.5 E625.53673
G1 X107.88 Y100.5 E625.68474
G1 X107.88 Y101.968 E625.74577
G1 X107.822 Y102.134 E625.75308
G1 X107.649 Y102.322 E625.7637
G1 X107.43 Y102.398 E625.77334
G1 X105.651 Y102.395 E625.8473
G1 X105.483 Y102.339 E625.85466
G1 X105.317 Y102.191 E625.86391
G1 X105.224 Y101.9 E625.87661
G1 X105.224 Y100.5 E625.93482
G1 X100.5 Y100.5 E626.13122
G1 X100.5 Y119.5 E626.92115
G1 X119.5 Y119.5 E627.71107
G1 X119.5 Y114.303 E627.92714
G1 X118.066 Y114.3 E627.98676
G1 X117.761 Y114.196 E628.00016
G0 F9000 X118.583 Y114.5
;TYPE:FILL
G1 F715.6 X113.783 Y119.3 E628.28238
G0 F9000 X113.783 Y117.9
G0 X106.215 Y117.9
G0 X106.215 Y119.3
G1 F715.6 X100.7 Y113.784 E628.60667
G0 F9000 X102.1 Y113.784
G0 X102.1 Y106.215
G0 X100.7 Y106.215
G1 F715.6 X105.027 Y101.888 E628.86108
G0 F9000 X103.656 Y102.07
G0 X103.697 Y103.93
G0 X115.615 Y103.928
G0 X115.656 Y102.07
G0 X114.385 Y101.301
G1 F715.6 X117.717 Y104.633 E629.05699
G0 F9000 X117.715 Y103
;MESH:NONMESH
G0 F300 X117.715 Y103 Z15.3
G0 F9000 X116.045 Y103.195
G0 X116.041 Y115.826
G0 X117.759 Y115.901
G0 X117.763 Y114.253
;TIME_ELAPSED:1579.588689
;LAYER:152
;note -- min layer time used
;TYPE:WALL-OUTER
;MESH:xyzCalibration_cube.stl
G1 F713.9 X117.625 Y114.09 E629.06587
G1 X117.573 Y113.927 E629.07298
G1 X117.568 Y112.067 E629.15031
G1 X117.68 Y111.828 E629.16128
G1 X117.805 Y111.718 E629.16821
G1 X118.07 Y111.644 E629.17965
G1 X119.5 Y111.646 E629.2391
G1 X119.5 Y107.39 E629.41604
G1 X118.074 Y107.392 E629.47533
G1 X117.808 Y107.318 E629.48681
G1 X117.652 Y107.165 E629.49589
G1 X117.572 Y106.958 E629.50512
G1 X117.572 Y105.09 E629.58278
G1 X117.615 Y104.956 E629.58863
G1 X117.771 Y104.76 E629.59905
G1 X117.972 Y104.66 E629.60838
G1 X119.5 Y104.657 E629.67191
G1 X119.5 Y100.5 E629.84473
G1 X114.148 Y100.5 E630.06724
G1 X114.148 Y102.026 E630.13069
G1 X113.979 Y102.276 E630.14323
G1 X113.758 Y102.4 E630.15377
G1 X111.965 Y102.399 E630.22831
G1 X111.689 Y102.286 E630.24071
G1 X111.568 Y102.14 E630.2486
G1 X111.508 Y101.977 E630.25582
G1 X111.505 Y100.5 E630.31722
G1 X107.823 Y100.5 E630.4703
G1 X107.82 Y101.977 E630.53171
G1 X107.76 Y102.14 E630.53893
G1 X107.556 Y102.342 E630.55087
G1 X107.372 Y102.398 E630.55886
G1 X105.595 Y102.395 E630.63274
G1 X105.426 Y102.338 E630.64016
G1 X105.259 Y102.189 E630.64946
G1 X105.168 Y101.9 E630.66206
G1 X105.168 Y100.5 E630.72027
G1 X100.5 Y100.5 E630.91434
G1 X100.5 Y119.5 E631.70427
G1 X119.5 Y119.5 E632.4942
G1 X119.5 Y114.359 E632.70793
G1 X118.066 Y114.356 E632.76755
G1 X117.763 Y114.253 E632.78086
G0 F9000 X118.429 Y114.556
;TYPE:FILL
G1 F713.9 X113.684 Y119.3 E633.05982
G0 F9000 X113.684 Y117.9
G0 X106.314 Y117.9
G0 X106.314 Y119.3
G1 F713.9 X100.7 Y113.685 E633.38993
G0 F9000 X102.1 Y113.685
G0 X102.1 Y106.314
G0 X100.7 Y106.314
G1 F713.9 X104.993 Y102.021 E633.64234
G0 F9000 X103.57 Y102.02
G0 X103.641 Y103.93
G0 X115.679 Y103.928
G0 X115.72 Y102.07
G0 X114.421 Y101.436
G1 F713.9 X117.618 Y104.633 E633.83031
G0 F9000 X117.616 Y103
;MESH:NONMESH
G0 F300 X117.616 Y103 Z15.4
G0 F9000 X116.044 Y103.135
G0 X116.041 Y115.883
G0 X117.761 Y115.958
G0 X117.765 Y114.311
;TIME_ELAPSED:1591.527831
;LAYER:153
;note -- min layer time used
;TYPE:WALL-OUTER
;MESH:xyzCalibration_cube.stl
G1 F713.2 X117.626 Y114.147 E633.83925
G1 X117.573 Y113.983 E633.84641
G1 X117.573 Y112.126 E633.92362
G1 X117.681 Y111.886 E633.93456
G1 X117.944 Y111.704 E633.94786
G1 X119.5 Y111.704 E634.01255
G1 X119.5 Y107.332 E634.19431
G1 X117.956 Y107.332 E634.25851
G1 X117.732 Y107.199 E634.26934
G1 X117.62 Y107.047 E634.27719
G1 X117.572 Y106.903 E634.2835
G1 X117.572 Y105.034 E634.3612
G1 X117.616 Y104.894 E634.3673
G1 X117.773 Y104.698 E634.37774
G1 X117.976 Y104.6 E634.38712
G1 X119.5 Y104.597 E634.45048
G1 X119.5 Y100.5 E634.62081
G1 X114.212 Y100.5 E634.84066
G1 X114.212 Y102.025 E634.90406
G1 X114.045 Y102.274 E634.91653
G1 X113.823 Y102.4 E634.92714
G1 X112.023 Y102.399 E635.00197
G1 X111.748 Y102.285 E635.01435
G1 X111.631 Y102.144 E635.02197
G1 X111.568 Y101.983 E635.02916
G1 X111.568 Y100.5 E635.09081
G1 X107.767 Y100.5 E635.24884
G1 X107.764 Y101.983 E635.3105
G1 X107.701 Y102.144 E635.31768
G1 X107.584 Y102.285 E635.3253
G1 X107.318 Y102.398 E635.33732
G1 X105.538 Y102.395 E635.41132
G1 X105.369 Y102.338 E635.41874
G1 X105.201 Y102.186 E635.42815
G1 X105.112 Y101.9 E635.44061
G1 X105.112 Y100.5 E635.49881
G1 X100.5 Y100.5 E635.69056
G1 X100.501 Y119.499 E636.48044
G1 X119.5 Y119.5 E637.27033
G1 X119.5 Y114.415 E637.48174
G1 X118.066 Y114.412 E637.54136
G1 X117.765 Y114.311 E637.55456
G0 F9000 X118.273 Y114.611
;TYPE:FILL
G1 F713.2 X113.584 Y119.3 E637.83025
G0 F9000 X113.584 Y117.9
G0 X106.414 Y117.9
G0 X106.414 Y119.299
G1 F713.2 X100.7 Y113.585 E638.16622
G0 F9000 X102.1 Y113.585
G0 X102.1 Y106.414
G0 X100.7 Y106.414
G1 F713.2 X104.963 Y102.151 E638.41686
G0 F9000 X103.514 Y102.15
G0 X103.585 Y103.93
G0 X115.743 Y103.928
G0 X115.784 Y102.07
G0 X114.461 Y101.577
G1 F713.2 X117.54 Y104.655 E638.59787
G0 F9000 X115.073 Y104.901
;MESH:NONMESH
G0 F300 X115.073 Y104.901 Z15.5
G0 F9000 X116.041 Y115.941
G0 X117.765 Y116.015
G0 X117.768 Y114.373
;TIME_ELAPSED:1603.366578
;LAYER:154
;note -- min layer time used
;TYPE:WALL-OUTER
;MESH:xyzCalibration_cube.stl
G1 F714.3 X117.626 Y114.208 E638.60692
G1 X117.573 Y114.044 E638.61408
G1 X117.569 Y112.217 E638.69004
G1 X117.6 Y112.077 E638.696
G1 X117.728 Y111.888 E638.70549
G1 X117.899 Y111.785 E638.71379
G1 X118.07 Y111.756 E638.721
G1 X119.5 Y111.758 E638.78046
G1 X119.5 Y107.272 E638.96696
G1 X117.95 Y107.272 E639.0314
G1 X117.731 Y107.139 E639.04206
G1 X117.635 Y107.017 E639.04851
G1 X117.572 Y106.845 E639.05613
G1 X117.572 Y104.973 E639.13395
G1 X117.616 Y104.832 E639.1401
G1 X117.776 Y104.636 E639.15061
G1 X117.979 Y104.54 E639.15995
G1 X119.5 Y104.537 E639.22319
G1 X119.5 Y100.5 E639.39103
G1 X114.276 Y100.5 E639.60821
G1 X114.276 Y102.022 E639.67149
G1 X114.112 Y102.271 E639.68389
G1 X113.888 Y102.4 E639.69463
G1 X112.019 Y102.4 E639.77234
G1 X111.81 Y102.284 E639.78228
G1 X111.698 Y102.149 E639.78957
G1 X111.632 Y101.988 E639.7968
G1 X111.629 Y100.5 E639.85867
G1 X107.711 Y100.5 E640.02156
G1 X107.708 Y101.988 E640.08342
G1 X107.642 Y102.149 E640.09066
G1 X107.53 Y102.284 E640.09795
G1 X107.319 Y102.397 E640.1079
G1 X105.482 Y102.395 E640.18427
G1 X105.311 Y102.337 E640.19178
G1 X105.143 Y102.184 E640.20123
G1 X105.056 Y101.9 E640.21358
G1 X105.056 Y100.5 E640.27178
G1 X100.5 Y100.5 E640.4612
G1 X100.501 Y119.499 E641.25109
G1 X119.5 Y119.5 E642.04097
G1 X119.5 Y114.475 E642.24989
G1 X118.066 Y114.472 E642.30951
G1 X117.768 Y114.373 E642.32256
;TYPE:FILL
G1 X118.112 Y114.672
G1 X113.484 Y119.3 E642.59467
G0 F9000 X113.484 Y117.9
G0 X106.514 Y117.9
G0 X106.514 Y119.299
G1 F714.3 X100.7 Y113.484 E642.93654
G0 F9000 X102.1 Y113.484
G0 X102.1 Y106.514
G0 X100.7 Y106.514
G1 F714.3 X104.959 Y102.255 E643.18695
G0 F9000 X103.458 Y102.254
G0 X103.529 Y103.93
G0 X115.807 Y103.928
G0 X115.848 Y102.07
G0 X114.502 Y101.717
G1 F714.3 X117.476 Y104.691 E643.36181
G0 F9000 X115.073 Y104.901
;MESH:NONMESH
G0 F300 X115.073 Y104.901 Z15.6
G0 F9000 X116.041 Y115.996
G0 X117.766 Y116.071
G0 X117.77 Y114.43
;TIME_ELAPSED:1615.162767
;LAYER:155
;note -- min layer time used
;TYPE:WALL-OUTER
;MESH:xyzCalibration_cube.stl
G1 F713.2 X117.627 Y114.265 E643.37089
G1 X117.573 Y114.1 E643.37811
G1 X117.569 Y112.271 E643.45415
G1 X117.683 Y111.991 E643.46672
G1 X117.89 Y111.844 E643.47727
G1 X118.07 Y111.812 E643.48488
G1 X119.5 Y111.814 E643.54433
G1 X119.5 Y107.216 E643.73549
G1 X118.072 Y107.216 E643.79486
G1 X117.894 Y107.184 E643.80238
G1 X117.731 Y107.083 E643.81035
G1 X117.572 Y106.84 E643.82242
G1 X117.572 Y104.911 E643.90262
G1 X117.617 Y104.771 E643.90874
G1 X117.778 Y104.575 E643.91928
G1 X117.983 Y104.48 E643.92868
G1 X119.5 Y104.48 E643.99175
G1 X119.5 Y100.5 E644.15721
G1 X114.34 Y100.5 E644.37174
G1 X114.34 Y102.018 E644.43485
G1 X114.179 Y102.269 E644.44725
G1 X113.952 Y102.4 E644.45815
G1 X112.127 Y102.396 E644.53402
G1 X111.951 Y102.337 E644.54174
G1 X111.764 Y102.154 E644.55262
G1 X111.696 Y101.902 E644.56347
G1 X111.693 Y100.5 E644.62176
G1 X107.655 Y100.5 E644.78964
G1 X107.652 Y101.993 E644.85171
G1 X107.475 Y102.283 E644.86584
G1 X107.346 Y102.362 E644.87212
G1 X107.152 Y102.4 E644.88034
G1 X105.425 Y102.395 E644.95214
G1 X105.254 Y102.336 E644.95966
G1 X105.086 Y102.181 E644.96917
G1 X105 Y101.9 E644.98139
G1 X105 Y100.5 E645.03959
G1 X100.5 Y100.5 E645.22668
G1 X100.5 Y119.5 E646.01661
G1 X119.5 Y119.5 E646.80654
G1 X119.5 Y114.531 E647.01312
G1 X118.066 Y114.528 E647.07274
G1 X117.77 Y114.43 E647.0857
;TYPE:FILL
G1 X117.979 Y114.706
G1 X113.385 Y119.3 E647.35581
G0 F9000 X113.385 Y117.9
G0 X106.614 Y117.9
G0 X106.614 Y119.3
G1 F713.2 X100.7 Y113.385 E647.70356
G0 F9000 X102.1 Y113.385
G0 X102.1 Y106.614
G0 X100.7 Y106.614
G1 F713.2 X104.969 Y102.345 E647.95456
G0 F9000 X103.401 Y102.344
G0 X103.472 Y103.93
G0 X115.871 Y103.928
G0 X115.912 Y102.07
G0 X114.543 Y101.857
G1 F713.2 X117.422 Y104.737 E648.12387
G0 F9000 X115.073 Y104.901
;MESH:NONMESH
G0 F300 X115.073 Y104.901 Z15.7
G0 F9000 X116.041 Y116.053
G0 X117.768 Y116.128
G0 X117.772 Y114.488
;TIME_ELAPSED:1626.953486
;LAYER:156
;note -- min layer time used
;TYPE:WALL-OUTER
;MESH:xyzCalibration_cube.stl
G1 F711.1 X117.628 Y114.322 E648.133
G1 X117.573 Y114.156 E648.14028
G1 X117.569 Y112.325 E648.2164
G1 X117.655 Y112.084 E648.22704
G1 X117.881 Y111.903 E648.23908
G1 X118.07 Y111.868 E648.24707
G1 X119.5 Y111.87 E648.30652
G1 X119.5 Y107.156 E648.5025
G1 X118.072 Y107.156 E648.56187
G1 X117.885 Y107.12 E648.56979
G1 X117.688 Y106.977 E648.57991
G1 X117.572 Y106.728 E648.59133
G1 X117.572 Y104.849 E648.66945
G1 X117.618 Y104.709 E648.67558
G1 X117.781 Y104.513 E648.68618
G1 X117.984 Y104.42 E648.69546
G1 X119.5 Y104.417 E648.75849
G1 X119.5 Y100.5 E648.92134
G1 X114.402 Y100.5 E649.13329
G1 X114.404 Y102.013 E649.19619
G1 X114.246 Y102.266 E649.20859
G1 X114.019 Y102.4 E649.21955
G1 X112.229 Y102.4 E649.29397
G1 X112.036 Y102.35 E649.30226
G1 X111.827 Y102.158 E649.31406
G1 X111.756 Y101.9 E649.32519
G1 X111.756 Y100.5 E649.38339
G1 X107.596 Y100.5 E649.55634
G1 X107.596 Y102.01 E649.61912
G1 X107.47 Y102.233 E649.62977
G1 X107.378 Y102.314 E649.63487
G1 X107.155 Y102.397 E649.64476
G1 X105.369 Y102.395 E649.71901
G1 X105.197 Y102.335 E649.72659
G1 X105.028 Y102.179 E649.73615
G1 X104.944 Y101.9 E649.74826
G1 X104.944 Y100.5 E649.80647
G1 X100.501 Y100.501 E649.99119
G1 X100.5 Y119.5 E650.78107
G1 X119.5 Y119.5 E651.571
G1 X119.5 Y114.587 E651.77526
G1 X118.066 Y114.584 E651.83488
G1 X117.772 Y114.488 E651.84774
;TYPE:FILL
G1 X117.849 Y114.736
G1 X113.284 Y119.3 E652.11611
G0 F9000 X113.284 Y117.9
G0 X106.714 Y117.9
G0 X106.714 Y119.3
G1 F711.1 X100.7 Y113.285 E652.46974
G0 F9000 X102.1 Y113.285
G0 X102.1 Y106.714
G0 X100.7 Y106.714
G1 F711.1 X104.988 Y102.426 E652.72186
G0 F9000 X104.988 Y104.002
G0 X115.936 Y103.928
G0 X115.976 Y102.07
G0 X114.584 Y101.999
G1 F711.1 X117.383 Y104.798 E652.88643
G0 F9000 X115.073 Y104.901
;MESH:NONMESH
G0 F300 X115.073 Y104.901 Z15.8
G0 F9000 X116.041 Y116.111
G0 X117.772 Y116.185
G0 X117.775 Y114.546
;TIME_ELAPSED:1638.650888
;LAYER:157
;note -- min layer time used
;TYPE:WALL-OUTER
;MESH:xyzCalibration_cube.stl
G1 F711.2 X117.628 Y114.38 E652.89565
G1 X117.573 Y114.213 E652.90296
G1 X117.569 Y112.38 E652.97917
G1 X117.685 Y112.101 E652.99173
G1 X117.873 Y111.963 E653.00142
G1 X118.068 Y111.924 E653.00969
G1 X119.5 Y111.924 E653.06923
G1 X119.5 Y107.096 E653.26995
G1 X118.072 Y107.096 E653.32932
G1 X117.876 Y107.057 E653.33763
G1 X117.73 Y106.962 E653.34487
G1 X117.608 Y106.785 E653.35381
G1 X117.572 Y106.596 E653.36181
G1 X117.572 Y104.788 E653.43698
G1 X117.619 Y104.647 E653.44316
G1 X117.783 Y104.451 E653.45378
G1 X117.989 Y104.36 E653.46314
G1 X119.5 Y104.357 E653.52596
G1 X119.5 Y100.5 E653.68632
G1 X114.466 Y100.5 E653.89561
G1 X114.468 Y102.011 E653.95843
G1 X114.313 Y102.263 E653.97073
G1 X114.084 Y102.4 E653.98182
G1 X112.291 Y102.4 E654.05637
G1 X112.138 Y102.367 E654.06287
G1 X111.947 Y102.234 E654.07255
G1 X111.82 Y102.016 E654.08304
G1 X111.82 Y100.5 E654.14607
G1 X107.54 Y100.5 E654.32401
G1 X107.54 Y102.022 E654.38729
G1 X107.365 Y102.281 E654.40028
G1 X107.101 Y102.397 E654.41227
G1 X105.312 Y102.395 E654.48665
G1 X105.139 Y102.335 E654.49426
G1 X104.97 Y102.176 E654.50391
G1 X104.888 Y101.9 E654.51588
G1 X104.888 Y100.5 E654.57408
G1 X100.5 Y100.5 E654.75652
G1 X100.5 Y119.5 E655.54644
G1 X119.5 Y119.5 E656.33637
G1 X119.5 Y114.643 E656.5383
G1 X118.066 Y114.64 E656.59792
G1 X117.775 Y114.546 E656.61064
;TYPE:FILL
G1 X117.736 Y114.748
G1 X113.184 Y119.3 E656.87828
G0 F9000 X113.184 Y117.9
G0 X106.815 Y117.9
G0 X106.815 Y119.3
G1 F711.2 X100.7 Y113.184 E657.23784
G0 F9000 X102.1 Y113.184
G0 X102.1 Y106.815
G0 X100.7 Y106.815
G1 F711.2 X105.022 Y102.493 E657.49196
G0 F9000 X105.022 Y104.002
G0 X116 Y103.93
G0 X116.071 Y102.136
G0 X114.621 Y102.137
G1 F711.2 X117.372 Y104.887 E657.65368
G0 F9000 X115.074 Y104.902
;MESH:NONMESH
G0 F300 X115.074 Y104.902 Z15.9
G0 F9000 X116.041 Y116.166
G0 X117.773 Y116.241
G0 X117.777 Y114.604
;TIME_ELAPSED:1650.340129
;LAYER:158
;note -- min layer time used
;TYPE:WALL-OUTER
;MESH:xyzCalibration_cube.stl
G1 F712.2 X117.629 Y114.437 E657.66296
G1 X117.573 Y114.269 E657.67032
G1 X117.57 Y112.355 E657.7499
G1 X117.726 Y112.114 E657.76183
G1 X117.865 Y112.022 E657.76876
G1 X118.07 Y111.98 E657.77746
G1 X119.5 Y111.982 E657.83691
G1 X119.5 Y107.04 E658.04238
G1 X118.072 Y107.04 E658.10175
G1 X117.868 Y106.997 E658.11041
G1 X117.69 Y106.863 E658.11968
G1 X117.572 Y106.61 E658.13128
G1 X117.572 Y104.727 E658.20957
G1 X117.62 Y104.585 E658.2158
G1 X117.786 Y104.389 E658.22648
G1 X117.992 Y104.3 E658.23581
G1 X119.5 Y104.297 E658.29851
G1 X119.5 Y100.5 E658.45637
G1 X114.53 Y100.5 E658.663
G1 X114.532 Y102.008 E658.72569
G1 X114.38 Y102.26 E658.73793
G1 X114.149 Y102.4 E658.74916
G1 X112.354 Y102.4 E658.82378
G1 X112.098 Y102.311 E658.83505
G1 X111.96 Y102.167 E658.84334
G1 X111.884 Y101.902 E658.85481
G1 X111.881 Y100.5 E658.91309
G1 X107.484 Y100.5 E659.0959
G1 X107.484 Y102.031 E659.15955
G1 X107.27 Y102.311 E659.1742
G1 X107.047 Y102.397 E659.18414
G1 X105.256 Y102.395 E659.2586
G1 X105.082 Y102.334 E659.26627
G1 X104.912 Y102.173 E659.276
G1 X104.832 Y101.9 E659.28783
G1 X104.832 Y100.5 E659.34603
G1 X100.5 Y100.5 E659.52614
G1 X100.5 Y119.5 E660.31607
G1 X119.5 Y119.5 E661.10599
G1 X119.5 Y114.699 E661.3056
G1 X118.066 Y114.696 E661.36521
G1 X117.777 Y114.604 E661.37782
;TYPE:FILL
G1 X117.646 Y114.739
G1 X113.085 Y119.3 E661.64599
G0 F9000 X113.085 Y117.9
G0 X106.914 Y117.9
G0 X106.914 Y119.3
G1 F712.2 X100.7 Y113.085 E662.01138
G0 F9000 X102.1 Y113.085
G0 X102.1 Y106.914
G0 X100.7 Y106.914
G1 F712.2 X105.08 Y102.534 E662.26891
G0 F9000 X105.08 Y104.002
G0 X116.064 Y103.93
G0 X116.072 Y102.575
G0 X116.135 Y102.248
G0 X114.635 Y102.249
G1 F712.2 X117.373 Y104.987 E662.42989
G0 F9000 X115.075 Y104.986
;MESH:NONMESH
G0 F300 X115.075 Y104.986 Z16
G0 F9000 X116.041 Y116.223
G0 X117.775 Y116.298
G0 X117.779 Y114.661
;TIME_ELAPSED:1662.020431
;LAYER:159
;note -- min layer time used
;TYPE:WALL-OUTER
;MESH:xyzCalibration_cube.stl
G1 F713.1 X117.63 Y114.494 E662.4392
G1 X117.573 Y114.324 E662.44665
G1 X117.574 Y112.484 E662.52315
G1 X117.619 Y112.318 E662.5303
G1 X117.729 Y112.167 E662.53807
G1 X117.86 Y112.078 E662.54465
G1 X118.074 Y112.032 E662.55375
G1 X119.5 Y112.034 E662.61304
G1 X119.5 Y106.98 E662.82316
G1 X118.072 Y106.98 E662.88253
G1 X117.86 Y106.934 E662.89155
G1 X117.729 Y106.845 E662.89813
G1 X117.572 Y106.552 E662.91195
G1 X117.572 Y104.669 E662.99024
G1 X117.621 Y104.523 E662.99664
G1 X117.789 Y104.327 E663.00737
G1 X117.995 Y104.24 E663.01667
G1 X119.5 Y104.237 E663.07924
G1 X119.5 Y100.5 E663.23461
G1 X114.598 Y100.5 E663.43841
G1 X114.6 Y101.992 E663.50044
G1 X114.451 Y102.257 E663.51308
G1 X114.22 Y102.4 E663.52438
G1 X112.417 Y102.4 E663.59934
G1 X112.193 Y102.331 E663.60908
G1 X112.077 Y102.236 E663.61531
G1 X111.98 Y102.079 E663.62299
G1 X111.948 Y101.902 E663.63046
G1 X111.945 Y100.5 E663.68875
G1 X107.428 Y100.5 E663.87655
G1 X107.428 Y101.9 E663.93475
G1 X107.396 Y102.079 E663.94231
G1 X107.254 Y102.28 E663.95254
G1 X106.993 Y102.396 E663.96442
G1 X105.2 Y102.395 E664.03896
G1 X105.024 Y102.333 E664.04672
G1 X104.854 Y102.17 E664.05651
G1 X104.776 Y101.9 E664.0682
G1 X104.776 Y100.5 E664.1264
G1 X100.5 Y100.5 E664.30418
G1 X100.501 Y119.499 E665.09406
G1 X119.5 Y119.5 E665.88395
G1 X119.5 Y114.755 E666.08123
G1 X118.066 Y114.752 E666.14084
G1 X117.779 Y114.661 E666.15336
;TYPE:FILL
G1 X117.573 Y114.712
G1 X112.984 Y119.3 E666.42315
G0 F9000 X112.984 Y117.9
G0 X107.014 Y117.9
G0 X107.014 Y119.299
G1 F713.1 X100.7 Y112.985 E666.79439
G0 F9000 X102.1 Y112.985
G0 X102.1 Y107.014
G0 X100.7 Y107.014
G1 F713.1 X105.14 Y102.574 E667.05544
G0 F9000 X105.14 Y104.002
G0 X115.129 Y102.928
G0 X116.2 Y102.344
G0 X114.63 Y102.345
G1 F713.1 X117.372 Y105.087 E667.21666
G0 F9000 X115.075 Y105.086
;MESH:NONMESH
G0 F300 X115.075 Y105.086 Z16.1
G0 F9000 X116.042 Y116.279
G0 X117.778 Y116.354
G0 X117.782 Y114.723
;TIME_ELAPSED:1673.636433
;LAYER:160
;note -- min layer time used
;TYPE:WALL-OUTER
;MESH:xyzCalibration_cube.stl
G1 F805.4 X117.63 Y114.555 E667.22608
G1 X117.573 Y114.385 E667.23353
G1 X117.574 Y112.542 E667.31016
G1 X117.641 Y112.337 E667.31912
G1 X117.741 Y112.216 E667.32565
G1 X117.956 Y112.092 E667.33597
G1 X119.5 Y112.094 E667.40016
G1 X119.5 Y100.5 E667.88218
G1 X100.5 Y100.5 E668.67211
G1 X100.5 Y119.5 E669.46204
G1 X119.5 Y119.5 E670.25197
G1 X119.5 Y114.815 E670.44675
G1 X118.066 Y114.812 E670.50637
G1 X117.782 Y114.723 E670.51874
;TYPE:FILL
G1 X117.496 Y114.688
G1 X112.884 Y119.3 E670.78991
G0 F9000 X112.884 Y117.9
G0 X107.115 Y117.9
G0 X107.115 Y119.3
G1 F805.4 X100.7 Y112.885 E671.16709
G0 F9000 X102.1 Y112.885
G0 X102.1 Y107.115
G0 X100.7 Y107.115
G1 F805.4 X105.213 Y102.602 E671.43243
G0 F9000 X105.213 Y103.002
G0 X114.787 Y103.002
G0 X114.787 Y102.602
G1 F805.4 X117.375 Y105.191 E671.58463
G0 F9000 X116.975 Y105.19
G0 X117.045 Y107.569
G0 X117.93 Y107.611
G0 X118.569 Y107.109
;TYPE:SKIN
G1 F757.6 X118.569 Y104.171 E671.71447
G1 X117.507 Y104.171 E671.7614
G1 X117.504 Y107.109 E671.89125
G1 X118.569 Y107.109 E671.93832
G0 F9000 X117.93 Y107.611
G0 X117.045 Y107.569
G0 X114.671 Y103.002
G0 X114.671 Y102.475
G1 F767 X114.671 Y101.425 E671.98415
G1 X111.81 Y101.425 E672.10905
G1 X111.812 Y102.475 E672.15488
G1 X114.671 Y102.475 E672.27969
G0 F9000 X114.671 Y103.002
G0 X111.359 Y102.93
G0 X108.082 Y102.476
G0 X107.556 Y102.475
G1 F767.7 X107.558 Y101.425 E672.32548
G1 F767 X104.701 Y101.425 E672.4502
G1 X104.701 Y102.475 E672.49604
G1 X107.556 Y102.475 E672.62067
G0 F9000 X108.982 Y103
;MESH:NONMESH
G0 F300 X108.982 Y103 Z16.2
G0 F9000 X118.93 Y118.93
G0 X119.5 Y119.5
;TIME_ELAPSED:1685.880188
;LAYER:161
;note -- min layer time used
;TYPE:WALL-OUTER
;MESH:xyzCalibration_cube.stl
G1 F851.9 X119.5 Y100.5 E673.4106
G1 X100.5 Y100.5 E674.20053
G1 X100.5 Y119.5 E674.99045
G1 X119.5 Y119.5 E675.78038
G0 F9000 X118.93 Y118.93
G0 X116.362 Y116.016
G0 X116.971 Y114.713
G0 X117.37 Y114.714
;TYPE:FILL
G1 F851.9 X112.784 Y119.3 E676.05002
G0 F9000 X112.784 Y117.9
G0 X107.215 Y117.9
G0 X107.215 Y119.3
G1 F851.9 X100.7 Y112.784 E676.43311
G0 F9000 X102.1 Y112.784
G0 X102.1 Y107.215
G0 X100.7 Y107.215
G1 F851.9 X105.313 Y102.602 E676.70434
G0 F9000 X105.313 Y103.002
G0 X114.684 Y103
G0 X114.684 Y102.6
G1 F851.9 X117.375 Y105.291 E676.86256
G0 F9000 X116.976 Y105.29
G0 X117.045 Y107.51
G0 X117.93 Y107.552
G0 X118.569 Y107.049
;TYPE:SKIN
G1 F801.5 X118.569 Y104.172 E676.9897
G1 X117.507 Y104.175 E677.03664
G1 X117.504 Y107.049 E677.16365
G1 X118.569 Y107.049 E677.21072
G0 F9000 X117.93 Y107.552
G0 X117.045 Y107.51
G0 X114.671 Y103
G0 X114.671 Y102.475
G1 F810.6 X114.671 Y101.425 E677.2566
G1 F809.8 X111.871 Y101.426 E677.37906
G1 X111.873 Y102.477 E677.42503
G1 X114.671 Y102.475 E677.54741
G0 F9000 X114.671 Y103
G0 X111.422 Y102.931
G0 X108.026 Y102.476
G0 X107.5 Y102.475
G1 F812.2 X107.502 Y101.425 E677.5932
G1 F811.4 X104.701 Y101.425 E677.71548
G1 X104.701 Y102.475 E677.76131
G1 X107.5 Y102.475 E677.8835
G0 F9000 X108.026 Y102.476
G0 X117.042 Y115.338
G0 X117.93 Y115.382
G0 X118.568 Y114.879
G1 F800 X118.568 Y111.968 E678.01239
G1 X117.504 Y111.965 E678.0595
G1 X117.501 Y114.876 E678.18839
G1 X118.568 Y114.879 E678.23564
G0 F9000 X117 Y116.018
;MESH:NONMESH
G0 F300 X117 Y116.018 Z16.3
G0 F9000 X118.93 Y118.93
G0 X119.5 Y119.5
;TIME_ELAPSED:1698.499991
;LAYER:162
;note -- min layer time used
;TYPE:WALL-OUTER
;MESH:xyzCalibration_cube.stl
G1 F735 X119.5 Y100.5 E679.02557
G1 X100.5 Y100.5 E679.8155
G1 X100.5 Y119.5 E680.60542
G1 X119.5 Y119.5 E681.39535
G0 F9000 X118.93 Y118.93
G0 X116.363 Y116.016
G0 X116.971 Y114.614
G0 X117.37 Y114.615
;TYPE:FILL
G1 F735 X112.685 Y119.3 E681.67081
G0 F9000 X112.685 Y117.9
G0 X107.314 Y117.9
G0 X107.314 Y119.3
G1 F735 X100.7 Y112.685 E682.05972
G0 F9000 X102.1 Y112.685
G0 X102.1 Y107.314
G0 X100.7 Y107.314
G1 F735 X107.314 Y100.7 E682.4486
G0 F9000 X107.314 Y102.1
G0 X112.685 Y102.1
G0 X112.685 Y100.7
G1 F735 X119.3 Y107.315 E682.83753
G0 F9000 X117.9 Y107.315
G0 X117.046 Y111.562
G0 X117.042 Y115.338
G0 X117.93 Y115.382
G0 X118.568 Y114.879
;TYPE:SKIN
G1 F690.1 X118.568 Y112.024 E682.96395
G1 X117.504 Y112.021 E683.01106
G1 X117.501 Y114.876 E683.13747
G1 X118.568 Y114.879 E683.18471
G0 F9000 X117 Y116.018
;MESH:NONMESH
G0 F300 X117 Y116.018 Z16.4
G0 F9000 X118.93 Y118.93
G0 X119.5 Y119.5
;TIME_ELAPSED:1710.381519
;LAYER:163
;note -- min layer time used
;TYPE:WALL-OUTER
;MESH:xyzCalibration_cube.stl
G1 F702.2 X119.5 Y100.5 E683.97464
G1 X100.5 Y100.5 E684.76457
G1 X100.5 Y119.5 E685.5545
G1 X119.5 Y119.5 E686.34443
G0 F9000 X118.93 Y118.93
G0 X117.9 Y112.585
G0 X119.3 Y112.585
;TYPE:FILL
G1 F702.2 X112.584 Y119.3 E686.73927
G0 F9000 X112.584 Y117.9
G0 X107.414 Y117.9
G0 X107.414 Y119.3
G1 F702.2 X100.7 Y112.585 E687.13406
G0 F9000 X102.1 Y112.585
G0 X102.1 Y107.414
G0 X100.7 Y107.414
G1 F702.2 X107.414 Y100.7 E687.52882
G0 F9000 X107.414 Y102.1
G0 X112.585 Y102.1
G0 X112.585 Y100.7
G1 F702.2 X119.3 Y107.415 E687.92363
G0 F9000 X117 Y107.415
;MESH:NONMESH
G0 F300 X117 Y107.415 Z16.5
G0 F9000 X118.93 Y118.93
G0 X119.5 Y119.5
;TIME_ELAPSED:1722.031741
;LAYER:164
;note -- min layer time used
;TYPE:WALL-OUTER
;MESH:xyzCalibration_cube.stl
G1 F709.4 X119.5 Y100.5 E688.71356
G1 X100.5 Y100.5 E689.50349
G1 X100.5 Y119.5 E690.29342
G1 X119.5 Y119.5 E691.08335
G0 F9000 X118.93 Y118.93
G0 X112.484 Y117.9
G0 X112.484 Y119.3
;TYPE:FILL
G1 F709.4 X119.3 Y112.484 E691.4841
G0 F9000 X117.9 Y112.484
G0 X117.9 Y107.516
G0 X119.3 Y107.516
G1 F709.4 X112.484 Y100.7 E691.88486
G0 F9000 X112.484 Y102.1
G0 X107.515 Y102.1
G0 X107.515 Y100.7
G1 F709.4 X100.7 Y107.515 E692.28555
G0 F9000 X102.1 Y107.515
G0 X102.1 Y112.484
G0 X100.7 Y112.484
G1 F709.4 X107.515 Y119.3 E692.68628
G0 F9000 X107.515 Y117
;MESH:NONMESH
G0 F300 X107.515 Y117 Z16.6
G0 F9000 X118.93 Y118.93
G0 X119.5 Y119.5
;TIME_ELAPSED:1733.621367
;LAYER:165
;note -- min layer time used
;TYPE:WALL-OUTER
;MESH:xyzCalibration_cube.stl
G1 F712.6 X119.5 Y100.5 E693.47621
G1 X100.5 Y100.5 E694.26613
G1 X100.5 Y119.5 E695.05606
G1 X119.5 Y119.5 E695.84599
G0 F9000 X118.93 Y118.93
G0 X112.385 Y117.9
G0 X112.385 Y119.3
;TYPE:FILL
G1 F712.6 X119.3 Y112.385 E696.25257
G0 F9000 X117.9 Y112.385
G0 X117.9 Y107.615
G0 X119.3 Y107.615
G1 F712.6 X112.385 Y100.7 E696.65914
G0 F9000 X112.385 Y102.1
G0 X107.614 Y102.1
G0 X107.614 Y100.7
G1 F712.6 X100.7 Y107.614 E697.06566
G0 F9000 X102.1 Y107.614
G0 X102.1 Y112.385
G0 X100.7 Y112.385
G1 F712.6 X107.614 Y119.3 E697.4722
G0 F9000 X107.614 Y117
;MESH:NONMESH
G0 F300 X107.614 Y117 Z16.7
G0 F9000 X118.93 Y118.93
G0 X119.5 Y119.5
;TIME_ELAPSED:1745.203983
;LAYER:166
;note -- min layer time used
;TYPE:WALL-OUTER
;MESH:xyzCalibration_cube.stl
G1 F715.8 X119.5 Y100.5 E698.26213
G1 X100.5 Y100.5 E699.05206
G1 X100.5 Y119.5 E699.84199
G1 X119.5 Y119.5 E700.63192
G0 F9000 X118.93 Y118.93
G0 X117.9 Y112.285
G0 X119.3 Y112.285
;TYPE:FILL
G1 F715.8 X112.284 Y119.3 E701.0444
G0 F9000 X112.284 Y117.9
G0 X107.714 Y117.9
G0 X107.714 Y119.3
G1 F715.8 X100.7 Y112.285 E701.45683
G0 F9000 X102.1 Y112.285
G0 X102.1 Y107.714
G0 X100.7 Y107.714
G1 F715.8 X107.714 Y100.7 E701.86922
G0 F9000 X107.714 Y102.1
G0 X112.285 Y102.1
G0 X112.285 Y100.7
G1 F715.8 X119.3 Y107.715 E702.28168
G0 F9000 X117 Y107.715
;MESH:NONMESH
G0 F300 X117 Y107.715 Z16.8
G0 F9000 X118.93 Y118.93
G0 X119.5 Y119.5
;TIME_ELAPSED:1756.779225
;LAYER:167
;note -- min layer time used
;TYPE:WALL-OUTER
;MESH:xyzCalibration_cube.stl
G1 F719 X119.5 Y100.5 E703.07161
G1 X100.5 Y100.5 E703.86153
G1 X100.5 Y119.5 E704.65146
G1 X119.5 Y119.5 E705.44139
G0 F9000 X118.93 Y118.93
G0 X117.9 Y112.185
G0 X119.3 Y112.185
;TYPE:FILL
G1 F719 X112.184 Y119.3 E705.85976
G0 F9000 X112.184 Y117.9
G0 X107.815 Y117.9
G0 X107.815 Y119.3
G1 F719 X100.7 Y112.185 E706.27809
G0 F9000 X102.1 Y112.185
G0 X102.1 Y107.815
G0 X100.7 Y107.815
G1 F719 X107.815 Y100.7 E706.69642
G0 F9000 X107.815 Y102.1
G0 X112.185 Y102.1
G0 X112.185 Y100.7
G1 F719 X119.3 Y107.815 E707.11476
G0 F9000 X117 Y107.815
;MESH:NONMESH
G0 F300 X117 Y107.815 Z16.9
G0 F9000 X118.93 Y118.93
G0 X119.5 Y119.5
;TIME_ELAPSED:1768.346793
;LAYER:168
;note -- min layer time used
;TYPE:WALL-OUTER
;MESH:xyzCalibration_cube.stl
G1 F722.2 X119.5 Y100.5 E707.90469
G1 X100.5 Y100.5 E708.69462
G1 X100.5 Y119.5 E709.48454
G1 X119.5 Y119.5 E710.27447
G0 F9000 X118.93 Y118.93
G0 X117.9 Y112.084
G0 X119.3 Y112.084
;TYPE:FILL
G1 F722.2 X112.083 Y119.3 E710.69877
G0 F9000 X112.083 Y117.9
G0 X107.915 Y117.9
G0 X107.915 Y119.3
G1 F722.2 X100.7 Y112.084 E711.12302
G0 F9000 X102.1 Y112.084
G0 X102.1 Y107.915
G0 X100.7 Y107.915
G1 F722.2 X107.915 Y100.7 E711.54723
G0 F9000 X107.915 Y102.1
G0 X112.084 Y102.1
G0 X112.084 Y100.7
G1 F722.2 X119.3 Y107.916 E711.97151
G0 F9000 X117 Y107.916
;MESH:NONMESH
G0 F300 X117 Y107.916 Z17
G0 F9000 X118.93 Y118.93
G0 X119.5 Y119.5
;TIME_ELAPSED:1779.906372
;LAYER:169
;note -- min layer time used
;TYPE:WALL-OUTER
;MESH:xyzCalibration_cube.stl
G1 F725.4 X119.5 Y100.5 E712.76143
G1 X100.5 Y100.5 E713.55136
G1 X100.5 Y119.5 E714.34129
G1 X119.5 Y119.5 E715.13122
G0 F9000 X118.93 Y118.93
G0 X111.985 Y117.9
G0 X111.985 Y119.3
;TYPE:FILL
G1 F725.4 X119.3 Y111.985 E715.56131
G0 F9000 X117.9 Y111.985
G0 X117.9 Y108.015
G0 X119.3 Y108.015
G1 F725.4 X111.985 Y100.7 E715.99141
G0 F9000 X111.985 Y102.1
G0 X108.014 Y102.1
G0 X108.014 Y100.7
G1 F725.4 X100.7 Y108.014 E716.42144
G0 F9000 X102.1 Y108.014
G0 X102.1 Y111.985
G0 X100.7 Y111.985
G1 F725.4 X108.014 Y119.3 E716.85151
G0 F9000 X108.014 Y117
;MESH:NONMESH
G0 F300 X108.014 Y117 Z17.1
G0 F9000 X118.93 Y118.93
G0 X119.5 Y119.5
;TIME_ELAPSED:1791.457792
;LAYER:170
;note -- min layer time used
;TYPE:WALL-OUTER
;MESH:xyzCalibration_cube.stl
G1 F728.6 X119.5 Y100.5 E717.64143
G1 X100.5 Y100.5 E718.43136
G1 X100.5 Y119.5 E719.22129
G1 X119.5 Y119.5 E720.01122
G0 F9000 X118.93 Y118.93
G0 X117.9 Y111.885
G0 X119.3 Y111.885
;TYPE:FILL
G1 F728.6 X111.884 Y119.3 E720.44722
G0 F9000 X111.884 Y117.9
G0 X108.115 Y117.9
G0 X108.115 Y119.3
G1 F728.6 X100.7 Y111.885 E720.8832
G0 F9000 X102.1 Y111.885
G0 X102.1 Y108.115
G0 X100.7 Y108.115
G1 F728.6 X108.115 Y100.7 E721.31917
G0 F9000 X108.115 Y102.1
G0 X111.885 Y102.1
G0 X111.885 Y100.7
G1 F728.6 X119.3 Y108.115 E721.75514
G0 F9000 X117 Y108.115
;MESH:NONMESH
G0 F300 X117 Y108.115 Z17.2
G0 F9000 X118.93 Y118.93
G0 X119.5 Y119.5
;TIME_ELAPSED:1803.000530
;LAYER:171
;note -- min layer time used
;TYPE:WALL-OUTER
;MESH:xyzCalibration_cube.stl
G1 F731.8 X119.5 Y100.5 E722.54507
G1 X100.5 Y100.5 E723.335
G1 X100.5 Y119.5 E724.12493
G1 X119.5 Y119.5 E724.91486
G0 F9000 X118.93 Y118.93
G0 X111.784 Y117.9
G0 X111.784 Y119.3
;TYPE:FILL
G1 F731.8 X119.3 Y111.784 E725.35677
G0 F9000 X117.9 Y111.784
G0 X117.9 Y108.216
G0 X119.3 Y108.216
G1 F731.8 X111.784 Y100.7 E725.79868
G0 F9000 X111.784 Y102.1
G0 X108.215 Y102.1
G0 X108.215 Y100.7
G1 F731.8 X100.7 Y108.215 E726.24053
G0 F9000 X102.1 Y108.215
G0 X102.1 Y111.784
G0 X100.7 Y111.784
G1 F731.8 X108.215 Y119.3 E726.68242
G0 F9000 X108.215 Y117
;MESH:NONMESH
G0 F300 X108.215 Y117 Z17.3
G0 F9000 X118.93 Y118.93
G0 X119.5 Y119.5
;TIME_ELAPSED:1814.534253
;LAYER:172
;note -- min layer time used
;TYPE:WALL-OUTER
;MESH:xyzCalibration_cube.stl
G1 F735 X119.5 Y100.5 E727.47234
G1 X100.5 Y100.5 E728.26227
G1 X100.5 Y119.5 E729.0522
G1 X119.5 Y119.5 E729.84213
G0 F9000 X118.93 Y118.93
G0 X111.685 Y117.9
G0 X111.685 Y119.3
;TYPE:FILL
G1 F735 X119.3 Y111.685 E730.28986
G0 F9000 X117.9 Y111.685
G0 X117.9 Y108.315
G0 X119.3 Y108.315
G1 F735 X111.685 Y100.7 E730.73759
G0 F9000 X111.685 Y102.1
G0 X108.314 Y102.1
G0 X108.314 Y100.7
G1 F735 X100.7 Y108.314 E731.18527
G0 F9000 X102.1 Y108.314
G0 X102.1 Y111.685
G0 X100.7 Y111.685
G1 F735 X108.314 Y119.3 E731.63297
G0 F9000 X108.314 Y117
;MESH:NONMESH
G0 F300 X108.314 Y117 Z17.4
G0 F9000 X118.93 Y118.93
G0 X119.5 Y119.5
;TIME_ELAPSED:1826.058693
;LAYER:173
;note -- min layer time used
;TYPE:WALL-OUTER
;MESH:xyzCalibration_cube.stl
G1 F738.2 X119.5 Y100.5 E732.4229
G1 X100.5 Y100.5 E733.21283
G1 X100.5 Y119.5 E734.00276
G1 X119.5 Y119.5 E734.79268
G0 F9000 X118.93 Y118.93
G0 X117.9 Y111.585
G0 X119.3 Y111.585
;TYPE:FILL
G1 F738.2 X111.584 Y119.3 E735.24633
G0 F9000 X111.584 Y117.9
G0 X108.414 Y117.9
G0 X108.414 Y119.3
G1 F738.2 X100.7 Y111.585 E735.69991
G0 F9000 X102.1 Y111.585
G0 X102.1 Y108.414
G0 X100.7 Y108.414
G1 F738.2 X108.414 Y100.7 E736.15346
G0 F9000 X108.414 Y102.1
G0 X111.585 Y102.1
G0 X111.585 Y100.7
G1 F738.2 X119.3 Y108.415 E736.60708
G0 F9000 X117 Y108.415
;MESH:NONMESH
G0 F300 X117 Y108.415 Z17.5
G0 F9000 X118.93 Y118.93
G0 X119.5 Y119.5
;TIME_ELAPSED:1837.573298
;LAYER:174
;note -- min layer time used
;TYPE:WALL-OUTER
;MESH:xyzCalibration_cube.stl
G1 F741.4 X119.5 Y100.5 E737.397
G1 X100.5 Y100.5 E738.18693
G1 X100.5 Y119.5 E738.97686
G1 X119.5 Y119.5 E739.76679
G0 F9000 X118.93 Y118.93
G0 X117.9 Y111.485
G0 X119.3 Y111.485
;TYPE:FILL
G1 F741.4 X111.484 Y119.3 E740.22631
G0 F9000 X111.484 Y117.9
G0 X108.515 Y117.9
G0 X108.515 Y119.3
G1 F741.4 X100.7 Y111.485 E740.6858
G0 F9000 X102.1 Y111.485
G0 X102.1 Y108.515
G0 X100.7 Y108.515
G1 F741.4 X108.515 Y100.7 E741.14529
G0 F9000 X108.515 Y102.1
G0 X111.485 Y102.1
G0 X111.485 Y100.7
G1 F741.4 X119.3 Y108.515 E741.60479
G0 F9000 X117 Y108.515
;MESH:NONMESH
G0 F300 X117 Y108.515 Z17.6
G0 F9000 X118.93 Y118.93
G0 X119.5 Y119.5
;TIME_ELAPSED:1849.077567
;LAYER:175
;note -- min layer time used
;TYPE:WALL-OUTER
;MESH:xyzCalibration_cube.stl
G1 F744.6 X119.5 Y100.5 E742.39471
G1 X100.5 Y100.5 E743.18464
G1 X100.5 Y119.5 E743.97457
G1 X119.5 Y119.5 E744.7645
G0 F9000 X118.93 Y118.93
G0 X117.9 Y111.384
G0 X119.3 Y111.384
;TYPE:FILL
G1 F744.6 X111.383 Y119.3 E745.22996
G0 F9000 X111.383 Y117.9
G0 X108.615 Y117.9
G0 X108.615 Y119.3
G1 F744.6 X100.7 Y111.384 E745.69536
G0 F9000 X102.1 Y111.384
G0 X102.1 Y108.615
G0 X100.7 Y108.615
G1 F744.6 X108.615 Y100.7 E746.16073
G0 F9000 X108.615 Y102.1
G0 X111.384 Y102.1
G0 X111.384 Y100.7
G1 F744.6 X119.3 Y108.616 E746.62616
G0 F9000 X117 Y108.616
;MESH:NONMESH
G0 F300 X117 Y108.616 Z17.7
G0 F9000 X118.93 Y118.93
G0 X119.5 Y119.5
;TIME_ELAPSED:1860.570969
;LAYER:176
;note -- min layer time used
;TYPE:WALL-OUTER
;MESH:xyzCalibration_cube.stl
G1 F747.7 X119.5 Y100.5 E747.41609
G1 X100.5 Y100.5 E748.20602
G1 X100.5 Y119.5 E748.99595
G1 X119.5 Y119.5 E749.78587
G0 F9000 X118.93 Y118.93
G0 X117.9 Y111.285
G0 X119.3 Y111.285
;TYPE:FILL
G1 F747.7 X111.284 Y119.3 E750.25715
G0 F9000 X111.284 Y117.9
G0 X108.714 Y117.9
G0 X108.714 Y119.3
G1 F747.7 X100.7 Y111.285 E750.72838
G0 F9000 X102.1 Y111.285
G0 X102.1 Y108.714
G0 X100.7 Y108.714
G1 F747.7 X108.714 Y100.7 E751.19957
G0 F9000 X108.714 Y102.1
G0 X111.285 Y102.1
G0 X111.285 Y100.7
G1 F747.7 X119.3 Y108.715 E751.67082
G0 F9000 X117 Y108.715
;MESH:NONMESH
G0 F300 X117 Y108.715 Z17.8
G0 F9000 X118.93 Y118.93
G0 X119.5 Y119.5
;TIME_ELAPSED:1872.053120
;LAYER:177
;note -- min layer time used
;TYPE:WALL-OUTER
;MESH:xyzCalibration_cube.stl
G1 F1492.9 X119.5 Y100.5 E752.46075
G1 X100.5 Y100.5 E753.25068
G1 X100.5 Y119.5 E754.04061
G1 X119.5 Y119.5 E754.83053
G0 F9000 X118.93 Y118.93
G0 X115.027 Y115.857
G0 X114.627 Y115.857
;TYPE:FILL
G1 F1492.9 X119.3 Y111.185 E755.10526
G0 F9000 X117.9 Y111.185
G0 X117.9 Y108.815
G0 X119.3 Y108.815
G1 F1492.9 X114.812 Y104.327 E755.36914
G0 F9000 X115.212 Y104.327
G0 X115.14 Y102.979
G0 X113.792 Y102.907
G0 X113.792 Y103.307
G1 F1492.9 X111.185 Y100.7 E755.52242
G0 F9000 X111.185 Y102.1
G0 X108.815 Y102.1
G0 X108.815 Y100.7
G1 F1492.9 X106.207 Y103.307 E755.67573
G0 F9000 X105.622 Y103.892
G1 F1492.9 X100.7 Y108.815 E755.96515
G0 F9000 X102.1 Y108.815
G0 X102.1 Y111.185
G0 X100.7 Y111.185
G1 F1492.9 X105.706 Y116.191 E756.25949
G0 F9000 X105.306 Y116.191
G0 X105.378 Y113.777
G0 X109.898 Y113.753
G0 X110.151 Y114.079
;TYPE:SKIN
G1 F1492.9 X109.882 Y114.204 E756.27182
G1 X105.804 Y114.204 E756.44136
G1 X105.804 Y116.916 E756.55411
G1 X114.524 Y116.916 E756.91665
G1 X114.524 Y115.753 E756.965
G1 X109.966 Y106.848 E757.38091
G1 X109.914 Y106.674 E757.38846
G1 X109.925 Y106.502 E757.39562
G1 X110.082 Y106.244 E757.40818
G1 X110.35 Y106.12 E757.42046
G1 X114.712 Y106.12 E757.60181
G1 X114.712 Y103.404 E757.71473
G1 X105.72 Y103.404 E758.08857
G1 X105.72 Y104.571 E758.13709
G1 X110.292 Y113.526 E758.55511
G1 X110.307 Y113.821 E758.56739
G1 X110.151 Y114.079 E758.57993
G0 F9000 X109.898 Y113.753
G0 X105.378 Y113.777
G0 X105.378 Y117.346
G0 X114.955 Y117.346
G0 X114.965 Y115.648
G0 X112.981 Y111.635
G0 X111.696 Y112.291
G1 F1704.3 X109.418 Y107.831 E758.76232
G1 F1706.2 X108.53 Y108.013 E758.79529
G1 F1704.3 X110.807 Y112.475 E758.97774
G1 X111.696 Y112.291 E759.0108
G0 F9000 X112.981 Y111.635
G0 X114.648 Y114.892
G0 X113.755 Y115.348
G1 F1492.9 X112.687 Y116.416 E759.07359
G0 F9000 X112.687 Y117.418
G0 X111.272 Y117.418
G0 X111.272 Y116.416
G1 F1492.9 X113.276 Y114.413 E759.19139
G0 F9000 X114.169 Y113.957
G0 X113.69 Y113.021
G0 X112.797 Y113.477
G1 F1492.9 X109.858 Y116.416 E759.36419
G0 F9000 X109.858 Y117.418
G0 X108.444 Y117.418
G0 X108.444 Y116.416
G1 F1492.9 X110.287 Y114.573 E759.47256
G0 F9000 X110.705 Y114.155
G1 F1492.9 X112.23 Y112.63 E759.56222
G0 F9000 X113.229 Y112.12
G0 X114.965 Y115.648
G0 X114.955 Y117.346
G0 X105.378 Y117.346
G0 X105.378 Y113.777
G0 X108.742 Y113.705
G0 X108.742 Y114.704
G1 F1492.9 X107.03 Y116.416 E759.66288
G0 F9000 X107.03 Y117.418
G0 X105.378 Y117.346
G0 X105.306 Y115.727
G0 X106.304 Y115.727
G1 F1492.9 X107.327 Y114.704 E759.72303
G1 F3600 E755.72303
G0 F9000 X107.327 Y113.705
G0 X105.284 Y104.677
G0 X105.294 Y102.979
G0 X115.14 Y102.979
G0 X115.14 Y106.548
G0 X110.453 Y106.694
G0 X108.874 Y107.501
G1 F3600 E759.72303
G1 F1492.9 X109.4 Y106.975 E759.75395
G0 F9000 X110.348 Y106.57
G0 X115.14 Y106.548
G0 X115.14 Y102.979
G0 X105.294 Y102.979
G0 X105.284 Y104.677
G0 X106.779 Y107.744
G0 X107.67 Y107.29
G1 F1492.9 X111.057 Y103.904 E759.95307
G0 F9000 X111.057 Y102.907
G0 X112.471 Y102.907
G0 X112.471 Y103.904
G1 F1492.9 X110.754 Y105.621 E760.05402
G0 F9000 X110.754 Y106.62
G0 X112.168 Y106.62
G0 X112.168 Y105.621
G1 F1492.9 X113.885 Y103.904 E760.15497
G0 F9000 X113.885 Y102.907
G0 X115.14 Y102.979
G0 X115.212 Y104.991
G0 X114.212 Y104.991
G1 F1492.9 X113.583 Y105.621 E760.19199
G0 F9000 X113.583 Y106.62
G0 X115.14 Y106.548
G0 X115.14 Y102.979
G0 X109.643 Y102.907
G0 X109.643 Y103.904
G1 F1492.9 X107.193 Y106.353 E760.33601
G0 F9000 X106.301 Y106.807
G0 X105.823 Y105.871
G0 X106.715 Y105.417
G1 F1492.9 X108.228 Y103.904 E760.42496
G0 F9000 X108.228 Y102.907
G0 X106.814 Y102.907
G0 X106.814 Y103.904
G1 F1492.9 X106.238 Y104.48 E760.45883
G0 F9000 X104.544 Y105.343
;MESH:NONMESH
G0 F300 X104.544 Y105.343 Z17.9
G0 F9000 X105.378 Y117.346
G0 X118.93 Y118.93
G0 X119.5 Y119.5
;TIME_ELAPSED:1890.904661
;LAYER:178
;note -- min layer time used
;TYPE:WALL-OUTER
;MESH:xyzCalibration_cube.stl
G1 F1456.1 X119.5 Y100.5 E761.24876
G1 X100.5 Y100.5 E762.03869
G1 X100.5 Y119.5 E762.82862
G1 X119.5 Y119.5 E763.61854
G0 F9000 X118.93 Y118.93
G0 X115.027 Y115.757
G0 X114.627 Y115.757
;TYPE:FILL
G1 F1456.1 X119.3 Y111.084 E763.8933
G0 F9000 X117.9 Y111.084
G0 X117.9 Y108.916
G0 X119.3 Y108.916
G1 F1456.1 X114.812 Y104.427 E764.15721
G0 F9000 X115.212 Y104.427
G0 X115.14 Y102.979
G0 X113.691 Y102.907
G0 X113.691 Y103.307
G1 F1456.1 X111.084 Y100.7 E764.31049
G0 F9000 X111.084 Y102.1
G0 X108.915 Y102.1
G0 X108.915 Y100.7
G1 F1456.1 X106.308 Y103.307 E764.46377
G0 F9000 X105.622 Y103.993
G1 F1456.1 X100.7 Y108.915 E764.75316
G0 F9000 X102.1 Y108.915
G0 X102.1 Y111.084
G0 X100.7 Y111.084
G1 F1456.1 X105.706 Y116.091 E765.04753
G0 F9000 X105.306 Y116.091
G0 X105.378 Y113.777
G0 X109.898 Y113.753
G0 X110.151 Y114.079
;TYPE:SKIN
G1 F1456.1 X109.882 Y114.204 E765.05986
G1 X105.804 Y114.204 E765.2294
G1 X105.804 Y116.916 E765.34215
G1 X114.524 Y116.916 E765.70469
G1 X114.524 Y115.753 E765.75304
G1 X109.966 Y106.848 E766.16895
G1 X109.914 Y106.674 E766.1765
G1 X109.925 Y106.502 E766.18366
G1 X110.082 Y106.244 E766.19622
G1 X110.35 Y106.12 E766.2085
G1 X114.712 Y106.12 E766.38985
G1 X114.712 Y103.404 E766.50277
G1 X105.72 Y103.404 E766.87661
G1 X105.72 Y104.571 E766.92513
G1 X110.292 Y113.526 E767.34315
G1 X110.307 Y113.821 E767.35543
G1 X110.151 Y114.079 E767.36797
G0 F9000 X109.898 Y113.753
G0 X105.378 Y113.777
G0 X105.378 Y117.346
G0 X114.955 Y117.346
G0 X114.965 Y115.648
G0 X112.981 Y111.635
G0 X111.696 Y112.291
G1 F1662.2 X109.418 Y107.831 E767.55036
G1 F1664.1 X108.53 Y108.013 E767.58333
G1 F1662.2 X110.807 Y112.475 E767.76578
G1 X111.696 Y112.291 E767.79884
G0 F9000 X112.981 Y111.635
G0 X114.965 Y115.648
G0 X114.955 Y117.346
G0 X106.516 Y117.418
G0 X106.516 Y116.416
G1 F1456.1 X106.304 Y116.203 E767.81133
G0 F9000 X105.306 Y116.203
G0 X105.306 Y114.789
G0 X106.304 Y114.789
G1 F1456.1 X107.931 Y116.416 E767.907
G0 F9000 X107.931 Y117.418
G0 X109.345 Y117.418
G0 X109.345 Y116.416
G1 F1456.1 X107.633 Y114.704 E768.00765
G0 F9000 X107.633 Y113.705
G0 X109.047 Y113.705
G0 X109.047 Y114.704
G1 F1456.1 X110.759 Y116.416 E768.10831
G0 F9000 X110.759 Y117.418
G0 X112.173 Y117.418
G0 X112.173 Y116.416
G1 F1456.1 X110.314 Y114.557 E768.21762
G0 F9000 X109.898 Y113.753
G0 X110.811 Y113.64
G1 F1456.1 X113.588 Y116.416 E768.38086
G0 F9000 X113.588 Y117.418
G0 X114.955 Y117.346
G0 X114.965 Y115.648
G0 X114.461 Y114.528
G0 X113.569 Y114.983
G1 F1456.1 X111.391 Y112.805 E768.50892
G1 F3600 E764.50892
G0 F9000 X109.779 Y113.626
G0 X105.378 Y113.777
G0 X105.378 Y117.346
G0 X114.955 Y117.346
G0 X114.965 Y115.648
G0 X110.456 Y106.701
G0 X108.907 Y107.493
G1 F3600 E768.50892
G1 F1456.1 X106.594 Y105.179 E768.64495
G0 F9000 X105.702 Y105.633
G0 X105.284 Y104.677
G0 X105.294 Y102.979
G0 X106.732 Y102.907
G0 X106.732 Y103.904
G1 F1456.1 X109.425 Y106.597 E768.80328
G0 F9000 X110.336 Y106.572
G0 X109.975 Y105.732
G1 F1456.1 X108.146 Y103.904 E768.91079
G0 F9000 X108.146 Y102.907
G0 X109.561 Y102.907
G0 X109.561 Y103.904
G1 F1456.1 X111.277 Y105.621 E769.01172
G0 F9000 X111.277 Y106.62
G0 X112.692 Y106.62
G0 X112.692 Y105.621
G1 F1456.1 X110.975 Y103.904 E769.11267
G0 F9000 X110.975 Y102.907
G0 X112.389 Y102.907
G0 X112.389 Y103.904
G1 F1456.1 X114.106 Y105.621 E769.21362
G0 F9000 X114.106 Y106.62
G0 X115.14 Y106.548
G0 X115.212 Y104.312
G0 X114.212 Y104.312
G1 F1456.1 X113.803 Y103.904 E769.23764
G0 F9000 X113.803 Y103
;MESH:NONMESH
G0 F300 X113.803 Y103 Z18
G0 F9000 X113.803 Y102.907
G0 X115.819 Y102.3
G0 X118.93 Y118.93
G0 X119.5 Y119.5
;TIME_ELAPSED:1908.475039
;LAYER:179
;note -- min layer time used
;TYPE:WALL-OUTER
;MESH:xyzCalibration_cube.stl
G1 F1411.4 X119.5 Y100.5 E770.02757
G1 X100.5 Y100.5 E770.8175
G1 X100.5 Y119.5 E771.60743
G1 X119.5 Y119.5 E772.39735
G0 F9000 X118.93 Y118.93
G0 X114.96 Y115.502
G0 X114.603 Y115.682
;TYPE:FILL
G1 F1411.4 X119.3 Y110.985 E772.67352
G0 F9000 X117.9 Y110.985
G0 X117.9 Y109.015
G0 X119.3 Y109.015
G1 F1411.4 X114.812 Y104.526 E772.93743
G0 F9000 X115.212 Y104.526
G0 X115.14 Y102.979
G0 X113.592 Y102.907
G0 X113.592 Y103.307
G1 F1411.4 X110.985 Y100.7 E773.09071
G0 F9000 X110.985 Y102.1
G0 X109.014 Y102.1
G0 X109.014 Y100.7
G1 F1411.4 X106.407 Y103.307 E773.24399
G0 F9000 X106.407 Y102.907
G0 X105.294 Y102.979
G0 X105.222 Y104.092
G0 X105.622 Y104.092
G1 F1411.4 X100.7 Y109.014 E773.53338
G0 F9000 X102.1 Y109.014
G0 X102.1 Y110.985
G0 X100.7 Y110.985
G1 F1411.4 X105.706 Y115.992 E773.82775
G0 F9000 X105.306 Y115.992
G0 X105.378 Y113.777
G0 X109.898 Y113.753
G0 X110.151 Y114.079
;TYPE:SKIN
G1 F1411.4 X109.882 Y114.204 E773.84008
G1 X105.804 Y114.204 E774.00962
G1 X105.804 Y116.916 E774.12237
G1 X114.524 Y116.916 E774.48491
G1 X114.524 Y115.753 E774.53326
G1 X109.966 Y106.848 E774.94917
G1 X109.914 Y106.674 E774.95672
G1 X109.925 Y106.502 E774.96388
G1 X110.082 Y106.244 E774.97644
G1 X110.35 Y106.12 E774.98872
G1 X114.712 Y106.12 E775.17007
G1 X114.712 Y103.404 E775.28299
G1 X105.72 Y103.404 E775.65683
G1 X105.72 Y104.571 E775.70535
G1 X110.292 Y113.526 E776.12337
G1 X110.307 Y113.821 E776.13565
G1 X110.151 Y114.079 E776.14819
G0 F9000 X109.898 Y113.753
G0 X105.378 Y113.777
G0 X105.378 Y117.346
G0 X114.955 Y117.346
G0 X114.965 Y115.648
G0 X114.648 Y114.892
G0 X113.755 Y115.348
G1 F1411.4 X112.687 Y116.416 E776.21098
G0 F9000 X112.687 Y117.418
G0 X111.272 Y117.418
G0 X111.272 Y116.416
G1 F1411.4 X113.276 Y114.412 E776.32881
G0 F9000 X114.169 Y113.956
G0 X113.69 Y113.021
G0 X112.798 Y113.476
G1 F1411.4 X109.858 Y116.416 E776.50167
G0 F9000 X109.858 Y117.418
G0 X108.444 Y117.418
G0 X108.444 Y116.416
G1 F1411.4 X110.287 Y114.573 E776.61003
G0 F9000 X110.705 Y114.155
G1 F1411.4 X112.318 Y112.542 E776.70487
G0 F9000 X113.212 Y112.086
G0 X112.733 Y111.15
G0 X111.84 Y111.606
G1 F1411.4 X110.538 Y112.908 E776.78142
G0 F9000 X109.645 Y113.362
G0 X109.167 Y112.426
G0 X110.06 Y111.972
G1 F1411.4 X111.361 Y110.671 E776.85791
G0 F9000 X112.254 Y110.215
G0 X111.775 Y109.279
G0 X110.882 Y109.735
G1 F1411.4 X109.582 Y111.035 E776.93435
G0 F9000 X108.689 Y111.489
G0 X108.212 Y110.553
G0 X109.104 Y110.099
G1 F1411.4 X110.403 Y108.8 E777.01073
G0 F9000 X111.297 Y108.344
G0 X110.818 Y107.409
G0 X109.924 Y107.865
G1 F1411.4 X108.626 Y109.162 E777.08701
G0 F9000 X107.734 Y109.616
G0 X107.256 Y108.68
G0 X108.148 Y108.226
G1 F1411.4 X109.469 Y106.905 E777.16468
G0 F9000 X110.336 Y106.572
G0 X110.754 Y106.62
G0 X110.754 Y105.621
G1 F1411.4 X112.471 Y103.904 E777.26564
G0 F9000 X112.471 Y102.907
G0 X113.885 Y102.907
G0 X113.885 Y103.904
G1 F1411.4 X112.168 Y105.621 E777.36659
G0 F9000 X112.168 Y106.62
G0 X113.583 Y106.62
G0 X113.583 Y105.621
G1 F1411.4 X114.212 Y104.991 E777.4036
G0 F9000 X115.212 Y104.991
G0 X115.14 Y102.979
G0 X111.057 Y102.907
G0 X111.057 Y103.904
G1 F1411.4 X107.67 Y107.29 E777.60271
G0 F9000 X106.779 Y107.744
G0 X106.301 Y106.807
G0 X107.192 Y106.354
G1 F1411.4 X109.643 Y103.904 E777.74679
G0 F9000 X109.643 Y102.907
G0 X108.228 Y102.907
G0 X108.228 Y103.904
G1 F1411.4 X106.714 Y105.418 E777.83581
G0 F9000 X105.824 Y105.871
G0 X105.346 Y104.934
G0 X106.236 Y104.481
G1 F1411.4 X106.814 Y103.904 E777.86977
G0 F9000 X106.814 Y102.907
G0 X105.294 Y102.979
G0 X105.285 Y104.507
G0 X107.327 Y113.705
G0 X107.327 Y114.704
G1 F1411.4 X106.304 Y115.727 E777.92992
G0 F9000 X105.306 Y115.727
G0 X105.378 Y117.346
G0 X107.03 Y117.418
G0 X107.03 Y116.416
G1 F1411.4 X108.742 Y114.704 E778.03057
G0 F9000 X108.431 Y112.963
;MESH:NONMESH
G0 F300 X108.431 Y112.963 Z18.1
G0 F9000 X105.378 Y113.777
G0 X105.378 Y117.346
G0 X114.955 Y117.346
G0 X115.027 Y116.684
G0 X114.48 Y116.684
;TIME_ELAPSED:1926.060961
;LAYER:180
;note -- min layer time used
;TYPE:WALL-OUTER
;MESH:xyzCalibration_cube.stl
G1 F1049.2 X114.202 Y116.816 E778.04337
G1 X106.404 Y116.816 E778.36757
G1 X106.197 Y116.772 E778.37637
G1 X106.039 Y116.659 E778.38445
G1 X105.909 Y116.389 E778.39691
G1 X105.904 Y114.707 E778.46684
G1 X106.03 Y114.471 E778.47796
G1 X106.191 Y114.351 E778.48631
G1 X106.404 Y114.304 E778.49537
G1 X110.795 Y114.304 E778.67793
G1 X105.609 Y104.135 E779.15251
G1 X105.624 Y103.861 E779.16392
G1 X105.776 Y103.626 E779.17556
G1 X106.042 Y103.504 E779.18772
G1 X114.112 Y103.504 E779.52324
G1 X114.286 Y103.534 E779.53058
G1 X114.43 Y103.617 E779.53749
G1 X114.612 Y103.879 E779.55075
G1 X114.612 Y105.616 E779.62297
G1 X114.541 Y105.779 E779.63036
G1 X114.376 Y105.946 E779.64012
G1 X114.177 Y106.02 E779.64895
G1 X109.434 Y106.02 E779.84614
G1 X114.635 Y116.183 E780.32078
G1 X114.626 Y116.436 E780.33131
G1 X114.48 Y116.684 E780.34327
G1 F3600 E776.34327
G0 F9000 X116.027 Y116.684
G0 X118.93 Y118.93
G0 X119.5 Y119.5
G1 F3600 E780.34327
G1 F1049.2 X119.5 Y100.5 E781.1332
G1 X100.501 Y100.501 E781.92308
G1 X100.5 Y119.5 E782.71297
G1 X119.5 Y119.5 E783.5029
G0 F9000 X118.93 Y118.93
G0 X115.815 Y114.978
G0 X114.569 Y115.615
;TYPE:FILL
G1 F1049.2 X119.3 Y110.885 E783.78103
G0 F9000 X117.9 Y110.885
G0 X117.9 Y109.115
G0 X119.3 Y109.115
G1 F1049.2 X114.812 Y104.627 E784.04491
G0 F9000 X116.212 Y104.627
G0 X116.162 Y102.05
G0 X113.489 Y103.304
G1 F1049.2 X110.886 Y100.7 E784.19799
G0 F9000 X116.162 Y102.05
G0 X104.294 Y101.979
G0 X109.114 Y100.7
G1 F1049.2 X106.51 Y103.304 E784.35109
G0 F9000 X104.272 Y102.05
G0 X104.222 Y104.329
G0 X105.485 Y104.329
G1 F1049.2 X100.701 Y109.113 E784.63237
G0 F9000 X102.1 Y109.113
G0 X102.1 Y110.885
G0 X100.7 Y110.885
G1 F1049.2 X105.704 Y115.889 E784.92659
G0 F9000 X103.406 Y115.889
G1 F3600 E780.92659
;MESH:NONMESH
G0 F300 X103.406 Y115.889 Z18.2
G0 F9000 X104.284 Y104.917
G0 X104.294 Y101.979
G0 X116.14 Y101.979
G0 X116.14 Y105.137
G0 X116.027 Y116.684
G0 X114.48 Y116.684
;TIME_ELAPSED:1939.761752
;LAYER:181
;note -- min layer time used
;TYPE:WALL-OUTER
;MESH:xyzCalibration_cube.stl
G1 F3600 E784.92659
G1 F1052.9 X114.202 Y116.816 E784.93938
G1 X106.404 Y116.816 E785.26359
G1 X106.197 Y116.772 E785.27239
G1 X106.039 Y116.659 E785.28046
G1 X105.909 Y116.389 E785.29292
G1 X105.904 Y114.707 E785.36285
G1 X106.03 Y114.471 E785.37397
G1 X106.191 Y114.351 E785.38232
G1 X106.404 Y114.304 E785.39139
G1 X110.795 Y114.304 E785.57395
G1 X105.609 Y104.135 E786.04853
G1 X105.624 Y103.861 E786.05994
G1 X105.776 Y103.626 E786.07157
G1 X106.042 Y103.504 E786.08374
G1 X114.112 Y103.504 E786.41925
G1 X114.286 Y103.534 E786.42659
G1 X114.43 Y103.617 E786.4335
G1 X114.612 Y103.879 E786.44677
G1 X114.612 Y105.616 E786.51898
G1 X114.541 Y105.779 E786.52637
G1 X114.376 Y105.946 E786.53613
G1 X114.177 Y106.02 E786.54496
G1 X109.434 Y106.02 E786.74215
G1 X114.635 Y116.183 E787.2168
G1 X114.626 Y116.436 E787.22732
G1 X114.48 Y116.684 E787.23929
G1 F3600 E783.23929
G0 F9000 X116.027 Y116.684
G0 X118.93 Y118.93
G0 X119.5 Y119.5
G1 F3600 E787.23929
G1 F1052.9 X119.5 Y100.5 E788.02921
G1 X100.501 Y100.501 E788.8191
G1 X100.5 Y119.5 E789.60899
G1 X119.5 Y119.5 E790.39891
G0 F9000 X118.93 Y118.93
G0 X115.782 Y114.912
G0 X114.535 Y115.549
;TYPE:FILL
G1 F1052.9 X119.3 Y110.785 E790.67905
G0 F9000 X117.9 Y110.785
G0 X117.9 Y109.215
G0 X119.3 Y109.215
G1 F1052.9 X114.812 Y104.727 E790.94293
G0 F9000 X116.212 Y104.727
G0 X116.162 Y102.05
G0 X113.389 Y103.304
G1 F1052.9 X110.785 Y100.7 E791.09603
G0 F9000 X116.162 Y102.05
G0 X104.294 Y101.979
G0 X109.214 Y100.7
G1 F1052.9 X106.61 Y103.304 E791.24914
G0 F9000 X104.272 Y102.05
G0 X104.222 Y104.397
G0 X105.518 Y104.397
G1 F1052.9 X100.701 Y109.213 E791.53233
G0 F9000 X102.1 Y109.213
G0 X102.1 Y110.785
G0 X100.7 Y110.785
G1 F1052.9 X105.704 Y115.789 E791.82654
G0 F9000 X103.406 Y115.789
G1 F3600 E787.82654
;MESH:NONMESH
G0 F300 X103.406 Y115.789 Z18.3
G0 F9000 X104.284 Y104.917
G0 X104.294 Y101.979
G0 X116.14 Y101.979
G0 X116.14 Y105.137
G0 X116.027 Y116.684
G0 X114.48 Y116.684
;TIME_ELAPSED:1953.612209
;LAYER:182
;note -- min layer time used
;TYPE:WALL-OUTER
;MESH:xyzCalibration_cube.stl
G1 F3600 E791.82654
G1 F1053.7 X114.202 Y116.816 E791.83934
G1 X106.404 Y116.816 E792.16354
G1 X106.197 Y116.772 E792.17234
G1 X106.039 Y116.659 E792.18042
G1 X105.909 Y116.389 E792.19288
G1 X105.904 Y114.707 E792.2628
G1 X106.03 Y114.471 E792.27393
G1 X106.191 Y114.351 E792.28228
G1 X106.404 Y114.304 E792.29134
G1 X110.795 Y114.304 E792.4739
G1 X105.609 Y104.135 E792.94848
G1 X105.624 Y103.861 E792.95989
G1 X105.776 Y103.626 E792.97153
G1 X106.042 Y103.504 E792.98369
G1 X114.112 Y103.504 E793.31921
G1 X114.286 Y103.534 E793.32655
G1 X114.43 Y103.617 E793.33346
G1 X114.612 Y103.879 E793.34672
G1 X114.612 Y105.616 E793.41894
G1 X114.541 Y105.779 E793.42633
G1 X114.376 Y105.946 E793.43609
G1 X114.177 Y106.02 E793.44491
G1 X109.434 Y106.02 E793.64211
G1 X114.635 Y116.183 E794.11675
G1 X114.626 Y116.436 E794.12727
G1 X114.48 Y116.684 E794.13924
G1 F3600 E790.13924
G0 F9000 X116.027 Y116.684
G0 X118.93 Y118.93
G0 X119.5 Y119.5
G1 F3600 E794.13924
G1 F1053.7 X119.5 Y100.5 E794.92917
G1 X100.501 Y100.501 E795.71905
G1 X100.5 Y119.5 E796.50894
G1 X119.5 Y119.5 E797.29887
G0 F9000 X118.93 Y118.93
G0 X115.748 Y114.846
G0 X114.501 Y115.483
;TYPE:FILL
G1 F1053.7 X119.3 Y110.684 E797.58103
G0 F9000 X117.9 Y110.684
G0 X117.9 Y109.316
G0 X119.3 Y109.316
G1 F1053.7 X114.812 Y104.828 E797.84491
G0 F9000 X116.212 Y104.828
G0 X116.162 Y102.05
G0 X113.288 Y103.304
G1 F1053.7 X110.685 Y100.7 E797.99799
G0 F9000 X116.162 Y102.05
G0 X104.294 Y101.979
G0 X109.314 Y100.7
G1 F1053.7 X106.711 Y103.304 E798.15106
G0 F9000 X104.272 Y102.05
G0 X104.222 Y104.463
G0 X105.552 Y104.463
G1 F1053.7 X100.701 Y109.314 E798.43628
G0 F9000 X102.1 Y109.314
G0 X102.1 Y110.684
G0 X100.7 Y110.684
G1 F1053.7 X105.704 Y115.688 E798.7305
G0 F9000 X103.406 Y115.688
G1 F3600 E794.7305
;MESH:NONMESH
G0 F300 X103.406 Y115.688 Z18.4
G0 F9000 X104.284 Y104.917
G0 X104.294 Y101.979
G0 X116.14 Y101.979
G0 X116.14 Y105.137
G0 X116.027 Y116.684
G0 X114.48 Y116.684
;TIME_ELAPSED:1967.461042
;LAYER:183
;note -- min layer time used
;TYPE:WALL-OUTER
;MESH:xyzCalibration_cube.stl
G1 F3600 E798.7305
G1 F1054.5 X114.202 Y116.816 E798.74329
G1 X106.404 Y116.816 E799.0675
G1 X106.197 Y116.772 E799.07629
G1 X106.039 Y116.659 E799.08437
G1 X105.909 Y116.389 E799.09683
G1 X105.904 Y114.707 E799.16676
G1 X106.03 Y114.471 E799.17788
G1 X106.191 Y114.351 E799.18623
G1 X106.404 Y114.304 E799.1953
G1 X110.795 Y114.304 E799.37785
G1 X105.609 Y104.135 E799.85244
G1 X105.624 Y103.861 E799.86384
G1 X105.776 Y103.626 E799.87548
G1 X106.042 Y103.504 E799.88765
G1 X114.112 Y103.504 E800.22316
G1 X114.286 Y103.534 E800.2305
G1 X114.43 Y103.617 E800.23741
G1 X114.612 Y103.879 E800.25067
G1 X114.612 Y105.616 E800.32289
G1 X114.541 Y105.779 E800.33028
G1 X114.376 Y105.946 E800.34004
G1 X114.177 Y106.02 E800.34887
G1 X109.434 Y106.02 E800.54606
G1 X114.635 Y116.183 E801.0207
G1 X114.626 Y116.436 E801.03123
G1 X114.48 Y116.684 E801.04319
G1 F3600 E797.04319
G0 F9000 X116.027 Y116.684
G0 X118.93 Y118.93
G0 X119.5 Y119.5
G1 F3600 E801.04319
G1 F1054.5 X119.5 Y100.5 E801.83312
G1 X100.501 Y100.501 E802.62301
G1 X100.5 Y119.5 E803.41289
G1 X119.5 Y119.5 E804.20282
G0 F9000 X118.93 Y118.93
G0 X115.714 Y114.781
G0 X114.467 Y115.418
;TYPE:FILL
G1 F1054.5 X119.3 Y110.585 E804.48698
G0 F9000 X117.9 Y110.585
G0 X117.9 Y109.415
G0 X119.3 Y109.415
G1 F1054.5 X114.812 Y104.927 E804.75086
G0 F9000 X116.212 Y104.927
G0 X116.162 Y102.05
G0 X113.189 Y103.304
G1 F1054.5 X110.586 Y100.7 E804.90394
G0 F9000 X116.162 Y102.05
G0 X104.294 Y101.979
G0 X109.413 Y100.7
G1 F1054.5 X106.81 Y103.304 E805.05701
G0 F9000 X104.272 Y102.05
G0 X104.222 Y104.529
G0 X105.585 Y104.529
G1 F1054.5 X100.701 Y109.413 E805.34417
G0 F9000 X102.1 Y109.413
G0 X102.1 Y110.585
G0 X100.7 Y110.585
G1 F1054.5 X105.704 Y115.589 E805.63839
G0 F9000 X103.406 Y115.589
G1 F3600 E801.63839
;MESH:NONMESH
G0 F300 X103.406 Y115.589 Z18.5
G0 F9000 X104.284 Y104.917
G0 X104.294 Y101.979
G0 X116.14 Y101.979
G0 X116.14 Y105.137
G0 X116.027 Y116.684
G0 X114.48 Y116.684
;TIME_ELAPSED:1981.307166
;LAYER:184
;note -- min layer time used
;TYPE:WALL-OUTER
;MESH:xyzCalibration_cube.stl
G1 F3600 E805.63839
G1 F1035.1 X114.202 Y116.816 E805.65118
G1 X106.404 Y116.816 E805.97539
G1 X106.197 Y116.772 E805.98419
G1 X106.039 Y116.659 E805.99226
G1 X105.909 Y116.389 E806.00472
G1 X105.904 Y114.707 E806.07465
G1 X106.03 Y114.471 E806.08577
G1 X106.191 Y114.351 E806.09412
G1 X106.404 Y114.304 E806.10319
G1 X110.795 Y114.304 E806.28575
G1 X105.609 Y104.135 E806.76033
G1 X105.624 Y103.861 E806.77174
G1 X105.776 Y103.626 E806.78337
G1 X106.042 Y103.504 E806.79554
G1 X114.112 Y103.504 E807.13105
G1 X114.286 Y103.534 E807.13839
G1 X114.43 Y103.617 E807.1453
G1 X114.612 Y103.879 E807.15856
G1 X114.612 Y105.616 E807.23078
G1 X114.541 Y105.779 E807.23817
G1 X114.376 Y105.946 E807.24793
G1 X114.177 Y106.02 E807.25676
G1 X109.434 Y106.02 E807.45395
G1 X114.635 Y116.183 E807.92859
G1 X114.626 Y116.436 E807.93912
G1 X114.48 Y116.684 E807.95108
G1 F3600 E803.95108
G0 F9000 X116.027 Y116.684
G0 X118.93 Y118.93
G0 X119.5 Y119.5
G1 F3600 E807.95108
G1 F1035.1 X119.5 Y100.5 E808.74101
G1 X100.501 Y100.501 E809.5309
G1 X100.5 Y119.5 E810.32079
G1 X119.5 Y119.5 E811.11071
G0 F9000 X118.93 Y118.93
G0 X115.68 Y114.714
G0 X114.433 Y115.351
;TYPE:FILL
G1 F1035.1 X119.3 Y110.485 E811.39685
G0 F9000 X119.3 Y109.515
G1 F1035.1 X114.812 Y105.027 E811.66072
G0 F9000 X116.212 Y105.027
G0 X116.162 Y102.05
G0 X113.089 Y103.304
G1 F1035.1 X110.485 Y100.7 E811.81383
G0 F9000 X109.514 Y100.7
G1 F1035.1 X106.91 Y103.304 E811.96693
G0 F9000 X104.272 Y102.05
G0 X104.222 Y104.595
G0 X105.619 Y104.595
G1 F1035.1 X100.701 Y109.513 E812.25609
G0 F9000 X100.7 Y110.485
G1 F1035.1 X105.704 Y115.489 E812.55031
G0 F9000 X103.406 Y115.489
G1 F3600 E808.55031
;MESH:NONMESH
G0 F300 X103.406 Y115.489 Z18.6
G0 F9000 X104.284 Y104.917
G0 X104.294 Y101.979
G0 X116.14 Y101.979
G0 X116.14 Y105.137
G0 X116.027 Y116.684
G0 X114.48 Y116.684
;TIME_ELAPSED:1994.387048
;LAYER:185
;note -- min layer time used
;TYPE:WALL-OUTER
;MESH:xyzCalibration_cube.stl
G1 F3600 E812.55031
G1 F1036 X114.202 Y116.816 E812.5631
G1 X106.404 Y116.816 E812.88731
G1 X106.197 Y116.772 E812.89611
G1 X106.039 Y116.659 E812.90418
G1 X105.909 Y116.389 E812.91664
G1 X105.904 Y114.707 E812.98657
G1 X106.03 Y114.471 E812.99769
G1 X106.191 Y114.351 E813.00604
G1 X106.404 Y114.304 E813.01511
G1 X110.795 Y114.304 E813.19767
G1 X105.609 Y104.135 E813.67225
G1 X105.624 Y103.861 E813.68366
G1 X105.776 Y103.626 E813.69529
G1 X106.042 Y103.504 E813.70746
G1 X114.112 Y103.504 E814.04297
G1 X114.286 Y103.534 E814.05031
G1 X114.43 Y103.617 E814.05722
G1 X114.612 Y103.879 E814.07048
G1 X114.612 Y105.616 E814.1427
G1 X114.541 Y105.779 E814.15009
G1 X114.376 Y105.946 E814.15985
G1 X114.177 Y106.02 E814.16868
G1 X109.434 Y106.02 E814.36587
G1 X114.621 Y116.157 E814.83929
G1 X114.626 Y116.436 E814.85089
G1 X114.48 Y116.684 E814.86285
G1 F3600 E810.86285
G0 F9000 X116.027 Y116.684
G0 X118.93 Y118.93
G0 X119.5 Y119.5
G1 F3600 E814.86285
G1 F1036 X119.5 Y100.5 E815.65278
G1 X100.501 Y100.501 E816.44267
G1 X100.5 Y119.5 E817.23255
G1 X119.5 Y119.5 E818.02248
G0 F9000 X118.93 Y118.93
G0 X115.646 Y114.648
G0 X114.399 Y115.285
;TYPE:FILL
G1 F1036 X119.3 Y110.384 E818.31064
G0 F9000 X119.3 Y109.616
G1 F1036 X114.812 Y105.128 E818.57452
G0 F9000 X116.212 Y105.128
G0 X116.162 Y102.05
G0 X112.989 Y103.304
G1 F1036 X110.385 Y100.7 E818.72763
G0 F9000 X109.614 Y100.7
G1 F1036 X107.011 Y103.304 E818.8807
G0 F9000 X104.272 Y102.05
G0 X104.284 Y104.917
G0 X104.408 Y105.296
G0 X105.653 Y104.662
G1 F1036 X100.701 Y109.614 E819.17186
G0 F9000 X100.7 Y110.384
G1 F1036 X105.704 Y115.389 E819.4661
G0 F9000 X103.406 Y115.389
G1 F3600 E815.4661
;MESH:NONMESH
G0 F300 X103.406 Y115.389 Z18.7
G0 F9000 X104.284 Y104.917
G0 X104.294 Y101.979
G0 X116.14 Y101.979
G0 X116.14 Y105.137
G0 X116.027 Y116.684
G0 X114.48 Y116.684
;TIME_ELAPSED:2007.464096
;LAYER:186
;note -- min layer time used
;TYPE:WALL-OUTER
;MESH:xyzCalibration_cube.stl
G1 F3600 E819.4661
G1 F1036.5 X114.202 Y116.816 E819.4789
G1 X106.404 Y116.816 E819.8031
G1 X106.197 Y116.772 E819.8119
G1 X106.039 Y116.659 E819.81998
G1 X105.909 Y116.389 E819.83244
G1 X105.904 Y114.707 E819.90237
G1 X106.03 Y114.471 E819.91349
G1 X106.191 Y114.351 E819.92184
G1 X106.404 Y114.304 E819.9309
G1 X110.795 Y114.304 E820.11346
G1 X105.609 Y104.135 E820.58804
G1 X105.624 Y103.861 E820.59945
G1 X105.776 Y103.626 E820.61109
G1 X106.042 Y103.504 E820.62325
G1 X114.112 Y103.504 E820.95877
G1 X114.286 Y103.534 E820.96611
G1 X114.43 Y103.617 E820.97302
G1 X114.612 Y103.879 E820.98628
G1 X114.612 Y105.616 E821.0585
G1 X114.541 Y105.779 E821.06589
G1 X114.376 Y105.946 E821.07565
G1 X114.177 Y106.02 E821.08448
G1 X109.434 Y106.02 E821.28167
G1 X114.635 Y116.183 E821.75631
G1 X114.626 Y116.436 E821.76684
G1 X114.48 Y116.684 E821.7788
G1 F3600 E817.7788
G0 F9000 X116.027 Y116.684
G0 X118.93 Y118.93
G0 X119.5 Y119.5
G1 F3600 E821.7788
G1 F1036.5 X119.5 Y100.5 E822.56873
G1 X100.501 Y100.501 E823.35861
G1 X100.5 Y119.5 E824.1485
G1 X119.5 Y119.5 E824.93843
G0 F9000 X118.93 Y118.93
G0 X115.613 Y114.582
G0 X114.366 Y115.219
;TYPE:FILL
G1 F1036.5 X119.3 Y110.285 E825.22853
G0 F9000 X119.3 Y109.715
G1 F1036.5 X114.812 Y105.227 E825.49241
G0 F9000 X116.212 Y105.227
G0 X116.162 Y102.05
G0 X112.89 Y103.304
G1 F1036.5 X110.286 Y100.7 E825.64551
G0 F9000 X109.713 Y100.7
G1 F1036.5 X107.11 Y103.304 E825.79859
G0 F9000 X104.272 Y102.05
G0 X104.284 Y104.917
G0 X104.441 Y105.361
G0 X105.686 Y104.727
G1 F1036.5 X100.701 Y109.713 E826.09172
G0 F9000 X100.7 Y110.285
G1 F1036.5 X105.704 Y115.29 E826.38596
G0 F9000 X103.406 Y115.29
G1 F3600 E822.38596
;MESH:NONMESH
G0 F300 X103.406 Y115.29 Z18.8
G0 F9000 X104.284 Y104.917
G0 X104.294 Y101.979
G0 X116.14 Y101.979
G0 X116.14 Y105.137
G0 X116.027 Y116.684
G0 X114.48 Y116.684
;TIME_ELAPSED:2020.520788
;LAYER:187
;note -- min layer time used
;TYPE:WALL-OUTER
;MESH:xyzCalibration_cube.stl
G1 F3600 E826.38596
G1 F1043.1 X114.202 Y116.816 E826.39876
G1 X106.404 Y116.816 E826.72296
G1 X106.197 Y116.772 E826.73176
G1 X106.039 Y116.659 E826.73983
G1 X105.909 Y116.389 E826.75229
G1 X105.904 Y114.707 E826.82222
G1 X106.03 Y114.471 E826.83335
G1 X106.191 Y114.351 E826.84169
G1 X106.404 Y114.304 E826.85076
G1 X110.795 Y114.304 E827.03332
G1 X105.609 Y104.135 E827.5079
G1 X105.624 Y103.861 E827.51931
G1 X105.776 Y103.626 E827.53095
G1 X106.042 Y103.504 E827.54311
G1 X114.112 Y103.504 E827.87862
G1 X114.286 Y103.534 E827.88596
G1 X114.43 Y103.617 E827.89287
G1 X114.612 Y103.879 E827.90614
G1 X114.612 Y105.616 E827.97835
G1 X114.541 Y105.779 E827.98575
G1 X114.376 Y105.946 E827.99551
G1 X114.177 Y106.02 E828.00433
G1 X109.434 Y106.02 E828.20152
G1 X114.635 Y116.183 E828.67617
G1 X114.626 Y116.436 E828.68669
G1 X114.48 Y116.684 E828.69866
G1 F3600 E824.69866
G0 F9000 X116.027 Y116.684
G0 X118.93 Y118.93
G0 X119.5 Y119.5
G1 F3600 E828.69866
G1 F1043.1 X119.5 Y100.5 E829.48859
G1 X100.501 Y100.501 E830.27847
G1 X100.5 Y119.5 E831.06836
G1 X119.5 Y119.5 E831.85829
G0 F9000 X118.93 Y118.93
G0 X115.578 Y114.515
G0 X114.332 Y115.152
;TYPE:FILL
G1 F1043.1 X119.3 Y110.185 E832.15036
G1 X119.3 Y109.815
G1 X114.812 Y105.327 E832.41423
G0 F9000 X116.212 Y105.327
G0 X116.162 Y102.05
G0 X112.789 Y103.304
G1 F1043.1 X110.186 Y100.7 E832.56731
G1 X109.814 Y100.7
G1 X107.21 Y103.304 E832.72042
G0 F9000 X104.272 Y102.05
G0 X104.284 Y104.917
G0 X104.475 Y105.428
G0 X105.72 Y104.794
G1 F1043.1 X100.701 Y109.813 E833.01551
G1 X100.7 Y110.185
G1 X105.704 Y115.189 E833.30973
G0 F9000 X103.406 Y115.189
G1 F3600 E829.30973
;MESH:NONMESH
G0 F300 X103.406 Y115.189 Z18.9
G0 F9000 X104.284 Y104.917
G0 X104.294 Y101.979
G0 X116.14 Y101.979
G0 X116.14 Y105.137
G0 X116.027 Y116.684
G0 X114.48 Y116.684
;TIME_ELAPSED:2033.406817
;LAYER:188
;note -- min layer time used
;TYPE:WALL-OUTER
;MESH:xyzCalibration_cube.stl
G1 F3600 E833.30973
G1 F1040.3 X114.202 Y116.816 E833.32252
G1 X106.404 Y116.816 E833.64673
G1 X106.197 Y116.772 E833.65553
G1 X106.039 Y116.659 E833.6636
G1 X105.909 Y116.389 E833.67606
G1 X105.904 Y114.707 E833.74599
G1 X106.03 Y114.471 E833.75711
G1 X106.191 Y114.351 E833.76546
G1 X106.404 Y114.304 E833.77453
G1 X110.795 Y114.304 E833.95709
G1 X105.609 Y104.135 E834.43167
G1 X105.624 Y103.861 E834.44308
G1 X105.776 Y103.626 E834.45471
G1 X106.042 Y103.504 E834.46688
G1 X114.112 Y103.504 E834.80239
G1 X114.286 Y103.534 E834.80973
G1 X114.43 Y103.617 E834.81664
G1 X114.612 Y103.879 E834.8299
G1 X114.612 Y105.616 E834.90212
G1 X114.541 Y105.779 E834.90951
G1 X114.376 Y105.946 E834.91927
G1 X114.177 Y106.02 E834.9281
G1 X109.434 Y106.02 E835.12529
G1 X114.635 Y116.183 E835.59993
G1 X114.626 Y116.436 E835.61046
G1 X114.48 Y116.684 E835.62242
G1 F3600 E831.62242
G0 F9000 X116.027 Y116.684
G0 X118.93 Y118.93
G0 X119.5 Y119.5
G1 F3600 E835.62242
G1 F1040.3 X119.5 Y100.5 E836.41235
G1 X100.501 Y100.501 E837.20224
G1 X100.5 Y119.5 E837.99213
G1 X119.5 Y119.5 E838.78205
G0 F9000 X118.93 Y118.93
G0 X115.545 Y114.449
G0 X114.298 Y115.086
;TYPE:FILL
G1 F1040.3 X119.3 Y110.085 E839.07612
G1 X119.3 Y109.916
G1 X114.812 Y105.427 E839.34003
G0 F9000 X116.212 Y105.427
G0 X116.162 Y102.05
G0 X112.689 Y103.304
G1 F1040.3 X110.085 Y100.7 E839.49313
G1 X109.914 Y100.7
G1 X107.311 Y103.304 E839.64621
G0 F9000 X104.272 Y102.05
G0 X104.284 Y104.917
G0 X104.509 Y105.494
G0 X105.754 Y104.86
G1 F1040.3 X100.701 Y109.913 E839.94331
G1 X100.7 Y110.085
G1 X105.704 Y115.089 E840.23752
G0 F9000 X103.406 Y115.089
G1 F3600 E836.23752
;MESH:NONMESH
G0 F300 X103.406 Y115.089 Z19
G0 F9000 X104.284 Y104.917
G0 X104.294 Y101.979
G0 X116.14 Y101.979
G0 X116.14 Y105.137
G0 X116.027 Y116.684
G0 X114.48 Y116.684
;TIME_ELAPSED:2046.296647
;LAYER:189
;note -- min layer time used
;TYPE:WALL-OUTER
;MESH:xyzCalibration_cube.stl
G1 F3600 E840.23752
G1 F1038.6 X114.202 Y116.816 E840.25032
G1 X106.404 Y116.816 E840.57452
G1 X106.197 Y116.772 E840.58332
G1 X106.039 Y116.659 E840.5914
G1 X105.909 Y116.389 E840.60385
G1 X105.904 Y114.707 E840.67378
G1 X106.03 Y114.471 E840.68491
G1 X106.191 Y114.351 E840.69326
G1 X106.404 Y114.304 E840.70232
G1 X110.795 Y114.304 E840.88488
G1 X105.609 Y104.135 E841.35946
G1 X105.624 Y103.861 E841.37087
G1 X105.776 Y103.626 E841.38251
G1 X106.042 Y103.504 E841.39467
G1 X114.112 Y103.504 E841.73019
G1 X114.286 Y103.534 E841.73753
G1 X114.43 Y103.617 E841.74444
G1 X114.612 Y103.879 E841.7577
G1 X114.612 Y105.616 E841.82992
G1 X114.541 Y105.779 E841.83731
G1 X114.376 Y105.946 E841.84707
G1 X114.177 Y106.02 E841.85589
G1 X109.434 Y106.02 E842.05309
G1 X114.635 Y116.183 E842.52773
G1 X114.626 Y116.436 E842.53825
G1 X114.48 Y116.684 E842.55022
G1 F3600 E838.55022
G0 F9000 X116.027 Y116.684
G0 X118.93 Y118.93
G0 X119.5 Y119.5
G1 F3600 E842.55022
G1 F1038.6 X119.5 Y100.5 E843.34015
G1 X100.501 Y100.501 E844.13003
G1 X100.5 Y119.5 E844.91992
G1 X119.5 Y119.5 E845.70985
G0 F9000 X118.93 Y118.93
G0 X115.511 Y114.383
G0 X114.264 Y115.02
;TYPE:FILL
G1 F1038.6 X119.3 Y109.984 E846.00595
G1 X119.3 Y110.016
G1 X114.809 Y105.524 E846.27003
G0 F9000 X116.212 Y105.524
G0 X116.162 Y102.05
G0 X112.588 Y103.304
G1 F1038.6 X109.986 Y100.701 E846.42305
G1 X110.015 Y100.7
G1 X107.411 Y103.304 E846.57615
G0 F9000 X104.272 Y102.05
G0 X104.284 Y104.917
G0 X104.543 Y105.561
G0 X105.788 Y104.927
G1 F1038.6 X100.7 Y110.015 E846.87531
G1 X100.7 Y109.985
G1 X105.704 Y114.988 E847.16949
G0 F9000 X103.406 Y114.988
G1 F3600 E843.16949
;MESH:NONMESH
G0 F300 X103.406 Y114.988 Z19.1
G0 F9000 X104.284 Y104.917
G0 X104.294 Y101.979
G0 X116.14 Y101.979
G0 X116.14 Y105.137
G0 X116.027 Y116.684
G0 X114.48 Y116.684
;TIME_ELAPSED:2059.238713
;LAYER:190
;note -- min layer time used
;TYPE:WALL-OUTER
;MESH:xyzCalibration_cube.stl
G1 F3600 E847.16949
G1 F1043.3 X114.202 Y116.816 E847.18229
G1 X106.404 Y116.816 E847.50649
G1 X106.197 Y116.772 E847.51529
G1 X106.039 Y116.659 E847.52336
G1 X105.909 Y116.389 E847.53582
G1 X105.904 Y114.707 E847.60575
G1 X106.03 Y114.471 E847.61688
G1 X106.191 Y114.351 E847.62522
G1 X106.404 Y114.304 E847.63429
G1 X110.795 Y114.304 E847.81685
G1 X105.609 Y104.135 E848.29143
G1 X105.624 Y103.861 E848.30284
G1 X105.776 Y103.626 E848.31448
G1 X106.042 Y103.504 E848.32664
G1 X114.112 Y103.504 E848.66215
G1 X114.286 Y103.534 E848.6695
G1 X114.43 Y103.617 E848.67641
G1 X114.612 Y103.879 E848.68967
G1 X114.612 Y105.616 E848.76188
G1 X114.541 Y105.779 E848.76928
G1 X114.376 Y105.946 E848.77904
G1 X114.177 Y106.02 E848.78786
G1 X109.434 Y106.02 E848.98505
G1 X114.635 Y116.183 E849.4597
G1 X114.626 Y116.436 E849.47022
G1 X114.48 Y116.684 E849.48219
G1 F3600 E845.48219
G0 F9000 X116.027 Y116.684
G0 X118.93 Y118.93
G0 X119.5 Y119.5
G1 F3600 E849.48219
G1 F1043.3 X119.5 Y100.5 E850.27212
G1 X100.501 Y100.501 E851.062
G1 X100.5 Y119.5 E851.85189
G1 X119.5 Y119.5 E852.64182
G0 F9000 X118.93 Y118.93
G0 X115.477 Y114.317
G0 X114.23 Y114.954
;TYPE:FILL
G1 F1043.3 X119.3 Y109.885 E852.93988
G1 X119.3 Y110.115
G1 X114.797 Y105.612 E853.20464
G0 F9000 X116.212 Y105.612
G0 X116.162 Y102.05
G0 X112.489 Y103.304
G1 F1043.3 X109.887 Y100.701 E853.35766
G1 X110.114 Y100.7
G1 X107.51 Y103.304 E853.51077
G0 F9000 X104.272 Y102.05
G0 X104.284 Y104.917
G0 X104.576 Y105.627
G0 X105.821 Y104.993
G1 F1043.3 X100.7 Y110.113 E853.81183
G1 X100.7 Y109.886
G1 X105.704 Y114.889 E854.10602
G0 F9000 X103.406 Y114.889
G1 F3600 E850.10602
;MESH:NONMESH
G0 F300 X103.406 Y114.889 Z19.2
G0 F9000 X104.284 Y104.917
G0 X104.294 Y101.979
G0 X116.14 Y101.979
G0 X116.14 Y105.137
G0 X116.027 Y116.684
G0 X114.48 Y116.684
;TIME_ELAPSED:2072.218834
;LAYER:191
;note -- min layer time used
;TYPE:WALL-OUTER
;MESH:xyzCalibration_cube.stl
G1 F3600 E854.10602
G1 F1048.2 X114.202 Y116.816 E854.11881
G1 X106.404 Y116.816 E854.44302
G1 X106.197 Y116.772 E854.45181
G1 X106.039 Y116.659 E854.45989
G1 X105.909 Y116.389 E854.47235
G1 X105.904 Y114.707 E854.54228
G1 X106.03 Y114.471 E854.5534
G1 X106.191 Y114.351 E854.56175
G1 X106.404 Y114.304 E854.57082
G1 X110.795 Y114.304 E854.75338
G1 X105.609 Y104.135 E855.22796
G1 X105.624 Y103.861 E855.23937
G1 X105.776 Y103.626 E855.251
G1 X106.042 Y103.504 E855.26317
G1 X114.112 Y103.504 E855.59868
G1 X114.286 Y103.534 E855.60602
G1 X114.43 Y103.617 E855.61293
G1 X114.612 Y103.879 E855.62619
G1 X114.612 Y105.616 E855.69841
G1 X114.541 Y105.779 E855.7058
G1 X114.376 Y105.946 E855.71556
G1 X114.177 Y106.02 E855.72439
G1 X109.434 Y106.02 E855.92158
G1 X114.635 Y116.183 E856.39622
G1 X114.626 Y116.436 E856.40675
G1 X114.48 Y116.684 E856.41871
G1 F3600 E852.41871
G0 F9000 X116.027 Y116.684
G0 X118.93 Y118.93
G0 X119.5 Y119.5
G1 F3600 E856.41871
G1 F1048.2 X119.5 Y100.5 E857.20864
G1 X100.501 Y100.501 E857.99853
G1 X100.5 Y119.5 E858.78842
G1 X119.5 Y119.5 E859.57834
G0 F9000 X118.93 Y118.93
G0 X115.443 Y114.251
G0 X114.196 Y114.888
;TYPE:FILL
G1 F1048.2 X119.3 Y109.785 E859.87841
G1 X119.3 Y110.215
G1 X114.785 Y105.7 E860.14387
G0 F9000 X116.212 Y105.7
G0 X116.162 Y102.05
G0 X112.389 Y103.304
G1 F1048.2 X109.786 Y100.701 E860.29692
G1 X110.215 Y100.7
G1 X107.61 Y103.304 E860.45006
G0 F9000 X104.272 Y102.05
G0 X104.284 Y104.917
G0 X104.61 Y105.693
G0 X105.855 Y105.059
G1 F1048.2 X100.7 Y110.214 E860.75315
G1 X100.7 Y109.785
G1 X105.708 Y114.793 E861.0476
G0 F9000 X103.406 Y114.793
G1 F3600 E857.0476
;MESH:NONMESH
G0 F300 X103.406 Y114.793 Z19.3
G0 F9000 X104.284 Y104.917
G0 X104.294 Y101.979
G0 X116.14 Y101.979
G0 X116.14 Y105.137
G0 X116.027 Y116.684
G0 X114.48 Y116.684
;TIME_ELAPSED:2085.216964
;LAYER:192
;note -- min layer time used
;TYPE:WALL-OUTER
;MESH:xyzCalibration_cube.stl
G1 F3600 E861.0476
G1 F1042.8 X114.202 Y116.816 E861.0604
G1 X106.404 Y116.816 E861.3846
G1 X106.197 Y116.772 E861.3934
G1 X106.039 Y116.659 E861.40147
G1 X105.909 Y116.389 E861.41393
G1 X105.904 Y114.707 E861.48386
G1 X106.03 Y114.471 E861.49498
G1 X106.191 Y114.351 E861.50333
G1 X106.404 Y114.304 E861.5124
G1 X110.795 Y114.304 E861.69496
G1 X105.609 Y104.135 E862.16954
G1 X105.624 Y103.861 E862.18095
G1 X105.776 Y103.626 E862.19258
G1 X106.042 Y103.504 E862.20475
G1 X114.112 Y103.504 E862.54026
G1 X114.286 Y103.534 E862.5476
G1 X114.43 Y103.617 E862.55451
G1 X114.612 Y103.879 E862.56778
G1 X114.612 Y105.616 E862.63999
G1 X114.541 Y105.779 E862.64738
G1 X114.376 Y105.946 E862.65714
G1 X114.177 Y106.02 E862.66597
G1 X109.434 Y106.02 E862.86316
G1 X114.635 Y116.183 E863.33781
G1 X114.626 Y116.436 E863.34833
G1 X114.48 Y116.684 E863.3603
G1 F3600 E859.3603
G0 F9000 X116.027 Y116.684
G0 X118.93 Y118.93
G0 X119.5 Y119.5
G1 F3600 E863.3603
G1 F1042.8 X119.5 Y100.5 E864.15022
G1 X100.501 Y100.501 E864.94011
G1 X100.5 Y119.5 E865.73
G1 X119.5 Y119.5 E866.51993
G0 F9000 X118.93 Y118.93
G0 X115.409 Y114.184
G0 X114.162 Y114.821
;TYPE:FILL
G1 F1042.8 X119.3 Y109.684 E866.82199
G0 F9000 X119.3 Y110.316
G1 F1042.8 X114.757 Y105.773 E867.0891
G0 F9000 X116.212 Y105.773
G0 X116.162 Y102.05
G0 X112.289 Y103.304
G1 F1042.8 X109.686 Y100.701 E867.24215
G0 F9000 X110.315 Y100.7
G1 F1042.8 X107.711 Y103.304 E867.39525
G0 F9000 X104.272 Y102.05
G0 X104.284 Y104.917
G0 X104.644 Y105.76
G0 X105.889 Y105.126
G1 F1042.8 X100.7 Y110.314 E867.70032
G0 F9000 X100.7 Y109.685
G1 F1042.8 X105.719 Y114.703 E867.99539
G0 F9000 X103.406 Y114.703
G1 F3600 E863.99539
;MESH:NONMESH
G0 F300 X103.406 Y114.703 Z19.4
G0 F9000 X104.284 Y104.917
G0 X104.294 Y101.979
G0 X116.14 Y101.979
G0 X116.14 Y105.137
G0 X116.027 Y116.684
G0 X114.48 Y116.684
;TIME_ELAPSED:2098.332315
;LAYER:193
;note -- min layer time used
;TYPE:WALL-OUTER
;MESH:xyzCalibration_cube.stl
G1 F3600 E867.99539
G1 F1044.5 X114.202 Y116.816 E868.00818
G1 X106.404 Y116.816 E868.33238
G1 X106.197 Y116.772 E868.34118
G1 X106.039 Y116.659 E868.34926
G1 X105.909 Y116.389 E868.36172
G1 X105.904 Y114.707 E868.43165
G1 X106.03 Y114.471 E868.44277
G1 X106.191 Y114.351 E868.45112
G1 X106.404 Y114.304 E868.46019
G1 X110.795 Y114.304 E868.64274
G1 X105.609 Y104.135 E869.11733
G1 X105.624 Y103.861 E869.12873
G1 X105.776 Y103.626 E869.14037
G1 X106.042 Y103.504 E869.15254
G1 X114.112 Y103.504 E869.48805
G1 X114.286 Y103.534 E869.49539
G1 X114.43 Y103.617 E869.5023
G1 X114.612 Y103.879 E869.51556
G1 X114.612 Y105.616 E869.58778
G1 X114.541 Y105.779 E869.59517
G1 X114.376 Y105.946 E869.60493
G1 X114.177 Y106.02 E869.61376
G1 X109.434 Y106.02 E869.81095
G1 X114.635 Y116.183 E870.28559
G1 X114.626 Y116.436 E870.29612
G1 X114.48 Y116.684 E870.30808
G1 F3600 E866.30808
G0 F9000 X116.027 Y116.684
G0 X118.93 Y118.93
G0 X119.5 Y119.5
G1 F3600 E870.30808
G1 F1044.5 X119.5 Y100.5 E871.09801
G1 X100.501 Y100.501 E871.8879
G1 X100.5 Y119.5 E872.67778
G1 X119.5 Y119.5 E873.46771
G0 F9000 X118.93 Y118.93
G0 X115.376 Y114.119
G0 X114.129 Y114.756
;TYPE:FILL
G1 F1044.5 X119.3 Y109.585 E873.77175
G0 F9000 X119.3 Y110.415
G1 F1044.5 X114.727 Y105.841 E874.04065
G0 F9000 X116.212 Y105.841
G0 X116.162 Y102.05
G0 X112.19 Y103.304
G1 F1044.5 X109.587 Y100.701 E874.1937
G0 F9000 X110.414 Y100.7
G1 F1044.5 X107.81 Y103.304 E874.3468
G0 F9000 X104.272 Y102.05
G0 X104.284 Y104.917
G0 X104.677 Y105.825
G0 X105.922 Y105.191
G1 F1044.5 X100.7 Y110.413 E874.65384
G0 F9000 X100.7 Y109.586
G1 F1044.5 X105.732 Y114.617 E874.94967
G0 F9000 X103.406 Y114.617
G1 F3600 E870.94967
;MESH:NONMESH
G0 F300 X103.406 Y114.617 Z19.5
G0 F9000 X104.284 Y104.917
G0 X104.294 Y101.979
G0 X116.14 Y101.979
G0 X116.14 Y105.137
G0 X116.027 Y116.684
G0 X114.48 Y116.684
;TIME_ELAPSED:2111.480757
;LAYER:194
;note -- min layer time used
;TYPE:WALL-OUTER
;MESH:xyzCalibration_cube.stl
G1 F3600 E874.94967
G1 F1066.9 X114.202 Y116.816 E874.96246
G1 X106.404 Y116.816 E875.28667
G1 X106.197 Y116.772 E875.29546
G1 X106.039 Y116.659 E875.30354
G1 X105.909 Y116.389 E875.316
G1 X105.904 Y114.707 E875.38593
G1 X106.03 Y114.471 E875.39705
G1 X106.191 Y114.351 E875.4054
G1 X106.404 Y114.304 E875.41447
G1 X110.795 Y114.304 E875.59703
G1 X105.609 Y104.135 E876.07161
G1 X105.624 Y103.861 E876.08302
G1 X105.776 Y103.626 E876.09465
G1 X106.042 Y103.504 E876.10682
G1 X114.112 Y103.504 E876.44233
G1 X114.286 Y103.534 E876.44967
G1 X114.43 Y103.617 E876.45658
G1 X114.612 Y103.879 E876.46984
G1 X114.612 Y105.616 E876.54206
G1 X114.541 Y105.779 E876.54945
G1 X114.376 Y105.946 E876.55921
G1 X114.177 Y106.02 E876.56804
G1 X109.434 Y106.02 E876.76523
G1 X114.635 Y116.183 E877.23987
G1 X114.626 Y116.436 E877.2504
G1 X114.48 Y116.684 E877.26236
G1 F3600 E873.26236
G0 F9000 X116.027 Y116.684
G0 X118.93 Y118.93
G0 X119.5 Y119.5
G1 F3600 E877.26236
G1 F1066.9 X119.5 Y100.5 E878.05229
G1 X100.501 Y100.501 E878.84218
G1 X100.5 Y119.5 E879.63207
G1 X119.5 Y119.5 E880.42199
G0 F9000 X118.93 Y118.93
G0 X115.342 Y114.053
G0 X114.095 Y114.69
;TYPE:FILL
G1 F1066.9 X119.3 Y109.485 E880.72803
G0 F9000 X117.9 Y109.485
G0 X117.9 Y110.515
G0 X119.3 Y110.515
G1 F1066.9 X114.691 Y105.906 E880.99902
G0 F9000 X116.212 Y105.906
G0 X116.162 Y102.05
G0 X112.089 Y103.304
G1 F1066.9 X109.486 Y100.701 E881.15207
G0 F9000 X104.272 Y102.05
G0 X116.14 Y101.979
G0 X110.514 Y100.7
G1 F1066.9 X107.91 Y103.304 E881.30517
G0 F9000 X104.272 Y102.05
G0 X104.284 Y104.917
G0 X104.712 Y105.892
G0 X105.956 Y105.258
G1 F1066.9 X100.7 Y110.514 E881.6142
G0 F9000 X102.1 Y110.514
G0 X102.1 Y109.486
G0 X100.7 Y109.486
G1 F1066.9 X105.761 Y114.546 E881.91174
G0 F9000 X103.406 Y114.546
G1 F3600 E877.91174
;MESH:NONMESH
G0 F300 X103.406 Y114.546 Z19.6
G0 F9000 X104.284 Y104.917
G0 X104.294 Y101.979
G0 X116.14 Y101.979
G0 X116.14 Y105.137
G0 X116.027 Y116.684
G0 X114.48 Y116.684
;TIME_ELAPSED:2125.403685
;LAYER:195
;note -- min layer time used
;TYPE:WALL-OUTER
;MESH:xyzCalibration_cube.stl
G1 F3600 E881.91174
G1 F1068.7 X114.202 Y116.816 E881.92454
G1 X106.404 Y116.816 E882.24874
G1 X106.197 Y116.772 E882.25754
G1 X106.039 Y116.659 E882.26561
G1 X105.909 Y116.389 E882.27807
G1 X105.904 Y114.707 E882.348
G1 X106.03 Y114.471 E882.35912
G1 X106.191 Y114.351 E882.36747
G1 X106.404 Y114.304 E882.37654
G1 X110.795 Y114.304 E882.5591
G1 X105.609 Y104.135 E883.03368
G1 X105.624 Y103.861 E883.04509
G1 X105.776 Y103.626 E883.05672
G1 X106.042 Y103.504 E883.06889
G1 X114.112 Y103.504 E883.4044
G1 X114.286 Y103.534 E883.41174
G1 X114.43 Y103.617 E883.41865
G1 X114.612 Y103.879 E883.43192
G1 X114.612 Y105.616 E883.50413
G1 X114.541 Y105.779 E883.51152
G1 X114.376 Y105.946 E883.52128
G1 X114.177 Y106.02 E883.53011
G1 X109.434 Y106.02 E883.7273
G1 X114.635 Y116.183 E884.20195
G1 X114.626 Y116.436 E884.21247
G1 X114.48 Y116.684 E884.22444
G1 F3600 E880.22444
G0 F9000 X116.027 Y116.684
G0 X118.93 Y118.93
G0 X119.5 Y119.5
G1 F3600 E884.22444
G1 F1068.7 X119.5 Y100.5 E885.01436
G1 X100.501 Y100.501 E885.80425
G1 X100.5 Y119.5 E886.59414
G1 X119.5 Y119.5 E887.38407
G0 F9000 X118.93 Y118.93
G0 X115.308 Y113.986
G0 X114.061 Y114.623
;TYPE:FILL
G1 F1068.7 X119.3 Y109.384 E887.6921
G0 F9000 X117.9 Y109.384
G0 X117.9 Y110.616
G0 X119.3 Y110.616
G1 F1068.7 X114.646 Y105.961 E887.96577
G0 F9000 X116.212 Y105.961
G0 X116.162 Y102.05
G0 X111.989 Y103.304
G1 F1068.7 X109.386 Y100.701 E888.11881
G0 F9000 X104.272 Y102.05
G0 X116.14 Y101.979
G0 X110.615 Y100.7
G1 F1068.7 X108.011 Y103.304 E888.27192
G0 F9000 X104.272 Y102.05
G0 X104.284 Y104.917
G0 X104.745 Y105.958
G0 X105.99 Y105.324
G1 F1068.7 X100.7 Y110.614 E888.58295
G0 F9000 X102.1 Y110.614
G0 X102.1 Y109.385
G0 X100.7 Y109.385
G1 F1068.7 X105.79 Y114.474 E888.88219
G0 F9000 X103.406 Y114.474
G1 F3600 E884.88219
;MESH:NONMESH
G0 F300 X103.406 Y114.474 Z19.7
G0 F9000 X104.284 Y104.917
G0 X104.294 Y101.979
G0 X116.14 Y101.979
G0 X116.14 Y105.137
G0 X116.027 Y116.684
G0 X114.48 Y116.684
;TIME_ELAPSED:2139.345964
;LAYER:196
;note -- min layer time used
;TYPE:WALL-OUTER
;MESH:xyzCalibration_cube.stl
G1 F3600 E888.88219
G1 F1073 X114.202 Y116.816 E888.89499
G1 X106.404 Y116.816 E889.21919
G1 X106.197 Y116.772 E889.22799
G1 X106.039 Y116.659 E889.23606
G1 X105.909 Y116.389 E889.24852
G1 X105.904 Y114.707 E889.31845
G1 X106.03 Y114.471 E889.32958
G1 X106.191 Y114.351 E889.33792
G1 X106.404 Y114.304 E889.34699
G1 X110.795 Y114.304 E889.52955
G1 X105.609 Y104.135 E890.00413
G1 X105.624 Y103.861 E890.01554
G1 X105.776 Y103.626 E890.02718
G1 X106.042 Y103.504 E890.03934
G1 X114.112 Y103.504 E890.37485
G1 X114.286 Y103.534 E890.38219
G1 X114.43 Y103.617 E890.3891
G1 X114.612 Y103.879 E890.40237
G1 X114.612 Y105.616 E890.47458
G1 X114.541 Y105.779 E890.48198
G1 X114.376 Y105.946 E890.49174
G1 X114.177 Y106.02 E890.50056
G1 X109.434 Y106.02 E890.69775
G1 X114.635 Y116.183 E891.1724
G1 X114.626 Y116.436 E891.18292
G1 X114.48 Y116.684 E891.19489
G1 F3600 E887.19489
G0 F9000 X116.027 Y116.684
G0 X118.93 Y118.93
G0 X119.5 Y119.5
G1 F3600 E891.19489
G1 F1073 X119.5 Y100.5 E891.98482
G1 X100.501 Y100.501 E892.7747
G1 X100.5 Y119.5 E893.56459
G1 X119.5 Y119.5 E894.35452
G0 F9000 X118.93 Y118.93
G0 X115.274 Y113.92
G0 X114.027 Y114.557
;TYPE:FILL
G1 F1073 X119.3 Y109.284 E894.66455
G0 F9000 X117.9 Y109.284
G0 X117.9 Y110.716
G0 X119.3 Y110.716
G1 F1073 X114.599 Y106.014 E894.94098
G0 F9000 X114.599 Y107.62
G0 X116.14 Y107.548
G0 X116.162 Y102.05
G0 X111.888 Y103.304
G1 F1073 X109.285 Y100.701 E895.09403
G0 F9000 X104.272 Y102.05
G0 X116.14 Y101.979
G0 X110.715 Y100.7
G1 F1073 X108.111 Y103.304 E895.24713
G0 F9000 X104.272 Y102.05
G0 X104.284 Y104.917
G0 X104.779 Y106.025
G0 X106.024 Y105.391
G1 F1073 X100.7 Y110.715 E895.56016
G0 F9000 X102.1 Y110.715
G0 X102.1 Y109.285
G0 X100.7 Y109.285
G1 F1073 X105.831 Y114.415 E895.86182
G0 F9000 X103.406 Y114.415
G1 F3600 E891.86182
;MESH:NONMESH
G0 F300 X103.406 Y114.415 Z19.8
G0 F9000 X104.284 Y104.917
G0 X104.294 Y101.979
G0 X116.14 Y101.979
G0 X116.14 Y105.137
G0 X116.027 Y116.684
G0 X114.48 Y116.684
;TIME_ELAPSED:2153.404373
;LAYER:197
;TYPE:WALL-OUTER
;MESH:xyzCalibration_cube.stl
G1 F3600 E895.86182
G1 F1500 X114.202 Y116.816 E895.87461
G1 X106.404 Y116.816 E896.19881
G1 X106.197 Y116.772 E896.20761
G1 X106.039 Y116.659 E896.21569
G1 X105.909 Y116.389 E896.22815
G1 X105.904 Y114.707 E896.29808
G1 X106.03 Y114.471 E896.3092
G1 X106.191 Y114.351 E896.31755
G1 X106.404 Y114.304 E896.32662
G1 X110.795 Y114.304 E896.50917
G1 X105.609 Y104.135 E896.98375
G1 X105.624 Y103.861 E896.99516
G1 X105.776 Y103.626 E897.0068
G1 X106.042 Y103.504 E897.01897
G1 X114.112 Y103.504 E897.35448
G1 X114.286 Y103.534 E897.36182
G1 X114.43 Y103.617 E897.36873
G1 X114.612 Y103.879 E897.38199
G1 X114.612 Y105.616 E897.45421
G1 X114.541 Y105.779 E897.4616
G1 X114.376 Y105.946 E897.47136
G1 X114.177 Y106.02 E897.48019
G1 X109.434 Y106.02 E897.67738
G1 X114.635 Y116.183 E898.15202
G1 X114.626 Y116.436 E898.16255
G1 X114.48 Y116.684 E898.17451
G1 F3600 E894.17451
G0 F9000 X115.027 Y116.684
G0 X119.5 Y119.5
G1 F3600 E898.17451
G1 F1500 X119.5 Y100.5 E898.96444
G1 X100.501 Y100.501 E899.75433
G1 X100.5 Y119.5 E900.54421
G1 X119.5 Y119.5 E901.33414
G0 F9000 X118.6 Y118.6
;TYPE:SKIN
G1 F1500 X118.6 Y101.4 E902.04923
G1 X115.313 Y101.4 E902.18589
G1 F1421.8 X114.298 Y101.456 E902.23048
G1 F1351.4 X105.801 Y101.455 E902.6226
G1 F1420.5 X104.846 Y101.401 E902.6646
G1 F1498.5 X101.401 Y101.401 E902.80797
G1 F1500 X101.4 Y118.6 E903.52302
G1 X105.041 Y118.6 E903.67439
G1 F1544.8 X106.412 Y118.629 E903.72975
G1 F1592.4 X114.244 Y118.629 E904.03648
G1 F1546.4 X115.356 Y118.601 E904.08134
G1 F1501.5 X118.6 Y118.6 E904.21608
G1 F3600 E900.21608
G0 F9000 X105.302 Y104.589
G0 X109.323 Y113.404
G1 F3600 E904.21608
G1 F1500 X104.858 Y104.648 E904.62471
G1 X104.711 Y104.208 E904.64399
G1 X104.744 Y103.638 E904.66773
G1 F1494 X104.907 Y103.259 E904.68495
G1 F1479.3 X105.176 Y102.947 E904.70232
G1 F1459.1 X105.609 Y102.654 E904.72466
G1 F1396.6 X105.896 Y102.557 E904.73819
G1 F1351.4 X114.201 Y102.557 E905.12145
G1 F1396.6 X114.565 Y102.643 E905.13816
G1 F1459.1 X115.013 Y102.923 E905.16073
G1 F1486.6 X115.282 Y103.225 E905.1777
G1 F1500 X115.434 Y103.55 E905.19262
G1 X115.512 Y103.969 E905.21034
G1 X115.508 Y105.583 E905.27744
G1 X115.469 Y105.851 E905.2887
G1 X115.34 Y106.185 E905.30358
G1 X115.092 Y106.528 E905.32118
G1 X114.603 Y106.841 E905.34532
G1 X114.158 Y106.92 E905.36411
G1 X110.902 Y106.92 E905.49948
G1 X115.457 Y115.82 E905.91514
G1 X115.512 Y116.043 E905.92469
G1 X115.516 Y116.588 E905.94735
G1 X115.371 Y117 E905.96551
G1 X115.082 Y117.36 E905.9847
G1 F1527.5 X114.686 Y117.59 E906.0034
G1 F1569 X114.326 Y117.684 E906.01819
G1 F1577.3 X106.31 Y117.682 E906.33512
G1 F1559.3 X105.809 Y117.583 E906.35555
G1 F1524.4 X105.383 Y117.284 E906.37684
G1 F1503 X105.118 Y116.889 E906.39658
G1 F1500 X105.01 Y116.493 E906.41364
G1 X105.004 Y114.632 E906.49101
G1 X105.061 Y114.398 E906.50103
G1 X105.337 Y113.876 E906.52558
G1 X105.807 Y113.522 E906.55004
G1 X106.358 Y113.404 E906.57347
G1 X109.323 Y113.404 E906.69674
G1 F3600 E902.69674
G0 F9000 X105.272 Y104.463
G0 X118.1 Y116.66
G1 F3600 E906.69674
G1 F1500 X116.658 Y118.102 E906.78152
G0 F9000 X114.997 Y116.794
G0 X115.236 Y118.109
G1 F1500 X118.1 Y115.246 E906.94988
G0 F9000 X118.1 Y113.831
G1 F1500 X115.989 Y115.942 E907.074
G0 F9000 X115.015 Y116.101
G0 X114.95 Y115.754
G0 X115.572 Y114.945
G1 F1500 X118.1 Y112.417 E907.22264
G0 F9000 X118.1 Y111.003
G1 F1500 X115.093 Y114.01 E907.39944
G0 F9000 X114.95 Y115.754
G0 X114.614 Y113.074
G1 F1500 X118.1 Y109.589 E907.60437
G0 F9000 X118.1 Y108.175
G1 F1500 X114.136 Y112.139 E907.83744
G0 F9000 X113.657 Y111.203
G1 F1500 X118.1 Y106.76 E908.09867
G0 F9000 X118.1 Y105.346
G1 F1500 X113.178 Y110.268 E908.38807
G0 F9000 X112.699 Y109.332
G1 F1500 X114.703 Y107.329 E908.50587
G1 F3600 E904.50587
G0 F9000 X113.198 Y107.419
G1 F3600 E908.50587
G1 F1500 X112.221 Y108.397 E908.56334
G1 F3600 E904.56334
G0 F9000 X115.886 Y106.145
G1 F3600 E908.56334
G1 F1500 X118.1 Y103.932 E908.69348
G0 F9000 X118.1 Y102.518
G1 F1500 X116.012 Y104.605 E908.81622
G0 F9000 X114.029 Y102.957
G0 X115.879 Y103.325
G1 F1500 X117.303 Y101.9 E908.89998
G0 F9000 X115.889 Y101.9
G1 F1500 X115.274 Y102.515 E908.93614
G1 F3600 E904.93614
G0 F9000 X114.029 Y102.957
G0 X104.574 Y101.901
G1 F3600 E908.93614
G1 F1500 X101.901 Y104.574 E909.0933
G0 F9000 X101.05 Y104.573
G0 X101.05 Y105.987
G0 X101.901 Y105.988
G1 F1500 X104.242 Y103.647 E909.23094
G0 F9000 X105.23 Y103.809
G0 X105.311 Y104.432
G0 X104.418 Y104.886
G1 F1500 X101.901 Y107.402 E909.3789
G0 F9000 X101.05 Y107.401
G0 X101.05 Y108.816
G0 X101.901 Y108.817
G1 F1500 X104.896 Y105.822 E909.555
G0 F9000 X105.272 Y104.463
G0 X105.373 Y106.759
G1 F1500 X101.9 Y110.232 E909.75919
G0 F9000 X101.05 Y110.231
G0 X101.05 Y111.645
G0 X101.9 Y111.646
G1 F1500 X105.85 Y107.696 E909.99144
G0 F9000 X105.272 Y104.463
G0 X106.328 Y108.632
G1 F1500 X101.9 Y113.06 E910.25179
G0 F9000 X101.05 Y113.059
G0 X101.05 Y114.473
G0 X101.9 Y114.474
G1 F1500 X106.806 Y109.569 E910.54021
G0 F9000 X105.272 Y104.463
G0 X107.284 Y110.505
G1 F1500 X101.9 Y115.888 E910.85674
G0 F9000 X101.05 Y115.887
G0 X101.05 Y117.302
G0 X101.9 Y117.303
G1 F1500 X104.504 Y114.699 E911.00985
G0 F9000 X105.356 Y114.81
G0 X105.356 Y116.113
G0 X104.504 Y116.113
G1 F1500 X102.517 Y118.1 E911.12668
G0 F9000 X101.05 Y118.099
G0 X103.931 Y118.1
G1 F1500 X104.713 Y117.319 E911.17262
G0 F9000 X105.356 Y116.334
G0 X105.494 Y117.952
G1 F1500 X105.333 Y118.113 E911.18209
G1 F3600 E907.18209
G0 F9000 X107.059 Y115.665
G0 X112.67 Y115.45
G0 X107.162 Y104.652
G0 X106.297 Y112.906
G1 F3600 E911.18209
G1 F1500 X107.761 Y111.442 E911.26817
G0 F9000 X105.272 Y104.463
G0 X108.239 Y112.378
G1 F1500 X107.714 Y112.904 E911.29907
G1 F3600 E907.29907
G0 F9000 X105.272 Y104.463
G0 X105.123 Y103.97
G0 X101.05 Y103.159
G0 X101.901 Y103.16
G1 F3600 E911.29907
G1 F1500 X103.16 Y101.901 E911.37309
G1 F3600 E907.37309
;MESH:NONMESH
G0 F300 X103.16 Y101.901 Z19.9
G0 F9000 X114.931 Y115.676
G0 X114.48 Y116.684
;TIME_ELAPSED:2180.990068
;LAYER:198
;TYPE:WALL-OUTER
;MESH:xyzCalibration_cube.stl
G1 F3600 E911.37309
G1 F1500 X114.202 Y116.816 E911.38588
G1 X106.404 Y116.816 E911.71009
G1 X106.197 Y116.772 E911.71889
G1 X106.039 Y116.659 E911.72696
G1 X105.909 Y116.389 E911.73942
G1 X105.904 Y114.707 E911.80935
G1 X106.03 Y114.471 E911.82047
G1 X106.191 Y114.351 E911.82882
G1 X106.404 Y114.304 E911.83789
G1 X110.795 Y114.304 E912.02045
G1 X105.609 Y104.135 E912.49503
G1 X105.624 Y103.861 E912.50644
G1 X105.776 Y103.626 E912.51807
G1 X106.042 Y103.504 E912.53024
G1 X114.112 Y103.504 E912.86575
G1 X114.286 Y103.534 E912.87309
G1 X114.43 Y103.617 E912.88
G1 X114.612 Y103.879 E912.89327
G1 X114.612 Y105.616 E912.96548
G1 X114.541 Y105.779 E912.97287
G1 X114.376 Y105.946 E912.98263
G1 X114.177 Y106.02 E912.99146
G1 X109.434 Y106.02 E913.18865
G1 X114.635 Y116.183 E913.6633
G1 X114.626 Y116.436 E913.67382
G1 X114.48 Y116.684 E913.68579
G1 F3600 E909.68579
G0 F9000 X115.027 Y116.684
G0 X119.5 Y119.5
G1 F3600 E913.68579
G1 F1500 X119.5 Y100.5 E914.47571
G1 X100.501 Y100.501 E915.2656
G1 X100.5 Y119.5 E916.05549
G1 X119.5 Y119.5 E916.84542
G0 F9000 X118.6 Y118.6
;TYPE:SKIN
G1 F1500 X118.6 Y101.4 E917.56051
G1 X115.313 Y101.4 E917.69717
G1 F1421.8 X114.298 Y101.456 E917.74175
G1 F1351.4 X105.801 Y101.455 E918.13388
G1 F1420.5 X104.846 Y101.401 E918.17587
G1 F1498.5 X101.401 Y101.401 E918.31924
G1 F1500 X101.4 Y118.6 E919.03429
G1 X105.041 Y118.6 E919.18567
G1 F1544.8 X106.412 Y118.629 E919.24103
G1 F1592.4 X114.244 Y118.629 E919.54776
G1 F1546.4 X115.356 Y118.601 E919.59262
G1 F1501.5 X118.6 Y118.6 E919.72735
G1 F3600 E915.72735
G0 F9000 X105.302 Y104.589
G0 X109.323 Y113.404
G1 F3600 E919.72735
G1 F1500 X104.858 Y104.648 E920.13598
G1 X104.711 Y104.208 E920.15527
G1 X104.744 Y103.638 E920.17901
G1 F1494 X104.907 Y103.259 E920.19623
G1 F1479.3 X105.176 Y102.947 E920.21359
G1 F1459.1 X105.609 Y102.654 E920.23594
G1 F1396.6 X105.896 Y102.557 E920.24947
G1 F1351.4 X114.201 Y102.557 E920.63273
G1 F1396.6 X114.565 Y102.643 E920.64943
G1 F1459.1 X115.013 Y102.923 E920.67201
G1 F1486.6 X115.282 Y103.225 E920.68897
G1 F1500 X115.434 Y103.55 E920.70389
G1 X115.512 Y103.969 E920.72161
G1 X115.508 Y105.583 E920.78871
G1 X115.469 Y105.851 E920.79997
G1 X115.34 Y106.185 E920.81486
G1 X115.092 Y106.528 E920.83246
G1 X114.603 Y106.841 E920.85659
G1 X114.158 Y106.92 E920.87538
G1 X110.902 Y106.92 E921.01075
G1 X115.457 Y115.82 E921.42642
G1 X115.512 Y116.043 E921.43597
G1 X115.516 Y116.588 E921.45863
G1 X115.371 Y117 E921.47678
G1 X115.082 Y117.36 E921.49598
G1 F1527.5 X114.686 Y117.59 E921.51467
G1 F1569 X114.326 Y117.684 E921.52946
G1 F1577.3 X106.31 Y117.682 E921.8464
G1 F1559.3 X105.809 Y117.583 E921.86682
G1 F1524.4 X105.383 Y117.284 E921.88812
G1 F1503 X105.118 Y116.889 E921.90785
G1 F1500 X105.01 Y116.493 E921.92492
G1 X105.004 Y114.632 E922.00229
G1 X105.061 Y114.398 E922.0123
G1 X105.337 Y113.876 E922.03685
G1 X105.807 Y113.522 E922.06131
G1 X106.358 Y113.404 E922.08474
G1 X109.323 Y113.404 E922.20801
G1 F3600 E918.20801
G0 F9000 X105.272 Y104.463
G0 X109.721 Y113.292
G0 X109.875 Y113.599
G0 X101.05 Y118.099
G0 X102.543 Y118.1
G1 F3600 E922.20801
G1 F1500 X101.9 Y117.456 E922.24585
G0 F9000 X101.05 Y117.455
G0 X101.05 Y116.041
G0 X101.9 Y116.042
G1 F1500 X103.957 Y118.1 E922.36682
G0 F9000 X105.356 Y116.334
G0 X104.756 Y117.484
G1 F1500 X101.9 Y114.628 E922.53474
G0 F9000 X101.05 Y114.627
G0 X101.05 Y113.212
G0 X101.9 Y113.213
G1 F1500 X104.504 Y115.818 E922.68788
G0 F9000 X105.356 Y115.818
G0 X105.356 Y114.888
G0 X104.55 Y114.449
G1 F1500 X101.9 Y111.799 E922.84369
G0 F9000 X101.05 Y111.798
G0 X101.05 Y110.384
G0 X101.9 Y110.385
G1 F1500 X105.01 Y113.496 E923.02657
G0 F9000 X105.356 Y114.888
G0 X109.464 Y112.794
G0 X105.916 Y112.987
G1 F1500 X101.9 Y108.972 E923.26267
G0 F9000 X101.05 Y108.971
G0 X101.05 Y107.556
G0 X101.9 Y107.557
G1 F1500 X107.247 Y112.904 E923.57705
G0 F9000 X105.272 Y104.463
G0 X108.347 Y112.59
G1 F1500 X101.9 Y106.143 E923.95611
G0 F9000 X101.05 Y106.142
G0 X101.05 Y104.728
G0 X101.9 Y104.729
G1 F1500 X106.876 Y109.704 E924.24865
G0 F9000 X105.272 Y104.463
G0 X105.404 Y106.818
G1 F1500 X101.9 Y103.315 E924.45464
G0 F9000 X101.05 Y103.314
G0 X101.05 Y101.9
G0 X101.901 Y101.901
G1 F1500 X104.213 Y104.213 E924.59058
G0 F9000 X105.216 Y104.158
G0 X105.272 Y103.533
G0 X104.466 Y103.052
G1 F1500 X103.316 Y101.902 E924.65819
G0 F9000 X104.73 Y101.902
G1 F1500 X105.165 Y102.337 E924.68377
G1 F3600 E920.68377
G0 F9000 X107.162 Y104.652
G0 X109.5 Y108.706
G0 X111.78 Y107.538
G1 F3600 E924.68377
G1 F1500 X118.1 Y113.858 E925.05536
G0 F9000 X118.1 Y115.272
G1 F1500 X113.262 Y110.434 E925.33982
G1 F3600 E921.33982
G0 F9000 X113.076 Y107.419
G1 F3600 E925.33982
G1 F1500 X118.1 Y112.443 E925.63521
G0 F9000 X118.1 Y111.029
G1 F1500 X114.447 Y107.376 E925.84999
G0 F9000 X115.39 Y106.905
G1 F1500 X118.1 Y109.615 E926.00933
G0 F9000 X118.1 Y108.201
G1 F1500 X115.928 Y106.029 E926.13704
G0 F9000 X116.012 Y104.698
G1 F1500 X118.1 Y106.787 E926.25983
G0 F9000 X118.1 Y105.372
G1 F1500 X115.688 Y102.96 E926.40165
G0 F9000 X115.137 Y102.409
G1 F1500 X114.696 Y101.968 E926.42758
G0 F9000 X116.043 Y101.9
G1 F1500 X118.1 Y103.958 E926.54855
G0 F9000 X118.1 Y102.544
G1 F1500 X117.457 Y101.9 E926.58639
G1 F3600 E922.58639
G0 F9000 X114.744 Y113.33
G1 F3600 E926.58639
G1 F1500 X118.1 Y116.686 E926.78371
G0 F9000 X118.1 Y118.1
G1 F1500 X116.003 Y116.003 E926.907
G0 F9000 X115.016 Y116.117
G0 X114.928 Y116.754
G0 X115.802 Y117.216
G1 F1500 X116.687 Y118.101 E926.95904
G0 F9000 X114.997 Y116.794
G0 X115.277 Y118.106
G1 F1500 X115.095 Y117.923 E926.96977
G1 F3600 E922.96977
G0 F9000 X114.959 Y116.82
G0 X114.947 Y116.334
G0 X113.086 Y115.673
G0 X107.059 Y115.665
G0 X105.386 Y118.114
G1 F3600 E926.96977
G1 F1500 X104.757 Y117.485 E927.00675
G1 F3600 E923.00675
;MESH:NONMESH
G0 F300 X104.757 Y117.485 Z20
G0 F9000 X107.059 Y115.665
G0 X113.086 Y115.673
G0 X114.48 Y116.684
;TIME_ELAPSED:2207.572566
;LAYER:199
;TYPE:WALL-OUTER
;MESH:xyzCalibration_cube.stl
G1 F3600 E927.00675
G1 F1500 X114.202 Y116.816 E927.01954
G1 X106.404 Y116.816 E927.34375
G1 X106.197 Y116.772 E927.35255
G1 X106.039 Y116.659 E927.36062
G1 X105.909 Y116.389 E927.37308
G1 X105.904 Y114.707 E927.44301
G1 X106.03 Y114.471 E927.45413
G1 X106.191 Y114.351 E927.46248
G1 X106.404 Y114.304 E927.47155
G1 X110.795 Y114.304 E927.65411
G1 X105.609 Y104.135 E928.12869
G1 X105.624 Y103.861 E928.1401
G1 X105.776 Y103.626 E928.15173
G1 X106.042 Y103.504 E928.1639
G1 X114.112 Y103.504 E928.49941
G1 X114.286 Y103.534 E928.50675
G1 X114.43 Y103.617 E928.51366
G1 X114.612 Y103.879 E928.52692
G1 X114.612 Y105.616 E928.59914
G1 X114.541 Y105.779 E928.60653
G1 X114.376 Y105.946 E928.61629
G1 X114.177 Y106.02 E928.62512
G1 X109.434 Y106.02 E928.82231
G1 X114.635 Y116.183 E929.29695
G1 X114.626 Y116.436 E929.30748
G1 X114.48 Y116.684 E929.31944
G1 F3600 E925.31944
G0 F9000 X115.027 Y116.684
G0 X119.5 Y119.5
G1 F3600 E929.31944
G1 F1500 X119.5 Y100.5 E930.10937
G1 X100.501 Y100.501 E930.89926
G1 X100.5 Y119.5 E931.68915
G1 X119.5 Y119.5 E932.47907
G0 F9000 X118.6 Y118.6
;TYPE:SKIN
G1 F1500 X118.6 Y101.4 E933.19417
G1 X115.313 Y101.4 E933.33082
G1 F1421.8 X114.298 Y101.456 E933.37541
G1 F1351.4 X105.801 Y101.455 E933.76754
G1 F1420.5 X104.846 Y101.401 E933.80953
G1 F1498.5 X101.401 Y101.401 E933.9529
G1 F1500 X101.4 Y118.6 E934.66795
G1 X105.041 Y118.6 E934.81933
G1 F1544.8 X106.412 Y118.629 E934.87468
G1 F1592.4 X114.244 Y118.629 E935.18142
G1 F1546.4 X115.356 Y118.601 E935.22627
G1 F1501.5 X118.6 Y118.6 E935.36101
G1 F3600 E931.36101
G0 F9000 X105.302 Y104.589
G0 X109.323 Y113.404
G1 F3600 E935.36101
G1 F1500 X104.858 Y104.648 E935.76964
G1 X104.711 Y104.208 E935.78893
G1 X104.744 Y103.638 E935.81267
G1 F1494 X104.907 Y103.259 E935.82989
G1 F1479.3 X105.176 Y102.947 E935.84725
G1 F1459.1 X105.609 Y102.654 E935.8696
G1 F1396.6 X105.896 Y102.557 E935.88312
G1 F1351.4 X114.201 Y102.557 E936.26639
G1 F1396.6 X114.565 Y102.643 E936.28309
G1 F1459.1 X115.013 Y102.923 E936.30567
G1 F1486.6 X115.282 Y103.225 E936.32263
G1 F1500 X115.434 Y103.55 E936.33755
G1 X115.512 Y103.969 E936.35527
G1 X115.508 Y105.583 E936.42237
G1 X115.469 Y105.851 E936.43363
G1 X115.34 Y106.185 E936.44852
G1 X115.092 Y106.528 E936.46611
G1 X114.603 Y106.841 E936.49025
G1 X114.158 Y106.92 E936.50904
G1 X110.902 Y106.92 E936.64441
G1 X115.457 Y115.82 E937.06008
G1 X115.512 Y116.043 E937.06963
G1 X115.516 Y116.588 E937.09228
G1 X115.371 Y117 E937.11044
G1 X115.082 Y117.36 E937.12964
G1 F1527.5 X114.686 Y117.59 E937.14833
G1 F1569 X114.326 Y117.684 E937.16312
G1 F1577.3 X106.31 Y117.682 E937.48006
G1 F1559.3 X105.809 Y117.583 E937.50048
G1 F1524.4 X105.383 Y117.284 E937.52177
G1 F1503 X105.118 Y116.889 E937.54151
G1 F1500 X105.01 Y116.493 E937.55858
G1 X105.004 Y114.632 E937.63595
G1 X105.061 Y114.398 E937.64596
G1 X105.337 Y113.876 E937.67051
G1 X105.807 Y113.522 E937.69497
G1 X106.358 Y113.404 E937.7184
G1 X109.323 Y113.404 E937.84167
G1 F3600 E933.84167
G0 F9000 X105.272 Y104.463
G0 X118.1 Y116.66
G1 F3600 E937.84167
G1 F1500 X116.658 Y118.102 E937.92645
G0 F9000 X114.997 Y116.794
G0 X115.236 Y118.109
G1 F1500 X118.1 Y115.246 E938.09482
G0 F9000 X118.1 Y113.831
G1 F1500 X115.989 Y115.942 E938.21894
G0 F9000 X115.015 Y116.101
G0 X114.95 Y115.754
G0 X115.572 Y114.945
G1 F1500 X118.1 Y112.417 E938.36757
G0 F9000 X118.1 Y111.003
G1 F1500 X115.093 Y114.01 E938.54437
G0 F9000 X114.95 Y115.754
G0 X114.614 Y113.074
G1 F1500 X118.1 Y109.589 E938.74931
G0 F9000 X118.1 Y108.175
G1 F1500 X114.136 Y112.139 E938.98237
G0 F9000 X113.657 Y111.203
G1 F1500 X118.1 Y106.76 E939.24361
G0 F9000 X118.1 Y105.346
G1 F1500 X113.178 Y110.268 E939.533
G0 F9000 X112.699 Y109.332
G1 F1500 X114.703 Y107.329 E939.6508
G1 F3600 E935.6508
G0 F9000 X113.198 Y107.419
G1 F3600 E939.6508
G1 F1500 X112.221 Y108.397 E939.70827
G1 F3600 E935.70827
G0 F9000 X115.886 Y106.145
G1 F3600 E939.70827
G1 F1500 X118.1 Y103.932 E939.83842
G0 F9000 X118.1 Y102.518
G1 F1500 X116.012 Y104.605 E939.96115
G0 F9000 X114.029 Y102.957
G0 X115.879 Y103.325
G1 F1500 X117.303 Y101.9 E940.04491
G0 F9000 X115.889 Y101.9
G1 F1500 X115.274 Y102.515 E940.08107
G1 F3600 E936.08107
G0 F9000 X114.029 Y102.957
G0 X104.574 Y101.901
G1 F3600 E940.08107
G1 F1500 X101.901 Y104.574 E940.23823
G0 F9000 X101.05 Y104.573
G0 X101.05 Y105.987
G0 X101.901 Y105.988
G1 F1500 X104.242 Y103.647 E940.37587
G0 F9000 X105.23 Y103.809
G0 X105.311 Y104.432
G0 X104.418 Y104.886
G1 F1500 X101.901 Y107.402 E940.52383
G0 F9000 X101.05 Y107.401
G0 X101.05 Y108.816
G0 X101.901 Y108.817
G1 F1500 X104.896 Y105.822 E940.69993
G0 F9000 X105.272 Y104.463
G0 X105.373 Y106.759
G1 F1500 X101.9 Y110.232 E940.90413
G0 F9000 X101.05 Y110.231
G0 X101.05 Y111.645
G0 X101.9 Y111.646
G1 F1500 X105.85 Y107.696 E941.13637
G0 F9000 X105.272 Y104.463
G0 X106.328 Y108.632
G1 F1500 X101.9 Y113.06 E941.39672
G0 F9000 X101.05 Y113.059
G0 X101.05 Y114.473
G0 X101.9 Y114.474
G1 F1500 X106.806 Y109.569 E941.68515
G0 F9000 X105.272 Y104.463
G0 X107.284 Y110.505
G1 F1500 X101.9 Y115.888 E942.00168
G0 F9000 X101.05 Y115.887
G0 X101.05 Y117.302
G0 X101.9 Y117.303
G1 F1500 X104.504 Y114.699 E942.15478
G0 F9000 X105.356 Y114.81
G0 X105.356 Y116.113
G0 X104.504 Y116.113
G1 F1500 X102.517 Y118.1 E942.27161
G0 F9000 X101.05 Y118.099
G0 X103.931 Y118.1
G1 F1500 X104.767 Y117.264 E942.32076
G0 F9000 X105.356 Y116.334
G0 X105.494 Y117.952
G1 F1500 X105.333 Y118.113 E942.33023
G1 F3600 E938.33023
G0 F9000 X107.059 Y115.665
G0 X112.67 Y115.45
G0 X107.162 Y104.652
G0 X106.297 Y112.906
G1 F3600 E942.33023
G1 F1500 X107.761 Y111.442 E942.41631
G0 F9000 X105.272 Y104.463
G0 X108.239 Y112.378
G1 F1500 X107.714 Y112.904 E942.4472
G1 F3600 E938.4472
G0 F9000 X105.272 Y104.463
G0 X105.123 Y103.97
G0 X101.05 Y103.159
G0 X101.901 Y103.16
G1 F3600 E942.4472
G1 F1500 X103.16 Y101.901 E942.52123
;TIME_ELAPSED:2234.524456
G1 F3600 E938.52123
M140 S0
G91 ;Relative positioning
G1 E-2 F2700 ;Retract a bit
G1 E-2 Z0.2 F2400 ;Retract and raise Z
G1 X5 Y5 F3000 ;Wipe out
G1 Z10 ;Raise Z more
G90 ;Absolute positioning

G1 X0 Y220 ;Present print
M106 S0 ;Turn-off fan
M104 S0 ;Turn-off hotend
M140 S0 ;Turn-off bed

M84 X Y E ;Disable all steppers but Z

;StarwarsI
M300 S1318 P600
M300 S1318 P600
M300 S1318 P600
M300 S1046 P300
M300 S0 P150
M300 S1567 P150
M300 S1318 P600
M300 S1046 P300
M300 S0 P150
M300 S1567 P150
M300 S1318 P600
M300 S0 P600
M300 S987 P600
M300 S987 P600
M300 S987 P600
M300 S2093 P300
M300 S0 P150
M300 S1567 P150
M300 S1244 P600
M300 S1046 P300
M300 S0 P150
M300 S1567 P150
M300 S1318 P600
M300 S0 P300
M82 ;absolute extrusion mode
M104 S0
;End of Gcode
;SETTING_3 {"global_quality": "[general]\\nversion = 4\\nname = PGDI_12\\ndefini
;SETTING_3 tion = creality_ender3pro\\n\\n[metadata]\\ntype = quality_changes\\n
;SETTING_3 quality_type = draft\\nsetting_version = 23\\n\\n[values]\\nadhesion_
;SETTING_3 type = brim\\nlayer_height = 0.1\\nlayer_height_0 = 0.1\\nmaterial_be
;SETTING_3 d_temperature_layer_0 = 120\\nsupport_enable = False\\nsupport_struct
;SETTING_3 ure = normal\\n\\n", "extruder_quality": ["[general]\\nversion = 4\\n
;SETTING_3 name = PGDI_12\\ndefinition = creality_ender3pro\\n\\n[metadata]\\nty
;SETTING_3 pe = quality_changes\\nquality_type = draft\\nintent_category = defau
;SETTING_3 lt\\nposition = 0\\nsetting_version = 23\\n\\n[values]\\nbottom_layer
;SETTING_3 s = 2\\ninfill_pattern = tetrahedral\\ninfill_sparse_density = 10\\ni
;SETTING_3 nset_direction = outside_in\\nmaterial_initial_print_temperature = 23
;SETTING_3 5\\nmaterial_print_temperature = 225\\nmaterial_print_temperature_lay
;SETTING_3 er_0 = 235\\nraft_airgap = 0.2\\nraft_interface_line_spacing = 1\\nra
;SETTING_3 ft_interface_line_width = 1\\nraft_margin = 5\\nraft_surface_layers =
;SETTING_3  1\\nskirt_height = 1\\nsupport_angle = 45\\ntop_layers = 3\\nwall_li
;SETTING_3 ne_count = 1\\nz_seam_type = sharpest_corner\\n\\n"]}
