;FLAVOR:Marlin
;TIME:1731
;Filament used: 6.10638m
;Layer height: 0.8
;MINX:85.835
;MINY:56.956
;MINZ:0.1
;MAXX:164.164
;MAXY:133.984
;MAXZ:27.05
;TARGET_MACHINE.NAME:Creality Ender-3 Pro
;Generated with Cura_SteamEngine 5.8.1
M82 ;absolute extrusion mode
; Ender 3 Custom Start G-code
G92 E0 ; Reset Extruder
G28 ; Home all axes
G1 Z5.0 F3000 ; Move Z Axis up a bit during heating to not damage bed
M104 S200.0 ; Start heating up the nozzle most of the way
M190 S120 ; Start heating the bed, wait until target temperature reached
M109 S235 ; Finish heating the nozzle
G1 Z2.0 F3000 ; Move Z Axis up little to prevent scratching of Heat Bed
G1 X0.1 Y20 Z0.3 F5000.0 ; Move to start position
G1 X0.1 Y200.0 Z0.3 F1500.0 E15 ; Draw the first line
G1 X0.4 Y200.0 Z0.3 F5000.0 ; Move to side a little
G1 X0.4 Y20 Z0.3 F1500.0 E30 ; Draw the second line
G92 E0 ; Reset Extruder
G29 A L0
G1 Z2.0 F3000 ; Move Z Axis up little to prevent scratching of Heat Bed
G1 X5 Y20 Z0.3 F5000.0 ; Move over to prevent blob squish

M300 S2637 P150
M300 S2637 P150
M300 S0 P75
M300 S2637 P300
M300 S2093 P150
M300 S2637 P300
M300 S3135 P300
M300 S0 P300
M300 S1567 P300
M300 S0 P300
M300 S2093 P300
M300 S0 P150
M300 S1567 P300
M300 S0 P150
M300 S1318 P300
M300 S0 P150
M300 S880 P300
M300 S987 P300
M300 S932 P150
M300 S880 P300
M300 S1567 P225
M300 S2637 P150
M300 S3135 P150
M300 S1760 P300
M300 S2793 P150
M300 S3135 P300
M300 S2637 P300
M300 S2093 P150
M300 S2349 P150
M300 S987 P300
M300 S0 P150
M300 S2093 P300
M300 S0 P150
M300 S1567 P300
M300 S0 P150
M300 S1318 P300
M300 S0 P150
M300 S880 P300
M300 S987 P300
M300 S932 P150
M300 S880 P300
M300 S1567 P225
M300 S2637 P150
M300 S3135 P150
M300 S1760 P300
M300 S2793 P150
M300 S3135 P300
M300 S2637 P300
M300 S2093 P150
M300 S2349 P150
M300 S987 P300
M300 S0 P300
M300 S3135 P150
M300 S2959 P150
M300 S2793 P150
M300 S2489 P150
M300 S0 P150
M300 S2637 P150
M300 S0 P150
M300 S1661 P150
M300 S880 P150
M300 S2093 P150
M300 S0 P150
M300 S880 P150
M300 S2093 P150
M300 S2349 P150
M300 S0 P300
M300 S3135 P150
M300 S2959 P150
M300 S2793 P150
M300 S2489 P150
M300 S0 P150
M300 S2637 P150
M300 S0 P150
M300 S4186 P150
M300 S0 P150
M300 S4186 P150
M300 S4186 P150
M300 S0 P600
M300 S3135 P150
M300 S2959 P150
M300 S2793 P150
M300 S2489 P150
M300 S0 P150
M300 S2637 P150
M300 S0 P150
M300 S1661 P150
M300 S880 P150
M300 S2093 P150
M300 S0 P150
M300 S880 P150
M300 S2093 P150
M300 S2349 P150
M300 S0 P300
M300 S2489 P150
M300 S0 P300
M300 S2349 P150
M300 S0 P300
M300 S2093 P150
G92 E0
G92 E0
G1 F3600 E-4
;LAYER_COUNT:33
;LAYER:-3
M107
G0 F9000 X89.088 Y60.478 Z0.1
;TYPE:SUPPORT-INTERFACE
G1 F3600 E0
G1 F1125 X88.376 Y61.536 E0.05302
G1 X87.938 Y62.34 E0.09108
G1 X87.65 Y63.016 E0.12163
G1 X87.297 Y63.983 E0.16443
G1 X87.223 Y64.383 E0.18134
G1 X87.107 Y64.812 E0.19982
G1 X87.058 Y65.29 E0.2198
G1 X87 Y66.409 E0.26638
G1 X87 Y93.246 E1.38214
G1 X87.084 Y94.833 E1.44821
G1 X87.058 Y95.451 E1.47392
G1 X87.035 Y95.696 E1.48415
G1 X87 Y96.409 E1.51383
G1 X87.001 Y123.248 E2.62967
G1 X87.032 Y123.945 E2.65868
G1 X87.016 Y123.962 E2.65965
G1 X87.08 Y124.539 E2.68378
G1 X87.206 Y125.292 E2.71552
G1 X87.461 Y126.287 E2.75823
G1 X87.452 Y126.299 E2.75885
G1 X87.755 Y127.031 E2.79179
G1 X88.026 Y127.62 E2.81874
G1 X88.496 Y128.458 E2.85869
G1 X88.968 Y129.121 E2.89253
G1 X89.47 Y129.714 E2.92483
G1 X89.905 Y130.157 E2.95064
G1 X89.905 Y130.172 E2.95126
G1 X90.499 Y130.706 E2.98447
G1 X91.469 Y131.387 E3.03375
G1 X92.099 Y131.742 E3.06381
G1 X92.359 Y131.872 E3.0759
G1 X92.865 Y132.099 E3.09895
G1 X93.131 Y132.207 E3.11089
G1 X93.819 Y132.444 E3.14114
G1 X94.55 Y132.626 E3.17246
G1 X95.222 Y132.739 E3.20079
G1 X95.788 Y132.822 E3.22457
G1 X95.798 Y132.812 E3.22516
G1 X96.395 Y132.823 E3.24999
G1 X97.149 Y132.808 E3.28134
G1 X97.994 Y132.709 E3.31671
G1 X98.973 Y132.509 E3.35826
G1 X98.989 Y132.488 E3.35935
G1 X99.639 Y132.295 E3.38754
G1 X100.432 Y131.976 E3.42308
G1 X101.177 Y131.596 E3.45785
G1 X101.898 Y131.144 E3.49323
G1 X102.595 Y130.615 E3.52961
G1 X103.19 Y130.07 E3.56315
G1 X104.055 Y129.211 E3.61384
G1 X104.704 Y128.66 E3.64923
G1 X105.316 Y128.278 E3.67922
G1 X105.959 Y127.983 E3.70864
G1 X106.58 Y127.785 E3.73574
G1 X107.272 Y127.658 E3.76499
G1 X107.903 Y127.616 E3.79128
G1 X114.802 Y127.616 E4.07811
G1 X114.939 Y127.608 E4.08381
G1 X115.765 Y127.647 E4.11819
G1 X116.413 Y127.762 E4.14555
G1 X117.135 Y127.988 E4.17701
G1 X117.707 Y128.25 E4.20316
G1 X118.282 Y128.6 E4.23115
G1 X118.868 Y129.069 E4.26235
G1 X119.338 Y129.555 E4.29046
G1 X119.491 Y129.739 E4.30041
G1 X119.904 Y130.156 E4.32481
G1 X119.904 Y130.17 E4.32539
G1 X120.499 Y130.706 E4.35869
G1 X120.889 Y130.987 E4.37867
G1 X121.47 Y131.387 E4.408
G1 X122.099 Y131.742 E4.43803
G1 X122.359 Y131.872 E4.45011
G1 X122.865 Y132.099 E4.47317
G1 X123.131 Y132.207 E4.48511
G1 X123.819 Y132.444 E4.51536
G1 X124.55 Y132.626 E4.54668
G1 X125.222 Y132.739 E4.57501
G1 X125.788 Y132.822 E4.59879
G1 X125.798 Y132.812 E4.59938
G1 X126.395 Y132.823 E4.6242
G1 X127.149 Y132.808 E4.65556
G1 X127.994 Y132.709 E4.69093
G1 X128.973 Y132.509 E4.73247
G1 X128.989 Y132.488 E4.73357
G1 X129.639 Y132.295 E4.76176
G1 X130.432 Y131.976 E4.7973
G1 X131.177 Y131.596 E4.83207
G1 X131.899 Y131.144 E4.86748
G1 X132.595 Y130.615 E4.90383
G1 X133.19 Y130.07 E4.93737
G1 X134.041 Y129.223 E4.98729
G1 X134.701 Y128.662 E5.0233
G1 X135.279 Y128.297 E5.05172
G1 X135.931 Y127.993 E5.08163
G1 X136.58 Y127.785 E5.10997
G1 X137.256 Y127.66 E5.13855
G1 X137.903 Y127.616 E5.16551
G1 X144.836 Y127.616 E5.45375
G1 X145.34 Y127.6 E5.47472
G1 X146.419 Y127.497 E5.51978
G1 X147.114 Y127.335 E5.54945
G1 X147.697 Y127.169 E5.57465
G1 X147.945 Y127.088 E5.5855
G1 X148.481 Y126.885 E5.60933
G1 X149.315 Y126.511 E5.64733
G1 X150 Y126.287 E5.67729
G1 X150.689 Y126.159 E5.70642
G1 X151.314 Y126.117 E5.73247
G1 X153.496 Y126.115 E5.82318
G1 X154 Y126.1 E5.84415
G1 X155.079 Y125.997 E5.88921
G1 X156.083 Y125.764 E5.93206
G1 X156.105 Y125.783 E5.93327
G1 X157.276 Y125.333 E5.98543
G1 X158.025 Y124.968 E6.02007
G1 X158.751 Y124.53 E6.05532
G1 X159.423 Y124.04 E6.08989
G1 X159.994 Y123.543 E6.12137
G1 X160.176 Y123.367 E6.13189
G1 X160.57 Y122.951 E6.15571
G1 X160.75 Y122.745 E6.16709
G1 X161.217 Y122.148 E6.1986
G1 X161.619 Y121.537 E6.22901
G1 X162.056 Y120.739 E6.26683
G1 X162.346 Y120.067 E6.29726
G1 X162.621 Y119.309 E6.33079
G1 X162.609 Y119.293 E6.33162
G1 X162.889 Y118.261 E6.37607
G1 X162.964 Y117.355 E6.41387
G1 X162.996 Y116.668 E6.44246
G1 X162.999 Y96.783 E7.26919
G1 X162.988 Y96.364 E7.28661
G1 X162.945 Y95.726 E7.3132
G1 X162.958 Y95.712 E7.31399
G1 X162.708 Y94.416 E7.36887
G1 X162.687 Y94.4 E7.36996
G1 X162.501 Y93.76 E7.39767
G1 X162.193 Y92.958 E7.43339
G1 X161.809 Y92.19 E7.46909
G1 X161.37 Y91.467 E7.50425
G1 X160.937 Y90.886 E7.53438
G1 X160.326 Y90.179 E7.57323
G1 X159.703 Y89.592 E7.60882
G1 X159.024 Y89.056 E7.64478
G1 X158.424 Y88.669 E7.67447
G1 X158.419 Y88.654 E7.67512
G1 X157.143 Y87.977 E7.73518
G1 X155.995 Y87.622 E7.78514
G1 X155.153 Y87.43 E7.82104
G1 X154.274 Y87.319 E7.85788
G1 X153.041 Y87.27 E7.90918
G1 X151.939 Y87.388 E7.95526
G1 X151.639 Y87.436 E7.96789
G1 X150.822 Y87.606 E8.00258
G1 X150.81 Y87.623 E8.00345
G1 X149.81 Y87.927 E8.0469
G1 X149.8 Y87.92 E8.04741
G1 X148.694 Y88.469 E8.09874
G1 X147.898 Y88.972 E8.13789
G1 X147.306 Y89.421 E8.16878
G1 X146.624 Y89.979 E8.20542
G1 X146.071 Y90.328 E8.2326
G1 X145.42 Y90.634 E8.26251
G1 X144.833 Y90.828 E8.28821
G1 X144.14 Y90.967 E8.3176
G1 X143.467 Y91.016 E8.34565
G1 X142.682 Y90.966 E8.37836
G1 X142.052 Y90.848 E8.405
G1 X141.412 Y90.641 E8.43297
G1 X140.729 Y90.318 E8.46438
G1 X140.152 Y89.95 E8.49283
G1 X139.626 Y89.514 E8.52124
G1 X139.137 Y89.048 E8.54932
G1 X138.63 Y88.689 E8.57515
G1 X137.909 Y88.237 E8.61053
G1 X136.923 Y87.709 E8.65703
G1 X136.825 Y87.782 E8.66211
G1 X135.546 Y87.083 E8.72271
G1 X134.988 Y86.678 E8.75137
G1 X134.487 Y86.207 E8.77996
G1 X134.033 Y85.656 E8.80964
G1 X133.675 Y85.09 E8.83749
G1 X133.376 Y84.452 E8.86678
G1 X133.162 Y83.777 E8.89622
G1 X133.039 Y83.109 E8.92446
G1 X133 Y82.448 E8.95199
G1 X133 Y66.783 E9.60326
G1 X132.988 Y66.371 E9.6204
G1 X132.911 Y65.546 E9.65485
G1 X132.874 Y65.282 E9.66593
G1 X132.708 Y64.415 E9.70263
G1 X132.687 Y64.399 E9.70373
G1 X132.505 Y63.768 E9.73103
G1 X132.205 Y62.99 E9.7657
G1 X131.814 Y62.198 E9.80242
G1 X131.384 Y61.487 E9.83697
G1 X130.959 Y60.914 E9.86663
G1 X130.794 Y60.708 E9.8776
G1 X130.32 Y60.177 E9.90719
G1 X129.747 Y59.634 E9.94001
G1 X129.031 Y59.063 E9.97809
G1 X128.312 Y58.596 E10.01373
G1 X127.141 Y57.975 E10.06884
G1 X127.133 Y57.981 E10.06925
G1 X126.004 Y57.624 E10.11848
G1 X125.153 Y57.43 E10.15477
G1 X124.274 Y57.319 E10.19161
G1 X123.041 Y57.27 E10.24291
G1 X121.939 Y57.388 E10.28899
G1 X121.639 Y57.436 E10.30162
G1 X120.822 Y57.606 E10.33631
G1 X120.81 Y57.623 E10.33718
G1 X119.81 Y57.927 E10.38063
G1 X119.8 Y57.92 E10.38114
G1 X118.694 Y58.469 E10.43247
G1 X117.898 Y58.972 E10.47162
G1 X117.306 Y59.421 E10.50251
G1 X116.625 Y59.978 E10.53909
G1 X116.089 Y60.319 E10.5655
G1 X115.393 Y60.644 E10.59744
G1 X114.833 Y60.828 E10.62194
G1 X114.14 Y60.967 E10.65133
G1 X113.452 Y61.016 E10.68
G1 X112.661 Y60.963 E10.71296
G1 X112.067 Y60.852 E10.73809
G1 X111.394 Y60.634 E10.7675
G1 X110.7 Y60.305 E10.79943
G1 X110.14 Y59.946 E10.82708
G1 X109.637 Y59.521 E10.85446
G1 X109.384 Y59.283 E10.8689
G1 X108.808 Y58.825 E10.8995
G1 X108.125 Y58.368 E10.93366
G1 X107.91 Y58.24 E10.94407
G1 X106.665 Y57.572 E11.00281
G1 X106.006 Y57.391 E11.03122
G1 X105.686 Y57.276 E11.04536
G1 X105.286 Y57.196 E11.06232
G1 X104.806 Y57.067 E11.08298
G1 X103.9 Y56.992 E11.12078
G1 X103.073 Y56.956 E11.15519
G1 X96.502 Y56.956 E11.42838
G1 X96.002 Y56.976 E11.44919
G1 X94.917 Y57.079 E11.4945
G1 X93.918 Y57.311 E11.53714
G1 X93.895 Y57.293 E11.53835
G1 X92.713 Y57.747 E11.59099
G1 X91.917 Y58.139 E11.62788
G1 X91.222 Y58.561 E11.66169
G1 X90.577 Y59.032 E11.69489
G1 X90.002 Y59.533 E11.7266
G1 X89.819 Y59.709 E11.73716
G1 X89.088 Y60.478 E11.78127
G1 F3600 E7.78127
G0 F9000 X87.575 Y65.16
G1 F3600 E11.78127
G1 F1125 X95.179 Y57.556 E12.22835
G1 F3600 E8.22835
G0 F9000 X98.108 Y57.456
G1 F3600 E12.22835
G1 F1125 X87.5 Y68.063 E12.85203
G1 F3600 E8.85203
G0 F9000 X87.5 Y70.892
G1 F3600 E12.85203
G1 F1125 X100.936 Y57.456 E13.64202
G1 F3600 E9.64202
G0 F9000 X103.735 Y57.485
G1 F3600 E13.64202
G1 F1125 X87.5 Y73.72 E14.59657
G1 F3600 E10.59657
G0 F9000 X87.5 Y76.549
G1 F3600 E14.59657
G1 F1125 X106.111 Y57.938 E15.69083
G1 F3600 E11.69083
G0 F9000 X107.996 Y58.881
G1 F3600 E15.69083
G1 F1125 X87.5 Y79.377 E16.89592
G1 F3600 E12.89592
G0 F9000 X87.5 Y82.205
G1 F3600 E16.89592
G1 F1125 X109.58 Y60.125 E18.19414
G1 F3600 E14.19414
G0 F9000 X111.381 Y61.153
G1 F3600 E18.19414
G1 F1125 X87.5 Y85.034 E19.59825
G1 F3600 E15.59825
G0 F9000 X87.5 Y87.862
G1 F3600 E19.59825
G1 F1125 X113.876 Y61.486 E21.14905
G1 F3600 E17.14905
G0 F9000 X113.958 Y59.819
G0 X118.165 Y57.446
G0 X119.628 Y58.563
G1 F3600 E21.14905
G1 F1125 X87.5 Y90.691 E23.03806
G1 F3600 E19.03806
G0 F9000 X87.515 Y93.504
G1 F3600 E23.03806
G1 F1125 X123.242 Y57.778 E25.13864
G1 F3600 E21.13864
G0 F9000 X125.765 Y58.082
G1 F3600 E25.13864
G1 F1125 X87.504 Y96.343 E27.38824
G1 F3600 E23.38824
G0 F9000 X87.501 Y99.175
G1 F3600 E27.38824
G1 F1125 X127.79 Y58.886 E29.75708
G1 F3600 E25.75708
G0 F9000 X129.457 Y60.048
G1 F3600 E29.75708
G1 F1125 X87.501 Y102.004 E32.22393
G1 F3600 E28.22393
G0 F9000 X87.501 Y104.832
G1 F3600 E32.22393
G1 F1125 X130.797 Y61.536 E34.76957
G1 F3600 E30.76957
G0 F9000 X131.809 Y63.353
G1 F3600 E34.76957
G1 F1125 X87.501 Y107.661 E37.37471
G1 F3600 E33.37471
G0 F9000 X87.501 Y110.489
G1 F3600 E37.37471
G1 F1125 X132.411 Y65.578 E40.01527
G1 F3600 E36.01527
G0 F9000 X132.5 Y68.319
G1 F3600 E40.01527
G1 F1125 X87.501 Y113.317 E42.66101
G1 F3600 E38.66101
G0 F9000 X87.501 Y116.146
G1 F3600 E42.66101
G1 F1125 X132.5 Y71.147 E45.30678
G1 F3600 E41.30678
G0 F9000 X132.5 Y73.975
G1 F3600 E45.30678
G1 F1125 X87.501 Y118.974 E47.95255
G1 F3600 E43.95255
G0 F9000 X87.501 Y121.803
G1 F3600 E47.95255
G1 F1125 X132.5 Y76.804 E50.59832
G1 F3600 E46.59832
G0 F9000 X132.5 Y79.632
G1 F3600 E50.59832
G1 F1125 X87.587 Y124.545 E53.23903
G1 F3600 E49.23903
G0 F9000 X88.189 Y126.772
G1 F3600 E53.23903
G1 F1125 X132.5 Y82.461 E55.84435
G1 F3600 E51.84435
G0 F9000 X132.987 Y84.802
G1 F3600 E55.84435
G1 F1125 X89.202 Y128.587 E58.41874
G1 F3600 E54.41874
G0 F9000 X90.543 Y130.074
G1 F3600 E58.41874
G1 F1125 X134.099 Y86.519 E60.97964
G1 F3600 E56.97964
G0 F9000 X135.707 Y87.739
G1 F3600 E60.97964
G1 F1125 X92.213 Y131.233 E63.53692
G1 F3600 E59.53692
G0 F9000 X94.24 Y132.034
G1 F3600 E63.53692
G1 F1125 X137.623 Y88.651 E66.08767
G1 F3600 E62.08767
G0 F9000 X139.254 Y89.849
G1 F3600 E66.08767
G1 F1125 X96.787 Y132.316 E68.58457
G1 F3600 E64.58457
G0 F9000 X100.604 Y131.327
G1 F3600 E68.58457
G1 F1125 X140.955 Y90.976 E70.95705
G1 F3600 E66.95705
G0 F9000 X143.254 Y91.505
G1 F3600 E70.95705
G1 F1125 X107.626 Y127.134 E73.05187
G1 F3600 E69.05187
G0 F9000 X110.472 Y127.116
G1 F3600 E73.05187
G1 F1125 X148.241 Y89.346 E75.27257
G1 F3600 E71.27257
G0 F9000 X152.596 Y87.821
G1 F3600 E75.27257
G1 F1125 X113.3 Y127.116 E77.583
G1 F3600 E73.583
G0 F9000 X116.052 Y127.193
G1 F3600 E77.583
G1 F1125 X155.275 Y87.97 E79.88916
G1 F3600 E75.88916
G0 F9000 X157.396 Y88.677
G1 F3600 E79.88916
G1 F1125 X118.141 Y127.932 E82.1972
G1 F3600 E78.1972
G0 F9000 X119.695 Y129.207
G1 F3600 E82.1972
G1 F1125 X159.128 Y89.774 E84.51571
G1 F3600 E80.51571
G0 F9000 X160.539 Y91.191
G1 F3600 E84.51571
G1 F1125 X121.166 Y130.564 E86.83069
G1 F3600 E82.83069
G0 F9000 X122.963 Y131.595
G1 F3600 E86.83069
G1 F1125 X161.623 Y92.936 E89.10372
G1 F3600 E85.10372
G0 F9000 X162.323 Y95.063
G1 F3600 E89.10372
G1 F1125 X125.169 Y132.218 E91.28827
G1 F3600 E87.28827
G0 F9000 X128.021 Y132.194
G1 F3600 E91.28827
G1 F1125 X162.498 Y97.717 E93.31538
G1 F3600 E89.31538
G0 F9000 X162.498 Y100.546
G1 F3600 E93.31538
G1 F1125 X135.313 Y127.73 E94.91373
G1 F3600 E90.91373
G0 F9000 X138.756 Y127.116
G1 F3600 E94.91373
G1 F1125 X162.497 Y103.375 E96.30961
G1 F3600 E92.30961
G0 F9000 X162.497 Y106.203
G1 F3600 E96.30961
G1 F1125 X141.585 Y127.116 E97.53918
G1 F3600 E93.53918
G0 F9000 X144.413 Y127.116
G1 F3600 E97.53918
G1 F1125 X162.497 Y109.032 E98.60245
G1 F3600 E94.60245
G0 F9000 X162.496 Y111.861
M104 S225
G1 F3600 E98.60245
G1 F1125 X147.719 Y126.639 E99.47131
G1 F3600 E95.47131
G0 F9000 X151.568 Y125.618
G1 F3600 E99.47131
G1 F1125 X162.496 Y114.69 E100.11384
G1 F3600 E96.11384
G0 F9000 X162.444 Y117.57
G1 F3600 E100.11384
G1 F1125 X154.46 Y125.554 E100.58326
G1 F3600 E96.58326
G0 F300 X154.46 Y125.554 Z0.6
G0 F9000 X154.844 Y127.192
G0 X156.069 Y126.964
G0 X157.622 Y126.448
G0 X158.704 Y125.922
G0 X160.089 Y124.998
G0 X161.001 Y124.191
G0 X162.068 Y122.959
G0 X162.734 Y121.942
G0 X163.452 Y120.439
G0 X163.815 Y119.304
G0 X164.11 Y117.65
G0 X164.164 Y116.554
G0 X164.132 Y96.038
G0 X163.996 Y95.113
G0 X163.826 Y94.145
G0 X162.032 Y93.929
;TIME_ELAPSED:156.378750
;LAYER:-2
M140 S110
;TYPE:SUPPORT
G1 F3600 E100.58326
G1 F1125 X161.767 Y93.241 E100.73653
G1 X161.394 Y92.466 E100.91532
G1 X160.966 Y91.761 E101.08676
G1 X160.501 Y91.129 E101.24987
G1 X159.955 Y90.514 E101.42083
G1 X159.321 Y89.93 E101.60001
G1 X158.725 Y89.46 E101.75779
G1 X157.992 Y88.993 E101.93846
G1 X157.273 Y88.62 E102.10684
G1 X156.693 Y88.376 E102.23764
G1 X156.046 Y88.163 E102.37924
G1 X162.122 Y94.24 E104.16562
G1 X162.249 Y94.682 E104.26121
G1 X162.408 Y95.507 E104.43587
G1 X162.489 Y96.394 E104.62102
G1 X162.5 Y96.787 E104.70275
G1 X162.5 Y97.446 E104.83974
G1 X152.845 Y87.791 E107.67812
G1 X151.903 Y87.897 E107.87518
G1 X151.091 Y88.064 E108.04751
G1 X150.476 Y88.25 E108.18107
G1 X162.5 Y100.275 E111.71604
G1 X162.5 Y103.103 E112.30391
G1 X148.55 Y89.153 E116.40495
G1 X148.182 Y89.385 E116.49538
G1 X147.598 Y89.829 E116.64788
G1 X146.937 Y90.369 E116.82531
G1 X162.499 Y105.93 E121.40009
G1 X162.498 Y108.758 E121.98796
G1 X145.04 Y91.3 E127.12028
G1 X144.211 Y91.465 E127.29599
G1 X143.355 Y91.518 E127.47427
G1 X142.59 Y91.461 E127.63374
G1 X142.318 Y91.406 E127.69143
G1 X162.498 Y111.586 E133.62396
G1 X162.497 Y114.414 E134.21183
G1 X135.967 Y87.883 E142.01129
G1 F3600 E138.01129
G0 F9000 X136.688 Y86.384
G0 X134.025 Y65.097
G0 X133.826 Y64.145
G0 X132.027 Y63.916
G1 F3600 E142.01129
G1 F1125 X131.746 Y63.181 E142.17487
G1 X131.387 Y62.452 E142.34379
G1 X130.971 Y61.768 E142.5102
G1 X130.59 Y61.25 E142.64387
G1 X130.402 Y61.019 E142.70579
G1 X129.956 Y60.517 E142.84538
G1 X129.321 Y59.93 E143.02514
G1 X128.781 Y59.504 E143.16812
G1 X128.052 Y59.024 E143.34956
G1 X127.273 Y58.62 E143.53197
G1 X126.693 Y58.377 E143.6627
G1 X126.046 Y58.164 E143.80429
G1 X132.12 Y64.238 E145.58993
G1 X132.251 Y64.694 E145.68856
G1 X132.41 Y65.521 E145.86362
G1 X132.489 Y66.392 E146.04542
G1 X132.5 Y66.787 E146.12757
G1 X132.5 Y67.446 E146.26456
G1 X122.845 Y57.791 E149.10294
G1 X121.903 Y57.897 E149.3
G1 X121.091 Y58.064 E149.47232
G1 X120.476 Y58.251 E149.60595
G1 X132.5 Y70.274 E153.14063
G1 X132.5 Y73.103 E153.72871
G1 X118.551 Y59.154 E157.82944
G1 X118.182 Y59.385 E157.91994
G1 X117.598 Y59.829 E158.07244
G1 X116.937 Y60.369 E158.24987
G1 X132.5 Y75.931 E162.82495
G1 X132.5 Y78.76 E163.41303
G1 X115.04 Y61.3 E168.54593
G1 X114.211 Y61.465 E168.72164
G1 X113.354 Y61.518 E168.90013
G1 X112.59 Y61.461 E169.05939
G1 X112.318 Y61.407 E169.11704
G1 X132.5 Y81.588 E175.05001
G1 X132.5 Y82.479 E175.23523
G1 X132.543 Y83.156 E175.37625
G1 X132.703 Y83.993 E175.55339
G1 X132.925 Y84.672 E175.70189
G1 X133.083 Y85 E175.77757
G1 X106.02 Y57.937 E183.73357
G1 X105.546 Y57.782 E183.83724
G1 X104.651 Y57.587 E184.02765
G1 X104.071 Y57.509 E184.14931
G1 X103.216 Y57.462 E184.32731
G1 X102.717 Y57.462 E184.43104
G1 X162.491 Y117.236 E202.00345
G1 X162.357 Y118.212 E202.20824
G1 X162.152 Y119.078 E202.39324
G1 X161.995 Y119.568 E202.5002
G1 X99.887 Y57.461 E220.75861
G1 X97.057 Y57.459 E221.3469
G1 X161.069 Y121.471 E240.1652
G1 X160.867 Y121.778 E240.2416
G1 X160.712 Y121.994 E240.29686
G1 X160.281 Y122.535 E240.44065
G1 X159.805 Y123.035 E240.58415
G1 X94.463 Y57.694 E259.7933
G1 X93.693 Y57.908 E259.95943
G1 X92.918 Y58.203 E260.13181
G1 X92.401 Y58.46 E260.25183
G1 X158.215 Y124.274 E279.59989
G1 X157.794 Y124.528 E279.7021
G1 X157.069 Y124.879 E279.86954
G1 X156.288 Y125.175 E280.04316
G1 X90.702 Y59.589 E299.32419
G1 X90.273 Y59.963 E299.4425
G1 X89.716 Y60.546 E299.61011
G1 X89.324 Y61.04 E299.7412
G1 X153.888 Y125.604 E318.72178
G1 X153.486 Y125.619 E318.80541
G1 X151.075 Y125.619 E319.3066
G1 X88.277 Y62.821 E337.768
G1 X88.076 Y63.295 E337.87503
G1 X87.847 Y64.004 E338.02991
G1 X87.615 Y64.987 E338.23987
G1 X148.815 Y126.187 E356.23149
G1 X148.277 Y126.431 E356.3543
G1 X147.654 Y126.668 E356.49286
G1 X146.727 Y126.928 E356.69299
G1 X87.502 Y67.703 E374.10401
G1 X87.502 Y70.532 E374.69209
G1 X144.089 Y127.119 E391.32758
G1 X141.261 Y127.119 E391.91546
G1 X87.502 Y73.36 E407.71957
G1 X87.502 Y76.188 E408.30745
G1 X138.432 Y127.119 E423.28004
G1 X137.894 Y127.119 E423.39187
G1 X137.218 Y127.162 E423.53268
G1 X136.381 Y127.322 E423.70982
G1 X135.948 Y127.463 E423.80449
G1 X87.502 Y79.016 E438.04683
G1 X87.501 Y81.844 E438.6347
G1 X134.139 Y128.482 E452.34538
G1 X133.692 Y128.868 E452.46815
G1 X132.693 Y129.865 E452.76154
G1 X87.501 Y84.673 E466.04713
G1 X87.5 Y87.5 E466.63479
G1 X131.084 Y131.084 E479.44765
G1 X130.298 Y131.487 E479.63127
G1 X129.547 Y131.796 E479.80008
G1 X129.104 Y131.933 E479.89647
G1 X87.5 Y90.329 E492.12725
G1 X87.5 Y93.157 E492.71512
G1 X126.663 Y132.32 E504.2283
G1 X126.403 Y132.327 E504.28236
G1 X125.51 Y132.276 E504.4683
G1 X124.808 Y132.167 E504.61598
G1 X124.018 Y131.979 E504.78478
G1 X123.226 Y131.711 E504.95859
G1 X87.521 Y96.006 E515.45518
G1 X87.503 Y96.411 E515.53945
G1 X87.502 Y98.816 E516.03939
G1 X115.712 Y127.025 E524.33244
G1 X114.763 Y127.119 E524.53068
G1 X112.977 Y127.119 E524.90195
G1 X87.502 Y101.644 E532.39111
G1 X87.502 Y104.472 E532.97899
G1 X110.148 Y127.119 E539.63662
G1 X107.894 Y127.119 E540.10517
G1 X107.354 Y127.153 E540.21765
G1 X87.502 Y107.301 E546.05376
G1 X87.501 Y110.128 E546.64142
G1 X105.154 Y127.781 E551.83107
G1 X104.371 Y128.283 E552.02441
G1 X103.542 Y128.997 E552.25185
G1 X87.501 Y112.957 E556.96745
G1 X87.501 Y115.785 E557.55532
G1 X102.09 Y130.374 E561.84421
G1 X101.606 Y130.742 E561.9706
G1 X100.896 Y131.181 E562.14412
G1 X100.348 Y131.461 E562.27205
G1 X87.5 Y118.613 E566.04911
G1 X87.5 Y121.441 E566.63699
G1 X98.212 Y132.153 E569.78611
G1 X97.832 Y132.228 E569.86663
G1 X97.146 Y132.309 E570.01022
G1 X96.403 Y132.327 E570.16472
G1 X95.505 Y132.274 E570.35171
G1 X94.807 Y132.168 E570.49848
G1 X94.018 Y131.978 E570.66718
G1 X93.175 Y131.694 E570.85209
G1 X92.569 Y131.421 E570.99026
G1 X92.339 Y131.308 E571.04353
G1 X91.749 Y130.974 E571.18447
G1 X91.06 Y130.501 E571.35819
G1 X90.464 Y130.007 E571.51911
G1 X89.876 Y129.425 E571.6911
G1 X89.364 Y128.814 E571.85681
G1 X88.979 Y128.264 E571.99637
G1 X88.843 Y128.052 E572.04872
G1 X88.503 Y127.456 E572.19136
G1 X88.166 Y126.727 E572.35831
G1 X87.915 Y126.023 E572.51368
G1 X87.696 Y125.197 E572.69132
G1 X87.56 Y124.33 E572.87375
G1 X95.505 Y132.274 E575.20928
G1 F3600 E571.20928
G0 F300 X95.505 Y132.274 Z0.9
G0 F9000 X96.134 Y133.984
G0 X127.415 Y133.952
G0 X129.007 Y133.692
G0 X156.926 Y126.713
G0 X158.52 Y126.023
G0 X160.038 Y125.037
G0 X161.001 Y124.191
G0 X162.068 Y122.959
G0 X162.256 Y122.671
G0 X163.043 Y121.365
G0 X161.583 Y120.553
;TIME_ELAPSED:281.664280
;LAYER:-1
;TYPE:SUPPORT-INTERFACE
G1 F3600 E575.20928
G1 F1500 X157.432 Y124.703 E575.94138
G1 X157.794 Y124.528 E575.99153
G1 X158.475 Y124.117 E576.09074
G1 X159.124 Y123.642 E576.19105
G1 X159.741 Y123.102 E576.29331
G1 X160.281 Y122.535 E576.39097
G1 X160.712 Y121.994 E576.47725
G1 X160.867 Y121.778 E576.51041
G1 X161.228 Y121.229 E576.59236
G1 X161.643 Y120.439 E576.70366
G1 X161.928 Y119.775 E576.79378
G1 X162.152 Y119.078 E576.8851
G1 X162.357 Y118.212 E576.99609
G1 X162.445 Y117.569 E577.07704
G1 X154.46 Y125.555 E578.48559
G1 X154.005 Y125.601 E578.54263
G1 X153.486 Y125.619 E578.6074
G1 X152.274 Y125.619 E578.75857
G1 X162.497 Y115.396 E580.56179
G1 X162.497 Y113.275 E580.82633
G1 X149.983 Y125.789 E583.03366
G1 X149.806 Y125.822 E583.05611
G1 X149.108 Y126.056 E583.14793
G1 X148.277 Y126.431 E583.26165
G1 X147.654 Y126.668 E583.34478
G1 X146.884 Y126.884 E583.44453
G1 X146.74 Y126.911 E583.4628
G1 X162.497 Y111.153 E586.24224
G1 X162.497 Y109.032 E586.50679
G1 X144.41 Y127.119 E589.69712
G1 X142.289 Y127.119 E589.96167
G1 X162.498 Y106.91 E593.5263
G1 X162.498 Y104.788 E593.79097
G1 X140.168 Y127.119 E597.72981
G1 X138.046 Y127.119 E597.99448
G1 X162.499 Y102.666 E602.30771
G1 X162.5 Y100.544 E602.57238
G1 X135.311 Y127.733 E607.3682
G1 X134.985 Y127.89 E607.41333
G1 X134.372 Y128.282 E607.50409
G1 X133.692 Y128.868 E607.61605
G1 X132.865 Y129.694 E607.76183
G1 X132.254 Y130.249 E607.86479
G1 X131.606 Y130.742 E607.96634
G1 X130.895 Y131.181 E608.07056
G1 X130.298 Y131.487 E608.15423
G1 X129.547 Y131.796 E608.25552
G1 X128.937 Y131.985 E608.33517
G1 X162.5 Y98.423 E614.25521
G1 X162.5 Y96.787 E614.45926
G1 X162.482 Y96.319 E614.51768
G1 X126.475 Y132.326 E620.8689
G1 X125.51 Y132.276 E620.98942
G1 X124.553 Y132.127 E621.11022
G1 X162.193 Y94.487 E627.74948
G1 X162.032 Y93.929 E627.82192
G1 X161.767 Y93.241 E627.91388
G1 X161.621 Y92.938 E627.95583
G1 X122.96 Y131.598 E634.77509
G1 X122.339 Y131.307 E634.86063
G1 X121.566 Y130.871 E634.97132
G1 X160.843 Y91.594 E641.89933
G1 X160.501 Y91.129 E641.97133
G1 X159.883 Y90.432 E642.08751
G1 X120.386 Y129.929 E649.05433
G1 X119.85 Y129.39 E649.14914
G1 X119.71 Y129.223 E649.17632
G1 X119.348 Y128.846 E649.24151
G1 X158.731 Y89.464 E656.18813
G1 X157.992 Y88.993 E656.29743
G1 X157.392 Y88.681 E656.38178
G1 X118.143 Y127.93 E663.30485
G1 X117.926 Y127.799 E663.33647
G1 X117.302 Y127.515 E663.42198
G1 X116.639 Y127.312 E663.50846
G1 X155.852 Y88.1 E670.42509
G1 X155.134 Y87.94 E670.51684
G1 X154.233 Y87.819 E670.63023
G1 X154.233 Y87.893 E670.63946
G1 X153.964 Y87.867 E670.67317
G1 X114.712 Y127.119 E677.59677
G1 X112.59 Y127.119 E677.86143
G1 X151.789 Y87.92 E684.77569
G1 X151.091 Y88.064 E684.86458
G1 X150.292 Y88.306 E684.96871
G1 X149.5 Y88.632 E685.07553
G1 X148.789 Y89.003 E685.17556
G1 X148.239 Y89.349 E685.2566
G1 X110.469 Y127.119 E691.91879
G1 X108.348 Y127.119 E692.18334
G1 X143.988 Y91.478 E698.46991
G1 X143.355 Y91.518 E698.54902
G1 X142.59 Y91.461 E698.6447
G1 X142.003 Y91.343 E698.71938
G1 X105.849 Y127.496 E705.09644
G1 X105.702 Y127.544 E705.11573
G1 X104.985 Y127.889 E705.21497
G1 X104.371 Y128.283 E705.30596
G1 X103.692 Y128.868 E705.41775
G1 X102.865 Y129.694 E705.56353
G1 X102.255 Y130.249 E705.66639
G1 X101.606 Y130.742 E705.76805
G1 X100.896 Y131.181 E705.87216
G1 X100.298 Y131.487 E705.95594
G1 X99.546 Y131.795 E706.0573
G1 X99.375 Y131.849 E706.07967
G1 X140.475 Y90.749 E713.32923
G1 X139.822 Y90.329 E713.42607
G1 X139.255 Y89.848 E713.51881
G1 X96.785 Y132.318 E721.01003
G1 X96.403 Y132.327 E721.05769
G1 X95.51 Y132.276 E721.16925
G1 X94.812 Y132.17 E721.25731
G1 X138.06 Y88.922 E728.88576
G1 X137.766 Y88.729 E728.92962
G1 X136.968 Y88.311 E729.04198
G1 X136.675 Y88.185 E729.08176
G1 X93.168 Y131.692 E736.75589
G1 X92.339 Y131.308 E736.86985
G1 X91.759 Y130.98 E736.95295
G1 X135.25 Y87.488 E744.62435
G1 X134.66 Y87.056 E744.71556
G1 X134.097 Y86.52 E744.81251
G1 X90.538 Y130.08 E752.49591
G1 X89.876 Y129.425 E752.61206
G1 X89.51 Y128.986 E752.68335
G1 X133.217 Y85.279 E760.39276
G1 X132.925 Y84.672 E760.47678
G1 X132.703 Y83.993 E760.56588
G1 X132.651 Y83.724 E760.60005
G1 X88.654 Y127.72 E768.36052
G1 X88.503 Y127.456 E768.39846
G1 X88.166 Y126.727 E768.49863
G1 X87.998 Y126.255 E768.56112
G1 X132.5 Y81.754 E776.41067
G1 X132.5 Y79.632 E776.67534
G1 X87.574 Y124.558 E784.59977
G1 X87.5 Y123.239 E784.76454
G1 X87.501 Y122.51 E784.85546
G1 X132.5 Y77.511 E792.79277
G1 X132.5 Y75.39 E793.05731
G1 X87.501 Y120.388 E800.99453
G1 X87.501 Y118.267 E801.25907
G1 X132.5 Y73.268 E809.19638
G1 X132.5 Y71.147 E809.46092
G1 X87.502 Y116.145 E817.39805
G1 X87.502 Y114.024 E817.66259
G1 X132.5 Y69.026 E825.59972
G1 X132.5 Y66.904 E825.86439
G1 X87.502 Y111.902 E833.80152
G1 X87.502 Y109.78 E834.06619
G1 X132.305 Y64.977 E841.96892
G1 X132.251 Y64.694 E842.00486
G1 X132.027 Y63.916 E842.10584
G1 X131.81 Y63.351 E842.18132
G1 X87.502 Y107.659 E849.99675
G1 X87.502 Y105.538 E850.26129
G1 X131.099 Y61.941 E857.9513
G1 X130.59 Y61.25 E858.05834
G1 X130.402 Y61.019 E858.09549
G1 X130.166 Y60.753 E858.13984
G1 X87.502 Y103.416 E865.66519
G1 X87.503 Y101.294 E865.92986
G1 X129.067 Y59.73 E873.26127
G1 X128.781 Y59.504 E873.30674
G1 X128.052 Y59.024 E873.4156
G1 X127.789 Y58.887 E873.45259
G1 X87.503 Y99.173 E880.55858
G1 X87.503 Y97.052 E880.82312
G1 X126.306 Y58.249 E887.66752
G1 X125.86 Y58.102 E887.72609
G1 X125.134 Y57.94 E887.81887
G1 X124.57 Y57.864 E887.88985
G1 X87.586 Y94.847 E894.41332
G1 X87.5 Y93.249 E894.61292
G1 X87.501 Y92.811 E894.66755
G1 X122.48 Y57.832 E900.83744
G1 X121.903 Y57.897 E900.90986
G1 X121.091 Y58.064 E901.01326
G1 X120.292 Y58.306 E901.11738
G1 X119.601 Y58.59 E901.21056
G1 X87.501 Y90.69 E906.87264
G1 X87.501 Y88.569 E907.13718
G1 X114.703 Y61.367 E911.9353
G1 X114.211 Y61.465 E911.99787
G1 X113.354 Y61.518 E912.10496
G1 X112.494 Y61.454 E912.21252
G1 X87.502 Y86.447 E916.62091
G1 X87.502 Y84.325 E916.88558
G1 X110.881 Y60.946 E921.00937
G1 X110.456 Y60.741 E921.06822
G1 X109.822 Y60.329 E921.16253
G1 X109.58 Y60.125 E921.202
G1 X87.502 Y82.204 E925.0964
G1 X87.502 Y80.083 E925.36094
G1 X108.42 Y59.164 E929.05072
G1 X107.756 Y58.722 E929.15021
G1 X107.09 Y58.373 E929.24399
G1 X87.502 Y77.961 E932.69909
G1 X87.502 Y75.839 E932.96376
G1 X105.557 Y57.785 E936.14836
G1 X104.651 Y57.587 E936.26403
G1 X104.071 Y57.509 E936.33702
G1 X103.73 Y57.49 E936.37962
G1 X87.502 Y73.718 E939.24205
G1 X87.503 Y71.596 E939.50672
G1 X101.638 Y57.461 E941.99997
G1 X99.518 Y57.46 E942.26439
G1 X87.503 Y69.475 E944.3837
G1 X87.503 Y67.353 E944.64837
G1 X97.398 Y57.459 E946.39364
G1 X96.514 Y57.459 E946.5039
G1 X95.995 Y57.477 E946.56867
G1 X95.174 Y57.561 E946.67161
G1 X87.608 Y65.127 E948.00616
G1 X87.643 Y64.869 E948.03864
G1 X87.847 Y64.004 E948.14948
G1 X88.076 Y63.295 E948.24241
G1 X88.354 Y62.645 E948.33059
G1 X88.789 Y61.824 E948.44647
G1 X91.846 Y58.768 E948.9856
G1 F3600 E944.9856
G0 F300 X91.846 Y58.768 Z1.6
G0 F9000 X90.987 Y57.343
G0 X89.713 Y58.241
G0 X88.518 Y59.393
G0 X87.765 Y60.35
G0 X86.853 Y61.923
G0 X86.246 Y63.547
G0 X85.989 Y64.682
G0 X85.865 Y66.174
G0 X85.835 Y79.778
G0 X105.66 Y79.778
;TIME_ELAPSED:405.728743
;LAYER:0
;TYPE:SUPPORT
G1 F3600 E948.9856
G1 F1200 X105.66 Y87.616 E950.28907
G1 X114.34 Y87.616 E951.73256
G1 X114.34 Y74.128 E953.97562
G1 X114.033 Y73.991 E954.03153
G1 X114.017 Y73.96 E954.03733
G1 X113.416 Y73.69 E954.1469
G1 X113.174 Y73.865 E954.19656
G1 X112.505 Y74.052 E954.31208
G1 X112.359 Y74.166 E954.34289
G1 X112.257 Y74.353 E954.37831
G1 X112.225 Y74.509 E954.4048
G1 X111.997 Y75.203 E954.52628
G1 X111.944 Y75.286 E954.54265
G1 X111.922 Y75.467 E954.57298
G1 X111.837 Y75.827 E954.63449
G1 X111.695 Y76.293 E954.7155
G1 X111.415 Y76.874 E954.82276
G1 X111.127 Y77.277 E954.90513
G1 X110.82 Y77.382 E954.95909
G1 X110.76 Y77.705 E955.01373
G1 X110.325 Y78.133 E955.11521
G1 X110.02 Y78.184 E955.16664
G1 X109.969 Y78.489 E955.21806
G1 X109.58 Y78.885 E955.31038
G1 X109.467 Y78.945 E955.33165
G1 X109.219 Y78.984 E955.3734
G1 X109.135 Y79.214 E955.41412
G1 X108.948 Y79.382 E955.45593
G1 X108.119 Y79.644 E955.60051
G1 X107.805 Y79.713 E955.65398
G1 X107.439 Y79.756 E955.71526
G1 X107.059 Y79.772 E955.77851
G1 X105.66 Y79.778 E956.01117
G1 X105.86 Y80
G1 X114.14 Y80 E957.38814
G1 F3600 E953.38814
G0 F6000 X110 Y78.747
G1 F3600 E957.38814
G1 F1200 X110 Y87.416 E958.8298
G1 F3600 E954.8298
G0 F6000 X105.86 Y85
G1 F3600 E958.8298
G1 F1200 X114.14 Y85 E960.20677
G1 F3600 E956.20677
G0 F6000 X115.505 Y85
G0 X115.505 Y75
G0 X114.14 Y75
G1 F3600 E960.20677
G1 F1200 X112.278 Y75 E960.51642
G1 F3600 E956.51642
G0 F6000 X110.773 Y75.267
G0 X110.833 Y74.828
G0 X111.145 Y73.961
G0 X111.453 Y73.403
G0 X111.975 Y72.992
G0 X113.201 Y72.329
G0 X115.497 Y73.318
G0 X115.493 Y88.772
G0 X113.889 Y102.63
G0 X113.416 Y103.69
G1 F3600 E960.51642
G1 F1200 X113.174 Y103.865 E960.56609
G1 X112.505 Y104.052 E960.6816
G1 X112.359 Y104.166 E960.71241
G1 X112.257 Y104.353 E960.74783
G1 X112.225 Y104.509 E960.77432
G1 X111.997 Y105.203 E960.8958
G1 X111.944 Y105.286 E960.91217
G1 X111.922 Y105.467 E960.9425
G1 X111.837 Y105.827 E961.00401
G1 X111.695 Y106.293 E961.08503
G1 X111.415 Y106.874 E961.19228
G1 X111.127 Y107.277 E961.27465
G1 X110.82 Y107.382 E961.32861
G1 X110.76 Y107.705 E961.38325
G1 X110.325 Y108.133 E961.48473
G1 X110.02 Y108.184 E961.53616
G1 X109.969 Y108.489 E961.58758
G1 X109.58 Y108.885 E961.6799
G1 X109.467 Y108.945 E961.70117
G1 X109.219 Y108.984 E961.74292
G1 X109.135 Y109.214 E961.78364
G1 X108.948 Y109.382 E961.82545
G1 X108.119 Y109.644 E961.97003
G1 X107.805 Y109.713 E962.0235
G1 X107.439 Y109.756 E962.08478
G1 X107.059 Y109.772 E962.14803
G1 X105.66 Y109.778 E962.38069
G1 X105.66 Y117.616 E963.68415
G1 X114.34 Y117.616 E965.12764
G1 X114.34 Y104.128 E967.37071
G1 X114.033 Y103.991 E967.42661
G1 X114.017 Y103.96 E967.43242
G1 X113.416 Y103.69 E967.54199
G0 F6000 X114.14 Y105
G1 F1200 X112.278 Y105 E967.85164
G1 F3600 E963.85164
G0 F6000 X110 Y108.747
G1 F3600 E967.85164
G1 F1200 X110 Y117.416 E969.2933
G1 F3600 E965.2933
G0 F6000 X105.86 Y115
G1 F3600 E969.2933
G1 F1200 X114.14 Y115 E970.67027
G1 F3600 E966.67027
G0 F6000 X114.14 Y110
G1 F3600 E970.67027
G1 F1200 X105.86 Y110 E972.04724
G1 F3600 E968.04724
G0 F6000 X105.855 Y108.615
G0 X111.453 Y103.403
G0 X111.975 Y102.992
G0 X113.201 Y102.329
G0 X115.497 Y103.318
G0 X116.187 Y117.272
G0 X125.842 Y123.772
G0 X126.654 Y124.108
G0 X133.821 Y116.946
G0 X134.495 Y110
G0 X135.66 Y110
G1 F3600 E972.04724
G1 F1200 X135.66 Y117.616 E973.31378
G1 X144.34 Y117.616 E974.75727
G1 X144.34 Y104.128 E977.00034
G1 X144.033 Y103.991 E977.05624
G1 X144.017 Y103.96 E977.06205
G1 X143.416 Y103.69 E977.17161
G1 X143.174 Y103.865 E977.22128
G1 X142.505 Y104.052 E977.3368
G1 X142.359 Y104.166 E977.3676
G1 X142.257 Y104.353 E977.40303
G1 X142.225 Y104.509 E977.42951
G1 X141.997 Y105.203 E977.55099
G1 X141.944 Y105.286 E977.56737
G1 X141.922 Y105.467 E977.59769
G1 X141.837 Y105.827 E977.65921
G1 X141.695 Y106.293 E977.74022
G1 X141.415 Y106.874 E977.84748
G1 X141.127 Y107.277 E977.92985
G1 X140.82 Y107.382 E977.98381
G1 X140.76 Y107.705 E978.03844
G1 X140.325 Y108.133 E978.13993
G1 X140.02 Y108.184 E978.19135
G1 X139.969 Y108.489 E978.24278
G1 X139.58 Y108.885 E978.33509
G1 X139.467 Y108.945 E978.35637
G1 X139.219 Y108.984 E978.39812
G1 X139.135 Y109.214 E978.43884
G1 X138.948 Y109.382 E978.48064
G1 X138.119 Y109.644 E978.62523
G1 X137.805 Y109.713 E978.67869
G1 X137.439 Y109.756 E978.73998
G1 X137.059 Y109.772 E978.80323
G1 X135.66 Y109.778 E979.03588
G1 X135.66 Y110 E979.0728
G1 X135.86 Y110
G1 X144.14 Y110 E980.44977
G1 F3600 E976.44977
G0 F6000 X140 Y108.747
G1 F3600 E980.44977
G1 F1200 X140 Y117.416 E981.89143
G1 F3600 E977.89143
G0 F6000 X135.86 Y115
G1 F3600 E981.89143
G1 F1200 X144.14 Y115 E983.2684
G1 F3600 E979.2684
G0 F6000 X145.505 Y115
G0 X145.505 Y105
G0 X144.14 Y105
G1 F3600 E983.2684
G1 F1200 X142.278 Y105 E983.57805
G1 F3600 E979.57805
;MESH:wildrosebuilds_puzzlecube.stl(2)
G0 F6000 X141.104 Y104.198
G0 X124.165 Y67.792
G0 X123 Y67.792
;TYPE:WALL-OUTER
G1 F3600 E983.57805
G1 F1200 X117.34 Y73.452 E984.9092
G1 X117.34 Y86.116 E987.01523
G1 X123 Y86.116 E987.95649
G1 X123 Y67.792 E991.00379
G1 F3600 E987.00379
G0 F6000 X122.1 Y69.964
;TYPE:SKIN
G1 F3600 E991.00379
G1 F1200 X118.24 Y73.824 E991.9116
G1 X118.24 Y85.216 E993.8061
G1 X122.1 Y85.216 E994.44802
G1 X122.1 Y69.964 E996.98444
G1 F3600 E992.98444
G0 F6000 X121.134 Y71.637
G1 F3600 E996.98444
G1 F1200 X121.6 Y72.103 E997.09403
G0 F6000 X120.427 Y72.344
G1 F1200 X121.6 Y73.517 E997.3699
G0 F6000 X121.6 Y74.931
G1 F1200 X119.72 Y73.051 E997.81205
G0 F6000 X119.013 Y73.758
G1 F1200 X121.6 Y76.346 E998.42059
G0 F6000 X121.6 Y77.76
G1 F1200 X118.74 Y74.9 E999.09322
G0 F6000 X118.74 Y76.314
G1 F1200 X121.6 Y79.174 E999.76585
G0 F6000 X121.6 Y80.588
G1 F1200 X118.74 Y77.728 E1000.43848
G0 F6000 X118.74 Y79.142
G1 F1200 X121.6 Y82.002 E1001.1111
G0 F6000 X121.6 Y83.417
G1 F1200 X118.74 Y80.556 E1001.78385
G0 F6000 X118.74 Y81.971
G1 F1200 X121.485 Y84.716 E1002.42943
G0 F6000 X121.485 Y85.569
G0 X120.071 Y85.569
G0 X120.071 Y84.716
G1 F1200 X118.74 Y83.385 E1002.74246
G1 F3600 E998.74246
G0 F6000 X116.175 Y83.385
G0 X115.493 Y88.772
G0 X98.742 Y92.03
G0 X97 Y92.121
;TYPE:WALL-OUTER
G1 F3600 E1002.74246
G1 F1200 X102.66 Y86.464 E1004.07325
G1 X102.66 Y66.956 E1007.31745
G1 X97 Y66.956 E1008.25871
G1 X97 Y92.121 E1012.44367
G1 F3600 E1008.44367
G0 F6000 X97.598 Y90.887
G0 X98.151 Y90.197
G0 X97.9 Y89.945
;TYPE:SKIN
G1 F3600 E1012.44367
G1 F1200 X101.76 Y86.088 E1013.35113
G1 X101.76 Y67.856 E1016.38312
G1 X97.9 Y67.856 E1017.02504
G1 X97.9 Y89.945 E1020.69846
G1 F3600 E1016.69846
G0 F6000 X98.151 Y90.197
G0 X99.831 Y88.517
G0 X99.226 Y87.912
G1 F3600 E1020.69846
G1 F1200 X98.4 Y87.086 E1020.89272
G0 F6000 X98.4 Y85.672
G1 F1200 X99.934 Y87.206 E1021.25349
G0 F6000 X100.641 Y86.499
G1 F1200 X98.4 Y84.257 E1021.78066
G0 F6000 X98.4 Y82.843
G1 F1200 X101.261 Y85.704 E1022.45352
G0 F6000 X101.952 Y86.396
G0 X101.261 Y84.29
G1 F1200 X98.4 Y81.429 E1023.12639
G0 F6000 X98.4 Y80.015
G1 F1200 X101.261 Y82.876 E1023.79925
G0 F6000 X101.261 Y81.462
G1 F1200 X98.4 Y78.601 E1024.47211
G0 F6000 X98.4 Y77.186
G1 F1200 X101.261 Y80.047 E1025.14498
G0 F6000 X101.261 Y78.633
G1 F1200 X98.4 Y75.772 E1025.81784
G0 F6000 X98.4 Y74.358
G1 F1200 X101.261 Y77.219 E1026.4907
G0 F6000 X101.261 Y75.805
G1 F1200 X98.4 Y72.944 E1027.16357
G0 F6000 X98.4 Y71.53
G1 F1200 X101.261 Y74.39 E1027.83631
G0 F6000 X101.261 Y72.976
G1 F1200 X98.4 Y70.115 E1028.50917
G0 F6000 X98.4 Y68.701
G1 F1200 X101.261 Y71.562 E1029.18204
G0 F6000 X101.261 Y70.148
G1 F1200 X99.469 Y68.356 E1029.60349
G0 F6000 X100.883 Y68.356
G1 F1200 X101.261 Y68.734 E1029.69239
G1 F3600 E1025.69239
;MESH:wildrosebuilds_puzzlecube.stl
G0 F6000 X103.825 Y68.734
G0 X103.821 Y86.946
G0 X95.847 Y95.806
G0 X95.835 Y120.887
G0 X97 Y122.121
;TYPE:WALL-OUTER
G1 F3600 E1029.69239
G1 F1200 X102.66 Y116.464 E1031.02318
G1 X102.66 Y96.956 E1034.26738
G1 X97 Y96.956 E1035.20864
G1 X97 Y122.121 E1039.39359
G1 F3600 E1035.39359
G0 F6000 X97.598 Y120.887
G0 X98.151 Y120.197
G0 X97.9 Y119.945
;TYPE:SKIN
G1 F3600 E1039.39359
G1 F1200 X101.76 Y116.088 E1040.30105
G1 X101.76 Y97.856 E1043.33305
G1 X97.9 Y97.856 E1043.97497
G1 X97.9 Y119.945 E1047.64838
G1 F3600 E1043.64838
G0 F6000 X98.151 Y120.197
G0 X99.274 Y119.074
G0 X98.67 Y118.469
G1 F3600 E1047.64838
G1 F1200 X98.4 Y118.199 E1047.71188
G0 F6000 X99.274 Y119.074
G0 X99.981 Y118.367
G0 X99.377 Y117.762
G1 F1200 X98.4 Y116.784 E1047.94178
G0 F6000 X98.4 Y115.37
G1 F1200 X100.085 Y117.055 E1048.33806
G0 F6000 X100.792 Y116.348
G1 F1200 X98.4 Y113.956 E1048.90062
G0 F6000 X98.4 Y112.542
G1 F1200 X101.26 Y115.402 E1049.57325
G0 F6000 X102.103 Y116.245
G0 X101.26 Y113.988
G1 F1200 X98.4 Y111.127 E1050.246
G0 F6000 X98.4 Y109.713
G1 F1200 X101.26 Y112.574 E1050.91874
G0 F6000 X101.26 Y111.159
G1 F1200 X98.4 Y108.299 E1051.59137
G0 F6000 X98.4 Y106.885
G1 F1200 X101.26 Y109.745 E1052.264
G0 F6000 X101.26 Y108.331
G1 F1200 X98.4 Y105.471 E1052.93663
G0 F6000 X98.4 Y104.056
G1 F1200 X101.26 Y106.917 E1053.60937
G0 F6000 X101.26 Y105.502
G1 F1200 X98.4 Y102.642 E1054.282
G0 F6000 X98.4 Y101.228
G1 F1200 X101.26 Y104.088 E1054.95463
G0 F6000 X101.26 Y102.674
G1 F1200 X98.4 Y99.814 E1055.62726
G0 F6000 X98.4 Y98.4
G1 F1200 X101.26 Y101.26 E1056.29989
G0 F6000 X101.26 Y99.846
G1 F1200 X99.771 Y98.356 E1056.65019
G1 F3600 E1052.65019
G0 F6000 X99.771 Y95.794
G0 X103.409 Y95.805
G0 X122.177 Y96.969
G0 X123 Y97.792
;TYPE:WALL-OUTER
G1 F3600 E1056.65019
G1 F1200 X117.34 Y103.452 E1057.98134
G1 X117.34 Y116.116 E1060.08737
G1 X123 Y116.116 E1061.02863
G1 X123 Y97.792 E1064.07593
G1 F3600 E1060.07593
G0 F6000 X122.1 Y99.964
;TYPE:SKIN
G1 F3600 E1064.07593
G1 F1200 X118.24 Y103.824 E1064.98374
G1 X118.24 Y115.216 E1066.87824
G1 X122.1 Y115.216 E1067.52016
G1 X122.1 Y99.964 E1070.05658
G1 F3600 E1066.05658
G0 F6000 X121.285 Y101.486
G1 F3600 E1070.05658
G1 F1200 X121.6 Y101.801 E1070.13066
G0 F6000 X120.578 Y102.193
G1 F1200 X121.6 Y103.216 E1070.37114
G0 F6000 X121.6 Y104.63
G1 F1200 X119.871 Y102.9 E1070.77789
G0 F6000 X119.164 Y103.607
G1 F1200 X121.6 Y106.044 E1071.35091
G0 F6000 X121.6 Y107.458
G1 F1200 X118.739 Y104.597 E1072.02378
G0 F6000 X118.739 Y106.012
G1 F1200 X121.6 Y108.873 E1072.69664
G0 F6000 X121.6 Y110.287
G1 F1200 X118.739 Y107.426 E1073.3695
G0 F6000 X118.739 Y108.84
G1 F1200 X121.6 Y111.701 E1074.04237
G0 F6000 X121.6 Y113.115
G1 F1200 X118.739 Y110.254 E1074.71523
G0 F6000 X118.739 Y111.668
G1 F1200 X121.6 Y114.529 E1075.38809
G0 F6000 X121.6 Y115.569
G0 X120.373 Y115.569
G0 X120.373 Y114.716
G1 F1200 X118.739 Y113.083 E1075.77227
G0 F6000 X118.739 Y115.569
G0 X118.739 Y114.497
G1 F1200 X118.959 Y114.716 E1075.82389
G1 F3600 E1071.82389
;MESH:wildrosebuilds_puzzlecube.stl(1)
G0 F6000 X118.959 Y117.284
G0 X125.835 Y120.887
G0 X127 Y122.121
;TYPE:WALL-OUTER
G1 F3600 E1075.82389
G1 F1200 X132.66 Y116.464 E1077.15468
G1 X132.66 Y96.956 E1080.39888
G1 X127 Y96.956 E1081.34014
G1 X127 Y122.121 E1085.5251
G1 F3600 E1081.5251
G0 F6000 X127.598 Y120.887
G0 X128.151 Y120.197
G0 X127.9 Y119.945
;TYPE:SKIN
G1 F3600 E1085.5251
G1 F1200 X131.76 Y116.088 E1086.43256
G1 X131.76 Y97.856 E1089.46455
G1 X127.9 Y97.856 E1090.10647
G1 X127.9 Y119.945 E1093.77989
G1 F3600 E1089.77989
G0 F6000 X128.151 Y120.197
G0 X129.831 Y118.517
G0 X129.227 Y117.913
G1 F3600 E1093.77989
G1 F1200 X128.4 Y117.086 E1093.97438
G0 F6000 X128.4 Y115.672
G1 F1200 X129.934 Y117.206 E1094.33516
G0 F6000 X130.641 Y116.499
G1 F1200 X128.4 Y114.258 E1094.86221
G0 F6000 X128.4 Y112.844
G1 F1200 X131.26 Y115.704 E1095.53483
G0 F6000 X131.952 Y116.396
G0 X131.26 Y114.29
G1 F1200 X128.4 Y111.429 E1096.20758
G0 F6000 X128.4 Y110.015
G1 F1200 X131.26 Y112.875 E1096.88021
G0 F6000 X131.26 Y111.461
G1 F1200 X128.4 Y108.601 E1097.55284
G0 F6000 X128.4 Y107.187
G1 F1200 X131.26 Y110.047 E1098.22546
G0 F6000 X131.26 Y108.633
G1 F1200 X128.4 Y105.773 E1098.89809
G0 F6000 X128.4 Y104.358
G1 F1200 X131.26 Y107.219 E1099.57084
G0 F6000 X131.26 Y105.804
G1 F1200 X128.4 Y102.944 E1100.24347
G0 F6000 X128.4 Y101.53
G1 F1200 X131.26 Y104.39 E1100.91609
G0 F6000 X131.26 Y102.976
G1 F1200 X128.4 Y100.116 E1101.58872
G0 F6000 X128.4 Y98.702
G1 F1200 X131.26 Y101.562 E1102.26135
G0 F6000 X131.26 Y100.148
G1 F1200 X129.469 Y98.356 E1102.68268
G0 F6000 X130.883 Y98.356
G1 F1200 X131.26 Y98.733 E1102.77135
G1 F3600 E1098.77135
G0 F6000 X133.825 Y98.733
G0 X152.177 Y96.969
G0 X153 Y97.792
;TYPE:WALL-OUTER
G1 F3600 E1102.77135
G1 F1200 X147.34 Y103.452 E1104.10249
G1 X147.34 Y116.116 E1106.20853
G1 X153 Y116.116 E1107.14979
G1 X153 Y97.792 E1110.19708
G1 F3600 E1106.19708
G0 F6000 X152.1 Y99.964
;TYPE:SKIN
G1 F3600 E1110.19708
G1 F1200 X148.24 Y103.824 E1111.10489
G1 X148.24 Y115.216 E1112.99939
G1 X152.1 Y115.216 E1113.64131
G1 X152.1 Y99.964 E1116.17773
G1 F3600 E1112.17773
G0 F6000 X151.134 Y101.637
G1 F3600 E1116.17773
G1 F1200 X151.6 Y102.103 E1116.28733
G0 F6000 X150.427 Y102.344
G1 F1200 X151.6 Y103.517 E1116.5632
G0 F6000 X151.6 Y104.931
G1 F1200 X149.72 Y103.051 E1117.00535
G0 F6000 X149.013 Y103.758
G1 F1200 X151.6 Y106.345 E1117.61377
G0 F6000 X151.6 Y107.76
G1 F1200 X148.74 Y104.899 E1118.28651
G0 F6000 X148.74 Y106.314
G1 F1200 X151.6 Y109.174 E1118.95914
G0 F6000 X151.6 Y110.588
G1 F1200 X148.74 Y107.728 E1119.63177
G0 F6000 X148.74 Y109.142
G1 F1200 X151.6 Y112.002 E1120.3044
G0 F6000 X151.6 Y113.416
G1 F1200 X148.74 Y110.556 E1120.97703
G0 F6000 X148.74 Y111.97
G1 F1200 X151.486 Y114.716 E1121.62284
G0 F6000 X151.486 Y115.569
G0 X150.071 Y115.569
G0 X150.071 Y114.716
G1 F1200 X148.74 Y113.385 E1121.93587
G1 F3600 E1117.93587
;MESH:NONMESH
G0 F300 X148.74 Y113.385 Z2.25
G0 F6000 X146.175 Y113.385
G0 X145.497 Y103.318
G0 X133.813 Y95.806
G0 X110 Y88.784
G0 X110 Y87.619
;TIME_ELAPSED:489.010633
;LAYER:1
;TYPE:SUPPORT
G1 F3600 E1121.93587
G1 F1350 X105.66 Y87.619 E1123.37936
G1 X105.66 Y79.782 E1125.98596
G1 X107.153 Y79.775 E1126.48254
G1 X107.542 Y79.751 E1126.61217
G1 X107.99 Y79.686 E1126.76273
G1 X108.426 Y79.559 E1126.91377
G1 X109.227 Y79.237 E1127.20091
G1 X109.227 Y78.986 E1127.28439
G1 X109.484 Y78.986 E1127.36987
G1 X110 Y78.462 E1127.61447
G1 X110.02 Y78.442 E1127.62388
G1 X110.02 Y78.186 E1127.70902
G1 X110.283 Y78.186 E1127.7965
G1 X110.82 Y77.642 E1128.05074
G1 X110.82 Y77.386 E1128.13588
G1 X111.054 Y77.386 E1128.21371
G1 X111.41 Y76.882 E1128.41894
G1 X111.669 Y76.417 E1128.59598
G1 X111.854 Y75.77 E1128.81979
G1 X111.922 Y75.467 E1128.92308
G1 X111.947 Y75.283 E1128.98484
G1 X111.998 Y75.215 E1129.01311
G1 X112.237 Y74.477 E1129.27112
G1 X112.358 Y74.171 E1129.38056
G1 X112.51 Y74.051 E1129.44498
G1 X113.235 Y73.853 E1129.69494
G1 X113.414 Y73.692 E1129.77502
G1 X113.84 Y73.883 E1129.9303
G1 X113.84 Y73.946 E1129.95125
G1 X114.34 Y74.128 E1130.12822
G1 X114.34 Y87.619 E1134.61535
G1 X110 Y87.619 E1136.05884
G1 X110 Y78.462 E1139.10447
G1 F3600 E1135.10447
G0 F7500 X108.867 Y77.833
G0 X108.074 Y77.833
G0 X104.507 Y78.634
G0 X104.507 Y118.772
G0 X110 Y118.784
G0 X110 Y117.619
G1 F3600 E1139.10447
G1 F1350 X105.66 Y117.619 E1140.54796
G1 X105.66 Y109.782 E1143.15456
G1 X107.153 Y109.775 E1143.65114
G1 X107.542 Y109.751 E1143.78076
G1 X107.99 Y109.686 E1143.93133
G1 X108.426 Y109.559 E1144.08237
G1 X109.227 Y109.237 E1144.3695
G1 X109.227 Y108.986 E1144.45299
G1 X109.484 Y108.986 E1144.53847
G1 X110 Y108.462 E1144.78307
G1 X110.02 Y108.442 E1144.79247
G1 X110.02 Y108.186 E1144.87762
G1 X110.283 Y108.186 E1144.96509
G1 X110.82 Y107.642 E1145.21933
G1 X110.82 Y107.386 E1145.30448
G1 X111.054 Y107.386 E1145.38231
G1 X111.41 Y106.882 E1145.58754
G1 X111.669 Y106.417 E1145.76457
G1 X111.854 Y105.77 E1145.98839
G1 X111.922 Y105.467 E1146.09167
G1 X111.947 Y105.283 E1146.15343
G1 X111.998 Y105.215 E1146.18171
G1 X112.237 Y104.477 E1146.43972
G1 X112.358 Y104.171 E1146.54916
G1 X112.51 Y104.051 E1146.61357
G1 X113.235 Y103.853 E1146.86354
G1 X113.414 Y103.692 E1146.94361
G1 X113.84 Y103.883 E1147.09889
G1 X113.84 Y103.946 E1147.11985
G1 X114.34 Y104.128 E1147.29682
G1 X114.34 Y117.619 E1151.78395
G1 X110 Y117.619 E1153.22743
G1 X110 Y108.462 E1156.27307
G1 F3600 E1152.27307
G0 F7500 X109.667 Y107.033
G0 X109.667 Y106.233
G0 X111.453 Y103.403
G0 X111.975 Y102.992
G0 X113.201 Y102.329
G0 X115.497 Y103.318
G0 X116.187 Y117.272
G0 X125.842 Y123.772
G0 X126.654 Y124.108
G0 X140 Y118.784
G0 X140 Y117.619
G1 F3600 E1156.27307
G1 F1350 X135.66 Y117.619 E1157.71656
G1 X135.66 Y109.782 E1160.32315
G1 X137.153 Y109.775 E1160.81973
G1 X137.542 Y109.751 E1160.94936
G1 X137.99 Y109.686 E1161.09992
G1 X138.426 Y109.559 E1161.25097
G1 X139.227 Y109.237 E1161.5381
G1 X139.227 Y108.986 E1161.62158
G1 X139.484 Y108.986 E1161.70706
G1 X140 Y108.462 E1161.95166
G1 X140.02 Y108.442 E1161.96107
G1 X140.02 Y108.186 E1162.04621
G1 X140.283 Y108.186 E1162.13369
G1 X140.82 Y107.642 E1162.38793
G1 X140.82 Y107.386 E1162.47307
G1 X141.054 Y107.386 E1162.5509
G1 X141.41 Y106.882 E1162.75614
G1 X141.669 Y106.417 E1162.93317
G1 X141.854 Y105.77 E1163.15698
G1 X141.922 Y105.467 E1163.26027
G1 X141.947 Y105.283 E1163.32203
G1 X141.998 Y105.215 E1163.3503
G1 X142.237 Y104.477 E1163.60831
G1 X142.358 Y104.171 E1163.71776
G1 X142.51 Y104.051 E1163.78217
G1 X143.235 Y103.853 E1164.03213
G1 X143.414 Y103.692 E1164.11221
G1 X143.84 Y103.883 E1164.26749
G1 X143.84 Y103.946 E1164.28844
G1 X144.34 Y104.128 E1164.46542
G1 X144.34 Y117.619 E1168.95254
G1 X140 Y117.619 E1170.39603
G1 X140 Y108.462 E1173.44166
G1 F3600 E1169.44166
;MESH:wildrosebuilds_puzzlecube.stl(2)
G0 F7500 X138.867 Y107.833
G0 X124.165 Y67.884
G0 X123 Y67.884
;TYPE:WALL-OUTER
G1 F3600 E1173.44166
G1 F1350 X122.904 Y67.884 E1173.47359
G1 X117.34 Y73.452 E1176.09167
G1 X117.34 Y86.116 E1180.30373
G1 X123 Y86.116 E1182.18625
G1 X123 Y67.884 E1188.25024
G1 F3600 E1184.25024
G0 F7500 X122.1 Y69.96
;TYPE:SKIN
G1 F3600 E1188.25024
G1 F1350 X118.24 Y73.823 E1190.06657
G1 X118.24 Y85.216 E1193.8559
G1 X122.1 Y85.216 E1195.13974
G1 X122.1 Y69.96 E1200.21391
G1 F3600 E1196.21391
G0 F7500 X120.643 Y68.503
G0 X116.179 Y72.972
G0 X116.175 Y75.007
G0 X118.74 Y75.007
G1 F3600 E1200.21391
G1 F1350 X121.6 Y72.148 E1201.55893
G0 F7500 X121.6 Y73.562
G1 F1350 X118.74 Y76.421 E1202.90395
G0 F7500 X118.74 Y77.835
G1 F1350 X121.6 Y74.976 E1204.24897
G0 F7500 X121.6 Y76.39
G1 F1350 X118.74 Y79.25 E1205.59423
G0 F7500 X118.74 Y80.664
G1 F1350 X121.6 Y77.804 E1206.93948
G0 F7500 X121.6 Y79.219
G1 F1350 X118.74 Y82.078 E1208.2845
G0 F7500 X118.74 Y83.492
G1 F1350 X121.6 Y80.633 E1209.62953
G0 F7500 X121.6 Y82.047
G1 F1350 X118.931 Y84.716 E1210.88494
G0 F7500 X118.931 Y85.569
G0 X120.345 Y85.569
G0 X120.345 Y84.716
G1 F1350 X121.6 Y83.461 E1211.47526
G1 F3600 E1207.47526
G0 F7500 X124.165 Y83.461
G0 X124.153 Y87.272
G0 X98.742 Y92.03
G0 X97 Y92.121
;TYPE:WALL-OUTER
G1 F3600 E1211.47526
G1 F1350 X102.66 Y86.464 E1214.13684
G1 X102.66 Y66.956 E1220.62523
G1 X97 Y66.956 E1222.50775
G1 X97 Y92.121 E1230.87766
G1 F3600 E1226.87766
G0 F7500 X97.598 Y90.887
G0 X98.151 Y90.197
G0 X97.9 Y89.945
;TYPE:SKIN
G1 F3600 E1230.87766
G1 F1350 X101.76 Y86.088 E1232.69258
G1 X101.76 Y67.856 E1238.75657
G1 X97.9 Y67.856 E1240.04041
G1 X97.9 Y89.945 E1247.38724
G1 F3600 E1243.38724
G0 F7500 X99.363 Y91.409
G0 X103.308 Y87.464
G0 X101.261 Y85.416
G1 F3600 E1247.38724
G1 F1350 X98.4 Y88.277 E1248.73297
G0 F7500 X99.235 Y89.113
G0 X98.4 Y86.862
G1 F1350 X101.261 Y84.001 E1250.0787
G0 F7500 X101.261 Y82.587
G1 F1350 X98.4 Y85.448 E1251.42442
G0 F7500 X98.4 Y84.034
G1 F1350 X101.261 Y81.173 E1252.77015
G0 F7500 X101.261 Y79.759
G1 F1350 X98.4 Y82.62 E1254.11588
G0 F7500 X98.4 Y81.206
G1 F1350 X101.261 Y78.345 E1255.4616
G0 F7500 X101.261 Y76.93
G1 F1350 X98.4 Y79.791 E1256.80733
G0 F7500 X98.4 Y78.377
G1 F1350 X101.261 Y75.516 E1258.15306
G0 F7500 X101.261 Y74.102
G1 F1350 X98.4 Y76.963 E1259.49878
G0 F7500 X98.4 Y75.549
G1 F1350 X101.261 Y72.688 E1260.84451
G0 F7500 X101.261 Y71.274
G1 F1350 X98.4 Y74.134 E1262.19
G0 F7500 X98.4 Y72.72
G1 F1350 X101.261 Y69.859 E1263.53573
G0 F7500 X101.261 Y68.445
G1 F1350 X98.4 Y71.306 E1264.88146
G0 F7500 X98.4 Y69.892
G1 F1350 X99.935 Y68.356 E1265.60371
G1 F3600 E1261.60371
;MESH:wildrosebuilds_puzzlecube.stl
G0 F7500 X99.935 Y65.794
G0 X103.813 Y65.806
G0 X103.821 Y86.946
G0 X95.847 Y95.806
G0 X95.835 Y120.887
G0 X97 Y122.121
;TYPE:WALL-OUTER
G1 F3600 E1265.60371
G1 F1350 X102.66 Y116.464 E1268.26529
G1 X102.66 Y96.956 E1274.75368
G1 X97 Y96.956 E1276.6362
G1 X97 Y122.121 E1285.00612
G1 F3600 E1281.00612
G0 F7500 X97.598 Y120.887
G0 X98.151 Y120.197
G0 X97.9 Y119.945
;TYPE:SKIN
G1 F3600 E1285.00612
G1 F1350 X101.76 Y116.088 E1286.82104
G1 X101.76 Y97.856 E1292.88503
G1 X97.9 Y97.856 E1294.16887
G1 X97.9 Y119.945 E1301.5157
G1 F3600 E1297.5157
G0 F7500 X99.363 Y121.409
G0 X103.273 Y117.499
G0 X101.26 Y115.115
G1 F3600 E1301.5157
G1 F1350 X98.4 Y117.974 E1302.86072
G0 F7500 X99.387 Y118.961
G0 X98.4 Y116.56
G1 F1350 X101.26 Y113.701 E1304.20574
G0 F7500 X101.26 Y112.286
G1 F1350 X98.4 Y115.146 E1305.551
G0 F7500 X98.4 Y113.732
G1 F1350 X101.26 Y110.872 E1306.89625
G0 F7500 X101.26 Y109.458
G1 F1350 X98.4 Y112.318 E1308.24151
G0 F7500 X98.4 Y110.903
G1 F1350 X101.26 Y108.044 E1309.58653
G0 F7500 X101.26 Y106.63
G1 F1350 X98.4 Y109.489 E1310.93155
G0 F7500 X98.4 Y108.075
G1 F1350 X101.26 Y105.215 E1312.27681
G0 F7500 X101.26 Y103.801
G1 F1350 X98.4 Y106.661 E1313.62206
G0 F7500 X98.4 Y105.246
G1 F1350 X101.26 Y102.387 E1314.96709
G0 F7500 X101.26 Y100.973
G1 F1350 X98.4 Y103.832 E1316.31211
G0 F7500 X98.4 Y102.418
G1 F1350 X101.26 Y99.559 E1317.65713
G0 F7500 X101.048 Y98.356
G1 F1350 X98.4 Y101.004 E1318.90267
G0 F7500 X98.4 Y99.59
G1 F1350 X99.633 Y98.356 E1319.48287
G1 F3600 E1315.48287
G0 F7500 X99.633 Y95.794
G0 X103.395 Y95.805
G0 X122.131 Y97.015
G0 X123 Y97.884
;TYPE:WALL-OUTER
G1 F3600 E1319.48287
G1 F1350 X122.904 Y97.884 E1319.5148
G1 X117.34 Y103.452 E1322.13287
G1 X117.34 Y116.116 E1326.34494
G1 X123 Y116.116 E1328.22746
G1 X123 Y97.884 E1334.29145
G1 F3600 E1330.29145
G0 F7500 X122.1 Y99.96
;TYPE:SKIN
G1 F3600 E1334.29145
G1 F1350 X118.24 Y103.823 E1336.10778
G1 X118.24 Y115.216 E1339.89711
G1 X122.1 Y115.216 E1341.18095
G1 X122.1 Y99.96 E1346.25511
G1 F3600 E1342.25511
G0 F7500 X120.643 Y98.503
G0 X116.179 Y102.972
G0 X116.175 Y104.706
G0 X118.74 Y104.706
G1 F3600 E1346.25511
G1 F1350 X121.6 Y101.845 E1347.6006
G0 F7500 X121.6 Y103.26
G1 F1350 X118.74 Y106.12 E1348.94586
G0 F7500 X118.74 Y107.534
G1 F1350 X121.6 Y104.674 E1350.29112
G0 F7500 X121.6 Y106.088
G1 F1350 X118.74 Y108.948 E1351.63637
G0 F7500 X118.74 Y110.362
G1 F1350 X121.6 Y107.502 E1352.98163
G0 F7500 X121.6 Y108.916
G1 F1350 X118.74 Y111.777 E1354.32712
G0 F7500 X118.74 Y113.191
G1 F1350 X121.6 Y110.331 E1355.67238
G0 F7500 X121.6 Y111.745
G1 F1350 X118.74 Y114.605 E1357.01763
G0 F7500 X118.74 Y115.569
G0 X120.043 Y115.569
G0 X120.043 Y114.716
G1 F1350 X121.6 Y113.159 E1357.75
G0 F7500 X121.6 Y115.569
G0 X121.6 Y114.573
G1 F1350 X121.458 Y114.716 E1357.81703
G1 F3600 E1353.81703
;MESH:wildrosebuilds_puzzlecube.stl(1)
G0 F7500 X121.458 Y117.284
G0 X125.835 Y120.887
G0 X127 Y122.121
;TYPE:WALL-OUTER
G1 F3600 E1357.81703
G1 F1350 X132.66 Y116.464 E1360.47861
G1 X132.66 Y96.956 E1366.967
G1 X127 Y96.956 E1368.84952
G1 X127 Y122.121 E1377.21944
G1 F3600 E1373.21944
G0 F7500 X127.598 Y120.887
G0 X128.151 Y120.197
G0 X127.9 Y119.945
;TYPE:SKIN
G1 F3600 E1377.21944
G1 F1350 X131.76 Y116.088 E1379.03436
G1 X131.76 Y97.856 E1385.09834
G1 X127.9 Y97.856 E1386.38218
G1 X127.9 Y119.945 E1393.72902
G1 F3600 E1389.72902
G0 F7500 X129.363 Y121.409
G0 X133.273 Y117.499
G0 X131.26 Y114.813
G1 F3600 E1393.72902
G1 F1350 X128.4 Y117.673 E1395.07427
G0 F7500 X129.537 Y118.811
G0 X128.4 Y116.259
G1 F1350 X131.26 Y113.399 E1396.41953
G0 F7500 X131.26 Y111.985
G1 F1350 X128.4 Y114.845 E1397.76478
G0 F7500 X128.4 Y113.431
G1 F1350 X131.26 Y110.57 E1399.11028
G0 F7500 X131.26 Y109.156
G1 F1350 X128.4 Y112.016 E1400.45553
G0 F7500 X128.4 Y110.602
G1 F1350 X131.26 Y107.742 E1401.80079
G0 F7500 X131.26 Y106.328
G1 F1350 X128.4 Y109.188 E1403.14605
G0 F7500 X128.4 Y107.774
G1 F1350 X131.26 Y104.913 E1404.49154
G0 F7500 X131.26 Y103.499
G1 F1350 X128.4 Y106.359 E1405.83679
G0 F7500 X128.4 Y104.945
G1 F1350 X131.26 Y102.085 E1407.18205
G0 F7500 X131.26 Y100.671
G1 F1350 X128.4 Y103.531 E1408.52731
G0 F7500 X128.4 Y102.117
G1 F1350 X131.26 Y99.257 E1409.87256
G0 F7500 X130.747 Y98.356
G1 F1350 X128.4 Y100.703 E1410.97652
G0 F7500 X128.4 Y99.288
G1 F1350 X129.333 Y98.356 E1411.41514
G1 F3600 E1407.41514
G0 F7500 X129.333 Y95.794
G0 X133.365 Y95.805
G0 X152.131 Y97.015
G0 X153 Y97.884
;TYPE:WALL-OUTER
G1 F3600 E1411.41514
G1 F1350 X152.904 Y97.884 E1411.44707
G1 X147.34 Y103.452 E1414.06514
G1 X147.34 Y116.116 E1418.27721
G1 X153 Y116.116 E1420.15973
G1 X153 Y97.884 E1426.22372
G1 F3600 E1422.22372
G0 F7500 X152.1 Y99.96
;TYPE:SKIN
G1 F3600 E1426.22372
G1 F1350 X148.24 Y103.823 E1428.04005
G1 X148.24 Y115.216 E1431.82938
G1 X152.1 Y115.216 E1433.11322
G1 X152.1 Y99.96 E1438.18739
G1 F3600 E1434.18739
G0 F7500 X150.643 Y98.503
G0 X146.741 Y102.405
G0 X148.741 Y104.404
G1 F3600 E1438.18739
G1 F1350 X151.6 Y101.544 E1439.53241
G0 F7500 X151.6 Y102.958
G1 F1350 X148.741 Y105.818 E1440.87743
G0 F7500 X148.741 Y107.232
G1 F1350 X151.6 Y104.372 E1442.22245
G0 F7500 X151.6 Y105.787
G1 F1350 X148.741 Y108.646 E1443.56723
G0 F7500 X148.741 Y110.06
G1 F1350 X151.6 Y107.201 E1444.91202
G0 F7500 X151.6 Y108.615
G1 F1350 X148.741 Y111.475 E1446.25704
G0 F7500 X148.741 Y112.889
G1 F1350 X151.6 Y110.029 E1447.60206
G0 F7500 X151.6 Y111.444
G1 F1350 X148.741 Y114.303 E1448.94685
G0 F7500 X148.741 Y115.569
G0 X149.742 Y115.569
G0 X149.742 Y114.716
G1 F1350 X151.6 Y112.858 E1449.82079
G0 F7500 X151.6 Y115.569
G0 X151.6 Y114.272
G1 F1350 X151.156 Y114.716 E1450.02964
G1 F3600 E1446.02964
;MESH:NONMESH
G0 F300 X151.156 Y114.716 Z3.05
G0 F7500 X151.156 Y117.284
G0 X146.187 Y117.272
G0 X145.497 Y103.318
G0 X133.813 Y95.806
G0 X110 Y88.784
G0 X110 Y87.619
;TIME_ELAPSED:561.214997
;LAYER:2
;TYPE:SUPPORT
G1 F3600 E1450.02964
G1 F1500 X105.66 Y87.619 E1451.47313
G1 X105.66 Y79.782 E1454.07973
G1 X107.209 Y79.775 E1454.59493
G1 X107.722 Y79.737 E1454.76602
G1 X108.192 Y79.633 E1454.92613
G1 X108.586 Y79.505 E1455.06391
G1 X109.227 Y79.203 E1455.29959
G1 X109.227 Y78.986 E1455.37176
G1 X109.484 Y78.986 E1455.45724
G1 X110 Y78.462 E1455.70184
G1 X110.02 Y78.442 E1455.71125
G1 X110.02 Y78.186 E1455.79639
G1 X110.283 Y78.186 E1455.88387
G1 X110.82 Y77.642 E1456.13811
G1 X110.82 Y77.386 E1456.22325
G1 X111.056 Y77.386 E1456.30175
G1 X111.422 Y76.865 E1456.51352
G1 X111.682 Y76.385 E1456.69508
G1 X111.842 Y75.832 E1456.88655
G1 X111.922 Y75.467 E1457.01084
G1 X111.947 Y75.286 E1457.07161
G1 X111.997 Y75.218 E1457.09968
G1 X112.237 Y74.477 E1457.35874
G1 X112.358 Y74.171 E1457.46819
G1 X112.51 Y74.051 E1457.5326
G1 X113.235 Y73.853 E1457.78257
G1 X113.414 Y73.692 E1457.86264
G1 X113.84 Y73.883 E1458.01792
G1 X113.84 Y73.946 E1458.03887
G1 X114.34 Y74.128 E1458.21585
G1 X114.34 Y87.619 E1462.70297
G1 X110 Y87.619 E1464.14646
G1 X110 Y78.462 E1467.19209
G1 F3600 E1463.19209
G0 F9000 X108.867 Y77.833
G0 X108.074 Y77.833
G0 X104.507 Y78.634
G0 X104.507 Y118.772
G0 X110 Y118.784
G0 X110 Y117.619
G1 F3600 E1467.19209
G1 F1500 X105.66 Y117.619 E1468.63558
G1 X105.66 Y109.782 E1471.24218
G1 X107.209 Y109.775 E1471.75738
G1 X107.722 Y109.737 E1471.92848
G1 X108.192 Y109.633 E1472.08858
G1 X108.586 Y109.505 E1472.22637
G1 X109.227 Y109.203 E1472.46204
G1 X109.227 Y108.986 E1472.53422
G1 X109.484 Y108.986 E1472.61969
G1 X110 Y108.462 E1472.86429
G1 X110.02 Y108.442 E1472.8737
G1 X110.02 Y108.186 E1472.95885
G1 X110.283 Y108.186 E1473.04632
G1 X110.82 Y107.642 E1473.30056
G1 X110.82 Y107.386 E1473.38571
G1 X111.056 Y107.386 E1473.4642
G1 X111.422 Y106.865 E1473.67597
G1 X111.682 Y106.385 E1473.85754
G1 X111.842 Y105.832 E1474.04901
G1 X111.922 Y105.467 E1474.17329
G1 X111.947 Y105.286 E1474.23406
G1 X111.997 Y105.218 E1474.26213
G1 X112.237 Y104.477 E1474.5212
G1 X112.358 Y104.171 E1474.63064
G1 X112.51 Y104.051 E1474.69505
G1 X113.235 Y103.853 E1474.94502
G1 X113.414 Y103.692 E1475.02509
G1 X113.84 Y103.883 E1475.18037
G1 X113.84 Y103.946 E1475.20133
G1 X114.34 Y104.128 E1475.3783
G1 X114.34 Y117.619 E1479.86543
G1 X110 Y117.619 E1481.30892
G1 X110 Y108.462 E1484.35455
G1 F3600 E1480.35455
G0 F9000 X109.667 Y107.033
G0 X109.667 Y106.233
G0 X111.453 Y103.403
G0 X111.975 Y102.992
G0 X113.201 Y102.329
G0 X115.497 Y103.318
G0 X116.187 Y117.272
G0 X125.842 Y123.772
G0 X126.654 Y124.108
G0 X140 Y118.784
G0 X140 Y117.619
G1 F3600 E1484.35455
G1 F1500 X135.66 Y117.619 E1485.79804
G1 X135.66 Y109.782 E1488.40463
G1 X137.209 Y109.775 E1488.91984
G1 X137.722 Y109.737 E1489.09093
G1 X138.192 Y109.633 E1489.25103
G1 X138.586 Y109.505 E1489.38882
G1 X139.227 Y109.203 E1489.62449
G1 X139.227 Y108.986 E1489.69667
G1 X139.484 Y108.986 E1489.78215
G1 X140 Y108.462 E1490.02675
G1 X140.02 Y108.442 E1490.03615
G1 X140.02 Y108.186 E1490.1213
G1 X140.283 Y108.186 E1490.20877
G1 X140.82 Y107.642 E1490.46301
G1 X140.82 Y107.386 E1490.54816
G1 X141.056 Y107.386 E1490.62665
G1 X141.422 Y106.865 E1490.83842
G1 X141.682 Y106.385 E1491.01999
G1 X141.842 Y105.832 E1491.21146
G1 X141.922 Y105.467 E1491.33574
G1 X141.947 Y105.286 E1491.39652
G1 X141.997 Y105.218 E1491.42459
G1 X142.237 Y104.477 E1491.68365
G1 X142.358 Y104.171 E1491.79309
G1 X142.51 Y104.051 E1491.85751
G1 X143.235 Y103.853 E1492.10747
G1 X143.414 Y103.692 E1492.18755
G1 X143.84 Y103.883 E1492.34283
G1 X143.84 Y103.946 E1492.36378
G1 X144.34 Y104.128 E1492.54075
G1 X144.34 Y117.619 E1497.02788
G1 X140 Y117.619 E1498.47137
G1 X140 Y108.462 E1501.517
G1 F3600 E1497.517
;MESH:wildrosebuilds_puzzlecube.stl(2)
G0 F9000 X138.867 Y107.833
G0 X133.813 Y95.806
G0 X122.486 Y87.284
G0 X123 Y86.116
;TYPE:WALL-OUTER
G1 F3600 E1501.517
G1 F1500 X123 Y68.684 E1507.31491
G1 X122.104 Y68.684 E1507.61292
G1 X117.34 Y73.452 E1509.8547
G1 X117.34 Y86.116 E1514.06676
G1 X123 Y86.116 E1515.94929
G0 F9000 X122.43 Y85.549
G0 X121.253 Y71.801
G0 X120.707 Y71.255
;TYPE:SKIN
G1 F1748.3 X122.171 Y71.255 E1516.36707
G1 X122.171 Y69.789 E1516.78542
G1 X120.707 Y71.255 E1517.37667
G0 F9000 X120.5 Y72.438
G1 F3600 E1513.37667
G0 F9000 X120.558 Y72.496
G0 X117.854 Y85.605
G0 X116.175 Y85.605
G0 X115.493 Y88.772
G0 X104.507 Y88.772
G0 X103.825 Y86.251
G0 X97 Y92.121
;TYPE:WALL-OUTER
G1 F3600 E1517.37667
G1 F1500 X102.66 Y86.464 E1520.03825
G1 X102.66 Y66.956 E1526.52664
G1 X101.501 Y66.956 E1526.91212
G1 X101.45 Y67.032 E1526.94256
G1 X101.244 Y67.076 E1527.01263
G1 X99.329 Y67.076 E1527.64956
G1 X99.243 Y66.956 E1527.69866
G1 X97 Y66.956 E1528.44469
G1 X97 Y92.121 E1536.8146
G0 F9000 X97.538 Y90.826
G0 X98.57 Y68.649
G0 X97.2 Y67.46
;TYPE:FILL
G1 F3000 X97.504 Y67.156 E1536.95759
G0 F9000 X99.5 Y69.286
G1 F3600 E1532.95759
;MESH:wildrosebuilds_puzzlecube.stl
G0 F9000 X97.507 Y90.9
G0 X98.69 Y92.082
G0 X97.507 Y95.794
G0 X97 Y122.121
;TYPE:WALL-OUTER
G1 F3600 E1536.95759
G1 F1500 X102.66 Y116.464 E1539.61918
G1 X102.66 Y96.956 E1546.10756
G1 X101.501 Y96.956 E1546.49305
G1 X101.45 Y97.032 E1546.52349
G1 X101.244 Y97.076 E1546.59355
G1 X99.329 Y97.076 E1547.23048
G1 X99.243 Y96.956 E1547.27959
G1 X97 Y96.956 E1548.02561
G1 X97 Y122.121 E1556.39552
G0 F9000 X97.538 Y120.826
G0 X98.57 Y98.649
G0 X97.2 Y97.46
;TYPE:FILL
G1 F3000 X97.504 Y97.156 E1556.53852
G0 F9000 X99.5 Y99.286
G1 F3600 E1552.53852
G0 F9000 X102.14 Y115.549
G0 X103.825 Y115.549
G0 X104.507 Y118.772
G0 X115.493 Y118.772
G0 X116.175 Y115.549
G0 X123 Y116.116
;TYPE:WALL-OUTER
G1 F3600 E1556.53852
G1 F1500 X123 Y98.684 E1562.33642
G1 X122.104 Y98.684 E1562.63443
G1 X117.34 Y103.452 E1564.87621
G1 X117.34 Y116.116 E1569.08828
G1 X123 Y116.116 E1570.9708
G0 F9000 X122.43 Y115.549
G0 X121.253 Y101.801
G0 X120.707 Y101.255
;TYPE:SKIN
G1 F1748.3 X122.171 Y101.255 E1571.38859
G1 X122.171 Y99.789 E1571.80694
G1 X120.707 Y101.255 E1572.39818
G0 F9000 X120.5 Y102.438
G1 F3600 E1568.39818
;MESH:wildrosebuilds_puzzlecube.stl(1)
G0 F9000 X120.558 Y102.496
G0 X122.486 Y115.605
G0 X127.52 Y115.605
G0 X127 Y122.121
;TYPE:WALL-OUTER
G1 F3600 E1572.39818
G1 F1500 X132.66 Y116.464 E1575.05977
G1 X132.66 Y96.956 E1581.54815
G1 X131.501 Y96.956 E1581.93364
G1 X131.45 Y97.032 E1581.96408
G1 X131.244 Y97.076 E1582.03414
G1 X129.329 Y97.076 E1582.67107
G1 X129.243 Y96.956 E1582.72018
G1 X127 Y96.956 E1583.4662
G1 X127 Y122.121 E1591.83611
G0 F9000 X127.538 Y120.826
G0 X128.57 Y98.649
G0 X127.2 Y97.459
;TYPE:FILL
G1 F3000 X127.503 Y97.156 E1591.97864
G0 F9000 X129.5 Y99.286
G1 F3600 E1587.97864
G0 F9000 X132.14 Y115.549
G0 X133.825 Y115.549
G0 X134.507 Y118.772
G0 X145.493 Y118.772
G0 X146.175 Y115.549
G0 X153 Y116.116
;TYPE:WALL-OUTER
G1 F3600 E1591.97864
G1 F1500 X153 Y98.684 E1597.77654
G1 X152.104 Y98.684 E1598.07455
G1 X147.34 Y103.452 E1600.31633
G1 X147.34 Y116.116 E1604.5284
G1 X153 Y116.116 E1606.41092
G0 F9000 X152.43 Y115.549
G0 X151.253 Y101.801
G0 X150.707 Y101.255
;TYPE:SKIN
G1 F1748.3 X152.171 Y101.255 E1606.82871
G1 X152.171 Y99.789 E1607.24706
G1 X150.707 Y101.255 E1607.8383
G0 F9000 X150.5 Y102.438
G1 F3600 E1603.8383
;MESH:NONMESH
G0 F300 X150.5 Y102.438 Z3.85
G0 F9000 X150.558 Y102.496
G0 X147.858 Y103.667
G0 X146.668 Y102.478
G0 X133.813 Y95.806
G0 X110 Y88.784
G0 X110 Y87.619
;TIME_ELAPSED:597.570721
;LAYER:3
;TYPE:SUPPORT
G1 F3600 E1607.8383
G1 F1500 X105.66 Y87.619 E1609.28179
G1 X105.66 Y79.781 E1611.88872
G1 X107.258 Y79.775 E1612.42022
G1 X107.733 Y79.751 E1612.57841
G1 X108.293 Y79.606 E1612.77081
G1 X108.581 Y79.506 E1612.87221
G1 X109.227 Y79.204 E1613.10939
G1 X109.227 Y78.986 E1613.18189
G1 X109.484 Y78.986 E1613.26737
G1 X110 Y78.462 E1613.51197
G1 X110.02 Y78.442 E1613.52138
G1 X110.02 Y78.186 E1613.60653
G1 X110.283 Y78.186 E1613.694
G1 X110.82 Y77.642 E1613.94824
G1 X110.82 Y77.386 E1614.03339
G1 X111.055 Y77.386 E1614.11155
G1 X111.411 Y76.881 E1614.31705
G1 X111.678 Y76.406 E1614.49828
G1 X111.827 Y75.897 E1614.67468
G1 X111.922 Y75.467 E1614.82115
G1 X111.947 Y75.284 E1614.88258
G1 X111.997 Y75.217 E1614.91039
G1 X112.237 Y74.477 E1615.16913
G1 X112.358 Y74.171 E1615.27858
G1 X112.51 Y74.051 E1615.34299
G1 X113.235 Y73.853 E1615.59296
G1 X113.414 Y73.692 E1615.67303
G1 X113.84 Y73.883 E1615.82831
G1 X113.84 Y73.946 E1615.84926
G1 X114.34 Y74.128 E1616.02624
G1 X114.34 Y87.619 E1620.51336
G1 X110 Y87.619 E1621.95685
G1 X110 Y78.462 E1625.00248
G1 F3600 E1621.00248
G0 F9000 X108.867 Y77.833
G0 X108.074 Y77.833
G0 X104.507 Y78.632
G0 X104.507 Y118.772
G0 X110 Y118.784
G0 X110 Y117.619
G1 F3600 E1625.00248
G1 F1500 X105.66 Y117.619 E1626.44597
G1 X105.66 Y109.781 E1629.0529
G1 X107.258 Y109.775 E1629.5844
G1 X107.733 Y109.751 E1629.74259
G1 X108.293 Y109.606 E1629.93499
G1 X108.581 Y109.506 E1630.03639
G1 X109.227 Y109.204 E1630.27357
G1 X109.227 Y108.986 E1630.34607
G1 X109.484 Y108.986 E1630.43155
G1 X110 Y108.462 E1630.67615
G1 X110.02 Y108.442 E1630.68556
G1 X110.02 Y108.186 E1630.77071
G1 X110.283 Y108.186 E1630.85818
G1 X110.82 Y107.642 E1631.11242
G1 X110.82 Y107.386 E1631.19757
G1 X111.055 Y107.386 E1631.27573
G1 X111.411 Y106.881 E1631.48123
G1 X111.678 Y106.406 E1631.66246
G1 X111.827 Y105.897 E1631.83886
G1 X111.922 Y105.467 E1631.98533
G1 X111.947 Y105.284 E1632.04676
G1 X111.997 Y105.217 E1632.07457
G1 X112.237 Y104.477 E1632.33331
G1 X112.358 Y104.171 E1632.44276
G1 X112.51 Y104.051 E1632.50717
G1 X113.235 Y103.853 E1632.75714
G1 X113.414 Y103.692 E1632.83721
G1 X113.84 Y103.883 E1632.99249
G1 X113.84 Y103.946 E1633.01344
G1 X114.34 Y104.128 E1633.19042
G1 X114.34 Y117.619 E1637.67754
G1 X110 Y117.619 E1639.12103
G1 X110 Y108.462 E1642.16666
G1 F3600 E1638.16666
G0 F9000 X109.667 Y107.033
G0 X109.667 Y106.233
G0 X111.453 Y103.403
G0 X111.975 Y102.992
G0 X113.201 Y102.329
G0 X115.497 Y103.318
G0 X116.187 Y117.272
G0 X125.842 Y123.772
G0 X126.654 Y124.108
G0 X140 Y118.784
G0 X140 Y117.619
G1 F3600 E1642.16666
G1 F1500 X135.66 Y117.619 E1643.61015
G1 X135.66 Y109.781 E1646.21708
G1 X137.258 Y109.775 E1646.74858
G1 X137.733 Y109.751 E1646.90677
G1 X138.293 Y109.606 E1647.09917
G1 X138.581 Y109.506 E1647.20057
G1 X139.227 Y109.204 E1647.43775
G1 X139.227 Y108.986 E1647.51026
G1 X139.484 Y108.986 E1647.59573
G1 X140 Y108.462 E1647.84033
G1 X140.02 Y108.442 E1647.84974
G1 X140.02 Y108.186 E1647.93489
G1 X140.283 Y108.186 E1648.02236
G1 X140.82 Y107.642 E1648.2766
G1 X140.82 Y107.386 E1648.36175
G1 X141.055 Y107.386 E1648.43991
G1 X141.411 Y106.881 E1648.64541
G1 X141.678 Y106.406 E1648.82665
G1 X141.827 Y105.897 E1649.00304
G1 X141.922 Y105.467 E1649.14951
G1 X141.947 Y105.284 E1649.21094
G1 X141.997 Y105.217 E1649.23875
G1 X142.237 Y104.477 E1649.49749
G1 X142.358 Y104.171 E1649.60694
G1 X142.51 Y104.051 E1649.67135
G1 X143.235 Y103.853 E1649.92132
G1 X143.414 Y103.692 E1650.00139
G1 X143.84 Y103.883 E1650.15667
G1 X143.84 Y103.946 E1650.17762
G1 X144.34 Y104.128 E1650.3546
G1 X144.34 Y117.619 E1654.84172
G1 X140 Y117.619 E1656.28521
G1 X140 Y108.462 E1659.33084
G1 F3600 E1655.33084
;MESH:wildrosebuilds_puzzlecube.stl(2)
G0 F9000 X138.867 Y107.833
G0 X133.813 Y95.806
G0 X122.486 Y87.284
G0 X123 Y86.116
;TYPE:WALL-OUTER
G1 F3600 E1659.33084
G1 F1500 X123 Y69.484 E1664.86267
G1 X121.304 Y69.484 E1665.42676
G1 X117.34 Y73.451 E1667.29201
G1 X117.34 Y86.116 E1671.50441
G1 X123 Y86.116 E1673.38693
G0 F9000 X122.43 Y85.549
G0 X120.564 Y72.487
G0 X120.189 Y71.938
;TYPE:SKIN
G1 F1372.4 X122.054 Y71.938 E1674.06492
G1 X122.054 Y70.43 E1674.61313
G1 X121.695 Y70.43 E1674.74364
G1 X120.189 Y71.938 E1675.51841
G0 F9000 X120.5 Y73.31
G1 F3600 E1671.51841
G0 F9000 X117.854 Y85.605
G0 X116.175 Y85.605
G0 X115.493 Y88.772
G0 X104.507 Y88.772
G0 X103.825 Y86.251
G0 X97 Y92.121
;TYPE:WALL-OUTER
G1 F3600 E1675.51841
G1 F1500 X102.66 Y86.464 E1678.17999
G1 X102.66 Y67.076 E1684.62847
G1 X100.616 Y67.076 E1685.3083
G1 X100.525 Y66.956 E1685.35839
G1 X97 Y66.956 E1686.53081
G1 X97 Y92.121 E1694.90073
G0 F9000 X97.538 Y90.826
G0 X98.57 Y68.529
G0 X97.2 Y68.261
;TYPE:FILL
G1 F3000 X98.304 Y67.156 E1695.42025
G0 F9000 X99.207 Y69.579
G1 F3600 E1691.42025
;MESH:wildrosebuilds_puzzlecube.stl
G0 F9000 X97.507 Y90.9
G0 X98.69 Y92.082
G0 X97.507 Y95.794
G0 X97 Y122.121
;TYPE:WALL-OUTER
G1 F3600 E1695.42025
G1 F1500 X102.66 Y116.464 E1698.08183
G1 X102.66 Y97.076 E1704.53031
G1 X100.616 Y97.076 E1705.21015
G1 X100.525 Y96.956 E1705.26024
G1 X97 Y96.956 E1706.43266
G1 X97 Y122.121 E1714.80257
G0 F9000 X97.538 Y120.826
G0 X98.57 Y98.529
G0 X97.2 Y98.26
;TYPE:FILL
G1 F3000 X98.304 Y97.156 E1715.32186
G0 F9000 X99.207 Y99.579
G1 F3600 E1711.32186
G0 F9000 X102.14 Y115.549
G0 X103.825 Y115.549
G0 X104.507 Y118.772
G0 X115.493 Y118.772
G0 X116.175 Y115.549
G0 X123 Y116.116
;TYPE:WALL-OUTER
G1 F3600 E1715.32186
G1 F1500 X123 Y99.484 E1720.85368
G1 X121.304 Y99.484 E1721.41778
G1 X117.34 Y103.451 E1723.28303
G1 X117.34 Y116.116 E1727.49542
G1 X123 Y116.116 E1729.37794
G0 F9000 X122.43 Y115.549
G0 X120.564 Y102.487
G0 X120.189 Y101.938
;TYPE:SKIN
G1 F1372.4 X122.054 Y101.938 E1730.05593
G1 X122.054 Y100.43 E1730.60414
G1 X121.695 Y100.43 E1730.73465
G1 X120.189 Y101.938 E1731.50942
G0 F9000 X120.5 Y103.31
G1 F3600 E1727.50942
;MESH:wildrosebuilds_puzzlecube.stl(1)
G0 F9000 X122.486 Y115.605
G0 X127.52 Y115.605
G0 X127 Y122.121
;TYPE:WALL-OUTER
G1 F3600 E1731.50942
G1 F1500 X132.66 Y116.464 E1734.17101
G1 X132.66 Y97.076 E1740.61948
G1 X130.616 Y97.076 E1741.29932
G1 X130.525 Y96.956 E1741.34941
G1 X127 Y96.956 E1742.52183
G1 X127 Y122.121 E1750.89174
G0 F9000 X127.538 Y120.826
G0 X128.57 Y98.529
G0 X127.2 Y98.26
;TYPE:FILL
G1 F3000 X128.303 Y97.156 E1751.41079
G0 F9000 X129.207 Y99.579
G1 F3600 E1747.41079
G0 F9000 X132.14 Y115.549
G0 X133.825 Y115.549
G0 X134.507 Y118.772
G0 X145.493 Y118.772
G0 X146.175 Y115.549
G0 X153 Y116.116
;TYPE:WALL-OUTER
G1 F3600 E1751.41079
G1 F1500 X153 Y99.484 E1756.94262
G1 X151.304 Y99.484 E1757.50671
G1 X147.34 Y103.451 E1759.37196
G1 X147.34 Y116.116 E1763.58436
G1 X153 Y116.116 E1765.46688
G0 F9000 X152.43 Y115.549
G0 X150.564 Y102.487
G0 X150.189 Y101.938
;TYPE:SKIN
G1 F1372.4 X152.054 Y101.938 E1766.14487
G1 X152.054 Y100.43 E1766.69308
G1 X151.695 Y100.43 E1766.82359
G1 X150.189 Y101.938 E1767.59836
G0 F9000 X150.5 Y103.31
G1 F3600 E1763.59836
;MESH:NONMESH
G0 F300 X150.5 Y103.31 Z4.65
G0 F9000 X147.858 Y103.667
G0 X146.668 Y102.478
G0 X133.813 Y95.806
G0 X110 Y88.784
G0 X110 Y84.885
;TIME_ELAPSED:633.964984
;LAYER:4
;TYPE:SUPPORT
G1 F3600 E1767.59836
G1 F1500 X105.66 Y84.885 E1769.04185
G1 X105.66 Y79.781 E1770.73944
G1 X107.328 Y79.775 E1771.29423
G1 X107.818 Y79.739 E1771.45764
G1 X108.456 Y79.562 E1771.67785
G1 X109.227 Y79.216 E1771.95893
G1 X109.227 Y78.986 E1772.03543
G1 X109.484 Y78.986 E1772.12091
G1 X110 Y78.462 E1772.3655
G1 X110.02 Y78.442 E1772.37491
G1 X110.02 Y78.186 E1772.46006
G1 X110.283 Y78.186 E1772.54753
G1 X110.82 Y77.642 E1772.80177
G1 X110.82 Y77.386 E1772.88692
G1 X111.058 Y77.386 E1772.96608
G1 X111.427 Y76.859 E1773.18005
G1 X111.672 Y76.422 E1773.34668
G1 X111.81 Y75.977 E1773.50165
G1 X111.922 Y75.473 E1773.67337
G1 X111.948 Y75.283 E1773.73715
G1 X111.997 Y75.217 E1773.76449
G1 X112.237 Y74.477 E1774.02324
G1 X112.358 Y74.171 E1774.13268
G1 X112.51 Y74.051 E1774.19709
G1 X113.235 Y73.853 E1774.44706
G1 X113.414 Y73.692 E1774.52713
G1 X113.84 Y73.883 E1774.68241
G1 X113.84 Y73.946 E1774.70336
G1 X114.34 Y74.128 E1774.88034
G1 X114.34 Y84.886 E1778.45846
G1 X110 Y84.885 E1779.90195
G1 X110 Y78.462 E1782.03825
G1 F3600 E1778.03825
G0 F9000 X108.867 Y77.833
G0 X108.074 Y77.833
G0 X104.507 Y78.632
G0 X104.507 Y118.772
G0 X110 Y118.784
G0 X110 Y114.885
G1 F3600 E1782.03825
G1 F1500 X105.66 Y114.885 E1783.48174
G1 X105.66 Y109.781 E1785.17934
G1 X107.328 Y109.775 E1785.73412
G1 X107.818 Y109.739 E1785.89754
G1 X108.456 Y109.562 E1786.11775
G1 X109.227 Y109.216 E1786.39883
G1 X109.227 Y108.986 E1786.47532
G1 X109.484 Y108.986 E1786.5608
G1 X110 Y108.462 E1786.8054
G1 X110.02 Y108.442 E1786.81481
G1 X110.02 Y108.186 E1786.89996
G1 X110.283 Y108.186 E1786.98743
G1 X110.82 Y107.642 E1787.24167
G1 X110.82 Y107.386 E1787.32682
G1 X111.058 Y107.386 E1787.40597
G1 X111.427 Y106.859 E1787.61995
G1 X111.672 Y106.422 E1787.78658
G1 X111.81 Y105.977 E1787.94154
G1 X111.922 Y105.473 E1788.11326
G1 X111.948 Y105.283 E1788.17705
G1 X111.997 Y105.217 E1788.20439
G1 X112.237 Y104.477 E1788.46313
G1 X112.358 Y104.171 E1788.57258
G1 X112.51 Y104.051 E1788.63699
G1 X113.235 Y103.853 E1788.88695
G1 X113.414 Y103.692 E1788.96703
G1 X113.84 Y103.883 E1789.12231
G1 X113.84 Y103.946 E1789.14326
G1 X114.34 Y104.128 E1789.32024
G1 X114.34 Y114.886 E1792.89836
G1 X110 Y114.885 E1794.34185
G1 X110 Y108.462 E1796.47815
G1 F3600 E1792.47815
G0 F9000 X109.667 Y107.033
G0 X109.667 Y106.233
G0 X111.453 Y103.403
G0 X111.975 Y102.992
G0 X113.201 Y102.329
G0 X115.497 Y103.318
G0 X116.187 Y117.272
G0 X125.842 Y123.772
G0 X126.654 Y124.108
G0 X140 Y118.784
G0 X140 Y114.885
G1 F3600 E1796.47815
G1 F1500 X135.66 Y114.885 E1797.92164
G1 X135.66 Y109.781 E1799.61924
G1 X137.328 Y109.775 E1800.17402
G1 X137.818 Y109.739 E1800.33743
G1 X138.456 Y109.562 E1800.55765
G1 X139.227 Y109.216 E1800.83872
G1 X139.227 Y108.986 E1800.91522
G1 X139.484 Y108.986 E1801.0007
G1 X140 Y108.462 E1801.2453
G1 X140.02 Y108.442 E1801.25471
G1 X140.02 Y108.186 E1801.33985
G1 X140.283 Y108.186 E1801.42733
G1 X140.82 Y107.642 E1801.68157
G1 X140.82 Y107.386 E1801.76671
G1 X141.058 Y107.386 E1801.84587
G1 X141.427 Y106.859 E1802.05985
G1 X141.672 Y106.422 E1802.22648
G1 X141.81 Y105.977 E1802.38144
G1 X141.922 Y105.473 E1802.55316
G1 X141.948 Y105.283 E1802.61694
G1 X141.997 Y105.217 E1802.64428
G1 X142.237 Y104.477 E1802.90303
G1 X142.358 Y104.171 E1803.01247
G1 X142.51 Y104.051 E1803.07689
G1 X143.235 Y103.853 E1803.32685
G1 X143.414 Y103.692 E1803.40693
G1 X143.84 Y103.883 E1803.5622
G1 X143.84 Y103.946 E1803.58316
G1 X144.34 Y104.128 E1803.76013
G1 X144.34 Y114.886 E1807.33826
G1 X140 Y114.885 E1808.78175
G1 X140 Y108.462 E1810.91805
G1 F3600 E1806.91805
G0 F9000 X138.867 Y107.833
G0 X138.074 Y107.833
G0 X134.507 Y108.632
G0 X134.507 Y118.772
G0 X139.173 Y118.784
G0 X139.173 Y115.385
;TYPE:SUPPORT-INTERFACE
G1 F3600 E1810.91805
G1 F1500 X136.939 Y117.619 E1811.96885
G1 F3600 E1807.96885
G0 F9000 X140.842 Y115.386
G1 F3600 E1811.96885
G1 F1500 X143.075 Y117.619 E1813.01919
G1 F3600 E1809.01919
G0 F9000 X143.075 Y118.784
G0 X126.654 Y124.108
G0 X125.842 Y123.772
G0 X116.187 Y117.272
G0 X115.505 Y115.385
G0 X113.718 Y115.385
G1 F3600 E1813.01919
G1 F1500 X111.483 Y117.619 E1814.07023
G1 F3600 E1810.07023
G0 F9000 X109.133 Y117.619
G1 F3600 E1814.07023
G1 F1500 X106.9 Y115.386 E1815.12056
G1 F3600 E1811.12056
G0 F9000 X104.495 Y115.386
G0 X104.507 Y108.632
G0 X107.542 Y88.784
G0 X107.542 Y87.619
G1 F3600 E1815.12056
G1 F1500 X109.776 Y85.385 E1816.17137
G0 F9000 X110.842 Y85.386
G1 F1500 X113.075 Y87.619 E1817.2217
G1 F3600 E1813.2217
;MESH:wildrosebuilds_puzzlecube.stl(2)
G0 F9000 X117.854 Y85.605
G0 X123 Y86.116
;TYPE:WALL-OUTER
G1 F3600 E1817.2217
G1 F1500 X123 Y70.284 E1822.48745
G1 X120.504 Y70.284 E1823.31762
G1 X117.34 Y73.451 E1824.80657
G1 X117.34 Y86.116 E1829.01897
G1 X123 Y86.116 E1830.90149
G0 F9000 X122.43 Y85.549
G0 X119.764 Y73.287
G0 X119.64 Y72.634
;TYPE:SKIN
G1 F1153.8 X121.95 Y72.634 E1831.9003
G1 X121.95 Y71.334 E1832.46239
G1 X120.938 Y71.334 E1832.89996
G1 X119.64 Y72.634 E1833.69428
G0 F9000 X120.163 Y74.165
G1 F3600 E1829.69428
G0 F9000 X117.854 Y85.605
G0 X116.175 Y85.605
G0 X115.493 Y88.772
G0 X104.507 Y88.772
G0 X103.825 Y86.251
G0 X97 Y92.121
;TYPE:WALL-OUTER
G1 F3600 E1833.69428
G1 F1500 X102.66 Y86.464 E1836.35586
G1 X102.66 Y66.956 E1842.84425
G1 X100.698 Y66.956 E1843.49681
G1 X100.634 Y67.047 E1843.53381
G1 X100.464 Y67.076 E1843.59117
G1 X99.116 Y67.076 E1844.03952
G1 X98.943 Y67.046 E1844.09792
G1 X98.881 Y66.956 E1844.13427
G1 X97 Y66.956 E1844.75989
G1 X97 Y92.121 E1853.1298
G0 F9000 X97.538 Y90.826
G0 X98.6 Y69.06
G0 X97.2 Y69.06
;TYPE:FILL
G1 F3000 X99.008 Y67.252 E1853.98023
G0 F9000 X99.5 Y69.579
G1 F3600 E1849.98023
;MESH:wildrosebuilds_puzzlecube.stl
G0 F9000 X97.507 Y90.9
G0 X98.69 Y92.082
G0 X97.507 Y95.794
G0 X97 Y122.121
;TYPE:WALL-OUTER
G1 F3600 E1853.98023
G1 F1500 X102.66 Y116.464 E1856.64182
G1 X102.66 Y96.956 E1863.1302
G1 X100.698 Y96.956 E1863.78277
G1 X100.634 Y97.047 E1863.81977
G1 X100.464 Y97.076 E1863.87713
G1 X99.116 Y97.076 E1864.32548
G1 X98.943 Y97.046 E1864.38387
G1 X98.881 Y96.956 E1864.42022
G1 X97 Y96.956 E1865.04585
G1 X97 Y122.121 E1873.41576
G0 F9000 X97.538 Y120.826
G0 X98.6 Y99.061
G0 X97.2 Y99.061
;TYPE:FILL
G1 F3000 X99.008 Y97.252 E1874.26642
G0 F9000 X99.5 Y99.579
G1 F3600 E1870.26642
G0 F9000 X102.14 Y115.549
G0 X103.825 Y115.549
G0 X104.507 Y118.772
G0 X115.493 Y118.772
G0 X116.175 Y115.549
G0 X123 Y116.116
;TYPE:WALL-OUTER
G1 F3600 E1874.26642
G1 F1500 X123 Y100.284 E1879.53217
G1 X120.504 Y100.284 E1880.36234
G1 X117.34 Y103.451 E1881.85129
G1 X117.34 Y116.116 E1886.06369
G1 X123 Y116.116 E1887.94621
G0 F9000 X122.43 Y115.549
G0 X119.764 Y103.287
G0 X119.64 Y102.634
;TYPE:SKIN
G1 F1153.8 X121.95 Y102.634 E1888.94502
G1 X121.95 Y101.334 E1889.50711
G1 X120.938 Y101.334 E1889.94468
G1 X119.64 Y102.634 E1890.739
G0 F9000 X120.163 Y104.165
G1 F3600 E1886.739
;MESH:wildrosebuilds_puzzlecube.stl(1)
G0 F9000 X122.486 Y115.605
G0 X127.52 Y115.605
G0 X127 Y122.121
;TYPE:WALL-OUTER
G1 F3600 E1890.739
G1 F1500 X132.66 Y116.464 E1893.40058
G1 X132.66 Y96.956 E1899.88897
G1 X130.698 Y96.956 E1900.54153
G1 X130.634 Y97.047 E1900.57853
G1 X130.464 Y97.076 E1900.63589
G1 X129.116 Y97.076 E1901.08424
G1 X128.943 Y97.046 E1901.14264
G1 X128.881 Y96.956 E1901.17899
G1 X127 Y96.956 E1901.80461
G1 X127 Y122.121 E1910.17452
G0 F9000 X127.538 Y120.826
G0 X128.6 Y99.06
G0 X127.2 Y99.06
;TYPE:FILL
G1 F3000 X129.008 Y97.252 E1911.02495
G0 F9000 X129.5 Y99.579
G1 F3600 E1907.02495
G0 F9000 X132.14 Y115.549
G0 X133.825 Y115.549
G0 X134.507 Y118.772
G0 X145.493 Y118.772
G0 X146.175 Y115.549
G0 X153 Y116.116
;TYPE:WALL-OUTER
G1 F3600 E1911.02495
G1 F1500 X153 Y100.284 E1916.2907
G1 X150.504 Y100.284 E1917.12087
G1 X147.34 Y103.451 E1918.60982
G1 X147.34 Y116.116 E1922.82222
G1 X153 Y116.116 E1924.70474
G0 F9000 X152.43 Y115.549
G0 X149.764 Y103.287
G0 X149.64 Y102.634
;TYPE:SKIN
G1 F1153.8 X151.95 Y102.634 E1925.70355
G1 X151.95 Y101.334 E1926.26564
G1 X150.938 Y101.334 E1926.70321
G1 X149.64 Y102.634 E1927.49753
G0 F9000 X150.163 Y104.165
G1 F3600 E1923.49753
;MESH:NONMESH
G0 F300 X150.163 Y104.165 Z5.45
G0 F9000 X147.858 Y103.667
G0 X146.668 Y102.478
G0 X133.813 Y95.806
G0 X110 Y88.784
G0 X110 Y84.085
;TIME_ELAPSED:674.384660
;LAYER:5
;TYPE:SUPPORT
G1 F3600 E1927.49753
G1 F1500 X105.66 Y84.085 E1928.94102
G1 X105.66 Y79.781 E1930.37253
G1 X107.427 Y79.775 E1930.96024
G1 X107.759 Y79.74 E1931.07128
G1 X108.075 Y79.676 E1931.17851
G1 X108.492 Y79.546 E1931.32379
G1 X109.227 Y79.215 E1931.5919
G1 X109.227 Y78.986 E1931.66806
G1 X109.484 Y78.986 E1931.75354
G1 X110 Y78.463 E1931.99791
G1 X110.02 Y78.443 E1932.00731
G1 X110.02 Y78.186 E1932.09279
G1 X110.283 Y78.186 E1932.18027
G1 X110.82 Y77.642 E1932.43451
G1 X110.82 Y77.386 E1932.51965
G1 X111.054 Y77.386 E1932.59748
G1 X111.411 Y76.89 E1932.80074
G1 X111.681 Y76.417 E1932.98189
G1 X111.836 Y75.885 E1933.16619
G1 X111.919 Y75.483 E1933.30271
G1 X111.945 Y75.286 E1933.3688
G1 X111.998 Y75.216 E1933.39801
G1 X112.237 Y74.477 E1933.65633
G1 X112.358 Y74.171 E1933.76578
G1 X112.51 Y74.051 E1933.83019
G1 X113.235 Y73.853 E1934.08016
G1 X113.414 Y73.692 E1934.16023
G1 X113.84 Y73.883 E1934.31551
G1 X113.84 Y73.946 E1934.33646
G1 X114.34 Y74.128 E1934.51344
G1 X114.34 Y84.086 E1937.82548
G1 X110 Y84.085 E1939.26897
G1 X110 Y78.463 E1941.13886
G1 F3600 E1937.13886
G0 F9000 X108.867 Y77.833
G0 X108.074 Y77.833
G0 X104.507 Y78.632
G0 X104.507 Y88.772
G0 X108.071 Y108.459
G0 X110 Y114.085
G1 F3600 E1941.13886
G1 F1500 X105.66 Y114.085 E1942.58235
G1 X105.66 Y109.781 E1944.01386
G1 X107.427 Y109.775 E1944.60157
G1 X107.759 Y109.74 E1944.71261
G1 X108.075 Y109.676 E1944.81984
G1 X108.492 Y109.546 E1944.96512
G1 X109.227 Y109.215 E1945.23323
G1 X109.227 Y108.986 E1945.3094
G1 X109.484 Y108.986 E1945.39487
G1 X110 Y108.463 E1945.63924
G1 X110.02 Y108.443 E1945.64864
G1 X110.02 Y108.186 E1945.73412
G1 X110.283 Y108.186 E1945.8216
G1 X110.82 Y107.642 E1946.07584
G1 X110.82 Y107.386 E1946.16098
G1 X111.054 Y107.386 E1946.23881
G1 X111.411 Y106.89 E1946.44207
G1 X111.681 Y106.417 E1946.62322
G1 X111.836 Y105.885 E1946.80752
G1 X111.919 Y105.483 E1946.94404
G1 X111.945 Y105.286 E1947.01013
G1 X111.998 Y105.216 E1947.03934
G1 X112.237 Y104.477 E1947.29766
G1 X112.358 Y104.171 E1947.40711
G1 X112.51 Y104.051 E1947.47152
G1 X113.235 Y103.853 E1947.72149
G1 X113.414 Y103.692 E1947.80156
G1 X113.84 Y103.883 E1947.95684
G1 X113.84 Y103.946 E1947.97779
G1 X114.34 Y104.128 E1948.15477
G1 X114.34 Y114.086 E1951.46681
G1 X110 Y114.085 E1952.9103
G1 X110 Y108.463 E1954.78019
G1 F3600 E1950.78019
G0 F9000 X109.667 Y107.033
G0 X109.667 Y106.233
G0 X111.453 Y103.403
G0 X111.975 Y102.992
G0 X113.201 Y102.329
G0 X115.497 Y103.318
G0 X116.187 Y117.272
G0 X125.842 Y123.772
G0 X126.654 Y124.108
G0 X133.821 Y116.946
G0 X134.495 Y114.085
G0 X140 Y114.085
G1 F3600 E1954.78019
G1 F1500 X135.66 Y114.085 E1956.22368
G1 X135.66 Y109.781 E1957.65519
G1 X137.427 Y109.775 E1958.2429
G1 X137.759 Y109.74 E1958.35394
G1 X138.075 Y109.676 E1958.46117
G1 X138.492 Y109.546 E1958.60645
G1 X139.227 Y109.215 E1958.87456
G1 X139.227 Y108.986 E1958.95073
G1 X139.484 Y108.986 E1959.0362
G1 X140 Y108.463 E1959.28057
G1 X140.02 Y108.443 E1959.28997
G1 X140.02 Y108.186 E1959.37545
G1 X140.283 Y108.186 E1959.46293
G1 X140.82 Y107.642 E1959.71717
G1 X140.82 Y107.386 E1959.80231
G1 X141.054 Y107.386 E1959.88014
G1 X141.411 Y106.89 E1960.0834
G1 X141.681 Y106.417 E1960.26455
G1 X141.836 Y105.885 E1960.44885
G1 X141.919 Y105.483 E1960.58537
G1 X141.945 Y105.286 E1960.65146
G1 X141.998 Y105.216 E1960.68067
G1 X142.237 Y104.477 E1960.93899
G1 X142.358 Y104.171 E1961.04844
G1 X142.51 Y104.051 E1961.11285
G1 X143.235 Y103.853 E1961.36282
G1 X143.414 Y103.692 E1961.44289
G1 X143.84 Y103.883 E1961.59817
G1 X143.84 Y103.946 E1961.61912
G1 X144.34 Y104.128 E1961.7961
G1 X144.34 Y114.086 E1965.10814
G1 X140 Y114.085 E1966.55163
G1 X140 Y108.463 E1968.42152
G1 F3600 E1964.42152
G0 F9000 X138.867 Y107.833
G0 X138.074 Y107.833
G0 X134.507 Y108.632
G0 X134.507 Y118.772
G0 X139.974 Y118.784
G0 X139.974 Y114.585
;TYPE:SUPPORT-INTERFACE
G1 F3600 E1968.42152
G1 F1500 X136.939 Y117.619 E1969.84885
G1 F3600 E1965.84885
G0 F9000 X140.042 Y114.586
G1 F3600 E1969.84885
G1 F1500 X143.075 Y117.619 E1971.27548
G1 F3600 E1967.27548
G0 F9000 X143.075 Y118.784
G0 X126.654 Y124.108
G0 X125.842 Y123.772
G0 X116.187 Y117.272
G0 X115.505 Y114.841
G0 X114.841 Y114.841
G1 F3600 E1971.27548
G1 F1500 X114.586 Y114.586 E1971.39543
G1 X114.517 Y114.585
G1 X111.483 Y117.619 E1972.82253
G1 F3600 E1968.82253
G0 F9000 X109.133 Y117.619
G1 F3600 E1972.82253
G1 F1500 X106.1 Y114.585 E1974.24939
G1 X106.033 Y114.585
G1 X105.16 Y115.457 E1974.65979
G1 F3600 E1970.65979
G0 F9000 X104.495 Y115.457
G0 X104.507 Y108.632
G0 X107.542 Y88.784
G0 X107.542 Y87.619
G1 F3600 E1974.65979
G1 F1500 X110.577 Y84.585 E1976.08713
G0 F9000 X110.041 Y84.586
G1 F1500 X113.075 Y87.619 E1977.51399
G1 F3600 E1973.51399
;MESH:wildrosebuilds_puzzlecube.stl(2)
G0 F9000 X117.854 Y85.605
G0 X123 Y86.116
;TYPE:WALL-OUTER
G1 F3600 E1977.51399
G1 F1500 X123 Y71.084 E1982.51366
G1 X119.704 Y71.084 E1983.60991
G1 X117.34 Y73.451 E1984.72257
G1 X117.34 Y86.116 E1988.93496
G1 X123 Y86.116 E1990.81749
G0 F9000 X122.43 Y85.549
G0 X118.964 Y74.087
G0 X118.84 Y73.434
;TYPE:SKIN
G1 F1153.8 X121.95 Y73.434 E1992.1622
G1 X121.95 Y72.134 E1992.72429
G1 X120.138 Y72.134 E1993.50777
G1 X118.84 Y73.434 E1994.30208
G0 F9000 X119.84 Y74.91
G1 F3600 E1990.30208
G0 F9000 X117.854 Y85.605
G0 X116.175 Y85.605
G0 X115.493 Y88.772
G0 X104.507 Y88.772
G0 X103.825 Y86.251
G0 X97 Y92.121
;TYPE:WALL-OUTER
G1 F3600 E1994.30208
G1 F1500 X102.66 Y86.464 E1996.96367
G1 X102.66 Y67.076 E2003.41214
G1 X101.335 Y67.076 E2003.85284
G1 X101.245 Y66.956 E2003.90273
G1 X97 Y66.956 E2005.31462
G1 X97 Y92.121 E2013.68453
G0 F9000 X97.538 Y90.826
G0 X98.6 Y69.86
G0 X97.2 Y69.86
;TYPE:FILL
G1 F3000 X99.904 Y67.156 E2014.95641
G0 F9000 X99.5 Y69.169
G1 F3600 E2010.95641
;MESH:wildrosebuilds_puzzlecube.stl
G0 F9000 X97.507 Y90.9
G0 X98.69 Y92.082
G0 X97.507 Y95.794
G0 X97 Y122.121
;TYPE:WALL-OUTER
G1 F3600 E2014.95641
G1 F1500 X102.66 Y116.464 E2017.618
G1 X102.66 Y97.076 E2024.06647
G1 X101.335 Y97.076 E2024.50717
G1 X101.245 Y96.956 E2024.55706
G1 X97 Y96.956 E2025.96895
G1 X97 Y122.121 E2034.33886
G0 F9000 X97.538 Y120.826
G0 X98.6 Y99.86
G0 X97.2 Y99.86
;TYPE:FILL
G1 F3000 X99.904 Y97.156 E2035.61074
G0 F9000 X99.5 Y99.169
G1 F3600 E2031.61074
G0 F9000 X102.14 Y115.549
G0 X103.825 Y115.549
G0 X104.507 Y118.772
G0 X115.493 Y118.772
G0 X116.175 Y115.549
G0 X123 Y116.116
;TYPE:WALL-OUTER
G1 F3600 E2035.61074
G1 F1500 X123 Y101.084 E2040.61041
G1 X119.704 Y101.084 E2041.70666
G1 X117.34 Y103.451 E2042.81932
G1 X117.34 Y116.116 E2047.03172
G1 X123 Y116.116 E2048.91424
G0 F9000 X122.43 Y115.549
G0 X118.964 Y104.087
G0 X118.84 Y103.434
;TYPE:SKIN
G1 F1153.8 X121.95 Y103.434 E2050.25895
G1 X121.95 Y102.134 E2050.82104
G1 X120.138 Y102.134 E2051.60452
G1 X118.84 Y103.434 E2052.39883
G0 F9000 X119.84 Y104.91
G1 F3600 E2048.39883
;MESH:wildrosebuilds_puzzlecube.stl(1)
G0 F9000 X122.486 Y115.605
G0 X127.52 Y115.605
G0 X127 Y122.121
;TYPE:WALL-OUTER
G1 F3600 E2052.39883
G1 F1500 X132.66 Y116.464 E2055.06042
G1 X132.66 Y97.076 E2061.50889
G1 X131.335 Y97.076 E2061.94959
G1 X131.245 Y96.956 E2061.99948
G1 X127 Y96.956 E2063.41137
G1 X127 Y122.121 E2071.78128
G0 F9000 X127.538 Y120.826
G0 X128.6 Y99.859
G0 X127.2 Y99.859
;TYPE:FILL
G1 F3000 X129.903 Y97.156 E2073.05269
G0 F9000 X129.5 Y99.169
G1 F3600 E2069.05269
G0 F9000 X132.14 Y115.549
G0 X133.825 Y115.549
G0 X134.507 Y118.772
G0 X145.493 Y118.772
G0 X146.175 Y115.549
G0 X153 Y116.116
;TYPE:WALL-OUTER
G1 F3600 E2073.05269
G1 F1500 X153 Y101.084 E2078.05236
G1 X149.704 Y101.084 E2079.14861
G1 X147.34 Y103.451 E2080.26127
G1 X147.34 Y116.116 E2084.47367
G1 X153 Y116.116 E2086.35619
G0 F9000 X152.43 Y115.549
G0 X148.964 Y104.087
G0 X148.84 Y103.434
;TYPE:SKIN
G1 F1153.8 X151.95 Y103.434 E2087.7009
G1 X151.95 Y102.134 E2088.26299
G1 X150.138 Y102.134 E2089.04647
G1 X148.84 Y103.434 E2089.84078
G0 F9000 X149.84 Y104.91
G1 F3600 E2085.84078
;MESH:NONMESH
G0 F300 X149.84 Y104.91 Z6.25
G0 F9000 X147.86 Y104.007
G0 X146.175 Y104.007
G0 X145.497 Y103.318
G0 X133.813 Y95.806
G0 X110 Y88.784
G0 X110 Y83.285
;TIME_ELAPSED:714.749109
;LAYER:6
;TYPE:SUPPORT
G1 F3600 E2089.84078
G1 F1500 X105.66 Y83.285 E2091.28427
G1 X105.66 Y79.785 E2092.44838
G1 X107.238 Y79.783 E2092.97322
G1 X107.527 Y79.769 E2093.06946
G1 X108.019 Y79.705 E2093.23447
G1 X108.697 Y79.476 E2093.47249
G1 X109.227 Y79.19 E2093.6728
G1 X109.227 Y78.986 E2093.74065
G1 X109.49 Y78.986 E2093.82812
G1 X110 Y78.465 E2094.07061
G1 X110.02 Y78.445 E2094.08002
G1 X110.02 Y78.186 E2094.16617
G1 X110.283 Y78.186 E2094.25364
G1 X110.82 Y77.642 E2094.50788
G1 X110.82 Y77.386 E2094.59303
G1 X111.059 Y77.386 E2094.67252
G1 X111.628 Y76.586 E2094.99904
G1 X111.819 Y75.968 E2095.21418
G1 X111.919 Y75.482 E2095.37921
G1 X111.945 Y75.283 E2095.44596
G1 X111.998 Y75.214 E2095.4749
G1 X112.237 Y74.476 E2095.73291
G1 X112.258 Y74.351 E2095.77506
G1 X112.359 Y74.171 E2095.84371
G1 X112.512 Y74.051 E2095.90839
G1 X113.235 Y73.853 E2096.15771
G1 X113.414 Y73.692 E2096.23779
G1 X113.84 Y73.883 E2096.39306
G1 X113.84 Y73.946 E2096.41402
G1 X114.34 Y74.128 E2096.59099
G1 X114.34 Y83.286 E2099.63696
G1 X110 Y83.285 E2101.08045
G1 X110 Y78.465 E2102.68358
G1 F3600 E2098.68358
G0 F9000 X108.867 Y77.833
G0 X108.074 Y77.833
G0 X104.507 Y78.633
G0 X104.507 Y88.772
G0 X108.07 Y108.467
G0 X110 Y113.285
G1 F3600 E2102.68358
G1 F1500 X105.66 Y113.285 E2104.12707
G1 X105.66 Y109.785 E2105.29118
G1 X107.238 Y109.783 E2105.81602
G1 X107.527 Y109.769 E2105.91226
G1 X108.019 Y109.705 E2106.07728
G1 X108.697 Y109.476 E2106.3153
G1 X109.227 Y109.19 E2106.5156
G1 X109.227 Y108.986 E2106.58345
G1 X109.49 Y108.986 E2106.67093
G1 X110 Y108.465 E2106.91342
G1 X110.02 Y108.445 E2106.92282
G1 X110.02 Y108.186 E2107.00897
G1 X110.283 Y108.186 E2107.09644
G1 X110.82 Y107.642 E2107.35068
G1 X110.82 Y107.386 E2107.43583
G1 X111.059 Y107.386 E2107.51532
G1 X111.628 Y106.586 E2107.84184
G1 X111.819 Y105.968 E2108.05698
G1 X111.919 Y105.482 E2108.22201
G1 X111.945 Y105.283 E2108.28876
G1 X111.998 Y105.214 E2108.3177
G1 X112.237 Y104.476 E2108.57571
G1 X112.258 Y104.351 E2108.61787
G1 X112.359 Y104.171 E2108.68652
G1 X112.512 Y104.051 E2108.75119
G1 X113.235 Y103.853 E2109.00051
G1 X113.414 Y103.692 E2109.08059
G1 X113.84 Y103.883 E2109.23587
G1 X113.84 Y103.946 E2109.25682
G1 X114.34 Y104.128 E2109.4338
G1 X114.34 Y113.286 E2112.47976
G1 X110 Y113.285 E2113.92325
G1 X110 Y108.465 E2115.52639
G1 F3600 E2111.52639
G0 F9000 X109.667 Y107.033
G0 X109.667 Y106.233
G0 X111.458 Y103.399
G0 X111.975 Y102.992
G0 X125.847 Y95.806
G0 X133.813 Y95.806
G0 X137.846 Y108.535
G0 X140 Y113.285
G1 F3600 E2115.52639
G1 F1500 X135.66 Y113.285 E2116.96988
G1 X135.66 Y109.785 E2118.13398
G1 X137.238 Y109.783 E2118.65883
G1 X137.527 Y109.769 E2118.75506
G1 X138.019 Y109.705 E2118.92008
G1 X138.697 Y109.476 E2119.1581
G1 X139.227 Y109.19 E2119.35841
G1 X139.227 Y108.986 E2119.42626
G1 X139.49 Y108.986 E2119.51373
G1 X140 Y108.465 E2119.75622
G1 X140.02 Y108.445 E2119.76563
G1 X140.02 Y108.186 E2119.85177
G1 X140.283 Y108.186 E2119.93925
G1 X140.82 Y107.642 E2120.19349
G1 X140.82 Y107.386 E2120.27863
G1 X141.059 Y107.386 E2120.35812
G1 X141.628 Y106.586 E2120.68464
G1 X141.819 Y105.968 E2120.89978
G1 X141.919 Y105.482 E2121.06481
G1 X141.945 Y105.283 E2121.13156
G1 X141.998 Y105.214 E2121.1605
G1 X142.237 Y104.476 E2121.41851
G1 X142.258 Y104.351 E2121.46067
G1 X142.359 Y104.171 E2121.52932
G1 X142.512 Y104.051 E2121.59399
G1 X143.235 Y103.853 E2121.84332
G1 X143.414 Y103.692 E2121.92339
G1 X143.84 Y103.883 E2122.07867
G1 X143.84 Y103.946 E2122.09962
G1 X144.34 Y104.128 E2122.2766
G1 X144.34 Y113.286 E2125.32256
G1 X140 Y113.285 E2126.76605
G1 X140 Y108.465 E2128.36919
G1 F3600 E2124.36919
G0 F9000 X139.242 Y113.786
;TYPE:SUPPORT-INTERFACE
G1 F3600 E2128.36919
G1 F1500 X143.075 Y117.619 E2130.17212
G1 F3600 E2126.17212
G0 F9000 X140.773 Y113.786
G1 F3600 E2130.17212
G1 F1500 X136.939 Y117.619 E2131.97528
G1 F3600 E2127.97528
G0 F9000 X136.939 Y118.784
G0 X126.654 Y124.108
G0 X125.842 Y123.772
G0 X116.187 Y117.272
G0 X115.505 Y114.84
G0 X114.84 Y114.84
G1 F3600 E2131.97528
G1 F1500 X113.786 Y113.786 E2132.47105
G0 F9000 X114.84 Y114.263
G1 F1500 X111.483 Y117.619 E2134.04984
G1 F3600 E2130.04984
G0 F9000 X109.133 Y117.619
G1 F3600 E2134.04984
G1 F1500 X105.3 Y113.786 E2135.85277
G1 F3600 E2131.85277
G0 F9000 X106.833 Y113.785
G1 F3600 E2135.85277
G1 F1500 X105.16 Y115.457 E2136.63946
G1 F3600 E2132.63946
G0 F9000 X104.495 Y115.457
G0 X104.507 Y108.633
G0 X107.542 Y88.784
G0 X107.542 Y87.619
G1 F3600 E2136.63946
G1 F1500 X111.376 Y83.786 E2138.44262
G1 F3600 E2134.44262
G0 F9000 X109.242 Y83.786
G1 F3600 E2138.44262
G1 F1500 X113.075 Y87.619 E2140.24555
G1 F3600 E2136.24555
;MESH:wildrosebuilds_puzzlecube.stl(2)
G0 F9000 X117.854 Y85.605
G0 X123 Y86.116
;TYPE:WALL-OUTER
G1 F3600 E2140.24555
G1 F1500 X123 Y71.884 E2144.97913
G1 X118.904 Y71.884 E2146.34146
G1 X117.34 Y73.451 E2147.07783
G1 X117.34 Y86.116 E2151.29022
G1 X123 Y86.116 E2153.17275
G0 F9000 X122.43 Y85.549
G0 X118.91 Y74.399
G0 X118.268 Y73.868
;TYPE:SKIN
G1 F1420.5 X122.072 Y73.868 E2154.50881
G1 X122.072 Y72.812 E2154.87971
G1 X119.287 Y72.812 E2155.85788
G1 X118.268 Y73.835 E2156.36502
G1 X118.268 Y73.868 E2156.37661
G0 F9000 X119.84 Y75.006
G1 F3600 E2152.37661
G0 F9000 X117.854 Y85.605
G0 X116.175 Y85.605
G0 X115.493 Y88.772
G0 X104.507 Y88.772
G0 X103.825 Y86.251
G0 X97 Y92.121
;TYPE:WALL-OUTER
G1 F3600 E2156.37661
G1 F1500 X102.66 Y86.464 E2159.0382
G1 X102.66 Y66.956 E2165.52658
G1 X100.798 Y66.956 E2166.14589
G1 X100.738 Y67.045 E2166.18159
G1 X100.566 Y67.076 E2166.23972
G1 X98.986 Y67.08 E2166.76523
G1 X98.802 Y67.046 E2166.82746
G1 X98.741 Y66.956 E2166.86362
G1 X97 Y66.956 E2167.44268
G1 X97 Y92.121 E2175.8126
G0 F9000 X97.538 Y90.826
G0 X98.538 Y88.412
G0 X97.608 Y89.538
;TYPE:FILL
G1 F3000 X97.2 Y89.13 E2176.00451
G0 F9000 X98.538 Y88.412
G0 X98.6 Y70.66
G0 X97.2 Y70.66
G1 F3000 X100.593 Y67.267 E2177.60047
G0 F9000 X100.16 Y69.579
G1 F3600 E2173.60047
;MESH:wildrosebuilds_puzzlecube.stl
G0 F9000 X97.507 Y90.9
G0 X98.69 Y92.082
G0 X97.507 Y95.794
G0 X97 Y122.121
;TYPE:WALL-OUTER
G1 F3600 E2177.60047
G1 F1500 X102.66 Y116.464 E2180.26205
G1 X102.66 Y96.956 E2186.75044
G1 X100.798 Y96.956 E2187.36975
G1 X100.738 Y97.045 E2187.40545
G1 X100.566 Y97.076 E2187.46357
G1 X98.986 Y97.08 E2187.98909
G1 X98.802 Y97.046 E2188.05132
G1 X98.741 Y96.956 E2188.08748
G1 X97 Y96.956 E2188.66654
G1 X97 Y122.121 E2197.03645
G0 F9000 X97.538 Y120.826
G0 X98.538 Y118.412
G0 X97.608 Y119.539
;TYPE:FILL
G1 F3000 X97.2 Y119.13 E2197.2286
G0 F9000 X98.538 Y118.412
G0 X98.6 Y100.659
G0 X97.2 Y100.659
G1 F3000 X100.593 Y97.267 E2198.82433
G0 F9000 X100.16 Y99.579
G1 F3600 E2194.82433
G0 F9000 X102.14 Y115.549
G0 X103.825 Y115.549
G0 X104.507 Y118.772
G0 X115.493 Y118.772
G0 X116.175 Y115.549
G0 X123 Y116.116
;TYPE:WALL-OUTER
G1 F3600 E2198.82433
G1 F1500 X123 Y101.884 E2203.55791
G1 X118.904 Y101.884 E2204.92025
G1 X117.34 Y103.451 E2205.65661
G1 X117.34 Y116.116 E2209.86901
G1 X123 Y116.116 E2211.75153
G0 F9000 X122.43 Y115.549
G0 X118.91 Y104.399
G0 X118.268 Y103.868
;TYPE:SKIN
G1 F1420.5 X122.072 Y103.868 E2213.0876
G1 X122.072 Y102.812 E2213.45849
G1 X119.287 Y102.812 E2214.43666
G1 X118.268 Y103.835 E2214.9438
G1 X118.268 Y103.868 E2214.95539
G0 F9000 X119.84 Y105.006
G1 F3600 E2210.95539
;MESH:wildrosebuilds_puzzlecube.stl(1)
G0 F9000 X122.486 Y115.605
G0 X127.52 Y115.605
G0 X127 Y122.121
;TYPE:WALL-OUTER
G1 F3600 E2214.95539
G1 F1500 X132.66 Y116.464 E2217.61698
G1 X132.66 Y96.956 E2224.10536
G1 X130.798 Y96.956 E2224.72467
G1 X130.738 Y97.045 E2224.76037
G1 X130.566 Y97.076 E2224.8185
G1 X128.986 Y97.08 E2225.34401
G1 X128.802 Y97.046 E2225.40624
G1 X128.741 Y96.956 E2225.44241
G1 X127 Y96.956 E2226.02147
G1 X127 Y122.121 E2234.39138
G0 F9000 X127.538 Y120.826
G0 X128.538 Y118.412
G0 X127.608 Y119.539
;TYPE:FILL
G1 F3000 X127.2 Y119.131 E2234.58329
G0 F9000 X128.538 Y118.412
G0 X128.6 Y100.659
G0 X127.2 Y100.659
G1 F3000 X130.593 Y97.267 E2236.17902
G0 F9000 X130.16 Y99.579
G1 F3600 E2232.17902
G0 F9000 X132.14 Y115.549
G0 X133.825 Y115.549
G0 X134.507 Y118.772
G0 X145.493 Y118.772
G0 X146.175 Y115.549
G0 X153 Y116.116
;TYPE:WALL-OUTER
G1 F3600 E2236.17902
G1 F1500 X153 Y101.884 E2240.9126
G1 X148.904 Y101.884 E2242.27493
G1 X147.34 Y103.451 E2243.0113
G1 X147.34 Y116.116 E2247.22369
G1 X153 Y116.116 E2249.10622
G0 F9000 X152.43 Y115.549
G0 X148.91 Y104.399
G0 X148.268 Y103.868
;TYPE:SKIN
G1 F1420.5 X152.072 Y103.868 E2250.44229
G1 X152.072 Y102.812 E2250.81318
G1 X149.287 Y102.812 E2251.79135
G1 X148.268 Y103.835 E2252.29849
G1 X148.268 Y103.868 E2252.31008
G0 F9000 X149.84 Y105.006
G1 F3600 E2248.31008
;MESH:NONMESH
G0 F300 X149.84 Y105.006 Z7.05
G0 F9000 X147.854 Y104.313
G0 X146.175 Y104.313
G0 X145.497 Y103.318
G0 X133.813 Y95.806
G0 X105.776 Y88.784
G0 X105.776 Y87
;TIME_ELAPSED:755.899040
;LAYER:7
;TYPE:SUPPORT-INTERFACE
G1 F3600 E2252.31008
G1 F1217.5 X114.224 Y87 E2255.77177
G1 F3600 E2251.77177
G0 F9000 X114.224 Y88.784
G0 X115.497 Y103.318
G0 X115.505 Y117
G0 X114.224 Y117
G1 F3600 E2255.77177
G1 F1217.5 X105.776 Y117 E2259.23347
G1 F3600 E2255.23347
G0 F9000 X104.495 Y117
G0 X104.507 Y118.772
G0 X126.654 Y124.108
G0 X134.495 Y117
G0 X135.776 Y117
G1 F3600 E2259.23347
G1 F1217.5 X144.224 Y117 E2262.69516
G1 F3600 E2258.69516
G0 F9000 X145.505 Y117
G0 X145.497 Y103.318
G0 X143.201 Y102.329
G0 X141.975 Y102.992
G0 X141.458 Y103.399
G0 X138.074 Y107.833
G0 X138.069 Y108.473
G0 X140 Y112.485
;TYPE:SUPPORT
G1 F3600 E2262.69516
G1 F1500 X135.66 Y112.485 E2264.13865
G1 X135.66 Y109.785 E2265.03667
G1 X137.309 Y109.783 E2265.58513
G1 X137.634 Y109.764 E2265.69341
G1 X138.019 Y109.701 E2265.82317
G1 X138.456 Y109.566 E2265.97529
G1 X139.227 Y109.243 E2266.25332
G1 X139.227 Y108.986 E2266.3388
G1 X139.49 Y108.986 E2266.42628
G1 X140 Y108.465 E2266.66877
G1 X140.02 Y108.445 E2266.67817
G1 X140.02 Y108.186 E2266.76432
G1 X140.283 Y108.186 E2266.85179
G1 X140.82 Y107.642 E2267.10603
G1 X140.82 Y107.386 E2267.19118
G1 X141.087 Y107.386 E2267.27998
G1 X141.655 Y106.526 E2267.62277
G1 X141.848 Y105.867 E2267.85117
G1 X141.961 Y105.263 E2268.05554
G1 X142 Y105.213 E2268.07663
G1 X142.234 Y104.492 E2268.32875
G1 X142.258 Y104.351 E2268.37632
G1 X142.359 Y104.171 E2268.44497
G1 X142.512 Y104.051 E2268.50964
G1 X143.235 Y103.853 E2268.75897
G1 X143.414 Y103.692 E2268.83904
G1 X143.84 Y103.883 E2268.99432
G1 X143.84 Y103.946 E2269.01528
G1 X144.34 Y104.128 E2269.19225
G1 X144.34 Y112.486 E2271.97213
G1 X140 Y112.485 E2273.41562
G1 X140 Y108.465 E2274.75268
G1 F3600 E2270.75268
G0 F9000 X138.867 Y107.833
G0 X133.813 Y95.806
G0 X125.847 Y95.806
G0 X111.975 Y102.992
G0 X111.458 Y103.399
G0 X108.074 Y107.833
G0 X108.069 Y108.473
G0 X110 Y112.485
G1 F3600 E2274.75268
G1 F1500 X105.66 Y112.485 E2276.19617
G1 X105.66 Y109.785 E2277.09419
G1 X107.309 Y109.783 E2277.64265
G1 X107.634 Y109.764 E2277.75093
G1 X108.019 Y109.701 E2277.88069
G1 X108.456 Y109.566 E2278.03281
G1 X109.227 Y109.243 E2278.31084
G1 X109.227 Y108.986 E2278.39632
G1 X109.49 Y108.986 E2278.4838
G1 X110 Y108.465 E2278.72628
G1 X110.02 Y108.445 E2278.73569
G1 X110.02 Y108.186 E2278.82184
G1 X110.283 Y108.186 E2278.90931
G1 X110.82 Y107.642 E2279.16355
G1 X110.82 Y107.386 E2279.2487
G1 X111.087 Y107.386 E2279.3375
G1 X111.655 Y106.526 E2279.68029
G1 X111.848 Y105.867 E2279.90868
G1 X111.961 Y105.263 E2280.11306
G1 X112 Y105.213 E2280.13415
G1 X112.234 Y104.492 E2280.38627
G1 X112.258 Y104.351 E2280.43384
G1 X112.359 Y104.171 E2280.50249
G1 X112.512 Y104.051 E2280.56716
G1 X113.235 Y103.853 E2280.81649
G1 X113.414 Y103.692 E2280.89656
G1 X113.84 Y103.883 E2281.05184
G1 X113.84 Y103.946 E2281.0728
G1 X114.34 Y104.128 E2281.24977
G1 X114.34 Y112.486 E2284.02965
G1 X110 Y112.485 E2285.47314
G1 X110 Y108.465 E2286.8102
G1 F3600 E2282.8102
G0 F9000 X109.667 Y107.033
G0 X104.507 Y88.772
G0 X104.507 Y78.633
G0 X108.059 Y78.47
G0 X110 Y82.485
G1 F3600 E2286.8102
G1 F1500 X105.66 Y82.485 E2288.25369
G1 X105.66 Y79.785 E2289.15171
G1 X107.309 Y79.783 E2289.70017
G1 X107.634 Y79.764 E2289.80845
G1 X108.019 Y79.701 E2289.93821
G1 X108.456 Y79.566 E2290.09033
G1 X109.227 Y79.243 E2290.36836
G1 X109.227 Y78.986 E2290.45384
G1 X109.49 Y78.986 E2290.54132
G1 X110 Y78.465 E2290.7838
G1 X110.02 Y78.445 E2290.79321
G1 X110.02 Y78.186 E2290.87936
G1 X110.283 Y78.186 E2290.96683
G1 X110.82 Y77.642 E2291.22107
G1 X110.82 Y77.386 E2291.30622
G1 X111.087 Y77.386 E2291.39502
G1 X111.655 Y76.526 E2291.73781
G1 X111.848 Y75.867 E2291.9662
G1 X111.961 Y75.263 E2292.17058
G1 X112 Y75.213 E2292.19167
G1 X112.234 Y74.492 E2292.44379
G1 X112.258 Y74.351 E2292.49136
G1 X112.359 Y74.171 E2292.56001
G1 X112.512 Y74.051 E2292.62468
G1 X113.235 Y73.853 E2292.87401
G1 X113.414 Y73.692 E2292.95408
G1 X113.84 Y73.883 E2293.10936
G1 X113.84 Y73.946 E2293.13032
G1 X114.34 Y74.128 E2293.30729
G1 X114.34 Y82.486 E2296.08717
G1 X110 Y82.485 E2297.53066
G1 X110 Y78.465 E2298.86772
G1 F3600 E2294.86772
G0 F9000 X108.442 Y82.986
;TYPE:SUPPORT-INTERFACE
G1 F3600 E2298.86772
G1 F1500 X111.841 Y86.385 E2300.46651
G1 F3600 E2296.46651
G0 F9000 X108.776 Y86.386
G1 F3600 E2300.46651
G1 F1500 X112.176 Y82.985 E2302.066
G1 F3600 E2298.066
G0 F9000 X115.505 Y82.985
G0 X115.505 Y112.986
G0 X112.986 Y112.986
G1 F3600 E2302.066
G1 F1500 X114.84 Y114.84 E2302.93806
G0 F9000 X114.84 Y114.263
G1 F1500 X112.717 Y116.386 E2303.93666
G1 F3600 E2299.93666
G0 F9000 X107.9 Y116.385
G1 F3600 E2303.93666
G1 F1500 X105.16 Y113.645 E2305.22547
G1 F3600 E2301.22547
G0 F9000 X105.16 Y115.457
G1 F3600 E2305.22547
G1 F1500 X107.632 Y112.985 E2306.38822
G1 F3600 E2302.38822
G0 F9000 X104.495 Y112.985
G0 X104.507 Y118.772
G0 X126.654 Y124.108
G0 X138.173 Y118.784
G0 X138.173 Y116.386
G1 F3600 E2306.38822
G1 F1500 X141.573 Y112.986 E2307.98748
G1 F3600 E2303.98748
G0 F9000 X138.442 Y112.986
G1 F3600 E2307.98748
G1 F1500 X141.841 Y116.386 E2309.5865
G1 F3600 E2305.5865
;MESH:wildrosebuilds_puzzlecube.stl(2)
G0 F9000 X141.841 Y118.784
G0 X134.507 Y118.772
G0 X133.813 Y95.806
G0 X122.486 Y87.284
G0 X123 Y86.116
;TYPE:WALL-OUTER
G1 F3600 E2309.5865
G1 F1500 X123 Y72.684 E2314.054
G1 X118.104 Y72.684 E2315.68241
G1 X117.34 Y73.451 E2316.04248
G1 X117.34 Y86.116 E2320.25488
G1 X123 Y86.116 E2322.1374
G0 F9000 X122.43 Y85.549
G0 X121.43 Y74.399
G0 X121.944 Y73.74
;TYPE:SKIN
G1 F1143.3 X118.541 Y73.74 E2323.62238
G0 F9000 X119.84 Y75.006
G1 F3600 E2319.62238
G0 F9000 X117.854 Y85.605
G0 X116.175 Y85.605
G0 X115.493 Y88.772
G0 X104.507 Y88.772
G0 X103.825 Y86.251
G0 X97 Y92.121
;TYPE:WALL-OUTER
G1 F3600 E2323.62238
G1 F1500 X102.66 Y86.464 E2326.28396
G1 X102.66 Y66.956 E2332.77235
G1 X97 Y66.956 E2334.65488
G1 X97 Y92.121 E2343.02479
G0 F9000 X97.538 Y90.826
G0 X98.538 Y88.412
G0 X98.854 Y89.984
;TYPE:FILL
G1 F3000 X97.2 Y88.33 E2343.80278
G0 F9000 X98.6 Y88.33
G0 X98.6 Y71.461
G0 X97.2 Y71.461
G1 F3000 X101.504 Y67.156 E2345.82748
G0 F9000 X100.16 Y69.166
G1 F3600 E2341.82748
;MESH:wildrosebuilds_puzzlecube.stl
G0 F9000 X97.507 Y90.9
G0 X98.69 Y92.082
G0 X97.507 Y95.794
G0 X97 Y122.121
;TYPE:WALL-OUTER
G1 F3600 E2345.82748
G1 F1500 X102.66 Y116.464 E2348.48907
G1 X102.66 Y96.956 E2354.97746
G1 X97 Y96.956 E2356.85998
G1 X97 Y122.121 E2365.22989
G0 F9000 X97.538 Y120.826
G0 X98.538 Y118.412
G0 X98.855 Y119.985
;TYPE:FILL
G1 F3000 X97.2 Y118.329 E2366.00859
G0 F9000 X98.6 Y118.329
G0 X98.6 Y101.461
G0 X97.2 Y101.461
G1 F3000 X101.504 Y97.156 E2368.03329
G0 F9000 X100.16 Y99.166
G1 F3600 E2364.03329
G0 F9000 X102.14 Y115.549
G0 X103.825 Y115.549
G0 X104.507 Y118.772
G0 X115.493 Y118.772
G0 X116.175 Y115.549
G0 X123 Y116.116
;TYPE:WALL-OUTER
G1 F3600 E2368.03329
G1 F1500 X123 Y102.684 E2372.5008
G1 X118.104 Y102.684 E2374.12921
G1 X117.34 Y103.451 E2374.48928
G1 X117.34 Y116.116 E2378.70168
G1 X123 Y116.116 E2380.5842
G0 F9000 X122.43 Y115.549
G0 X121.43 Y104.399
G0 X121.944 Y103.74
;TYPE:SKIN
G1 F1143.3 X118.541 Y103.74 E2382.06918
G0 F9000 X119.84 Y105.006
G1 F3600 E2378.06918
;MESH:wildrosebuilds_puzzlecube.stl(1)
G0 F9000 X122.486 Y115.605
G0 X127.52 Y115.605
G0 X127 Y122.121
;TYPE:WALL-OUTER
G1 F3600 E2382.06918
G1 F1500 X132.66 Y116.464 E2384.73076
G1 X132.66 Y96.956 E2391.21915
G1 X127 Y96.956 E2393.10167
G1 X127 Y122.121 E2401.47159
G0 F9000 X127.538 Y120.826
G0 X128.538 Y118.412
G0 X128.855 Y119.985
;TYPE:FILL
G1 F3000 X127.2 Y118.33 E2402.25005
G0 F9000 X128.6 Y118.33
G0 X128.6 Y101.46
G0 X127.2 Y101.46
G1 F3000 X131.504 Y97.156 E2404.27452
G0 F9000 X130.16 Y99.166
G1 F3600 E2400.27452
G0 F9000 X132.14 Y115.549
G0 X133.825 Y115.549
G0 X134.507 Y118.772
G0 X145.493 Y118.772
G0 X146.175 Y115.549
G0 X153 Y116.116
;TYPE:WALL-OUTER
G1 F3600 E2404.27452
G1 F1500 X153 Y102.684 E2408.74202
G1 X148.104 Y102.684 E2410.37043
G1 X147.34 Y103.451 E2410.7305
G1 X147.34 Y116.116 E2414.9429
G1 X153 Y116.116 E2416.82542
G0 F9000 X152.43 Y115.549
G0 X151.43 Y104.399
G0 X151.944 Y103.74
;TYPE:SKIN
G1 F1143.3 X148.541 Y103.74 E2418.3104
G0 F9000 X149.84 Y105.006
G1 F3600 E2414.3104
;MESH:NONMESH
G0 F300 X149.84 Y105.006 Z7.85
G0 F9000 X147.854 Y104.313
G0 X146.175 Y104.313
G0 X145.497 Y103.318
G0 X133.813 Y95.806
G0 X109.842 Y88.784
G0 X109.842 Y84.386
;TIME_ELAPSED:802.012172
;LAYER:8
;TYPE:SUPPORT-INTERFACE
G1 F3600 E2418.3104
G1 F1500 X111.841 Y86.385 E2419.25067
G1 F3600 E2415.25067
G0 F9000 X110.776 Y84.385
G1 F3600 E2419.25067
G1 F1500 X108.776 Y86.386 E2420.19164
G1 F3600 E2416.19164
G0 F9000 X108.776 Y88.651
G0 X104.507 Y108.633
G0 X104.495 Y114.385
G0 X106.232 Y114.385
G1 F3600 E2420.19164
G1 F1500 X105.16 Y115.457 E2420.69588
G0 F9000 X105.901 Y114.386
G1 F1500 X107.9 Y116.385 E2421.63615
G1 F3600 E2417.63615
G0 F9000 X112.717 Y116.386
G1 F3600 E2421.63615
G1 F1500 X114.717 Y114.385 E2422.57712
G1 X114.386 Y114.386
G1 X114.84 Y114.84 E2422.79067
G1 F3600 E2418.79067
G0 F9000 X115.505 Y114.84
G0 X116.187 Y117.272
G0 X125.842 Y123.772
G0 X126.654 Y124.108
G0 X138.173 Y118.651
G0 X138.173 Y116.386
G1 F3600 E2422.79067
G1 F1500 X140.173 Y114.385 E2423.73164
G1 X139.842 Y114.386
G1 X141.841 Y116.386 E2424.67215
G1 F3600 E2420.67215
G0 F9000 X140 Y111.685
;TYPE:SUPPORT
G1 F3600 E2424.67215
G1 F1500 X135.66 Y111.685 E2426.11563
G1 X135.66 Y109.785 E2426.74758
G1 X137.384 Y109.783 E2427.32098
G1 X137.77 Y109.752 E2427.44978
G1 X138.248 Y109.654 E2427.61207
G1 X139.227 Y109.242 E2427.96535
G1 X139.227 Y108.986 E2428.05049
G1 X139.49 Y108.986 E2428.13797
G1 X140 Y108.465 E2428.38046
G1 X140.02 Y108.445 E2428.38986
G1 X140.02 Y108.186 E2428.47601
G1 X140.283 Y108.186 E2428.56348
G1 X140.82 Y107.642 E2428.81772
G1 X140.82 Y107.386 E2428.90287
G1 X141.051 Y107.386 E2428.9797
G1 X141.384 Y106.95 E2429.16217
G1 X141.672 Y106.459 E2429.3515
G1 X141.817 Y106.017 E2429.50622
G1 X141.909 Y105.563 E2429.66029
G1 X141.946 Y105.285 E2429.75356
G1 X142.002 Y105.212 E2429.78417
G1 X142.23 Y104.511 E2430.02934
G1 X142.257 Y104.352 E2430.08298
G1 X142.359 Y104.171 E2430.15208
G1 X142.512 Y104.051 E2430.21676
G1 X143.235 Y103.853 E2430.46608
G1 X143.414 Y103.692 E2430.54616
G1 X143.84 Y103.883 E2430.70143
G1 X143.84 Y103.946 E2430.72239
G1 X144.34 Y104.128 E2430.89936
G1 X144.34 Y111.686 E2433.41316
G1 X140 Y111.685 E2434.85665
G1 X140 Y108.465 E2435.92763
G1 F3600 E2431.92763
G0 F9000 X138.867 Y107.833
G0 X133.813 Y95.806
G0 X125.847 Y95.806
G0 X111.975 Y102.992
G0 X111.458 Y103.399
G0 X108.074 Y107.833
G0 X108.069 Y108.472
G0 X110 Y111.685
G1 F3600 E2435.92763
G1 F1500 X105.66 Y111.685 E2437.37112
G1 X105.66 Y109.785 E2438.00306
G1 X107.384 Y109.783 E2438.57647
G1 X107.77 Y109.752 E2438.70527
G1 X108.248 Y109.654 E2438.86756
G1 X109.227 Y109.242 E2439.22083
G1 X109.227 Y108.986 E2439.30598
G1 X109.49 Y108.986 E2439.39345
G1 X110 Y108.465 E2439.63594
G1 X110.02 Y108.445 E2439.64535
G1 X110.02 Y108.186 E2439.73149
G1 X110.283 Y108.186 E2439.81897
G1 X110.82 Y107.642 E2440.07321
G1 X110.82 Y107.386 E2440.15835
G1 X111.051 Y107.386 E2440.23518
G1 X111.384 Y106.95 E2440.41766
G1 X111.672 Y106.459 E2440.60698
G1 X111.817 Y106.017 E2440.7617
G1 X111.909 Y105.563 E2440.91577
G1 X111.946 Y105.285 E2441.00905
G1 X112.002 Y105.212 E2441.03965
G1 X112.23 Y104.511 E2441.28483
G1 X112.257 Y104.352 E2441.33847
G1 X112.359 Y104.171 E2441.40757
G1 X112.512 Y104.051 E2441.47224
G1 X113.235 Y103.853 E2441.72157
G1 X113.414 Y103.692 E2441.80164
G1 X113.84 Y103.883 E2441.95692
G1 X113.84 Y103.946 E2441.97787
G1 X114.34 Y104.128 E2442.15485
G1 X114.34 Y111.686 E2444.66865
G1 X110 Y111.685 E2446.11214
G1 X110 Y108.465 E2447.18312
G1 F3600 E2443.18312
G0 F9000 X109.667 Y107.033
G0 X104.507 Y88.638
G0 X104.507 Y78.633
G0 X108.069 Y78.472
G0 X110 Y81.685
G1 F3600 E2447.18312
G1 F1500 X105.66 Y81.685 E2448.62661
G1 X105.66 Y79.785 E2449.25855
G1 X107.384 Y79.783 E2449.83195
G1 X107.77 Y79.752 E2449.96075
G1 X108.248 Y79.654 E2450.12304
G1 X109.227 Y79.242 E2450.47632
G1 X109.227 Y78.986 E2450.56146
G1 X109.49 Y78.986 E2450.64894
G1 X110 Y78.465 E2450.89143
G1 X110.02 Y78.445 E2450.90083
G1 X110.02 Y78.186 E2450.98698
G1 X110.283 Y78.186 E2451.07445
G1 X110.82 Y77.642 E2451.32869
G1 X110.82 Y77.386 E2451.41384
G1 X111.051 Y77.386 E2451.49067
G1 X111.384 Y76.95 E2451.67314
G1 X111.672 Y76.459 E2451.86247
G1 X111.817 Y76.017 E2452.01719
G1 X111.909 Y75.563 E2452.17126
G1 X111.946 Y75.285 E2452.26454
G1 X112.002 Y75.212 E2452.29514
G1 X112.23 Y74.511 E2452.54031
G1 X112.257 Y74.352 E2452.59395
G1 X112.359 Y74.171 E2452.66306
G1 X112.512 Y74.051 E2452.72773
G1 X113.235 Y73.853 E2452.97705
G1 X113.414 Y73.692 E2453.05713
G1 X113.84 Y73.883 E2453.21241
G1 X113.84 Y73.946 E2453.23336
G1 X114.34 Y74.128 E2453.41034
G1 X114.34 Y81.686 E2455.92414
G1 X110 Y81.685 E2457.36763
G1 X110 Y78.465 E2458.4386
G1 F3600 E2454.4386
G0 F9000 X107.641 Y82.186
;TYPE:SUPPORT-INTERFACE
G1 F3600 E2458.4386
G1 F1500 X109.841 Y84.385 E2459.47318
G0 F9000 X110.775 Y84.386
G1 F1500 X112.977 Y82.185 E2460.5087
G1 F3600 E2456.5087
G0 F9000 X115.505 Y82.185
G0 X115.505 Y112.186
G0 X112.186 Y112.186
G1 F3600 E2460.5087
G1 F1500 X114.385 Y114.385 E2461.54304
G1 F3600 E2457.54304
G0 F9000 X115.505 Y114.385
G0 X115.497 Y103.318
G0 X113.201 Y102.329
G0 X111.975 Y102.992
G0 X111.458 Y103.399
G0 X108.074 Y107.833
G0 X107.9 Y108.537
G0 X108.433 Y112.185
G1 F3600 E2461.54304
G1 F1500 X106.231 Y114.386 E2462.57856
G1 X105.9 Y114.385
G1 X105.16 Y113.645 E2462.92663
G1 F3600 E2458.92663
G0 F9000 X104.495 Y113.645
G0 X104.507 Y118.638
G0 X126.654 Y124.108
G0 X133.821 Y116.946
G0 X134.495 Y112.185
G0 X137.641 Y112.185
G1 F3600 E2462.92663
G1 F1500 X139.841 Y114.385 E2463.96144
G1 X140.173 Y114.386
G1 X142.373 Y112.185 E2464.99649
G1 F3600 E2460.99649
;MESH:wildrosebuilds_puzzlecube.stl(2)
G0 F9000 X145.505 Y112.185
G0 X145.497 Y103.318
G0 X122.486 Y87.284
G0 X123 Y86.116
;TYPE:WALL-OUTER
G1 F3600 E2464.99649
G1 F1500 X123 Y73.484 E2469.19791
G1 X117.34 Y73.484 E2471.08044
G1 X117.34 Y86.116 E2475.28186
G1 X123 Y86.116 E2477.16438
G1 F3600 E2473.16438
G0 F9000 X122.43 Y85.549
G0 X117.854 Y85.605
G0 X116.175 Y85.605
G0 X115.493 Y88.639
G0 X104.507 Y88.638
G0 X103.825 Y86.251
G0 X97 Y92.121
G1 F3600 E2477.16438
G1 F1500 X102.66 Y86.464 E2479.82596
G1 X102.66 Y67.076 E2486.27444
G1 X99.032 Y67.076 E2487.48112
G1 X98.855 Y67.044 E2487.54094
G1 X98.794 Y66.956 E2487.57656
G1 X97 Y66.956 E2488.17324
G1 X97 Y92.121 E2496.54316
G0 F9000 X97.538 Y90.826
G0 X98.538 Y88.412
G0 X99.254 Y89.585
;TYPE:FILL
G1 F3000 X97.2 Y87.531 E2497.50929
G0 F9000 X98.6 Y87.531
G0 X98.6 Y72.259
G0 X97.2 Y72.259
G1 F3000 X102.184 Y67.276 E2499.85338
G0 F9000 X100.16 Y69.286
G1 F3600 E2495.85338
;MESH:wildrosebuilds_puzzlecube.stl
G0 F9000 X97.507 Y90.9
G0 X98.69 Y92.082
G0 X97.507 Y95.794
G0 X97 Y122.121
;TYPE:WALL-OUTER
G1 F3600 E2499.85338
G1 F1500 X102.66 Y116.464 E2502.51496
G1 X102.66 Y97.076 E2508.96344
G1 X99.032 Y97.076 E2510.17012
G1 X98.855 Y97.044 E2510.22994
G1 X98.794 Y96.956 E2510.26556
G1 X97 Y96.956 E2510.86224
G1 X97 Y122.121 E2519.23215
G0 F9000 X97.538 Y120.826
G0 X98.538 Y118.412
G0 X99.254 Y119.585
;TYPE:FILL
G1 F3000 X97.2 Y117.53 E2520.19853
G0 F9000 X98.6 Y117.53
G0 X98.6 Y102.259
G0 X97.2 Y102.259
G1 F3000 X102.183 Y97.276 E2522.54238
G0 F9000 X100.16 Y99.286
G1 F3600 E2518.54238
G0 F9000 X102.14 Y115.549
G0 X103.825 Y115.549
G0 X104.507 Y118.638
G0 X115.493 Y118.639
G0 X116.175 Y115.549
G0 X123 Y116.116
;TYPE:WALL-OUTER
G1 F3600 E2522.54238
G1 F1500 X123 Y103.484 E2526.7438
G1 X117.34 Y103.484 E2528.62632
G1 X117.34 Y116.116 E2532.82774
G1 X123 Y116.116 E2534.71027
G1 F3600 E2530.71027
;MESH:wildrosebuilds_puzzlecube.stl(1)
G0 F9000 X122.43 Y115.549
G0 X127.52 Y115.605
G0 X127 Y122.121
G1 F3600 E2534.71027
G1 F1500 X132.66 Y116.464 E2537.37185
G1 X132.66 Y97.076 E2543.82033
G1 X129.032 Y97.076 E2545.027
G1 X128.855 Y97.044 E2545.08683
G1 X128.794 Y96.956 E2545.12244
G1 X127 Y96.956 E2545.71913
G1 X127 Y122.121 E2554.08904
G0 F9000 X127.538 Y120.826
G0 X128.538 Y118.412
G0 X129.254 Y119.585
;TYPE:FILL
G1 F3000 X127.2 Y117.531 E2555.05518
G0 F9000 X128.6 Y117.531
G0 X128.6 Y102.259
G0 X127.2 Y102.259
G1 F3000 X132.183 Y97.276 E2557.39903
G0 F9000 X130.16 Y99.286
G1 F3600 E2553.39903
G0 F9000 X132.14 Y115.549
G0 X133.825 Y115.549
G0 X134.507 Y118.638
G0 X145.493 Y118.639
G0 X146.175 Y115.549
G0 X153 Y116.116
;TYPE:WALL-OUTER
G1 F3600 E2557.39903
G1 F1500 X153 Y103.484 E2561.60045
G1 X147.34 Y103.484 E2563.48298
G1 X147.34 Y116.116 E2567.6844
G1 X153 Y116.116 E2569.56692
G1 F3600 E2565.56692
;MESH:NONMESH
G0 F300 X153 Y116.116 Z8.65
G0 F9000 X152.43 Y115.549
G0 X147.854 Y104.001
G0 X146.175 Y104.001
G0 X145.497 Y103.318
G0 X121.196 Y87.266
G0 X116.187 Y87.272
G0 X115.497 Y73.318
G0 X113.201 Y72.329
G0 X111.975 Y72.992
G0 X111.458 Y73.399
G0 X108.074 Y77.833
G0 X108.069 Y78.472
G0 X110 Y80.885
;TIME_ELAPSED:844.905755
;LAYER:9
;TYPE:SUPPORT
G1 F3600 E2569.56692
G1 F1500 X105.66 Y80.885 E2571.01041
G1 X105.66 Y79.785 E2571.37627
G1 X107.532 Y79.783 E2571.9989
G1 X107.937 Y79.729 E2572.1348
G1 X108.234 Y79.656 E2572.23652
G1 X108.582 Y79.546 E2572.35791
G1 X109.227 Y79.215 E2572.59904
G1 X109.227 Y78.986 E2572.6752
G1 X109.49 Y78.986 E2572.76268
G1 X110 Y78.465 E2573.00517
G1 X110.02 Y78.445 E2573.01457
G1 X110.02 Y78.186 E2573.10072
G1 X110.283 Y78.186 E2573.18819
G1 X110.82 Y77.642 E2573.44243
G1 X110.82 Y77.386 E2573.52758
G1 X111.051 Y77.386 E2573.60441
G1 X111.439 Y76.879 E2573.81675
G1 X111.753 Y76.31 E2574.0329
G1 X111.899 Y75.648 E2574.25838
G1 X111.947 Y75.284 E2574.38049
G1 X112.005 Y75.207 E2574.41256
G1 X112.229 Y74.521 E2574.65258
G1 X112.258 Y74.35 E2574.71026
G1 X112.359 Y74.171 E2574.77862
G1 X112.512 Y74.051 E2574.84329
G1 X113.235 Y73.853 E2575.09262
G1 X113.414 Y73.692 E2575.17269
G1 X113.84 Y73.883 E2575.32797
G1 X113.84 Y73.946 E2575.34893
G1 X114.34 Y74.128 E2575.5259
G1 X114.34 Y80.886 E2577.77362
G1 X110 Y80.885 E2579.21711
G1 X110 Y78.465 E2580.02201
G1 F3600 E2576.02201
G0 F9000 X108.867 Y77.833
G0 X108.074 Y77.833
G0 X104.507 Y78.633
G0 X104.507 Y85.038
G0 X116.187 Y85.733
G0 X116.187 Y72.646
G0 X124.153 Y72.646
G0 X124.153 Y87.272
G0 X108.622 Y87.284
G0 X108.071 Y108.49
G0 X110 Y110.885
G1 F3600 E2580.02201
G1 F1500 X105.66 Y110.885 E2581.4655
G1 X105.66 Y109.785 E2581.83136
G1 X107.532 Y109.783 E2582.45399
G1 X107.937 Y109.729 E2582.58988
G1 X108.234 Y109.656 E2582.69161
G1 X108.582 Y109.546 E2582.813
G1 X109.227 Y109.215 E2583.05412
G1 X109.227 Y108.986 E2583.13029
G1 X109.49 Y108.986 E2583.21776
G1 X110 Y108.465 E2583.46025
G1 X110.02 Y108.445 E2583.46966
G1 X110.02 Y108.186 E2583.5558
G1 X110.283 Y108.186 E2583.64328
G1 X110.82 Y107.642 E2583.89752
G1 X110.82 Y107.386 E2583.98266
G1 X111.051 Y107.386 E2584.05949
G1 X111.439 Y106.879 E2584.27184
G1 X111.753 Y106.31 E2584.48799
G1 X111.899 Y105.648 E2584.71346
G1 X111.947 Y105.284 E2584.83558
G1 X112.005 Y105.207 E2584.86764
G1 X112.229 Y104.521 E2585.10766
G1 X112.258 Y104.35 E2585.16535
G1 X112.359 Y104.171 E2585.23371
G1 X112.512 Y104.051 E2585.29838
G1 X113.235 Y103.853 E2585.54771
G1 X113.414 Y103.692 E2585.62778
G1 X113.84 Y103.883 E2585.78306
G1 X113.84 Y103.946 E2585.80401
G1 X114.34 Y104.128 E2585.98099
G1 X114.34 Y110.886 E2588.22871
G1 X110 Y110.885 E2589.6722
G1 X110 Y108.465 E2590.47709
G1 F3600 E2586.47709
G0 F9000 X109.667 Y107.033
G0 X109.667 Y106.233
G0 X111.458 Y103.4
G0 X111.975 Y102.992
G0 X125.847 Y95.806
G0 X133.813 Y95.806
G0 X138.071 Y108.49
G0 X140 Y110.885
G1 F3600 E2590.47709
G1 F1500 X135.66 Y110.885 E2591.92058
G1 X135.66 Y109.785 E2592.28644
G1 X137.532 Y109.783 E2592.90907
G1 X137.937 Y109.729 E2593.04497
G1 X138.234 Y109.656 E2593.14669
G1 X138.582 Y109.546 E2593.26808
G1 X139.227 Y109.215 E2593.50921
G1 X139.227 Y108.986 E2593.58538
G1 X139.49 Y108.986 E2593.67285
G1 X140 Y108.465 E2593.91534
G1 X140.02 Y108.445 E2593.92475
G1 X140.02 Y108.186 E2594.01089
G1 X140.283 Y108.186 E2594.09836
G1 X140.82 Y107.642 E2594.3526
G1 X140.82 Y107.386 E2594.43775
G1 X141.051 Y107.386 E2594.51458
G1 X141.439 Y106.879 E2594.72692
G1 X141.753 Y106.31 E2594.94308
G1 X141.899 Y105.648 E2595.16855
G1 X141.947 Y105.284 E2595.29067
G1 X142.005 Y105.207 E2595.32273
G1 X142.229 Y104.521 E2595.56275
G1 X142.258 Y104.35 E2595.62044
G1 X142.359 Y104.171 E2595.6888
G1 X142.512 Y104.051 E2595.75347
G1 X143.235 Y103.853 E2596.00279
G1 X143.414 Y103.692 E2596.08287
G1 X143.84 Y103.883 E2596.23815
G1 X143.84 Y103.946 E2596.2591
G1 X144.34 Y104.128 E2596.43608
G1 X144.34 Y110.886 E2598.6838
G1 X140 Y110.885 E2600.12729
G1 X140 Y108.465 E2600.93218
G1 F3600 E2596.93218
G0 F9000 X136.841 Y111.386
;TYPE:SUPPORT-INTERFACE
G1 F3600 E2600.93218
G1 F1500 X139.041 Y113.585 E2601.96676
G1 F3600 E2597.96676
G0 F9000 X140.972 Y113.586
G1 F3600 E2601.96676
G1 F1500 X143.173 Y111.386 E2603.00181
G1 F3600 E2599.00181
G0 F9000 X145.505 Y111.386
G0 X145.493 Y115.039
G0 X134.507 Y115.038
G0 X133.813 Y95.806
G0 X125.847 Y95.806
G0 X116.187 Y102.646
G0 X115.505 Y113.585
G0 X113.585 Y113.585
G1 F3600 E2603.00181
G1 F1500 X111.386 Y111.386 E2604.03615
G1 F3600 E2600.03615
G0 F9000 X109.232 Y111.385
G1 F3600 E2604.03615
G1 F1500 X107.032 Y113.585 E2605.07096
G1 F3600 E2601.07096
G0 F9000 X107.032 Y115.051
G0 X104.507 Y115.038
G0 X104.507 Y108.633
G0 X124.153 Y87.272
G0 X124.153 Y72.646
G0 X116.187 Y72.646
G0 X116.187 Y85.733
G0 X109.041 Y85.051
G0 X109.041 Y83.585
G1 F3600 E2605.07096
G1 F1500 X106.842 Y81.386 E2606.1053
G1 F3600 E2602.1053
G0 F9000 X111.576 Y83.586
G1 F3600 E2606.1053
G1 F1500 X113.776 Y81.385 E2607.14035
G1 F3600 E2603.14035
;MESH:wildrosebuilds_puzzlecube.stl(2)
G0 F9000 X117.86 Y81.385
G0 X123 Y86.116
;TYPE:WALL-OUTER
G1 F3600 E2607.14035
G1 F1500 X123 Y73.796 E2611.238
G1 X117.34 Y73.796 E2613.12052
G1 X117.34 Y86.116 E2617.21817
G1 X123 Y86.116 E2619.10069
G1 F3600 E2615.10069
G0 F9000 X122.43 Y85.549
G0 X117.854 Y85.605
G0 X116.175 Y85.605
G0 X103.813 Y85.732
G0 X97 Y92.121
G1 F3600 E2619.10069
G1 F1500 X102.66 Y86.464 E2621.76228
G1 X102.66 Y66.956 E2628.25067
G1 X97 Y66.956 E2630.13319
G1 X97 Y92.121 E2638.5031
G0 F9000 X97.538 Y90.826
G0 X98.667 Y88.197
G0 X99.654 Y89.185
;TYPE:FILL
G1 F3000 X97.2 Y86.73 E2639.65763
G0 F9000 X98.6 Y86.73
G0 X98.6 Y73.06
G0 X97.2 Y73.06
G1 F3000 X102.46 Y67.8 E2642.13177
G0 F9000 X100.16 Y69.286
G1 F3600 E2638.13177
;MESH:wildrosebuilds_puzzlecube.stl
G0 F9000 X102.142 Y86.251
G0 X103.332 Y87.44
G0 X117.854 Y102.634
G0 X123 Y116.116
;TYPE:WALL-OUTER
G1 F3600 E2642.13177
G1 F1500 X123 Y103.796 E2646.22942
G1 X117.34 Y103.796 E2648.11194
G1 X117.34 Y116.116 E2652.20959
G1 X123 Y116.116 E2654.09211
G1 F3600 E2650.09211
G0 F9000 X122.43 Y115.549
G0 X117.854 Y115.605
G0 X116.175 Y115.605
G0 X103.813 Y115.732
G0 X97 Y122.121
G1 F3600 E2654.09211
G1 F1500 X102.66 Y116.464 E2656.7537
G1 X102.66 Y96.956 E2663.24208
G1 X97 Y96.956 E2665.12461
G1 X97 Y122.121 E2673.49452
G0 F9000 X97.538 Y120.826
G0 X98.667 Y118.197
G0 X99.655 Y119.185
;TYPE:FILL
G1 F3000 X97.2 Y116.73 E2674.64928
G0 F9000 X98.6 Y116.73
G0 X98.6 Y103.06
G0 X97.2 Y103.06
G1 F3000 X102.46 Y97.8 E2677.12342
G0 F9000 X100.16 Y99.286
G1 F3600 E2673.12342
;MESH:wildrosebuilds_puzzlecube.stl(1)
G0 F9000 X102.142 Y116.251
G0 X103.813 Y115.732
G0 X116.187 Y115.733
G0 X116.187 Y102.646
G0 X124.153 Y102.646
G0 X125.835 Y116.251
G0 X127 Y122.121
;TYPE:WALL-OUTER
G1 F3600 E2677.12342
G1 F1500 X132.66 Y116.464 E2679.78501
G1 X132.66 Y96.956 E2686.27339
G1 X127 Y96.956 E2688.15592
G1 X127 Y122.121 E2696.52583
G1 F3600 E2692.52583
G0 F9000 X127.538 Y120.826
G0 X132.142 Y116.251
G0 X133.813 Y115.732
G0 X146.175 Y115.605
G0 X153 Y116.116
G1 F3600 E2696.52583
G1 F1500 X153 Y103.796 E2700.62348
G1 X147.34 Y103.796 E2702.506
G1 X147.34 Y116.116 E2706.60365
G1 X153 Y116.116 E2708.48617
G1 F3600 E2704.48617
G0 F9000 X152.43 Y115.549
G0 X147.854 Y115.605
G0 X146.175 Y115.605
G0 X133.825 Y115.605
G0 X132.14 Y115.605
G0 X128.667 Y118.197
G0 X129.654 Y119.185
;TYPE:FILL
G1 F3600 E2708.48617
G1 F3000 X127.2 Y116.731 E2709.64046
G0 F9000 X128.6 Y116.731
G0 X128.6 Y103.059
G0 X127.2 Y103.059
G1 F3000 X132.46 Y97.799 E2712.1146
G0 F9000 X130.16 Y99.286
G1 F3600 E2708.1146
;MESH:NONMESH
G0 F300 X130.16 Y99.286 Z9.45
G0 F9000 X127.514 Y97.473
G0 X125.835 Y97.473
G0 X124.153 Y72.646
G0 X116.187 Y72.646
G0 X116.187 Y85.733
G0 X104.507 Y85.038
G0 X104.507 Y78.633
G0 X108.071 Y78.49
G0 X110 Y80.085
;TIME_ELAPSED:886.045565
;LAYER:10
;TYPE:SUPPORT
G1 F3600 E2712.1146
G1 F1500 X105.66 Y80.085 E2713.55809
G1 X105.66 Y79.785 E2713.65787
G1 X107.621 Y79.783 E2714.31011
G1 X108.188 Y79.686 E2714.50143
G1 X108.602 Y79.538 E2714.64766
G1 X108.705 Y79.479 E2714.68714
G1 X109.227 Y79.268 E2714.87441
G1 X109.227 Y78.986 E2714.9682
G1 X109.49 Y78.986 E2715.05567
G1 X110 Y78.465 E2715.29816
G1 X110.02 Y78.445 E2715.30757
G1 X110.02 Y78.186 E2715.39371
G1 X110.285 Y78.186 E2715.48185
G1 X110.82 Y77.643 E2715.73539
G1 X110.82 Y77.386 E2715.82087
G1 X111.036 Y77.386 E2715.89271
G1 X111.383 Y76.978 E2716.07085
G1 X111.696 Y76.421 E2716.28336
G1 X111.845 Y75.914 E2716.45912
G1 X111.914 Y75.562 E2716.57842
G1 X111.948 Y75.285 E2716.67124
G1 X112.004 Y75.21 E2716.70238
G1 X112.224 Y74.541 E2716.93661
G1 X112.257 Y74.351 E2717.00075
G1 X112.358 Y74.171 E2717.0694
G1 X112.51 Y74.051 E2717.13381
G1 X113.235 Y73.853 E2717.38378
G1 X113.414 Y73.692 E2717.46385
G1 X113.84 Y73.883 E2717.61913
G1 X113.84 Y73.946 E2717.64008
G1 X114.34 Y74.128 E2717.81706
G1 X114.34 Y80.086 E2719.7987
G1 X110 Y80.085 E2721.24219
G1 X110 Y78.465 E2721.781
G1 F3600 E2717.781
G0 F9000 X108.867 Y77.833
G0 X108.074 Y77.833
G0 X104.507 Y78.632
G0 X104.507 Y84.238
G0 X116.187 Y84.933
G0 X116.187 Y72.646
G0 X124.153 Y72.646
G0 X124.153 Y87.272
G0 X108.867 Y87.284
G0 X108.867 Y107.833
G0 X110 Y110.085
G1 F3600 E2721.781
G1 F1500 X105.66 Y110.085 E2723.22449
G1 X105.66 Y109.785 E2723.32427
G1 X107.621 Y109.783 E2723.9765
G1 X108.188 Y109.686 E2724.16783
G1 X108.602 Y109.538 E2724.31406
G1 X108.705 Y109.479 E2724.35354
G1 X109.227 Y109.268 E2724.5408
G1 X109.227 Y108.986 E2724.6346
G1 X109.49 Y108.986 E2724.72207
G1 X110 Y108.465 E2724.96456
G1 X110.02 Y108.445 E2724.97397
G1 X110.02 Y108.186 E2725.06011
G1 X110.285 Y108.186 E2725.14825
G1 X110.82 Y107.643 E2725.40179
G1 X110.82 Y107.386 E2725.48727
G1 X111.036 Y107.386 E2725.55911
G1 X111.383 Y106.978 E2725.73725
G1 X111.696 Y106.421 E2725.94976
G1 X111.845 Y105.914 E2726.12552
G1 X111.914 Y105.562 E2726.24482
G1 X111.948 Y105.285 E2726.33764
G1 X112.004 Y105.21 E2726.36877
G1 X112.224 Y104.541 E2726.60301
G1 X112.257 Y104.351 E2726.66715
G1 X112.358 Y104.171 E2726.7358
G1 X112.51 Y104.051 E2726.80021
G1 X113.235 Y103.853 E2727.05017
G1 X113.414 Y103.692 E2727.13025
G1 X113.84 Y103.883 E2727.28553
G1 X113.84 Y103.946 E2727.30648
G1 X114.34 Y104.128 E2727.48346
G1 X114.34 Y110.086 E2729.4651
G1 X110 Y110.085 E2730.90859
G1 X110 Y108.465 E2731.4474
G1 F3600 E2727.4474
G0 F9000 X109.667 Y107.033
G0 X109.667 Y106.233
G0 X111.457 Y103.401
G0 X111.974 Y102.992
G0 X125.847 Y95.806
G0 X133.813 Y95.806
G0 X138.071 Y108.491
G0 X140 Y110.085
G1 F3600 E2731.4474
G1 F1500 X135.66 Y110.085 E2732.89089
G1 X135.66 Y109.785 E2732.99067
G1 X137.621 Y109.783 E2733.6429
G1 X138.188 Y109.686 E2733.83423
G1 X138.602 Y109.538 E2733.98046
G1 X138.705 Y109.479 E2734.01994
G1 X139.227 Y109.268 E2734.2072
G1 X139.227 Y108.986 E2734.301
G1 X139.49 Y108.986 E2734.38847
G1 X140 Y108.465 E2734.63096
G1 X140.02 Y108.445 E2734.64037
G1 X140.02 Y108.186 E2734.72651
G1 X140.285 Y108.186 E2734.81465
G1 X140.82 Y107.643 E2735.06819
G1 X140.82 Y107.386 E2735.15366
G1 X141.036 Y107.386 E2735.22551
G1 X141.383 Y106.978 E2735.40365
G1 X141.696 Y106.421 E2735.61616
G1 X141.845 Y105.914 E2735.79192
G1 X141.914 Y105.562 E2735.91122
G1 X141.948 Y105.285 E2736.00404
G1 X142.004 Y105.21 E2736.03517
G1 X142.224 Y104.541 E2736.26941
G1 X142.257 Y104.351 E2736.33355
G1 X142.358 Y104.171 E2736.40219
G1 X142.51 Y104.051 E2736.46661
G1 X143.235 Y103.853 E2736.71657
G1 X143.414 Y103.692 E2736.79665
G1 X143.84 Y103.883 E2736.95193
G1 X143.84 Y103.946 E2736.97288
G1 X144.34 Y104.128 E2737.14985
G1 X144.34 Y110.086 E2739.13149
G1 X140 Y110.085 E2740.57498
G1 X140 Y108.465 E2741.1138
G1 F3600 E2737.1138
G0 F9000 X136.042 Y110.586
;TYPE:SUPPORT-INTERFACE
G1 F3600 E2741.1138
G1 F1500 X138.241 Y112.785 E2742.14814
G1 F3600 E2738.14814
G0 F9000 X135.488 Y110.585
G1 F3600 E2742.14814
G1 F1500 X135.161 Y110.913 E2742.30219
G1 F3600 E2738.30219
G0 F9000 X134.495 Y110.913
G0 X134.507 Y114.238
G0 X141.773 Y114.251
G0 X141.773 Y112.786
G1 F3600 E2742.30219
G1 F1500 X143.973 Y110.585 E2743.33723
G0 F9000 X144.527 Y110.586
G1 F1500 X144.84 Y110.899 E2743.48446
G1 F3600 E2739.48446
G0 F9000 X145.505 Y110.899
G0 X145.493 Y114.239
G0 X134.507 Y114.238
G0 X133.813 Y95.806
G0 X125.847 Y95.806
G0 X116.187 Y102.646
G0 X115.493 Y114.239
G0 X112.786 Y114.251
G0 X112.786 Y112.786
G1 F3600 E2743.48446
G1 F1500 X110.586 Y110.586 E2744.51927
G0 F9000 X110.032 Y110.585
G1 F1500 X107.832 Y112.786 E2745.55432
G1 F3600 E2741.55432
G0 F9000 X107.832 Y114.251
G0 X104.507 Y114.238
G0 X104.507 Y108.632
G0 X124.153 Y87.272
G0 X124.153 Y72.646
G0 X116.187 Y72.646
G0 X116.187 Y84.933
G0 X108.24 Y84.251
G0 X108.24 Y82.785
G1 F3600 E2745.55432
G1 F1500 X106.042 Y80.586 E2746.58843
G1 X106.091 Y80.585
G1 X105.16 Y81.516 E2747.02634
G1 F3600 E2743.02634
G0 F9000 X104.495 Y81.516
G0 X104.507 Y84.238
G0 X112.376 Y84.251
G0 X112.376 Y82.786
G1 F3600 E2747.02634
G1 F1500 X114.576 Y80.585 E2748.06139
G1 X114.527 Y80.586
G1 X114.841 Y80.899 E2748.20885
G1 F3600 E2744.20885
;MESH:wildrosebuilds_puzzlecube.stl(2)
G0 F9000 X117.86 Y80.899
G0 X116.929 Y86.097
;TYPE:WALL-OUTER
G1 F3600 E2748.20885
G1 F1442.3 X103.142 Y86.102 E2752.97785
G1 F3600 E2748.97785
G0 F9000 X101.068 Y85.806
G0 X97.538 Y90.826
G0 X97 Y92.121
G1 F3600 E2752.97785
G1 F1500 X102.039 Y87.081 E2755.34827
G1 F1489.6 X102.927 Y86.177 E2755.77269
G1 F1462 X103.142 Y86.102 E2755.8504
G1 F1450.7 X102.962 Y86.058 E2755.91412
G1 F1463.4 X102.837 Y85.98 E2755.96435
G1 F1485.1 X102.66 Y85.584 E2756.11006
G1 F1500 X102.66 Y66.956 E2762.30576
G1 X97 Y66.956 E2764.18829
G1 X97 Y92.121 E2772.5582
G1 F3600 E2768.5582
G0 F9000 X97.538 Y90.826
G0 X102.142 Y86.251
G0 X103.487 Y87.28
G0 X124.153 Y87.272
G0 X124.153 Y72.646
G0 X116.187 Y72.646
G0 X116.187 Y84.933
G0 X116.929 Y86.097
G1 F3600 E2772.5582
G1 F1469.1 X117.872 Y86.116 E2772.87849
G1 F1500 X123 Y86.116 E2774.58407
G1 X123 Y73.796 E2778.68172
G1 X117.34 Y73.796 E2780.56425
G1 X117.34 Y85.584 E2784.48495
G1 F1469.1 X116.929 Y86.097 E2784.70817
G1 F3600 E2780.70817
G0 F9000 X117.91 Y85.549
G0 X116.187 Y84.933
G0 X103.813 Y84.932
G0 X102.14 Y85.605
G0 X99.067 Y87.797
G0 X100.054 Y88.784
;TYPE:FILL
G1 F3600 E2784.70817
G1 F3000 X97.2 Y85.93 E2786.05061
G0 F9000 X98.6 Y85.93
G0 X98.6 Y73.861
G0 X97.2 Y73.861
G1 F3000 X102.46 Y68.601 E2788.52475
G0 F9000 X100.16 Y69.579
G1 F3600 E2784.52475
;MESH:wildrosebuilds_puzzlecube.stl
G0 F9000 X97.507 Y90.9
G0 X98.69 Y92.082
G0 X97.507 Y95.794
G0 X97.507 Y97.479
G0 X101.068 Y115.806
G0 X103.142 Y116.102
;TYPE:WALL-OUTER
G1 F3600 E2788.52475
G1 F1442.3 X116.929 Y116.097 E2793.29375
G1 F1469.1 X117.872 Y116.116 E2793.61404
G1 F1500 X123 Y116.116 E2795.31962
G1 X123 Y103.796 E2799.41727
G1 X117.34 Y103.796 E2801.29979
G1 X117.34 Y115.584 E2805.2205
G1 F1469.1 X116.929 Y116.097 E2805.44372
G1 F3600 E2801.44372
G0 F9000 X117.91 Y115.549
G0 X116.187 Y114.933
G0 X116.187 Y102.646
G0 X124.153 Y102.646
G0 X124.153 Y117.272
G0 X103.487 Y117.28
G0 X97 Y122.121
G1 F3600 E2805.44372
G1 F1500 X102.039 Y117.081 E2807.81415
G1 F1489.6 X102.927 Y116.177 E2808.23856
G1 F1462 X103.142 Y116.102 E2808.31627
G1 F1450.7 X102.962 Y116.058 E2808.37999
G1 F1463.4 X102.837 Y115.98 E2808.43023
G1 F1485.1 X102.66 Y115.584 E2808.57594
G1 F1500 X102.66 Y96.956 E2814.77163
G1 X97 Y96.956 E2816.65416
G1 X97 Y122.121 E2825.02407
G0 F9000 X97.538 Y120.826
G0 X99.067 Y117.797
G0 X100.055 Y118.785
;TYPE:FILL
G1 F3000 X97.2 Y115.929 E2826.36721
G0 F9000 X98.6 Y115.929
G0 X98.6 Y103.86
G0 X97.2 Y103.86
G1 F3000 X102.46 Y98.6 E2828.84135
G0 F9000 X100.16 Y99.579
G1 F3600 E2824.84135
;MESH:wildrosebuilds_puzzlecube.stl(1)
G0 F9000 X102.142 Y116.251
G0 X103.487 Y117.28
G0 X124.153 Y117.272
G0 X125.835 Y116.251
G0 X127 Y122.121
;TYPE:WALL-OUTER
G1 F3600 E2828.84135
G1 F1500 X132.039 Y117.081 E2831.21178
G1 F1489.6 X132.927 Y116.177 E2831.6362
G1 F1462 X133.142 Y116.102 E2831.7139
G1 F1450.7 X132.962 Y116.058 E2831.77763
G1 F1463.4 X132.837 Y115.98 E2831.82786
G1 F1485.1 X132.66 Y115.584 E2831.97357
G1 F1500 X132.66 Y96.956 E2838.16927
G1 X127 Y96.956 E2840.05179
G1 X127 Y122.121 E2848.4217
G1 F3600 E2844.4217
G0 F9000 X127.538 Y120.826
G0 X131.068 Y115.806
G0 X133.142 Y116.102
G1 F3600 E2848.4217
G1 F1442.3 X146.929 Y116.097 E2853.1907
G1 F1469.1 X147.872 Y116.116 E2853.511
G1 F1500 X153 Y116.116 E2855.21658
G1 X153 Y103.796 E2859.31423
G1 X147.34 Y103.796 E2861.19675
G1 X147.34 Y115.584 E2865.11745
G1 F1469.1 X146.929 Y116.097 E2865.34068
G1 F3600 E2861.34068
G0 F9000 X147.91 Y115.549
G0 X146.187 Y114.933
G0 X133.813 Y114.932
G0 X132.14 Y115.605
G0 X129.067 Y117.797
G0 X130.055 Y118.785
;TYPE:FILL
G1 F3600 E2865.34068
G1 F3000 X127.2 Y115.93 E2866.68358
G0 F9000 X128.6 Y115.93
G0 X128.6 Y103.86
G0 X127.2 Y103.86
G1 F3000 X132.459 Y98.6 E2869.15749
G0 F9000 X130.16 Y99.579
G1 F3600 E2865.15749
;MESH:NONMESH
G0 F300 X130.16 Y99.579 Z10.25
G0 F9000 X127.514 Y97.473
G0 X127.514 Y95.794
G0 X124.153 Y72.646
G0 X116.187 Y72.646
G0 X115.493 Y84.239
G0 X104.507 Y84.238
G0 X104.507 Y78.632
G0 X108.074 Y77.833
G0 X108.867 Y77.833
G0 X110 Y78.465
;TIME_ELAPSED:932.096244
;LAYER:11
;TYPE:SUPPORT
G1 F3600 E2869.15749
G1 F1500 X110.02 Y78.445 E2869.1669
G1 X110.02 Y78.186 E2869.25304
G1 X110.284 Y78.186 E2869.34085
G1 X110.82 Y77.646 E2869.59391
G1 X110.82 Y77.386 E2869.68038
G1 X111.079 Y77.386 E2869.76653
G1 X111.445 Y76.89 E2869.97155
G1 X111.712 Y76.388 E2870.16066
G1 X111.893 Y75.747 E2870.3822
G1 X111.948 Y75.285 E2870.53694
G1 X112.002 Y75.213 E2870.56688
G1 X112.216 Y74.594 E2870.78471
G1 X112.258 Y74.354 E2870.86575
G1 X112.358 Y74.172 E2870.93482
G1 X112.51 Y74.051 E2870.99944
G1 X113.235 Y73.853 E2871.2494
G1 X113.414 Y73.692 E2871.32948
G1 X113.84 Y73.883 E2871.48476
G1 X113.84 Y73.946 E2871.50571
G1 X114.34 Y74.128 E2871.68269
G1 X114.34 Y79.286 E2873.39824
G1 X110 Y79.285 E2874.84173
G1 X110 Y78.465 E2875.11447
G1 F3600 E2871.11447
G0 F9000 X108.867 Y77.833
G0 X108.074 Y77.833
G0 X104.507 Y78.632
G0 X104.507 Y83.438
G0 X116.187 Y84.133
G0 X116.187 Y72.646
G0 X124.153 Y72.646
G0 X124.153 Y87.272
G0 X109.126 Y87.284
G0 X109.667 Y107.033
G0 X110 Y108.465
G1 F3600 E2875.11447
G1 F1500 X110.02 Y108.445 E2875.12387
G1 X110.02 Y108.186 E2875.21002
G1 X110.284 Y108.186 E2875.29782
G1 X110.82 Y107.646 E2875.55088
G1 X110.82 Y107.386 E2875.63736
G1 X111.079 Y107.386 E2875.72351
G1 X111.445 Y106.89 E2875.92853
G1 X111.712 Y106.388 E2876.11764
G1 X111.893 Y105.747 E2876.33917
G1 X111.948 Y105.285 E2876.49392
G1 X112.002 Y105.213 E2876.52386
G1 X112.216 Y104.594 E2876.74169
G1 X112.258 Y104.354 E2876.82273
G1 X112.358 Y104.172 E2876.8918
G1 X112.51 Y104.051 E2876.95642
G1 X113.235 Y103.853 E2877.20638
G1 X113.414 Y103.692 E2877.28646
G1 X113.84 Y103.883 E2877.44174
G1 X113.84 Y103.946 E2877.46269
G1 X114.34 Y104.128 E2877.63966
G1 X114.34 Y109.286 E2879.35522
G1 X110 Y109.285 E2880.79871
G1 X110 Y108.465 E2881.07145
G1 F3600 E2877.07145
G0 F9000 X109.667 Y107.033
G0 X109.667 Y106.233
G0 X111.529 Y103.343
G0 X111.974 Y102.992
G0 X125.847 Y95.806
G0 X133.813 Y95.806
G0 X138.867 Y107.833
G0 X140 Y108.465
G1 F3600 E2881.07145
G1 F1500 X140.02 Y108.445 E2881.08085
G1 X140.02 Y108.186 E2881.167
G1 X140.284 Y108.186 E2881.2548
G1 X140.82 Y107.646 E2881.50786
G1 X140.82 Y107.386 E2881.59434
G1 X141.079 Y107.386 E2881.68048
G1 X141.445 Y106.89 E2881.88551
G1 X141.712 Y106.388 E2882.07462
G1 X141.893 Y105.747 E2882.29615
G1 X141.948 Y105.285 E2882.4509
G1 X142.002 Y105.213 E2882.48083
G1 X142.216 Y104.594 E2882.69867
G1 X142.258 Y104.354 E2882.77971
G1 X142.358 Y104.172 E2882.84878
G1 X142.51 Y104.051 E2882.9134
G1 X143.235 Y103.853 E2883.16336
G1 X143.414 Y103.692 E2883.24344
G1 X143.84 Y103.883 E2883.39871
G1 X143.84 Y103.946 E2883.41967
G1 X144.34 Y104.128 E2883.59664
G1 X144.34 Y109.286 E2885.3122
G1 X140 Y109.285 E2886.75569
G1 X140 Y108.465 E2887.02842
G1 F3600 E2883.02842
G0 F9000 X136.288 Y109.785
;TYPE:SUPPORT-INTERFACE
G1 F3600 E2887.02842
G1 F1500 X135.16 Y110.913 E2887.559
G0 F9000 X135.241 Y109.785
G1 F1500 X137.441 Y111.985 E2888.59381
G1 F3600 E2884.59381
G0 F9000 X142.573 Y111.986
G1 F3600 E2888.59381
G1 F1500 X144.773 Y109.785 E2889.62886
G0 F9000 X143.727 Y109.786
G1 F1500 X144.84 Y110.899 E2890.15238
G1 F3600 E2886.15238
G0 F9000 X145.505 Y110.899
G0 X145.493 Y113.439
G0 X134.507 Y113.438
G0 X133.813 Y95.806
G0 X125.847 Y95.806
G0 X116.187 Y102.646
G0 X115.493 Y113.439
G0 X111.985 Y113.451
G0 X111.985 Y111.985
G1 F3600 E2890.15238
G1 F1500 X109.785 Y109.785 E2891.18719
G0 F9000 X110.832 Y109.785
G1 F1500 X108.631 Y111.986 E2892.22248
G1 F3600 E2888.22248
G0 F9000 X108.631 Y113.451
G0 X104.507 Y113.438
G0 X104.507 Y108.632
G0 X124.153 Y87.272
G0 X124.153 Y72.646
G0 X116.187 Y72.646
G0 X116.187 Y84.133
G0 X107.441 Y83.451
G0 X107.441 Y81.985
G1 F3600 E2892.22248
G1 F1500 X105.242 Y79.786 E2893.25682
G1 F3600 E2889.25682
G0 F9000 X106.891 Y79.785
G1 F3600 E2893.25682
G1 F1500 X105.16 Y81.516 E2894.07103
G1 F3600 E2890.07103
G0 F9000 X104.495 Y81.516
G0 X104.507 Y83.438
G0 X113.175 Y83.451
G0 X113.175 Y81.986
G1 F3600 E2894.07103
G1 F1500 X114.84 Y80.322 E2894.85396
G0 F9000 X114.84 Y80.899
G1 F1500 X113.727 Y79.786 E2895.37748
G1 F3600 E2891.37748
;MESH:wildrosebuilds_puzzlecube.stl(2)
G0 F9000 X115.505 Y79.786
G0 X115.493 Y83.439
G0 X104.507 Y83.438
G0 X103.825 Y79.786
G0 X102.14 Y79.786
G0 X101.06 Y85.151
G0 X102.833 Y85.151
;TYPE:WALL-OUTER
G1 F3600 E2895.37748
G1 F1513.6 X102.7 Y84.982 E2895.44837
G1 F1500 X102.664 Y84.854 E2895.49259
G1 X102.66 Y67.076 E2901.40558
G1 X97 Y67.076 E2903.2881
G1 X97 Y92.121 E2911.6181
G1 X102.359 Y86.761 E2914.13905
G1 F1513.6 X102.864 Y86.268 E2914.37166
G1 F1577.3 X103.159 Y86.159 E2914.47114
G1 F1626.9 X116.999 Y86.155 E2918.71529
G1 F1572.3 X117.756 Y86.125 E2918.95568
G1 F1512.1 X118.672 Y86.116 E2919.25792
G1 F1500 X123 Y86.116 E2920.69742
G1 X123 Y73.796 E2924.79507
G1 X117.34 Y73.796 E2926.67759
G1 X117.34 Y84.784 E2930.33221
G1 F1512.1 X117.233 Y85.079 E2930.43575
G1 F1572.3 X116.92 Y85.239 E2930.54729
G1 F1626.9 X103.133 Y85.243 E2934.77519
G1 F1577.3 X102.833 Y85.151 E2934.87444
G0 F9000 X101.06 Y85.151
G0 X99.467 Y87.397
G0 X100.454 Y88.385
;TYPE:FILL
G1 F3000 X97.2 Y85.131 E2936.40502
G0 F9000 X98.6 Y85.131
G0 X98.6 Y74.659
G0 X97.2 Y74.659
G1 F3000 X102.46 Y69.4 E2938.87893
G1 F3600 E2934.87893
G0 F9000 X101.06 Y69.4
G0 X102.14 Y75.369
G0 X103.825 Y75.369
G0 X113.201 Y72.329
G0 X115.497 Y73.318
G0 X116.175 Y75.369
G0 X117.86 Y75.369
G0 X121.43 Y75.369
G0 X122.136 Y73.996
G1 F3600 E2938.87893
G1 F3000 X122.8 Y74.661 E2939.19149
G0 F9000 X121.43 Y75.369
G0 X121.43 Y84.549
G0 X122.8 Y85.131
G1 F3000 X122.015 Y85.916 E2939.56073
G0 F9000 X120.5 Y83.912
G1 F3600 E2935.56073
;MESH:wildrosebuilds_puzzlecube.stl
G0 F9000 X117.854 Y85.605
G0 X117.854 Y87.284
G0 X103.825 Y97.593
G0 X102.146 Y97.593
G0 X101.06 Y115.151
G0 X102.833 Y115.151
;TYPE:WALL-OUTER
G1 F3600 E2939.56073
G1 F1513.6 X102.7 Y114.982 E2939.63162
G1 F1500 X102.664 Y114.854 E2939.67584
G1 X102.66 Y97.076 E2945.58883
G1 X97 Y97.076 E2947.47135
G1 X97 Y122.121 E2955.80135
G1 X102.359 Y116.761 E2958.3223
G1 F1513.6 X102.864 Y116.268 E2958.55492
G1 F1577.3 X103.159 Y116.159 E2958.65439
G1 F1626.9 X116.999 Y116.155 E2962.89855
G1 F1572.3 X117.756 Y116.125 E2963.13893
G1 F1512.1 X118.672 Y116.116 E2963.44117
G1 F1500 X123 Y116.116 E2964.88067
G1 X123 Y103.796 E2968.97832
G1 X117.34 Y103.796 E2970.86084
G1 X117.34 Y114.784 E2974.51547
G1 F1512.1 X117.233 Y115.079 E2974.619
G1 F1572.3 X116.92 Y115.239 E2974.73054
G1 F1626.9 X103.133 Y115.243 E2978.95844
G1 F1577.3 X102.833 Y115.151 E2979.0577
G0 F9000 X101.06 Y115.151
G0 X99.467 Y117.397
G0 X100.454 Y118.385
;TYPE:FILL
G1 F3000 X97.2 Y115.13 E2980.58851
G0 F9000 X98.6 Y115.13
G0 X98.6 Y104.659
G0 X97.2 Y104.659
G1 F3000 X102.46 Y99.399 E2983.06266
G1 F3600 E2979.06266
G0 F9000 X101.06 Y99.399
G0 X102.14 Y105.369
G0 X103.825 Y105.369
G0 X113.201 Y102.329
G0 X115.497 Y103.318
G0 X116.175 Y105.369
G0 X117.86 Y105.369
G0 X121.43 Y105.369
G0 X122.136 Y103.996
G1 F3600 E2983.06266
G1 F3000 X122.8 Y104.66 E2983.37498
G0 F9000 X121.43 Y105.369
G0 X121.43 Y114.549
G0 X122.8 Y115.13
G1 F3000 X122.014 Y115.916 E2983.74469
G0 F9000 X120.5 Y113.912
G1 F3600 E2979.74469
;MESH:wildrosebuilds_puzzlecube.stl(1)
G0 F9000 X122.48 Y115.151
G0 X127.52 Y115.151
G0 X131.06 Y115.151
G0 X132.833 Y115.151
;TYPE:WALL-OUTER
G1 F3600 E2983.74469
G1 F1513.6 X132.7 Y114.982 E2983.81558
G1 F1500 X132.664 Y114.854 E2983.8598
G1 X132.66 Y97.076 E2989.77279
G1 X127 Y97.076 E2991.65531
G1 X127 Y122.121 E2999.98531
G1 X132.359 Y116.761 E3002.50626
G1 F1513.6 X132.864 Y116.268 E3002.73887
G1 F1577.3 X133.159 Y116.159 E3002.83835
G1 F1626.9 X146.999 Y116.155 E3007.0825
G1 F1572.3 X147.756 Y116.125 E3007.32289
G1 F1512.1 X148.672 Y116.116 E3007.62513
G1 F1500 X153 Y116.116 E3009.06463
G1 X153 Y103.796 E3013.16228
G1 X147.34 Y103.796 E3015.0448
G1 X147.34 Y114.784 E3018.69942
G1 F1512.1 X147.233 Y115.079 E3018.80296
G1 F1572.3 X146.92 Y115.239 E3018.9145
G1 F1626.9 X133.133 Y115.243 E3023.1424
G1 F1577.3 X132.833 Y115.151 E3023.24165
G0 F9000 X131.06 Y115.151
G0 X129.466 Y117.398
G0 X130.453 Y118.385
;TYPE:FILL
G1 F3000 X127.2 Y115.131 E3024.772
G0 F9000 X128.6 Y115.131
G0 X128.6 Y104.659
G0 X127.2 Y104.659
G1 F3000 X132.459 Y99.399 E3027.24591
G1 F3600 E3023.24591
G0 F9000 X131.06 Y99.399
G0 X132.14 Y105.369
G0 X133.825 Y105.369
G0 X143.201 Y102.329
G0 X145.497 Y103.318
G0 X146.175 Y105.369
G0 X147.86 Y105.369
G0 X151.43 Y105.369
G0 X152.136 Y103.996
G1 F3600 E3027.24591
G1 F3000 X152.8 Y104.66 E3027.55823
G0 F9000 X151.43 Y105.369
G0 X151.43 Y114.549
G0 X152.8 Y115.13
G1 F3000 X152.014 Y115.916 E3027.92794
G0 F9000 X150.5 Y113.912
G1 F3600 E3023.92794
;MESH:NONMESH
G0 F300 X150.5 Y113.912 Z11.05
G0 F9000 X147.854 Y104.313
G0 X146.175 Y104.313
G0 X124.153 Y72.646
G0 X113.201 Y72.329
G0 X111.974 Y72.992
G0 X111.43 Y73.442
G0 X108.867 Y77.033
G0 X108.867 Y77.833
G0 X110 Y78.474
;TIME_ELAPSED:976.265720
;LAYER:12
;TYPE:SUPPORT
G1 F3600 E3027.92794
G1 F1500 X110.02 Y78.454 E3027.93735
G1 X110.02 Y78.186 E3028.02649
G1 X110.293 Y78.186 E3028.11729
G1 X110.82 Y77.644 E3028.36873
G1 X110.82 Y77.386 E3028.45454
G1 X111.112 Y77.386 E3028.55166
G1 X111.605 Y76.648 E3028.84685
G1 X111.83 Y76.026 E3029.06684
G1 X111.896 Y75.711 E3029.17389
G1 X111.949 Y75.284 E3029.317
G1 X112.002 Y75.214 E3029.3462
G1 X112.218 Y74.587 E3029.56677
G1 X112.259 Y74.352 E3029.64611
G1 X112.358 Y74.172 E3029.71444
G1 X112.51 Y74.051 E3029.77906
G1 X113.235 Y73.853 E3030.02902
G1 X113.414 Y73.692 E3030.1091
G1 X113.84 Y73.883 E3030.26438
G1 X113.84 Y73.946 E3030.28533
G1 X114.34 Y74.128 E3030.4623
G1 X114.34 Y78.485 E3031.91145
G1 X110 Y78.486 E3033.35494
G1 X110 Y78.474 E3033.35893
G1 F3600 E3029.35893
G0 F9000 X108.867 Y77.833
G0 X108.074 Y77.833
G0 X104.507 Y78.632
G0 X104.507 Y82.638
G0 X116.187 Y83.333
G0 X116.187 Y72.646
G0 X124.153 Y72.646
G0 X124.153 Y87.272
G0 X109.126 Y87.284
G0 X109.667 Y107.033
G0 X110 Y108.474
G1 F3600 E3033.35893
G1 F1500 X110.02 Y108.454 E3033.36834
G1 X110.02 Y108.186 E3033.45747
G1 X110.293 Y108.186 E3033.54827
G1 X110.82 Y107.644 E3033.79971
G1 X110.82 Y107.386 E3033.88552
G1 X111.112 Y107.386 E3033.98264
G1 X111.605 Y106.648 E3034.27783
G1 X111.83 Y106.026 E3034.49783
G1 X111.896 Y105.711 E3034.60488
G1 X111.949 Y105.284 E3034.74799
G1 X112.002 Y105.214 E3034.77719
G1 X112.218 Y104.587 E3034.99776
G1 X112.259 Y104.352 E3035.0771
G1 X112.358 Y104.172 E3035.14543
G1 X112.51 Y104.051 E3035.21004
G1 X113.235 Y103.853 E3035.46001
G1 X113.414 Y103.692 E3035.54008
G1 X113.84 Y103.883 E3035.69536
G1 X113.84 Y103.946 E3035.71632
G1 X114.34 Y104.128 E3035.89329
G1 X114.34 Y108.485 E3037.34244
G1 X110 Y108.486 E3038.78593
G1 X110 Y108.474 E3038.78992
G1 F3600 E3034.78992
G0 F9000 X109.667 Y107.033
G0 X109.667 Y106.233
G0 X111.451 Y103.406
G0 X111.974 Y102.992
G0 X125.847 Y95.806
G0 X133.813 Y95.806
G0 X138.867 Y107.833
G0 X140 Y108.474
G1 F3600 E3038.78992
G1 F1500 X140.02 Y108.454 E3038.79932
G1 X140.02 Y108.186 E3038.88846
G1 X140.293 Y108.186 E3038.97926
G1 X140.82 Y107.644 E3039.2307
G1 X140.82 Y107.386 E3039.31651
G1 X141.112 Y107.386 E3039.41363
G1 X141.605 Y106.648 E3039.70882
G1 X141.83 Y106.026 E3039.92882
G1 X141.896 Y105.711 E3040.03586
G1 X141.949 Y105.284 E3040.17897
G1 X142.002 Y105.214 E3040.20818
G1 X142.218 Y104.587 E3040.42874
G1 X142.259 Y104.352 E3040.50809
G1 X142.358 Y104.172 E3040.57641
G1 X142.51 Y104.051 E3040.64103
G1 X143.235 Y103.853 E3040.891
G1 X143.414 Y103.692 E3040.97107
G1 X143.84 Y103.883 E3041.12635
G1 X143.84 Y103.946 E3041.1473
G1 X144.34 Y104.128 E3041.32428
G1 X144.34 Y108.485 E3042.77342
G1 X140 Y108.486 E3044.21691
G1 X140 Y108.474 E3044.2209
G1 F3600 E3040.2209
G0 F9000 X142.927 Y108.986
;TYPE:SUPPORT-INTERFACE
G1 F3600 E3044.2209
G1 F1500 X144.84 Y110.899 E3045.12072
G0 F9000 X144.84 Y109.719
G1 F1500 X143.372 Y111.186 E3045.81099
G1 F3600 E3041.81099
G0 F9000 X143.372 Y112.651
G0 X136.641 Y112.651
G0 X136.641 Y111.185
G1 F3600 E3045.81099
G1 F1500 X135.241 Y109.785 E3046.4695
G0 F9000 X136.288 Y109.785
G1 F1500 X135.16 Y110.913 E3047.00008
G1 F3600 E3043.00008
G0 F9000 X134.495 Y110.913
G0 X133.813 Y95.806
G0 X125.847 Y95.806
G0 X111.974 Y102.992
G0 X111.451 Y103.406
G0 X109.667 Y106.233
G0 X109.667 Y107.033
G0 X111.632 Y108.986
G1 F3600 E3047.00008
G1 F1500 X109.432 Y111.185 E3048.03466
G1 F3600 E3044.03466
G0 F9000 X111.185 Y111.185
G1 F3600 E3048.03466
G1 F1500 X109.227 Y109.227 E3048.95564
G1 F3600 E3044.95564
G0 F9000 X108.867 Y107.833
G0 X108.76 Y87.283
G0 X124.153 Y87.272
G0 X124.153 Y72.646
G0 X116.187 Y72.646
G0 X116.187 Y83.333
G0 X106.641 Y82.651
G0 X106.641 Y81.185
G1 F3600 E3048.95564
G1 F1500 X105.242 Y79.786 E3049.61369
G0 F9000 X105.49 Y81.186
G1 F1500 X106.891 Y79.785 E3050.27268
G1 F3600 E3046.27268
G0 F9000 X107.558 Y78.621
G0 X108.074 Y77.833
G0 X111.451 Y73.406
G0 X111.974 Y72.992
G0 X113.201 Y72.329
G0 X115.497 Y73.318
G0 X115.505 Y78.986
G0 X112.927 Y78.986
G1 F3600 E3050.27268
G1 F1500 X114.84 Y80.899 E3051.17249
G0 F9000 X114.84 Y80.322
G1 F1500 X113.976 Y81.186 E3051.57889
G1 F3600 E3047.57889
;MESH:wildrosebuilds_puzzlecube.stl(2)
G0 F9000 X113.974 Y85.005
G0 X97 Y92.121
;TYPE:WALL-OUTER
G1 F3600 E3051.57889
G1 F1500 X102.858 Y86.262 E3054.33455
G1 F1395.3 X102.948 Y86.104 E3054.39956
G1 F1213.6 X103.142 Y85.959 E3054.49913
G1 F1132.9 X117.069 Y85.953 E3060.63208
G1 F1231.5 X117.717 Y86.061 E3060.89822
G1 F1421.8 X118.594 Y86.116 E3061.20655
G1 F1500 X123 Y86.116 E3062.672
G1 X123 Y73.796 E3066.76965
G1 X117.34 Y73.796 E3068.65217
G1 X117.34 Y83.984 E3072.04071
G1 X117.302 Y84.177 E3072.10614
G1 F1421.8 X117.173 Y84.429 E3072.20547
G1 F1231.5 X116.955 Y84.638 E3072.32782
G1 F1132.9 X103.116 Y84.643 E3078.42202
G1 F1213.6 X102.917 Y84.506 E3078.52134
G1 F1395.3 X102.729 Y84.239 E3078.63809
G1 F1500 X102.66 Y84.044 E3078.70689
G1 X102.66 Y66.956 E3084.39038
G1 X97 Y66.956 E3086.27291
G1 X97 Y92.121 E3094.64282
G0 F9000 X97.538 Y90.826
G0 X99.867 Y86.997
G0 X100.854 Y87.985
;TYPE:FILL
G1 F3000 X97.2 Y84.33 E3096.36178
G0 F9000 X98.6 Y84.33
G0 X98.6 Y75.46
G0 X97.2 Y75.46
G1 F3000 X102.46 Y70.2 E3098.83593
G1 F3600 E3094.83593
G0 F9000 X101.06 Y70.2
G0 X102.132 Y85.013
G0 X117.868 Y85.014
G0 X121.335 Y75.399
G0 X121.335 Y73.996
G1 F3600 E3098.83593
G1 F3000 X122.8 Y75.461 E3099.52502
G0 F9000 X121.4 Y75.461
G0 X121.4 Y84.33
G0 X122.8 Y84.33
G1 F3000 X121.214 Y85.916 E3100.27102
G0 F9000 X120.5 Y83.619
G1 F3600 E3096.27102
;MESH:wildrosebuilds_puzzlecube.stl
G0 F9000 X117.868 Y85.014
G0 X102.792 Y85.601
G0 X103.487 Y87.28
G0 X102.146 Y95.794
G0 X97 Y122.121
;TYPE:WALL-OUTER
G1 F3600 E3100.27102
G1 F1500 X102.858 Y116.262 E3103.02668
G1 F1395.3 X102.948 Y116.104 E3103.0917
G1 F1213.6 X103.142 Y115.959 E3103.19126
G1 F1132.9 X117.069 Y115.953 E3109.32422
G1 F1231.5 X117.717 Y116.061 E3109.59035
G1 F1421.8 X118.594 Y116.116 E3109.89869
G1 F1500 X123 Y116.116 E3111.36413
G1 X123 Y103.796 E3115.46178
G1 X117.34 Y103.796 E3117.3443
G1 X117.34 Y113.984 E3120.73284
G1 X117.302 Y114.177 E3120.79827
G1 F1421.8 X117.173 Y114.429 E3120.89761
G1 F1231.5 X116.955 Y114.638 E3121.01995
G1 F1132.9 X103.116 Y114.643 E3127.11415
G1 F1213.6 X102.917 Y114.506 E3127.21347
G1 F1395.3 X102.729 Y114.239 E3127.33023
G1 F1500 X102.66 Y114.044 E3127.39902
G1 X102.66 Y96.956 E3133.08252
G1 X97 Y96.956 E3134.96504
G1 X97 Y122.121 E3143.33495
G0 F9000 X97.538 Y120.826
G0 X99.867 Y116.997
G0 X100.854 Y117.984
;TYPE:FILL
G1 F3000 X97.2 Y114.33 E3145.05368
G0 F9000 X98.6 Y114.33
G0 X98.6 Y105.459
G0 X97.2 Y105.459
G1 F3000 X102.46 Y100.2 E3147.52759
G1 F3600 E3143.52759
G0 F9000 X101.06 Y100.2
G0 X102.132 Y115.013
G0 X117.868 Y115.014
G0 X121.336 Y105.399
G0 X121.336 Y103.996
G1 F3600 E3147.52759
G1 F3000 X122.8 Y105.461 E3148.21645
G0 F9000 X121.4 Y105.461
G0 X121.4 Y114.33
G0 X122.8 Y114.33
G1 F3000 X121.214 Y115.916 E3148.96245
G0 F9000 X120.5 Y113.619
G1 F3600 E3144.96245
;MESH:wildrosebuilds_puzzlecube.stl(1)
G0 F9000 X122.486 Y115.605
G0 X127.52 Y115.605
G0 X127 Y122.121
;TYPE:WALL-OUTER
G1 F3600 E3148.96245
G1 F1500 X132.858 Y116.262 E3151.71811
G1 F1395.3 X132.948 Y116.104 E3151.78312
G1 F1213.6 X133.142 Y115.959 E3151.88269
G1 F1132.9 X147.069 Y115.953 E3158.01564
G1 F1231.5 X147.717 Y116.061 E3158.28178
G1 F1421.8 X148.594 Y116.116 E3158.59011
G1 F1500 X153 Y116.116 E3160.05556
G1 X153 Y103.796 E3164.1532
G1 X147.34 Y103.796 E3166.03573
G1 X147.34 Y113.984 E3169.42427
G1 X147.302 Y114.177 E3169.4897
G1 F1421.8 X147.173 Y114.429 E3169.58903
G1 F1231.5 X146.955 Y114.638 E3169.71138
G1 F1132.9 X133.116 Y114.643 E3175.80558
G1 F1213.6 X132.917 Y114.506 E3175.9049
G1 F1395.3 X132.729 Y114.239 E3176.02165
G1 F1500 X132.66 Y114.044 E3176.09045
G1 X132.66 Y96.956 E3181.77394
G1 X127 Y96.956 E3183.65647
G1 X127 Y122.121 E3192.02638
G0 F9000 X127.538 Y120.826
G0 X129.867 Y116.997
G0 X130.854 Y117.984
;TYPE:FILL
G1 F3000 X127.2 Y114.331 E3193.74487
G0 F9000 X128.6 Y114.331
G0 X128.6 Y105.459
G0 X127.2 Y105.459
G1 F3000 X132.46 Y100.199 E3196.21902
G1 F3600 E3192.21902
G0 F9000 X131.06 Y100.199
G0 X132.132 Y115.013
G0 X147.868 Y115.014
G0 X151.336 Y105.399
G0 X151.336 Y103.996
G1 F3600 E3196.21902
G1 F3000 X152.8 Y105.461 E3196.90787
G0 F9000 X151.4 Y105.461
G0 X151.4 Y114.329
G0 X152.8 Y114.329
G1 F3000 X151.213 Y115.916 E3197.65435
G0 F9000 X150.5 Y113.619
G1 F3600 E3193.65435
;MESH:NONMESH
G0 F300 X150.5 Y113.619 Z11.85
G0 F9000 X147.868 Y115.014
G0 X132.132 Y115.013
G0 X127.514 Y97.473
G0 X125.835 Y97.473
G0 X124.153 Y72.646
G0 X116.187 Y72.646
G0 X116.187 Y83.333
G0 X104.507 Y82.638
G0 X104.495 Y80.484
G0 X105.86 Y80.484
;TIME_ELAPSED:1021.482435
;LAYER:13
;TYPE:SUPPORT-INTERFACE
G1 F3600 E3197.65435
G1 F1071.4 X108.088 Y80.484 E3198.6918
G1 F3600 E3194.6918
G0 F9000 X108.088 Y81.851
G0 X116.187 Y82.533
G0 X116.187 Y72.646
G0 X124.153 Y72.646
G0 X124.153 Y87.272
G0 X115.003 Y87.279
G0 X107.719 Y108.605
G0 X108.088 Y110.484
G1 F3600 E3198.6918
G1 F1071.4 X105.86 Y110.484 E3199.72925
G1 F3600 E3195.72925
G0 F9000 X105.86 Y111.851
G0 X115.493 Y111.839
G0 X116.187 Y102.646
G0 X125.847 Y95.806
G0 X133.813 Y95.806
G0 X134.495 Y110.484
G0 X135.86 Y110.484
G1 F3600 E3199.72925
G1 F1071.4 X138.088 Y110.484 E3200.7667
G1 F3600 E3196.7667
G0 F9000 X138.006 Y108.547
G0 X138.074 Y107.833
G0 X141.451 Y103.406
G0 X141.922 Y103.033
G0 X142.669 Y102.8
G0 X143.415 Y103.693
;TYPE:SUPPORT
G1 F3600 E3200.7667
G1 F1500 X143.84 Y103.884 E3200.92167
G1 X143.84 Y103.944 E3200.94163
G1 X144.34 Y104.129 E3201.11895
G1 X144.34 Y107.685 E3202.30168
G1 X140.791 Y107.686 E3203.48208
G1 X140.82 Y107.657 E3203.49572
G1 X140.82 Y107.386 E3203.58586
G1 X141.092 Y107.386 E3203.67632
G1 X141.554 Y106.771 E3203.93216
G1 X141.629 Y106.586 E3203.99856
G1 X141.714 Y106.586 E3204.02683
G1 X141.896 Y105.711 E3204.32408
G1 X141.949 Y105.283 E3204.46752
G1 X142.001 Y105.213 E3204.49653
G1 X142.14 Y104.827 E3204.63298
G1 X142.23 Y104.517 E3204.74035
G1 X142.259 Y104.352 E3204.79607
G1 X142.358 Y104.172 E3204.86439
G1 X142.51 Y104.051 E3204.92901
G1 X143.236 Y103.851 E3205.17947
G1 X143.415 Y103.693 E3205.25888
G1 F3600 E3201.25888
G0 F9000 X142.669 Y102.8
G0 X133.813 Y95.806
G0 X125.847 Y95.806
G0 X113.894 Y102.63
G0 X113.415 Y103.693
G1 F3600 E3205.25888
G1 F1500 X113.84 Y103.884 E3205.41386
G1 X113.84 Y103.944 E3205.43381
G1 X114.34 Y104.129 E3205.61113
G1 X114.34 Y107.685 E3206.79386
G1 X110.791 Y107.686 E3207.97427
G1 X110.82 Y107.657 E3207.98791
G1 X110.82 Y107.386 E3208.07804
G1 X111.092 Y107.386 E3208.16851
G1 X111.554 Y106.771 E3208.42435
G1 X111.629 Y106.586 E3208.49074
G1 X111.714 Y106.586 E3208.51901
G1 X111.896 Y105.711 E3208.81627
G1 X111.949 Y105.283 E3208.95971
G1 X112.001 Y105.213 E3208.98871
G1 X112.14 Y104.827 E3209.12517
G1 X112.23 Y104.517 E3209.23253
G1 X112.259 Y104.352 E3209.28825
G1 X112.358 Y104.172 E3209.35658
G1 X112.51 Y104.051 E3209.42119
G1 X113.236 Y103.851 E3209.67166
G1 X113.415 Y103.693 E3209.75107
G1 F3600 E3205.75107
G0 F9000 X113.894 Y102.63
G0 X124.153 Y87.272
G0 X124.153 Y72.646
G0 X113.211 Y72.329
G0 X112.669 Y72.8
G0 X113.415 Y73.693
G1 F3600 E3209.75107
G1 F1500 X113.84 Y73.884 E3209.90604
G1 X113.84 Y73.944 E3209.926
G1 X114.34 Y74.129 E3210.10332
G1 X114.34 Y77.685 E3211.28605
G1 X110.791 Y77.686 E3212.46645
G1 X110.82 Y77.657 E3212.48009
G1 X110.82 Y77.386 E3212.57023
G1 X111.092 Y77.386 E3212.66069
G1 X111.554 Y76.771 E3212.91653
G1 X111.629 Y76.586 E3212.98293
G1 X111.714 Y76.586 E3213.0112
G1 X111.896 Y75.711 E3213.30845
G1 X111.949 Y75.283 E3213.45189
G1 X112.001 Y75.213 E3213.4809
G1 X112.14 Y74.827 E3213.61735
G1 X112.23 Y74.517 E3213.72472
G1 X112.259 Y74.352 E3213.78044
G1 X112.358 Y74.172 E3213.84876
G1 X112.51 Y74.051 E3213.91338
G1 X113.236 Y73.851 E3214.16384
G1 X113.415 Y73.693 E3214.24325
G1 F3600 E3210.24325
G0 F9000 X112.127 Y78.186
;TYPE:SUPPORT-INTERFACE
G1 F3600 E3214.24325
G1 F1500 X114.326 Y80.385 E3215.2776
G1 F3600 E3211.2776
G0 F9000 X114.326 Y81.851
G0 X116.187 Y82.533
G0 X116.187 Y72.646
G0 X124.153 Y72.646
G0 X124.153 Y87.272
G0 X115.502 Y87.281
G0 X110.499 Y106.228
G0 X112.432 Y108.185
G1 F3600 E3215.2776
G1 F1500 X110.232 Y110.386 E3216.31264
G1 X110.385 Y110.385
G1 X109.227 Y109.227 E3216.85733
G1 F3600 E3212.85733
G0 F9000 X108.868 Y107.833
G0 X108.868 Y107.033
G0 X111.451 Y103.406
G0 X111.974 Y102.992
G0 X125.847 Y95.806
G0 X133.813 Y95.806
G0 X140.499 Y106.228
G0 X142.127 Y108.186
G1 F3600 E3216.85733
G1 F1500 X144.326 Y110.385 E3217.89167
G1 X144.173 Y110.386
G1 X144.84 Y109.718 E3218.20565
G1 F3600 E3214.20565
;MESH:wildrosebuilds_puzzlecube.stl(2)
G0 F9000 X145.505 Y109.718
G0 X145.497 Y103.324
G0 X133.813 Y95.806
G0 X103.487 Y87.28
G0 X102.615 Y85.792
G0 X102.132 Y85.813
G0 X101.06 Y83.549
G0 X102.817 Y83.549
;TYPE:WALL-OUTER
G1 F3600 E3218.20565
G1 F1500 X102.66 Y83.268 E3218.3127
G1 X102.66 Y67.076 E3223.69819
G1 X101.852 Y67.076 E3223.96693
G1 X101.68 Y67.046 E3224.025
G1 X101.618 Y66.956 E3224.06135
G1 X97 Y66.956 E3225.5973
G1 X97 Y92.121 E3233.96721
G1 X102.936 Y86.184 E3236.75956
G1 X103.16 Y86.118 E3236.83723
G1 X123 Y86.116 E3243.43604
G1 X123 Y73.796 E3247.53369
G1 X117.34 Y73.796 E3249.41621
G1 X117.34 Y83.294 E3252.57526
G1 X117.233 Y83.494 E3252.6507
G1 X117.069 Y83.629 E3252.72135
G1 X116.906 Y83.684 E3252.77857
G1 X103.124 Y83.683 E3257.36248
G1 X102.946 Y83.636 E3257.42372
G1 X102.817 Y83.549 E3257.47547
G0 F9000 X101.06 Y83.549
G0 X100.267 Y86.597
G0 X101.253 Y87.584
;TYPE:FILL
G1 F3000 X97.2 Y83.53 E3259.38211
G0 F9000 X98.6 Y83.53
G0 X98.6 Y76.26
G0 X97.2 Y76.26
G1 F3000 X102.46 Y71.001 E3261.85602
G1 F3600 E3257.85602
G0 F9000 X101.06 Y71.001
G0 X102.14 Y75.399
G0 X103.825 Y75.399
G0 X113.211 Y72.329
G0 X115.497 Y73.324
G0 X116.175 Y75.399
G0 X117.86 Y75.399
G0 X120.535 Y75.399
G0 X120.535 Y73.996
G1 F3600 E3261.85602
G1 F3000 X122.8 Y76.261 E3262.9214
G0 F9000 X121.4 Y76.261
G0 X121.4 Y83.53
G0 X122.8 Y83.53
G1 F3000 X120.413 Y85.916 E3264.04394
G0 F9000 X120.413 Y84.519
G0 X118.91 Y84.549
G0 X117.115 Y84.892
;TYPE:SKIN
G1 F914.1 X116.948 Y84.9 E3264.13519
G1 F915.8 X114.14 Y84.9 E3265.66499
G1 F909.1 X111.332 Y84.901 E3267.206
G1 F902.5 X108.524 Y84.901 E3268.75822
G1 F896.1 X105.716 Y84.902 E3270.32164
G1 F889.7 X102.908 Y84.902 E3271.89627
G0 F9000 X100.46 Y85.13
G1 F3600 E3267.89627
;MESH:wildrosebuilds_puzzlecube.stl
G0 F9000 X97.507 Y90.9
G0 X98.69 Y92.082
G0 X97.954 Y95.794
G0 X97.954 Y97.593
G0 X101.06 Y113.549
G0 X102.817 Y113.549
;TYPE:WALL-OUTER
G1 F3600 E3271.89627
G1 F1500 X102.66 Y113.268 E3272.00333
G1 X102.66 Y97.076 E3277.38881
G1 X101.852 Y97.076 E3277.65755
G1 X101.68 Y97.046 E3277.71563
G1 X101.618 Y96.956 E3277.75197
G1 X97 Y96.956 E3279.28793
G1 X97 Y122.121 E3287.65784
G1 X102.936 Y116.184 E3290.45019
G1 X103.16 Y116.118 E3290.52786
G1 X123 Y116.116 E3297.12667
G1 X123 Y103.796 E3301.22432
G1 X117.34 Y103.796 E3303.10684
G1 X117.34 Y113.294 E3306.26589
G1 X117.233 Y113.494 E3306.34133
G1 X117.069 Y113.629 E3306.41198
G1 X116.906 Y113.684 E3306.4692
G1 X103.124 Y113.683 E3311.05311
G1 X102.946 Y113.636 E3311.11434
G1 X102.817 Y113.549 E3311.16609
G0 F9000 X101.06 Y113.549
G0 X100.267 Y116.597
G0 X101.253 Y117.583
;TYPE:FILL
G1 F3000 X97.2 Y113.53 E3313.0725
G0 F9000 X98.6 Y113.53
G0 X98.6 Y106.26
G0 X97.2 Y106.26
G1 F3000 X102.46 Y101 E3315.54664
G1 F3600 E3311.54664
G0 F9000 X101.06 Y101
G0 X102.14 Y105.399
G0 X103.825 Y105.399
G0 X113.211 Y102.329
G0 X115.497 Y103.324
G0 X116.175 Y105.399
G0 X117.86 Y105.399
G0 X120.536 Y105.399
G0 X120.536 Y103.996
G1 F3600 E3315.54664
G1 F3000 X122.8 Y106.261 E3316.61179
G0 F9000 X121.4 Y106.261
G0 X121.4 Y113.53
G0 X122.8 Y113.53
G1 F3000 X120.413 Y115.917 E3317.73457
G0 F9000 X120.413 Y114.519
G0 X118.91 Y114.549
G0 X117.115 Y114.892
;TYPE:SKIN
G1 F914.1 X116.948 Y114.9 E3317.82582
G1 F915.8 X114.14 Y114.9 E3319.35562
G1 F909.1 X111.332 Y114.901 E3320.89663
G1 F902.5 X108.524 Y114.901 E3322.44884
G1 F896.1 X105.716 Y114.902 E3324.01227
G1 F889.7 X102.908 Y114.902 E3325.5869
G0 F9000 X100.46 Y115.13
G1 F3600 E3321.5869
;MESH:wildrosebuilds_puzzlecube.stl(1)
G0 F9000 X102.132 Y115.813
G0 X102.615 Y115.792
G0 X103.487 Y117.28
G0 X124.153 Y117.272
G0 X125.835 Y115.792
G0 X127.52 Y115.792
G0 X131.06 Y113.549
G0 X132.817 Y113.549
;TYPE:WALL-OUTER
G1 F3600 E3325.5869
G1 F1500 X132.66 Y113.268 E3325.69396
G1 X132.66 Y97.076 E3331.07944
G1 X131.852 Y97.076 E3331.34818
G1 X131.68 Y97.046 E3331.40625
G1 X131.618 Y96.956 E3331.4426
G1 X127 Y96.956 E3332.97855
G1 X127 Y122.121 E3341.34847
G1 X132.936 Y116.184 E3344.14082
G1 X133.16 Y116.118 E3344.21848
G1 X153 Y116.116 E3350.8173
G1 X153 Y103.796 E3354.91494
G1 X147.34 Y103.796 E3356.79747
G1 X147.34 Y113.294 E3359.95652
G1 X147.233 Y113.494 E3360.03196
G1 X147.069 Y113.629 E3360.10261
G1 X146.906 Y113.684 E3360.15982
G1 X133.124 Y113.683 E3364.74374
G1 X132.946 Y113.636 E3364.80497
G1 X132.817 Y113.549 E3364.85672
G0 F9000 X131.06 Y113.549
G0 X130.267 Y116.597
G0 X131.254 Y117.584
;TYPE:FILL
G1 F3000 X127.2 Y113.53 E3366.7636
G0 F9000 X128.6 Y113.53
G0 X128.6 Y106.26
G0 X127.2 Y106.26
G1 F3000 X132.46 Y101 E3369.23774
G1 F3600 E3365.23774
G0 F9000 X131.06 Y101
G0 X132.14 Y105.399
G0 X133.825 Y105.399
G0 X143.211 Y102.329
G0 X145.497 Y103.324
G0 X146.175 Y105.399
G0 X147.86 Y105.399
G0 X150.535 Y105.399
G0 X150.535 Y103.996
G1 F3600 E3369.23774
G1 F3000 X152.8 Y106.261 E3370.30313
G0 F9000 X151.4 Y106.261
G0 X151.4 Y113.529
G0 X152.8 Y113.529
G1 F3000 X150.412 Y115.917 E3371.42637
G0 F9000 X150.412 Y114.519
G0 X148.91 Y114.549
G0 X147.115 Y114.892
;TYPE:SKIN
G1 F914.1 X146.948 Y114.9 E3371.51762
G1 F915.8 X144.14 Y114.9 E3373.04742
G1 F909.1 X141.332 Y114.901 E3374.58843
G1 F902.5 X138.524 Y114.901 E3376.14065
G1 F896.1 X135.716 Y114.902 E3377.70407
G1 F889.7 X132.908 Y114.902 E3379.2787
G0 F9000 X130.46 Y115.13
G1 F3600 E3375.2787
;MESH:NONMESH
G0 F300 X130.46 Y115.13 Z12.65
G0 F9000 X127.514 Y97.473
G0 X127.514 Y95.794
G0 X124.153 Y72.646
G0 X113.893 Y72.63
G0 X113.415 Y73.692
;TIME_ELAPSED:1068.843246
;LAYER:14
;TYPE:SUPPORT
G1 F3600 E3379.2787
G1 F1500 X113.84 Y73.883 E3379.43368
G1 X113.84 Y73.947 E3379.45496
G1 X114.34 Y74.131 E3379.63217
G1 X114.34 Y76.885 E3380.54815
G1 X111.482 Y76.886 E3381.49872
G1 X111.663 Y76.586 E3381.61526
G1 X111.692 Y76.586 E3381.6249
G1 X111.872 Y75.904 E3381.85951
G1 X111.948 Y75.284 E3382.06726
G1 X111.998 Y75.218 E3382.0948
G1 X112.121 Y74.894 E3382.21007
G1 X112.23 Y74.518 E3382.34028
G1 X112.259 Y74.354 E3382.39567
G1 X112.359 Y74.171 E3382.46503
G1 X112.51 Y74.051 E3382.52918
G1 X113.231 Y73.853 E3382.77786
G1 X113.415 Y73.692 E3382.85918
G1 F3600 E3378.85918
G0 F9000 X112.643 Y72.808
G0 X113.225 Y72.317
G0 X124.153 Y72.646
G0 X124.153 Y87.272
G0 X113.588 Y102.491
G0 X113.415 Y103.692
G1 F3600 E3382.85918
G1 F1500 X113.84 Y103.883 E3383.01416
G1 X113.84 Y103.947 E3383.03544
G1 X114.34 Y104.131 E3383.21265
G1 X114.34 Y106.885 E3384.12863
G1 X111.482 Y106.886 E3385.07921
G1 X111.663 Y106.586 E3385.19574
G1 X111.692 Y106.586 E3385.20539
G1 X111.872 Y105.904 E3385.43999
G1 X111.948 Y105.284 E3385.64774
G1 X111.998 Y105.218 E3385.67528
G1 X112.121 Y104.894 E3385.79055
G1 X112.23 Y104.518 E3385.92076
G1 X112.259 Y104.354 E3385.97615
G1 X112.359 Y104.171 E3386.04551
G1 X112.51 Y104.051 E3386.10966
G1 X113.231 Y103.853 E3386.35835
G1 X113.415 Y103.692 E3386.43966
G1 F3600 E3382.43966
G0 F9000 X114.221 Y102.776
G0 X125.847 Y95.806
G0 X133.813 Y95.806
G0 X142.643 Y102.808
G0 X143.415 Y103.692
G1 F3600 E3386.43966
G1 F1500 X143.84 Y103.883 E3386.59464
G1 X143.84 Y103.947 E3386.61593
G1 X144.34 Y104.131 E3386.79313
G1 X144.34 Y106.885 E3387.70911
G1 X141.482 Y106.886 E3388.65969
G1 X141.663 Y106.586 E3388.77622
G1 X141.692 Y106.586 E3388.78587
G1 X141.872 Y105.904 E3389.02047
G1 X141.948 Y105.284 E3389.22823
G1 X141.998 Y105.218 E3389.25577
G1 X142.121 Y104.894 E3389.37103
G1 X142.23 Y104.518 E3389.50124
G1 X142.259 Y104.354 E3389.55663
G1 X142.359 Y104.171 E3389.62599
G1 X142.51 Y104.051 E3389.69014
G1 X143.231 Y103.853 E3389.93883
G1 X143.415 Y103.692 E3390.02015
G1 F3600 E3386.02015
G0 F9000 X141.327 Y107.386
;TYPE:SUPPORT-INTERFACE
G1 F3600 E3390.02015
G1 F1500 X143.526 Y109.585 E3391.05449
G1 F3600 E3387.05449
G0 F9000 X143.526 Y111.051
G0 X138.277 Y111.041
G0 X133.813 Y95.806
G0 X125.847 Y95.806
G0 X116.187 Y102.646
G0 X115.505 Y107.385
G0 X113.232 Y107.385
G1 F3600 E3391.05449
G1 F1500 X111.031 Y109.586 E3392.08977
G1 F3600 E3388.08977
G0 F9000 X111.031 Y111.051
G0 X108.277 Y111.041
G0 X107.697 Y108.757
G0 X113.008 Y87.283
G0 X124.153 Y87.272
G0 X124.153 Y72.646
G0 X116.187 Y72.646
G0 X116.187 Y81.733
G0 X113.527 Y81.051
G0 X113.527 Y79.586
G1 F3600 E3392.08977
G1 F1500 X111.328 Y77.386 E3393.12435
G1 F3600 E3389.12435
;MESH:wildrosebuilds_puzzlecube.stl(2)
G0 F9000 X110.526 Y76.227
G0 X110.832 Y74.83
G0 X111.147 Y73.962
G0 X111.451 Y73.407
G0 X111.974 Y72.992
G0 X113.225 Y72.317
G0 X115.497 Y73.324
G0 X116.175 Y77.386
G0 X117.86 Y77.386
G0 X118.94 Y82.754
G0 X117.177 Y82.754
;TYPE:WALL-OUTER
G1 F3600 E3393.12435
G1 F1500 X116.902 Y82.884 E3393.22552
G1 X103.122 Y82.883 E3397.80877
G1 X102.944 Y82.835 E3397.87008
G1 X102.75 Y82.672 E3397.95436
G1 X102.66 Y82.466 E3398.02913
G1 X102.66 Y66.956 E3403.18778
G1 X97 Y66.956 E3405.0703
G1 X97 Y92.121 E3413.44021
G1 X102.911 Y86.216 E3416.21916
G1 X103.112 Y86.118 E3416.29353
G1 X123 Y86.116 E3422.90831
G1 X123 Y73.796 E3427.00596
G1 X117.34 Y73.796 E3428.88848
G1 X117.34 Y82.473 E3431.77446
G1 X117.177 Y82.754 E3431.88251
G0 F9000 X118.94 Y82.754
G0 X119.613 Y84.519
G0 X119.613 Y85.917
;TYPE:FILL
G1 F3000 X122.8 Y82.731 E3433.38134
G0 F9000 X121.4 Y82.731
G0 X121.4 Y77.06
G0 X122.8 Y77.06
G1 F3000 X119.736 Y73.996 E3434.82255
G1 F3600 E3430.82255
G0 F9000 X119.736 Y75.399
G0 X117.854 Y74.313
G0 X116.175 Y74.313
G0 X115.497 Y73.324
G0 X113.187 Y72.318
G0 X103.825 Y74.313
G0 X102.14 Y74.313
G0 X101.06 Y71.8
G0 X102.46 Y71.8
G1 F3600 E3434.82255
G1 F3000 X97.2 Y77.059 E3437.29646
G0 F9000 X98.6 Y77.059
G0 X98.6 Y82.731
G0 X97.2 Y82.731
G1 F3000 X101.653 Y87.184 E3439.39101
G0 F9000 X100.667 Y86.197
G0 X102.068 Y84.806
G0 X102.67 Y85.217
;TYPE:SKIN
G1 F1229.5 X103.041 Y85.11 E3439.54769
G1 F1230.5 X110.719 Y85.107 E3442.66067
G1 F1231.5 X110.794 Y84.791 E3442.79224
G1 F1411.1 X111.25 Y84.636 E3442.96252
G1 F1657.5 X117.489 Y84.633 E3444.84048
G1 F1663 X117.489 Y83.552 E3445.16479
G1 X117.292 Y83.654 E3445.23135
G1 X116.991 Y83.733 E3445.32471
G1 F1657.5 X111.172 Y83.736 E3447.07625
G1 F1521.3 X110.716 Y83.813 E3447.22791
G1 F1315.8 X110.26 Y83.891 E3447.40332
G1 F1230.5 X103.022 Y83.891 E3450.3379
G1 F1229.5 X102.67 Y83.797 E3450.48574
G1 X102.67 Y85.217 E3451.06194
G0 F9000 X101.237 Y85.385
G1 F3600 E3447.06194
;MESH:wildrosebuilds_puzzlecube.stl
G0 F9000 X97.507 Y90.9
G0 X98.69 Y92.082
G0 X115.497 Y103.324
G0 X116.175 Y104.313
G0 X117.854 Y104.313
G0 X118.94 Y112.754
G0 X117.177 Y112.754
;TYPE:WALL-OUTER
G1 F3600 E3451.06194
G1 F1500 X116.902 Y112.884 E3451.16311
G1 X103.122 Y112.883 E3455.74636
G1 X102.944 Y112.835 E3455.80767
G1 X102.75 Y112.672 E3455.89195
G1 X102.66 Y112.466 E3455.96672
G1 X102.66 Y96.956 E3461.12537
G1 X97 Y96.956 E3463.00789
G1 X97 Y122.121 E3471.3778
G1 X102.911 Y116.216 E3474.15675
G1 X103.112 Y116.118 E3474.23112
G1 X123 Y116.116 E3480.8459
G1 X123 Y103.796 E3484.94355
G1 X117.34 Y103.796 E3486.82607
G1 X117.34 Y112.473 E3489.71205
G1 X117.177 Y112.754 E3489.8201
G0 F9000 X118.94 Y112.754
G0 X119.613 Y114.519
G0 X119.613 Y115.917
;TYPE:FILL
G1 F3000 X122.8 Y112.73 E3491.31917
G0 F9000 X121.4 Y112.73
G0 X121.4 Y107.06
G0 X122.8 Y107.06
G1 F3000 X119.737 Y103.996 E3492.76014
G1 F3600 E3488.76014
G0 F9000 X119.737 Y105.399
G0 X117.854 Y104.313
G0 X116.175 Y104.313
G0 X115.497 Y103.324
G0 X113.187 Y102.318
G0 X103.825 Y104.313
G0 X102.14 Y104.313
G0 X101.06 Y101.799
G0 X102.46 Y101.799
G1 F3600 E3492.76014
G1 F3000 X97.2 Y107.059 E3495.23428
G0 F9000 X98.6 Y107.059
G0 X98.6 Y112.73
G0 X97.2 Y112.73
G1 F3000 X101.653 Y117.184 E3497.32907
G0 F9000 X100.667 Y116.197
G0 X102.068 Y114.806
G0 X102.67 Y115.217
;TYPE:SKIN
G1 F1229.5 X103.041 Y115.11 E3497.48575
G1 F1230.5 X110.719 Y115.107 E3500.59873
G1 F1231.5 X110.794 Y114.791 E3500.7303
G1 F1411.1 X111.25 Y114.636 E3500.90058
G1 F1657.5 X117.489 Y114.633 E3502.77855
G1 F1663 X117.489 Y113.552 E3503.10285
G1 X117.292 Y113.654 E3503.16941
G1 X116.991 Y113.733 E3503.26277
G1 F1657.5 X111.172 Y113.736 E3505.01431
G1 F1521.3 X110.716 Y113.813 E3505.16597
G1 F1315.8 X110.26 Y113.891 E3505.34138
G1 F1230.5 X103.022 Y113.891 E3508.27596
G1 F1229.5 X102.67 Y113.797 E3508.4238
G1 X102.67 Y115.217 E3509
G0 F9000 X101.237 Y115.385
G1 F3600 E3505
;MESH:wildrosebuilds_puzzlecube.stl(1)
G0 F9000 X102.138 Y116.118
G0 X102.607 Y115.856
G0 X103.487 Y117.28
G0 X126.654 Y124.108
G0 X147.854 Y117.284
G0 X147.854 Y115
G0 X148.94 Y112.754
G0 X147.177 Y112.754
;TYPE:WALL-OUTER
G1 F3600 E3509
G1 F1500 X146.902 Y112.884 E3509.10117
G1 X133.122 Y112.883 E3513.68442
G1 X132.944 Y112.835 E3513.74573
G1 X132.75 Y112.672 E3513.83001
G1 X132.66 Y112.466 E3513.90478
G1 X132.66 Y96.956 E3519.06343
G1 X127 Y96.956 E3520.94595
G1 X127 Y122.121 E3529.31586
G1 X132.911 Y116.216 E3532.09481
G1 X133.112 Y116.118 E3532.16918
G1 X153 Y116.116 E3538.78396
G1 X153 Y103.796 E3542.88161
G1 X147.34 Y103.796 E3544.76413
G1 X147.34 Y112.473 E3547.65011
G1 X147.177 Y112.754 E3547.75816
G0 F9000 X148.94 Y112.754
G0 X149.613 Y114.519
G0 X149.613 Y115.917
;TYPE:FILL
G1 F3000 X152.8 Y112.73 E3549.25723
G0 F9000 X151.4 Y112.73
G0 X151.4 Y107.06
G0 X152.8 Y107.06
G1 F3000 X149.736 Y103.996 E3550.69844
G1 F3600 E3546.69844
G0 F9000 X149.736 Y105.399
G0 X147.854 Y104.313
G0 X146.175 Y104.313
G0 X145.497 Y103.324
G0 X143.187 Y102.318
G0 X133.825 Y104.313
G0 X132.14 Y104.313
G0 X131.06 Y101.799
G0 X132.46 Y101.799
G1 F3600 E3550.69844
G1 F3000 X127.2 Y107.059 E3553.17258
G0 F9000 X128.6 Y107.059
G0 X128.6 Y112.731
G0 X127.2 Y112.731
G1 F3000 X131.653 Y117.185 E3555.26737
G0 F9000 X130.666 Y116.198
G0 X132.068 Y114.806
G0 X132.67 Y115.217
;TYPE:SKIN
G1 F1229.5 X133.041 Y115.11 E3555.42405
G1 F1230.5 X140.719 Y115.107 E3558.53702
G1 F1231.5 X140.794 Y114.791 E3558.66859
G1 F1411.1 X141.25 Y114.636 E3558.83888
G1 F1657.5 X147.489 Y114.633 E3560.71684
G1 F1663 X147.489 Y113.552 E3561.04115
G1 X147.292 Y113.654 E3561.1077
G1 X146.991 Y113.733 E3561.20106
G1 F1657.5 X141.172 Y113.736 E3562.95261
G1 F1521.3 X140.716 Y113.813 E3563.10427
G1 F1315.8 X140.26 Y113.891 E3563.27968
G1 F1230.5 X133.022 Y113.891 E3566.21426
G1 F1229.5 X132.67 Y113.797 E3566.3621
G1 X132.67 Y115.217 E3566.93829
G0 F9000 X131.237 Y115.385
G1 F3600 E3562.93829
;MESH:NONMESH
G0 F300 X131.237 Y115.385 Z13.45
G0 F9000 X127.514 Y97.473
G0 X127.514 Y95.794
G0 X124.153 Y72.646
G0 X116.187 Y72.646
G0 X114.221 Y72.776
G0 X113.418 Y73.69
;TIME_ELAPSED:1112.269059
;LAYER:15
;TYPE:SUPPORT
G1 F3600 E3566.93829
G1 F1500 X113.84 Y73.882 E3567.0925
G1 X113.84 Y73.947 E3567.11412
G1 X114.34 Y74.131 E3567.29132
G1 X114.34 Y76.085 E3567.94122
G1 X111.844 Y76.086 E3568.7714
G1 X111.917 Y75.601 E3568.93452
G1 X111.927 Y75.31 E3569.03137
G1 X112.048 Y75.15 E3569.09809
G1 X112.231 Y74.514 E3569.31821
G1 X112.259 Y74.354 E3569.37223
G1 X112.357 Y74.174 E3569.4404
G1 X112.515 Y74.052 E3569.50679
G1 X113.231 Y73.853 E3569.75396
G1 X113.418 Y73.69 E3569.83647
G1 F3600 E3565.83647
G0 F9000 X112.642 Y72.809
G0 X113.22 Y72.328
G0 X124.153 Y72.646
G0 X124.153 Y87.272
G0 X113.899 Y102.629
G0 X113.418 Y103.69
G1 F3600 E3569.83647
G1 F1500 X113.84 Y103.882 E3569.99067
G1 X113.84 Y103.947 E3570.01229
G1 X114.34 Y104.131 E3570.18949
G1 X114.34 Y106.085 E3570.8394
G1 X111.844 Y106.086 E3571.66957
G1 X111.917 Y105.601 E3571.8327
G1 X111.927 Y105.31 E3571.92954
G1 X112.048 Y105.15 E3571.99626
G1 X112.231 Y104.514 E3572.21638
G1 X112.259 Y104.354 E3572.2704
G1 X112.357 Y104.174 E3572.33857
G1 X112.515 Y104.052 E3572.40496
G1 X113.231 Y103.853 E3572.65213
G1 X113.418 Y103.69 E3572.73464
G1 F3600 E3568.73464
G0 F9000 X114.264 Y102.796
G0 X125.847 Y95.806
G0 X133.813 Y95.806
G0 X142.642 Y102.809
G0 X143.418 Y103.69
G1 F3600 E3572.73464
G1 F1500 X143.84 Y103.882 E3572.88884
G1 X143.84 Y103.947 E3572.91046
G1 X144.34 Y104.131 E3573.08767
G1 X144.34 Y106.085 E3573.73757
G1 X141.844 Y106.086 E3574.56774
G1 X141.917 Y105.601 E3574.73087
G1 X141.927 Y105.31 E3574.82772
G1 X142.048 Y105.15 E3574.89444
G1 X142.231 Y104.514 E3575.11455
G1 X142.259 Y104.354 E3575.16858
G1 X142.357 Y104.174 E3575.23674
G1 X142.515 Y104.052 E3575.30314
G1 X143.231 Y103.853 E3575.55031
G1 X143.418 Y103.69 E3575.63282
G1 F3600 E3571.63282
G0 F9000 X141.327 Y107.386
;TYPE:SUPPORT-INTERFACE
G1 F3600 E3575.63282
G1 F1500 X142.727 Y108.786 E3576.29133
G1 F3600 E3572.29133
G0 F9000 X142.727 Y110.251
G0 X138.859 Y110.238
G0 X133.813 Y95.806
G0 X125.847 Y95.806
G0 X116.187 Y102.646
G0 X115.505 Y106.585
G0 X114.032 Y106.585
G1 F3600 E3576.29133
G1 F1500 X111.832 Y108.786 E3577.32638
G1 F3600 E3573.32638
G0 F9000 X111.832 Y110.251
G0 X108.859 Y110.238
G0 X108.883 Y107.033
G0 X112.516 Y87.283
G0 X124.153 Y87.272
G0 X124.153 Y72.646
G0 X116.187 Y72.646
G0 X116.187 Y80.933
G0 X112.726 Y80.251
G0 X112.726 Y78.785
G1 F3600 E3577.32638
G1 F1500 X111.328 Y77.386 E3577.98419
G1 F3600 E3573.98419
;MESH:wildrosebuilds_puzzlecube.stl(2)
G0 F9000 X109.675 Y77.033
G0 X109.226 Y77.033
G0 X103.825 Y77.386
G0 X102.14 Y77.386
G0 X101.06 Y81.917
G0 X102.786 Y81.917
;TYPE:WALL-OUTER
G1 F3600 E3577.98419
G1 F1500 X102.66 Y81.681 E3578.07317
G1 X102.66 Y66.956 E3582.97073
G1 X97 Y66.956 E3584.85325
G1 X97 Y92.121 E3593.22316
G1 X102.911 Y86.216 E3596.00211
G1 X103.163 Y86.118 E3596.09204
G1 X123 Y86.116 E3602.68985
G1 X123 Y73.796 E3606.7875
G1 X117.34 Y73.796 E3608.67002
G1 X117.34 Y81.664 E3611.28693
G1 X117.226 Y81.904 E3611.3753
G1 X116.959 Y82.084 E3611.4824
G1 X103.121 Y82.083 E3616.08494
G1 X102.942 Y82.035 E3616.14658
G1 X102.786 Y81.917 E3616.21164
G0 F9000 X101.06 Y81.917
G0 X101.067 Y85.797
G0 X102.053 Y86.784
;TYPE:FILL
G1 F3000 X97.2 Y81.93 E3618.49457
G0 F9000 X98.6 Y81.93
G0 X98.6 Y77.86
G0 X97.2 Y77.86
G1 F3000 X102.46 Y72.6 E3620.96872
G1 F3600 E3616.96872
G0 F9000 X101.06 Y72.6
G0 X102.14 Y75.399
G0 X103.825 Y75.399
G0 X113.22 Y72.328
G0 X115.497 Y73.322
G0 X116.175 Y75.399
G0 X117.86 Y75.399
G0 X118.935 Y75.399
G0 X118.935 Y73.996
G1 F3600 E3620.96872
G1 F3000 X122.8 Y77.861 E3622.78669
G0 F9000 X121.4 Y77.861
G0 X121.4 Y81.93
G0 X122.8 Y81.93
G1 F3000 X118.813 Y85.917 E3624.66206
G0 F9000 X118.813 Y84.519
G0 X112.098 Y84.256
G0 X111.768 Y83.96
;TYPE:SKIN
G1 F1599.1 X112.05 Y83.836 E3624.75816
G1 F1650.2 X117.485 Y83.829 E3626.40135
G1 F1648.4 X117.485 Y82.763 E3626.724
G1 X117.182 Y82.89 E3626.82344
G1 F1652 X116.898 Y82.932 E3626.91014
G1 F1653.8 X111.972 Y82.936 E3628.39616
G1 F1599.1 X111.325 Y82.966 E3628.59823
G1 F1524.4 X110.521 Y82.983 E3628.86142
G1 F1500 X103.038 Y82.981 E3631.35028
G1 X102.561 Y82.856 E3631.51428
G1 X102.561 Y85.363 E3632.34812
G1 X103.056 Y85.22 E3632.51949
G1 X111.628 Y85.216 E3635.37055
G1 X111.631 Y84.226 E3635.69982
G1 F1524.4 X111.768 Y83.96 E3635.79775
G0 F9000 X112.098 Y84.256
G0 X110.518 Y84.098
G1 F1208.7 X103.682 Y84.096 E3638.61936
G0 F9000 X100.453 Y84.292
G1 F3600 E3634.61936
;MESH:wildrosebuilds_puzzlecube.stl
G0 F9000 X97.507 Y90.9
G0 X98.69 Y92.082
G0 X97.507 Y95.794
G0 X97.507 Y97.479
G0 X101.06 Y111.917
G0 X102.786 Y111.917
;TYPE:WALL-OUTER
G1 F3600 E3638.61936
G1 F1500 X102.66 Y111.681 E3638.70834
G1 X102.66 Y96.956 E3643.6059
G1 X97 Y96.956 E3645.48842
G1 X97 Y122.121 E3653.85833
G1 X102.911 Y116.216 E3656.63728
G1 X103.163 Y116.118 E3656.72721
G1 X123 Y116.116 E3663.32502
G1 X123 Y103.796 E3667.42267
G1 X117.34 Y103.796 E3669.30519
G1 X117.34 Y111.664 E3671.9221
G1 X117.226 Y111.904 E3672.01047
G1 X116.959 Y112.084 E3672.11757
G1 X103.121 Y112.083 E3676.72011
G1 X102.942 Y112.035 E3676.78175
G1 X102.786 Y111.917 E3676.84681
G0 F9000 X101.06 Y111.917
G0 X101.067 Y115.797
G0 X102.053 Y116.784
;TYPE:FILL
G1 F3000 X97.2 Y111.93 E3679.12974
G0 F9000 X98.6 Y111.93
G0 X98.6 Y107.859
G0 X97.2 Y107.859
G1 F3000 X102.46 Y102.6 E3681.60365
G1 F3600 E3677.60365
G0 F9000 X101.06 Y102.6
G0 X102.14 Y105.399
G0 X103.825 Y105.399
G0 X113.22 Y102.328
G0 X115.497 Y103.322
G0 X116.175 Y105.399
G0 X117.86 Y105.399
G0 X118.936 Y105.399
G0 X118.936 Y103.996
G1 F3600 E3681.60365
G1 F3000 X122.8 Y107.861 E3683.42139
G0 F9000 X121.4 Y107.861
G0 X121.4 Y111.93
G0 X122.8 Y111.93
G1 F3000 X118.813 Y115.917 E3685.29676
G0 F9000 X118.813 Y114.519
G0 X112.098 Y114.256
G0 X111.768 Y113.96
;TYPE:SKIN
G1 F1599.1 X112.05 Y113.836 E3685.39286
G1 F1650.2 X117.485 Y113.829 E3687.03605
G1 F1648.4 X117.485 Y112.763 E3687.3587
G1 X117.182 Y112.89 E3687.45814
G1 F1652 X116.898 Y112.932 E3687.54484
G1 F1653.8 X111.972 Y112.936 E3689.03086
G1 F1599.1 X111.325 Y112.966 E3689.23293
G1 F1524.4 X110.521 Y112.983 E3689.49612
G1 F1500 X103.038 Y112.981 E3691.98498
G1 X102.561 Y112.856 E3692.14898
G1 X102.561 Y115.363 E3692.98282
G1 X103.056 Y115.22 E3693.15419
G1 X111.628 Y115.216 E3696.00525
G1 X111.631 Y114.226 E3696.33452
G1 F1524.4 X111.768 Y113.96 E3696.43245
G0 F9000 X112.098 Y114.256
G0 X110.518 Y114.098
G1 F1208.7 X103.682 Y114.096 E3699.25406
G0 F9000 X100.453 Y114.292
G1 F3600 E3695.25406
;MESH:wildrosebuilds_puzzlecube.stl(1)
G0 F9000 X102.14 Y115.857
G0 X103.487 Y117.28
G0 X124.153 Y117.272
G0 X125.835 Y115.857
G0 X127.52 Y115.857
G0 X131.06 Y111.917
G0 X132.786 Y111.917
;TYPE:WALL-OUTER
G1 F3600 E3699.25406
G1 F1500 X132.66 Y111.681 E3699.34304
G1 X132.66 Y96.956 E3704.2406
G1 X127 Y96.956 E3706.12312
G1 X127 Y122.121 E3714.49303
G1 X132.911 Y116.216 E3717.27198
G1 X133.163 Y116.118 E3717.36191
G1 X153 Y116.116 E3723.95972
G1 X153 Y103.796 E3728.05737
G1 X147.34 Y103.796 E3729.93989
G1 X147.34 Y111.664 E3732.5568
G1 X147.226 Y111.904 E3732.64517
G1 X146.959 Y112.084 E3732.75227
G1 X133.121 Y112.083 E3737.35481
G1 X132.942 Y112.035 E3737.41645
G1 X132.786 Y111.917 E3737.48151
G0 F9000 X131.06 Y111.917
G0 X131.067 Y115.797
G0 X132.054 Y116.784
;TYPE:FILL
G1 F3000 X127.2 Y111.931 E3739.76444
G0 F9000 X128.6 Y111.931
G0 X128.6 Y107.859
G0 X127.2 Y107.859
G1 F3000 X132.46 Y102.599 E3742.23859
G1 F3600 E3738.23859
G0 F9000 X131.06 Y102.599
G0 X132.14 Y105.399
G0 X133.825 Y105.399
G0 X143.22 Y102.328
G0 X145.497 Y103.322
G0 X146.175 Y105.399
G0 X147.86 Y105.399
G0 X148.936 Y105.399
G0 X148.936 Y103.996
G1 F3600 E3742.23859
G1 F3000 X152.8 Y107.861 E3744.05633
G0 F9000 X151.4 Y107.861
G0 X151.4 Y111.929
G0 X152.8 Y111.929
G1 F3000 X148.813 Y115.917 E3745.93193
G0 F9000 X148.813 Y114.519
G0 X142.098 Y114.256
G0 X141.768 Y113.96
;TYPE:SKIN
G1 F1599.1 X142.05 Y113.836 E3746.02803
G1 F1650.2 X147.485 Y113.829 E3747.67122
G1 F1648.4 X147.485 Y112.763 E3747.99387
G1 X147.182 Y112.89 E3748.09331
G1 F1652 X146.898 Y112.932 E3748.18001
G1 F1653.8 X141.972 Y112.936 E3749.66603
G1 F1599.1 X141.325 Y112.966 E3749.8681
G1 F1524.4 X140.521 Y112.983 E3750.13129
G1 F1500 X133.038 Y112.981 E3752.62015
G1 X132.561 Y112.856 E3752.78415
G1 X132.561 Y115.363 E3753.61799
G1 X133.056 Y115.22 E3753.78936
G1 X141.628 Y115.216 E3756.64042
G1 X141.631 Y114.226 E3756.96969
G1 F1524.4 X141.768 Y113.96 E3757.06762
G0 F9000 X142.098 Y114.256
G0 X140.518 Y114.098
G1 F1208.7 X133.682 Y114.096 E3759.88923
G0 F9000 X130.453 Y114.292
G1 F3600 E3755.88923
;MESH:NONMESH
G0 F300 X130.453 Y114.292 Z14.25
G0 F9000 X127.514 Y97.473
G0 X127.514 Y95.794
G0 X124.153 Y72.646
G0 X116.187 Y72.646
G0 X116.187 Y80.933
G0 X108.859 Y80.238
G0 X108.883 Y77.033
G0 X109.683 Y76.233
G0 X110.545 Y76.226
G0 X111.328 Y77.386
;TIME_ELAPSED:1156.809801
;LAYER:16
;TYPE:SUPPORT-INTERFACE
G1 F3600 E3759.88923
G1 F1500 X112.726 Y78.785 E3760.54704
G1 F3600 E3756.54704
G0 F9000 X112.726 Y79.451
G0 X116.187 Y80.133
G0 X116.187 Y72.646
G0 X124.153 Y72.646
G0 X124.153 Y87.272
G0 X116.363 Y101.717
G0 X115.505 Y105.785
G0 X114.271 Y105.785
G1 F3600 E3760.54704
G1 F1500 X114.84 Y106.355 E3760.81492
G0 F9000 X114.833 Y105.785
G1 F1500 X111.832 Y108.786 E3762.2265
G1 F3600 E3758.2265
G0 F9000 X111.832 Y109.451
G0 X115.493 Y109.439
G0 X116.187 Y102.646
G0 X125.847 Y95.806
G0 X133.813 Y95.806
G0 X139.66 Y107.467
G0 X141.327 Y107.386
G1 F3600 E3762.2265
G1 F1500 X142.727 Y108.786 E3762.88502
G1 F3600 E3758.88502
G0 F9000 X143.419 Y103.69
;TYPE:SUPPORT
G1 F3600 E3762.88502
G1 F1500 X143.84 Y103.882 E3763.03891
G1 X143.84 Y103.95 E3763.06153
G1 X144.34 Y104.132 E3763.23851
G1 X144.34 Y105.285 E3763.622
G1 X141.944 Y105.287 E3764.41891
G1 X142.072 Y105.118 E3764.48942
G1 X142.23 Y104.51 E3764.69836
G1 X142.257 Y104.351 E3764.752
G1 X142.358 Y104.171 E3764.82065
G1 X142.51 Y104.051 E3764.88506
G1 X143.234 Y103.852 E3765.13479
G1 X143.419 Y103.69 E3765.21658
G1 F3600 E3761.21658
G0 F9000 X141.927 Y105.31
G1 F3600 E3765.21658
G1 F1500 X141.909 Y105.811 E3765.38332
G1 X141.847 Y106.086 E3765.47708
G1 X141.927 Y106.086 E3765.50369
G1 X141.927 Y105.31 E3765.76179
G1 F3600 E3761.76179
G0 F9000 X140.761 Y105.27
G0 X133.813 Y95.806
G0 X125.847 Y95.806
G0 X114.259 Y102.794
G0 X113.419 Y103.69
G1 F3600 E3765.76179
G1 F1500 X113.84 Y103.882 E3765.91569
G1 X113.84 Y103.95 E3765.93831
G1 X114.34 Y104.132 E3766.11528
G1 X114.34 Y105.285 E3766.49877
G1 X111.944 Y105.287 E3767.29569
G1 X112.072 Y105.118 E3767.3662
G1 X112.23 Y104.51 E3767.57514
G1 X112.257 Y104.351 E3767.62878
G1 X112.358 Y104.171 E3767.69743
G1 X112.51 Y104.051 E3767.76184
G1 X113.234 Y103.852 E3768.01157
G1 X113.419 Y103.69 E3768.09336
G1 F3600 E3764.09336
G0 F9000 X111.927 Y105.31
G1 F3600 E3768.09336
G1 F1500 X111.909 Y105.811 E3768.2601
G1 X111.847 Y106.086 E3768.35386
G1 X111.927 Y106.086 E3768.38047
G1 X111.927 Y105.31 E3768.63857
G1 F3600 E3764.63857
G0 F9000 X111.033 Y104.487
G0 X114.245 Y87.282
G0 X124.153 Y87.272
G0 X124.153 Y72.646
G0 X116.187 Y72.646
G0 X116.187 Y80.133
G0 X109.659 Y79.438
G0 X109.683 Y76.233
G0 X111.456 Y73.401
G0 X111.922 Y73.033
G0 X112.669 Y72.8
G0 X113.419 Y73.69
G1 F3600 E3768.63857
G1 F1500 X113.84 Y73.882 E3768.79247
G1 X113.84 Y73.95 E3768.81508
G1 X114.34 Y74.132 E3768.99206
G1 X114.34 Y75.285 E3769.37555
G1 X111.944 Y75.287 E3770.17246
G1 X112.072 Y75.118 E3770.24297
G1 X112.23 Y74.51 E3770.45191
G1 X112.257 Y74.351 E3770.50555
G1 X112.358 Y74.171 E3770.5742
G1 X112.51 Y74.051 E3770.63861
G1 X113.234 Y73.852 E3770.88835
G1 X113.419 Y73.69 E3770.97014
G1 F3600 E3766.97014
G0 F9000 X111.927 Y75.31
G1 F3600 E3770.97014
G1 F1500 X111.909 Y75.811 E3771.13688
G1 X111.847 Y76.086 E3771.23064
G1 X111.927 Y76.086 E3771.25725
G1 X111.927 Y75.31 E3771.51534
G1 F3600 E3767.51534
;MESH:wildrosebuilds_puzzlecube.stl(2)
G0 F9000 X110.988 Y74.624
G0 X111.144 Y73.959
G0 X111.456 Y73.401
G0 X111.974 Y72.992
G0 X113.19 Y72.314
G0 X115.497 Y73.322
G0 X116.175 Y75.31
G0 X117.86 Y75.31
G0 X118.94 Y81.156
G0 X117.175 Y81.156
;TYPE:WALL-OUTER
G1 F3600 E3771.51534
G1 F1500 X116.907 Y81.284 E3771.61413
G1 X103.12 Y81.283 E3776.1997
G1 X102.951 Y81.239 E3776.25778
G1 X102.823 Y81.154 E3776.30889
G1 X102.706 Y80.995 E3776.37455
G1 X102.66 Y80.849 E3776.42546
G1 X102.66 Y66.956 E3781.04629
G1 X97 Y66.956 E3782.92882
G1 X97 Y92.121 E3791.29873
G1 X102.868 Y86.252 E3794.05909
G1 X102.995 Y86.165 E3794.11029
G1 X103.164 Y86.118 E3794.16863
G1 X123 Y86.116 E3800.76612
G1 X123 Y73.796 E3804.86376
G1 X117.34 Y73.796 E3806.74629
G1 X117.34 Y80.858 E3809.09512
G1 X117.175 Y81.156 E3809.20841
G0 F9000 X118.94 Y81.156
G0 X118.868 Y82.814
G0 X118.013 Y84.519
G0 X118.013 Y85.917
;TYPE:FILL
G1 F3000 X122.8 Y81.13 E3811.46007
G0 F9000 X121.4 Y81.13
G0 X121.4 Y78.661
G0 X122.8 Y78.661
G1 F3000 X118.135 Y73.996 E3813.65434
G1 F3600 E3809.65434
G0 F9000 X118.91 Y75.369
G0 X117.854 Y74.313
G0 X116.175 Y74.313
G0 X115.497 Y73.322
G0 X113.19 Y72.314
G0 X103.825 Y74.313
G0 X102.14 Y74.313
G0 X101.06 Y73.4
G0 X102.46 Y73.4
G1 F3600 E3813.65434
G1 F3000 X97.2 Y78.661 E3816.12872
G0 F9000 X98.6 Y78.661
G0 X98.6 Y81.13
G0 X97.2 Y81.13
G1 F3000 X102.454 Y86.384 E3818.60004
G1 F3600 E3814.60004
G0 F9000 X101.467 Y85.397
G0 X102.14 Y85.904
G0 X103.487 Y87.28
G0 X112.848 Y87.284
G0 X112.848 Y85.599
G0 X112.928 Y83.457
G0 X112.532 Y83.19
;TYPE:SKIN
G1 F3600 E3818.60004
G1 F1589 X112.846 Y83.036 E3818.70985
G1 F1652 X117.486 Y83.03 E3820.11114
G1 F1650.2 X117.486 Y81.97 E3820.43161
G1 X117.228 Y82.079 E3820.51629
G1 F1653.8 X116.892 Y82.133 E3820.61895
G1 F1655.6 X112.768 Y82.136 E3821.86167
G1 F1589 X112.022 Y82.172 E3822.09617
G1 F1515.2 X111.119 Y82.183 E3822.39352
G1 F1500 X103.028 Y82.181 E3825.0846
G1 X102.56 Y82.06 E3825.24538
G1 X102.561 Y85.356 E3826.34163
G1 X103.058 Y85.22 E3826.51301
G1 X112.427 Y85.216 E3829.62915
G1 X112.424 Y83.485 E3830.20489
G1 F1515.2 X112.532 Y83.19 E3830.30833
G0 F9000 X111.925 Y83.641
G1 F1500 X110.968 Y82.683 E3830.75871
G0 F9000 X112.928 Y83.457
G0 X109.553 Y82.683
G1 F1500 X111.586 Y84.716 E3831.71497
G0 F9000 X112.928 Y84.55
G0 X110.173 Y84.717
G1 F1500 X108.137 Y82.681 E3832.67264
G0 F9000 X112.877 Y83.436
G0 X112.841 Y80.12
G0 X106.722 Y80.12
G0 X106.722 Y82.68
G1 F1500 X108.759 Y84.718 E3833.63102
G0 F9000 X112.878 Y84.717
G0 X112.878 Y85.569
G0 X107.346 Y84.718
G1 F1500 X105.307 Y82.679 E3834.5901
G0 F9000 X102.14 Y82.679
G0 X103.891 Y82.678
G1 F1500 X105.932 Y84.719 E3835.55012
G0 F9000 X104.519 Y84.72
G1 F1500 X103.061 Y83.262 E3836.23592
G0 F9000 X100.453 Y83.492
G1 F3600 E3832.23592
;MESH:wildrosebuilds_puzzlecube.stl
G0 F9000 X98.087 Y90.303
G0 X99.278 Y91.494
G0 X115.497 Y103.322
G0 X116.175 Y104.313
G0 X117.854 Y104.313
G0 X118.94 Y111.156
G0 X117.175 Y111.156
;TYPE:WALL-OUTER
G1 F3600 E3836.23592
G1 F1500 X116.907 Y111.284 E3836.3347
G1 X103.12 Y111.283 E3840.92028
G1 X102.951 Y111.239 E3840.97836
G1 X102.823 Y111.154 E3841.02947
G1 X102.706 Y110.995 E3841.09513
G1 X102.66 Y110.849 E3841.14604
G1 X102.66 Y96.956 E3845.76687
G1 X97 Y96.956 E3847.64939
G1 X97 Y122.121 E3856.01931
G1 X102.868 Y116.252 E3858.77967
G1 X102.995 Y116.165 E3858.83087
G1 X103.164 Y116.118 E3858.88921
G1 X123 Y116.116 E3865.48669
G1 X123 Y103.796 E3869.58434
G1 X117.34 Y103.796 E3871.46687
G1 X117.34 Y110.858 E3873.8157
G1 X117.175 Y111.156 E3873.92899
G0 F9000 X118.94 Y111.156
G0 X118.868 Y112.814
G0 X118.012 Y114.519
G0 X118.012 Y115.917
;TYPE:FILL
G1 F3000 X122.8 Y111.13 E3876.18088
G0 F9000 X121.4 Y111.13
G0 X121.4 Y108.661
G0 X122.8 Y108.661
G1 F3000 X118.136 Y103.996 E3878.37492
G1 F3600 E3874.37492
G0 F9000 X118.91 Y105.369
G0 X117.854 Y104.313
G0 X116.175 Y104.313
G0 X115.497 Y103.322
G0 X113.19 Y102.314
G0 X103.825 Y104.313
G0 X102.14 Y104.313
G0 X101.06 Y103.4
G0 X102.46 Y103.4
G1 F3600 E3878.37492
G1 F3000 X97.2 Y108.66 E3880.84906
G0 F9000 X98.6 Y108.66
G0 X98.6 Y111.13
G0 X97.2 Y111.13
G1 F3000 X102.455 Y116.385 E3883.32086
G1 F3600 E3879.32086
G0 F9000 X101.467 Y115.397
G0 X102.14 Y115.904
G0 X103.487 Y117.28
G0 X112.848 Y117.284
G0 X112.848 Y115.599
G0 X112.928 Y113.457
G0 X112.532 Y113.19
;TYPE:SKIN
G1 F3600 E3883.32086
G1 F1589 X112.846 Y113.036 E3883.43066
G1 F1652 X117.486 Y113.03 E3884.83195
G1 F1650.2 X117.486 Y111.97 E3885.15243
G1 X117.228 Y112.079 E3885.23711
G1 F1653.8 X116.892 Y112.133 E3885.33977
G1 F1655.6 X112.768 Y112.136 E3886.58248
G1 F1589 X112.022 Y112.172 E3886.81698
G1 F1515.2 X111.119 Y112.183 E3887.11434
G1 F1500 X103.028 Y112.181 E3889.80541
G1 X102.56 Y112.06 E3889.96619
G1 X102.561 Y115.356 E3891.06244
G1 X103.058 Y115.22 E3891.23382
G1 X112.427 Y115.216 E3894.34997
G1 X112.424 Y113.485 E3894.9257
G1 F1515.2 X112.532 Y113.19 E3895.02914
G0 F9000 X111.964 Y113.378
G1 F1500 X111.27 Y112.685 E3895.35534
G0 F9000 X112.928 Y113.457
G0 X109.855 Y112.683
G1 F1500 X111.888 Y114.716 E3896.3116
G0 F9000 X112.928 Y114.55
G0 X110.473 Y114.716
G1 F1500 X108.44 Y112.682 E3897.2681
G0 F9000 X112.877 Y113.436
G0 X112.841 Y110.12
G0 X107.024 Y110.12
G0 X107.024 Y112.681
G1 F1500 X109.06 Y114.717 E3898.22577
G0 F9000 X112.878 Y114.716
G0 X112.878 Y115.569
G0 X107.646 Y114.717
G1 F1500 X105.609 Y112.68 E3899.18391
G0 F9000 X104.194 Y112.679
G1 F1500 X106.233 Y114.718 E3900.143
G0 F9000 X112.878 Y115.569
G0 X112.848 Y117.284
G0 X104.819 Y117.284
G0 X104.819 Y114.719
G1 F1500 X103.061 Y112.96 E3900.97014
G0 F9000 X102.06 Y112.96
G0 X102.06 Y114.374
G0 X103.06 Y114.374
G1 F1500 X103.406 Y114.72 E3901.13289
G0 F9000 X101.015 Y114.575
G1 F3600 E3897.13289
;MESH:wildrosebuilds_puzzlecube.stl(1)
G0 F9000 X102.14 Y115.891
G0 X103.487 Y117.28
G0 X124.153 Y117.272
G0 X125.847 Y95.806
G0 X133.813 Y95.806
G0 X133.813 Y110.132
G0 X146.187 Y110.133
G0 X147.854 Y113.4
G0 X148.868 Y112.814
G0 X148.94 Y111.156
G0 X147.175 Y111.156
;TYPE:WALL-OUTER
G1 F3600 E3901.13289
G1 F1500 X146.907 Y111.284 E3901.23167
G1 X133.12 Y111.283 E3905.81725
G1 X132.951 Y111.239 E3905.87533
G1 X132.823 Y111.154 E3905.92643
G1 X132.706 Y110.995 E3905.99209
G1 X132.66 Y110.849 E3906.04301
G1 X132.66 Y96.956 E3910.66384
G1 X127 Y96.956 E3912.54636
G1 X127 Y122.121 E3920.91627
G1 X132.868 Y116.252 E3923.67664
G1 X132.995 Y116.165 E3923.72784
G1 X133.164 Y116.118 E3923.78618
G1 X153 Y116.116 E3930.38366
G1 X153 Y103.796 E3934.48131
G1 X147.34 Y103.796 E3936.36383
G1 X147.34 Y110.858 E3938.71266
G1 X147.175 Y111.156 E3938.82596
G0 F9000 X148.94 Y111.156
G0 X148.868 Y112.814
G0 X148.012 Y114.519
G0 X148.012 Y115.917
;TYPE:FILL
G1 F3000 X152.8 Y111.129 E3941.07809
G0 F9000 X151.4 Y111.129
G0 X151.4 Y108.661
G0 X152.8 Y108.661
G1 F3000 X148.135 Y103.996 E3943.27236
G1 F3600 E3939.27236
G0 F9000 X148.91 Y105.369
G0 X147.854 Y104.313
G0 X146.175 Y104.313
G0 X145.497 Y103.322
G0 X143.19 Y102.314
G0 X133.825 Y104.313
G0 X132.14 Y104.313
G0 X131.06 Y103.4
G0 X132.46 Y103.4
G1 F3600 E3943.27236
G1 F3000 X127.2 Y108.66 E3945.7465
G0 F9000 X128.6 Y108.66
G0 X128.6 Y111.13
G0 X127.2 Y111.13
G1 F3000 X132.455 Y116.385 E3948.21829
G1 F3600 E3944.21829
G0 F9000 X131.467 Y115.397
G0 X132.14 Y115.904
G0 X133.487 Y117.28
G0 X142.848 Y117.284
G0 X142.848 Y115.599
G0 X142.928 Y113.457
G0 X142.532 Y113.19
;TYPE:SKIN
G1 F3600 E3948.21829
G1 F1589 X142.846 Y113.036 E3948.3281
G1 F1652 X147.486 Y113.03 E3949.72939
G1 F1650.2 X147.486 Y111.97 E3950.04986
G1 X147.228 Y112.079 E3950.13454
G1 F1653.8 X146.892 Y112.133 E3950.2372
G1 F1655.6 X142.768 Y112.136 E3951.47992
G1 F1589 X142.022 Y112.172 E3951.71442
G1 F1515.2 X141.119 Y112.183 E3952.01177
G1 F1500 X133.028 Y112.181 E3954.70285
G1 X132.56 Y112.06 E3954.86363
G1 X132.561 Y115.356 E3955.95988
G1 X133.058 Y115.22 E3956.13126
G1 X142.427 Y115.216 E3959.2474
G1 X142.424 Y113.485 E3959.82314
G1 F1515.2 X142.532 Y113.19 E3959.92658
G0 F9000 X141.926 Y113.641
G1 F1500 X140.967 Y112.683 E3960.37743
G0 F9000 X142.928 Y113.457
G0 X139.552 Y112.682
G1 F1500 X141.586 Y114.716 E3961.33416
G0 F9000 X142.928 Y114.55
G0 X140.173 Y114.717
G1 F1500 X138.137 Y112.681 E3962.29183
G0 F9000 X142.877 Y113.436
G0 X142.841 Y110.12
G0 X136.722 Y110.12
G0 X136.722 Y112.68
G1 F1500 X138.759 Y114.717 E3963.24997
G0 F9000 X142.878 Y114.716
G0 X142.878 Y115.569
G0 X137.346 Y114.718
G1 F1500 X135.306 Y112.679 E3964.20929
G0 F9000 X132.14 Y112.679
G0 X133.891 Y112.677
G1 F1500 X135.932 Y114.719 E3965.16955
G0 F9000 X134.519 Y114.72
G1 F1500 X133.061 Y113.262 E3965.85535
G0 F9000 X130.453 Y113.492
G1 F3600 E3961.85535
;MESH:NONMESH
G0 F300 X130.453 Y113.492 Z15.05
G0 F9000 X127.514 Y97.473
G0 X127.514 Y95.794
G0 X124.153 Y72.646
G0 X116.187 Y72.646
G0 X114.259 Y72.794
G0 X113.418 Y73.691
;TIME_ELAPSED:1213.546468
;LAYER:17
;TYPE:SUPPORT
G1 F3600 E3965.85535
G1 F1500 X113.84 Y73.882 E3966.00941
G1 X113.84 Y73.95 E3966.03203
G1 X114.34 Y74.137 E3966.20958
G1 X114.34 Y75.285 E3966.59141
G1 X111.945 Y75.287 E3967.38799
G1 X112.056 Y75.14 E3967.44925
G1 X112.214 Y74.6 E3967.63639
G1 X112.258 Y74.351 E3967.72049
G1 X112.358 Y74.171 E3967.78898
G1 X112.51 Y74.051 E3967.85339
G1 X113.234 Y73.852 E3968.10312
G1 X113.418 Y73.691 E3968.18444
G1 F3600 E3964.18444
G0 F9000 X111.924 Y75.738
G1 F3600 E3968.18444
G1 F1500 X111.885 Y76.086 E3968.30091
G1 X111.927 Y76.086 E3968.31488
G1 X111.924 Y75.738 E3968.43063
G1 F3600 E3964.43063
G0 F9000 X112.28 Y77.239
G0 X112.374 Y79.32
G0 X109.574 Y79.333
G0 X109.575 Y87.272
G0 X113.418 Y102.438
G0 X113.418 Y103.691
G1 F3600 E3968.43063
G1 F1500 X113.84 Y103.882 E3968.58469
G1 X113.84 Y103.95 E3968.60731
G1 X114.34 Y104.137 E3968.78486
G1 X114.34 Y105.285 E3969.16669
G1 X111.945 Y105.287 E3969.96327
G1 X112.056 Y105.14 E3970.02453
G1 X112.214 Y104.6 E3970.21167
G1 X112.258 Y104.351 E3970.29577
G1 X112.358 Y104.171 E3970.36426
G1 X112.51 Y104.051 E3970.42867
G1 X113.234 Y103.852 E3970.6784
G1 X113.418 Y103.691 E3970.75972
G1 F3600 E3966.75972
G0 F9000 X111.924 Y105.738
G1 F3600 E3970.75972
G1 F1500 X111.885 Y106.086 E3970.87619
G1 X111.927 Y106.086 E3970.89016
G1 X111.924 Y105.738 E3971.00591
G1 F3600 E3967.00591
G0 F9000 X113.08 Y106.439
G0 X115.493 Y106.437
G0 X116.187 Y102.646
G0 X125.847 Y95.806
G0 X133.813 Y95.806
G0 X142.667 Y102.802
G0 X143.418 Y103.691
G1 F3600 E3971.00591
G1 F1500 X143.84 Y103.882 E3971.15997
G1 X143.84 Y103.95 E3971.18259
G1 X144.34 Y104.137 E3971.36014
G1 X144.34 Y105.285 E3971.74197
G1 X141.945 Y105.287 E3972.53855
G1 X142.056 Y105.14 E3972.59981
G1 X142.214 Y104.6 E3972.78695
G1 X142.258 Y104.351 E3972.87105
G1 X142.358 Y104.171 E3972.93954
G1 X142.51 Y104.051 E3973.00395
G1 X143.234 Y103.852 E3973.25368
G1 X143.418 Y103.691 E3973.335
G1 F3600 E3969.335
G0 F9000 X141.924 Y105.738
G1 F3600 E3973.335
G1 F1500 X141.885 Y106.086 E3973.45147
G1 X141.927 Y106.086 E3973.46544
G1 X141.924 Y105.738 E3973.58119
G1 F3600 E3969.58119
;MESH:wildrosebuilds_puzzlecube.stl(2)
G0 F9000 X140.763 Y105.268
G0 X133.813 Y95.806
G0 X122.486 Y87.284
G0 X122.486 Y85.605
G0 X117.94 Y82.055
G0 X117.099 Y80.413
;TYPE:WALL-OUTER
G1 F3600 E3973.58119
G1 F1500 X116.936 Y80.484 E3973.64032
G1 X110.725 Y80.484 E3975.70611
G1 X110.728 Y86.116 E3977.57932
G1 X123 Y86.116 E3981.66101
G1 X123 Y73.796 E3985.75865
G1 X117.34 Y73.796 E3987.64118
G1 X117.34 Y80.076 E3989.72991
G1 X117.271 Y80.24 E3989.78909
G1 X117.099 Y80.413 E3989.87023
G0 F9000 X117.91 Y82.055
G0 X117.876 Y82.508
G0 X117.215 Y84.519
G0 X117.215 Y85.916
;TYPE:FILL
G1 F3000 X122.8 Y80.331 E3992.49724
G0 F9000 X122.8 Y79.46
G1 F3000 X117.54 Y74.2 E3994.97139
G0 F9000 X118.91 Y75.369
G0 X118.868 Y82.013
G0 X117.868 Y82.614
G0 X113.697 Y82.656
G0 X113.074 Y82.465
;TYPE:SKIN
G1 F1286.4 X113.409 Y82.288 E3995.11832
G1 F1562.5 X113.646 Y82.237 E3995.19573
G1 F1650.2 X117.485 Y82.229 E3996.35639
G1 F1648.4 X117.485 Y81.17 E3996.67692
G1 X117.149 Y81.299 E3996.78585
G1 F1652 X116.896 Y81.332 E3996.86291
G1 F1655.6 X113.568 Y81.337 E3997.86576
G1 F1562.5 X113.095 Y81.389 E3998.01769
G1 F1372.4 X112.78 Y81.471 E3998.13602
G1 F1192.4 X112.465 Y81.554 E3998.27232
G1 F1119.4 X111.795 Y81.554 E3998.57093
G1 X111.795 Y82.224 E3998.86954
G1 F1136.4 X111.775 Y82.686 E3999.07256
G1 F1153.8 X111.778 Y85.066 E4000.10163
G1 X113.077 Y85.066 E4000.6633
G1 F1145 X113.074 Y82.465 E4001.79657
G0 F9000 X114.334 Y83.586
G1 F3600 E3997.79657
G0 F9000 X113.648 Y85.599
G0 X113.648 Y87.284
G0 X109.575 Y87.272
G0 X103.825 Y86.251
G0 X97 Y92.121
;TYPE:WALL-OUTER
G1 F3600 E4001.79657
G1 F1500 X102.66 Y86.464 E4004.45816
G1 X102.66 Y66.956 E4010.94655
G1 X97 Y66.956 E4012.82907
G1 X97 Y92.121 E4021.19898
G0 F9000 X97.538 Y90.826
G0 X101.06 Y85.592
G0 X102.46 Y85.592
;TYPE:FILL
G1 F3000 X97.2 Y80.331 E4023.67336
G0 F9000 X97.2 Y79.46
G1 F3000 X102.46 Y74.199 E4026.14774
G0 F9000 X100.16 Y74.199
G1 F3600 E4022.14774
;MESH:wildrosebuilds_puzzlecube.stl
G0 F9000 X97.507 Y90.9
G0 X98.69 Y92.082
G0 X97.507 Y95.794
G0 X97 Y122.121
;TYPE:WALL-OUTER
G1 F3600 E4026.14774
G1 F1500 X102.66 Y116.464 E4028.80932
G1 X102.66 Y96.956 E4035.29771
G1 X97 Y96.956 E4037.18024
G1 X97 Y122.121 E4045.55015
G0 F9000 X97.538 Y120.826
G0 X101.06 Y115.591
G0 X102.46 Y115.591
;TYPE:FILL
G1 F3000 X97.2 Y110.331 E4048.02429
G0 F9000 X97.2 Y109.459
G1 F3000 X102.46 Y104.199 E4050.49843
G0 F9000 X100.16 Y104.199
G1 F3600 E4046.49843
G0 F9000 X102.14 Y112.055
G0 X103.825 Y112.055
G0 X109.574 Y109.333
G0 X113.64 Y109.321
G0 X113.641 Y112.6
G0 X117.868 Y112.614
G0 X117.94 Y112.055
G0 X117.099 Y110.413
;TYPE:WALL-OUTER
G1 F3600 E4050.49843
G1 F1500 X116.936 Y110.484 E4050.55757
G1 X110.725 Y110.484 E4052.62335
G1 X110.728 Y116.116 E4054.49657
G1 X123 Y116.116 E4058.57825
G1 X123 Y103.796 E4062.6759
G1 X117.34 Y103.796 E4064.55842
G1 X117.34 Y110.076 E4066.64716
G1 X117.271 Y110.24 E4066.70634
G1 X117.099 Y110.413 E4066.78748
G0 F9000 X117.91 Y112.055
G0 X117.876 Y112.508
G0 X117.214 Y114.519
G0 X117.214 Y115.916
;TYPE:FILL
G1 F3000 X122.8 Y110.331 E4069.41472
G0 F9000 X122.8 Y109.46
G1 F3000 X117.54 Y104.2 E4071.88887
G0 F9000 X118.91 Y105.369
G0 X118.868 Y112.013
G0 X117.868 Y112.614
G0 X113.697 Y112.656
G0 X113.074 Y112.465
;TYPE:SKIN
G1 F1286.4 X113.409 Y112.288 E4072.0358
G1 F1562.5 X113.646 Y112.237 E4072.11321
G1 F1650.2 X117.485 Y112.229 E4073.27387
G1 F1648.4 X117.485 Y111.17 E4073.5944
G1 X117.149 Y111.299 E4073.70333
G1 F1652 X116.896 Y111.332 E4073.78039
G1 F1655.6 X113.568 Y111.337 E4074.78324
G1 F1562.5 X113.095 Y111.389 E4074.93517
G1 F1372.4 X112.78 Y111.471 E4075.0535
G1 F1192.4 X112.465 Y111.554 E4075.1898
G1 F1119.4 X111.795 Y111.554 E4075.48841
G1 X111.795 Y112.224 E4075.78702
G1 F1136.4 X111.775 Y112.686 E4075.99004
G1 F1153.8 X111.778 Y115.066 E4077.01911
G1 X113.077 Y115.066 E4077.58078
G1 F1145 X113.074 Y112.465 E4078.71405
G0 F9000 X114.334 Y113.586
G1 F3600 E4074.71405
;MESH:wildrosebuilds_puzzlecube.stl(1)
G0 F9000 X122.486 Y115.605
G0 X127.52 Y115.605
G0 X127 Y122.121
;TYPE:WALL-OUTER
G1 F3600 E4078.71405
G1 F1500 X132.66 Y116.464 E4081.37564
G1 X132.66 Y96.956 E4087.86403
G1 X127 Y96.956 E4089.74655
G1 X127 Y122.121 E4098.11646
G0 F9000 X127.538 Y120.826
G0 X131.06 Y115.591
G0 X132.46 Y115.591
;TYPE:FILL
G1 F3000 X127.2 Y110.331 E4100.5906
G0 F9000 X127.2 Y109.459
G1 F3000 X132.46 Y104.199 E4103.06475
G0 F9000 X130.16 Y104.199
G1 F3600 E4099.06475
G0 F9000 X132.14 Y112.055
G0 X133.825 Y112.055
G0 X139.574 Y109.333
G0 X143.64 Y109.321
G0 X143.641 Y112.6
G0 X147.868 Y112.614
G0 X147.94 Y112.055
G0 X147.099 Y110.413
;TYPE:WALL-OUTER
G1 F3600 E4103.06475
G1 F1500 X146.936 Y110.484 E4103.12388
G1 X140.725 Y110.484 E4105.18967
G1 X140.728 Y116.116 E4107.06288
G1 X153 Y116.116 E4111.14456
G1 X153 Y103.796 E4115.24221
G1 X147.34 Y103.796 E4117.12474
G1 X147.34 Y110.076 E4119.21347
G1 X147.271 Y110.24 E4119.27265
G1 X147.099 Y110.413 E4119.35379
G0 F9000 X147.91 Y112.055
G0 X147.876 Y112.508
G0 X147.214 Y114.519
G0 X147.214 Y115.916
;TYPE:FILL
G1 F3000 X152.8 Y110.33 E4121.98127
G0 F9000 X152.8 Y109.46
G1 F3000 X147.54 Y104.2 E4124.45541
G0 F9000 X148.91 Y105.369
G0 X148.868 Y112.013
G0 X147.868 Y112.614
G0 X143.697 Y112.656
G0 X143.074 Y112.465
;TYPE:SKIN
G1 F1286.4 X143.409 Y112.288 E4124.60235
G1 F1562.5 X143.646 Y112.237 E4124.67976
G1 F1650.2 X147.485 Y112.229 E4125.84042
G1 F1648.4 X147.485 Y111.17 E4126.16095
G1 X147.149 Y111.299 E4126.26988
G1 F1652 X146.896 Y111.332 E4126.34693
G1 F1655.6 X143.568 Y111.337 E4127.34978
G1 F1562.5 X143.095 Y111.389 E4127.50172
G1 F1372.4 X142.78 Y111.471 E4127.62005
G1 F1192.4 X142.465 Y111.554 E4127.75635
G1 F1119.4 X141.795 Y111.554 E4128.05496
G1 X141.795 Y112.224 E4128.35357
G1 F1136.4 X141.775 Y112.686 E4128.55659
G1 F1153.8 X141.778 Y115.066 E4129.58566
G1 X143.077 Y115.066 E4130.14733
G1 F1145 X143.074 Y112.465 E4131.2806
G0 F9000 X144.334 Y113.586
G1 F3600 E4127.2806
;MESH:NONMESH
G0 F300 X144.334 Y113.586 Z15.85
G0 F9000 X143.641 Y112.6
G0 X143.64 Y109.321
G0 X140.462 Y108.039
G0 X124.153 Y72.646
G0 X116.187 Y72.646
G0 X115.505 Y74.588
G0 X113.89 Y74.588
;TIME_ELAPSED:1250.611434
;LAYER:18
;TYPE:SUPPORT
G1 F3600 E4131.2806
G1 F1500 X114.34 Y74.77 E4131.44205
G1 X114.34 Y75.285 E4131.61334
G1 X113.222 Y75.286 E4131.98519
G1 X113.225 Y74.986 E4132.08497
G1 X113.505 Y74.986 E4132.1781
G1 X113.89 Y74.588 E4132.36228
G1 F3600 E4128.36228
G0 F9000 X113.892 Y76.45
G0 X112.387 Y78.525
G0 X110.374 Y78.533
G0 X110.375 Y87.272
G0 X114.326 Y103.508
G0 X113.89 Y104.588
G1 F3600 E4132.36228
G1 F1500 X114.34 Y104.77 E4132.52373
G1 X114.34 Y105.285 E4132.69502
G1 X113.222 Y105.286 E4133.06686
G1 X113.225 Y104.986 E4133.16665
G1 X113.505 Y104.986 E4133.25978
G1 X113.89 Y104.588 E4133.44395
G1 F3600 E4129.44395
G0 F9000 X114.326 Y103.508
G0 X125.847 Y95.806
G0 X133.813 Y95.806
G0 X143.013 Y103.825
G0 X143.89 Y104.588
G1 F3600 E4133.44395
G1 F1500 X144.34 Y104.77 E4133.6054
G1 X144.34 Y105.285 E4133.77669
G1 X143.222 Y105.286 E4134.14854
G1 X143.225 Y104.986 E4134.24832
G1 X143.505 Y104.986 E4134.34145
G1 X143.89 Y104.588 E4134.52563
G1 F3600 E4130.52563
;MESH:wildrosebuilds_puzzlecube.stl(2)
G0 F9000 X143.053 Y103.779
G0 X124.165 Y85.605
G0 X122.486 Y85.605
G0 X118.94 Y79.582
G0 X117.144 Y79.582
;TYPE:WALL-OUTER
G1 F3600 E4134.52563
G1 F1500 X116.905 Y79.684 E4134.61206
G1 X111.525 Y79.684 E4136.40145
G1 X111.528 Y86.116 E4138.54074
G1 X123 Y86.116 E4142.35635
G1 X123 Y73.796 E4146.454
G1 X117.34 Y73.796 E4148.33652
G1 X117.34 Y79.27 E4150.15718
G1 X117.283 Y79.417 E4150.20962
G1 X117.144 Y79.582 E4150.28138
G0 F9000 X118.94 Y79.582
G0 X118.91 Y75.369
G0 X117.54 Y75
;TYPE:FILL
G1 F3000 X122.8 Y80.261 E4152.75575
G0 F9000 X122.8 Y79.53
G1 F3000 X116.415 Y85.916 E4155.7593
G0 F9000 X116.415 Y84.519
G0 X114.497 Y81.856
G0 X113.875 Y81.664
;TYPE:SKIN
G1 F1286.4 X114.209 Y81.488 E4155.90571
G1 F1562.5 X114.446 Y81.437 E4155.98312
G1 F1657.5 X117.489 Y81.433 E4156.89907
G1 F1663 X117.489 Y80.381 E4157.21468
G1 X117.033 Y80.533 E4157.35888
G1 F1657.5 X114.368 Y80.537 E4158.16106
G92 E0
G1 F1562.5 X113.895 Y80.589 E0.15194
G1 F1372.4 X113.58 Y80.671 E0.27027
G1 F1192.4 X113.265 Y80.754 E0.40657
G1 F1119.4 X112.595 Y80.754 E0.70517
G1 X112.595 Y81.424 E1.00378
G1 F1136.4 X112.575 Y81.885 E1.20637
G1 F1153.8 X112.578 Y85.066 E2.58178
G1 X113.877 Y85.066 E3.14344
G1 F1145 X113.875 Y81.664 E4.62572
G0 F9000 X115.428 Y82.494
G1 F3600 E0.62572
G0 F9000 X114.448 Y85.599
G0 X114.448 Y87.284
G0 X110.375 Y87.272
G0 X103.825 Y86.251
G0 X97 Y92.121
;TYPE:WALL-OUTER
G1 F3600 E4.62572
G1 F1500 X102.66 Y86.464 E7.2873
G1 X102.66 Y66.956 E13.77569
G1 X97 Y66.956 E15.65821
G1 X97 Y92.121 E24.02813
G0 F9000 X97.538 Y90.826
G0 X101.06 Y84.791
G0 X102.46 Y84.791
;TYPE:FILL
G1 F3000 X97.2 Y79.53 E26.50251
G0 F9000 X97.2 Y80.26
G1 F3000 X102.46 Y74.999 E28.97688
G0 F9000 X100.16 Y74.999
G1 F3600 E24.97688
;MESH:wildrosebuilds_puzzlecube.stl
G0 F9000 X97.507 Y90.9
G0 X98.69 Y92.082
G0 X97.507 Y95.794
G0 X97 Y122.121
;TYPE:WALL-OUTER
G1 F3600 E28.97688
G1 F1500 X102.66 Y116.464 E31.63847
G1 X102.66 Y96.956 E38.12686
G1 X97 Y96.956 E40.00938
G1 X97 Y122.121 E48.37929
G0 F9000 X97.538 Y120.826
G0 X101.06 Y114.79
G0 X102.46 Y114.79
;TYPE:FILL
G1 F3000 X97.2 Y109.53 E50.85343
G0 F9000 X97.2 Y110.26
G1 F3000 X102.46 Y105 E53.32758
G0 F9000 X100.16 Y105
G1 F3600 E49.32758
G0 F9000 X102.14 Y109.582
G0 X103.825 Y109.582
G0 X110.374 Y108.533
G0 X116.187 Y108.532
G0 X117.86 Y109.582
G0 X118.94 Y109.582
G0 X117.144 Y109.582
;TYPE:WALL-OUTER
G1 F3600 E53.32758
G1 F1500 X116.905 Y109.684 E53.41401
G1 X111.525 Y109.684 E55.2034
G1 X111.528 Y116.116 E57.34269
G1 X123 Y116.116 E61.1583
G1 X123 Y103.796 E65.25594
G1 X117.34 Y103.796 E67.13847
G1 X117.34 Y109.27 E68.95913
G1 X117.283 Y109.417 E69.01157
G1 X117.144 Y109.582 E69.08332
G0 F9000 X118.94 Y109.582
G0 X118.91 Y105.369
G0 X117.54 Y105
;TYPE:FILL
G1 F3000 X122.8 Y110.261 E71.5577
G0 F9000 X122.8 Y109.53
G1 F3000 X116.414 Y115.916 E74.56148
G0 F9000 X116.414 Y114.519
G0 X114.497 Y111.856
G0 X113.875 Y111.664
;TYPE:SKIN
G1 F1286.4 X114.209 Y111.488 E74.70789
G1 F1562.5 X114.446 Y111.437 E74.7853
G1 F1657.5 X117.489 Y111.433 E75.70126
G1 F1663 X117.489 Y110.381 E76.01686
G1 X117.033 Y110.533 E76.16107
G1 F1657.5 X114.368 Y110.537 E76.96324
G1 F1562.5 X113.895 Y110.589 E77.11518
G1 F1372.4 X113.58 Y110.671 E77.23351
G1 F1192.4 X113.265 Y110.754 E77.36981
G1 F1119.4 X112.595 Y110.754 E77.66842
G1 X112.595 Y111.424 E77.96703
G1 F1136.4 X112.575 Y111.885 E78.16961
G1 F1153.8 X112.578 Y115.066 E79.54502
G1 X113.877 Y115.066 E80.10668
G1 F1145 X113.875 Y111.664 E81.58896
G0 F9000 X115.428 Y112.494
G1 F3600 E77.58896
;MESH:wildrosebuilds_puzzlecube.stl(1)
G0 F9000 X122.486 Y115.605
G0 X127.52 Y115.605
G0 X127 Y122.121
;TYPE:WALL-OUTER
G1 F3600 E81.58896
G1 F1500 X132.66 Y116.464 E84.25055
G1 X132.66 Y96.956 E90.73893
G1 X127 Y96.956 E92.62146
G1 X127 Y122.121 E100.99137
G0 F9000 X127.538 Y120.826
G0 X131.06 Y114.791
G0 X132.46 Y114.791
;TYPE:FILL
G1 F3000 X127.2 Y109.531 E103.46551
G0 F9000 X127.2 Y110.259
G1 F3000 X132.46 Y104.999 E105.93966
G0 F9000 X130.16 Y104.999
G1 F3600 E101.93966
G0 F9000 X132.14 Y109.582
G0 X133.825 Y109.582
G0 X140.374 Y108.533
G0 X146.187 Y108.532
G0 X147.86 Y109.582
G0 X148.94 Y109.582
G0 X147.144 Y109.582
;TYPE:WALL-OUTER
G1 F3600 E105.93966
G1 F1500 X146.905 Y109.684 E106.02608
G1 X141.525 Y109.684 E107.81548
G1 X141.528 Y116.116 E109.95477
G1 X153 Y116.116 E113.77037
G1 X153 Y103.796 E117.86802
G1 X147.34 Y103.796 E119.75055
G1 X147.34 Y109.27 E121.57121
G1 X147.283 Y109.417 E121.62365
G1 X147.144 Y109.582 E121.6954
G0 F9000 X148.94 Y109.582
G0 X148.91 Y105.369
G0 X147.54 Y105
;TYPE:FILL
G1 F3000 X152.8 Y110.261 E124.16978
G0 F9000 X152.8 Y109.529
G1 F3000 X146.414 Y115.916 E127.17379
G0 F9000 X146.414 Y114.519
G0 X144.497 Y111.856
G0 X143.875 Y111.664
;TYPE:SKIN
G1 F1286.4 X144.209 Y111.488 E127.32021
G1 F1562.5 X144.446 Y111.437 E127.39761
G1 F1657.5 X147.489 Y111.433 E128.31357
G1 F1663 X147.489 Y110.381 E128.62918
G1 X147.033 Y110.533 E128.77338
G1 F1657.5 X144.368 Y110.537 E129.57556
G1 F1562.5 X143.895 Y110.589 E129.72749
G1 F1372.4 X143.58 Y110.671 E129.84582
G1 F1192.4 X143.265 Y110.754 E129.98212
G1 F1119.4 X142.595 Y110.754 E130.28073
G1 X142.595 Y111.424 E130.57934
G1 F1136.4 X142.575 Y111.885 E130.78193
G1 F1153.8 X142.578 Y115.066 E132.15733
G1 X143.877 Y115.066 E132.719
G1 F1145 X143.875 Y111.664 E134.20127
G0 F9000 X145.428 Y112.494
G1 F3600 E130.20127
;MESH:NONMESH
G0 F300 X145.428 Y112.494 Z16.65
G0 F9000 X144.441 Y111.8
G0 X144.44 Y108.521
G0 X141.262 Y107.239
G0 X124.153 Y72.646
G0 X116.187 Y72.646
G0 X115.505 Y74.6
G0 X113.903 Y74.6
;TIME_ELAPSED:1367.666302
;LAYER:19
;TYPE:SUPPORT
G1 F3600 E134.20127
G1 F1500 X114.34 Y74.787 E134.35937
G1 X114.34 Y75.285 E134.525
G1 X113.224 Y75.287 E134.89619
G1 X113.226 Y74.986 E134.9963
G1 X113.498 Y74.986 E135.08677
G1 X113.903 Y74.6 E135.27286
G1 F3600 E131.27286
G0 F9000 X113.906 Y76.45
G0 X111.174 Y77.733
G0 X111.175 Y87.272
G0 X114.128 Y103.429
G0 X113.903 Y104.6
G1 F3600 E135.27286
G1 F1500 X114.34 Y104.787 E135.43095
G1 X114.34 Y105.285 E135.59659
G1 X113.224 Y105.287 E135.96777
G1 X113.226 Y104.986 E136.06789
G1 X113.498 Y104.986 E136.15835
G1 X113.903 Y104.6 E136.34444
G1 F3600 E132.34444
G0 F9000 X115.505 Y104.6
G0 X116.187 Y102.646
G0 X125.847 Y95.806
G0 X133.813 Y95.806
G0 X143.035 Y103.824
G0 X143.903 Y104.6
G1 F3600 E136.34444
G1 F1500 X144.34 Y104.787 E136.50253
G1 X144.34 Y105.285 E136.66817
G1 X143.224 Y105.287 E137.03935
G1 X143.226 Y104.986 E137.13947
G1 X143.498 Y104.986 E137.22994
G1 X143.903 Y104.6 E137.41602
G1 F3600 E133.41602
;MESH:wildrosebuilds_puzzlecube.stl(2)
G0 F9000 X143.102 Y103.757
G0 X124.165 Y85.605
G0 X122.486 Y85.605
G0 X117.94 Y80.455
G0 X117.094 Y78.816
;TYPE:WALL-OUTER
G1 F3600 E137.41602
G1 F1500 X116.901 Y78.884 E137.48408
G1 X112.325 Y78.884 E139.00606
G1 X112.328 Y86.116 E141.41144
G1 X123 Y86.116 E144.96096
G1 X123 Y73.796 E149.05861
G1 X117.34 Y73.796 E150.94113
G1 X117.34 Y78.463 E152.49338
G1 X117.235 Y78.692 E152.57717
G1 X117.094 Y78.816 E152.63962
G0 F9000 X117.91 Y80.455
G0 X118.868 Y80.413
G0 X118.94 Y75.8
G0 X117.54 Y75.8
;TYPE:FILL
G1 F3000 X122.8 Y81.061 E155.114
G0 F9000 X121.4 Y81.061
G0 X121.4 Y78.73
G0 X122.8 Y78.73
G1 F3000 X115.614 Y85.916 E158.49408
G0 F9000 X115.614 Y84.519
G0 X115.297 Y81.056
G0 X114.675 Y80.864
;TYPE:SKIN
G1 F1286.4 X115.009 Y80.688 E158.64049
G1 F1562.5 X115.246 Y80.637 E158.71789
G1 F1657.5 X117.489 Y80.633 E159.39305
G1 F1663 X117.489 Y79.551 E159.71765
G1 X117.27 Y79.663 E159.79145
G1 X116.993 Y79.733 E159.87716
G1 F1657.5 X115.168 Y79.737 E160.4265
G1 F1562.5 X114.695 Y79.789 E160.57844
G1 F1372.4 X114.38 Y79.871 E160.69676
G1 F1192.4 X114.065 Y79.954 E160.83306
G1 F1119.4 X113.395 Y79.954 E161.13167
G1 X113.395 Y80.624 E161.43028
G1 F1136.4 X113.375 Y81.085 E161.63287
G1 F1153.8 X113.378 Y85.066 E163.35418
G1 X114.677 Y85.066 E163.91584
G1 F1145 X114.675 Y80.864 E165.74669
G0 F9000 X116.228 Y81.693
G1 F3600 E161.74669
G0 F9000 X115.248 Y85.599
G0 X115.248 Y87.284
G0 X111.175 Y87.272
G0 X103.825 Y86.251
G0 X97 Y92.121
;TYPE:WALL-OUTER
G1 F3600 E165.74669
G1 F1500 X102.66 Y86.464 E168.40827
G1 X102.66 Y66.956 E174.89666
G1 X97 Y66.956 E176.77918
G1 X97 Y92.121 E185.1491
G0 F9000 X97.538 Y90.826
G0 X101.06 Y83.991
G0 X102.46 Y83.991
;TYPE:FILL
G1 F3000 X97.2 Y78.73 E187.62347
G0 F9000 X98.6 Y78.73
G0 X98.6 Y81.061
G0 X97.2 Y81.061
G1 F3000 X102.46 Y75.8 E190.09785
G0 F9000 X100.16 Y75.8
G1 F3600 E186.09785
;MESH:wildrosebuilds_puzzlecube.stl
G0 F9000 X97.507 Y90.9
G0 X98.69 Y92.082
G0 X97.507 Y95.794
G0 X97 Y122.121
;TYPE:WALL-OUTER
G1 F3600 E190.09785
G1 F1500 X102.66 Y116.464 E192.75944
G1 X102.66 Y96.956 E199.24782
G1 X97 Y96.956 E201.13035
G1 X97 Y122.121 E209.50026
G0 F9000 X97.538 Y120.826
G0 X101.06 Y113.99
G0 X102.46 Y113.99
;TYPE:FILL
G1 F3000 X97.2 Y108.73 E211.9744
G0 F9000 X98.6 Y108.73
G0 X98.6 Y111.06
G0 X97.2 Y111.06
G1 F3000 X102.46 Y105.8 E214.44855
G0 F9000 X100.16 Y105.8
G1 F3600 E210.44855
G0 F9000 X102.14 Y110.455
G0 X103.825 Y110.455
G0 X111.174 Y107.733
G0 X115.24 Y107.721
G0 X115.241 Y111
G0 X117.868 Y111.013
G0 X117.94 Y110.455
G0 X117.094 Y108.816
;TYPE:WALL-OUTER
G1 F3600 E214.44855
G1 F1500 X116.901 Y108.884 E214.51661
G1 X112.325 Y108.884 E216.03859
G1 X112.328 Y116.116 E218.44396
G1 X123 Y116.116 E221.99348
G1 X123 Y103.796 E226.09113
G1 X117.34 Y103.796 E227.97366
G1 X117.34 Y108.463 E229.52591
G1 X117.235 Y108.692 E229.6097
G1 X117.094 Y108.816 E229.67215
G0 F9000 X117.91 Y110.455
G0 X118.868 Y110.413
G0 X118.94 Y105.8
G0 X117.54 Y105.8
;TYPE:FILL
G1 F3000 X122.8 Y111.061 E232.14653
G0 F9000 X121.4 Y111.061
G0 X121.4 Y108.73
G0 X122.8 Y108.73
G1 F3000 X115.613 Y115.916 E235.52684
G0 F9000 X115.613 Y114.519
G0 X115.297 Y111.056
G0 X114.675 Y110.864
;TYPE:SKIN
G1 F1286.4 X115.009 Y110.688 E235.67325
G1 F1562.5 X115.246 Y110.637 E235.75066
G1 F1657.5 X117.489 Y110.633 E236.42581
G1 F1663 X117.489 Y109.551 E236.75042
G1 X117.27 Y109.663 E236.82421
G1 X116.993 Y109.733 E236.90993
G1 F1657.5 X115.168 Y109.737 E237.45926
G1 F1562.5 X114.695 Y109.789 E237.6112
G1 F1372.4 X114.38 Y109.871 E237.72953
G1 F1192.4 X114.065 Y109.954 E237.86582
G1 F1119.4 X113.395 Y109.954 E238.16443
G1 X113.395 Y110.624 E238.46304
G1 F1136.4 X113.375 Y111.085 E238.66563
G1 F1153.8 X113.378 Y115.066 E240.38694
G1 X114.677 Y115.066 E240.9486
G1 F1145 X114.675 Y110.864 E242.77945
G0 F9000 X116.228 Y111.693
G1 F3600 E238.77945
;MESH:wildrosebuilds_puzzlecube.stl(1)
G0 F9000 X122.486 Y115.605
G0 X127.52 Y115.605
G0 X127 Y122.121
;TYPE:WALL-OUTER
G1 F3600 E242.77945
G1 F1500 X132.66 Y116.464 E245.44103
G1 X132.66 Y96.956 E251.92942
G1 X127 Y96.956 E253.81194
G1 X127 Y122.121 E262.18186
G0 F9000 X127.538 Y120.826
G0 X131.06 Y113.991
G0 X132.46 Y113.991
;TYPE:FILL
G1 F3000 X127.2 Y108.73 E264.65624
G0 F9000 X128.6 Y108.73
G0 X128.6 Y111.06
G0 X127.2 Y111.06
G1 F3000 X132.46 Y105.799 E267.13061
G0 F9000 X130.16 Y105.799
G1 F3600 E263.13061
G0 F9000 X132.14 Y110.455
G0 X133.825 Y110.455
G0 X141.174 Y107.733
G0 X145.24 Y107.721
G0 X145.241 Y111
G0 X147.868 Y111.013
G0 X147.94 Y110.455
G0 X147.094 Y108.816
;TYPE:WALL-OUTER
G1 F3600 E267.13061
G1 F1500 X146.901 Y108.884 E267.19867
G1 X142.325 Y108.884 E268.72066
G1 X142.328 Y116.116 E271.12603
G1 X153 Y116.116 E274.67555
G1 X153 Y103.796 E278.7732
G1 X147.34 Y103.796 E280.65572
G1 X147.34 Y108.463 E282.20797
G1 X147.235 Y108.692 E282.29177
G1 X147.094 Y108.816 E282.35422
G0 F9000 X147.91 Y110.455
G0 X148.868 Y110.413
G0 X148.94 Y105.801
G0 X147.54 Y105.801
;TYPE:FILL
G1 F3000 X152.8 Y111.061 E284.82836
G0 F9000 X151.4 Y111.061
G0 X151.4 Y108.729
G0 X152.8 Y108.729
G1 F3000 X145.613 Y115.916 E288.2089
G0 F9000 X145.613 Y114.519
G0 X145.297 Y111.056
G0 X144.675 Y110.864
;TYPE:SKIN
G1 F1286.4 X145.009 Y110.688 E288.35532
G1 F1562.5 X145.246 Y110.637 E288.43272
G1 F1657.5 X147.489 Y110.633 E289.10788
G1 F1663 X147.489 Y109.551 E289.43248
G1 X147.27 Y109.663 E289.50628
G1 X146.993 Y109.733 E289.59199
G1 F1657.5 X145.168 Y109.737 E290.14133
G1 F1562.5 X144.695 Y109.789 E290.29326
G1 F1372.4 X144.38 Y109.871 E290.41159
G1 F1192.4 X144.065 Y109.954 E290.54789
G1 F1119.4 X143.395 Y109.954 E290.8465
G1 X143.395 Y110.624 E291.14511
G1 F1136.4 X143.375 Y111.085 E291.3477
G1 F1153.8 X143.378 Y115.066 E293.06901
G1 X144.677 Y115.066 E293.63067
G1 F1145 X144.675 Y110.864 E295.46152
G0 F9000 X146.228 Y111.693
G1 F3600 E291.46152
;MESH:NONMESH
G0 F300 X146.228 Y111.693 Z17.45
G0 F9000 X145.241 Y111
G0 X145.24 Y107.721
G0 X142.063 Y106.441
G0 X133.813 Y95.806
G0 X103.332 Y87.44
G0 X97 Y92.121
;TIME_ELAPSED:1403.398423
;LAYER:20
;TYPE:WALL-OUTER
;MESH:wildrosebuilds_puzzlecube.stl(2)
G1 F3600 E295.46152
G1 F1500 X102.66 Y86.464 E298.1231
G1 X102.66 Y66.956 E304.61149
G1 X97 Y66.956 E306.49401
G1 X97 Y92.121 E314.86392
G0 F9000 X97.538 Y90.826
G0 X98.6 Y81.861
G0 X97.2 Y81.861
;TYPE:FILL
G1 F3000 X102.46 Y76.6 E317.3383
G0 F9000 X101.06 Y76.6
G0 X98.6 Y77.93
G0 X97.2 Y77.93
G1 F3000 X102.46 Y83.19 E319.81245
G0 F9000 X100.16 Y83.19
G1 F3600 E315.81245
G0 F9000 X102.14 Y77.993
G0 X103.825 Y77.993
G0 X111.974 Y76.933
G0 X116.187 Y76.932
G0 X117.86 Y77.993
G0 X118.94 Y77.993
G0 X117.129 Y77.993
;TYPE:WALL-OUTER
G1 F3600 E319.81245
G1 F1500 X116.932 Y78.083 E319.88448
G1 X113.125 Y78.084 E321.1507
G1 X113.128 Y86.116 E323.82215
G1 X123 Y86.116 E327.10559
G1 X123 Y73.796 E331.20324
G1 X117.34 Y73.796 E333.08576
G1 X117.34 Y77.672 E334.37493
G1 X117.278 Y77.827 E334.43045
G1 X117.129 Y77.993 E334.50464
G0 F9000 X118.94 Y77.993
G0 X118.94 Y76.601
G0 X117.54 Y76.601
;TYPE:FILL
G1 F3000 X122.8 Y81.862 E336.97902
G0 F9000 X121.4 Y81.862
G0 X121.4 Y77.93
G0 X122.8 Y77.93
G1 F3000 X115.728 Y85.001 E340.30524
G0 F9000 X116.098 Y84.549
G0 X116.097 Y80.255
G0 X115.474 Y80.064
;TYPE:SKIN
G1 F1286.4 X115.809 Y79.888 E340.45199
G1 F1562.5 X116.045 Y79.836 E340.52915
G1 F1652 X117.487 Y79.831 E340.96464
G1 F1653.8 X117.487 Y78.759 E341.28803
G1 X117.313 Y78.844 E341.34645
G1 X116.965 Y78.929 E341.45452
G1 F1652 X115.967 Y78.935 E341.75592
G1 F1562.5 X115.495 Y78.986 E341.90751
G1 F1371.1 X115.18 Y79.069 E342.02604
G1 F1192.4 X114.865 Y79.152 E342.16234
G1 F1118.6 X114.194 Y79.154 E342.46162
G1 X114.194 Y79.823 E342.76
G1 F1135.5 X114.174 Y80.285 E342.96318
G1 F1153 X114.178 Y85.066 E345.03199
G1 X115.478 Y85.066 E345.59452
G1 F1144.2 X115.474 Y80.064 E347.77559
G0 F9000 X117.028 Y80.893
G1 F3600 E343.77559
;MESH:wildrosebuilds_puzzlecube.stl
G0 F9000 X118.94 Y85.599
G0 X118.94 Y87.284
G0 X118.94 Y102.634
G0 X118.94 Y104.319
G0 X118.94 Y107.993
G0 X117.129 Y107.993
;TYPE:WALL-OUTER
G1 F3600 E347.77559
G1 F1500 X116.932 Y108.083 E347.84763
G1 X113.125 Y108.084 E349.11384
G1 X113.128 Y116.116 E351.78529
G1 X123 Y116.116 E355.06873
G1 X123 Y103.796 E359.16638
G1 X117.34 Y103.796 E361.04891
G1 X117.34 Y107.672 E362.33807
G1 X117.278 Y107.827 E362.39359
G1 X117.129 Y107.993 E362.46779
G0 F9000 X118.94 Y107.993
G0 X118.94 Y106.601
G0 X117.54 Y106.601
;TYPE:FILL
G1 F3000 X122.8 Y111.861 E364.94193
G0 F9000 X121.4 Y111.861
G0 X121.4 Y107.929
G0 X122.8 Y107.929
G1 F3000 X115.728 Y115.001 E368.26838
G0 F9000 X116.098 Y114.549
G0 X116.097 Y110.255
G0 X115.474 Y110.064
;TYPE:SKIN
G1 F1286.4 X115.809 Y109.888 E368.41514
G1 F1562.5 X116.045 Y109.836 E368.4923
G1 F1652 X117.487 Y109.831 E368.92779
G1 F1653.8 X117.487 Y108.759 E369.25118
G1 X117.313 Y108.844 E369.3096
G1 X116.965 Y108.929 E369.41766
G1 F1652 X115.967 Y108.935 E369.71907
G1 F1562.5 X115.495 Y108.986 E369.87065
G1 F1371.1 X115.18 Y109.069 E369.98918
G1 F1192.4 X114.865 Y109.152 E370.12548
G1 F1118.6 X114.194 Y109.154 E370.42476
G1 X114.194 Y109.823 E370.72315
G1 F1135.5 X114.174 Y110.285 E370.92632
G1 F1153 X114.178 Y115.066 E372.99513
G1 X115.478 Y115.066 E373.55766
G1 F1144.2 X115.474 Y110.064 E375.73873
G0 F9000 X117.028 Y110.893
G1 F3600 E371.73873
G0 F9000 X116.048 Y115.599
G0 X116.048 Y117.284
G0 X111.975 Y117.272
G0 X103.825 Y116.251
G0 X97 Y122.121
;TYPE:WALL-OUTER
G1 F3600 E375.73873
G1 F1500 X102.66 Y116.464 E378.40032
G1 X102.66 Y96.956 E384.88871
G1 X97 Y96.956 E386.77123
G1 X97 Y122.121 E395.14114
G0 F9000 X97.538 Y120.826
G0 X98.6 Y111.861
G0 X97.2 Y111.861
;TYPE:FILL
G1 F3000 X102.46 Y106.601 E397.61529
G0 F9000 X101.06 Y106.601
G0 X98.6 Y107.929
G0 X97.2 Y107.929
G1 F3000 X102.46 Y113.189 E400.08943
G0 F9000 X100.16 Y113.189
G1 F3600 E396.08943
;MESH:wildrosebuilds_puzzlecube.stl(1)
G0 F9000 X102.142 Y116.251
G0 X103.825 Y116.251
G0 X111.975 Y117.272
G0 X124.153 Y117.272
G0 X125.835 Y116.251
G0 X127 Y122.121
;TYPE:WALL-OUTER
G1 F3600 E400.08943
G1 F1500 X132.66 Y116.464 E402.75101
G1 X132.66 Y96.956 E409.2394
G1 X127 Y96.956 E411.12192
G1 X127 Y122.121 E419.49184
G0 F9000 X127.538 Y120.826
G0 X128.6 Y111.86
G0 X127.2 Y111.86
;TYPE:FILL
G1 F3000 X132.46 Y106.6 E421.96598
G0 F9000 X131.06 Y106.6
G0 X128.6 Y107.93
G0 X127.2 Y107.93
G1 F3000 X132.46 Y113.19 E424.44012
G0 F9000 X130.16 Y113.19
G1 F3600 E420.44012
G0 F9000 X132.14 Y107.993
G0 X133.825 Y107.993
G0 X141.974 Y106.933
G0 X146.187 Y106.932
G0 X147.86 Y107.993
G0 X148.94 Y107.993
G0 X147.129 Y107.993
;TYPE:WALL-OUTER
G1 F3600 E424.44012
G1 F1500 X146.932 Y108.083 E424.51216
G1 X143.125 Y108.084 E425.77837
G1 X143.128 Y116.116 E428.44983
G1 X153 Y116.116 E431.73327
G1 X153 Y103.796 E435.83092
G1 X147.34 Y103.796 E437.71344
G1 X147.34 Y107.672 E439.0026
G1 X147.278 Y107.827 E439.05813
G1 X147.129 Y107.993 E439.13232
G0 F9000 X148.94 Y107.993
G0 X148.94 Y106.601
G0 X147.54 Y106.601
;TYPE:FILL
G1 F3000 X152.8 Y111.861 E441.60646
G0 F9000 X151.4 Y111.861
G0 X151.4 Y107.929
G0 X152.8 Y107.929
G1 F3000 X145.728 Y115.001 E444.93291
G0 F9000 X146.098 Y114.549
G0 X146.097 Y110.255
G0 X145.474 Y110.064
;TYPE:SKIN
G1 F1286.4 X145.809 Y109.888 E445.07967
G1 F1562.5 X146.045 Y109.836 E445.15683
G1 F1652 X147.487 Y109.831 E445.59232
G1 F1653.8 X147.487 Y108.759 E445.91571
G1 X147.313 Y108.844 E445.97413
G1 X146.965 Y108.929 E446.0822
G1 F1652 X145.967 Y108.935 E446.3836
G1 F1562.5 X145.495 Y108.986 E446.53518
G1 F1371.1 X145.18 Y109.069 E446.65371
G1 F1192.4 X144.865 Y109.152 E446.79001
G1 F1118.6 X144.194 Y109.154 E447.08929
G1 X144.194 Y109.823 E447.38768
G1 F1135.5 X144.174 Y110.285 E447.59086
G1 F1153 X144.178 Y115.066 E449.65966
G1 X145.478 Y115.066 E450.22219
G1 F1144.2 X145.474 Y110.064 E452.40327
G0 F9000 X147.028 Y110.893
G1 F3600 E448.40327
;MESH:NONMESH
G0 F300 X147.028 Y110.893 Z18.25
G0 F9000 X147.868 Y110.213
G0 X147.854 Y104.313
G0 X146.175 Y104.313
G0 X133.813 Y95.806
G0 X103.825 Y86.251
G0 X97 Y92.121
;TIME_ELAPSED:1434.214295
;LAYER:21
;TYPE:WALL-OUTER
;MESH:wildrosebuilds_puzzlecube.stl(2)
G1 F3600 E452.40327
G1 F1500 X102.66 Y86.464 E455.06485
G1 X102.66 Y66.956 E461.55324
G1 X97 Y66.956 E463.43576
G1 X97 Y92.121 E471.80568
G0 F9000 X97.538 Y90.826
G0 X98.6 Y82.66
G0 X97.2 Y82.66
;TYPE:FILL
G1 F3000 X102.46 Y77.399 E474.28005
G0 F9000 X101.06 Y77.399
G0 X101.06 Y82.391
G0 X102.46 Y82.391
G1 F3000 X97.2 Y77.131 E476.7542
G0 F9000 X99.5 Y77.131
G1 F3600 E472.7542
G0 F9000 X102.14 Y78.854
G0 X103.825 Y78.854
G0 X112.774 Y76.133
G0 X116.187 Y76.132
G0 X116.841 Y79.399
G0 X117.868 Y79.413
G0 X117.94 Y78.854
G0 X117.078 Y77.224
;TYPE:WALL-OUTER
G1 F3600 E476.7542
G1 F1500 X116.907 Y77.284 E476.81447
G1 X113.925 Y77.284 E477.80629
G1 X113.928 Y86.116 E480.74382
G1 X123 Y86.116 E483.76118
G1 X123 Y73.796 E487.85883
G1 X117.34 Y73.796 E489.74136
G1 X117.34 Y76.867 E490.76277
G1 X117.227 Y77.102 E490.8495
G1 X117.078 Y77.224 E490.91355
;TYPE:FILL
G1 F3000 X117.54 Y77.4
G1 X122.8 Y82.661 E493.38793
G0 F9000 X121.4 Y82.661
G0 X121.4 Y77.131
G0 X122.8 Y77.131
G1 F3000 X116.528 Y83.402 E496.33785
G0 F9000 X116.928 Y83.402
G0 X116.897 Y79.455
G0 X116.274 Y79.265
;TYPE:SKIN
G1 F1286.4 X116.609 Y79.088 E496.48479
G1 F1562.5 X116.846 Y79.037 E496.56219
G1 F1657.5 X117.489 Y79.033 E496.75574
G1 F1663 X117.489 Y77.976 E497.07285
G1 X117.043 Y78.132 E497.2146
G1 F1657.5 X116.768 Y78.137 E497.29739
G1 F1562.5 X116.295 Y78.189 E497.44933
G1 F1372.4 X115.98 Y78.271 E497.56766
G1 F1192.4 X115.665 Y78.354 E497.70396
G1 F1119.4 X114.995 Y78.354 E498.00257
G1 X114.995 Y79.024 E498.30118
G1 F1136.4 X114.974 Y79.485 E498.50378
G1 F1153 X114.978 Y85.066 E500.91876
G1 X116.278 Y85.066 E501.48129
G1 F1145 X116.274 Y79.265 E504.00883
G0 F9000 X117.828 Y80.093
G1 F3600 E500.00883
;MESH:wildrosebuilds_puzzlecube.stl
G0 F9000 X117.94 Y85.599
G0 X117.94 Y87.284
G0 X117.94 Y102.634
G0 X117.94 Y104.319
G0 X117.94 Y108.854
G0 X117.078 Y107.224
;TYPE:WALL-OUTER
G1 F3600 E504.00883
G1 F1500 X116.907 Y107.284 E504.06911
G1 X113.925 Y107.284 E505.06092
G1 X113.928 Y116.116 E507.99846
G1 X123 Y116.116 E511.01582
G1 X123 Y103.796 E515.11347
G1 X117.34 Y103.796 E516.99599
G1 X117.34 Y106.867 E518.01741
G1 X117.227 Y107.102 E518.10414
G1 X117.078 Y107.224 E518.16819
;TYPE:FILL
G1 F3000 X117.54 Y107.4
G1 X122.8 Y112.66 E520.64233
G0 F9000 X121.4 Y112.66
G0 X121.4 Y107.13
G0 X122.8 Y107.13
G1 F3000 X116.528 Y113.402 E523.59249
G0 F9000 X116.928 Y113.402
G0 X116.897 Y109.455
G0 X116.274 Y109.265
;TYPE:SKIN
G1 F1286.4 X116.609 Y109.088 E523.73942
G1 F1562.5 X116.846 Y109.037 E523.81683
G1 F1657.5 X117.489 Y109.033 E524.01038
G1 F1663 X117.489 Y107.976 E524.32748
G1 X117.043 Y108.132 E524.46924
G1 F1657.5 X116.768 Y108.137 E524.55203
G1 F1562.5 X116.295 Y108.189 E524.70396
G1 F1372.4 X115.98 Y108.271 E524.82229
G1 F1192.4 X115.665 Y108.354 E524.95859
G1 F1119.4 X114.995 Y108.354 E525.2572
G1 X114.995 Y109.024 E525.55581
G1 F1136.4 X114.974 Y109.485 E525.75842
G1 F1153 X114.978 Y115.066 E528.17339
G1 X116.278 Y115.066 E528.73592
G1 F1145 X116.274 Y109.265 E531.26346
G0 F9000 X117.828 Y110.093
G1 F3600 E527.26346
G0 F9000 X116.848 Y115.599
G0 X116.848 Y117.284
G0 X112.775 Y117.272
G0 X103.825 Y116.251
G0 X97 Y122.121
;TYPE:WALL-OUTER
G1 F3600 E531.26346
G1 F1500 X102.66 Y116.464 E533.92505
G1 X102.66 Y96.956 E540.41344
G1 X97 Y96.956 E542.29596
G1 X97 Y122.121 E550.66587
G0 F9000 X97.538 Y120.826
G0 X98.6 Y112.66
G0 X97.2 Y112.66
;TYPE:FILL
G1 F3000 X102.46 Y107.4 E553.14002
G0 F9000 X101.06 Y107.4
G0 X101.06 Y112.39
G0 X102.46 Y112.39
G1 F3000 X97.2 Y107.13 E555.61416
G0 F9000 X99.5 Y107.13
G1 F3600 E551.61416
;MESH:wildrosebuilds_puzzlecube.stl(1)
G0 F9000 X102.142 Y116.251
G0 X103.825 Y116.251
G0 X112.775 Y117.272
G0 X124.153 Y117.272
G0 X125.835 Y116.251
G0 X127 Y122.121
;TYPE:WALL-OUTER
G1 F3600 E555.61416
G1 F1500 X132.66 Y116.464 E558.27574
G1 X132.66 Y96.956 E564.76413
G1 X127 Y96.956 E566.64665
G1 X127 Y122.121 E575.01657
G0 F9000 X127.538 Y120.826
G0 X128.6 Y112.659
G0 X127.2 Y112.659
;TYPE:FILL
G1 F3000 X132.46 Y107.399 E577.49071
G0 F9000 X131.06 Y107.399
G0 X131.06 Y112.391
G0 X132.46 Y112.391
G1 F3000 X127.2 Y107.131 E579.96485
G0 F9000 X129.5 Y107.131
G1 F3600 E575.96485
G0 F9000 X132.14 Y108.854
G0 X133.825 Y108.854
G0 X142.774 Y106.133
G0 X146.187 Y106.132
G0 X146.841 Y109.399
G0 X147.868 Y109.413
G0 X147.94 Y108.854
G0 X147.078 Y107.224
;TYPE:WALL-OUTER
G1 F3600 E579.96485
G1 F1500 X146.907 Y107.284 E580.02513
G1 X143.925 Y107.284 E581.01694
G1 X143.928 Y116.116 E583.95448
G1 X153 Y116.116 E586.97184
G1 X153 Y103.796 E591.06949
G1 X147.34 Y103.796 E592.95201
G1 X147.34 Y106.867 E593.97343
G1 X147.227 Y107.102 E594.06016
G1 X147.078 Y107.224 E594.12421
;TYPE:FILL
G1 F3000 X147.54 Y107.4
G1 X152.8 Y112.66 E596.59835
G0 F9000 X151.4 Y112.66
G0 X151.4 Y107.13
G0 X152.8 Y107.13
G1 F3000 X146.528 Y113.402 E599.54851
G0 F9000 X146.928 Y113.402
G0 X146.897 Y109.455
G0 X146.274 Y109.265
;TYPE:SKIN
G1 F1286.4 X146.609 Y109.088 E599.69544
G1 F1562.5 X146.846 Y109.037 E599.77285
G1 F1657.5 X147.489 Y109.033 E599.9664
G1 F1663 X147.489 Y107.976 E600.28351
G1 X147.043 Y108.132 E600.42526
G1 F1657.5 X146.768 Y108.137 E600.50805
G1 F1562.5 X146.295 Y108.189 E600.65999
G1 F1372.4 X145.98 Y108.271 E600.77832
G1 F1192.4 X145.665 Y108.354 E600.91461
G1 F1119.4 X144.995 Y108.354 E601.21322
G1 X144.995 Y109.024 E601.51183
G1 F1136.4 X144.974 Y109.485 E601.71444
G1 F1153 X144.978 Y115.066 E604.12942
G1 X146.278 Y115.066 E604.69195
G1 F1145 X146.274 Y109.265 E607.21949
G0 F9000 X147.828 Y110.093
G1 F3600 E603.21949
;MESH:NONMESH
G0 F300 X147.828 Y110.093 Z19.05
G0 F9000 X147.854 Y104.313
G0 X146.175 Y104.313
G0 X133.813 Y95.806
G0 X103.825 Y86.251
G0 X97 Y92.121
;TIME_ELAPSED:1464.657077
;LAYER:22
;TYPE:WALL-OUTER
;MESH:wildrosebuilds_puzzlecube.stl(2)
G1 F3600 E607.21949
G1 F1500 X102.66 Y86.464 E609.88107
G1 X102.66 Y66.956 E616.36946
G1 X97 Y66.956 E618.25198
G1 X97 Y92.121 E626.6219
G0 F9000 X97.538 Y90.826
G0 X98.6 Y83.461
G0 X97.2 Y83.461
;TYPE:FILL
G1 F3000 X102.46 Y78.2 E629.09627
G0 F9000 X101.06 Y78.2
G0 X101.06 Y81.591
G0 X102.46 Y81.591
G1 F3000 X97.2 Y76.33 E631.57065
G0 F9000 X99.5 Y76.33
G1 F3600 E627.57065
G0 F9000 X102.14 Y76.382
G0 X103.825 Y76.382
G0 X113.574 Y75.333
G0 X116.187 Y75.332
G0 X117.86 Y76.382
G0 X118.94 Y76.382
G0 X117.144 Y76.382
;TYPE:WALL-OUTER
G1 F3600 E631.57065
G1 F1500 X116.935 Y76.484 E631.648
G1 X114.725 Y76.484 E632.38305
G1 X114.728 Y86.116 E635.58667
G1 X123 Y86.116 E638.33795
G1 X123 Y73.796 E642.43559
G1 X117.34 Y73.796 E644.31812
G1 X117.34 Y76.056 E645.0698
G1 X117.289 Y76.205 E645.12218
G1 X117.144 Y76.382 E645.19828
G0 F9000 X118.94 Y76.382
G0 X118.868 Y78.012
G0 X117.94 Y78.2
G0 X117.54 Y78.2
;TYPE:FILL
G1 F3000 X122.8 Y83.461 E647.67266
G0 F9000 X121.4 Y83.461
G0 X117.728 Y81.802
G0 X117.328 Y81.802
G1 F3000 X122.8 Y76.33 E650.24652
G0 F9000 X121.4 Y76.33
G0 X118.868 Y78.012
G0 X117.91 Y78.054
G0 X117.27 Y77.503
;TYPE:SKIN
G1 F1119.4 X116.836 Y77.554 E650.44128
G1 X115.795 Y77.554 E650.90524
G1 X115.795 Y78.224 E651.20385
G1 F1136.4 X115.774 Y78.685 E651.40645
G1 F1153 X115.778 Y85.066 E654.1676
G1 X117.078 Y85.066 E654.73013
G1 F1145 X117.074 Y78.492 E657.59447
G1 F1127.8 X117.181 Y78.29 E657.69559
G1 F1119.4 X117.27 Y78.245 E657.74004
G1 X117.27 Y77.503 E658.07074
G0 F9000 X118.547 Y78.984
G1 F3600 E654.07074
;MESH:wildrosebuilds_puzzlecube.stl
G0 F9000 X118.94 Y85.599
G0 X118.94 Y87.284
G0 X118.94 Y102.634
G0 X118.94 Y104.319
G0 X118.94 Y106.382
G0 X117.144 Y106.382
;TYPE:WALL-OUTER
G1 F3600 E658.07074
G1 F1500 X116.935 Y106.484 E658.14809
G1 X114.725 Y106.484 E658.88314
G1 X114.728 Y116.116 E662.08675
G1 X123 Y116.116 E664.83803
G1 X123 Y103.796 E668.93568
G1 X117.34 Y103.796 E670.8182
G1 X117.34 Y106.056 E671.56988
G1 X117.289 Y106.205 E671.62226
G1 X117.144 Y106.382 E671.69837
G0 F9000 X118.94 Y106.382
G0 X118.868 Y108.012
G0 X117.94 Y108.2
G0 X117.54 Y108.2
;TYPE:FILL
G1 F3000 X122.8 Y113.461 E674.17274
G0 F9000 X121.4 Y113.461
G0 X117.728 Y111.802
G0 X117.327 Y111.802
G1 F3000 X122.8 Y106.33 E676.74684
G0 F9000 X121.4 Y106.33
G0 X118.868 Y108.012
G0 X117.91 Y108.054
G0 X117.27 Y107.503
;TYPE:SKIN
G1 F1119.4 X116.836 Y107.554 E676.9416
G1 X115.795 Y107.554 E677.40556
G1 X115.795 Y108.224 E677.70417
G1 F1136.4 X115.774 Y108.685 E677.90677
G1 F1153 X115.778 Y115.066 E680.66792
G1 X117.078 Y115.066 E681.23045
G1 F1145 X117.074 Y108.492 E684.0948
G1 F1127.8 X117.181 Y108.29 E684.19591
G1 F1119.4 X117.27 Y108.245 E684.24036
G1 X117.27 Y107.503 E684.57106
G0 F9000 X118.547 Y108.984
G1 F3600 E680.57106
G0 F9000 X117.648 Y115.599
G0 X117.648 Y117.284
G0 X113.575 Y117.272
G0 X103.825 Y116.251
G0 X97 Y122.121
;TYPE:WALL-OUTER
G1 F3600 E684.57106
G1 F1500 X102.66 Y116.464 E687.23265
G1 X102.66 Y96.956 E693.72103
G1 X97 Y96.956 E695.60356
G1 X97 Y122.121 E703.97347
G0 F9000 X97.538 Y120.826
G0 X98.6 Y113.46
G0 X97.2 Y113.46
;TYPE:FILL
G1 F3000 X102.46 Y108.2 E706.44761
G0 F9000 X101.06 Y108.2
G0 X101.06 Y111.59
G0 X102.46 Y111.59
G1 F3000 X97.2 Y106.33 E708.92176
G0 F9000 X99.5 Y106.33
G1 F3600 E704.92176
;MESH:wildrosebuilds_puzzlecube.stl(1)
G0 F9000 X102.142 Y116.251
G0 X103.825 Y116.251
G0 X113.575 Y117.272
G0 X124.153 Y117.272
G0 X125.835 Y116.251
G0 X127 Y122.121
;TYPE:WALL-OUTER
G1 F3600 E708.92176
G1 F1500 X132.66 Y116.464 E711.58334
G1 X132.66 Y96.956 E718.07173
G1 X127 Y96.956 E719.95425
G1 X127 Y122.121 E728.32416
G0 F9000 X127.538 Y120.826
G0 X128.6 Y113.46
G0 X127.2 Y113.46
;TYPE:FILL
G1 F3000 X132.46 Y108.199 E730.79854
G0 F9000 X131.06 Y108.199
G0 X131.06 Y111.591
G0 X132.46 Y111.591
G1 F3000 X127.2 Y106.33 E733.27292
G0 F9000 X129.5 Y106.33
G1 F3600 E729.27292
G0 F9000 X132.14 Y106.382
G0 X133.825 Y106.382
G0 X143.574 Y105.333
G0 X146.187 Y105.332
G0 X147.86 Y106.382
G0 X148.94 Y106.382
G0 X147.144 Y106.382
;TYPE:WALL-OUTER
G1 F3600 E733.27292
G1 F1500 X146.935 Y106.484 E733.35027
G1 X144.725 Y106.484 E734.08532
G1 X144.728 Y116.116 E737.28894
G1 X153 Y116.116 E740.04021
G1 X153 Y103.796 E744.13786
G1 X147.34 Y103.796 E746.02039
G1 X147.34 Y106.056 E746.77207
G1 X147.289 Y106.205 E746.82445
G1 X147.144 Y106.382 E746.90055
G0 F9000 X148.94 Y106.382
G0 X148.868 Y108.012
G0 X147.94 Y108.201
G0 X147.54 Y108.201
;TYPE:FILL
G1 F3000 X152.8 Y113.461 E749.37469
G0 F9000 X151.4 Y113.461
G0 X147.728 Y111.801
G0 X147.328 Y111.801
G1 F3000 X152.8 Y106.329 E751.94855
G0 F9000 X151.4 Y106.329
G0 X148.868 Y108.012
G0 X147.91 Y108.054
G0 X147.27 Y107.503
;TYPE:SKIN
G1 F1119.4 X146.836 Y107.554 E752.14331
G1 X145.795 Y107.554 E752.60727
G1 X145.795 Y108.224 E752.90588
G1 F1136.4 X145.774 Y108.685 E753.10848
G1 F1153 X145.778 Y115.066 E755.86963
G1 X147.078 Y115.066 E756.43216
G1 F1145 X147.074 Y108.492 E759.29651
G1 F1127.8 X147.181 Y108.29 E759.39762
G1 F1119.4 X147.27 Y108.245 E759.44207
G1 X147.27 Y107.503 E759.77277
G0 F9000 X148.547 Y108.984
G1 F3600 E755.77277
;MESH:NONMESH
G0 F300 X148.547 Y108.984 Z19.85
G0 F9000 X147.854 Y104.313
G0 X146.175 Y104.313
G0 X133.813 Y95.806
G0 X103.825 Y86.251
G0 X97 Y92.121
;TIME_ELAPSED:1494.574909
;LAYER:23
;TYPE:WALL-OUTER
;MESH:wildrosebuilds_puzzlecube.stl(2)
G1 F3600 E759.77277
G1 F1500 X102.66 Y86.464 E762.43436
G1 X102.66 Y66.956 E768.92274
G1 X97 Y66.956 E770.80527
G1 X97 Y92.121 E779.17518
G0 F9000 X97.538 Y90.826
G0 X98.6 Y84.261
G0 X97.2 Y84.261
;TYPE:FILL
G1 F3000 X102.46 Y79 E781.64956
G0 F9000 X101.06 Y79
G0 X101.06 Y80.79
G0 X102.46 Y80.79
G1 F3000 X97.2 Y75.53 E784.1237
G0 F9000 X99.5 Y75.53
G1 F3600 E780.1237
G0 F9000 X102.14 Y75.52
G0 X103.825 Y75.52
G0 X114.374 Y74.533
G0 X116.187 Y74.532
G0 X117.212 Y75.52
;TYPE:WALL-OUTER
G1 F3600 E784.1237
G1 F1500 X117.021 Y75.651 E784.20073
G1 X116.84 Y75.684 E784.26193
G1 X115.525 Y75.684 E784.6993
G1 X115.528 Y86.116 E788.169
G1 X123 Y86.116 E790.65419
G1 X123 Y73.796 E794.75184
G1 X117.34 Y73.796 E796.63436
G1 X117.34 Y75.289 E797.13094
G1 X117.212 Y75.52 E797.21878
G1 F3600 E793.21878
G0 F9000 X116.187 Y74.532
G0 X114.374 Y74.533
G0 X114.375 Y87.272
G0 X122.1 Y87.284
G0 X122.1 Y85.216
;TYPE:SKIN
G1 F3600 E797.21878
G1 F1500 X122.1 Y74.696 E800.71774
G1 X118.24 Y74.696 E802.00158
G1 X118.236 Y75.247 E802.18485
G1 X118.187 Y75.59 E802.30009
G1 X117.886 Y76.131 E802.50601
G1 X117.453 Y76.432 E802.6814
G1 X117.262 Y76.512 E802.75027
G1 X116.884 Y76.584 E802.87826
G1 X116.424 Y76.584 E803.03125
G1 X116.428 Y85.216 E805.90227
G1 X122.1 Y85.216 E807.78878
G1 F3600 E803.78878
G0 F9000 X122.1 Y85.569
G0 X120.345 Y85.569
G0 X120.345 Y84.716
G1 F3600 E807.78878
G1 F1500 X121.6 Y83.461 E808.3791
G0 F9000 X121.6 Y82.047
G1 F1500 X118.93 Y84.716 E809.63475
G0 F9000 X118.93 Y85.569
G0 X117.516 Y85.569
G0 X117.516 Y84.716
G1 F1500 X121.6 Y80.633 E811.5555
G0 F9000 X121.6 Y79.219
G1 F1500 X116.928 Y83.89 E813.75283
G0 F9000 X116.928 Y85.569
G0 X116.927 Y82.477
G1 F1500 X121.6 Y77.804 E815.95087
G0 F9000 X121.6 Y76.39
G1 F1500 X116.926 Y81.063 E818.14914
G0 F9000 X116.925 Y79.651
G1 F1500 X121.38 Y75.196 E820.24464
G0 F9000 X119.966 Y75.196
G1 F1500 X116.924 Y78.237 E821.67526
G1 F3600 E817.67526
;MESH:wildrosebuilds_puzzlecube.stl
G0 F9000 X114.363 Y78.238
G0 X114.375 Y87.272
G0 X116.187 Y104.532
G0 X117.212 Y105.52
;TYPE:WALL-OUTER
G1 F3600 E821.67526
G1 F1500 X117.021 Y105.651 E821.7523
G1 X116.84 Y105.684 E821.81349
G1 X115.525 Y105.684 E822.25086
G1 X115.528 Y116.116 E825.72056
G1 X123 Y116.116 E828.20576
G1 X123 Y103.796 E832.3034
G1 X117.34 Y103.796 E834.18593
G1 X117.34 Y105.289 E834.6825
G1 X117.212 Y105.52 E834.77034
G1 F3600 E830.77034
G0 F9000 X116.187 Y104.532
G0 X114.374 Y104.533
G0 X114.375 Y117.272
G0 X122.1 Y117.284
G0 X122.1 Y115.216
;TYPE:SKIN
G1 F3600 E834.77034
G1 F1500 X122.1 Y104.696 E838.26931
G1 X118.24 Y104.696 E839.55315
G1 X118.236 Y105.247 E839.73641
G1 X118.187 Y105.59 E839.85165
G1 X117.886 Y106.131 E840.05757
G1 X117.453 Y106.432 E840.23296
G1 X117.262 Y106.512 E840.30184
G1 X116.884 Y106.584 E840.42982
G1 X116.424 Y106.584 E840.58282
G1 X116.428 Y115.216 E843.45383
G1 X122.1 Y115.216 E845.34035
G0 F9000 X121.458 Y114.716
G1 F1500 X121.6 Y114.574 E845.40714
G0 F9000 X121.6 Y115.569
G0 X121.6 Y113.16
G1 F1500 X120.043 Y114.716 E846.13927
G0 F9000 X120.043 Y115.569
G0 X118.629 Y115.569
G0 X118.629 Y114.716
G1 F1500 X121.6 Y111.745 E847.53674
G0 F9000 X121.6 Y110.331
G1 F1500 X117.215 Y114.716 E849.59931
G0 F9000 X117.215 Y115.569
G0 X116.928 Y113.589
G1 F1500 X121.6 Y108.917 E851.79687
G0 F9000 X121.6 Y107.503
G1 F1500 X116.926 Y112.176 E853.99514
G0 F9000 X116.926 Y110.763
G1 F1500 X121.6 Y106.089 E856.19365
G0 F9000 X121.079 Y105.196
G1 F1500 X116.925 Y109.349 E858.14733
G0 F9000 X116.924 Y107.936
G1 F1500 X119.664 Y105.196 E859.43614
G1 F3600 E855.43614
G0 F9000 X119.664 Y102.634
G0 X116.187 Y102.646
G0 X103.825 Y105.196
G0 X97 Y122.121
;TYPE:WALL-OUTER
G1 F3600 E859.43614
G1 F1500 X102.66 Y116.464 E862.09773
G1 X102.66 Y96.956 E868.58611
G1 X97 Y96.956 E870.46864
G1 X97 Y122.121 E878.83855
G0 F9000 X97.538 Y120.826
G0 X98.6 Y114.261
G0 X97.2 Y114.261
;TYPE:FILL
G1 F3000 X102.46 Y109.001 E881.31269
G0 F9000 X101.06 Y109.001
G0 X101.06 Y110.789
G0 X102.46 Y110.789
G1 F3000 X97.2 Y105.529 E883.78683
G0 F9000 X99.5 Y105.529
G1 F3600 E879.78683
;MESH:wildrosebuilds_puzzlecube.stl(1)
G0 F9000 X102.142 Y116.251
G0 X103.825 Y116.251
G0 X114.375 Y117.272
G0 X124.153 Y117.272
G0 X125.835 Y116.251
G0 X127 Y122.121
;TYPE:WALL-OUTER
G1 F3600 E883.78683
G1 F1500 X132.66 Y116.464 E886.44842
G1 X132.66 Y96.956 E892.93681
G1 X127 Y96.956 E894.81933
G1 X127 Y122.121 E903.18924
G0 F9000 X127.538 Y120.826
G0 X128.6 Y114.26
G0 X127.2 Y114.26
;TYPE:FILL
G1 F3000 X132.46 Y109 E905.66339
G0 F9000 X131.06 Y109
G0 X131.06 Y110.79
G0 X132.46 Y110.79
G1 F3000 X127.2 Y105.53 E908.13753
G0 F9000 X129.5 Y105.53
G1 F3600 E904.13753
G0 F9000 X132.14 Y105.52
G0 X133.825 Y105.52
G0 X144.374 Y104.533
G0 X146.187 Y104.532
G0 X147.212 Y105.52
;TYPE:WALL-OUTER
G1 F3600 E908.13753
G1 F1500 X147.021 Y105.651 E908.21456
G1 X146.84 Y105.684 E908.27575
G1 X145.525 Y105.684 E908.71313
G1 X145.528 Y116.116 E912.18282
G1 X153 Y116.116 E914.66802
G1 X153 Y103.796 E918.76567
G1 X147.34 Y103.796 E920.64819
G1 X147.34 Y105.289 E921.14477
G1 X147.212 Y105.52 E921.2326
G1 F3600 E917.2326
G0 F9000 X146.187 Y104.532
G0 X144.374 Y104.533
G0 X144.375 Y117.272
G0 X152.1 Y117.284
G0 X152.1 Y115.216
;TYPE:SKIN
G1 F3600 E921.2326
G1 F1500 X152.1 Y104.696 E924.73157
G1 X148.24 Y104.696 E926.01541
G1 X148.236 Y105.247 E926.19868
G1 X148.187 Y105.59 E926.31392
G1 X147.886 Y106.131 E926.51983
G1 X147.453 Y106.432 E926.69523
G1 X147.262 Y106.512 E926.7641
G1 X146.884 Y106.584 E926.89209
G1 X146.424 Y106.584 E927.04508
G1 X146.428 Y115.216 E929.9161
G1 X152.1 Y115.216 E931.80261
G0 F9000 X152.1 Y115.569
G0 X151.156 Y115.569
G0 X151.156 Y114.716
G1 F1500 X151.6 Y114.272 E932.01146
G0 F9000 X151.6 Y115.569
G0 X151.6 Y112.858
G1 F1500 X149.742 Y114.716 E932.8854
G0 F9000 X149.742 Y115.569
G0 X148.328 Y115.569
G0 X148.328 Y114.716
G1 F1500 X151.6 Y111.444 E934.42445
G0 F9000 X151.6 Y110.029
G1 F1500 X146.928 Y114.702 E936.62225
G0 F9000 X146.928 Y115.569
G0 X146.927 Y113.288
G1 F1500 X151.6 Y108.615 E938.82029
G0 F9000 X151.6 Y107.201
G1 F1500 X146.926 Y111.875 E941.01879
G0 F9000 X146.925 Y110.461
G1 F1500 X151.6 Y105.787 E943.21754
G0 F9000 X150.777 Y105.196
G1 F1500 X146.925 Y109.048 E945.0294
G0 F9000 X146.924 Y107.634
G1 F1500 X147.7 Y106.858 E945.3944
G0 F9000 X148.498 Y106.06
G1 F1500 X149.363 Y105.196 E945.80104
G1 F3600 E941.80104
;MESH:NONMESH
G0 F300 X149.363 Y105.196 Z20.65
G0 F9000 X149.363 Y102.634
G0 X133.813 Y95.806
G0 X103.825 Y86.251
G0 X97 Y92.121
;TIME_ELAPSED:1533.829797
;LAYER:24
;TYPE:WALL-OUTER
;MESH:wildrosebuilds_puzzlecube.stl(2)
G1 F3600 E945.80104
G1 F1500 X102.66 Y86.464 E948.46262
G1 X102.66 Y66.956 E954.95101
G1 X97 Y66.956 E956.83353
G1 X97 Y92.121 E965.20345
G0 F9000 X97.538 Y90.826
G0 X98.6 Y85.06
G0 X97.2 Y85.06
;TYPE:FILL
G1 F3000 X101.072 Y81.187 E967.02495
G0 F9000 X100.672 Y81.187
G0 X100.672 Y78.604
G0 X101.073 Y78.604
G1 F3000 X97.2 Y74.731 E968.84669
G0 F9000 X98.6 Y74.731
G0 X100.702 Y68.529
G0 X101.466 Y68.15
;TYPE:SKIN
G1 F944.6 X101.466 Y85.967 E978.25712
G0 F9000 X99.699 Y85.893
G1 F3600 E974.25712
G0 F9000 X100.772 Y74.349
G0 X103.825 Y74.349
G0 X115.174 Y73.734
G0 X116.187 Y73.733
G0 X117.28 Y74.623
;TYPE:WALL-OUTER
G1 F3600 E978.25712
G1 F1500 X117.091 Y74.817 E978.3472
G1 X116.84 Y74.884 E978.4336
G1 X116.324 Y74.884 E978.60523
G1 X116.328 Y86.116 E982.34101
G1 X123 Y86.116 E984.56012
G1 X123 Y73.796 E988.65777
G1 X117.34 Y73.796 E990.54029
G1 X117.34 Y74.384 E990.73586
G1 X117.28 Y74.623 E990.81782
G1 F3600 E986.81782
G0 F9000 X116.187 Y73.733
G0 X115.174 Y73.734
G0 X115.175 Y87.272
G0 X122.1 Y87.284
G0 X122.1 Y85.216
;TYPE:SKIN
G1 F3600 E990.81782
G1 F1500 X122.1 Y74.696 E994.31679
G1 X118.174 Y74.696 E995.62258
G1 X118.031 Y75.113 E995.7692
G1 X117.843 Y75.361 E995.87271
G1 X117.6 Y75.553 E995.97572
G1 X117.224 Y75.692 E996.10905
G1 X117.228 Y85.216 E999.27674
G1 X122.1 Y85.216 E1000.89718
G1 F3600 E996.89718
G0 F9000 X122.1 Y85.569
G0 X118.657 Y85.569
G0 X118.657 Y84.716
G1 F3600 E1000.89718
G1 F1500 X117.728 Y83.786 E1001.33439
G0 F9000 X117.728 Y85.569
G0 X117.727 Y82.372
G1 F1500 X120.071 Y84.716 E1002.43693
G0 F9000 X120.071 Y85.569
G0 X121.485 Y85.569
G0 X121.485 Y84.716
G1 F1500 X117.726 Y80.956 E1004.20528
G0 F9000 X117.725 Y79.541
G1 F1500 X121.6 Y83.417 E1006.0282
G0 F9000 X121.6 Y82.002
G1 F1500 X117.724 Y78.126 E1007.85135
G0 F9000 X117.723 Y76.711
G1 F1500 X121.6 Y80.588 E1009.67497
G0 F9000 X121.6 Y79.174
G1 F1500 X118.165 Y75.739 E1011.29069
G0 F9000 X117.854 Y74.349
G0 X119.036 Y75.196
G1 F1500 X121.6 Y77.76 E1012.49672
G0 F9000 X121.6 Y76.346
G1 F1500 X120.451 Y75.196 E1013.03741
G1 F3600 E1009.03741
;MESH:wildrosebuilds_puzzlecube.stl
G0 F9000 X120.451 Y72.634
G0 X124.153 Y72.646
G0 X124.153 Y87.272
G0 X117.854 Y102.634
G0 X117.28 Y104.623
;TYPE:WALL-OUTER
G1 F3600 E1013.03741
G1 F1500 X117.091 Y104.817 E1013.12749
G1 X116.84 Y104.884 E1013.2139
G1 X116.324 Y104.884 E1013.38552
G1 X116.328 Y116.116 E1017.1213
G1 X123 Y116.116 E1019.34042
G1 X123 Y103.796 E1023.43806
G1 X117.34 Y103.796 E1025.32059
G1 X117.34 Y104.384 E1025.51616
G1 X117.28 Y104.623 E1025.59812
G1 F3600 E1021.59812
G0 F9000 X116.187 Y103.733
G0 X115.174 Y103.734
G0 X115.175 Y117.272
G0 X122.1 Y117.284
G0 X122.1 Y115.216
;TYPE:SKIN
G1 F3600 E1025.59812
G1 F1500 X122.1 Y104.696 E1029.09708
G1 X118.174 Y104.696 E1030.40288
G1 X118.031 Y105.113 E1030.5495
G1 X117.843 Y105.361 E1030.65301
G1 X117.6 Y105.553 E1030.75601
G1 X117.224 Y105.692 E1030.88934
G1 X117.228 Y115.216 E1034.05704
G1 X122.1 Y115.216 E1035.67747
G1 F3600 E1031.67747
G0 F9000 X122.1 Y115.569
G0 X117.728 Y113.485
G1 F3600 E1035.67747
G1 F1500 X118.959 Y114.716 E1036.2565
G0 F9000 X118.959 Y115.569
G0 X120.373 Y115.569
G0 X120.373 Y114.716
G1 F1500 X117.727 Y112.07 E1037.50109
G0 F9000 X117.726 Y110.655
G1 F1500 X121.6 Y114.529 E1039.3233
G0 F9000 X121.6 Y115.569
G0 X121.6 Y113.115
G1 F1500 X117.726 Y109.24 E1041.14575
G0 F9000 X117.725 Y107.825
G1 F1500 X121.6 Y111.701 E1042.96867
G0 F9000 X121.6 Y110.287
G1 F1500 X117.724 Y106.41 E1044.79205
G0 F9000 X117.854 Y104.349
G0 X118.304 Y105.576
G1 F1500 X121.6 Y108.873 E1046.34263
G0 F9000 X121.6 Y107.458
G1 F1500 X119.338 Y105.196 E1047.4066
G0 F9000 X117.854 Y104.349
G0 X120.753 Y105.196
G1 F1500 X121.6 Y106.044 E1047.80524
G1 F3600 E1043.80524
G0 F9000 X124.165 Y106.044
G0 X124.153 Y102.646
G0 X116.187 Y102.646
G0 X115.174 Y103.734
G0 X115.172 Y105.822
G0 X102.625 Y118.147
G0 X97 Y122.121
;TYPE:WALL-OUTER
G1 F3600 E1047.80524
G1 F1500 X102.66 Y116.464 E1050.46682
G1 X102.66 Y96.956 E1056.95521
G1 X97 Y96.956 E1058.83773
G1 X97 Y122.121 E1067.20765
G0 F9000 X97.538 Y120.826
G0 X98.6 Y115.06
G0 X97.2 Y115.06
;TYPE:FILL
G1 F3000 X101.072 Y111.187 E1069.02915
G0 F9000 X100.672 Y111.187
G0 X100.672 Y108.604
G0 X101.073 Y108.604
G1 F3000 X97.2 Y104.73 E1070.85113
G0 F9000 X98.6 Y104.73
G0 X100.702 Y98.529
G0 X101.466 Y98.15
;TYPE:SKIN
G1 F944.6 X101.466 Y115.967 E1080.26155
G0 F9000 X99.699 Y115.893
G1 F3600 E1076.26155
;MESH:wildrosebuilds_puzzlecube.stl(1)
G0 F9000 X100.752 Y116.251
G0 X102.637 Y118.135
G0 X124.153 Y117.272
G0 X125.835 Y116.251
G0 X127 Y122.121
;TYPE:WALL-OUTER
G1 F3600 E1080.26155
G1 F1500 X132.66 Y116.464 E1082.92314
G1 X132.66 Y96.956 E1089.41152
G1 X127 Y96.956 E1091.29405
G1 X127 Y122.121 E1099.66396
G0 F9000 X127.538 Y120.826
G0 X128.6 Y115.059
G0 X127.2 Y115.059
;TYPE:FILL
G1 F3000 X131.072 Y111.187 E1101.48523
G0 F9000 X130.672 Y111.187
G0 X130.672 Y108.604
G0 X131.073 Y108.604
G1 F3000 X127.2 Y104.731 E1103.30697
G0 F9000 X128.6 Y104.731
G0 X130.702 Y98.529
G0 X131.466 Y98.15
;TYPE:SKIN
G1 F944.6 X131.466 Y115.967 E1112.71739
G0 F9000 X129.699 Y115.893
G1 F3600 E1108.71739
G0 F9000 X130.772 Y104.349
G0 X133.825 Y104.349
G0 X145.174 Y103.734
G0 X146.187 Y103.733
G0 X147.28 Y104.623
;TYPE:WALL-OUTER
G1 F3600 E1112.71739
G1 F1500 X147.091 Y104.817 E1112.80747
G1 X146.84 Y104.884 E1112.89388
G1 X146.324 Y104.884 E1113.0655
G1 X146.328 Y116.116 E1116.80128
G1 X153 Y116.116 E1119.0204
G1 X153 Y103.796 E1123.11805
G1 X147.34 Y103.796 E1125.00057
G1 X147.34 Y104.384 E1125.19614
G1 X147.28 Y104.623 E1125.2781
G1 F3600 E1121.2781
G0 F9000 X146.187 Y103.733
G0 X145.174 Y103.734
G0 X145.175 Y117.272
G0 X152.1 Y117.284
G0 X152.1 Y115.216
;TYPE:SKIN
G1 F3600 E1125.2781
G1 F1500 X152.1 Y104.696 E1128.77706
G1 X148.174 Y104.696 E1130.08286
G1 X148.031 Y105.113 E1130.22948
G1 X147.843 Y105.361 E1130.33299
G1 X147.6 Y105.553 E1130.43599
G1 X147.224 Y105.692 E1130.56932
G1 X147.228 Y115.216 E1133.73702
G1 X152.1 Y115.216 E1135.35745
G1 F3600 E1131.35745
G0 F9000 X152.1 Y115.569
G0 X148.657 Y115.569
G0 X148.657 Y114.716
G1 F3600 E1135.35745
G1 F1500 X147.727 Y113.786 E1135.7949
G0 F9000 X147.727 Y115.569
G0 X147.727 Y112.371
G1 F1500 X150.071 Y114.716 E1136.89768
G0 F9000 X150.071 Y115.569
G0 X151.486 Y115.569
G0 X151.486 Y114.716
G1 F1500 X147.726 Y110.956 E1138.66627
G0 F9000 X147.725 Y109.541
G1 F1500 X151.6 Y113.416 E1140.48895
G0 F9000 X151.6 Y112.002
G1 F1500 X147.725 Y108.127 E1142.31163
G0 F9000 X147.724 Y106.712
G1 F1500 X151.6 Y110.588 E1144.13478
G0 F9000 X151.6 Y109.174
G1 F1500 X148.166 Y105.739 E1145.75026
G0 F9000 X147.854 Y104.349
G0 X149.036 Y105.196
G1 F1500 X151.6 Y107.76 E1146.95629
G0 F9000 X151.6 Y106.345
G1 F1500 X150.45 Y105.196 E1147.49698
G1 F3600 E1143.49698
;MESH:NONMESH
G0 F300 X150.45 Y105.196 Z21.45
G0 F9000 X150.45 Y102.634
G0 X133.813 Y95.806
G0 X102.637 Y88.135
G0 X97 Y92.121
;TIME_ELAPSED:1577.975742
;LAYER:25
;TYPE:WALL-OUTER
;MESH:wildrosebuilds_puzzlecube.stl(2)
G1 F3600 E1147.49698
G1 F1500 X102.66 Y86.464 E1150.15857
G1 X102.66 Y66.956 E1156.64695
G1 X97 Y66.956 E1158.52948
G1 X97 Y92.121 E1166.89939
G0 F9000 X97.538 Y90.826
G0 X98.6 Y85.86
G0 X97.2 Y85.86
;TYPE:FILL
G1 F3000 X100.272 Y82.788 E1168.34436
G0 F9000 X99.872 Y82.788
G0 X99.872 Y77.003
G0 X100.273 Y77.003
G1 F3000 X97.2 Y73.93 E1169.78981
G0 F9000 X98.6 Y73.93
G0 X99.881 Y86.993
G0 X100.469 Y87.242
;TYPE:SKIN
G1 F1256.3 X101.663 Y86.048 E1170.46038
G1 X101.663 Y67.953 E1177.64638
G1 X100.469 Y67.953 E1178.12055
G1 X100.469 Y87.242 E1185.78071
G0 F9000 X99.5 Y86.649
G1 F3600 E1181.78071
G0 F9000 X99.952 Y86.275
G0 X102.225 Y88.547
G0 X122.43 Y87.284
G0 X123 Y86.116
;TYPE:WALL-OUTER
G1 F3600 E1185.78071
G1 F1500 X123 Y73.796 E1189.87836
G1 X117.26 Y73.796 E1191.78749
G1 X117.215 Y73.916 E1191.83012
G1 X117.125 Y73.957 E1191.86301
G1 X117.128 Y86.116 E1195.90711
G1 X123 Y86.116 E1197.86015
G0 F9000 X122.43 Y85.666
G0 X122.1 Y85.569
G0 X122.1 Y85.216
;TYPE:SKIN
G1 F1500 X122.1 Y74.696 E1201.35911
G1 X118.024 Y74.696 E1202.7148
G1 X118.028 Y85.216 E1206.21376
G1 X122.1 Y85.216 E1207.56812
G1 F3600 E1203.56812
G0 F9000 X122.1 Y85.569
G0 X120.345 Y85.569
G0 X120.345 Y84.716
G1 F3600 E1207.56812
G1 F1500 X121.6 Y83.461 E1208.15843
G0 F9000 X121.6 Y82.047
G1 F1500 X118.931 Y84.716 E1209.41384
G0 F9000 X118.931 Y85.569
G0 X118.528 Y85.569
G0 X118.528 Y83.704
G1 F1500 X121.6 Y80.633 E1210.85858
G0 F9000 X121.6 Y79.219
G1 F1500 X118.527 Y82.291 E1212.30379
G0 F9000 X118.527 Y80.877
G1 F1500 X121.6 Y77.804 E1213.74924
G0 F9000 X121.6 Y76.39
G1 F1500 X118.527 Y79.463 E1215.19468
G0 F9000 X118.526 Y78.05
G1 F1500 X121.38 Y75.196 E1216.53712
G0 F9000 X119.966 Y75.196
G1 F1500 X118.525 Y76.636 E1217.21469
G1 F3600 E1213.21469
;MESH:wildrosebuilds_puzzlecube.stl
G0 F9000 X115.963 Y76.637
G0 X115.975 Y87.272
G0 X124.153 Y102.646
G0 X124.165 Y115.666
G0 X123 Y116.116
;TYPE:WALL-OUTER
G1 F3600 E1217.21469
G1 F1500 X123 Y103.796 E1221.31233
G1 X117.26 Y103.796 E1223.22147
G1 X117.215 Y103.916 E1223.26409
G1 X117.125 Y103.957 E1223.29699
G1 X117.128 Y116.116 E1227.34109
G1 X123 Y116.116 E1229.29412
G0 F9000 X122.43 Y115.666
G0 X122.1 Y115.569
G0 X122.1 Y115.216
;TYPE:SKIN
G1 F1500 X122.1 Y104.696 E1232.79309
G1 X118.024 Y104.696 E1234.14877
G1 X118.028 Y115.216 E1237.64774
G1 X122.1 Y115.216 E1239.00209
G0 F9000 X121.458 Y114.716
G1 F1500 X121.6 Y114.574 E1239.06888
G0 F9000 X121.6 Y115.569
G0 X121.6 Y113.16
G1 F1500 X120.043 Y114.716 E1239.80101
G0 F9000 X120.043 Y115.569
G0 X118.629 Y115.569
G0 X118.629 Y114.716
G1 F1500 X121.6 Y111.745 E1241.19848
G0 F9000 X121.6 Y110.331
G1 F1500 X118.527 Y113.404 E1242.64392
G0 F9000 X118.527 Y111.99
G1 F1500 X121.6 Y108.917 E1244.08937
G0 F9000 X121.6 Y107.503
G1 F1500 X118.526 Y110.577 E1245.53528
G0 F9000 X118.526 Y109.162
G1 F1500 X121.6 Y106.089 E1246.98096
G0 F9000 X121.078 Y105.196
G1 F1500 X118.525 Y107.749 E1248.18182
G0 F9000 X118.525 Y106.335
G1 F1500 X119.664 Y105.196 E1248.71757
G1 F3600 E1244.71757
G0 F9000 X119.664 Y102.634
G0 X116.187 Y102.646
G0 X103.825 Y116.257
G0 X97 Y122.121
;TYPE:WALL-OUTER
G1 F3600 E1248.71757
G1 F1500 X102.66 Y116.464 E1251.37915
G1 X102.66 Y96.956 E1257.86754
G1 X97 Y96.956 E1259.75006
G1 X97 Y122.121 E1268.11998
G0 F9000 X97.538 Y120.826
G0 X98.6 Y115.86
G0 X97.2 Y115.86
;TYPE:FILL
G1 F3000 X100.273 Y112.787 E1269.56542
G0 F9000 X99.872 Y112.787
G0 X99.872 Y107.003
G0 X100.273 Y107.003
G1 F3000 X97.2 Y103.93 E1271.01087
G0 F9000 X98.6 Y103.93
G0 X99.881 Y116.993
G0 X100.469 Y117.242
;TYPE:SKIN
G1 F1256.3 X101.663 Y116.048 E1271.68144
G1 X101.663 Y97.953 E1278.86744
G1 X100.469 Y97.953 E1279.34161
G1 X100.469 Y117.242 E1287.00177
G0 F9000 X99.5 Y116.649
G1 F3600 E1283.00177
;MESH:wildrosebuilds_puzzlecube.stl(1)
G0 F9000 X99.952 Y116.272
G0 X102.226 Y118.546
G0 X124.153 Y117.272
G0 X125.835 Y116.272
G0 X127 Y122.121
;TYPE:WALL-OUTER
G1 F3600 E1287.00177
G1 F1500 X132.66 Y116.464 E1289.66335
G1 X132.66 Y96.956 E1296.15174
G1 X127 Y96.956 E1298.03427
G1 X127 Y122.121 E1306.40418
G0 F9000 X127.538 Y120.826
G0 X128.6 Y115.859
G0 X127.2 Y115.859
;TYPE:FILL
G1 F3000 X130.272 Y112.787 E1307.84915
G0 F9000 X129.872 Y112.787
G0 X129.872 Y107.004
G0 X130.273 Y107.004
G1 F3000 X127.2 Y103.931 E1309.2946
G0 F9000 X128.6 Y103.931
G0 X129.881 Y116.993
G0 X130.469 Y117.242
;TYPE:SKIN
G1 F1256.3 X131.663 Y116.048 E1309.96517
G1 X131.663 Y97.953 E1317.15117
G1 X130.469 Y97.953 E1317.62534
G1 X130.469 Y117.242 E1325.2855
G0 F9000 X129.5 Y116.649
G1 F3600 E1321.2855
G0 F9000 X129.952 Y116.275
G0 X132.225 Y118.547
G0 X152.43 Y117.284
G0 X153 Y116.116
;TYPE:WALL-OUTER
G1 F3600 E1325.2855
G1 F1500 X153 Y103.796 E1329.38315
G1 X147.26 Y103.796 E1331.29228
G1 X147.215 Y103.916 E1331.33491
G1 X147.125 Y103.957 E1331.3678
G1 X147.128 Y116.116 E1335.4119
G1 X153 Y116.116 E1337.36494
G0 F9000 X152.43 Y115.666
G0 X152.1 Y115.569
G0 X152.1 Y115.216
;TYPE:SKIN
G1 F1500 X152.1 Y104.696 E1340.8639
G1 X148.024 Y104.696 E1342.21959
G1 X148.028 Y115.216 E1345.71855
G1 X152.1 Y115.216 E1347.0729
G0 F9000 X152.1 Y115.569
G0 X151.156 Y115.569
G0 X151.156 Y114.716
G1 F1500 X151.6 Y114.272 E1347.28175
G0 F9000 X151.6 Y115.569
G0 X151.6 Y112.858
G1 F1500 X149.742 Y114.716 E1348.15569
G0 F9000 X149.742 Y115.569
G0 X148.528 Y115.569
G0 X148.528 Y114.515
G1 F1500 X151.6 Y111.444 E1349.60043
G0 F9000 X151.6 Y110.029
G1 F1500 X148.528 Y113.102 E1351.04564
G0 F9000 X148.528 Y111.688
G1 F1500 X151.6 Y108.615 E1352.49085
G0 F9000 X151.6 Y107.201
G1 F1500 X148.527 Y110.274 E1353.9363
G0 F9000 X148.526 Y108.861
G1 F1500 X151.6 Y105.787 E1355.38221
G0 F9000 X150.777 Y105.196
G1 F1500 X148.526 Y107.447 E1356.44102
G0 F9000 X148.525 Y106.033
G1 F1500 X149.363 Y105.196 E1356.83495
G1 F3600 E1352.83495
;MESH:NONMESH
G0 F300 X149.363 Y105.196 Z22.25
G0 F9000 X149.363 Y102.634
G0 X133.813 Y95.806
G0 X102.237 Y88.535
G0 X97 Y92.121
;TIME_ELAPSED:1618.643373
;LAYER:26
;TYPE:WALL-OUTER
;MESH:wildrosebuilds_puzzlecube.stl(2)
G1 F3600 E1356.83495
G1 F1500 X102.072 Y87.048 E1359.2209
G1 X102.072 Y66.956 E1365.90352
G1 X97 Y66.956 E1367.59048
G1 X97 Y92.121 E1375.96039
G0 F9000 X97.538 Y90.826
G0 X99.072 Y87.792
G0 X99.722 Y87.91
;TYPE:SKIN
G1 F1153.8 X101.022 Y86.611 E1376.75501
G1 X101.022 Y68.006 E1384.79947
G1 X99.722 Y68.006 E1385.36157
G1 X99.722 Y87.91 E1393.9677
G1 F3600 E1389.9677
;MESH:wildrosebuilds_puzzlecube.stl
G0 F9000 X99.072 Y87.792
G0 X97.507 Y90.9
G0 X98.69 Y92.082
G0 X97.507 Y95.794
G0 X97 Y122.121
;TYPE:WALL-OUTER
G1 F3600 E1393.9677
G1 F1500 X102.072 Y117.048 E1396.35364
G1 X102.072 Y96.956 E1403.03627
G1 X97 Y96.956 E1404.72322
G1 X97 Y122.121 E1413.09314
G0 F9000 X97.538 Y120.826
G0 X99.072 Y117.792
G0 X99.722 Y117.91
;TYPE:SKIN
G1 F1153.8 X101.022 Y116.611 E1413.88776
G1 X101.022 Y98.006 E1421.93222
G1 X99.722 Y98.006 E1422.49431
G1 X99.722 Y117.91 E1431.10044
G1 F3600 E1427.10044
;MESH:wildrosebuilds_puzzlecube.stl(1)
G0 F9000 X99.072 Y117.792
G0 X99.152 Y116.857
G0 X101.534 Y119.238
G0 X125.835 Y116.857
G0 X127 Y122.121
;TYPE:WALL-OUTER
G1 F3600 E1431.10044
G1 F1500 X132.072 Y117.048 E1433.48639
G1 X132.072 Y96.956 E1440.16902
G1 X127 Y96.956 E1441.85597
G1 X127 Y122.121 E1450.22588
G0 F9000 X127.538 Y120.826
G0 X129.072 Y117.792
G0 X129.722 Y117.91
;TYPE:SKIN
G1 F1153.8 X131.022 Y116.611 E1451.0205
G1 X131.022 Y98.006 E1459.06496
G1 X129.722 Y98.006 E1459.62706
G1 X129.722 Y117.91 E1468.23319
G1 F3600 E1464.23319
;MESH:NONMESH
G0 F300 X129.722 Y117.91 Z23.05
G0 F9000 X129.072 Y117.792
G0 X127.514 Y97.473
G0 X125.835 Y97.473
G0 X101.543 Y89.229
G0 X97 Y92.121
;TIME_ELAPSED:1637.004082
;LAYER:27
;TYPE:WALL-OUTER
;MESH:wildrosebuilds_puzzlecube.stl(2)
G1 F3600 E1468.23319
G1 F1500 X101.272 Y87.848 E1470.24284
G1 X101.272 Y66.956 E1477.19155
G1 X97 Y66.956 E1478.61242
G1 X97 Y92.121 E1486.98233
G0 F9000 X97.538 Y90.826
G0 X98.272 Y88.71
G0 X98.922 Y88.71
;TYPE:SKIN
G1 F1153.8 X100.222 Y87.411 E1487.77695
G1 X100.222 Y68.006 E1496.16732
G1 X98.922 Y68.006 E1496.72942
G1 X98.922 Y88.71 E1505.68145
G1 F3600 E1501.68145
;MESH:wildrosebuilds_puzzlecube.stl
G0 F9000 X98.272 Y88.71
G0 X97.507 Y90.9
G0 X98.69 Y92.082
G0 X97.507 Y95.794
G0 X97 Y122.121
;TYPE:WALL-OUTER
G1 F3600 E1505.68145
G1 F1500 X101.272 Y117.848 E1507.6911
G1 X101.272 Y96.956 E1514.63981
G1 X97 Y96.956 E1516.06068
G1 X97 Y122.121 E1524.43059
G0 F9000 X97.538 Y120.826
G0 X98.272 Y118.71
G0 X98.922 Y118.71
;TYPE:SKIN
G1 F1153.8 X100.222 Y117.411 E1525.22521
G1 X100.222 Y98.006 E1533.61558
G1 X98.922 Y98.006 E1534.17768
G1 X98.922 Y118.71 E1543.12971
G1 F3600 E1539.12971
;MESH:wildrosebuilds_puzzlecube.stl(1)
G0 F9000 X98.272 Y118.71
G0 X98.352 Y117.657
G0 X100.734 Y120.038
G0 X125.835 Y117.657
G0 X127 Y122.121
;TYPE:WALL-OUTER
G1 F3600 E1543.12971
G1 F1500 X131.272 Y117.848 E1545.13936
G1 X131.272 Y96.956 E1552.08807
G1 X127 Y96.956 E1553.50894
G1 X127 Y122.121 E1561.87886
G0 F9000 X127.538 Y120.826
G0 X128.272 Y118.71
G0 X128.922 Y118.71
;TYPE:SKIN
G1 F1153.8 X130.222 Y117.411 E1562.67347
G1 X130.222 Y98.006 E1571.06384
G1 X128.922 Y98.006 E1571.62594
G1 X128.922 Y118.71 E1580.57797
G1 F3600 E1576.57797
;MESH:NONMESH
G0 F300 X128.922 Y118.71 Z23.85
G0 F9000 X128.272 Y118.71
G0 X127.514 Y97.473
G0 X125.835 Y97.473
G0 X100.743 Y90.029
G0 X97 Y92.121
;TIME_ELAPSED:1655.346021
;LAYER:28
;TYPE:WALL-OUTER
;MESH:wildrosebuilds_puzzlecube.stl(2)
G1 F3600 E1580.57797
G1 F1500 X100.472 Y88.648 E1582.21133
G1 X100.472 Y66.956 E1589.42612
G1 X97 Y66.956 E1590.58091
G1 X97 Y92.121 E1598.95082
G0 F9000 X97.538 Y90.826
G0 X97.55 Y89.513
G0 X98.122 Y89.513
;TYPE:SKIN
G1 F1153.8 X99.422 Y88.211 E1599.74636
G1 X99.422 Y68.006 E1608.48263
G1 X98.122 Y68.006 E1609.04473
G1 X98.122 Y89.513 E1618.34396
G1 F3600 E1614.34396
;MESH:wildrosebuilds_puzzlecube.stl
G0 F9000 X97.55 Y89.513
G0 X97.507 Y90.9
G0 X98.69 Y92.082
G0 X97.507 Y95.794
G0 X97 Y122.121
;TYPE:WALL-OUTER
G1 F3600 E1618.34396
G1 F1500 X100.472 Y118.648 E1619.97732
G1 X100.472 Y96.956 E1627.19211
G1 X97 Y96.956 E1628.3469
G1 X97 Y122.121 E1636.71681
G0 F9000 X97.538 Y120.826
G0 X97.55 Y119.513
G0 X98.122 Y119.513
;TYPE:SKIN
G1 F1153.8 X99.422 Y118.211 E1637.51235
G1 X99.422 Y98.006 E1646.24862
G1 X98.122 Y98.006 E1646.81072
G1 X98.122 Y119.513 E1656.10995
G1 F3600 E1652.10995
;MESH:wildrosebuilds_puzzlecube.stl(1)
G0 F9000 X97.55 Y119.513
G0 X97.552 Y118.438
G0 X95.835 Y118.438
G0 X95.842 Y123.772
G0 X96.654 Y124.108
G0 X125.835 Y118.438
G0 X127 Y122.121
;TYPE:WALL-OUTER
G1 F3600 E1656.10995
G1 F1500 X130.472 Y118.648 E1657.74331
G1 X130.472 Y96.956 E1664.9581
G1 X127 Y96.956 E1666.11289
G1 X127 Y122.121 E1674.4828
G0 F9000 X127.538 Y120.826
G0 X127.55 Y119.513
G0 X128.122 Y119.513
;TYPE:SKIN
G1 F1153.8 X129.422 Y118.211 E1675.27834
G1 X129.422 Y98.006 E1684.01461
G1 X128.122 Y98.006 E1684.57671
G1 X128.122 Y119.513 E1693.87594
G1 F3600 E1689.87594
;MESH:NONMESH
G0 F300 X128.122 Y119.513 Z24.65
G0 F9000 X127.55 Y119.513
G0 X127.514 Y97.473
G0 X125.835 Y97.473
G0 X96.654 Y94.108
G0 X95.842 Y93.772
G0 X95.835 Y88.438
G0 X97 Y92.121
;TIME_ELAPSED:1674.117104
;LAYER:29
;TYPE:WALL-OUTER
;MESH:wildrosebuilds_puzzlecube.stl(2)
G1 F3600 E1693.87594
G1 F1500 X99.672 Y89.449 E1695.13277
G1 X99.672 Y66.956 E1702.61397
G1 X97 Y66.956 E1703.50268
G1 X97 Y92.121 E1711.8726
G1 F3600 E1707.8726
G0 F9000 X97.598 Y90.886
G0 X98.097 Y90.251
G0 X97.868 Y90.022
;TYPE:SKIN
G1 F3600 E1711.8726
G1 F1602.6 X98.804 Y89.086 E1712.28468
G1 X98.804 Y67.824 E1718.90386
G1 X97.868 Y67.824 E1719.19525
G1 X97.868 Y90.022 E1726.10582
G1 F3600 E1722.10582
;MESH:wildrosebuilds_puzzlecube.stl
G0 F9000 X99.309 Y91.463
G0 X95.847 Y95.806
G0 X95.835 Y120.886
G0 X97 Y122.121
;TYPE:WALL-OUTER
G1 F3600 E1726.10582
G1 F1500 X99.672 Y119.449 E1727.36265
G1 X99.672 Y96.956 E1734.84385
G1 X97 Y96.956 E1735.73256
G1 X97 Y122.121 E1744.10247
G1 F3600 E1740.10247
G0 F9000 X97.598 Y120.886
G0 X98.097 Y120.251
G0 X97.868 Y120.022
;TYPE:SKIN
G1 F3600 E1744.10247
G1 F1602.6 X98.804 Y119.086 E1744.51456
G1 X98.804 Y97.824 E1751.13374
G1 X97.868 Y97.824 E1751.42513
G1 X97.868 Y120.022 E1758.3357
G1 F3600 E1754.3357
;MESH:wildrosebuilds_puzzlecube.stl(1)
G0 F9000 X99.309 Y121.463
G0 X125.835 Y120.886
G0 X127 Y122.121
;TYPE:WALL-OUTER
G1 F3600 E1758.3357
G1 F1500 X129.672 Y119.449 E1759.59252
G1 X129.672 Y96.956 E1767.07372
G1 X127 Y96.956 E1767.96244
G1 X127 Y122.121 E1776.33235
G1 F3600 E1772.33235
G0 F9000 X127.598 Y120.886
G0 X128.097 Y120.251
G0 X127.868 Y120.022
;TYPE:SKIN
G1 F3600 E1776.33235
G1 F1602.6 X128.804 Y119.086 E1776.74444
G1 X128.804 Y97.824 E1783.36361
G1 X127.868 Y97.824 E1783.655
G1 X127.868 Y120.022 E1790.56557
G1 F3600 E1786.56557
;MESH:NONMESH
G0 F300 X127.868 Y120.022 Z25.45
G0 F9000 X125.835 Y120.251
G0 X98.742 Y92.03
G0 X97.218 Y91.594
;TIME_ELAPSED:1690.932104
;LAYER:30
;note -- min layer time used
;TYPE:WALL-OUTER
;MESH:wildrosebuilds_puzzlecube.stl(2)
G1 F3600 E1790.56557
G1 F695.9 X98.654 Y90.158 E1791.53552
G1 X98.654 Y67.174 E1802.51303
G1 X97.218 Y67.174 E1803.19889
G1 X97.218 Y91.594 E1814.86226
G1 F3600 E1810.86226
;MESH:wildrosebuilds_puzzlecube.stl
G0 F9000 X97.538 Y90.826
G0 X98.69 Y92.082
G0 X97.507 Y95.794
G0 X97.218 Y121.594
G1 F3600 E1814.86226
G1 F695.9 X98.654 Y120.158 E1815.83221
G1 X98.654 Y97.174 E1826.80972
G1 X97.218 Y97.174 E1827.49558
G1 X97.218 Y121.594 E1839.15895
G1 F3600 E1835.15895
;MESH:wildrosebuilds_puzzlecube.stl(1)
G0 F9000 X97.538 Y120.826
G0 X98.355 Y120.038
G0 X100.037 Y120.037
G0 X125.835 Y120.038
G0 X127.218 Y121.594
G1 F3600 E1839.15895
G1 F695.9 X128.654 Y120.158 E1840.1289
G1 X128.654 Y97.174 E1851.10641
G1 X127.218 Y97.174 E1851.79227
G1 X127.218 Y121.594 E1863.45564
G1 F3600 E1859.45564
;MESH:NONMESH
G0 F300 X127.218 Y121.594 Z26.25
G0 F9000 X127.538 Y120.826
G0 X127.514 Y97.473
G0 X125.835 Y97.473
G0 X100.037 Y90.037
G0 X97.018 Y92.077
;TIME_ELAPSED:1707.605242
;LAYER:31
;note -- min layer time used
;TYPE:WALL-OUTER
;MESH:wildrosebuilds_puzzlecube.stl(2)
G1 F3600 E1863.45564
G1 F980.7 X98.054 Y91.041 E1863.96049
G1 X98.054 Y66.974 E1872.25337
G1 X97.018 Y66.974 E1872.61035
G1 X97.018 Y92.077 E1881.26022
G1 F3600 E1877.26022
;MESH:wildrosebuilds_puzzlecube.stl
G0 F9000 X97.538 Y90.826
G0 X98.69 Y92.082
G0 X97.507 Y95.794
G0 X97.018 Y122.077
G1 F3600 E1881.26022
G1 F980.7 X98.054 Y121.041 E1881.76506
G1 X98.054 Y96.974 E1890.05795
G1 X97.018 Y96.974 E1890.41493
G1 X97.018 Y122.077 E1899.0648
G1 F3600 E1895.0648
;MESH:wildrosebuilds_puzzlecube.stl(1)
G0 F9000 X97.538 Y120.826
G0 X99.237 Y120.837
G0 X125.835 Y120.838
G0 X127.018 Y122.077
G1 F3600 E1899.0648
G1 F980.7 X128.054 Y121.041 E1899.56964
G1 X128.054 Y96.974 E1907.86253
G1 X127.018 Y96.974 E1908.21951
G1 X127.018 Y122.077 E1916.86937
G1 F3600 E1912.86937
;MESH:NONMESH
G0 F300 X127.018 Y122.077 Z27.05
G0 F9000 X127.538 Y120.826
G0 X127.514 Y97.473
G0 X125.835 Y97.473
G0 X99.237 Y90.837
G0 X97.136 Y67.092
;TIME_ELAPSED:1720.970218
;LAYER:32
;note -- min layer time used
;TYPE:WALL-OUTER
;MESH:wildrosebuilds_puzzlecube.stl(2)
G1 F3600 E1916.86937
G1 F471.7 X97.136 Y91.793 E1927.3196
G1 F3600 E1923.3196
;MESH:wildrosebuilds_puzzlecube.stl
G0 F9000 X98.058 Y92.714
G0 X97.136 Y95.794
G0 X97.136 Y97.092
G1 F3600 E1927.3196
G1 F471.7 X97.136 Y121.793 E1937.76983
G1 F3600 E1933.76983
;MESH:wildrosebuilds_puzzlecube.stl(1)
G0 F9000 X98.437 Y121.792
G0 X125.835 Y121.793
G0 X127.136 Y121.793
G1 F3600 E1937.76983
G1 F471.7 X127.136 Y97.092 E1948.22005
;TIME_ELAPSED:1731.944728
G1 F3600 E1944.22005
M140 S0
G91 ;Relative positioning
G1 E-2 F2700 ;Retract a bit
G1 E-2 Z0.2 F2400 ;Retract and raise Z
G1 X5 Y5 F3000 ;Wipe out
G1 Z10 ;Raise Z more
G90 ;Absolute positioning

G1 X0 Y220 ;Present print
M106 S0 ;Turn-off fan
M104 S0 ;Turn-off hotend
M140 S0 ;Turn-off bed

M84 X Y E ;Disable all steppers but Z

;StarwarsI
M300 S1318 P600
M300 S1318 P600
M300 S1318 P600
M300 S1046 P300
M300 S0 P150
M300 S1567 P150
M300 S1318 P600
M300 S1046 P300
M300 S0 P150
M300 S1567 P150
M300 S1318 P600
M300 S0 P600
M300 S987 P600
M300 S987 P600
M300 S987 P600
M300 S2093 P300
M300 S0 P150
M300 S1567 P150
M300 S1244 P600
M300 S1046 P300
M300 S0 P150
M300 S1567 P150
M300 S1318 P600
M300 S0 P300
M82 ;absolute extrusion mode
M104 S0
;End of Gcode
;SETTING_3 {"global_quality": "[general]\\nversion = 4\\nname = PGDI_12\\ndefini
;SETTING_3 tion = creality_ender3pro\\n\\n[metadata]\\ntype = quality_changes\\n
;SETTING_3 quality_type = draft\\nsetting_version = 23\\n\\n[values]\\nadhesion_
;SETTING_3 type = raft\\nlayer_height = 0.8\\nlayer_height_0 = 0.4\\nmaterial_be
;SETTING_3 d_temperature_layer_0 = 120\\nsupport_enable = True\\nsupport_structu
;SETTING_3 re = normal\\n\\n", "extruder_quality": ["[general]\\nversion = 4\\nn
;SETTING_3 ame = PGDI_12\\ndefinition = creality_ender3pro\\n\\n[metadata]\\ntyp
;SETTING_3 e = quality_changes\\nquality_type = draft\\nintent_category = defaul
;SETTING_3 t\\nposition = 0\\nsetting_version = 23\\n\\n[values]\\nbottom_layers
;SETTING_3  = 2\\ninfill_pattern = tetrahedral\\ninfill_sparse_density = 10\\nin
;SETTING_3 set_direction = outside_in\\nmaterial_initial_print_temperature = 235
;SETTING_3 \\nmaterial_print_temperature = 225\\nmaterial_print_temperature_laye
;SETTING_3 r_0 = 235\\nraft_airgap = 0.3\\nraft_base_line_width = 1\\nraft_base_
;SETTING_3 thickness = 0.1\\nraft_interface_line_spacing = 2\\nraft_interface_li
;SETTING_3 ne_width = 1\\nraft_interface_thickness = 0.5\\nraft_margin = 10\\nra
;SETTING_3 ft_surface_layers = 1\\nraft_surface_line_spacing = 1.5\\nraft_surfac
;SETTING_3 e_thickness = 0.3\\nskirt_height = 1\\nsupport_angle = 45\\ntop_layer
;SETTING_3 s = 3\\nwall_line_count = 1\\nz_seam_type = sharpest_corner\\n\\n"]}
