;FLAVOR:Marlin
;TIME:1924
;Filament used: 1.21958m
;Layer height: 0.2
;MINX:89
;MINY:89
;MINZ:0.1
;MAXX:131
;MAXY:131
;MAXZ:19.9
;TARGET_MACHINE.NAME:Creality Ender-3 Pro
;Generated with Cura_SteamEngine 5.8.1
M82 ;absolute extrusion mode
; Ender 3 Custom Start G-code
G92 E0 ; Reset Extruder
G28 ; Home all axes
G1 Z5.0 F3000 ; Move Z Axis up a bit during heating to not damage bed
M104 S180.0 ; Start heating up the nozzle most of the way
M190 S70 ; Start heating the bed, wait until target temperature reached
M109 S225 ; Finish heating the nozzle
G1 Z2.0 F3000 ; Move Z Axis up little to prevent scratching of Heat Bed
G1 X0.1 Y20 Z0.3 F5000.0 ; Move to start position
G1 X0.1 Y200.0 Z0.3 F1500.0 E15 ; Draw the first line
G1 X0.4 Y200.0 Z0.3 F5000.0 ; Move to side a little
G1 X0.4 Y20 Z0.3 F1500.0 E30 ; Draw the second line
G92 E0 ; Reset Extruder
G29 A L0
G1 Z2.0 F3000 ; Move Z Axis up little to prevent scratching of Heat Bed
G1 X5 Y20 Z0.3 F5000.0 ; Move over to prevent blob squish

M300 S2637 P150
M300 S2637 P150
M300 S0 P75
M300 S2637 P300
M300 S2093 P150
M300 S2637 P300
M300 S3135 P300
M300 S0 P300
M300 S1567 P300
M300 S0 P300
M300 S2093 P300
M300 S0 P150
M300 S1567 P300
M300 S0 P150
M300 S1318 P300
M300 S0 P150
M300 S880 P300
M300 S987 P300
M300 S932 P150
M300 S880 P300
M300 S1567 P225
M300 S2637 P150
M300 S3135 P150
M300 S1760 P300
M300 S2793 P150
M300 S3135 P300
M300 S2637 P300
M300 S2093 P150
M300 S2349 P150
M300 S987 P300
M300 S0 P150
M300 S2093 P300
M300 S0 P150
M300 S1567 P300
M300 S0 P150
M300 S1318 P300
M300 S0 P150
M300 S880 P300
M300 S987 P300
M300 S932 P150
M300 S880 P300
M300 S1567 P225
M300 S2637 P150
M300 S3135 P150
M300 S1760 P300
M300 S2793 P150
M300 S3135 P300
M300 S2637 P300
M300 S2093 P150
M300 S2349 P150
M300 S987 P300
M300 S0 P300
M300 S3135 P150
M300 S2959 P150
M300 S2793 P150
M300 S2489 P150
M300 S0 P150
M300 S2637 P150
M300 S0 P150
M300 S1661 P150
M300 S880 P150
M300 S2093 P150
M300 S0 P150
M300 S880 P150
M300 S2093 P150
M300 S2349 P150
M300 S0 P300
M300 S3135 P150
M300 S2959 P150
M300 S2793 P150
M300 S2489 P150
M300 S0 P150
M300 S2637 P150
M300 S0 P150
M300 S4186 P150
M300 S0 P150
M300 S4186 P150
M300 S4186 P150
M300 S0 P600
M300 S3135 P150
M300 S2959 P150
M300 S2793 P150
M300 S2489 P150
M300 S0 P150
M300 S2637 P150
M300 S0 P150
M300 S1661 P150
M300 S880 P150
M300 S2093 P150
M300 S0 P150
M300 S880 P150
M300 S2093 P150
M300 S2349 P150
M300 S0 P300
M300 S2489 P150
M300 S0 P300
M300 S2349 P150
M300 S0 P300
M300 S2093 P150
G92 E0
G92 E0
G1 F2700 E-9
;LAYER_COUNT:100
;LAYER:0
M107
G0 F6000 X92.456 Y92.013 Z0.1
;TYPE:SKIRT
G1 F2700 E0
G1 F1200 X93.192 Y91.376 E0.01619
G1 X93.924 Y90.846 E0.03122
G1 X94.821 Y90.311 E0.04859
G1 X95.699 Y89.89 E0.06478
G1 X96.612 Y89.548 E0.08099
G1 X97.549 Y89.289 E0.09716
G1 X98.516 Y89.111 E0.11351
G1 X99.655 Y89.015 E0.13252
G1 X100.312 Y89 E0.14345
G1 X119.304 Y89 E0.45929
G1 X120.184 Y89.013 E0.47392
G1 X121.156 Y89.072 E0.49012
G1 X122.119 Y89.218 E0.50631
G1 X123.066 Y89.449 E0.52252
G1 X123.954 Y89.749 E0.53811
G1 X124.846 Y90.139 E0.5543
G1 X125.729 Y90.626 E0.57107
G1 X126.48 Y91.128 E0.58609
G1 X127.295 Y91.786 E0.60351
G1 X127.993 Y92.464 E0.6197
G1 X128.629 Y93.201 E0.63588
G1 X129.199 Y93.991 E0.65209
G1 X129.661 Y94.767 E0.6671
G1 X130.115 Y95.709 E0.68449
G1 X130.444 Y96.587 E0.70009
G1 X130.713 Y97.559 E0.71686
G1 X130.89 Y98.525 E0.73319
G1 X130.985 Y99.655 E0.75205
G1 X131 Y100.33 E0.76328
G1 X130.999 Y119.4 E1.08041
G1 X130.988 Y120.163 E1.0931
G1 X130.931 Y121.136 E1.10931
G1 X130.786 Y122.099 E1.12551
G1 X130.557 Y123.045 E1.14169
G1 X130.246 Y123.969 E1.15791
G1 X129.854 Y124.86 E1.17409
G1 X129.386 Y125.712 E1.19026
G1 X128.864 Y126.493 E1.20588
G1 X128.231 Y127.278 E1.22265
G1 X127.606 Y127.929 E1.23766
G1 X126.817 Y128.617 E1.25507
G1 X126.057 Y129.167 E1.27067
G1 X125.19 Y129.684 E1.28746
G1 X124.312 Y130.106 E1.30366
G1 X123.401 Y130.448 E1.31984
G1 X122.462 Y130.709 E1.33605
G1 X121.496 Y130.887 E1.35238
G1 X120.345 Y130.985 E1.37159
G1 X119.67 Y131 E1.38282
G1 X100.564 Y130.999 E1.70056
G1 X99.831 Y130.988 E1.71275
G1 X98.859 Y130.931 E1.72894
G1 X97.896 Y130.785 E1.74514
G1 X96.95 Y130.556 E1.76132
G1 X96.026 Y130.244 E1.77754
G1 X95.136 Y129.852 E1.79371
G1 X94.313 Y129.401 E1.80932
G1 X93.474 Y128.84 E1.82611
G1 X92.77 Y128.274 E1.84113
G1 X92.017 Y127.549 E1.85851
G1 X91.38 Y126.813 E1.8747
G1 X90.85 Y126.082 E1.88971
G1 X90.314 Y125.185 E1.90709
G1 X89.892 Y124.307 E1.92329
G1 X89.55 Y123.395 E1.93949
G1 X89.29 Y122.457 E1.95568
G1 X89.112 Y121.488 E1.97206
G1 X89.014 Y120.309 E1.99174
G1 X89 Y119.658 E2.00256
G1 X89.001 Y100.525 E2.32075
G1 X89.012 Y99.825 E2.33239
G1 X89.07 Y98.852 E2.3486
G1 X89.216 Y97.889 E2.3648
G1 X89.446 Y96.943 E2.38099
G1 X89.759 Y96.02 E2.3972
G1 X90.151 Y95.13 E2.41337
G1 X90.621 Y94.277 E2.42956
G1 X91.164 Y93.469 E2.44575
G1 X91.731 Y92.765 E2.46079
G1 X92.456 Y92.013 E2.47816
G0 F6000 X92.718 Y92.315
G1 F1200 X93.427 Y91.7 E2.49377
G1 X94.159 Y91.17 E2.5088
G1 X94.995 Y90.671 E2.52499
G1 X95.84 Y90.264 E2.54058
G1 X96.719 Y89.933 E2.5562
G1 X97.622 Y89.682 E2.57179
G1 X98.55 Y89.51 E2.58749
G1 X99.689 Y89.414 E2.60649
G1 X100.321 Y89.4 E2.61701
G1 X119.298 Y89.4 E2.9326
G1 X120.16 Y89.412 E2.94693
G1 X121.097 Y89.468 E2.96254
G1 X122.025 Y89.607 E2.97815
G1 X122.938 Y89.828 E2.99377
G1 X123.794 Y90.116 E3.00879
G1 X124.686 Y90.506 E3.02498
G1 X125.507 Y90.959 E3.04057
G1 X126.258 Y91.461 E3.05559
G1 X127.017 Y92.073 E3.07181
G1 X127.691 Y92.726 E3.08742
G1 X128.305 Y93.435 E3.10301
G1 X128.855 Y94.196 E3.11863
G1 X129.317 Y94.972 E3.13365
G1 X129.74 Y95.849 E3.14984
G1 X130.069 Y96.727 E3.16543
G1 X130.32 Y97.632 E3.18105
G1 X130.491 Y98.559 E3.19673
G1 X130.586 Y99.689 E3.21558
G1 X130.6 Y100.33 E3.22625
G1 X130.599 Y119.395 E3.5433
G1 X130.589 Y120.14 E3.55569
G1 X130.535 Y121.077 E3.5713
G1 X130.397 Y122.006 E3.58692
G1 X130.178 Y122.918 E3.60251
G1 X129.88 Y123.808 E3.61812
G1 X129.503 Y124.668 E3.63374
G1 X129.053 Y125.49 E3.64932
G1 X128.531 Y126.271 E3.66494
G1 X127.942 Y127.001 E3.68054
G1 X127.317 Y127.652 E3.69555
G1 X126.582 Y128.293 E3.71177
G1 X125.822 Y128.843 E3.72737
G1 X125.016 Y129.324 E3.74298
G1 X124.171 Y129.732 E3.75859
G1 X123.293 Y130.063 E3.77419
G1 X122.389 Y130.316 E3.7898
G1 X121.462 Y130.488 E3.80548
G1 X120.311 Y130.586 E3.82469
G1 X119.67 Y130.6 E3.83535
G1 X100.57 Y130.599 E4.15299
G1 X99.854 Y130.589 E4.1649
G1 X98.918 Y130.535 E4.18049
G1 X97.989 Y130.396 E4.19611
G1 X97.077 Y130.177 E4.21171
G1 X96.187 Y129.878 E4.22732
G1 X95.328 Y129.501 E4.24292
G1 X94.505 Y129.05 E4.25853
G1 X93.725 Y128.528 E4.27414
G1 X93.021 Y127.962 E4.28916
G1 X92.319 Y127.287 E4.30535
G1 X91.704 Y126.578 E4.32096
G1 X91.174 Y125.847 E4.33598
G1 X90.674 Y125.011 E4.35218
G1 X90.266 Y124.166 E4.36778
G1 X89.935 Y123.288 E4.38339
G1 X89.683 Y122.384 E4.39899
G1 X89.511 Y121.455 E4.4147
G1 X89.413 Y120.276 E4.43438
G1 X89.4 Y119.658 E4.44466
G1 X89.401 Y100.531 E4.76274
G1 X89.411 Y99.848 E4.7741
G1 X89.466 Y98.911 E4.78971
G1 X89.605 Y97.983 E4.80532
G1 X89.825 Y97.071 E4.82092
G1 X90.125 Y96.181 E4.83654
G1 X90.502 Y95.322 E4.85214
G1 X90.953 Y94.5 E4.86773
G1 X91.476 Y93.72 E4.88335
G1 X92.043 Y93.016 E4.89838
G1 X92.718 Y92.315 E4.91456
G0 F6000 X92.981 Y92.617
G1 F1200 X93.662 Y92.024 E4.92958
G1 X94.394 Y91.494 E4.94461
G1 X95.169 Y91.031 E4.95962
G1 X95.982 Y90.638 E4.97464
G1 X96.827 Y90.318 E4.98966
G1 X97.696 Y90.075 E5.00467
G1 X98.584 Y89.909 E5.01969
G1 X99.723 Y89.813 E5.0387
G1 X100.33 Y89.8 E5.0488
G1 X119.293 Y89.8 E5.36416
G1 X120.137 Y89.811 E5.37819
G1 X121.039 Y89.864 E5.39322
G1 X121.932 Y89.996 E5.40823
G1 X122.81 Y90.207 E5.42325
G1 X123.666 Y90.495 E5.43827
G1 X124.493 Y90.857 E5.45328
G1 X125.285 Y91.292 E5.46831
G1 X126.036 Y91.794 E5.48333
G1 X126.739 Y92.361 E5.49835
G1 X127.389 Y92.988 E5.51337
G1 X127.981 Y93.67 E5.52839
G1 X128.511 Y94.401 E5.5434
G1 X128.973 Y95.177 E5.55842
G1 X129.366 Y95.99 E5.57344
G1 X129.684 Y96.835 E5.58845
G1 X129.927 Y97.705 E5.60347
G1 X130.092 Y98.593 E5.61849
G1 X130.187 Y99.723 E5.63735
G1 X130.2 Y100.33 E5.64745
G1 X130.199 Y119.39 E5.96442
G1 X130.19 Y120.117 E5.97651
G1 X130.139 Y121.019 E5.99153
G1 X130.008 Y121.913 E6.00656
G1 X129.799 Y122.791 E6.02157
G1 X129.513 Y123.648 E6.03659
G1 X129.152 Y124.476 E6.05162
G1 X128.72 Y125.268 E6.06662
G1 X128.219 Y126.02 E6.08165
G1 X127.653 Y126.724 E6.09667
G1 X127.028 Y127.375 E6.11168
G1 X126.347 Y127.969 E6.1267
G1 X125.616 Y128.5 E6.14173
G1 X124.842 Y128.964 E6.15674
G1 X124.029 Y129.358 E6.17176
G1 X123.185 Y129.678 E6.18677
G1 X122.315 Y129.923 E6.2018
G1 X121.428 Y130.089 E6.21681
G1 X120.277 Y130.187 E6.23602
G1 X119.67 Y130.2 E6.24612
G1 X100.575 Y130.199 E6.56367
G1 X99.877 Y130.19 E6.57528
G1 X98.976 Y130.139 E6.59028
G1 X98.082 Y130.007 E6.60531
G1 X97.204 Y129.798 E6.62032
G1 X96.347 Y129.511 E6.63535
G1 X95.52 Y129.15 E6.65036
G1 X94.727 Y128.717 E6.66538
G1 X93.976 Y128.216 E6.6804
G1 X93.272 Y127.65 E6.69542
G1 X92.621 Y127.024 E6.71044
G1 X92.028 Y126.343 E6.72546
G1 X91.498 Y125.612 E6.74047
G1 X91.034 Y124.837 E6.75549
G1 X90.64 Y124.024 E6.77052
G1 X90.32 Y123.18 E6.78553
G1 X90.076 Y122.31 E6.80055
G1 X89.91 Y121.422 E6.81558
G1 X89.813 Y120.267 E6.83485
G1 X89.8 Y119.658 E6.84498
G1 X89.801 Y100.536 E7.16298
G1 X89.81 Y99.871 E7.17404
G1 X89.862 Y98.969 E7.18907
G1 X89.994 Y98.076 E7.20408
G1 X90.204 Y97.198 E7.21909
G1 X90.491 Y96.341 E7.23412
G1 X90.853 Y95.514 E7.24914
G1 X91.286 Y94.722 E7.26415
G1 X91.788 Y93.971 E7.27917
G1 X92.355 Y93.267 E7.2942
G1 X92.981 Y92.617 E7.30921
G1 F2700 E-1.69079
;MESH:xyzCalibration_cube.stl
G0 F6000 X100.414 Y99.335
G0 X119.8 Y119.8
;TYPE:WALL-OUTER
G1 F2700 E7.30921
G1 F1200 X119.8 Y100.2 E7.63516
G1 X100.2 Y100.2 E7.96111
G1 X100.2 Y119.8 E8.28706
G1 X119.8 Y119.8 E8.61301
G0 F6000 X119.4 Y119.4
;TYPE:WALL-INNER
G1 F1200 X119.4 Y100.6 E8.92565
G1 X100.6 Y100.6 E9.2383
G1 X100.6 Y119.4 E9.55094
G1 X119.4 Y119.4 E9.86359
G0 F6000 X119 Y119
G1 F1200 X119 Y101 E10.16293
G1 X101 Y101 E10.46227
G1 X101 Y119 E10.76161
G1 X119 Y119 E11.06095
G0 F6000 X118.64 Y118.64
;TYPE:SKIN
G1 F1200 X118.64 Y101.36 E11.34832
G1 X101.36 Y101.36 E11.63569
G1 X101.36 Y118.64 E11.92306
G1 X118.64 Y118.64 E12.21042
G0 F6000 X118.9 Y118.64
G0 X118.828 Y101.172
G0 X117.965 Y101.1
G0 X117.965 Y101.56
G1 F1200 X118.44 Y102.035 E12.22159
G0 F6000 X118.44 Y102.6
G1 F1200 X117.4 Y101.56 E12.24605
G0 F6000 X116.834 Y101.56
G1 F1200 X118.44 Y103.166 E12.28382
G0 F6000 X118.44 Y103.732
G1 F1200 X116.268 Y101.56 E12.33491
G0 F6000 X115.702 Y101.56
G1 F1200 X118.44 Y104.298 E12.3993
G0 F6000 X118.44 Y104.863
G1 F1200 X115.137 Y101.56 E12.47698
G0 F6000 X114.571 Y101.56
G1 F1200 X118.44 Y105.429 E12.56797
G0 F6000 X118.44 Y105.995
G1 F1200 X114.005 Y101.56 E12.67228
G0 F6000 X113.44 Y101.56
G1 F1200 X118.44 Y106.56 E12.78987
G0 F6000 X118.44 Y107.126
G1 F1200 X112.874 Y101.56 E12.92077
G0 F6000 X112.308 Y101.56
G1 F1200 X118.44 Y107.692 E13.06499
G0 F6000 X118.44 Y108.257
G1 F1200 X111.743 Y101.56 E13.22249
G0 F6000 X111.177 Y101.56
G1 F1200 X118.44 Y108.823 E13.39331
G0 F6000 X118.44 Y109.389
G1 F1200 X110.611 Y101.56 E13.57743
G0 F6000 X110.046 Y101.56
G1 F1200 X118.44 Y109.954 E13.77485
G0 F6000 X118.44 Y110.52
G1 F1200 X109.48 Y101.56 E13.98557
G0 F6000 X108.914 Y101.56
G1 F1200 X118.44 Y111.086 E14.20961
G0 F6000 X118.44 Y111.651
G1 F1200 X108.349 Y101.56 E14.44693
G0 F6000 X107.783 Y101.56
G1 F1200 X118.44 Y112.217 E14.69757
G0 F6000 X118.44 Y112.783
G1 F1200 X107.217 Y101.56 E14.96152
G0 F6000 X106.652 Y101.56
G1 F1200 X118.44 Y113.349 E15.23877
G0 F6000 X118.44 Y113.914
G1 F1200 X106.086 Y101.56 E15.52931
G0 F6000 X105.52 Y101.56
G1 F1200 X118.44 Y114.48 E15.83317
G0 F6000 X118.44 Y115.046
G1 F1200 X104.954 Y101.56 E16.15034
G0 F6000 X104.389 Y101.56
G1 F1200 X118.44 Y115.611 E16.4808
G0 F6000 X118.44 Y116.177
G1 F1200 X103.823 Y101.56 E16.82457
G0 F6000 X103.257 Y101.56
G1 F1200 X118.44 Y116.743 E17.18165
G0 F6000 X118.44 Y117.308
G1 F1200 X102.692 Y101.56 E17.55202
G0 F6000 X102.126 Y101.56
G1 F1200 X118.44 Y117.874 E17.9357
G0 F6000 X118.44 Y118.44
G1 F1200 X101.56 Y101.56 E18.33269
G0 F6000 X101.56 Y102.125
G1 F1200 X117.874 Y118.44 E18.71638
G0 F6000 X117.308 Y118.44
G1 F1200 X101.56 Y102.691 E19.08676
G0 F6000 X101.56 Y103.257
G1 F1200 X116.743 Y118.44 E19.44384
G0 F6000 X116.177 Y118.44
G1 F1200 X101.56 Y103.822 E19.78763
G0 F6000 X101.56 Y104.388
G1 F1200 X115.611 Y118.44 E20.1181
G0 F6000 X115.046 Y118.44
G1 F1200 X101.56 Y104.954 E20.43527
G0 F6000 X101.56 Y105.519
G1 F1200 X114.48 Y118.44 E20.73914
G0 F6000 X113.914 Y118.44
G1 F1200 X101.56 Y106.085 E21.02969
G0 F6000 X101.56 Y106.651
G1 F1200 X113.349 Y118.44 E21.30695
G0 F6000 X112.783 Y118.44
G1 F1200 X101.56 Y107.216 E21.57091
G0 F6000 X101.56 Y107.782
G1 F1200 X112.217 Y118.44 E21.82156
G0 F6000 X111.651 Y118.44
G1 F1200 X101.56 Y108.348 E22.0589
G0 F6000 X101.56 Y108.914
G1 F1200 X111.086 Y118.44 E22.28294
G0 F6000 X110.52 Y118.44
G1 F1200 X101.56 Y109.479 E22.49367
G0 F6000 X101.56 Y110.045
G1 F1200 X109.954 Y118.44 E22.6911
G0 F6000 X109.389 Y118.44
G1 F1200 X101.56 Y110.611 E22.87522
G0 F6000 X101.56 Y111.176
G1 F1200 X108.823 Y118.44 E23.04605
G0 F6000 X108.257 Y118.44
G1 F1200 X101.56 Y111.742 E23.20357
G0 F6000 X101.56 Y112.308
G1 F1200 X107.692 Y118.44 E23.34778
G0 F6000 X107.126 Y118.44
M104 S215
G1 F1200 X101.56 Y112.873 E23.4787
G0 F6000 X101.56 Y113.439
G1 F1200 X106.56 Y118.44 E23.5963
G0 F6000 X105.995 Y118.44
G1 F1200 X101.56 Y114.005 E23.7006
G0 F6000 X101.56 Y114.57
G1 F1200 X105.429 Y118.44 E23.79161
G0 F6000 X104.863 Y118.44
G1 F1200 X101.56 Y115.136 E23.8693
G0 F6000 X101.56 Y115.702
G1 F1200 X104.298 Y118.44 E23.9337
G0 F6000 X103.732 Y118.44
G1 F1200 X101.56 Y116.267 E23.98479
G0 F6000 X101.56 Y116.833
G1 F1200 X103.166 Y118.44 E24.02257
G0 F6000 X102.6 Y118.44
G1 F1200 X101.56 Y117.399 E24.04704
G0 F6000 X101.56 Y117.965
G1 F1200 X102.035 Y118.44 E24.05821
;MESH:NONMESH
G0 F300 X102.035 Y118.44 Z0.3
G0 F6000 X102.035 Y118.9
G0 X119.53 Y119.53
G0 X119.8 Y119.8
;TIME_ELAPSED:83.559611
;LAYER:1
M140 S60
M106 S85
;TYPE:WALL-OUTER
;MESH:xyzCalibration_cube.stl
G1 F1350 X119.8 Y100.2 E24.71011
G1 X100.2 Y100.2 E25.36201
G1 X100.2 Y119.8 E26.01391
G1 X119.8 Y119.8 E26.66581
G0 F7500 X119.4 Y119.4
;TYPE:WALL-INNER
G1 F1350 X119.4 Y100.6 E27.2911
G1 X100.6 Y100.6 E27.91639
G1 X100.6 Y119.4 E28.54168
G1 X119.4 Y119.4 E29.16697
G0 F7500 X119 Y119
G1 F1350 X119 Y101 E29.76565
G1 X101 Y101 E30.36434
G1 X101 Y119 E30.96302
G1 X119 Y119 E31.5617
G0 F7500 X118.64 Y118.64
;TYPE:SKIN
G1 F1350 X118.64 Y101.36 E32.13644
G1 X101.36 Y101.36 E32.71117
G1 X101.36 Y118.64 E33.28591
G1 X118.64 Y118.64 E33.86064
G0 F7500 X118.017 Y118.44
G1 F1350 X118.44 Y118.017 E33.88054
G0 F7500 X118.44 Y117.451
G1 F1350 X117.451 Y118.44 E33.92706
G0 F7500 X116.885 Y118.44
G1 F1350 X118.44 Y116.885 E34.0002
G0 F7500 X118.44 Y116.32
G1 F1350 X116.32 Y118.44 E34.09992
G0 F7500 X115.754 Y118.44
G1 F1350 X118.44 Y115.754 E34.22626
G0 F7500 X118.44 Y115.188
G1 F1350 X115.188 Y118.44 E34.37922
G0 F7500 X114.623 Y118.44
G1 F1350 X118.44 Y114.623 E34.55876
G0 F7500 X118.44 Y114.057
G1 F1350 X114.057 Y118.44 E34.76493
G0 F7500 X113.491 Y118.44
G1 F1350 X118.44 Y113.491 E34.99771
G0 F7500 X118.44 Y112.926
G1 F1350 X112.926 Y118.44 E35.25707
G0 F7500 X112.36 Y118.44
G1 F1350 X118.44 Y112.36 E35.54306
G0 F7500 X118.44 Y111.794
G1 F1350 X111.794 Y118.44 E35.85567
G0 F7500 X111.229 Y118.44
G1 F1350 X118.44 Y111.229 E36.19485
G0 F7500 X118.44 Y110.663
G1 F1350 X110.663 Y118.44 E36.56066
G0 F7500 X110.097 Y118.44
G1 F1350 X118.44 Y110.097 E36.95309
G0 F7500 X118.44 Y109.532
G1 F1350 X109.532 Y118.44 E37.37209
G0 F7500 X108.966 Y118.44
G1 F1350 X118.44 Y108.966 E37.81772
G0 F7500 X118.44 Y108.4
G1 F1350 X108.4 Y118.44 E38.28997
G0 F7500 X107.834 Y118.44
G1 F1350 X118.44 Y107.834 E38.78884
G0 F7500 X118.44 Y107.269
G1 F1350 X107.269 Y118.44 E39.31429
G0 F7500 X106.703 Y118.44
G1 F1350 X118.44 Y106.703 E39.86636
G0 F7500 X118.44 Y106.137
G1 F1350 X106.137 Y118.44 E40.44506
G0 F7500 X105.572 Y118.44
G1 F1350 X118.44 Y105.572 E41.05033
G0 F7500 X118.44 Y105.006
G1 F1350 X105.006 Y118.44 E41.68223
G0 F7500 X104.44 Y118.44
G1 F1350 X118.44 Y104.44 E42.34074
G0 F7500 X118.44 Y103.875
G1 F1350 X103.875 Y118.44 E43.02584
G0 F7500 X103.309 Y118.44
G1 F1350 X118.44 Y103.309 E43.73755
G0 F7500 X118.44 Y102.743
G1 F1350 X102.743 Y118.44 E44.47589
G0 F7500 X102.178 Y118.44
G1 F1350 X118.44 Y102.178 E45.2408
G0 F7500 X118.44 Y101.612
G1 F1350 X101.612 Y118.44 E46.03234
G0 F7500 X101.56 Y117.926
G1 F1350 X117.926 Y101.56 E46.80215
G0 F7500 X117.361 Y101.56
G1 F1350 X101.56 Y117.36 E47.54536
G0 F7500 X101.56 Y116.794
G1 F1350 X116.795 Y101.56 E48.26194
G0 F7500 X116.229 Y101.56
G1 F1350 X101.56 Y116.229 E48.95192
G0 F7500 X101.56 Y115.663
G1 F1350 X115.664 Y101.56 E49.61531
G0 F7500 X115.098 Y101.56
G1 F1350 X101.56 Y115.097 E50.25207
G0 F7500 X101.56 Y114.531
G1 F1350 X114.532 Y101.56 E50.86221
G0 F7500 X113.967 Y101.56
G1 F1350 X101.56 Y113.966 E51.44578
G0 F7500 X101.56 Y113.4
G1 F1350 X113.401 Y101.56 E52.00272
G0 F7500 X112.835 Y101.56
G1 F1350 X101.56 Y112.834 E52.53303
G0 F7500 X101.56 Y112.269
G1 F1350 X112.269 Y101.56 E53.03675
G0 F7500 X111.704 Y101.56
G1 F1350 X101.56 Y111.703 E53.51387
G0 F7500 X101.56 Y111.137
G1 F1350 X111.138 Y101.56 E53.96437
G0 F7500 X110.572 Y101.56
G1 F1350 X101.56 Y110.572 E54.38827
G0 F7500 X101.56 Y110.006
G1 F1350 X110.007 Y101.56 E54.78556
G0 F7500 X109.441 Y101.56
G1 F1350 X101.56 Y109.44 E55.15624
G0 F7500 X101.56 Y108.875
G1 F1350 X108.875 Y101.56 E55.50031
G0 F7500 X108.31 Y101.56
G1 F1350 X101.56 Y108.309 E55.81779
G0 F7500 X101.56 Y107.743
G1 F1350 X107.744 Y101.56 E56.10864
G0 F7500 X107.178 Y101.56
G1 F1350 X101.56 Y107.178 E56.37289
G0 F7500 X101.56 Y106.612
G1 F1350 X106.613 Y101.56 E56.61055
G0 F7500 X106.047 Y101.56
G1 F1350 X101.56 Y106.046 E56.82158
G0 F7500 X101.56 Y105.481
G1 F1350 X105.481 Y101.56 E57.00601
G0 F7500 X104.916 Y101.56
G1 F1350 X101.56 Y104.915 E57.16384
G0 F7500 X101.56 Y104.349
G1 F1350 X104.35 Y101.56 E57.29505
G0 F7500 X103.784 Y101.56
G1 F1350 X101.56 Y103.783 E57.39964
G0 F7500 X101.56 Y103.218
G1 F1350 X103.218 Y101.56 E57.47763
G0 F7500 X102.653 Y101.56
G1 F1350 X101.56 Y102.652 E57.52902
G0 F7500 X101.56 Y102.086
G1 F1350 X102.087 Y101.56 E57.55378
G1 F2700 E48.55378
;MESH:NONMESH
G0 F300 X102.087 Y101.56 Z0.5
G0 F7500 X102.087 Y101.1
G0 X119.082 Y100.918
G0 X119.53 Y119.53
G0 X119.8 Y119.8
;TIME_ELAPSED:134.396911
;LAYER:2
M106 S170
;TYPE:WALL-OUTER
;MESH:xyzCalibration_cube.stl
G1 F2700 E57.55378
G1 F1500 X119.8 Y100.2 E58.20568
G1 X100.2 Y100.2 E58.85758
G1 X100.2 Y119.8 E59.50948
G1 X119.8 Y119.8 E60.16138
G0 F9000 X119.4 Y119.4
;TYPE:WALL-INNER
G1 F1500 X119.4 Y100.6 E60.78667
G1 X100.6 Y100.6 E61.41196
G1 X100.6 Y119.4 E62.03725
G1 X119.4 Y119.4 E62.66254
G0 F9000 X119 Y119
G1 F1500 X119 Y101 E63.26122
G1 X101 Y101 E63.8599
G1 X101 Y119 E64.45858
G1 X119 Y119 E65.05727
G0 F9000 X118.64 Y118.64
;TYPE:SKIN
G1 F1500 X118.64 Y101.36 E65.632
G1 X101.36 Y101.36 E66.20674
G1 X101.36 Y118.64 E66.78147
G1 X118.64 Y118.64 E67.35621
G0 F9000 X118.9 Y118.64
G0 X118.828 Y101.172
G0 X117.965 Y101.1
G0 X117.965 Y101.56
G1 F1500 X118.44 Y102.035 E67.37855
G0 F9000 X118.44 Y102.6
G1 F1500 X117.4 Y101.56 E67.42747
G0 F9000 X116.834 Y101.56
G1 F1500 X118.44 Y103.166 E67.50301
G0 F9000 X118.44 Y103.732
G1 F1500 X116.268 Y101.56 E67.60517
G0 F9000 X115.702 Y101.56
G1 F1500 X118.44 Y104.298 E67.73396
G0 F9000 X118.44 Y104.863
G1 F1500 X115.137 Y101.56 E67.88932
G0 F9000 X114.571 Y101.56
G1 F1500 X118.44 Y105.429 E68.07131
G0 F9000 X118.44 Y105.995
G1 F1500 X114.005 Y101.56 E68.27992
G0 F9000 X113.44 Y101.56
G1 F1500 X118.44 Y106.56 E68.5151
G0 F9000 X118.44 Y107.126
G1 F1500 X112.874 Y101.56 E68.77691
G0 F9000 X112.308 Y101.56
G1 F1500 X118.44 Y107.692 E69.06534
G0 F9000 X118.44 Y108.257
G1 F1500 X111.743 Y101.56 E69.38035
G0 F9000 X111.177 Y101.56
G1 F1500 X118.44 Y108.823 E69.72198
G0 F9000 X118.44 Y109.389
G1 F1500 X110.611 Y101.56 E70.09023
G0 F9000 X110.046 Y101.56
G1 F1500 X118.44 Y109.954 E70.48506
G0 F9000 X118.44 Y110.52
G1 F1500 X109.48 Y101.56 E70.90651
G0 F9000 X108.914 Y101.56
G1 F1500 X118.44 Y111.086 E71.35458
G0 F9000 X118.44 Y111.651
G1 F1500 X108.349 Y101.56 E71.82923
G0 F9000 X107.783 Y101.56
G1 F1500 X118.44 Y112.217 E72.3305
G0 F9000 X118.44 Y112.783
G1 F1500 X107.217 Y101.56 E72.8584
G0 F9000 X106.652 Y101.56
G1 F1500 X118.44 Y113.349 E73.41289
G0 F9000 X118.44 Y113.914
G1 F1500 X106.086 Y101.56 E73.99399
G0 F9000 X105.52 Y101.56
G1 F1500 X118.44 Y114.48 E74.60171
G0 F9000 X118.44 Y115.046
G1 F1500 X104.954 Y101.56 E75.23605
G0 F9000 X104.389 Y101.56
G1 F1500 X118.44 Y115.611 E75.89696
G0 F9000 X118.44 Y116.177
G1 F1500 X103.823 Y101.56 E76.5845
G0 F9000 X103.257 Y101.56
G1 F1500 X118.44 Y116.743 E77.29866
G0 F9000 X118.44 Y117.308
G1 F1500 X102.692 Y101.56 E78.0394
G0 F9000 X102.126 Y101.56
G1 F1500 X118.44 Y117.874 E78.80676
G0 F9000 X118.44 Y118.44
G1 F1500 X101.56 Y101.56 E79.60074
G0 F9000 X101.56 Y102.125
G1 F1500 X117.874 Y118.44 E80.36813
G0 F9000 X117.308 Y118.44
G1 F1500 X101.56 Y102.691 E81.10889
G0 F9000 X101.56 Y103.257
G1 F1500 X116.743 Y118.44 E81.82305
G0 F9000 X116.177 Y118.44
G1 F1500 X101.56 Y103.822 E82.51061
G0 F9000 X101.56 Y104.388
G1 F1500 X115.611 Y118.44 E83.17155
G0 F9000 X115.046 Y118.44
G1 F1500 X101.56 Y104.954 E83.80589
G0 F9000 X101.56 Y105.519
G1 F1500 X114.48 Y118.44 E84.41363
G0 F9000 X113.914 Y118.44
G1 F1500 X101.56 Y106.085 E84.99475
G0 F9000 X101.56 Y106.651
G1 F1500 X113.349 Y118.44 E85.54927
G0 F9000 X112.783 Y118.44
G1 F1500 X101.56 Y107.216 E86.07719
G0 F9000 X101.56 Y107.782
G1 F1500 X112.217 Y118.44 E86.57849
G0 F9000 X111.651 Y118.44
G1 F1500 X101.56 Y108.348 E87.05316
G0 F9000 X101.56 Y108.914
G1 F1500 X111.086 Y118.44 E87.50123
G0 F9000 X110.52 Y118.44
G1 F1500 X101.56 Y109.479 E87.92271
G0 F9000 X101.56 Y110.045
G1 F1500 X109.954 Y118.44 E88.31756
G0 F9000 X109.389 Y118.44
G1 F1500 X101.56 Y110.611 E88.68581
G0 F9000 X101.56 Y111.176
G1 F1500 X108.823 Y118.44 E89.02746
G0 F9000 X108.257 Y118.44
G1 F1500 X101.56 Y111.742 E89.34249
G0 F9000 X101.56 Y112.308
G1 F1500 X107.692 Y118.44 E89.63092
G0 F9000 X107.126 Y118.44
G1 F1500 X101.56 Y112.873 E89.89276
G0 F9000 X101.56 Y113.439
G1 F1500 X106.56 Y118.44 E90.12796
G0 F9000 X105.995 Y118.44
G1 F1500 X101.56 Y114.005 E90.33657
G0 F9000 X101.56 Y114.57
G1 F1500 X105.429 Y118.44 E90.51858
G0 F9000 X104.863 Y118.44
G1 F1500 X101.56 Y115.136 E90.67397
G0 F9000 X101.56 Y115.702
G1 F1500 X104.298 Y118.44 E90.80276
G0 F9000 X103.732 Y118.44
G1 F1500 X101.56 Y116.267 E90.90494
G0 F9000 X101.56 Y116.833
G1 F1500 X103.166 Y118.44 E90.98051
G0 F9000 X102.6 Y118.44
G1 F1500 X101.56 Y117.399 E91.02945
G0 F9000 X101.56 Y117.965
G1 F1500 X102.035 Y118.44 E91.05179
;MESH:NONMESH
G0 F300 X102.035 Y118.44 Z0.7
G0 F9000 X102.035 Y118.9
G0 X119.53 Y119.53
G0 X119.8 Y119.8
;TIME_ELAPSED:181.202836
;LAYER:3
;note -- min layer time used
M106 S255
;TYPE:WALL-OUTER
;MESH:xyzCalibration_cube.stl
G1 F1371.2 X119.8 Y100.2 E91.70369
G1 X100.2 Y100.2 E92.35559
G1 X100.2 Y119.8 E93.00749
G1 X119.8 Y119.8 E93.65939
G0 F9000 X119.4 Y119.4
;TYPE:WALL-INNER
G1 F1371.2 X119.4 Y100.6 E94.28468
G1 X100.6 Y100.6 E94.90997
G1 X100.6 Y119.4 E95.53526
G1 X119.4 Y119.4 E96.16055
G0 F9000 X119 Y119
G1 F1371.2 X119 Y101 E96.75923
G1 X101 Y101 E97.35791
G1 X101 Y119 E97.9566
G1 X119 Y119 E98.55528
G0 F9000 X118.8 Y118.8
;MESH:NONMESH
G0 F300 X118.8 Y118.8 Z0.9
G0 F9000 X119.53 Y119.53
G0 X119.8 Y119.8
;TIME_ELAPSED:191.644881
;LAYER:4
;note -- min layer time used
;TYPE:WALL-OUTER
;MESH:xyzCalibration_cube.stl
G1 F1356.2 X119.8 Y100.2 E99.20718
G1 X100.2 Y100.2 E99.85908
G1 X100.2 Y119.8 E100.51097
G1 X119.8 Y119.8 E101.16287
G0 F9000 X119.4 Y119.4
;TYPE:WALL-INNER
G1 F1356.2 X119.4 Y100.6 E101.78816
G1 X100.6 Y100.6 E102.41345
G1 X100.6 Y119.4 E103.03874
G1 X119.4 Y119.4 E103.66404
G0 F9000 X119 Y119
G1 F1356.2 X119 Y101 E104.26272
G1 X101 Y101 E104.8614
G1 X101 Y119 E105.46008
G1 X119 Y119 E106.05877
G0 F9000 X118.8 Y118.8
;MESH:NONMESH
G0 F300 X118.8 Y118.8 Z1.1
G0 F9000 X119.53 Y119.53
G0 X119.8 Y119.8
;TIME_ELAPSED:202.190922
;LAYER:5
;note -- min layer time used
;TYPE:WALL-OUTER
;MESH:xyzCalibration_cube.stl
G1 F1356.2 X119.8 Y100.2 E106.71066
G1 X100.2 Y100.2 E107.36256
G1 X100.2 Y119.8 E108.01446
G1 X119.8 Y119.8 E108.66636
G0 F9000 X119.4 Y119.4
;TYPE:WALL-INNER
G1 F1356.2 X119.4 Y100.6 E109.29165
G1 X100.6 Y100.6 E109.91694
G1 X100.6 Y119.4 E110.54223
G1 X119.4 Y119.4 E111.16752
G0 F9000 X119 Y119
G1 F1356.2 X119 Y101 E111.7662
G1 X101 Y101 E112.36489
G1 X101 Y119 E112.96357
G1 X119 Y119 E113.56225
G0 F9000 X118.8 Y118.8
;MESH:NONMESH
G0 F300 X118.8 Y118.8 Z1.3
G0 F9000 X119.53 Y119.53
G0 X119.8 Y119.8
;TIME_ELAPSED:212.736963
;LAYER:6
;note -- min layer time used
;TYPE:WALL-OUTER
;MESH:xyzCalibration_cube.stl
G1 F1356.2 X119.8 Y100.2 E114.21415
G1 X100.2 Y100.2 E114.86605
G1 X100.2 Y119.8 E115.51795
G1 X119.8 Y119.8 E116.16985
G0 F9000 X119.4 Y119.4
;TYPE:WALL-INNER
G1 F1356.2 X119.4 Y100.6 E116.79514
G1 X100.6 Y100.6 E117.42043
G1 X100.6 Y119.4 E118.04572
G1 X119.4 Y119.4 E118.67101
G0 F9000 X119 Y119
G1 F1356.2 X119 Y101 E119.26969
G1 X101 Y101 E119.86837
G1 X101 Y119 E120.46706
G1 X119 Y119 E121.06574
G0 F9000 X118.8 Y118.8
;MESH:NONMESH
G0 F300 X118.8 Y118.8 Z1.5
G0 F9000 X119.53 Y119.53
G0 X119.8 Y119.8
;TIME_ELAPSED:223.283004
;LAYER:7
;note -- min layer time used
;TYPE:WALL-OUTER
;MESH:xyzCalibration_cube.stl
G1 F1356.2 X119.8 Y100.2 E121.71764
G1 X100.2 Y100.2 E122.36954
G1 X100.2 Y119.8 E123.02143
G1 X119.8 Y119.8 E123.67333
G0 F9000 X119.4 Y119.4
;TYPE:WALL-INNER
G1 F1356.2 X119.4 Y100.6 E124.29862
G1 X100.6 Y100.6 E124.92391
G1 X100.6 Y119.4 E125.5492
G1 X119.4 Y119.4 E126.17449
G0 F9000 X119 Y119
G1 F1356.2 X119 Y101 E126.77318
G1 X101 Y101 E127.37186
G1 X101 Y119 E127.97054
G1 X119 Y119 E128.56922
G0 F9000 X118.8 Y118.8
;MESH:NONMESH
G0 F300 X118.8 Y118.8 Z1.7
G0 F9000 X119.53 Y119.53
G0 X119.8 Y119.8
;TIME_ELAPSED:233.829044
;LAYER:8
;note -- min layer time used
;TYPE:WALL-OUTER
;MESH:xyzCalibration_cube.stl
G1 F1356.2 X119.8 Y100.2 E129.22112
G1 X100.2 Y100.2 E129.87302
G1 X100.2 Y119.8 E130.52492
G1 X119.8 Y119.8 E131.17682
G0 F9000 X119.4 Y119.4
;TYPE:WALL-INNER
G1 F1356.2 X119.4 Y100.6 E131.80211
G1 X100.6 Y100.6 E132.4274
G1 X100.6 Y119.4 E133.05269
G1 X119.4 Y119.4 E133.67798
G0 F9000 X119 Y119
G1 F1356.2 X119 Y101 E134.27666
G1 X101 Y101 E134.87535
G1 X101 Y119 E135.47403
G1 X119 Y119 E136.07271
G0 F9000 X118.8 Y118.8
;MESH:NONMESH
G0 F300 X118.8 Y118.8 Z1.9
G0 F9000 X119.53 Y119.53
G0 X119.8 Y119.8
;TIME_ELAPSED:244.375085
;LAYER:9
;note -- min layer time used
;TYPE:WALL-OUTER
;MESH:xyzCalibration_cube.stl
G1 F1356.2 X119.8 Y100.2 E136.72461
G1 X100.2 Y100.2 E137.37651
G1 X100.2 Y119.8 E138.02841
G1 X119.8 Y119.8 E138.68031
G0 F9000 X119.4 Y119.4
;TYPE:WALL-INNER
G1 F1356.2 X119.4 Y100.6 E139.3056
G1 X100.6 Y100.6 E139.93089
G1 X100.6 Y119.4 E140.55618
G1 X119.4 Y119.4 E141.18147
G0 F9000 X119 Y119
G1 F1356.2 X119 Y101 E141.78015
G1 X101 Y101 E142.37883
G1 X101 Y119 E142.97752
G1 X119 Y119 E143.5762
G0 F9000 X118.8 Y118.8
;MESH:NONMESH
G0 F300 X118.8 Y118.8 Z2.1
G0 F9000 X119.53 Y119.53
G0 X119.8 Y119.8
;TIME_ELAPSED:254.921126
;LAYER:10
;note -- min layer time used
;TYPE:WALL-OUTER
;MESH:xyzCalibration_cube.stl
G1 F1356.2 X119.8 Y100.2 E144.2281
G1 X100.2 Y100.2 E144.87999
G1 X100.2 Y119.8 E145.53189
G1 X119.8 Y119.8 E146.18379
G0 F9000 X119.4 Y119.4
;TYPE:WALL-INNER
G1 F1356.2 X119.4 Y100.6 E146.80908
G1 X100.6 Y100.6 E147.43437
G1 X100.6 Y119.4 E148.05966
G1 X119.4 Y119.4 E148.68495
G0 F9000 X119 Y119
G1 F1356.2 X119 Y101 E149.28364
G1 X101 Y101 E149.88232
G1 X101 Y119 E150.481
G1 X119 Y119 E151.07968
G0 F9000 X118.8 Y118.8
;MESH:NONMESH
G0 F300 X118.8 Y118.8 Z2.3
G0 F9000 X119.53 Y119.53
G0 X119.8 Y119.8
;TIME_ELAPSED:265.467167
;LAYER:11
;note -- min layer time used
;TYPE:WALL-OUTER
;MESH:xyzCalibration_cube.stl
G1 F1356.2 X119.8 Y100.2 E151.73158
G1 X100.2 Y100.2 E152.38348
G1 X100.2 Y119.8 E153.03538
G1 X119.8 Y119.8 E153.68728
G0 F9000 X119.4 Y119.4
;TYPE:WALL-INNER
G1 F1356.2 X119.4 Y100.6 E154.31257
G1 X100.6 Y100.6 E154.93786
G1 X100.6 Y119.4 E155.56315
G1 X119.4 Y119.4 E156.18844
G0 F9000 X119 Y119
G1 F1356.2 X119 Y101 E156.78712
G1 X101 Y101 E157.38581
G1 X101 Y119 E157.98449
G1 X119 Y119 E158.58317
G0 F9000 X118.8 Y118.8
;MESH:NONMESH
G0 F300 X118.8 Y118.8 Z2.5
G0 F9000 X119.53 Y119.53
G0 X119.8 Y119.8
;TIME_ELAPSED:276.013208
;LAYER:12
;TYPE:WALL-OUTER
;MESH:xyzCalibration_cube.stl
G1 F1500 X119.8 Y100.2 E159.23507
G1 X100.2 Y100.2 E159.88697
G1 X100.2 Y119.8 E160.53887
G1 X119.8 Y119.8 E161.19077
G0 F9000 X119.4 Y119.4
;TYPE:WALL-INNER
G1 F1500 X119.4 Y100.6 E161.81606
G1 X100.6 Y100.6 E162.44135
G1 X100.6 Y119.4 E163.06664
G1 X119.4 Y119.4 E163.69193
G0 F9000 X119 Y119
G1 F1500 X119 Y101 E164.29061
G1 X101 Y101 E164.88929
G1 X101 Y119 E165.48797
G1 X119 Y119 E166.08666
G0 F9000 X116.755 Y111.548
G0 X117.012 Y111.548
;TYPE:SKIN
G1 F1500 X118.64 Y111.548 E166.1408
G1 X118.64 Y107.788 E166.26586
G1 X117.012 Y107.788 E166.32001
G1 X117.012 Y111.548 E166.44507
G0 F9000 X117.571 Y111.348
G1 F1500 X117.211 Y110.989 E166.46198
G0 F9000 X117.211 Y110.423
G1 F1500 X118.136 Y111.348 E166.50549
G0 F9000 X118.44 Y111.086
G1 F1500 X117.211 Y109.858 E166.56327
G0 F9000 X117.211 Y109.292
G1 F1500 X118.44 Y110.521 E166.62108
G0 F9000 X118.44 Y109.955
G1 F1500 X117.211 Y108.726 E166.67889
G0 F9000 X117.211 Y108.16
G1 F1500 X118.44 Y109.389 E166.7367
G0 F9000 X118.44 Y108.824
G1 F1500 X117.605 Y107.988 E166.776
G0 F9000 X118.17 Y107.988
G1 F1500 X118.44 Y108.258 E166.7887
G0 F9000 X118.9 Y108.258
G0 X118.828 Y107.6
G0 X111.233 Y103.12
G0 X111.42 Y102.932
G1 F1500 X115.276 Y102.931 E166.91695
G1 X115.279 Y101.361 E166.96917
G1 X111.42 Y101.36 E167.09752
G1 X111.42 Y102.932 E167.1498
G0 F9000 X111.782 Y102.731
G1 F1500 X111.62 Y102.569 E167.15742
G0 F9000 X111.62 Y102.003
G1 F1500 X112.348 Y102.731 E167.19166
G0 F9000 X112.914 Y102.731
G1 F1500 X111.743 Y101.561 E167.24672
G0 F9000 X112.309 Y101.561
G1 F1500 X113.479 Y102.731 E167.30175
G0 F9000 X114.045 Y102.731
G1 F1500 X112.875 Y101.561 E167.35679
G0 F9000 X113.44 Y101.561
G1 F1500 X114.611 Y102.731 E167.41184
G0 F9000 X115.077 Y102.632
G1 F1500 X114.006 Y101.561 E167.46222
G0 F9000 X114.572 Y101.561
G1 F1500 X115.077 Y102.067 E167.486
G0 F9000 X115.539 Y102.068
G0 X115.466 Y103.12
G0 X111.656 Y103.12
G0 X108.024 Y102.928
G0 X107.764 Y102.928
G1 F1500 X107.764 Y101.36 E167.53815
G1 X104.065 Y101.36 E167.66118
G1 X104.068 Y102.932 E167.71346
G1 X107.764 Y102.928 E167.83639
G0 F9000 X108.024 Y102.928
G0 X107.952 Y101.172
G0 X107.217 Y101.1
G0 X107.217 Y101.56
G1 F1500 X107.564 Y101.908 E167.85274
G0 F9000 X107.564 Y102.473
G1 F1500 X106.652 Y101.56 E167.89566
G0 F9000 X106.086 Y101.56
G1 F1500 X107.253 Y102.728 E167.95058
G0 F9000 X106.688 Y102.728
G1 F1500 X105.52 Y101.56 E168.00552
G0 F9000 X104.954 Y101.56
G1 F1500 X106.123 Y102.729 E168.0605
G0 F9000 X105.558 Y102.73
G1 F1500 X104.389 Y101.56 E168.11551
G0 F9000 X104.266 Y102.003
G1 F1500 X104.993 Y102.731 E168.14973
G0 F9000 X104.428 Y102.731
G1 F1500 X104.267 Y102.57 E168.1573
G0 F9000 X103.509 Y102.57
;MESH:NONMESH
G0 F300 X103.509 Y102.57 Z2.7
G0 F9000 X103.509 Y103.016
G0 X119.53 Y119.53
G0 X119.8 Y119.8
;TIME_ELAPSED:291.800730
;LAYER:13
;TYPE:WALL-OUTER
;MESH:xyzCalibration_cube.stl
G1 F1500 X119.8 Y100.2 E168.8092
G1 X100.2 Y100.2 E169.4611
G1 X100.2 Y119.8 E170.113
G1 X119.8 Y119.8 E170.7649
G0 F9000 X119.4 Y119.4
;TYPE:WALL-INNER
G1 F1500 X119.4 Y100.6 E171.39019
G1 X100.6 Y100.6 E172.01548
G1 X100.6 Y119.4 E172.64077
G1 X119.4 Y119.4 E173.26606
G0 F9000 X119 Y119
G1 F1500 X119 Y101 E173.86474
G1 X101 Y101 E174.46343
G1 X101 Y119 E175.06211
G1 X119 Y119 E175.66079
G0 F9000 X116.755 Y111.544
G0 X117.012 Y111.544
;TYPE:SKIN
G1 F1500 X118.64 Y111.544 E175.71494
G1 X118.64 Y107.784 E175.84
G1 X117.012 Y107.784 E175.89414
G1 X117.012 Y111.544 E176.0192
G0 F9000 X116.755 Y111.544
G0 X118.324 Y111.806
G0 X118.324 Y111.344
G1 F1500 X118.44 Y111.228 E176.02466
G0 F9000 X118.44 Y110.662
G1 F1500 X117.759 Y111.344 E176.05671
G0 F9000 X117.212 Y111.325
G1 F1500 X118.44 Y110.097 E176.11447
G0 F9000 X118.44 Y109.531
G1 F1500 X117.212 Y110.759 E176.17224
G0 F9000 X117.212 Y110.193
G1 F1500 X118.44 Y108.965 E176.23
G0 F9000 X118.44 Y108.399
G1 F1500 X117.212 Y109.628 E176.28778
G0 F9000 X117.212 Y109.062
G1 F1500 X118.29 Y107.984 E176.33849
G0 F9000 X117.725 Y107.984
G1 F1500 X117.212 Y108.496 E176.36259
G0 F9000 X116.755 Y108.496
G0 X111.111 Y103.12
G0 X111.296 Y102.932
G1 F1500 X115.148 Y102.931 E176.49071
G1 X115.151 Y101.361 E176.54293
G1 X111.296 Y101.36 E176.67115
G1 X111.296 Y102.932 E176.72343
G0 F9000 X111.039 Y102.932
G0 X111.111 Y101.172
G0 X111.704 Y101.1
G0 X111.704 Y101.56
G1 F1500 X111.496 Y101.768 E176.73322
G0 F9000 X111.496 Y102.333
G1 F1500 X112.269 Y101.56 E176.76958
G0 F9000 X112.835 Y101.56
G1 F1500 X111.663 Y102.732 E176.8247
G0 F9000 X112.228 Y102.732
G1 F1500 X113.4 Y101.56 E176.87983
G0 F9000 X113.966 Y101.56
G1 F1500 X112.794 Y102.732 E176.93496
G0 F9000 X113.361 Y102.731
G1 F1500 X114.531 Y101.56 E176.99002
G0 F9000 X114.949 Y101.709
G1 F1500 X113.926 Y102.731 E177.03811
G0 F9000 X114.492 Y102.731
G1 F1500 X114.948 Y102.275 E177.05956
G0 F9000 X115.412 Y102.276
G0 X115.339 Y103.12
G0 X107.88 Y103.19
G0 X107.88 Y102.928
G1 F1500 X107.88 Y101.36 E177.11171
G1 X104.177 Y101.36 E177.23487
G1 X104.18 Y102.932 E177.28716
G1 X107.88 Y102.928 E177.41022
G0 F9000 X107.68 Y102.19
G1 F1500 X107.141 Y102.728 E177.43555
G0 F9000 X106.574 Y102.73
G1 F1500 X107.68 Y101.624 E177.48757
G0 F9000 X107.178 Y101.56
G1 F1500 X106.007 Y102.731 E177.54265
G0 F9000 X105.441 Y102.731
G1 F1500 X106.613 Y101.56 E177.59776
G0 F9000 X106.047 Y101.56
G1 F1500 X104.875 Y102.732 E177.65289
G0 F9000 X104.38 Y102.661
G1 F1500 X105.481 Y101.56 E177.70467
G0 F9000 X104.916 Y101.56
G1 F1500 X104.378 Y102.097 E177.72996
G0 F9000 X103.619 Y102.097
;MESH:NONMESH
G0 F300 X103.619 Y102.097 Z2.9
G0 F9000 X103.739 Y103.377
G0 X119.53 Y119.53
G0 X119.8 Y119.8
;TIME_ELAPSED:307.608624
;LAYER:14
;TYPE:WALL-OUTER
;MESH:xyzCalibration_cube.stl
G1 F1500 X119.8 Y100.2 E178.38185
G1 X100.2 Y100.2 E179.03375
G1 X100.2 Y119.8 E179.68565
G1 X119.8 Y119.8 E180.33755
G0 F9000 X119.4 Y119.4
;TYPE:WALL-INNER
G1 F1500 X119.4 Y100.6 E180.96284
G1 X100.6 Y100.6 E181.58813
G1 X100.6 Y119.4 E182.21342
G1 X119.4 Y119.4 E182.83871
G0 F9000 X119 Y119
G1 F1500 X119 Y101 E183.43739
G1 X101 Y101 E184.03608
G1 X101 Y119 E184.63476
G1 X119 Y119 E185.23344
G0 F9000 X116.755 Y111.544
G0 X117.012 Y111.544
;TYPE:SKIN
G1 F1500 X118.64 Y111.544 E185.28759
G1 X118.64 Y107.784 E185.41265
G1 X117.012 Y107.784 E185.46679
G1 X117.012 Y111.544 E185.59185
G0 F9000 X117.566 Y111.344
G1 F1500 X117.211 Y110.989 E185.60855
G0 F9000 X117.211 Y110.423
G1 F1500 X118.132 Y111.344 E185.65187
G0 F9000 X118.44 Y111.086
G1 F1500 X117.211 Y109.858 E185.70966
G0 F9000 X117.211 Y109.292
G1 F1500 X118.44 Y110.521 E185.76747
G0 F9000 X118.44 Y109.955
G1 F1500 X117.211 Y108.726 E185.82527
G0 F9000 X117.211 Y108.16
G1 F1500 X118.44 Y109.389 E185.88308
G0 F9000 X118.44 Y108.824
G1 F1500 X117.601 Y107.984 E185.92257
G0 F9000 X118.167 Y107.984
G1 F1500 X118.44 Y108.258 E185.93543
G0 F9000 X118.9 Y108.258
G0 X118.828 Y107.596
G0 X110.989 Y103.12
G0 X111.176 Y102.932
G1 F1500 X115.024 Y102.931 E186.06342
G1 X115.027 Y101.361 E186.11564
G1 X111.176 Y101.36 E186.24372
G1 X111.176 Y102.932 E186.29601
G0 F9000 X111.782 Y102.731
G1 F1500 X111.376 Y102.325 E186.3151
G0 F9000 X111.376 Y101.759
G1 F1500 X112.348 Y102.731 E186.36082
G0 F9000 X112.914 Y102.731
G1 F1500 X111.743 Y101.56 E186.4159
G0 F9000 X112.308 Y101.56
G1 F1500 X113.479 Y102.731 E186.47098
G0 F9000 X114.045 Y102.731
G1 F1500 X112.874 Y101.56 E186.52606
G0 F9000 X113.44 Y101.561
G1 F1500 X114.611 Y102.731 E186.58112
G0 F9000 X114.825 Y102.38
G1 F1500 X114.006 Y101.561 E186.61964
G0 F9000 X114.572 Y101.561
G1 F1500 X114.826 Y101.816 E186.63162
G0 F9000 X115.287 Y101.817
G0 X115.213 Y103.12
G0 X111.411 Y103.12
G0 X108.261 Y102.928
G0 X108 Y102.928
G1 F1500 X108 Y101.36 E186.68377
G1 X104.289 Y101.36 E186.8072
G1 X104.292 Y102.932 E186.85948
G1 X108 Y102.928 E186.98281
G0 F9000 X107.8 Y102.143
G1 F1500 X107.217 Y101.56 E187.01023
G0 F9000 X106.652 Y101.56
G1 F1500 X107.8 Y102.709 E187.06425
G0 F9000 X107.254 Y102.728
G1 F1500 X106.086 Y101.56 E187.11919
G0 F9000 X105.52 Y101.56
G1 F1500 X106.689 Y102.729 E187.17418
G0 F9000 X106.124 Y102.73
G1 F1500 X104.954 Y101.56 E187.22921
G0 F9000 X104.489 Y101.661
G1 F1500 X105.558 Y102.73 E187.2795
G0 F9000 X104.993 Y102.731
G1 F1500 X104.491 Y102.228 E187.30313
G0 F9000 X103.73 Y102.228
;MESH:NONMESH
G0 F300 X103.73 Y102.228 Z3.1
G0 F9000 X103.731 Y103.032
G0 X119.53 Y119.53
G0 X119.8 Y119.8
;TIME_ELAPSED:323.210782
;LAYER:15
;TYPE:WALL-OUTER
;MESH:xyzCalibration_cube.stl
G1 F1500 X119.8 Y100.2 E187.95503
G1 X100.2 Y100.2 E188.60693
G1 X100.2 Y119.8 E189.25883
G1 X119.8 Y119.8 E189.91073
G0 F9000 X119.4 Y119.4
;TYPE:WALL-INNER
G1 F1500 X119.4 Y100.6 E190.53602
G1 X100.6 Y100.6 E191.16131
G1 X100.6 Y119.4 E191.7866
G1 X119.4 Y119.4 E192.41189
G0 F9000 X119 Y119
G1 F1500 X119 Y101 E193.01057
G1 X101 Y101 E193.60925
G1 X101 Y119 E194.20794
G1 X119 Y119 E194.80662
G0 F9000 X116.756 Y111.54
G0 X117.016 Y111.54
;TYPE:SKIN
G1 F1500 X118.64 Y111.54 E194.86063
G1 X118.64 Y107.78 E194.98569
G1 X117.016 Y107.78 E195.0397
G1 X117.016 Y111.54 E195.16476
G0 F9000 X116.756 Y111.54
G0 X118.828 Y111.73
G0 X118.9 Y111.229
G0 X118.44 Y111.229
G1 F1500 X118.328 Y111.34 E195.17001
G0 F9000 X117.762 Y111.34
G1 F1500 X118.44 Y110.663 E195.20188
G0 F9000 X118.44 Y110.097
G1 F1500 X117.216 Y111.321 E195.25945
G0 F9000 X117.216 Y110.755
G1 F1500 X118.44 Y109.532 E195.317
G0 F9000 X118.44 Y108.966
G1 F1500 X117.216 Y110.189 E195.37455
G0 F9000 X117.216 Y109.623
G1 F1500 X118.44 Y108.4 E195.4321
G0 F9000 X118.294 Y107.98
G1 F1500 X117.216 Y109.058 E195.4828
G0 F9000 X117.216 Y108.492
G1 F1500 X117.728 Y107.98 E195.50689
G0 F9000 X117.728 Y107.522
G0 X110.867 Y103.12
G0 X111.052 Y102.932
G1 F1500 X114.896 Y102.931 E195.63474
G1 X114.899 Y101.361 E195.68696
G1 X111.052 Y101.36 E195.81491
G1 X111.052 Y102.932 E195.86719
G0 F9000 X110.795 Y102.932
G0 X110.867 Y101.172
G0 X111.703 Y101.1
G0 X111.703 Y101.56
G1 F1500 X111.253 Y102.011 E195.88838
G0 F9000 X111.253 Y102.576
G1 F1500 X112.269 Y101.56 E195.93617
G0 F9000 X112.834 Y101.56
G1 F1500 X111.663 Y102.732 E195.99128
G0 F9000 X112.228 Y102.732
G1 F1500 X113.4 Y101.56 E196.0464
G0 F9000 X113.966 Y101.56
G1 F1500 X112.794 Y102.732 E196.10153
G0 F9000 X113.361 Y102.731
G1 F1500 X114.531 Y101.56 E196.15659
G0 F9000 X114.697 Y101.961
G1 F1500 X113.926 Y102.731 E196.19283
G0 F9000 X114.492 Y102.731
G1 F1500 X114.696 Y102.527 E196.20243
G0 F9000 X115.158 Y102.528
G0 X115.086 Y103.12
G0 X111.289 Y103.12
G0 X108.38 Y102.928
G0 X108.12 Y102.928
G1 F1500 X108.12 Y101.36 E196.25458
G1 X104.397 Y101.36 E196.3784
G1 X104.404 Y102.932 E196.43069
G1 X108.12 Y102.928 E196.55429
G0 F9000 X107.706 Y102.729
G1 F1500 X107.92 Y102.515 E196.56435
G0 F9000 X107.92 Y101.949
G1 F1500 X107.139 Y102.73 E196.60109
G0 F9000 X106.573 Y102.731
G1 F1500 X107.743 Y101.56 E196.65614
G0 F9000 X107.178 Y101.56
G1 F1500 X106.007 Y102.731 E196.71122
G0 F9000 X105.441 Y102.731
G1 F1500 X106.612 Y101.56 E196.7663
G0 F9000 X106.046 Y101.56
G1 F1500 X104.875 Y102.732 E196.82141
G0 F9000 X104.602 Y102.439
G1 F1500 X105.481 Y101.56 E196.86275
G0 F9000 X104.915 Y101.56
G1 F1500 X104.599 Y101.876 E196.87762
G0 F9000 X103.841 Y101.876
;MESH:NONMESH
G0 F300 X103.841 Y101.876 Z3.3
G0 F9000 X103.961 Y103.377
G0 X119.53 Y119.53
G0 X119.8 Y119.8
;TIME_ELAPSED:339.116379
;LAYER:16
;TYPE:WALL-OUTER
;MESH:xyzCalibration_cube.stl
G1 F1500 X119.8 Y100.2 E197.52952
G1 X100.2 Y100.2 E198.18141
G1 X100.2 Y119.8 E198.83331
G1 X119.8 Y119.8 E199.48521
G0 F9000 X119.4 Y119.4
;TYPE:WALL-INNER
G1 F1500 X119.4 Y100.6 E200.1105
G1 X100.6 Y100.6 E200.73579
G1 X100.6 Y119.4 E201.36108
G1 X119.4 Y119.4 E201.98637
G0 F9000 X119 Y119
G1 F1500 X119 Y101 E202.58506
G1 X101 Y101 E203.18374
G1 X101 Y119 E203.78242
G1 X119 Y119 E204.3811
G0 F9000 X116.756 Y111.54
G0 X117.016 Y111.54
;TYPE:SKIN
G1 F1500 X118.64 Y111.54 E204.43512
G1 X118.64 Y107.776 E204.56031
G1 X117.016 Y107.776 E204.61432
G1 X117.016 Y111.54 E204.73951
G0 F9000 X117.562 Y111.34
G1 F1500 X117.216 Y110.993 E204.75581
G0 F9000 X117.216 Y110.427
G1 F1500 X118.128 Y111.34 E204.79873
G0 F9000 X118.44 Y111.086
G1 F1500 X117.216 Y109.862 E204.85631
G0 F9000 X117.216 Y109.296
G1 F1500 X118.44 Y110.52 E204.91388
G0 F9000 X118.44 Y109.954
G1 F1500 X117.216 Y108.73 E204.97145
G0 F9000 X117.216 Y108.165
G1 F1500 X118.44 Y109.389 E205.02903
G0 F9000 X118.44 Y108.823
G1 F1500 X117.593 Y107.976 E205.06887
G0 F9000 X118.158 Y107.976
G1 F1500 X118.44 Y108.257 E205.08211
G0 F9000 X118.9 Y108.257
G0 X118.828 Y107.591
G0 X110.745 Y103.121
G0 X110.932 Y102.932
G1 F1500 X114.768 Y102.931 E205.20969
G1 X114.774 Y101.361 E205.26191
G1 X110.932 Y101.36 E205.3897
G1 X110.932 Y102.932 E205.44198
G0 F9000 X111.217 Y102.731
G1 F1500 X111.132 Y102.646 E205.44598
G0 F9000 X111.132 Y102.081
G1 F1500 X111.782 Y102.731 E205.47656
G0 F9000 X112.348 Y102.731
G1 F1500 X111.178 Y101.561 E205.53159
G0 F9000 X111.743 Y101.561
G1 F1500 X112.913 Y102.731 E205.58662
G0 F9000 X113.479 Y102.731
G1 F1500 X112.309 Y101.561 E205.64166
G0 F9000 X112.875 Y101.561
G1 F1500 X114.044 Y102.731 E205.69666
G0 F9000 X114.57 Y102.69
G1 F1500 X113.44 Y101.561 E205.74979
G0 F9000 X114.006 Y101.561
G1 F1500 X114.572 Y102.127 E205.77642
G0 F9000 X115.033 Y102.128
G0 X114.96 Y103.121
G0 X110.745 Y103.121
G0 X108.498 Y102.928
G0 X108.236 Y102.928
G1 F1500 X108.236 Y101.36 E205.82857
G1 X104.509 Y101.36 E205.95253
G1 X104.512 Y102.932 E206.00481
G1 X108.236 Y102.928 E206.12867
G0 F9000 X108.498 Y102.928
G0 X108.498 Y101.813
G0 X108.036 Y101.813
G1 F1500 X107.783 Y101.56 E206.14057
G0 F9000 X107.217 Y101.56
G1 F1500 X108.036 Y102.379 E206.1791
G0 F9000 X107.82 Y102.728
G1 F1500 X106.652 Y101.56 E206.23404
G0 F9000 X106.086 Y101.56
G1 F1500 X107.255 Y102.729 E206.28902
G0 F9000 X106.69 Y102.73
G1 F1500 X105.52 Y101.56 E206.34406
G0 F9000 X104.954 Y101.56
G1 F1500 X106.124 Y102.73 E206.39909
G0 F9000 X105.559 Y102.731
G1 F1500 X104.71 Y101.881 E206.43905
G0 F9000 X104.711 Y102.448
G1 F1500 X104.994 Y102.731 E206.45236
G0 F9000 X104.994 Y103.495
;MESH:NONMESH
G0 F300 X104.994 Y103.495 Z3.5
G0 F9000 X119.53 Y119.53
G0 X119.8 Y119.8
;TIME_ELAPSED:354.776472
;LAYER:17
;TYPE:WALL-OUTER
;MESH:xyzCalibration_cube.stl
G1 F1500 X119.8 Y100.2 E207.10426
G1 X100.2 Y100.2 E207.75616
G1 X100.2 Y119.8 E208.40805
G1 X119.8 Y119.8 E209.05995
G0 F9000 X119.4 Y119.4
;TYPE:WALL-INNER
G1 F1500 X119.4 Y100.6 E209.68524
G1 X100.6 Y100.6 E210.31053
G1 X100.6 Y119.4 E210.93582
G1 X119.4 Y119.4 E211.56112
G0 F9000 X119 Y119
G1 F1500 X119 Y101 E212.1598
G1 X101 Y101 E212.75848
G1 X101 Y119 E213.35716
G1 X119 Y119 E213.95585
G0 F9000 X118.9 Y110.341
G0 X118.219 Y110.341
;TYPE:SKIN
G1 F1449.3 X118.633 Y110.341 E213.9701
G1 X118.633 Y108.995 E214.01643
G1 X118.219 Y108.995 E214.03068
G1 X118.219 Y110.341 E214.07702
G0 F9000 X118.226 Y111.122
G1 F1376.1 X117.967 Y111.113 E214.08641
G1 F1282.1 X117.529 Y111.025 E214.1038
G1 X117.437 Y110.614 E214.12019
G1 F1260.5 X117.434 Y108.781 E214.19274
G1 F1153.8 X117.531 Y108.298 E214.21404
G1 F1209.7 X117.945 Y108.205 E214.23154
G1 F1312.9 X118.213 Y108.203 E214.24172
G0 F9000 X118.213 Y107.517
G0 X116.828 Y107.589
G0 X116.756 Y111.535
G0 X117.017 Y111.535
G1 F1500 X118.64 Y111.536 E214.2957
G1 X118.64 Y110.708 E214.32324
G1 X118.052 Y110.708 E214.3428
G1 X117.909 Y110.649 E214.34795
G1 X117.854 Y110.543 E214.35192
G1 X117.852 Y108.828 E214.40896
G1 X117.912 Y108.684 E214.41415
G1 X118.017 Y108.63 E214.41807
G1 X118.64 Y108.628 E214.4388
G1 X118.64 Y107.776 E214.46713
G1 X117.017 Y107.777 E214.52111
G1 X117.017 Y111.535 E214.64611
G0 F9000 X116.756 Y111.535
G0 X114.836 Y101.172
G0 X112.613 Y101.1
G0 X112.613 Y101.739
G1 F1554.4 X114.084 Y101.739 E214.69332
G1 F1558.4 X114.086 Y101.353 E214.70568
G1 F1554.4 X112.613 Y101.353 E214.75295
G1 X112.613 Y101.739 E214.76534
G0 F9000 X112.46 Y102.092
G1 F1500 X112.26 Y101.947 E214.77356
G1 X112.26 Y101.36 E214.79308
G1 X110.812 Y101.36 E214.84124
G1 X110.809 Y102.932 E214.89353
G1 X114.644 Y102.932 E215.02108
G1 X114.645 Y102.498 E215.03552
G1 F1190.5 X114.542 Y101.944 E215.05913
G1 X114.24 Y102.092 E215.07323
G1 F1500 X112.46 Y102.092 E215.13243
G1 F2700 E206.13243
G0 F9000 X114.826 Y102.097
G0 X114.542 Y101.944
G1 F2700 E215.13243
G1 F988.5 X114.544 Y101.464 E215.15666
G0 F9000 X114.907 Y101.465
G0 X114.833 Y103.121
G0 X113.926 Y103.193
G0 X113.926 Y102.732
G1 F1500 X114.445 Y102.213 E215.18107
G0 F9000 X113.8 Y102.291
G1 F1500 X113.36 Y102.732 E215.20179
G0 F9000 X113.235 Y102.291
G1 F1500 X112.794 Y102.732 E215.22253
G0 F9000 X112.669 Y102.291
G1 F1500 X112.228 Y102.732 E215.24327
G0 F9000 X111.663 Y102.732
G1 F1500 X112.253 Y102.142 E215.27103
G0 F9000 X112.06 Y101.769
G1 F1500 X111.097 Y102.732 E215.31632
G0 F9000 X111.011 Y102.253
G1 F1500 X111.704 Y101.56 E215.34892
G0 F9000 X111.138 Y101.56
G1 F1500 X111.012 Y101.685 E215.35482
G0 F9000 X110.552 Y101.684
G0 X108.545 Y101.172
G0 X106.572 Y101.1
G0 X106.572 Y101.736
G1 F1562.5 X106.572 Y101.352 E215.36708
G1 F1558.4 X105.258 Y101.353 E215.40915
G1 F1554.4 X105.26 Y101.739 E215.42154
G1 F1558.4 X106.572 Y101.736 E215.46354
G0 F9000 X106.759 Y102.085
G1 F1500 X105.087 Y102.092 E215.51915
G1 F1608.6 X104.937 Y101.922 E215.52618
G1 F1744.2 X104.933 Y101.331 E215.54309
G1 F1749.3 X104.591 Y101.331 E215.55284
G1 F1744.2 X104.594 Y101.952 E215.5706
G1 F1608.6 X104.623 Y102.51 E215.58793
G1 F1500 X104.624 Y102.931 E215.60194
G1 X108.356 Y102.928 E215.72606
G1 X108.356 Y101.36 E215.77821
G1 X106.924 Y101.36 E215.82584
G1 X106.924 Y101.943 E215.84523
G1 X106.759 Y102.085 E215.85247
G0 F9000 X106.76 Y103.093
G0 X107.707 Y103.191
G0 X107.707 Y102.728
G1 F1500 X108.156 Y102.279 E215.87359
G0 F9000 X108.156 Y101.713
G1 F1500 X107.141 Y102.728 E215.92134
G0 F9000 X106.574 Y102.73
G1 F1500 X107.743 Y101.56 E215.97635
G0 F9000 X107.743 Y101.1
G0 X106.454 Y101.2
G0 X106.454 Y102.284
G1 F1500 X106.008 Y102.73 E215.99732
G0 F9000 X105.886 Y102.287
G1 F1500 X105.442 Y102.731 E216.01821
G0 F9000 X105.316 Y102.29
G1 F1500 X104.876 Y102.731 E216.03893
G0 F9000 X104.797 Y102.244
G1 F1500 X104.918 Y102.123 E216.04462
G0 F9000 X104.063 Y102.123
;MESH:NONMESH
G0 F300 X104.063 Y102.123 Z3.7
G0 F9000 X104.183 Y103.378
G0 X119.53 Y119.53
G0 X119.8 Y119.8
;TIME_ELAPSED:371.879407
;LAYER:18
;TYPE:WALL-OUTER
;MESH:xyzCalibration_cube.stl
G1 F1500 X119.8 Y100.2 E216.69652
G1 X100.2 Y100.2 E217.34842
G1 X100.2 Y119.8 E218.00032
G1 X119.8 Y119.8 E218.65221
G0 F9000 X119.4 Y119.4
;TYPE:WALL-INNER
G1 F1500 X119.4 Y100.6 E219.27751
G1 X100.6 Y100.6 E219.9028
G1 X100.6 Y119.4 E220.52809
G1 X119.4 Y119.4 E221.15338
G0 F9000 X119 Y119
G1 F1500 X119 Y101 E221.75206
G1 X101 Y101 E222.35074
G1 X101 Y119 E222.94942
G1 X119 Y119 E223.54811
G0 F9000 X118.9 Y110.337
G0 X118.219 Y110.337
;TYPE:SKIN
G1 F1449.3 X118.633 Y110.337 E223.56236
G1 X118.633 Y108.991 E223.60869
G1 X118.219 Y108.991 E223.62294
G1 X118.219 Y110.337 E223.66928
G0 F9000 X118.226 Y111.118
G1 F1376.1 X117.967 Y111.109 E223.67868
G1 F1282.1 X117.529 Y111.021 E223.69606
G1 X117.437 Y110.61 E223.71245
G1 F1260.5 X117.434 Y108.777 E223.785
G1 F1153.8 X117.531 Y108.294 E223.8063
G1 F1209.7 X117.945 Y108.201 E223.8238
G1 F1312.9 X118.213 Y108.199 E223.83398
G0 F9000 X118.213 Y107.515
G0 X116.829 Y107.587
G0 X116.757 Y111.531
G0 X117.017 Y111.531
G1 F1500 X118.64 Y111.532 E223.88797
G1 X118.64 Y110.704 E223.91551
G1 X118.052 Y110.704 E223.93506
G1 X117.909 Y110.645 E223.94021
G1 X117.854 Y110.539 E223.94418
G1 X117.852 Y108.824 E224.00122
G1 X117.912 Y108.68 E224.00641
G1 X118.017 Y108.626 E224.01034
G1 X118.64 Y108.624 E224.03106
G1 X118.64 Y107.772 E224.05939
G1 X117.017 Y107.773 E224.11338
G1 X117.017 Y111.531 E224.23837
G0 F9000 X116.757 Y111.531
G0 X114.71 Y101.172
G0 X112.489 Y101.1
G0 X112.489 Y101.739
G1 F1554.4 X113.959 Y101.739 E224.28555
G1 X113.959 Y101.353 E224.29794
G1 X112.489 Y101.353 E224.34512
G1 X112.489 Y101.739 E224.35751
G0 F9000 X112.336 Y102.092
G1 F1500 X112.136 Y101.947 E224.36572
G1 X112.136 Y101.36 E224.38525
G1 X110.688 Y101.36 E224.43341
G1 X110.688 Y102.932 E224.48569
G1 X114.516 Y102.932 E224.61301
G1 X114.517 Y102.498 E224.62745
G1 F1190.5 X114.414 Y101.944 E224.65106
G1 X114.112 Y102.092 E224.66516
G1 F1500 X112.336 Y102.092 E224.72423
G1 F2700 E215.72423
G0 F9000 X114.7 Y102.097
G0 X114.414 Y101.944
G1 F2700 E224.72423
G1 F988.5 X114.416 Y101.464 E224.74845
G0 F9000 X114.145 Y102.265
G1 F1500 X114.317 Y102.437 E224.75654
G0 F9000 X114.046 Y102.732
G1 F1500 X113.606 Y102.292 E224.77724
G0 F9000 X113.48 Y102.732
G1 F1500 X113.04 Y102.292 E224.79794
G0 F9000 X112.914 Y102.732
G1 F1500 X112.475 Y102.292 E224.81861
G0 F9000 X112.349 Y102.732
G1 F1500 X111.176 Y101.56 E224.87376
G0 F9000 X110.888 Y101.837
G1 F1500 X111.783 Y102.732 E224.91586
G0 F9000 X111.217 Y102.732
G1 F1500 X110.888 Y102.402 E224.93136
G0 F9000 X110.43 Y102.402
G0 X110.502 Y101.172
G0 X111.742 Y101.1
G0 X111.742 Y101.56
G1 F1500 X111.936 Y101.753 E224.94046
G0 F9000 X111.936 Y101.1
G0 X106.688 Y101.1
G0 X106.688 Y101.736
G1 F1562.5 X106.688 Y101.352 E224.95272
G1 F1558.4 X105.37 Y101.353 E224.99491
G1 F1554.4 X105.372 Y101.739 E225.0073
G1 F1558.4 X106.688 Y101.736 E225.04943
G0 F9000 X106.875 Y102.085
G1 F1500 X105.196 Y102.092 E225.10528
G1 F1612.9 X105.046 Y101.922 E225.11229
G1 F1749.3 X105.045 Y101.331 E225.12914
G1 F1754.4 X104.703 Y101.331 E225.13887
G1 F1749.3 X104.705 Y101.952 E225.15658
G1 F1612.9 X104.735 Y102.51 E225.17387
G1 F1500 X104.736 Y102.931 E225.18787
G1 X108.472 Y102.928 E225.31213
G1 X108.472 Y101.36 E225.36428
G1 X107.04 Y101.36 E225.41191
G1 X107.04 Y101.943 E225.4313
G1 X106.875 Y102.085 E225.43854
G0 F9000 X108.635 Y102.085
G0 X108.272 Y102.05
G1 F1500 X107.783 Y101.56 E225.46156
G0 F9000 X107.24 Y101.583
G1 F1500 X108.272 Y102.615 E225.51011
G0 F9000 X107.819 Y102.728
G1 F1500 X107.159 Y102.068 E225.54115
G0 F9000 X106.808 Y102.283
G1 F1500 X107.254 Y102.728 E225.56211
G0 F9000 X106.689 Y102.729
G1 F1500 X106.246 Y102.286 E225.58294
G0 F9000 X106.123 Y102.729
G1 F1500 X105.683 Y102.289 E225.60364
G0 F9000 X105.558 Y102.73
G1 F1500 X104.887 Y102.059 E225.6352
G0 F9000 X104.174 Y102.059
;MESH:NONMESH
G0 F300 X104.174 Y102.059 Z3.9
G0 F9000 X104.294 Y103.378
G0 X119.53 Y119.53
G0 X119.8 Y119.8
;TIME_ELAPSED:388.867259
;LAYER:19
;TYPE:WALL-OUTER
;MESH:xyzCalibration_cube.stl
G1 F1500 X119.8 Y110.708 E225.9376
G1 X118.004 Y110.708 E225.99734
G1 X117.903 Y110.643 E226.00133
G1 X117.857 Y110.557 E226.00458
G1 X117.852 Y108.808 E226.06275
G1 X117.895 Y108.703 E226.06652
G1 X118.052 Y108.628 E226.07231
G1 X119.8 Y108.628 E226.13045
G1 X119.8 Y100.2 E226.41076
G1 X114.44 Y100.2 E226.58904
G1 X114.44 Y101.892 E226.64532
G1 X114.401 Y102.012 E226.64951
G1 X114.24 Y102.093 E226.65551
G1 X112.417 Y102.088 E226.71614
G1 X112.319 Y102.035 E226.71985
G1 X112.26 Y101.892 E226.72499
G1 X112.26 Y100.2 E226.78127
G1 X106.921 Y100.2 E226.95884
G1 X106.924 Y101.947 E227.01695
G1 X106.846 Y102.048 E227.02119
G1 X106.752 Y102.087 E227.02458
G1 X105.024 Y102.09 E227.08205
G1 X104.908 Y101.931 E227.0886
G1 X104.904 Y100.2 E227.14617
G1 X100.201 Y100.201 E227.30259
G1 X100.2 Y119.8 E227.95446
G1 X119.8 Y119.8 E228.60636
G0 F9000 X119.4 Y119.4
;TYPE:WALL-INNER
G1 F1500 X119.4 Y111.108 E228.88215
G1 X117.92 Y111.108 E228.93137
G1 X117.67 Y110.971 E228.94086
G1 X117.556 Y110.847 E228.94646
G1 X117.452 Y110.616 E228.95488
G1 X117.454 Y108.77 E229.01628
G1 X117.494 Y108.605 E229.02193
G1 X117.628 Y108.403 E229.02999
G1 X117.914 Y108.228 E229.04114
G1 X119.4 Y108.228 E229.09057
G1 X119.4 Y100.6 E229.34428
G1 X114.84 Y100.6 E229.49594
G1 X114.84 Y101.892 E229.53892
G1 X114.799 Y102.112 E229.54636
G1 X114.723 Y102.25 E229.5516
G1 X114.513 Y102.427 E229.56073
G1 X114.33 Y102.493 E229.5672
G1 X112.389 Y102.488 E229.63176
G1 X112.179 Y102.423 E229.63907
G1 X112.038 Y102.32 E229.64488
G1 X111.908 Y102.129 E229.65257
G1 X111.86 Y101.892 E229.66061
G1 X111.86 Y100.6 E229.70358
G1 X107.322 Y100.6 E229.85451
G1 X107.324 Y101.886 E229.89729
G1 X107.276 Y102.126 E229.90543
G1 X107.042 Y102.398 E229.91736
G1 X106.808 Y102.483 E229.92564
G1 X105.042 Y102.492 E229.98438
G1 X104.802 Y102.409 E229.99283
G1 X104.596 Y102.207 E230.00242
G1 X104.508 Y102.008 E230.00966
G1 X104.505 Y100.6 E230.05649
G1 X100.601 Y100.601 E230.18634
G1 X100.6 Y119.4 E230.81159
G1 X119.4 Y119.4 E231.43689
G0 F9000 X119 Y119
G1 F1500 X119 Y111.508 E231.68607
G1 X118.052 Y111.508 E231.7176
G1 X117.744 Y111.46 E231.72797
G1 X117.415 Y111.28 E231.74044
G1 X117.225 Y111.072 E231.74981
G1 X117.053 Y110.687 E231.76384
G1 X117.056 Y108.732 E231.82886
G1 X117.123 Y108.457 E231.83827
G1 X117.345 Y108.12 E231.8517
G1 X117.544 Y107.966 E231.86007
G1 X117.743 Y107.876 E231.86733
G1 X118.052 Y107.828 E231.87773
G1 X119 Y107.828 E231.90926
G1 X119 Y101 E232.13636
G1 X115.24 Y101 E232.26142
G1 X115.24 Y101.892 E232.29109
G1 X115.171 Y102.258 E232.30348
G1 X115.044 Y102.488 E232.31221
G1 X114.877 Y102.664 E232.32028
G1 X114.578 Y102.834 E232.33172
G1 X114.346 Y102.887 E232.33964
G1 X112.302 Y102.892 E232.40762
G1 X111.93 Y102.741 E232.42098
G1 X111.649 Y102.478 E232.43378
G1 X111.54 Y102.286 E232.44112
G1 X111.46 Y101.892 E232.45449
G1 X111.46 Y101 E232.48416
G1 X107.723 Y101 E232.60845
G1 X107.724 Y101.885 E232.63789
G1 X107.643 Y102.284 E232.65143
G1 X107.535 Y102.475 E232.65873
G1 X107.331 Y102.684 E232.66844
G1 X107.063 Y102.83 E232.67859
G1 X106.827 Y102.888 E232.68668
G1 X105.002 Y102.892 E232.74737
G1 X104.599 Y102.754 E232.76154
G1 X104.416 Y102.615 E232.76919
G1 X104.256 Y102.417 E232.77765
G1 X104.146 Y102.166 E232.78677
G1 X104.108 Y101.895 E232.79587
G1 X104.106 Y101 E232.82564
G1 X101.001 Y101.001 E232.92891
G1 X101 Y119 E233.52756
G1 X119 Y119 E234.12624
G0 F9000 X118.8 Y118.8
;MESH:NONMESH
G0 F300 X118.8 Y118.8 Z4.1
G0 F9000 X119.53 Y119.53
G0 X119.8 Y119.8
;TIME_ELAPSED:400.227753
;LAYER:20
;TYPE:WALL-OUTER
;MESH:xyzCalibration_cube.stl
G1 F1500 X119.8 Y110.704 E234.42878
G1 X118.004 Y110.704 E234.48851
G1 X117.903 Y110.639 E234.49251
G1 X117.857 Y110.553 E234.49575
G1 X117.852 Y108.806 E234.55386
G1 X117.892 Y108.703 E234.55753
G1 X118.001 Y108.624 E234.56201
G1 X119.8 Y108.624 E234.62184
G1 X119.8 Y100.2 E234.90203
G1 X114.316 Y100.2 E235.08442
G1 X114.312 Y101.948 E235.14256
G1 X114.242 Y102.045 E235.14654
G1 X114.134 Y102.091 E235.15045
G1 X112.297 Y102.089 E235.21155
G1 X112.219 Y102.055 E235.21438
G1 X112.136 Y101.947 E235.21891
G1 X112.139 Y100.2 E235.27701
G1 X107.04 Y100.2 E235.44661
G1 X107.04 Y101.938 E235.50441
G1 X106.99 Y102.022 E235.50766
G1 X106.867 Y102.087 E235.51229
G1 X105.134 Y102.09 E235.56993
G1 X105.016 Y101.933 E235.57646
G1 X105.016 Y100.2 E235.6341
G1 X100.2 Y100.2 E235.79428
G1 X100.2 Y119.8 E236.44618
G1 X119.8 Y119.8 E237.09808
G0 F9000 X119.4 Y119.4
;TYPE:WALL-INNER
G1 F1500 X119.4 Y111.104 E237.37401
G1 X117.92 Y111.104 E237.42323
G1 X117.669 Y110.967 E237.43274
G1 X117.556 Y110.843 E237.43832
G1 X117.452 Y110.612 E237.44675
G1 X117.454 Y108.772 E237.50795
G1 X117.489 Y108.615 E237.5133
G1 X117.62 Y108.407 E237.52147
G1 X117.911 Y108.224 E237.53291
G1 X119.4 Y108.224 E237.58243
G1 X119.4 Y100.6 E237.83601
G1 X114.715 Y100.6 E237.99183
G1 X114.712 Y101.894 E238.03487
G1 X114.667 Y102.122 E238.0426
G1 X114.595 Y102.25 E238.04748
G1 X114.398 Y102.42 E238.05614
G1 X114.178 Y102.489 E238.0638
G1 X112.252 Y102.492 E238.12786
G1 X112.083 Y102.437 E238.13378
G1 X111.887 Y102.291 E238.1419
G1 X111.775 Y102.107 E238.14907
G1 X111.736 Y101.89 E238.1564
G1 X111.738 Y100.6 E238.19931
G1 X107.44 Y100.6 E238.34226
G1 X107.44 Y101.888 E238.3851
G1 X107.401 Y102.104 E238.3924
G1 X107.235 Y102.34 E238.402
G1 X107.093 Y102.433 E238.40764
G1 X106.842 Y102.488 E238.41619
G1 X105.126 Y102.486 E238.47326
G1 X104.914 Y102.411 E238.48074
G1 X104.709 Y102.214 E238.4902
G1 X104.616 Y102.012 E238.49759
G1 X104.616 Y100.6 E238.54456
G1 X100.6 Y100.6 E238.67813
G1 X100.6 Y119.4 E239.30342
G1 X119.4 Y119.4 E239.92871
G0 F9000 X119 Y119
G1 F1500 X119 Y111.504 E240.17803
G1 X118.052 Y111.504 E240.20956
G1 X117.744 Y111.456 E240.21993
G1 X117.545 Y111.367 E240.22718
G1 X117.31 Y111.175 E240.23727
G1 X117.161 Y110.959 E240.246
G1 X117.053 Y110.556 E240.25988
G1 X117.055 Y108.737 E240.32038
G1 X117.113 Y108.477 E240.32924
G1 X117.332 Y108.129 E240.34291
G1 X117.54 Y107.964 E240.35174
G1 X117.741 Y107.873 E240.35908
G1 X118.052 Y107.824 E240.36955
G1 X119 Y107.824 E240.40108
G1 X119 Y101 E240.62805
G1 X115.114 Y101 E240.7573
G1 X115.112 Y101.895 E240.78707
G1 X115.037 Y102.274 E240.79992
G1 X114.916 Y102.489 E240.80812
G1 X114.759 Y102.655 E240.81572
G1 X114.466 Y102.828 E240.82704
G1 X114.222 Y102.887 E240.83539
G1 X112.206 Y102.892 E240.90244
G1 X111.951 Y102.816 E240.91129
G1 X111.676 Y102.645 E240.92206
G1 X111.491 Y102.429 E240.93152
G1 X111.401 Y102.25 E240.93818
G1 X111.336 Y101.889 E240.95038
G1 X111.337 Y101 E240.97995
G1 X107.84 Y101 E241.09626
G1 X107.84 Y101.888 E241.1258
G1 X107.774 Y102.247 E241.13794
G1 X107.684 Y102.426 E241.1446
G1 X107.499 Y102.642 E241.15406
G1 X107.261 Y102.796 E241.16349
G1 X106.843 Y102.888 E241.17773
G1 X105.113 Y102.892 E241.23527
G1 X104.713 Y102.757 E241.24931
G1 X104.531 Y102.622 E241.25684
G1 X104.371 Y102.428 E241.26521
G1 X104.259 Y102.182 E241.2742
G1 X104.216 Y101.892 E241.28395
G1 X104.216 Y101 E241.31362
G1 X101 Y101 E241.42058
G1 X101 Y119 E242.01926
G1 X119 Y119 E242.61795
G0 F9000 X118.8 Y118.8
;MESH:NONMESH
G0 F300 X118.8 Y118.8 Z4.3
G0 F9000 X119.53 Y119.53
G0 X119.8 Y119.8
;TIME_ELAPSED:411.574407
;LAYER:21
;TYPE:WALL-OUTER
;MESH:xyzCalibration_cube.stl
G1 F1500 X119.8 Y110.704 E242.92048
G1 X118.004 Y110.704 E242.98022
G1 X117.903 Y110.639 E242.98421
G1 X117.857 Y110.553 E242.98745
G1 X117.854 Y108.789 E243.04613
G1 X117.905 Y108.687 E243.04992
G1 X118.005 Y108.624 E243.05385
G1 X119.8 Y108.624 E243.11355
G1 X119.8 Y100.2 E243.39373
G1 X114.188 Y100.2 E243.58039
G1 X114.184 Y101.893 E243.6367
G1 X114.145 Y102.012 E243.64087
G1 X114.032 Y102.087 E243.64538
G1 X112.181 Y102.09 E243.70694
G1 X112.065 Y102.025 E243.71136
G1 X112.016 Y101.938 E243.71468
G1 X112.016 Y100.2 E243.77249
G1 X107.16 Y100.2 E243.934
G1 X107.16 Y101.888 E243.99014
G1 X107.091 Y102.04 E243.9957
G1 X106.985 Y102.087 E243.99955
G1 X105.298 Y102.09 E244.05566
G1 X105.16 Y102.002 E244.06111
G1 X105.128 Y101.892 E244.06492
G1 X105.128 Y100.2 E244.12119
G1 X100.2 Y100.2 E244.2851
G1 X100.2 Y119.8 E244.937
G1 X119.8 Y119.8 E245.5889
G0 F9000 X119.4 Y119.4
;TYPE:WALL-INNER
G1 F1500 X119.4 Y111.104 E245.86482
G1 X117.92 Y111.104 E245.91405
G1 X117.669 Y110.967 E245.92356
G1 X117.556 Y110.843 E245.92914
G1 X117.452 Y110.612 E245.93756
G1 X117.453 Y108.777 E245.9986
G1 X117.484 Y108.629 E246.00363
G1 X117.612 Y108.415 E246.01192
G1 X117.863 Y108.254 E246.02184
G1 X118.052 Y108.224 E246.0282
G1 X119.4 Y108.224 E246.07304
G1 X119.4 Y100.6 E246.32661
G1 X114.587 Y100.6 E246.48669
G1 X114.584 Y101.894 E246.52973
G1 X114.535 Y102.131 E246.53778
G1 X114.379 Y102.345 E246.54659
G1 X114.206 Y102.45 E246.55332
G1 X114.053 Y102.489 E246.55857
G1 X112.16 Y102.49 E246.62153
G1 X111.871 Y102.384 E246.63177
G1 X111.765 Y102.289 E246.63651
G1 X111.646 Y102.083 E246.64442
G1 X111.616 Y101.892 E246.65085
G1 X111.616 Y100.6 E246.69382
G1 X107.56 Y100.6 E246.82872
G1 X107.56 Y101.888 E246.87156
G1 X107.529 Y102.08 E246.87803
G1 X107.353 Y102.342 E246.88853
G1 X107.035 Y102.484 E246.90011
G1 X105.266 Y102.492 E246.95895
G1 X105.029 Y102.413 E246.96726
G1 X104.825 Y102.221 E246.97658
G1 X104.728 Y101.892 E246.98799
G1 X104.728 Y100.6 E247.03096
G1 X100.6 Y100.6 E247.16826
G1 X100.6 Y119.4 E247.79355
G1 X119.4 Y119.4 E248.41884
G0 F9000 X119 Y119
G1 F1500 X119 Y111.504 E248.66816
G1 X118.052 Y111.504 E248.69969
G1 X117.744 Y111.456 E248.71005
G1 X117.545 Y111.367 E248.7173
G1 X117.31 Y111.175 E248.7274
G1 X117.161 Y110.959 E248.73613
G1 X117.053 Y110.556 E248.75
G1 X117.055 Y108.745 E248.81024
G1 X117.125 Y108.409 E248.82165
G1 X117.32 Y108.142 E248.83265
G1 X117.536 Y107.967 E248.84189
G1 X117.738 Y107.874 E248.84929
G1 X118.052 Y107.824 E248.85987
G1 X119 Y107.824 E248.8914
G1 X119 Y101 E249.11836
G1 X114.986 Y101 E249.25187
G1 X114.984 Y101.895 E249.28164
G1 X114.902 Y102.289 E249.29502
G1 X114.787 Y102.489 E249.3027
G1 X114.481 Y102.76 E249.31629
G1 X114.223 Y102.864 E249.32554
G1 X113.984 Y102.893 E249.33355
G1 X112.123 Y102.888 E249.39545
G1 X111.905 Y102.843 E249.40285
G1 X111.641 Y102.711 E249.41267
G1 X111.465 Y102.553 E249.42054
G1 X111.267 Y102.21 E249.43371
G1 X111.216 Y101.892 E249.44442
G1 X111.216 Y101 E249.47409
G1 X107.96 Y101 E249.58238
G1 X107.96 Y101.888 E249.61192
G1 X107.908 Y102.207 E249.62267
G1 X107.71 Y102.55 E249.63584
G1 X107.534 Y102.708 E249.64371
G1 X107.27 Y102.839 E249.65351
G1 X107.054 Y102.888 E249.66088
G1 X105.221 Y102.892 E249.72184
G1 X104.831 Y102.76 E249.73554
G1 X104.651 Y102.628 E249.74296
G1 X104.491 Y102.44 E249.75117
G1 X104.376 Y102.199 E249.76005
G1 X104.328 Y101.892 E249.77039
G1 X104.328 Y101 E249.80006
G1 X101 Y101 E249.91075
G1 X101 Y119 E250.50943
G1 X119 Y119 E251.10811
G0 F9000 X118.8 Y118.8
;MESH:NONMESH
G0 F300 X118.8 Y118.8 Z4.5
G0 F9000 X119.53 Y119.53
G0 X119.8 Y119.8
;TIME_ELAPSED:422.917755
;LAYER:22
;TYPE:WALL-OUTER
;MESH:xyzCalibration_cube.stl
G1 F1500 X119.8 Y110.7 E251.41078
G1 X118.008 Y110.7 E251.47038
G1 X117.907 Y110.635 E251.47437
G1 X117.861 Y110.549 E251.47762
G1 X117.858 Y108.79 E251.53612
G1 X117.937 Y108.658 E251.54124
G1 X118.056 Y108.62 E251.54539
G1 X119.8 Y108.62 E251.6034
G1 X119.8 Y100.2 E251.88345
G1 X114.064 Y100.2 E252.07423
G1 X114.06 Y101.956 E252.13264
G1 X113.94 Y102.091 E252.13864
G1 X112.075 Y102.092 E252.20067
G1 X111.979 Y102.058 E252.20406
G1 X111.892 Y101.93 E252.20921
G1 X111.895 Y100.2 E252.26675
G1 X107.277 Y100.2 E252.42034
G1 X107.28 Y101.931 E252.47792
G1 X107.231 Y102.02 E252.4813
G1 X107.104 Y102.087 E252.48607
G1 X105.41 Y102.09 E252.54241
G1 X105.274 Y102.004 E252.54777
G1 X105.24 Y101.893 E252.55163
G1 X105.236 Y100.2 E252.60794
G1 X100.2 Y100.2 E252.77544
G1 X100.2 Y119.8 E253.42733
G1 X119.8 Y119.8 E254.07923
G0 F9000 X119.4 Y119.4
;TYPE:WALL-INNER
G1 F1500 X119.4 Y111.1 E254.35529
G1 X117.916 Y111.1 E254.40465
G1 X117.61 Y110.903 E254.41675
G1 X117.521 Y110.773 E254.42199
G1 X117.456 Y110.531 E254.43033
G1 X117.457 Y108.684 E254.49176
G1 X117.609 Y108.419 E254.50192
G1 X117.865 Y108.25 E254.51212
G1 X118.056 Y108.22 E254.51855
G1 X119.4 Y108.22 E254.56326
G1 X119.4 Y100.6 E254.8167
G1 X114.463 Y100.6 E254.9809
G1 X114.46 Y101.894 E255.02394
G1 X114.407 Y102.139 E255.03228
G1 X114.26 Y102.34 E255.04056
G1 X114.09 Y102.447 E255.04724
G1 X113.931 Y102.488 E255.0527
G1 X112.002 Y102.486 E255.11686
G1 X111.701 Y102.348 E255.12788
G1 X111.572 Y102.193 E255.13458
G1 X111.492 Y101.89 E255.14501
G1 X111.494 Y100.6 E255.18791
G1 X107.678 Y100.6 E255.31483
G1 X107.68 Y102 E255.3614
G1 X107.599 Y102.19 E255.36827
G1 X107.47 Y102.345 E255.37497
G1 X107.15 Y102.484 E255.38658
G1 X105.378 Y102.492 E255.44552
G1 X105.145 Y102.415 E255.45368
G1 X104.942 Y102.228 E255.46286
G1 X104.84 Y101.894 E255.47447
G1 X104.837 Y100.6 E255.51751
G1 X100.6 Y100.6 E255.65843
G1 X100.6 Y119.4 E256.28373
G1 X119.4 Y119.4 E256.90902
G0 F9000 X119 Y119
G1 F1500 X119 Y111.5 E257.15847
G1 X118.056 Y111.5 E257.18986
G1 X117.748 Y111.452 E257.20023
G1 X117.548 Y111.362 E257.20753
G1 X117.313 Y111.171 E257.2176
G1 X117.164 Y110.954 E257.22635
G1 X117.057 Y110.552 E257.24019
G1 X117.058 Y108.75 E257.30012
G1 X117.169 Y108.356 E257.31374
G1 X117.311 Y108.152 E257.32201
G1 X117.536 Y107.965 E257.33174
G1 X117.738 Y107.871 E257.33915
G1 X118.056 Y107.82 E257.34986
G1 X119 Y107.82 E257.38126
G1 X119 Y101 E257.60809
G1 X114.862 Y101 E257.74572
G1 X114.86 Y101.895 E257.77549
G1 X114.772 Y102.303 E257.78937
G1 X114.526 Y102.639 E257.80322
G1 X114.243 Y102.816 E257.81432
G1 X113.978 Y102.886 E257.82344
G1 X112.011 Y102.889 E257.88886
G1 X111.597 Y102.762 E257.90327
G1 X111.338 Y102.55 E257.9144
G1 X111.13 Y102.166 E257.92892
G1 X111.092 Y101.889 E257.93822
G1 X111.093 Y101 E257.96779
G1 X108.079 Y101 E258.06804
G1 X108.08 Y101.885 E258.09747
G1 X108.041 Y102.164 E258.10684
G1 X107.945 Y102.391 E258.11504
G1 X107.73 Y102.649 E258.12621
G1 X107.472 Y102.809 E258.13631
G1 X107.197 Y102.882 E258.14577
G1 X105.337 Y102.893 E258.20764
G1 X104.948 Y102.764 E258.22127
G1 X104.769 Y102.635 E258.2286
G1 X104.61 Y102.451 E258.23669
G1 X104.493 Y102.216 E258.24542
G1 X104.44 Y101.895 E258.25625
G1 X104.438 Y101 E258.28601
G1 X101 Y101 E258.40036
G1 X101 Y119 E258.99904
G1 X119 Y119 E259.59773
G0 F9000 X118.8 Y118.8
;MESH:NONMESH
G0 F300 X118.8 Y118.8 Z4.7
G0 F9000 X119.53 Y119.53
G0 X119.8 Y119.8
;TIME_ELAPSED:434.273696
;LAYER:23
;TYPE:WALL-OUTER
;MESH:xyzCalibration_cube.stl
G1 F1500 X119.8 Y110.7 E259.90039
G1 X118.008 Y110.7 E259.96
G1 X117.907 Y110.635 E259.96399
G1 X117.861 Y110.549 E259.96723
G1 X117.857 Y108.79 E260.02574
G1 X117.888 Y108.707 E260.02869
G1 X118.008 Y108.616 E260.03369
G1 X119.8 Y108.616 E260.0933
G1 X119.8 Y100.2 E260.37321
G1 X113.936 Y100.2 E260.56825
G1 X113.932 Y101.957 E260.62669
G1 X113.84 Y102.061 E260.63131
G1 X113.757 Y102.091 E260.63424
G1 X111.958 Y102.092 E260.69408
G1 X111.843 Y102.045 E260.69821
G1 X111.777 Y101.938 E260.70239
G1 X111.772 Y100.2 E260.7602
G1 X107.396 Y100.2 E260.90574
G1 X107.391 Y101.938 E260.96355
G1 X107.347 Y102.024 E260.96676
G1 X107.218 Y102.091 E260.9716
G1 X105.522 Y102.09 E261.02801
G1 X105.387 Y102.006 E261.0333
G1 X105.352 Y101.893 E261.03723
G1 X105.348 Y100.2 E261.09354
G1 X100.2 Y100.2 E261.26476
G1 X100.2 Y119.8 E261.91666
G1 X119.8 Y119.8 E262.56856
G0 F9000 X119.4 Y119.4
;TYPE:WALL-INNER
G1 F1500 X119.4 Y111.1 E262.84462
G1 X117.916 Y111.1 E262.89398
G1 X117.61 Y110.903 E262.90608
G1 X117.521 Y110.773 E262.91132
G1 X117.456 Y110.531 E262.91966
G1 X117.46 Y108.738 E262.97929
G1 X117.602 Y108.423 E262.99078
G1 X117.863 Y108.247 E263.00125
G1 X118.056 Y108.216 E263.00776
G1 X119.4 Y108.216 E263.05246
G1 X119.4 Y100.6 E263.30577
G1 X114.335 Y100.6 E263.47423
G1 X114.332 Y101.894 E263.51727
G1 X114.276 Y102.147 E263.52589
G1 X114.137 Y102.336 E263.53369
G1 X113.971 Y102.443 E263.54026
G1 X113.805 Y102.488 E263.54598
G1 X111.894 Y102.488 E263.60954
G1 X111.639 Y102.392 E263.6186
G1 X111.446 Y102.182 E263.62809
G1 X111.372 Y101.991 E263.6349
G1 X111.372 Y100.6 E263.68117
G1 X107.796 Y100.6 E263.8001
G1 X107.796 Y101.991 E263.84637
G1 X107.649 Y102.286 E263.85733
G1 X107.451 Y102.436 E263.86559
G1 X107.261 Y102.489 E263.87215
G1 X105.463 Y102.486 E263.93196
G1 X105.259 Y102.416 E263.93913
G1 X105.058 Y102.234 E263.94815
G1 X104.987 Y102.096 E263.95331
G1 X104.952 Y101.894 E263.96013
G1 X104.949 Y100.6 E264.00317
G1 X100.6 Y100.6 E264.14782
G1 X100.6 Y119.4 E264.77311
G1 X119.4 Y119.4 E265.3984
G0 F9000 X119 Y119
G1 F1500 X119 Y111.5 E265.64785
G1 X118.056 Y111.5 E265.67925
G1 X117.748 Y111.452 E265.68961
G1 X117.548 Y111.362 E265.69691
G1 X117.313 Y111.171 E265.70698
G1 X117.164 Y110.954 E265.71573
G1 X117.057 Y110.552 E265.72957
G1 X117.057 Y108.755 E265.78934
G1 X117.157 Y108.377 E265.80234
G1 X117.299 Y108.161 E265.81094
G1 X117.532 Y107.964 E265.82109
G1 X117.735 Y107.868 E265.82856
G1 X118.056 Y107.816 E265.83937
G1 X119 Y107.816 E265.87077
G1 X119 Y101 E266.09747
G1 X114.734 Y101 E266.23936
G1 X114.732 Y101.895 E266.26913
G1 X114.638 Y102.317 E266.28351
G1 X114.534 Y102.491 E266.29025
G1 X114.268 Y102.737 E266.3023
G1 X113.912 Y102.892 E266.31522
G1 X111.903 Y102.89 E266.38204
G1 X111.594 Y102.819 E266.39258
G1 X111.417 Y102.725 E266.39925
G1 X111.217 Y102.548 E266.40813
G1 X111.096 Y102.375 E266.41515
G1 X110.972 Y102.054 E266.4266
G1 X110.972 Y101 E266.46165
G1 X108.196 Y101 E266.55398
G1 X108.196 Y102.054 E266.58904
G1 X108.072 Y102.375 E266.60048
G1 X107.951 Y102.548 E266.60751
G1 X107.751 Y102.725 E266.61639
G1 X107.574 Y102.819 E266.62305
G1 X107.304 Y102.887 E266.63232
G1 X105.447 Y102.892 E266.69408
G1 X105.064 Y102.766 E266.70749
G1 X104.729 Y102.461 E266.72256
G1 X104.611 Y102.231 E266.73116
G1 X104.552 Y101.895 E266.7425
G1 X104.55 Y101 E266.77227
G1 X101 Y101 E266.89034
G1 X101 Y119 E267.48903
G1 X119 Y119 E268.08771
G0 F9000 X118.8 Y118.8
;MESH:NONMESH
G0 F300 X118.8 Y118.8 Z4.9
G0 F9000 X119.53 Y119.53
G0 X119.8 Y119.8
;TIME_ELAPSED:445.619156
;LAYER:24
;TYPE:WALL-OUTER
;MESH:xyzCalibration_cube.stl
G1 F1500 X119.8 Y110.696 E268.39051
G1 X118.008 Y110.696 E268.45011
G1 X117.907 Y110.631 E268.45411
G1 X117.861 Y110.545 E268.45735
G1 X117.862 Y108.764 E268.51659
G1 X118.01 Y108.616 E268.52355
G1 X119.8 Y108.616 E268.58308
G1 X119.8 Y100.2 E268.863
G1 X113.808 Y100.2 E269.0623
G1 X113.808 Y101.959 E269.1208
G1 X113.682 Y102.091 E269.12687
G1 X111.809 Y102.089 E269.18917
G1 X111.72 Y102.047 E269.19244
G1 X111.651 Y101.928 E269.19701
G1 X111.651 Y100.2 E269.25449
G1 X107.516 Y100.2 E269.39202
G1 X107.513 Y101.928 E269.44949
G1 X107.425 Y102.061 E269.4548
G1 X107.358 Y102.092 E269.45725
G1 X105.63 Y102.09 E269.51472
G1 X105.496 Y102.008 E269.51995
G1 X105.46 Y101.892 E269.52399
G1 X105.46 Y100.2 E269.58027
G1 X100.2 Y100.2 E269.75521
G1 X100.2 Y119.8 E270.40711
G1 X119.8 Y119.8 E271.05901
G0 F9000 X119.4 Y119.4
;TYPE:WALL-INNER
G1 F1500 X119.4 Y111.096 E271.3352
G1 X117.915 Y111.096 E271.38459
G1 X117.61 Y110.899 E271.39667
G1 X117.521 Y110.769 E271.40191
G1 X117.456 Y110.528 E271.41021
G1 X117.459 Y108.75 E271.46935
G1 X117.595 Y108.431 E271.48088
G1 X117.861 Y108.248 E271.49162
G1 X118.056 Y108.216 E271.4982
G1 X119.4 Y108.216 E271.5429
G1 X119.4 Y100.6 E271.79621
G1 X114.208 Y100.6 E271.96889
G1 X114.208 Y101.892 E272.01186
G1 X114.148 Y102.155 E272.02084
G1 X114.055 Y102.294 E272.0264
G1 X113.855 Y102.439 E272.03462
G1 X113.683 Y102.488 E272.04056
G1 X111.782 Y102.489 E272.10379
G1 X111.522 Y102.397 E272.11296
G1 X111.316 Y102.171 E272.12314
G1 X111.248 Y101.974 E272.13007
G1 X111.25 Y100.6 E272.17577
G1 X107.916 Y100.6 E272.28666
G1 X107.916 Y101.974 E272.33236
G1 X107.848 Y102.171 E272.33929
G1 X107.642 Y102.397 E272.34946
G1 X107.394 Y102.492 E272.35829
G1 X105.572 Y102.486 E272.41889
G1 X105.37 Y102.418 E272.42598
G1 X105.17 Y102.24 E272.43488
G1 X105.098 Y102.104 E272.44
G1 X105.06 Y101.892 E272.44717
G1 X105.06 Y100.6 E272.49014
G1 X100.6 Y100.6 E272.63848
G1 X100.6 Y119.4 E273.26377
G1 X119.4 Y119.4 E273.88906
G0 F9000 X119 Y119
G1 F1500 X119 Y111.496 E274.13864
G1 X118.056 Y111.496 E274.17004
G1 X117.747 Y111.448 E274.18044
G1 X117.418 Y111.267 E274.19293
G1 X117.229 Y111.06 E274.20225
G1 X117.117 Y110.843 E274.21038
G1 X117.057 Y110.549 E274.22036
G1 X117.061 Y108.707 E274.28162
G1 X117.146 Y108.4 E274.29222
G1 X117.288 Y108.174 E274.30109
G1 X117.528 Y107.966 E274.31166
G1 X117.732 Y107.869 E274.31917
G1 X118.056 Y107.816 E274.33009
G1 X119 Y107.816 E274.36149
G1 X119 Y101 E274.58819
G1 X114.608 Y101 E274.73427
G1 X114.608 Y101.892 E274.76394
G1 X114.507 Y102.33 E274.77889
G1 X114.353 Y102.561 E274.78812
G1 X114.162 Y102.726 E274.79651
G1 X113.796 Y102.892 E274.80988
G1 X111.79 Y102.891 E274.8766
G1 X111.38 Y102.777 E274.89075
G1 X111.091 Y102.547 E274.90304
G1 X110.962 Y102.356 E274.91071
G1 X110.848 Y102.024 E274.92238
G1 X110.849 Y101 E274.95644
G1 X108.316 Y101 E275.04069
G1 X108.316 Y102.024 E275.07475
G1 X108.202 Y102.356 E275.08642
G1 X108.073 Y102.547 E275.09409
G1 X107.784 Y102.777 E275.10637
G1 X107.454 Y102.892 E275.11799
G1 X105.557 Y102.892 E275.18109
G1 X105.177 Y102.769 E275.19437
G1 X104.844 Y102.471 E275.20924
G1 X104.724 Y102.245 E275.21775
G1 X104.66 Y101.892 E275.22968
G1 X104.66 Y101 E275.25935
G1 X101 Y101 E275.38108
G1 X101 Y119 E275.97976
G1 X119 Y119 E276.57844
G0 F9000 X118.808 Y118.92
;TYPE:FILL
G1 F3000 X118.92 Y118.808 E276.58371
G0 F9000 X117.228 Y111.325
G0 X117.228 Y107.989
G0 X118.92 Y101.191
G1 F3000 X118.809 Y101.08 E276.58893
G0 F9000 X114.434 Y102.721
G0 X104.836 Y102.721
G0 X101.191 Y101.08
G1 F3000 X101.08 Y101.191 E276.59415
G0 F9000 X101.08 Y118.808
G1 F3000 X101.191 Y118.92 E276.5994
G0 F9000 X101.2 Y118.8
;MESH:NONMESH
G0 F300 X101.2 Y118.8 Z5.1
G0 F9000 X119.53 Y119.53
G0 X119.8 Y119.8
;TIME_ELAPSED:458.574557
;LAYER:25
;TYPE:WALL-OUTER
;MESH:xyzCalibration_cube.stl
G1 F1500 X119.8 Y110.696 E276.9022
G1 X118.008 Y110.692 E276.9618
G1 X117.907 Y110.626 E276.96581
G1 X117.861 Y110.541 E276.96903
G1 X117.856 Y108.794 E277.02713
G1 X117.9 Y108.686 E277.03101
G1 X118.004 Y108.612 E277.03526
G1 X119.8 Y108.612 E277.09499
G1 X119.8 Y100.2 E277.37478
G1 X113.68 Y100.2 E277.57833
G1 X113.68 Y101.959 E277.63683
G1 X113.595 Y102.057 E277.64115
G1 X113.506 Y102.091 E277.64432
G1 X111.71 Y102.092 E277.70405
G1 X111.576 Y102.023 E277.70907
G1 X111.529 Y101.918 E277.71289
G1 X111.528 Y100.2 E277.77003
G1 X107.632 Y100.2 E277.89962
G1 X107.631 Y101.918 E277.95676
G1 X107.584 Y102.023 E277.96058
G1 X107.451 Y102.092 E277.96557
G1 X105.696 Y102.09 E278.02394
G1 X105.572 Y101.951 E278.03013
G1 X105.572 Y100.2 E278.08837
G1 X100.201 Y100.201 E278.26701
G1 X100.2 Y119.8 E278.91888
G1 X119.8 Y119.8 E279.57078
G0 F9000 X119.4 Y119.4
;TYPE:WALL-INNER
G1 F1500 X119.4 Y111.095 E279.847
G1 X118.054 Y111.092 E279.89177
G1 X117.75 Y111.009 E279.90225
G1 X117.521 Y110.765 E279.91338
G1 X117.456 Y110.524 E279.92168
G1 X117.458 Y108.758 E279.98042
G1 X117.588 Y108.435 E279.992
G1 X117.859 Y108.244 E280.00303
G1 X118.056 Y108.212 E280.00967
G1 X119.4 Y108.212 E280.05437
G1 X119.4 Y100.6 E280.30754
G1 X114.08 Y100.6 E280.48449
G1 X114.08 Y101.892 E280.52746
G1 X114.016 Y102.163 E280.53672
G1 X113.929 Y102.291 E280.54187
G1 X113.735 Y102.436 E280.54992
G1 X113.558 Y102.488 E280.55606
G1 X111.604 Y102.492 E280.62105
G1 X111.35 Y102.359 E280.63059
G1 X111.19 Y102.159 E280.63911
G1 X111.132 Y101.968 E280.64574
G1 X111.128 Y100.6 E280.69124
G1 X108.032 Y100.6 E280.79422
G1 X108.028 Y101.968 E280.83972
G1 X107.886 Y102.285 E280.85127
G1 X107.704 Y102.428 E280.85897
G1 X107.488 Y102.49 E280.86644
G1 X105.685 Y102.486 E280.92641
G1 X105.485 Y102.42 E280.93342
G1 X105.286 Y102.245 E280.94223
G1 X105.213 Y102.113 E280.94725
G1 X105.172 Y101.892 E280.95472
G1 X105.172 Y100.6 E280.9977
G1 X100.601 Y100.601 E281.14973
G1 X100.6 Y119.4 E281.77498
G1 X119.4 Y119.4 E282.40028
G0 F9000 X119 Y119
G1 F1500 X119 Y111.494 E282.64993
G1 X118.053 Y111.492 E282.68142
G1 X117.746 Y111.443 E282.69176
G1 X117.417 Y111.262 E282.70425
G1 X117.229 Y111.056 E282.71353
G1 X117.117 Y110.839 E282.72165
G1 X117.056 Y110.597 E282.72995
G1 X117.059 Y108.722 E282.79231
G1 X117.135 Y108.42 E282.80267
G1 X117.277 Y108.184 E282.81183
G1 X117.524 Y107.964 E282.82283
G1 X117.729 Y107.866 E282.83039
G1 X118.056 Y107.812 E282.84142
G1 X119 Y107.812 E282.87281
G1 X119 Y101 E283.09938
G1 X114.48 Y101 E283.24972
G1 X114.48 Y101.892 E283.27938
G1 X114.373 Y102.343 E283.2948
G1 X114.228 Y102.557 E283.3034
G1 X114.052 Y102.713 E283.31122
G1 X113.753 Y102.855 E283.32223
G1 X113.569 Y102.892 E283.32847
G1 X111.681 Y102.891 E283.39127
G1 X111.381 Y102.831 E283.40144
G1 X111.198 Y102.741 E283.40823
G1 X110.971 Y102.547 E283.41816
G1 X110.832 Y102.337 E283.42653
G1 X110.728 Y101.996 E283.43839
G1 X110.728 Y101 E283.47152
G1 X108.432 Y101 E283.54788
G1 X108.432 Y101.996 E283.58101
G1 X108.328 Y102.337 E283.59287
G1 X108.189 Y102.547 E283.60124
G1 X107.962 Y102.741 E283.61118
G1 X107.779 Y102.831 E283.61796
G1 X107.526 Y102.888 E283.62658
G1 X105.671 Y102.892 E283.68828
G1 X105.295 Y102.771 E283.70142
G1 X104.963 Y102.481 E283.71608
G1 X104.841 Y102.26 E283.72448
G1 X104.772 Y101.892 E283.73693
G1 X104.772 Y101 E283.7666
G1 X101.001 Y101.001 E283.89202
G1 X101 Y119 E284.49067
G1 X119 Y119 E285.08935
G0 F9000 X118.607 Y118.92
;TYPE:FILL
G1 F3000 X118.92 Y118.607 E285.10408
G0 F9000 X117.229 Y111.323
G0 X117.229 Y107.987
G0 X118.92 Y101.392
G1 F3000 X118.608 Y101.08 E285.11875
G0 F9000 X114.308 Y102.721
G0 X104.947 Y102.721
G0 X101.391 Y101.08
G1 F3000 X101.081 Y101.391 E285.13336
G0 F9000 X101.08 Y118.607
G1 F3000 X101.392 Y118.92 E285.14806
G0 F9000 X101.392 Y118.8
;MESH:NONMESH
G0 F300 X101.392 Y118.8 Z5.3
G0 F9000 X119.53 Y119.53
G0 X119.8 Y119.8
;TIME_ELAPSED:471.603184
;LAYER:26
;TYPE:WALL-OUTER
;MESH:xyzCalibration_cube.stl
G1 F1500 X119.8 Y110.692 E285.45099
G1 X118.008 Y110.692 E285.51059
G1 X117.907 Y110.626 E285.51461
G1 X117.861 Y110.541 E285.51782
G1 X117.86 Y108.769 E285.57676
G1 X117.92 Y108.664 E285.58078
G1 X118.008 Y108.612 E285.58418
G1 X119.8 Y108.612 E285.64378
G1 X119.8 Y100.2 E285.92357
G1 X113.556 Y100.2 E286.13124
G1 X113.552 Y101.935 E286.18895
G1 X113.503 Y102.025 E286.19236
G1 X113.379 Y102.091 E286.19703
G1 X111.551 Y102.092 E286.25783
G1 X111.456 Y102.023 E286.26173
G1 X111.408 Y101.906 E286.26594
G1 X111.408 Y100.2 E286.32268
G1 X107.752 Y100.2 E286.44428
G1 X107.752 Y101.91 E286.50115
G1 X107.704 Y102.023 E286.50524
G1 X107.609 Y102.092 E286.50914
G1 X105.855 Y102.09 E286.56748
G1 X105.723 Y102.012 E286.57258
G1 X105.684 Y101.893 E286.57675
G1 X105.68 Y100.2 E286.63306
G1 X100.2 Y100.2 E286.81532
G1 X100.2 Y119.8 E287.46722
G1 X119.8 Y119.8 E288.11912
G0 F9000 X119.4 Y119.4
;TYPE:WALL-INNER
G1 F1500 X119.4 Y111.092 E288.39544
G1 X118.056 Y111.092 E288.44015
G1 X117.75 Y111.009 E288.45069
G1 X117.521 Y110.765 E288.46182
G1 X117.456 Y110.524 E288.47012
G1 X117.457 Y108.769 E288.52849
G1 X117.582 Y108.443 E288.54011
G1 X117.857 Y108.245 E288.55138
G1 X118.056 Y108.212 E288.55809
G1 X119.4 Y108.212 E288.60279
G1 X119.4 Y100.6 E288.85596
G1 X113.955 Y100.6 E289.03707
G1 X113.952 Y102.019 E289.08426
G1 X113.803 Y102.289 E289.09452
G1 X113.615 Y102.432 E289.10238
G1 X113.431 Y102.487 E289.10876
G1 X111.565 Y102.491 E289.17083
G1 X111.299 Y102.407 E289.1801
G1 X111.064 Y102.147 E289.19176
G1 X111.01 Y101.945 E289.19872
G1 X111.008 Y100.6 E289.24345
G1 X108.152 Y100.6 E289.33844
G1 X108.15 Y101.945 E289.38318
G1 X108.096 Y102.147 E289.39013
G1 X107.861 Y102.407 E289.40179
G1 X107.604 Y102.49 E289.41077
G1 X105.798 Y102.486 E289.47084
G1 X105.6 Y102.421 E289.47777
G1 X105.402 Y102.251 E289.48645
G1 X105.329 Y102.121 E289.49141
G1 X105.284 Y101.894 E289.4991
G1 X105.281 Y100.6 E289.54214
G1 X100.6 Y100.6 E289.69783
G1 X100.6 Y119.4 E290.32312
G1 X119.4 Y119.4 E290.94841
G0 F9000 X119 Y119
G1 F1500 X119 Y111.492 E291.19813
G1 X118.056 Y111.492 E291.22953
G1 X117.747 Y111.444 E291.23993
G1 X117.417 Y111.262 E291.25246
G1 X117.229 Y111.056 E291.26174
G1 X117.117 Y110.839 E291.26986
G1 X117.056 Y110.597 E291.27816
G1 X117.058 Y108.652 E291.34285
G1 X117.182 Y108.324 E291.35452
G1 X117.38 Y108.074 E291.36512
G1 X117.725 Y107.867 E291.37851
G1 X118.056 Y107.812 E291.38967
G1 X119 Y107.812 E291.42106
G1 X119 Y101 E291.64763
G1 X114.354 Y101 E291.80216
G1 X114.352 Y101.895 E291.83193
G1 X114.314 Y102.168 E291.84109
G1 X114.103 Y102.553 E291.8557
G1 X113.789 Y102.792 E291.86882
G1 X113.447 Y102.892 E291.88067
G1 X111.537 Y102.89 E291.9442
G1 X111.314 Y102.849 E291.95174
G1 X110.91 Y102.636 E291.96693
G1 X110.702 Y102.316 E291.97962
G1 X110.611 Y101.979 E291.99123
G1 X110.608 Y101 E292.0238
G1 X108.552 Y101 E292.09218
G1 X108.549 Y101.979 E292.12474
G1 X108.458 Y102.316 E292.13635
G1 X108.308 Y102.547 E292.14551
G1 X108.067 Y102.75 E292.15599
G1 X107.846 Y102.849 E292.16405
G1 X107.638 Y102.889 E292.17109
G1 X105.786 Y102.892 E292.23269
G1 X105.411 Y102.774 E292.24576
G1 X105.082 Y102.49 E292.26022
G1 X104.959 Y102.273 E292.26852
G1 X104.884 Y101.895 E292.28133
G1 X104.882 Y101 E292.3111
G1 X101 Y101 E292.44022
G1 X101 Y119 E293.0389
G1 X119 Y119 E293.63758
G0 F9000 X118.408 Y118.92
;TYPE:FILL
G1 F3000 X118.92 Y118.408 E293.66167
G0 F9000 X117.229 Y111.321
G0 X117.229 Y107.985
G0 X118.92 Y101.591
G1 F3000 X118.408 Y101.08 E293.68573
G0 F9000 X114.181 Y102.721
G0 X105.058 Y102.721
G0 X101.591 Y101.08
G1 F3000 X101.08 Y101.591 E293.70976
G0 F9000 X101.08 Y118.408
G1 F3000 X101.591 Y118.92 E293.73382
G0 F9000 X101.591 Y118.8
;MESH:NONMESH
G0 F300 X101.591 Y118.8 Z5.5
G0 F9000 X119.53 Y119.53
G0 X119.8 Y119.8
;TIME_ELAPSED:484.683352
;LAYER:27
;TYPE:WALL-OUTER
;MESH:xyzCalibration_cube.stl
G1 F1500 X119.8 Y110.692 E294.03675
G1 X118.008 Y110.688 E294.09636
G1 X117.907 Y110.622 E294.10037
G1 X117.861 Y110.537 E294.10358
G1 X117.859 Y108.769 E294.16239
G1 X117.927 Y108.654 E294.16683
G1 X118.008 Y108.608 E294.16993
G1 X119.8 Y108.608 E294.22953
G1 X119.8 Y100.2 E294.50918
G1 X113.428 Y100.2 E294.72112
G1 X113.428 Y101.96 E294.77965
G1 X113.255 Y102.091 E294.78687
G1 X111.407 Y102.092 E294.84834
G1 X111.284 Y101.955 E294.85446
G1 X111.284 Y100.2 E294.91283
G1 X107.869 Y100.2 E295.02641
G1 X107.872 Y101.955 E295.08479
G1 X107.749 Y102.092 E295.09091
G1 X105.967 Y102.09 E295.15018
G1 X105.837 Y102.014 E295.15519
G1 X105.796 Y101.893 E295.15944
G1 X105.792 Y100.2 E295.21575
G1 X100.2 Y100.2 E295.40174
G1 X100.2 Y119.8 E296.05364
G1 X119.8 Y119.8 E296.70553
G0 F9000 X119.4 Y119.4
;TYPE:WALL-INNER
G1 F1500 X119.4 Y111.091 E296.98189
G1 X118.054 Y111.088 E297.02666
G1 X117.75 Y111.005 E297.03714
G1 X117.61 Y110.89 E297.04317
G1 X117.456 Y110.589 E297.05441
G1 X117.456 Y108.777 E297.11468
G1 X117.492 Y108.601 E297.12066
G1 X117.576 Y108.448 E297.12646
G1 X117.732 Y108.302 E297.13357
G1 X118.056 Y108.208 E297.14479
G1 X119.4 Y108.208 E297.18949
G1 X119.4 Y100.6 E297.44253
G1 X113.828 Y100.6 E297.62786
G1 X113.828 Y102.018 E297.67502
G1 X113.681 Y102.287 E297.68522
G1 X113.498 Y102.429 E297.69292
G1 X113.309 Y102.487 E297.6995
G1 X111.453 Y102.492 E297.76123
G1 X111.184 Y102.413 E297.77055
G1 X111.031 Y102.287 E297.77715
G1 X110.934 Y102.134 E297.78317
G1 X110.886 Y101.945 E297.78966
G1 X110.884 Y100.6 E297.83439
G1 X108.27 Y100.6 E297.92133
G1 X108.27 Y101.945 E297.96607
G1 X108.222 Y102.134 E297.97255
G1 X108.125 Y102.287 E297.97858
G1 X107.972 Y102.413 E297.98517
G1 X107.72 Y102.491 E297.99395
G1 X105.911 Y102.486 E298.05411
G1 X105.715 Y102.423 E298.06096
G1 X105.519 Y102.256 E298.06953
G1 X105.444 Y102.129 E298.07443
G1 X105.396 Y101.894 E298.08241
G1 X105.393 Y100.6 E298.12545
G1 X100.6 Y100.6 E298.28486
G1 X100.6 Y119.4 E298.91015
G1 X119.4 Y119.4 E299.53544
G0 F9000 X119 Y119
G1 F1500 X119 Y111.49 E299.78523
G1 X118.053 Y111.488 E299.81673
G1 X117.746 Y111.439 E299.82707
G1 X117.417 Y111.258 E299.83955
G1 X117.229 Y111.052 E299.84883
G1 X117.085 Y110.731 E299.86053
G1 X117.056 Y110.525 E299.86745
G1 X117.057 Y108.664 E299.92935
G1 X117.172 Y108.339 E299.94081
G1 X117.414 Y108.04 E299.95361
G1 X117.722 Y107.864 E299.96541
G1 X118.056 Y107.808 E299.97667
G1 X119 Y107.808 E300.00807
G1 X119 Y101 E300.2345
G1 X114.228 Y101 E300.39322
G1 X114.228 Y101.892 E300.42289
G1 X114.188 Y102.175 E300.4324
G1 X113.983 Y102.549 E300.44658
G1 X113.678 Y102.786 E300.45943
G1 X113.321 Y102.892 E300.47181
G1 X111.433 Y102.891 E300.53461
G1 X111.065 Y102.801 E300.54721
G1 X110.73 Y102.55 E300.56113
G1 X110.568 Y102.295 E300.57118
G1 X110.487 Y101.979 E300.58203
G1 X110.484 Y101 E300.61459
G1 X108.671 Y101 E300.67489
G1 X108.669 Y101.979 E300.70745
G1 X108.588 Y102.295 E300.7183
G1 X108.426 Y102.55 E300.72835
G1 X108.091 Y102.801 E300.74228
G1 X107.786 Y102.892 E300.75286
G1 X105.899 Y102.892 E300.81562
G1 X105.528 Y102.777 E300.82854
G1 X105.201 Y102.499 E300.84282
G1 X105.077 Y102.287 E300.85099
G1 X104.996 Y101.895 E300.8643
G1 X104.994 Y101 E300.89407
G1 X101 Y101 E301.02691
G1 X101 Y119 E301.62559
G1 X119 Y119 E302.22427
G0 F9000 X118.207 Y118.92
;TYPE:FILL
G1 F3000 X118.92 Y118.207 E302.25781
G0 F9000 X117.229 Y111.319
G0 X117.229 Y107.983
G0 X118.92 Y101.792
G1 F3000 X118.207 Y101.08 E302.29132
G0 F9000 X114.055 Y102.721
G0 X105.169 Y102.721
G0 X101.792 Y101.08
G1 F3000 X101.08 Y101.792 E302.32481
G0 F9000 X101.08 Y118.207
G1 F3000 X101.792 Y118.92 E302.35833
G0 F9000 X101.792 Y118.8
;MESH:NONMESH
G0 F300 X101.792 Y118.8 Z5.7
G0 F9000 X119.53 Y119.53
G0 X119.8 Y119.8
;TIME_ELAPSED:497.827057
;LAYER:28
;TYPE:WALL-OUTER
;MESH:xyzCalibration_cube.stl
G1 F1500 X119.8 Y110.688 E302.66139
G1 X118.008 Y110.688 E302.721
G1 X117.907 Y110.622 E302.72501
G1 X117.861 Y110.537 E302.72822
G1 X117.858 Y108.773 E302.7869
G1 X117.893 Y108.69 E302.78989
G1 X118.003 Y108.608 E302.79445
G1 X119.8 Y108.608 E302.85422
G1 X119.8 Y100.2 E303.13387
G1 X113.304 Y100.2 E303.34993
G1 X113.3 Y101.893 E303.40624
G1 X113.225 Y102.049 E303.412
G1 X113.128 Y102.091 E303.41551
G1 X111.311 Y102.091 E303.47595
G1 X111.217 Y102.028 E303.47971
G1 X111.164 Y101.91 E303.48401
G1 X111.164 Y100.2 E303.54089
G1 X107.988 Y100.2 E303.64652
G1 X107.988 Y101.958 E303.70499
G1 X107.862 Y102.091 E303.71109
G1 X106.076 Y102.091 E303.77049
G1 X105.977 Y102.048 E303.77408
G1 X105.904 Y101.952 E303.77809
G1 X105.904 Y100.2 E303.83636
G1 X100.2 Y100.2 E304.02608
G1 X100.2 Y119.8 E304.67798
G1 X119.8 Y119.8 E305.32988
G0 F9000 X119.4 Y119.4
;TYPE:WALL-INNER
G1 F1500 X119.4 Y111.088 E305.60634
G1 X118.056 Y111.088 E305.65104
G1 X117.75 Y111.005 E305.66158
G1 X117.61 Y110.89 E305.66761
G1 X117.456 Y110.589 E305.67885
G1 X117.456 Y108.788 E305.73876
G1 X117.487 Y108.615 E305.7446
G1 X117.569 Y108.456 E305.75055
G1 X117.729 Y108.304 E305.75789
G1 X118.056 Y108.208 E305.76923
G1 X119.4 Y108.208 E305.81393
G1 X119.4 Y100.6 E306.06697
G1 X113.703 Y100.6 E306.25645
G1 X113.7 Y102.021 E306.30372
G1 X113.555 Y102.285 E306.31373
G1 X113.377 Y102.425 E306.32127
G1 X113.183 Y102.487 E306.32804
G1 X111.287 Y102.488 E306.3911
G1 X111.013 Y102.38 E306.4009
G1 X110.819 Y102.145 E306.41103
G1 X110.766 Y101.945 E306.41791
G1 X110.764 Y100.6 E306.46265
G1 X108.388 Y100.6 E306.54168
G1 X108.386 Y101.945 E306.58641
G1 X108.333 Y102.145 E306.59329
G1 X108.139 Y102.38 E306.60343
G1 X107.871 Y102.487 E306.61303
G1 X106.02 Y102.487 E306.67459
G1 X105.826 Y102.425 E306.68136
G1 X105.63 Y102.261 E306.68986
G1 X105.555 Y102.137 E306.69468
G1 X105.504 Y101.892 E306.70301
G1 X105.504 Y100.6 E306.74598
G1 X100.6 Y100.6 E306.90909
G1 X100.6 Y119.4 E307.53438
G1 X119.4 Y119.4 E308.15967
G0 F9000 X119 Y119
G1 F1500 X119 Y111.488 E308.40952
G1 X118.056 Y111.488 E308.44092
G1 X117.747 Y111.44 E308.45132
G1 X117.417 Y111.258 E308.46385
G1 X117.229 Y111.052 E308.47313
G1 X117.085 Y110.731 E308.48483
G1 X117.056 Y110.527 E308.49168
G1 X117.056 Y108.679 E308.55315
G1 X117.162 Y108.359 E308.56436
G1 X117.363 Y108.086 E308.57563
G1 X117.719 Y107.866 E308.58955
G1 X118.056 Y107.808 E308.60093
G1 X119 Y107.808 E308.63232
G1 X119 Y101 E308.85876
G1 X114.102 Y101 E309.02167
G1 X114.1 Y101.895 E309.05144
G1 X114.057 Y102.185 E309.06119
G1 X113.974 Y102.379 E309.0682
G1 X113.721 Y102.677 E309.08121
G1 X113.395 Y102.848 E309.09345
G1 X113.198 Y102.892 E309.10016
G1 X111.269 Y102.892 E309.16432
G1 X110.889 Y102.773 E309.17757
G1 X110.63 Y102.572 E309.18847
G1 X110.456 Y102.313 E309.19885
G1 X110.367 Y101.979 E309.21035
G1 X110.364 Y101 E309.24291
G1 X108.788 Y101 E309.29533
G1 X108.785 Y101.979 E309.32789
G1 X108.696 Y102.313 E309.33938
G1 X108.522 Y102.572 E309.34976
G1 X108.185 Y102.811 E309.3635
G1 X107.894 Y102.892 E309.37355
G1 X106.004 Y102.892 E309.43641
G1 X105.641 Y102.779 E309.44906
G1 X105.315 Y102.507 E309.46318
G1 X105.19 Y102.299 E309.47125
G1 X105.104 Y101.892 E309.48508
G1 X105.104 Y101 E309.51475
G1 X101 Y101 E309.65125
G1 X101 Y119 E310.24993
G1 X119 Y119 E310.84862
G0 F9000 X118.008 Y118.92
;TYPE:FILL
G1 F3000 X118.92 Y118.008 E310.89151
G0 F9000 X117.229 Y111.317
G0 X117.23 Y107.981
G0 X118.92 Y101.992
G1 F3000 X118.008 Y101.08 E310.93441
G0 F9000 X113.928 Y102.722
G0 X105.28 Y102.723
G0 X101.991 Y101.08
G1 F3000 X101.08 Y101.991 E310.97726
G0 F9000 X101.08 Y118.008
G1 F3000 X101.992 Y118.92 E311.02016
G0 F9000 X101.992 Y118.8
;MESH:NONMESH
G0 F300 X101.992 Y118.8 Z5.9
G0 F9000 X119.53 Y119.53
G0 X119.8 Y119.8
;TIME_ELAPSED:510.996547
;LAYER:29
;TYPE:WALL-OUTER
;MESH:xyzCalibration_cube.stl
G1 F1500 X119.8 Y110.688 E311.32323
G1 X118.008 Y110.684 E311.38283
G1 X117.907 Y110.618 E311.38684
G1 X117.858 Y110.513 E311.3907
G1 X117.858 Y108.774 E311.44854
G1 X117.891 Y108.689 E311.45157
G1 X118.002 Y108.604 E311.45622
G1 X119.8 Y108.604 E311.51602
G1 X119.8 Y100.2 E311.79554
G1 X113.176 Y100.2 E312.01585
G1 X113.172 Y101.937 E312.07363
G1 X113.125 Y102.022 E312.07686
G1 X113.001 Y102.09 E312.08156
G1 X111.184 Y102.085 E312.14199
G1 X111.098 Y102.034 E312.14532
G1 X111.04 Y101.91 E312.14987
G1 X111.04 Y100.2 E312.20675
G1 X108.108 Y100.2 E312.30427
G1 X108.108 Y101.91 E312.36114
G1 X108.05 Y102.034 E312.36569
G1 X107.941 Y102.09 E312.36977
G1 X106.188 Y102.091 E312.42807
G1 X106.09 Y102.049 E312.43162
G1 X106.016 Y101.953 E312.43565
G1 X106.016 Y100.2 E312.49396
G1 X100.2 Y100.2 E312.6874
G1 X100.2 Y119.8 E313.3393
G1 X119.8 Y119.8 E313.9912
G0 F9000 X119.4 Y119.4
;TYPE:WALL-INNER
G1 F1500 X119.4 Y111.087 E314.26769
G1 X118.054 Y111.084 E314.31246
G1 X117.75 Y111.001 E314.32294
G1 X117.521 Y110.757 E314.33407
G1 X117.462 Y110.571 E314.34056
G1 X117.456 Y108.74 E314.40146
G1 X117.563 Y108.46 E314.41143
G1 X117.727 Y108.302 E314.419
G1 X118.056 Y108.204 E314.43042
G1 X119.4 Y108.204 E314.47512
G1 X119.4 Y100.6 E314.72803
G1 X113.575 Y100.6 E314.92177
G1 X113.572 Y101.894 E314.96481
G1 X113.493 Y102.191 E314.97503
G1 X113.354 Y102.356 E314.98221
G1 X113.057 Y102.486 E314.99299
G1 X111.092 Y102.489 E315.05835
G1 X110.815 Y102.316 E315.06921
G1 X110.703 Y102.16 E315.0756
G1 X110.642 Y101.945 E315.08303
G1 X110.64 Y100.6 E315.12776
G1 X108.508 Y100.6 E315.19867
G1 X108.506 Y101.945 E315.24341
G1 X108.445 Y102.16 E315.25084
G1 X108.333 Y102.316 E315.25723
G1 X108.057 Y102.488 E315.26805
G1 X106.132 Y102.487 E315.33207
G1 X105.941 Y102.426 E315.33874
G1 X105.746 Y102.266 E315.34713
G1 X105.671 Y102.144 E315.35189
G1 X105.616 Y101.892 E315.36047
G1 X105.616 Y100.6 E315.40344
G1 X100.6 Y100.6 E315.57028
G1 X100.6 Y119.4 E316.19557
G1 X119.4 Y119.4 E316.82086
G0 F9000 X119 Y119
G1 F1500 X119 Y111.486 E317.07077
G1 X118.053 Y111.484 E317.10227
G1 X117.746 Y111.435 E317.11261
G1 X117.417 Y111.254 E317.1251
G1 X117.229 Y111.048 E317.13438
G1 X117.118 Y110.831 E317.14248
G1 X117.056 Y110.59 E317.15076
G1 X117.056 Y108.703 E317.21352
G1 X117.101 Y108.506 E317.22024
G1 X117.235 Y108.232 E317.23039
G1 X117.508 Y107.967 E317.24304
G1 X117.716 Y107.863 E317.25078
G1 X118.056 Y107.804 E317.26225
G1 X119 Y107.804 E317.29365
G1 X119 Y101 E317.51995
G1 X113.974 Y101 E317.68712
G1 X113.972 Y101.895 E317.71689
G1 X113.926 Y102.193 E317.72692
G1 X113.84 Y102.39 E317.73407
G1 X113.608 Y102.664 E317.74601
G1 X113.445 Y102.774 E317.75255
G1 X113.068 Y102.892 E317.76569
G1 X111.076 Y102.892 E317.83194
G1 X110.684 Y102.724 E317.84613
G1 X110.532 Y102.599 E317.85267
G1 X110.345 Y102.339 E317.86332
G1 X110.243 Y101.979 E317.87577
G1 X110.24 Y101 E317.90833
G1 X108.908 Y101 E317.95263
G1 X108.905 Y101.979 E317.98519
G1 X108.803 Y102.339 E317.99764
G1 X108.616 Y102.599 E318.00829
G1 X108.28 Y102.821 E318.02169
G1 X107.995 Y102.892 E318.03145
G1 X106.118 Y102.892 E318.09388
G1 X105.758 Y102.782 E318.1064
G1 X105.433 Y102.516 E318.12037
G1 X105.308 Y102.312 E318.12833
G1 X105.216 Y101.892 E318.14263
G1 X105.216 Y101 E318.1723
G1 X101 Y101 E318.31252
G1 X101 Y119 E318.91121
G1 X119 Y119 E319.50989
G0 F9000 X117.808 Y118.92
;TYPE:FILL
G1 F3000 X118.92 Y117.808 E319.56219
G0 F9000 X117.23 Y111.315
G0 X117.23 Y107.978
G0 X118.921 Y102.192
G1 F3000 X117.809 Y101.08 E319.6145
G0 F9000 X113.802 Y102.722
G0 X105.391 Y102.723
G0 X102.19 Y101.08
G1 F3000 X101.08 Y102.19 E319.66671
G0 F9000 X101.08 Y117.808
G1 F3000 X102.191 Y118.92 E319.71899
G0 F9000 X102.191 Y118.8
;MESH:NONMESH
G0 F300 X102.191 Y118.8 Z6.1
G0 F9000 X119.53 Y119.53
G0 X119.8 Y119.8
;TIME_ELAPSED:524.193170
;LAYER:30
;TYPE:WALL-OUTER
;MESH:xyzCalibration_cube.stl
G1 F1500 X119.8 Y110.684 E320.02219
G1 X118.008 Y110.684 E320.08179
G1 X117.907 Y110.618 E320.08581
G1 X117.858 Y110.513 E320.08966
G1 X117.857 Y108.777 E320.1474
G1 X117.914 Y108.662 E320.15167
G1 X118.006 Y108.604 E320.15529
G1 X119.8 Y108.604 E320.21495
G1 X119.8 Y100.2 E320.49447
G1 X113.052 Y100.2 E320.71891
G1 X113.048 Y101.973 E320.77788
G1 X112.898 Y102.09 E320.78421
G1 X111.1 Y102.092 E320.84401
G1 X111.014 Y102.063 E320.84703
G1 X110.92 Y101.91 E320.853
G1 X110.92 Y100.2 E320.90988
G1 X108.225 Y100.2 E320.99951
G1 X108.228 Y101.91 E321.05639
G1 X108.134 Y102.063 E321.06236
G1 X108.051 Y102.091 E321.06527
G1 X106.257 Y102.091 E321.12494
G1 X106.128 Y101.96 E321.13106
G1 X106.124 Y100.2 E321.1896
G1 X100.201 Y100.201 E321.38659
G1 X100.2 Y119.8 E322.03846
G1 X119.8 Y119.8 E322.69036
G0 F9000 X119.4 Y119.4
;TYPE:WALL-INNER
G1 F1500 X119.4 Y111.084 E322.96695
G1 X118.056 Y111.084 E323.01165
G1 X117.75 Y111.001 E323.0222
G1 X117.521 Y110.757 E323.03333
G1 X117.462 Y110.571 E323.03982
G1 X117.461 Y108.725 E323.10122
G1 X117.508 Y108.557 E323.10702
G1 X117.654 Y108.357 E323.11525
G1 X117.85 Y108.24 E323.12285
G1 X118.056 Y108.204 E323.1298
G1 X119.4 Y108.204 E323.1745
G1 X119.4 Y100.6 E323.42741
G1 X113.451 Y100.6 E323.62528
G1 X113.448 Y101.894 E323.66832
G1 X113.365 Y102.197 E323.67877
G1 X113.139 Y102.418 E323.68928
G1 X112.934 Y102.486 E323.69646
G1 X111.062 Y102.49 E323.75873
G1 X110.804 Y102.403 E323.76778
G1 X110.592 Y102.177 E323.77809
G1 X110.522 Y101.945 E323.78615
G1 X110.52 Y100.6 E323.83088
G1 X108.626 Y100.6 E323.89388
G1 X108.626 Y101.945 E323.93861
G1 X108.556 Y102.177 E323.94667
G1 X108.436 Y102.333 E323.95322
G1 X108.166 Y102.489 E323.96359
G1 X106.245 Y102.487 E324.02748
G1 X106.055 Y102.427 E324.03411
G1 X105.862 Y102.271 E324.04236
G1 X105.786 Y102.151 E324.04709
G1 X105.728 Y101.894 E324.05585
G1 X105.725 Y100.6 E324.09889
G1 X100.601 Y100.601 E324.26931
G1 X100.6 Y119.4 E324.89457
G1 X119.4 Y119.4 E325.51986
G0 F9000 X119 Y119
G1 F1500 X119 Y111.484 E325.76985
G1 X118.056 Y111.484 E325.80124
G1 X117.747 Y111.436 E325.81164
G1 X117.417 Y111.254 E325.82418
G1 X117.229 Y111.048 E325.83345
G1 X117.118 Y110.831 E325.84156
G1 X117.056 Y110.59 E325.84984
G1 X117.056 Y108.712 E325.9123
G1 X117.143 Y108.393 E325.9233
G1 X117.347 Y108.097 E325.93525
G1 X117.712 Y107.864 E325.94966
G1 X118.056 Y107.804 E325.96127
G1 X119 Y107.804 E325.99267
G1 X119 Y101 E326.21897
G1 X113.85 Y101 E326.39026
G1 X113.848 Y101.895 E326.42003
G1 X113.8 Y102.201 E326.43033
G1 X113.71 Y102.4 E326.43759
G1 X113.498 Y102.653 E326.44857
G1 X113.332 Y102.768 E326.45529
G1 X112.947 Y102.892 E326.46874
G1 X111.023 Y102.888 E326.53273
G1 X110.824 Y102.848 E326.53949
G1 X110.496 Y102.698 E326.55148
G1 X110.24 Y102.367 E326.5654
G1 X110.123 Y101.979 E326.57888
G1 X110.12 Y101 E326.61144
G1 X109.027 Y101 E326.64779
G1 X109.025 Y101.979 E326.68036
G1 X108.908 Y102.367 E326.69383
G1 X108.708 Y102.626 E326.70472
G1 X108.554 Y102.743 E326.71115
G1 X108.228 Y102.892 E326.72307
G1 X106.231 Y102.892 E326.78949
G1 X105.874 Y102.784 E326.8019
G1 X105.552 Y102.524 E326.81566
G1 X105.425 Y102.324 E326.82354
G1 X105.328 Y101.895 E326.83817
G1 X105.326 Y101 E326.86794
G1 X101.001 Y101.001 E327.01179
G1 X101 Y119 E327.61044
G1 X119 Y119 E328.20912
G0 F9000 X117.607 Y118.92
;TYPE:FILL
G1 F3000 X118.92 Y117.607 E328.27088
G0 F9000 X117.23 Y111.312
G0 X117.23 Y107.976
G0 X118.921 Y102.393
G1 F3000 X117.608 Y101.08 E328.33264
G0 F9000 X113.675 Y102.722
G0 X105.502 Y102.722
G0 X102.391 Y101.08
G1 F3000 X101.081 Y102.39 E328.39426
G0 F9000 X101.08 Y117.607
G1 F3000 X102.392 Y118.92 E328.45599
G0 F9000 X102.392 Y118.8
;MESH:NONMESH
G0 F300 X102.392 Y118.8 Z6.3
G0 F9000 X119.53 Y119.53
G0 X119.8 Y119.8
;TIME_ELAPSED:537.445989
;LAYER:31
;TYPE:WALL-OUTER
;MESH:xyzCalibration_cube.stl
G1 F1500 X119.8 Y110.68 E328.75933
G1 X118.008 Y110.68 E328.81893
G1 X117.907 Y110.614 E328.82294
G1 X117.858 Y110.51 E328.82677
G1 X117.857 Y108.775 E328.88447
G1 X117.944 Y108.633 E328.89001
G1 X118.056 Y108.6 E328.89389
G1 X119.8 Y108.6 E328.9519
G1 X119.8 Y100.2 E329.23129
G1 X112.924 Y100.2 E329.45998
G1 X112.92 Y101.938 E329.51779
G1 X112.874 Y102.021 E329.52094
G1 X112.76 Y102.089 E329.52536
G1 X110.949 Y102.092 E329.58559
G1 X110.796 Y101.973 E329.59204
G1 X110.799 Y100.2 E329.65101
G1 X108.344 Y100.2 E329.73266
G1 X108.344 Y101.91 E329.78954
G1 X108.274 Y102.045 E329.7946
G1 X108.164 Y102.092 E329.79858
G1 X106.37 Y102.091 E329.85824
G1 X106.24 Y101.961 E329.86436
G1 X106.236 Y100.2 E329.92293
G1 X100.201 Y100.201 E330.12366
G1 X100.201 Y119.799 E330.77549
G1 X119.8 Y119.8 E331.42735
G0 F9000 X119.4 Y119.4
;TYPE:WALL-INNER
G1 F1500 X119.4 Y111.08 E331.70408
G1 X117.923 Y111.08 E331.7532
G1 X117.672 Y110.942 E331.76273
G1 X117.56 Y110.819 E331.76826
G1 X117.456 Y110.586 E331.77675
G1 X117.46 Y108.727 E331.83858
G1 X117.598 Y108.411 E331.85005
G1 X117.848 Y108.237 E331.86018
G1 X118.056 Y108.2 E331.86721
G1 X119.4 Y108.2 E331.91191
G1 X119.4 Y100.6 E332.16468
G1 X113.323 Y100.6 E332.36681
G1 X113.32 Y102.037 E332.4146
G1 X113.119 Y102.341 E332.42672
G1 X112.909 Y102.462 E332.43478
G1 X112.777 Y102.49 E332.43927
G1 X110.943 Y102.49 E332.50027
G1 X110.699 Y102.414 E332.50877
G1 X110.478 Y102.196 E332.5191
G1 X110.398 Y101.944 E332.52789
G1 X110.398 Y100.6 E332.57259
G1 X108.744 Y100.6 E332.6276
G1 X108.742 Y101.944 E332.67231
G1 X108.662 Y102.196 E332.6811
G1 X108.441 Y102.414 E332.69142
G1 X108.203 Y102.49 E332.69973
G1 X106.358 Y102.487 E332.7611
G1 X106.17 Y102.429 E332.76764
G1 X105.978 Y102.276 E332.77581
G1 X105.902 Y102.158 E332.78048
G1 X105.84 Y101.894 E332.7895
G1 X105.837 Y100.6 E332.83253
G1 X100.601 Y100.601 E333.00668
G1 X100.601 Y119.399 E333.63191
G1 X119.4 Y119.4 E334.25717
G0 F9000 X119 Y119
G1 F1500 X119 Y111.48 E334.50728
G1 X118.056 Y111.48 E334.53868
G1 X117.747 Y111.432 E334.54908
G1 X117.417 Y111.25 E334.56161
G1 X117.229 Y111.044 E334.57089
G1 X117.118 Y110.828 E334.57897
G1 X117.056 Y110.587 E334.58724
G1 X117.056 Y108.716 E334.64947
G1 X117.158 Y108.359 E334.66182
G1 X117.294 Y108.152 E334.67006
G1 X117.5 Y107.968 E334.67925
G1 X117.709 Y107.861 E334.68706
G1 X118.056 Y107.8 E334.69878
G1 X119 Y107.8 E334.73017
G1 X119 Y101 E334.95634
G1 X113.722 Y101 E335.13189
G1 X113.72 Y101.895 E335.16166
G1 X113.669 Y102.209 E335.17224
G1 X113.487 Y102.536 E335.18468
G1 X113.274 Y102.726 E335.19418
G1 X113.035 Y102.842 E335.20301
G1 X112.814 Y102.888 E335.21052
G1 X110.907 Y102.889 E335.27395
G1 X110.673 Y102.839 E335.28191
G1 X110.347 Y102.654 E335.29437
G1 X110.133 Y102.398 E335.30547
G1 X109.999 Y101.979 E335.3201
G1 X109.997 Y101 E335.35267
G1 X109.144 Y101 E335.38104
G1 X109.141 Y101.979 E335.4136
G1 X109.007 Y102.398 E335.42823
G1 X108.793 Y102.654 E335.43933
G1 X108.467 Y102.839 E335.45179
G1 X108.243 Y102.888 E335.45942
G1 X106.347 Y102.892 E335.52248
G1 X105.99 Y102.786 E335.53487
G1 X105.67 Y102.532 E335.54846
G1 X105.543 Y102.336 E335.55622
G1 X105.44 Y101.895 E335.57129
G1 X105.438 Y101 E335.60105
G1 X101.001 Y101.001 E335.74863
G1 X101.001 Y118.999 E336.34725
G1 X119 Y119 E336.9459
G0 F9000 X117.408 Y118.92
;TYPE:FILL
G1 F3000 X118.92 Y117.408 E337.01702
G0 F9000 X117.23 Y111.31
G0 X117.23 Y107.974
G0 X118.921 Y102.592
G1 F3000 X117.409 Y101.08 E337.08813
G0 F9000 X113.549 Y102.722
G0 X105.613 Y102.722
G0 X102.591 Y101.08
G1 F3000 X101.081 Y102.59 E337.15916
G0 F9000 X101.081 Y117.409
G1 F3000 X102.59 Y118.918 E337.23014
G0 F9000 X102.59 Y118.8
;MESH:NONMESH
G0 F300 X102.59 Y118.8 Z6.5
G0 F9000 X119.53 Y119.53
G0 X119.8 Y119.8
;TIME_ELAPSED:550.727219
;LAYER:32
;TYPE:WALL-OUTER
;MESH:xyzCalibration_cube.stl
G1 F1500 X119.8 Y110.68 E337.53347
G1 X118.008 Y110.68 E337.59307
G1 X117.907 Y110.614 E337.59709
G1 X117.858 Y110.51 E337.60091
G1 X117.857 Y108.777 E337.65855
G1 X117.901 Y108.672 E337.66234
G1 X118.002 Y108.6 E337.66646
G1 X119.8 Y108.6 E337.72626
G1 X119.8 Y100.2 E338.00565
G1 X112.796 Y100.2 E338.2386
G1 X112.796 Y101.942 E338.29654
G1 X112.732 Y102.04 E338.30044
G1 X112.616 Y102.092 E338.30466
G1 X110.859 Y102.092 E338.3631
G1 X110.753 Y102.05 E338.36689
G1 X110.676 Y101.91 E338.37221
G1 X110.676 Y100.2 E338.42908
G1 X108.464 Y100.2 E338.50265
G1 X108.464 Y101.91 E338.55953
G1 X108.387 Y102.05 E338.56484
G1 X108.282 Y102.092 E338.5686
G1 X106.478 Y102.091 E338.62861
G1 X106.348 Y101.962 E338.6347
G1 X106.348 Y100.2 E338.6933
G1 X100.2 Y100.2 E338.89779
G1 X100.201 Y119.799 E339.54965
G1 X119.8 Y119.8 E340.20152
G0 F9000 X119.4 Y119.4
;TYPE:WALL-INNER
G1 F1500 X119.4 Y111.08 E340.47824
G1 X117.923 Y111.08 E340.52737
G1 X117.672 Y110.942 E340.53689
G1 X117.56 Y110.819 E340.54243
G1 X117.456 Y110.587 E340.55088
G1 X117.459 Y108.733 E340.61255
G1 X117.593 Y108.417 E340.62396
G1 X117.845 Y108.237 E340.63426
G1 X118.056 Y108.2 E340.64139
G1 X119.4 Y108.2 E340.68609
G1 X119.4 Y100.6 E340.93887
G1 X113.196 Y100.6 E341.14521
G1 X113.196 Y101.892 E341.18818
G1 X113.164 Y102.086 E341.19472
G1 X113.003 Y102.334 E341.20456
G1 X112.788 Y102.461 E341.21286
G1 X112.654 Y102.49 E341.21742
G1 X110.827 Y102.491 E341.27819
G1 X110.507 Y102.366 E341.28962
G1 X110.371 Y102.216 E341.29635
G1 X110.278 Y101.945 E341.30588
G1 X110.276 Y100.6 E341.35061
G1 X108.864 Y100.6 E341.39758
G1 X108.862 Y101.945 E341.44231
G1 X108.769 Y102.216 E341.45184
G1 X108.633 Y102.366 E341.45858
G1 X108.316 Y102.49 E341.4699
G1 X106.467 Y102.487 E341.5314
G1 X106.281 Y102.43 E341.53787
G1 X106.09 Y102.28 E341.54594
G1 X106.013 Y102.165 E341.55055
G1 X105.948 Y101.892 E341.55988
G1 X105.948 Y100.6 E341.60285
G1 X100.6 Y100.6 E341.78073
G1 X100.601 Y119.399 E342.40599
G1 X119.4 Y119.4 E343.03124
G0 F9000 X119 Y119
G1 F1500 X119 Y111.48 E343.28136
G1 X118.056 Y111.48 E343.31276
G1 X117.747 Y111.432 E343.32316
G1 X117.417 Y111.25 E343.33569
G1 X117.229 Y111.044 E343.34497
G1 X117.118 Y110.828 E343.35304
G1 X117.056 Y110.586 E343.36135
G1 X117.062 Y108.689 E343.42445
G1 X117.109 Y108.477 E343.43167
G1 X117.285 Y108.162 E343.44367
G1 X117.496 Y107.971 E343.45314
G1 X117.705 Y107.863 E343.46096
G1 X118.056 Y107.8 E343.47282
G1 X119 Y107.8 E343.50422
G1 X119 Y101 E343.73039
G1 X113.596 Y101 E343.91013
G1 X113.596 Y101.892 E343.9398
G1 X113.543 Y102.216 E343.95072
G1 X113.446 Y102.42 E343.95823
G1 X113.222 Y102.691 E343.96992
G1 X112.916 Y102.84 E343.98124
G1 X112.692 Y102.888 E343.98886
G1 X110.713 Y102.889 E344.05468
G1 X110.319 Y102.745 E344.06864
G1 X110.034 Y102.432 E344.08272
G1 F1315.8 X109.825 Y101.984 E344.10146
G1 F1181.1 X109.823 Y101.053 E344.14079
G1 F1185.8 X109.317 Y101.053 E344.16208
G1 F1181.1 X109.315 Y101.984 E344.2014
G1 F1315.8 X109.106 Y102.432 E344.22015
G1 F1500 X108.821 Y102.745 E344.23422
G1 X108.433 Y102.887 E344.24797
G1 X106.456 Y102.892 E344.31372
G1 X106.103 Y102.788 E344.32596
G1 X105.784 Y102.538 E344.33944
G1 X105.656 Y102.346 E344.34712
G1 X105.548 Y101.892 E344.36264
G1 X105.548 Y101 E344.39231
G1 X101 Y101 E344.54357
G1 X101.001 Y118.999 E345.14222
G1 X119 Y119 E345.74087
G0 F9000 X117.207 Y118.92
;TYPE:FILL
G1 F3000 X118.92 Y117.207 E345.82145
G0 F9000 X117.231 Y111.308
G0 X117.231 Y107.972
G0 X118.921 Y102.793
G1 F3000 X117.207 Y101.08 E345.90204
G0 F9000 X113.423 Y102.722
G0 X105.723 Y102.722
G0 X102.792 Y101.08
G1 F3000 X101.081 Y102.791 E345.98252
G0 F9000 X101.08 Y117.208
G1 F3000 X102.791 Y118.918 E346.06298
G0 F9000 X102.791 Y118.8
;MESH:NONMESH
G0 F300 X102.791 Y118.8 Z6.7
G0 F9000 X119.53 Y119.53
G0 X119.8 Y119.8
;TIME_ELAPSED:564.026111
;LAYER:33
;TYPE:WALL-OUTER
;MESH:xyzCalibration_cube.stl
G1 F1500 X119.8 Y110.676 E346.36645
G1 X118.008 Y110.676 E346.42605
G1 X117.907 Y110.61 E346.43006
G1 X117.858 Y110.506 E346.43389
G1 X117.856 Y108.776 E346.49143
G1 X117.943 Y108.63 E346.49708
G1 X118.056 Y108.596 E346.501
G1 X119.8 Y108.596 E346.55901
G1 X119.8 Y100.2 E346.83826
G1 X112.668 Y100.2 E347.07547
G1 X112.668 Y101.942 E347.13341
G1 X112.518 Y102.092 E347.14047
G1 X110.704 Y102.087 E347.2008
G1 X110.622 Y102.045 E347.20386
G1 X110.552 Y101.91 E347.20892
G1 X110.555 Y100.201 E347.26576
G1 X108.581 Y100.201 E347.33142
G1 X108.58 Y101.91 E347.38826
G1 X108.51 Y102.045 E347.39332
G1 X108.395 Y102.092 E347.39745
G1 X106.633 Y102.091 E347.45606
G1 X106.508 Y102.023 E347.46079
G1 X106.46 Y101.934 E347.46415
G1 X106.46 Y100.2 E347.52182
G1 X100.2 Y100.2 E347.73003
G1 X100.201 Y119.799 E348.3819
G1 X119.8 Y119.8 E349.03376
G0 F9000 X119.4 Y119.4
;TYPE:WALL-INNER
G1 F1500 X119.4 Y111.076 E349.31062
G1 X118.056 Y111.076 E349.35532
G1 X117.75 Y110.993 E349.36587
G1 X117.521 Y110.749 E349.377
G1 X117.456 Y110.505 E349.3854
G1 X117.458 Y108.736 E349.44423
G1 X117.541 Y108.486 E349.453
G1 X117.648 Y108.355 E349.45862
G1 X117.844 Y108.234 E349.46628
G1 X118.056 Y108.196 E349.47345
G1 X119.4 Y108.196 E349.51815
G1 X119.4 Y100.6 E349.77079
G1 X113.068 Y100.6 E349.98139
G1 X113.068 Y101.892 E350.02437
G1 X112.975 Y102.215 E350.03555
G1 X112.804 Y102.39 E350.04368
G1 X112.526 Y102.49 E350.05351
G1 X110.668 Y102.487 E350.11531
G1 X110.457 Y102.415 E350.12272
G1 X110.235 Y102.198 E350.13305
G1 X110.154 Y101.944 E350.14192
G1 X110.154 Y100.601 E350.18658
G1 X108.981 Y100.601 E350.2256
G1 X108.978 Y101.944 E350.27027
G1 X108.897 Y102.198 E350.27913
G1 X108.768 Y102.35 E350.28576
G1 X108.573 Y102.461 E350.29323
G1 X108.424 Y102.491 E350.29828
G1 X106.579 Y102.487 E350.35965
G1 X106.395 Y102.431 E350.36604
G1 X106.205 Y102.284 E350.37403
G1 X106.06 Y102.014 E350.38423
G1 X106.06 Y100.6 E350.43126
G1 X100.6 Y100.6 E350.61286
G1 X100.601 Y119.399 E351.23812
G1 X119.4 Y119.4 E351.86337
G0 F9000 X119 Y119
G1 F1500 X119 Y111.476 E352.11362
G1 X118.056 Y111.476 E352.14502
G1 X117.747 Y111.428 E352.15542
G1 X117.417 Y111.246 E352.16795
G1 X117.229 Y111.04 E352.17723
G1 X117.118 Y110.824 E352.18531
G1 X117.056 Y110.582 E352.19362
G1 X117.06 Y108.696 E352.25635
G1 X117.199 Y108.28 E352.27093
G1 X117.376 Y108.062 E352.28027
G1 X117.702 Y107.86 E352.29303
G1 X118.056 Y107.796 E352.30499
G1 X119 Y107.796 E352.33639
G1 X119 Y101 E352.56243
G1 X113.468 Y101 E352.74642
G1 X113.468 Y101.892 E352.77609
G1 X113.412 Y102.223 E352.78726
G1 X113.312 Y102.429 E352.79487
G1 X113.028 Y102.722 E352.80844
G1 X112.794 Y102.838 E352.81713
G1 X112.565 Y102.888 E352.82493
G1 X110.585 Y102.892 E352.89078
G1 X110.26 Y102.763 E352.90241
G1 X110.106 Y102.656 E352.90865
G1 X109.89 Y102.401 E352.91976
G1 F1519 X109.76 Y101.979 E352.93427
G1 F1546.4 X109.76 Y100.994 E352.96605
G1 F1554.4 X109.374 Y100.994 E352.97843
G1 F1546.4 X109.372 Y101.979 E353.01021
G1 F1519 X109.242 Y102.401 E353.02472
G1 F1500 X109.026 Y102.656 E353.03583
G1 X108.701 Y102.84 E353.04825
G1 X108.453 Y102.89 E353.05667
G1 X106.569 Y102.892 E353.11933
G1 X106.219 Y102.79 E353.13145
G1 X105.902 Y102.546 E353.14476
G1 X105.698 Y102.167 E353.15908
G1 X105.66 Y101.892 E353.16831
G1 X105.66 Y101 E353.19798
G1 X101 Y101 E353.35297
G1 X101.001 Y118.999 E353.95162
G1 X119 Y119 E354.55027
G0 F9000 X117.008 Y118.92
;TYPE:FILL
G1 F3000 X118.92 Y117.008 E354.6402
G0 F9000 X117.231 Y111.306
G0 X117.231 Y107.97
G0 X118.92 Y102.992
G1 F3000 X117.008 Y101.08 E354.73014
G0 F9000 X113.296 Y102.723
G0 X105.834 Y102.722
G0 X102.991 Y101.08
G1 F3000 X101.081 Y102.99 E354.81998
G0 F9000 X101.08 Y117.008
G1 F3000 X102.99 Y118.918 E354.90982
G0 F9000 X102.99 Y118.8
;MESH:NONMESH
G0 F300 X102.99 Y118.8 Z6.9
G0 F9000 X119.53 Y119.53
G0 X119.8 Y119.8
;TIME_ELAPSED:577.333817
;LAYER:34
;TYPE:WALL-OUTER
;MESH:xyzCalibration_cube.stl
G1 F1500 X119.8 Y110.676 E355.21328
G1 X118.008 Y110.676 E355.27289
G1 X117.907 Y110.61 E355.2769
G1 X117.858 Y110.506 E355.28072
G1 X117.859 Y108.758 E355.33886
G1 X117.918 Y108.65 E355.34295
G1 X118.005 Y108.596 E355.34636
G1 X119.8 Y108.596 E355.40606
G1 X119.8 Y100.2 E355.68531
G1 X112.544 Y100.2 E355.92665
G1 X112.54 Y101.893 E355.98296
G1 X112.508 Y102.002 E355.98674
G1 X112.36 Y102.092 E355.9925
G1 X110.589 Y102.088 E356.0514
G1 X110.464 Y102.002 E356.05645
G1 X110.432 Y101.91 E356.05969
G1 X110.432 Y100.2 E356.11656
G1 X108.7 Y100.2 E356.17417
G1 X108.7 Y101.91 E356.23104
G1 X108.668 Y102.002 E356.23428
G1 X108.543 Y102.092 E356.23941
G1 X106.745 Y102.091 E356.29921
G1 X106.621 Y102.025 E356.30388
G1 X106.572 Y101.934 E356.30732
G1 X106.572 Y100.2 E356.36499
G1 X100.2 Y100.2 E356.57693
G1 X100.201 Y119.799 E357.22879
G1 X119.8 Y119.8 E357.88066
G0 F9000 X119.4 Y119.4
;TYPE:WALL-INNER
G1 F1500 X119.4 Y111.076 E358.15751
G1 X118.056 Y111.076 E358.20222
G1 X117.75 Y110.993 E358.21276
G1 X117.521 Y110.749 E358.22389
G1 X117.456 Y110.505 E358.23229
G1 X117.456 Y108.718 E358.29173
G1 X117.583 Y108.425 E358.30235
G1 X117.841 Y108.235 E358.313
G1 X118.056 Y108.196 E358.32027
G1 X119.4 Y108.196 E358.36497
G1 X119.4 Y100.6 E358.61762
G1 X112.943 Y100.6 E358.83238
G1 X112.94 Y101.894 E358.87542
G1 X112.843 Y102.22 E358.88673
G1 X112.682 Y102.386 E358.89442
G1 X112.399 Y102.49 E358.90445
G1 X110.541 Y102.486 E358.96625
G1 X110.269 Y102.37 E358.97608
G1 X110.13 Y102.222 E358.98283
G1 X110.034 Y101.945 E358.99258
G1 X110.032 Y100.6 E359.03732
G1 X109.1 Y100.6 E359.06832
G1 X109.098 Y101.945 E359.11305
G1 X109.002 Y102.222 E359.1228
G1 X108.772 Y102.428 E359.13307
G1 X108.576 Y102.488 E359.13989
G1 X106.692 Y102.487 E359.20255
G1 X106.509 Y102.432 E359.20891
G1 X106.321 Y102.289 E359.21676
G1 X106.172 Y102.018 E359.22705
G1 X106.172 Y100.6 E359.27421
G1 X100.6 Y100.6 E359.45954
G1 X100.601 Y119.399 E360.0848
G1 X119.4 Y119.4 E360.71005
G0 F9000 X119 Y119
G1 F1500 X119 Y111.476 E360.9603
G1 X118.056 Y111.476 E360.9917
G1 X117.747 Y111.428 E361.0021
G1 X117.417 Y111.246 E361.01464
G1 X117.229 Y111.04 E361.02391
G1 X117.118 Y110.824 E361.03199
G1 X117.056 Y110.583 E361.04027
G1 X117.056 Y108.665 E361.10406
G1 X117.134 Y108.408 E361.11299
G1 X117.269 Y108.178 E361.12186
G1 X117.487 Y107.973 E361.13181
G1 X117.699 Y107.861 E361.13979
G1 X118.056 Y107.796 E361.15186
G1 X119 Y107.796 E361.18326
G1 X119 Y101 E361.40929
G1 X113.342 Y101 E361.59748
G1 X113.34 Y101.895 E361.62725
G1 X113.281 Y102.232 E361.63862
G1 X113.178 Y102.439 E361.64631
G1 X112.909 Y102.715 E361.65913
G1 X112.671 Y102.836 E361.66801
G1 X112.438 Y102.888 E361.67595
G1 X110.481 Y102.892 E361.74104
G1 X110.083 Y102.749 E361.75511
G1 X109.796 Y102.442 E361.76909
G1 F1276.6 X109.566 Y101.985 E361.78908
G1 X109.336 Y102.442 E361.80908
G1 F1500 X109.049 Y102.749 E361.82305
G1 X108.655 Y102.891 E361.83698
G1 X106.677 Y102.892 E361.90277
G1 X106.335 Y102.792 E361.91462
G1 X106.02 Y102.553 E361.92777
G1 X105.812 Y102.175 E361.94212
G1 X105.772 Y101.892 E361.95163
G1 X105.772 Y101 E361.9813
G1 X101 Y101 E362.14002
G1 X101.001 Y118.999 E362.73867
G1 X119 Y119 E363.33731
G0 F9000 X109.805 Y102.722
G0 X109.566 Y101.985
G1 F1119.4 X109.566 Y101.066 E363.37827
G0 F9000 X109.329 Y102.72
G0 X105.945 Y102.724
G0 X103.192 Y101.08
;TYPE:FILL
G1 F3000 X101.081 Y103.191 E363.47757
G0 F9000 X101.08 Y116.808
G1 F3000 X103.191 Y118.918 E363.57684
G0 F9000 X116.807 Y118.92
G1 F3000 X118.92 Y116.807 E363.67623
G0 F9000 X117.231 Y111.304
G0 X117.231 Y107.968
G0 X118.92 Y103.192
G1 F3000 X116.808 Y101.08 E363.77557
G0 F9000 X116.808 Y101.2
;MESH:NONMESH
G0 F300 X116.808 Y101.2 Z7.1
G0 F9000 X117.631 Y110.904
G0 X119.53 Y119.53
G0 X119.8 Y119.8
;TIME_ELAPSED:591.124912
;LAYER:35
;TYPE:WALL-OUTER
;MESH:xyzCalibration_cube.stl
G1 F1500 X119.8 Y110.672 E364.07917
G1 X118.012 Y110.672 E364.13864
G1 X117.911 Y110.606 E364.14265
G1 X117.862 Y110.502 E364.14647
G1 X117.866 Y108.739 E364.20511
G1 X118.004 Y108.592 E364.21182
G1 X119.8 Y108.592 E364.27155
G1 X119.8 Y100.2 E364.55067
G1 X112.416 Y100.2 E364.79627
G1 X112.416 Y101.892 E364.85254
G1 X112.383 Y102.003 E364.85639
G1 X112.236 Y102.092 E364.86211
G1 X110.468 Y102.088 E364.92091
G1 X110.351 Y102.012 E364.92555
G1 X110.312 Y101.91 E364.92919
G1 X110.312 Y100.2 E364.98606
G1 X108.817 Y100.2 E365.03578
G1 X108.82 Y101.91 E365.09266
G1 X108.781 Y102.012 E365.09629
G1 X108.654 Y102.09 E365.10125
G1 X106.857 Y102.091 E365.16102
G1 X106.734 Y102.026 E365.16564
G1 X106.684 Y101.937 E365.16904
G1 X106.68 Y100.2 E365.22681
G1 X100.2 Y100.2 E365.44234
G1 X100.201 Y119.799 E366.0942
G1 X119.8 Y119.8 E366.74607
G0 F9000 X119.4 Y119.4
;TYPE:WALL-INNER
G1 F1500 X119.4 Y111.072 E367.02306
G1 X117.919 Y111.072 E367.07232
G1 X117.613 Y110.874 E367.08444
G1 X117.525 Y110.745 E367.08963
G1 X117.46 Y110.502 E367.098
G1 X117.46 Y108.722 E367.1572
G1 X117.582 Y108.428 E367.16779
G1 X117.843 Y108.232 E367.17865
G1 X118.06 Y108.192 E367.18599
G1 X119.4 Y108.192 E367.23055
G1 X119.4 Y100.6 E367.48306
G1 X112.816 Y100.6 E367.70205
G1 X112.816 Y101.892 E367.74502
G1 X112.716 Y102.225 E367.75659
G1 X112.563 Y102.382 E367.76388
G1 X112.276 Y102.49 E367.77408
G1 X110.423 Y102.486 E367.83571
G1 X110.177 Y102.39 E367.84449
G1 X110.03 Y102.25 E367.85124
G1 F1263.2 X109.839 Y101.951 E367.86526
G1 F1094.9 X109.839 Y100.673 E367.92349
G1 F1096.9 X109.291 Y100.673 E367.94841
G1 F1094.9 X109.293 Y101.951 E368.00665
G1 F1263.2 X109.102 Y102.25 E368.02066
G1 F1500 X108.955 Y102.39 E368.02741
G1 X108.702 Y102.492 E368.03649
G1 X106.805 Y102.487 E368.09958
G1 X106.624 Y102.433 E368.10586
G1 X106.436 Y102.292 E368.11368
G1 X106.284 Y102.021 E368.12401
G1 X106.281 Y100.6 E368.17128
G1 X100.6 Y100.6 E368.36023
G1 X100.601 Y119.399 E368.98548
G1 X119.4 Y119.4 E369.61074
G0 F9000 X119 Y119
G1 F1500 X119 Y111.472 E369.86112
G1 X118.06 Y111.472 E369.89239
G1 X117.75 Y111.423 E369.90283
G1 X117.42 Y111.241 E369.91536
G1 X117.233 Y111.035 E369.92462
G1 X117.122 Y110.82 E369.93266
G1 X117.061 Y110.583 E369.9408
G1 X117.06 Y108.674 E370.0043
G1 X117.13 Y108.423 E370.01296
G1 X117.264 Y108.185 E370.02205
G1 X117.487 Y107.972 E370.0323
G1 X117.699 Y107.859 E370.04029
G1 X118.06 Y107.792 E370.05251
G1 X119 Y107.792 E370.08377
G1 X119 Y101 E370.30967
G1 X113.216 Y101 E370.50205
G1 X113.216 Y101.892 E370.53172
G1 X113.155 Y102.238 E370.5434
G1 X113.048 Y102.447 E370.55121
G1 X112.794 Y102.709 E370.56335
G1 X112.552 Y102.835 E370.57242
G1 X112.315 Y102.888 E370.5805
G1 X110.418 Y102.892 E370.6436
G1 X110.102 Y102.805 E370.6545
G1 X109.953 Y102.722 E370.66017
G1 X109.709 Y102.489 E370.67139
G1 X109.566 Y102.11 E370.68487
G1 X109.423 Y102.489 E370.69834
G1 X109.123 Y102.776 E370.71215
G1 X108.755 Y102.892 E370.72498
G1 X106.789 Y102.892 E370.79037
G1 X106.451 Y102.794 E370.80207
G1 X106.138 Y102.559 E370.81509
G1 X105.927 Y102.184 E370.8294
G1 X105.884 Y101.895 E370.83912
G1 X105.882 Y101 E370.86889
G1 X101 Y101 E371.03127
G1 X101.001 Y118.999 E371.62992
G1 X119 Y119 E372.22856
G0 F9000 X116.608 Y118.92
;TYPE:FILL
G1 F3000 X118.92 Y116.608 E372.33731
G0 F9000 X117.232 Y111.302
G0 X117.232 Y107.965
G0 X118.92 Y103.392
G1 F3000 X116.608 Y101.08 E372.44606
G0 F9000 X113.043 Y102.723
G0 X106.058 Y102.724
G0 X103.391 Y101.08
G1 F3000 X101.081 Y103.39 E372.55472
G0 F9000 X101.08 Y116.608
G1 F3000 X103.39 Y118.918 E372.66337
G0 F9000 X103.39 Y118.8
;MESH:NONMESH
G0 F300 X103.39 Y118.8 Z7.3
G0 F9000 X119.53 Y119.53
G0 X119.8 Y119.8
;TIME_ELAPSED:604.397508
;LAYER:36
;TYPE:WALL-OUTER
;MESH:xyzCalibration_cube.stl
G1 F1500 X119.8 Y110.672 E372.96697
G1 X118.013 Y110.668 E373.02641
G1 X117.894 Y110.581 E373.03131
G1 X117.862 Y110.498 E373.03427
G1 X117.865 Y108.739 E373.09277
G1 X118.004 Y108.588 E373.0996
G1 X119.8 Y108.588 E373.15934
G1 X119.8 Y100.2 E373.43832
G1 X112.292 Y100.2 E373.68804
G1 X112.288 Y101.947 E373.74614
G1 X112.206 Y102.055 E373.75065
G1 X112.088 Y102.092 E373.75477
G1 X110.349 Y102.089 E373.81261
G1 X110.235 Y102.022 E373.81701
G1 X110.188 Y101.91 E373.82105
G1 X110.188 Y100.2 E373.87792
G1 X108.936 Y100.2 E373.91956
G1 X108.936 Y101.91 E373.97644
G1 X108.889 Y102.022 E373.98048
G1 X108.77 Y102.09 E373.98503
G1 X106.969 Y102.091 E374.04494
G1 X106.848 Y102.027 E374.04949
G1 X106.796 Y101.936 E374.05298
G1 X106.792 Y100.2 E374.11071
G1 X100.2 Y100.2 E374.32997
G1 X100.2 Y119.8 E374.98186
G1 X119.8 Y119.8 E375.63376
G0 F9000 X119.4 Y119.4
;TYPE:WALL-INNER
G1 F1500 X119.4 Y111.071 E375.91079
G1 X117.917 Y111.068 E375.96011
G1 X117.613 Y110.87 E375.97218
G1 X117.525 Y110.741 E375.97737
G1 X117.46 Y110.499 E375.98571
G1 X117.466 Y108.702 E376.04547
G1 X117.578 Y108.43 E376.05526
G1 X117.841 Y108.229 E376.06627
G1 X118.06 Y108.188 E376.07368
G1 X119.4 Y108.188 E376.11825
G1 X119.4 Y100.6 E376.37063
G1 X112.691 Y100.6 E376.59377
G1 X112.688 Y101.894 E376.63681
G1 X112.65 Y102.105 E376.64394
G1 X112.44 Y102.379 E376.65542
G1 X112.148 Y102.489 E376.6658
G1 X110.317 Y102.492 E376.7267
G1 X110.084 Y102.41 E376.73491
G1 X109.931 Y102.282 E376.74155
G1 F1449.3 X109.776 Y101.946 E376.75428
G1 F1401.9 X109.775 Y100.613 E376.80172
G1 F1408.5 X109.349 Y100.613 E376.81681
G1 F1401.9 X109.348 Y101.946 E376.86425
G1 F1449.3 X109.193 Y102.282 E376.87699
G1 F1500 X109.04 Y102.41 E376.88363
G1 X108.795 Y102.49 E376.8922
G1 X106.917 Y102.487 E376.95466
G1 X106.738 Y102.435 E376.96086
G1 X106.552 Y102.296 E376.96858
G1 X106.396 Y102.024 E376.97901
G1 X106.393 Y100.6 E377.02637
G1 X100.6 Y100.6 E377.21905
G1 X100.6 Y119.4 E377.84434
G1 X119.4 Y119.4 E378.46963
G0 F9000 X119 Y119
G1 F1500 X119 Y111.47 E378.72008
G1 X118.057 Y111.468 E378.75145
G1 X117.749 Y111.419 E378.76182
G1 X117.419 Y111.237 E378.77435
G1 X117.233 Y111.031 E378.78358
G1 X117.122 Y110.816 E378.79163
G1 X117.061 Y110.58 E378.79974
G1 X117.06 Y108.685 E378.86277
G1 X117.123 Y108.436 E378.87131
G1 X117.256 Y108.192 E378.88055
G1 X117.473 Y107.977 E378.89071
G1 X117.695 Y107.856 E378.89912
G1 X118.06 Y107.788 E378.91147
G1 X119 Y107.788 E378.94274
G1 X119 Y101 E379.1685
G1 X113.09 Y101 E379.36507
G1 X113.088 Y101.895 E379.39484
G1 X113.024 Y102.246 E379.40671
G1 X112.915 Y102.456 E379.41458
G1 X112.675 Y102.703 E379.42603
G1 X112.429 Y102.833 E379.43529
G1 X112.188 Y102.887 E379.4435
G1 X110.271 Y102.886 E379.50726
G1 X109.939 Y102.803 E379.51864
G1 X109.626 Y102.541 E379.53222
G1 X109.562 Y102.387 E379.53776
G1 X109.498 Y102.541 E379.54331
G1 X109.183 Y102.804 E379.55696
G1 X108.834 Y102.888 E379.5689
G1 X106.904 Y102.892 E379.63309
G1 X106.567 Y102.796 E379.64475
G1 X106.256 Y102.566 E379.65761
G1 X106.041 Y102.191 E379.67199
G1 X105.996 Y101.895 E379.68195
G1 X105.994 Y101 E379.71171
G1 X101 Y101 E379.87782
G1 X101 Y119 E380.4765
G1 X119 Y119 E381.07518
G0 F9000 X116.408 Y118.92
;TYPE:FILL
G1 F3000 X118.92 Y116.408 E381.19334
G0 F9000 X117.232 Y111.299
G0 X117.232 Y107.963
G0 X118.92 Y103.591
G1 F3000 X116.409 Y101.08 E381.31145
G0 F9000 X112.917 Y102.723
G0 X106.169 Y102.723
G0 X103.59 Y101.08
G1 F3000 X101.08 Y103.59 E381.42951
G0 F9000 X101.08 Y116.408
G1 F3000 X103.591 Y118.92 E381.54764
G0 F9000 X103.591 Y118.8
;MESH:NONMESH
G0 F300 X103.591 Y118.8 Z7.5
G0 F9000 X119.53 Y119.53
G0 X119.8 Y119.8
;TIME_ELAPSED:617.652670
;LAYER:37
;TYPE:WALL-OUTER
;MESH:xyzCalibration_cube.stl
G1 F1500 X119.8 Y110.668 E381.85137
G1 X118.014 Y110.668 E381.91078
G1 X117.894 Y110.581 E381.91571
G1 X117.862 Y110.498 E381.91867
G1 X117.861 Y108.763 E381.97637
G1 X117.897 Y108.67 E381.97969
G1 X118.004 Y108.588 E381.98417
G1 X119.8 Y108.588 E382.04391
G1 X119.8 Y100.2 E382.32289
G1 X112.164 Y100.2 E382.57687
G1 X112.16 Y101.95 E382.63507
G1 X112.036 Y102.092 E382.64134
G1 X110.228 Y102.089 E382.70148
G1 X110.126 Y102.034 E382.70533
G1 X110.068 Y101.91 E382.70989
G1 X110.068 Y100.2 E382.76676
G1 X109.056 Y100.2 E382.80042
G1 X109.056 Y101.91 E382.85729
G1 X108.998 Y102.034 E382.86185
G1 X108.905 Y102.087 E382.86541
G1 X107.078 Y102.091 E382.92617
G1 X106.957 Y102.028 E382.93071
G1 X106.904 Y101.938 E382.93419
G1 X106.904 Y100.2 E382.99199
G1 X100.2 Y100.2 E383.21497
G1 X100.2 Y119.8 E383.86687
G1 X119.8 Y119.8 E384.51876
G0 F9000 X119.4 Y119.4
;TYPE:WALL-INNER
G1 F1500 X119.4 Y111.068 E384.79589
G1 X118.06 Y111.068 E384.84046
G1 X117.753 Y110.985 E384.85103
G1 X117.525 Y110.741 E384.86214
G1 X117.46 Y110.499 E384.87048
G1 X117.464 Y108.714 E384.92984
G1 X117.573 Y108.436 E384.93978
G1 X117.839 Y108.23 E384.95097
G1 X118.06 Y108.188 E384.95845
G1 X119.4 Y108.188 E385.00302
G1 X119.4 Y100.6 E385.2554
G1 X112.563 Y100.6 E385.48279
G1 X112.56 Y101.894 E385.52583
G1 X112.52 Y102.109 E385.53311
G1 X112.317 Y102.375 E385.54424
G1 X112.021 Y102.49 E385.5548
G1 X110.193 Y102.488 E385.6156
G1 X109.999 Y102.429 E385.62234
G1 X109.843 Y102.316 E385.62875
G1 F1178.8 X109.562 Y101.953 E385.64818
G1 X109.281 Y102.316 E385.66761
G1 F1500 X109.125 Y102.429 E385.67401
G1 X108.899 Y102.491 E385.68181
G1 X107.026 Y102.487 E385.7441
G1 X106.848 Y102.436 E385.75026
G1 X106.663 Y102.3 E385.7579
G1 X106.504 Y102.027 E385.76841
G1 X106.504 Y100.6 E385.81587
G1 X100.6 Y100.6 E386.01224
G1 X100.6 Y119.4 E386.63753
G1 X119.4 Y119.4 E387.26282
G0 F9000 X119 Y119
G1 F1500 X119 Y111.468 E387.51333
G1 X118.06 Y111.468 E387.5446
G1 X117.75 Y111.419 E387.55504
G1 X117.419 Y111.237 E387.5676
G1 X117.233 Y111.031 E387.57683
G1 X117.122 Y110.816 E387.58488
G1 X117.061 Y110.58 E387.59299
G1 X117.06 Y108.706 E387.65532
G1 X117.133 Y108.382 E387.66636
G1 X117.334 Y108.099 E387.67791
G1 X117.692 Y107.858 E387.69226
G1 X118.06 Y107.788 E387.70472
G1 X119 Y107.788 E387.73599
G1 X119 Y101 E387.96176
G1 X112.962 Y101 E388.16258
G1 X112.96 Y101.895 E388.19235
G1 X112.893 Y102.253 E388.20446
G1 X112.781 Y102.464 E388.21241
G1 X112.577 Y102.68 E388.22229
G1 X112.306 Y102.831 E388.23261
G1 X112.061 Y102.888 E388.24097
G1 X110.168 Y102.888 E388.30393
G1 X109.82 Y102.787 E388.31599
G1 X109.562 Y102.6 E388.32658
G1 X109.249 Y102.827 E388.33944
G1 X108.901 Y102.892 E388.35122
G1 X107.013 Y102.892 E388.41401
G1 X106.678 Y102.798 E388.42559
G1 X106.37 Y102.572 E388.43829
G1 X106.151 Y102.197 E388.45274
G1 X106.104 Y101.892 E388.463
G1 X106.104 Y101 E388.49267
G1 X101 Y101 E388.66243
G1 X101 Y119 E389.26111
G1 X119 Y119 E389.85979
G0 F9000 X109.562 Y102.795
G0 X109.562 Y101.953
G1 F975.6 X109.562 Y100.706 E389.92356
G0 F9000 X109.285 Y102.322
G0 X106.679 Y102.323
G0 X103.791 Y101.08
;TYPE:FILL
G1 F3000 X101.08 Y103.791 E390.05108
G0 F9000 X101.08 Y116.207
G1 F3000 X103.792 Y118.92 E390.17867
G0 F9000 X116.207 Y118.92
G1 F3000 X118.92 Y116.207 E390.30628
G0 F9000 X117.232 Y111.297
G0 X117.232 Y107.961
G0 X118.92 Y103.792
G1 F3000 X116.208 Y101.08 E390.43384
G0 F9000 X116.208 Y101.2
;MESH:NONMESH
G0 F300 X116.208 Y101.2 Z7.7
G0 F9000 X117.632 Y110.897
G0 X119.53 Y119.53
G0 X119.8 Y119.8
;TIME_ELAPSED:631.324160
;LAYER:38
;TYPE:WALL-OUTER
;MESH:xyzCalibration_cube.stl
G1 F1500 X119.8 Y110.668 E390.73757
G1 X118.013 Y110.664 E390.79701
G1 X117.894 Y110.577 E390.80191
G1 X117.862 Y110.494 E390.80487
G1 X117.861 Y108.763 E390.86244
G1 X117.917 Y108.643 E390.86685
G1 X118.006 Y108.584 E390.8704
G1 X119.8 Y108.584 E390.93007
G1 X119.8 Y100.2 E391.20892
G1 X112.036 Y100.2 E391.46715
G1 X112.036 Y101.949 E391.52533
G1 X111.88 Y102.088 E391.53228
G1 X110.111 Y102.09 E391.59111
G1 X110.016 Y102.046 E391.59459
G1 X109.944 Y101.91 E391.59971
G1 X109.944 Y100.2 E391.65659
G1 X109.172 Y100.2 E391.68226
G1 X109.172 Y101.91 E391.73914
G1 X109.1 Y102.046 E391.74426
G1 X109 Y102.091 E391.7479
G1 X107.194 Y102.091 E391.80797
G1 X107.091 Y102.049 E391.81167
G1 X107.016 Y101.942 E391.81602
G1 X107.016 Y100.2 E391.87396
G1 X100.201 Y100.201 E392.10063
G1 X100.2 Y119.8 E392.75249
G1 X119.8 Y119.8 E393.40439
G0 F9000 X119.4 Y119.4
;TYPE:WALL-INNER
G1 F1500 X119.4 Y111.067 E393.68155
G1 X117.917 Y111.064 E393.73087
G1 X117.613 Y110.866 E393.74294
G1 X117.525 Y110.737 E393.74813
G1 X117.46 Y110.495 E393.75647
G1 X117.463 Y108.723 E393.8154
G1 X117.569 Y108.438 E393.82552
G1 X117.837 Y108.226 E393.83688
G1 X118.06 Y108.184 E393.84443
G1 X119.4 Y108.184 E393.889
G1 X119.4 Y100.6 E394.14124
G1 X112.436 Y100.6 E394.37287
G1 X112.436 Y101.892 E394.41584
G1 X112.395 Y102.112 E394.42328
G1 X112.198 Y102.371 E394.4341
G1 X112.046 Y102.455 E394.43988
G1 X111.836 Y102.492 E394.44697
G1 X110.061 Y102.487 E394.50601
G1 X109.76 Y102.354 E394.51695
G1 F1546.4 X109.558 Y101.943 E394.53173
G1 X109.356 Y102.354 E394.5465
G1 F1500 X109.055 Y102.487 E394.55745
G1 X107.15 Y102.489 E394.62081
G1 X106.842 Y102.362 E394.63189
G1 X106.7 Y102.2 E394.63906
G1 X106.616 Y101.892 E394.64967
G1 X106.616 Y100.6 E394.69265
G1 X100.601 Y100.601 E394.89271
G1 X100.6 Y119.4 E395.51796
G1 X119.4 Y119.4 E396.14325
G0 F9000 X119 Y119
G1 F1500 X119 Y111.466 E396.39384
G1 X118.057 Y111.464 E396.4252
G1 X117.748 Y111.415 E396.43561
G1 X117.419 Y111.233 E396.44811
G1 X117.233 Y111.027 E396.45734
G1 X117.122 Y110.812 E396.46539
G1 X117.061 Y110.576 E396.4735
G1 X117.065 Y108.682 E396.53649
G1 X117.111 Y108.467 E396.54381
G1 X117.242 Y108.208 E396.55346
G1 X117.475 Y107.972 E396.56449
G1 X117.688 Y107.855 E396.57257
G1 X118.06 Y107.784 E396.58517
G1 X119 Y107.784 E396.61643
G1 X119 Y101 E396.84207
G1 X112.836 Y101 E397.04708
G1 X112.836 Y101.892 E397.07675
G1 X112.767 Y102.259 E397.08917
G1 X112.652 Y102.472 E397.09722
G1 X112.44 Y102.69 E397.10734
G1 X112.186 Y102.829 E397.11697
G1 X111.938 Y102.887 E397.12544
G1 X110.04 Y102.887 E397.18857
G1 X109.76 Y102.816 E397.19817
G1 X109.558 Y102.693 E397.20604
G1 X109.356 Y102.816 E397.21391
G1 X109.031 Y102.891 E397.225
G1 X107.107 Y102.887 E397.28899
G1 X106.86 Y102.827 E397.29745
G1 X106.593 Y102.675 E397.30767
G1 X106.357 Y102.405 E397.31959
G1 X106.265 Y102.204 E397.32695
G1 X106.216 Y101.892 E397.33745
G1 X106.216 Y101 E397.36712
G1 X101.001 Y101.001 E397.54057
G1 X101 Y119 E398.13922
G1 X119 Y119 E398.7379
G0 F9000 X109.558 Y102.795
G0 X109.558 Y101.943
G1 F1604.3 X109.558 Y100.586 E398.7801
G0 F9000 X109.403 Y102.322
G0 X106.79 Y102.323
G0 X103.991 Y101.08
;TYPE:FILL
G1 F3000 X101.081 Y103.99 E398.91698
G0 F9000 X101.08 Y116.008
G1 F3000 X103.991 Y118.92 E399.05393
G0 F9000 X116.008 Y118.92
G1 F3000 X118.92 Y116.008 E399.1909
G0 F9000 X117.232 Y111.295
G0 X117.232 Y107.959
G0 X118.92 Y103.991
G1 F3000 X116.009 Y101.08 E399.32782
G0 F9000 X116.009 Y101.2
;MESH:NONMESH
G0 F300 X116.009 Y101.2 Z7.9
G0 F9000 X117.632 Y110.895
G0 X119.53 Y119.53
G0 X119.8 Y119.8
;TIME_ELAPSED:645.009272
;LAYER:39
;TYPE:WALL-OUTER
;MESH:xyzCalibration_cube.stl
G1 F1500 X119.8 Y110.664 E399.63169
G1 X118.013 Y110.664 E399.69112
G1 X117.894 Y110.577 E399.69603
G1 X117.862 Y110.494 E399.69899
G1 X117.86 Y108.768 E399.75639
G1 X117.894 Y108.671 E399.75981
G1 X118.002 Y108.584 E399.76442
G1 X119.8 Y108.584 E399.82423
G1 X119.8 Y100.2 E400.10308
G1 X111.912 Y100.2 E400.36543
G1 X111.908 Y101.953 E400.42374
G1 X111.831 Y102.055 E400.42799
G1 X111.728 Y102.096 E400.43168
G1 X109.991 Y102.09 E400.48945
G1 X109.913 Y102.059 E400.49224
G1 F1382.5 X109.791 Y101.912 E400.49914
G1 F1284.8 X109.791 Y100.233 E400.56433
G1 F1287.6 X109.325 Y100.233 E400.58239
G1 F1284.8 X109.325 Y101.912 E400.64759
G1 F1382.5 X109.203 Y102.059 E400.65448
G1 F1500 X109.119 Y102.091 E400.65747
G1 X107.306 Y102.095 E400.71777
G1 X107.157 Y102.001 E400.72363
G1 X107.128 Y101.897 E400.72722
G1 X107.124 Y100.2 E400.78367
G1 X100.201 Y100.201 E401.01393
G1 X100.2 Y119.8 E401.66579
G1 X119.8 Y119.8 E402.31769
G0 F9000 X119.4 Y119.4
;TYPE:WALL-INNER
G1 F1500 X119.4 Y111.064 E402.59495
G1 X117.918 Y111.064 E402.64424
G1 X117.613 Y110.866 E402.65633
G1 X117.525 Y110.737 E402.66153
G1 X117.46 Y110.464 E402.67086
G1 X117.461 Y108.736 E402.72833
G1 X117.564 Y108.446 E402.73857
G1 X117.835 Y108.227 E402.75016
G1 X118.06 Y108.184 E402.75778
G1 X119.4 Y108.184 E402.80234
G1 X119.4 Y100.6 E403.05459
G1 X112.311 Y100.6 E403.29037
G1 X112.308 Y101.898 E403.33354
G1 X112.265 Y102.12 E403.34106
G1 X112.075 Y102.371 E403.35153
G1 X111.768 Y102.494 E403.36253
G1 X109.926 Y102.485 E403.4238
G1 X109.693 Y102.393 E403.43213
G1 X109.558 Y102.165 E403.44094
G1 X109.423 Y102.393 E403.44976
G1 X109.12 Y102.492 E403.46036
G1 X107.264 Y102.493 E403.52209
G1 X106.957 Y102.369 E403.5331
G1 X106.815 Y102.209 E403.54022
G1 X106.728 Y101.898 E403.55096
G1 X106.725 Y100.6 E403.59413
G1 X100.601 Y100.601 E403.79782
G1 X100.6 Y119.4 E404.42307
G1 X119.4 Y119.4 E405.04836
G0 F9000 X119 Y119
G1 F1500 X119 Y111.464 E405.29901
G1 X118.06 Y111.464 E405.33028
G1 X117.749 Y111.415 E405.34075
G1 X117.419 Y111.233 E405.35328
G1 X117.233 Y111.027 E405.36251
G1 X117.122 Y110.812 E405.37056
G1 X117.06 Y110.572 E405.37881
G1 X117.063 Y108.705 E405.4409
G1 X117.104 Y108.487 E405.44828
G1 X117.233 Y108.22 E405.45814
G1 X117.471 Y107.975 E405.4695
G1 X117.685 Y107.856 E405.47765
G1 X118.06 Y107.784 E405.49035
G1 X119 Y107.784 E405.52161
G1 X119 Y101 E405.74725
G1 X112.71 Y101 E405.95646
G1 X112.708 Y101.899 E405.98636
G1 X112.637 Y102.269 E405.99889
G1 X112.519 Y102.483 E406.00702
G1 X112.343 Y102.67 E406.01556
G1 X112.061 Y102.833 E406.02639
G1 X111.808 Y102.892 E406.03503
G1 X109.93 Y102.888 E406.09749
G1 X109.558 Y102.768 E406.11049
G1 X109.188 Y102.892 E406.12347
G1 X107.222 Y102.891 E406.18886
G1 X106.976 Y102.833 E406.19727
G1 X106.711 Y102.684 E406.20738
G1 X106.474 Y102.417 E406.21925
G1 X106.38 Y102.215 E406.22666
G1 X106.328 Y101.899 E406.23732
G1 X106.326 Y101 E406.26722
G1 X101.001 Y101.001 E406.44433
G1 X101 Y119 E407.04298
G1 X119 Y119 E407.64166
G0 F9000 X115.807 Y118.92
;TYPE:FILL
G1 F3000 X118.92 Y115.807 E407.78809
G0 F9000 X117.233 Y111.293
G0 X117.233 Y107.957
G0 X118.92 Y104.192
G1 F3000 X115.808 Y101.08 E407.93446
G0 F9000 X112.537 Y102.724
G0 X106.502 Y102.725
G0 X104.191 Y101.08
G1 F3000 X101.081 Y104.191 E408.08077
G0 F9000 X101.08 Y115.807
G1 F3000 X104.192 Y118.92 E408.22717
G0 F9000 X104.192 Y118.8
;MESH:NONMESH
G0 F300 X104.192 Y118.8 Z8.1
G0 F9000 X119.53 Y119.53
G0 X119.8 Y119.8
;TIME_ELAPSED:658.137012
;LAYER:40
;TYPE:WALL-OUTER
;MESH:xyzCalibration_cube.stl
G1 F1500 X119.8 Y110.664 E408.53104
G1 X118.013 Y110.66 E408.59048
G1 X117.894 Y110.573 E408.59538
G1 X117.862 Y110.49 E408.59834
G1 X117.86 Y108.768 E408.65561
G1 X117.91 Y108.646 E408.66
G1 X118.004 Y108.58 E408.66382
G1 X119.8 Y108.58 E408.72355
G1 X119.8 Y100.2 E409.00227
G1 X111.784 Y100.2 E409.26888
G1 X111.784 Y101.949 E409.32706
G1 X111.629 Y102.092 E409.33407
G1 X109.82 Y102.087 E409.39424
G1 F1612.9 X109.728 Y101.907 E409.40049
G1 F1744.2 X109.728 Y100.172 E409.45012
G1 X109.384 Y100.172 E409.45996
G1 X109.384 Y101.907 E409.50959
G1 F1612.9 X109.292 Y102.087 E409.51584
G1 F1500 X107.418 Y102.095 E409.57817
G1 X107.317 Y102.055 E409.58178
G1 X107.24 Y101.948 E409.58617
G1 X107.236 Y100.2 E409.64431
G1 X100.2 Y100.2 E409.87832
G1 X100.2 Y119.8 E410.53022
G1 X119.8 Y119.8 E411.18212
G0 F9000 X119.4 Y119.4
;TYPE:WALL-INNER
G1 F1500 X119.4 Y111.063 E411.45941
G1 X117.917 Y111.06 E411.50874
G1 X117.613 Y110.862 E411.5208
G1 X117.497 Y110.669 E411.52829
G1 X117.46 Y110.492 E411.53431
G1 X117.461 Y108.659 E411.59527
G1 X117.56 Y108.448 E411.60302
G1 X117.704 Y108.296 E411.60999
G1 X117.833 Y108.224 E411.6149
G1 X118.06 Y108.18 E411.62259
G1 X119.4 Y108.18 E411.66716
G1 X119.4 Y100.6 E411.91927
G1 X112.184 Y100.6 E412.15928
G1 X112.184 Y101.896 E412.20238
G1 X112.14 Y102.124 E412.21011
G1 X112.067 Y102.253 E412.21504
G1 X111.885 Y102.416 E412.22316
G1 X111.678 Y102.497 E412.23056
G1 X109.841 Y102.49 E412.29165
G1 X109.637 Y102.432 E412.29871
G1 X109.556 Y102.314 E412.30347
G1 X109.475 Y102.432 E412.30823
G1 X109.261 Y102.491 E412.31561
G1 X107.376 Y102.493 E412.37831
G1 X107.072 Y102.371 E412.3892
G1 X106.93 Y102.214 E412.39624
G1 X106.84 Y101.898 E412.40717
G1 X106.837 Y100.6 E412.45034
G1 X100.6 Y100.6 E412.65779
G1 X100.6 Y119.4 E413.28308
G1 X119.4 Y119.4 E413.90837
G0 F9000 X119 Y119
G1 F1500 X119 Y111.462 E414.15908
G1 X118.057 Y111.46 E414.19045
G1 X117.748 Y111.411 E414.20085
G1 X117.419 Y111.228 E414.21337
G1 X117.233 Y111.023 E414.22258
G1 X117.122 Y110.808 E414.23063
G1 X117.06 Y110.568 E414.23887
G1 X117.061 Y108.721 E414.30031
G1 X117.099 Y108.5 E414.30776
G1 X117.226 Y108.226 E414.31781
G1 X117.467 Y107.974 E414.32941
G1 X117.681 Y107.854 E414.33757
G1 X118.06 Y107.78 E414.35041
G1 X119 Y107.78 E414.38167
G1 X119 Y101 E414.60718
G1 X112.584 Y101 E414.82057
G1 X112.584 Y101.896 E414.85038
G1 X112.51 Y102.275 E414.86322
G1 X112.389 Y102.49 E414.87143
G1 X112.228 Y102.662 E414.87926
G1 X111.941 Y102.831 E414.89034
G1 X111.685 Y102.892 E414.89909
G1 X109.803 Y102.888 E414.96169
G1 X109.556 Y102.826 E414.97016
G1 X109.309 Y102.888 E414.97863
G1 X107.334 Y102.891 E415.04432
G1 X107.091 Y102.834 E415.05262
G1 X106.827 Y102.687 E415.06267
G1 X106.591 Y102.425 E415.0744
G1 X106.494 Y102.222 E415.08188
G1 X106.44 Y101.899 E415.09277
G1 X106.438 Y101 E415.12267
G1 X101 Y101 E415.30354
G1 X101 Y119 E415.90222
G1 X119 Y119 E416.50091
G0 F9000 X115.608 Y118.92
;TYPE:FILL
G1 F3000 X118.92 Y115.608 E416.65669
G0 F9000 X117.233 Y111.291
G0 X117.233 Y107.954
G0 X118.921 Y104.392
G1 F3000 X115.608 Y101.08 E416.8125
G0 F9000 X112.411 Y102.724
G0 X106.613 Y102.725
G0 X104.391 Y101.08
G1 F3000 X101.08 Y104.391 E416.96824
G0 F9000 X101.08 Y115.608
G1 F3000 X104.392 Y118.92 E417.12403
G0 F9000 X104.392 Y118.8
G1 F2700 E408.12403
;MESH:NONMESH
G0 F300 X104.392 Y118.8 Z8.3
G0 F9000 X109.488 Y102.308
G0 X109.554 Y100.226
;TIME_ELAPSED:671.584497
;LAYER:41
;TYPE:WALL-OUTER
;MESH:xyzCalibration_cube.stl
G1 F2700 E417.12403
G1 F1324.5 X109.554 Y101.911 E417.1875
G1 F2700 E408.1875
G0 F9000 X109.553 Y102.795
G0 X119.53 Y119.53
G0 X119.8 Y119.8
G1 F2700 E417.1875
G1 F1500 X119.8 Y110.66 E417.49149
G1 X118.013 Y110.66 E417.55093
G1 X117.894 Y110.573 E417.55583
G1 X117.862 Y110.49 E417.55879
G1 X117.861 Y108.701 E417.61829
G1 X118 Y108.58 E417.62442
G1 X119.8 Y108.58 E417.68429
G1 X119.8 Y100.2 E417.96301
G1 X111.656 Y100.2 E418.23388
G1 X111.656 Y101.896 E418.29029
G1 X111.612 Y102.022 E418.29473
G1 X111.471 Y102.096 E418.30003
G1 X109.726 Y102.09 E418.35807
G1 F1405.2 X109.554 Y101.911 E418.36688
G1 X109.379 Y102.093 E418.37584
G1 F1500 X107.503 Y102.092 E418.43824
G1 X107.401 Y102.033 E418.44216
G1 X107.348 Y101.945 E418.44558
G1 X107.348 Y100.2 E418.50362
G1 X100.2 Y100.2 E418.74136
G1 X100.2 Y119.8 E419.39326
G1 X119.8 Y119.8 E420.04516
G0 F9000 X119.4 Y119.4
;TYPE:WALL-INNER
G1 F1500 X119.4 Y111.06 E420.32255
G1 X117.918 Y111.06 E420.37184
G1 X117.613 Y110.862 E420.38393
G1 X117.497 Y110.669 E420.39142
G1 X117.46 Y110.492 E420.39744
G1 X117.463 Y108.711 E420.45667
G1 X117.542 Y108.476 E420.46492
G1 X117.702 Y108.298 E420.47288
G1 X117.831 Y108.225 E420.47781
G1 X118.06 Y108.18 E420.48557
G1 X119.4 Y108.18 E420.53014
G1 X119.4 Y100.6 E420.78225
G1 X112.056 Y100.6 E421.02651
G1 X112.056 Y101.896 E421.06962
G1 X112.01 Y102.128 E421.07748
G1 X111.833 Y102.364 E421.0873
G1 X111.573 Y102.495 E421.09698
G1 X109.618 Y102.491 E421.162
G1 X109.554 Y102.41 E421.16544
G1 X109.511 Y102.464 E421.16773
G1 X109.33 Y102.493 E421.17383
G1 X107.485 Y102.493 E421.23519
G1 X107.183 Y102.373 E421.246
G1 X107.041 Y102.219 E421.25297
G1 X106.948 Y101.896 E421.26415
G1 X106.948 Y100.6 E421.30726
G1 X100.6 Y100.6 E421.51839
G1 X100.6 Y119.4 E422.14368
G1 X119.4 Y119.4 E422.76897
G0 F9000 X119 Y119
G1 F1500 X119 Y111.46 E423.01975
G1 X118.06 Y111.46 E423.05102
G1 X117.749 Y111.411 E423.06149
G1 X117.419 Y111.228 E423.07404
G1 X117.233 Y111.023 E423.08325
G1 X117.122 Y110.808 E423.09129
G1 X117.061 Y110.572 E423.0994
G1 X117.06 Y108.74 E423.16033
G1 X117.142 Y108.381 E423.17258
G1 X117.27 Y108.166 E423.1809
G1 X117.463 Y107.977 E423.18989
G1 X117.678 Y107.855 E423.19811
G1 X118.06 Y107.78 E423.21106
G1 X119 Y107.78 E423.24232
G1 X119 Y101 E423.46783
G1 X112.456 Y101 E423.68548
G1 X112.456 Y101.896 E423.71528
G1 X112.379 Y102.282 E423.72837
G1 X112.141 Y102.625 E423.74226
G1 X111.926 Y102.779 E423.75106
G1 X111.53 Y102.894 E423.76477
G1 X109.716 Y102.891 E423.8251
G1 X109.554 Y102.864 E423.83057
G1 X109.392 Y102.891 E423.83603
G1 X107.443 Y102.891 E423.90085
G1 X107.202 Y102.835 E423.90908
G1 X106.94 Y102.691 E423.91903
G1 X106.704 Y102.433 E423.93066
G1 X106.604 Y102.228 E423.93824
G1 X106.548 Y101.896 E423.94944
G1 X106.548 Y101 E423.97924
G1 X101 Y101 E424.16377
G1 X101 Y119 E424.76245
G1 X119 Y119 E425.36113
G0 F9000 X115.408 Y118.92
;TYPE:FILL
G1 F3000 X118.92 Y115.408 E425.52633
G0 F9000 X117.233 Y111.288
G0 X117.233 Y107.952
G0 X118.921 Y104.592
G1 F3000 X115.408 Y101.08 E425.69154
G0 F9000 X112.284 Y102.724
G0 X106.724 Y102.725
G0 X104.59 Y101.08
G1 F3000 X101.08 Y104.59 E425.85664
G0 F9000 X101.08 Y115.408
G1 F3000 X104.591 Y118.92 E426.02181
G0 F9000 X104.591 Y118.8
;MESH:NONMESH
G0 F300 X104.591 Y118.8 Z8.5
G0 F9000 X119.53 Y119.53
G0 X119.8 Y119.8
;TIME_ELAPSED:685.879123
;LAYER:42
;TYPE:WALL-OUTER
;MESH:xyzCalibration_cube.stl
G1 F1500 X119.8 Y110.656 E426.32595
G1 X118.013 Y110.656 E426.38538
G1 X117.894 Y110.569 E426.39028
G1 X117.862 Y110.486 E426.39324
G1 X117.86 Y108.756 E426.45078
G1 X117.9 Y108.654 E426.45443
G1 X118.003 Y108.576 E426.45872
G1 X119.8 Y108.576 E426.51849
G1 X119.8 Y100.2 E426.79708
G1 X111.532 Y100.2 E427.07207
G1 X111.528 Y101.956 E427.13048
G1 X111.455 Y102.051 E427.13446
G1 X111.344 Y102.096 E427.13845
G1 X107.615 Y102.092 E427.26247
G1 X107.514 Y102.034 E427.26635
G1 X107.46 Y101.946 E427.26978
G1 X107.46 Y100.2 E427.32785
G1 X100.2 Y100.2 E427.56932
G1 X100.2 Y119.8 E428.22122
G1 X119.8 Y119.8 E428.87312
G0 F9000 X119.4 Y119.4
;TYPE:WALL-INNER
G1 F1500 X119.4 Y111.056 E429.15064
G1 X117.918 Y111.056 E429.19993
G1 X117.613 Y110.858 E429.21203
G1 X117.497 Y110.665 E429.21952
G1 X117.46 Y110.488 E429.22553
G1 X117.462 Y108.717 E429.28444
G1 X117.538 Y108.478 E429.29278
G1 X117.699 Y108.296 E429.30086
G1 X117.829 Y108.222 E429.30584
G1 X118.06 Y108.176 E429.31367
G1 X119.4 Y108.176 E429.35824
G1 X119.4 Y100.6 E429.61022
G1 X111.931 Y100.6 E429.85864
G1 X111.928 Y101.898 E429.90181
G1 X111.881 Y102.132 E429.90975
G1 X111.682 Y102.382 E429.92037
G1 X111.374 Y102.495 E429.93129
G1 X107.596 Y102.493 E430.05694
G1 X107.297 Y102.375 E430.06763
G1 X107.156 Y102.223 E430.07453
G1 X107.06 Y101.896 E430.08586
G1 X107.06 Y100.6 E430.12897
G1 X100.6 Y100.6 E430.34383
G1 X100.6 Y119.4 E430.96912
G1 X119.4 Y119.4 E431.59441
G0 F9000 X119 Y119
G1 F1500 X119 Y111.456 E431.84533
G1 X118.06 Y111.456 E431.87659
G1 X117.749 Y111.407 E431.88706
G1 X117.419 Y111.224 E431.89961
G1 X117.233 Y111.019 E431.90882
G1 X117.122 Y110.804 E431.91687
G1 X117.061 Y110.569 E431.92494
G1 X117.064 Y108.678 E431.98784
G1 X117.191 Y108.28 E432.00173
G1 X117.355 Y108.066 E432.0107
G1 X117.675 Y107.853 E432.02348
G1 X118.06 Y107.776 E432.03654
G1 X119 Y107.776 E432.06781
G1 X119 Y101 E432.29318
G1 X112.33 Y101 E432.51502
G1 X112.328 Y101.899 E432.54492
G1 X112.249 Y102.288 E432.55813
G1 X112.079 Y102.575 E432.56922
G1 X111.806 Y102.776 E432.5805
G1 X111.405 Y102.894 E432.5944
G1 X107.554 Y102.891 E432.72249
G1 X107.315 Y102.835 E432.73065
G1 X107.056 Y102.694 E432.74046
G1 X106.821 Y102.441 E432.75194
G1 X106.718 Y102.234 E432.75963
G1 X106.66 Y101.896 E432.77104
G1 X106.66 Y101 E432.80084
G1 X101 Y101 E432.98909
G1 X101 Y119 E433.58777
G1 X119 Y119 E434.18646
G0 F9000 X115.207 Y118.92
;TYPE:FILL
G1 F3000 X118.92 Y115.207 E434.36111
G0 F9000 X117.234 Y111.286
G0 X117.234 Y107.95
G0 X118.921 Y104.793
G1 F3000 X115.207 Y101.08 E434.53578
G0 F9000 X112.158 Y102.724
G0 X106.835 Y102.724
G0 X104.791 Y101.08
G1 F3000 X101.08 Y104.791 E434.71033
G0 F9000 X101.08 Y115.207
G1 F3000 X104.792 Y118.92 E434.88496
G0 F9000 X104.792 Y118.8
;MESH:NONMESH
G0 F300 X104.792 Y118.8 Z8.7
G0 F9000 X119.53 Y119.53
G0 X119.8 Y119.8
;TIME_ELAPSED:698.765197
;LAYER:43
;TYPE:WALL-OUTER
;MESH:xyzCalibration_cube.stl
G1 F1500 X119.8 Y110.656 E435.18909
G1 X118.013 Y110.656 E435.24852
G1 X117.894 Y110.569 E435.25343
G1 X117.862 Y110.486 E435.25638
G1 X117.86 Y108.701 E435.31575
G1 X117.999 Y108.576 E435.32197
G1 X119.8 Y108.576 E435.38187
G1 X119.8 Y100.2 E435.66046
G1 X111.408 Y100.2 E435.93958
G1 X111.404 Y101.956 E435.99798
G1 X111.323 Y102.058 E436.00232
G1 X111.22 Y102.096 E436.00597
G1 X107.728 Y102.092 E436.12211
G1 X107.627 Y102.035 E436.12597
G1 X107.572 Y101.946 E436.12945
G1 X107.568 Y100.2 E436.18752
G1 X100.2 Y100.2 E436.43258
G1 X100.2 Y119.8 E437.08448
G1 X119.8 Y119.8 E437.73638
G0 F9000 X119.4 Y119.4
;TYPE:WALL-INNER
G1 F1500 X119.4 Y111.056 E438.0139
G1 X117.918 Y111.056 E438.06319
G1 X117.613 Y110.858 E438.07529
G1 X117.497 Y110.665 E438.08278
G1 X117.46 Y110.488 E438.08879
G1 X117.461 Y108.728 E438.14733
G1 X117.533 Y108.487 E438.15569
G1 X117.631 Y108.356 E438.16114
G1 X117.827 Y108.222 E438.16903
G1 X118.06 Y108.176 E438.17693
G1 X119.4 Y108.176 E438.2215
G1 X119.4 Y100.6 E438.47348
G1 X111.807 Y100.6 E438.72602
G1 X111.804 Y101.898 E438.7692
G1 X111.755 Y102.134 E438.77721
G1 X111.623 Y102.327 E438.78499
G1 X111.491 Y102.424 E438.79044
G1 X111.25 Y102.495 E438.79879
G1 X107.709 Y102.493 E438.91657
G1 X107.412 Y102.377 E438.92717
G1 X107.208 Y102.103 E438.93853
G1 X107.172 Y101.898 E438.94546
G1 X107.169 Y100.6 E438.98863
G1 X100.6 Y100.6 E439.20711
G1 X100.6 Y119.4 E439.83241
G1 X119.4 Y119.4 E440.4577
G0 F9000 X119 Y119
G1 F1500 X119 Y111.456 E440.70861
G1 X118.06 Y111.456 E440.73987
G1 X117.749 Y111.407 E440.75035
G1 X117.419 Y111.224 E440.7629
G1 X117.233 Y111.019 E440.7721
G1 X117.122 Y110.804 E440.78015
G1 X117.061 Y110.569 E440.78823
G1 X117.063 Y108.696 E440.85052
G1 X117.183 Y108.295 E440.86444
G1 X117.345 Y108.076 E440.8735
G1 X117.673 Y107.853 E440.8867
G1 X118.06 Y107.776 E440.89982
G1 X119 Y107.776 E440.93108
G1 X119 Y101 E441.15646
G1 X112.206 Y101 E441.38242
G1 X112.204 Y101.899 E441.41233
G1 X112.123 Y102.293 E441.4257
G1 X111.995 Y102.509 E441.43406
G1 X111.795 Y102.703 E441.44332
G1 X111.464 Y102.862 E441.45554
G1 X111.28 Y102.894 E441.46175
G1 X107.667 Y102.891 E441.58192
G1 X107.43 Y102.836 E441.59001
G1 X107.173 Y102.697 E441.59973
G1 X106.938 Y102.449 E441.61109
G1 X106.833 Y102.241 E441.61884
G1 X106.772 Y101.899 E441.63039
G1 X106.77 Y101 E441.6603
G1 X101 Y101 E441.85221
G1 X101 Y119 E442.45089
G1 X119 Y119 E443.04957
G0 F9000 X115.008 Y118.92
;TYPE:FILL
G1 F3000 X118.92 Y115.008 E443.23358
G0 F9000 X117.234 Y111.284
G0 X117.234 Y107.948
G0 X118.921 Y104.992
G1 F3000 X115.009 Y101.08 E443.41759
G0 F9000 X112.031 Y102.724
G0 X106.946 Y102.724
G0 X104.991 Y101.08
G1 F3000 X101.08 Y104.991 E443.60155
G0 F9000 X101.08 Y115.008
G1 F3000 X104.991 Y118.92 E443.78553
G0 F9000 X104.991 Y118.8
;MESH:NONMESH
G0 F300 X104.991 Y118.8 Z8.9
G0 F9000 X119.53 Y119.53
G0 X119.8 Y119.8
;TIME_ELAPSED:711.671187
;LAYER:44
;TYPE:WALL-OUTER
;MESH:xyzCalibration_cube.stl
G1 F1500 X119.8 Y110.652 E444.0898
G1 X118.013 Y110.652 E444.14923
G1 X117.894 Y110.565 E444.15414
G1 X117.862 Y110.482 E444.1571
G1 X117.86 Y108.699 E444.2164
G1 X117.998 Y108.572 E444.22264
G1 X119.8 Y108.572 E444.28257
G1 X119.8 Y100.2 E444.56102
G1 X111.28 Y100.2 E444.8444
G1 X111.276 Y101.897 E444.90084
G1 X111.231 Y102.024 E444.90533
G1 X111.095 Y102.096 E444.91044
G1 X107.863 Y102.095 E445.01794
G1 X107.765 Y102.057 E445.02144
G1 X107.684 Y101.952 E445.02585
G1 X107.68 Y100.2 E445.08412
G1 X100.2 Y100.2 E445.3329
G1 X100.2 Y119.8 E445.9848
G1 X119.8 Y119.8 E446.6367
G0 F9000 X119.4 Y119.4
;TYPE:WALL-INNER
G1 F1500 X119.4 Y111.052 E446.91436
G1 X117.918 Y111.052 E446.96365
G1 X117.613 Y110.854 E446.97574
G1 X117.525 Y110.725 E446.98094
G1 X117.46 Y110.484 E446.98924
G1 X117.461 Y108.727 E447.04768
G1 X117.53 Y108.49 E447.05589
G1 X117.623 Y108.36 E447.0612
G1 X117.828 Y108.218 E447.0695
G1 X118.06 Y108.172 E447.07736
G1 X119.4 Y108.172 E447.12193
G1 X119.4 Y100.6 E447.37378
G1 X111.679 Y100.6 E447.63058
G1 X111.676 Y101.898 E447.67375
G1 X111.627 Y102.136 E447.68183
G1 X111.539 Y102.279 E447.68742
G1 X111.366 Y102.422 E447.69488
G1 X111.131 Y102.494 E447.70306
G1 X107.821 Y102.493 E447.81315
G1 X107.527 Y102.379 E447.82364
G1 X107.322 Y102.107 E447.83497
G1 X107.284 Y101.898 E447.84203
G1 X107.281 Y100.6 E447.8852
G1 X100.6 Y100.6 E448.10741
G1 X100.6 Y119.4 E448.7327
G1 X119.4 Y119.4 E449.358
G0 F9000 X119 Y119
G1 F1500 X119 Y111.452 E449.60904
G1 X118.06 Y111.452 E449.64031
G1 X117.749 Y111.403 E449.65078
G1 X117.419 Y111.22 E449.66333
G1 X117.233 Y111.015 E449.67254
G1 X117.122 Y110.801 E449.68055
G1 X117.061 Y110.565 E449.68866
G1 X117.062 Y108.697 E449.75079
G1 X117.176 Y108.302 E449.76447
G1 X117.331 Y108.086 E449.77331
G1 X117.673 Y107.849 E449.78715
G1 X118.06 Y107.772 E449.80027
G1 X119 Y107.772 E449.83154
G1 X119 Y101 E450.05677
G1 X112.078 Y101 E450.287
G1 X112.076 Y101.899 E450.3169
G1 X111.993 Y102.296 E450.33039
G1 X111.829 Y102.572 E450.34107
G1 X111.56 Y102.772 E450.35222
G1 X111.209 Y102.896 E450.3646
G1 X107.779 Y102.891 E450.47868
G1 X107.545 Y102.837 E450.48667
G1 X107.289 Y102.701 E450.49631
G1 X107.055 Y102.457 E450.50755
G1 X106.947 Y102.248 E450.51538
G1 X106.884 Y101.899 E450.52717
G1 X106.882 Y101 E450.55708
G1 X101 Y101 E450.75271
G1 X101 Y119 E451.35139
G1 X119 Y119 E451.95008
G0 F9000 X114.807 Y118.92
;TYPE:FILL
G1 F3000 X118.92 Y114.807 E452.14354
G0 F9000 X117.234 Y111.282
G0 X117.234 Y107.946
G0 X118.92 Y105.192
G1 F3000 X114.808 Y101.08 E452.33696
G0 F9000 X111.905 Y102.725
G0 X107.057 Y102.725
G0 X105.191 Y101.08
G1 F3000 X101.08 Y105.191 E452.53032
G0 F9000 X101.08 Y114.807
G1 F3000 X105.192 Y118.92 E452.72376
G0 F9000 X105.192 Y118.8
;MESH:NONMESH
G0 F300 X105.192 Y118.8 Z9.1
G0 F9000 X119.53 Y119.53
G0 X119.8 Y119.8
;TIME_ELAPSED:724.592101
;LAYER:45
;TYPE:WALL-OUTER
;MESH:xyzCalibration_cube.stl
G1 F1500 X119.8 Y110.652 E453.02803
G1 X118.013 Y110.652 E453.08746
G1 X117.894 Y110.565 E453.09237
G1 X117.862 Y110.482 E453.09532
G1 X117.86 Y108.757 E453.1527
G1 X117.904 Y108.645 E453.1567
G1 X118.002 Y108.572 E453.16077
G1 X119.8 Y108.572 E453.22057
G1 X119.8 Y100.2 E453.49902
G1 X111.152 Y100.2 E453.78665
G1 X111.152 Y101.94 E453.84453
G1 X111.108 Y102.023 E453.84765
G1 X110.991 Y102.093 E453.85219
G1 X107.971 Y102.095 E453.95263
G1 X107.873 Y102.058 E453.95612
G1 X107.792 Y101.951 E453.96058
G1 X107.792 Y100.2 E454.01882
G1 X100.2 Y100.2 E454.27133
G1 X100.2 Y119.8 E454.92323
G1 X119.8 Y119.8 E455.57513
G0 F9000 X119.4 Y119.4
;TYPE:WALL-INNER
G1 F1500 X119.4 Y111.052 E455.85278
G1 X117.918 Y111.052 E455.90207
G1 X117.613 Y110.854 E455.91417
G1 X117.525 Y110.725 E455.91936
G1 X117.46 Y110.484 E455.92766
G1 X117.461 Y108.727 E455.9861
G1 X117.527 Y108.495 E455.99412
G1 X117.615 Y108.368 E455.99926
G1 X117.828 Y108.218 E456.00793
G1 X118.06 Y108.172 E456.01579
G1 X119.4 Y108.172 E456.06036
G1 X119.4 Y100.6 E456.31221
G1 X111.552 Y100.6 E456.57323
G1 X111.552 Y102.03 E456.6208
G1 X111.371 Y102.327 E456.63236
G1 X111.04 Y102.496 E456.64473
G1 X107.929 Y102.493 E456.7482
G1 X107.637 Y102.381 E456.7586
G1 X107.431 Y102.11 E456.76992
G1 X107.392 Y101.896 E456.77716
G1 X107.392 Y100.6 E456.82026
G1 X100.6 Y100.6 E457.04616
G1 X100.6 Y119.4 E457.67146
G1 X119.4 Y119.4 E458.29675
G0 F9000 X119 Y119
G1 F1500 X119 Y111.452 E458.54779
G1 X118.06 Y111.452 E458.57906
G1 X117.749 Y111.403 E458.58953
G1 X117.419 Y111.22 E458.60208
G1 X117.233 Y111.015 E458.61129
G1 X117.122 Y110.801 E458.6193
G1 X117.061 Y110.565 E458.62741
G1 X117.062 Y108.698 E458.68951
G1 X117.172 Y108.311 E458.70289
G1 X117.319 Y108.099 E458.71147
G1 X117.673 Y107.849 E458.72588
G1 X118.06 Y107.772 E458.73901
G1 X119 Y107.772 E458.77027
G1 X119 Y101 E458.99551
G1 X111.952 Y101 E459.22993
G1 X111.952 Y101.896 E459.25973
G1 X111.909 Y102.19 E459.26961
G1 X111.729 Y102.527 E459.28232
G1 X111.549 Y102.7 E459.29062
G1 X111.336 Y102.82 E459.29875
G1 X111.059 Y102.891 E459.30827
G1 X107.888 Y102.891 E459.41373
G1 X107.655 Y102.838 E459.42168
G1 X107.401 Y102.704 E459.43123
G1 X107.168 Y102.464 E459.44236
G1 X107.057 Y102.253 E459.45029
G1 X106.992 Y101.896 E459.46236
G1 X106.992 Y101 E459.49216
G1 X101 Y101 E459.69145
G1 X101 Y119 E460.29013
G1 X119 Y119 E460.88882
G0 F9000 X114.608 Y118.92
;TYPE:FILL
G1 F3000 X118.92 Y114.608 E461.09164
G0 F9000 X117.234 Y111.28
G0 X117.234 Y107.944
G0 X118.92 Y105.391
G1 F3000 X114.609 Y101.08 E461.29442
G0 F9000 X111.778 Y102.725
G0 X107.168 Y102.725
G0 X105.391 Y101.08
G1 F3000 X101.08 Y105.391 E461.49719
G0 F9000 X101.08 Y114.608
G1 F3000 X105.391 Y118.92 E461.69999
G0 F9000 X105.391 Y118.8
;MESH:NONMESH
G0 F300 X105.391 Y118.8 Z9.3
G0 F9000 X119.53 Y119.53
G0 X119.8 Y119.8
;TIME_ELAPSED:737.517284
;LAYER:46
;TYPE:WALL-OUTER
;MESH:xyzCalibration_cube.stl
G1 F1500 X119.8 Y110.648 E462.00439
G1 X118.013 Y110.648 E462.06383
G1 X117.894 Y110.561 E462.06873
G1 X117.862 Y110.478 E462.07169
G1 X117.86 Y108.748 E462.12923
G1 X117.903 Y108.642 E462.13303
G1 X118.002 Y108.568 E462.13714
G1 X119.8 Y108.568 E462.19694
G1 X119.8 Y100.2 E462.47527
G1 X111.024 Y100.2 E462.76716
G1 X111.024 Y101.978 E462.82629
G1 X110.855 Y102.094 E462.83311
G1 X108.083 Y102.095 E462.92531
G1 X107.986 Y102.059 E462.92875
G1 X107.904 Y101.952 E462.93323
G1 X107.904 Y100.2 E462.9915
G1 X100.201 Y100.201 E463.24771
G1 X100.2 Y119.8 E463.89957
G1 X119.8 Y119.8 E464.55147
G0 F9000 X119.4 Y119.4
;TYPE:WALL-INNER
G1 F1500 X119.4 Y111.048 E464.82926
G1 X117.918 Y111.048 E464.87855
G1 X117.613 Y110.85 E464.89065
G1 X117.525 Y110.721 E464.89584
G1 X117.46 Y110.481 E464.90411
G1 X117.462 Y108.708 E464.96308
G1 X117.591 Y108.392 E464.97443
G1 X117.828 Y108.214 E464.98429
G1 X118.06 Y108.168 E464.99216
G1 X119.4 Y108.168 E465.03673
G1 X119.4 Y100.6 E465.28844
G1 X111.424 Y100.6 E465.55372
G1 X111.424 Y101.896 E465.59683
G1 X111.347 Y102.192 E465.607
G1 X111.222 Y102.346 E465.6136
G1 X110.945 Y102.496 E465.62407
G1 X108.042 Y102.493 E465.72063
G1 X107.752 Y102.383 E465.73094
G1 X107.544 Y102.114 E465.74225
G1 X107.504 Y101.896 E465.74962
G1 X107.504 Y100.6 E465.79273
G1 X100.601 Y100.601 E466.02232
G1 X100.6 Y119.4 E466.64758
G1 X119.4 Y119.4 E467.27287
G0 F9000 X119 Y119
G1 F1500 X119 Y111.448 E467.52405
G1 X118.06 Y111.448 E467.55532
G1 X117.749 Y111.399 E467.56579
G1 X117.548 Y111.308 E467.57313
G1 X117.316 Y111.117 E467.58312
G1 X117.169 Y110.903 E467.59176
G1 X117.061 Y110.502 E467.60557
G1 X117.064 Y108.668 E467.66657
G1 X117.121 Y108.421 E467.675
G1 X117.279 Y108.142 E467.68566
G1 X117.457 Y107.969 E467.69392
G1 X117.673 Y107.845 E467.7022
G1 X118.06 Y107.768 E467.71533
G1 X119 Y107.768 E467.74659
G1 X119 Y101 E467.9717
G1 X111.824 Y101 E468.21037
G1 X111.824 Y101.896 E468.24017
G1 X111.78 Y102.192 E468.25013
G1 X111.695 Y102.388 E468.25723
G1 X111.437 Y102.708 E468.2709
G1 X111.09 Y102.861 E468.28352
G1 X110.876 Y102.895 E468.29072
G1 X108.001 Y102.891 E468.38635
G1 X107.77 Y102.839 E468.39422
G1 X107.518 Y102.707 E468.40368
G1 X107.285 Y102.471 E468.41471
G1 X107.171 Y102.258 E468.42275
G1 X107.104 Y101.896 E468.43499
G1 X107.104 Y101 E468.4648
G1 X101.001 Y101.001 E468.66778
G1 X101 Y119 E469.26643
G1 X119 Y119 E469.86511
G0 F9000 X114.407 Y118.92
;TYPE:FILL
G1 F3000 X118.92 Y114.407 E470.07739
G0 F9000 X117.234 Y111.278
G0 X117.235 Y107.941
G0 X118.92 Y105.592
G1 F3000 X114.407 Y101.08 E470.28965
G0 F9000 X111.652 Y102.725
G0 X107.279 Y102.725
G0 X105.592 Y101.08
G1 F3000 X101.081 Y105.591 E470.50183
G0 F9000 X101.08 Y114.407
G1 F3000 X105.592 Y118.92 E470.71408
G0 F9000 X105.592 Y118.8
;MESH:NONMESH
G0 F300 X105.592 Y118.8 Z9.5
G0 F9000 X119.53 Y119.53
G0 X119.8 Y119.8
;TIME_ELAPSED:750.463941
;LAYER:47
;TYPE:WALL-OUTER
;MESH:xyzCalibration_cube.stl
G1 F1500 X119.8 Y110.748 E471.01515
G1 X118.012 Y110.744 E471.07462
G1 X117.911 Y110.679 E471.07862
G1 X117.861 Y110.572 E471.08255
G1 X117.86 Y108.636 E471.14694
G1 X117.901 Y108.534 E471.15059
G1 X118.003 Y108.456 E471.15487
G1 X119.8 Y108.456 E471.21463
G1 X119.8 Y100.2 E471.48923
G1 X110.9 Y100.2 E471.78524
G1 X110.896 Y101.976 E471.84431
G1 X110.741 Y102.096 E471.85083
G1 X108.195 Y102.095 E471.93551
G1 X108.075 Y102.039 E471.93992
G1 X108.016 Y101.949 E471.9435
G1 X108.012 Y100.2 E472.00167
G1 X100.2 Y100.2 E472.2615
G1 X100.2 Y119.8 E472.9134
G1 X119.8 Y119.8 E473.5653
G0 F9000 X119.4 Y119.4
;TYPE:WALL-INNER
G1 F1500 X119.4 Y111.147 E473.83979
G1 X118.058 Y111.144 E473.88443
G1 X117.755 Y111.062 E473.89487
G1 X117.614 Y110.947 E473.90092
G1 X117.465 Y110.628 E473.91263
G1 X117.462 Y108.597 E473.98018
G1 X117.584 Y108.29 E473.99117
G1 X117.831 Y108.101 E474.00151
G1 X118.06 Y108.056 E474.00927
G1 X119.4 Y108.056 E474.05384
G1 X119.4 Y100.6 E474.30183
G1 X111.299 Y100.6 E474.57127
G1 X111.296 Y101.898 E474.61444
G1 X111.219 Y102.192 E474.62455
G1 X111.099 Y102.341 E474.63091
G1 X110.83 Y102.494 E474.64121
G1 X108.154 Y102.493 E474.73021
G1 X107.867 Y102.385 E474.74041
G1 X107.658 Y102.118 E474.75169
G1 X107.616 Y101.898 E474.75914
G1 X107.613 Y100.6 E474.80231
G1 X100.6 Y100.6 E475.03556
G1 X100.6 Y119.4 E475.66085
G1 X119.4 Y119.4 E476.28614
G0 F9000 X119 Y119
G1 F1500 X119 Y111.546 E476.53407
G1 X118.057 Y111.544 E476.56543
G1 X117.751 Y111.496 E476.57573
G1 X117.553 Y111.407 E476.58295
G1 X117.317 Y111.215 E476.59307
G1 X117.167 Y110.996 E476.6019
G1 X117.06 Y110.587 E476.61596
G1 X117.064 Y108.558 E476.68345
G1 X117.118 Y108.32 E476.69156
G1 X117.263 Y108.05 E476.70176
G1 X117.464 Y107.853 E476.71112
G1 X117.679 Y107.731 E476.71934
G1 X118.06 Y107.656 E476.73225
G1 X119 Y107.656 E476.76352
G1 X119 Y101 E476.9849
G1 X111.698 Y101 E477.22776
G1 X111.696 Y101.899 E477.25766
G1 X111.652 Y102.193 E477.26755
G1 X111.567 Y102.389 E477.27466
G1 X111.318 Y102.699 E477.28788
G1 X110.989 Y102.853 E477.29996
G1 X110.782 Y102.893 E477.30698
G1 X108.114 Y102.891 E477.39571
G1 X107.884 Y102.84 E477.40355
G1 X107.634 Y102.71 E477.41292
G1 X107.402 Y102.478 E477.42383
G1 X107.286 Y102.266 E477.43187
G1 X107.216 Y101.899 E477.4443
G1 X107.214 Y101 E477.4742
G1 X101 Y101 E477.68088
G1 X101 Y119 E478.27956
G1 X119 Y119 E478.87824
G0 F9000 X114.208 Y118.92
;TYPE:FILL
G1 F3000 X118.92 Y114.208 E479.09988
G0 F9000 X117.234 Y111.37
G0 X117.235 Y107.832
G0 X118.92 Y105.792
G1 F3000 X114.208 Y101.08 E479.32152
G0 F9000 X111.525 Y102.725
G0 X107.39 Y102.725
G0 X105.791 Y101.08
G1 F3000 X101.08 Y105.791 E479.54311
G0 F9000 X101.08 Y114.208
G1 F3000 X105.792 Y118.92 E479.76475
G0 F9000 X105.792 Y118.8
;MESH:NONMESH
G0 F300 X105.792 Y118.8 Z9.7
G0 F9000 X119.53 Y119.53
G0 X119.8 Y119.8
;TIME_ELAPSED:763.414562
;LAYER:48
;TYPE:WALL-OUTER
;MESH:xyzCalibration_cube.stl
G1 F1500 X119.8 Y110.86 E480.06209
G1 X118.059 Y110.856 E480.12
G1 X117.911 Y110.791 E480.12538
G1 X117.861 Y110.682 E480.12937
G1 X117.86 Y108.517 E480.20137
G1 X117.899 Y108.416 E480.20497
G1 X118.003 Y108.336 E480.20934
G1 X119.8 Y108.336 E480.26911
G1 X119.8 Y100.2 E480.53971
G1 X110.772 Y100.2 E480.83998
G1 X110.772 Y101.972 E480.89892
G1 X110.64 Y102.095 E480.90492
G1 X108.285 Y102.092 E480.98325
G1 X108.188 Y102.04 E480.98691
G1 X108.128 Y101.95 E480.99051
G1 X108.124 Y100.2 E481.04871
G1 X100.2 Y100.2 E481.31227
G1 X100.201 Y119.799 E481.96413
G1 X119.8 Y119.8 E482.616
G0 F9000 X119.4 Y119.4
;TYPE:WALL-INNER
G1 F1500 X119.4 Y111.259 E482.88677
G1 X118.058 Y111.256 E482.9314
G1 X117.758 Y111.176 E482.94173
G1 X117.615 Y111.06 E482.94785
G1 X117.464 Y110.734 E482.9598
G1 X117.462 Y108.479 E483.03481
G1 X117.572 Y108.185 E483.04525
G1 X117.835 Y107.979 E483.05636
G1 X118.06 Y107.936 E483.06398
G1 X119.4 Y107.936 E483.10854
G1 X119.4 Y100.6 E483.35254
G1 X111.172 Y100.6 E483.62621
G1 X111.172 Y101.896 E483.66931
G1 X111.095 Y102.192 E483.67948
G1 X110.979 Y102.338 E483.68569
G1 X110.644 Y102.492 E483.69795
G1 X108.267 Y102.493 E483.77701
G1 X107.981 Y102.387 E483.78715
G1 X107.771 Y102.121 E483.79842
G1 X107.728 Y101.898 E483.80598
G1 X107.725 Y100.6 E483.84915
G1 X100.6 Y100.6 E484.08613
G1 X100.601 Y119.399 E484.71139
G1 X119.4 Y119.4 E485.33664
G0 F9000 X119 Y119
G1 F1500 X119 Y111.658 E485.58084
G1 X118.057 Y111.656 E485.6122
G1 X117.755 Y111.609 E485.62237
G1 X117.558 Y111.522 E485.62953
G1 X117.319 Y111.329 E485.63975
G1 X117.166 Y111.105 E485.64877
G1 X117.06 Y110.687 E485.66311
G1 X117.064 Y108.441 E485.73782
G1 X117.114 Y108.21 E485.74568
G1 X117.248 Y107.951 E485.75538
G1 X117.47 Y107.727 E485.76587
G1 X117.685 Y107.608 E485.77404
G1 X118.06 Y107.536 E485.78674
G1 X119 Y107.536 E485.818
G1 X119 Y101 E486.03539
G1 X111.572 Y101 E486.28245
G1 X111.572 Y101.896 E486.31225
G1 X111.528 Y102.192 E486.3222
G1 X111.443 Y102.388 E486.32931
G1 X111.209 Y102.687 E486.34194
G1 X110.892 Y102.844 E486.3537
G1 X110.66 Y102.896 E486.36161
G1 X108.226 Y102.891 E486.44257
G1 X107.999 Y102.841 E486.4503
G1 X107.75 Y102.713 E486.45961
G1 X107.519 Y102.485 E486.4704
G1 X107.4 Y102.271 E486.47855
G1 X107.328 Y101.899 E486.49115
G1 X107.326 Y101 E486.52105
G1 X101 Y101 E486.73145
G1 X101.001 Y118.999 E487.3301
G1 X119 Y119 E487.92875
G0 F9000 X114.008 Y118.92
;TYPE:FILL
G1 F3000 X118.92 Y114.008 E488.1598
G0 F9000 X117.234 Y111.485
G0 X117.235 Y107.712
G0 X118.92 Y105.991
G1 F3000 X114.008 Y101.08 E488.39082
G0 F9000 X111.399 Y102.725
G0 X107.501 Y102.725
G0 X105.99 Y101.08
G1 F3000 X101.081 Y105.99 E488.62175
G0 F9000 X101.08 Y114.009
G1 F3000 X105.99 Y118.918 E488.85268
G0 F9000 X105.99 Y118.8
;MESH:NONMESH
G0 F300 X105.99 Y118.8 Z9.9
G0 F9000 X119.53 Y119.53
G0 X119.8 Y119.8
;TIME_ELAPSED:776.381500
;LAYER:49
;TYPE:WALL-OUTER
;MESH:xyzCalibration_cube.stl
G1 F1500 X119.8 Y110.976 E489.14616
G1 X118.017 Y110.972 E489.20547
G1 X117.934 Y110.929 E489.20858
G1 X117.864 Y110.817 E489.21297
G1 X117.864 Y108.397 E489.29346
G1 X117.916 Y108.28 E489.29772
G1 X118.011 Y108.216 E489.30153
G1 X119.8 Y108.216 E489.36103
G1 X119.8 Y100.2 E489.62764
G1 X110.648 Y100.2 E489.93204
G1 X110.644 Y101.897 E489.98848
G1 X110.581 Y102.043 E489.99377
G1 X110.476 Y102.094 E489.99765
G1 X108.385 Y102.095 E490.0672
G1 X108.236 Y101.951 E490.07409
G1 X108.236 Y100.2 E490.13233
G1 X100.2 Y100.2 E490.39961
G1 X100.2 Y119.8 E491.05151
G1 X119.8 Y119.8 E491.70341
G0 F9000 X119.4 Y119.4
;TYPE:WALL-INNER
G1 F1500 X119.4 Y111.375 E491.97032
G1 X117.93 Y111.372 E492.01921
G1 X117.684 Y111.241 E492.02848
G1 X117.563 Y111.109 E492.03444
G1 X117.464 Y110.843 E492.04388
G1 X117.466 Y108.359 E492.12649
G1 X117.575 Y108.066 E492.13689
G1 X117.842 Y107.858 E492.14815
G1 X118.064 Y107.816 E492.15566
G1 X119.4 Y107.816 E492.2001
G1 X119.4 Y100.6 E492.4401
G1 X111.047 Y100.6 E492.71793
G1 X111.044 Y102.033 E492.76559
G1 X110.865 Y102.325 E492.77698
G1 X110.653 Y102.459 E492.78532
G1 X110.511 Y102.496 E492.7902
G1 X108.375 Y102.493 E492.86125
G1 X108.092 Y102.388 E492.87129
G1 X107.88 Y102.124 E492.88255
G1 X107.836 Y101.896 E492.89027
G1 X107.836 Y100.6 E492.93337
G1 X100.6 Y100.6 E493.17405
G1 X100.6 Y119.4 E493.79934
G1 X119.4 Y119.4 E494.42463
G0 F9000 X119 Y119
G1 F1500 X119 Y111.774 E494.66496
G1 X118.057 Y111.772 E494.69633
G1 X117.76 Y111.727 E494.70632
G1 X117.563 Y111.641 E494.71347
G1 X117.321 Y111.447 E494.72378
G1 X117.164 Y111.217 E494.73305
G1 X117.06 Y110.925 E494.74336
G1 X117.068 Y108.322 E494.82993
G1 X117.164 Y107.978 E494.84181
G1 X117.328 Y107.738 E494.85148
G1 X117.694 Y107.486 E494.86626
G1 X118.064 Y107.416 E494.87878
G1 X119 Y107.416 E494.90992
G1 X119 Y101 E495.12331
G1 X111.446 Y101 E495.37456
G1 X111.444 Y101.899 E495.40446
G1 X111.4 Y102.193 E495.41435
G1 X111.315 Y102.389 E495.42145
G1 X111.127 Y102.627 E495.43154
G1 X110.902 Y102.786 E495.4407
G1 X110.691 Y102.866 E495.44821
G1 X110.444 Y102.896 E495.45649
G1 X108.335 Y102.891 E495.52663
G1 X108.109 Y102.842 E495.53432
G1 X107.863 Y102.716 E495.54352
G1 X107.631 Y102.491 E495.55427
G1 X107.51 Y102.276 E495.56247
G1 X107.436 Y101.896 E495.57535
G1 X107.436 Y101 E495.60515
G1 X101 Y101 E495.81921
G1 X101 Y119 E496.41789
G1 X119 Y119 E497.01658
G0 F9000 X113.807 Y118.92
;TYPE:FILL
G1 F3000 X118.92 Y113.807 E497.25707
G0 F9000 X117.233 Y111.597
G0 X117.237 Y107.591
G0 X118.92 Y106.192
G1 F3000 X113.808 Y101.08 E497.49753
G0 F9000 X111.272 Y102.725
G0 X107.612 Y102.725
G0 X106.191 Y101.08
G1 F3000 X101.08 Y106.191 E497.73793
G0 F9000 X101.08 Y113.807
G1 F3000 X106.192 Y118.92 E497.97841
G0 F9000 X106.192 Y118.8
;MESH:NONMESH
G0 F300 X106.192 Y118.8 Z10.1
G0 F9000 X119.53 Y119.53
G0 X119.8 Y119.8
;TIME_ELAPSED:789.362821
;LAYER:50
;TYPE:WALL-OUTER
;MESH:xyzCalibration_cube.stl
G1 F1500 X119.8 Y111.088 E498.26817
G1 X118.059 Y111.084 E498.32608
G1 X117.912 Y111.02 E498.33141
G1 X117.864 Y110.927 E498.33489
G1 X117.864 Y108.237 E498.42436
G1 X117.948 Y108.136 E498.42873
G1 X118.063 Y108.1 E498.43274
G1 X119.8 Y108.096 E498.49051
G1 X119.8 Y100.2 E498.75313
G1 X110.52 Y100.2 E499.06179
G1 X110.516 Y101.942 E499.11973
G1 X110.454 Y102.042 E499.12364
G1 X110.358 Y102.097 E499.12732
G1 X108.528 Y102.095 E499.18819
G1 X108.434 Y102.061 E499.19151
G1 X108.348 Y101.956 E499.19603
G1 X108.348 Y100.2 E499.25443
G1 X100.2 Y100.2 E499.52543
G1 X100.2 Y119.8 E500.17733
G1 X119.8 Y119.8 E500.82923
G0 F9000 X119.4 Y119.4
;TYPE:WALL-INNER
G1 F1500 X119.4 Y111.487 E501.09242
G1 X118.058 Y111.484 E501.13705
G1 X117.765 Y111.407 E501.14713
G1 X117.617 Y111.29 E501.1534
G1 X117.492 Y111.079 E501.16156
G1 X117.463 Y110.948 E501.16602
G1 X117.466 Y108.245 E501.25593
G1 X117.558 Y107.976 E501.26538
G1 X117.718 Y107.809 E501.27307
G1 X117.845 Y107.741 E501.27787
G1 X118.062 Y107.7 E501.28521
G1 X119.4 Y107.697 E501.32971
G1 X119.4 Y100.6 E501.56576
G1 X110.919 Y100.6 E501.84784
G1 X110.916 Y102.03 E501.8954
G1 X110.744 Y102.318 E501.90656
G1 X110.54 Y102.453 E501.91469
G1 X110.393 Y102.497 E501.9198
G1 X108.488 Y102.493 E501.98316
G1 X108.206 Y102.39 E501.99314
G1 X107.994 Y102.128 E502.00435
G1 X107.948 Y101.896 E502.01222
G1 X107.948 Y100.6 E502.05533
G1 X100.6 Y100.6 E502.29972
G1 X100.6 Y119.4 E502.92501
G1 X119.4 Y119.4 E503.5503
G0 F9000 X119 Y119
G1 F1500 X119 Y111.886 E503.78692
G1 X118.057 Y111.884 E503.81828
G1 X117.764 Y111.84 E503.82813
G1 X117.439 Y111.669 E503.84035
G1 X117.231 Y111.444 E503.85054
G1 X117.113 Y111.208 E503.85932
G1 X117.065 Y110.991 E503.86671
G1 X117.068 Y108.208 E503.95927
G1 X117.111 Y107.996 E503.96647
G1 X117.221 Y107.76 E503.97513
G1 X117.487 Y107.482 E503.98792
G1 X117.699 Y107.368 E503.99593
G1 X118.061 Y107.3 E504.00818
G1 X119 Y107.298 E504.03941
G1 X119 Y101 E504.24888
G1 X111.318 Y101 E504.50439
G1 X111.316 Y101.899 E504.53429
G1 X111.271 Y102.194 E504.54421
G1 X111.186 Y102.39 E504.55132
G1 X111.005 Y102.622 E504.56111
G1 X110.794 Y102.775 E504.56977
G1 X110.408 Y102.892 E504.58319
G1 X108.448 Y102.891 E504.64838
G1 X108.223 Y102.843 E504.65603
G1 X107.979 Y102.719 E504.66514
G1 X107.748 Y102.497 E504.67579
G1 X107.625 Y102.282 E504.68403
G1 X107.548 Y101.896 E504.69712
G1 X107.548 Y101 E504.72692
G1 X101 Y101 E504.94471
G1 X101 Y119 E505.54339
G1 X119 Y119 E506.14207
G0 F9000 X113.608 Y118.92
;TYPE:FILL
G1 F3000 X118.92 Y113.608 E506.39193
G0 F9000 X117.235 Y111.71
G0 X117.236 Y107.473
G0 X118.921 Y106.392
G1 F3000 X113.609 Y101.08 E506.64179
G0 F9000 X111.146 Y102.725
G0 X107.722 Y102.725
G0 X106.391 Y101.08
G1 F3000 X101.08 Y106.391 E506.89161
G0 F9000 X101.08 Y113.608
G1 F3000 X106.391 Y118.92 E507.14144
G0 F9000 X106.391 Y118.8
;MESH:NONMESH
G0 F300 X106.391 Y118.8 Z10.3
G0 F9000 X119.53 Y119.53
G0 X119.8 Y119.8
;TIME_ELAPSED:802.344241
;LAYER:51
;TYPE:WALL-OUTER
;MESH:xyzCalibration_cube.stl
G1 F1500 X119.8 Y111.2 E507.42748
G1 X117.978 Y111.196 E507.48808
G1 X117.86 Y111.016 E507.49524
G1 X117.864 Y108.116 E507.59169
G1 X117.95 Y108.015 E507.59611
G1 X118.063 Y107.98 E507.60004
G1 X119.8 Y107.976 E507.65781
G1 X119.8 Y100.2 E507.91645
G1 X110.62 Y100.2 E508.22177
G1 X110.62 Y101.953 E508.28008
G1 X110.559 Y102.041 E508.28364
G1 X110.439 Y102.096 E508.28803
G1 X108.487 Y102.095 E508.35295
G1 X108.393 Y102.061 E508.35628
G1 X108.308 Y101.954 E508.36082
G1 X108.308 Y100.2 E508.41916
G1 X100.2 Y100.2 E508.68884
G1 X100.2 Y119.8 E509.34073
G1 X119.8 Y119.8 E509.99263
G0 F9000 X119.4 Y119.4
;TYPE:WALL-INNER
G1 F1500 X119.4 Y111.599 E510.25209
G1 X118.058 Y111.596 E510.29673
G1 X117.768 Y111.521 E510.30669
G1 X117.619 Y111.404 E510.31299
G1 X117.491 Y111.187 E510.32137
G1 X117.462 Y111.055 E510.32587
G1 X117.466 Y108.043 E510.42605
G1 X117.609 Y107.788 E510.43577
G1 X117.849 Y107.619 E510.44553
G1 X118.062 Y107.58 E510.45274
G1 X119.4 Y107.577 E510.49724
G1 X119.4 Y100.6 E510.72929
G1 X111.02 Y100.6 E511.00801
G1 X111.02 Y101.896 E511.05112
G1 X110.971 Y102.136 E511.05927
G1 X110.837 Y102.329 E511.06708
G1 X110.648 Y102.452 E511.07458
G1 X110.477 Y102.494 E511.08044
G1 X108.447 Y102.493 E511.14796
G1 X108.165 Y102.389 E511.15795
G1 X107.953 Y102.127 E511.16916
G1 X107.908 Y101.896 E511.17699
G1 X107.908 Y100.6 E511.2201
G1 X100.6 Y100.6 E511.46316
G1 X100.6 Y119.4 E512.08845
G1 X119.4 Y119.4 E512.71374
G0 F9000 X119 Y119
G1 F1500 X119 Y111.998 E512.94663
G1 X118.057 Y111.996 E512.97799
G1 X117.768 Y111.953 E512.98771
G1 X117.574 Y111.871 E512.99472
G1 X117.268 Y111.63 E513.00767
G1 X117.111 Y111.314 E513.01941
G1 X117.064 Y111.093 E513.02692
G1 X117.068 Y108.088 E513.12687
G1 X117.111 Y107.875 E513.1341
G1 X117.252 Y107.576 E513.14509
G1 X117.495 Y107.357 E513.15597
G1 X117.705 Y107.246 E513.16387
G1 X118.061 Y107.18 E513.17591
G1 X119 Y107.178 E513.20715
G1 X119 Y101 E513.41263
G1 X111.42 Y101 E513.66474
G1 X111.42 Y101.896 E513.69454
G1 X111.337 Y102.296 E513.70813
G1 X111.171 Y102.575 E513.71893
G1 X110.903 Y102.772 E513.72999
G1 X110.514 Y102.892 E513.74353
G1 X108.407 Y102.891 E513.81361
G1 X108.183 Y102.842 E513.82123
G1 X107.937 Y102.718 E513.8304
G1 X107.706 Y102.495 E513.84108
G1 X107.584 Y102.28 E513.8493
G1 X107.508 Y101.896 E513.86232
G1 X107.508 Y101 E513.89212
G1 X101 Y101 E514.10858
G1 X101 Y119 E514.70726
G1 X119 Y119 E515.30594
G0 F9000 X113.407 Y118.92
;TYPE:FILL
G1 F3000 X118.92 Y113.407 E515.56525
G0 F9000 X117.235 Y111.825
G0 X117.236 Y107.353
G0 X118.92 Y106.592
G1 F3000 X113.408 Y101.08 E515.82452
G0 F9000 X111.25 Y102.725
G0 X107.682 Y102.726
G0 X106.592 Y101.08
G1 F3000 X101.08 Y106.591 E516.08377
G0 F9000 X101.08 Y113.407
G1 F3000 X106.592 Y118.92 E516.34306
G0 F9000 X106.592 Y118.8
;MESH:NONMESH
G0 F300 X106.592 Y118.8 Z10.5
G0 F9000 X119.53 Y119.53
G0 X119.8 Y119.8
;TIME_ELAPSED:815.356257
;LAYER:52
;TYPE:WALL-OUTER
;MESH:xyzCalibration_cube.stl
G1 F1500 X119.8 Y111.316 E516.62524
G1 X118 Y111.312 E516.6851
G1 X117.894 Y111.225 E516.68967
G1 X117.86 Y111.132 E516.69296
G1 X117.864 Y108.041 E516.79577
G1 X117.898 Y107.947 E516.79909
G1 X118.008 Y107.86 E516.80376
G1 X119.8 Y107.856 E516.86336
G1 X119.8 Y100.2 E517.118
G1 X110.748 Y100.2 E517.41907
G1 X110.748 Y101.951 E517.47731
G1 X110.688 Y102.04 E517.48088
G1 X110.588 Y102.093 E517.48464
G1 X108.375 Y102.095 E517.55825
G1 X108.234 Y102.015 E517.56364
G1 X108.196 Y101.896 E517.56779
G1 X108.196 Y100.2 E517.6242
G1 X100.201 Y100.201 E517.89012
G1 X100.2 Y119.8 E518.54198
G1 X119.8 Y119.8 E519.19388
G0 F9000 X119.4 Y119.4
;TYPE:WALL-INNER
G1 F1500 X119.4 Y111.715 E519.44948
G1 X118.058 Y111.712 E519.49412
G1 X117.824 Y111.664 E519.50206
G1 X117.564 Y111.45 E519.51326
G1 X117.462 Y111.171 E519.52315
G1 X117.466 Y108.004 E519.62848
G1 X117.568 Y107.721 E519.63849
G1 X117.727 Y107.563 E519.64594
G1 X118.062 Y107.46 E519.6576
G1 X119.4 Y107.457 E519.7021
G1 X119.4 Y100.6 E519.93016
G1 X111.148 Y100.6 E520.20463
G1 X111.148 Y101.896 E520.24773
G1 X111.1 Y102.133 E520.25578
G1 X110.968 Y102.326 E520.26355
G1 X110.841 Y102.42 E520.26881
G1 X110.605 Y102.494 E520.27703
G1 X108.335 Y102.493 E520.35253
G1 X108.051 Y102.388 E520.3626
G1 X107.84 Y102.123 E520.37387
G1 X107.796 Y101.896 E520.38156
G1 X107.796 Y100.6 E520.42467
G1 X100.601 Y100.601 E520.66397
G1 X100.6 Y119.4 E521.28923
G1 X119.4 Y119.4 E521.91452
G0 F9000 X119 Y119
G1 F1500 X119 Y112.114 E522.14355
G1 X118.057 Y112.112 E522.17492
G1 X117.667 Y112.032 E522.18816
G1 X117.451 Y111.906 E522.19647
G1 X117.233 Y111.676 E522.20701
G1 X117.112 Y111.433 E522.21604
G1 X117.064 Y111.21 E522.22363
G1 X117.068 Y107.967 E522.33149
G1 X117.112 Y107.753 E522.33876
G1 X117.263 Y107.443 E522.35023
G1 X117.503 Y107.232 E522.36086
G1 X117.712 Y107.123 E522.3687
G1 X118.061 Y107.06 E522.38049
G1 X119 Y107.058 E522.41172
G1 X119 Y101 E522.61321
G1 X111.548 Y101 E522.86107
G1 X111.548 Y101.896 E522.89087
G1 X111.468 Y102.29 E522.90424
G1 X111.304 Y102.57 E522.91503
G1 X111.036 Y102.77 E522.92616
G1 X110.705 Y102.892 E522.93789
G1 X108.295 Y102.891 E523.01805
G1 X108.068 Y102.841 E523.02578
G1 X107.821 Y102.715 E523.035
G1 X107.59 Y102.489 E523.04575
G1 X107.469 Y102.274 E523.05395
G1 X107.396 Y101.896 E523.06676
G1 X107.396 Y101 E523.09656
G1 X101.001 Y101.001 E523.30926
G1 X101 Y119 E523.90791
G1 X119 Y119 E524.50659
G0 F9000 X113.208 Y118.92
;TYPE:FILL
G1 F3000 X118.92 Y113.208 E524.77526
G0 F9000 X117.234 Y111.937
G0 X117.238 Y107.234
G0 X118.92 Y106.792
G1 F3000 X113.208 Y101.08 E525.04394
G0 F9000 X111.379 Y102.725
G0 X107.569 Y102.726
G0 X106.792 Y101.08
G1 F3000 X101.081 Y106.79 E525.31254
G0 F9000 X101.08 Y113.208
G1 F3000 X106.792 Y118.92 E525.58122
G0 F9000 X106.792 Y118.8
;MESH:NONMESH
G0 F300 X106.792 Y118.8 Z10.7
G0 F9000 X119.53 Y119.53
G0 X119.8 Y119.8
;TIME_ELAPSED:828.385281
;LAYER:53
;TYPE:WALL-OUTER
;MESH:xyzCalibration_cube.stl
G1 F1500 X119.8 Y111.428 E525.85967
G1 X118.008 Y111.424 E525.91927
G1 X117.918 Y111.362 E525.92291
G1 X117.864 Y111.244 E525.92723
G1 X117.864 Y107.894 E526.03865
G1 X118.011 Y107.74 E526.04573
G1 X119.8 Y107.736 E526.10523
G1 X119.8 Y100.2 E526.35588
G1 X110.876 Y100.2 E526.65269
G1 X110.876 Y101.955 E526.71106
G1 X110.796 Y102.057 E526.71538
G1 X110.696 Y102.096 E526.71895
G1 X108.263 Y102.095 E526.79987
G1 X108.121 Y102.014 E526.8053
G1 X108.084 Y101.896 E526.80942
G1 X108.084 Y100.2 E526.86583
G1 X100.2 Y100.2 E527.12805
G1 X100.2 Y119.8 E527.77995
G1 X119.8 Y119.8 E528.43185
G0 F9000 X119.4 Y119.4
;TYPE:WALL-INNER
G1 F1500 X119.4 Y111.827 E528.68373
G1 X118.062 Y111.824 E528.72823
G1 X117.831 Y111.777 E528.73607
G1 X117.569 Y111.565 E528.74728
G1 X117.466 Y111.284 E528.75723
G1 X117.466 Y107.884 E528.87032
G1 X117.568 Y107.601 E528.88032
G1 X117.856 Y107.376 E528.89248
G1 X118.062 Y107.34 E528.89943
G1 X119.4 Y107.337 E528.94394
G1 X119.4 Y100.6 E529.16801
G1 X111.276 Y100.6 E529.43821
G1 X111.276 Y101.896 E529.48132
G1 X111.23 Y102.129 E529.48922
G1 X111.036 Y102.377 E529.49969
G1 X110.734 Y102.494 E529.51046
G1 X108.223 Y102.493 E529.59398
G1 X107.936 Y102.386 E529.60417
G1 X107.726 Y102.12 E529.61544
G1 X107.684 Y101.896 E529.62302
G1 X107.684 Y100.6 E529.66612
G1 X100.6 Y100.6 E529.90174
G1 X100.6 Y119.4 E530.52703
G1 X119.4 Y119.4 E531.15232
G0 F9000 X119 Y119
G1 F1500 X119 Y112.226 E531.37762
G1 X118.061 Y112.224 E531.40886
G1 X117.675 Y112.146 E531.42195
G1 X117.46 Y112.022 E531.43021
G1 X117.24 Y111.792 E531.44079
G1 X117.117 Y111.548 E531.44988
G1 X117.068 Y111.324 E531.45751
G1 X117.068 Y107.848 E531.57312
G1 X117.16 Y107.51 E531.58477
G1 X117.314 Y107.277 E531.59406
G1 X117.511 Y107.106 E531.60274
G1 X117.718 Y107.001 E531.61046
G1 X118.061 Y106.94 E531.62205
G1 X119 Y106.938 E531.65328
G1 X119 Y101 E531.85078
G1 X111.676 Y101 E532.09437
G1 X111.676 Y101.896 E532.12417
G1 X111.599 Y102.284 E532.13733
G1 X111.381 Y102.606 E532.15026
G1 X111.168 Y102.768 E532.15916
G1 X110.835 Y102.892 E532.17098
G1 X108.182 Y102.891 E532.25922
G1 X107.954 Y102.84 E532.26699
G1 X107.705 Y102.712 E532.2763
G1 X107.473 Y102.482 E532.28717
G1 X107.355 Y102.268 E532.2953
G1 X107.284 Y101.896 E532.30789
G1 X107.284 Y101 E532.3377
G1 X101 Y101 E532.5467
G1 X101 Y119 E533.14538
G1 X119 Y119 E533.74407
G0 F9000 X113.007 Y118.92
;TYPE:FILL
G1 F3000 X118.92 Y113.007 E534.0222
G0 F9000 X117.236 Y112.05
G0 X117.237 Y107.114
G0 X118.785 Y106.858
G1 F3000 X113.008 Y101.08 E534.29395
G0 F9000 X111.507 Y102.725
G0 X107.457 Y102.726
G0 X106.992 Y101.08
G1 F3000 X101.08 Y106.992 E534.57203
G0 F9000 X101.08 Y113.007
G1 F3000 X106.992 Y118.92 E534.85014
G0 F9000 X106.992 Y118.8
;MESH:NONMESH
G0 F300 X106.992 Y118.8 Z10.9
G0 F9000 X119.53 Y119.53
G0 X119.8 Y119.8
;TIME_ELAPSED:841.446518
;LAYER:54
;TYPE:WALL-OUTER
;MESH:xyzCalibration_cube.stl
G1 F1500 X119.8 Y111.54 E535.12487
G1 X118.006 Y111.536 E535.18454
G1 X117.899 Y111.451 E535.18908
G1 X117.865 Y111.357 E535.19241
G1 X117.864 Y107.772 E535.31165
G1 X118.012 Y107.62 E535.3187
G1 X119.8 Y107.62 E535.37817
G1 X119.8 Y100.2 E535.62496
G1 X111.004 Y100.2 E535.91752
G1 X111.004 Y101.953 E535.97582
G1 X110.926 Y102.056 E535.98012
G1 X110.824 Y102.096 E535.98376
G1 X108.151 Y102.095 E536.07267
G1 X108.055 Y102.059 E536.07608
G1 X107.972 Y101.953 E536.08056
G1 X107.972 Y100.2 E536.13886
G1 X100.2 Y100.2 E536.39736
G1 X100.2 Y119.8 E537.04926
G1 X119.8 Y119.8 E537.70116
G0 F9000 X119.4 Y119.4
;TYPE:WALL-INNER
G1 F1500 X119.4 Y111.939 E537.94931
G1 X118.062 Y111.936 E537.99381
G1 X117.834 Y111.891 E538.00154
G1 X117.571 Y111.679 E538.01278
G1 X117.467 Y111.397 E538.02277
G1 X117.466 Y107.764 E538.14361
G1 X117.567 Y107.482 E538.15357
G1 X117.737 Y107.316 E538.16147
G1 X118.064 Y107.22 E538.17281
G1 X119.4 Y107.22 E538.21724
G1 X119.4 Y100.6 E538.43743
G1 X111.404 Y100.6 E538.70337
G1 X111.404 Y101.896 E538.74648
G1 X111.359 Y102.125 E538.75424
G1 X111.231 Y102.319 E538.76197
G1 X111.102 Y102.417 E538.76736
G1 X110.862 Y102.494 E538.77574
G1 X108.11 Y102.493 E538.86728
G1 X107.822 Y102.384 E538.87752
G1 X107.613 Y102.116 E538.88882
G1 X107.572 Y101.896 E538.89626
G1 X107.572 Y100.6 E538.93937
G1 X100.6 Y100.6 E539.17126
G1 X100.6 Y119.4 E539.79655
G1 X119.4 Y119.4 E540.42184
G0 F9000 X119 Y119
G1 F1500 X119 Y112.338 E540.64342
G1 X118.061 Y112.336 E540.67465
G1 X117.681 Y112.26 E540.68754
G1 X117.466 Y112.138 E540.69576
G1 X117.243 Y111.908 E540.70642
G1 X117.118 Y111.662 E540.71559
G1 X117.069 Y111.437 E540.72325
G1 X117.068 Y107.727 E540.84665
G1 X117.113 Y107.508 E540.85408
G1 X117.262 Y107.2 E540.86546
G1 X117.519 Y106.981 E540.87669
G1 X117.726 Y106.878 E540.88438
G1 X118.064 Y106.82 E540.89579
G1 X119 Y106.82 E540.92692
G1 X119 Y101 E541.1205
G1 X111.804 Y101 E541.35984
G1 X111.804 Y101.896 E541.38964
G1 X111.729 Y102.277 E541.40255
G1 X111.608 Y102.492 E541.41076
G1 X111.41 Y102.693 E541.42014
G1 X111.194 Y102.817 E541.42843
G1 X110.901 Y102.892 E541.43849
G1 X108.069 Y102.891 E541.53268
G1 X107.839 Y102.84 E541.54051
G1 X107.589 Y102.709 E541.5499
G1 X107.356 Y102.475 E541.56088
G1 X107.241 Y102.262 E541.56894
G1 X107.172 Y101.896 E541.58132
G1 X107.172 Y101 E541.61112
G1 X101 Y101 E541.81641
G1 X101 Y119 E542.41509
G1 X119 Y119 E543.01377
G0 F9000 X112.808 Y118.92
;TYPE:FILL
G1 F3000 X118.92 Y112.808 E543.30126
G0 F9000 X117.236 Y112.165
G0 X117.238 Y106.995
G0 X118.468 Y106.74
G1 F3000 X112.808 Y101.08 E543.56749
G0 F9000 X111.633 Y102.725
G0 X107.344 Y102.726
G0 X107.092 Y101.179
G1 F3000 X101.08 Y107.191 E543.85028
G0 F9000 X101.08 Y112.808
G1 F3000 X107.192 Y118.92 E544.13777
G0 F9000 X107.192 Y118.8
;MESH:NONMESH
G0 F300 X107.192 Y118.8 Z11.1
G0 F9000 X117.165 Y109.579
G0 X118.047 Y109.58
;TIME_ELAPSED:854.540700
;LAYER:55
;TYPE:WALL-OUTER
;MESH:xyzCalibration_cube.stl
G1 F1467 X119.796 Y109.58 E544.19725
G1 F2700 E535.19725
G0 F9000 X119.586 Y111.868
G0 X119.8 Y119.8
G1 F2700 E544.19725
G1 F1500 X119.8 Y111.656 E544.46812
G1 X118.005 Y111.652 E544.52782
G1 X117.868 Y111.495 E544.53475
G1 X117.87 Y109.732 E544.59339
G1 F1481.5 X118.047 Y109.58 E544.60124
G1 X117.87 Y109.428 E544.6091
G1 F1500 X117.864 Y107.681 E544.66721
G1 X117.915 Y107.565 E544.67142
G1 X118.014 Y107.5 E544.67536
G1 X119.8 Y107.5 E544.73476
G1 X119.8 Y100.2 E544.97756
G1 X111.132 Y100.2 E545.26586
G1 X111.132 Y101.955 E545.32423
G1 X111.011 Y102.096 E545.33041
G1 X108.039 Y102.095 E545.42926
G1 X107.942 Y102.058 E545.43271
G1 X107.86 Y101.951 E545.4372
G1 X107.86 Y100.2 E545.49544
G1 X100.201 Y100.201 E545.75018
G1 X100.2 Y119.8 E546.40204
G1 X119.8 Y119.8 E547.05394
G0 F9000 X119.4 Y119.4
;TYPE:WALL-INNER
G1 F1500 X119.4 Y112.055 E547.29824
G1 X118.062 Y112.052 E547.34274
G1 X117.837 Y112.008 E547.35036
G1 X117.633 Y111.87 E547.35855
G1 X117.528 Y111.723 E547.36456
G1 X117.467 Y111.513 E547.37184
G1 X117.466 Y109.645 E547.43397
G1 X117.544 Y109.58 E547.43734
G1 X117.464 Y109.513 E547.44081
G1 X117.466 Y107.644 E547.50298
G1 X117.494 Y107.511 E547.5075
G1 X117.619 Y107.296 E547.51577
G1 X117.865 Y107.133 E547.52558
G1 X118.064 Y107.1 E547.53229
G1 X119.4 Y107.1 E547.57673
G1 X119.4 Y100.6 E547.79292
G1 X111.532 Y100.6 E548.05461
G1 X111.532 Y101.896 E548.09772
G1 X111.489 Y102.121 E548.10534
G1 X111.362 Y102.316 E548.11308
G1 X111.233 Y102.416 E548.1185
G1 X110.991 Y102.494 E548.12696
G1 X107.998 Y102.493 E548.22651
G1 X107.707 Y102.382 E548.23687
G1 X107.5 Y102.112 E548.24818
G1 X107.46 Y101.896 E548.25549
G1 X107.46 Y100.6 E548.29859
G1 X100.601 Y100.601 E548.52673
G1 X100.6 Y119.4 E549.15198
G1 X119.4 Y119.4 E549.77727
G0 F9000 X119 Y119
G1 F1500 X119 Y112.454 E549.99499
G1 X118.061 Y112.452 E550.02623
G1 X117.687 Y112.379 E550.0389
G1 X117.346 Y112.149 E550.05258
G1 X117.171 Y111.903 E550.06262
G1 X117.069 Y111.615 E550.07278
G1 X117.068 Y107.606 E550.20612
G1 X117.114 Y107.385 E550.21363
G1 X117.268 Y107.073 E550.2252
G1 X117.527 Y106.856 E550.23644
G1 X117.733 Y106.756 E550.24406
G1 X118.064 Y106.7 E550.25522
G1 X119 Y106.7 E550.28635
G1 X119 Y101 E550.47594
G1 X111.932 Y101 E550.71102
G1 X111.932 Y101.896 E550.74082
G1 X111.86 Y102.271 E550.75352
G1 X111.648 Y102.595 E550.7664
G1 X111.384 Y102.801 E550.77754
G1 X111.03 Y102.892 E550.78969
G1 X107.957 Y102.891 E550.8919
G1 X107.725 Y102.839 E550.89981
G1 X107.472 Y102.706 E550.90932
G1 X107.239 Y102.468 E550.92039
G1 X107.126 Y102.256 E550.92839
G1 X107.06 Y101.896 E550.94056
G1 X107.06 Y101 E550.97036
G1 X101.001 Y101.001 E551.17188
G1 X101 Y119 E551.77053
G1 X119 Y119 E552.36921
G0 F9000 X112.608 Y118.92
;TYPE:FILL
G1 F3000 X118.92 Y112.608 E552.66611
G0 F9000 X117.236 Y112.277
G0 X117.238 Y106.875
G0 X118.148 Y106.62
G1 F3000 X112.609 Y101.08 E552.92667
G0 F9000 X111.761 Y102.726
G0 X107.232 Y102.727
G0 X106.98 Y101.491
G1 F3000 X101.081 Y107.39 E553.20414
G0 F9000 X101.08 Y112.608
G1 F3000 X107.391 Y118.92 E553.50102
G0 F9000 X107.391 Y118.8
;MESH:NONMESH
G0 F300 X107.391 Y118.8 Z11.3
G0 F9000 X117.165 Y109.577
G0 X118.037 Y109.578
;TIME_ELAPSED:868.603386
;LAYER:56
;TYPE:WALL-OUTER
;MESH:xyzCalibration_cube.stl
G1 F939 X119.68 Y109.576 E553.58831
G1 F2700 E544.58831
G0 F9000 X119.586 Y111.981
G0 X119.8 Y119.8
G1 F2700 E553.58831
G1 F1500 X119.8 Y111.768 E553.85546
G1 X118.007 Y111.764 E553.9151
G1 X117.868 Y111.607 E553.92207
G1 F1395.3 X117.867 Y110.723 E553.95368
G1 F1227 X117.865 Y109.839 E553.98962
G1 F1038.1 X118.037 Y109.578 E554.00464
G1 X117.865 Y109.316 E554.01971
G1 F1227 X117.865 Y108.438 E554.05541
G1 F1395.3 X117.864 Y107.56 E554.0868
G1 F1500 X117.916 Y107.444 E554.09103
G1 X118.014 Y107.38 E554.09492
G1 X119.8 Y107.38 E554.15432
G1 X119.8 Y100.2 E554.39313
G1 X111.26 Y100.2 E554.67717
G1 X111.26 Y101.95 E554.73538
G1 X111.204 Y102.036 E554.73879
G1 X111.08 Y102.096 E554.74337
G1 X107.927 Y102.095 E554.84824
G1 X107.829 Y102.058 E554.85173
G1 X107.748 Y101.951 E554.85619
G1 X107.748 Y100.2 E554.91443
G1 X100.2 Y100.2 E555.16548
G1 X100.2 Y119.8 E555.81737
G1 X119.8 Y119.8 E556.46927
G0 F9000 X119.4 Y119.4
;TYPE:WALL-INNER
G1 F1500 X119.4 Y112.167 E556.70984
G1 X118.062 Y112.164 E556.75435
G1 X117.841 Y112.122 E556.76183
G1 X117.574 Y111.912 E556.77313
G1 X117.497 Y111.763 E556.7787
G1 X117.464 Y111.564 E556.78541
G1 X117.469 Y109.813 E556.84365
G1 X117.509 Y109.666 E556.84872
G1 X117.63 Y109.578 E556.8537
G1 X117.509 Y109.49 E556.85867
G1 X117.464 Y109.285 E556.86565
G1 X117.466 Y107.523 E556.92426
G1 X117.568 Y107.241 E556.93423
G1 X117.747 Y107.07 E556.94246
G1 X118.064 Y106.98 E556.95342
G1 X119.4 Y106.98 E556.99786
G1 X119.4 Y100.6 E557.21006
G1 X111.66 Y100.6 E557.46749
G1 X111.66 Y101.896 E557.5106
G1 X111.619 Y102.117 E557.51807
G1 X111.43 Y102.369 E557.52855
G1 X111.12 Y102.494 E557.53967
G1 X107.885 Y102.493 E557.64726
G1 X107.592 Y102.38 E557.65771
G1 X107.386 Y102.109 E557.66903
G1 X107.348 Y101.896 E557.67623
G1 X107.348 Y100.6 E557.71933
G1 X100.6 Y100.6 E557.94377
G1 X100.6 Y119.4 E558.56906
G1 X119.4 Y119.4 E559.19435
G0 F9000 X119 Y119
G1 F1500 X119 Y112.566 E559.40835
G1 X118.061 Y112.564 E559.43958
G1 X117.692 Y112.493 E559.45208
G1 X117.35 Y112.265 E559.46575
G1 X117.172 Y112.018 E559.47588
G1 X117.069 Y111.728 E559.48611
G1 X117.067 Y109.813 E559.5498
G1 X117.12 Y109.578 E559.55782
G1 X117.064 Y109.302 E559.56718
G1 X117.068 Y107.485 E559.62762
G1 X117.115 Y107.262 E559.6352
G1 X117.268 Y106.951 E559.64673
G1 X117.536 Y106.73 E559.65828
G1 X117.74 Y106.633 E559.66579
G1 X118.064 Y106.58 E559.67671
G1 X119 Y106.58 E559.70784
G1 X119 Y101 E559.89343
G1 X112.06 Y101 E560.12426
G1 X112.06 Y101.896 E560.15406
G1 X111.991 Y102.264 E560.16651
G1 X111.875 Y102.477 E560.17458
G1 X111.677 Y102.684 E560.18411
G1 X111.459 Y102.814 E560.19255
G1 X111.159 Y102.892 E560.20286
G1 X107.844 Y102.891 E560.31312
G1 X107.61 Y102.838 E560.3211
G1 X107.356 Y102.703 E560.33066
G1 X107.122 Y102.461 E560.34186
G1 X107.012 Y102.251 E560.34975
G1 X106.948 Y101.896 E560.36174
G1 X106.948 Y101 E560.39154
G1 X101 Y101 E560.58938
G1 X101 Y119 E561.18806
G1 X119 Y119 E561.78674
G0 F9000 X118.682 Y112.645
;TYPE:FILL
G1 F3000 X112.407 Y118.92 E562.0819
G0 F9000 X107.592 Y118.92
G1 F3000 X101.08 Y112.407 E562.38823
G0 F9000 X101.08 Y107.591
G1 F3000 X106.868 Y101.804 E562.66045
G0 F9000 X107.12 Y102.727
G0 X111.889 Y102.726
G0 X112.407 Y101.08
G1 F3000 X117.861 Y106.533 E562.91697
G0 F9000 X117.862 Y106.381
;MESH:NONMESH
G0 F300 X117.862 Y106.381 Z11.5
G0 F9000 X117.638 Y107.154
G0 X117.636 Y111.991
G0 X119.53 Y119.53
G0 X119.8 Y119.8
;TIME_ELAPSED:882.480212
;LAYER:57
;TYPE:WALL-OUTER
;MESH:xyzCalibration_cube.stl
G1 F1500 X119.8 Y111.88 E563.18039
G1 X118.006 Y111.876 E563.24006
G1 X117.868 Y111.719 E563.24701
G1 X117.865 Y109.923 E563.30674
G1 F1438.8 X118.045 Y109.788 E563.31455
G1 F1382.5 X119.783 Y109.791 E563.37727
G1 X119.783 Y109.357 E563.39293
G1 X118.045 Y109.356 E563.45565
G1 F1438.8 X117.864 Y109.22 E563.4635
G1 F1500 X117.864 Y107.44 E563.5227
G1 X117.917 Y107.323 E563.52697
G1 X118.016 Y107.26 E563.53088
G1 X119.8 Y107.26 E563.59021
G1 X119.8 Y100.2 E563.82503
G1 X111.388 Y100.2 E564.10481
G1 X111.388 Y101.951 E564.16305
G1 X111.313 Y102.053 E564.16726
G1 X111.208 Y102.096 E564.17104
G1 X107.811 Y102.095 E564.28402
G1 X107.712 Y102.057 E564.28755
G1 X107.632 Y101.95 E564.29199
G1 X107.635 Y100.2 E564.3502
G1 X100.2 Y100.2 E564.59749
G1 X100.2 Y119.8 E565.24938
G1 X119.8 Y119.8 E565.90128
G0 F9000 X119.4 Y119.4
;TYPE:WALL-INNER
G1 F1500 X119.4 Y112.279 E566.13813
G1 X118.062 Y112.276 E566.18263
G1 X117.844 Y112.235 E566.19001
G1 X117.638 Y112.1 E566.1982
G1 X117.53 Y111.951 E566.20432
G1 X117.464 Y111.769 E566.21076
G1 X117.467 Y109.936 E566.27173
G1 X117.541 Y109.709 E566.27967
G1 X117.755 Y109.572 E566.28812
G1 X117.541 Y109.435 E566.29657
G1 X117.464 Y109.174 E566.30562
G1 X117.466 Y107.402 E566.36456
G1 X117.57 Y107.118 E566.37462
G1 X117.752 Y106.947 E566.38292
G1 X118.064 Y106.86 E566.3937
G1 X119.4 Y106.86 E566.43813
G1 X119.4 Y100.6 E566.64634
G1 X111.788 Y100.6 E566.89952
G1 X111.788 Y101.896 E566.94262
G1 X111.748 Y102.113 E566.94996
G1 X111.562 Y102.366 E566.9604
G1 X111.248 Y102.494 E566.97168
G1 X107.769 Y102.493 E567.08739
G1 X107.474 Y102.378 E567.09793
G1 X107.269 Y102.105 E567.10928
G1 X107.232 Y101.894 E567.11641
G1 X107.234 Y100.6 E567.15944
G1 X100.6 Y100.6 E567.38009
G1 X100.6 Y119.4 E568.00538
G1 X119.4 Y119.4 E568.63067
G0 F9000 X119 Y119
G1 F1500 X119 Y112.678 E568.84094
G1 X118.061 Y112.676 E568.87217
G1 X117.698 Y112.607 E568.88446
G1 X117.486 Y112.493 E568.89247
G1 X117.251 Y112.26 E568.90348
G1 X117.12 Y112.009 E568.91289
G1 X117.069 Y111.779 E568.92073
G1 X117.068 Y109.91 E568.98289
G1 X117.168 Y109.572 E568.99462
G1 X117.065 Y109.197 E569.00755
G1 X117.068 Y107.364 E569.06852
G1 X117.116 Y107.138 E569.0762
G1 X117.269 Y106.829 E569.08767
G1 X117.545 Y106.605 E569.09949
G1 X117.747 Y106.511 E569.1069
G1 X118.064 Y106.46 E569.11758
G1 X119 Y106.46 E569.14871
G1 X119 Y101 E569.33031
G1 X112.188 Y101 E569.55688
G1 X112.188 Y101.896 E569.58668
G1 X112.121 Y102.257 E569.59889
G1 X111.908 Y102.591 E569.61207
G1 X111.649 Y102.797 E569.62308
G1 X111.288 Y102.892 E569.63549
G1 X107.727 Y102.891 E569.75393
G1 X107.491 Y102.837 E569.76198
G1 X107.235 Y102.699 E569.77166
G1 X107.001 Y102.453 E569.78295
G1 X106.894 Y102.243 E569.79079
G1 X106.832 Y101.893 E569.80261
G1 X106.833 Y101 E569.83231
G1 X101 Y101 E570.02632
G1 X101 Y119 E570.625
G1 X119 Y119 E571.22368
G0 F9000 X118.371 Y112.757
;TYPE:FILL
G1 F3000 X112.208 Y118.92 E571.51357
G0 F9000 X107.791 Y118.92
G1 F3000 X101.08 Y112.208 E571.82926
G0 F9000 X101.08 Y107.791
G1 F3000 X106.788 Y102.083 E572.09775
G0 F9000 X107.007 Y102.727
G0 X112.017 Y102.726
G0 X112.267 Y101.139
G1 F3000 X117.614 Y106.485 E572.34923
G0 F9000 X117.615 Y106.263
;MESH:NONMESH
G0 F300 X117.615 Y106.263 Z11.7
G0 F9000 X117.637 Y112.105
G0 X119.53 Y119.53
G0 X119.8 Y119.8
;TIME_ELAPSED:895.608652
;LAYER:58
;TYPE:WALL-OUTER
;MESH:xyzCalibration_cube.stl
G1 F1500 X119.8 Y111.996 E572.60879
G1 X118.063 Y111.992 E572.66656
G1 X117.949 Y111.957 E572.67053
G1 X117.868 Y111.836 E572.67537
G1 X117.867 Y110.08 E572.73378
G1 F1265.8 X118.04 Y109.843 E572.74534
G1 F1094.9 X119.727 Y109.846 E572.82221
G1 F1096.9 X119.727 Y109.297 E572.84718
G1 F1094.9 X118.04 Y109.297 E572.92406
G1 F1265.8 X117.901 Y109.141 E572.93229
G1 F1500 X117.864 Y109.039 E572.9359
G1 X117.864 Y107.292 E572.994
G1 X118.016 Y107.14 E573.00115
G1 X119.8 Y107.14 E573.06049
G1 X119.8 Y100.2 E573.29132
G1 X111.516 Y100.2 E573.56684
G1 X111.516 Y101.948 E573.62498
G1 X111.461 Y102.035 E573.6284
G1 X111.359 Y102.092 E573.63229
G1 X107.676 Y102.092 E573.75479
G1 X107.574 Y102.034 E573.75869
G1 X107.52 Y101.947 E573.7621
G1 X107.52 Y100.2 E573.8202
G1 X100.2 Y100.2 E574.06367
G1 X100.2 Y119.8 E574.71556
G1 X119.8 Y119.8 E575.36746
G0 F9000 X119.4 Y119.4
;TYPE:WALL-INNER
G1 F1500 X119.4 Y112.395 E575.60045
G1 X118.062 Y112.392 E575.64495
G1 X117.848 Y112.353 E575.65219
G1 X117.578 Y112.145 E575.66352
G1 X117.467 Y111.854 E575.67388
G1 X117.468 Y110.045 E575.73405
G1 X117.575 Y109.767 E575.74396
G1 X117.921 Y109.57 E575.7572
G1 X117.575 Y109.373 E575.77044
G1 X117.465 Y109.067 E575.78126
G1 X117.466 Y107.282 E575.84063
G1 X117.572 Y106.995 E575.8508
G1 X117.758 Y106.823 E575.85923
G1 X118.064 Y106.74 E575.86977
G1 X119.4 Y106.74 E575.91421
G1 X119.4 Y100.6 E576.11843
G1 X111.916 Y100.6 E576.36735
G1 X111.916 Y101.896 E576.41045
G1 X111.878 Y102.109 E576.41765
G1 X111.694 Y102.363 E576.42808
G1 X111.377 Y102.493 E576.43948
G1 X107.656 Y102.493 E576.56324
G1 X107.359 Y102.376 E576.57385
G1 X107.155 Y102.101 E576.58524
G1 X107.12 Y101.896 E576.59216
G1 X107.12 Y100.6 E576.63526
G1 X100.6 Y100.6 E576.85212
G1 X100.6 Y119.4 E577.47741
G1 X119.4 Y119.4 E578.1027
G0 F9000 X119 Y119
G1 F1500 X119 Y112.794 E578.30911
G1 X118.061 Y112.792 E578.34034
G1 X117.704 Y112.726 E578.35242
G1 X117.493 Y112.614 E578.36037
G1 X117.255 Y112.38 E578.37147
G1 X117.121 Y112.128 E578.38096
G1 X117.069 Y111.895 E578.3889
G1 X117.07 Y109.997 E578.45203
G1 X117.121 Y109.78 E578.45944
G1 X117.231 Y109.57 E578.46733
G1 X117.121 Y109.36 E578.47521
G1 X117.07 Y109.143 E578.48263
G1 X117.068 Y107.243 E578.54582
G1 X117.117 Y107.015 E578.55358
G1 X117.277 Y106.701 E578.5653
G1 X117.554 Y106.479 E578.5771
G1 X117.754 Y106.388 E578.58441
G1 X118.064 Y106.34 E578.59485
G1 X119 Y106.34 E578.62598
G1 X119 Y101 E578.80359
G1 X112.316 Y101 E579.0259
G1 X112.316 Y101.896 E579.0557
G1 X112.252 Y102.25 E579.06766
G1 X112.037 Y102.59 E579.08104
G1 X111.782 Y102.795 E579.09193
G1 X111.418 Y102.891 E579.10445
G1 X107.614 Y102.891 E579.23097
G1 X107.377 Y102.836 E579.23906
G1 X107.119 Y102.696 E579.24882
G1 X106.884 Y102.445 E579.26026
G1 X106.779 Y102.237 E579.26801
G1 X106.72 Y101.896 E579.27952
G1 X106.72 Y101 E579.30932
G1 X101 Y101 E579.49957
G1 X101 Y119 E580.09825
G1 X119 Y119 E580.69693
G0 F9000 X118.058 Y112.869
;TYPE:FILL
G1 F3000 X112.007 Y118.92 E580.98155
G0 F9000 X107.992 Y118.92
G1 F3000 X101.08 Y112.007 E581.3067
G0 F9000 X101.08 Y107.991
G1 F3000 X106.739 Y102.332 E581.57288
G0 F9000 X106.895 Y102.727
G0 X112.145 Y102.726
G0 X112.396 Y101.468
G1 F3000 X117.416 Y106.488 E581.809
G0 F9000 X117.417 Y106.143
G1 F2700 E572.809
;MESH:NONMESH
G0 F300 X117.417 Y106.143 Z11.9
G0 F9000 X111.73 Y100.414
G0 X109.55 Y100.278
;TIME_ELAPSED:909.000648
;LAYER:59
;TYPE:WALL-OUTER
;MESH:xyzCalibration_cube.stl
G1 F2700 E581.809
G1 F1077.2 X109.55 Y101.92 E581.88505
G1 F2700 E572.88505
G0 F9000 X109.55 Y102.799
G0 X119.53 Y119.53
G0 X119.8 Y119.8
G1 F2700 E581.88505
G1 F1500 X119.8 Y112.108 E582.14089
G1 X118.009 Y112.104 E582.20046
G1 X117.868 Y111.948 E582.20745
G1 X117.868 Y110.185 E582.26609
G1 X117.912 Y110.096 E582.26939
G1 X118.068 Y110.028 E582.27505
G1 X119.8 Y110.028 E582.33266
G1 X119.8 Y109.108 E582.36326
G1 X118.068 Y109.108 E582.42086
G1 X117.916 Y109.039 E582.42642
G1 X117.868 Y108.925 E582.43053
G1 X117.864 Y107.174 E582.48877
G1 X118.017 Y107.024 E582.4959
G1 X119.8 Y107.02 E582.5552
G1 X119.8 Y100.2 E582.78203
G1 X111.641 Y100.2 E583.0534
G1 X111.644 Y101.951 E583.11164
G1 X111.549 Y102.067 E583.11663
G1 X111.465 Y102.096 E583.11958
G1 X109.768 Y102.093 E583.17603
G1 F1252.6 X109.55 Y101.92 E583.18711
G1 X109.332 Y102.093 E583.19819
G1 F1500 X107.563 Y102.092 E583.25703
G1 X107.439 Y102.005 E583.26207
G1 X107.408 Y101.896 E583.26584
G1 X107.408 Y100.2 E583.32225
G1 X100.2 Y100.2 E583.56199
G1 X100.2 Y119.8 E584.21389
G1 X119.8 Y119.8 E584.86578
G0 F9000 X119.4 Y119.4
;TYPE:WALL-INNER
G1 F1500 X119.4 Y112.507 E585.09505
G1 X118.062 Y112.504 E585.13955
G1 X117.851 Y112.466 E585.14668
G1 X117.644 Y112.334 E585.15485
G1 X117.532 Y112.183 E585.1611
G1 X117.467 Y111.967 E585.1686
G1 X117.468 Y110.152 E585.22897
G1 X117.513 Y109.987 E585.23466
G1 X117.61 Y109.833 E585.24071
G1 F1304.3 X118.068 Y109.568 E585.26095
G1 X117.612 Y109.299 E585.2812
G1 F1500 X117.473 Y108.992 E585.29241
G1 X117.466 Y107.167 E585.35311
G1 X117.496 Y107.028 E585.35784
G1 X117.631 Y106.807 E585.36645
G1 X117.927 Y106.624 E585.37803
G1 X119.4 Y106.621 E585.42702
G1 X119.4 Y100.6 E585.62728
G1 X112.042 Y100.6 E585.87201
G1 X112.044 Y101.894 E585.91504
G1 X112.007 Y102.104 E585.92214
G1 X111.878 Y102.312 E585.93028
G1 X111.757 Y102.409 E585.93543
G1 X111.505 Y102.494 E585.94428
G1 X109.769 Y102.494 E586.00202
G1 X109.609 Y102.455 E586.0075
G1 X109.55 Y102.376 E586.01078
G1 X109.491 Y102.455 E586.01406
G1 X109.292 Y102.496 E586.02081
G1 X107.544 Y102.493 E586.07895
G1 X107.244 Y102.374 E586.08969
G1 X107.042 Y102.097 E586.10109
G1 X107.008 Y101.896 E586.10787
G1 X107.008 Y100.6 E586.15098
G1 X100.6 Y100.6 E586.36411
G1 X100.6 Y119.4 E586.9894
G1 X119.4 Y119.4 E587.61469
G0 F9000 X119 Y119
G1 F1500 X119 Y112.906 E587.81737
G1 X118.061 Y112.904 E587.84861
G1 X117.71 Y112.84 E587.86047
G1 X117.5 Y112.731 E587.86834
G1 X117.258 Y112.497 E587.87954
G1 X117.122 Y112.242 E587.88915
G1 X117.069 Y112.008 E587.89713
G1 X117.068 Y110.129 E587.95963
G1 X117.147 Y109.827 E587.97001
G1 X117.313 Y109.562 E587.98041
G1 X117.148 Y109.303 E587.99062
G1 X117.068 Y109.016 E588.00053
G1 X117.068 Y107.129 E588.06329
G1 X117.118 Y106.897 E588.07119
G1 X117.283 Y106.577 E588.08316
G1 X117.564 Y106.357 E588.09503
G1 X117.761 Y106.27 E588.1022
G1 X118.061 Y106.224 E588.11229
G1 X119 Y106.222 E588.14352
G1 X119 Y101 E588.31721
G1 X112.443 Y101 E588.53529
G1 X112.444 Y101.893 E588.56499
G1 X112.383 Y102.242 E588.57678
G1 X112.275 Y102.453 E588.58466
G1 X112.078 Y102.67 E588.59441
G1 X111.854 Y102.809 E588.60318
G1 X111.546 Y102.892 E588.61379
G1 X109.73 Y102.892 E588.67419
G1 X109.55 Y102.853 E588.68031
G1 X109.305 Y102.896 E588.68859
G1 X107.501 Y102.891 E588.74859
G1 X107.262 Y102.835 E588.75675
G1 X107.002 Y102.692 E588.76662
G1 X106.767 Y102.438 E588.77813
G1 X106.665 Y102.231 E588.78581
G1 X106.608 Y101.896 E588.79711
G1 X106.608 Y101 E588.82691
G1 X101 Y101 E589.01343
G1 X101 Y119 E589.61211
G1 X119 Y119 E590.2108
G0 F9000 X117.637 Y112.331
G0 X117.638 Y109.801
G0 X119.34 Y109.568
G1 F1153.8 X118.068 Y109.568 E590.2658
G0 F9000 X117.64 Y109.337
G0 X117.167 Y106.51
G0 X117.24 Y106.511
;TYPE:FILL
G1 F3000 X112.524 Y101.796 E590.4876
G0 F9000 X112.274 Y102.726
G0 X106.782 Y102.727
G0 X106.744 Y102.527
G1 F3000 X101.08 Y108.191 E590.75402
G0 F9000 X101.08 Y111.808
G1 F3000 X108.192 Y118.92 E591.08854
G0 F9000 X111.808 Y118.92
G1 F3000 X117.795 Y112.933 E591.37015
G0 F9000 X117.795 Y113.103
;MESH:NONMESH
G0 F300 X117.795 Y113.103 Z12.1
G0 F9000 X119.53 Y119.53
G0 X119.8 Y119.8
;TIME_ELAPSED:923.745504
;LAYER:60
;TYPE:WALL-OUTER
;MESH:xyzCalibration_cube.stl
G1 F1500 X119.8 Y112.22 E591.62226
G1 X118.063 Y112.216 E591.68004
G1 X117.952 Y112.183 E591.68389
G1 X117.864 Y112.071 E591.68863
G1 X117.866 Y110.306 E591.74733
G1 X117.923 Y110.197 E591.75142
G1 X118.068 Y110.14 E591.7566
G1 X119.8 Y110.14 E591.81421
G1 X119.8 Y108.992 E591.85239
G1 X118.068 Y108.992 E591.91
G1 X117.927 Y108.935 E591.91506
G1 X117.868 Y108.812 E591.9196
G1 X117.868 Y107.084 E591.97707
G1 X117.924 Y106.964 E591.98147
G1 X118.021 Y106.904 E591.98527
G1 X119.8 Y106.9 E592.04444
G1 X119.8 Y100.2 E592.26728
G1 X111.769 Y100.2 E592.53439
G1 X111.772 Y101.948 E592.59253
G1 X111.701 Y102.05 E592.59666
G1 X111.616 Y102.092 E592.59982
G1 X109.872 Y102.095 E592.65782
G1 X109.756 Y101.913 E592.665
G1 F1503.8 X109.754 Y100.198 E592.7219
G1 F1511.3 X109.358 Y100.198 E592.73497
G1 F1503.8 X109.356 Y101.913 E592.79187
G1 F1500 X109.239 Y102.096 E592.7991
G1 X107.474 Y102.095 E592.8578
G1 X107.326 Y102.003 E592.8636
G1 X107.296 Y101.896 E592.86729
G1 X107.296 Y100.2 E592.9237
G1 X100.201 Y100.201 E593.15968
G1 X100.2 Y119.8 E593.81155
G1 X119.8 Y119.8 E594.46345
G0 F9000 X119.4 Y119.4
;TYPE:WALL-INNER
G1 F1500 X119.4 Y112.619 E594.68898
G1 X118.062 Y112.616 E594.73348
G1 X117.855 Y112.579 E594.74048
G1 X117.582 Y112.375 E594.75181
G1 X117.467 Y112.079 E594.76238
G1 X117.468 Y110.262 E594.82281
G1 X117.529 Y110.066 E594.82964
G1 X117.643 Y109.911 E594.83604
G1 F1550.4 X118.068 Y109.753 E594.85063
G1 F1604.3 X119.413 Y109.753 E594.89245
G1 X119.413 Y109.379 E594.90408
G1 X118.068 Y109.379 E594.94591
G1 F1550.4 X117.645 Y109.219 E594.96046
G1 F1500 X117.532 Y109.063 E594.96687
G1 X117.47 Y108.852 E594.97419
G1 X117.47 Y107.045 E595.03429
G1 X117.58 Y106.753 E595.04467
G1 X117.773 Y106.581 E595.05326
G1 X118.066 Y106.504 E595.06334
G1 X119.4 Y106.501 E595.10771
G1 X119.4 Y100.6 E595.30398
G1 X112.17 Y100.6 E595.54445
G1 X112.172 Y101.894 E595.58749
G1 X112.137 Y102.1 E595.59444
G1 X112.006 Y102.311 E595.6027
G1 X111.889 Y102.406 E595.60771
G1 X111.668 Y102.496 E595.61565
G1 X109.888 Y102.493 E595.67485
G1 X109.661 Y102.419 E595.68279
G1 X109.556 Y102.256 E595.68924
G1 X109.451 Y102.419 E595.69569
G1 X109.185 Y102.496 E595.7049
G1 X107.431 Y102.493 E595.76324
G1 X107.129 Y102.372 E595.77406
G1 X106.988 Y102.216 E595.78105
G1 X106.896 Y101.896 E595.79213
G1 X106.896 Y100.6 E595.83523
G1 X100.601 Y100.601 E596.0446
G1 X100.6 Y119.4 E596.66986
G1 X119.4 Y119.4 E597.29515
G0 F9000 X119 Y119
G1 F1500 X119 Y113.018 E597.49411
G1 X118.061 Y113.016 E597.52535
G1 X117.716 Y112.954 E597.537
G1 X117.508 Y112.848 E597.54477
G1 X117.261 Y112.613 E597.55611
G1 X117.123 Y112.357 E597.56578
G1 X117.069 Y112.121 E597.57383
G1 X117.064 Y110.235 E597.63656
G1 X117.173 Y109.884 E597.64879
G1 X117.363 Y109.626 E597.65944
G1 X117.515 Y109.564 E597.6649
G1 X117.364 Y109.503 E597.67032
G1 X117.175 Y109.243 E597.68101
G1 X117.068 Y108.917 E597.69242
G1 X117.072 Y107.005 E597.75602
G1 X117.124 Y106.773 E597.76392
G1 X117.291 Y106.452 E597.77596
G1 X117.576 Y106.233 E597.78791
G1 X117.771 Y106.148 E597.79499
G1 X118.065 Y106.104 E597.80488
G1 X119 Y106.102 E597.83597
G1 X119 Y101 E598.00567
G1 X112.571 Y101 E598.2195
G1 X112.572 Y101.893 E598.2492
G1 X112.514 Y102.235 E598.26074
G1 X112.319 Y102.562 E598.2734
G1 X112.101 Y102.745 E598.28287
G1 X111.885 Y102.847 E598.29081
G1 X111.677 Y102.891 E598.29788
G1 X109.862 Y102.892 E598.35825
G1 X109.556 Y102.806 E598.36882
G1 X109.204 Y102.895 E598.3809
G1 X107.389 Y102.891 E598.44126
G1 X107.147 Y102.834 E598.44953
G1 X106.885 Y102.689 E598.45949
G1 X106.649 Y102.43 E598.47115
G1 X106.551 Y102.224 E598.47873
G1 X106.496 Y101.896 E598.4898
G1 X106.496 Y101 E598.5196
G1 X101.001 Y101.001 E598.70236
G1 X101 Y119 E599.30101
G1 X119 Y119 E599.89969
G0 F9000 X117.564 Y112.965
;TYPE:FILL
G1 F3000 X111.608 Y118.92 E600.17982
G0 F9000 X108.391 Y118.92
G1 F3000 X101.08 Y111.608 E600.52373
G0 F9000 X101.081 Y108.39
G1 F3000 X106.781 Y102.69 E600.79184
G0 F9000 X106.781 Y102.799
G0 X112.4 Y102.726
G0 X112.617 Y102.088
G1 F3000 X117.127 Y106.598 E601.00398
G0 F9000 X116.868 Y106.598
;MESH:NONMESH
G0 F300 X116.868 Y106.598 Z12.3
G0 F9000 X117.637 Y112.444
G0 X119.53 Y119.53
G0 X119.8 Y119.8
;TIME_ELAPSED:937.137844
;LAYER:61
;TYPE:WALL-OUTER
;MESH:xyzCalibration_cube.stl
G1 F1500 X119.8 Y112.336 E601.25223
G1 X118.012 Y112.332 E601.3117
G1 X117.926 Y112.278 E601.31508
G1 X117.868 Y112.177 E601.31895
G1 X117.867 Y110.413 E601.37762
G1 X117.934 Y110.299 E601.38202
G1 X118.068 Y110.252 E601.38675
G1 X119.8 Y110.252 E601.44435
G1 X119.8 Y108.872 E601.49025
G1 X118.068 Y108.872 E601.54786
G1 X117.937 Y108.824 E601.5525
G1 X117.869 Y108.728 E601.55641
G1 X117.868 Y106.964 E601.61508
G1 X117.925 Y106.843 E601.61953
G1 X118.023 Y106.784 E601.62333
G1 X119.8 Y106.78 E601.68244
G1 X119.8 Y100.2 E601.90129
G1 X111.897 Y100.2 E602.16414
G1 X111.9 Y101.947 E602.22225
G1 X111.83 Y102.049 E602.22636
G1 X111.745 Y102.092 E602.22953
G1 X110.032 Y102.091 E602.28651
G1 F1304.3 X109.821 Y101.919 E602.29692
G1 F1156.1 X109.821 Y100.259 E602.36856
G1 F1158.3 X109.303 Y100.259 E602.39087
G1 F1156.1 X109.303 Y101.919 E602.46251
G1 F1304.3 X109.092 Y102.091 E602.47292
G1 F1500 X107.362 Y102.099 E602.53046
G1 X107.26 Y102.058 E602.53411
G1 X107.184 Y101.951 E602.53848
G1 X107.184 Y100.2 E602.59672
G1 X100.2 Y100.2 E602.82901
G1 X100.2 Y119.8 E603.48091
G1 X119.8 Y119.8 E604.1328
G0 F9000 X119.4 Y119.4
;TYPE:WALL-INNER
G1 F1500 X119.4 Y112.735 E604.35448
G1 X118.062 Y112.732 E604.39899
G1 X117.859 Y112.697 E604.40584
G1 X117.651 Y112.568 E604.41398
G1 X117.534 Y112.416 E604.42036
G1 X117.467 Y112.196 E604.42801
G1 X117.465 Y110.41 E604.48741
G1 X117.546 Y110.147 E604.49656
G1 X117.674 Y109.994 E604.5032
G1 F1348.3 X118.068 Y109.807 E604.51933
G1 F1224.5 X119.355 Y109.807 E604.57177
G1 X119.355 Y109.317 E604.59174
G1 X118.068 Y109.317 E604.64417
G1 F1348.3 X117.676 Y109.127 E604.66029
G1 F1500 X117.549 Y108.974 E604.66691
G1 X117.471 Y108.741 E604.67508
G1 X117.47 Y106.924 E604.73551
G1 X117.502 Y106.783 E604.74032
G1 X117.641 Y106.561 E604.74903
G1 X117.935 Y106.384 E604.76045
G1 X119.4 Y106.381 E604.80917
G1 X119.4 Y100.6 E605.00145
G1 X112.298 Y100.6 E605.23766
G1 X112.3 Y101.894 E605.2807
G1 X112.267 Y102.095 E605.28748
G1 X112.089 Y102.354 E605.29793
G1 X111.764 Y102.493 E605.30968
G1 X110.007 Y102.492 E605.36812
G1 X109.725 Y102.381 E605.3782
G1 X109.562 Y102.09 E605.3893
G1 X109.399 Y102.381 E605.40039
G1 X109.076 Y102.496 E605.41179
G1 X107.32 Y102.497 E605.4702
G1 X107.014 Y102.374 E605.48117
G1 X106.872 Y102.215 E605.48826
G1 X106.784 Y101.9 E605.49914
G1 X106.784 Y100.6 E605.54237
G1 X100.6 Y100.6 E605.74805
G1 X100.6 Y119.4 E606.37335
G1 X119.4 Y119.4 E606.99864
G0 F9000 X119 Y119
G1 F1500 X119 Y113.134 E607.19374
G1 X118.061 Y113.132 E607.22497
G1 X117.722 Y113.073 E607.23642
G1 X117.515 Y112.969 E607.24412
G1 X117.265 Y112.734 E607.25553
G1 X117.124 Y112.476 E607.26531
G1 X117.069 Y112.238 E607.27344
G1 X117.064 Y110.287 E607.33833
G1 X117.201 Y109.944 E607.35061
G1 X117.414 Y109.69 E607.36164
G1 X117.768 Y109.561 E607.37417
G1 X117.415 Y109.431 E607.38668
G1 X117.156 Y109.118 E607.40019
G1 X117.074 Y108.787 E607.41153
G1 X117.072 Y106.884 E607.47483
G1 X117.125 Y106.649 E607.48284
G1 X117.297 Y106.324 E607.49507
G1 X117.587 Y106.107 E607.50712
G1 X117.779 Y106.026 E607.51405
G1 X118.065 Y105.984 E607.52366
G1 X119 Y105.982 E607.55476
G1 X119 Y101 E607.72046
G1 X112.699 Y101 E607.93004
G1 X112.7 Y101.893 E607.95974
G1 X112.644 Y102.228 E607.97103
G1 X112.544 Y102.434 E607.97865
G1 X112.348 Y102.659 E607.98857
G1 X112.122 Y102.803 E607.99749
G1 X111.806 Y102.891 E608.0084
G1 X109.975 Y102.891 E608.0693
G1 X109.736 Y102.835 E608.07746
G1 X109.562 Y102.743 E608.08401
G1 X109.388 Y102.835 E608.09055
G1 X109.097 Y102.895 E608.10044
G1 X107.278 Y102.895 E608.16094
G1 X107.033 Y102.837 E608.16931
G1 X106.768 Y102.689 E608.17941
G1 X106.531 Y102.424 E608.19123
G1 X106.436 Y102.221 E608.19869
G1 X106.384 Y101.9 E608.2095
G1 X106.384 Y101 E608.23944
G1 X101 Y101 E608.41851
G1 X101 Y119 E609.01719
G1 X119 Y119 E609.61587
G0 F9000 X117.381 Y113.029
G0 X117.381 Y112.946
;TYPE:FILL
G1 F3000 X111.408 Y118.92 E609.89685
G0 F9000 X108.592 Y118.92
G1 F3000 X101.08 Y111.408 E610.25019
G0 F9000 X101.08 Y108.591
G1 F3000 X106.849 Y102.823 E610.52152
G0 F9000 X112.528 Y102.727
G0 X112.675 Y102.347
G1 F3000 X117.033 Y106.705 E610.72651
G0 F9000 X116.868 Y106.705
;MESH:NONMESH
G0 F300 X116.868 Y106.705 Z12.5
G0 F9000 X117.638 Y112.558
G0 X119.53 Y119.53
G0 X119.8 Y119.8
;TIME_ELAPSED:950.529602
;LAYER:62
;TYPE:WALL-OUTER
;MESH:xyzCalibration_cube.stl
G1 F1500 X119.8 Y112.448 E610.97104
G1 X118.063 Y112.444 E611.02881
G1 X117.955 Y112.413 E611.03255
G1 X117.868 Y112.289 E611.03759
G1 X117.868 Y110.516 E611.09656
G1 X117.943 Y110.4 E611.10115
G1 X118.066 Y110.36 E611.10545
G1 X119.8 Y110.363 E611.16312
G1 X119.8 Y108.756 E611.21657
G1 X118.068 Y108.756 E611.27418
G1 X117.946 Y108.716 E611.27845
G1 X117.87 Y108.589 E611.28337
G1 X117.869 Y106.812 E611.34248
G1 X118.022 Y106.664 E611.34956
G1 X119.8 Y106.66 E611.40869
G1 X119.8 Y100.2 E611.62355
G1 X112.025 Y100.2 E611.88215
G1 X112.028 Y101.944 E611.94016
G1 X111.937 Y102.065 E611.94519
G1 X111.85 Y102.095 E611.94825
G1 X110.19 Y102.1 E612.00347
G1 X110.073 Y102.049 E612.00771
G1 X110.008 Y101.918 E612.01257
G1 X110.004 Y100.2 E612.06972
G1 X109.132 Y100.2 E612.09872
G1 X109.132 Y101.918 E612.15586
G1 X109.067 Y102.049 E612.16072
G1 X108.977 Y102.096 E612.1641
G1 X107.25 Y102.099 E612.22154
G1 X107.147 Y102.057 E612.22524
G1 X107.072 Y101.9 E612.23103
G1 X107.072 Y100.2 E612.28757
G1 X100.2 Y100.2 E612.51613
G1 X100.2 Y119.8 E613.16803
G1 X119.8 Y119.8 E613.81993
G0 F9000 X119.4 Y119.4
;TYPE:WALL-INNER
G1 F1500 X119.4 Y112.847 E614.03788
G1 X118.062 Y112.844 E614.08239
G1 X117.863 Y112.81 E614.0891
G1 X117.654 Y112.683 E614.09724
G1 X117.536 Y112.53 E614.10366
G1 X117.467 Y112.308 E614.11139
G1 X117.466 Y110.5 E614.17153
G1 X117.564 Y110.228 E614.18114
G1 X117.702 Y110.08 E614.18787
G1 X118.067 Y109.96 E614.20065
G1 X119.4 Y109.962 E614.24499
G1 X119.4 Y109.156 E614.2718
G1 X118.068 Y109.156 E614.3161
G1 X117.704 Y109.034 E614.32887
G1 X117.566 Y108.886 E614.3356
G1 X117.473 Y108.634 E614.34453
G1 X117.471 Y106.762 E614.4068
G1 X117.537 Y106.583 E614.41314
G1 X117.645 Y106.438 E614.41915
G1 X117.937 Y106.264 E614.43046
G1 X119.4 Y106.261 E614.47912
G1 X119.4 Y100.6 E614.66741
G1 X112.426 Y100.6 E614.89936
G1 X112.428 Y101.894 E614.9424
G1 X112.396 Y102.09 E614.94901
G1 X112.264 Y102.31 E614.95754
G1 X112.085 Y102.439 E614.96488
G1 X111.894 Y102.493 E614.97148
G1 X110.185 Y102.5 E615.02832
G1 X109.96 Y102.447 E615.03601
G1 X109.805 Y102.345 E615.04218
G1 F1363.6 X109.57 Y101.955 E615.05884
G1 X109.335 Y102.345 E615.0755
G1 F1500 X109.18 Y102.447 E615.08167
G1 X108.964 Y102.5 E615.08907
G1 X107.206 Y102.497 E615.14754
G1 X106.899 Y102.371 E615.15858
G1 X106.757 Y102.209 E615.16574
G1 X106.672 Y101.9 E615.1764
G1 X106.672 Y100.6 E615.21964
G1 X100.6 Y100.6 E615.42159
G1 X100.6 Y119.4 E616.04688
G1 X119.4 Y119.4 E616.67218
G0 F9000 X119 Y119
G1 F1500 X119 Y113.246 E616.86355
G1 X118.061 Y113.244 E616.89479
G1 X117.729 Y113.187 E616.90599
G1 X117.523 Y113.086 E616.91362
G1 X117.268 Y112.851 E616.92515
G1 X117.125 Y112.59 E616.93505
G1 X117.069 Y112.35 E616.94325
G1 X117.065 Y110.5 E617.00478
G1 X117.097 Y110.302 E617.01145
G1 X117.23 Y110.006 E617.02224
G1 X117.462 Y109.76 E617.03349
G1 F1492.5 X118.068 Y109.558 E617.05484
G1 X117.462 Y109.353 E617.07623
G1 F1500 X117.232 Y109.106 E617.08745
G1 X117.117 Y108.868 E617.09624
G1 X117.068 Y108.649 E617.10371
G1 X117.073 Y106.763 E617.16644
G1 X117.126 Y106.525 E617.17455
G1 X117.3 Y106.2 E617.18681
G1 X117.597 Y105.981 E617.19908
G1 X117.787 Y105.903 E617.20591
G1 X118.065 Y105.864 E617.21525
G1 X119 Y105.862 E617.24635
G1 X119 Y101 E617.40806
G1 X112.827 Y101 E617.61337
G1 X112.828 Y101.893 E617.64308
G1 X112.775 Y102.22 E617.65409
G1 X112.554 Y102.585 E617.66828
G1 X112.369 Y102.738 E617.67627
G1 X112.149 Y102.844 E617.68439
G1 X111.937 Y102.891 E617.69161
G1 X110.08 Y102.9 E617.75338
G1 X109.796 Y102.812 E617.76327
G1 X109.57 Y102.663 E617.77227
G1 X109.344 Y102.812 E617.78127
G1 X109.008 Y102.898 E617.79281
G1 X107.163 Y102.895 E617.85418
G1 X106.917 Y102.835 E617.8626
G1 X106.651 Y102.684 E617.87277
G1 X106.414 Y102.415 E617.88469
G1 X106.322 Y102.214 E617.89205
G1 X106.272 Y101.9 E617.90262
G1 X106.272 Y101 E617.93256
G1 X101 Y101 E618.1079
G1 X101 Y119 E618.70659
G1 X119 Y119 E619.30527
G0 F9000 X117.238 Y113.07
G0 X117.239 Y109.733
G0 X118.997 Y109.559
G1 F1481.5 X118.068 Y109.558 E619.33655
G0 F9000 X117.241 Y109.386
G0 X109.57 Y102.8
G0 X109.57 Y101.955
G1 F1257.9 X109.569 Y100.637 E619.38883
G0 F9000 X109.361 Y102.328
G0 X106.948 Y102.922
;TYPE:FILL
G1 F3000 X101.08 Y108.79 E619.66484
G0 F9000 X101.08 Y111.208
G1 F3000 X108.791 Y118.92 E620.02757
G0 F9000 X111.208 Y118.92
G1 F3000 X117.219 Y112.909 E620.31031
G0 F9000 X117.167 Y112.909
G0 X116.994 Y106.865
G1 F3000 X112.68 Y102.551 E620.51322
G0 F9000 X113.028 Y102.552
;MESH:NONMESH
G0 F300 X113.028 Y102.552 Z12.7
G0 F9000 X119.53 Y119.53
G0 X119.8 Y119.8
;TIME_ELAPSED:964.826365
;LAYER:63
;TYPE:WALL-OUTER
;MESH:xyzCalibration_cube.stl
G1 F1500 X119.8 Y112.56 E620.75403
G1 X118.063 Y112.556 E620.8118
G1 X117.905 Y112.479 E620.81765
G1 X117.865 Y112.378 E620.82126
G1 X117.864 Y110.655 E620.87857
G1 X117.951 Y110.506 E620.8843
G1 X118.066 Y110.472 E620.88829
G1 X119.8 Y110.475 E620.94597
G1 X119.8 Y108.64 E621.007
G1 X118.068 Y108.64 E621.06461
G1 X117.955 Y108.606 E621.06853
G1 X117.873 Y108.488 E621.07331
G1 X117.87 Y106.712 E621.13238
G1 X117.928 Y106.6 E621.13657
G1 X118.025 Y106.544 E621.1403
G1 X119.8 Y106.54 E621.19934
G1 X119.8 Y100.2 E621.41021
G1 X112.153 Y100.2 E621.66455
G1 X112.156 Y101.895 E621.72092
G1 X112.128 Y102 E621.72454
G1 X111.979 Y102.095 E621.73041
G1 X110.312 Y102.1 E621.78586
G1 X110.185 Y102.037 E621.79057
G1 X110.132 Y101.918 E621.79491
G1 X110.132 Y100.2 E621.85205
G1 X109.02 Y100.2 E621.88903
G1 X109.02 Y101.918 E621.94617
G1 X108.967 Y102.037 E621.95051
G1 X108.871 Y102.1 E621.95433
G1 X107.138 Y102.099 E622.01197
G1 X107.009 Y102.032 E622.0168
G1 X106.96 Y101.946 E622.02009
G1 X106.96 Y100.2 E622.07816
G1 X100.2 Y100.2 E622.303
G1 X100.2 Y119.8 E622.9549
G1 X119.8 Y119.8 E623.6068
G0 F9000 X119.4 Y119.4
;TYPE:WALL-INNER
G1 F1500 X119.4 Y112.959 E623.82103
G1 X118.062 Y112.956 E623.86553
G1 X117.744 Y112.864 E623.87654
G1 X117.588 Y112.723 E623.88354
G1 X117.467 Y112.421 E623.89436
G1 X117.465 Y110.623 E623.95416
G1 X117.525 Y110.405 E623.96168
G1 X117.727 Y110.174 E623.97188
G1 X118.067 Y110.072 E623.98369
G1 X119.4 Y110.074 E624.02803
G1 X119.4 Y109.04 E624.06242
G1 X118.068 Y109.04 E624.10672
G1 X117.73 Y108.936 E624.11848
G1 X117.584 Y108.796 E624.12521
G1 X117.474 Y108.527 E624.13488
G1 X117.468 Y106.677 E624.19641
G1 X117.504 Y106.538 E624.20118
G1 X117.648 Y106.314 E624.21004
G1 X117.792 Y106.21 E624.21595
G1 X118.066 Y106.144 E624.22532
G1 X119.4 Y106.141 E624.26969
G1 X119.4 Y100.6 E624.45399
G1 X112.554 Y100.6 E624.68169
G1 X112.556 Y101.894 E624.72472
G1 X112.526 Y102.086 E624.73119
G1 X112.393 Y102.309 E624.73982
G1 X112.183 Y102.452 E624.74827
G1 X112.023 Y102.493 E624.75377
G1 X110.265 Y102.5 E624.81224
G1 X110.048 Y102.429 E624.81983
G1 X109.893 Y102.31 E624.82633
G1 F1578.9 X109.755 Y101.951 E624.83848
G1 F1676 X109.754 Y100.578 E624.87936
G1 F1685.4 X109.398 Y100.578 E624.88989
G1 F1676 X109.397 Y101.951 E624.93077
G1 F1578.9 X109.259 Y102.31 E624.94292
G1 F1500 X109.104 Y102.429 E624.94942
G1 X108.852 Y102.5 E624.95813
G1 X107.094 Y102.497 E625.0166
G1 X106.784 Y102.368 E625.02776
G1 X106.642 Y102.204 E625.03498
G1 X106.56 Y101.9 E625.04545
G1 X106.56 Y100.6 E625.08869
G1 X100.6 Y100.6 E625.28692
G1 X100.6 Y119.4 E625.91221
G1 X119.4 Y119.4 E626.5375
G0 F9000 X119 Y119
G1 F1500 X119 Y113.358 E626.72516
G1 X118.061 Y113.356 E626.75639
G1 X117.735 Y113.301 E626.76738
G1 X117.531 Y113.203 E626.77491
G1 X117.271 Y112.967 E626.78659
G1 X117.126 Y112.705 E626.79655
G1 X117.069 Y112.463 E626.80482
G1 X117.064 Y110.635 E626.86562
G1 X117.105 Y110.387 E626.87398
G1 X117.26 Y110.076 E626.88554
G1 X117.503 Y109.842 E626.89676
G1 F1162.8 X118.068 Y109.556 E626.92393
G1 X117.504 Y109.267 E626.95112
G1 F1500 X117.262 Y109.033 E626.96231
G1 X117.169 Y108.88 E626.96827
G1 X117.068 Y108.562 E626.97937
G1 X117.068 Y106.632 E627.04356
G1 X117.128 Y106.401 E627.0515
G1 X117.369 Y106.028 E627.06627
G1 X117.609 Y105.855 E627.07611
G1 X117.795 Y105.781 E627.08276
G1 X118.065 Y105.744 E627.09183
G1 X119 Y105.742 E627.12293
G1 X119 Y101 E627.28065
G1 X112.955 Y101 E627.4817
G1 X112.956 Y101.893 E627.51141
G1 X112.906 Y102.212 E627.52214
G1 X112.672 Y102.595 E627.53707
G1 X112.334 Y102.822 E627.55061
G1 X112.067 Y102.891 E627.55979
G1 X110.233 Y102.9 E627.62079
G1 X109.859 Y102.782 E627.63383
G1 X109.576 Y102.563 E627.64573
G1 X109.293 Y102.782 E627.65763
G1 X108.918 Y102.896 E627.67067
G1 X107.05 Y102.894 E627.7328
G1 X106.802 Y102.834 E627.74129
G1 X106.533 Y102.68 E627.7516
G1 X106.297 Y102.406 E627.76362
G1 X106.208 Y102.207 E627.77087
G1 X106.16 Y101.9 E627.78121
G1 X106.16 Y101 E627.81114
G1 X101 Y101 E627.98277
G1 X101 Y119 E628.58145
G1 X119 Y119 E629.18013
G0 F9000 X117.238 Y113.183
G0 X117.239 Y109.844
G0 X118.883 Y109.557
G1 F947.9 X118.068 Y109.556 E629.22303
G0 F9000 X117.241 Y109.269
G0 X116.988 Y107.06
;TYPE:FILL
G1 F3000 X112.646 Y102.719 E629.42724
G0 F9000 X112.645 Y102.8
G0 X107.092 Y102.979
G1 F3000 X101.08 Y108.991 E629.71002
G0 F9000 X101.08 Y111.007
G1 F3000 X108.992 Y118.92 E630.0822
G0 F9000 X111.007 Y118.92
G1 F3000 X117.103 Y112.824 E630.36894
G0 F9000 X116.867 Y112.824
;MESH:NONMESH
G0 F300 X116.867 Y112.824 Z12.9
G0 F9000 X119.53 Y119.53
G0 X119.8 Y119.8
;TIME_ELAPSED:978.612404
;LAYER:64
;TYPE:WALL-OUTER
;MESH:xyzCalibration_cube.stl
G1 F1500 X119.8 Y112.672 E630.60602
G1 X118.016 Y112.672 E630.66536
G1 X117.929 Y112.621 E630.66871
G1 X117.865 Y112.494 E630.67344
G1 X117.874 Y110.731 E630.73208
G1 X117.963 Y110.613 E630.73699
G1 X118.05 Y110.584 E630.74004
G1 X119.8 Y110.584 E630.79825
G1 X119.8 Y108.524 E630.86677
G1 X118.05 Y108.524 E630.92497
G1 X117.912 Y108.451 E630.93016
G1 X117.87 Y108.357 E630.93359
G1 X117.87 Y106.592 E630.99229
G1 X118.002 Y106.424 E630.9994
G1 X119.8 Y106.424 E631.0592
G1 X119.8 Y100.2 E631.26621
G1 X112.281 Y100.2 E631.51629
G1 X112.284 Y101.943 E631.57427
G1 X112.229 Y102.035 E631.57783
G1 X112.131 Y102.091 E631.58159
G1 X110.411 Y102.095 E631.63879
G1 X110.304 Y102.026 E631.64303
G1 X110.26 Y101.918 E631.64691
G1 X110.256 Y100.2 E631.70405
G1 X108.908 Y100.2 E631.74888
G1 X108.904 Y101.918 E631.80602
G1 X108.86 Y102.026 E631.8099
G1 X108.753 Y102.095 E631.81414
G1 X107.021 Y102.099 E631.87174
G1 X106.9 Y102.035 E631.8763
G1 X106.848 Y101.944 E631.87978
G1 X106.848 Y100.2 E631.93779
G1 X100.2 Y100.2 E632.1589
G1 X100.201 Y119.799 E632.81077
G1 X119.8 Y119.8 E633.46263
G0 F9000 X119.4 Y119.4
;TYPE:WALL-INNER
G1 F1500 X119.4 Y113.072 E633.6731
G1 X118.064 Y113.072 E633.71754
G1 X117.749 Y112.984 E633.72842
G1 X117.59 Y112.841 E633.73553
G1 X117.467 Y112.536 E633.74647
G1 X117.468 Y110.665 E633.8087
G1 X117.602 Y110.405 E633.81842
G1 X117.754 Y110.272 E633.82514
G1 X118.016 Y110.186 E633.83431
G1 X119.4 Y110.184 E633.88035
G1 X119.4 Y108.924 E633.92225
G1 X118.016 Y108.922 E633.96829
G1 X117.754 Y108.836 E633.97746
G1 X117.602 Y108.703 E633.98417
G1 X117.468 Y108.443 E633.9939
G1 X117.468 Y106.554 E634.05673
G1 X117.566 Y106.294 E634.06597
G1 X117.799 Y106.087 E634.07634
G1 X118.068 Y106.024 E634.08553
G1 X119.4 Y106.024 E634.12983
G1 X119.4 Y100.6 E634.31023
G1 X112.682 Y100.6 E634.53368
G1 X112.684 Y102.034 E634.58137
G1 X112.518 Y102.311 E634.59211
G1 X112.314 Y102.451 E634.60034
G1 X112.152 Y102.493 E634.60591
G1 X110.355 Y102.5 E634.66568
G1 X110.142 Y102.41 E634.67337
G1 X109.992 Y102.276 E634.68006
G1 F1363.6 X109.822 Y101.956 E634.69331
G1 F1255.2 X109.819 Y100.638 E634.7457
G1 F1260.5 X109.345 Y100.638 E634.76446
G1 F1255.2 X109.342 Y101.956 E634.81684
G1 F1363.6 X109.172 Y102.276 E634.8301
G1 F1500 X109.022 Y102.41 E634.83679
G1 X108.752 Y102.499 E634.84625
G1 X106.969 Y102.495 E634.90555
G1 X106.791 Y102.443 E634.91172
G1 X106.604 Y102.305 E634.91945
G1 X106.448 Y102.033 E634.92988
G1 X106.448 Y100.6 E634.97754
G1 X100.6 Y100.6 E635.17204
G1 X100.601 Y119.399 E635.7973
G1 X119.4 Y119.4 E636.42256
G0 F9000 X119 Y119
G1 F1500 X119 Y113.472 E636.60642
G1 X118.064 Y113.472 E636.63755
G1 X117.743 Y113.42 E636.64837
G1 X117.392 Y113.214 E636.6619
G1 X117.146 Y112.904 E636.67507
G1 X117.069 Y112.578 E636.68621
G1 X117.069 Y110.733 E636.74757
G1 X117.102 Y110.522 E636.75468
G1 X117.292 Y110.152 E636.76851
G1 X117.544 Y109.931 E636.77966
G1 F1435.4 X117.979 Y109.771 E636.79577
G1 F1388.9 X118.985 Y109.769 E636.8319
G1 F1395.3 X118.985 Y109.339 E636.84728
G1 F1388.9 X117.979 Y109.337 E636.88342
G1 F1435.4 X117.544 Y109.177 E636.89952
G1 F1500 X117.292 Y108.956 E636.91067
G1 X117.102 Y108.586 E636.92451
G1 X117.068 Y108.324 E636.93329
G1 X117.068 Y106.511 E636.99359
G1 X117.232 Y106.074 E637.00912
G1 X117.375 Y105.903 E637.01653
G1 X117.62 Y105.729 E637.02653
G1 X118.068 Y105.624 E637.04183
G1 X119 Y105.624 E637.07283
G1 X119 Y101 E637.22663
G1 X113.083 Y101 E637.42343
G1 X113.084 Y101.893 E637.45313
G1 X113.036 Y102.204 E637.46359
G1 X112.807 Y102.587 E637.47844
G1 X112.468 Y102.82 E637.49212
G1 X112.197 Y102.89 E637.50143
G1 X110.343 Y102.899 E637.56309
G1 X109.988 Y102.799 E637.57536
G1 X109.68 Y102.527 E637.58903
G1 X109.582 Y102.281 E637.59783
G1 X109.484 Y102.527 E637.60664
G1 X109.233 Y102.749 E637.61778
G1 X108.946 Y102.871 E637.62816
G1 X108.741 Y102.9 E637.63504
G1 X106.955 Y102.9 E637.69445
G1 X106.619 Y102.804 E637.70607
G1 X106.309 Y102.575 E637.71889
G1 X106.093 Y102.2 E637.73328
G1 X106.048 Y101.9 E637.74337
G1 X106.048 Y101 E637.7733
G1 X101 Y101 E637.9412
G1 X101.001 Y118.999 E638.53985
G1 X119 Y119 E639.1385
G0 F9000 X117.019 Y112.709
;TYPE:FILL
G1 F3000 X110.808 Y118.92 E639.43065
G0 F9000 X109.19 Y118.918
G1 F3000 X101.08 Y110.809 E639.81209
G0 F9000 X101.081 Y109.19
G1 F3000 X107.291 Y102.979 E640.10422
G0 F9000 X112.58 Y102.852
G1 F3000 X116.988 Y107.26 E640.31155
G0 F9000 X116.869 Y107.26
;MESH:NONMESH
G0 F300 X116.869 Y107.26 Z13.1
G0 F9000 X117.638 Y112.898
G0 X119.53 Y119.53
G0 X119.8 Y119.8
;TIME_ELAPSED:992.174347
;LAYER:65
;TYPE:WALL-OUTER
;MESH:xyzCalibration_cube.stl
G1 F1500 X119.8 Y112.788 E640.54477
G1 X118.019 Y112.784 E640.60401
G1 X117.865 Y112.639 E640.61105
G1 X117.869 Y110.872 E640.66982
G1 X117.918 Y110.762 E640.67382
G1 X118.05 Y110.696 E640.67873
G1 X119.8 Y110.699 E640.73694
G1 X119.8 Y108.405 E640.81323
G1 X118.05 Y108.408 E640.87144
G1 X117.918 Y108.342 E640.87635
G1 X117.87 Y108.242 E640.88004
G1 X117.87 Y106.471 E640.93894
G1 X118.001 Y106.304 E640.946
G1 X119.8 Y106.304 E641.00584
G1 X119.8 Y100.2 E641.20886
G1 X112.409 Y100.2 E641.45468
G1 X112.412 Y101.936 E641.51242
G1 X112.325 Y102.062 E641.51751
G1 X112.235 Y102.095 E641.5207
G1 X110.544 Y102.097 E641.57695
G1 X110.42 Y102.016 E641.58187
G1 X110.384 Y101.918 E641.58534
G1 X110.384 Y100.2 E641.64248
G1 X108.792 Y100.2 E641.69544
G1 X108.792 Y101.918 E641.75258
G1 X108.756 Y102.016 E641.75605
G1 X108.632 Y102.097 E641.76097
G1 X106.905 Y102.099 E641.81841
G1 X106.783 Y102.034 E641.82301
G1 X106.732 Y101.945 E641.82642
G1 X106.735 Y100.2 E641.88446
G1 X100.201 Y100.201 E642.10179
G1 X100.201 Y119.799 E642.75362
G1 X119.8 Y119.8 E643.40548
G0 F9000 X119.4 Y119.4
;TYPE:WALL-INNER
G1 F1500 X119.4 Y113.187 E643.61213
G1 X117.926 Y113.184 E643.66115
G1 X117.664 Y113.032 E643.67123
G1 X117.539 Y112.876 E643.67788
G1 X117.467 Y112.648 E643.68583
G1 X117.469 Y110.856 E643.74543
G1 X117.502 Y110.694 E643.75093
G1 X117.62 Y110.496 E643.7586
G1 X117.775 Y110.372 E643.7652
G1 X118.015 Y110.298 E643.77355
G1 X119.4 Y110.298 E643.81962
G1 X119.4 Y108.806 E643.86924
G1 X118.015 Y108.806 E643.91531
G1 X117.775 Y108.732 E643.92366
G1 X117.62 Y108.608 E643.93026
G1 X117.468 Y108.278 E643.94235
G1 X117.468 Y106.434 E644.00368
G1 X117.505 Y106.293 E644.00853
G1 X117.655 Y106.067 E644.01755
G1 X117.806 Y105.963 E644.02365
G1 X118.068 Y105.904 E644.03258
G1 X119.4 Y105.904 E644.07688
G1 X119.4 Y100.6 E644.25329
G1 X112.81 Y100.6 E644.47248
G1 X112.812 Y102.019 E644.51967
G1 X112.714 Y102.225 E644.52726
G1 X112.549 Y102.393 E644.53509
G1 X112.281 Y102.493 E644.54461
G1 X110.469 Y102.502 E644.60487
G1 X110.237 Y102.39 E644.61344
G1 X110.093 Y102.247 E644.62019
G1 X109.986 Y101.953 E644.6306
G1 X109.984 Y100.6 E644.6756
G1 X109.192 Y100.6 E644.70194
G1 X109.19 Y101.953 E644.74694
G1 X109.083 Y102.247 E644.75735
G1 X108.939 Y102.39 E644.7641
G1 X108.678 Y102.5 E644.77352
G1 X106.853 Y102.495 E644.83422
G1 X106.672 Y102.442 E644.84049
G1 X106.485 Y102.301 E644.84828
G1 X106.332 Y102.03 E644.85863
G1 X106.334 Y100.6 E644.90619
G1 X100.601 Y100.601 E645.09687
G1 X100.601 Y119.399 E645.7221
G1 X119.4 Y119.4 E646.34736
G0 F9000 X119 Y119
G1 F1500 X119 Y113.586 E646.52743
G1 X118.061 Y113.584 E646.55866
G1 X117.749 Y113.534 E646.56917
G1 X117.548 Y113.442 E646.57652
G1 X117.279 Y113.204 E646.58847
G1 X117.128 Y112.937 E646.59867
G1 X117.069 Y112.691 E646.60708
G1 X117.068 Y110.736 E646.67211
G1 X117.208 Y110.384 E646.68471
G1 X117.322 Y110.229 E646.6911
G1 X117.58 Y110.022 E646.70211
G1 F1265.8 X117.974 Y109.825 E646.71947
G1 F1096.9 X118.928 Y109.825 E646.76286
G1 F1100.9 X118.928 Y109.279 E646.7876
G1 F1096.9 X117.974 Y109.279 E646.83099
G1 F1265.8 X117.58 Y109.082 E646.84835
G1 F1500 X117.322 Y108.875 E646.85936
G1 X117.109 Y108.494 E646.87387
G1 X117.068 Y108.208 E646.88348
G1 X117.068 Y106.388 E646.94402
G1 X117.232 Y105.954 E646.95945
G1 X117.381 Y105.777 E646.96714
G1 X117.632 Y105.603 E646.9773
G1 X118.068 Y105.504 E646.99217
G1 X119 Y105.504 E647.02317
G1 X119 Y101 E647.17297
G1 X113.211 Y101 E647.36552
G1 X113.212 Y101.893 E647.39522
G1 X113.167 Y102.195 E647.40537
G1 X112.942 Y102.581 E647.42023
G1 X112.601 Y102.818 E647.43405
G1 X112.326 Y102.89 E647.4435
G1 X110.519 Y102.899 E647.5036
G1 X110.157 Y102.805 E647.51604
G1 X110.005 Y102.717 E647.52188
G1 X109.766 Y102.477 E647.53315
G1 X109.588 Y101.987 E647.55049
G1 X109.41 Y102.477 E647.56783
G1 X109.171 Y102.717 E647.57909
G1 X108.865 Y102.863 E647.59037
G1 X108.641 Y102.899 E647.59792
G1 X106.839 Y102.9 E647.65785
G1 X106.499 Y102.802 E647.66962
G1 X106.187 Y102.568 E647.68259
G1 X105.975 Y102.192 E647.69695
G1 X105.932 Y101.897 E647.70686
G1 X105.933 Y101 E647.7367
G1 X101.001 Y101.001 E647.90074
G1 X101.001 Y118.999 E648.49935
G1 X119 Y119 E649.098
G0 F9000 X109.76 Y102.728
G0 X109.588 Y101.987
G1 F1515.2 X109.588 Y100.996 E649.13063
G0 F9000 X109.422 Y102.728
G0 X107.492 Y102.979
;TYPE:FILL
G1 F3000 X101.081 Y109.391 E649.43221
G0 F9000 X101.081 Y110.608
G1 F3000 X109.391 Y118.918 E649.82309
G0 F9000 X110.607 Y118.92
G1 F3000 X116.984 Y112.542 E650.12307
G0 F9000 X116.988 Y107.46
G1 F3000 X112.462 Y102.934 E650.33595
G0 F9000 X112.461 Y103.1
;MESH:NONMESH
G0 F300 X112.461 Y103.1 Z13.3
G0 F9000 X119.53 Y119.53
G0 X119.8 Y119.8
;TIME_ELAPSED:1006.249430
;LAYER:66
;TYPE:WALL-OUTER
;MESH:xyzCalibration_cube.stl
G1 F1500 X119.8 Y112.9 E650.56545
G1 X118.018 Y112.896 E650.62472
G1 X117.932 Y112.847 E650.62801
G1 X117.869 Y112.742 E650.63208
G1 X117.869 Y110.981 E650.69066
G1 X117.9 Y110.899 E650.69357
G1 X118.05 Y110.808 E650.69941
G1 X119.8 Y110.808 E650.75761
G1 X119.8 Y108.288 E650.84143
G1 X118.05 Y108.288 E650.89963
G1 X117.924 Y108.228 E650.90427
G1 X117.87 Y108.122 E650.90823
G1 X117.87 Y106.351 E650.96713
G1 X118.004 Y106.184 E650.97426
G1 X119.8 Y106.184 E651.03399
G1 X119.8 Y100.2 E651.23302
G1 X112.537 Y100.2 E651.47459
G1 X112.54 Y101.938 E651.53239
G1 X112.388 Y102.091 E651.53957
G1 X110.672 Y102.1 E651.59664
G1 X110.542 Y102.007 E651.60196
G1 X110.512 Y101.918 E651.60508
G1 X110.508 Y100.2 E651.66222
G1 X108.68 Y100.2 E651.72302
G1 X108.68 Y101.918 E651.78016
G1 X108.65 Y102.007 E651.78329
G1 X108.525 Y102.096 E651.78839
G1 X106.793 Y102.099 E651.846
G1 X106.669 Y102.033 E651.85067
G1 X106.62 Y101.942 E651.85411
G1 X106.623 Y100.2 E651.91205
G1 X100.2 Y100.2 E652.12568
G1 X100.2 Y119.8 E652.77758
G1 X119.8 Y119.8 E653.42947
G0 F9000 X119.4 Y119.4
;TYPE:WALL-INNER
G1 F1500 X119.4 Y113.299 E653.63239
G1 X117.928 Y113.296 E653.68135
G1 X117.668 Y113.148 E653.6913
G1 X117.54 Y112.991 E653.69804
G1 X117.467 Y112.761 E653.70607
G1 X117.469 Y110.959 E653.766
G1 X117.508 Y110.79 E653.77177
G1 X117.637 Y110.589 E653.77971
G1 X117.793 Y110.474 E653.78616
G1 X118.016 Y110.41 E653.79388
G1 X119.4 Y110.408 E653.83991
G1 X119.4 Y108.688 E653.89712
G1 X118.016 Y108.686 E653.94315
G1 X117.793 Y108.622 E653.95086
G1 X117.637 Y108.507 E653.95731
G1 X117.508 Y108.306 E653.96525
G1 X117.468 Y108.161 E653.97026
G1 X117.468 Y106.312 E654.03176
G1 X117.568 Y106.051 E654.04105
G1 X117.814 Y105.84 E654.05183
G1 X118.068 Y105.784 E654.06048
G1 X119.4 Y105.784 E654.10478
G1 X119.4 Y100.6 E654.27721
G1 X112.938 Y100.6 E654.49213
G1 X112.94 Y102.027 E654.53959
G1 X112.779 Y102.306 E654.55031
G1 X112.577 Y102.448 E654.55852
G1 X112.41 Y102.493 E654.56427
G1 X110.664 Y102.499 E654.62235
G1 X110.431 Y102.431 E654.63042
G1 X110.204 Y102.221 E654.6407
G1 X110.114 Y101.952 E654.65014
G1 X110.109 Y100.6 E654.69511
G1 X109.08 Y100.6 E654.72933
G1 X109.078 Y101.952 E654.7743
G1 X108.988 Y102.221 E654.78373
G1 X108.761 Y102.431 E654.79402
G1 X108.538 Y102.498 E654.80176
G1 X106.74 Y102.495 E654.86157
G1 X106.558 Y102.44 E654.86789
G1 X106.369 Y102.297 E654.87577
G1 X106.22 Y102.026 E654.88606
G1 X106.222 Y100.6 E654.93349
G1 X100.6 Y100.6 E655.12048
G1 X100.6 Y119.4 E655.74577
G1 X119.4 Y119.4 E656.37106
G0 F9000 X119 Y119
G1 F1500 X119 Y113.698 E656.5474
G1 X118.061 Y113.696 E656.57863
G1 X117.756 Y113.648 E656.5889
G1 X117.557 Y113.559 E656.59615
G1 X117.283 Y113.321 E656.60822
G1 X117.129 Y113.052 E656.61853
G1 X117.069 Y112.804 E656.62702
G1 X117.069 Y110.798 E656.69374
G1 X117.228 Y110.464 E656.70604
G1 X117.351 Y110.31 E656.7126
G1 X117.61 Y110.118 E656.72332
G1 X117.981 Y110.012 E656.73615
G1 X119 Y110.008 E656.77005
G1 X119 Y109.088 E656.80065
G1 X117.981 Y109.084 E656.83454
G1 X117.61 Y108.978 E656.84737
G1 X117.274 Y108.729 E656.86128
G1 X117.116 Y108.397 E656.87351
G1 X117.068 Y108.088 E656.88391
G1 X117.068 Y106.27 E656.94438
G1 X117.23 Y105.837 E656.95975
G1 X117.387 Y105.651 E656.96785
G1 X117.644 Y105.477 E656.97817
G1 X118.068 Y105.384 E656.99261
G1 X119 Y105.384 E657.02361
G1 X119 Y101 E657.16942
G1 X113.339 Y101 E657.35771
G1 X113.34 Y101.893 E657.38741
G1 X113.297 Y102.187 E657.39729
G1 X113.079 Y102.571 E657.41198
G1 X112.735 Y102.816 E657.42602
G1 X112.456 Y102.89 E657.43562
G1 X110.55 Y102.898 E657.49902
G1 X110.148 Y102.748 E657.51329
G1 X109.865 Y102.434 E657.52735
G1 F1153.8 X109.596 Y101.997 E657.54954
G1 X109.327 Y102.434 E657.57173
G1 F1500 X109.045 Y102.748 E657.58576
G1 X108.641 Y102.899 E657.60011
G1 X106.725 Y102.9 E657.66383
G1 X106.383 Y102.8 E657.67569
G1 X106.069 Y102.562 E657.68879
G1 X105.861 Y102.184 E657.70314
G1 X105.82 Y101.897 E657.71278
G1 X105.821 Y101 E657.74262
G1 X101 Y101 E657.90296
G1 X101 Y119 E658.50165
G1 X119 Y119 E659.10033
G0 F9000 X109.886 Y102.728
G0 X109.596 Y101.997
G1 F943.4 X109.595 Y101.115 E659.14697
G0 F9000 X109.309 Y102.728
G0 X107.692 Y102.979
;TYPE:FILL
G1 F3000 X101.08 Y109.591 E659.45798
G0 F9000 X101.08 Y110.408
G1 F3000 X109.592 Y118.92 E659.85836
G0 F9000 X110.408 Y118.92
G1 F3000 X116.985 Y112.342 E660.16774
G0 F9000 X116.988 Y107.66
G1 F3000 X112.305 Y102.977 E660.38802
G0 F9000 X112.304 Y103.1
;MESH:NONMESH
G0 F300 X112.304 Y103.1 Z13.5
G0 F9000 X119.53 Y119.53
G0 X119.8 Y119.8
;TIME_ELAPSED:1020.284347
;LAYER:67
;TYPE:WALL-OUTER
;MESH:xyzCalibration_cube.stl
G1 F1500 X119.8 Y113.012 E660.61379
G1 X118.064 Y113.012 E660.67153
G1 X117.908 Y112.939 E660.67726
G1 X117.865 Y112.834 E660.68103
G1 X117.868 Y111.066 E660.73983
G1 X117.93 Y110.971 E660.74361
G1 X118.05 Y110.916 E660.748
G1 X119.8 Y110.919 E660.8062
G1 X119.8 Y108.172 E660.89757
G1 X118.002 Y108.172 E660.95737
G1 X117.87 Y108.046 E660.96344
G1 X117.87 Y106.231 E661.02381
G1 X118.005 Y106.064 E661.03095
G1 X119.8 Y106.064 E661.09065
G1 X119.8 Y100.2 E661.28569
G1 X112.664 Y100.2 E661.52303
G1 X112.664 Y101.974 E661.58204
G1 X112.529 Y102.099 E661.58816
G1 X110.821 Y102.1 E661.64496
G1 X110.707 Y102.051 E661.64909
G1 X110.64 Y101.918 E661.65404
G1 X110.636 Y100.2 E661.71119
G1 X108.568 Y100.2 E661.77997
G1 X108.568 Y101.975 E661.839
G1 X108.431 Y102.1 E661.84517
G1 X106.681 Y102.099 E661.90338
G1 X106.556 Y102.031 E661.90811
G1 X106.508 Y101.943 E661.91144
G1 X106.508 Y100.2 E661.96942
G1 X100.2 Y100.2 E662.17922
G1 X100.201 Y119.799 E662.83109
G1 X119.8 Y119.8 E663.48295
G0 F9000 X119.4 Y119.4
;TYPE:WALL-INNER
G1 F1500 X119.4 Y113.412 E663.68211
G1 X118.064 Y113.412 E663.72655
G1 X117.765 Y113.333 E663.73684
G1 X117.598 Y113.191 E663.74413
G1 X117.467 Y112.877 E663.75544
G1 X117.47 Y111.059 E663.81591
G1 X117.514 Y110.883 E663.82194
G1 X117.654 Y110.681 E663.83012
G1 X117.81 Y110.574 E663.83641
G1 X118.015 Y110.518 E663.84348
G1 X119.4 Y110.518 E663.88954
G1 X119.4 Y108.572 E663.95427
G1 X118.015 Y108.57 E664.00033
G1 X117.81 Y108.514 E664.0074
G1 X117.576 Y108.317 E664.01757
G1 X117.468 Y108.046 E664.02728
G1 X117.468 Y106.195 E664.08884
G1 X117.564 Y105.937 E664.098
G1 X117.821 Y105.716 E664.10927
G1 X118.068 Y105.664 E664.11767
G1 X119.4 Y105.664 E664.16197
G1 X119.4 Y100.6 E664.3304
G1 X113.064 Y100.6 E664.54114
G1 X113.064 Y102.016 E664.58823
G1 X112.968 Y102.227 E664.59594
G1 X112.81 Y102.391 E664.60352
G1 X112.535 Y102.496 E664.61331
G1 X110.71 Y102.498 E664.67401
G1 X110.443 Y102.351 E664.68414
G1 X110.318 Y102.197 E664.69074
G1 X110.242 Y101.953 E664.69924
G1 X110.237 Y100.6 E664.74424
G1 X108.968 Y100.6 E664.78645
G1 X108.966 Y101.953 E664.83145
G1 X108.89 Y102.197 E664.83995
G1 X108.765 Y102.351 E664.84655
G1 X108.496 Y102.499 E664.85676
G1 X106.627 Y102.495 E664.91892
G1 X106.443 Y102.439 E664.92532
G1 X106.254 Y102.293 E664.93326
G1 X106.108 Y102.024 E664.94344
G1 X106.108 Y100.6 E664.9908
G1 X100.6 Y100.6 E665.174
G1 X100.601 Y119.399 E665.79926
G1 X119.4 Y119.4 E666.42452
G0 F9000 X119 Y119
G1 F1500 X119 Y113.812 E666.59707
G1 X118.064 Y113.812 E666.6282
G1 X117.764 Y113.767 E666.63829
G1 X117.567 Y113.68 E666.64545
G1 X117.287 Y113.443 E666.65765
G1 X117.13 Y113.171 E666.6681
G1 X117.069 Y112.921 E666.67666
G1 X117.069 Y111.058 E666.73862
G1 X117.182 Y110.651 E666.75267
G1 X117.378 Y110.391 E666.7635
G1 X117.638 Y110.213 E666.77398
G1 X117.981 Y110.119 E666.78581
G1 X119 Y110.117 E666.8197
G1 X119 Y108.972 E666.85779
G1 X117.981 Y108.969 E666.89168
G1 X117.638 Y108.875 E666.90351
G1 X117.378 Y108.697 E666.91399
G1 X117.248 Y108.546 E666.92061
G1 X117.124 Y108.303 E666.92969
G1 X117.068 Y108.092 E666.93695
G1 X117.068 Y106.147 E667.00164
G1 X117.134 Y105.905 E667.00998
G1 X117.239 Y105.703 E667.01755
G1 X117.393 Y105.525 E667.02538
G1 X117.657 Y105.351 E667.0359
G1 X118.068 Y105.264 E667.04987
G1 X119 Y105.264 E667.08087
G1 X119 Y101 E667.22269
G1 X113.464 Y101 E667.40682
G1 X113.464 Y101.9 E667.43675
G1 X113.424 Y102.182 E667.44623
G1 X113.346 Y102.373 E667.45309
G1 X113.197 Y102.581 E667.4616
G1 X112.866 Y102.816 E667.4751
G1 X112.581 Y102.894 E667.48493
G1 X110.806 Y102.9 E667.54397
G1 X110.507 Y102.844 E667.55408
G1 X110.179 Y102.651 E667.56674
G1 X109.97 Y102.395 E667.57773
G1 F1428.6 X109.824 Y101.989 E667.5928
G1 F1369.9 X109.82 Y101.018 E667.62816
G1 F1376.1 X109.386 Y101.018 E667.6439
G1 F1369.9 X109.384 Y101.989 E667.67926
G1 F1428.6 X109.238 Y102.395 E667.69433
G1 F1500 X109.029 Y102.651 E667.70532
G1 X108.875 Y102.763 E667.71165
G1 X108.545 Y102.898 E667.72351
G1 X106.612 Y102.9 E667.78781
G1 X106.267 Y102.799 E667.79976
G1 X105.951 Y102.555 E667.81304
G1 X105.746 Y102.177 E667.82734
G1 X105.708 Y101.9 E667.83664
G1 X105.708 Y101 E667.86658
G1 X101 Y101 E668.02317
G1 X101.001 Y118.999 E668.62181
G1 X119 Y119 E669.22046
G0 F9000 X117.239 Y113.638
G0 X116.988 Y112.14
;TYPE:FILL
G1 F3000 X110.208 Y118.92 E669.53937
G0 F9000 X109.79 Y118.918
G1 F3000 X101.08 Y110.209 E669.94904
G0 F9000 X101.081 Y109.79
G1 F3000 X107.893 Y102.977 E670.26948
G0 F9000 X112.109 Y102.98
G1 F3000 X116.988 Y107.859 E670.49897
G0 F9000 X117.242 Y108.802
G0 X118.251 Y109.122
G1 F3000 X118.341 Y109.213 E670.50323
;MESH:NONMESH
G0 F300 X118.341 Y109.213 Z13.7
G0 F9000 X117.64 Y110.689
G0 X117.639 Y113.238
G0 X119.53 Y119.53
G0 X119.8 Y119.8
;TIME_ELAPSED:1034.074174
;LAYER:68
;TYPE:WALL-OUTER
;MESH:xyzCalibration_cube.stl
G1 F1500 X119.8 Y113.128 E670.72514
G1 X118.019 Y113.124 E670.78438
G1 X117.865 Y112.98 E670.79139
G1 X117.872 Y111.183 E670.85116
G1 X117.935 Y111.078 E670.85523
G1 X118.05 Y111.028 E670.8594
G1 X119.8 Y111.031 E670.91761
G1 X119.8 Y108.056 E671.01656
G1 X118.05 Y108.056 E671.07476
G1 X117.935 Y108.006 E671.07893
G1 X117.871 Y107.896 E671.08317
G1 X117.87 Y106.11 E671.14257
G1 X118.007 Y105.944 E671.14973
G1 X119.8 Y105.944 E671.20936
G1 X119.8 Y100.2 E671.40041
G1 X112.792 Y100.2 E671.6335
G1 X112.792 Y101.939 E671.69134
G1 X112.709 Y102.063 E671.6963
G1 X112.616 Y102.099 E671.69962
G1 X110.924 Y102.097 E671.75589
G1 X110.794 Y102.006 E671.76117
G1 X110.764 Y101.918 E671.76426
G1 X110.764 Y100.2 E671.8214
G1 X108.456 Y100.2 E671.89817
G1 X108.452 Y101.918 E671.95531
G1 X108.422 Y102.006 E671.9584
G1 X108.304 Y102.094 E671.9633
G1 X106.569 Y102.099 E672.021
G1 X106.443 Y102.03 E672.02578
G1 X106.396 Y101.941 E672.02913
G1 X106.396 Y100.2 E672.08704
G1 X100.201 Y100.201 E672.29308
G1 X100.2 Y119.8 E672.94495
G1 X119.8 Y119.8 E673.59685
G0 F9000 X119.4 Y119.4
;TYPE:WALL-INNER
G1 F1500 X119.4 Y113.527 E673.79218
G1 X118.062 Y113.524 E673.83668
G1 X117.771 Y113.448 E673.84669
G1 X117.6 Y113.306 E673.85408
G1 X117.467 Y112.99 E673.86548
G1 X117.469 Y111.095 E673.92851
G1 X117.588 Y110.866 E673.9371
G1 X117.825 Y110.679 E673.94714
G1 X118.015 Y110.63 E673.95366
G1 X119.4 Y110.63 E673.99973
G1 X119.4 Y108.456 E674.07204
G1 X118.015 Y108.454 E674.1181
G1 X117.825 Y108.405 E674.12463
G1 X117.588 Y108.218 E674.13467
G1 X117.468 Y107.987 E674.14333
G1 X117.468 Y106.071 E674.20705
G1 X117.573 Y105.803 E674.21663
G1 X117.829 Y105.593 E674.22764
G1 X118.068 Y105.544 E674.23575
G1 X119.4 Y105.544 E674.28006
G1 X119.4 Y100.6 E674.44449
G1 X113.192 Y100.6 E674.65097
G1 X113.192 Y102.025 E674.69837
G1 X113.033 Y102.308 E674.70916
G1 X112.837 Y102.448 E674.71718
G1 X112.664 Y102.496 E674.72315
G1 X110.876 Y102.5 E674.78262
G1 X110.587 Y102.368 E674.79318
G1 X110.454 Y102.217 E674.79988
G1 X110.366 Y101.953 E674.80913
G1 X110.364 Y100.6 E674.85413
G1 X108.856 Y100.6 E674.90429
G1 X108.85 Y101.953 E674.94929
G1 X108.762 Y102.217 E674.95855
G1 X108.629 Y102.368 E674.96524
G1 X108.389 Y102.498 E674.97432
G1 X106.515 Y102.495 E675.03665
G1 X106.329 Y102.438 E675.04312
G1 X106.138 Y102.289 E675.05117
G1 X105.996 Y102.02 E675.06129
G1 X105.996 Y100.6 E675.10852
G1 X100.601 Y100.601 E675.28796
G1 X100.6 Y119.4 E675.91322
G1 X119.4 Y119.4 E676.53851
G0 F9000 X119 Y119
G1 F1500 X119 Y113.926 E676.70727
G1 X118.061 Y113.924 E676.7385
G1 X117.77 Y113.881 E676.74828
G1 X117.576 Y113.797 E676.75532
G1 X117.291 Y113.56 E676.76764
G1 X117.131 Y113.287 E676.77817
G1 X117.069 Y113.034 E676.78683
G1 X117.073 Y111.119 E676.85053
G1 X117.156 Y110.816 E676.86097
G1 X117.405 Y110.478 E676.87494
G1 X117.663 Y110.313 E676.88512
G1 X117.981 Y110.231 E676.89605
G1 X119 Y110.229 E676.92994
G1 X119 Y108.856 E676.9756
G1 X117.981 Y108.853 E677.0095
G1 X117.663 Y108.771 E677.02042
G1 X117.405 Y108.606 E677.03061
G1 X117.156 Y108.268 E677.04457
G1 X117.068 Y107.982 E677.05452
G1 X117.068 Y106.024 E677.11964
G1 X117.136 Y105.78 E677.12807
G1 X117.244 Y105.576 E677.13575
G1 X117.4 Y105.399 E677.14359
G1 X117.67 Y105.226 E677.15426
G1 X118.068 Y105.144 E677.16778
G1 X119 Y105.144 E677.19877
G1 X119 Y101 E677.3366
G1 X113.592 Y101 E677.51647
G1 X113.592 Y101.9 E677.54641
G1 X113.555 Y102.173 E677.55557
G1 X113.48 Y102.361 E677.5623
G1 X113.327 Y102.58 E677.57119
G1 X113 Y102.814 E677.58456
G1 X112.711 Y102.894 E677.59454
G1 X110.857 Y102.895 E677.6562
G1 X110.589 Y102.828 E677.66539
G1 X110.336 Y102.679 E677.67515
G1 X110.114 Y102.428 E677.6863
G1 F1250 X109.887 Y101.994 E677.70585
G1 F1075.3 X109.887 Y101.077 E677.74839
G1 F1081.1 X109.332 Y101.077 E677.77401
G1 F1075.3 X109.329 Y101.994 E677.81655
G1 F1250 X109.102 Y102.428 E677.8361
G1 F1500 X108.88 Y102.679 E677.84725
G1 X108.627 Y102.828 E677.85701
G1 X108.339 Y102.897 E677.86686
G1 X106.504 Y102.9 E677.9279
G1 X106.151 Y102.797 E677.94013
G1 X105.833 Y102.548 E677.95356
G1 X105.632 Y102.169 E677.96783
G1 X105.596 Y101.9 E677.97685
G1 X105.596 Y101 E678.00679
G1 X101.001 Y101.001 E678.15962
G1 X101 Y119 E678.75827
G1 X119 Y119 E679.35695
G0 F9000 X117.238 Y113.75
G0 X116.986 Y111.941
;TYPE:FILL
G1 F3000 X110.007 Y118.92 E679.68522
G1 X109.992 Y118.92
G1 X101.08 Y110.007 E680.10444
G1 X101.081 Y109.99
G1 X108.092 Y102.979 E680.43421
G0 F9000 X111.908 Y102.98
G1 F3000 X117.021 Y108.093 E680.67471
G0 F9000 X117.243 Y108.685
G0 X117.82 Y108.892
G1 F3000 X118.92 Y109.992 E680.72645
G1 X118.92 Y110.007
G1 X118.778 Y110.149 E680.73313
G0 F9000 X118.778 Y110.031
;MESH:NONMESH
G0 F300 X118.778 Y110.031 Z13.9
G0 F9000 X117.641 Y110.802
G0 X117.639 Y113.351
G0 X119.53 Y119.53
G0 X119.8 Y119.8
;TIME_ELAPSED:1047.856055
;LAYER:69
;TYPE:WALL-OUTER
;MESH:xyzCalibration_cube.stl
G1 F1500 X119.8 Y113.24 E680.95132
G1 X118.024 Y113.236 E681.01039
G1 X117.935 Y113.186 E681.01379
G1 X117.869 Y113.063 E681.01843
G1 X117.868 Y111.322 E681.07633
G1 X117.94 Y111.185 E681.08148
G1 X118.05 Y111.14 E681.08544
G1 X119.8 Y111.14 E681.14364
G1 X119.8 Y107.937 E681.25017
G1 X118.05 Y107.94 E681.30838
G1 X117.94 Y107.895 E681.31233
G1 X117.871 Y107.776 E681.31691
G1 X117.87 Y105.994 E681.37618
G1 X117.92 Y105.892 E681.37995
G1 X118.013 Y105.828 E681.38371
G1 X119.8 Y105.824 E681.44314
G1 X119.8 Y100.2 E681.6302
G1 X112.92 Y100.2 E681.85903
G1 X112.92 Y101.97 E681.9179
G1 X112.787 Y102.099 E681.92406
G1 X111.079 Y102.1 E681.98087
G1 X110.959 Y102.051 E681.98518
G1 X110.892 Y101.918 E681.99014
G1 X110.888 Y100.2 E682.04728
G1 X108.34 Y100.2 E682.13202
G1 X108.34 Y101.918 E682.18916
G1 X108.273 Y102.051 E682.19412
G1 X108.16 Y102.1 E682.19821
G1 X106.414 Y102.099 E682.25629
G1 X106.284 Y101.969 E682.2624
G1 X106.284 Y100.2 E682.32124
G1 X100.2 Y100.2 E682.52359
G1 X100.2 Y119.8 E683.17549
G1 X119.8 Y119.8 E683.82739
G0 F9000 X119.4 Y119.4
;TYPE:WALL-INNER
G1 F1500 X119.4 Y113.639 E684.019
G1 X117.941 Y113.636 E684.06753
G1 X117.67 Y113.486 E684.07783
G1 X117.527 Y113.297 E684.08571
G1 X117.473 Y113.116 E684.092
G1 X117.468 Y111.31 E684.15206
G1 X117.527 Y111.078 E684.16003
G1 X117.685 Y110.877 E684.16853
G1 X117.839 Y110.785 E684.1745
G1 X118.015 Y110.742 E684.18052
G1 X119.4 Y110.74 E684.22659
G1 X119.4 Y108.338 E684.30648
G1 X118.015 Y108.338 E684.35254
G1 X117.839 Y108.295 E684.35857
G1 X117.685 Y108.203 E684.36453
G1 X117.527 Y108.002 E684.37304
G1 X117.468 Y107.818 E684.37947
G1 X117.468 Y105.955 E684.44143
G1 X117.576 Y105.683 E684.45116
G1 X117.837 Y105.473 E684.4623
G1 X118.066 Y105.428 E684.47007
G1 X119.4 Y105.425 E684.51444
G1 X119.4 Y100.6 E684.67492
G1 X113.32 Y100.6 E684.87714
G1 X113.32 Y101.9 E684.92038
G1 X113.257 Y102.169 E684.92957
G1 X113.162 Y102.307 E684.93514
G1 X112.968 Y102.447 E684.94309
G1 X112.793 Y102.496 E684.94914
G1 X111.055 Y102.499 E685.00695
G1 X110.85 Y102.45 E685.01396
G1 X110.695 Y102.351 E685.02007
G1 X110.57 Y102.197 E685.02667
G1 X110.494 Y101.953 E685.03517
G1 X110.489 Y100.6 E685.08017
G1 X108.74 Y100.6 E685.13834
G1 X108.738 Y101.953 E685.18334
G1 X108.662 Y102.197 E685.19184
G1 X108.537 Y102.351 E685.19844
G1 X108.382 Y102.45 E685.20456
G1 X108.2 Y102.498 E685.21082
G1 X106.402 Y102.495 E685.27062
G1 X106.215 Y102.437 E685.27713
G1 X106.022 Y102.285 E685.2853
G1 X105.946 Y102.167 E685.28997
G1 X105.884 Y101.9 E685.29909
G1 X105.884 Y100.6 E685.34233
G1 X100.6 Y100.6 E685.51807
G1 X100.6 Y119.4 E686.14336
G1 X119.4 Y119.4 E686.76865
G0 F9000 X119 Y119
G1 F1500 X119 Y114.038 E686.93369
G1 X118.065 Y114.036 E686.96479
G1 X117.781 Y113.995 E686.97433
G1 X117.404 Y113.785 E686.98869
G1 X117.167 Y113.471 E687.00177
G1 X117.068 Y113.13 E687.01358
G1 X117.069 Y111.29 E687.07478
G1 X117.11 Y111.05 E687.08288
G1 X117.289 Y110.712 E687.0956
G1 X117.431 Y110.569 E687.1023
G1 X117.686 Y110.415 E687.11221
G1 X117.981 Y110.343 E687.12231
G1 X119 Y110.34 E687.1562
G1 X119 Y108.739 E687.20945
G1 X117.981 Y108.737 E687.24334
G1 X117.686 Y108.665 E687.25344
G1 X117.431 Y108.511 E687.26335
G1 X117.212 Y108.258 E687.27448
G1 X117.122 Y108.067 E687.2815
G1 X117.068 Y107.74 E687.29253
G1 X117.068 Y105.908 E687.35346
G1 X117.137 Y105.66 E687.36202
G1 X117.248 Y105.454 E687.3698
G1 X117.408 Y105.276 E687.37776
G1 X117.684 Y105.104 E687.38858
G1 X118.065 Y105.028 E687.4015
G1 X119 Y105.026 E687.4326
G1 X119 Y101 E687.56651
G1 X113.72 Y101 E687.74212
G1 X113.72 Y101.9 E687.77205
G1 X113.614 Y102.348 E687.78737
G1 X113.456 Y102.578 E687.79665
G1 X113.134 Y102.811 E687.80987
G1 X112.803 Y102.9 E687.82127
G1 X111.031 Y102.899 E687.8802
G1 X110.76 Y102.844 E687.8894
G1 X110.431 Y102.652 E687.90207
G1 X110.223 Y102.395 E687.91307
G1 X110.096 Y101.988 E687.92725
G1 X110.09 Y101 E687.96011
G1 X109.14 Y101 E687.99171
G1 X109.136 Y101.988 E688.02457
G1 X109.009 Y102.395 E688.03875
G1 X108.801 Y102.652 E688.04974
G1 X108.422 Y102.86 E688.06412
G1 X108.24 Y102.896 E688.07029
G1 X106.391 Y102.9 E688.13179
G1 X106.035 Y102.794 E688.14415
G1 X105.715 Y102.541 E688.15771
G1 X105.588 Y102.345 E688.16548
G1 X105.484 Y101.9 E688.18068
G1 X105.484 Y101 E688.21062
G1 X101 Y101 E688.35975
G1 X101 Y119 E688.95844
G1 X119 Y119 E689.55712
G0 F9000 X117.24 Y113.863
G0 X116.988 Y111.74
;TYPE:FILL
G1 F3000 X109.808 Y118.92 E689.89484
G0 F9000 X110.191 Y118.92
G1 F3000 X101.08 Y109.808 E690.32342
G0 F9000 X101.08 Y110.191
G1 F3000 X108.315 Y102.955 E690.66376
G0 F9000 X108.97 Y102.729
G0 X109.186 Y102.085
G1 F3000 X109.34 Y101.931 E690.671
G0 F9000 X110.265 Y102.729
G0 X111.708 Y102.979
G1 F3000 X118.92 Y110.191 E691.01023
G0 F9000 X118.92 Y109.808
G1 F3000 X118.466 Y110.262 E691.03159
G0 F9000 X118.466 Y110.142
;MESH:NONMESH
G0 F300 X118.466 Y110.142 Z14.1
G0 F9000 X117.641 Y110.913
G0 X117.64 Y113.464
G0 X119.53 Y119.53
G0 X119.8 Y119.8
;TIME_ELAPSED:1061.824455
;LAYER:70
;TYPE:WALL-OUTER
;MESH:xyzCalibration_cube.stl
G1 F1500 X119.8 Y113.352 E691.24605
G1 X118.025 Y113.352 E691.30508
G1 X117.936 Y113.303 E691.30846
G1 X117.869 Y113.179 E691.31315
G1 X117.868 Y111.432 E691.37126
G1 X117.945 Y111.293 E691.37654
G1 X118.05 Y111.252 E691.38029
G1 X119.8 Y111.255 E691.4385
G1 X119.8 Y107.82 E691.55274
G1 X118.05 Y107.82 E691.61095
G1 X117.945 Y107.779 E691.6147
G1 X117.872 Y107.664 E691.61923
G1 X117.87 Y105.873 E691.6788
G1 X117.905 Y105.791 E691.68176
G1 X118.012 Y105.708 E691.68627
G1 X119.8 Y105.704 E691.74574
G1 X119.8 Y100.2 E691.9288
G1 X113.048 Y100.2 E692.15337
G1 X113.048 Y101.968 E692.21218
G1 X112.915 Y102.099 E692.21839
G1 X111.17 Y102.1 E692.27643
G1 X111.078 Y102.045 E692.27999
G1 X111.016 Y101.918 E692.28469
G1 X111.016 Y100.2 E692.34183
G1 X108.228 Y100.2 E692.43456
G1 X108.228 Y101.977 E692.49366
G1 X108.066 Y102.097 E692.50037
G1 X106.301 Y102.099 E692.55907
G1 X106.172 Y101.968 E692.56519
G1 X106.172 Y100.2 E692.62399
G1 X100.2 Y100.2 E692.82262
G1 X100.201 Y119.799 E693.47449
G1 X119.8 Y119.8 E694.12635
G0 F9000 X119.4 Y119.4
;TYPE:WALL-INNER
G1 F1500 X119.4 Y113.752 E694.31421
G1 X117.942 Y113.752 E694.3627
G1 X117.674 Y113.605 E694.37287
G1 X117.528 Y113.416 E694.38081
G1 X117.473 Y113.232 E694.3872
G1 X117.47 Y111.392 E694.4484
G1 X117.516 Y111.214 E694.45451
G1 X117.7 Y110.977 E694.46449
G1 X118.015 Y110.854 E694.47574
G1 X119.4 Y110.854 E694.5218
G1 X119.4 Y108.22 E694.60941
G1 X118.015 Y108.218 E694.65547
G1 X117.851 Y108.18 E694.66107
G1 X117.613 Y108.012 E694.67076
G1 X117.468 Y107.698 E694.68227
G1 X117.468 Y105.833 E694.7443
G1 X117.579 Y105.559 E694.75413
G1 X117.846 Y105.35 E694.76541
G1 X118.066 Y105.308 E694.77286
G1 X119.4 Y105.305 E694.81723
G1 X119.4 Y100.6 E694.97371
G1 X113.448 Y100.6 E695.17168
G1 X113.448 Y101.9 E695.21492
G1 X113.389 Y102.161 E695.22382
G1 X113.291 Y102.306 E695.22964
G1 X113.1 Y102.445 E695.2375
G1 X112.922 Y102.496 E695.24365
G1 X111.172 Y102.499 E695.30186
G1 X111.002 Y102.461 E695.30765
G1 X110.802 Y102.335 E695.31551
G1 X110.684 Y102.179 E695.32202
G1 X110.618 Y101.953 E695.32985
G1 X110.616 Y100.6 E695.37485
G1 X108.628 Y100.6 E695.44097
G1 X108.626 Y101.953 E695.48597
G1 X108.56 Y102.179 E695.49381
G1 X108.442 Y102.335 E695.50031
G1 X108.242 Y102.461 E695.50817
G1 X108.096 Y102.497 E695.51317
G1 X106.289 Y102.495 E695.57328
G1 X106.1 Y102.436 E695.57986
G1 X105.907 Y102.28 E695.58811
G1 X105.831 Y102.16 E695.59284
G1 X105.772 Y101.9 E695.60171
G1 X105.772 Y100.6 E695.64494
G1 X100.6 Y100.6 E695.81697
G1 X100.601 Y119.399 E696.44222
G1 X119.4 Y119.4 E697.06748
G0 F9000 X119 Y119
G1 F1500 X119 Y114.152 E697.22873
G1 X118.068 Y114.152 E697.25972
G1 X117.789 Y114.113 E697.26909
G1 X117.411 Y113.907 E697.28341
G1 X117.169 Y113.591 E697.29665
G1 X117.068 Y113.249 E697.30851
G1 X117.069 Y111.389 E697.37037
G1 X117.129 Y111.105 E697.38003
G1 X117.228 Y110.909 E697.38733
G1 X117.456 Y110.66 E697.39856
G1 X117.707 Y110.519 E697.40814
G1 X117.981 Y110.455 E697.4175
G1 X119 Y110.453 E697.45139
G1 X119 Y108.62 E697.51235
G1 X117.981 Y108.617 E697.54625
G1 X117.707 Y108.553 E697.5556
G1 X117.456 Y108.412 E697.56518
G1 X117.179 Y108.08 E697.57956
G1 X117.106 Y107.897 E697.58611
G1 X117.068 Y107.62 E697.59541
G1 X117.068 Y105.785 E697.65645
G1 X117.139 Y105.535 E697.66509
G1 X117.253 Y105.327 E697.67298
G1 X117.415 Y105.15 E697.68096
G1 X117.698 Y104.978 E697.69197
G1 X118.065 Y104.908 E697.7044
G1 X119 Y104.906 E697.7355
G1 X119 Y101 E697.86541
G1 X113.848 Y101 E698.03677
G1 X113.848 Y101.9 E698.0667
G1 X113.749 Y102.335 E698.08154
G1 X113.586 Y102.576 E698.09122
G1 X113.268 Y102.808 E698.10431
G1 X112.934 Y102.9 E698.11583
G1 X111.071 Y102.9 E698.1778
G1 X110.786 Y102.803 E698.18781
G1 X110.526 Y102.625 E698.19829
G1 X110.33 Y102.365 E698.20912
G1 X110.219 Y101.987 E698.22222
G1 X110.216 Y101 E698.25505
G1 X109.028 Y101 E698.29456
G1 X109.025 Y101.987 E698.32739
G1 X108.914 Y102.365 E698.34049
G1 X108.662 Y102.699 E698.35441
G1 X108.331 Y102.854 E698.36657
G1 X108.141 Y102.894 E698.37303
G1 X106.277 Y102.9 E698.43502
G1 X105.919 Y102.792 E698.44746
G1 X105.597 Y102.533 E698.4612
G1 X105.47 Y102.334 E698.46906
G1 X105.372 Y101.9 E698.48385
G1 X105.372 Y101 E698.51379
G1 X101 Y101 E698.6592
G1 X101.001 Y118.999 E699.25785
G1 X119 Y119 E699.8565
G0 F9000 X117.24 Y113.978
G0 X116.989 Y111.538
;TYPE:FILL
G1 F3000 X109.608 Y118.919 E700.20368
G0 F9000 X110.391 Y118.919
G1 F3000 X101.08 Y109.608 E700.64164
G0 F9000 X101.081 Y110.391
G1 F3000 X109.922 Y101.55 E701.05749
G0 F9000 X110.391 Y102.729
G0 X111.508 Y102.98
G1 F3000 X118.899 Y110.371 E701.40514
G0 F9000 X118.152 Y110.375
G1 F3000 X118.92 Y109.607 E701.44127
G0 F9000 X118.8 Y109.607
;MESH:NONMESH
G0 F300 X118.8 Y109.607 Z14.3
G0 F9000 X117.641 Y111.023
G0 X117.64 Y113.578
G0 X119.53 Y119.53
G0 X119.8 Y119.8
;TIME_ELAPSED:1075.883934
;LAYER:71
;TYPE:WALL-OUTER
;MESH:xyzCalibration_cube.stl
G1 F1500 X119.8 Y113.468 E701.65187
G1 X118.026 Y113.464 E701.71087
G1 X117.938 Y113.417 E701.71419
G1 X117.869 Y113.291 E701.71897
G1 X117.868 Y111.515 E701.77804
G1 X118.012 Y111.364 E701.78498
G1 X119.8 Y111.364 E701.84445
G1 X119.8 Y107.704 E701.96618
G1 X118.016 Y107.704 E702.02552
G1 X117.922 Y107.637 E702.02936
G1 X117.875 Y107.541 E702.03291
G1 X117.875 Y105.753 E702.09238
G1 X117.909 Y105.67 E702.09537
G1 X118.017 Y105.588 E702.09988
G1 X119.8 Y105.584 E702.15918
G1 X119.8 Y100.2 E702.33825
G1 X113.176 Y100.2 E702.55857
G1 X113.176 Y101.967 E702.61734
G1 X113.044 Y102.099 E702.62355
G1 X111.299 Y102.096 E702.68158
G1 X111.2 Y102.04 E702.68537
G1 X111.144 Y101.918 E702.68983
G1 X111.14 Y100.2 E702.74697
G1 X108.116 Y100.2 E702.84755
G1 X108.116 Y101.969 E702.90639
G1 X107.988 Y102.099 E702.91246
G1 X106.188 Y102.099 E702.97233
G1 X106.06 Y101.966 E702.97846
G1 X106.06 Y100.2 E703.0372
G1 X100.2 Y100.2 E703.23211
G1 X100.2 Y119.8 E703.88401
G1 X119.8 Y119.8 E704.5359
G0 F9000 X119.4 Y119.4
;TYPE:WALL-INNER
G1 F1500 X119.4 Y113.867 E704.71993
G1 X117.946 Y113.864 E704.76829
G1 X117.678 Y113.721 E704.7784
G1 X117.53 Y113.53 E704.78643
G1 X117.473 Y113.345 E704.79287
G1 X117.469 Y111.518 E704.85364
G1 X117.5 Y111.368 E704.85873
G1 X117.619 Y111.164 E704.86659
G1 X117.841 Y111.008 E704.87561
G1 X118.038 Y110.964 E704.88233
G1 X119.4 Y110.964 E704.92763
G1 X119.4 Y108.104 E705.02275
G1 X118.041 Y108.104 E705.06795
G1 X117.844 Y108.06 E705.07466
G1 X117.705 Y107.98 E705.08
G1 X117.544 Y107.79 E705.08828
G1 X117.472 Y107.504 E705.09809
G1 X117.472 Y105.714 E705.15763
G1 X117.565 Y105.466 E705.16644
G1 X117.684 Y105.329 E705.17247
G1 X117.858 Y105.227 E705.17918
G1 X118.07 Y105.188 E705.18635
G1 X119.4 Y105.185 E705.23058
G1 X119.4 Y100.6 E705.38308
G1 X113.576 Y100.6 E705.57679
G1 X113.576 Y101.9 E705.62003
G1 X113.521 Y102.153 E705.62864
G1 X113.42 Y102.304 E705.63468
G1 X113.233 Y102.443 E705.64243
G1 X113.052 Y102.496 E705.6487
G1 X111.249 Y102.5 E705.70867
G1 X111.07 Y102.435 E705.71501
G1 X110.914 Y102.32 E705.72145
G1 X110.805 Y102.165 E705.72775
G1 X110.746 Y101.952 E705.73511
G1 X110.741 Y100.6 E705.78007
G1 X108.516 Y100.6 E705.85408
G1 X108.514 Y101.952 E705.89904
G1 X108.455 Y102.165 E705.9064
G1 X108.255 Y102.396 E705.91656
G1 X108.017 Y102.5 E705.9252
G1 X106.176 Y102.495 E705.98643
G1 X105.985 Y102.434 E705.9931
G1 X105.791 Y102.275 E706.00144
G1 X105.715 Y102.153 E706.00622
G1 X105.66 Y101.9 E706.01483
G1 X105.66 Y100.6 E706.05807
G1 X100.6 Y100.6 E706.22637
G1 X100.6 Y119.4 E706.85166
G1 X119.4 Y119.4 E707.47695
G0 F9000 X119 Y119
G1 F1500 X119 Y114.266 E707.6344
G1 X118.065 Y114.264 E707.6655
G1 X117.796 Y114.227 E707.67453
G1 X117.418 Y114.025 E707.68879
G1 X117.171 Y113.708 E707.70215
G1 X117.068 Y113.356 E707.71435
G1 X117.07 Y111.487 E707.77651
G1 X117.157 Y111.149 E707.78812
G1 X117.371 Y110.82 E707.80118
G1 X117.689 Y110.637 E707.81338
G1 X118.018 Y110.565 E707.82458
G1 X119 Y110.564 E707.85724
G1 X119 Y108.504 E707.92576
G1 X118.02 Y108.503 E707.95835
G1 X117.692 Y108.43 E707.96953
G1 X117.461 Y108.297 E707.9784
G1 X117.192 Y107.98 E707.99222
G1 X117.072 Y107.64 E708.00422
G1 X117.072 Y105.667 E708.06984
G1 X117.172 Y105.315 E708.08201
G1 X117.426 Y105.024 E708.09486
G1 X117.716 Y104.853 E708.10605
G1 X118.069 Y104.788 E708.11799
G1 X119 Y104.786 E708.14896
G1 X119 Y101 E708.27488
G1 X113.976 Y101 E708.44198
G1 X113.976 Y101.9 E708.47191
G1 X113.884 Y102.322 E708.48628
G1 X113.716 Y102.574 E708.49635
G1 X113.404 Y102.804 E708.50924
G1 X113.067 Y102.9 E708.5209
G1 X111.188 Y102.9 E708.58339
G1 X110.888 Y102.791 E708.59401
G1 X110.628 Y102.6 E708.60474
G1 X110.446 Y102.341 E708.61527
G1 X110.347 Y101.987 E708.62749
G1 X110.342 Y101 E708.66032
G1 X108.916 Y101 E708.70775
G1 X108.913 Y101.987 E708.74058
G1 X108.814 Y102.341 E708.75281
G1 X108.632 Y102.6 E708.76333
G1 X108.48 Y102.727 E708.76992
G1 X108.24 Y102.847 E708.77885
G1 X108.012 Y102.9 E708.78663
G1 X106.162 Y102.9 E708.84816
G1 X105.802 Y102.79 E708.86068
G1 X105.478 Y102.525 E708.87461
G1 X105.353 Y102.322 E708.88253
G1 X105.26 Y101.9 E708.89691
G1 X105.26 Y101 E708.92684
G1 X101 Y101 E709.06853
G1 X101 Y119 E709.66721
G1 X119 Y119 E710.26589
G0 F9000 X117.24 Y114.09
G0 X117.023 Y111.304
;TYPE:FILL
G1 F3000 X109.408 Y118.92 E710.6241
G0 F9000 X110.592 Y118.92
G1 F3000 X101.08 Y109.408 E711.07152
G0 F9000 X101.08 Y110.591
G1 F3000 X110.263 Y101.408 E711.50346
G0 F9000 X110.268 Y101.94
G1 F3000 X109.409 Y101.08 E711.54389
G0 F9000 X110.518 Y102.729
G0 X111.308 Y102.979
G1 F3000 X118.811 Y110.483 E711.89683
G0 F9000 X117.791 Y110.536
G1 F3000 X118.92 Y109.408 E711.94991
G0 F9000 X118.8 Y109.408
;MESH:NONMESH
G0 F300 X118.8 Y109.408 Z14.5
G0 F9000 X117.641 Y111.134
G0 X117.64 Y113.691
G0 X119.53 Y119.53
G0 X119.8 Y119.8
;TIME_ELAPSED:1090.178785
;LAYER:72
;TYPE:WALL-OUTER
;MESH:xyzCalibration_cube.stl
G1 F1500 X119.8 Y113.58 E712.15679
G1 X118.004 Y113.576 E712.21652
G1 X117.909 Y113.499 E712.22059
G1 X117.869 Y113.404 E712.22402
G1 X117.868 Y111.654 E712.28222
G1 X117.903 Y111.557 E712.28565
G1 X118.005 Y111.473 E712.29005
G1 X119.8 Y111.475 E712.34975
G1 X119.8 Y107.588 E712.47903
G1 X118.051 Y107.587 E712.53721
G1 X117.949 Y107.547 E712.54085
G1 X117.872 Y107.388 E712.54673
G1 X117.875 Y105.632 E712.60513
G1 X117.944 Y105.513 E712.60971
G1 X118.023 Y105.468 E712.61273
G1 X119.8 Y105.464 E712.67183
G1 X119.8 Y100.2 E712.84691
G1 X113.304 Y100.2 E713.06297
G1 X113.304 Y101.964 E713.12164
G1 X113.175 Y102.099 E713.12785
G1 X111.448 Y102.1 E713.18529
G1 X111.32 Y102.035 E713.19007
G1 X111.268 Y101.918 E713.19433
G1 X111.268 Y100.2 E713.25147
G1 X108.004 Y100.2 E713.36003
G1 X108 Y101.918 E713.41717
G1 X107.948 Y102.035 E713.42143
G1 X107.828 Y102.099 E713.42595
G1 X106.075 Y102.099 E713.48426
G1 X105.948 Y101.964 E713.49042
G1 X105.948 Y100.2 E713.54909
G1 X100.201 Y100.201 E713.74024
G1 X100.2 Y119.8 E714.3921
G1 X119.8 Y119.8 E715.044
G0 F9000 X119.4 Y119.4
;TYPE:WALL-INNER
G1 F1500 X119.4 Y113.979 E715.22431
G1 X118.066 Y113.976 E715.26867
G1 X117.799 Y113.913 E715.2778
G1 X117.682 Y113.836 E715.28246
G1 X117.531 Y113.645 E715.29056
G1 X117.473 Y113.458 E715.29707
G1 X117.47 Y111.618 E715.35827
G1 X117.503 Y111.467 E715.36341
G1 X117.623 Y111.268 E715.37114
G1 X117.827 Y111.122 E715.37948
G1 X118.006 Y111.075 E715.38564
G1 X119.4 Y111.074 E715.432
G1 X119.4 Y107.988 E715.53464
G1 X118.009 Y107.985 E715.58091
G1 X117.83 Y107.938 E715.58706
G1 X117.626 Y107.791 E715.59542
G1 X117.472 Y107.467 E715.60736
G1 X117.472 Y105.593 E715.66969
G1 X117.564 Y105.348 E715.67839
G1 X117.689 Y105.205 E715.68471
G1 X117.868 Y105.103 E715.69156
G1 X118.07 Y105.068 E715.69838
G1 X119.4 Y105.065 E715.74261
G1 X119.4 Y100.6 E715.89112
G1 X113.704 Y100.6 E716.08057
G1 X113.704 Y101.9 E716.12381
G1 X113.653 Y102.144 E716.1321
G1 X113.549 Y102.303 E716.13842
G1 X113.366 Y102.441 E716.14604
G1 X113.181 Y102.496 E716.15246
G1 X111.436 Y102.5 E716.2105
G1 X111.113 Y102.385 E716.2219
G1 X110.922 Y102.15 E716.23198
G1 X110.87 Y101.953 E716.23875
G1 X110.868 Y100.6 E716.28375
G1 X108.403 Y100.6 E716.36574
G1 X108.398 Y101.953 E716.41074
G1 X108.346 Y102.15 E716.41752
G1 X108.244 Y102.305 E716.42369
G1 X108.089 Y102.427 E716.43025
G1 X107.883 Y102.495 E716.43746
G1 X106.064 Y102.495 E716.49796
G1 X105.87 Y102.433 E716.50474
G1 X105.675 Y102.27 E716.51319
G1 X105.6 Y102.146 E716.51801
G1 X105.548 Y101.9 E716.52637
G1 X105.548 Y100.6 E716.56961
G1 X100.601 Y100.601 E716.73415
G1 X100.6 Y119.4 E717.35941
G1 X119.4 Y119.4 E717.9847
G0 F9000 X119 Y119
G1 F1500 X119 Y114.378 E718.13843
G1 X118.065 Y114.376 E718.16953
G1 X117.62 Y114.271 E718.18473
G1 X117.425 Y114.143 E718.19249
G1 X117.173 Y113.824 E718.20601
G1 X117.068 Y113.469 E718.21832
G1 X117.071 Y111.582 E718.28109
G1 X117.127 Y111.331 E718.28964
G1 X117.327 Y110.999 E718.30253
G1 X117.667 Y110.755 E718.31645
G1 X117.964 Y110.677 E718.32666
G1 X119 Y110.673 E718.36112
G1 X119 Y108.388 E718.43712
G1 X117.967 Y108.383 E718.47148
G1 X117.669 Y108.304 E718.48173
G1 X117.46 Y108.18 E718.48982
G1 X117.2 Y107.88 E718.50302
G1 X117.072 Y107.527 E718.51551
G1 X117.072 Y105.542 E718.58153
G1 X117.176 Y105.191 E718.59371
G1 X117.433 Y104.897 E718.60669
G1 X117.732 Y104.727 E718.61813
G1 X118.069 Y104.668 E718.62951
G1 X119 Y104.666 E718.66048
G1 X119 Y101 E718.78241
G1 X114.104 Y101 E718.94525
G1 X114.104 Y101.9 E718.97519
G1 X114.018 Y102.307 E718.98902
G1 X113.846 Y102.571 E718.9995
G1 X113.54 Y102.801 E719.01223
G1 X113.194 Y102.9 E719.0242
G1 X111.299 Y102.899 E719.08723
G1 X110.987 Y102.777 E719.09837
G1 X110.729 Y102.575 E719.10927
G1 X110.558 Y102.316 E719.11959
G1 X110.471 Y101.987 E719.13091
G1 X110.468 Y101 E719.16374
G1 X108.802 Y101 E719.21915
G1 X108.797 Y101.987 E719.25198
G1 X108.71 Y102.316 E719.2633
G1 X108.539 Y102.575 E719.27362
G1 X108.391 Y102.708 E719.28024
G1 X108.1 Y102.855 E719.29108
G1 X107.899 Y102.9 E719.29793
G1 X106.048 Y102.9 E719.3595
G1 X105.686 Y102.788 E719.3721
G1 X105.36 Y102.517 E719.3862
G1 X105.235 Y102.31 E719.39424
G1 X105.148 Y101.9 E719.40818
G1 X105.148 Y101 E719.43812
G1 X101.001 Y101.001 E719.57605
G1 X101 Y119 E720.1747
G1 X119 Y119 E720.77338
G0 F9000 X110.792 Y118.92
;TYPE:FILL
G1 F3000 X101.08 Y109.208 E721.2302
G0 F9000 X101.08 Y110.792
G1 F3000 X110.389 Y101.483 E721.66807
G0 F9000 X110.505 Y102.378
G1 F3000 X109.208 Y101.08 E721.7291
G0 F9000 X110.644 Y102.729
G0 X110.993 Y102.866
G1 F3000 X118.72 Y110.593 E722.09255
G0 F9000 X118.92 Y109.207
G1 F3000 X109.207 Y118.92 E722.54942
G0 F9000 X109.207 Y118.8
;MESH:NONMESH
G0 F300 X109.207 Y118.8 Z14.7
G0 F9000 X119.53 Y119.53
G0 X119.8 Y119.8
;TIME_ELAPSED:1104.340196
;LAYER:73
;TYPE:WALL-OUTER
;MESH:xyzCalibration_cube.stl
G1 F1500 X119.8 Y113.692 E722.75258
G1 X118.003 Y113.692 E722.81235
G1 X117.91 Y113.616 E722.81634
G1 X117.869 Y113.52 E722.81981
G1 X117.869 Y111.755 E722.87852
G1 X117.945 Y111.625 E722.88353
G1 X118.037 Y111.586 E722.88685
G1 X119.8 Y111.587 E722.94549
G1 X119.8 Y107.469 E723.08245
G1 X118.04 Y107.47 E723.14099
G1 X117.924 Y107.408 E723.14536
G1 X117.872 Y107.317 E723.14885
G1 X117.875 Y105.512 E723.20888
G1 X117.945 Y105.392 E723.21351
G1 X118.025 Y105.348 E723.21654
G1 X119.8 Y105.348 E723.27558
G1 X119.8 Y100.2 E723.4468
G1 X113.432 Y100.2 E723.6586
G1 X113.432 Y101.963 E723.71724
G1 X113.302 Y102.1 E723.72352
G1 X111.54 Y102.099 E723.78213
G1 X111.445 Y102.032 E723.78599
G1 X111.396 Y101.918 E723.79012
G1 X111.392 Y100.2 E723.84726
G1 X107.892 Y100.2 E723.96367
G1 X107.888 Y101.918 E724.02081
G1 X107.839 Y102.032 E724.02494
G1 X107.704 Y102.1 E724.02997
G1 X105.961 Y102.098 E724.08794
G1 X105.836 Y101.963 E724.09406
G1 X105.836 Y100.2 E724.1527
G1 X100.2 Y100.2 E724.34015
G1 X100.2 Y119.8 E724.99205
G1 X119.8 Y119.8 E725.64395
G0 F9000 X119.4 Y119.4
;TYPE:WALL-INNER
G1 F1500 X119.4 Y114.092 E725.82049
G1 X118.068 Y114.092 E725.86479
G1 X117.806 Y114.033 E725.87373
G1 X117.687 Y113.956 E725.87844
G1 X117.532 Y113.763 E725.88667
G1 X117.473 Y113.574 E725.89326
G1 X117.473 Y111.699 E725.95562
G1 X117.53 Y111.516 E725.962
G1 X117.7 Y111.309 E725.97091
G1 X117.999 Y111.184 E725.98169
G1 X119.4 Y111.186 E726.02828
G1 X119.4 Y107.87 E726.13857
G1 X118.001 Y107.872 E726.1851
G1 X117.817 Y107.816 E726.1915
G1 X117.63 Y107.679 E726.19921
G1 X117.472 Y107.353 E726.21126
G1 X117.472 Y105.47 E726.27389
G1 X117.563 Y105.229 E726.28246
G1 X117.693 Y105.081 E726.28901
G1 X117.877 Y104.98 E726.29599
G1 X118.072 Y104.948 E726.30256
G1 X119.4 Y104.948 E726.34673
G1 X119.4 Y100.6 E726.49135
G1 X113.832 Y100.6 E726.67654
G1 X113.832 Y101.9 E726.71978
G1 X113.785 Y102.136 E726.72778
G1 X113.609 Y102.368 E726.73747
G1 X113.353 Y102.5 E726.74705
G1 X111.529 Y102.497 E726.80771
G1 X111.378 Y102.46 E726.81288
G1 X111.144 Y102.296 E726.82239
G1 X111.049 Y102.148 E726.82824
G1 X110.998 Y101.953 E726.83494
G1 X110.993 Y100.6 E726.87994
G1 X108.291 Y100.6 E726.96981
G1 X108.286 Y101.953 E727.01481
G1 X108.235 Y102.148 E727.02152
G1 X108.14 Y102.296 E727.02737
G1 X107.906 Y102.46 E727.03687
G1 X107.736 Y102.499 E727.04267
G1 X105.951 Y102.494 E727.10204
G1 X105.756 Y102.431 E727.10886
G1 X105.559 Y102.265 E727.11743
G1 X105.485 Y102.138 E727.12231
G1 X105.436 Y101.9 E727.1304
G1 X105.436 Y100.6 E727.17363
G1 X100.6 Y100.6 E727.33448
G1 X100.6 Y119.4 E727.95977
G1 X119.4 Y119.4 E728.58506
G0 F9000 X119 Y119
G1 F1500 X119 Y114.492 E728.735
G1 X118.068 Y114.492 E728.766
G1 X117.632 Y114.393 E728.78087
G1 X117.433 Y114.266 E728.78872
G1 X117.175 Y113.944 E728.80244
G1 X117.068 Y113.588 E728.81481
G1 X117.068 Y111.683 E728.87817
G1 X117.149 Y111.387 E728.88837
G1 X117.255 Y111.2 E728.89552
G1 X117.455 Y110.993 E728.9051
G1 X117.646 Y110.877 E728.91253
G1 X117.953 Y110.784 E728.9232
G1 X119 Y110.785 E728.95802
G1 X119 Y108.271 E729.04164
G1 X117.956 Y108.272 E729.07636
G1 X117.648 Y108.178 E729.08707
G1 X117.458 Y108.062 E729.09448
G1 X117.203 Y107.798 E729.10668
G1 X117.072 Y107.406 E729.12043
G1 X117.072 Y105.423 E729.18639
G1 X117.15 Y105.159 E729.19554
G1 X117.373 Y104.809 E729.20934
G1 X117.748 Y104.602 E729.22359
G1 X118.072 Y104.548 E729.23452
G1 X119 Y104.548 E729.26538
G1 X119 Y101 E729.38339
G1 X114.232 Y101 E729.54197
G1 X114.232 Y101.9 E729.57191
G1 X114.153 Y102.292 E729.58521
G1 X113.976 Y102.569 E729.59614
G1 X113.607 Y102.848 E729.61153
G1 X113.232 Y102.9 E729.62412
G1 X111.419 Y102.899 E729.68442
G1 X111.094 Y102.765 E729.69611
G1 X110.843 Y102.559 E729.70691
G1 X110.684 Y102.312 E729.71668
G1 X110.599 Y101.987 E729.72785
G1 X110.594 Y101 E729.76068
G1 X108.69 Y101 E729.82401
G1 X108.685 Y101.987 E729.85684
G1 X108.6 Y102.312 E729.86801
G1 X108.441 Y102.559 E729.87778
G1 X108.298 Y102.693 E729.8843
G1 X108.051 Y102.833 E729.89374
G1 X107.767 Y102.897 E729.90343
G1 X105.94 Y102.9 E729.96419
G1 X105.569 Y102.785 E729.97711
G1 X105.241 Y102.508 E729.99139
G1 X105.117 Y102.297 E729.99953
G1 X105.036 Y101.9 E730.01301
G1 X105.036 Y101 E730.04294
G1 X101 Y101 E730.17718
G1 X101 Y119 E730.77586
G1 X119 Y119 E731.37454
G0 F9000 X110.992 Y118.92
;TYPE:FILL
G1 F3000 X101.08 Y109.008 E731.84077
G0 F9000 X101.08 Y110.991
G1 F3000 X110.517 Y101.555 E732.28464
G0 F9000 X109.008 Y101.08
G1 F3000 X118.633 Y110.705 E732.73737
G0 F9000 X118.92 Y109.008
G1 F3000 X109.008 Y118.92 E733.2036
G0 F9000 X109.008 Y118.8
;MESH:NONMESH
G0 F300 X109.008 Y118.8 Z14.9
G0 F9000 X119.53 Y119.53
G0 X119.8 Y119.8
;TIME_ELAPSED:1118.399473
;LAYER:74
;TYPE:WALL-OUTER
;MESH:xyzCalibration_cube.stl
G1 F1500 X119.8 Y113.808 E733.40289
G1 X118.002 Y113.804 E733.46269
G1 X117.869 Y113.677 E733.46881
G1 X117.871 Y111.857 E733.52934
G1 X117.922 Y111.759 E733.53302
G1 X118.027 Y111.7 E733.53702
G1 X119.8 Y111.699 E733.59599
G1 X119.8 Y107.352 E733.74058
G1 X118.031 Y107.348 E733.79941
G1 X117.948 Y107.31 E733.80245
G1 X117.875 Y107.19 E733.80712
G1 X117.875 Y105.391 E733.86696
G1 X117.922 Y105.294 E733.87054
G1 X118.024 Y105.228 E733.87458
G1 X119.8 Y105.228 E733.93365
G1 X119.8 Y100.2 E734.10088
G1 X113.56 Y100.2 E734.30843
G1 X113.56 Y101.957 E734.36687
G1 X113.402 Y102.1 E734.37395
G1 X111.64 Y102.099 E734.43256
G1 X111.52 Y101.966 E734.43852
G1 X111.52 Y100.2 E734.49725
G1 X107.776 Y100.2 E734.62178
G1 X107.776 Y101.966 E734.68052
G1 X107.68 Y102.072 E734.68527
G1 X107.594 Y102.1 E734.68828
G1 X105.891 Y102.098 E734.74492
G1 X105.759 Y102.02 E734.75002
G1 X105.72 Y101.899 E734.75425
G1 X105.723 Y100.2 E734.81076
G1 X100.2 Y100.2 E734.99446
G1 X100.2 Y119.8 E735.64635
G1 X119.8 Y119.8 E736.29825
G0 F9000 X119.4 Y119.4
;TYPE:WALL-INNER
G1 F1500 X119.4 Y114.207 E736.47097
G1 X118.066 Y114.204 E736.51534
G1 X117.813 Y114.148 E736.52396
G1 X117.691 Y114.072 E736.52874
G1 X117.533 Y113.878 E736.53706
G1 X117.473 Y113.687 E736.54372
G1 X117.472 Y111.826 E736.60562
G1 X117.555 Y111.583 E736.61416
G1 X117.698 Y111.422 E736.62132
G1 X117.981 Y111.296 E736.63163
G1 X119.4 Y111.298 E736.67882
G1 X119.4 Y107.752 E736.79676
G1 X117.984 Y107.752 E736.84386
G1 X117.701 Y107.625 E736.85418
G1 X117.524 Y107.399 E736.86372
G1 X117.472 Y107.233 E736.86951
G1 X117.472 Y105.353 E736.93204
G1 X117.52 Y105.191 E736.93766
G1 X117.699 Y104.957 E736.94746
G1 X117.939 Y104.828 E736.95652
G1 X119.4 Y104.828 E737.00511
G1 X119.4 Y100.6 E737.14574
G1 X113.96 Y100.6 E737.32667
G1 X113.96 Y101.9 E737.36991
G1 X113.917 Y102.126 E737.37756
G1 X113.743 Y102.363 E737.38734
G1 X113.483 Y102.5 E737.39711
G1 X111.645 Y102.496 E737.45825
G1 X111.348 Y102.371 E737.46896
G1 X111.179 Y102.16 E737.47796
G1 X111.122 Y101.953 E737.4851
G1 X111.12 Y100.6 E737.5301
G1 X108.176 Y100.6 E737.62802
G1 X108.174 Y101.953 E737.67302
G1 X108.117 Y102.16 E737.68016
G1 X107.948 Y102.371 E737.68915
G1 X107.628 Y102.498 E737.7006
G1 X105.834 Y102.494 E737.76027
G1 X105.637 Y102.43 E737.76716
G1 X105.439 Y102.26 E737.77584
G1 X105.365 Y102.13 E737.78081
G1 X105.32 Y101.898 E737.78867
G1 X105.322 Y100.6 E737.83185
G1 X100.6 Y100.6 E737.9889
G1 X100.6 Y119.4 E738.61419
G1 X119.4 Y119.4 E739.23948
G0 F9000 X119 Y119
G1 F1500 X119 Y114.606 E739.38563
G1 X118.065 Y114.604 E739.41672
G1 X117.643 Y114.51 E739.4311
G1 X117.441 Y114.384 E739.43902
G1 X117.177 Y114.06 E739.45292
G1 X117.068 Y113.7 E739.46543
G1 X117.074 Y111.779 E739.52933
G1 X117.156 Y111.483 E739.53954
G1 X117.263 Y111.301 E739.54656
G1 X117.452 Y111.107 E739.55557
G1 X117.625 Y110.999 E739.56236
G1 X117.927 Y110.896 E739.57297
G1 X119 Y110.897 E739.60866
G1 X119 Y108.152 E739.69996
G1 X117.928 Y108.152 E739.73561
G1 X117.627 Y108.048 E739.7462
G1 X117.455 Y107.94 E739.75296
G1 X117.266 Y107.745 E739.76199
G1 X117.142 Y107.523 E739.77045
G1 X117.072 Y107.281 E739.77883
G1 X117.072 Y105.299 E739.84475
G1 X117.152 Y105.034 E739.85395
G1 X117.326 Y104.761 E739.86472
G1 X117.45 Y104.644 E739.87039
G1 X117.765 Y104.476 E739.88227
G1 X118.072 Y104.428 E739.8926
G1 X119 Y104.428 E739.92347
G1 X119 Y101 E740.03748
G1 X114.36 Y101 E740.19181
G1 X114.36 Y101.9 E740.22174
G1 X114.288 Y102.276 E740.23448
G1 X114.21 Y102.428 E740.24016
G1 X113.997 Y102.672 E740.25093
G1 X113.642 Y102.86 E740.26429
G1 X113.36 Y102.9 E740.27377
G1 X111.652 Y102.898 E740.33057
G1 X111.387 Y102.844 E740.33957
G1 X111.203 Y102.757 E740.34634
G1 X110.966 Y102.558 E740.35663
G1 X110.818 Y102.333 E740.36559
G1 X110.723 Y101.988 E740.37749
G1 X110.72 Y101 E740.41035
G1 X108.576 Y101 E740.48166
G1 X108.573 Y101.988 E740.51452
G1 X108.478 Y102.333 E740.52642
G1 X108.33 Y102.558 E740.53538
G1 X108.093 Y102.757 E740.54567
G1 X107.909 Y102.844 E740.55244
G1 X107.663 Y102.897 E740.56081
G1 X105.822 Y102.9 E740.62205
G1 X105.448 Y102.782 E740.63509
G1 X105.118 Y102.499 E740.64955
G1 X104.996 Y102.283 E740.6578
G1 X104.92 Y101.897 E740.67088
G1 X104.921 Y101 E740.70072
G1 X101 Y101 E740.83113
G1 X101 Y119 E741.42981
G1 X119 Y119 E742.0285
G0 F9000 X111.191 Y118.92
;TYPE:FILL
G1 F3000 X101.08 Y108.808 E742.50411
G0 F9000 X101.08 Y111.19
G1 F3000 X110.642 Y101.629 E742.95385
G0 F9000 X108.809 Y101.08
G1 F3000 X118.546 Y110.817 E743.41185
G0 F9000 X118.92 Y108.808
G1 F3000 X108.808 Y118.92 E743.88749
G0 F9000 X108.808 Y118.8
;MESH:NONMESH
G0 F300 X108.808 Y118.8 Z15.1
G0 F9000 X119.53 Y119.53
G0 X119.8 Y119.8
;TIME_ELAPSED:1132.522351
;LAYER:75
;TYPE:WALL-OUTER
;MESH:xyzCalibration_cube.stl
G1 F1500 X119.8 Y113.92 E744.08306
G1 X118.067 Y113.916 E744.1407
G1 X117.944 Y113.874 E744.14502
G1 X117.869 Y113.744 E744.15001
G1 X117.87 Y111.974 E744.20889
G1 X117.898 Y111.901 E744.21149
G1 X118.018 Y111.814 E744.21642
G1 X119.8 Y111.811 E744.27569
G1 X119.8 Y107.236 E744.42785
G1 X118.022 Y107.23 E744.48699
G1 X117.902 Y107.143 E744.49192
G1 X117.872 Y107.036 E744.49561
G1 X117.875 Y105.271 E744.55432
G1 X117.914 Y105.184 E744.55749
G1 X118.03 Y105.108 E744.5621
G1 X119.8 Y105.108 E744.62097
G1 X119.8 Y100.2 E744.78421
G1 X113.688 Y100.2 E744.9875
G1 X113.688 Y101.954 E745.04584
G1 X113.531 Y102.1 E745.05297
G1 X111.82 Y102.099 E745.10987
G1 X111.697 Y102.032 E745.11453
G1 X111.649 Y101.929 E745.11831
G1 X111.648 Y100.2 E745.17582
G1 X107.664 Y100.2 E745.30833
G1 X107.663 Y101.929 E745.36583
G1 X107.615 Y102.032 E745.36961
G1 X107.483 Y102.1 E745.37455
G1 X105.779 Y102.098 E745.43123
G1 X105.646 Y102.018 E745.43639
G1 X105.608 Y101.899 E745.44055
G1 X105.611 Y100.2 E745.49705
G1 X100.2 Y100.2 E745.67703
G1 X100.2 Y119.8 E746.32892
G1 X119.8 Y119.8 E746.98082
G0 F9000 X119.4 Y119.4
;TYPE:WALL-INNER
G1 F1500 X119.4 Y114.319 E747.14982
G1 X118.066 Y114.316 E747.19419
G1 X117.82 Y114.263 E747.20256
G1 X117.696 Y114.188 E747.20738
G1 X117.535 Y113.993 E747.21579
G1 X117.473 Y113.8 E747.22253
G1 X117.473 Y111.93 E747.28473
G1 X117.535 Y111.73 E747.29169
G1 X117.661 Y111.566 E747.29857
G1 X117.963 Y111.408 E747.3099
G1 X119.4 Y111.41 E747.3577
G1 X119.4 Y107.636 E747.48322
G1 X117.965 Y107.636 E747.53095
G1 X117.766 Y107.553 E747.53812
G1 X117.602 Y107.41 E747.54536
G1 X117.472 Y107.115 E747.55608
G1 X117.472 Y105.23 E747.61878
G1 X117.521 Y105.068 E747.62441
G1 X117.704 Y104.833 E747.63431
G1 X117.946 Y104.708 E747.64337
G1 X119.4 Y104.708 E747.69173
G1 X119.4 Y100.6 E747.82837
G1 X114.088 Y100.6 E748.00504
G1 X114.088 Y101.9 E748.04828
G1 X114.048 Y102.116 E748.05559
G1 X113.876 Y102.358 E748.06546
G1 X113.615 Y102.5 E748.07535
G1 X111.802 Y102.499 E748.13565
G1 X111.53 Y102.41 E748.14516
G1 X111.313 Y102.172 E748.15588
G1 X111.253 Y101.986 E748.16238
G1 X111.248 Y100.6 E748.20848
G1 X108.064 Y100.6 E748.31438
G1 X108.059 Y101.986 E748.36048
G1 X107.999 Y102.172 E748.36698
G1 X107.782 Y102.41 E748.37769
G1 X107.52 Y102.498 E748.38688
G1 X105.721 Y102.494 E748.44672
G1 X105.522 Y102.428 E748.45369
G1 X105.323 Y102.254 E748.46248
G1 X105.25 Y102.122 E748.4675
G1 X105.208 Y101.898 E748.47508
G1 X105.21 Y100.6 E748.51825
G1 X100.6 Y100.6 E748.67158
G1 X100.6 Y119.4 E749.29687
G1 X119.4 Y119.4 E749.92216
G0 F9000 X119 Y119
G1 F1500 X119 Y114.718 E750.06458
G1 X118.065 Y114.716 E750.09568
G1 X117.655 Y114.628 E750.10963
G1 X117.449 Y114.502 E750.11766
G1 X117.18 Y114.177 E750.13169
G1 X117.068 Y113.816 E750.14426
G1 X117.068 Y111.857 E750.20942
G1 X117.18 Y111.546 E750.22041
G1 X117.389 Y111.272 E750.23187
G1 X117.56 Y111.145 E750.23896
G1 X117.82 Y111.038 E750.24831
G1 X118.071 Y111.008 E750.25672
G1 X119 Y111.009 E750.28762
G1 X119 Y108.036 E750.3865
G1 X118.072 Y108.036 E750.41736
G1 X117.823 Y108.005 E750.42571
G1 X117.563 Y107.898 E750.43506
G1 X117.288 Y107.658 E750.4472
G1 X117.138 Y107.396 E750.45724
G1 X117.072 Y107.036 E750.46941
G1 X117.072 Y105.178 E750.53121
G1 X117.155 Y104.908 E750.54061
G1 X117.324 Y104.644 E750.55103
G1 X117.459 Y104.517 E750.5572
G1 X117.782 Y104.35 E750.56929
G1 X118.072 Y104.308 E750.57904
G1 X119 Y104.308 E750.6099
G1 X119 Y101 E750.71993
G1 X114.488 Y101 E750.87
G1 X114.488 Y101.9 E750.89993
G1 X114.422 Y102.26 E750.9121
G1 X114.34 Y102.425 E750.91823
G1 X114.135 Y102.663 E750.92868
G1 X113.777 Y102.858 E750.94224
G1 X113.488 Y102.9 E750.95195
G1 X111.655 Y102.9 E751.01292
G1 X111.318 Y102.749 E751.0252
G1 X111.094 Y102.558 E751.03499
G1 X110.956 Y102.354 E751.04318
G1 X110.848 Y102.014 E751.05505
G1 X110.848 Y101 E751.08877
G1 X108.464 Y101 E751.16807
G1 X108.464 Y102.014 E751.20179
G1 X108.356 Y102.354 E751.21366
G1 X108.093 Y102.678 E751.22754
G1 X107.858 Y102.82 E751.23667
G1 X107.592 Y102.9 E751.24591
G1 X105.708 Y102.9 E751.30857
G1 X105.331 Y102.78 E751.32173
G1 X105 Y102.49 E751.33637
G1 X104.878 Y102.269 E751.34476
G1 X104.808 Y101.897 E751.35735
G1 X104.809 Y101 E751.38719
G1 X101 Y101 E751.51387
G1 X101 Y119 E752.11256
G1 X119 Y119 E752.71124
G0 F9000 X111.392 Y118.92
;TYPE:FILL
G1 F3000 X101.08 Y108.607 E753.19631
G0 F9000 X101.08 Y111.391
G1 F3000 X110.768 Y101.704 E753.65198
G0 F9000 X108.608 Y101.08
G1 F3000 X118.456 Y110.928 E754.1152
G0 F9000 X118.92 Y108.607
G1 F3000 X108.607 Y118.92 E754.60029
G0 F9000 X108.607 Y118.8
;MESH:NONMESH
G0 F300 X108.607 Y118.8 Z15.3
G0 F9000 X119.53 Y119.53
G0 X119.8 Y119.8
;TIME_ELAPSED:1146.680418
;LAYER:76
;TYPE:WALL-OUTER
;MESH:xyzCalibration_cube.stl
G1 F1500 X119.8 Y114.032 E754.79213
G1 X118.068 Y114.032 E754.84974
G1 X117.945 Y113.991 E754.85405
G1 X117.869 Y113.861 E754.85906
G1 X117.872 Y112.075 E754.91846
G1 X117.932 Y111.972 E754.92243
G1 X118.024 Y111.92 E754.92594
G1 X119.8 Y111.92 E754.98501
G1 X119.8 Y107.12 E755.14466
G1 X118.031 Y107.12 E755.2035
G1 X117.903 Y107.029 E755.20872
G1 X117.875 Y106.959 E755.21123
G1 X117.875 Y105.15 E755.2714
G1 X117.951 Y105.028 E755.27618
G1 X118.031 Y104.988 E755.27915
G1 X119.8 Y104.988 E755.33799
G1 X119.8 Y100.2 E755.49724
G1 X113.816 Y100.2 E755.69627
G1 X113.816 Y101.948 E755.75441
G1 X113.663 Y102.1 E755.76158
G1 X111.959 Y102.1 E755.81826
G1 X111.867 Y102.069 E755.82148
G1 X111.779 Y101.939 E755.82671
G1 X111.772 Y100.2 E755.88455
G1 X107.552 Y100.2 E756.0249
G1 X107.545 Y101.939 E756.08274
G1 X107.457 Y102.069 E756.08796
G1 X107.387 Y102.097 E756.09047
G1 X105.618 Y102.098 E756.14931
G1 X105.496 Y101.957 E756.15551
G1 X105.496 Y100.2 E756.21395
G1 X100.201 Y100.201 E756.39006
G1 X100.2 Y119.8 E757.04193
G1 X119.8 Y119.8 E757.69383
G0 F9000 X119.4 Y119.4
;TYPE:WALL-INNER
G1 F1500 X119.4 Y114.432 E757.85906
G1 X118.068 Y114.432 E757.90336
G1 X117.828 Y114.383 E757.91151
G1 X117.701 Y114.308 E757.91642
G1 X117.536 Y114.112 E757.92494
G1 X117.473 Y113.917 E757.93175
G1 X117.468 Y112.024 E757.99472
G1 X117.539 Y111.834 E758.00146
G1 X117.661 Y111.678 E758.00805
G1 X117.938 Y111.52 E758.01866
G1 X119.4 Y111.52 E758.06728
G1 X119.4 Y107.52 E758.20032
G1 X117.953 Y107.52 E758.24845
G1 X117.757 Y107.432 E758.2556
G1 X117.605 Y107.298 E758.26234
G1 X117.515 Y107.145 E758.26824
G1 X117.472 Y106.92 E758.27586
G1 X117.472 Y105.107 E758.33616
G1 X117.523 Y104.944 E758.34184
G1 X117.709 Y104.709 E758.35181
G1 X117.953 Y104.588 E758.36087
G1 X119.4 Y104.588 E758.40899
G1 X119.4 Y100.6 E758.54163
G1 X114.216 Y100.6 E758.71406
G1 X114.216 Y101.9 E758.75729
G1 X114.18 Y102.106 E758.76425
G1 X114.011 Y102.353 E758.7742
G1 X113.746 Y102.5 E758.78428
G1 X111.926 Y102.498 E758.84482
G1 X111.695 Y102.431 E758.85282
G1 X111.524 Y102.296 E758.86006
G1 X111.376 Y101.987 E758.87146
G1 X111.373 Y100.6 E758.91759
G1 X107.951 Y100.6 E759.03141
G1 X107.948 Y101.987 E759.07754
G1 X107.8 Y102.296 E759.08893
G1 X107.629 Y102.431 E759.09618
G1 X107.409 Y102.497 E759.10382
G1 X105.608 Y102.494 E759.16372
G1 X105.407 Y102.426 E759.17078
G1 X105.207 Y102.248 E759.17968
G1 X105.134 Y102.113 E759.18479
G1 X105.096 Y101.9 E759.19198
G1 X105.096 Y100.6 E759.23522
G1 X100.601 Y100.601 E759.38473
G1 X100.6 Y119.4 E760.00998
G1 X119.4 Y119.4 E760.63527
G0 F9000 X119 Y119
G1 F1500 X119 Y114.832 E760.7739
G1 X118.068 Y114.832 E760.8049
G1 X117.668 Y114.749 E760.81849
G1 X117.457 Y114.625 E760.82663
G1 X117.182 Y114.298 E760.84084
G1 X117.068 Y113.934 E760.85352
G1 X117.068 Y111.954 E760.91938
G1 X117.228 Y111.575 E760.93306
G1 X117.545 Y111.266 E760.94779
G1 X117.779 Y111.162 E760.9563
G1 X118.068 Y111.12 E760.96602
G1 X119 Y111.12 E760.99702
G1 X119 Y107.92 E761.10345
G1 X118.072 Y107.92 E761.13431
G1 X117.781 Y107.877 E761.1441
G1 X117.548 Y107.773 E761.15258
G1 X117.231 Y107.463 E761.16733
G1 X117.072 Y107.067 E761.18152
G1 X117.072 Y105.054 E761.24848
G1 X117.158 Y104.782 E761.25796
G1 X117.321 Y104.526 E761.26806
G1 X117.468 Y104.39 E761.27472
G1 X117.801 Y104.225 E761.28708
G1 X118.072 Y104.188 E761.29618
G1 X119 Y104.188 E761.32704
G1 X119 Y101 E761.43308
G1 X114.616 Y101 E761.57889
G1 X114.616 Y101.9 E761.60882
G1 X114.556 Y102.242 E761.62037
G1 X114.47 Y102.422 E761.62701
G1 X114.274 Y102.654 E761.63711
G1 X113.911 Y102.856 E761.65092
G1 X113.616 Y102.9 E761.66084
G1 X111.892 Y102.897 E761.71819
G1 X111.613 Y102.833 E761.72771
G1 X111.434 Y102.742 E761.73438
G1 X111.223 Y102.56 E761.74365
G1 X111.095 Y102.374 E761.75116
G1 X110.976 Y102.043 E761.76286
G1 X110.974 Y101 E761.79755
G1 X108.35 Y101 E761.88483
G1 X108.348 Y102.043 E761.91952
G1 X108.229 Y102.374 E761.93122
G1 X108.101 Y102.56 E761.93873
G1 X107.89 Y102.742 E761.94799
G1 X107.711 Y102.833 E761.95467
G1 X107.449 Y102.895 E761.96363
G1 X105.594 Y102.9 E762.02532
G1 X105.214 Y102.777 E762.03861
G1 X104.881 Y102.48 E762.05345
G1 X104.76 Y102.255 E762.06195
G1 X104.696 Y101.9 E762.07394
G1 X104.696 Y101 E762.10388
G1 X101.001 Y101.001 E762.22677
G1 X101 Y119 E762.82542
G1 X119 Y119 E763.42411
G0 F9000 X111.591 Y118.92
;TYPE:FILL
G1 F3000 X101.08 Y108.409 E763.91851
G0 F9000 X101.08 Y111.591
G1 F3000 X110.896 Y101.775 E764.38023
G0 F9000 X108.429 Y101.101
G1 F3000 X118.368 Y111.04 E764.84773
G0 F9000 X118.92 Y108.408
G1 F3000 X108.408 Y118.92 E765.34218
G0 F9000 X108.408 Y118.8
;MESH:NONMESH
G0 F300 X108.408 Y118.8 Z15.5
G0 F9000 X119.53 Y119.53
G0 X119.8 Y119.8
;TIME_ELAPSED:1160.884846
;LAYER:77
;TYPE:WALL-OUTER
;MESH:xyzCalibration_cube.stl
G1 F1500 X119.8 Y114.148 E765.53016
G1 X118.01 Y114.144 E765.5897
G1 X117.914 Y114.073 E765.59367
G1 X117.87 Y113.973 E765.59731
G1 X117.868 Y112.212 E765.65588
G1 X117.913 Y112.1 E765.65989
G1 X118.016 Y112.028 E765.66407
G1 X119.8 Y112.031 E765.72341
G1 X119.8 Y107.001 E765.89071
G1 X118.073 Y107.004 E765.94815
G1 X117.964 Y106.973 E765.95192
G1 X117.875 Y106.843 E765.95716
G1 X117.875 Y105.029 E766.01749
G1 X117.916 Y104.941 E766.02072
G1 X118.021 Y104.874 E766.02486
G1 X119.8 Y104.868 E766.08403
G1 X119.8 Y100.2 E766.23929
G1 X113.944 Y100.2 E766.43406
G1 X113.944 Y101.95 E766.49227
G1 X113.789 Y102.1 E766.49944
G1 X112.081 Y102.1 E766.55625
G1 X111.971 Y102.054 E766.56021
G1 X111.905 Y101.949 E766.56434
G1 X111.9 Y100.2 E766.62251
G1 X107.44 Y100.2 E766.77085
G1 X107.431 Y101.949 E766.82902
G1 X107.365 Y102.054 E766.83315
G1 X107.258 Y102.099 E766.83701
G1 X105.554 Y102.098 E766.89368
G1 X105.419 Y102.014 E766.89897
G1 X105.384 Y101.9 E766.90294
G1 X105.384 Y100.2 E766.95948
G1 X100.201 Y100.201 E767.13187
G1 X100.2 Y119.8 E767.78373
G1 X119.8 Y119.8 E768.43563
G0 F9000 X119.4 Y119.4
;TYPE:WALL-INNER
G1 F1500 X119.4 Y114.547 E768.59704
G1 X118.066 Y114.544 E768.64141
G1 X117.835 Y114.498 E768.64925
G1 X117.707 Y114.424 E768.65417
G1 X117.538 Y114.226 E768.66282
G1 X117.474 Y114.03 E768.66968
G1 X117.469 Y112.182 E768.73115
G1 X117.527 Y111.967 E768.73855
G1 X117.604 Y111.846 E768.74332
G1 X117.871 Y111.66 E768.75415
G1 X118.07 Y111.628 E768.76085
G1 X119.4 Y111.63 E768.80509
G1 X119.4 Y107.402 E768.94571
G1 X118.074 Y107.404 E768.98981
G1 X117.875 Y107.371 E768.99652
G1 X117.608 Y107.185 E769.00734
G1 X117.472 Y106.888 E769.01821
G1 X117.472 Y104.979 E769.0817
G1 X117.558 Y104.756 E769.08965
G1 X117.715 Y104.585 E769.09737
G1 X117.961 Y104.468 E769.10643
G1 X119.4 Y104.468 E769.15429
G1 X119.4 Y100.6 E769.28294
G1 X114.344 Y100.6 E769.45111
G1 X114.344 Y101.9 E769.49435
G1 X114.312 Y102.095 E769.50092
G1 X114.146 Y102.347 E769.51096
G1 X113.879 Y102.5 E769.52119
G1 X112.045 Y102.498 E769.58219
G1 X111.896 Y102.465 E769.58727
G1 X111.715 Y102.361 E769.59421
G1 X111.577 Y102.196 E769.60136
G1 X111.5 Y102.004 E769.60824
G1 X111.5 Y100.6 E769.65494
G1 X107.839 Y100.6 E769.77671
G1 X107.836 Y102.004 E769.8234
G1 X107.759 Y102.196 E769.83028
G1 X107.567 Y102.401 E769.83963
G1 X107.301 Y102.497 E769.84903
G1 X105.495 Y102.494 E769.9091
G1 X105.291 Y102.425 E769.91626
G1 X105.09 Y102.242 E769.9253
G1 X105.019 Y102.104 E769.93046
G1 X104.984 Y101.9 E769.93735
G1 X104.984 Y100.6 E769.98059
G1 X100.601 Y100.601 E770.12637
G1 X100.6 Y119.4 E770.75162
G1 X119.4 Y119.4 E771.37691
G0 F9000 X119 Y119
G1 F1500 X119 Y114.946 E771.51175
G1 X118.065 Y114.944 E771.54285
G1 X117.681 Y114.866 E771.55588
G1 X117.466 Y114.743 E771.56412
G1 X117.185 Y114.414 E771.57851
G1 X117.068 Y114.041 E771.59151
G1 X117.07 Y112.152 E771.65434
G1 X117.146 Y111.838 E771.66509
G1 X117.235 Y111.673 E771.67132
G1 X117.531 Y111.383 E771.6851
G1 X117.741 Y111.282 E771.69285
G1 X118.071 Y111.228 E771.70398
G1 X119 Y111.229 E771.73488
G1 X119 Y107.803 E771.84882
G1 X118.075 Y107.804 E771.87959
G1 X117.743 Y107.749 E771.89078
G1 X117.392 Y107.538 E771.9044
G1 X117.17 Y107.237 E771.91684
G1 X117.072 Y106.942 E771.92718
G1 X117.072 Y104.933 E771.994
G1 X117.161 Y104.655 E772.00371
G1 X117.319 Y104.409 E772.01344
G1 X117.477 Y104.263 E772.02059
G1 X117.82 Y104.099 E772.03324
G1 X118.072 Y104.068 E772.04168
G1 X119 Y104.068 E772.07255
G1 X119 Y101 E772.17459
G1 X114.744 Y101 E772.31614
G1 X114.744 Y101.9 E772.34608
G1 X114.691 Y102.224 E772.357
G1 X114.6 Y102.419 E772.36415
G1 X114.413 Y102.644 E772.37388
G1 X114.047 Y102.854 E772.38792
G1 X113.744 Y102.9 E772.39811
G1 X112.009 Y102.896 E772.45582
G1 X111.677 Y102.807 E772.46725
G1 X111.458 Y102.668 E772.47588
G1 X111.229 Y102.392 E772.48781
G1 X111.1 Y102.07 E772.49934
G1 X111.1 Y101 E772.53493
G1 X108.238 Y101 E772.63012
G1 X108.236 Y102.07 E772.66571
G1 X108.107 Y102.392 E772.67725
G1 X107.987 Y102.562 E772.68417
G1 X107.716 Y102.778 E772.6957
G1 X107.417 Y102.895 E772.70637
G1 X105.479 Y102.9 E772.77083
G1 X105.097 Y102.774 E772.78421
G1 X104.92 Y102.649 E772.79142
G1 X104.761 Y102.47 E772.79938
G1 X104.643 Y102.24 E772.80798
G1 X104.584 Y101.9 E772.81946
G1 X104.584 Y101 E772.84939
G1 X101.001 Y101.001 E772.96856
G1 X101 Y119 E773.56721
G1 X119 Y119 E774.16589
G0 F9000 X111.792 Y118.92
;TYPE:FILL
G1 F3000 X101.08 Y108.208 E774.66975
G0 F9000 X101.08 Y111.791
G1 F3000 X111.02 Y101.852 E775.13728
G0 F9000 X108.317 Y101.19
G1 F3000 X118.276 Y111.148 E775.60569
G0 F9000 X118.921 Y108.206
G1 F3000 X108.207 Y118.92 E776.10965
G0 F9000 X108.207 Y118.8
;MESH:NONMESH
G0 F300 X108.207 Y118.8 Z15.7
G0 F9000 X119.53 Y119.53
G0 X119.8 Y119.8
;TIME_ELAPSED:1175.120731
;LAYER:78
;TYPE:WALL-OUTER
;MESH:xyzCalibration_cube.stl
G1 F1500 X119.8 Y114.26 E776.29391
G1 X118.067 Y114.256 E776.35155
G1 X117.949 Y114.218 E776.35567
G1 X117.87 Y114.085 E776.36082
G1 X117.868 Y112.323 E776.41942
G1 X117.914 Y112.211 E776.42345
G1 X118.013 Y112.14 E776.4275
G1 X119.8 Y112.143 E776.48694
G1 X119.8 Y106.884 E776.66185
G1 X118.018 Y106.884 E776.72112
G1 X117.935 Y106.831 E776.7244
G1 X117.875 Y106.724 E776.72848
G1 X117.875 Y104.909 E776.78884
G1 X117.955 Y104.785 E776.79375
G1 X118.025 Y104.753 E776.79631
G1 X119.8 Y104.748 E776.85535
G1 X119.8 Y100.2 E777.00662
G1 X114.072 Y100.2 E777.19713
G1 X114.072 Y101.945 E777.25517
G1 X114.024 Y102.032 E777.25847
G1 X113.921 Y102.1 E777.26258
G1 X112.2 Y102.099 E777.31982
G1 X112.098 Y102.053 E777.32354
G1 X112.028 Y101.946 E777.32779
G1 X112.024 Y100.2 E777.38587
G1 X107.324 Y100.2 E777.54219
G1 X107.324 Y101.94 E777.60006
G1 X107.254 Y102.053 E777.60448
G1 X107.168 Y102.096 E777.60768
G1 X105.442 Y102.098 E777.66509
G1 X105.306 Y102.012 E777.67044
G1 X105.272 Y101.9 E777.67433
G1 X105.272 Y100.2 E777.73088
G1 X100.2 Y100.2 E777.89957
G1 X100.201 Y119.799 E778.55144
G1 X119.8 Y119.8 E779.2033
G0 F9000 X119.4 Y119.4
;TYPE:WALL-INNER
G1 F1500 X119.4 Y114.659 E779.36099
G1 X118.066 Y114.656 E779.40536
G1 X117.843 Y114.613 E779.41291
G1 X117.712 Y114.54 E779.4179
G1 X117.539 Y114.341 E779.42667
G1 X117.474 Y114.142 E779.43363
G1 X117.47 Y112.29 E779.49523
G1 X117.572 Y112.001 E779.50542
G1 X117.737 Y111.838 E779.51314
G1 X118.07 Y111.74 E779.52468
G1 X119.4 Y111.742 E779.56892
G1 X119.4 Y107.284 E779.71719
G1 X118.072 Y107.284 E779.76136
G1 X117.74 Y107.185 E779.77288
G1 X117.551 Y106.984 E779.78206
G1 X117.472 Y106.774 E779.78952
G1 X117.472 Y104.865 E779.85302
G1 X117.527 Y104.696 E779.85893
G1 X117.721 Y104.461 E779.86906
G1 X117.968 Y104.348 E779.8781
G1 X119.4 Y104.348 E779.92573
G1 X119.4 Y100.6 E780.05039
G1 X114.472 Y100.6 E780.21429
G1 X114.472 Y102.039 E780.26215
G1 X114.28 Y102.341 E780.27406
G1 X114.059 Y102.471 E780.28258
G1 X113.872 Y102.5 E780.28888
G1 X112.196 Y102.5 E780.34462
G1 X111.966 Y102.441 E780.35252
G1 X111.712 Y102.207 E780.36401
G1 X111.628 Y101.902 E780.37453
G1 X111.625 Y100.6 E780.41783
G1 X107.724 Y100.6 E780.54758
G1 X107.724 Y102.028 E780.59508
G1 X107.573 Y102.299 E780.60539
G1 X107.461 Y102.397 E780.61034
G1 X107.245 Y102.496 E780.61825
G1 X105.382 Y102.494 E780.68021
G1 X105.176 Y102.423 E780.68746
G1 X104.974 Y102.236 E780.69661
G1 X104.904 Y102.095 E780.70185
G1 X104.872 Y101.9 E780.70842
G1 X104.872 Y100.6 E780.75166
G1 X100.6 Y100.6 E780.89375
G1 X100.601 Y119.399 E781.519
G1 X119.4 Y119.4 E782.14426
G0 F9000 X119 Y119
G1 F1500 X119 Y115.058 E782.27537
G1 X118.065 Y115.056 E782.30647
G1 X117.694 Y114.984 E782.31904
G1 X117.475 Y114.862 E782.32738
G1 X117.187 Y114.531 E782.34197
G1 X117.068 Y114.156 E782.35506
G1 X117.071 Y112.257 E782.41822
G1 X117.201 Y111.84 E782.43275
G1 X117.387 Y111.606 E782.44269
G1 X117.704 Y111.408 E782.45512
G1 X118.071 Y111.34 E782.46753
G1 X119 Y111.341 E782.49843
G1 X119 Y107.684 E782.62006
G1 X118.072 Y107.684 E782.65093
G1 X117.706 Y107.615 E782.66332
G1 X117.39 Y107.417 E782.67572
G1 X117.245 Y107.247 E782.68315
G1 X117.128 Y107.016 E782.69176
G1 X117.072 Y106.684 E782.70296
G1 X117.072 Y104.809 E782.76533
G1 X117.163 Y104.529 E782.77512
G1 X117.302 Y104.308 E782.7838
G1 X117.487 Y104.136 E782.7922
G1 X117.899 Y103.948 E782.80727
G1 X119 Y103.948 E782.84388
G1 X119 Y101 E782.94194
G1 X114.872 Y101 E783.07923
G1 X114.872 Y101.9 E783.10917
G1 X114.825 Y102.205 E783.11943
G1 X114.719 Y102.434 E783.12782
G1 X114.552 Y102.634 E783.13649
G1 X114.183 Y102.851 E783.15073
G1 X113.872 Y102.9 E783.1612
G1 X112.129 Y102.896 E783.21917
G1 X111.792 Y102.801 E783.23082
G1 X111.582 Y102.664 E783.23916
G1 X111.368 Y102.411 E783.25018
G1 X111.27 Y102.187 E783.25831
G1 X111.228 Y101.903 E783.26786
G1 X111.226 Y101 E783.29789
G1 X108.124 Y101 E783.40107
G1 X108.124 Y101.9 E783.431
G1 X108.082 Y102.187 E783.44065
G1 X107.872 Y102.565 E783.45503
G1 X107.685 Y102.729 E783.4633
G1 X107.446 Y102.848 E783.47218
G1 X107.24 Y102.894 E783.4792
G1 X105.371 Y102.9 E783.54137
G1 X104.979 Y102.771 E783.55509
G1 X104.801 Y102.643 E783.56238
G1 X104.642 Y102.459 E783.57047
G1 X104.526 Y102.225 E783.57916
G1 X104.472 Y101.9 E783.59012
G1 X104.472 Y101 E783.62005
G1 X101 Y101 E783.73553
G1 X101.001 Y118.999 E784.33418
G1 X119 Y119 E784.93283
G0 F9000 X111.991 Y118.919
;TYPE:FILL
G1 F3000 X101.08 Y108.008 E785.44605
G0 F9000 X101.081 Y111.99
G1 F3000 X111.152 Y101.92 E785.91973
G0 F9000 X108.204 Y101.275
G1 F3000 X118.189 Y111.26 E786.3894
G0 F9000 X118.92 Y108.008
G1 F3000 X108.008 Y118.919 E786.90264
G0 F9000 X108.008 Y118.8
;MESH:NONMESH
G0 F300 X108.008 Y118.8 Z15.9
G0 F9000 X119.53 Y119.53
G0 X119.8 Y119.8
;TIME_ELAPSED:1189.388647
;LAYER:79
;TYPE:WALL-OUTER
;MESH:xyzCalibration_cube.stl
G1 F1500 X119.8 Y114.372 E787.08318
G1 X118.015 Y114.372 E787.14255
G1 X117.87 Y114.222 E787.14949
G1 X117.868 Y112.434 E787.20896
G1 X117.896 Y112.349 E787.21193
G1 X118.006 Y112.252 E787.21681
G1 X119.8 Y112.255 E787.27648
G1 X119.8 Y106.768 E787.45898
G1 X118.012 Y106.768 E787.51845
G1 X117.878 Y106.62 E787.52509
G1 X117.875 Y104.792 E787.58589
G1 X117.92 Y104.701 E787.58926
G1 X118.029 Y104.636 E787.59348
G1 X119.8 Y104.628 E787.65239
G1 X119.8 Y100.2 E787.79966
G1 X114.2 Y100.2 E787.98592
G1 X114.2 Y101.945 E788.04396
G1 X114.139 Y102.045 E788.04786
G1 X114.047 Y102.1 E788.05142
G1 X112.314 Y102.097 E788.10906
G1 X112.222 Y102.053 E788.11245
G1 X112.152 Y101.95 E788.11659
G1 X112.152 Y100.2 E788.1748
G1 X107.212 Y100.2 E788.3391
G1 X107.212 Y101.95 E788.39731
G1 X107.142 Y102.053 E788.40145
G1 X107.037 Y102.099 E788.40526
G1 X105.329 Y102.098 E788.46207
G1 X105.192 Y102.01 E788.46749
G1 X105.16 Y101.9 E788.4713
G1 X105.16 Y100.2 E788.52784
G1 X100.2 Y100.2 E788.69281
G1 X100.201 Y119.799 E789.34468
G1 X119.8 Y119.8 E789.99654
G0 F9000 X119.4 Y119.4
;TYPE:WALL-INNER
G1 F1500 X119.4 Y114.772 E790.15047
G1 X118.068 Y114.772 E790.19477
G1 X117.852 Y114.732 E790.20208
G1 X117.718 Y114.66 E790.20714
G1 X117.541 Y114.46 E790.21602
G1 X117.474 Y114.259 E790.22307
G1 X117.47 Y112.398 E790.28497
G1 X117.499 Y112.26 E790.28966
G1 X117.609 Y112.064 E790.29713
G1 X117.829 Y111.901 E790.30624
G1 X118.07 Y111.852 E790.31442
G1 X119.4 Y111.854 E790.35865
G1 X119.4 Y107.168 E790.51451
G1 X118.072 Y107.168 E790.55868
G1 X117.832 Y107.119 E790.56683
G1 X117.662 Y107.007 E790.5736
G1 X117.538 Y106.844 E790.58041
G1 X117.472 Y106.655 E790.58707
G1 X117.472 Y104.746 E790.65056
G1 X117.529 Y104.576 E790.65653
G1 X117.727 Y104.34 E790.66677
G1 X117.974 Y104.232 E790.67574
G1 X119.4 Y104.229 E790.72317
G1 X119.4 Y100.6 E790.84387
G1 X114.6 Y100.6 E791.00352
G1 X114.6 Y102.033 E791.05118
G1 X114.415 Y102.334 E791.06293
G1 X114.191 Y102.469 E791.07163
G1 X114 Y102.5 E791.07806
G1 X112.21 Y102.5 E791.1376
G1 X111.905 Y102.301 E791.14971
G1 X111.785 Y102.097 E791.15758
G1 X111.752 Y101.9 E791.16423
G1 X111.752 Y100.6 E791.20747
G1 X107.612 Y100.6 E791.34516
G1 X107.612 Y101.9 E791.3884
G1 X107.579 Y102.097 E791.39504
G1 X107.402 Y102.357 E791.40551
G1 X107.087 Y102.496 E791.41696
G1 X105.269 Y102.494 E791.47742
G1 X105.061 Y102.421 E791.48476
G1 X104.858 Y102.229 E791.49405
G1 X104.76 Y101.9 E791.50547
G1 X104.76 Y100.6 E791.54871
G1 X100.6 Y100.6 E791.68707
G1 X100.601 Y119.399 E792.31232
G1 X119.4 Y119.4 E792.93758
G0 F9000 X119 Y119
G1 F1500 X119 Y115.172 E793.0649
G1 X118.068 Y115.172 E793.0959
G1 X117.708 Y115.106 E793.10807
G1 X117.485 Y114.985 E793.11651
G1 X117.19 Y114.652 E793.13131
G1 X117.068 Y114.274 E793.14452
G1 X117.071 Y112.362 E793.20811
G1 X117.12 Y112.133 E793.2159
G1 X117.248 Y111.879 E793.22536
G1 X117.503 Y111.625 E793.23733
G1 X117.67 Y111.534 E793.24366
G1 X118.071 Y111.452 E793.25727
G1 X119 Y111.453 E793.28817
G1 X119 Y107.568 E793.41739
G1 X118.072 Y107.568 E793.44825
G1 X117.673 Y107.486 E793.4618
G1 X117.388 Y107.299 E793.47314
G1 X117.146 Y106.948 E793.48732
G1 X117.072 Y106.703 E793.49583
G1 X117.072 Y104.691 E793.56275
G1 X117.167 Y104.405 E793.57277
G1 X117.314 Y104.179 E793.58174
G1 X117.497 Y104.013 E793.58996
G1 X117.911 Y103.832 E793.60499
G1 X119 Y103.83 E793.64121
G1 X119 Y101 E793.73533
G1 X115 Y101 E793.86837
G1 X115 Y101.9 E793.89831
G1 X114.959 Y102.186 E793.90792
G1 X114.857 Y102.417 E793.91632
G1 X114.692 Y102.623 E793.92509
G1 X114.317 Y102.849 E793.93966
G1 X114 Y102.9 E793.95034
G1 X112.294 Y102.899 E794.00708
G1 X112.018 Y102.843 E794.01644
G1 X111.702 Y102.661 E794.02857
G1 X111.502 Y102.428 E794.03879
G1 X111.407 Y102.228 E794.04615
G1 X111.352 Y101.9 E794.05721
G1 X111.352 Y101 E794.08715
G1 X108.012 Y101 E794.19823
G1 X108.012 Y101.9 E794.22817
G1 X107.957 Y102.228 E794.23923
G1 X107.862 Y102.428 E794.24659
G1 X107.662 Y102.661 E794.25681
G1 X107.415 Y102.816 E794.26651
G1 X107.012 Y102.9 E794.2802
G1 X105.255 Y102.9 E794.33864
G1 X104.861 Y102.768 E794.35246
G1 X104.682 Y102.636 E794.35985
G1 X104.523 Y102.448 E794.36804
G1 X104.408 Y102.209 E794.37686
G1 X104.36 Y101.9 E794.38727
G1 X104.36 Y101 E794.4172
G1 X101 Y101 E794.52895
G1 X101.001 Y118.999 E795.1276
G1 X119 Y119 E795.72625
G0 F9000 X112.19 Y118.919
;TYPE:FILL
G1 F3000 X101.08 Y107.809 E796.24883
G0 F9000 X101.081 Y112.19
G1 F3000 X111.287 Y101.984 E796.72889
G0 F9000 X108.092 Y101.363
G1 F3000 X118.1 Y111.371 E797.19964
G0 F9000 X118.92 Y107.808
G1 F3000 X107.809 Y118.919 E797.72226
G0 F9000 X107.809 Y118.8
;MESH:NONMESH
G0 F300 X107.809 Y118.8 Z16.1
G0 F9000 X119.53 Y119.53
G0 X119.8 Y119.8
;TIME_ELAPSED:1203.715462
;LAYER:80
;TYPE:WALL-OUTER
;MESH:xyzCalibration_cube.stl
G1 F1500 X119.8 Y114.488 E797.89894
G1 X118.016 Y114.484 E797.95828
G1 X117.868 Y114.33 E797.96538
G1 X117.872 Y112.544 E798.02479
G1 X117.94 Y112.413 E798.02969
G1 X118.024 Y112.364 E798.03293
G1 X119.8 Y112.367 E798.092
G1 X119.8 Y100.2 E798.49667
G1 X100.2 Y100.2 E799.14857
G1 X100.2 Y119.8 E799.80047
G1 X119.8 Y119.8 E800.45237
G0 F9000 X119.4 Y119.4
;TYPE:WALL-INNER
G1 F1500 X119.4 Y114.887 E800.60247
G1 X118.066 Y114.884 E800.64684
G1 X117.861 Y114.848 E800.65377
G1 X117.723 Y114.776 E800.65894
G1 X117.542 Y114.575 E800.66794
G1 X117.468 Y114.345 E800.67598
G1 X117.474 Y112.505 E800.73717
G1 X117.529 Y112.307 E800.74401
G1 X117.676 Y112.112 E800.75213
G1 X117.877 Y111.996 E800.75985
G1 X118.074 Y111.964 E800.76649
G1 X119.4 Y111.966 E800.81059
G1 X119.4 Y100.6 E801.18863
G1 X100.6 Y100.6 E801.81392
G1 X100.6 Y119.4 E802.43921
G1 X119.4 Y119.4 E803.0645
G0 F9000 X119 Y119
G1 F1500 X119 Y115.286 E803.18803
G1 X118.065 Y115.284 E803.21912
G1 X117.723 Y115.223 E803.23068
G1 X117.494 Y115.104 E803.23926
G1 X117.192 Y114.768 E803.25429
G1 X117.068 Y114.384 E803.26771
G1 X117.076 Y112.465 E803.33154
G1 X117.167 Y112.136 E803.34289
G1 X117.263 Y111.974 E803.34915
G1 X117.542 Y111.715 E803.36181
G1 X117.747 Y111.617 E803.36937
G1 X118.075 Y111.564 E803.38042
G1 X119 Y111.565 E803.41119
G1 X119 Y101 E803.76258
G1 X101 Y101 E804.36126
G1 X101 Y119 E804.95995
G1 X119 Y119 E805.55863
G0 F9000 X112.392 Y118.92
;TYPE:FILL
G1 F3000 X101.08 Y107.608 E806.09071
G0 F9000 X101.08 Y112.391
G1 F3000 X111.023 Y102.448 E806.5584
G0 F9000 X110.802 Y102.448
G0 X108.538 Y101.79
G0 X108.317 Y101.789
G1 F3000 X118.022 Y111.494 E807.01489
G0 F9000 X118.643 Y108.104
G0 X118.643 Y107.884
G1 F3000 X107.608 Y118.92 E807.53397
G0 F9000 X116.774 Y107.844
G0 X117.032 Y107.844
;TYPE:SKIN
G1 F1500 X118.64 Y107.844 E807.58745
G1 X118.64 Y104.029 E807.71434
G1 X117.032 Y104.032 E807.76782
G1 X117.032 Y107.844 E807.89461
G0 F9000 X117.826 Y107.644
G1 F1500 X117.232 Y107.05 E807.92255
G0 F9000 X117.232 Y106.484
G1 F1500 X118.392 Y107.644 E807.97711
G0 F9000 X118.44 Y107.127
G1 F1500 X117.232 Y105.918 E808.03395
G0 F9000 X117.232 Y105.353
G1 F1500 X118.44 Y106.561 E808.09078
G0 F9000 X118.44 Y105.995
G1 F1500 X117.232 Y104.787 E808.1476
G0 F9000 X117.243 Y104.232
G1 F1500 X118.44 Y105.43 E808.20392
G0 F9000 X118.44 Y104.864
G1 F1500 X117.808 Y104.231 E808.23367
G0 F9000 X118.372 Y104.23
G1 F1500 X118.44 Y104.298 E808.23687
G0 F9000 X118.9 Y104.298
G0 X118.828 Y103.842
G0 X111.064 Y103.203
G0 X111.064 Y102.943
G1 F1500 X114.784 Y102.936 E808.3606
G1 X114.784 Y101.36 E808.41302
G1 X111.061 Y101.36 E808.53685
G1 X111.064 Y102.943 E808.5895
G0 F9000 X111.792 Y102.741
G1 F1500 X111.262 Y102.211 E808.61443
G0 F9000 X111.261 Y101.644
G1 F1500 X112.356 Y102.74 E808.66595
G0 F9000 X112.921 Y102.739
G1 F1500 X111.743 Y101.56 E808.72139
G0 F9000 X112.308 Y101.56
G1 F1500 X113.486 Y102.738 E808.7768
G0 F9000 X114.05 Y102.736
G1 F1500 X112.874 Y101.56 E808.83211
G0 F9000 X113.44 Y101.56
G1 F1500 X114.584 Y102.704 E808.88592
G0 F9000 X114.584 Y102.139
G1 F1500 X114.005 Y101.56 E808.91316
G0 F9000 X114.005 Y101.1
G0 X110.873 Y101.172
G0 X110.869 Y101.784
G0 X108.272 Y103.202
G0 X108.272 Y102.939
G1 F1500 X108.278 Y101.361 E808.96564
G1 X104.544 Y101.36 E809.08984
G1 X104.544 Y102.94 E809.14239
G1 X108.272 Y102.939 E809.26638
G0 F9000 X108.272 Y103.202
G0 X108.537 Y101.855
G0 X108.076 Y101.854
G1 F1500 X107.783 Y101.56 E809.28019
G0 F9000 X107.217 Y101.56
G1 F1500 X108.075 Y102.418 E809.32054
G0 F9000 X107.83 Y102.739
G1 F1500 X106.652 Y101.56 E809.37598
G0 F9000 X106.086 Y101.56
G1 F1500 X107.265 Y102.739 E809.43143
G0 F9000 X106.699 Y102.739
G1 F1500 X105.52 Y101.56 E809.48689
G0 F9000 X104.954 Y101.56
G1 F1500 X106.133 Y102.739 E809.54235
G0 F9000 X105.568 Y102.739
G1 F1500 X104.744 Y101.915 E809.5811
G0 F9000 X104.744 Y102.481
G1 F1500 X105.002 Y102.739 E809.59324
G0 F9000 X105.002 Y103.502
;MESH:NONMESH
G0 F300 X105.002 Y103.502 Z16.3
G0 F9000 X119.53 Y119.53
G0 X119.8 Y119.8
;TIME_ELAPSED:1222.207456
;LAYER:81
;TYPE:WALL-OUTER
;MESH:xyzCalibration_cube.stl
G1 F1500 X119.8 Y100.2 E810.24514
G1 X100.2 Y100.2 E810.89704
G1 X100.2 Y119.8 E811.54894
G1 X119.8 Y119.8 E812.20083
G0 F9000 X119.4 Y119.4
;TYPE:WALL-INNER
G1 F1500 X119.4 Y100.6 E812.82613
G1 X100.6 Y100.6 E813.45142
G1 X100.6 Y119.4 E814.07671
G1 X119.4 Y119.4 E814.702
G0 F9000 X119 Y119
G1 F1500 X119 Y101 E815.30068
G1 X101 Y101 E815.89936
G1 X101 Y119 E816.49804
G1 X119 Y119 E817.09673
G0 F9000 X112.591 Y118.92
;TYPE:FILL
G1 F3000 X101.08 Y107.408 E817.63819
G0 F9000 X101.08 Y112.59
G1 F3000 X111.15 Y102.521 E818.11183
G0 F9000 X110.93 Y102.521
G0 X108.424 Y101.877
G0 X108.204 Y101.876
G1 F3000 X117.589 Y111.26 E818.55325
G0 F9000 X117.59 Y111.042
G0 X118.561 Y107.987
G0 X118.561 Y107.767
G1 F3000 X107.408 Y118.92 E819.07785
G0 F9000 X116.77 Y115.091
G0 X117.028 Y115.092
;TYPE:SKIN
G1 F1500 X118.64 Y115.095 E819.13147
G1 X118.64 Y111.304 E819.25756
G1 X117.032 Y111.297 E819.31104
G1 X117.028 Y115.092 E819.43726
G0 F9000 X116.77 Y115.091
G0 X118.166 Y115.357
G0 X118.167 Y114.895
G1 F1500 X118.44 Y114.623 E819.45008
G0 F9000 X118.44 Y114.057
G1 F1500 X117.603 Y114.894 E819.48945
G0 F9000 X117.229 Y114.702
G1 F1500 X118.44 Y113.491 E819.54641
G0 F9000 X118.44 Y112.926
G1 F1500 X117.23 Y114.136 E819.60333
G0 F9000 X117.231 Y113.569
G1 F1500 X118.44 Y112.36 E819.66019
G0 F9000 X118.44 Y111.794
G1 F1500 X117.231 Y113.003 E819.71706
G0 F9000 X117.232 Y112.436
G1 F1500 X118.167 Y111.502 E819.76102
G0 F9000 X117.603 Y111.499
G1 F1500 X117.233 Y111.87 E819.77844
G0 F9000 X116.772 Y111.869
G0 X116.774 Y107.724
G0 X117.032 Y107.724
G1 F1500 X118.64 Y107.724 E819.83193
G1 X118.64 Y103.908 E819.95885
G1 X117.032 Y103.908 E820.01233
G1 X117.032 Y107.724 E820.13925
G0 F9000 X116.774 Y107.724
G0 X118.184 Y107.987
G0 X118.184 Y107.524
G1 F1500 X118.44 Y107.269 E820.15127
G0 F9000 X118.44 Y106.703
G1 F1500 X117.619 Y107.524 E820.18989
G0 F9000 X117.232 Y107.345
G1 F1500 X118.44 Y106.137 E820.24671
G0 F9000 X118.44 Y105.572
G1 F1500 X117.232 Y106.779 E820.3035
G0 F9000 X117.232 Y106.214
G1 F1500 X118.44 Y105.006 E820.36032
G0 F9000 X118.44 Y104.44
G1 F1500 X117.232 Y105.648 E820.41714
G0 F9000 X117.232 Y105.082
G1 F1500 X118.206 Y104.108 E820.46296
G0 F9000 X117.641 Y104.108
G1 F1500 X117.232 Y104.517 E820.4822
G0 F9000 X116.774 Y104.517
G0 X111.191 Y103.203
G0 X111.191 Y102.943
G1 F1500 X114.912 Y102.936 E820.60596
G1 X114.912 Y101.36 E820.65838
G1 X111.185 Y101.36 E820.78234
G1 X111.191 Y102.943 E820.83499
G0 F9000 X111.191 Y103.203
G0 X110.929 Y101.876
G0 X111.388 Y101.876
G1 F1500 X111.704 Y101.56 E820.84985
G0 F9000 X112.269 Y101.56
G1 F1500 X111.389 Y102.44 E820.89124
G0 F9000 X111.651 Y102.743
G1 F1500 X112.835 Y101.56 E820.94691
G0 F9000 X113.401 Y101.56
G1 F1500 X112.219 Y102.742 E821.00251
G0 F9000 X112.786 Y102.74
G1 F1500 X113.967 Y101.56 E821.05804
G0 F9000 X114.532 Y101.56
G1 F1500 X113.352 Y102.74 E821.11354
G0 F9000 X113.919 Y102.738
G1 F1500 X114.712 Y101.946 E821.15082
G0 F9000 X114.712 Y102.511
G1 F1500 X114.486 Y102.737 E821.16145
G0 F9000 X114.486 Y103.2
G0 X108.16 Y103.202
G0 X108.16 Y102.939
G1 F1500 X108.163 Y101.361 E821.21393
G1 X104.432 Y101.36 E821.33803
G1 X104.432 Y102.94 E821.39058
G1 X108.16 Y102.939 E821.51457
G0 F9000 X107.96 Y102.475
G1 F1500 X107.695 Y102.74 E821.52703
G0 F9000 X107.13 Y102.74
G1 F1500 X107.961 Y101.908 E821.56615
G0 F9000 X107.743 Y101.56
G1 F1500 X106.564 Y102.74 E821.62163
G0 F9000 X105.998 Y102.74
G1 F1500 X107.178 Y101.56 E821.67713
G0 F9000 X106.612 Y101.56
G1 F1500 X105.432 Y102.74 E821.73263
G0 F9000 X104.867 Y102.74
G1 F1500 X106.046 Y101.56 E821.78811
G0 F9000 X105.481 Y101.56
G1 F1500 X104.632 Y102.409 E821.82805
G0 F9000 X104.632 Y101.843
G1 F1500 X104.915 Y101.56 E821.84136
;MESH:NONMESH
G0 F300 X104.915 Y101.56 Z16.5
G0 F9000 X104.915 Y101.1
G0 X103.991 Y100.918
G0 X103.991 Y103.384
G0 X119.53 Y119.53
G0 X119.8 Y119.8
;TIME_ELAPSED:1242.062205
;LAYER:82
;TYPE:WALL-OUTER
;MESH:xyzCalibration_cube.stl
G1 F1500 X119.8 Y100.2 E822.49326
G1 X100.2 Y100.2 E823.14516
G1 X100.2 Y119.8 E823.79705
G1 X119.8 Y119.8 E824.44895
G0 F9000 X119.4 Y119.4
;TYPE:WALL-INNER
G1 F1500 X119.4 Y100.6 E825.07424
G1 X100.6 Y100.6 E825.69953
G1 X100.6 Y119.4 E826.32483
G1 X119.4 Y119.4 E826.95012
G0 F9000 X119 Y119
G1 F1500 X119 Y101 E827.5488
G1 X101 Y101 E828.14748
G1 X101 Y119 E828.74616
G1 X119 Y119 E829.34485
G0 F9000 X112.792 Y118.92
;TYPE:FILL
G1 F3000 X101.08 Y107.207 E829.89577
G0 F9000 X101.08 Y112.791
G1 F3000 X111.276 Y102.596 E830.37533
G0 F9000 X111.056 Y102.596
G0 X108.311 Y101.964
G0 X108.091 Y101.963
G1 F3000 X117.499 Y111.371 E830.81785
G0 F9000 X117.5 Y111.152
G0 X118.477 Y107.87
G0 X118.477 Y107.65
G1 F3000 X107.207 Y118.92 E831.34796
G0 F9000 X116.77 Y115.207
G0 X117.028 Y115.208
;TYPE:SKIN
G1 F1500 X118.64 Y115.211 E831.40158
G1 X118.64 Y111.412 E831.52793
G1 X117.032 Y111.409 E831.58141
G1 X117.028 Y115.208 E831.70777
G0 F9000 X117.228 Y114.4
G1 F1500 X117.838 Y115.01 E831.73646
G0 F9000 X118.404 Y115.01
G1 F1500 X117.229 Y113.835 E831.79173
G0 F9000 X117.23 Y113.27
G1 F1500 X118.44 Y114.481 E831.84867
G0 F9000 X118.44 Y113.915
G1 F1500 X117.231 Y112.705 E831.90556
G0 F9000 X117.231 Y112.14
G1 F1500 X118.44 Y113.349 E831.96243
G0 F9000 X118.44 Y112.784
G1 F1500 X117.267 Y111.61 E832.01762
G0 F9000 X117.833 Y111.61
G1 F1500 X118.44 Y112.218 E832.0462
G0 F9000 X118.9 Y112.218
G0 X118.828 Y111.226
G0 X116.774 Y107.608
G0 X117.032 Y107.608
G1 F1500 X118.64 Y107.608 E832.09968
G1 X118.64 Y103.789 E832.2267
G1 X117.032 Y103.792 E832.28018
G1 X117.032 Y107.608 E832.40711
G0 F9000 X117.59 Y107.407
G1 F1500 X117.232 Y107.05 E832.42392
G0 F9000 X117.232 Y106.484
G1 F1500 X118.155 Y107.407 E832.46734
G0 F9000 X118.44 Y107.127
G1 F1500 X117.232 Y105.918 E832.52418
G0 F9000 X117.232 Y105.353
G1 F1500 X118.44 Y106.561 E832.581
G0 F9000 X118.44 Y105.995
G1 F1500 X117.232 Y104.787 E832.63782
G0 F9000 X117.232 Y104.221
G1 F1500 X118.44 Y105.43 E832.69467
G0 F9000 X118.44 Y104.864
G1 F1500 X117.568 Y103.991 E832.73571
G0 F9000 X118.133 Y103.991
G1 F1500 X118.44 Y104.298 E832.75015
G0 F9000 X118.9 Y104.298
G0 X118.828 Y103.603
G0 X111.129 Y103.13
G0 X111.316 Y102.94
G1 F1500 X115.043 Y102.94 E832.87411
G1 X115.04 Y101.36 E832.92666
G1 X111.313 Y101.36 E833.05062
G1 X111.316 Y102.94 E833.10317
G0 F9000 X111.791 Y102.74
G1 F1500 X111.515 Y102.464 E833.11615
G0 F9000 X111.514 Y101.897
G1 F1500 X112.356 Y102.74 E833.15578
G0 F9000 X112.922 Y102.74
G1 F1500 X111.743 Y101.56 E833.21126
G0 F9000 X112.308 Y101.56
G1 F1500 X113.488 Y102.74 E833.26676
G0 F9000 X114.053 Y102.74
G1 F1500 X112.874 Y101.56 E833.32224
G0 F9000 X113.44 Y101.56
G1 F1500 X114.619 Y102.74 E833.37772
G0 F9000 X114.842 Y102.397
G1 F1500 X114.005 Y101.56 E833.41709
G0 F9000 X114.571 Y101.56
G1 F1500 X114.841 Y101.83 E833.42979
G0 F9000 X115.302 Y101.83
G0 X115.232 Y103.13
G0 X111.539 Y103.13
G0 X108.31 Y102.94
G0 X108.048 Y102.939
G1 F1500 X108.051 Y101.361 E833.48228
G1 X104.32 Y101.36 E833.60637
G1 X104.32 Y102.94 E833.65892
G1 X108.048 Y102.939 E833.78292
G0 F9000 X108.31 Y102.94
G0 X108.241 Y101.172
G0 X107.784 Y101.1
G0 X107.784 Y101.561
G1 F1500 X107.85 Y101.628 E833.78604
G0 F9000 X107.849 Y102.192
G1 F1500 X107.218 Y101.561 E833.81572
G0 F9000 X106.652 Y101.561
G1 F1500 X107.83 Y102.738 E833.87111
G0 F9000 X107.264 Y102.738
G1 F1500 X106.087 Y101.561 E833.92647
G0 F9000 X105.521 Y101.561
G1 F1500 X106.698 Y102.738 E833.98184
G0 F9000 X106.133 Y102.739
G1 F1500 X104.955 Y101.561 E834.03725
G0 F9000 X104.52 Y101.692
G1 F1500 X105.568 Y102.739 E834.08652
G0 F9000 X105.002 Y102.739
G1 F1500 X104.52 Y102.258 E834.10916
G0 F9000 X103.761 Y102.258
;MESH:NONMESH
G0 F300 X103.761 Y102.258 Z16.7
G0 F9000 X103.761 Y103.043
G0 X119.53 Y119.53
G0 X119.8 Y119.8
;TIME_ELAPSED:1261.853024
;LAYER:83
;TYPE:WALL-OUTER
;MESH:xyzCalibration_cube.stl
G1 F1500 X119.8 Y100.2 E834.76106
G1 X100.2 Y100.2 E835.41296
G1 X100.2 Y119.8 E836.06486
G1 X119.8 Y119.8 E836.71676
G0 F9000 X119.4 Y119.4
;TYPE:WALL-INNER
G1 F1500 X119.4 Y100.6 E837.34205
G1 X100.6 Y100.6 E837.96734
G1 X100.6 Y119.4 E838.59263
G1 X119.4 Y119.4 E839.21792
G0 F9000 X119 Y119
G1 F1500 X119 Y101 E839.8166
G1 X101 Y101 E840.41529
G1 X101 Y119 E841.01397
G1 X119 Y119 E841.61265
G0 F9000 X112.991 Y118.92
;TYPE:FILL
G1 F3000 X111.47 Y117.398 E841.68422
G0 F9000 X111.469 Y117.617
G0 X108.529 Y117.617
G0 X108.53 Y117.397
G1 F3000 X107.008 Y118.92 E841.75583
G0 F9000 X105.176 Y117.545
G0 X105.181 Y113.577
G0 X107.796 Y113.505
G0 X107.796 Y113.725
G1 F3000 X101.08 Y107.008 E842.07176
G0 F9000 X106.445 Y107.529
G0 X106.641 Y107.43
G1 F3000 X101.08 Y112.991 E842.33333
G0 F9000 X105.176 Y117.545
G0 X115.155 Y117.546
G0 X115.165 Y115.599
G0 X113.607 Y112.418
G0 X113.411 Y112.517
G1 F3000 X118.92 Y107.008 E842.59245
G0 F9000 X117.412 Y111.264
G0 X117.411 Y111.482
G1 F3000 X112.529 Y106.601 E842.82206
G0 F9000 X112.529 Y106.82
G0 X115.34 Y106.748
G0 X115.34 Y102.78
G0 X111.144 Y102.708
G0 X111.143 Y102.928
G1 F3000 X112.991 Y101.08 E842.90899
G0 F9000 X108.857 Y102.708
G0 X108.856 Y102.927
G1 F3000 X107.009 Y101.08 E842.99587
G0 F9000 X105.098 Y102.779
G0 X105.105 Y117.355
G0 X105.365 Y117.356
;TYPE:SKIN
G1 F1500 X114.964 Y117.356 E843.31513
G1 X114.964 Y115.645 E843.37204
G1 X110.465 Y106.852 E843.70055
G1 X110.449 Y106.713 E843.70521
G1 X110.512 Y106.609 E843.70925
G1 X110.609 Y106.562 E843.71284
G1 X115.152 Y106.56 E843.86394
G1 X115.152 Y102.968 E843.98341
G1 X105.284 Y102.965 E844.31162
G1 X105.281 Y104.676 E844.36853
G1 X109.78 Y113.504 E844.69808
G1 X109.783 Y113.611 E844.70164
G1 X109.721 Y113.714 E844.70564
G1 X109.623 Y113.762 E844.70927
G1 X105.368 Y113.764 E844.85079
G1 X105.365 Y117.356 E844.97026
G0 F9000 X105.105 Y117.355
G0 X115.155 Y117.546
G0 X115.227 Y116.601
G0 X114.764 Y116.601
G1 F1500 X114.209 Y117.156 E844.99636
G0 F9000 X113.643 Y117.156
G1 F1500 X114.764 Y116.036 E845.04907
G0 F9000 X114.688 Y115.545
G1 F1500 X113.078 Y117.156 E845.12482
G0 F9000 X112.512 Y117.156
G1 F1500 X114.497 Y115.171 E845.21819
G0 F9000 X114.305 Y114.797
G1 F1500 X111.946 Y117.156 E845.32915
G0 F9000 X111.381 Y117.156
G1 F1500 X114.114 Y114.423 E845.4577
G0 F9000 X113.923 Y114.049
G1 F1500 X110.815 Y117.156 E845.60387
G0 F9000 X110.249 Y117.156
G1 F1500 X113.731 Y113.674 E845.76765
G0 F9000 X113.539 Y113.3
G1 F1500 X109.684 Y117.156 E845.949
G0 F9000 X109.118 Y117.156
G1 F1500 X113.348 Y112.926 E846.14797
G0 F9000 X113.156 Y112.552
G1 F1500 X108.552 Y117.156 E846.36453
G0 F9000 X107.987 Y117.156
G1 F1500 X112.965 Y112.178 E846.59868
G0 F9000 X112.774 Y111.803
G1 F1500 X107.421 Y117.156 E846.85047
G0 F9000 X106.855 Y117.156
G1 F1500 X112.582 Y111.429 E847.11985
G0 F9000 X112.39 Y111.055
G1 F1500 X109.973 Y113.473 E847.23356
G0 F9000 X109.791 Y113.089
G1 F1500 X112.199 Y110.681 E847.34682
G0 F9000 X112.008 Y110.307
G1 F1500 X109.6 Y112.714 E847.46007
G0 F9000 X109.409 Y112.339
G1 F1500 X111.816 Y109.932 E847.57328
G0 F9000 X111.625 Y109.558
G1 F1500 X109.218 Y111.965 E847.6865
G0 F9000 X109.027 Y111.59
G1 F1500 X111.434 Y109.184 E847.7997
G0 F9000 X111.242 Y108.81
G1 F1500 X108.836 Y111.215 E847.91284
G0 F9000 X108.646 Y110.84
G1 F1500 X111.05 Y108.436 E848.02592
G0 F9000 X110.859 Y108.061
G1 F1500 X108.455 Y110.466 E848.13902
G0 F9000 X108.264 Y110.091
G1 F1500 X110.668 Y107.687 E848.2521
G0 F9000 X110.476 Y107.313
G1 F1500 X108.073 Y109.716 E848.36513
G0 F9000 X107.882 Y109.341
G1 F1500 X110.286 Y106.937 E848.4782
G0 F9000 X110.858 Y106.365
G1 F1500 X114.056 Y103.167 E848.62863
G0 F9000 X113.491 Y103.167
G1 F1500 X107.691 Y108.967 E848.90144
G0 F9000 X107.5 Y108.592
G1 F1500 X112.925 Y103.167 E849.15662
G0 F9000 X112.36 Y103.166
G1 F1500 X107.309 Y108.217 E849.3942
G0 F9000 X107.118 Y107.842
G1 F1500 X111.794 Y103.166 E849.61414
G0 F9000 X111.229 Y103.166
G1 F1500 X106.927 Y107.468 E849.8165
G0 F9000 X106.736 Y107.093
G1 F1500 X110.663 Y103.166 E850.00121
G0 F9000 X110.098 Y103.165
G1 F1500 X106.545 Y106.718 E850.16833
G0 F9000 X106.355 Y106.343
G1 F1500 X109.532 Y103.165 E850.31779
G0 F9000 X108.967 Y103.165
G1 F1500 X106.164 Y105.968 E850.44964
G0 F9000 X105.973 Y105.594
G1 F1500 X108.401 Y103.165 E850.56387
G0 F9000 X107.836 Y103.165
G1 F1500 X105.782 Y105.219 E850.66048
G0 F9000 X105.591 Y104.844
G1 F1500 X107.27 Y103.165 E850.73946
G0 F9000 X106.705 Y103.165
G1 F1500 X105.481 Y104.388 E850.79701
G0 F9000 X105.483 Y103.821
G1 F1500 X106.139 Y103.165 E850.82786
G0 F9000 X105.573 Y103.165
G1 F1500 X105.484 Y103.254 E850.83205
G0 F9000 X105.025 Y103.253
G0 X105.098 Y102.779
G0 X115.34 Y102.78
G0 X115.34 Y106.748
G0 X111.424 Y106.82
G0 X111.424 Y106.364
G1 F1500 X114.622 Y103.167 E850.98245
G0 F9000 X114.952 Y103.403
G1 F1500 X111.991 Y106.364 E851.12173
G0 F9000 X112.557 Y106.363
G1 F1500 X114.952 Y103.969 E851.23436
G0 F9000 X114.952 Y104.534
G1 F1500 X113.124 Y106.362 E851.32034
G0 F9000 X113.689 Y106.362
G1 F1500 X114.952 Y105.1 E851.37972
G0 F9000 X114.952 Y105.666
G1 F1500 X114.256 Y106.362 E851.41246
G0 F9000 X114.822 Y106.361
G1 F1500 X114.952 Y106.231 E851.41858
G1 F2700 E842.41858
G0 F9000 X115.412 Y106.231
G0 X115.155 Y117.546
G0 X105.176 Y117.545
G0 X105.181 Y113.577
G0 X109.487 Y113.505
G0 X109.487 Y113.959
G1 F2700 E851.41858
G1 F1500 X106.289 Y117.156 E851.56898
G0 F9000 X105.724 Y117.156
G1 F1500 X108.921 Y113.959 E851.71935
G0 F9000 X108.354 Y113.96
G1 F1500 X105.566 Y116.748 E851.85049
G0 F9000 X105.567 Y116.182
G1 F1500 X107.788 Y113.961 E851.95496
G0 F9000 X107.221 Y113.962
G1 F1500 X105.567 Y115.616 E852.03276
G0 F9000 X105.568 Y115.05
G1 F1500 X106.655 Y113.962 E852.08391
G0 F9000 X106.089 Y113.963
G1 F1500 X105.568 Y114.483 E852.1084
G0 F9000 X105.108 Y114.482
G0 X105.176 Y117.545
G0 X115.155 Y117.546
G0 X116.771 Y115.319
G0 X117.028 Y115.32
G1 F1500 X118.64 Y115.323 E852.16201
G1 X118.64 Y111.524 E852.28837
G1 X117.032 Y111.521 E852.34185
G1 X117.028 Y115.32 E852.4682
G0 F9000 X117.94 Y115.122
G1 F1500 X118.44 Y114.623 E852.4917
G0 F9000 X118.44 Y114.057
G1 F1500 X117.376 Y115.121 E852.54175
G0 F9000 X117.229 Y114.702
G1 F1500 X118.44 Y113.491 E852.59871
G0 F9000 X118.44 Y112.926
G1 F1500 X117.23 Y114.136 E852.65562
G0 F9000 X117.231 Y113.569
G1 F1500 X118.44 Y112.36 E852.71249
G0 F9000 X118.44 Y111.794
G1 F1500 X117.231 Y113.003 E852.76936
G0 F9000 X117.231 Y112.437
G1 F1500 X117.946 Y111.722 E852.80299
G0 F9000 X117.382 Y111.721
G1 F1500 X117.232 Y111.871 E852.81005
G0 F9000 X116.474 Y111.87
;MESH:NONMESH
G0 F300 X116.474 Y111.87 Z16.9
G0 F9000 X116.587 Y115.763
G0 X119.53 Y119.53
G0 X119.8 Y119.8
;TIME_ELAPSED:1296.044384
;LAYER:84
;TYPE:WALL-OUTER
;MESH:xyzCalibration_cube.stl
G1 F1500 X119.8 Y100.2 E853.46194
G1 X100.2 Y100.2 E854.11384
G1 X100.2 Y119.8 E854.76574
G1 X119.8 Y119.8 E855.41764
G0 F9000 X119.4 Y119.4
;TYPE:WALL-INNER
G1 F1500 X119.4 Y100.6 E856.04293
G1 X100.6 Y100.6 E856.66822
G1 X100.6 Y119.4 E857.29351
G1 X119.4 Y119.4 E857.9188
G0 F9000 X119 Y119
G1 F1500 X119 Y101 E858.51748
G1 X101 Y101 E859.11617
G1 X101 Y119 E859.71485
G1 X119 Y119 E860.31353
G0 F9000 X113.192 Y118.92
;TYPE:FILL
G1 F3000 X111.671 Y117.398 E860.3851
G0 F9000 X111.671 Y117.618
G0 X108.329 Y117.618
G0 X108.329 Y117.398
G1 F3000 X106.807 Y118.92 E860.45669
G0 F9000 X105.178 Y117.546
G0 X105.178 Y113.577
G0 X107.997 Y113.505
G0 X107.997 Y113.725
G1 F3000 X101.08 Y106.807 E860.78207
G0 F9000 X106.513 Y107.661
G0 X106.709 Y107.562
G1 F3000 X101.08 Y113.192 E861.04686
G0 F9000 X105.178 Y117.546
G0 X115.155 Y117.546
G0 X115.165 Y115.599
G0 X113.539 Y112.285
G0 X113.343 Y112.384
G1 F3000 X118.92 Y106.807 E861.30919
G0 F9000 X118.92 Y113.192
G1 F3000 X112.328 Y106.601 E861.61923
G0 F9000 X112.328 Y106.82
G0 X115.34 Y106.748
G0 X115.34 Y102.779
G0 X111.345 Y102.707
G0 X111.345 Y102.927
G1 F3000 X113.192 Y101.08 E861.70611
G0 F9000 X108.654 Y102.707
G0 X108.654 Y102.926
G1 F3000 X106.808 Y101.08 E861.79294
G0 F9000 X105.094 Y102.779
G0 X105.106 Y117.356
G0 X105.364 Y117.356
;TYPE:SKIN
G1 F1500 X114.964 Y117.356 E862.11223
G1 X114.964 Y115.645 E862.16914
G1 X110.465 Y106.852 E862.49766
G1 X110.449 Y106.713 E862.50231
G1 X110.512 Y106.609 E862.50636
G1 X110.609 Y106.562 E862.50994
G1 X115.152 Y106.56 E862.66104
G1 X115.152 Y102.964 E862.78064
G1 X105.28 Y102.964 E863.10899
G1 X105.28 Y104.675 E863.1659
G1 X109.78 Y113.504 E863.49549
G1 X109.783 Y113.611 E863.49905
G1 X109.721 Y113.714 E863.50305
G1 X109.623 Y113.762 E863.50668
G1 X105.364 Y113.764 E863.64834
G1 X105.364 Y117.356 E863.76781
G0 F9000 X105.842 Y117.156
G1 F1500 X105.564 Y116.878 E863.78088
G0 F9000 X105.564 Y116.312
G1 F1500 X106.408 Y117.156 E863.82058
G0 F9000 X106.973 Y117.156
G1 F1500 X105.564 Y115.746 E863.88688
G0 F9000 X105.564 Y115.181
G1 F1500 X107.539 Y117.156 E863.97978
G0 F9000 X108.105 Y117.156
G1 F1500 X105.564 Y114.615 E864.0993
G0 F9000 X105.564 Y114.049
G1 F1500 X108.67 Y117.156 E864.24542
G0 F9000 X109.236 Y117.156
G1 F1500 X106.045 Y113.964 E864.39554
G0 F9000 X106.609 Y113.963
G1 F1500 X109.802 Y117.156 E864.54573
G0 F9000 X110.367 Y117.156
G1 F1500 X107.174 Y113.962 E864.69594
G0 F9000 X107.739 Y113.962
G1 F1500 X110.933 Y117.156 E864.84618
G0 F9000 X111.499 Y117.156
G1 F1500 X108.304 Y113.961 E864.99646
G0 F9000 X108.869 Y113.96
G1 F1500 X112.064 Y117.156 E865.14677
G0 F9000 X112.63 Y117.156
G1 F1500 X109.434 Y113.959 E865.29712
G0 F9000 X109.872 Y113.832
G1 F1500 X113.196 Y117.156 E865.45347
G0 F9000 X113.761 Y117.156
G1 F1500 X109.889 Y113.283 E865.63562
G0 F9000 X109.486 Y113.488
G0 X108.898 Y112.335
G0 X109.302 Y112.13
G1 F1500 X114.327 Y117.156 E865.872
G0 F9000 X114.764 Y117.027
G1 F1500 X108.714 Y110.977 E866.15658
G0 F9000 X108.31 Y111.182
G0 X107.722 Y110.03
G0 X108.127 Y109.824
G1 F1500 X114.764 Y116.461 E866.46876
G0 F9000 X114.764 Y115.896
G1 F1500 X107.54 Y108.671 E866.80858
G0 F9000 X107.134 Y108.877
G0 X106.545 Y107.724
G0 X106.952 Y107.518
G1 F1500 X114.384 Y114.949 E867.15814
G0 F9000 X114.795 Y114.74
G0 X114.202 Y113.582
G0 X113.791 Y113.791
G1 F1500 X106.365 Y106.365 E867.50743
G0 F9000 X105.957 Y106.572
G0 X105.369 Y105.419
G0 X105.778 Y105.212
G1 F1500 X113.199 Y112.633 E867.85649
G0 F9000 X113.61 Y112.424
G0 X113.017 Y111.266
G0 X112.606 Y111.475
G1 F1500 X105.48 Y104.348 E868.1917
G0 F9000 X105.48 Y103.783
G1 F1500 X112.013 Y110.316 E868.49899
G0 F9000 X112.424 Y110.107
G0 X111.831 Y108.949
G0 X111.421 Y109.158
G1 F1500 X105.48 Y103.217 E868.77844
G0 F9000 X105.992 Y103.164
G1 F1500 X110.828 Y108 E869.00591
G0 F9000 X111.239 Y107.791
G0 X110.663 Y106.772
G0 X110.281 Y106.887
G1 F1500 X106.558 Y103.164 E869.18103
G0 F9000 X107.124 Y103.164
G1 F1500 X110.406 Y106.446 E869.3354
G0 F9000 X110.89 Y106.364
G1 F1500 X107.69 Y103.164 E869.48592
G0 F9000 X108.255 Y103.164
G1 F1500 X111.455 Y106.364 E869.63644
G0 F9000 X112.02 Y106.363
G1 F1500 X108.821 Y103.164 E869.78691
G0 F9000 X109.387 Y103.164
G1 F1500 X112.585 Y106.362 E869.93734
G0 F9000 X113.15 Y106.362
G1 F1500 X109.952 Y103.164 E870.08776
G0 F9000 X110.518 Y103.164
G1 F1500 X113.715 Y106.361 E870.23814
G0 F9000 X114.28 Y106.361
G1 F1500 X111.084 Y103.164 E870.38849
G0 F9000 X111.649 Y103.164
G1 F1500 X114.845 Y106.36 E870.53882
G0 F9000 X114.952 Y105.901
G1 F1500 X112.215 Y103.164 E870.66756
G0 F9000 X112.781 Y103.164
G1 F1500 X114.952 Y105.335 E870.76968
G0 F9000 X114.952 Y104.769
G1 F1500 X113.346 Y103.164 E870.8452
G0 F9000 X113.912 Y103.164
G1 F1500 X114.952 Y104.203 E870.89409
G0 F9000 X114.952 Y103.638
G1 F1500 X114.478 Y103.164 E870.91639
G0 F9000 X114.478 Y102.407
;MESH:NONMESH
G0 F300 X114.478 Y102.407 Z17.1
G0 F9000 X115.594 Y102.525
G0 X119.53 Y119.53
G0 X119.8 Y119.8
;TIME_ELAPSED:1325.750967
;LAYER:85
;TYPE:WALL-OUTER
;MESH:xyzCalibration_cube.stl
G1 F1500 X119.8 Y100.2 E871.56828
G1 X100.2 Y100.2 E872.22018
G1 X100.2 Y119.8 E872.87208
G1 X119.8 Y119.8 E873.52398
G0 F9000 X119.4 Y119.4
;TYPE:WALL-INNER
G1 F1500 X119.4 Y100.6 E874.14927
G1 X100.6 Y100.6 E874.77456
G1 X100.6 Y119.4 E875.39985
G1 X119.4 Y119.4 E876.02514
G0 F9000 X119 Y119
G1 F1500 X119 Y101 E876.62383
G1 X101 Y101 E877.22251
G1 X101 Y119 E877.82119
G1 X119 Y119 E878.41987
G0 F9000 X113.392 Y118.92
;TYPE:FILL
G1 F3000 X111.87 Y117.398 E878.49146
G0 F9000 X111.87 Y117.618
G0 X108.129 Y117.618
G0 X108.129 Y117.398
G1 F3000 X106.608 Y118.92 E878.56303
G0 F9000 X105.178 Y117.546
G0 X105.178 Y113.577
G0 X108.197 Y113.505
G0 X108.197 Y113.725
G1 F3000 X101.08 Y106.608 E878.89779
G0 F9000 X106.58 Y107.793
G0 X106.777 Y107.694
G1 F3000 X101.08 Y113.391 E879.16576
G0 F9000 X105.178 Y117.546
G0 X115.155 Y117.546
G0 X115.165 Y115.599
G0 X113.471 Y112.153
G0 X113.275 Y112.252
G1 F3000 X118.92 Y106.608 E879.43126
G0 F9000 X118.92 Y113.392
G1 F3000 X112.129 Y106.601 E879.75069
G0 F9000 X112.129 Y106.82
G0 X115.34 Y106.748
G0 X115.34 Y102.779
G0 X111.544 Y102.707
G0 X111.544 Y102.927
G1 F3000 X113.392 Y101.08 E879.83759
G0 F9000 X108.455 Y102.707
G0 X108.455 Y102.926
G1 F3000 X106.608 Y101.08 E879.92444
G0 F9000 X105.094 Y102.779
G0 X105.106 Y117.356
G0 X105.364 Y117.356
;TYPE:SKIN
G1 F1500 X114.964 Y117.356 E880.24374
G1 X114.964 Y115.645 E880.30065
G1 X110.465 Y106.852 E880.62916
G1 X110.449 Y106.713 E880.63382
G1 X110.512 Y106.609 E880.63786
G1 X110.609 Y106.562 E880.64145
G1 X115.152 Y106.56 E880.79255
G1 X115.152 Y102.964 E880.91215
G1 X105.28 Y102.964 E881.24049
G1 X105.28 Y104.675 E881.2974
G1 X109.78 Y113.504 E881.627
G1 X109.783 Y113.611 E881.63056
G1 X109.721 Y113.714 E881.63456
G1 X109.623 Y113.762 E881.63819
G1 X105.364 Y113.764 E881.77984
G1 X105.364 Y117.356 E881.89931
G0 F9000 X105.106 Y117.356
G0 X115.155 Y117.546
G0 X115.227 Y116.601
G0 X114.764 Y116.601
G1 F1500 X114.209 Y117.156 E881.92542
G0 F9000 X113.643 Y117.156
G1 F1500 X114.764 Y116.036 E881.97812
G0 F9000 X114.688 Y115.545
G1 F1500 X113.078 Y117.156 E882.05388
G0 F9000 X112.512 Y117.156
G1 F1500 X114.497 Y115.171 E882.14724
G0 F9000 X114.305 Y114.797
G1 F1500 X111.946 Y117.156 E882.2582
G0 F9000 X111.381 Y117.156
G1 F1500 X114.114 Y114.423 E882.38676
G0 F9000 X113.923 Y114.049
G1 F1500 X110.815 Y117.156 E882.53292
G0 F9000 X110.249 Y117.156
G1 F1500 X113.731 Y113.674 E882.69671
G0 F9000 X113.539 Y113.3
G1 F1500 X109.684 Y117.156 E882.87806
G0 F9000 X109.118 Y117.156
G1 F1500 X113.348 Y112.926 E883.07702
G0 F9000 X113.156 Y112.552
G1 F1500 X108.552 Y117.156 E883.29358
G0 F9000 X107.987 Y117.156
G1 F1500 X112.965 Y112.178 E883.52773
G0 F9000 X112.774 Y111.803
G1 F1500 X107.421 Y117.156 E883.77952
G0 F9000 X106.855 Y117.156
G1 F1500 X112.582 Y111.429 E884.0489
G0 F9000 X112.39 Y111.055
G1 F1500 X109.973 Y113.473 E884.16261
G0 F9000 X109.791 Y113.089
G1 F1500 X112.199 Y110.681 E884.27588
G0 F9000 X112.008 Y110.307
G1 F1500 X109.6 Y112.714 E884.38912
G0 F9000 X109.409 Y112.339
G1 F1500 X111.816 Y109.932 E884.50234
G0 F9000 X111.625 Y109.558
G1 F1500 X109.218 Y111.965 E884.61555
G0 F9000 X109.027 Y111.59
G1 F1500 X111.434 Y109.184 E884.72875
G0 F9000 X111.242 Y108.81
G1 F1500 X108.836 Y111.215 E884.8419
G0 F9000 X108.646 Y110.84
G1 F1500 X111.05 Y108.436 E884.95497
G0 F9000 X110.859 Y108.061
G1 F1500 X108.455 Y110.466 E885.06807
G0 F9000 X108.264 Y110.091
G1 F1500 X110.668 Y107.687 E885.18115
G0 F9000 X110.476 Y107.313
G1 F1500 X108.073 Y109.716 E885.29418
G0 F9000 X107.882 Y109.341
G1 F1500 X110.286 Y106.937 E885.40726
G0 F9000 X110.858 Y106.365
G1 F1500 X114.059 Y103.164 E885.55782
G0 F9000 X114.625 Y103.164
G1 F1500 X111.424 Y106.364 E885.70836
G0 F9000 X111.991 Y106.364
G1 F1500 X114.952 Y103.403 E885.84764
G0 F9000 X114.952 Y103.969
G1 F1500 X112.557 Y106.363 E885.96027
G0 F9000 X113.124 Y106.362
G1 F1500 X114.952 Y104.534 E886.04625
G0 F9000 X114.952 Y105.1
G1 F1500 X113.689 Y106.362 E886.10564
G0 F9000 X114.256 Y106.362
G1 F1500 X114.952 Y105.666 E886.13838
G0 F9000 X114.952 Y106.231
G1 F1500 X114.822 Y106.361 E886.14449
G0 F9000 X114.822 Y106.82
G0 X115.34 Y106.748
G0 X115.34 Y102.779
G0 X113.493 Y102.707
G0 X113.493 Y103.164
G1 F1500 X107.691 Y108.967 E886.41742
G0 F9000 X107.5 Y108.592
G1 F1500 X112.928 Y103.164 E886.67274
G0 F9000 X112.362 Y103.164
G1 F1500 X107.309 Y108.217 E886.91042
G0 F9000 X107.118 Y107.842
G1 F1500 X111.796 Y103.164 E887.13045
G0 F9000 X111.231 Y103.164
G1 F1500 X106.927 Y107.468 E887.3329
G0 F9000 X106.736 Y107.093
G1 F1500 X110.665 Y103.164 E887.51771
G0 F9000 X110.099 Y103.164
G1 F1500 X106.545 Y106.718 E887.68488
G0 F9000 X106.355 Y106.343
G1 F1500 X109.534 Y103.164 E887.83441
G0 F9000 X108.968 Y103.164
G1 F1500 X106.164 Y105.968 E887.9663
G0 F9000 X105.973 Y105.594
G1 F1500 X108.402 Y103.164 E888.08058
G0 F9000 X107.837 Y103.164
G1 F1500 X105.782 Y105.219 E888.17724
G0 F9000 X105.591 Y104.844
G1 F1500 X107.271 Y103.164 E888.25626
G0 F9000 X106.705 Y103.164
G1 F1500 X105.481 Y104.389 E888.31386
G0 F9000 X105.481 Y103.823
G1 F1500 X106.14 Y103.164 E888.34485
G0 F9000 X105.574 Y103.164
G1 F1500 X105.481 Y103.257 E888.34923
G0 F9000 X105.022 Y103.257
G0 X105.072 Y104.445
G0 X106.089 Y113.505
G0 X106.089 Y113.963
G1 F1500 X105.564 Y114.488 E888.37392
G0 F9000 X105.564 Y115.053
G1 F1500 X106.655 Y113.962 E888.42524
G0 F9000 X107.221 Y113.962
G1 F1500 X105.564 Y115.619 E888.50318
G0 F9000 X105.564 Y116.185
G1 F1500 X107.788 Y113.961 E888.60779
G0 F9000 X108.354 Y113.96
G1 F1500 X105.564 Y116.75 E888.73902
G0 F9000 X105.724 Y117.156
G1 F1500 X108.921 Y113.959 E888.8894
G0 F9000 X109.487 Y113.959
G1 F1500 X106.289 Y117.156 E889.0398
G0 F9000 X106.289 Y117.918
;MESH:NONMESH
G0 F300 X106.289 Y117.918 Z17.3
G0 F9000 X119.53 Y119.53
G0 X119.8 Y119.8
;TIME_ELAPSED:1356.460760
;LAYER:86
;TYPE:WALL-OUTER
;MESH:xyzCalibration_cube.stl
G1 F1500 X119.8 Y100.2 E889.6917
G1 X100.2 Y100.2 E890.3436
G1 X100.2 Y119.8 E890.9955
G1 X119.8 Y119.8 E891.6474
G0 F9000 X119.4 Y119.4
;TYPE:WALL-INNER
G1 F1500 X119.4 Y100.6 E892.27269
G1 X100.6 Y100.6 E892.89798
G1 X100.6 Y119.4 E893.52327
G1 X119.4 Y119.4 E894.14856
G0 F9000 X119 Y119
G1 F1500 X119 Y101 E894.74724
G1 X101 Y101 E895.34592
G1 X101 Y119 E895.94461
G1 X119 Y119 E896.54329
G0 F9000 X113.591 Y118.92
;TYPE:FILL
G1 F3000 X112.069 Y117.398 E896.61488
G0 F9000 X112.069 Y117.618
G0 X107.93 Y117.618
G0 X107.93 Y117.398
G1 F3000 X106.408 Y118.92 E896.68647
G0 F9000 X105.178 Y117.546
G0 X105.178 Y113.577
G0 X108.396 Y113.505
G0 X108.396 Y113.725
G1 F3000 X101.08 Y106.408 E897.03061
G0 F9000 X106.648 Y107.925
G0 X106.845 Y107.826
G1 F3000 X101.08 Y113.59 E897.30176
G0 F9000 X105.178 Y117.546
G0 X115.155 Y117.546
G0 X115.165 Y115.599
G0 X113.404 Y112.021
G0 X113.208 Y112.12
G1 F3000 X118.92 Y106.408 E897.57043
G0 F9000 X115.698 Y106.714
G0 X111.929 Y106.82
G0 X111.929 Y106.601
G1 F3000 X118.92 Y113.591 E897.89925
G0 F9000 X115.34 Y102.779
G0 X111.743 Y102.707
G0 X111.743 Y102.927
G1 F3000 X113.591 Y101.08 E897.98615
G0 F9000 X108.255 Y102.707
G0 X108.255 Y102.926
G1 F3000 X106.409 Y101.08 E898.07298
G0 F9000 X105.094 Y102.779
G0 X105.106 Y117.356
G0 X105.364 Y117.356
;TYPE:SKIN
G1 F1500 X114.964 Y117.356 E898.39227
G1 X114.964 Y115.645 E898.44918
G1 X110.465 Y106.852 E898.7777
G1 X110.449 Y106.713 E898.78235
G1 X110.512 Y106.609 E898.78639
G1 X110.609 Y106.562 E898.78998
G1 X115.152 Y106.56 E898.94108
G1 X115.152 Y102.964 E899.06068
G1 X105.28 Y102.964 E899.38903
G1 X105.28 Y104.675 E899.44594
G1 X109.78 Y113.504 E899.77553
G1 X109.783 Y113.611 E899.77909
G1 X109.721 Y113.714 E899.78309
G1 X109.623 Y113.762 E899.78672
G1 X105.364 Y113.764 E899.92838
G1 X105.364 Y117.356 E900.04785
G0 F9000 X105.842 Y117.156
G1 F1500 X105.564 Y116.878 E900.06092
G0 F9000 X105.564 Y116.312
G1 F1500 X106.408 Y117.156 E900.10062
G0 F9000 X106.973 Y117.156
G1 F1500 X105.564 Y115.746 E900.16692
G0 F9000 X105.564 Y115.181
G1 F1500 X107.539 Y117.156 E900.25982
G0 F9000 X108.105 Y117.156
G1 F1500 X105.564 Y114.615 E900.37934
G0 F9000 X105.564 Y114.049
G1 F1500 X108.67 Y117.156 E900.52546
G0 F9000 X109.236 Y117.156
G1 F1500 X106.045 Y113.964 E900.67558
G0 F9000 X106.609 Y113.963
G1 F1500 X109.802 Y117.156 E900.82577
G0 F9000 X110.367 Y117.156
G1 F1500 X107.174 Y113.962 E900.97598
G0 F9000 X107.739 Y113.962
G1 F1500 X110.933 Y117.156 E901.12621
G0 F9000 X111.499 Y117.156
G1 F1500 X108.304 Y113.961 E901.2765
G0 F9000 X108.869 Y113.96
G1 F1500 X112.064 Y117.156 E901.4268
G0 F9000 X112.63 Y117.156
G1 F1500 X109.434 Y113.959 E901.57716
G0 F9000 X109.872 Y113.832
G1 F1500 X113.196 Y117.156 E901.73351
G0 F9000 X113.761 Y117.156
G1 F1500 X109.889 Y113.283 E901.91566
G0 F9000 X109.486 Y113.488
G0 X108.898 Y112.335
G0 X109.302 Y112.13
G1 F1500 X114.327 Y117.156 E902.15204
G0 F9000 X114.764 Y117.027
G1 F1500 X108.714 Y110.977 E902.43662
G0 F9000 X108.31 Y111.182
G0 X107.722 Y110.03
G0 X108.127 Y109.824
G1 F1500 X114.764 Y116.461 E902.7488
G0 F9000 X114.764 Y115.896
G1 F1500 X107.54 Y108.671 E903.08862
G0 F9000 X107.134 Y108.877
G0 X106.545 Y107.724
G0 X106.952 Y107.518
G1 F1500 X114.384 Y114.949 E903.43817
G0 F9000 X114.795 Y114.74
G0 X114.202 Y113.582
G0 X113.791 Y113.791
G1 F1500 X106.365 Y106.365 E903.78747
G0 F9000 X105.957 Y106.572
G0 X105.369 Y105.419
G0 X105.778 Y105.212
G1 F1500 X113.199 Y112.633 E904.13653
G0 F9000 X113.61 Y112.424
G0 X113.017 Y111.266
G0 X112.606 Y111.475
G1 F1500 X105.48 Y104.348 E904.47174
G0 F9000 X105.48 Y103.783
G1 F1500 X112.013 Y110.316 E904.77903
G0 F9000 X112.424 Y110.107
G0 X111.831 Y108.949
G0 X111.421 Y109.158
G1 F1500 X105.48 Y103.217 E905.05848
G0 F9000 X105.992 Y103.164
G1 F1500 X110.828 Y108 E905.28595
G0 F9000 X111.239 Y107.791
G0 X110.663 Y106.772
G0 X110.281 Y106.887
G1 F1500 X106.558 Y103.164 E905.46107
G0 F9000 X107.124 Y103.164
G1 F1500 X110.406 Y106.446 E905.61544
G0 F9000 X110.89 Y106.364
G1 F1500 X107.69 Y103.164 E905.76596
G0 F9000 X108.255 Y103.164
G1 F1500 X111.455 Y106.364 E905.91648
G0 F9000 X112.02 Y106.363
G1 F1500 X108.821 Y103.164 E906.06695
G0 F9000 X109.387 Y103.164
G1 F1500 X112.585 Y106.362 E906.21737
G0 F9000 X113.15 Y106.362
G1 F1500 X109.952 Y103.164 E906.3678
G0 F9000 X110.518 Y103.164
G1 F1500 X113.715 Y106.361 E906.51818
G0 F9000 X114.28 Y106.361
G1 F1500 X111.084 Y103.164 E906.66853
G0 F9000 X111.649 Y103.164
G1 F1500 X114.845 Y106.36 E906.81886
G0 F9000 X114.952 Y105.901
G1 F1500 X112.215 Y103.164 E906.9476
G0 F9000 X112.781 Y103.164
G1 F1500 X114.952 Y105.335 E907.04972
G0 F9000 X114.952 Y104.769
G1 F1500 X113.346 Y103.164 E907.12523
G0 F9000 X113.912 Y103.164
G1 F1500 X114.952 Y104.203 E907.17413
G0 F9000 X114.952 Y103.638
G1 F1500 X114.478 Y103.164 E907.19643
G0 F9000 X114.478 Y102.407
;MESH:NONMESH
G0 F300 X114.478 Y102.407 Z17.5
G0 F9000 X115.594 Y102.525
G0 X119.53 Y119.53
G0 X119.8 Y119.8
;TIME_ELAPSED:1386.201240
;LAYER:87
;TYPE:WALL-OUTER
;MESH:xyzCalibration_cube.stl
G1 F1500 X119.8 Y100.2 E907.84832
G1 X100.2 Y100.2 E908.50022
G1 X100.2 Y119.8 E909.15212
G1 X119.8 Y119.8 E909.80402
G0 F9000 X119.4 Y119.4
;TYPE:WALL-INNER
G1 F1500 X119.4 Y100.6 E910.42931
G1 X100.6 Y100.6 E911.0546
G1 X100.6 Y119.4 E911.67989
G1 X119.4 Y119.4 E912.30518
G0 F9000 X119 Y119
G1 F1500 X119 Y101 E912.90386
G1 X101 Y101 E913.50255
G1 X101 Y119 E914.10123
G1 X119 Y119 E914.69991
G0 F9000 X113.792 Y118.92
;TYPE:FILL
G1 F3000 X112.27 Y117.398 E914.7715
G0 F9000 X112.27 Y117.618
G0 X107.729 Y117.618
G0 X107.729 Y117.398
G1 F3000 X106.207 Y118.92 E914.84309
G0 F9000 X105.178 Y117.546
G0 X105.178 Y113.577
G0 X108.597 Y113.505
G0 X108.597 Y113.725
G1 F3000 X101.08 Y106.207 E915.19669
G0 F9000 X106.716 Y108.058
G0 X106.912 Y107.959
G1 F3000 X101.08 Y113.791 E915.47101
G0 F9000 X105.178 Y117.546
G0 X115.155 Y117.546
G0 X115.165 Y115.599
G0 X113.335 Y111.888
G0 X113.14 Y111.987
G1 F3000 X118.92 Y106.207 E915.74289
G0 F9000 X115.34 Y106.748
G0 X111.729 Y106.82
G0 X111.729 Y106.601
G1 F3000 X118.92 Y113.792 E916.08113
G0 F9000 X115.34 Y102.779
G0 X111.944 Y102.707
G0 X111.944 Y102.927
G1 F3000 X113.792 Y101.08 E916.16803
G0 F9000 X108.054 Y102.707
G0 X108.054 Y102.926
G1 F3000 X106.208 Y101.08 E916.25486
G0 F9000 X105.094 Y102.779
G0 X105.106 Y117.356
G0 X105.364 Y117.356
;TYPE:SKIN
G1 F1500 X114.964 Y117.356 E916.57416
G1 X114.964 Y115.645 E916.63106
G1 X110.465 Y106.852 E916.95958
G1 X110.449 Y106.713 E916.96423
G1 X110.512 Y106.609 E916.96828
G1 X110.609 Y106.562 E916.97186
G1 X115.152 Y106.56 E917.12296
G1 X115.152 Y102.964 E917.24257
G1 X105.28 Y102.964 E917.57091
G1 X105.28 Y104.675 E917.62782
G1 X109.78 Y113.504 E917.95741
G1 X109.783 Y113.611 E917.96097
G1 X109.721 Y113.714 E917.96497
G1 X109.623 Y113.762 E917.9686
G1 X105.364 Y113.764 E918.11026
G1 X105.364 Y117.356 E918.22973
G0 F9000 X105.106 Y117.356
G0 X115.155 Y117.546
G0 X115.227 Y116.601
G0 X114.764 Y116.601
G1 F1500 X114.209 Y117.156 E918.25583
G0 F9000 X113.643 Y117.156
G1 F1500 X114.764 Y116.036 E918.30854
G0 F9000 X114.688 Y115.545
G1 F1500 X113.078 Y117.156 E918.38429
G0 F9000 X112.512 Y117.156
G1 F1500 X114.497 Y115.171 E918.47766
G0 F9000 X114.305 Y114.797
G1 F1500 X111.946 Y117.156 E918.58862
G0 F9000 X111.381 Y117.156
G1 F1500 X114.114 Y114.423 E918.71717
G0 F9000 X113.923 Y114.049
G1 F1500 X110.815 Y117.156 E918.86334
G0 F9000 X110.249 Y117.156
G1 F1500 X113.731 Y113.674 E919.02712
G0 F9000 X113.539 Y113.3
G1 F1500 X109.684 Y117.156 E919.20847
G0 F9000 X109.118 Y117.156
G1 F1500 X113.348 Y112.926 E919.40744
G0 F9000 X113.156 Y112.552
G1 F1500 X108.552 Y117.156 E919.624
G0 F9000 X107.987 Y117.156
G1 F1500 X112.965 Y112.178 E919.85815
G0 F9000 X112.774 Y111.803
G1 F1500 X107.421 Y117.156 E920.10994
G0 F9000 X106.855 Y117.156
G1 F1500 X112.582 Y111.429 E920.37932
G0 F9000 X112.39 Y111.055
G1 F1500 X109.973 Y113.473 E920.49303
G0 F9000 X109.791 Y113.089
G1 F1500 X112.199 Y110.681 E920.60629
G0 F9000 X112.008 Y110.307
G1 F1500 X109.6 Y112.714 E920.71953
G0 F9000 X109.409 Y112.339
G1 F1500 X111.816 Y109.932 E920.83275
G0 F9000 X111.625 Y109.558
G1 F1500 X109.218 Y111.965 E920.94597
G0 F9000 X109.027 Y111.59
G1 F1500 X111.434 Y109.184 E921.05916
G0 F9000 X111.242 Y108.81
G1 F1500 X108.836 Y111.215 E921.17231
G0 F9000 X108.646 Y110.84
G1 F1500 X111.05 Y108.436 E921.28539
G0 F9000 X110.859 Y108.061
G1 F1500 X108.455 Y110.466 E921.39849
G0 F9000 X108.264 Y110.091
G1 F1500 X110.668 Y107.687 E921.51157
G0 F9000 X110.476 Y107.313
G1 F1500 X108.073 Y109.716 E921.6246
G0 F9000 X107.882 Y109.341
G1 F1500 X110.286 Y106.937 E921.73767
G0 F9000 X110.858 Y106.365
G1 F1500 X114.059 Y103.164 E921.88824
G0 F9000 X114.625 Y103.164
G1 F1500 X111.424 Y106.364 E922.03878
G0 F9000 X111.991 Y106.364
G1 F1500 X114.952 Y103.403 E922.17806
G0 F9000 X114.952 Y103.969
G1 F1500 X112.557 Y106.363 E922.29069
G0 F9000 X113.124 Y106.362
G1 F1500 X114.952 Y104.534 E922.37667
G0 F9000 X114.952 Y105.1
G1 F1500 X113.689 Y106.362 E922.43605
G0 F9000 X114.256 Y106.362
G1 F1500 X114.952 Y105.666 E922.46879
G0 F9000 X114.952 Y106.231
G1 F1500 X114.822 Y106.361 E922.47491
G0 F9000 X114.822 Y106.82
G0 X115.34 Y106.748
G0 X115.34 Y102.779
G0 X113.493 Y102.707
G0 X113.493 Y103.164
G1 F1500 X107.691 Y108.967 E922.74784
G0 F9000 X107.5 Y108.592
G1 F1500 X112.928 Y103.164 E923.00315
G0 F9000 X112.362 Y103.164
G1 F1500 X107.309 Y108.217 E923.24083
G0 F9000 X107.118 Y107.842
G1 F1500 X111.796 Y103.164 E923.46087
G0 F9000 X111.231 Y103.164
G1 F1500 X106.927 Y107.468 E923.66332
G0 F9000 X106.736 Y107.093
G1 F1500 X110.665 Y103.164 E923.84813
G0 F9000 X110.099 Y103.164
G1 F1500 X106.545 Y106.718 E924.01529
G0 F9000 X106.355 Y106.343
G1 F1500 X109.534 Y103.164 E924.16483
G0 F9000 X108.968 Y103.164
G1 F1500 X106.164 Y105.968 E924.29672
G0 F9000 X105.973 Y105.594
G1 F1500 X108.402 Y103.164 E924.41099
G0 F9000 X107.837 Y103.164
G1 F1500 X105.782 Y105.219 E924.50765
G0 F9000 X105.591 Y104.844
G1 F1500 X107.271 Y103.164 E924.58668
G0 F9000 X106.705 Y103.164
G1 F1500 X105.481 Y104.389 E924.64427
G0 F9000 X105.481 Y103.823
G1 F1500 X106.14 Y103.164 E924.67527
G0 F9000 X105.574 Y103.164
G1 F1500 X105.481 Y103.257 E924.67964
G0 F9000 X105.022 Y103.257
G0 X105.072 Y104.445
G0 X106.089 Y113.505
G0 X106.089 Y113.963
G1 F1500 X105.564 Y114.488 E924.70434
G0 F9000 X105.564 Y115.053
G1 F1500 X106.655 Y113.962 E924.75566
G0 F9000 X107.221 Y113.962
G1 F1500 X105.564 Y115.619 E924.8336
G0 F9000 X105.564 Y116.185
G1 F1500 X107.788 Y113.961 E924.93821
G0 F9000 X108.354 Y113.96
G1 F1500 X105.564 Y116.75 E925.06944
G0 F9000 X105.724 Y117.156
G1 F1500 X108.921 Y113.959 E925.21982
G0 F9000 X109.487 Y113.959
G1 F1500 X106.289 Y117.156 E925.37022
G0 F9000 X106.289 Y117.918
;MESH:NONMESH
G0 F300 X106.289 Y117.918 Z17.7
G0 F9000 X119.53 Y119.53
G0 X119.8 Y119.8
;TIME_ELAPSED:1416.935893
;LAYER:88
;TYPE:WALL-OUTER
;MESH:xyzCalibration_cube.stl
G1 F1500 X119.8 Y100.2 E926.02212
G1 X100.2 Y100.2 E926.67401
G1 X100.2 Y119.8 E927.32591
G1 X119.8 Y119.8 E927.97781
G0 F9000 X119.4 Y119.4
;TYPE:WALL-INNER
G1 F1500 X119.4 Y100.6 E928.6031
G1 X100.6 Y100.6 E929.22839
G1 X100.6 Y119.4 E929.85368
G1 X119.4 Y119.4 E930.47897
G0 F9000 X119 Y119
G1 F1500 X119 Y101 E931.07766
G1 X101 Y101 E931.67634
G1 X101 Y119 E932.27502
G1 X119 Y119 E932.8737
G0 F9000 X113.991 Y118.92
;TYPE:FILL
G1 F3000 X112.47 Y117.398 E932.94527
G0 F9000 X112.47 Y117.618
G0 X107.53 Y117.618
G0 X107.53 Y117.398
G1 F3000 X106.008 Y118.92 E933.01686
G0 F9000 X105.178 Y117.546
G0 X105.178 Y113.577
G0 X108.796 Y113.505
G0 X108.796 Y113.725
G1 F3000 X101.08 Y106.008 E933.37982
G0 F9000 X106.783 Y108.19
G0 X106.98 Y108.091
G1 F3000 X101.08 Y113.991 E933.65734
G0 F9000 X105.178 Y117.546
G0 X115.155 Y117.546
G0 X115.165 Y115.599
G0 X113.268 Y111.757
G0 X113.072 Y111.856
G1 F3000 X118.92 Y106.008 E933.93241
G0 F9000 X113.991 Y101.08
G1 F3000 X112.144 Y102.927 E934.01929
G0 F9000 X112.144 Y102.707
G0 X115.34 Y102.779
G0 X115.34 Y106.748
G0 X111.529 Y106.82
G0 X111.529 Y106.601
G1 F3000 X118.92 Y113.991 E934.36691
G0 F9000 X115.34 Y102.779
G0 X107.855 Y102.707
G0 X107.855 Y102.926
G1 F3000 X106.009 Y101.08 E934.45374
G1 F2700 E925.45374
G0 F9000 X109.168 Y102.807
G0 X109.168 Y104.964
;TYPE:SKIN
G1 F2700 E934.45374
G1 F1507.5 X113.554 Y104.962 E934.59889
G1 F1515.2 X113.554 Y104.566 E934.61193
G1 F1507.5 X109.046 Y104.564 E934.76112
G1 F1500 X109.168 Y104.964 E934.77503
G1 F2700 E925.77503
G0 F9000 X109.168 Y99.335
G0 X120.653 Y99.347
G0 X120.653 Y120.653
G0 X111.18 Y120.665
G0 X111.18 Y115.757
G1 F2700 E934.77503
G1 F1507.5 X111.054 Y115.359 E934.78885
G1 F1511.3 X106.962 Y115.362 E934.92393
G1 F1515.2 X106.962 Y115.758 E934.93696
G1 F1511.3 X111.18 Y115.757 E935.0762
G1 F2700 E926.0762
G0 F9000 X106.564 Y116.156
G1 F2700 E935.0762
G1 F1500 X113.764 Y116.156 E935.31568
G1 X113.764 Y115.937 E935.32296
G1 X108.502 Y105.652 E935.70721
G1 X108.507 Y105.458 E935.71367
G1 X108.645 Y105.362 E935.71926
G1 X113.952 Y105.36 E935.89577
G1 X113.952 Y104.168 E935.93542
G1 X106.483 Y104.165 E936.18384
G1 X106.481 Y104.388 E936.19125
G1 X111.727 Y114.673 E936.57526
G1 X111.722 Y114.864 E936.58162
G1 X111.583 Y114.962 E936.58727
G1 X106.564 Y114.964 E936.75421
G1 X106.564 Y116.156 E936.79385
G1 F2700 E927.79385
G0 F9000 X106.564 Y120.665
G0 X99.347 Y120.653
G0 X99.347 Y99.347
G0 X108.914 Y99.335
G0 X108.914 Y104.954
G1 F2700 E936.79385
G1 F1500 X108.326 Y104.366 E936.82151
G0 F9000 X107.76 Y104.366
G1 F1500 X108.58 Y105.186 E936.86008
G0 F9000 X108.331 Y105.502
G1 F1500 X107.194 Y104.365 E936.91356
G0 F9000 X106.763 Y104.5
G1 F1500 X108.658 Y106.395 E937.0027
G0 F9000 X109.25 Y107.553
G1 F1500 X107.352 Y105.654 E937.092
G0 F9000 X107.941 Y106.809
G1 F1500 X109.843 Y108.711 E937.18146
G0 F9000 X110.435 Y109.87
G1 F1500 X108.529 Y107.963 E937.27114
G0 F9000 X109.118 Y109.118
G1 F1500 X111.028 Y111.028 E937.36098
G0 F9000 X111.62 Y112.186
G1 F1500 X109.707 Y110.273 E937.45096
G0 F9000 X110.295 Y111.427
G1 F1500 X112.214 Y113.345 E937.5412
G0 F9000 X112.806 Y114.503
G1 F1500 X110.884 Y112.581 E937.6316
G0 F9000 X111.473 Y113.736
G1 F1500 X113.399 Y115.661 E937.72217
G0 F9000 X113.127 Y115.956
G1 F1500 X111.9 Y114.729 E937.77989
G0 F9000 X111.704 Y115.099
G1 F1500 X112.562 Y115.956 E937.82022
G0 F9000 X111.996 Y115.956
G1 F1500 X111.371 Y115.331 E937.84962
G0 F9000 X110.622 Y114.193
G1 F1421.8 X110.164 Y113.324 E937.88409
G1 F1401.9 X110.129 Y113.883 E937.90402
G1 F1382.5 X109.725 Y114.179 E937.9221
G1 F1405.2 X110.121 Y114.194 E937.93617
G1 F1445.8 X110.622 Y114.193 E937.95345
G0 F9000 X109.694 Y114.178
G1 F1333.3 X106.294 Y114.186 E938.08067
G1 F1224.5 X105.878 Y114.284 E938.09809
G1 F1153.8 X105.784 Y114.758 E938.11898
G1 F1252.6 X105.787 Y116.422 E938.18526
G1 F1224.5 X105.883 Y116.839 E938.20269
G1 F1151.6 X106.354 Y116.936 E938.22352
G1 F1197.6 X108.913 Y116.935 E938.33013
G1 F1244.8 X111.472 Y116.933 E938.43269
G1 F1298.7 X114.031 Y116.931 E938.53099
G1 F1260.5 X114.443 Y116.838 E938.54771
G1 F1265.8 X114.541 Y116.422 E938.56456
G1 F1345.3 X114.541 Y115.746 E938.58962
G1 F1351.4 X110.091 Y107.041 E938.95056
G0 F9000 X110.067 Y106.998
G1 F1401.9 X110.098 Y106.441 E938.97041
G1 F1382.5 X110.507 Y106.141 E938.98872
G1 F1401.9 X110.105 Y106.126 E939.00303
G1 F1442.3 X109.607 Y106.127 E939.02026
G1 F1421.8 X110.067 Y106.998 E939.05482
G0 F9000 X110.538 Y106.142
G1 F1330.4 X114.218 Y106.135 E939.19283
G1 F1257.9 X114.631 Y106.04 E939.20964
G1 F1260.5 X114.727 Y105.626 E939.22646
G1 F1250 X114.732 Y103.966 E939.29271
G1 F1136.4 X114.636 Y103.478 E939.31455
G1 X114.156 Y103.386 E939.336
G1 F1200 X111.507 Y103.386 E939.44614
G1 F1250 X108.858 Y103.386 E939.55186
G1 F1310 X106.209 Y103.387 E939.65274
G1 F1265.8 X105.794 Y103.482 E939.66952
G1 F1257.9 X105.7 Y103.96 E939.68885
G1 F1333.3 X105.704 Y104.57 E939.71167
G1 F1348.3 X110.141 Y113.28 E940.07337
G1 F2700 E931.07337
G0 F9000 X109.537 Y113.505
G0 X113.959 Y116.514
G1 F2700 E940.07337
G1 F1500 X106.404 Y116.516 E940.32465
G1 X106.262 Y116.458 E940.32975
G1 X106.206 Y116.351 E940.33376
G1 X106.204 Y114.804 E940.38522
G1 X106.262 Y114.662 E940.39032
G1 X106.369 Y114.606 E940.39434
G1 X111.289 Y114.603 E940.55798
G1 X106.122 Y104.478 E940.93605
G1 X106.12 Y104.004 E940.95182
G1 X106.178 Y103.862 E940.95692
G1 X106.285 Y103.806 E940.96094
G1 X114.112 Y103.808 E941.22126
G1 X114.253 Y103.866 E941.22633
G1 X114.312 Y104.008 E941.23145
G1 X114.31 Y105.555 E941.2829
G1 X114.254 Y105.662 E941.28692
G1 X114.147 Y105.718 E941.29094
G1 X108.943 Y105.72 E941.46402
G1 X114.119 Y115.848 E941.84232
G1 X114.122 Y116.351 E941.85905
G1 X114.066 Y116.458 E941.86307
G1 X113.959 Y116.514 E941.86708
G1 F2700 E932.86708
G0 F9000 X113.959 Y117.518
G0 X105.106 Y117.356
G0 X105.364 Y117.356
G1 F2700 E941.86708
G1 F1500 X114.964 Y117.356 E942.18638
G1 X114.964 Y115.645 E942.24329
G1 X110.466 Y106.852 E942.57179
G1 X110.473 Y106.655 E942.57835
G1 X110.609 Y106.562 E942.58383
G1 X115.152 Y106.56 E942.73493
G1 X115.152 Y102.964 E942.85453
G1 X105.28 Y102.964 E943.18287
G1 X105.28 Y104.675 E943.23978
G1 X109.767 Y113.473 E943.56826
G1 X109.759 Y113.669 E943.57479
G1 X109.623 Y113.762 E943.58027
G1 X105.364 Y113.764 E943.72192
G1 X105.364 Y117.356 E943.84139
G0 F9000 X104.806 Y117.356
;MESH:NONMESH
G0 F300 X104.806 Y117.356 Z17.9
G0 F9000 X119.53 Y119.53
G0 X119.8 Y119.8
;TIME_ELAPSED:1451.911659
;LAYER:89
;TYPE:WALL-OUTER
;MESH:xyzCalibration_cube.stl
G1 F1500 X119.8 Y100.2 E944.49329
G1 X100.2 Y100.2 E945.14519
G1 X100.2 Y119.8 E945.79709
G1 X119.8 Y119.8 E946.44899
G0 F9000 X119.4 Y119.4
;TYPE:WALL-INNER
G1 F1500 X119.4 Y100.6 E947.07428
G1 X100.6 Y100.6 E947.69957
G1 X100.6 Y119.4 E948.32486
G1 X119.4 Y119.4 E948.95015
G0 F9000 X119 Y119
G1 F1500 X119 Y101 E949.54883
G1 X101 Y101 E950.14752
G1 X101 Y119 E950.7462
G1 X119 Y119 E951.34488
G0 F9000 X114.192 Y118.92
;TYPE:FILL
G1 F3000 X112.67 Y117.398 E951.41647
G0 F9000 X112.67 Y117.618
G0 X105.178 Y117.546
G0 X105.178 Y113.577
G0 X108.997 Y113.505
G0 X108.997 Y113.725
G1 F3000 X101.08 Y105.807 E951.78889
G0 F9000 X106.851 Y108.323
G0 X107.047 Y108.224
G1 F3000 X101.08 Y114.191 E952.06955
G0 F9000 X105.807 Y118.92
G1 F3000 X107.329 Y117.398 E952.14114
G0 F9000 X107.329 Y117.618
G0 X115.155 Y117.546
G0 X115.165 Y115.599
G0 X113.2 Y111.624
G0 X113.004 Y111.723
G1 F3000 X118.92 Y105.807 E952.41942
G0 F9000 X114.192 Y101.08
G1 F3000 X112.344 Y102.927 E952.50632
G0 F9000 X112.344 Y102.707
G0 X115.34 Y102.779
G0 X115.34 Y106.748
G0 X111.328 Y106.82
G0 X111.328 Y106.601
G1 F3000 X118.92 Y114.192 E952.8634
G0 F9000 X115.34 Y102.779
G0 X107.654 Y102.707
G0 X107.654 Y102.926
G1 F3000 X105.808 Y101.08 E952.95023
G1 F2700 E943.95023
G0 F9000 X105.094 Y102.779
G0 X105.084 Y104.724
G0 X106.045 Y106.563
G0 X106.564 Y113.605
G0 X106.564 Y116.156
;TYPE:SKIN
G1 F2700 E952.95023
G1 F1500 X113.764 Y116.156 E953.1897
G1 X113.764 Y115.937 E953.19698
G1 X108.502 Y105.652 E953.58124
G1 X108.507 Y105.458 E953.58769
G1 X108.645 Y105.362 E953.59328
G1 X113.952 Y105.36 E953.76979
G1 X113.952 Y104.164 E953.80957
G1 X106.48 Y104.164 E954.05809
G1 X106.48 Y104.388 E954.06554
G1 X111.727 Y114.673 E954.44957
G1 X111.722 Y114.864 E954.45592
G1 X111.583 Y114.962 E954.46158
G1 X106.564 Y114.964 E954.62851
G1 X106.564 Y116.156 E954.66816
G1 F2700 E945.66816
G0 F9000 X106.564 Y120.665
G0 X99.347 Y120.653
G0 X99.347 Y99.347
G0 X106.865 Y99.335
G0 X106.865 Y104.701
G1 F2700 E954.66816
G1 F1500 X107.202 Y104.365 E954.68398
G0 F9000 X107.767 Y104.365
G1 F1500 X107.056 Y105.076 E954.71743
G0 F9000 X107.248 Y105.45
G1 F1500 X108.333 Y104.365 E954.76846
G0 F9000 X108.899 Y104.365
G1 F1500 X107.439 Y105.825 E954.83714
G0 F9000 X108.665 Y105.164
G1 F1500 X109.464 Y104.365 E954.87472
G0 F9000 X110.03 Y104.365
G1 F1500 X109.23 Y105.164 E954.91233
G0 F9000 X109.797 Y105.164
G1 F1500 X110.596 Y104.364 E954.94993
G0 F9000 X111.162 Y104.364
G1 F1500 X110.363 Y105.163 E954.98751
G0 F9000 X110.929 Y105.163
G1 F1500 X111.728 Y104.364 E955.0251
G0 F9000 X112.294 Y104.364
G1 F1500 X111.495 Y105.162 E955.06266
G0 F9000 X112.062 Y105.162
G1 F1500 X112.859 Y104.364 E955.10017
G0 F9000 X113.425 Y104.364
G1 F1500 X112.627 Y105.162 E955.1377
G0 F9000 X113.194 Y105.161
G1 F1500 X113.752 Y104.603 E955.16395
G1 F2700 E946.16395
G0 F9000 X108.33 Y105.499
G1 F2700 E955.16395
G1 F1500 X107.629 Y106.2 E955.19692
G0 F9000 X107.82 Y106.574
G1 F1500 X108.435 Y105.96 E955.22583
G0 F9000 X108.626 Y106.335
G1 F1500 X108.011 Y106.949 E955.25473
G0 F9000 X108.203 Y107.323
G1 F1500 X108.817 Y106.709 E955.28361
G0 F9000 X109.009 Y107.083
G1 F1500 X108.394 Y107.698 E955.31254
G0 F9000 X108.585 Y108.073
G1 F1500 X109.201 Y107.457 E955.34151
G0 F9000 X109.392 Y107.832
G1 F1500 X108.776 Y108.448 E955.37049
G0 F9000 X108.967 Y108.822
G1 F1500 X109.583 Y108.206 E955.39946
G0 F9000 X109.775 Y108.58
G1 F1500 X109.158 Y109.196 E955.42846
G0 F9000 X109.349 Y109.571
G1 F1500 X109.966 Y108.954 E955.45748
G0 F9000 X110.157 Y109.329
G1 F1500 X109.54 Y109.946 E955.48651
G0 F9000 X109.732 Y110.32
G1 F1500 X110.349 Y109.703 E955.51553
G0 F9000 X110.541 Y110.077
G1 F1500 X109.923 Y110.695 E955.5446
G0 F9000 X110.113 Y111.07
G1 F1500 X110.732 Y110.451 E955.57371
G0 F9000 X110.924 Y110.825
G1 F1500 X110.304 Y111.444 E955.60285
G0 F9000 X110.496 Y111.818
G1 F1500 X111.115 Y111.2 E955.63194
G0 F9000 X111.306 Y111.574
G1 F1500 X110.687 Y112.193 E955.66106
G0 F9000 X110.878 Y112.568
G1 F1500 X111.498 Y111.948 E955.69022
G0 F9000 X111.69 Y112.322
G1 F1500 X111.069 Y112.943 E955.71943
G0 F9000 X111.26 Y113.317
G1 F1500 X111.881 Y112.697 E955.74862
G0 F9000 X112.072 Y113.071
G1 F1500 X111.451 Y113.691 E955.77781
G0 F9000 X111.642 Y114.066
G1 F1500 X112.264 Y113.445 E955.80704
G0 F9000 X112.455 Y113.819
G1 F1500 X111.833 Y114.441 E955.8363
G1 F2700 E946.8363
G0 F9000 X107.151 Y115.164
G1 F2700 E955.8363
G1 F1500 X106.764 Y115.55 E955.85448
G0 F9000 X106.924 Y115.956
G1 F1500 X107.717 Y115.163 E955.89178
G0 F9000 X108.284 Y115.162
G1 F1500 X107.489 Y115.956 E955.92915
G0 F9000 X108.055 Y115.956
G1 F1500 X108.85 Y115.162 E955.96652
G0 F9000 X109.416 Y115.162
G1 F1500 X108.621 Y115.956 E956.00389
G0 F9000 X109.186 Y115.956
G1 F1500 X109.982 Y115.161 E956.04131
G0 F9000 X110.548 Y115.16
G1 F1500 X109.752 Y115.956 E956.07875
G0 F9000 X110.318 Y115.956
G1 F1500 X111.115 Y115.159 E956.11624
G0 F9000 X111.83 Y115.01
G1 F1500 X110.884 Y115.956 E956.16073
G0 F9000 X111.896 Y114.944
G1 F1500 X112.646 Y114.194 E956.19601
G0 F9000 X112.838 Y114.568
G1 F1500 X111.449 Y115.956 E956.26132
G0 F9000 X112.015 Y115.956
G1 F1500 X113.03 Y114.942 E956.30904
G0 F9000 X113.221 Y115.316
G1 F1500 X112.581 Y115.956 E956.33914
G0 F9000 X113.146 Y115.956
G1 F1500 X113.413 Y115.69 E956.35168
G0 F9000 X113.959 Y116.514
G1 F1500 X106.404 Y116.516 E956.60296
G1 X106.262 Y116.458 E956.60806
G1 X106.206 Y116.351 E956.61208
G1 X106.204 Y114.804 E956.66353
G1 X106.262 Y114.662 E956.66863
G1 X106.369 Y114.606 E956.67265
G1 X111.289 Y114.604 E956.83629
G1 X106.122 Y104.482 E957.21428
G1 X106.12 Y104.004 E957.23017
G1 X106.178 Y103.862 E957.23528
G1 X106.285 Y103.806 E957.23929
G1 X114.112 Y103.804 E957.49962
G1 X114.254 Y103.862 E957.50472
G1 X114.312 Y104.004 E957.50982
G1 X114.31 Y105.555 E957.56141
G1 X114.254 Y105.662 E957.56543
G1 X114.147 Y105.718 E957.56944
G1 X108.943 Y105.72 E957.74253
G1 X114.119 Y115.848 E958.12083
G1 X114.122 Y116.351 E958.13756
G1 X114.066 Y116.458 E958.14158
G1 X113.959 Y116.514 E958.14559
G1 F2700 E949.14559
G0 F9000 X110.624 Y114.192
G1 F2700 E958.14559
G1 F1442.3 X110.386 Y113.727 E958.16366
G1 F1418.4 X110.165 Y113.322 E958.17989
G1 F1395.3 X110.13 Y113.883 E958.19999
G1 F1382.5 X109.725 Y114.179 E958.21809
G1 F1401.9 X110.121 Y114.193 E958.23219
G1 F1442.3 X110.624 Y114.192 E958.24959
G0 F9000 X109.694 Y114.178
G1 F1333.3 X106.294 Y114.186 E958.37681
G1 F1224.5 X105.878 Y114.284 E958.39422
G1 F1153.8 X105.784 Y114.758 E958.41512
G1 F1252.6 X105.787 Y116.422 E958.48139
G1 F1224.5 X105.883 Y116.839 E958.49883
G1 F1151.6 X106.354 Y116.936 E958.51966
G1 F1197.6 X108.913 Y116.935 E958.62627
G1 F1244.8 X111.472 Y116.933 E958.72883
G1 F1298.7 X114.031 Y116.931 E958.82713
G1 F1260.5 X114.443 Y116.838 E958.84385
G1 F1265.8 X114.541 Y116.422 E958.86069
G1 F1345.3 X114.541 Y115.746 E958.88576
G1 F1351.4 X110.091 Y107.041 E959.2467
G0 F9000 X110.067 Y106.998
G1 F1401.9 X110.098 Y106.441 E959.26655
G1 F1382.5 X110.507 Y106.141 E959.28486
G1 F1401.9 X110.105 Y106.126 E959.29917
G1 F1442.3 X109.607 Y106.127 E959.3164
G1 F1421.8 X110.067 Y106.998 E959.35096
G0 F9000 X110.538 Y106.142
G1 F1330.4 X114.218 Y106.135 E959.48896
G1 F1257.9 X114.631 Y106.04 E959.50577
G1 F1260.5 X114.727 Y105.626 E959.52259
G1 F1252.6 X114.732 Y103.961 E959.58891
G1 F1181.1 X114.638 Y103.473 E959.6099
G1 F1265.8 X114.108 Y103.384 E959.63108
G1 F1351.4 X106.21 Y103.387 E959.92267
G1 F1265.8 X105.794 Y103.482 E959.93949
G1 F1260.5 X105.7 Y103.96 E959.95877
G1 F1336.3 X105.704 Y104.57 E959.98154
G1 F1348.3 X110.142 Y113.279 E960.34322
G0 F9000 X109.536 Y113.587
G0 X105.178 Y113.577
G0 X105.106 Y117.356
G0 X105.364 Y117.356
G1 F1500 X114.964 Y117.356 E960.66252
G1 X114.964 Y115.645 E960.71943
G1 X110.466 Y106.852 E961.04792
G1 X110.473 Y106.655 E961.05448
G1 X110.609 Y106.562 E961.05996
G1 X115.152 Y106.56 E961.21106
G1 X115.152 Y102.964 E961.33067
G1 X105.28 Y102.964 E961.65901
G1 X105.28 Y104.675 E961.71592
G1 X109.767 Y113.473 E962.0444
G1 X109.759 Y113.669 E962.05092
G1 X109.623 Y113.762 E962.0564
G1 X105.364 Y113.764 E962.19806
G1 X105.364 Y117.356 E962.31753
G0 F9000 X104.806 Y117.356
G1 F2700 E953.31753
;MESH:NONMESH
G0 F300 X104.806 Y117.356 Z18.1
G0 F9000 X105.178 Y117.546
G0 X113.983 Y117.518
G0 X113.959 Y116.513
;TIME_ELAPSED:1487.756685
;LAYER:90
;TYPE:WALL-OUTER
;MESH:xyzCalibration_cube.stl
G1 F2700 E962.31753
G1 F1500 X106.344 Y116.516 E962.5708
G1 X106.258 Y116.453 E962.57435
G1 X106.206 Y116.345 E962.57834
G1 X106.21 Y114.753 E962.63129
G1 X106.254 Y114.67 E962.63441
G1 X106.356 Y114.609 E962.63836
G1 X111.289 Y114.604 E962.80244
G1 X106.125 Y104.472 E963.18067
G1 X106.126 Y103.954 E963.1979
G1 X106.185 Y103.856 E963.20171
G1 X106.285 Y103.806 E963.20543
G1 X114.161 Y103.808 E963.46738
G1 X114.312 Y103.957 E963.47444
G1 X114.31 Y105.555 E963.52759
G1 X114.2 Y105.717 E963.5341
G1 X108.943 Y105.72 E963.70895
G1 X114.119 Y115.848 E964.08725
G1 X114.122 Y116.351 E964.10398
G1 X114.064 Y116.459 E964.10806
G1 X113.959 Y116.513 E964.11198
G1 F2700 E955.11198
G0 F9000 X113.958 Y117.217
G0 X119.53 Y119.53
G0 X119.8 Y119.8
G1 F2700 E964.11198
G1 F1500 X119.8 Y100.2 E964.76388
G1 X100.2 Y100.2 E965.41578
G1 X100.2 Y119.8 E966.06768
G1 X119.8 Y119.8 E966.71958
G0 F9000 X119.4 Y119.4
;TYPE:WALL-INNER
G1 F1500 X119.4 Y100.6 E967.34487
G1 X100.6 Y100.6 E967.97016
G1 X100.6 Y119.4 E968.59545
G1 X119.4 Y119.4 E969.22074
G0 F9000 X119 Y119
G1 F1500 X119 Y101 E969.81942
G1 X101 Y101 E970.41811
G1 X101 Y119 E971.01679
G1 X119 Y119 E971.61547
G0 F9000 X106.154 Y117.217
G0 X106.155 Y116.863
G1 F1500 X105.966 Y116.727 E971.62322
G1 X105.856 Y116.561 E971.62984
G1 X105.81 Y116.403 E971.63531
G1 X105.804 Y114.699 E971.69199
G1 X105.956 Y114.404 E971.70303
G1 X106.149 Y114.26 E971.71103
G1 X106.404 Y114.204 E971.71972
G1 X110.636 Y114.204 E971.86047
G1 X105.72 Y104.57 E972.22021
G1 X105.72 Y103.899 E972.24253
G1 X105.798 Y103.707 E972.24942
G1 X105.915 Y103.561 E972.25564
G1 X106.244 Y103.404 E972.26777
G1 X114.113 Y103.408 E972.52949
G1 X114.321 Y103.445 E972.53652
G1 X114.493 Y103.543 E972.5431
G1 X114.68 Y103.813 E972.55403
G1 X114.712 Y104.008 E972.5606
G1 X114.712 Y105.633 E972.61465
G1 X114.626 Y105.831 E972.62183
G1 X114.428 Y106.031 E972.63119
G1 X114.19 Y106.12 E972.63964
G1 X109.597 Y106.12 E972.7924
G1 X114.524 Y115.749 E973.15215
G1 X114.524 Y116.396 E973.17367
G1 X114.459 Y116.589 E973.18045
G1 X114.344 Y116.745 E973.18689
G1 X114.159 Y116.869 E973.1943
G1 X113.997 Y116.916 E973.19991
G1 X106.404 Y116.916 E973.45245
G1 X106.155 Y116.863 E973.46092
G0 F9000 X106.154 Y117.217
G0 X114.046 Y117.316
G1 F1500 X106.404 Y117.316 E973.7151
G1 X105.99 Y117.227 E973.72918
G1 X105.675 Y117.001 E973.74207
G1 X105.491 Y116.725 E973.75311
G1 X105.404 Y116.427 E973.76343
G1 X105.404 Y114.804 E973.81741
G1 X105.435 Y114.553 E973.82583
G1 X105.525 Y114.326 E973.83395
G1 X105.814 Y113.996 E973.84854
G1 X106.167 Y113.832 E973.86148
G1 X106.404 Y113.804 E973.86942
G1 X109.983 Y113.804 E973.98846
G1 X105.429 Y104.879 E974.32172
G1 X105.32 Y104.586 E974.33211
G1 X105.32 Y103.833 E974.35716
G1 X105.45 Y103.51 E974.36874
G1 X105.645 Y103.265 E974.37915
G1 X105.946 Y103.076 E974.39097
G1 X106.196 Y103.004 E974.39963
G1 X114.113 Y103.008 E974.66295
G1 X114.459 Y103.069 E974.67463
G1 X114.746 Y103.234 E974.68564
G1 X114.945 Y103.453 E974.69549
G1 X115.058 Y103.683 E974.70401
G1 X115.112 Y104.008 E974.71497
G1 X115.112 Y105.52 E974.76526
G1 X115.075 Y105.794 E974.77445
G1 X114.969 Y106.038 E974.7833
G1 X114.815 Y106.232 E974.79154
G1 X114.459 Y106.459 E974.80558
G1 X114.112 Y106.52 E974.8173
G1 X110.251 Y106.52 E974.94572
G1 X114.815 Y115.44 E975.27898
G1 X114.924 Y115.733 E975.28938
G1 X114.924 Y116.46 E975.31356
G1 X114.815 Y116.771 E975.32452
G1 X114.624 Y117.031 E975.33525
G1 X114.316 Y117.237 E975.34757
G1 X114.046 Y117.316 E975.35693
G0 F9000 X112.868 Y117.396
;TYPE:FILL
G1 F3000 X114.391 Y118.92 E975.42859
G0 F9000 X118.92 Y114.391
G1 F3000 X111.128 Y106.6 E975.79508
G0 F9000 X114.94 Y106.348
G0 X114.94 Y103.18
G0 X112.544 Y102.927
G1 F3000 X114.391 Y101.08 E975.88195
G0 F9000 X118.92 Y105.608
G1 F3000 X112.936 Y111.591 E976.1634
G0 F9000 X114.765 Y115.696
G0 X114.755 Y117.146
G0 X105.577 Y117.145
G0 X105.58 Y113.977
G0 X109.196 Y113.724
G1 F3000 X101.08 Y105.608 E976.54515
G0 F9000 X105.609 Y101.08
G1 F3000 X107.452 Y102.924 E976.63186
G0 F9000 X105.497 Y103.179
G0 X105.484 Y104.627
G0 X107.113 Y108.358
G1 F3000 X101.08 Y114.391 E976.91564
G0 F9000 X105.608 Y118.92
G1 F3000 X107.132 Y117.396 E976.98732
G0 F9000 X107.132 Y117.517
;MESH:NONMESH
G0 F300 X107.132 Y117.517 Z18.3
G0 F9000 X113.958 Y117.217
G0 X113.959 Y116.513
;TIME_ELAPSED:1510.100500
;LAYER:91
;TYPE:WALL-OUTER
;MESH:xyzCalibration_cube.stl
G1 F1500 X106.344 Y116.516 E977.2406
G1 X106.258 Y116.453 E977.24414
G1 X106.206 Y116.345 E977.24813
G1 X106.21 Y114.753 E977.30108
G1 X106.342 Y114.604 E977.3077
G1 X111.289 Y114.604 E977.47224
G1 X106.125 Y104.476 E977.85036
G1 X106.126 Y103.954 E977.86772
G1 X106.185 Y103.856 E977.87152
G1 X106.285 Y103.806 E977.87524
G1 X114.161 Y103.804 E978.1372
G1 X114.312 Y103.953 E978.14426
G1 X114.31 Y105.555 E978.19754
G1 X114.2 Y105.717 E978.20405
G1 X108.943 Y105.72 E978.3789
G1 X114.119 Y115.848 E978.7572
G1 X114.122 Y116.351 E978.77393
G1 X114.064 Y116.459 E978.77801
G1 X113.959 Y116.513 E978.78193
G1 F2700 E969.78193
G0 F9000 X113.959 Y117.218
G0 X119.53 Y119.53
G0 X119.8 Y119.8
G1 F2700 E978.78193
G1 F1500 X119.8 Y100.2 E979.43383
G1 X100.2 Y100.2 E980.08573
G1 X100.2 Y119.8 E980.73763
G1 X119.8 Y119.8 E981.38953
G0 F9000 X119.4 Y119.4
;TYPE:WALL-INNER
G1 F1500 X119.4 Y100.6 E982.01482
G1 X100.6 Y100.6 E982.64011
G1 X100.6 Y119.4 E983.2654
G1 X119.4 Y119.4 E983.89069
G0 F9000 X119 Y119
G1 F1500 X119 Y101 E984.48937
G1 X101 Y101 E985.08806
G1 X101 Y119 E985.68674
G1 X119 Y119 E986.28542
G0 F9000 X106.155 Y117.218
G0 X106.155 Y116.863
G1 F1500 X105.966 Y116.727 E986.29316
G1 X105.856 Y116.561 E986.29979
G1 X105.81 Y116.403 E986.30526
G1 X105.804 Y114.699 E986.36194
G1 X105.956 Y114.404 E986.37297
G1 X106.148 Y114.26 E986.38096
G1 X106.404 Y114.204 E986.38967
G1 X110.635 Y114.204 E986.5304
G1 X105.72 Y104.574 E986.89
G1 X105.72 Y103.899 E986.91245
G1 X105.798 Y103.707 E986.91934
G1 X105.915 Y103.561 E986.92556
G1 X106.244 Y103.404 E986.93769
G1 X114.112 Y103.404 E987.19938
G1 X114.32 Y103.441 E987.20641
G1 X114.493 Y103.54 E987.21304
G1 X114.68 Y103.809 E987.22393
G1 X114.712 Y104.004 E987.2305
G1 X114.712 Y105.633 E987.28468
G1 X114.626 Y105.831 E987.29186
G1 X114.428 Y106.031 E987.30123
G1 X114.199 Y106.12 E987.3094
G1 X109.597 Y106.12 E987.46246
G1 X114.524 Y115.749 E987.82221
G1 X114.524 Y116.396 E987.84373
G1 X114.459 Y116.589 E987.85051
G1 X114.344 Y116.745 E987.85695
G1 X114.159 Y116.869 E987.86436
G1 X113.997 Y116.916 E987.86997
G1 X106.404 Y116.916 E988.12251
G1 X106.155 Y116.863 E988.13098
G0 F9000 X106.155 Y117.218
G0 X114.046 Y117.316
G1 F1500 X106.404 Y117.316 E988.38515
G1 X105.99 Y117.227 E988.39924
G1 X105.675 Y117.001 E988.41213
G1 X105.491 Y116.725 E988.42317
G1 X105.404 Y116.427 E988.43349
G1 X105.404 Y114.804 E988.48747
G1 X105.435 Y114.553 E988.49588
G1 X105.525 Y114.326 E988.50401
G1 X105.657 Y114.138 E988.51165
G1 X105.978 Y113.898 E988.52498
G1 X106.404 Y113.804 E988.53949
G1 X109.982 Y113.804 E988.65849
G1 X105.429 Y104.883 E988.99161
G1 X105.32 Y104.591 E989.00198
G1 X105.32 Y103.833 E989.02719
G1 X105.45 Y103.51 E989.03877
G1 X105.645 Y103.266 E989.04916
G1 X105.946 Y103.076 E989.061
G1 X106.196 Y103.004 E989.06965
G1 X114.112 Y103.004 E989.33294
G1 X114.459 Y103.065 E989.34466
G1 X114.747 Y103.23 E989.3557
G1 X114.946 Y103.45 E989.36557
G1 X115.059 Y103.68 E989.37409
G1 X115.112 Y104.004 E989.38501
G1 X115.112 Y105.52 E989.43543
G1 X115.075 Y105.794 E989.44463
G1 X114.969 Y106.038 E989.45347
G1 X114.815 Y106.232 E989.46171
G1 X114.459 Y106.459 E989.47576
G1 X114.112 Y106.52 E989.48747
G1 X110.251 Y106.52 E989.61589
G1 X114.815 Y115.44 E989.94915
G1 X114.924 Y115.733 E989.95955
G1 X114.924 Y116.46 E989.98373
G1 X114.815 Y116.771 E989.99469
G1 X114.624 Y117.031 E990.00542
G1 X114.316 Y117.237 E990.01774
G1 X114.046 Y117.316 E990.0271
G0 F9000 X113.068 Y117.396
;TYPE:FILL
G1 F3000 X114.592 Y118.92 E990.09879
G0 F9000 X118.92 Y114.592
G1 F3000 X110.927 Y106.6 E990.47473
G0 F9000 X114.94 Y106.348
G0 X114.94 Y103.179
G0 X112.747 Y102.924
G1 F3000 X114.592 Y101.08 E990.56149
G0 F9000 X118.92 Y105.407
G1 F3000 X112.868 Y111.458 E990.84613
G0 F9000 X114.765 Y115.696
G0 X114.755 Y117.146
G0 X105.578 Y117.146
G0 X105.578 Y113.977
G0 X109.396 Y113.724
G1 F3000 X101.08 Y105.407 E991.23731
G0 F9000 X105.408 Y101.08
G1 F3000 X107.251 Y102.924 E991.32403
G0 F9000 X105.494 Y103.179
G0 X105.484 Y104.628
G0 X107.18 Y108.492
G1 F3000 X101.08 Y114.592 E991.61095
G0 F9000 X105.407 Y118.92
G1 F3000 X106.931 Y117.396 E991.68264
G0 F9000 X106.931 Y117.518
;MESH:NONMESH
G0 F300 X106.931 Y117.518 Z18.5
G0 F9000 X113.959 Y117.218
G0 X113.959 Y116.513
;TIME_ELAPSED:1532.167078
;LAYER:92
;TYPE:WALL-OUTER
;MESH:xyzCalibration_cube.stl
G1 F1500 X106.344 Y116.516 E991.93591
G1 X106.258 Y116.453 E991.93946
G1 X106.206 Y116.345 E991.94345
G1 X106.21 Y114.753 E991.9964
G1 X106.342 Y114.604 E992.00302
G1 X111.289 Y114.604 E992.16755
G1 X106.125 Y104.476 E992.54567
G1 X106.126 Y103.954 E992.56303
G1 X106.185 Y103.856 E992.56684
G1 X106.285 Y103.806 E992.57056
G1 X114.161 Y103.804 E992.83251
G1 X114.312 Y103.953 E992.83957
G1 X114.31 Y105.555 E992.89285
G1 X114.2 Y105.717 E992.89937
G1 X108.943 Y105.72 E993.07421
G1 X114.119 Y115.848 E993.45251
G1 X114.122 Y116.351 E993.46924
G1 X114.064 Y116.459 E993.47332
G1 X113.959 Y116.513 E993.47725
G1 F2700 E984.47725
G0 F9000 X113.959 Y117.218
G0 X119.53 Y119.53
G0 X119.8 Y119.8
G1 F2700 E993.47725
G1 F1500 X119.8 Y100.2 E994.12915
G1 X100.2 Y100.2 E994.78105
G1 X100.2 Y119.8 E995.43295
G1 X119.8 Y119.8 E996.08484
G0 F9000 X119.4 Y119.4
;TYPE:WALL-INNER
G1 F1500 X119.4 Y100.6 E996.71013
G1 X100.6 Y100.6 E997.33542
G1 X100.6 Y119.4 E997.96072
G1 X119.4 Y119.4 E998.58601
G0 F9000 X119 Y119
G1 F1500 X119 Y101 E999.18469
G1 X101 Y101 E999.78337
G1 X101 Y119 E1000.38205
G1 X119 Y119 E1000.98074
G0 F9000 X106.155 Y117.218
G0 X106.155 Y116.863
G1 F1500 X105.966 Y116.727 E1000.98848
G1 X105.856 Y116.561 E1000.9951
G1 X105.81 Y116.403 E1001.00058
G1 X105.804 Y114.699 E1001.05725
G1 X105.956 Y114.404 E1001.06829
G1 X106.148 Y114.26 E1001.07627
G1 X106.404 Y114.204 E1001.08499
G1 X110.635 Y114.204 E1001.22571
G1 X105.72 Y104.574 E1001.58531
G1 X105.72 Y103.899 E1001.60776
G1 X105.798 Y103.707 E1001.61466
G1 X105.915 Y103.561 E1001.62088
G1 X106.244 Y103.404 E1001.633
G1 X114.112 Y103.404 E1001.89469
G1 X114.32 Y103.441 E1001.90172
G1 X114.493 Y103.54 E1001.90835
G1 X114.68 Y103.809 E1001.91925
G1 X114.712 Y104.004 E1001.92582
G1 X114.712 Y105.633 E1001.98
G1 X114.626 Y105.831 E1001.98718
G1 X114.428 Y106.031 E1001.99654
G1 X114.19 Y106.12 E1002.00499
G1 X109.597 Y106.12 E1002.15776
G1 X114.524 Y115.749 E1002.51751
G1 X114.524 Y116.396 E1002.53903
G1 X114.459 Y116.589 E1002.5458
G1 X114.344 Y116.745 E1002.55225
G1 X114.159 Y116.869 E1002.55965
G1 X113.997 Y116.916 E1002.56526
G1 X106.404 Y116.916 E1002.81781
G1 X106.155 Y116.863 E1002.82628
G0 F9000 X106.155 Y117.218
G0 X114.046 Y117.316
G1 F1500 X106.404 Y117.316 E1003.08045
G1 X105.99 Y117.227 E1003.09453
G1 X105.675 Y117.001 E1003.10743
G1 X105.491 Y116.725 E1003.11846
G1 X105.404 Y116.427 E1003.12879
G1 X105.404 Y114.804 E1003.18277
G1 X105.435 Y114.553 E1003.19118
G1 X105.525 Y114.326 E1003.1993
G1 X105.657 Y114.138 E1003.20694
G1 X105.978 Y113.898 E1003.22027
G1 X106.404 Y113.804 E1003.23478
G1 X109.982 Y113.804 E1003.35379
G1 X105.429 Y104.883 E1003.68691
G1 X105.32 Y104.591 E1003.69728
G1 X105.32 Y103.833 E1003.72249
G1 X105.45 Y103.51 E1003.73407
G1 X105.645 Y103.266 E1003.74446
G1 X105.946 Y103.076 E1003.7563
G1 X106.196 Y103.004 E1003.76495
G1 X114.112 Y103.004 E1004.02824
G1 X114.459 Y103.065 E1004.03995
G1 X114.747 Y103.23 E1004.05099
G1 X114.946 Y103.45 E1004.06086
G1 X115.059 Y103.68 E1004.06938
G1 X115.112 Y104.004 E1004.0803
G1 X115.112 Y105.52 E1004.13073
G1 X115.075 Y105.794 E1004.13992
G1 X114.969 Y106.038 E1004.14877
G1 X114.815 Y106.232 E1004.15701
G1 X114.459 Y106.459 E1004.17105
G1 X114.112 Y106.52 E1004.18277
G1 X110.251 Y106.52 E1004.31119
G1 X114.815 Y115.44 E1004.64445
G1 X114.924 Y115.733 E1004.65484
G1 X114.924 Y116.46 E1004.67903
G1 X114.815 Y116.771 E1004.68999
G1 X114.624 Y117.031 E1004.70072
G1 X114.316 Y117.237 E1004.71304
G1 X114.046 Y117.316 E1004.7224
G0 F9000 X113.268 Y117.396
;TYPE:FILL
G1 F3000 X114.792 Y118.92 E1004.79408
G0 F9000 X118.92 Y114.792
G1 F3000 X110.728 Y106.6 E1005.17941
G0 F9000 X114.94 Y106.348
G0 X114.94 Y103.179
G0 X105.494 Y103.179
G0 X105.484 Y104.628
G0 X107.248 Y108.624
G1 F3000 X101.08 Y114.791 E1005.46951
G0 F9000 X105.208 Y118.92
G1 F3000 X106.731 Y117.396 E1005.54117
G0 F9000 X105.578 Y117.146
G0 X105.578 Y113.977
G0 X109.596 Y113.724
G1 F3000 X101.08 Y105.208 E1005.94174
G0 F9000 X105.208 Y101.08
G1 F3000 X107.052 Y102.924 E1006.02847
G0 F9000 X112.947 Y102.924
G1 F3000 X114.792 Y101.08 E1006.11523
G0 F9000 X118.92 Y105.208
G1 F3000 X112.801 Y111.327 E1006.40305
G0 F9000 X112.909 Y111.274
;MESH:NONMESH
G0 F300 X112.909 Y111.274 Z18.7
G0 F9000 X114.765 Y115.696
G0 X114.755 Y117.146
G0 X113.959 Y117.218
G0 X113.959 Y116.513
;TIME_ELAPSED:1554.135286
;LAYER:93
;TYPE:WALL-OUTER
;MESH:xyzCalibration_cube.stl
G1 F1500 X106.344 Y116.516 E1006.65633
G1 X106.258 Y116.453 E1006.65987
G1 X106.206 Y116.345 E1006.66386
G1 X106.21 Y114.753 E1006.71681
G1 X106.342 Y114.604 E1006.72343
G1 X111.289 Y114.604 E1006.88797
G1 X106.125 Y104.476 E1007.26609
G1 X106.126 Y103.954 E1007.28345
G1 X106.185 Y103.856 E1007.28725
G1 X106.285 Y103.806 E1007.29097
G1 X114.161 Y103.804 E1007.55293
G1 X114.312 Y103.953 E1007.55998
G1 X114.31 Y105.555 E1007.61327
G1 X114.2 Y105.717 E1007.61978
G1 X108.943 Y105.72 E1007.79463
G1 X114.119 Y115.848 E1008.17293
G1 X114.122 Y116.351 E1008.18966
G1 X114.064 Y116.459 E1008.19374
G1 X113.959 Y116.513 E1008.19766
G1 F2700 E999.19766
G0 F9000 X113.959 Y117.218
G0 X114.755 Y117.146
G0 X114.976 Y116.853
G0 X114.976 Y118.8
G0 X119.8 Y119.8
G1 F2700 E1008.19766
G1 F1500 X119.8 Y100.2 E1008.84956
G1 X100.2 Y100.2 E1009.50146
G1 X100.2 Y119.8 E1010.15336
G1 X119.8 Y119.8 E1010.80526
G0 F9000 X119.4 Y119.4
;TYPE:WALL-INNER
G1 F1500 X119.4 Y100.6 E1011.43055
G1 X100.6 Y100.6 E1012.05584
G1 X100.6 Y119.4 E1012.68113
G1 X119.4 Y119.4 E1013.30642
G0 F9000 X119 Y119
G1 F1500 X119 Y101 E1013.9051
G1 X101 Y101 E1014.50378
G1 X101 Y119 E1015.10247
G1 X119 Y119 E1015.70115
G1 F2700 E1006.70115
G0 F9000 X106.155 Y118.8
G0 X106.406 Y117.497
G0 X106.155 Y117.218
G0 X106.155 Y116.863
G1 F2700 E1015.70115
G1 F1500 X105.966 Y116.727 E1015.70889
G1 X105.856 Y116.561 E1015.71552
G1 X105.81 Y116.403 E1015.72099
G1 X105.804 Y114.699 E1015.77767
G1 X105.956 Y114.404 E1015.7887
G1 X106.148 Y114.26 E1015.79669
G1 X106.404 Y114.204 E1015.8054
G1 X110.635 Y114.204 E1015.94613
G1 X105.72 Y104.574 E1016.30573
G1 X105.72 Y103.899 E1016.32818
G1 X105.798 Y103.707 E1016.33507
G1 X105.915 Y103.561 E1016.34129
G1 X106.244 Y103.404 E1016.35342
G1 X114.112 Y103.404 E1016.61511
G1 X114.32 Y103.441 E1016.62213
G1 X114.493 Y103.54 E1016.62876
G1 X114.68 Y103.809 E1016.63966
G1 X114.712 Y104.004 E1016.64623
G1 X114.712 Y105.633 E1016.70041
G1 X114.626 Y105.831 E1016.70759
G1 X114.428 Y106.031 E1016.71695
G1 X114.199 Y106.12 E1016.72513
G1 X109.597 Y106.12 E1016.87819
G1 X114.524 Y115.749 E1017.23794
G1 X114.524 Y116.396 E1017.25946
G1 X114.459 Y116.589 E1017.26623
G1 X114.344 Y116.745 E1017.27268
G1 X114.159 Y116.869 E1017.28009
G1 X113.997 Y116.916 E1017.2857
G1 X106.404 Y116.916 E1017.53824
G1 X106.155 Y116.863 E1017.54671
G0 F9000 X106.155 Y117.218
G0 X114.046 Y117.316
G1 F1500 X106.404 Y117.316 E1017.80088
G1 X105.99 Y117.227 E1017.81497
G1 X105.675 Y117.001 E1017.82786
G1 X105.491 Y116.725 E1017.83889
G1 X105.404 Y116.427 E1017.84922
G1 X105.404 Y114.804 E1017.9032
G1 X105.435 Y114.553 E1017.91161
G1 X105.525 Y114.326 E1017.91973
G1 X105.657 Y114.138 E1017.92738
G1 X105.978 Y113.898 E1017.94071
G1 X106.404 Y113.804 E1017.95522
G1 X109.982 Y113.804 E1018.07422
G1 X105.429 Y104.883 E1018.40734
G1 X105.32 Y104.591 E1018.41771
G1 X105.32 Y103.833 E1018.44292
G1 X105.45 Y103.51 E1018.4545
G1 X105.645 Y103.266 E1018.46489
G1 X105.946 Y103.076 E1018.47673
G1 X106.196 Y103.004 E1018.48538
G1 X114.112 Y103.004 E1018.74867
G1 X114.459 Y103.065 E1018.76039
G1 X114.747 Y103.23 E1018.77143
G1 X114.946 Y103.45 E1018.78129
G1 X115.059 Y103.68 E1018.78982
G1 X115.112 Y104.004 E1018.80074
G1 X115.112 Y105.52 E1018.85116
G1 X115.075 Y105.794 E1018.86036
G1 X114.969 Y106.038 E1018.8692
G1 X114.815 Y106.232 E1018.87744
G1 X114.459 Y106.459 E1018.89148
G1 X114.112 Y106.52 E1018.9032
G1 X110.251 Y106.52 E1019.03162
G1 X114.815 Y115.44 E1019.36488
G1 X114.924 Y115.733 E1019.37528
G1 X114.924 Y116.46 E1019.39946
G1 X114.815 Y116.771 E1019.41042
G1 X114.624 Y117.031 E1019.42115
G1 X114.316 Y117.237 E1019.43347
G1 X114.046 Y117.316 E1019.44283
G0 F9000 X114.099 Y117.674
;TYPE:SKIN
G1 F1500 X106.364 Y117.672 E1019.7001
G1 X105.843 Y117.556 E1019.71785
G1 X105.405 Y117.251 E1019.7356
G1 X105.158 Y116.87 E1019.7507
G1 X105.046 Y116.478 E1019.76426
G1 X105.045 Y114.779 E1019.82077
G1 X105.093 Y114.438 E1019.83223
G1 X105.197 Y114.174 E1019.84166
G1 X105.376 Y113.912 E1019.85222
G1 X105.607 Y113.695 E1019.86276
G1 X106.073 Y113.481 E1019.87981
G1 X106.385 Y113.445 E1019.89026
G1 X109.393 Y113.444 E1019.99031
G1 X105.095 Y105.02 E1020.30485
G1 X104.999 Y104.743 E1020.3146
G1 X104.961 Y104.441 E1020.32473
G1 X104.961 Y103.979 E1020.34009
G1 X105.002 Y103.666 E1020.35059
G1 X105.131 Y103.332 E1020.3625
G1 X105.401 Y102.992 E1020.37694
G1 X105.827 Y102.735 E1020.39349
G1 X106.139 Y102.644 E1020.4043
G1 X114.144 Y102.647 E1020.67054
G1 X114.583 Y102.725 E1020.68537
G1 X114.975 Y102.95 E1020.70041
G1 X115.249 Y103.247 E1020.71385
G1 X115.398 Y103.559 E1020.72535
G1 X115.47 Y103.97 E1020.73923
G1 X115.47 Y105.542 E1020.79151
G1 X115.422 Y105.871 E1020.80257
G1 X115.28 Y106.221 E1020.81513
G1 X115.048 Y106.506 E1020.82735
G1 X114.844 Y106.666 E1020.83598
G1 X114.586 Y106.792 E1020.84553
G1 X114.145 Y106.877 E1020.86046
G1 X110.839 Y106.88 E1020.97042
G1 X115.135 Y115.276 E1021.28411
G1 X115.236 Y115.541 E1021.29354
G1 X115.283 Y115.879 E1021.30489
G1 X115.282 Y116.515 E1021.32604
G1 X115.136 Y116.933 E1021.34077
G1 X114.875 Y117.289 E1021.35545
G1 X114.462 Y117.567 E1021.37201
G1 X114.099 Y117.674 E1021.3846
G0 F9000 X114.15 Y118.154
G1 F1054.5 X106.36 Y118.158 E1021.75316
G1 F1036.3 X106.186 Y118.142 E1021.76157
G1 F2700 E1012.76157
G0 F9000 X106.346 Y117.402
G0 X114.068 Y117.497
G0 X114.068 Y118.8
G0 X118.9 Y118.64
G0 X118.64 Y118.64
G1 F2700 E1021.76157
G1 F1500 X118.64 Y101.36 E1022.33631
G1 X101.361 Y101.361 E1022.91101
G1 X101.36 Y118.64 E1023.48571
G1 X118.64 Y118.64 E1024.06045
G0 F9000 X118.017 Y118.44
G1 F1500 X118.44 Y118.017 E1024.08034
G0 F9000 X118.44 Y117.451
G1 F1500 X117.451 Y118.44 E1024.12686
G0 F9000 X116.885 Y118.44
G1 F1500 X118.44 Y116.885 E1024.20001
G0 F9000 X118.44 Y116.32
G1 F1500 X116.32 Y118.44 E1024.29972
G0 F9000 X115.754 Y118.44
G1 F1500 X118.44 Y115.754 E1024.42607
G0 F9000 X118.44 Y115.188
G1 F1500 X115.188 Y118.44 E1024.57903
G0 F9000 X114.623 Y118.44
G1 F1500 X118.44 Y114.623 E1024.75857
G0 F9000 X118.44 Y114.057
G1 F1500 X114.426 Y118.071 E1024.94738
G0 F9000 X114.22 Y117.368
G0 X114.755 Y117.146
G0 X115.024 Y116.451
G0 X115.48 Y116.451
G1 F1500 X118.44 Y113.491 E1025.08661
G0 F9000 X118.44 Y112.926
G1 F1500 X115.482 Y115.883 E1025.22572
G0 F9000 X115.398 Y115.402
G1 F1500 X118.44 Y112.36 E1025.3688
G0 F9000 X118.44 Y111.794
G1 F1500 X115.222 Y115.012 E1025.52017
G0 F9000 X115.031 Y114.638
G1 F1500 X118.44 Y111.229 E1025.68052
G0 F9000 X118.44 Y110.663
G1 F1500 X114.839 Y114.264 E1025.8499
G0 F9000 X114.648 Y113.889
G1 F1500 X118.44 Y110.097 E1026.02826
G0 F9000 X118.44 Y109.532
G1 F1500 X114.457 Y113.515 E1026.21561
G0 F9000 X114.265 Y113.141
G1 F1500 X118.44 Y108.966 E1026.41199
G0 F9000 X118.44 Y108.4
G1 F1500 X114.074 Y112.766 E1026.61735
G0 F9000 X113.882 Y112.392
G1 F1500 X118.44 Y107.834 E1026.83175
G0 F9000 X118.44 Y107.269
G1 F1500 X113.691 Y112.018 E1027.05513
G0 F9000 X113.5 Y111.643
G1 F1500 X118.44 Y106.703 E1027.28749
G0 F9000 X118.44 Y106.137
G1 F1500 X113.308 Y111.269 E1027.52888
G0 F9000 X113.117 Y110.895
G1 F1500 X118.44 Y105.572 E1027.77926
G0 F9000 X118.44 Y105.006
G1 F1500 X112.926 Y110.52 E1028.03862
G0 F9000 X112.734 Y110.146
G1 F1500 X118.44 Y104.44 E1028.30701
G0 F9000 X118.44 Y103.875
G1 F1500 X112.542 Y109.772 E1028.58441
G0 F9000 X112.351 Y109.397
G1 F1500 X114.867 Y106.881 E1028.70276
G0 F9000 X114.109 Y107.074
G1 F1500 X112.16 Y109.023 E1028.79443
G0 F9000 X111.968 Y108.649
G1 F1500 X113.542 Y107.075 E1028.86847
G0 F9000 X112.975 Y107.076
G1 F1500 X111.777 Y108.274 E1028.92482
G0 F9000 X111.586 Y107.9
G1 F1500 X112.409 Y107.077 E1028.96353
G0 F9000 X111.842 Y107.079
G1 F1500 X111.394 Y107.526 E1028.98458
G0 F9000 X111.203 Y107.151
G1 F1500 X111.275 Y107.079 E1028.98797
G0 F9000 X111.275 Y106.62
G0 X114.94 Y106.348
G0 X115.053 Y106.093
G0 X115.473 Y106.275
G1 F1500 X118.44 Y103.309 E1029.1275
G0 F9000 X118.44 Y102.743
G1 F1500 X115.669 Y105.514 E1029.25784
G0 F9000 X115.668 Y104.949
G1 F1500 X118.44 Y102.178 E1029.3882
G0 F9000 X118.44 Y101.612
G1 F1500 X115.667 Y104.385 E1029.51864
G0 F9000 X115.649 Y103.837
G1 F1500 X117.926 Y101.56 E1029.62574
G0 F9000 X117.361 Y101.56
G1 F1500 X115.536 Y103.385 E1029.71158
G0 F9000 X115.323 Y103.032
G1 F1500 X116.795 Y101.56 E1029.78082
G0 F9000 X116.229 Y101.56
G1 F1500 X115.034 Y102.755 E1029.83703
G0 F9000 X114.675 Y102.548
G1 F1500 X115.664 Y101.56 E1029.88353
G0 F9000 X115.098 Y101.56
G1 F1500 X114.198 Y102.46 E1029.92586
G0 F9000 X113.647 Y102.445
G1 F1500 X114.532 Y101.56 E1029.96749
G0 F9000 X113.967 Y101.56
G1 F1500 X113.081 Y102.446 E1030.00916
G0 F9000 X112.515 Y102.446
G1 F1500 X113.401 Y101.56 E1030.05084
G0 F9000 X112.835 Y101.56
G1 F1500 X111.948 Y102.446 E1030.09254
G0 F9000 X111.383 Y102.446
G1 F1500 X112.269 Y101.56 E1030.13421
G0 F9000 X111.704 Y101.56
G1 F1500 X110.816 Y102.447 E1030.17596
G0 F9000 X110.251 Y102.447
G1 F1500 X111.138 Y101.56 E1030.21768
G0 F9000 X110.572 Y101.56
G1 F1500 X109.684 Y102.448 E1030.25945
G0 F9000 X109.119 Y102.448
G1 F1500 X110.007 Y101.56 E1030.30121
G0 F9000 X109.44 Y101.56
G1 F1500 X108.552 Y102.448 E1030.34298
G0 F9000 X107.986 Y102.449
G1 F1500 X108.875 Y101.56 E1030.3848
G0 F9000 X108.309 Y101.56
G1 F1500 X107.42 Y102.449 E1030.42661
G0 F9000 X106.854 Y102.45
G1 F1500 X107.743 Y101.56 E1030.46845
G0 F9000 X107.178 Y101.56
G1 F1500 X106.288 Y102.45 E1030.51032
G0 F9000 X105.439 Y102.733
G1 F1500 X106.612 Y101.56 E1030.56549
G0 F9000 X106.046 Y101.56
G1 F1500 X101.561 Y106.046 E1030.77648
G0 F9000 X101.561 Y106.611
G1 F1500 X105.008 Y103.164 E1030.93861
G0 F9000 X104.762 Y103.976
G1 F1500 X101.561 Y107.177 E1031.08918
G0 F9000 X101.561 Y107.743
G1 F1500 X104.77 Y104.534 E1031.24012
G0 F9000 X104.877 Y104.993
G1 F1500 X101.561 Y108.308 E1031.39607
G0 F9000 X101.561 Y108.874
G1 F1500 X105.053 Y105.382 E1031.56032
G0 F9000 X105.244 Y105.756
G1 F1500 X101.561 Y109.44 E1031.73358
G0 F9000 X101.56 Y110.006
G1 F1500 X105.436 Y106.13 E1031.9159
G0 F9000 X105.627 Y106.505
G1 F1500 X101.56 Y110.572 E1032.1072
G0 F9000 X101.56 Y111.137
G1 F1500 X105.818 Y106.88 E1032.30746
G0 F9000 X106.009 Y107.255
G1 F1500 X101.56 Y111.703 E1032.5167
G0 F9000 X101.56 Y112.269
G1 F1500 X106.2 Y107.629 E1032.73495
G0 F9000 X106.391 Y108.003
G1 F1500 X101.56 Y112.834 E1032.96219
G0 F9000 X101.56 Y113.4
G1 F1500 X106.582 Y108.378 E1033.19841
G0 F9000 X106.774 Y108.752
G1 F1500 X101.56 Y113.966 E1033.44366
G0 F9000 X101.56 Y114.531
G1 F1500 X106.965 Y109.127 E1033.69787
G0 F9000 X107.156 Y109.502
G1 F1500 X101.56 Y115.097 E1033.96106
G0 F9000 X101.56 Y115.663
G1 F1500 X107.347 Y109.876 E1034.23327
G0 F9000 X107.538 Y110.251
G1 F1500 X101.56 Y116.229 E1034.51445
G0 F9000 X101.56 Y116.794
G1 F1500 X107.729 Y110.625 E1034.80462
G0 F9000 X107.921 Y111
G1 F1500 X101.56 Y117.36 E1035.1038
G0 F9000 X101.56 Y117.926
G1 F1500 X104.863 Y114.623 E1035.25917
G0 F9000 X104.847 Y115.205
G1 F1500 X101.611 Y118.44 E1035.41135
G0 F9000 X102.177 Y118.44
G1 F1500 X104.848 Y115.77 E1035.53697
G0 F9000 X104.848 Y116.335
G1 F1500 X102.743 Y118.44 E1035.63598
G0 F9000 X103.308 Y118.44
G1 F1500 X104.935 Y116.814 E1035.71248
G0 F9000 X105.126 Y117.189
G1 F1500 X103.874 Y118.44 E1035.77135
G0 F9000 X104.44 Y118.44
G1 F1500 X105.394 Y117.486 E1035.81622
G0 F9000 X105.728 Y117.718
G1 F1500 X105.005 Y118.44 E1035.85021
G0 F9000 X105.571 Y118.44
G1 F1500 X105.879 Y118.132 E1035.8647
G1 F2700 E1026.8647
G0 F9000 X105.879 Y118.9
G0 X106.276 Y118.8
G0 X106.406 Y117.497
G0 X105.578 Y117.146
G0 X105.578 Y113.977
G0 X106.276 Y113.72
G0 X106.224 Y113.262
G1 F2700 E1035.8647
G1 F1500 X108.112 Y111.374 E1035.9535
G0 F9000 X108.303 Y111.749
G1 F1500 X106.806 Y113.246 E1036.02392
G0 F9000 X107.372 Y113.245
G1 F1500 X108.494 Y112.123 E1036.07669
G0 F9000 X108.685 Y112.498
G1 F1500 X107.938 Y113.245 E1036.11183
G0 F9000 X108.504 Y113.245
G1 F1500 X108.876 Y112.873 E1036.12933
G1 F2700 E1027.12933
G0 F9000 X109.288 Y112.664
G0 X105.269 Y104.966
G0 X101.2 Y104.966
G0 X101.1 Y105.48
G0 X101.561 Y105.48
G1 F2700 E1036.12933
G1 F1500 X105.481 Y101.56 E1036.31371
G0 F9000 X104.915 Y101.56
G1 F1500 X101.561 Y104.914 E1036.47147
G0 F9000 X101.561 Y104.348
G1 F1500 X104.349 Y101.56 E1036.60261
G0 F9000 X103.783 Y101.56
G1 F1500 X101.561 Y103.783 E1036.70715
G0 F9000 X101.561 Y103.217
G1 F1500 X103.218 Y101.56 E1036.78509
G0 F9000 X102.652 Y101.56
G1 F1500 X101.561 Y102.651 E1036.83641
G0 F9000 X101.561 Y102.086
G1 F1500 X102.086 Y101.56 E1036.86113
G1 F2700 E1027.86113
;MESH:NONMESH
G0 F300 X102.086 Y101.56 Z18.9
G0 F9000 X102.086 Y101.1
G0 X113.959 Y101.2
G0 X113.959 Y102.824
G0 X114.94 Y103.179
G0 X114.94 Y106.348
G0 X110.544 Y106.7
G0 X114.765 Y115.696
G0 X114.755 Y117.146
G0 X113.959 Y117.218
G0 X113.959 Y116.513
;TIME_ELAPSED:1606.765882
;LAYER:94
;TYPE:WALL-OUTER
;MESH:xyzCalibration_cube.stl
G1 F2700 E1036.86113
G1 F1500 X106.344 Y116.516 E1037.1144
G1 X106.258 Y116.453 E1037.11795
G1 X106.206 Y116.345 E1037.12193
G1 X106.21 Y114.753 E1037.17489
G1 X106.342 Y114.604 E1037.18151
G1 X111.289 Y114.604 E1037.34604
G1 X106.125 Y104.476 E1037.72416
G1 X106.126 Y103.954 E1037.74152
G1 X106.185 Y103.856 E1037.74533
G1 X106.285 Y103.806 E1037.74905
G1 X114.161 Y103.804 E1038.011
G1 X114.312 Y103.953 E1038.01806
G1 X114.31 Y105.555 E1038.07134
G1 X114.2 Y105.717 E1038.07786
G1 X108.943 Y105.72 E1038.2527
G1 X114.119 Y115.848 E1038.631
G1 X114.122 Y116.351 E1038.64773
G1 X114.064 Y116.459 E1038.65181
G1 X113.959 Y116.513 E1038.65574
G1 F2700 E1029.65574
G0 F9000 X113.959 Y117.218
G0 X114.755 Y117.146
G0 X114.976 Y116.853
G0 X114.976 Y118.8
G0 X119.8 Y119.8
G1 F2700 E1038.65574
G1 F1500 X119.8 Y100.2 E1039.30764
G1 X100.2 Y100.2 E1039.95954
G1 X100.2 Y119.8 E1040.61143
G1 X119.8 Y119.8 E1041.26333
G0 F9000 X119.4 Y119.4
;TYPE:WALL-INNER
G1 F1500 X119.4 Y100.6 E1041.88862
G1 X100.6 Y100.6 E1042.51391
G1 X100.6 Y119.4 E1043.13921
G1 X119.4 Y119.4 E1043.7645
G0 F9000 X119 Y119
G1 F1500 X119 Y101 E1044.36318
G1 X101 Y101 E1044.96186
G1 X101 Y119 E1045.56054
G1 X119 Y119 E1046.15923
G1 F2700 E1037.15923
G0 F9000 X106.155 Y118.8
G0 X106.406 Y117.497
G0 X106.155 Y117.218
G0 X106.155 Y116.863
G1 F2700 E1046.15923
G1 F1500 X105.966 Y116.727 E1046.16697
G1 X105.856 Y116.561 E1046.17359
G1 X105.81 Y116.403 E1046.17907
G1 X105.804 Y114.699 E1046.23574
G1 X105.956 Y114.404 E1046.24678
G1 X106.148 Y114.26 E1046.25476
G1 X106.404 Y114.204 E1046.26348
G1 X110.635 Y114.204 E1046.4042
G1 X105.72 Y104.574 E1046.7638
G1 X105.72 Y103.899 E1046.78625
G1 X105.798 Y103.707 E1046.79315
G1 X105.915 Y103.561 E1046.79937
G1 X106.244 Y103.404 E1046.81149
G1 X114.112 Y103.404 E1047.07318
G1 X114.32 Y103.441 E1047.08021
G1 X114.493 Y103.54 E1047.08684
G1 X114.68 Y103.809 E1047.09774
G1 X114.712 Y104.004 E1047.10431
G1 X114.712 Y105.633 E1047.15849
G1 X114.626 Y105.831 E1047.16567
G1 X114.428 Y106.031 E1047.17503
G1 X114.19 Y106.12 E1047.18348
G1 X109.597 Y106.12 E1047.33625
G1 X114.524 Y115.749 E1047.696
G1 X114.524 Y116.396 E1047.71752
G1 X114.459 Y116.589 E1047.72429
G1 X114.344 Y116.745 E1047.73074
G1 X114.159 Y116.869 E1047.73814
G1 X113.997 Y116.916 E1047.74375
G1 X106.404 Y116.916 E1047.9963
G1 X106.155 Y116.863 E1048.00477
G0 F9000 X106.155 Y117.218
G0 X114.046 Y117.316
G1 F1500 X106.404 Y117.316 E1048.25894
G1 X105.99 Y117.227 E1048.27302
G1 X105.675 Y117.001 E1048.28592
G1 X105.491 Y116.725 E1048.29695
G1 X105.404 Y116.427 E1048.30728
G1 X105.404 Y114.804 E1048.36126
G1 X105.435 Y114.553 E1048.36967
G1 X105.525 Y114.326 E1048.37779
G1 X105.657 Y114.138 E1048.38543
G1 X105.978 Y113.898 E1048.39876
G1 X106.404 Y113.804 E1048.41327
G1 X109.982 Y113.804 E1048.53228
G1 X105.429 Y104.883 E1048.8654
G1 X105.32 Y104.591 E1048.87577
G1 X105.32 Y103.833 E1048.90098
G1 X105.45 Y103.51 E1048.91256
G1 X105.645 Y103.266 E1048.92295
G1 X105.946 Y103.076 E1048.93479
G1 X106.196 Y103.004 E1048.94344
G1 X114.112 Y103.004 E1049.20673
G1 X114.459 Y103.065 E1049.21844
G1 X114.747 Y103.23 E1049.22948
G1 X114.946 Y103.45 E1049.23935
G1 X115.059 Y103.68 E1049.24787
G1 X115.112 Y104.004 E1049.25879
G1 X115.112 Y105.52 E1049.30922
G1 X115.075 Y105.794 E1049.31841
G1 X114.969 Y106.038 E1049.32726
G1 X114.815 Y106.232 E1049.3355
G1 X114.459 Y106.459 E1049.34954
G1 X114.112 Y106.52 E1049.36126
G1 X110.251 Y106.52 E1049.48968
G1 X114.815 Y115.44 E1049.82294
G1 X114.924 Y115.733 E1049.83333
G1 X114.924 Y116.46 E1049.85751
G1 X114.815 Y116.771 E1049.86848
G1 X114.624 Y117.031 E1049.87921
G1 X114.316 Y117.237 E1049.89153
G1 X114.046 Y117.316 E1049.90089
G0 F9000 X114.099 Y117.674
;TYPE:SKIN
G1 F1500 X106.364 Y117.672 E1050.15815
G1 X105.843 Y117.556 E1050.17591
G1 X105.405 Y117.251 E1050.19366
G1 X105.158 Y116.87 E1050.20876
G1 X105.046 Y116.478 E1050.22232
G1 X105.045 Y114.779 E1050.27883
G1 X105.093 Y114.438 E1050.29028
G1 X105.197 Y114.174 E1050.29972
G1 X105.376 Y113.912 E1050.31027
G1 X105.607 Y113.695 E1050.32082
G1 X106.073 Y113.481 E1050.33787
G1 X106.385 Y113.445 E1050.34832
G1 X109.393 Y113.444 E1050.44836
G1 X105.095 Y105.02 E1050.76291
G1 X104.997 Y104.733 E1050.77299
G1 X104.961 Y104.441 E1050.78278
G1 X104.961 Y103.979 E1050.79815
G1 X105.002 Y103.666 E1050.80865
G1 X105.131 Y103.332 E1050.82055
G1 X105.401 Y102.992 E1050.83499
G1 X105.827 Y102.735 E1050.85154
G1 X106.139 Y102.644 E1050.86235
G1 X114.144 Y102.647 E1051.1286
G1 X114.583 Y102.725 E1051.14343
G1 X114.975 Y102.95 E1051.15846
G1 X115.249 Y103.247 E1051.1719
G1 X115.398 Y103.559 E1051.1834
G1 X115.47 Y103.97 E1051.19728
G1 X115.47 Y105.542 E1051.24956
G1 X115.422 Y105.871 E1051.26062
G1 X115.28 Y106.221 E1051.27319
G1 X115.048 Y106.506 E1051.28541
G1 X114.844 Y106.666 E1051.29403
G1 X114.586 Y106.792 E1051.30358
G1 X114.145 Y106.877 E1051.31852
G1 X110.839 Y106.88 E1051.42848
G1 X115.135 Y115.276 E1051.74216
G1 X115.236 Y115.541 E1051.75159
G1 X115.283 Y115.879 E1051.76294
G1 X115.282 Y116.515 E1051.7841
G1 X115.136 Y116.933 E1051.79882
G1 X114.875 Y117.289 E1051.81351
G1 X114.462 Y117.567 E1051.83006
G1 X114.099 Y117.674 E1051.84265
G0 F9000 X114.15 Y118.154
G1 F1054.5 X106.36 Y118.158 E1052.21122
G1 F1036.3 X106.186 Y118.142 E1052.21963
G1 F2700 E1043.21963
G0 F9000 X106.346 Y117.402
G0 X114.068 Y117.497
G0 X114.068 Y118.8
G0 X118.9 Y118.64
G0 X118.64 Y118.64
G1 F2700 E1052.21963
G1 F1500 X118.64 Y101.36 E1052.79436
G1 X101.361 Y101.361 E1053.36907
G1 X101.36 Y118.64 E1053.94377
G1 X118.64 Y118.64 E1054.5185
G0 F9000 X118.9 Y118.64
G0 X118.828 Y101.172
G0 X117.965 Y101.1
G0 X117.965 Y101.56
G1 F1500 X118.44 Y102.035 E1054.54085
G0 F9000 X118.44 Y102.6
G1 F1500 X117.4 Y101.56 E1054.58976
G0 F9000 X116.834 Y101.56
G1 F1500 X118.44 Y103.166 E1054.6653
G0 F9000 X118.44 Y103.732
G1 F1500 X116.268 Y101.56 E1054.76747
G0 F9000 X115.702 Y101.56
G1 F1500 X118.44 Y104.298 E1054.89626
G0 F9000 X118.44 Y104.863
G1 F1500 X115.137 Y101.56 E1055.05162
G0 F9000 X114.571 Y101.56
G1 F1500 X118.44 Y105.429 E1055.23361
G0 F9000 X118.44 Y105.995
G1 F1500 X114.005 Y101.56 E1055.44221
G0 F9000 X113.44 Y101.56
G1 F1500 X114.366 Y102.487 E1055.48579
G0 F9000 X113.758 Y102.444
G1 F1500 X112.874 Y101.56 E1055.52737
G0 F9000 X112.308 Y101.56
G1 F1500 X113.192 Y102.444 E1055.56895
G0 F9000 X112.627 Y102.445
G1 F1500 X111.743 Y101.56 E1055.61056
G0 F9000 X111.177 Y101.56
G1 F1500 X112.062 Y102.446 E1055.65221
G0 F9000 X111.497 Y102.446
G1 F1500 X110.611 Y101.56 E1055.69388
G0 F9000 X110.046 Y101.56
G1 F1500 X110.932 Y102.446 E1055.73556
G0 F9000 X110.366 Y102.446
G1 F1500 X109.481 Y101.561 E1055.77719
G0 F9000 X108.915 Y101.561
G1 F1500 X109.801 Y102.447 E1055.81886
G0 F9000 X109.235 Y102.447
G1 F1500 X108.349 Y101.561 E1055.86054
G0 F9000 X107.784 Y101.561
G1 F1500 X108.67 Y102.448 E1055.90224
G0 F9000 X108.105 Y102.448
G1 F1500 X107.218 Y101.561 E1055.94396
G0 F9000 X106.652 Y101.561
G1 F1500 X107.54 Y102.448 E1055.9857
G0 F9000 X106.975 Y102.449
G1 F1500 X106.087 Y101.561 E1056.02747
G0 F9000 X105.521 Y101.561
G1 F1500 X106.409 Y102.449 E1056.06924
G0 F9000 X105.901 Y102.506
G1 F1500 X104.955 Y101.561 E1056.11371
G0 F9000 X104.389 Y101.561
G1 F1500 X105.514 Y102.686 E1056.16663
G0 F9000 X105.194 Y102.931
G1 F1500 X103.824 Y101.561 E1056.23107
G0 F9000 X103.258 Y101.561
G1 F1500 X104.948 Y103.251 E1056.31056
G0 F9000 X104.802 Y103.67
G1 F1500 X102.692 Y101.561 E1056.40979
G0 F9000 X102.127 Y101.561
G1 F1500 X104.762 Y104.196 E1056.53373
G0 F9000 X104.806 Y104.806
G1 F1500 X101.561 Y101.561 E1056.68636
G0 F9000 X101.56 Y102.126
G1 F1500 X105.302 Y105.868 E1056.86238
G0 F9000 X105.713 Y105.659
G0 X106.303 Y106.815
G0 X105.892 Y107.023
G1 F1500 X101.56 Y102.692 E1057.06612
G0 F9000 X101.56 Y103.257
G1 F1500 X106.481 Y108.178 E1057.29759
G0 F9000 X106.892 Y107.97
G0 X107.482 Y109.126
G0 X107.071 Y109.334
G1 F1500 X101.56 Y103.823 E1057.55681
G0 F9000 X101.56 Y104.389
G1 F1500 X107.661 Y110.489 E1057.84376
G0 F9000 X108.071 Y110.281
G0 X108.661 Y111.436
G0 X108.25 Y111.644
G1 F1500 X101.56 Y104.954 E1058.15843
G0 F9000 X101.56 Y105.52
G1 F1500 X108.84 Y112.8 E1058.50086
G0 F9000 X108.718 Y113.244
G1 F1500 X101.56 Y106.086 E1058.83755
G0 F9000 X101.56 Y106.652
G1 F1500 X108.153 Y113.245 E1059.14767
G0 F9000 X107.588 Y113.245
G1 F1500 X101.56 Y107.217 E1059.4312
G0 F9000 X101.56 Y107.783
G1 F1500 X107.023 Y113.245 E1059.68814
G0 F9000 X106.457 Y113.245
G1 F1500 X101.56 Y108.349 E1059.91846
G0 F9000 X101.56 Y108.914
G1 F1500 X105.959 Y113.312 E1060.12535
G0 F9000 X105.571 Y113.491
G1 F1500 X101.56 Y109.48 E1060.31402
G0 F9000 X101.56 Y110.045
G1 F1500 X105.263 Y113.748 E1060.4882
G0 F9000 X105.022 Y114.073
G1 F1500 X101.56 Y110.611 E1060.65104
G0 F9000 X101.56 Y111.176
G1 F1500 X104.879 Y114.496 E1060.80718
G0 F9000 X104.847 Y115.029
G1 F1500 X101.56 Y111.742 E1060.96179
G0 F9000 X101.56 Y112.308
G1 F1500 X104.848 Y115.596 E1061.11644
G0 F9000 X104.849 Y116.163
G1 F1500 X101.56 Y112.873 E1061.27117
G0 F9000 X101.56 Y113.439
G1 F1500 X104.935 Y116.815 E1061.42995
G1 F2700 E1052.42995
G0 F9000 X105.377 Y116.689
G0 X105.915 Y117.391
G0 X105.915 Y118.8
G0 X104.863 Y118.9
G0 X104.863 Y118.44
G1 F2700 E1061.42995
G1 F1500 X101.56 Y115.136 E1061.58533
G0 F9000 X101.56 Y115.702
G1 F1500 X104.298 Y118.44 E1061.71412
G0 F9000 X103.732 Y118.44
G1 F1500 X101.56 Y116.267 E1061.81631
G0 F9000 X101.56 Y116.833
G1 F1500 X103.166 Y118.44 E1061.89187
G0 F9000 X102.6 Y118.44
G1 F1500 X101.56 Y117.399 E1061.94081
G0 F9000 X101.56 Y117.965
G1 F1500 X102.035 Y118.44 E1061.96316
G0 F9000 X102.035 Y118.9
G0 X105.429 Y118.9
G0 X105.429 Y118.44
G1 F1500 X101.56 Y114.57 E1062.14517
G0 F9000 X101.56 Y114.005
G1 F1500 X105.834 Y118.279 E1062.3462
G1 F2700 E1053.3462
G0 F9000 X105.834 Y118.9
G0 X114.293 Y118.8
G0 X114.068 Y117.497
G0 X114.293 Y117.347
G0 X114.434 Y117.828
G1 F2700 E1062.3462
G1 F1500 X115.046 Y118.44 E1062.37499
G0 F9000 X115.611 Y118.44
G1 F1500 X114.772 Y117.6 E1062.41448
G0 F9000 X115.082 Y117.344
G1 F1500 X116.177 Y118.44 E1062.466
G0 F9000 X116.743 Y118.44
G1 F1500 X115.318 Y117.015 E1062.53303
G0 F9000 X115.463 Y116.594
G1 F1500 X117.308 Y118.44 E1062.61984
G0 F9000 X117.874 Y118.44
G1 F1500 X115.48 Y116.046 E1062.73244
G0 F9000 X115.394 Y115.394
G1 F1500 X118.44 Y118.44 E1062.87572
G0 F9000 X118.44 Y117.874
G1 F1500 X114.848 Y114.283 E1063.04465
G0 F9000 X114.441 Y114.49
G0 X113.849 Y113.332
G0 X114.256 Y113.125
G1 F1500 X118.44 Y117.308 E1063.24143
G0 F9000 X118.44 Y116.743
G1 F1500 X113.665 Y111.968 E1063.46603
G0 F9000 X113.257 Y112.175
G0 X112.665 Y111.018
G0 X113.073 Y110.81
G1 F1500 X118.44 Y116.177 E1063.71848
G0 F9000 X118.44 Y115.611
G1 F1500 X112.481 Y109.652 E1063.99877
G0 F9000 X112.072 Y109.86
G0 X111.48 Y108.703
G0 X111.889 Y108.495
G1 F1500 X118.44 Y115.046 E1064.30691
G0 F9000 X118.44 Y114.48
G1 F1500 X111.297 Y107.337 E1064.6429
G0 F9000 X111.605 Y107.079
G1 F1500 X118.44 Y113.914 E1064.96439
G0 F9000 X118.44 Y113.349
G1 F1500 X112.17 Y107.079 E1065.25932
G0 F9000 X112.734 Y107.077
G1 F1500 X118.44 Y112.783 E1065.52771
G0 F9000 X118.44 Y112.217
G1 F1500 X113.299 Y107.076 E1065.76953
G0 F9000 X113.863 Y107.075
G1 F1500 X118.44 Y111.651 E1065.98479
G0 F9000 X118.44 Y111.086
G1 F1500 X114.388 Y107.034 E1066.17538
G0 F9000 X114.822 Y106.903
G1 F1500 X118.44 Y110.52 E1066.34554
G0 F9000 X118.44 Y109.954
G1 F1500 X115.159 Y106.673 E1066.49987
G0 F9000 X115.418 Y106.367
G1 F1500 X118.44 Y109.389 E1066.64201
G0 F9000 X118.44 Y108.823
G1 F1500 X115.597 Y105.98 E1066.77574
G0 F9000 X115.668 Y105.485
G1 F1500 X118.44 Y108.257 E1066.90613
G0 F9000 X118.44 Y107.692
G1 F1500 X115.667 Y104.919 E1067.03656
G0 F9000 X115.666 Y104.353
G1 F1500 X118.44 Y107.126 E1067.16702
G0 F9000 X118.44 Y106.56
G1 F1500 X115.633 Y103.754 E1067.29903
;MESH:NONMESH
G0 F300 X115.633 Y103.754 Z19.1
G0 F9000 X115.182 Y103.828
G0 X114.909 Y106.372
G0 X110.544 Y106.7
G0 X114.765 Y115.696
G0 X114.755 Y117.146
G0 X113.959 Y117.218
G0 X113.959 Y116.513
;TIME_ELAPSED:1658.687633
;LAYER:95
;TYPE:WALL-OUTER
;MESH:xyzCalibration_cube.stl
G1 F1500 X106.344 Y116.516 E1067.5523
G1 X106.258 Y116.453 E1067.55585
G1 X106.206 Y116.345 E1067.55983
G1 X106.21 Y114.753 E1067.61278
G1 X106.342 Y114.604 E1067.61941
G1 X111.289 Y114.604 E1067.78394
G1 X106.125 Y104.476 E1068.16206
G1 X106.126 Y103.954 E1068.17942
G1 X106.185 Y103.856 E1068.18323
G1 X106.285 Y103.806 E1068.18695
G1 X114.161 Y103.804 E1068.4489
G1 X114.312 Y103.953 E1068.45596
G1 X114.31 Y105.555 E1068.50924
G1 X114.2 Y105.717 E1068.51575
G1 X108.943 Y105.72 E1068.6906
G1 X114.119 Y115.848 E1069.0689
G1 X114.122 Y116.351 E1069.08563
G1 X114.064 Y116.459 E1069.08971
G1 X113.959 Y116.513 E1069.09364
G1 F2700 E1060.09364
G0 F9000 X113.959 Y117.218
G0 X114.755 Y117.146
G0 X114.976 Y116.853
G0 X114.976 Y118.8
G0 X119.8 Y119.8
G1 F2700 E1069.09364
G1 F1500 X119.8 Y100.2 E1069.74554
G1 X100.2 Y100.2 E1070.39744
G1 X100.2 Y119.8 E1071.04933
G1 X119.8 Y119.8 E1071.70123
G0 F9000 X119.4 Y119.4
;TYPE:WALL-INNER
G1 F1500 X119.4 Y100.6 E1072.32652
G1 X100.6 Y100.6 E1072.95181
G1 X100.6 Y119.4 E1073.5771
G1 X119.4 Y119.4 E1074.20239
G0 F9000 X119 Y119
G1 F1500 X119 Y101 E1074.80108
G1 X101 Y101 E1075.39976
G1 X101 Y119 E1075.99844
G1 X119 Y119 E1076.59712
G1 F2700 E1067.59712
G0 F9000 X106.155 Y118.8
G0 X106.406 Y117.497
G0 X106.155 Y117.218
G0 X106.155 Y116.863
G1 F2700 E1076.59712
G1 F1500 X105.966 Y116.727 E1076.60487
G1 X105.856 Y116.561 E1076.61149
G1 X105.81 Y116.403 E1076.61697
G1 X105.804 Y114.699 E1076.67364
G1 X105.956 Y114.404 E1076.68468
G1 X106.148 Y114.26 E1076.69266
G1 X106.404 Y114.204 E1076.70138
G1 X110.635 Y114.204 E1076.8421
G1 X105.72 Y104.574 E1077.2017
G1 X105.72 Y103.899 E1077.22415
G1 X105.798 Y103.707 E1077.23104
G1 X105.915 Y103.561 E1077.23727
G1 X106.244 Y103.404 E1077.24939
G1 X114.112 Y103.404 E1077.51108
G1 X114.32 Y103.441 E1077.51811
G1 X114.493 Y103.54 E1077.52474
G1 X114.68 Y103.809 E1077.53564
G1 X114.712 Y104.004 E1077.54221
G1 X114.712 Y105.633 E1077.59639
G1 X114.626 Y105.831 E1077.60357
G1 X114.428 Y106.031 E1077.61293
G1 X114.199 Y106.12 E1077.6211
G1 X109.597 Y106.12 E1077.77416
G1 X114.524 Y115.749 E1078.13392
G1 X114.524 Y116.396 E1078.15544
G1 X114.459 Y116.589 E1078.16221
G1 X114.344 Y116.745 E1078.16866
G1 X114.159 Y116.869 E1078.17606
G1 X113.997 Y116.916 E1078.18167
G1 X106.404 Y116.916 E1078.43422
G1 X106.155 Y116.863 E1078.44268
G0 F9000 X106.155 Y117.218
G0 X114.046 Y117.316
G1 F1500 X106.404 Y117.316 E1078.69686
G1 X105.99 Y117.227 E1078.71094
G1 X105.675 Y117.001 E1078.72384
G1 X105.491 Y116.725 E1078.73487
G1 X105.404 Y116.427 E1078.7452
G1 X105.404 Y114.804 E1078.79918
G1 X105.435 Y114.553 E1078.80759
G1 X105.525 Y114.326 E1078.81571
G1 X105.657 Y114.138 E1078.82335
G1 X105.978 Y113.898 E1078.83668
G1 X106.404 Y113.804 E1078.85119
G1 X109.982 Y113.804 E1078.9702
G1 X105.429 Y104.883 E1079.30332
G1 X105.32 Y104.591 E1079.31369
G1 X105.32 Y103.833 E1079.3389
G1 X105.45 Y103.51 E1079.35048
G1 X105.645 Y103.266 E1079.36087
G1 X105.946 Y103.076 E1079.3727
G1 X106.196 Y103.004 E1079.38136
G1 X114.112 Y103.004 E1079.64464
G1 X114.459 Y103.065 E1079.65636
G1 X114.747 Y103.23 E1079.6674
G1 X114.946 Y103.45 E1079.67727
G1 X115.059 Y103.68 E1079.68579
G1 X115.112 Y104.004 E1079.69671
G1 X115.112 Y105.52 E1079.74713
G1 X115.075 Y105.794 E1079.75633
G1 X114.969 Y106.038 E1079.76518
G1 X114.815 Y106.232 E1079.77342
G1 X114.459 Y106.459 E1079.78746
G1 X114.112 Y106.52 E1079.79918
G1 X110.251 Y106.52 E1079.9276
G1 X114.815 Y115.44 E1080.26086
G1 X114.924 Y115.733 E1080.27125
G1 X114.924 Y116.46 E1080.29543
G1 X114.815 Y116.771 E1080.30639
G1 X114.624 Y117.031 E1080.31712
G1 X114.316 Y117.237 E1080.32945
G1 X114.046 Y117.316 E1080.33881
G0 F9000 X114.099 Y117.674
;TYPE:SKIN
G1 F1500 X106.364 Y117.672 E1080.59607
G1 X105.843 Y117.556 E1080.61383
G1 X105.405 Y117.251 E1080.63158
G1 X105.158 Y116.87 E1080.64668
G1 X105.046 Y116.478 E1080.66024
G1 X105.045 Y114.779 E1080.71675
G1 X105.093 Y114.438 E1080.7282
G1 X105.197 Y114.174 E1080.73764
G1 X105.376 Y113.912 E1080.74819
G1 X105.607 Y113.695 E1080.75873
G1 X106.073 Y113.481 E1080.77579
G1 X106.385 Y113.445 E1080.78624
G1 X109.393 Y113.444 E1080.88628
G1 X105.095 Y105.02 E1081.20083
G1 X104.997 Y104.733 E1081.21091
G1 X104.961 Y104.441 E1081.2207
G1 X104.961 Y103.979 E1081.23606
G1 X105.002 Y103.666 E1081.24656
G1 X105.131 Y103.332 E1081.25847
G1 X105.401 Y102.992 E1081.27291
G1 X105.827 Y102.735 E1081.28946
G1 X106.139 Y102.644 E1081.30027
G1 X114.144 Y102.647 E1081.56652
G1 X114.583 Y102.725 E1081.58135
G1 X114.975 Y102.95 E1081.59638
G1 X115.249 Y103.247 E1081.60982
G1 X115.398 Y103.559 E1081.62132
G1 X115.47 Y103.97 E1081.6352
G1 X115.47 Y105.542 E1081.68748
G1 X115.422 Y105.871 E1081.69854
G1 X115.28 Y106.221 E1081.7111
G1 X115.048 Y106.506 E1081.72333
G1 X114.844 Y106.666 E1081.73195
G1 X114.586 Y106.792 E1081.7415
G1 X114.145 Y106.877 E1081.75644
G1 X110.839 Y106.88 E1081.8664
G1 X115.135 Y115.276 E1082.18008
G1 X115.236 Y115.541 E1082.18951
G1 X115.283 Y115.879 E1082.20086
G1 X115.282 Y116.515 E1082.22202
G1 X115.136 Y116.933 E1082.23674
G1 X114.875 Y117.289 E1082.25142
G1 X114.462 Y117.567 E1082.26798
G1 X114.099 Y117.674 E1082.28057
G0 F9000 X114.15 Y118.154
G1 F1054.5 X106.36 Y118.158 E1082.64913
G1 F1036.3 X106.186 Y118.142 E1082.65755
G1 F2700 E1073.65755
G0 F9000 X106.346 Y117.402
G0 X114.068 Y117.497
G0 X114.068 Y118.8
G0 X118.9 Y118.64
G0 X118.64 Y118.64
G1 F2700 E1082.65755
G1 F1500 X118.64 Y101.36 E1083.23228
G1 X101.361 Y101.361 E1083.80698
G1 X101.36 Y118.64 E1084.38169
G1 X118.64 Y118.64 E1084.95642
G0 F9000 X118.017 Y118.44
G1 F1500 X118.44 Y118.017 E1084.97632
G0 F9000 X118.44 Y117.451
G1 F1500 X117.451 Y118.44 E1085.02284
G0 F9000 X116.885 Y118.44
G1 F1500 X118.44 Y116.885 E1085.09598
G0 F9000 X118.44 Y116.32
G1 F1500 X116.32 Y118.44 E1085.1957
G0 F9000 X115.754 Y118.44
G1 F1500 X118.44 Y115.754 E1085.32204
G0 F9000 X118.44 Y115.188
G1 F1500 X115.188 Y118.44 E1085.475
G0 F9000 X114.623 Y118.44
G1 F1500 X118.44 Y114.623 E1085.65454
G0 F9000 X118.44 Y114.057
G1 F1500 X114.426 Y118.071 E1085.84335
G0 F9000 X114.22 Y117.368
G0 X114.755 Y117.146
G0 X115.024 Y116.451
G0 X115.48 Y116.451
G1 F1500 X118.44 Y113.491 E1085.98258
G0 F9000 X118.44 Y112.926
G1 F1500 X115.482 Y115.883 E1086.12169
G0 F9000 X115.398 Y115.402
G1 F1500 X118.44 Y112.36 E1086.26478
G0 F9000 X118.44 Y111.794
G1 F1500 X115.222 Y115.012 E1086.41614
G0 F9000 X115.031 Y114.638
G1 F1500 X118.44 Y111.229 E1086.57649
G0 F9000 X118.44 Y110.663
G1 F1500 X114.839 Y114.264 E1086.74587
G0 F9000 X114.648 Y113.889
G1 F1500 X118.44 Y110.097 E1086.92423
G0 F9000 X118.44 Y109.532
G1 F1500 X114.457 Y113.515 E1087.11158
G0 F9000 X114.265 Y113.141
G1 F1500 X118.44 Y108.966 E1087.30796
G0 F9000 X118.44 Y108.4
G1 F1500 X114.074 Y112.766 E1087.51333
G0 F9000 X113.882 Y112.392
G1 F1500 X118.44 Y107.834 E1087.72772
G0 F9000 X118.44 Y107.269
G1 F1500 X113.691 Y112.018 E1087.9511
G0 F9000 X113.5 Y111.643
G1 F1500 X118.44 Y106.703 E1088.18346
G0 F9000 X118.44 Y106.137
G1 F1500 X113.308 Y111.269 E1088.42485
G0 F9000 X113.117 Y110.895
G1 F1500 X118.44 Y105.572 E1088.67523
G0 F9000 X118.44 Y105.006
G1 F1500 X112.926 Y110.52 E1088.93459
G0 F9000 X112.734 Y110.146
G1 F1500 X118.44 Y104.44 E1089.20299
G0 F9000 X118.44 Y103.875
G1 F1500 X112.542 Y109.772 E1089.48039
G0 F9000 X112.351 Y109.397
G1 F1500 X114.867 Y106.881 E1089.59873
G0 F9000 X114.109 Y107.074
G1 F1500 X112.16 Y109.023 E1089.69041
G0 F9000 X111.968 Y108.649
G1 F1500 X113.542 Y107.075 E1089.76444
G0 F9000 X112.975 Y107.076
G1 F1500 X111.777 Y108.274 E1089.82079
G0 F9000 X111.586 Y107.9
G1 F1500 X112.409 Y107.077 E1089.8595
G0 F9000 X111.842 Y107.079
G1 F1500 X111.394 Y107.526 E1089.88055
G0 F9000 X111.203 Y107.151
G1 F1500 X111.275 Y107.079 E1089.88394
G0 F9000 X111.275 Y106.62
G0 X114.94 Y106.348
G0 X115.053 Y106.093
G0 X115.473 Y106.275
G1 F1500 X118.44 Y103.309 E1090.02347
G0 F9000 X118.44 Y102.743
G1 F1500 X115.669 Y105.514 E1090.15381
G0 F9000 X115.668 Y104.949
G1 F1500 X118.44 Y102.178 E1090.28418
G0 F9000 X118.44 Y101.612
G1 F1500 X115.667 Y104.385 E1090.41461
G0 F9000 X115.649 Y103.837
G1 F1500 X117.926 Y101.56 E1090.52171
G0 F9000 X117.361 Y101.56
G1 F1500 X115.536 Y103.385 E1090.60756
G0 F9000 X115.323 Y103.032
G1 F1500 X116.795 Y101.56 E1090.67679
G0 F9000 X116.229 Y101.56
G1 F1500 X115.034 Y102.755 E1090.733
G0 F9000 X114.675 Y102.548
G1 F1500 X115.664 Y101.56 E1090.7795
G0 F9000 X115.098 Y101.56
G1 F1500 X114.198 Y102.46 E1090.82183
G0 F9000 X113.647 Y102.445
G1 F1500 X114.532 Y101.56 E1090.86346
G0 F9000 X113.967 Y101.56
G1 F1500 X113.081 Y102.446 E1090.90514
G0 F9000 X112.515 Y102.446
G1 F1500 X113.401 Y101.56 E1090.94681
G0 F9000 X112.835 Y101.56
G1 F1500 X111.948 Y102.446 E1090.98851
G0 F9000 X111.383 Y102.446
G1 F1500 X112.269 Y101.56 E1091.03018
G0 F9000 X111.704 Y101.56
G1 F1500 X110.816 Y102.447 E1091.07193
G0 F9000 X110.251 Y102.447
G1 F1500 X111.138 Y101.56 E1091.11365
G0 F9000 X110.572 Y101.56
G1 F1500 X109.684 Y102.448 E1091.15542
G0 F9000 X109.119 Y102.448
G1 F1500 X110.007 Y101.56 E1091.19719
G0 F9000 X109.44 Y101.56
G1 F1500 X108.552 Y102.448 E1091.23896
G0 F9000 X107.986 Y102.449
G1 F1500 X108.875 Y101.56 E1091.28077
G0 F9000 X108.309 Y101.56
G1 F1500 X107.42 Y102.449 E1091.32259
G0 F9000 X106.854 Y102.45
G1 F1500 X107.743 Y101.56 E1091.36443
G0 F9000 X107.178 Y101.56
G1 F1500 X106.288 Y102.45 E1091.40629
G0 F9000 X105.439 Y102.733
G1 F1500 X106.612 Y101.56 E1091.46146
G0 F9000 X106.046 Y101.56
G1 F1500 X101.561 Y106.046 E1091.67245
G0 F9000 X101.561 Y106.611
G1 F1500 X105.008 Y103.164 E1091.83459
G0 F9000 X104.762 Y103.976
G1 F1500 X101.561 Y107.177 E1091.98515
G0 F9000 X101.561 Y107.743
G1 F1500 X104.77 Y104.534 E1092.13609
G0 F9000 X104.875 Y104.994
G1 F1500 X101.561 Y108.308 E1092.29197
G0 F9000 X101.561 Y108.874
G1 F1500 X105.053 Y105.382 E1092.45623
G0 F9000 X105.244 Y105.756
G1 F1500 X101.561 Y109.44 E1092.62949
G0 F9000 X101.56 Y110.006
G1 F1500 X105.436 Y106.13 E1092.8118
G0 F9000 X105.627 Y106.505
G1 F1500 X101.56 Y110.572 E1093.0031
G0 F9000 X101.56 Y111.137
G1 F1500 X105.818 Y106.88 E1093.20336
G0 F9000 X106.009 Y107.255
G1 F1500 X101.56 Y111.703 E1093.4126
G0 F9000 X101.56 Y112.269
G1 F1500 X106.2 Y107.629 E1093.63086
G0 F9000 X106.391 Y108.003
G1 F1500 X101.56 Y112.834 E1093.85809
G0 F9000 X101.56 Y113.4
G1 F1500 X106.582 Y108.378 E1094.09431
G0 F9000 X106.774 Y108.752
G1 F1500 X101.56 Y113.966 E1094.33956
G0 F9000 X101.56 Y114.531
G1 F1500 X106.965 Y109.127 E1094.59377
G0 F9000 X107.156 Y109.502
G1 F1500 X101.56 Y115.097 E1094.85697
G0 F9000 X101.56 Y115.663
G1 F1500 X107.347 Y109.876 E1095.12917
G0 F9000 X107.538 Y110.251
G1 F1500 X101.56 Y116.229 E1095.41036
G0 F9000 X101.56 Y116.794
G1 F1500 X107.729 Y110.625 E1095.70053
G0 F9000 X107.921 Y111
G1 F1500 X101.56 Y117.36 E1095.99971
G0 F9000 X101.56 Y117.926
G1 F1500 X104.863 Y114.623 E1096.15507
G0 F9000 X104.847 Y115.205
G1 F1500 X101.611 Y118.44 E1096.30726
G0 F9000 X102.177 Y118.44
G1 F1500 X104.848 Y115.77 E1096.43287
G0 F9000 X104.848 Y116.335
G1 F1500 X102.743 Y118.44 E1096.53188
G0 F9000 X103.308 Y118.44
G1 F1500 X104.935 Y116.814 E1096.60839
G0 F9000 X105.126 Y117.189
G1 F1500 X103.874 Y118.44 E1096.66725
G0 F9000 X104.44 Y118.44
G1 F1500 X105.394 Y117.486 E1096.71213
G0 F9000 X105.728 Y117.718
G1 F1500 X105.005 Y118.44 E1096.74611
G0 F9000 X105.571 Y118.44
G1 F1500 X105.879 Y118.132 E1096.7606
G1 F2700 E1087.7606
G0 F9000 X105.879 Y118.9
G0 X106.276 Y118.8
G0 X106.406 Y117.497
G0 X105.578 Y117.146
G0 X105.578 Y113.977
G0 X106.276 Y113.72
G0 X106.224 Y113.262
G1 F2700 E1096.7606
G1 F1500 X108.112 Y111.374 E1096.8494
G0 F9000 X108.303 Y111.749
G1 F1500 X106.806 Y113.246 E1096.91982
G0 F9000 X107.372 Y113.245
G1 F1500 X108.494 Y112.123 E1096.97259
G0 F9000 X108.685 Y112.498
G1 F1500 X107.938 Y113.245 E1097.00773
G0 F9000 X108.504 Y113.245
G1 F1500 X108.876 Y112.873 E1097.02523
G1 F2700 E1088.02523
G0 F9000 X109.288 Y112.664
G0 X105.269 Y104.966
G0 X101.2 Y104.966
G0 X101.1 Y105.48
G0 X101.561 Y105.48
G1 F2700 E1097.02523
G1 F1500 X105.481 Y101.56 E1097.20961
G0 F9000 X104.915 Y101.56
G1 F1500 X101.561 Y104.914 E1097.36738
G0 F9000 X101.561 Y104.348
G1 F1500 X104.349 Y101.56 E1097.49851
G0 F9000 X103.783 Y101.56
G1 F1500 X101.561 Y103.783 E1097.60305
G0 F9000 X101.561 Y103.217
G1 F1500 X103.218 Y101.56 E1097.68099
G0 F9000 X102.652 Y101.56
G1 F1500 X101.561 Y102.651 E1097.73231
G0 F9000 X101.561 Y102.086
G1 F1500 X102.086 Y101.56 E1097.75703
G1 F2700 E1088.75703
;MESH:NONMESH
G0 F300 X102.086 Y101.56 Z19.3
G0 F9000 X102.086 Y101.1
G0 X113.959 Y101.2
G0 X113.959 Y102.824
G0 X114.94 Y103.179
G0 X114.94 Y106.348
G0 X110.544 Y106.7
G0 X114.765 Y115.696
G0 X114.755 Y117.146
G0 X113.959 Y117.218
G0 X113.959 Y116.513
;TIME_ELAPSED:1711.318178
;LAYER:96
;TYPE:WALL-OUTER
;MESH:xyzCalibration_cube.stl
G1 F2700 E1097.75703
G1 F1500 X106.344 Y116.516 E1098.0103
G1 X106.258 Y116.453 E1098.01385
G1 X106.206 Y116.345 E1098.01784
G1 X106.21 Y114.753 E1098.07079
G1 X106.342 Y114.604 E1098.07741
G1 X111.289 Y114.604 E1098.24195
G1 X106.125 Y104.476 E1098.62007
G1 X106.126 Y103.954 E1098.63743
G1 X106.185 Y103.856 E1098.64123
G1 X106.285 Y103.806 E1098.64495
G1 X114.161 Y103.804 E1098.90691
G1 X114.312 Y103.953 E1098.91396
G1 X114.31 Y105.555 E1098.96725
G1 X114.2 Y105.717 E1098.97376
G1 X108.943 Y105.72 E1099.14861
G1 X114.119 Y115.848 E1099.52691
G1 X114.122 Y116.351 E1099.54364
G1 X114.064 Y116.459 E1099.54771
G1 X113.959 Y116.513 E1099.55164
G1 F2700 E1090.55164
G0 F9000 X113.959 Y117.218
G0 X114.755 Y117.146
G0 X114.976 Y116.853
G0 X114.976 Y118.8
G0 X119.8 Y119.8
G1 F2700 E1099.55164
G1 F1500 X119.8 Y100.2 E1100.20354
G1 X100.2 Y100.2 E1100.85544
G1 X100.2 Y119.8 E1101.50734
G1 X119.8 Y119.8 E1102.15924
G0 F9000 X119.4 Y119.4
;TYPE:WALL-INNER
G1 F1500 X119.4 Y100.6 E1102.78453
G1 X100.6 Y100.6 E1103.40982
G1 X100.6 Y119.4 E1104.03511
G1 X119.4 Y119.4 E1104.6604
G0 F9000 X119 Y119
G1 F1500 X119 Y101 E1105.25908
G1 X101 Y101 E1105.85776
G1 X101 Y119 E1106.45645
G1 X119 Y119 E1107.05513
G1 F2700 E1098.05513
G0 F9000 X106.155 Y118.8
G0 X106.406 Y117.497
G0 X106.155 Y117.218
G0 X106.155 Y116.863
G1 F2700 E1107.05513
G1 F1500 X105.966 Y116.727 E1107.06287
G1 X105.856 Y116.561 E1107.0695
G1 X105.81 Y116.403 E1107.07497
G1 X105.804 Y114.687 E1107.13204
G1 X105.956 Y114.404 E1107.14273
G1 X106.148 Y114.26 E1107.15071
G1 X106.404 Y114.204 E1107.15943
G1 X110.635 Y114.204 E1107.30015
G1 X105.72 Y104.574 E1107.65975
G1 X105.72 Y103.899 E1107.6822
G1 X105.798 Y103.707 E1107.68909
G1 X105.915 Y103.561 E1107.69532
G1 X106.244 Y103.404 E1107.70744
G1 X114.112 Y103.404 E1107.96913
G1 X114.32 Y103.441 E1107.97616
G1 X114.493 Y103.54 E1107.98279
G1 X114.68 Y103.809 E1107.99368
G1 X114.712 Y104.004 E1108.00026
G1 X114.712 Y105.633 E1108.05444
G1 X114.626 Y105.831 E1108.06162
G1 X114.428 Y106.031 E1108.07098
G1 X114.199 Y106.12 E1108.07915
G1 X109.597 Y106.12 E1108.23221
G1 X114.524 Y115.749 E1108.59197
G1 X114.524 Y116.396 E1108.61349
G1 X114.459 Y116.589 E1108.62026
G1 X114.344 Y116.745 E1108.6267
G1 X114.159 Y116.869 E1108.63411
G1 X113.997 Y116.916 E1108.63972
G1 X106.404 Y116.916 E1108.89227
G1 X106.155 Y116.863 E1108.90073
G0 F9000 X106.155 Y117.218
G0 X114.046 Y117.316
G1 F1500 X106.404 Y117.316 E1109.15491
G1 X105.99 Y117.227 E1109.16899
G1 X105.675 Y117.001 E1109.18189
G1 X105.491 Y116.725 E1109.19292
G1 X105.404 Y116.427 E1109.20324
G1 X105.404 Y114.804 E1109.25723
G1 X105.435 Y114.553 E1109.26564
G1 X105.525 Y114.326 E1109.27376
G1 X105.657 Y114.138 E1109.2814
G1 X105.978 Y113.898 E1109.29473
G1 X106.404 Y113.804 E1109.30924
G1 X109.982 Y113.804 E1109.42824
G1 X105.429 Y104.883 E1109.76137
G1 X105.32 Y104.591 E1109.77173
G1 X105.32 Y103.833 E1109.79695
G1 X105.45 Y103.51 E1109.80853
G1 X105.645 Y103.266 E1109.81891
G1 X105.946 Y103.076 E1109.83075
G1 X106.196 Y103.004 E1109.83941
G1 X114.112 Y103.004 E1110.10269
G1 X114.459 Y103.065 E1110.11441
G1 X114.747 Y103.23 E1110.12545
G1 X114.946 Y103.45 E1110.13532
G1 X115.059 Y103.68 E1110.14384
G1 X115.112 Y104.004 E1110.15476
G1 X115.112 Y105.52 E1110.20518
G1 X115.075 Y105.794 E1110.21438
G1 X114.969 Y106.038 E1110.22323
G1 X114.815 Y106.232 E1110.23147
G1 X114.459 Y106.459 E1110.24551
G1 X114.112 Y106.52 E1110.25723
G1 X110.251 Y106.52 E1110.38564
G1 X114.815 Y115.44 E1110.7189
G1 X114.924 Y115.733 E1110.7293
G1 X114.924 Y116.46 E1110.75348
G1 X114.815 Y116.771 E1110.76444
G1 X114.624 Y117.031 E1110.77517
G1 X114.316 Y117.237 E1110.7875
G1 X114.046 Y117.316 E1110.79685
G0 F9000 X114.099 Y117.674
;TYPE:SKIN
G1 F1500 X106.364 Y117.672 E1111.05412
G1 X105.843 Y117.556 E1111.07187
G1 X105.405 Y117.251 E1111.08963
G1 X105.158 Y116.87 E1111.10473
G1 X105.046 Y116.478 E1111.11829
G1 X105.045 Y114.779 E1111.1748
G1 X105.093 Y114.438 E1111.18625
G1 X105.197 Y114.174 E1111.19569
G1 X105.376 Y113.912 E1111.20624
G1 X105.607 Y113.695 E1111.21678
G1 X106.073 Y113.481 E1111.23384
G1 X106.385 Y113.445 E1111.24428
G1 X109.393 Y113.444 E1111.34433
G1 X105.095 Y105.02 E1111.65888
G1 X104.997 Y104.733 E1111.66896
G1 X104.961 Y104.441 E1111.67875
G1 X104.961 Y103.979 E1111.69411
G1 X105.002 Y103.666 E1111.70461
G1 X105.131 Y103.332 E1111.71652
G1 X105.401 Y102.992 E1111.73096
G1 X105.827 Y102.735 E1111.74751
G1 X106.139 Y102.644 E1111.75832
G1 X114.144 Y102.647 E1112.02457
G1 X114.583 Y102.725 E1112.0394
G1 X114.975 Y102.95 E1112.05443
G1 X115.249 Y103.247 E1112.06787
G1 X115.398 Y103.559 E1112.07937
G1 X115.47 Y103.97 E1112.09325
G1 X115.47 Y105.542 E1112.14553
G1 X115.422 Y105.871 E1112.15659
G1 X115.28 Y106.221 E1112.16915
G1 X115.048 Y106.506 E1112.18138
G1 X114.844 Y106.666 E1112.19
G1 X114.586 Y106.792 E1112.19955
G1 X114.145 Y106.877 E1112.21449
G1 X110.839 Y106.88 E1112.32445
G1 X115.135 Y115.276 E1112.63813
G1 X115.236 Y115.541 E1112.64756
G1 X115.283 Y115.879 E1112.65891
G1 X115.282 Y116.515 E1112.68007
G1 X115.136 Y116.933 E1112.69479
G1 X114.875 Y117.289 E1112.70947
G1 X114.462 Y117.567 E1112.72603
G1 X114.099 Y117.674 E1112.73862
G0 F9000 X114.15 Y118.154
G1 F1054.5 X106.36 Y118.158 E1113.10718
G1 F1036.3 X106.186 Y118.142 E1113.1156
G1 F2700 E1104.1156
G0 F9000 X106.346 Y117.402
G0 X114.068 Y117.497
G0 X114.068 Y118.8
G0 X118.9 Y118.64
G0 X118.64 Y118.64
G1 F2700 E1113.1156
G1 F1500 X118.64 Y101.36 E1113.69033
G1 X101.361 Y101.361 E1114.26503
G1 X101.36 Y118.64 E1114.83974
G1 X118.64 Y118.64 E1115.41447
G0 F9000 X118.9 Y118.64
G0 X118.828 Y101.172
G0 X117.965 Y101.1
G0 X117.965 Y101.56
G1 F1500 X118.44 Y102.035 E1115.43681
G0 F9000 X118.44 Y102.6
G1 F1500 X117.4 Y101.56 E1115.48573
G0 F9000 X116.834 Y101.56
G1 F1500 X118.44 Y103.166 E1115.56127
G0 F9000 X118.44 Y103.732
G1 F1500 X116.268 Y101.56 E1115.66344
G0 F9000 X115.702 Y101.56
G1 F1500 X118.44 Y104.298 E1115.79222
G0 F9000 X118.44 Y104.863
G1 F1500 X115.137 Y101.56 E1115.94759
G0 F9000 X114.571 Y101.56
G1 F1500 X118.44 Y105.429 E1116.12957
G0 F9000 X118.44 Y105.995
G1 F1500 X114.005 Y101.56 E1116.33818
G0 F9000 X113.44 Y101.56
G1 F1500 X114.366 Y102.487 E1116.38176
G0 F9000 X113.758 Y102.444
G1 F1500 X112.874 Y101.56 E1116.42334
G0 F9000 X112.308 Y101.56
G1 F1500 X113.192 Y102.444 E1116.46492
G0 F9000 X112.627 Y102.445
G1 F1500 X111.743 Y101.56 E1116.50653
G0 F9000 X111.177 Y101.56
G1 F1500 X112.062 Y102.446 E1116.54818
G0 F9000 X111.497 Y102.446
G1 F1500 X110.611 Y101.56 E1116.58985
G0 F9000 X110.046 Y101.56
G1 F1500 X110.932 Y102.446 E1116.63153
G0 F9000 X110.366 Y102.446
G1 F1500 X109.481 Y101.561 E1116.67316
G0 F9000 X108.915 Y101.561
G1 F1500 X109.801 Y102.447 E1116.71483
G0 F9000 X109.235 Y102.447
G1 F1500 X108.349 Y101.561 E1116.7565
G0 F9000 X107.784 Y101.561
G1 F1500 X108.67 Y102.448 E1116.7982
G0 F9000 X108.105 Y102.448
G1 F1500 X107.218 Y101.561 E1116.83992
G0 F9000 X106.652 Y101.561
G1 F1500 X107.54 Y102.448 E1116.88167
G0 F9000 X106.975 Y102.449
G1 F1500 X106.087 Y101.561 E1116.92344
G0 F9000 X105.521 Y101.561
G1 F1500 X106.409 Y102.449 E1116.96521
G0 F9000 X105.901 Y102.506
G1 F1500 X104.955 Y101.561 E1117.00968
G0 F9000 X104.389 Y101.561
G1 F1500 X105.514 Y102.686 E1117.0626
G0 F9000 X105.194 Y102.931
G1 F1500 X103.824 Y101.561 E1117.12704
G0 F9000 X103.258 Y101.561
G1 F1500 X104.948 Y103.251 E1117.20653
G0 F9000 X104.802 Y103.67
G1 F1500 X102.692 Y101.561 E1117.30576
G0 F9000 X102.127 Y101.561
G1 F1500 X104.762 Y104.196 E1117.4297
G0 F9000 X104.806 Y104.806
G1 F1500 X101.561 Y101.561 E1117.58233
G0 F9000 X101.56 Y102.126
G1 F1500 X105.302 Y105.868 E1117.75834
G0 F9000 X105.713 Y105.659
G0 X106.303 Y106.815
G0 X105.892 Y107.023
G1 F1500 X101.56 Y102.692 E1117.96209
G0 F9000 X101.56 Y103.257
G1 F1500 X106.481 Y108.178 E1118.19355
G0 F9000 X106.892 Y107.97
G0 X107.482 Y109.126
G0 X107.071 Y109.334
G1 F1500 X101.56 Y103.823 E1118.45277
G0 F9000 X101.56 Y104.389
G1 F1500 X107.661 Y110.489 E1118.73972
G0 F9000 X108.071 Y110.281
G0 X108.661 Y111.436
G0 X108.25 Y111.644
G1 F1500 X101.56 Y104.954 E1119.0544
G0 F9000 X101.56 Y105.52
G1 F1500 X108.84 Y112.8 E1119.39683
G0 F9000 X108.718 Y113.244
G1 F1500 X101.56 Y106.086 E1119.73352
G0 F9000 X101.56 Y106.652
G1 F1500 X108.153 Y113.245 E1120.04363
G0 F9000 X107.588 Y113.245
G1 F1500 X101.56 Y107.217 E1120.32717
G0 F9000 X101.56 Y107.783
G1 F1500 X107.023 Y113.245 E1120.58411
G0 F9000 X106.457 Y113.245
G1 F1500 X101.56 Y108.349 E1120.81443
G0 F9000 X101.56 Y108.914
G1 F1500 X105.959 Y113.312 E1121.02132
G0 F9000 X105.571 Y113.491
G1 F1500 X101.56 Y109.48 E1121.20999
G0 F9000 X101.56 Y110.045
G1 F1500 X105.263 Y113.748 E1121.38416
G0 F9000 X105.022 Y114.073
G1 F1500 X101.56 Y110.611 E1121.547
G0 F9000 X101.56 Y111.176
G1 F1500 X104.879 Y114.496 E1121.70314
G0 F9000 X104.847 Y115.029
G1 F1500 X101.56 Y111.742 E1121.85775
G0 F9000 X101.56 Y112.308
G1 F1500 X104.848 Y115.596 E1122.01241
G0 F9000 X104.849 Y116.163
G1 F1500 X101.56 Y112.873 E1122.16714
G0 F9000 X101.56 Y113.439
G1 F1500 X104.935 Y116.815 E1122.32591
G1 F2700 E1113.32591
G0 F9000 X105.377 Y116.689
G0 X105.915 Y117.391
G0 X105.915 Y118.8
G0 X104.863 Y118.9
G0 X104.863 Y118.44
G1 F2700 E1122.32591
G1 F1500 X101.56 Y115.136 E1122.4813
G0 F9000 X101.56 Y115.702
G1 F1500 X104.298 Y118.44 E1122.61009
G0 F9000 X103.732 Y118.44
G1 F1500 X101.56 Y116.267 E1122.71227
G0 F9000 X101.56 Y116.833
G1 F1500 X103.166 Y118.44 E1122.78784
G0 F9000 X102.6 Y118.44
G1 F1500 X101.56 Y117.399 E1122.83678
G0 F9000 X101.56 Y117.965
G1 F1500 X102.035 Y118.44 E1122.85912
G0 F9000 X102.035 Y118.9
G0 X105.429 Y118.9
G0 X105.429 Y118.44
G1 F1500 X101.56 Y114.57 E1123.04113
G0 F9000 X101.56 Y114.005
G1 F1500 X105.834 Y118.279 E1123.24217
G1 F2700 E1114.24217
G0 F9000 X105.834 Y118.9
G0 X114.293 Y118.8
G0 X114.068 Y117.497
G0 X114.293 Y117.347
G0 X114.434 Y117.828
G1 F2700 E1123.24217
G1 F1500 X115.046 Y118.44 E1123.27096
G0 F9000 X115.611 Y118.44
G1 F1500 X114.772 Y117.6 E1123.31044
G0 F9000 X115.082 Y117.344
G1 F1500 X116.177 Y118.44 E1123.36197
G0 F9000 X116.743 Y118.44
G1 F1500 X115.318 Y117.015 E1123.429
G0 F9000 X115.463 Y116.594
G1 F1500 X117.308 Y118.44 E1123.51581
G0 F9000 X117.874 Y118.44
G1 F1500 X115.48 Y116.046 E1123.62841
G0 F9000 X115.394 Y115.394
G1 F1500 X118.44 Y118.44 E1123.77169
G0 F9000 X118.44 Y117.874
G1 F1500 X114.848 Y114.283 E1123.94062
G0 F9000 X114.441 Y114.49
G0 X113.849 Y113.332
G0 X114.256 Y113.125
G1 F1500 X118.44 Y117.308 E1124.1374
G0 F9000 X118.44 Y116.743
G1 F1500 X113.665 Y111.968 E1124.362
G0 F9000 X113.257 Y112.175
G0 X112.665 Y111.018
G0 X113.073 Y110.81
G1 F1500 X118.44 Y116.177 E1124.61445
G0 F9000 X118.44 Y115.611
G1 F1500 X112.481 Y109.652 E1124.89474
G0 F9000 X112.072 Y109.86
G0 X111.48 Y108.703
G0 X111.889 Y108.495
G1 F1500 X118.44 Y115.046 E1125.20288
G0 F9000 X118.44 Y114.48
G1 F1500 X111.297 Y107.337 E1125.53886
G0 F9000 X111.605 Y107.079
G1 F1500 X118.44 Y113.914 E1125.86036
G0 F9000 X118.44 Y113.349
G1 F1500 X112.17 Y107.079 E1126.15528
G0 F9000 X112.734 Y107.077
G1 F1500 X118.44 Y112.783 E1126.42368
G0 F9000 X118.44 Y112.217
G1 F1500 X113.299 Y107.076 E1126.66549
G0 F9000 X113.863 Y107.075
G1 F1500 X118.44 Y111.651 E1126.88076
G0 F9000 X118.44 Y111.086
G1 F1500 X114.388 Y107.034 E1127.07135
G0 F9000 X114.822 Y106.903
G1 F1500 X118.44 Y110.52 E1127.24151
G0 F9000 X118.44 Y109.954
G1 F1500 X115.159 Y106.673 E1127.39584
G0 F9000 X115.418 Y106.367
G1 F1500 X118.44 Y109.389 E1127.53798
G0 F9000 X118.44 Y108.823
G1 F1500 X115.597 Y105.98 E1127.67171
G0 F9000 X115.668 Y105.485
G1 F1500 X118.44 Y108.257 E1127.80209
G0 F9000 X118.44 Y107.692
G1 F1500 X115.667 Y104.919 E1127.93253
G0 F9000 X115.666 Y104.353
G1 F1500 X118.44 Y107.126 E1128.06298
G0 F9000 X118.44 Y106.56
G1 F1500 X115.633 Y103.754 E1128.19499
;MESH:NONMESH
G0 F300 X115.633 Y103.754 Z19.5
G0 F9000 X115.182 Y103.828
G0 X114.909 Y106.372
G0 X110.544 Y106.7
G0 X114.765 Y115.696
G0 X114.755 Y117.146
G0 X113.959 Y117.218
G0 X113.959 Y116.513
;TIME_ELAPSED:1763.240035
;LAYER:97
;TYPE:WALL-OUTER
;MESH:xyzCalibration_cube.stl
G1 F1500 X106.344 Y116.516 E1128.44827
G1 X106.258 Y116.453 E1128.45182
G1 X106.206 Y116.345 E1128.4558
G1 X106.21 Y114.753 E1128.50875
G1 X106.342 Y114.604 E1128.51537
G1 X111.289 Y114.604 E1128.67991
G1 X106.125 Y104.476 E1129.05803
G1 X106.126 Y103.954 E1129.07539
G1 X106.185 Y103.856 E1129.0792
G1 X106.285 Y103.806 E1129.08291
G1 X114.161 Y103.804 E1129.34487
G1 X114.312 Y103.953 E1129.35193
G1 X114.31 Y105.555 E1129.40521
G1 X114.2 Y105.717 E1129.41172
G1 X108.943 Y105.72 E1129.58657
G1 X114.119 Y115.848 E1129.96487
G1 X114.122 Y116.351 E1129.9816
G1 X114.064 Y116.459 E1129.98568
G1 X113.959 Y116.513 E1129.98961
G1 F2700 E1120.98961
G0 F9000 X113.959 Y117.218
G0 X114.755 Y117.146
G0 X114.976 Y116.853
G0 X114.976 Y118.8
G0 X119.8 Y119.8
G1 F2700 E1129.98961
G1 F1500 X119.8 Y100.2 E1130.6415
G1 X100.2 Y100.2 E1131.2934
G1 X100.2 Y119.8 E1131.9453
G1 X119.8 Y119.8 E1132.5972
G0 F9000 X119.4 Y119.4
;TYPE:WALL-INNER
G1 F1500 X119.4 Y100.6 E1133.22249
G1 X100.6 Y100.6 E1133.84778
G1 X100.6 Y119.4 E1134.47307
G1 X119.4 Y119.4 E1135.09836
G0 F9000 X119 Y119
G1 F1500 X119 Y101 E1135.69705
G1 X101 Y101 E1136.29573
G1 X101 Y119 E1136.89441
G1 X119 Y119 E1137.49309
G1 F2700 E1128.49309
G0 F9000 X106.155 Y118.8
G0 X106.406 Y117.497
G0 X106.155 Y117.218
G0 X106.155 Y116.863
G1 F2700 E1137.49309
G1 F1500 X105.966 Y116.727 E1137.50084
G1 X105.856 Y116.561 E1137.50746
G1 X105.81 Y116.403 E1137.51293
G1 X105.804 Y114.699 E1137.56961
G1 X105.956 Y114.404 E1137.58065
G1 X106.148 Y114.26 E1137.58863
G1 X106.404 Y114.204 E1137.59735
G1 X110.635 Y114.204 E1137.73807
G1 X105.72 Y104.574 E1138.09767
G1 X105.72 Y103.899 E1138.12012
G1 X105.798 Y103.707 E1138.12701
G1 X105.915 Y103.561 E1138.13324
G1 X106.244 Y103.404 E1138.14536
G1 X114.112 Y103.404 E1138.40705
G1 X114.32 Y103.441 E1138.41408
G1 X114.493 Y103.54 E1138.42071
G1 X114.68 Y103.809 E1138.4316
G1 X114.712 Y104.004 E1138.43818
G1 X114.712 Y105.633 E1138.49236
G1 X114.626 Y105.831 E1138.49954
G1 X114.428 Y106.031 E1138.5089
G1 X114.199 Y106.12 E1138.51707
G1 X109.597 Y106.12 E1138.67013
G1 X114.524 Y115.749 E1139.02988
G1 X114.524 Y116.396 E1139.0514
G1 X114.459 Y116.589 E1139.05818
G1 X114.344 Y116.745 E1139.06462
G1 X114.159 Y116.869 E1139.07203
G1 X113.997 Y116.916 E1139.07764
G1 X106.404 Y116.916 E1139.33019
G1 X106.155 Y116.863 E1139.33865
G0 F9000 X106.155 Y117.218
G0 X114.046 Y117.316
G1 F1500 X106.404 Y117.316 E1139.59283
G1 X105.99 Y117.227 E1139.60691
G1 X105.675 Y117.001 E1139.61981
G1 X105.491 Y116.725 E1139.63084
G1 X105.404 Y116.427 E1139.64116
G1 X105.404 Y114.804 E1139.69514
G1 X105.435 Y114.553 E1139.70356
G1 X105.525 Y114.326 E1139.71168
G1 X105.657 Y114.138 E1139.71932
G1 X105.978 Y113.898 E1139.73265
G1 X106.404 Y113.804 E1139.74716
G1 X109.982 Y113.804 E1139.86616
G1 X105.429 Y104.883 E1140.19929
G1 X105.32 Y104.591 E1140.20965
G1 X105.32 Y103.833 E1140.23486
G1 X105.45 Y103.51 E1140.24644
G1 X105.645 Y103.266 E1140.25683
G1 X105.946 Y103.076 E1140.26867
G1 X106.196 Y103.004 E1140.27733
G1 X114.112 Y103.004 E1140.54061
G1 X114.459 Y103.065 E1140.55233
G1 X114.747 Y103.23 E1140.56337
G1 X114.946 Y103.45 E1140.57324
G1 X115.059 Y103.68 E1140.58176
G1 X115.112 Y104.004 E1140.59268
G1 X115.112 Y105.52 E1140.6431
G1 X115.075 Y105.794 E1140.6523
G1 X114.969 Y106.038 E1140.66115
G1 X114.815 Y106.232 E1140.66938
G1 X114.459 Y106.459 E1140.68343
G1 X114.112 Y106.52 E1140.69515
G1 X110.251 Y106.52 E1140.82356
G1 X114.815 Y115.44 E1141.15682
G1 X114.924 Y115.733 E1141.16722
G1 X114.924 Y116.46 E1141.1914
G1 X114.815 Y116.771 E1141.20236
G1 X114.624 Y117.031 E1141.21309
G1 X114.316 Y117.237 E1141.22542
G1 X114.046 Y117.316 E1141.23477
G0 F9000 X114.099 Y117.674
;TYPE:SKIN
G1 F1500 X106.364 Y117.672 E1141.49204
G1 X105.843 Y117.556 E1141.50979
G1 X105.405 Y117.251 E1141.52755
G1 X105.158 Y116.87 E1141.54265
G1 X105.046 Y116.478 E1141.55621
G1 X105.045 Y114.779 E1141.61272
G1 X105.093 Y114.438 E1141.62417
G1 X105.197 Y114.174 E1141.63361
G1 X105.376 Y113.912 E1141.64416
G1 X105.607 Y113.695 E1141.6547
G1 X106.073 Y113.481 E1141.67176
G1 X106.385 Y113.445 E1141.6822
G1 X109.393 Y113.444 E1141.78225
G1 X105.095 Y105.02 E1142.09679
G1 X104.997 Y104.733 E1142.10688
G1 X104.961 Y104.441 E1142.11667
G1 X104.961 Y103.979 E1142.13203
G1 X105.002 Y103.666 E1142.14253
G1 X105.131 Y103.332 E1142.15444
G1 X105.401 Y102.992 E1142.16888
G1 X105.827 Y102.735 E1142.18543
G1 X106.139 Y102.644 E1142.19624
G1 X114.144 Y102.647 E1142.46249
G1 X114.583 Y102.725 E1142.47732
G1 X114.975 Y102.95 E1142.49235
G1 X115.249 Y103.247 E1142.50579
G1 X115.398 Y103.559 E1142.51729
G1 X115.47 Y103.97 E1142.53117
G1 X115.472 Y105.512 E1142.58245
G1 X115.422 Y105.871 E1142.59451
G1 X115.28 Y106.221 E1142.60707
G1 X115.048 Y106.506 E1142.61929
G1 X114.844 Y106.666 E1142.62792
G1 X114.586 Y106.792 E1142.63747
G1 X114.145 Y106.877 E1142.65241
G1 X110.839 Y106.88 E1142.76236
G1 X115.135 Y115.276 E1143.07605
G1 X115.236 Y115.541 E1143.08548
G1 X115.283 Y115.879 E1143.09683
G1 X115.282 Y116.515 E1143.11798
G1 X115.136 Y116.933 E1143.13271
G1 X114.875 Y117.289 E1143.14739
G1 X114.462 Y117.567 E1143.16395
G1 X114.099 Y117.674 E1143.17654
G0 F9000 X114.15 Y118.154
G1 F1054.5 X106.36 Y118.158 E1143.5451
G1 F1036.3 X106.186 Y118.142 E1143.55351
G1 F2700 E1134.55351
G0 F9000 X106.346 Y117.402
G0 X114.068 Y117.497
G0 X114.068 Y118.8
G0 X118.9 Y118.64
G0 X118.64 Y118.64
G1 F2700 E1143.55351
G1 F1500 X118.64 Y101.36 E1144.12825
G1 X101.361 Y101.361 E1144.70295
G1 X101.36 Y118.64 E1145.27765
G1 X118.64 Y118.64 E1145.85239
G0 F9000 X118.017 Y118.44
G1 F1500 X118.44 Y118.017 E1145.87229
G0 F9000 X118.44 Y117.451
G1 F1500 X117.451 Y118.44 E1145.9188
G0 F9000 X116.885 Y118.44
G1 F1500 X118.44 Y116.885 E1145.99195
G0 F9000 X118.44 Y116.32
G1 F1500 X116.32 Y118.44 E1146.09167
G0 F9000 X115.754 Y118.44
G1 F1500 X118.44 Y115.754 E1146.21801
G0 F9000 X118.44 Y115.188
G1 F1500 X115.188 Y118.44 E1146.37097
G0 F9000 X114.623 Y118.44
G1 F1500 X118.44 Y114.623 E1146.55051
G0 F9000 X118.44 Y114.057
G1 F1500 X114.426 Y118.071 E1146.73932
G0 F9000 X114.22 Y117.368
G0 X114.755 Y117.146
G0 X115.024 Y116.451
G0 X115.48 Y116.451
G1 F1500 X118.44 Y113.491 E1146.87855
G0 F9000 X118.44 Y112.926
G1 F1500 X115.482 Y115.883 E1147.01766
G0 F9000 X115.398 Y115.402
G1 F1500 X118.44 Y112.36 E1147.16074
G0 F9000 X118.44 Y111.794
G1 F1500 X115.222 Y115.012 E1147.31211
G0 F9000 X115.031 Y114.638
G1 F1500 X118.44 Y111.229 E1147.47246
G0 F9000 X118.44 Y110.663
G1 F1500 X114.839 Y114.264 E1147.64184
G0 F9000 X114.648 Y113.889
G1 F1500 X118.44 Y110.097 E1147.8202
G0 F9000 X118.44 Y109.532
G1 F1500 X114.457 Y113.515 E1148.00755
G0 F9000 X114.265 Y113.141
G1 F1500 X118.44 Y108.966 E1148.20393
G0 F9000 X118.44 Y108.4
G1 F1500 X114.074 Y112.766 E1148.40929
G0 F9000 X113.882 Y112.392
G1 F1500 X118.44 Y107.834 E1148.62369
G0 F9000 X118.44 Y107.269
G1 F1500 X113.691 Y112.018 E1148.84707
G0 F9000 X113.5 Y111.643
G1 F1500 X118.44 Y106.703 E1149.07943
G0 F9000 X118.44 Y106.137
G1 F1500 X113.308 Y111.269 E1149.32082
G0 F9000 X113.117 Y110.895
G1 F1500 X118.44 Y105.572 E1149.5712
G0 F9000 X118.44 Y105.006
G1 F1500 X112.926 Y110.52 E1149.83056
G0 F9000 X112.734 Y110.146
G1 F1500 X118.44 Y104.44 E1150.09895
G0 F9000 X118.44 Y103.875
G1 F1500 X112.542 Y109.772 E1150.37635
G0 F9000 X112.351 Y109.397
G1 F1500 X114.867 Y106.881 E1150.4947
G0 F9000 X114.109 Y107.074
G1 F1500 X112.16 Y109.023 E1150.58637
G0 F9000 X111.968 Y108.649
G1 F1500 X113.542 Y107.075 E1150.66041
G0 F9000 X112.975 Y107.076
G1 F1500 X111.777 Y108.274 E1150.71676
G0 F9000 X111.586 Y107.9
G1 F1500 X112.409 Y107.077 E1150.75547
G0 F9000 X111.842 Y107.079
G1 F1500 X111.394 Y107.526 E1150.77652
G0 F9000 X111.203 Y107.151
G1 F1500 X111.275 Y107.079 E1150.77991
G0 F9000 X111.275 Y106.62
G0 X114.94 Y106.348
G0 X115.055 Y106.09
G0 X115.474 Y106.275
G1 F1500 X118.44 Y103.309 E1150.91942
G0 F9000 X118.44 Y102.743
G1 F1500 X115.672 Y105.511 E1151.04962
G0 F9000 X115.671 Y104.947
G1 F1500 X118.44 Y102.178 E1151.17986
G0 F9000 X118.44 Y101.612
G1 F1500 X115.669 Y104.383 E1151.3102
G0 F9000 X115.649 Y103.837
G1 F1500 X117.926 Y101.56 E1151.4173
G0 F9000 X117.361 Y101.56
G1 F1500 X115.536 Y103.385 E1151.50315
G0 F9000 X115.323 Y103.032
G1 F1500 X116.795 Y101.56 E1151.57239
G0 F9000 X116.229 Y101.56
G1 F1500 X115.034 Y102.755 E1151.62859
G0 F9000 X114.675 Y102.548
G1 F1500 X115.664 Y101.56 E1151.67509
G0 F9000 X115.098 Y101.56
G1 F1500 X114.198 Y102.46 E1151.71742
G0 F9000 X113.647 Y102.445
G1 F1500 X114.532 Y101.56 E1151.75905
G0 F9000 X113.967 Y101.56
G1 F1500 X113.081 Y102.446 E1151.80073
G0 F9000 X112.515 Y102.446
G1 F1500 X113.401 Y101.56 E1151.8424
G0 F9000 X112.835 Y101.56
G1 F1500 X111.948 Y102.446 E1151.8841
G0 F9000 X111.383 Y102.446
G1 F1500 X112.269 Y101.56 E1151.92577
G0 F9000 X111.704 Y101.56
G1 F1500 X110.816 Y102.447 E1151.96752
G0 F9000 X110.251 Y102.447
G1 F1500 X111.138 Y101.56 E1152.00924
G0 F9000 X110.572 Y101.56
G1 F1500 X109.684 Y102.448 E1152.05101
G0 F9000 X109.119 Y102.448
G1 F1500 X110.007 Y101.56 E1152.09278
G0 F9000 X109.44 Y101.56
G1 F1500 X108.552 Y102.448 E1152.13455
G0 F9000 X107.986 Y102.449
G1 F1500 X108.875 Y101.56 E1152.17636
G0 F9000 X108.309 Y101.56
G1 F1500 X107.42 Y102.449 E1152.21818
G0 F9000 X106.854 Y102.45
G1 F1500 X107.743 Y101.56 E1152.26002
G0 F9000 X107.178 Y101.56
G1 F1500 X106.288 Y102.45 E1152.30188
G0 F9000 X105.439 Y102.733
G1 F1500 X106.612 Y101.56 E1152.35706
G0 F9000 X106.046 Y101.56
G1 F1500 X101.561 Y106.046 E1152.56804
G0 F9000 X101.561 Y106.611
G1 F1500 X105.008 Y103.164 E1152.73018
G0 F9000 X104.762 Y103.976
G1 F1500 X101.561 Y107.177 E1152.88074
G0 F9000 X101.561 Y107.743
G1 F1500 X104.77 Y104.534 E1153.03168
G0 F9000 X104.875 Y104.994
G1 F1500 X101.561 Y108.308 E1153.18756
G0 F9000 X101.561 Y108.874
G1 F1500 X105.053 Y105.382 E1153.35182
G0 F9000 X105.244 Y105.756
G1 F1500 X101.561 Y109.44 E1153.52508
G0 F9000 X101.56 Y110.006
G1 F1500 X105.436 Y106.13 E1153.70739
G0 F9000 X105.627 Y106.505
G1 F1500 X101.56 Y110.572 E1153.89869
G0 F9000 X101.56 Y111.137
G1 F1500 X105.818 Y106.88 E1154.09895
G0 F9000 X106.009 Y107.255
G1 F1500 X101.56 Y111.703 E1154.30819
G0 F9000 X101.56 Y112.269
G1 F1500 X106.2 Y107.629 E1154.52645
G0 F9000 X106.391 Y108.003
G1 F1500 X101.56 Y112.834 E1154.75368
G0 F9000 X101.56 Y113.4
G1 F1500 X106.582 Y108.378 E1154.9899
G0 F9000 X106.774 Y108.752
G1 F1500 X101.56 Y113.966 E1155.23515
G0 F9000 X101.56 Y114.531
G1 F1500 X106.965 Y109.127 E1155.48936
G0 F9000 X107.156 Y109.502
G1 F1500 X101.56 Y115.097 E1155.75256
G0 F9000 X101.56 Y115.663
G1 F1500 X107.347 Y109.876 E1156.02476
G0 F9000 X107.538 Y110.251
G1 F1500 X101.56 Y116.229 E1156.30595
G0 F9000 X101.56 Y116.794
G1 F1500 X107.729 Y110.625 E1156.59612
G0 F9000 X107.921 Y111
G1 F1500 X101.56 Y117.36 E1156.8953
G0 F9000 X101.56 Y117.926
G1 F1500 X104.863 Y114.623 E1157.05066
G0 F9000 X104.847 Y115.205
G1 F1500 X101.611 Y118.44 E1157.20285
G0 F9000 X102.177 Y118.44
G1 F1500 X104.848 Y115.77 E1157.32846
G0 F9000 X104.848 Y116.335
G1 F1500 X102.743 Y118.44 E1157.42747
G0 F9000 X103.308 Y118.44
G1 F1500 X104.935 Y116.814 E1157.50398
G0 F9000 X105.126 Y117.189
G1 F1500 X103.874 Y118.44 E1157.56285
G0 F9000 X104.44 Y118.44
G1 F1500 X105.394 Y117.486 E1157.60772
G0 F9000 X105.728 Y117.718
G1 F1500 X105.005 Y118.44 E1157.6417
G0 F9000 X105.571 Y118.44
G1 F1500 X105.879 Y118.132 E1157.65619
G1 F2700 E1148.65619
G0 F9000 X105.879 Y118.9
G0 X106.276 Y118.8
G0 X106.406 Y117.497
G0 X105.578 Y117.146
G0 X105.578 Y113.977
G0 X106.276 Y113.72
G0 X106.224 Y113.262
G1 F2700 E1157.65619
G1 F1500 X108.112 Y111.374 E1157.745
G0 F9000 X108.303 Y111.749
G1 F1500 X106.806 Y113.246 E1157.81541
G0 F9000 X107.372 Y113.245
G1 F1500 X108.494 Y112.123 E1157.86819
G0 F9000 X108.685 Y112.498
G1 F1500 X107.938 Y113.245 E1157.90332
G0 F9000 X108.504 Y113.245
G1 F1500 X108.876 Y112.873 E1157.92082
G1 F2700 E1148.92082
G0 F9000 X109.288 Y112.664
G0 X105.269 Y104.966
G0 X101.2 Y104.966
G0 X101.1 Y105.48
G0 X101.561 Y105.48
G1 F2700 E1157.92082
G1 F1500 X105.481 Y101.56 E1158.1052
G0 F9000 X104.915 Y101.56
G1 F1500 X101.561 Y104.914 E1158.26297
G0 F9000 X101.561 Y104.348
G1 F1500 X104.349 Y101.56 E1158.39411
G0 F9000 X103.783 Y101.56
G1 F1500 X101.561 Y103.783 E1158.49864
G0 F9000 X101.561 Y103.217
G1 F1500 X103.218 Y101.56 E1158.57659
G0 F9000 X102.652 Y101.56
G1 F1500 X101.561 Y102.651 E1158.6279
G0 F9000 X101.561 Y102.086
G1 F1500 X102.086 Y101.56 E1158.65262
G1 F2700 E1149.65262
;MESH:NONMESH
G0 F300 X102.086 Y101.56 Z19.7
G0 F9000 X102.086 Y101.1
G0 X113.959 Y101.2
G0 X113.959 Y102.824
G0 X114.94 Y103.179
G0 X114.94 Y106.348
G0 X110.544 Y106.7
G0 X114.765 Y115.696
G0 X114.755 Y117.146
G0 X113.959 Y117.218
G0 X113.959 Y116.513
;TIME_ELAPSED:1815.870224
;LAYER:98
;TYPE:WALL-OUTER
;MESH:xyzCalibration_cube.stl
G1 F2700 E1158.65262
G1 F1500 X106.344 Y116.516 E1158.9059
G1 X106.258 Y116.453 E1158.90944
G1 X106.206 Y116.345 E1158.91343
G1 X106.21 Y114.753 E1158.96638
G1 X106.342 Y114.604 E1158.973
G1 X111.289 Y114.604 E1159.13754
G1 X106.125 Y104.476 E1159.51566
G1 X106.126 Y103.954 E1159.53302
G1 X106.185 Y103.856 E1159.53682
G1 X106.285 Y103.806 E1159.54054
G1 X114.161 Y103.804 E1159.8025
G1 X114.312 Y103.953 E1159.80955
G1 X114.31 Y105.555 E1159.86284
G1 X114.2 Y105.717 E1159.86935
G1 X108.943 Y105.72 E1160.0442
G1 X114.119 Y115.848 E1160.4225
G1 X114.122 Y116.351 E1160.43923
G1 X114.064 Y116.459 E1160.44331
G1 X113.959 Y116.513 E1160.44723
G1 F2700 E1151.44723
G0 F9000 X113.959 Y117.218
G0 X114.755 Y117.146
G0 X114.976 Y116.853
G0 X114.976 Y118.8
G0 X119.8 Y119.8
G1 F2700 E1160.44723
G1 F1500 X119.8 Y100.2 E1161.09913
G1 X100.2 Y100.2 E1161.75103
G1 X100.2 Y119.8 E1162.40293
G1 X119.8 Y119.8 E1163.05483
G0 F9000 X119.4 Y119.4
;TYPE:WALL-INNER
G1 F1500 X119.4 Y100.6 E1163.68012
G1 X100.6 Y100.6 E1164.30541
G1 X100.6 Y119.4 E1164.9307
G1 X119.4 Y119.4 E1165.55599
G0 F9000 X119 Y119
G1 F1500 X119 Y101 E1166.15467
G1 X101 Y101 E1166.75335
G1 X101 Y119 E1167.35204
G1 X119 Y119 E1167.95072
G1 F2700 E1158.95072
G0 F9000 X106.155 Y118.8
G0 X106.406 Y117.497
G0 X106.155 Y117.218
G0 X106.155 Y116.863
G1 F2700 E1167.95072
G1 F1500 X105.966 Y116.727 E1167.95846
G1 X105.856 Y116.561 E1167.96509
G1 X105.81 Y116.403 E1167.97056
G1 X105.804 Y114.699 E1168.02724
G1 X105.956 Y114.404 E1168.03827
G1 X106.148 Y114.26 E1168.04626
G1 X106.404 Y114.204 E1168.05497
G1 X110.635 Y114.204 E1168.1957
G1 X105.72 Y104.574 E1168.5553
G1 X105.72 Y103.899 E1168.57775
G1 X105.798 Y103.707 E1168.58464
G1 X105.915 Y103.561 E1168.59086
G1 X106.244 Y103.404 E1168.60299
G1 X114.112 Y103.404 E1168.86468
G1 X114.32 Y103.441 E1168.8717
G1 X114.493 Y103.54 E1168.87833
G1 X114.68 Y103.809 E1168.88923
G1 X114.712 Y104.004 E1168.8958
G1 X114.712 Y105.633 E1168.94998
G1 X114.626 Y105.831 E1168.95716
G1 X114.428 Y106.031 E1168.96652
G1 X114.199 Y106.12 E1168.9747
G1 X109.597 Y106.12 E1169.12776
G1 X114.524 Y115.749 E1169.48751
G1 X114.524 Y116.396 E1169.50903
G1 X114.459 Y116.589 E1169.5158
G1 X114.344 Y116.745 E1169.52225
G1 X114.159 Y116.869 E1169.52966
G1 X113.997 Y116.916 E1169.53527
G1 X106.404 Y116.916 E1169.78781
G1 X106.155 Y116.863 E1169.79628
G0 F9000 X106.155 Y117.218
G0 X114.046 Y117.316
G1 F1500 X106.404 Y117.316 E1170.05045
G1 X105.99 Y117.227 E1170.06454
G1 X105.675 Y117.001 E1170.07743
G1 X105.491 Y116.725 E1170.08846
G1 X105.404 Y116.427 E1170.09879
G1 X105.404 Y114.804 E1170.15277
G1 X105.435 Y114.553 E1170.16118
G1 X105.525 Y114.326 E1170.1693
G1 X105.657 Y114.138 E1170.17695
G1 X105.978 Y113.898 E1170.19028
G1 X106.404 Y113.804 E1170.20479
G1 X109.982 Y113.804 E1170.32379
G1 X105.429 Y104.883 E1170.65691
G1 X105.32 Y104.591 E1170.66728
G1 X105.32 Y103.833 E1170.69249
G1 X105.45 Y103.51 E1170.70407
G1 X105.645 Y103.266 E1170.71446
G1 X105.946 Y103.076 E1170.7263
G1 X106.196 Y103.004 E1170.73495
G1 X114.112 Y103.004 E1170.99824
G1 X114.459 Y103.065 E1171.00996
G1 X114.747 Y103.23 E1171.021
G1 X114.946 Y103.45 E1171.03086
G1 X115.059 Y103.68 E1171.03939
G1 X115.112 Y104.004 E1171.05031
G1 X115.112 Y105.52 E1171.10073
G1 X115.075 Y105.794 E1171.10993
G1 X114.969 Y106.038 E1171.11877
G1 X114.815 Y106.232 E1171.12701
G1 X114.459 Y106.459 E1171.14105
G1 X114.112 Y106.52 E1171.15277
G1 X110.251 Y106.52 E1171.28119
G1 X114.815 Y115.44 E1171.61445
G1 X114.924 Y115.733 E1171.62485
G1 X114.924 Y116.46 E1171.64903
G1 X114.815 Y116.771 E1171.65999
G1 X114.624 Y117.031 E1171.67072
G1 X114.316 Y117.237 E1171.68304
G1 X114.046 Y117.316 E1171.6924
G0 F9000 X114.099 Y117.674
;TYPE:SKIN
G1 F1500 X106.364 Y117.672 E1171.94967
G1 X105.843 Y117.556 E1171.96742
G1 X105.405 Y117.251 E1171.98517
G1 X105.158 Y116.87 E1172.00027
G1 X105.046 Y116.478 E1172.01383
G1 X105.045 Y114.779 E1172.07034
G1 X105.093 Y114.438 E1172.0818
G1 X105.197 Y114.174 E1172.09123
G1 X105.376 Y113.912 E1172.10179
G1 X105.607 Y113.695 E1172.11233
G1 X106.073 Y113.481 E1172.12938
G1 X106.385 Y113.445 E1172.13983
G1 X109.393 Y113.444 E1172.23988
G1 X105.095 Y105.02 E1172.55442
G1 X104.997 Y104.733 E1172.56451
G1 X104.961 Y104.441 E1172.57429
G1 X104.961 Y103.979 E1172.58966
G1 X105.002 Y103.666 E1172.60016
G1 X105.131 Y103.332 E1172.61207
G1 X105.401 Y102.992 E1172.62651
G1 X105.827 Y102.735 E1172.64306
G1 X106.139 Y102.644 E1172.65386
G1 X114.144 Y102.647 E1172.92011
G1 X114.583 Y102.725 E1172.93494
G1 X114.975 Y102.95 E1172.94998
G1 X115.249 Y103.247 E1172.96342
G1 X115.398 Y103.559 E1172.97492
G1 X115.47 Y103.97 E1172.98879
G1 X115.47 Y105.542 E1173.04108
G1 X115.422 Y105.871 E1173.05214
G1 X115.28 Y106.221 E1173.0647
G1 X115.048 Y106.506 E1173.07692
G1 X114.844 Y106.666 E1173.08554
G1 X114.586 Y106.792 E1173.09509
G1 X114.145 Y106.877 E1173.11003
G1 X110.839 Y106.88 E1173.21999
G1 X115.135 Y115.276 E1173.53367
G1 X115.236 Y115.541 E1173.54311
G1 X115.283 Y115.879 E1173.55446
G1 X115.282 Y116.515 E1173.57561
G1 X115.136 Y116.933 E1173.59034
G1 X114.875 Y117.289 E1173.60502
G1 X114.462 Y117.567 E1173.62158
G1 X114.099 Y117.674 E1173.63416
G0 F9000 X114.15 Y118.154
G1 F1054.5 X106.36 Y118.158 E1174.00273
G1 F1036.3 X106.186 Y118.142 E1174.01114
G1 F2700 E1165.01114
G0 F9000 X106.346 Y117.402
G0 X114.068 Y117.497
G0 X114.068 Y118.8
G0 X118.9 Y118.64
G0 X118.64 Y118.64
G1 F2700 E1174.01114
G1 F1500 X118.64 Y101.36 E1174.58588
G1 X101.361 Y101.361 E1175.16058
G1 X101.36 Y118.64 E1175.73528
G1 X118.64 Y118.64 E1176.31002
G0 F9000 X118.9 Y118.64
G0 X118.9 Y102.035
G0 X118.44 Y102.035
G1 F1500 X117.965 Y101.56 E1176.33236
G0 F9000 X117.4 Y101.56
G1 F1500 X118.44 Y102.6 E1176.38128
G0 F9000 X118.44 Y103.166
G1 F1500 X116.834 Y101.56 E1176.45682
G0 F9000 X116.268 Y101.56
G1 F1500 X118.44 Y103.732 E1176.55898
G0 F9000 X118.44 Y104.298
G1 F1500 X115.702 Y101.56 E1176.68777
G0 F9000 X115.137 Y101.56
G1 F1500 X118.44 Y104.863 E1176.84313
G0 F9000 X118.44 Y105.429
G1 F1500 X114.571 Y101.56 E1177.02512
G0 F9000 X114.005 Y101.56
G1 F1500 X118.44 Y105.995 E1177.23373
G1 F2700 E1168.23373
G0 F9000 X118.9 Y105.995
G0 X118.8 Y102.936
G0 X110.445 Y102.844
G0 X114.286 Y102.936
G0 X114.366 Y102.487
G1 F2700 E1177.23373
G1 F1500 X113.44 Y101.56 E1177.27731
G0 F9000 X112.874 Y101.56
G1 F1500 X113.758 Y102.444 E1177.31889
G0 F9000 X113.192 Y102.444
G1 F1500 X112.308 Y101.56 E1177.36047
G0 F9000 X111.743 Y101.56
G1 F1500 X112.627 Y102.445 E1177.40207
G0 F9000 X112.062 Y102.446
G1 F1500 X111.177 Y101.56 E1177.44372
G0 F9000 X110.611 Y101.56
G1 F1500 X111.497 Y102.446 E1177.4854
G0 F9000 X110.932 Y102.446
G1 F1500 X110.046 Y101.56 E1177.52707
G0 F9000 X109.481 Y101.561
G1 F1500 X110.366 Y102.446 E1177.5687
G0 F9000 X109.801 Y102.447
G1 F1500 X108.915 Y101.561 E1177.61038
G0 F9000 X108.349 Y101.561
G1 F1500 X109.235 Y102.447 E1177.65205
G0 F9000 X108.67 Y102.448
G1 F1500 X107.784 Y101.561 E1177.69375
G0 F9000 X107.218 Y101.561
G1 F1500 X108.105 Y102.448 E1177.73547
G0 F9000 X107.54 Y102.448
G1 F1500 X106.652 Y101.561 E1177.77722
G0 F9000 X106.087 Y101.561
G1 F1500 X106.975 Y102.449 E1177.81898
G0 F9000 X106.409 Y102.449
G1 F1500 X105.521 Y101.561 E1177.86075
G0 F9000 X104.955 Y101.561
G1 F1500 X105.901 Y102.506 E1177.90523
G0 F9000 X105.514 Y102.686
G1 F1500 X104.389 Y101.561 E1177.95814
G0 F9000 X103.824 Y101.561
G1 F1500 X105.194 Y102.931 E1178.02258
G0 F9000 X104.948 Y103.251
G1 F1500 X103.258 Y101.561 E1178.10208
G0 F9000 X102.692 Y101.561
G1 F1500 X104.802 Y103.67 E1178.2013
G0 F9000 X104.762 Y104.196
G1 F1500 X102.127 Y101.561 E1178.32524
G0 F9000 X101.561 Y101.561
G1 F1500 X104.806 Y104.806 E1178.47788
G0 F9000 X105.251 Y104.69
G0 X105.713 Y105.659
G0 X105.302 Y105.868
G1 F1500 X101.56 Y102.126 E1178.65389
G0 F9000 X101.56 Y102.692
G1 F1500 X105.892 Y107.023 E1178.85763
G0 F9000 X106.303 Y106.815
G0 X106.892 Y107.97
G0 X106.481 Y108.178
G1 F1500 X101.56 Y103.257 E1179.0891
G0 F9000 X101.56 Y103.823
G1 F1500 X107.071 Y109.334 E1179.34832
G0 F9000 X107.482 Y109.126
G0 X108.071 Y110.281
G0 X107.661 Y110.489
G1 F1500 X101.56 Y104.389 E1179.63527
G0 F9000 X101.56 Y104.954
G1 F1500 X108.25 Y111.644 E1179.94995
G0 F9000 X108.661 Y111.436
G0 X109.251 Y112.592
G0 X108.84 Y112.8
G1 F1500 X101.56 Y105.52 E1180.29237
G0 F9000 X101.56 Y106.086
G1 F1500 X108.718 Y113.244 E1180.62906
G0 F9000 X108.153 Y113.245
G1 F1500 X101.56 Y106.652 E1180.93918
G0 F9000 X101.56 Y107.217
G1 F1500 X107.588 Y113.245 E1181.22272
G0 F9000 X107.023 Y113.245
G1 F1500 X101.56 Y107.783 E1181.47966
G0 F9000 X101.56 Y108.349
G1 F1500 X106.457 Y113.245 E1181.70997
G0 F9000 X105.959 Y113.312
G1 F1500 X101.56 Y108.914 E1181.91687
G0 F9000 X101.56 Y109.48
G1 F1500 X105.571 Y113.491 E1182.10553
G0 F9000 X105.263 Y113.748
G1 F1500 X101.56 Y110.045 E1182.27971
G0 F9000 X101.56 Y110.611
G1 F1500 X105.022 Y114.073 E1182.44255
G0 F9000 X104.879 Y114.496
G1 F1500 X101.56 Y111.176 E1182.59869
G0 F9000 X101.56 Y111.742
G1 F1500 X104.847 Y115.029 E1182.7533
G0 F9000 X104.848 Y115.596
G1 F1500 X101.56 Y112.308 E1182.90796
G0 F9000 X101.56 Y112.873
G1 F1500 X104.849 Y116.163 E1183.06269
G0 F9000 X104.935 Y116.815
G1 F1500 X101.56 Y113.439 E1183.22146
G0 F9000 X101.56 Y114.005
G1 F1500 X105.834 Y118.279 E1183.42249
G0 F9000 X105.429 Y118.44
G1 F1500 X101.56 Y114.57 E1183.6045
G0 F9000 X101.56 Y115.136
G1 F1500 X104.863 Y118.44 E1183.75989
G0 F9000 X104.298 Y118.44
G1 F1500 X101.56 Y115.702 E1183.88868
G0 F9000 X101.56 Y116.267
G1 F1500 X103.732 Y118.44 E1183.99087
G0 F9000 X103.166 Y118.44
G1 F1500 X101.56 Y116.833 E1184.06643
G0 F9000 X101.56 Y117.399
G1 F1500 X102.6 Y118.44 E1184.11537
G0 F9000 X102.035 Y118.44
G1 F1500 X101.56 Y117.965 E1184.13771
G1 F2700 E1175.13771
G0 F9000 X101.1 Y117.965
G0 X101.2 Y103.827
G0 X108.308 Y102.844
G0 X114.94 Y103.179
G0 X115.182 Y103.827
G0 X115.633 Y103.754
G1 F2700 E1184.13771
G1 F1500 X118.44 Y106.56 E1184.26972
G0 F9000 X118.44 Y107.126
G1 F1500 X115.666 Y104.353 E1184.40018
G0 F9000 X115.667 Y104.919
G1 F1500 X118.44 Y107.692 E1184.53061
G0 F9000 X118.44 Y108.257
G1 F1500 X115.668 Y105.485 E1184.661
G0 F9000 X115.597 Y105.98
G1 F1500 X118.44 Y108.823 E1184.79473
G0 F9000 X118.44 Y109.389
G1 F1500 X115.418 Y106.367 E1184.93687
G0 F9000 X115.159 Y106.673
G1 F1500 X118.44 Y109.954 E1185.0912
G0 F9000 X118.44 Y110.52
G1 F1500 X114.822 Y106.903 E1185.26136
G0 F9000 X114.388 Y107.034
G1 F1500 X118.44 Y111.086 E1185.45195
G0 F9000 X118.44 Y111.651
G1 F1500 X113.863 Y107.075 E1185.66721
G0 F9000 X113.299 Y107.076
G1 F1500 X118.44 Y112.217 E1185.90903
G0 F9000 X118.44 Y112.783
G1 F1500 X112.734 Y107.077 E1186.17742
G0 F9000 X112.17 Y107.079
G1 F1500 X118.44 Y113.349 E1186.47235
G0 F9000 X118.44 Y113.914
G1 F1500 X111.605 Y107.079 E1186.79384
G0 F9000 X111.297 Y107.337
G1 F1500 X118.44 Y114.48 E1187.12983
G0 F9000 X118.44 Y115.046
G1 F1500 X111.889 Y108.495 E1187.43797
G0 F9000 X111.48 Y108.703
G0 X112.072 Y109.86
G0 X112.481 Y109.652
G1 F1500 X118.44 Y115.611 E1187.71826
G0 F9000 X118.44 Y116.177
G1 F1500 X113.073 Y110.81 E1187.97071
G0 F9000 X112.665 Y111.018
G0 X113.257 Y112.175
G0 X113.665 Y111.968
G1 F1500 X118.44 Y116.743 E1188.19531
G0 F9000 X118.44 Y117.308
G1 F1500 X114.256 Y113.125 E1188.39209
G0 F9000 X113.849 Y113.332
G0 X114.441 Y114.49
G0 X114.848 Y114.283
G1 F1500 X118.44 Y117.874 E1188.56102
G0 F9000 X118.44 Y118.44
G1 F1500 X115.394 Y115.394 E1188.7043
G0 F9000 X115.48 Y116.046
G1 F1500 X117.874 Y118.44 E1188.8169
G0 F9000 X117.308 Y118.44
G1 F1500 X115.463 Y116.594 E1188.90371
G0 F9000 X115.318 Y117.015
G1 F1500 X116.743 Y118.44 E1188.97074
G0 F9000 X116.177 Y118.44
G1 F1500 X115.082 Y117.344 E1189.02226
G0 F9000 X114.772 Y117.6
G1 F1500 X115.611 Y118.44 E1189.06175
G0 F9000 X115.046 Y118.44
G1 F1500 X114.434 Y117.828 E1189.09054
;MESH:NONMESH
G0 F300 X114.434 Y117.828 Z19.9
G0 F9000 X114.293 Y117.347
G0 X113.959 Y117.218
G0 X113.959 Y116.513
;TIME_ELAPSED:1867.671965
;LAYER:99
;TYPE:WALL-OUTER
;MESH:xyzCalibration_cube.stl
G1 F1500 X106.344 Y116.516 E1189.34381
G1 X106.258 Y116.453 E1189.34736
G1 X106.206 Y116.345 E1189.35135
G1 X106.21 Y114.753 E1189.4043
G1 X106.342 Y114.604 E1189.41092
G1 X111.289 Y114.604 E1189.57546
G1 X106.125 Y104.476 E1189.95357
G1 X106.126 Y103.954 E1189.97094
G1 X106.185 Y103.856 E1189.97474
G1 X106.285 Y103.806 E1189.97846
G1 X114.161 Y103.804 E1190.24042
G1 X114.312 Y103.953 E1190.24747
G1 X114.31 Y105.555 E1190.30076
G1 X114.2 Y105.717 E1190.30727
G1 X108.943 Y105.72 E1190.48212
G1 X114.119 Y115.848 E1190.86042
G1 X114.122 Y116.351 E1190.87715
G1 X114.064 Y116.459 E1190.88122
G1 X113.959 Y116.513 E1190.88515
G1 F2700 E1181.88515
G0 F9000 X113.959 Y117.218
G0 X114.755 Y117.146
G0 X114.976 Y116.853
G0 X114.976 Y118.8
G0 X119.8 Y119.8
G1 F2700 E1190.88515
G1 F1500 X119.8 Y100.2 E1191.53705
G1 X100.2 Y100.2 E1192.18895
G1 X100.2 Y119.8 E1192.84085
G1 X119.8 Y119.8 E1193.49275
G0 F9000 X119.4 Y119.4
;TYPE:WALL-INNER
G1 F1500 X119.4 Y100.6 E1194.11804
G1 X100.6 Y100.6 E1194.74333
G1 X100.6 Y119.4 E1195.36862
G1 X119.4 Y119.4 E1195.99391
G0 F9000 X119 Y119
G1 F1500 X119 Y101 E1196.59259
G1 X101 Y101 E1197.19127
G1 X101 Y119 E1197.78996
G1 X119 Y119 E1198.38864
G1 F2700 E1189.38864
G0 F9000 X106.155 Y118.8
G0 X106.406 Y117.497
G0 X106.155 Y117.218
G1 F2700 E1198.38864
G0 F9000 X106.155 Y116.863
G1 F1500 X105.966 Y116.727 E1198.39638
G1 X105.856 Y116.561 E1198.40301
G1 X105.81 Y116.403 E1198.40848
G1 X105.804 Y114.699 E1198.46515
G1 X105.956 Y114.404 E1198.47619
G1 X106.148 Y114.26 E1198.48417
G1 X106.404 Y114.204 E1198.49289
G1 X110.635 Y114.204 E1198.63361
G1 X105.72 Y104.574 E1198.99321
G1 X105.72 Y103.899 E1199.01567
G1 X105.798 Y103.707 E1199.02256
G1 X105.915 Y103.561 E1199.02878
G1 X106.244 Y103.404 E1199.04091
G1 X114.112 Y103.404 E1199.3026
G1 X114.32 Y103.441 E1199.30962
G1 X114.493 Y103.54 E1199.31625
G1 X114.68 Y103.809 E1199.32715
G1 X114.712 Y104.004 E1199.33372
G1 X114.712 Y105.633 E1199.3879
G1 X114.626 Y105.831 E1199.39508
G1 X114.428 Y106.031 E1199.40444
G1 X114.19 Y106.12 E1199.41289
G1 X109.597 Y106.12 E1199.56566
G1 X114.524 Y115.749 E1199.92541
G1 X114.524 Y116.396 E1199.94693
G1 X114.459 Y116.589 E1199.9537
G1 X114.344 Y116.745 E1199.96015
G1 X114.159 Y116.869 E1199.96756
G1 X113.997 Y116.916 E1199.97317
G1 X106.404 Y116.916 E1200.22571
G1 X106.155 Y116.863 E1200.23418
G0 F9000 X106.155 Y117.218
G0 X114.046 Y117.316
G1 F1500 X106.404 Y117.316 E1200.48835
G1 X105.99 Y117.227 E1200.50244
G1 X105.675 Y117.001 E1200.51533
G1 X105.491 Y116.725 E1200.52636
G1 X105.404 Y116.427 E1200.53669
G1 X105.404 Y114.804 E1200.59067
G1 X105.435 Y114.553 E1200.59908
G1 X105.525 Y114.326 E1200.6072
G1 X105.657 Y114.138 E1200.61484
G1 X105.978 Y113.898 E1200.62817
G1 X106.404 Y113.804 E1200.64268
G1 X109.982 Y113.804 E1200.76169
G1 X105.429 Y104.883 E1201.09481
G1 X105.32 Y104.591 E1201.10518
G1 X105.32 Y103.833 E1201.13039
G1 X105.45 Y103.51 E1201.14197
G1 X105.645 Y103.266 E1201.15236
G1 X105.946 Y103.076 E1201.1642
G1 X106.196 Y103.004 E1201.17285
G1 X114.112 Y103.004 E1201.43614
G1 X114.459 Y103.065 E1201.44786
G1 X114.747 Y103.23 E1201.4589
G1 X114.946 Y103.45 E1201.46876
G1 X115.059 Y103.68 E1201.47729
G1 X115.112 Y104.004 E1201.48821
G1 X115.112 Y105.52 E1201.53863
G1 X115.075 Y105.794 E1201.54782
G1 X114.969 Y106.038 E1201.55667
G1 X114.815 Y106.232 E1201.56491
G1 X114.459 Y106.459 E1201.57895
G1 X114.112 Y106.52 E1201.59067
G1 X110.251 Y106.52 E1201.71909
G1 X114.815 Y115.44 E1202.05235
G1 X114.924 Y115.733 E1202.06275
G1 X114.924 Y116.46 E1202.08693
G1 X114.815 Y116.771 E1202.09789
G1 X114.624 Y117.031 E1202.10862
G1 X114.316 Y117.237 E1202.12094
G1 X114.046 Y117.316 E1202.1303
G0 F9000 X114.099 Y117.674
;TYPE:SKIN
G1 F1500 X106.364 Y117.672 E1202.38757
G1 X105.843 Y117.556 E1202.40532
G1 X105.405 Y117.251 E1202.42307
G1 X105.158 Y116.87 E1202.43817
G1 X105.046 Y116.478 E1202.45173
G1 X105.045 Y114.779 E1202.50824
G1 X105.081 Y114.487 E1202.51803
G1 X105.197 Y114.174 E1202.52913
G1 X105.376 Y113.912 E1202.53968
G1 X105.607 Y113.695 E1202.55022
G1 X106.073 Y113.481 E1202.56728
G1 X106.385 Y113.445 E1202.57773
G1 X109.393 Y113.444 E1202.67777
G1 X105.095 Y105.02 E1202.99232
G1 X104.997 Y104.733 E1203.0024
G1 X104.961 Y104.441 E1203.01219
G1 X104.961 Y103.979 E1203.02756
G1 X105.002 Y103.666 E1203.03805
G1 X105.131 Y103.332 E1203.04996
G1 X105.401 Y102.992 E1203.0644
G1 X105.827 Y102.735 E1203.08095
G1 X106.139 Y102.644 E1203.09176
G1 X114.144 Y102.647 E1203.35801
G1 X114.583 Y102.725 E1203.37284
G1 X114.975 Y102.95 E1203.38787
G1 X115.249 Y103.247 E1203.40131
G1 X115.398 Y103.559 E1203.41281
G1 X115.47 Y103.97 E1203.42669
G1 X115.47 Y105.542 E1203.47897
G1 X115.422 Y105.871 E1203.49003
G1 X115.28 Y106.221 E1203.5026
G1 X115.048 Y106.506 E1203.51482
G1 X114.844 Y106.666 E1203.52344
G1 X114.586 Y106.792 E1203.53299
G1 X114.145 Y106.877 E1203.54793
G1 X110.839 Y106.88 E1203.65789
G1 X115.135 Y115.276 E1203.97157
G1 X115.236 Y115.541 E1203.981
G1 X115.283 Y115.879 E1203.99235
G1 X115.282 Y116.515 E1204.01351
G1 X115.136 Y116.933 E1204.02823
G1 X114.875 Y117.289 E1204.04292
G1 X114.462 Y117.567 E1204.05947
G1 X114.099 Y117.674 E1204.07206
G1 F2700 E1195.07206
G0 F9000 X114.056 Y117.416
G0 X114.685 Y117.173
G0 X114.976 Y116.853
G0 X114.976 Y118.8
G0 X118.828 Y118.828
G1 F2700 E1204.07206
G0 F9000 X118.64 Y118.64
G1 F1500 X118.64 Y101.36 E1204.6468
G1 X101.361 Y101.361 E1205.2215
G1 X101.36 Y118.64 E1205.7962
G1 X118.64 Y118.64 E1206.37093
G1 F2700 E1197.37093
G0 F9000 X118.9 Y118.64
G0 X101.172 Y118.828
G0 X101.1 Y102.086
G1 F2700 E1206.37093
G0 F9000 X101.561 Y102.086
G1 F1500 X102.086 Y101.56 E1206.39565
G0 F9000 X102.652 Y101.56
G1 F1500 X101.561 Y102.651 E1206.44697
G0 F9000 X101.561 Y103.217
G1 F1500 X103.218 Y101.56 E1206.52491
G0 F9000 X103.783 Y101.56
G1 F1500 X101.561 Y103.783 E1206.62945
G0 F9000 X101.561 Y104.348
G1 F1500 X104.349 Y101.56 E1206.76059
G0 F9000 X104.915 Y101.56
G1 F1500 X101.561 Y104.914 E1206.91835
G0 F9000 X101.561 Y105.48
G1 F1500 X105.481 Y101.56 E1207.10274
G0 F9000 X106.046 Y101.56
G1 F1500 X101.561 Y106.046 E1207.31372
G0 F9000 X101.561 Y106.611
G1 F1500 X105.008 Y103.164 E1207.47586
G0 F9000 X104.762 Y103.976
G1 F1500 X101.561 Y107.177 E1207.62642
G0 F9000 X101.561 Y107.743
G1 F1500 X104.77 Y104.534 E1207.77736
G0 F9000 X104.875 Y104.994
G1 F1500 X101.561 Y108.308 E1207.93324
G0 F9000 X101.561 Y108.874
G1 F1500 X105.053 Y105.382 E1208.0975
G0 F9000 X105.244 Y105.756
G1 F1500 X101.561 Y109.44 E1208.27076
G0 F9000 X101.56 Y110.006
G1 F1500 X105.436 Y106.13 E1208.45307
G0 F9000 X105.627 Y106.505
G1 F1500 X101.56 Y110.572 E1208.64437
G0 F9000 X101.56 Y111.137
G1 F1500 X105.818 Y106.88 E1208.84463
G0 F9000 X106.009 Y107.255
G1 F1500 X101.56 Y111.703 E1209.05387
G0 F9000 X101.56 Y112.269
G1 F1500 X106.2 Y107.629 E1209.27213
G0 F9000 X106.391 Y108.003
G1 F1500 X101.56 Y112.834 E1209.49936
G0 F9000 X101.56 Y113.4
G1 F1500 X106.582 Y108.378 E1209.73558
G0 F9000 X106.774 Y108.752
G1 F1500 X101.56 Y113.966 E1209.98083
G0 F9000 X101.56 Y114.531
G1 F1500 X106.965 Y109.127 E1210.23504
G0 F9000 X107.156 Y109.502
G1 F1500 X101.56 Y115.097 E1210.49824
G0 F9000 X101.56 Y115.663
G1 F1500 X107.347 Y109.876 E1210.77044
G0 F9000 X107.538 Y110.251
G1 F1500 X101.56 Y116.229 E1211.05163
G0 F9000 X101.56 Y116.794
G1 F1500 X107.729 Y110.625 E1211.3418
G0 F9000 X107.921 Y111
G1 F1500 X101.56 Y117.36 E1211.64098
G1 F2700 E1202.64098
G0 F9000 X101.1 Y117.36
G0 X101.2 Y103.126
G0 X108.308 Y102.844
G0 X105.685 Y103.126
G1 F2700 E1211.64098
G0 F9000 X105.439 Y102.733
G1 F1500 X106.612 Y101.56 E1211.69615
G0 F9000 X107.178 Y101.56
G1 F1500 X106.288 Y102.45 E1211.73801
G0 F9000 X106.854 Y102.45
G1 F1500 X107.743 Y101.56 E1211.77985
G0 F9000 X108.309 Y101.56
G1 F1500 X107.42 Y102.449 E1211.82167
G0 F9000 X107.987 Y102.448
G1 F1500 X108.875 Y101.56 E1211.86344
G0 F9000 X109.44 Y101.56
G1 F1500 X108.552 Y102.448 E1211.90521
G0 F9000 X109.119 Y102.448
G1 F1500 X110.007 Y101.56 E1211.94698
G0 F9000 X110.572 Y101.56
G1 F1500 X109.685 Y102.447 E1211.9887
G0 F9000 X110.251 Y102.447
G1 F1500 X111.138 Y101.56 E1212.03042
G0 F9000 X111.704 Y101.56
G1 F1500 X110.817 Y102.446 E1212.07212
G0 F9000 X111.383 Y102.446
G1 F1500 X112.269 Y101.56 E1212.11379
G0 F9000 X112.835 Y101.56
G1 F1500 X111.949 Y102.446 E1212.15547
G0 F9000 X112.516 Y102.445
G1 F1500 X113.401 Y101.56 E1212.19709
G0 F9000 X113.967 Y101.56
G1 F1500 X113.081 Y102.445 E1212.23875
G0 F9000 X113.648 Y102.444
G1 F1500 X114.532 Y101.56 E1212.28033
G0 F9000 X115.098 Y101.56
G1 F1500 X114.198 Y102.459 E1212.32264
G0 F9000 X114.675 Y102.548
G1 F1500 X115.664 Y101.56 E1212.36913
G0 F9000 X116.229 Y101.56
G1 F1500 X115.034 Y102.755 E1212.42534
G0 F9000 X115.323 Y103.032
G1 F1500 X116.795 Y101.56 E1212.49458
G0 F9000 X117.361 Y101.56
G1 F1500 X115.536 Y103.385 E1212.58042
G0 F9000 X115.649 Y103.837
G1 F1500 X117.926 Y101.56 E1212.68752
G0 F9000 X118.44 Y101.612
G1 F1500 X115.667 Y104.385 E1212.81796
G0 F9000 X115.668 Y104.949
G1 F1500 X118.44 Y102.178 E1212.94832
G0 F9000 X118.44 Y102.743
G1 F1500 X115.669 Y105.514 E1213.07866
G0 F9000 X115.473 Y106.275
G1 F1500 X118.44 Y103.309 E1213.2182
G1 F2700 E1204.2182
G0 F9000 X118.9 Y103.309
G0 X118.8 Y106.62
G0 X110.445 Y102.844
G0 X114.94 Y103.179
G0 X114.94 Y106.348
G0 X111.275 Y106.62
G1 F2700 E1213.2182
G0 F9000 X111.275 Y107.079
G1 F1500 X111.203 Y107.151 E1213.22158
G0 F9000 X111.394 Y107.526
G1 F1500 X111.842 Y107.079 E1213.24263
G0 F9000 X112.409 Y107.077
G1 F1500 X111.586 Y107.9 E1213.28134
G0 F9000 X111.777 Y108.274
G1 F1500 X112.975 Y107.076 E1213.33769
G0 F9000 X113.542 Y107.075
G1 F1500 X111.968 Y108.649 E1213.41173
G0 F9000 X112.16 Y109.023
G1 F1500 X114.109 Y107.074 E1213.5034
G0 F9000 X114.867 Y106.881
G1 F1500 X112.351 Y109.398 E1213.62177
G0 F9000 X111.942 Y109.606
G0 X114.765 Y115.696
G0 X114.755 Y117.146
G0 X105.578 Y117.146
G0 X105.578 Y113.977
G0 X110.275 Y113.985
G0 X108.523 Y111.166
G0 X108.112 Y111.374
G1 F1500 X106.224 Y113.262 E1213.71058
G0 F9000 X106.806 Y113.246
G1 F1500 X108.303 Y111.749 E1213.78099
G0 F9000 X108.494 Y112.123
G1 F1500 X107.372 Y113.245 E1213.83377
G0 F9000 X107.938 Y113.245
G1 F1500 X108.685 Y112.498 E1213.8689
G0 F9000 X108.876 Y112.873
G1 F1500 X108.504 Y113.245 E1213.8864
G0 F9000 X108.504 Y113.704
G0 X105.578 Y113.977
G0 X105.319 Y114.681
G0 X104.862 Y114.624
G1 F1500 X101.56 Y117.926 E1214.04172
G0 F9000 X101.612 Y118.44
G1 F1500 X104.846 Y115.205 E1214.19386
G0 F9000 X104.847 Y115.77
G1 F1500 X102.178 Y118.44 E1214.31942
G0 F9000 X102.743 Y118.44
G1 F1500 X104.848 Y116.335 E1214.41844
G0 F9000 X104.935 Y116.814
G1 F1500 X103.309 Y118.44 E1214.49492
G0 F9000 X103.875 Y118.44
G1 F1500 X105.126 Y117.189 E1214.55376
G0 F9000 X105.394 Y117.486
G1 F1500 X104.44 Y118.44 E1214.59864
G0 F9000 X105.006 Y118.44
G1 F1500 X105.727 Y117.718 E1214.63257
G0 F9000 X106.177 Y117.834
G1 F1500 X105.572 Y118.44 E1214.66105
G0 F9000 X106.137 Y118.44
G1 F1500 X106.702 Y117.875 E1214.68763
G0 F9000 X107.267 Y117.875
G1 F1500 X106.703 Y118.44 E1214.71418
G0 F9000 X107.269 Y118.44
G1 F1500 X107.834 Y117.875 E1214.74076
G0 F9000 X108.399 Y117.875
G1 F1500 X107.834 Y118.44 E1214.76733
G0 F9000 X108.4 Y118.44
G1 F1500 X108.966 Y117.874 E1214.79396
G0 F9000 X109.532 Y117.874
G1 F1500 X108.966 Y118.44 E1214.82058
G0 F9000 X109.532 Y118.44
G1 F1500 X110.098 Y117.873 E1214.84723
G0 F9000 X110.664 Y117.873
G1 F1500 X110.097 Y118.44 E1214.8739
G0 F9000 X110.663 Y118.44
G1 F1500 X111.23 Y117.873 E1214.90057
G0 F9000 X111.796 Y117.873
G1 F1500 X111.229 Y118.44 E1214.92724
G0 F9000 X111.794 Y118.44
G1 F1500 X112.362 Y117.872 E1214.95395
G0 F9000 X112.928 Y117.872
G1 F1500 X112.36 Y118.44 E1214.98067
G0 F9000 X112.926 Y118.44
G1 F1500 X113.494 Y117.871 E1215.00741
G0 F9000 X114.06 Y117.871
G1 F1500 X113.491 Y118.44 E1215.03417
G1 F2700 E1206.03417
G0 F9000 X113.491 Y118.9
G0 X112.133 Y118.8
G0 X112.133 Y117.496
G0 X114.755 Y117.146
G0 X114.765 Y115.696
G0 X112.133 Y109.979
G1 F2700 E1215.03417
G0 F9000 X112.542 Y109.772
G1 F1500 X118.44 Y103.875 E1215.31157
G0 F9000 X118.44 Y104.44
G1 F1500 X112.734 Y110.146 E1215.57997
G0 F9000 X112.925 Y110.521
G1 F1500 X118.44 Y105.006 E1215.83938
G0 F9000 X118.44 Y105.572
G1 F1500 X113.117 Y110.895 E1216.08975
G0 F9000 X113.308 Y111.269
G1 F1500 X118.44 Y106.137 E1216.33115
G0 F9000 X118.44 Y106.703
G1 F1500 X113.499 Y111.644 E1216.56356
G0 F9000 X113.691 Y112.018
G1 F1500 X118.44 Y107.269 E1216.78693
G0 F9000 X118.44 Y107.834
G1 F1500 X113.882 Y112.392 E1217.00133
G0 F9000 X114.073 Y112.767
G1 F1500 X118.44 Y108.4 E1217.20674
G0 F9000 X118.44 Y108.966
G1 F1500 X114.265 Y113.141 E1217.40312
G0 F9000 X114.457 Y113.515
G1 F1500 X118.44 Y109.532 E1217.59047
G0 F9000 X118.44 Y110.097
G1 F1500 X114.647 Y113.889 E1217.76885
G0 F9000 X114.839 Y114.264
G1 F1500 X118.44 Y110.663 E1217.93823
G0 F9000 X118.44 Y111.229
G1 F1500 X115.031 Y114.638 E1218.09858
G0 F9000 X115.222 Y115.012
G1 F1500 X118.44 Y111.794 E1218.24995
G0 F9000 X118.44 Y112.36
G1 F1500 X115.398 Y115.402 E1218.39303
G0 F9000 X115.482 Y115.883
G1 F1500 X118.44 Y112.926 E1218.53215
G0 F9000 X118.44 Y113.491
G1 F1500 X115.48 Y116.451 E1218.67138
G1 F2700 E1209.67138
G0 F9000 X115.024 Y116.451
G0 X114.782 Y117.077
G0 X114.386 Y117.403
G0 X114.386 Y118.8
G0 X114.057 Y118.9
G1 F2700 E1218.67138
G0 F9000 X114.057 Y118.44
G1 F1500 X118.44 Y114.057 E1218.87754
G0 F9000 X118.44 Y114.623
G1 F1500 X114.623 Y118.44 E1219.05708
G0 F9000 X115.188 Y118.44
G1 F1500 X118.44 Y115.188 E1219.21004
G0 F9000 X118.44 Y115.754
G1 F1500 X115.754 Y118.44 E1219.33638
G0 F9000 X116.32 Y118.44
G1 F1500 X118.44 Y116.32 E1219.4361
G0 F9000 X118.44 Y116.885
G1 F1500 X116.885 Y118.44 E1219.50924
G0 F9000 X117.451 Y118.44
G1 F1500 X118.44 Y117.451 E1219.55576
G0 F9000 X118.44 Y118.017
G1 F1500 X118.017 Y118.44 E1219.57566
;TIME_ELAPSED:1924.281741
G1 F2700 E1210.57566
M140 S0
M107
G91 ;Relative positioning
G1 E-2 F2700 ;Retract a bit
G1 E-2 Z0.2 F2400 ;Retract and raise Z
G1 X5 Y5 F3000 ;Wipe out
G1 Z10 ;Raise Z more
G90 ;Absolute positioning

G1 X0 Y220 ;Present print
M106 S0 ;Turn-off fan
M104 S0 ;Turn-off hotend
M140 S0 ;Turn-off bed

M84 X Y E ;Disable all steppers but Z

;StarwarsI
M300 S1318 P600
M300 S1318 P600
M300 S1318 P600
M300 S1046 P300
M300 S0 P150
M300 S1567 P150
M300 S1318 P600
M300 S1046 P300
M300 S0 P150
M300 S1567 P150
M300 S1318 P600
M300 S0 P600
M300 S987 P600
M300 S987 P600
M300 S987 P600
M300 S2093 P300
M300 S0 P150
M300 S1567 P150
M300 S1244 P600
M300 S1046 P300
M300 S0 P150
M300 S1567 P150
M300 S1318 P600
M300 S0 P300
M82 ;absolute extrusion mode
M104 S0
;End of Gcode
;SETTING_3 {"global_quality": "[general]\\nversion = 4\\nname = PGDI_2\\ndefinit
;SETTING_3 ion = creality_ender3pro\\n\\n[metadata]\\ntype = quality_changes\\nq
;SETTING_3 uality_type = super\\nsetting_version = 23\\n\\n[values]\\nadhesion_t
;SETTING_3 ype = skirt\\ndraft_shield_dist = 5\\ndraft_shield_enabled = False\\n
;SETTING_3 draft_shield_height = 10\\ndraft_shield_height_limitation = limited\\
;SETTING_3 nlayer_height = 0.2\\nlayer_height_0 = 0.1\\nmaterial_bed_temperature
;SETTING_3 _layer_0 = 70\\nsupport_enable = False\\n\\n", "extruder_quality": ["
;SETTING_3 [general]\\nversion = 4\\nname = PGDI_2\\ndefinition = creality_ender
;SETTING_3 3pro\\n\\n[metadata]\\ntype = quality_changes\\nquality_type = super\
;SETTING_3 \nintent_category = default\\nposition = 0\\nsetting_version = 23\\n\
;SETTING_3 \n[values]\\nbottom_layers = 3\\nbottom_thickness = 1.2\\nbrim_locati
;SETTING_3 on = everywhere\\nbrim_smart_ordering = False\\ninfill_pattern = tetr
;SETTING_3 ahedral\\ninfill_sparse_density = 5\\ninset_direction = outside_in\\n
;SETTING_3 material_initial_print_temperature = 225\\nmaterial_print_temperature
;SETTING_3 _layer_0 = 225\\nraft_base_thickness = 0.2\\nraft_margin = 5\\nraft_s
;SETTING_3 urface_layers = 1\\nroofing_layer_count = 2\\nskin_no_small_gaps_heur
;SETTING_3 istic = True\\nskirt_height = 1\\nsupport_angle = 45\\nz_seam_corner 
;SETTING_3 = z_seam_corner_inner\\nz_seam_on_vertex = True\\n\\n"]}
