;FLAVOR:Marlin
;TIME:687
;Filament used: 3.30471m
;Layer height: 0.8
;MINX:56.158
;MINY:77.001
;MINZ:0.4
;MAXX:163.959
;MAXY:143.003
;MAXZ:9.2
;TARGET_MACHINE.NAME:Creality Ender-3 Pro
;Generated with Cura_SteamEngine 5.8.1
M82 ;absolute extrusion mode
; Ender 3 Custom Start G-code
G92 E0 ; Reset Extruder
G28 ; Home all axes
G1 Z5.0 F3000 ; Move Z Axis up a bit during heating to not damage bed
M104 S180.0 ; Start heating up the nozzle most of the way
M190 S70 ; Start heating the bed, wait until target temperature reached
M109 S225 ; Finish heating the nozzle
G1 Z2.0 F3000 ; Move Z Axis up little to prevent scratching of Heat Bed
G1 X0.1 Y20 Z0.3 F5000.0 ; Move to start position
G1 X0.1 Y200.0 Z0.3 F1500.0 E15 ; Draw the first line
G1 X0.4 Y200.0 Z0.3 F5000.0 ; Move to side a little
G1 X0.4 Y20 Z0.3 F1500.0 E30 ; Draw the second line
G92 E0 ; Reset Extruder
G29 A L0
G1 Z2.0 F3000 ; Move Z Axis up little to prevent scratching of Heat Bed
G1 X5 Y20 Z0.3 F5000.0 ; Move over to prevent blob squish

M300 S2637 P150
M300 S2637 P150
M300 S0 P75
M300 S2637 P300
M300 S2093 P150
M300 S2637 P300
M300 S3135 P300
M300 S0 P300
M300 S1567 P300
M300 S0 P300
M300 S2093 P300
M300 S0 P150
M300 S1567 P300
M300 S0 P150
M300 S1318 P300
M300 S0 P150
M300 S880 P300
M300 S987 P300
M300 S932 P150
M300 S880 P300
M300 S1567 P225
M300 S2637 P150
M300 S3135 P150
M300 S1760 P300
M300 S2793 P150
M300 S3135 P300
M300 S2637 P300
M300 S2093 P150
M300 S2349 P150
M300 S987 P300
M300 S0 P150
M300 S2093 P300
M300 S0 P150
M300 S1567 P300
M300 S0 P150
M300 S1318 P300
M300 S0 P150
M300 S880 P300
M300 S987 P300
M300 S932 P150
M300 S880 P300
M300 S1567 P225
M300 S2637 P150
M300 S3135 P150
M300 S1760 P300
M300 S2793 P150
M300 S3135 P300
M300 S2637 P300
M300 S2093 P150
M300 S2349 P150
M300 S987 P300
M300 S0 P300
M300 S3135 P150
M300 S2959 P150
M300 S2793 P150
M300 S2489 P150
M300 S0 P150
M300 S2637 P150
M300 S0 P150
M300 S1661 P150
M300 S880 P150
M300 S2093 P150
M300 S0 P150
M300 S880 P150
M300 S2093 P150
M300 S2349 P150
M300 S0 P300
M300 S3135 P150
M300 S2959 P150
M300 S2793 P150
M300 S2489 P150
M300 S0 P150
M300 S2637 P150
M300 S0 P150
M300 S4186 P150
M300 S0 P150
M300 S4186 P150
M300 S4186 P150
M300 S0 P600
M300 S3135 P150
M300 S2959 P150
M300 S2793 P150
M300 S2489 P150
M300 S0 P150
M300 S2637 P150
M300 S0 P150
M300 S1661 P150
M300 S880 P150
M300 S2093 P150
M300 S0 P150
M300 S880 P150
M300 S2093 P150
M300 S2349 P150
M300 S0 P300
M300 S2489 P150
M300 S0 P300
M300 S2349 P150
M300 S0 P300
M300 S2093 P150
G92 E0
G92 E0
G1 F2700 E-9
;LAYER_COUNT:12
;LAYER:0
M107
G0 F6000 X64.759 Y88.479 Z0.4
;TYPE:SKIRT
G1 F2700 E0
G1 F1200 X65.617 Y87.879 E0.17411
G1 X66.638 Y87.292 E0.36997
G1 X67.63 Y86.835 E0.5516
G1 X68.574 Y86.494 E0.71852
G1 X69.619 Y86.212 E0.89852
G1 X70.55 Y86.037 E1.05606
G1 X70.893 Y85.987 E1.1137
G1 X72.045 Y85.874 E1.3062
G1 X72.802 Y85.857 E1.43212
G1 X74.074 Y85.868 E1.64366
G1 X76.593 Y85.859 E2.06258
G1 X79.145 Y85.78 E2.48718
G1 X81.529 Y85.639 E2.88433
G1 X84.057 Y85.417 E3.30636
G1 X86.451 Y85.136 E3.70722
G1 X88.961 Y84.771 E4.12902
G1 X91.354 Y84.354 E4.53298
G1 X93.822 Y83.851 E4.95184
G1 X96.178 Y83.303 E5.35411
G1 X98.575 Y82.67 E5.76639
G1 X101.025 Y81.951 E6.19101
G1 X103.317 Y81.206 E6.5918
G1 X105.709 Y80.354 E7.01408
G1 X107.887 Y79.507 E7.4027
G1 X111.427 Y77.994 E8.04292
G1 X112.535 Y77.584 E8.2394
G1 X113.589 Y77.297 E8.42106
G1 X114.661 Y77.104 E8.6022
G1 X115.66 Y77.009 E8.76908
G1 X116.835 Y77.001 E8.96449
G1 X117.907 Y77.088 E9.14335
G1 X118.716 Y77.217 E9.27959
G1 X119.128 Y77.299 E9.34945
G1 X120.019 Y77.515 E9.50191
G1 X121.22 Y77.921 E9.71274
G1 X122.197 Y78.355 E9.89053
G1 X122.887 Y78.724 E10.02066
G1 X125.498 Y80.243 E10.523
G1 X127.673 Y81.424 E10.93459
G1 X129.847 Y82.526 E11.33992
G1 X132.13 Y83.602 E11.75964
G1 X134.402 Y84.597 E12.17212
G1 X136.684 Y85.518 E12.58136
G1 X138.982 Y86.372 E12.98906
G1 X141.364 Y87.18 E13.40735
G1 X143.675 Y87.894 E13.8096
G1 X144.585 Y88.163 E13.96741
G1 X145.668 Y88.506 E14.15633
G1 X146.096 Y88.653 E14.23158
G1 X148.089 Y89.381 E14.58444
G1 X149.225 Y89.84 E14.7882
G1 X150.136 Y90.24 E14.95366
G1 X150.763 Y90.538 E15.06911
G1 X151.516 Y90.93 E15.21028
G1 X152.877 Y91.678 E15.46855
G1 X153.286 Y91.915 E15.54716
G1 X154.42 Y92.602 E15.76765
G1 X155.305 Y93.164 E15.942
G1 X155.733 Y93.449 E16.02751
G1 X156.532 Y94.007 E16.18958
G1 X157.017 Y94.365 E16.28983
G1 X157.669 Y94.873 E16.42728
G1 X158.483 Y95.564 E16.60485
G1 X159.103 Y96.14 E16.74558
G1 X159.857 Y96.908 E16.92457
G1 X160.286 Y97.389 E17.03175
G1 X161.088 Y98.383 E17.24415
G1 X161.926 Y99.665 E17.49885
G1 X162.104 Y99.976 E17.55845
G1 X162.638 Y101.027 E17.75449
G1 X163.017 Y101.955 E17.9212
G1 X163.202 Y102.48 E18.01377
G1 X163.579 Y103.778 E18.23854
G1 X163.677 Y104.212 E18.31254
G1 X163.863 Y105.286 E18.4938
G1 X163.955 Y106.37 E18.67472
G1 X163.959 Y107.286 E18.82705
G1 X163.89 Y108.266 E18.99043
G1 X163.831 Y108.795 E19.07895
G1 X163.634 Y109.998 E19.28167
G1 X163.263 Y111.368 E19.51771
G1 X163.04 Y112.027 E19.63341
G1 X162.621 Y113.082 E19.82219
G1 X162.177 Y113.973 E19.98774
G1 X161.627 Y114.89 E20.16556
G1 X160.95 Y115.857 E20.36187
G1 X160.442 Y116.509 E20.49932
G1 X159.869 Y117.194 E20.64784
G1 X159.315 Y117.796 E20.78389
G1 X158.74 Y118.38 E20.92019
G1 X158.313 Y118.794 E21.01909
G1 X157.6 Y119.44 E21.1791
G1 X156.748 Y120.17 E21.36568
G1 X155.864 Y120.887 E21.55497
G1 X154.33 Y122.057 E21.8758
G1 X153.215 Y122.854 E22.10373
G1 X152.71 Y123.194 E22.20497
G1 X151.386 Y124.036 E22.46591
G1 X150.516 Y124.556 E22.63446
G1 X149.491 Y125.121 E22.8291
G1 X148.361 Y125.701 E23.04033
G1 X147.3 Y126.205 E23.23567
G1 X145.588 Y126.983 E23.5484
G1 X141.372 Y128.814 E24.31279
G1 X139.091 Y129.887 E24.73199
G1 X136.918 Y130.985 E25.13688
G1 X134.714 Y132.18 E25.55381
G1 X132.603 Y133.402 E25.95945
G1 X130.509 Y134.694 E26.36863
G1 X128.395 Y136.081 E26.78911
G1 X126.345 Y137.512 E27.20487
G1 X123.967 Y139.218 E27.69157
G1 X123.012 Y139.86 E27.88294
G1 X122.228 Y140.344 E28.03616
G1 X121.363 Y140.813 E28.1998
G1 X120.667 Y141.151 E28.32847
G1 X120.097 Y141.407 E28.43238
G1 X119.239 Y141.764 E28.58693
G1 X118.572 Y142.017 E28.70556
G1 X117.676 Y142.304 E28.86202
G1 X116.814 Y142.534 E29.01039
G1 X116.368 Y142.636 E29.08647
G1 X115.582 Y142.788 E29.21961
G1 X115.126 Y142.859 E29.29636
G1 X114.045 Y142.977 E29.47719
G1 X113.129 Y143.003 E29.62959
G1 X111.862 Y142.926 E29.84068
G1 X110.788 Y142.76 E30.02141
G1 X109.896 Y142.547 E30.17392
G1 X108.586 Y142.105 E30.40384
G1 X107.651 Y141.731 E30.57131
G1 X106.871 Y141.405 E30.71189
G1 X104.572 Y140.519 E31.12163
G1 X102.194 Y139.68 E31.54098
G1 X99.86 Y138.929 E31.94873
G1 X97.532 Y138.252 E32.35191
G1 X95.099 Y137.619 E32.76999
G1 X92.661 Y137.058 E33.18603
G1 X90.272 Y136.578 E33.59126
G1 X87.799 Y136.154 E34.00852
G1 X85.396 Y135.812 E34.41217
G1 X82.882 Y135.526 E34.83295
G1 X80.451 Y135.318 E35.2387
G1 X78.009 Y135.18 E35.64546
G1 X75.468 Y135.108 E36.0682
G1 X73.065 Y135.108 E36.46782
G1 X70.507 Y135.18 E36.89338
G1 X68.995 Y135.246 E37.14507
G1 X67.905 Y135.228 E37.32636
G1 X66.819 Y135.115 E37.50794
G1 X65.75 Y134.909 E37.68898
G1 X64.784 Y134.637 E37.85588
G1 X63.683 Y134.22 E38.05167
G1 X62.699 Y133.742 E38.23359
G1 X61.766 Y133.182 E38.41455
G1 X60.884 Y132.543 E38.59568
G1 X60.057 Y131.828 E38.77749
G1 X59.357 Y131.109 E38.94436
G1 X58.72 Y130.34 E39.11043
G1 X58.05 Y129.369 E39.30661
G1 X57.472 Y128.34 E39.50289
G1 X57.029 Y127.349 E39.68341
G1 X56.697 Y126.4 E39.85061
G1 X56.425 Y125.342 E40.03227
G1 X56.236 Y124.18 E40.22805
G1 X56.158 Y123.088 E40.41012
G1 X56.177 Y121.999 E40.59125
G1 X56.293 Y120.897 E40.77552
G1 X56.535 Y119.682 E40.98155
G1 X57.299 Y116.667 E41.49879
G1 X57.818 Y114.317 E41.89901
G1 X58.28 Y111.904 E42.30759
G1 X58.687 Y109.403 E42.72898
G1 X59.003 Y107.034 E43.12643
G1 X59.271 Y104.48 E43.5535
G1 X59.453 Y102.095 E43.95128
G1 X59.577 Y99.55 E44.37501
G1 X59.627 Y98.034 E44.62726
G1 X59.729 Y96.904 E44.81595
G1 X59.904 Y95.915 E44.98297
G1 X60.211 Y94.779 E45.17867
G1 X60.586 Y93.759 E45.35939
G1 X61.012 Y92.848 E45.52664
G1 X61.556 Y91.902 E45.70812
G1 X62.233 Y90.938 E45.90402
G1 X62.939 Y90.104 E46.08573
G1 X63.712 Y89.338 E46.26671
G1 X64.481 Y88.692 E46.43373
G1 X64.759 Y88.479 E46.49197
G0 F6000 X65.332 Y89.299
G1 F1200 X66.19 Y88.699 E46.66608
G1 X67.06 Y88.199 E46.83296
G1 X67.97 Y87.776 E46.99984
G1 X68.914 Y87.435 E47.16676
G1 X69.877 Y87.178 E47.33251
G1 X70.694 Y87.027 E47.47068
G1 X71.037 Y86.977 E47.52832
G1 X72.068 Y86.874 E47.70063
G1 X72.793 Y86.857 E47.82123
G1 X74.069 Y86.868 E48.03344
G1 X76.624 Y86.859 E48.45834
G1 X79.176 Y86.78 E48.88294
G1 X81.607 Y86.636 E49.28793
G1 X84.155 Y86.412 E49.7133
G1 X86.595 Y86.126 E50.12185
G1 X89.105 Y85.761 E50.54365
G1 X91.55 Y85.335 E50.95639
G1 X94.032 Y84.829 E51.37763
G1 X96.418 Y84.274 E51.78502
G1 X98.857 Y83.63 E52.20453
G1 X101.307 Y82.911 E52.62915
G1 X103.646 Y82.151 E53.03814
G1 X106.045 Y81.296 E53.46168
G1 X108.28 Y80.427 E53.86047
G1 X111.82 Y78.914 E54.50069
G1 X112.801 Y78.548 E54.67481
G1 X113.769 Y78.281 E54.8418
G1 X114.756 Y78.1 E55.00868
G1 X115.755 Y78.005 E55.17556
G1 X116.757 Y77.998 E55.3422
G1 X117.751 Y78.076 E55.50801
G1 X118.522 Y78.198 E55.63783
G1 X118.892 Y78.271 E55.70054
G1 X119.783 Y78.487 E55.85301
G1 X120.816 Y78.836 E56.03434
G1 X121.725 Y79.237 E56.19956
G1 X122.415 Y79.606 E56.32969
G1 X125.021 Y81.122 E56.83106
G1 X127.205 Y82.308 E57.24436
G1 X129.421 Y83.431 E57.6575
G1 X131.706 Y84.508 E58.07759
G1 X134.006 Y85.515 E58.49514
G1 X136.335 Y86.455 E58.91281
G1 X138.648 Y87.315 E59.32319
G1 X141.042 Y88.127 E59.74359
G1 X143.391 Y88.853 E60.15246
G1 X144.284 Y89.117 E60.30732
G1 X145.344 Y89.452 E60.4922
G1 X145.753 Y89.592 E60.56409
G1 X147.714 Y90.308 E60.91126
G1 X148.823 Y90.756 E61.11017
G1 X149.708 Y91.144 E61.27087
G1 X150.301 Y91.425 E61.38
G1 X151.035 Y91.807 E61.5176
G1 X152.377 Y92.544 E61.77222
G1 X152.768 Y92.77 E61.84732
G1 X153.884 Y93.446 E62.06431
G1 X154.751 Y93.996 E62.23505
G1 X155.161 Y94.269 E62.31697
G1 X155.938 Y94.811 E62.47452
G1 X156.402 Y95.154 E62.57047
G1 X157.054 Y95.662 E62.70793
G1 X157.803 Y96.298 E62.87133
G1 X158.389 Y96.841 E63.00419
G1 X159.143 Y97.609 E63.18318
G1 X159.508 Y98.017 E63.27422
G1 X160.31 Y99.011 E63.48661
G1 X161.058 Y100.162 E63.7149
G1 X161.236 Y100.473 E63.77449
G1 X161.713 Y101.406 E63.94875
G1 X162.075 Y102.29 E64.10761
G1 X162.242 Y102.76 E64.19055
G1 X162.604 Y104.001 E64.40553
G1 X162.692 Y104.386 E64.47121
G1 X162.867 Y105.374 E64.63807
G1 X162.955 Y106.374 E64.80502
G1 X162.959 Y107.29 E64.95735
G1 X162.896 Y108.155 E65.10158
G1 X162.837 Y108.684 E65.1901
G1 X162.668 Y109.738 E65.36762
G1 X162.315 Y111.049 E65.59341
G1 X162.109 Y111.661 E65.70079
G1 X161.726 Y112.636 E65.875
G1 X161.282 Y113.527 E66.04055
G1 X160.807 Y114.317 E66.19385
G1 X160.16 Y115.243 E66.38171
G1 X159.675 Y115.867 E66.51314
G1 X159.102 Y116.552 E66.66165
G1 X158.602 Y117.095 E66.7844
G1 X158.044 Y117.662 E66.9167
G1 X157.641 Y118.053 E67.01008
G1 X156.949 Y118.681 E67.16548
G1 X156.117 Y119.394 E67.3477
G1 X155.258 Y120.092 E67.53177
G1 X153.748 Y121.243 E67.84752
G1 X152.633 Y122.04 E68.07544
G1 X152.173 Y122.35 E68.16769
G1 X150.849 Y123.192 E68.42863
G1 X150.033 Y123.68 E68.58674
G1 X149.008 Y124.245 E68.78138
G1 X147.932 Y124.798 E68.98257
G1 X146.886 Y125.295 E69.17516
G1 X145.19 Y126.066 E69.48498
G1 X140.946 Y127.909 E70.25444
G1 X138.665 Y128.982 E70.67364
G1 X136.441 Y130.106 E71.08805
G1 X134.237 Y131.301 E71.50498
G1 X132.078 Y132.551 E71.91986
G1 X129.96 Y133.858 E72.33375
G1 X127.846 Y135.245 E72.75422
G1 X125.773 Y136.692 E73.17464
G1 X123.408 Y138.389 E73.65872
G1 X122.486 Y139.01 E73.84359
G1 X121.751 Y139.465 E73.98734
G1 X120.886 Y139.934 E74.15098
G1 X120.256 Y140.239 E74.26738
G1 X119.712 Y140.484 E74.3666
G1 X118.884 Y140.829 E74.51577
G1 X118.217 Y141.082 E74.6344
G1 X117.418 Y141.338 E74.77393
G1 X116.59 Y141.559 E74.91645
G1 X116.177 Y141.654 E74.98692
G1 X115.426 Y141.8 E75.11415
G1 X115.014 Y141.865 E75.18352
G1 X114.017 Y141.977 E75.35036
G1 X113.101 Y142.003 E75.50275
G1 X112.012 Y141.937 E75.68419
G1 X111.02 Y141.787 E75.85103
G1 X110.128 Y141.574 E76.00354
G1 X108.958 Y141.177 E76.20901
G1 X108.037 Y140.808 E76.37401
G1 X107.257 Y140.482 E76.5146
G1 X104.905 Y139.576 E76.93375
G1 X102.517 Y138.733 E77.3549
G1 X100.161 Y137.975 E77.76648
G1 X97.784 Y137.284 E78.17814
G1 X95.333 Y136.646 E78.59933
G1 X92.885 Y136.083 E79.01706
G1 X90.441 Y135.592 E79.43162
G1 X87.968 Y135.168 E79.84888
G1 X85.509 Y134.818 E80.26194
G1 X82.995 Y134.532 E80.68271
G1 X80.522 Y134.321 E81.09547
G1 X78.037 Y134.18 E81.50939
G1 X75.496 Y134.108 E81.93213
G1 X73.037 Y134.108 E82.34106
G1 X70.479 Y134.18 E82.76663
G1 X69.008 Y134.246 E83.0115
G1 X68.005 Y134.233 E83.17832
G1 X67.006 Y134.133 E83.34528
G1 X66.021 Y133.946 E83.51201
G1 X65.055 Y133.674 E83.67891
G1 X64.117 Y133.319 E83.8457
G1 X63.211 Y132.883 E84.0129
G1 X62.35 Y132.37 E84.17958
G1 X61.536 Y131.785 E84.34628
G1 X60.774 Y131.13 E84.51338
G1 X60.074 Y130.411 E84.68026
G1 X59.492 Y129.704 E84.83255
G1 X58.875 Y128.804 E85.01401
G1 X58.384 Y127.929 E85.18087
G1 X57.972 Y127.015 E85.3476
G1 X57.666 Y126.151 E85.50003
G1 X57.394 Y125.093 E85.68169
G1 X57.233 Y124.105 E85.84817
G1 X57.158 Y123.102 E86.01543
G1 X57.172 Y122.1 E86.18208
G1 X57.274 Y121.091 E86.35073
G1 X57.504 Y119.928 E86.54789
G1 X58.268 Y116.913 E87.06513
G1 X58.798 Y114.514 E87.47371
G1 X59.266 Y112.071 E87.88737
G1 X59.674 Y109.564 E88.30977
G1 X59.998 Y107.138 E88.71679
G1 X60.266 Y104.584 E89.14386
G1 X60.452 Y102.148 E89.55015
G1 X60.575 Y99.598 E89.97471
G1 X60.623 Y98.121 E90.22046
G1 X60.714 Y97.078 E90.39457
G1 X60.889 Y96.089 E90.5616
G1 X61.15 Y95.122 E90.72817
G1 X61.494 Y94.179 E90.8951
G1 X61.879 Y93.347 E91.04755
G1 X62.423 Y92.401 E91.22903
G1 X62.999 Y91.581 E91.39568
G1 X63.645 Y90.812 E91.5627
G1 X64.356 Y90.103 E91.72968
G1 X65.092 Y89.484 E91.88961
G1 X65.332 Y89.299 E91.94
G0 F6000 X65.943 Y90.091
G1 F1200 X66.692 Y89.564 E92.09231
G1 X67.485 Y89.104 E92.24476
G1 X68.314 Y88.715 E92.39705
G1 X69.175 Y88.4 E92.54952
G1 X70.059 Y88.161 E92.7018
G1 X70.838 Y88.017 E92.83355
G1 X71.181 Y87.967 E92.89119
G1 X72.093 Y87.874 E93.04364
G1 X72.784 Y87.857 E93.15859
G1 X74.063 Y87.868 E93.3713
G1 X76.655 Y87.859 E93.80235
G1 X79.207 Y87.78 E94.22696
G1 X81.685 Y87.633 E94.63977
G1 X84.253 Y87.407 E95.06848
G1 X86.739 Y87.116 E95.48473
G1 X89.249 Y86.751 E95.90654
G1 X91.746 Y86.316 E96.32804
G1 X94.242 Y85.807 E96.75167
G1 X96.657 Y85.245 E97.16402
G1 X99.139 Y84.59 E97.59091
G1 X101.589 Y83.871 E98.01553
G1 X103.975 Y83.096 E98.43273
G1 X106.381 Y82.238 E98.85753
G1 X108.673 Y81.347 E99.26648
G1 X112.213 Y79.834 E99.9067
G1 X113.071 Y79.511 E100.05916
G1 X113.953 Y79.264 E100.21148
G1 X114.854 Y79.095 E100.36393
G1 X115.766 Y79.005 E100.51633
G1 X116.682 Y78.995 E100.66867
G1 X117.595 Y79.064 E100.82094
G1 X118.366 Y79.186 E100.95075
G1 X118.656 Y79.243 E100.9999
G1 X119.547 Y79.459 E101.15237
G1 X120.415 Y79.752 E101.30472
G1 X121.254 Y80.119 E101.45701
G1 X121.912 Y80.47 E101.58103
G1 X124.544 Y82.001 E102.0874
G1 X126.737 Y83.192 E102.50241
G1 X128.995 Y84.336 E102.92336
G1 X131.282 Y85.414 E103.34382
G1 X133.608 Y86.432 E103.76606
G1 X135.986 Y87.392 E104.19254
G1 X138.314 Y88.258 E104.6056
G1 X140.72 Y89.074 E105.02811
G1 X143.108 Y89.812 E105.44376
G1 X143.982 Y90.07 E105.59531
G1 X145.022 Y90.399 E105.77671
G1 X145.41 Y90.531 E105.84487
G1 X147.34 Y91.235 E106.18652
G1 X148.422 Y91.672 E106.38057
G1 X149.28 Y92.048 E106.53636
G1 X149.84 Y92.313 E106.63939
G1 X150.553 Y92.683 E106.77298
G1 X151.878 Y93.411 E107.02439
G1 X152.25 Y93.625 E107.09576
G1 X153.349 Y94.291 E107.30947
G1 X154.197 Y94.828 E107.47639
G1 X154.589 Y95.089 E107.55471
G1 X155.344 Y95.616 E107.70783
G1 X155.787 Y95.943 E107.79939
G1 X156.439 Y96.451 E107.93685
G1 X157.123 Y97.032 E108.08609
G1 X157.709 Y97.575 E108.21895
G1 X158.398 Y98.276 E108.38241
G1 X158.763 Y98.684 E108.47345
G1 X159.472 Y99.557 E108.66048
G1 X160.19 Y100.659 E108.87921
G1 X160.368 Y100.97 E108.9388
G1 X160.788 Y101.785 E109.09127
G1 X161.134 Y102.629 E109.24297
G1 X161.282 Y103.04 E109.31562
G1 X161.644 Y104.281 E109.5306
G1 X161.708 Y104.564 E109.57885
G1 X161.871 Y105.466 E109.73128
G1 X161.955 Y106.378 E109.88359
G1 X161.959 Y107.294 E110.03592
G1 X161.902 Y108.044 E110.16101
G1 X161.843 Y108.573 E110.24952
G1 X161.702 Y109.478 E110.40184
G1 X161.349 Y110.789 E110.62763
G1 X161.162 Y111.339 E110.72423
G1 X160.83 Y112.193 E110.87661
G1 X160.424 Y113.014 E111.02893
G1 X159.987 Y113.745 E111.17056
G1 X159.37 Y114.63 E111.34997
G1 X158.908 Y115.225 E111.47525
G1 X158.335 Y115.91 E111.62376
G1 X157.888 Y116.394 E111.73333
G1 X157.347 Y116.945 E111.86174
G1 X156.968 Y117.313 E111.94959
G1 X156.298 Y117.922 E112.10017
G1 X155.486 Y118.618 E112.27802
G1 X154.651 Y119.297 E112.457
G1 X153.166 Y120.43 E112.76762
G1 X152.074 Y121.211 E112.99089
G1 X151.636 Y121.506 E113.07871
G1 X150.335 Y122.334 E113.33517
G1 X149.55 Y122.804 E113.48732
G1 X148.525 Y123.369 E113.68196
G1 X147.502 Y123.895 E113.87326
G1 X146.472 Y124.385 E114.06294
G1 X144.792 Y125.149 E114.36986
G1 X140.52 Y127.004 E115.14439
G1 X138.239 Y128.077 E115.56359
G1 X135.975 Y129.222 E115.98551
G1 X133.748 Y130.429 E116.40676
G1 X131.553 Y131.7 E116.82857
G1 X129.411 Y133.022 E117.24716
G1 X127.273 Y134.425 E117.67243
G1 X125.2 Y135.873 E118.09295
G1 X122.849 Y137.56 E118.57416
G1 X121.958 Y138.161 E118.75289
G1 X121.274 Y138.586 E118.88681
G1 X120.409 Y139.055 E119.05045
G1 X119.846 Y139.327 E119.15443
G1 X119.326 Y139.561 E119.24926
G1 X118.529 Y139.894 E119.3929
G1 X117.862 Y140.147 E119.51154
G1 X117.16 Y140.372 E119.63413
G1 X116.364 Y140.585 E119.77116
G1 X115.985 Y140.673 E119.83587
G1 X115.268 Y140.813 E119.95736
G1 X114.899 Y140.872 E120.0195
G1 X113.989 Y140.977 E120.17184
G1 X113.073 Y141.003 E120.32423
G1 X112.158 Y140.948 E120.47667
G1 X111.252 Y140.814 E120.62898
G1 X110.36 Y140.601 E120.78149
G1 X109.33 Y140.249 E120.96251
G1 X108.423 Y139.885 E121.12503
G1 X107.643 Y139.559 E121.26562
G1 X105.251 Y138.637 E121.69194
G1 X102.84 Y137.786 E122.11714
G1 X100.462 Y137.021 E122.53256
G1 X98.036 Y136.316 E122.95269
G1 X95.567 Y135.673 E123.37699
G1 X93.109 Y135.108 E123.79641
G1 X90.61 Y134.606 E124.2203
G1 X88.137 Y134.182 E124.63756
G1 X85.622 Y133.824 E125.06002
G1 X83.108 Y133.538 E125.4808
G1 X80.593 Y133.324 E125.90056
G1 X78.065 Y133.18 E126.32165
G1 X75.524 Y133.108 E126.74439
G1 X73.009 Y133.108 E127.16263
G1 X70.451 Y133.18 E127.5882
G1 X69.017 Y133.246 E127.82693
G1 X68.101 Y133.238 E127.97926
G1 X67.189 Y133.15 E128.13164
G1 X66.288 Y132.982 E128.28405
G1 X65.405 Y132.737 E128.43645
G1 X64.547 Y132.416 E128.58879
G1 X63.72 Y132.022 E128.74113
G1 X62.931 Y131.556 E128.89352
G1 X62.185 Y131.024 E129.0459
G1 X61.488 Y130.429 E129.1983
G1 X60.846 Y129.775 E129.3507
G1 X60.264 Y129.068 E129.50299
G1 X59.745 Y128.312 E129.65549
G1 X59.294 Y127.515 E129.80778
G1 X58.915 Y126.681 E129.96012
G1 X58.609 Y125.817 E130.11255
G1 X58.38 Y124.929 E130.26506
G1 X58.23 Y124.026 E130.41729
G1 X58.158 Y123.112 E130.56976
G1 X58.167 Y122.196 E130.7221
G1 X58.255 Y121.284 E130.87447
G1 X58.473 Y120.174 E131.06259
G1 X59.237 Y117.159 E131.57983
G1 X59.779 Y114.708 E131.99728
G1 X60.252 Y112.238 E132.41551
G1 X60.661 Y109.725 E132.83892
G1 X60.993 Y107.242 E133.25552
G1 X61.261 Y104.688 E133.68258
G1 X61.451 Y102.201 E134.09738
G1 X61.574 Y99.646 E134.52277
G1 X61.593 Y98.87 E134.65186
G1 X61.622 Y98.162 E134.7697
G1 X61.699 Y97.249 E134.92207
G1 X61.856 Y96.346 E135.07449
G1 X62.091 Y95.461 E135.22677
G1 X62.402 Y94.599 E135.37916
G1 X62.787 Y93.767 E135.53162
G1 X63.243 Y92.973 E135.68389
G1 X63.767 Y92.221 E135.83631
G1 X64.354 Y91.517 E135.98875
G1 X65 Y90.868 E136.14103
G1 X65.703 Y90.276 E136.29387
G1 X65.943 Y90.091 E136.34426
G1 F2700 E127.34426
;MESH:sharkz.stl
G0 F6000 X73.12 Y114.727
G0 X72.622 Y118.74
;TYPE:WALL-OUTER
G1 F2700 E136.34426
G1 F1056.3 X72.511 Y118.819 E136.37
G1 F1092.9 X72.24 Y118.844 E136.4197
G1 F1167.3 X71.192 Y118.809 E136.59896
G1 F1200 X70.484 Y118.803 E136.7167
G1 X69.497 Y121.757 E137.23465
G1 X71.641 Y120.646 E137.63623
G1 F1167.3 X72.554 Y120.13 E137.81551
G1 F1111.1 X73.144 Y119.761 E137.9405
G1 F1141.8 X74.213 Y119.256 E138.14714
G1 F1200 X74.797 Y118.903 E138.26062
G1 X75.812 Y118.208 E138.4652
G1 X76.977 Y117.353 E138.70551
G1 X77.585 Y116.875 E138.83413
G1 X78.243 Y116.326 E138.97664
G1 X78.908 Y115.745 E139.1235
G1 X79.574 Y115.118 E139.27561
G1 X80.241 Y114.439 E139.4339
G1 X80.948 Y113.67 E139.60762
G1 X83.276 Y111 E140.19672
G1 X83.694 Y110.558 E140.29789
G1 X83.993 Y110.273 E140.36658
G1 X84.444 Y109.984 E140.45566
G1 X84.769 Y109.838 E140.51491
G1 X85.157 Y109.722 E140.58226
G1 X85.502 Y109.668 E140.64033
G1 X85.814 Y109.652 E140.69228
G1 X86.198 Y109.657 E140.75615
G1 F1198.8 X86.688 Y109.697 E140.83799
G1 F1178.8 X86.904 Y109.7 E140.87456
G1 F1132.1 X87.273 Y109.73 E140.93982
G1 F1087 X87.56 Y109.77 E140.99302
G1 F1065.7 X87.91 Y109.876 E141.0615
G1 F1047.1 X88.28 Y110.016 E141.13689
G1 F1061.9 X88.547 Y110.205 E141.19837
G1 F1143.9 X89.309 Y111.071 E141.3996
G1 F1200 X89.521 Y111.347 E141.45747
G1 X89.746 Y111.701 E141.52723
G1 X89.907 Y112.039 E141.58949
G1 X90.107 Y112.599 E141.68838
G1 X90.259 Y113.103 E141.77592
G1 X90.372 Y113.651 E141.86897
G1 X90.433 Y114.082 E141.94136
G1 X90.682 Y114.105 E141.98295
G1 X91.963 Y113.693 E142.20673
G1 X94.68 Y112.872 E142.67874
G1 X95.296 Y112.733 E142.78376
G1 X95.887 Y112.649 E142.88303
G1 F1129.9 X96.375 Y112.556 E142.97077
G1 F1054.5 X96.412 Y112.54 E142.9784
G1 F975.6 X96.856 Y112.463 E143.07057
G1 F907 X96.904 Y112.447 E143.08171
G1 F917.4 X97.677 Y112.544 E143.25117
G1 F933.1 X102.098 Y113.69 E144.22791
G1 F921.7 X111.471 Y116.156 E146.32644
G1 F911.9 X112.282 Y116.39 E146.51117
G1 F897.5 X112.856 Y116.577 E146.6454
G1 F874.6 X113.45 Y116.793 E146.78961
G1 F944.9 X113.965 Y117.174 E146.92491
G1 F1067.6 X113.992 Y117.212 E146.93363
G1 F1141.8 X114.586 Y117.611 E147.05869
G1 F1200 X114.888 Y117.836 E147.12132
G1 X115.12 Y118.06 E147.17495
G1 X115.397 Y118.401 E147.24801
G1 X115.569 Y118.669 E147.30097
G1 X115.75 Y119.032 E147.36843
G1 X115.906 Y119.417 E147.43751
G1 X116.027 Y119.809 E147.50573
G1 X116.117 Y120.192 E147.57116
G1 X116.177 Y120.528 E147.62792
G1 X116.236 Y120.993 E147.70587
G1 X116.276 Y121.749 E147.83177
G1 X116.258 Y122.599 E147.97316
G1 X116.182 Y123.341 E148.0972
G1 X116.069 Y124.031 E148.21348
G1 X115.945 Y124.599 E148.31016
G1 X115.786 Y125.165 E148.40793
G1 X115.62 Y125.663 E148.49523
G1 X114.997 Y127.211 E148.77273
G1 X114.584 Y128.191 E148.94958
G1 X113.809 Y129.896 E149.26104
G1 X114.317 Y129.741 E149.34937
G1 X114.813 Y129.544 E149.43812
G1 X115.588 Y129.176 E149.5808
G1 X116.032 Y128.901 E149.66765
G1 X117.205 Y128.095 E149.90433
G1 X117.925 Y127.557 E150.0538
G1 X118.802 Y126.849 E150.24124
G1 X119.697 Y126.064 E150.43922
G1 X120.621 Y125.17 E150.65303
G1 X121.523 Y124.19 E150.87453
G1 X122.353 Y123.195 E151.09001
G1 X123.106 Y122.213 E151.29581
G1 X123.781 Y121.278 E151.48758
G1 X124.747 Y119.828 E151.77733
G1 X125.113 Y119.243 E151.89209
G1 X134.006 Y104.355 E154.77604
G1 X134.125 Y104.22 E154.80597
G1 X134.273 Y104.139 E154.83403
G1 X134.522 Y104.119 E154.87557
G1 X134.715 Y104.196 E154.91012
G1 X136.556 Y105.588 E155.29395
G1 X137.877 Y103.863 E155.65527
G1 X138.006 Y103.767 E155.68201
G1 X138.18 Y103.714 E155.71226
G1 X138.375 Y103.724 E155.74473
G1 X140.319 Y104.654 E156.10311
G1 X141.388 Y102.658 E156.47966
G1 F1189.3 X141.536 Y102.518 E156.51384
G1 F1069.5 X141.885 Y102.355 E156.58571
G1 F998.3 X143.039 Y102.71 E156.82706
G1 F1039 X144.193 Y103.066 E157.05902
G1 F1060.1 X144.911 Y102.217 E157.26834
G1 X144.395 Y101.972 E157.37587
G1 F1046.2 X143.665 Y101.691 E157.52508
G1 F1012.7 X142.589 Y101.305 E157.75035
G1 F986.8 X142.182 Y101.173 E157.83688
G1 F1069.5 X141.377 Y100.785 E158.00362
G1 F1189.3 X140.686 Y100.561 E158.12551
G1 F1200 X140.084 Y100.403 E158.22901
G1 X138.32 Y100.027 E158.52895
G1 X135.946 Y99.578 E158.93075
G1 X133.729 Y99.19 E159.30504
G1 X132.416 Y99.001 E159.52565
G1 X132.118 Y99.087 E159.57723
G1 X131.894 Y99.261 E159.6244
G1 X124.989 Y111.797 E162.00447
G1 X123.07 Y115.213 E162.65606
G1 X122.734 Y115.714 E162.75638
G1 X122.403 Y116.071 E162.83734
G1 X122.117 Y116.32 E162.9004
G1 X121.777 Y116.549 E162.96857
G1 X121.265 Y116.787 E163.06247
G1 X120.612 Y116.893 E163.17248
G1 X120.256 Y116.893 E163.23169
G1 X119.933 Y116.852 E163.28583
G1 X115.322 Y115.651 E164.07823
G1 F1141.8 X114.673 Y115.535 E164.19346
G1 F1021.3 X114.298 Y115.512 E164.26688
G1 F908.4 X113.923 Y115.489 E164.34941
G1 F883.7 X112.608 Y115.109 E164.65854
G1 F911.9 X107.515 Y113.773 E165.81086
G1 F921 X102.421 Y112.436 E166.95206
G1 F936 X98.085 Y111.335 E167.90582
G1 F920.2 X97.115 Y111.13 E168.12082
G1 F974 X96.528 Y110.871 E168.25227
G1 F1129.9 X96.065 Y110.693 E168.33988
G1 F1200 X90.027 Y109.181 E169.37501
G1 F1176.5 X89.396 Y109.043 E169.48457
G1 F1090.9 X88.657 Y108.922 E169.62156
G1 F1050.8 X87.898 Y108.704 E169.77153
G1 F1095.9 X87.542 Y108.499 E169.84634
G1 F1160.5 X87.191 Y108.18 E169.9279
G1 F1200 X87.019 Y107.972 E169.97278
G1 X86.697 Y107.374 E170.08573
G1 X86.668 Y106.692 E170.19925
G1 F1179.9 X86.807 Y106.076 E170.30605
G1 F1141.8 X87.15 Y105.545 E170.41654
G1 F1088.9 X87.679 Y105.096 E170.5437
G1 F1036.3 X88.06 Y104.903 E170.62595
G1 F1058.2 X88.625 Y104.908 E170.7325
G1 F1148.3 X89.19 Y104.914 E170.8307
G1 F1200 X91.241 Y104.717 E171.17335
G1 F1114.2 X91.816 Y104.585 E171.27901
G1 F990.1 X92.232 Y104.487 E171.36516
G1 F952.4 X93.223 Y104.401 E171.57359
G1 F947.9 X95.265 Y104.19 E172.00579
G1 F925.2 X97.307 Y103.978 E172.4486
G1 F965.4 X97.743 Y104.005 E172.5389
G1 F1086 X98.179 Y104.033 E172.61919
G1 F1178.8 X98.621 Y104.009 E172.69413
G1 F1200 X105.038 Y103.393 E173.76618
G1 F981.2 X105.459 Y103.129 E173.86725
G1 F836.8 X105.778 Y103.109 E173.94348
G1 F887.6 X106.116 Y103.147 E174.01995
G1 F990.1 X106.455 Y103.186 E174.08873
G1 F1121.5 X106.794 Y103.225 E174.14945
G1 F1200 X122.624 Y101.705 E176.7941
G1 X123.66 Y101.612 E176.96708
G1 X123.733 Y101.509 E176.98807
G1 X124.855 Y98.622 E177.50316
G1 X124.191 Y98.648 E177.61367
G1 X123.737 Y98.633 E177.68921
G1 X123.35 Y98.489 E177.75788
G1 X123.092 Y98.282 E177.81289
G1 X122.886 Y97.992 E177.87205
G1 X122.422 Y97.032 E178.04937
G1 X121.862 Y95.998 E178.24492
G1 X121.463 Y95.344 E178.37232
G1 X121.078 Y94.759 E178.48879
G1 X120.622 Y94.146 E178.61584
G1 X120.135 Y93.562 E178.7423
G1 X118.848 Y92.167 E179.05794
G1 X117.86 Y91.169 E179.29148
G1 X117.44 Y90.779 E179.38679
G1 X117.04 Y90.435 E179.47453
G1 X116.752 Y90.21 E179.53531
G1 X116.54 Y90.076 E179.57702
G1 X116.572 Y91.633 E179.836
G1 X116.58 Y93.125 E180.08413
G1 X116.534 Y94.461 E180.30643
G1 X116.436 Y95.469 E180.47486
G1 X116.301 Y96.501 E180.64794
G1 X116.065 Y97.802 E180.86783
G1 X118.603 Y97.857 E181.29
G1 X118.836 Y97.941 E181.33119
G1 X119.031 Y98.197 E181.38471
G1 X119.226 Y98.891 E181.50459
G1 X119.209 Y99.079 E181.53598
G1 X119.139 Y99.236 E181.56457
G1 X118.992 Y99.379 E181.59867
G1 X118.551 Y99.658 E181.68545
G1 X108.709 Y101.105 E183.33978
G1 X106.592 Y101.364 E183.69446
G1 F1139.6 X106.116 Y101.527 E183.78257
G1 F1036.3 X105.64 Y101.691 E183.87952
G1 F903.6 X105.501 Y101.695 E183.91024
G1 F981.2 X105.095 Y101.407 E184.01148
G1 F1200 X105 Y101.382 E184.02781
G1 X104.623 Y101.244 E184.09458
G1 X102.865 Y100.168 E184.43735
G1 X102.373 Y99.91 E184.52973
G1 X101.783 Y99.645 E184.63729
G1 X100.36 Y99.072 E184.8924
G1 X99.055 Y98.609 E185.12268
G1 X98.423 Y98.413 E185.23272
G1 X98.574 Y98.97 E185.32869
G1 X98.658 Y99.385 E185.39911
G1 X98.698 Y99.777 E185.46464
G1 X98.681 Y100.329 E185.55648
G1 X98.6 Y100.778 E185.63235
G1 X98.458 Y101.139 E185.69686
G1 X98.251 Y101.509 E185.76737
G1 X98.042 Y101.786 E185.82508
G1 X97.862 Y101.974 E185.86836
G1 F1178.8 X97.481 Y102.308 E185.95414
G1 F1123.6 X97.44 Y102.376 E185.96824
G1 F995 X97.071 Y102.693 E186.06581
G1 F925.2 X95.06 Y102.927 E186.50249
G1 F947.9 X93.048 Y103.161 E186.92894
G1 F952.4 X92.136 Y103.222 E187.12047
G1 F1049 X91.49 Y102.948 E187.25397
G1 F1188.1 X91.461 Y102.928 E187.25989
G1 F1200 X89.831 Y102.353 E187.54733
G1 X88.932 Y102.07 E187.70406
G1 X88.186 Y101.863 E187.83281
G1 X88.465 Y102.469 E187.94376
G1 X88.476 Y102.824 E188.00282
G1 X88.426 Y103.045 E188.04051
G1 F1123.6 X88.094 Y103.546 E188.14725
G1 F1016.9 X87.814 Y103.742 E188.21432
G1 F986.8 X87.664 Y103.783 E188.24577
G1 F1054.5 X87.04 Y103.774 E188.36387
G1 F1160.5 X86.612 Y103.782 E188.43748
G1 F1200 X84.267 Y104.012 E188.82933
G1 X84.007 Y104.028 E188.87265
G1 X83.504 Y104.027 E188.9563
G1 X82.844 Y103.926 E189.06733
G1 X82.37 Y103.77 E189.15032
G1 X82.037 Y103.62 E189.21106
G1 X81.653 Y103.373 E189.28699
G1 X80.995 Y102.766 E189.43586
G1 X80.431 Y102.287 E189.55892
G1 X79.749 Y101.772 E189.70104
G1 X78.074 Y100.642 E190.03705
G1 X77.051 Y100.022 E190.23598
G1 X76.48 Y99.714 E190.34387
G1 X75.878 Y99.409 E190.4561
G1 X75.571 Y99.287 E190.51104
G1 X75.228 Y99.177 E190.57094
G1 X74.699 Y99.04 E190.66182
G1 X73.781 Y98.918 E190.81583
G1 X72.998 Y98.845 E190.9466
G1 X72.848 Y98.847 E190.97155
G1 X74.042 Y99.901 E191.23641
G1 X74.822 Y100.698 E191.42187
G1 X76.154 Y102.216 E191.75772
G1 X76.886 Y103.176 E191.95848
G1 X77.624 Y104.203 E192.16879
G1 X78.191 Y105.076 E192.34191
G1 X78.398 Y105.449 E192.41285
G1 X78.666 Y106.023 E192.5182
G1 X78.7 Y106.574 E192.61001
G1 X78.658 Y107.027 E192.68566
G1 X78.551 Y107.514 E192.76858
G1 X78.415 Y107.957 E192.84565
G1 X78.225 Y108.484 E192.93881
G1 X77.776 Y109.491 E193.12217
G1 X77.23 Y110.541 E193.31898
G1 X76.638 Y111.575 E193.51712
G1 X76.025 Y112.571 E193.71162
G1 X75.429 Y113.496 E193.89461
G1 X75.156 Y113.95 E193.98271
G1 X74.863 Y114.39 E194.07062
G1 X74.536 Y114.83 E194.16179
G1 X73.979 Y115.513 E194.30835
G1 X73.268 Y116.26 E194.47986
G1 X72.69 Y116.82 E194.61369
G1 X72.603 Y116.977 E194.64354
G1 X72.744 Y118.342 E194.87175
G1 F1123.6 X72.622 Y118.74 E194.94569
G0 F6000 X74.25 Y117.47
G0 X72.619 Y119.177
G0 X71.304 Y119.784
;TYPE:WALL-INNER
G1 F1260.5 X71.244 Y119.681 E194.96456
G1 X71.125 Y119.681 E194.9834
G1 X71.066 Y119.784 E195.00219
G1 X71.126 Y119.887 E195.02106
G1 X71.245 Y119.887 E195.0399
G1 X71.304 Y119.784 E195.05869
G0 F6000 X72.619 Y119.177
G0 X73.102 Y118.677
G0 X77.712 Y110.789
G0 X78.734 Y108.665
G0 X79.188 Y107.138
G0 X79.245 Y106.632
G0 X79.197 Y105.889
G0 X78.755 Y105.004
G0 X76.115 Y100.653
G1 F1200 X76.949 Y101.609 E195.26967
G1 X77.673 Y102.557 E195.46804
G1 X78.423 Y103.6 E195.68168
G1 X79.051 Y104.566 E195.87329
G1 X79.321 Y105.059 E195.96677
G1 X79.605 Y105.672 E196.07912
G1 X79.664 Y105.988 E196.13258
G1 X79.705 Y106.632 E196.23989
G1 X79.641 Y107.215 E196.33743
G1 X79.537 Y107.694 E196.41894
G1 X79.379 Y108.226 E196.51124
G1 X79.181 Y108.786 E196.61001
G1 X78.663 Y109.952 E196.82219
G1 X78.128 Y110.984 E197.01551
G1 X77.49 Y112.099 E197.22914
G1 X76.866 Y113.113 E197.42714
G1 X76.27 Y114.038 E197.61014
G1 X75.988 Y114.504 E197.70072
G1 X75.668 Y114.984 E197.79666
G1 X75.312 Y115.462 E197.89577
G1 X74.78 Y116.115 E198.03584
G1 F1179.9 X73.976 Y116.99 E198.23682
G1 F1169.6 X73.651 Y117.293 E198.31263
G1 F1178.8 X73.765 Y118.349 E198.49244
G1 X74.258 Y118.049 E198.59014
G1 F1169.6 X74.626 Y117.788 E198.66712
G1 F1174.2 X75.218 Y117.397 E198.7877
G1 F1194 X76.392 Y116.541 E199.03054
G1 F1200 X76.986 Y116.072 E199.1564
G1 X77.586 Y115.572 E199.28628
G1 X78.25 Y114.991 E199.43301
G1 X78.891 Y114.387 E199.57948
G1 X79.516 Y113.75 E199.72788
G1 X80.194 Y113.012 E199.89454
G1 X82.509 Y110.358 E200.48022
G1 X82.971 Y109.867 E200.59234
G1 X83.282 Y109.568 E200.66408
G1 X83.492 Y109.4 E200.70881
G1 X83.997 Y109.09 E200.80735
G1 X84.403 Y108.907 E200.88141
G1 X84.89 Y108.757 E200.96615
G1 X85.281 Y108.688 E201.03218
G1 X85.763 Y108.654 E201.11254
G1 X86.293 Y108.663 E201.20069
G1 X86.095 Y108.377 E201.25854
G1 X85.751 Y107.727 E201.38084
G1 X85.688 Y107.295 E201.45344
G1 X85.668 Y106.552 E201.57704
G1 X85.817 Y105.923 E201.68454
G1 X86.016 Y105.457 E201.76881
G1 X86.272 Y105.061 E201.84723
G1 X86.526 Y104.796 E201.90827
G1 X84.329 Y105.01 E202.27536
G1 X84.069 Y105.026 E202.31868
G1 X83.463 Y105.033 E202.41947
G1 X82.584 Y104.896 E202.56741
G1 X81.977 Y104.693 E202.67385
G1 X81.56 Y104.499 E202.75033
G1 X81.014 Y104.151 E202.85801
G1 X80.315 Y103.501 E203.01675
G1 X79.805 Y103.067 E203.12811
G1 X79.154 Y102.577 E203.26361
G1 X77.53 Y101.481 E203.58944
G1 X76.551 Y100.889 E203.7797
G1 X76.115 Y100.653 E203.86214
G0 F6000 X81.776 Y104.094
G0 X82.708 Y104.452
G0 X83.507 Y104.574
G0 X84.325 Y104.549
G0 X87.864 Y104.202
G0 X89.756 Y103.603
G1 F781.2 X89.66 Y103.437 E203.91113
G1 X89.468 Y103.437 E203.96017
G1 X89.372 Y103.603 E204.00915
G1 X89.468 Y103.769 E204.05814
G1 X89.66 Y103.769 E204.10718
G1 X89.756 Y103.603 E204.15616
G0 F6000 X87.388 Y104.706
G0 X86.768 Y105.149
G0 X86.308 Y105.864
G0 X86.127 Y106.616
G0 X86.16 Y107.514
G0 X86.552 Y108.257
G0 X86.85 Y108.609
G0 X87.217 Y108.903
G0 X93.517 Y111.631
G0 X94.657 Y111.611
G1 F816.9 X90.491 Y110.571 E205.20513
G1 X90.81 Y111.068 E205.34941
G1 X91.037 Y111.532 E205.4756
G1 X91.261 Y112.159 E205.63825
G1 X91.39 Y112.582 E205.74629
G1 X94.29 Y111.699 E206.48686
G1 X94.657 Y111.611 E206.57906
G1 F2700 E197.57906
G0 F6000 X93.517 Y111.631
G0 X87.217 Y108.903
G0 X86.85 Y108.609
G0 X86.552 Y108.257
G0 X86.16 Y107.514
G0 X86.127 Y106.616
G0 X86.308 Y105.864
G0 X86.768 Y105.149
G0 X87.388 Y104.706
G0 X87.845 Y104.532
G0 X103.011 Y102.18
G0 X104.943 Y102.396
G1 F2700 E206.57906
G1 F1200 X104.656 Y102.321 E206.62839
G1 X104.328 Y102.202 E206.68641
G1 X104.06 Y102.072 E206.73595
G1 X102.371 Y101.038 E207.06528
G1 X101.935 Y100.81 E207.14711
G1 X101.369 Y100.556 E207.25028
G1 X100.024 Y100.014 E207.49143
G1 X99.699 Y99.898 E207.54882
G1 X99.685 Y100.396 E207.63167
G1 X99.593 Y100.906 E207.71785
G1 X99.524 Y101.162 E207.76194
G1 X99.351 Y101.601 E207.84041
G1 X99.11 Y102.03 E207.92224
G1 X98.83 Y102.41 E208.00074
G1 X98.512 Y102.739 E208.07683
G1 X98.121 Y103.052 E208.16012
G1 X104.943 Y102.396 E209.29986
G0 F6000 X103.011 Y102.18
G0 X106.705 Y102.293
G1 F1331.9 X108.826 Y102.061 E209.61956
G1 F1279.3 X109.217 Y102.014 E209.68099
G1 F1252.6 X109.608 Y101.967 E209.74373
G1 F1228.2 X109.999 Y101.919 E209.80774
G1 F1203.6 X110.39 Y101.872 E209.87303
G1 F1179.9 X110.781 Y101.825 E209.93964
G1 F1158.3 X111.172 Y101.777 E210.00751
G1 F1136.4 X111.564 Y101.73 E210.07684
G1 F1115.2 X111.955 Y101.683 E210.14731
G1 F1095.9 X112.346 Y101.635 E210.21904
G1 F1076.2 X112.737 Y101.588 E210.29207
G1 F1057.3 X113.128 Y101.54 E210.36642
G1 F1039.9 X113.519 Y101.493 E210.442
G1 F1022.1 X113.911 Y101.446 E210.51908
G1 F1005 X114.302 Y101.398 E210.5973
G1 F989.3 X114.693 Y101.351 E210.67674
G1 F973.2 X115.084 Y101.304 E210.7575
G1 F957.7 X115.475 Y101.256 E210.83958
G1 F943.4 X115.866 Y101.209 E210.92289
G1 F928.8 X116.258 Y101.162 E211.00772
G1 F914.6 X116.649 Y101.114 E211.09367
G1 F901.6 X117.04 Y101.067 E211.18084
G1 F888.2 X117.431 Y101.019 E211.26934
G1 F875.3 X117.822 Y100.972 E211.35913
G1 F863.3 X118.213 Y100.925 E211.45017
G1 F851.1 X118.605 Y100.877 E211.54277
G1 F838 X118.823 Y100.844 E211.59528
G1 F903.6 X119.349 Y100.91 E211.71235
G1 F1077.2 X119.783 Y100.966 E211.79342
G1 F1190.5 X122.987 Y100.668 E212.33283
G1 F1200 X123.413 Y99.57 E212.52869
G1 X123.133 Y99.484 E212.5774
G1 X122.842 Y99.351 E212.63061
G1 X122.489 Y99.08 E212.70462
G1 X122.283 Y98.868 E212.75378
G1 X122.026 Y98.503 E212.82801
G1 F1158.3 X121.724 Y97.969 E212.93371
G1 F1049 X121.429 Y97.521 E213.03576
G1 F961.5 X121.284 Y97.326 E213.08619
G1 F941.9 X121.104 Y96.976 E213.16958
G1 F940.4 X120.862 Y96.554 E213.2728
G1 F1006.7 X120.604 Y95.946 E213.40373
G1 F1145 X120.275 Y95.357 E213.52131
G1 F1200 X119.836 Y94.765 E213.64388
G1 X119.383 Y94.222 E213.76148
G1 X118.136 Y92.869 E214.06747
G1 X117.576 Y92.302 E214.2
G1 X117.58 Y93.159 E214.34252
G1 X117.529 Y94.557 E214.57516
G1 X117.428 Y95.599 E214.74926
G1 X117.269 Y96.827 E214.95518
G1 X118.695 Y96.861 E215.19239
G1 X119.046 Y96.938 E215.25215
G1 F1145 X119.422 Y97.073 E215.32178
G1 F1006.7 X119.818 Y97.301 E215.41236
G1 F940.4 X119.992 Y97.577 E215.4816
G1 F941.9 X120.113 Y97.834 E215.54178
G1 F1018.7 X120.202 Y98.542 E215.68157
G1 F1158.3 X120.224 Y98.982 E215.75747
G1 F1200 X120.179 Y99.323 E215.81467
G1 X119.968 Y99.795 E215.90065
G1 F1190.5 X119.531 Y100.231 E216.00413
G1 F1077.2 X119.223 Y100.541 E216.08509
G1 F903.6 X118.823 Y100.844 E216.19591
G1 F2700 E207.19591
G0 F6000 X87.952 Y104.492
G0 X87.388 Y104.706
G0 X86.768 Y105.149
G0 X86.308 Y105.864
G0 X86.127 Y106.616
G0 X86.16 Y107.514
G0 X86.552 Y108.257
G0 X86.85 Y108.609
G0 X87.217 Y108.903
G0 X87.657 Y109.122
G0 X114.7 Y116.523
G1 F2700 E216.19591
G1 F1200 X115.102 Y116.75 E216.27268
G1 X115.509 Y117.045 E216.35628
G1 X115.881 Y117.406 E216.44248
G1 X116.143 Y117.728 E216.51152
G1 X116.454 Y118.194 E216.60469
G1 X116.691 Y118.688 E216.69581
G1 X116.86 Y119.117 E216.77248
G1 X117.001 Y119.579 E216.85281
G1 X117.085 Y119.935 E216.91364
G1 X117.172 Y120.424 E216.99624
G1 X117.235 Y120.94 E217.08269
G1 X117.276 Y121.808 E217.2272
G1 X117.253 Y122.699 E217.37542
G1 X117.169 Y123.502 E217.50969
G1 X117.051 Y124.22 E217.6307
G1 X116.922 Y124.812 E217.73146
G1 X116.748 Y125.438 E217.83951
G1 X116.581 Y125.947 E217.92859
G1 X115.819 Y127.835 E218.26718
G1 X116.607 Y127.293 E218.42623
G1 X117.32 Y126.761 E218.57417
G1 X118.158 Y126.084 E218.75333
G1 X119.019 Y125.328 E218.94387
G1 X119.905 Y124.471 E219.14886
G1 X120.771 Y123.531 E219.36141
G1 X121.572 Y122.57 E219.56946
G1 X122.304 Y121.616 E219.76944
G1 X122.978 Y120.68 E219.96125
G1 X123.907 Y119.286 E220.23984
G1 X124.458 Y118.389 E220.4149
G1 F1065.7 X124.654 Y117.818 E220.52795
G1 F890.2 X124.791 Y117.395 E220.62763
G1 F840.3 X125.316 Y116.554 E220.86306
G1 F842.7 X126.327 Y114.835 E221.33533
G1 F827 X127.338 Y113.116 E221.81655
G1 F811.9 X128.155 Y111.721 E222.21391
G1 F851.7 X128.396 Y111.477 E222.29427
G1 F963.1 X128.637 Y111.233 E222.36533
G1 F1109.1 X128.878 Y110.989 E222.42704
G1 F1200 X133.148 Y103.842 E223.81156
G1 X133.504 Y103.436 E223.90136
G1 X133.948 Y103.193 E223.98553
G1 X134.351 Y103.105 E224.05413
G1 X134.694 Y103.134 E224.11138
G1 X135.006 Y103.223 E224.16533
G1 X135.271 Y103.365 E224.21533
G1 X136.365 Y104.19 E224.4432
G1 X137.137 Y103.183 E224.65421
G1 X137.548 Y102.878 E224.73932
G1 F1087 X138.057 Y102.617 E224.84434
G1 F949.4 X138.297 Y102.55 E224.89672
G1 F914.6 X138.581 Y102.594 E224.95943
G1 X138.859 Y102.67 E225.02231
G1 F891.5 X139.214 Y102.811 E225.10781
G1 F875.3 X139.806 Y103.095 E225.25751
G1 X140.3 Y102.168 E225.497
G1 X140.442 Y101.945 E225.55728
G1 X140.627 Y101.783 E225.61335
G1 X140.356 Y101.7 E225.67797
G1 F891.5 X139.244 Y101.411 E225.93515
G1 F913.9 X138.754 Y101.298 E226.04495
G1 X138.459 Y101.243 E226.11047
G1 F949.4 X138.115 Y101.112 E226.18785
G1 F1087 X137.252 Y100.842 E226.35386
G1 F1200 X135.652 Y100.541 E226.62461
G1 X133.571 Y100.178 E226.97591
G1 X132.607 Y100.039 E227.13788
G1 X127.13 Y109.984 E229.02597
G1 F1109.1 X127.041 Y110.315 E229.08764
G1 F963.1 X126.952 Y110.646 E229.15866
G1 F851.7 X126.863 Y110.978 E229.2392
G1 F812.5 X126.062 Y112.4 E229.64009
G1 F827.6 X125.084 Y114.115 E230.11615
G1 F842.7 X124.105 Y115.831 E230.584
G1 F846.9 X123.794 Y116.316 E230.71977
G1 F836.8 X123.637 Y116.538 E230.78461
G1 F890.2 X123.272 Y116.791 E230.88417
G1 F1008.4 X123.108 Y116.869 E230.92011
G1 F1126.8 X122.825 Y117.033 E230.97804
G1 F1200 X122.685 Y117.143 E231.00765
G1 X122.298 Y117.409 E231.08574
G1 X121.747 Y117.666 E231.18685
G1 X121.375 Y117.782 E231.25166
G1 X120.87 Y117.87 E231.3369
G1 X120.612 Y117.893 E231.37998
G1 X120.165 Y117.893 E231.45431
G1 X119.714 Y117.832 E231.53
G1 X114.7 Y116.523 E232.39178
G0 F6000 X120.186 Y117.432
G0 X123.72 Y117.176
G0 X124.769 Y116.224
G0 X124.163 Y117.908
G0 X117.748 Y125.242
;TYPE:SKIN
G1 F1200 X118.417 Y124.655 E232.53979
G1 X119.29 Y123.808 E232.74207
G1 X120.079 Y122.95 E232.93592
G1 X120.877 Y121.992 E233.14326
G1 X121.597 Y121.05 E233.34044
G1 X122.249 Y120.144 E233.52606
G1 X123.166 Y118.768 E233.80105
G1 X123.644 Y117.989 E233.95305
G1 X123.693 Y117.648 E234.01034
G1 X123.348 Y117.767 E234.07103
G1 X123.206 Y117.877 E234.1009
G1 X122.895 Y118.086 E234.16321
G1 X122.625 Y118.25 E234.21575
G1 X122.071 Y118.503 E234.31703
G1 X121.575 Y118.655 E234.4033
G1 X121.039 Y118.753 E234.49392
G1 X120.641 Y118.791 E234.5604
G1 X120.054 Y118.787 E234.65803
G1 X119.518 Y118.705 E234.7482
G1 X117.457 Y118.172 E235.10222
G1 X117.719 Y118.853 E235.22356
G1 X117.871 Y119.349 E235.30984
G1 X117.96 Y119.725 E235.37409
G1 X118.049 Y120.211 E235.45626
G1 X118.132 Y120.901 E235.57183
G1 X118.172 Y121.781 E235.71833
G1 X118.146 Y122.796 E235.88718
G1 X118.062 Y123.604 E236.02228
G1 X117.93 Y124.41 E236.1581
G1 X117.748 Y125.242 E236.29973
G0 F6000 X124.115 Y117.9
G0 X119.068 Y123.311
G1 F1200 X118.639 Y122.882 E236.40063
G0 F6000 X124.115 Y117.9
G0 X119.744 Y122.573
G1 F1200 X118.657 Y121.486 E236.65627
G0 F6000 X117.663 Y121.531
G0 X117.405 Y119.552
G0 X118.503 Y119.917
G1 F1200 X120.386 Y121.8 E237.09913
G0 F6000 X124.115 Y117.9
G0 X121.004 Y121.004
G1 F1200 X119.118 Y119.118 E237.54268
G0 F6000 X117.398 Y119.524
G0 X116.589 Y117.517
G0 X120.608 Y118.294
G0 X120.702 Y119.287
G1 F1200 X121.603 Y120.188 E237.75459
G0 F6000 X124.115 Y117.9
G0 X122.178 Y119.35
G1 F1200 X121.903 Y119.075 E237.81926
G0 F6000 X124.115 Y117.9
G0 X127.54 Y110.382
G0 X128.069 Y110.368
G1 F969.3 X128.612 Y109.422 E238.04383
G1 F939.7 X129.155 Y108.476 E238.27547
G1 F911.2 X129.698 Y107.53 E238.51437
G1 F885 X130.242 Y106.584 E238.76045
G0 F6000 X128.303 Y110.887
G0 X130.969 Y105.317
G1 F819.7 X132.15 Y103.258 E239.33835
G1 F792.6 X132.224 Y103.142 E239.37299
G1 F862.7 X132.783 Y102.704 E239.53727
G1 F996.7 X132.981 Y102.616 E239.58065
G1 F1044.4 X133.613 Y102.271 E239.71824
G1 F1107 X134.217 Y102.206 E239.82775
G1 F1212.1 X134.799 Y102.258 E239.92395
G1 F1224.5 X135.357 Y102.392 E240.01748
G1 F1153.8 X135.791 Y102.58 E240.09928
G1 F1109.1 X136.184 Y102.874 E240.18759
G1 X136.464 Y102.518 E240.26909
G1 X137.081 Y102.06 E240.40735
G1 X137.346 Y101.897 E240.46333
G1 X137.03 Y101.757 E240.52552
G1 X136.189 Y101.598 E240.67953
G1 F1162.8 X135.557 Y101.429 E240.79181
G1 F1234.6 X134.963 Y101.313 E240.88964
G1 F1230.8 X134.408 Y101.23 E240.98063
G1 F1122.5 X133.544 Y101.161 E241.13472
G1 F1044.4 X133.136 Y101.098 E241.2136
G1 X132.543 Y102.176 E241.44869
G1 F996.7 X132.445 Y102.466 E241.50998
G1 F862.7 X132.224 Y103.142 E241.6745
G1 F2700 E232.6745
G0 F6000 X128.329 Y110.928
G0 X122.478 Y116.728
G0 X122.061 Y117.016
G0 X121.43 Y117.306
G0 X120.698 Y117.433
G0 X119.796 Y117.377
G0 X87.76 Y109.173
G0 X87.217 Y108.903
G0 X86.85 Y108.609
G0 X86.552 Y108.257
G0 X86.16 Y107.514
G0 X86.127 Y106.616
G0 X86.308 Y105.864
G0 X86.768 Y105.149
G0 X87.388 Y104.706
G0 X87.952 Y104.492
G0 X123.174 Y101.119
G0 X122.8 Y99.848
G0 X122.3 Y99.456
G0 X121.541 Y99.616
G1 F2700 E241.6745
G1 F749.1 X121.441 Y99.443 E241.72774
G1 X121.241 Y99.443 E241.78102
G1 X121.141 Y99.616 E241.83426
G1 X121.241 Y99.789 E241.88749
G1 X121.441 Y99.789 E241.94078
G1 X121.541 Y99.616 E241.99401
G0 F6000 X122.3 Y99.456
G0 X120.923 Y97.783
G0 X119.613 Y96.687
G0 X119.741 Y96.244
G1 F1301.5 X119.545 Y95.821 E242.06549
G1 X119.146 Y95.285 E242.16795
G1 X118.709 Y94.761 E242.27257
G1 X118.404 Y94.427 E242.34192
G1 X118.282 Y95.705 E242.53876
G1 X118.245 Y95.985 E242.58207
G1 X118.77 Y96 E242.6626
G1 X119.293 Y96.113 E242.74464
G1 X119.741 Y96.244 E242.81621
G0 F6000 X119.613 Y96.687
G0 X119.871 Y98.836
G0 X119.545 Y99.666
G0 X118.733 Y100.181
G0 X108.777 Y101.643
G0 X105.598 Y102.029
G0 X105.211 Y101.97
G0 X101.15 Y100.9
G0 X100.875 Y101.579
G1 F730.8 X100.772 Y101.401 E242.87237
G1 X100.567 Y101.401 E242.92835
G1 X100.465 Y101.579 E242.98437
G1 X100.568 Y101.757 E243.04052
G1 X100.773 Y101.757 E243.0965
G1 X100.875 Y101.579 E243.15252
G1 F2700 E234.15252
G0 F6000 X101.15 Y100.9
G0 X100.136 Y100.571
G0 X99.818 Y101.711
G0 X96.578 Y103.685
G0 X87.952 Y104.492
G0 X87.388 Y104.706
G0 X86.768 Y105.149
G0 X86.308 Y105.864
G0 X85.004 Y109.205
G0 X84.168 Y109.521
G0 X83.89 Y109.699
G0 X76.656 Y115.822
G0 X76.374 Y115.462
G1 F2700 E243.15252
G1 F1315.8 X77.033 Y114.916 E243.28232
G1 X77.668 Y114.359 E243.41043
G1 X78.301 Y113.761 E243.5425
G1 F1314.3 X78.936 Y113.115 E243.68003
G1 F1257.9 X79.524 Y112.412 E243.82543
G1 F1203.6 X81.828 Y109.764 E244.4074
G1 F1200 X82.344 Y109.22 E244.5321
G1 X82.86 Y108.73 E244.65043
G1 X83.49 Y108.335 E244.77409
G1 X84.07 Y108.07 E244.88014
G1 X84.857 Y107.825 E245.01721
G1 X84.807 Y107.667 E245.04477
G1 X84.754 Y106.515 E245.23655
G1 X84.905 Y105.858 E245.34866
G1 X84.389 Y105.908 E245.43487
G1 X84.113 Y105.924 E245.48085
G1 X83.381 Y105.927 E245.60258
G1 X82.411 Y105.78 E245.76574
G1 X81.619 Y105.521 E245.90431
G1 X81.094 Y105.27 E246.00108
G1 X80.552 Y104.921 E246.10829
G1 X80.32 Y104.733 E246.15795
G1 X80.041 Y104.474 E246.22125
G1 X80.368 Y105.178 E246.35034
G1 X80.5 Y105.576 E246.42008
G1 X80.56 Y105.906 E246.47586
G1 X80.596 Y106.45 E246.56652
G1 X80.593 Y106.799 E246.62456
G1 X80.522 Y107.384 E246.72256
G1 X80.409 Y107.912 E246.81236
G1 X80.245 Y108.476 E246.91004
G1 X80.018 Y109.114 E247.02265
G1 X79.513 Y110.258 E247.23061
G1 X78.897 Y111.45 E247.45375
G1 F1203.6 X78.685 Y111.813 E247.52344
G1 F1259.2 X78.188 Y112.595 E247.67029
G1 F1315.8 X77.588 Y113.566 E247.84341
G1 X77.007 Y114.475 E248.00703
G1 X76.747 Y114.906 E248.08337
G1 X76.374 Y115.462 E248.18491
G0 F6000 X76.656 Y115.822
G0 X78.703 Y113.886
G0 X80.748 Y111.766
G0 X79.998 Y111.111
G1 F1200 X79.758 Y110.871 E248.24136
G0 F6000 X80.764 Y111.748
G0 X81.408 Y111.01
G0 X80.655 Y110.353
G1 F1200 X80.212 Y109.911 E248.34543
G0 F6000 X79.57 Y108.889
G0 X80.621 Y108.906
G1 F1200 X81.312 Y109.597 E248.50794
G0 F6000 X82.066 Y110.255
G0 X82.685 Y109.586
G0 X81.993 Y108.863
G1 F1200 X80.94 Y107.81 E248.75559
G0 F6000 X79.558 Y108.921
G0 X78.849 Y103.408
G0 X78.312 Y102.603
G0 X78.992 Y103.068
G0 X81.795 Y105.05
G0 X81.093 Y106.549
G1 F1200 X82.752 Y108.208 E249.14576
G0 F6000 X83.288 Y109.056
G0 X84.072 Y108.618
G0 X83.663 Y107.704
G1 F1200 X82.2 Y106.241 E249.48983
G0 F6000 X81.96 Y105.11
G0 X84.362 Y105.41
G0 X83.798 Y106.425
G1 F1200 X84.273 Y106.9 E249.60155
G1 F2700 E240.60155
G0 F6000 X85.271 Y106.852
G0 X86.85 Y108.609
G0 X87.217 Y108.903
G0 X87.76 Y109.173
G0 X119.796 Y117.377
G0 X120.698 Y117.433
G0 X121.43 Y117.306
G0 X122.061 Y117.016
G0 X122.803 Y116.442
G0 X128.477 Y110.759
G0 X132.375 Y106.077
G0 X134.846 Y107.608
G0 X136.975 Y108.899
G0 X138.714 Y108.98
G0 X138.927 Y109.992
G0 X140.481 Y110.557
;TYPE:WALL-OUTER
G1 F2700 E249.60155
G1 F1200 X140.392 Y110.422 E249.62844
G1 X140.348 Y110.188 E249.66803
G1 X140.412 Y109.968 E249.70614
G1 X140.82 Y109.236 E249.8455
G1 X141.043 Y108.906 E249.91174
G1 F1156.1 X141.543 Y108.278 E250.0503
G1 F1077.2 X142.043 Y107.65 E250.19902
G1 F1058.2 X142.44 Y107.454 E250.28251
G1 F1125.7 X142.867 Y107.289 E250.36367
G1 F1191.7 X143.413 Y107.115 E250.45963
G1 F1200 X143.88 Y107.021 E250.53885
G1 X144.254 Y106.992 E250.60124
G1 X144.578 Y107.007 E250.65517
G1 X144.932 Y107.058 E250.71465
G1 X145.271 Y107.131 E250.77232
G1 X145.599 Y107.227 E250.82916
G1 X146.501 Y107.571 E250.9897
G1 X146.698 Y107.785 E251.03807
G1 X146.747 Y108.086 E251.08878
G1 X146.696 Y108.243 E251.11624
G1 X146.594 Y108.378 E251.14437
G1 X145.54 Y109.361 E251.38406
G1 X144.802 Y109.824 E251.52894
G1 X144.052 Y110.219 E251.66991
G1 X143.665 Y110.387 E251.74007
G1 X143.222 Y110.541 E251.81806
G1 X142.828 Y110.638 E251.88554
G1 X142.388 Y110.706 E251.95958
G1 X142.024 Y110.739 E252.02036
G1 X141.611 Y110.748 E252.08906
G1 X140.722 Y110.712 E252.23702
G1 X140.481 Y110.557 E252.28468
G1 F2700 E243.28468
G0 F6000 X138.879 Y110.001
G0 X139.054 Y109.344
G0 X139.739 Y108.038
G0 X141.226 Y106.805
G1 F2700 E252.28468
G1 F1101.9 X140.761 Y106.792 E252.36892
G1 F1200 X138.644 Y105.788 E252.75857
G1 X137.158 Y107.775 E253.17119
G1 X136.98 Y107.913 E253.20865
G1 X136.838 Y107.956 E253.23332
G1 X136.562 Y107.931 E253.27941
G1 X134.834 Y106.636 E253.63852
G1 X133.232 Y109.222 E254.14441
G1 X128.114 Y117.92 E255.82272
G1 X127.606 Y118.804 E255.99227
G1 X127.483 Y119.077 E256.04207
G1 X127.443 Y119.238 E256.06966
G1 X127.753 Y119.325 E256.1232
G1 X128.043 Y119.303 E256.17157
G1 X128.704 Y119.19 E256.28309
G1 X129.625 Y118.957 E256.44107
G1 X130.898 Y118.589 E256.66144
G1 X132.383 Y118.126 E256.92013
G1 X133.77 Y117.67 E257.16293
G1 X135.203 Y117.169 E257.41538
G1 X136.58 Y116.653 E257.65993
G1 X138.031 Y116.076 E257.91961
G1 X139.476 Y115.471 E258.18013
G1 X140.913 Y114.834 E258.44153
G1 X142.363 Y114.163 E258.70723
G1 X143.062 Y113.816 E258.83701
G1 X143.702 Y113.479 E258.9573
G1 X144.313 Y113.133 E259.07407
G1 X144.879 Y112.79 E259.18413
G1 X146.025 Y112.026 E259.41318
G1 X147.146 Y111.204 E259.64435
G1 X148.289 Y110.303 E259.88639
G1 X148.781 Y109.893 E259.99289
G1 X149.315 Y109.415 E260.11208
G1 X149.78 Y108.968 E260.21934
G1 X150.167 Y108.555 E260.31347
G1 X150.513 Y108.129 E260.40473
G1 X150.719 Y107.837 E260.46416
G1 X150.86 Y107.496 E260.52553
G1 X150.927 Y107.237 E260.57002
G1 X150.965 Y106.939 E260.61998
G1 X150.882 Y106.529 E260.68954
G1 X150.671 Y106.154 E260.7611
G1 X150.503 Y105.927 E260.80806
G1 X150.269 Y105.662 E260.86686
G1 X149.916 Y105.32 E260.94859
G1 X149.494 Y104.965 E261.0403
G1 X148.802 Y104.453 E261.18346
G1 X148.08 Y103.964 E261.32847
G1 X146.685 Y103.109 E261.60057
G1 X144.996 Y105 E262.02222
G1 X144.773 Y105.131 E262.06523
G1 X144.582 Y105.152 E262.09718
G1 X142.468 Y104.553 E262.46258
G1 F1191.7 X141.648 Y106.026 E262.74491
G1 F1087.9 X141.346 Y106.713 E262.88256
G1 F1012.7 X141.226 Y106.805 E262.91236
G0 F6000 X139.739 Y108.038
G0 X141.336 Y107.653
G0 X143.052 Y105.968
;TYPE:WALL-INNER
G1 F956.9 X143.68 Y105.989 E263.04339
G1 F1176.5 X144.118 Y106.027 E263.11797
G1 F1334.8 X144.573 Y106.076 E263.18639
G1 F1388.9 X144.7 Y106.081 E263.20465
G0 F6000 X146.333 Y105.843
G0 X148.051 Y108.499
G0 X147.469 Y109.316
G1 F810.8 X147.761 Y109.187 E263.28322
G1 F921 X148.054 Y109.057 E263.35268
G1 F1083 X148.609 Y108.705 E263.47378
G1 F1200 X149.068 Y108.266 E263.5794
G1 X149.413 Y107.897 E263.66341
G1 X149.816 Y107.4 E263.76982
G1 X149.96 Y106.938 E263.8503
G1 X149.8 Y106.642 E263.90625
G1 X149.478 Y106.276 E263.98732
G1 F1136.4 X149.234 Y106.13 E264.03725
G1 F1078.2 X149.181 Y106.082 E264.05049
G1 F990.1 X148.798 Y105.888 E264.13702
G1 F915.3 X148.758 Y105.857 E264.14806
G1 F867.1 X148.468 Y105.734 E264.22056
G1 F828.7 X148.085 Y105.439 E264.33697
G1 F821.9 X146.921 Y104.706 E264.67096
G1 F811.9 X145.789 Y105.971 E265.0882
G1 F814.1 X146.872 Y106.391 E265.37294
G1 F824.7 X147.277 Y106.63 E265.48673
G1 F828.7 X147.507 Y106.82 E265.55857
G1 F867.1 X147.583 Y107.029 E265.60975
G1 F990.1 X147.64 Y107.306 E265.66675
G1 F1136.4 X147.677 Y107.544 E265.70905
G1 F1200 X147.74 Y107.818 E265.75581
G1 X147.736 Y108.234 E265.82499
G1 F1083 X147.679 Y108.755 E265.92156
G1 F921 X147.574 Y109.035 E265.98636
G1 F810.8 X147.469 Y109.316 E266.06019
G1 F781.2 X146.312 Y110.308 E266.44949
G1 F794.2 X145.355 Y110.957 E266.74005
G1 F765.8 X144.582 Y111.416 E266.97432
G0 F6000 X143.009 Y112.259
G0 X137.468 Y114.729
G0 X134.082 Y115.994
G0 X130.393 Y117.276
G0 X129.206 Y118.032
G1 F1200 X130.602 Y117.634 E267.21573
G1 X132.071 Y117.176 E267.47162
G1 X133.44 Y116.726 E267.71127
G1 X134.852 Y116.233 E267.95999
G1 X136.212 Y115.723 E268.20154
G1 X137.645 Y115.153 E268.45801
G1 X139.07 Y114.557 E268.71488
G1 X140.493 Y113.926 E268.97375
G1 X142.026 Y113.215 E269.25477
G1 X142.596 Y112.931 E269.36068
G1 X143.418 Y112.491 E269.51573
G1 F1237.1 X143.805 Y112.308 E269.58479
G1 F1337.8 X144.389 Y112.003 E269.68307
G1 F1314.3 X144.418 Y111.911 E269.69771
G1 F1059.1 X144.5 Y111.664 E269.74675
G1 F824.7 X144.582 Y111.416 E269.80995
G1 X144.33 Y111.35 E269.87299
G1 F1059.1 X144.077 Y111.284 E269.92225
G1 F1314.3 X143.999 Y111.251 E269.93511
G1 F1336.3 X143.45 Y111.484 E270.02417
G1 F1234.6 X143.068 Y111.608 E270.08909
G1 F1200 X142.476 Y111.702 E270.18878
G1 X142.015 Y111.74 E270.2657
G1 X141.618 Y111.748 E270.33174
G1 X140.786 Y111.716 E270.4702
G1 X140.369 Y111.637 E270.54078
G1 X140.014 Y111.464 E270.60646
G1 X139.749 Y111.238 E270.66438
G1 X139.515 Y110.936 E270.72791
G1 X139.36 Y110.484 E270.80738
G1 X139.35 Y110.134 E270.8656
G1 F1107 X139.318 Y109.804 E270.92537
G1 F910.5 X139.333 Y109.369 E271.02077
G1 F832.2 X139.742 Y108.688 E271.21127
G1 F850.5 X140.019 Y108.271 E271.32874
G1 F853.5 X140.305 Y107.899 E271.43846
G1 X139.017 Y107.299 E271.77069
G1 X138.671 Y107.76 E271.90546
G1 F835.1 X138.12 Y108.552 E272.13603
G1 F910.5 X137.721 Y108.725 E272.23135
G1 F1107 X137.403 Y108.819 E272.29113
G1 F1200 X137.068 Y108.943 E272.35053
G1 X136.651 Y108.956 E272.41991
G1 X136.307 Y108.888 E272.47823
G1 X135.868 Y108.661 E272.56042
G1 X135.109 Y108.091 E272.71827
G1 X134.094 Y109.73 E273.03887
G1 X129.206 Y118.032 E274.64102
G0 F6000 X130.393 Y117.276
G0 X136.042 Y115.295
G0 X141.351 Y113.087
G0 X141.142 Y112.631
M104 S215
;TYPE:SKIN
G1 F1200 X140.685 Y112.608 E274.71712
G1 X140.086 Y112.488 E274.81871
G1 X139.514 Y112.216 E274.92404
G1 X139.089 Y111.853 E275.01699
G1 X138.818 Y111.495 E275.09166
G1 X138.656 Y111.199 E275.14778
G1 X138.474 Y110.666 E275.24144
G1 X138.45 Y110.153 E275.32685
G1 X138.322 Y109.547 E275.42985
G1 X137.712 Y109.66 E275.53302
G1 X137.233 Y109.829 E275.61749
G1 X136.577 Y109.851 E275.72664
G1 X136.012 Y109.741 E275.82237
G1 X135.356 Y109.398 E275.94547
G1 X134.855 Y110.208 E276.10386
G1 X131.138 Y116.52 E277.32203
G1 X131.785 Y116.319 E277.4347
G1 X133.162 Y115.868 E277.67567
G1 X134.558 Y115.38 E277.9216
G1 X135.909 Y114.875 E278.16146
G1 X137.317 Y114.312 E278.41363
G1 X138.713 Y113.725 E278.66548
G1 X140.124 Y113.104 E278.92185
G1 X141.142 Y112.631 E279.10852
G0 F6000 X141.351 Y113.087
G0 X139.064 Y114.121
G0 X138.658 Y113.202
G1 F1200 X135.526 Y110.07 E279.84512
G0 F6000 X135.559 Y108.93
G0 X134.996 Y110.954
G1 F1200 X137.665 Y113.624 E280.47295
G0 F6000 X138.052 Y114.549
G0 X137.031 Y114.966
G0 X136.662 Y114.034
G1 F1200 X134.471 Y111.844 E280.98812
G0 F6000 X133.612 Y111.338
G0 X133.089 Y112.229
G0 X133.947 Y112.734
G1 F1200 X135.65 Y114.437 E281.38864
G0 F6000 X136.001 Y115.375
G0 X134.972 Y115.76
G0 X134.621 Y114.822
G1 F1200 X133.423 Y113.624 E281.67039
G0 F6000 X132.565 Y113.119
G0 X130.241 Y117.233
G0 X133.515 Y116.276
G0 X132.899 Y114.514
G1 F1200 X133.577 Y115.193 E281.82996
G0 F6000 X133.907 Y116.139
G0 X132.834 Y116.504
G0 X132.522 Y115.552
G1 F1200 X132.375 Y115.404 E281.86465
G0 F6000 X132.745 Y116.533
G0 X130.241 Y117.233
G0 X134.491 Y109.964
G0 X135.239 Y108.78
G0 X138.03 Y109.098
G0 X137.206 Y110.336
G1 F1200 X138.159 Y111.289 E282.08878
G0 F6000 X138.953 Y110.198
G0 X139.636 Y111.203
G0 X142.033 Y111.28
G0 X142.92 Y111.175
G0 X143.857 Y110.895
G0 X145.057 Y110.302
G0 X145.52 Y110.012
G0 X148.133 Y108.144
G0 X148.867 Y107.076
G1 F903.6 X148.784 Y106.932 E282.12549
G1 X148.618 Y106.932 E282.16215
G1 X148.535 Y107.076 E282.19886
G1 X148.618 Y107.22 E282.23556
G1 X148.784 Y107.22 E282.27223
G1 X148.867 Y107.076 E282.30893
G1 F2700 E273.30893
;MESH:NONMESH
G0 F300 X148.867 Y107.076 Z1.2
G0 F6000 X148.133 Y108.144
G0 X146.652 Y107.057
G0 X145.387 Y106.604
G0 X144.22 Y106.453
G0 X143.31 Y106.586
G0 X142.699 Y106.779
G0 X141.934 Y107.215
G0 X141.336 Y107.653
G0 X65.943 Y90.091
;TIME_ELAPSED:115.218539
;LAYER:1
M140 S60
M106 S85
;TYPE:SKIRT
G1 F2700 E282.30893
G1 F1200 X66.692 Y89.564 E282.61354
G1 X67.485 Y89.104 E282.91845
G1 X68.314 Y88.715 E283.22302
G1 X69.175 Y88.4 E283.52796
G1 X70.059 Y88.161 E283.83253
G1 X70.838 Y88.017 E284.09602
G1 X71.181 Y87.967 E284.21131
G1 X72.093 Y87.874 E284.51621
G1 X72.784 Y87.857 E284.74611
G1 X74.063 Y87.868 E285.17152
G1 X76.655 Y87.859 E286.03363
G1 X79.207 Y87.78 E286.88284
G1 X81.685 Y87.633 E287.70847
G1 X84.253 Y87.407 E288.56589
G1 X86.739 Y87.116 E289.39838
G1 X89.249 Y86.751 E290.24199
G1 X91.746 Y86.316 E291.08501
G1 X94.242 Y85.807 E291.93227
G1 X96.657 Y85.245 E292.75696
G1 X99.139 Y84.59 E293.61074
G1 X101.589 Y83.871 E294.45998
G1 X103.975 Y83.096 E295.29438
G1 X106.381 Y82.238 E296.14398
G1 X108.673 Y81.347 E296.96188
G1 X112.213 Y79.834 E298.24232
G1 X113.071 Y79.511 E298.54724
G1 X113.953 Y79.264 E298.85188
G1 X114.854 Y79.095 E299.15678
G1 X115.766 Y79.005 E299.46159
G1 X116.682 Y78.995 E299.76627
G1 X117.595 Y79.064 E300.0708
G1 X118.366 Y79.186 E300.33043
G1 X118.656 Y79.243 E300.42873
G1 X119.547 Y79.459 E300.73366
G1 X120.415 Y79.752 E301.03836
G1 X121.254 Y80.119 E301.34294
G1 X121.912 Y80.47 E301.59098
G1 X124.544 Y82.001 E302.60372
G1 X126.737 Y83.192 E303.43374
G1 X128.995 Y84.336 E304.27564
G1 X131.282 Y85.414 E305.11657
G1 X133.608 Y86.432 E305.96105
G1 X135.986 Y87.392 E306.81399
G1 X138.314 Y88.258 E307.64013
G1 X140.72 Y89.074 E308.48514
G1 X143.108 Y89.812 E309.31645
G1 X143.982 Y90.07 E309.61955
G1 X145.022 Y90.399 E309.98235
G1 X145.41 Y90.531 E310.11866
G1 X147.34 Y91.235 E310.80195
G1 X148.422 Y91.672 E311.19007
G1 X149.28 Y92.048 E311.50164
G1 X149.84 Y92.313 E311.7077
G1 X150.553 Y92.683 E311.97488
G1 X151.878 Y93.411 E312.47771
G1 X152.25 Y93.625 E312.62045
G1 X153.349 Y94.291 E313.04786
G1 X154.197 Y94.828 E313.3817
G1 X154.589 Y95.089 E313.53834
G1 X155.344 Y95.616 E313.84458
G1 X155.787 Y95.943 E314.02771
G1 X156.439 Y96.451 E314.30262
G1 X157.123 Y97.032 E314.60111
G1 X157.709 Y97.575 E314.86683
G1 X158.398 Y98.276 E315.19375
G1 X158.763 Y98.684 E315.37583
G1 X159.472 Y99.557 E315.74988
G1 X160.19 Y100.659 E316.18734
G1 X160.368 Y100.97 E316.30653
G1 X160.788 Y101.785 E316.61147
G1 X161.134 Y102.629 E316.91486
G1 X161.282 Y103.04 E317.06015
G1 X161.644 Y104.281 E317.49011
G1 X161.708 Y104.564 E317.58662
G1 X161.871 Y105.466 E317.89148
G1 X161.955 Y106.378 E318.1961
G1 X161.959 Y107.294 E318.50076
G1 X161.902 Y108.044 E318.75094
G1 X161.843 Y108.573 E318.92797
G1 X161.702 Y109.478 E319.23261
G1 X161.349 Y110.789 E319.68418
G1 X161.162 Y111.339 E319.87739
G1 X160.83 Y112.193 E320.18214
G1 X160.424 Y113.014 E320.48677
G1 X159.987 Y113.745 E320.77004
G1 X159.37 Y114.63 E321.12887
G1 X158.908 Y115.225 E321.37942
G1 X158.335 Y115.91 E321.67645
G1 X157.888 Y116.394 E321.89558
G1 X157.347 Y116.945 E322.15241
G1 X156.968 Y117.313 E322.32811
G1 X156.298 Y117.922 E322.62926
G1 X155.486 Y118.618 E322.98496
G1 X154.651 Y119.297 E323.34292
G1 X153.166 Y120.43 E323.96417
G1 X152.074 Y121.211 E324.4107
G1 X151.636 Y121.506 E324.58634
G1 X150.335 Y122.334 E325.09926
G1 X149.55 Y122.804 E325.40357
G1 X148.525 Y123.369 E325.79285
G1 X147.502 Y123.895 E326.17544
G1 X146.472 Y124.385 E326.55481
G1 X144.792 Y125.149 E327.16865
G1 X140.52 Y127.004 E328.71769
G1 X138.239 Y128.077 E329.55611
G1 X135.975 Y129.222 E330.39994
G1 X133.748 Y130.429 E331.24244
G1 X131.553 Y131.7 E332.08606
G1 X129.411 Y133.022 E332.92325
G1 X127.273 Y134.425 E333.77379
G1 X125.2 Y135.873 E334.61482
G1 X122.849 Y137.56 E335.57725
G1 X121.958 Y138.161 E335.93471
G1 X121.274 Y138.586 E336.20255
G1 X120.409 Y139.055 E336.52982
G1 X119.846 Y139.327 E336.73778
G1 X119.326 Y139.561 E336.92744
G1 X118.529 Y139.894 E337.21473
G1 X117.862 Y140.147 E337.452
G1 X117.16 Y140.372 E337.69718
G1 X116.364 Y140.585 E337.97125
G1 X115.985 Y140.673 E338.10066
G1 X115.268 Y140.813 E338.34364
G1 X114.899 Y140.872 E338.46793
G1 X113.989 Y140.977 E338.7726
G1 X113.073 Y141.003 E339.07739
G1 X112.158 Y140.948 E339.38227
G1 X111.252 Y140.814 E339.68688
G1 X110.36 Y140.601 E339.9919
G1 X109.33 Y140.249 E340.35394
G1 X108.423 Y139.885 E340.67899
G1 X107.643 Y139.559 E340.96017
G1 X105.251 Y138.637 E341.81281
G1 X102.84 Y137.786 E342.66319
G1 X100.462 Y137.021 E343.49404
G1 X98.036 Y136.316 E344.33431
G1 X95.567 Y135.673 E345.18289
G1 X93.109 Y135.108 E346.02175
G1 X90.61 Y134.606 E346.86952
G1 X88.137 Y134.182 E347.70405
G1 X85.622 Y133.824 E348.54897
G1 X83.108 Y133.538 E349.39053
G1 X80.593 Y133.324 E350.23004
G1 X78.065 Y133.18 E351.07222
G1 X75.524 Y133.108 E351.9177
G1 X73.009 Y133.108 E352.75419
G1 X70.451 Y133.18 E353.60532
G1 X69.017 Y133.246 E354.08278
G1 X68.101 Y133.238 E354.38745
G1 X67.189 Y133.15 E354.69219
G1 X66.288 Y132.982 E354.99703
G1 X65.405 Y132.737 E355.30181
G1 X64.547 Y132.416 E355.6065
G1 X63.72 Y132.022 E355.91119
G1 X62.931 Y131.556 E356.21596
G1 X62.185 Y131.024 E356.52071
G1 X61.488 Y130.429 E356.82552
G1 X60.846 Y129.775 E357.13033
G1 X60.264 Y129.068 E357.43491
G1 X59.745 Y128.312 E357.7399
G1 X59.294 Y127.515 E358.04448
G1 X58.915 Y126.681 E358.34917
G1 X58.609 Y125.817 E358.65403
G1 X58.38 Y124.929 E358.95904
G1 X58.23 Y124.026 E359.2635
G1 X58.158 Y123.112 E359.56844
G1 X58.167 Y122.196 E359.87311
G1 X58.255 Y121.284 E360.17786
G1 X58.473 Y120.174 E360.5541
G1 X59.237 Y117.159 E361.58858
G1 X59.779 Y114.708 E362.42348
G1 X60.252 Y112.238 E363.25994
G1 X60.661 Y109.725 E364.10676
G1 X60.993 Y107.242 E364.93996
G1 X61.261 Y104.688 E365.79409
G1 X61.451 Y102.201 E366.62368
G1 X61.574 Y99.646 E367.47446
G1 X61.593 Y98.87 E367.73263
G1 X61.622 Y98.162 E367.96831
G1 X61.699 Y97.249 E368.27306
G1 X61.856 Y96.346 E368.5779
G1 X62.091 Y95.461 E368.88245
G1 X62.402 Y94.599 E369.18725
G1 X62.787 Y93.767 E369.49216
G1 X63.243 Y92.973 E369.7967
G1 X63.767 Y92.221 E370.10155
G1 X64.354 Y91.517 E370.40642
G1 X65 Y90.868 E370.71098
G1 X65.703 Y90.276 E371.01666
G1 X65.943 Y90.091 E371.11745
G1 F2700 E362.11745
;MESH:sharkz.stl
G0 F7500 X74.454 Y112.862
G0 X75.867 Y113.776
G0 X74.46 Y117.261
G0 X72.622 Y118.74
;TYPE:WALL-OUTER
G1 F2700 E371.11745
G1 F1188.4 X72.511 Y118.819 E371.16893
G1 F1229.5 X72.24 Y118.844 E371.26832
G1 F1313.2 X71.192 Y118.809 E371.62684
G1 F1350 X70.484 Y118.803 E371.86233
G1 X69.497 Y121.757 E372.89823
G1 X71.641 Y120.646 E373.70138
G1 F1313.2 X72.554 Y120.13 E374.05995
G1 F1250 X73.144 Y119.761 E374.30992
G1 F1284.5 X74.213 Y119.256 E374.72321
G1 F1350 X74.808 Y118.895 E374.95468
G1 X75.812 Y118.208 E375.3593
G1 X77 Y117.335 E375.84965
G1 X77.618 Y116.849 E376.11114
G1 X78.234 Y116.34 E376.37692
G1 X78.937 Y115.713 E376.69022
G1 X79.598 Y115.094 E376.99142
G1 X80.257 Y114.423 E377.30423
G1 X80.943 Y113.678 E377.64107
G1 X83.262 Y111.014 E378.8158
G1 X83.698 Y110.558 E379.02563
G1 X84.105 Y110.199 E379.20614
G1 X84.445 Y109.986 E379.33958
G1 X84.756 Y109.843 E379.45343
G1 X85.12 Y109.728 E379.5804
G1 X85.502 Y109.668 E379.70901
G1 X85.823 Y109.652 E379.81591
G1 X86.201 Y109.657 E379.94164
G1 F1347.3 X86.716 Y109.697 E380.11379
G1 F1324.8 X86.926 Y109.7 E380.18497
G1 F1272.4 X87.284 Y109.73 E380.31175
G1 F1220.6 X87.572 Y109.774 E380.41892
G1 F1197.9 X87.922 Y109.881 E380.55611
G1 F1182.1 X88.255 Y110.008 E380.69148
G1 F1203.2 X88.543 Y110.207 E380.82212
G1 F1293.1 X89.107 Y110.833 E381.1147
G1 F1350 X89.314 Y111.08 E381.22188
G1 X89.522 Y111.352 E381.33577
G1 X89.75 Y111.709 E381.47666
G1 X89.902 Y112.028 E381.59419
G1 X90.117 Y112.621 E381.80398
G1 X90.261 Y113.121 E381.97704
G1 X90.369 Y113.623 E382.14783
G1 X90.434 Y114.072 E382.29872
G1 X90.679 Y114.105 E382.38095
G1 X92.038 Y113.669 E382.85565
G1 X94.68 Y112.872 E383.77349
G1 X95.297 Y112.732 E383.98392
G1 X95.895 Y112.649 E384.18472
G1 F1271.2 X96.383 Y112.556 E384.3602
G1 F1186.3 X96.42 Y112.54 E384.37546
G1 F1097.6 X96.864 Y112.464 E384.55974
G1 F1021.2 X96.912 Y112.448 E384.58199
G1 F1032.9 X97.685 Y112.548 E384.92082
G1 F1049.8 X102.097 Y113.691 E386.87024
G1 F1036.1 X111.497 Y116.164 E391.08263
G1 F1025.8 X112.311 Y116.397 E391.45323
G1 F1010.5 X112.845 Y116.574 E391.70321
G1 F984 X113.456 Y116.798 E392.00017
G1 F1064.7 X113.981 Y117.19 E392.2765
G1 F1205.4 X114.005 Y117.222 E392.2914
G1 F1284.5 X114.582 Y117.607 E392.53388
G1 F1350 X114.88 Y117.828 E392.65727
G1 X115.148 Y118.087 E392.78123
G1 X115.397 Y118.399 E392.914
G1 X115.591 Y118.714 E393.03705
G1 X115.768 Y119.068 E393.16868
G1 X115.896 Y119.384 E393.28208
G1 X116.026 Y119.813 E393.43117
G1 X116.117 Y120.19 E393.56017
G1 X116.185 Y120.581 E393.69217
G1 X116.236 Y121.001 E393.83288
G1 X116.276 Y121.749 E394.08203
G1 X116.258 Y122.599 E394.3648
G1 X116.182 Y123.341 E394.61288
G1 X116.068 Y124.034 E394.84647
G1 X115.935 Y124.629 E395.04925
G1 X115.783 Y125.18 E395.23936
G1 X115.612 Y125.683 E395.41606
G1 X114.997 Y127.21 E395.96359
G1 X114.652 Y128.031 E396.25979
G1 X113.806 Y129.894 E396.94032
G1 X114.318 Y129.74 E397.11815
G1 X114.823 Y129.542 E397.29856
G1 X115.588 Y129.176 E397.58062
G1 X116.052 Y128.889 E397.76208
G1 X117.18 Y128.114 E398.21727
G1 X117.973 Y127.517 E398.54741
G1 X118.805 Y126.845 E398.90313
G1 X119.713 Y126.048 E399.30497
G1 X120.621 Y125.17 E399.72507
G1 X121.523 Y124.19 E400.16806
G1 X122.373 Y123.171 E400.60942
G1 X123.156 Y122.145 E401.03869
G1 X123.796 Y121.259 E401.40221
G1 X124.764 Y119.802 E401.98402
G1 X125.113 Y119.243 E402.2032
G1 X126.149 Y117.508 E402.87531
G1 F1500 X129.565 Y111.79 E405.09066
G1 F1350 X131.568 Y108.437 E406.38971
G1 F1500 X132.188 Y107.399 E406.79184
G1 F1350 X134.006 Y104.355 E407.97111
G1 X134.125 Y104.219 E408.03121
G1 X134.273 Y104.139 E408.08717
G1 X134.523 Y104.119 E408.17058
G1 X134.715 Y104.196 E408.23939
G1 X136.556 Y105.588 E409.00704
G1 X137.877 Y103.863 E409.72968
G1 X138.004 Y103.769 E409.78223
G1 X138.173 Y103.715 E409.84124
G1 X138.423 Y103.747 E409.92507
G1 X140.319 Y104.654 E410.62413
G1 X141.387 Y102.66 E411.37647
G1 F1341.9 X141.532 Y102.523 E411.44322
G1 F1205.4 X141.886 Y102.354 E411.58934
G1 F1144.1 X143.84 Y102.964 E412.39273
G1 F1192.6 X144.193 Y103.066 E412.53107
G1 X144.913 Y102.214 E412.95106
G1 X144.385 Y101.969 E413.17021
G1 F1176 X143.648 Y101.683 E413.47206
G1 F1138.3 X142.564 Y101.294 E413.92636
G1 F1108.4 X142.184 Y101.171 E414.08817
G1 F1149.9 X141.762 Y100.969 E414.27085
G1 F1266.4 X141.34 Y100.766 E414.43689
G1 F1341.9 X140.66 Y100.557 E414.67492
G1 F1350 X140.074 Y100.399 E414.87678
G1 X138.284 Y100.019 E415.4854
G1 X135.896 Y99.57 E416.29357
G1 X133.729 Y99.19 E417.02532
G1 X132.5 Y99.013 E417.4383
G1 X132.169 Y99.062 E417.54959
G1 X131.887 Y99.273 E417.66674
G1 X129.599 Y103.425 E419.24349
G1 F1500 X129.011 Y104.492 E419.6487
G1 F1350 X127.093 Y107.974 E420.97089
G1 F1500 X124.752 Y112.222 E422.58412
G1 X123.827 Y113.867 E423.21182
G1 F1350 X123.066 Y115.221 E423.72841
G1 X122.811 Y115.605 E423.88173
G1 X122.575 Y115.899 E424.00712
G1 X122.268 Y116.199 E424.14989
G1 X121.992 Y116.411 E424.26564
G1 X121.734 Y116.572 E424.36679
G1 X121.281 Y116.781 E424.53272
G1 X120.649 Y116.892 E424.74614
G1 X120.181 Y116.888 E424.9018
G1 X119.911 Y116.849 E424.99254
G1 X115.307 Y115.648 E426.57508
G1 F1284.5 X114.682 Y115.537 E426.79697
G1 F1148 X114.308 Y115.515 E426.94351
G1 F1021.2 X113.933 Y115.493 E427.10868
G1 F994.1 X112.627 Y115.114 E427.72291
G1 F1026.6 X107.524 Y113.775 E430.03036
G1 F1036.1 X102.421 Y112.436 E432.31677
G1 F1052.2 X98.09 Y111.339 E434.22329
G1 F1035.3 X97.121 Y111.133 E434.65295
G1 F1097.6 X96.535 Y110.876 E434.91472
G1 F1271.2 X96.072 Y110.697 E435.09006
G1 F1350 X90.034 Y109.189 E437.15999
G1 F1328.7 X89.393 Y109.045 E437.382
G1 F1234 X88.622 Y108.916 E437.66644
G1 F1184.2 X87.932 Y108.713 E437.93915
G1 F1229.5 X87.559 Y108.51 E438.09424
G1 F1304.3 X87.203 Y108.193 E438.25833
G1 F1350 X86.998 Y107.95 E438.36407
G1 X86.742 Y107.468 E438.54559
G1 X86.645 Y106.805 E438.76845
G1 X86.769 Y106.17 E438.98365
G1 F1305.6 X87.133 Y105.561 E439.22765
G1 F1227.3 X87.674 Y105.097 E439.48841
G1 F1167.8 X88.066 Y104.899 E439.65726
G1 F1196.8 X88.761 Y104.912 E439.91805
G1 F1298.1 X89.767 Y104.855 E440.26659
G1 F1310.7 X91.242 Y104.683 E440.77532
G1 F1149.9 X92.008 Y104.495 E441.0833
G1 F1056.3 X92.303 Y104.478 E441.2089
G1 F1073.1 X93.191 Y104.402 E441.58181
G1 F1067.2 X95.249 Y104.189 E442.45232
G1 F1041.7 X97.307 Y103.976 E443.34416
G1 F1077.4 X97.675 Y104 E443.49785
G1 F1214 X98.2 Y104.032 E443.69238
G1 F1331.4 X98.632 Y104.005 E443.83836
G1 F1350 X104.732 Y103.419 E445.87657
G1 F1234 X105.044 Y103.295 E445.99874
G1 F1025.8 X105.47 Y103.127 E446.19917
G1 F942.1 X105.852 Y103.1 E446.3817
G1 F998.5 X106.191 Y103.138 E446.53509
G1 F1113.9 X106.531 Y103.177 E446.67305
G1 F1261.7 X106.87 Y103.216 E446.79449
G1 F1350 X122.865 Y101.681 E452.13889
G1 X123.662 Y101.614 E452.40491
G1 X123.736 Y101.507 E452.44818
G1 X124.855 Y98.622 E453.47738
G1 X124.204 Y98.648 E453.69408
G1 X123.812 Y98.648 E453.82446
G1 X123.618 Y98.609 E453.89027
G1 X123.304 Y98.471 E454.00435
G1 X122.903 Y98.023 E454.20433
G1 X122.422 Y97.031 E454.57101
G1 X121.862 Y95.993 E454.96329
G1 X121.494 Y95.389 E455.19853
G1 X121.058 Y94.736 E455.45968
G1 X120.614 Y94.133 E455.70874
G1 X120.124 Y93.547 E455.96281
G1 X118.869 Y92.19 E456.57758
G1 X117.825 Y91.139 E457.07029
G1 X117.438 Y90.778 E457.24632
G1 X117.064 Y90.454 E457.4109
G1 X116.538 Y90.048 E457.6319
G1 X116.577 Y91.715 E458.18649
G1 X116.581 Y93.134 E458.65846
G1 X116.534 Y94.46 E459.09976
G1 X116.436 Y95.49 E459.44389
G1 X116.297 Y96.542 E459.79683
G1 X116.068 Y97.802 E460.22277
G1 X118.61 Y97.857 E461.06844
G1 X118.851 Y97.943 E461.15355
G1 X119.043 Y98.197 E461.25945
G1 X119.219 Y98.946 E461.51535
G1 X119.207 Y99.103 E461.56772
G1 X119.129 Y99.277 E461.63115
G1 X118.956 Y99.43 E461.70796
G1 X118.522 Y99.661 E461.87148
G1 X108.709 Y101.105 E465.17045
G1 X106.668 Y101.355 E465.85436
G1 F1261.7 X106.346 Y101.465 E465.97546
G1 F1113.9 X106.023 Y101.575 E466.11301
G1 F998.5 X105.7 Y101.685 E466.26644
G1 F942.1 X105.507 Y101.694 E466.35853
G1 F1025.8 X105.089 Y101.505 E466.55932
G1 F1234 X105 Y101.385 E466.61369
G1 F1350 X104.621 Y101.243 E466.7483
G1 X102.869 Y100.168 E467.43197
G1 X102.357 Y99.903 E467.62372
G1 X101.771 Y99.637 E467.83776
G1 X100.383 Y99.081 E468.33507
G1 X99.054 Y98.61 E468.80404
G1 X98.422 Y98.413 E469.02422
G1 X98.567 Y98.938 E469.20537
G1 X98.658 Y99.393 E469.3597
G1 X98.696 Y99.832 E469.50626
G1 X98.687 Y100.431 E469.70551
G1 X98.54 Y100.948 E469.88428
G1 X98.332 Y101.402 E470.05037
G1 X98.082 Y101.739 E470.18994
G1 X97.866 Y101.97 E470.29512
G1 F1331.4 X97.492 Y102.296 E470.46245
G1 F1271.2 X97.451 Y102.364 E470.4905
G1 F1123.1 X97.071 Y102.692 E470.69118
G1 F1041.7 X95.06 Y102.926 E471.56387
G1 F1067.2 X93.048 Y103.16 E472.41611
G1 F1063 X92.059 Y103.219 E472.83461
G1 F1078.3 X91.818 Y103.137 E472.94062
G1 F1173.9 X91.48 Y102.978 E473.08349
G1 F1259.3 X91.452 Y102.957 E473.09597
G1 F1310.7 X89.847 Y102.362 E473.68237
G1 F1350 X88.907 Y102.067 E474.01005
G1 X88.187 Y101.865 E474.25877
G1 X88.392 Y102.312 E474.42234
G1 X88.527 Y102.794 E474.58882
G1 F1323.5 X88.524 Y103.095 E474.69094
G1 F1273.6 X88.301 Y103.398 E474.82358
G1 F1173.9 X87.816 Y103.741 E475.05079
G1 F1112 X87.665 Y103.782 E475.11397
G1 F1189.4 X87.023 Y103.774 E475.35634
G1 F1309.4 X86.587 Y103.785 E475.5059
G1 F1350 X84.006 Y104.031 E476.36823
G1 X83.553 Y104.032 E476.5189
G1 X82.903 Y103.934 E476.73754
G1 X82.452 Y103.805 E476.89356
G1 X81.998 Y103.594 E477.06007
G1 X81.628 Y103.358 E477.20603
G1 X80.994 Y102.765 E477.49477
G1 X80.423 Y102.275 E477.74502
G1 X79.746 Y101.768 E478.02634
G1 X78.074 Y100.642 E478.6968
G1 X77.03 Y100.01 E479.1027
G1 X76.469 Y99.704 E479.31524
G1 X75.888 Y99.418 E479.53063
G1 X75.518 Y99.272 E479.66292
G1 X75.225 Y99.172 E479.7659
G1 X74.701 Y99.041 E479.94554
G1 X73.782 Y98.918 E480.25393
G1 X72.998 Y98.845 E480.51582
G1 X72.85 Y98.847 E480.56505
G1 X74.003 Y99.864 E481.0764
G1 X74.858 Y100.738 E481.48306
G1 X76.151 Y102.206 E482.1337
G1 X76.919 Y103.22 E482.55678
G1 X77.611 Y104.184 E482.95146
G1 X78.196 Y105.09 E483.31016
G1 X78.42 Y105.489 E483.46235
G1 X78.587 Y105.845 E483.59313
G1 X78.682 Y106.202 E483.71601
G1 X78.701 Y106.614 E483.85318
G1 X78.658 Y107.027 E483.99129
G1 X78.56 Y107.492 E484.14935
G1 X78.406 Y107.985 E484.32113
G1 X78.238 Y108.441 E484.48276
G1 X77.79 Y109.462 E484.8536
G1 X77.231 Y110.541 E485.25778
G1 X76.639 Y111.574 E485.65378
G1 X76.012 Y112.596 E486.05257
G1 X75.419 Y113.514 E486.41606
G1 X75.153 Y113.958 E486.58821
G1 X74.857 Y114.399 E486.76487
G1 X74.528 Y114.84 E486.94786
G1 X73.979 Y115.513 E487.23673
G1 X73.283 Y116.245 E487.57269
G1 X72.683 Y116.83 E487.8514
G1 X72.602 Y116.983 E487.90898
G1 X72.749 Y118.327 E488.35866
G1 F1264 X72.622 Y118.74 E488.51215
G0 F7500 X74.46 Y117.261
G0 X72.828 Y119.025
G0 X71.304 Y119.784
;TYPE:WALL-INNER
G1 F1418.1 X71.244 Y119.681 E488.54989
G1 X71.125 Y119.681 E488.58757
G1 X71.066 Y119.784 E488.62516
G1 X71.126 Y119.887 E488.6629
G1 X71.245 Y119.887 E488.70058
G1 X71.304 Y119.784 E488.73816
G0 F7500 X72.828 Y119.025
G0 X77.712 Y110.789
G0 X78.734 Y108.665
G0 X79.188 Y107.143
G0 X79.243 Y106.646
G0 X79.221 Y106.129
G0 X79.098 Y105.661
G0 X78.845 Y105.172
G0 X76.114 Y100.649
G1 F1350 X76.949 Y101.602 E489.15959
G1 X77.731 Y102.636 E489.59078
G1 X78.423 Y103.601 E489.98573
G1 X79.048 Y104.565 E490.36785
G1 X79.324 Y105.06 E490.55635
G1 X79.528 Y105.505 E490.71917
G1 X79.682 Y106.058 E490.9101
G1 X79.701 Y106.634 E491.10178
G1 X79.642 Y107.21 E491.29436
G1 X79.535 Y107.716 E491.46638
G1 X79.344 Y108.331 E491.68057
G1 X79.142 Y108.872 E491.87264
G1 X78.706 Y109.864 E492.23304
G1 X78.099 Y111.038 E492.67262
G1 X77.515 Y112.058 E493.06354
G1 X76.851 Y113.14 E493.48578
G1 X76.277 Y114.029 E493.83774
G1 F1305.6 X75.732 Y114.951 E494.20608
G1 F1245.4 X75.699 Y115.027 E494.23595
G1 F1140.2 X75.414 Y115.548 E494.46981
G1 F1064.7 X74.8 Y116.294 E494.87729
G1 F1065.5 X74.104 Y117.026 E495.30294
G1 X73.781 Y117.342 E495.49336
G1 X73.869 Y118.14 E495.83168
G1 X74.199 Y117.939 E495.99451
G1 X75.142 Y117.294 E496.47596
G1 F1064.7 X76.299 Y116.443 E497.08168
G1 F1155.8 X76.94 Y116.069 E497.36998
G1 F1305.6 X77.366 Y115.759 E497.55118
G1 F1350 X77.596 Y115.569 E497.6504
G1 X78.254 Y114.983 E497.94346
G1 X78.917 Y114.361 E498.24583
G1 X79.532 Y113.734 E498.53794
G1 X80.198 Y113.011 E498.86488
G1 X82.539 Y110.323 E500.05044
G1 X82.975 Y109.867 E500.26028
G1 X83.446 Y109.442 E500.47128
G1 X83.924 Y109.126 E500.66186
G1 X84.388 Y108.913 E500.83168
G1 X84.896 Y108.754 E501.00872
G1 X85.287 Y108.686 E501.14072
G1 X85.773 Y108.652 E501.30276
G1 X86.282 Y108.658 E501.47206
G1 X86.096 Y108.382 E501.58276
G1 X85.873 Y107.961 E501.74122
G1 X85.756 Y107.62 E501.86113
G1 X85.655 Y106.911 E502.09932
G1 X85.66 Y106.655 E502.18448
G1 X85.773 Y106.057 E502.3869
G1 X85.956 Y105.582 E502.5562
G1 X86.236 Y105.113 E502.73788
G1 X86.528 Y104.795 E502.88147
G1 X84.382 Y105.006 E503.59867
G1 X83.968 Y105.032 E503.73664
G1 X83.451 Y105.031 E503.9086
G1 X82.737 Y104.922 E504.14883
G1 X82.073 Y104.735 E504.37827
G1 X81.509 Y104.467 E504.58595
G1 X81.011 Y104.142 E504.78374
G1 X80.313 Y103.499 E505.09939
G1 X79.797 Y103.055 E505.3258
G1 X79.153 Y102.575 E505.59295
G1 X77.53 Y101.482 E506.24376
G1 X76.53 Y100.877 E506.63249
G1 X76.114 Y100.649 E506.79027
G0 F7500 X81.771 Y104.092
G0 X82.261 Y104.315
G0 X83.495 Y104.573
G0 X84.325 Y104.549
G0 X87.866 Y104.202
G0 X89.835 Y103.613
G1 F903.6 X89.742 Y103.452 E506.88266
G1 X89.556 Y103.452 E506.97509
G1 X89.463 Y103.613 E507.06748
G1 X89.556 Y103.774 E507.15987
G1 X89.742 Y103.774 E507.25229
G1 X89.835 Y103.613 E507.34468
G0 F7500 X87.383 Y104.71
G0 X86.744 Y105.166
G0 X86.262 Y105.976
G0 X86.098 Y106.789
G0 X86.228 Y107.645
G0 X86.559 Y108.265
G0 X86.855 Y108.615
G0 X87.165 Y108.861
G0 X93.511 Y111.632
G0 X94.658 Y111.613
G1 F921.5 X90.473 Y110.568 E509.44648
G1 X90.808 Y111.066 E509.73893
G1 X91.03 Y111.524 E509.98693
G1 X91.301 Y112.28 E510.37825
G1 X91.388 Y112.583 E510.53186
G1 X94.291 Y111.701 E512.01022
G1 X94.658 Y111.613 E512.19411
G1 F2700 E503.19411
G0 F7500 X93.511 Y111.632
G0 X87.237 Y108.918
G0 X86.855 Y108.615
G0 X86.559 Y108.265
G0 X86.228 Y107.645
G0 X86.098 Y106.789
G0 X86.262 Y105.976
G0 X86.744 Y105.166
G0 X87.383 Y104.71
G0 X87.841 Y104.534
G0 X103.021 Y102.177
G0 X104.936 Y102.395
G1 F2700 E512.19411
G1 F1350 X104.65 Y102.322 E512.29229
G1 X104.319 Y102.198 E512.40985
G1 X104.059 Y102.071 E512.50609
G1 X102.377 Y101.039 E513.16243
G1 X101.92 Y100.803 E513.3335
G1 X101.378 Y100.557 E513.53147
G1 X100.025 Y100.015 E514.01625
G1 X99.696 Y99.897 E514.1325
G1 X99.688 Y100.379 E514.29283
G1 X99.631 Y100.769 E514.42393
G1 X99.47 Y101.333 E514.61901
G1 X99.258 Y101.783 E514.78445
G1 X99.104 Y102.04 E514.8841
G1 X98.83 Y102.411 E515.0375
G1 X98.524 Y102.729 E515.18429
G1 X98.128 Y103.049 E515.35363
G1 X104.936 Y102.395 E517.6284
G0 F7500 X103.021 Y102.177
G0 X106.781 Y102.284
G1 F1500 X108.826 Y102.06 E518.24421
G1 F1442.3 X109.217 Y102.013 E518.36681
G1 F1412.1 X109.608 Y101.966 E518.49203
G1 F1384.6 X109.999 Y101.918 E518.61978
G1 F1356.8 X110.39 Y101.871 E518.75011
G1 F1330 X110.781 Y101.824 E518.88306
G1 F1304.3 X111.172 Y101.776 E519.01867
G1 F1280.8 X111.564 Y101.729 E519.15707
G1 F1257 X111.955 Y101.681 E519.29779
G1 F1234 X112.346 Y101.634 E519.44109
G1 F1211.8 X112.737 Y101.587 E519.587
G1 F1191.5 X113.128 Y101.539 E519.73545
G1 F1170.9 X113.519 Y101.492 E519.88648
G1 F1150.9 X113.911 Y101.445 E520.04051
G1 F1131.6 X114.302 Y101.397 E520.19682
G1 F1112.9 X114.693 Y101.35 E520.3557
G1 F1095.8 X115.084 Y101.302 E520.51712
G1 F1078.3 X115.475 Y101.255 E520.68111
G1 F1061.3 X115.866 Y101.208 E520.84772
G1 F1044.9 X116.258 Y101.16 E521.01743
G1 F1029.7 X116.649 Y101.113 E521.18915
G1 F1014.3 X117.04 Y101.065 E521.36354
G1 F999.3 X117.431 Y101.018 E521.5405
G1 F984.7 X117.822 Y100.971 E521.72008
G1 F971.2 X118.213 Y100.923 E521.9022
G1 F957.4 X118.604 Y100.876 E522.08689
G1 F942.7 X118.81 Y100.844 E522.18618
G1 F994.1 X119.2 Y100.893 E522.36372
G1 F1147 X119.624 Y100.945 E522.53094
G1 F1295.6 X120.55 Y100.899 E522.85226
G1 F1350 X122.989 Y100.667 E523.66714
G1 X123.416 Y99.568 E524.05929
G1 X123.23 Y99.531 E524.12237
G1 X122.845 Y99.354 E524.2633
G1 X122.504 Y99.076 E524.40963
G1 X122.109 Y98.644 E524.60433
G1 F1323.5 X121.788 Y98.069 E524.82774
G1 F1196.8 X121.428 Y97.519 E525.07435
G1 F1083.5 X121.291 Y97.333 E525.17009
G1 F1063 X121.112 Y96.983 E525.33614
G1 F1059.7 X120.862 Y96.548 E525.54874
G1 F1128.8 X120.615 Y95.97 E525.79878
G1 F1282.1 X120.253 Y95.331 E526.05599
G1 F1350 X119.827 Y94.751 E526.29534
G1 X119.355 Y94.188 E526.5397
G1 X118.159 Y92.894 E527.12576
G1 X117.579 Y92.309 E527.39975
G1 X117.581 Y93.131 E527.67315
G1 X117.53 Y94.554 E528.14675
G1 X117.428 Y95.621 E528.50325
G1 X117.263 Y96.827 E528.90811
G1 X118.692 Y96.86 E529.38352
G1 X119.037 Y96.93 E529.5006
G1 F1282.1 X119.447 Y97.075 E529.65291
G1 F1128.8 X119.823 Y97.296 E529.82641
G1 F1059.7 X120.002 Y97.581 E529.96901
G1 F1063 X120.123 Y97.837 E530.08862
G1 F1117.5 X120.169 Y98.349 E530.29516
G1 F1261.7 X120.215 Y98.862 E530.47846
G1 F1350 X120.181 Y99.332 E530.63519
G1 X119.945 Y99.855 E530.82603
G1 F1295.6 X119.445 Y100.349 E531.06963
G1 F1147 X119.121 Y100.627 E531.23676
G1 F994.1 X118.81 Y100.844 E531.40804
G1 F2700 E522.40804
G0 F7500 X120.046 Y100.282
G0 X87.949 Y104.492
G0 X87.383 Y104.71
G0 X86.744 Y105.166
G0 X86.262 Y105.976
G0 X86.098 Y106.789
G0 X86.228 Y107.645
G0 X86.559 Y108.265
G0 X86.855 Y108.615
G0 X87.237 Y108.918
G0 X87.731 Y109.146
G0 X114.695 Y116.522
G1 F2700 E531.40804
G1 F1350 X115.091 Y116.741 E531.55855
G1 X115.503 Y117.041 E531.72806
G1 X115.862 Y117.38 E531.89229
G1 X116.199 Y117.794 E532.06984
G1 X116.483 Y118.262 E532.25191
G1 X116.695 Y118.692 E532.41137
G1 X116.869 Y119.141 E532.57153
G1 X116.998 Y119.576 E532.72244
G1 X117.082 Y119.92 E532.84022
G1 X117.167 Y120.386 E532.99776
G1 X117.225 Y120.842 E533.15065
G1 X117.276 Y121.808 E533.47239
G1 X117.253 Y122.699 E533.76884
G1 X117.169 Y123.502 E534.03738
G1 X117.053 Y124.208 E534.27534
G1 X116.9 Y124.894 E534.50911
G1 X116.731 Y125.499 E534.71804
G1 X116.54 Y126.057 E534.9142
G1 X115.819 Y127.836 E535.55265
G1 X116.596 Y127.302 E535.86623
G1 X117.345 Y126.738 E536.17807
G1 X118.161 Y126.08 E536.52672
G1 X119.035 Y125.312 E536.9137
G1 X119.905 Y124.471 E537.31616
G1 X120.771 Y123.531 E537.74126
G1 X121.591 Y122.547 E538.16728
G1 X122.346 Y121.559 E538.58085
G1 X122.994 Y120.66 E538.94944
G1 X123.916 Y119.272 E539.50366
G1 X124.308 Y118.64 E539.75102
G1 F1300.6 X124.429 Y118.363 E539.85538
G1 F1105.7 X124.625 Y117.754 E540.11519
G1 F954.7 X124.688 Y117.555 E540.21335
G1 F940.8 X125.312 Y116.561 E540.77351
G1 F942.7 X125.424 Y116.371 E540.87856
G1 F1047.5 X127.081 Y113.553 E542.43556
G1 F1017.6 X128.142 Y111.74 E543.46541
G1 F1063.8 X128.383 Y111.497 E543.62591
G1 F1203.9 X128.624 Y111.253 E543.76804
G1 F1386.3 X128.866 Y111.009 E543.89171
G1 F1500 X128.959 Y110.854 E543.95183
G1 F1350 X130.961 Y107.502 E545.25042
G1 F1500 X131.58 Y106.466 E545.65182
G1 F1350 X133.148 Y103.842 E546.66851
G1 X133.505 Y103.435 E546.84858
G1 X133.948 Y103.193 E547.01647
G1 X134.348 Y103.104 E547.15277
G1 X134.695 Y103.134 E547.26861
G1 X134.981 Y103.213 E547.3673
G1 X135.271 Y103.365 E547.4762
G1 X136.365 Y104.19 E547.93193
G1 X137.137 Y103.183 E548.35396
G1 X137.54 Y102.883 E548.52106
G1 F1227.3 X138.035 Y102.625 E548.72528
G1 F1070.6 X138.296 Y102.551 E548.83906
G1 F1027.4 X138.58 Y102.594 E548.96459
G1 X138.857 Y102.67 E549.09013
G1 F1002.2 X139.214 Y102.81 E549.26193
G1 F984.7 X139.806 Y103.094 E549.56133
G1 X140.3 Y102.168 E550.03992
G1 X140.439 Y101.95 E550.15781
G1 X140.626 Y101.783 E550.27214
G1 X139.782 Y101.548 E550.67164
G1 X139.652 Y101.521 E550.73218
G1 F1002.2 X139.241 Y101.409 E550.92303
G1 F1027.4 X138.851 Y101.318 E551.09805
G1 X138.456 Y101.242 E551.27385
G1 F1070.6 X138.098 Y101.102 E551.43507
G1 F1227.3 X137.234 Y100.838 E551.7656
G1 F1350 X135.723 Y100.555 E552.2769
G1 X133.551 Y100.175 E553.01028
G1 X132.607 Y100.038 E553.32755
G1 X130.218 Y104.375 E554.97441
G1 F1500 X129.628 Y105.445 E555.38081
G1 F1350 X127.71 Y108.926 E556.70271
G1 F1500 X127.116 Y110.004 E557.11208
G1 F1386.3 X127.027 Y110.335 E557.23543
G1 F1203.9 X126.938 Y110.666 E557.37748
G1 F1063.8 X126.849 Y110.998 E557.53867
G1 F1017.6 X125.823 Y112.824 E558.56551
G1 F1047.5 X124.566 Y115.025 E559.77273
G1 F942.7 X124.101 Y115.839 E560.21922
G1 F950.7 X123.76 Y116.364 E560.51489
G1 F933.6 X123.508 Y116.703 E560.71804
G1 F954.7 X123.375 Y116.772 E560.78851
G1 F1047.3 X123.086 Y116.949 E560.9338
G1 F1180.1 X122.907 Y117.018 E561.0068
G1 F1300.6 X122.647 Y117.171 E561.11095
G1 F1350 X122.526 Y117.257 E561.16032
G1 X122.209 Y117.452 E561.28411
G1 X121.752 Y117.666 E561.45195
G1 X121.388 Y117.778 E561.57861
G1 X120.864 Y117.87 E561.75556
G1 X120.604 Y117.892 E561.84235
G1 X120.101 Y117.885 E562.00966
G1 X119.734 Y117.833 E562.13295
G1 X114.695 Y116.522 E563.86472
G0 F7500 X122.553 Y117.795
G0 X125.123 Y115.3
G0 X124.069 Y118.064
G0 X117.73 Y125.26
;TYPE:SKIN
G1 F1350 X118.459 Y124.618 E564.18781
G1 X119.277 Y123.823 E564.5672
G1 X120.096 Y122.93 E564.97021
G1 X120.897 Y121.968 E565.38656
G1 X121.701 Y120.914 E565.82748
G1 X122.244 Y120.154 E566.13814
G1 X123.18 Y118.744 E566.70103
G1 X123.508 Y118.215 E566.90806
G1 X123.595 Y117.774 E567.05756
G1 X123.365 Y117.823 E567.13578
G1 X123.034 Y117.998 E567.26031
G1 X122.648 Y118.239 E567.41166
G1 X122.137 Y118.481 E567.59971
G1 X121.588 Y118.652 E567.79097
G1 X121.031 Y118.753 E567.97925
G1 X120.596 Y118.793 E568.12454
G1 X120.058 Y118.788 E568.30348
G1 X119.484 Y118.704 E568.49643
G1 X117.442 Y118.168 E569.19861
G1 X117.674 Y118.71 E569.3947
G1 X117.847 Y119.267 E569.58869
G1 X118.035 Y120.051 E569.85684
G1 X118.13 Y120.877 E570.13338
G1 X118.172 Y121.781 E570.43438
G1 X118.146 Y122.797 E570.77241
G1 X118.058 Y123.633 E571.052
G1 X117.945 Y124.33 E571.28685
G1 X117.73 Y125.26 E571.60433
G0 F7500 X124.02 Y118.059
G0 X118.604 Y123.226
G1 F1350 X121.517 Y120.314 E572.97428
G0 F7500 X124.02 Y118.059
G0 X121.186 Y119.23
G1 F1350 X118.67 Y121.746 E574.15773
G0 F7500 X117.677 Y121.818
G0 X117.589 Y120.533
G0 X118.583 Y120.42
G1 F1350 X119.755 Y119.247 E574.70924
G0 F7500 X119.523 Y118.197
G0 X118.853 Y118.022
G0 X118.599 Y118.988
G1 F1350 X118.353 Y119.234 E574.82495
G0 F7500 X117.184 Y118.834
G0 X116.591 Y117.519
G0 X120.695 Y117.433
G0 X121.444 Y117.301
G0 X122.321 Y116.843
G0 X122.904 Y116.326
G0 X127.448 Y110.397
G0 X128.059 Y110.386
G1 F1091.4 X128.533 Y109.56 E575.21677
G1 F1061.3 X129.008 Y108.734 E575.61988
G1 F1033.7 X129.482 Y107.907 E576.03394
G1 F1007.5 X129.957 Y107.081 E576.4586
G1 F981.8 X130.431 Y106.254 E576.89453
G0 F7500 X128.291 Y110.906
G0 X131.167 Y104.97
G1 F911.5 X132.223 Y103.141 E577.93485
G1 F969.8 X132.782 Y102.704 E578.26335
G1 F1121.3 X132.98 Y102.616 E578.35012
G1 F1176 X133.611 Y102.272 E578.62453
G1 F1264 X134.249 Y102.203 E578.85248
G1 F1386 X134.811 Y102.259 E579.03544
G1 F1379 X135.355 Y102.394 E579.21795
G1 F1296.8 X135.793 Y102.583 E579.38312
G1 F1246.5 X136.184 Y102.876 E579.55912
G1 X136.465 Y102.521 E579.7222
G1 X137.039 Y102.086 E579.98163
G1 X137.341 Y101.896 E580.11015
G1 X137.012 Y101.754 E580.23922
G1 X136.19 Y101.6 E580.54046
G1 F1306.9 X135.555 Y101.43 E580.76632
G1 F1388.9 X134.877 Y101.3 E580.9895
G1 F1386 X134.404 Y101.231 E581.14435
G1 F1264 X133.541 Y101.163 E581.45186
G1 F1176 X133.135 Y101.099 E581.60879
G1 X132.541 Y102.174 E582.07775
G1 F1121.3 X132.445 Y102.467 E582.20122
G1 F969.8 X132.223 Y103.141 E582.52976
G1 F2700 E573.52976
G0 F7500 X128.317 Y110.948
G0 X122.653 Y116.582
G0 X121.981 Y117.053
G0 X121.444 Y117.301
G0 X120.695 Y117.433
G0 X119.794 Y117.377
G0 X87.847 Y109.199
G0 X87.237 Y108.918
G0 X86.855 Y108.615
G0 X86.559 Y108.265
G0 X86.228 Y107.645
G0 X86.098 Y106.789
G0 X86.262 Y105.976
G0 X86.744 Y105.166
G0 X87.383 Y104.71
G0 X87.949 Y104.492
G0 X122.66 Y100.227
G0 X122.799 Y99.857
G0 X122.041 Y99.163
G0 X121.554 Y99.608
G1 F2700 E582.52976
G1 F836.4 X121.453 Y99.434 E582.63776
G1 X121.252 Y99.434 E582.74566
G1 X121.152 Y99.608 E582.8534
G1 X121.253 Y99.782 E582.9614
G1 X121.454 Y99.782 E583.0693
G1 X121.554 Y99.608 E583.17703
G0 F7500 X122.041 Y99.163
G0 X120.922 Y97.78
G0 X119.601 Y96.676
G0 X119.729 Y96.233
G1 F1464.2 X119.522 Y95.793 E583.32615
G1 X119.149 Y95.285 E583.51941
G1 X118.71 Y94.761 E583.72904
G1 X118.406 Y94.429 E583.86709
G1 X118.255 Y95.987 E584.3471
G1 X118.743 Y95.999 E584.49679
G1 X119.295 Y96.108 E584.66934
G1 X119.729 Y96.233 E584.80784
G0 F7500 X119.601 Y96.676
G0 X119.836 Y98.354
G0 X119.785 Y99.238
G0 X119.369 Y99.804
G0 X118.709 Y100.183
G0 X108.777 Y101.643
G0 X105.6 Y102.029
G0 X105.217 Y101.972
G0 X101.145 Y100.895
G0 X100.868 Y101.581
G1 F827.2 X100.766 Y101.404 E584.91873
G1 X100.562 Y101.404 E585.02946
G1 X100.46 Y101.581 E585.14035
G1 X100.562 Y101.758 E585.25123
G1 X100.766 Y101.758 E585.36197
G1 X100.868 Y101.581 E585.47285
G0 F7500 X101.145 Y100.895
G0 X100.137 Y100.571
G0 X97.763 Y102.754
G0 X97.242 Y103.065
G0 X87.949 Y104.492
G0 X87.383 Y104.71
G0 X86.744 Y105.166
G0 X86.262 Y105.976
G0 X86.098 Y106.789
G0 X86.228 Y107.645
G0 X82.316 Y109.978
G0 X81.195 Y108.912
G1 F1243.1 X81.592 Y108.496 E585.68056
G1 X82.33 Y107.842 E586.03674
G1 X83.018 Y107.398 E586.3325
G1 X83.714 Y107.079 E586.60905
G1 X83.711 Y106.973 E586.64735
G1 X83.258 Y106.965 E586.811
G1 X82.219 Y106.795 E587.19129
G1 X81.65 Y106.633 E587.40498
G1 X81.553 Y107.543 E587.73554
G1 X81.355 Y108.407 E588.05571
G1 X81.195 Y108.912 E588.24705
G0 F7500 X82.316 Y109.978
G0 X78.587 Y114.038
G0 X77.07 Y115.406
G0 X76.627 Y115.683
G0 X75.203 Y116.673
G0 X76.037 Y115.331
G0 X76.79 Y115.005
G1 F1240.8 X76.786 Y115.01 E588.24937
G0 F7500 X76.79 Y115.005
G1 F1264 X76.986 Y114.872 E588.33351
G1 F1374.7 X77.681 Y114.344 E588.61858
G1 F1472.2 X78.3 Y113.76 E588.87814
G1 X78.949 Y113.095 E589.16154
G1 F1409.2 X79.817 Y112.074 E589.58854
G1 F1350 X81.818 Y109.774 E590.60251
G1 X82.345 Y109.223 E590.8561
G1 X82.923 Y108.698 E591.11581
G1 X83.513 Y108.32 E591.34887
G1 X83.997 Y108.1 E591.52569
G1 X84.593 Y107.898 E591.735
G1 X84.883 Y107.84 E591.83337
G1 X84.756 Y107.027 E592.10705
G1 X84.748 Y106.656 E592.23047
G1 X84.894 Y105.859 E592.49997
G1 X84.44 Y105.904 E592.65171
G1 X83.964 Y105.932 E592.8103
G1 X83.408 Y105.929 E592.99523
G1 X82.485 Y105.788 E593.30578
G1 X81.712 Y105.56 E593.57383
G1 X81.032 Y105.231 E593.82508
G1 X80.505 Y104.897 E594.0326
G1 X80.047 Y104.483 E594.23794
G1 X80.356 Y105.161 E594.48576
G1 X80.545 Y105.804 E594.70867
G1 X80.582 Y106.161 E594.82805
G1 X80.598 Y106.696 E595.00607
G1 X80.525 Y107.378 E595.2342
G1 X80.361 Y108.1 E595.48045
G1 X80.189 Y108.64 E595.66895
G1 X79.973 Y109.216 E595.87356
G1 X79.526 Y110.227 E596.24122
G1 X78.887 Y111.469 E596.70577
G1 F1379 X78.227 Y112.541 E597.11569
G1 F1439.2 X77.566 Y113.613 E597.5086
G1 F1472.2 X77.3 Y114.025 E597.65817
G1 F1415.1 X77.032 Y114.508 E597.83344
G1 F1298.1 X76.79 Y115.005 E598.02465
G1 F2700 E589.02465
G0 F7500 X76.037 Y115.331
G0 X75.871 Y115.983
G0 X79.227 Y114.706
G0 X83.335 Y110.159
G0 X83.745 Y109.794
G0 X84.57 Y109.336
G0 X85.422 Y109.135
G0 X86.212 Y109.118
G0 X87.724 Y109.321
G0 X119.794 Y117.377
G0 X120.695 Y117.433
G0 X121.444 Y117.301
G0 X122.321 Y116.843
G0 X122.969 Y116.269
G0 X128.465 Y110.779
G0 X132.391 Y106.089
G0 X134.845 Y107.61
G0 X136.975 Y108.899
G0 X138.721 Y108.97
G0 X138.928 Y109.994
G0 X140.485 Y110.569
;TYPE:WALL-OUTER
G1 F2700 E598.02465
G1 F1350 X140.391 Y110.429 E598.08074
G1 X140.348 Y110.197 E598.15921
G1 X140.409 Y109.983 E598.23323
G1 X140.823 Y109.23 E598.51903
G1 X141.045 Y108.899 E598.65159
G1 F1300.6 X141.541 Y108.277 E598.92625
G1 F1214 X142.038 Y107.655 E599.22071
G1 F1192.6 X142.448 Y107.452 E599.39297
G1 F1277.2 X142.958 Y107.258 E599.5848
G1 F1350 X143.406 Y107.118 E599.74091
G1 X144.07 Y106.985 E599.96614
G1 X144.583 Y107.008 E600.13694
G1 X144.953 Y107.059 E600.26116
G1 X145.276 Y107.132 E600.3713
G1 X145.616 Y107.235 E600.48946
G1 X146.529 Y107.576 E600.81362
G1 X146.739 Y107.852 E600.92897
G1 X146.759 Y108.086 E601.00708
G1 X146.712 Y108.236 E601.05936
G1 X146.604 Y108.379 E601.11896
G1 X145.532 Y109.368 E601.60407
G1 X144.804 Y109.821 E601.88925
G1 X144.073 Y110.207 E602.1642
G1 X143.678 Y110.383 E602.30803
G1 X143.213 Y110.548 E602.47214
G1 X142.788 Y110.647 E602.61728
G1 X142.361 Y110.711 E602.76088
G1 X142.017 Y110.739 E602.87568
G1 X141.612 Y110.748 E603.01041
G1 X140.735 Y110.721 E603.30224
G1 X140.485 Y110.569 E603.39956
G1 F2700 E594.39956
G0 F7500 X138.879 Y110.003
G0 X139.055 Y109.344
G0 X139.739 Y108.037
G0 X141.223 Y106.805
G1 F2700 E603.39956
G1 F1239.7 X140.763 Y106.793 E603.56623
G1 F1350 X138.644 Y105.788 E604.34626
G1 X137.154 Y107.779 E605.17337
G1 X136.978 Y107.914 E605.24715
G1 X136.837 Y107.956 E605.29608
G1 X136.562 Y107.931 E605.38792
G1 X134.834 Y106.636 E606.10614
G1 X133.232 Y109.222 E607.11792
G1 X128.115 Y117.915 E610.47294
G1 X127.522 Y118.95 E610.86968
G1 X127.442 Y119.235 E610.96814
G1 X127.752 Y119.321 E611.07514
G1 X128.045 Y119.303 E611.17277
G1 X128.704 Y119.19 E611.39516
G1 X129.646 Y118.952 E611.71831
G1 X130.926 Y118.581 E612.16156
G1 X132.384 Y118.126 E612.66956
G1 X133.794 Y117.659 E613.16358
G1 X135.905 Y116.923 E613.90715
G1 X138.002 Y116.089 E614.65776
G1 X139.508 Y115.457 E615.20097
G1 X140.946 Y114.82 E615.72408
G1 X142.457 Y114.117 E616.27837
G1 X143.078 Y113.813 E616.50834
G1 X143.724 Y113.468 E616.75192
G1 X144.298 Y113.141 E616.97164
G1 X144.875 Y112.79 E617.19627
G1 X146.037 Y112.018 E617.66027
G1 X147.162 Y111.192 E618.12447
G1 X148.297 Y110.299 E618.60481
G1 X148.827 Y109.852 E618.83541
G1 X149.322 Y109.407 E619.0568
G1 X149.767 Y108.976 E619.26285
G1 X150.179 Y108.538 E619.46285
G1 X150.576 Y108.049 E619.67234
G1 X150.78 Y107.721 E619.80081
G1 X150.94 Y107.245 E619.96784
G1 X150.961 Y106.869 E620.09309
G1 X150.837 Y106.452 E620.23779
G1 X150.667 Y106.148 E620.35363
G1 X150.507 Y105.932 E620.44304
G1 X150.251 Y105.648 E620.57021
G1 X149.92 Y105.328 E620.72334
G1 X149.477 Y104.953 E620.91638
G1 X148.741 Y104.412 E621.22019
G1 X148.08 Y103.965 E621.48559
G1 X146.684 Y103.111 E622.0299
G1 X145 Y104.996 E622.8706
G1 X144.776 Y105.13 E622.95742
G1 X144.581 Y105.152 E623.02268
G1 X142.467 Y104.554 E623.75339
G1 F1341.9 X141.651 Y106.018 E624.3142
G1 F1225 X141.344 Y106.715 E624.59335
G1 F1139.2 X141.223 Y106.805 E624.65278
G0 F7500 X139.739 Y108.037
G0 X141.334 Y107.652
G0 X143.048 Y105.972
;TYPE:WALL-INNER
G1 F994.1 X143.238 Y105.971 E624.7386
G1 F1147 X143.816 Y105.995 E624.96507
G1 F1419.6 X144.572 Y106.076 E625.20556
G1 F1562.5 X144.702 Y106.081 E625.24295
G1 F1551.7 X144.707 Y106.082 E625.24442
G1 X144.702 Y106.081 E625.2459
G0 F7500 X146.334 Y105.843
G0 X147.103 Y106.158
G0 X148.135 Y107.151
G0 X148.115 Y107.517
G0 X148.079 Y108.459
G0 X147.474 Y109.318
G1 F918.4 X147.781 Y109.179 E625.41067
G1 F1049.8 X148.089 Y109.04 E625.5552
G1 F1230.6 X148.614 Y108.7 E625.78342
G1 F1350 X149.067 Y108.261 E625.99323
G1 X149.425 Y107.88 E626.16711
G1 X149.853 Y107.352 E626.39318
G1 X149.955 Y106.959 E626.52822
G1 X149.797 Y106.634 E626.64841
G1 X149.446 Y106.26 E626.81901
G1 F1278.4 X149.186 Y106.09 E626.92811
G1 F1110.2 X148.78 Y105.881 E627.1128
G1 F1023.5 X148.736 Y105.847 E627.13719
G1 F974 X148.467 Y105.732 E627.27205
G1 F935.6 X148.033 Y105.403 E627.53343
G1 F927.2 X146.921 Y104.706 E628.16898
G1 F912.8 X145.775 Y105.988 E629.01485
G1 X146.049 Y106.074 E629.15612
G1 F915.9 X146.872 Y106.387 E629.5878
G1 F929.8 X147.229 Y106.589 E629.78589
G1 F935.6 X147.513 Y106.818 E629.96098
G1 F974 X147.587 Y107.01 E630.05584
G1 F1110.2 X147.651 Y107.305 E630.17793
G1 F1278.4 X147.687 Y107.533 E630.259
G1 F1350 X147.753 Y107.83 E630.36019
G1 X147.748 Y108.234 E630.49457
G1 F1230.6 X147.693 Y108.728 E630.67593
G1 F1049.8 X147.584 Y109.023 E630.81045
G1 F918.4 X147.474 Y109.318 E630.96438
G1 F882.4 X146.309 Y110.312 E631.74369
G1 F894 X145.359 Y110.954 E632.31954
G1 F864.8 X144.678 Y111.359 E632.73091
G1 F820.7 X144.218 Y111.614 E633.01867
G0 F7500 X143.01 Y112.261
G0 X137.473 Y114.727
G0 X136.293 Y115.196
G0 X130.378 Y117.281
G0 X129.204 Y118.033
G1 F1350 X130.629 Y117.626 E633.51158
G1 X132.07 Y117.176 E634.01369
G1 X133.465 Y116.715 E634.50234
G1 X135.555 Y115.986 E635.23855
G1 X137.652 Y115.151 E635.98928
G1 X139.104 Y114.543 E636.51284
G1 X140.525 Y113.913 E637.02984
G1 X142.019 Y113.218 E637.57788
G1 X142.608 Y112.93 E637.79595
G1 X143.406 Y112.499 E638.0976
G1 F1253.5 X143.739 Y112.202 E638.25744
G1 F1086.1 X143.898 Y112.006 E638.36178
G1 F950 X144.058 Y111.81 E638.48136
G1 F844.3 X144.218 Y111.614 E638.61592
G1 F847.5 X143.929 Y111.617 E638.76905
G1 F962.2 X143.64 Y111.621 E638.90392
G1 F1093.1 X143.448 Y111.603 E638.98313
G1 F1248.8 X143.058 Y111.612 E639.12339
G1 F1350 X142.442 Y111.708 E639.33075
G1 X142.098 Y111.736 E639.44554
G1 X141.581 Y111.748 E639.61754
G1 X140.801 Y111.723 E639.8771
G1 X140.387 Y111.653 E640.01676
G1 X140.028 Y111.481 E640.14916
G1 X139.76 Y111.258 E640.26512
G1 X139.519 Y110.953 E640.39441
G1 X139.36 Y110.495 E640.55566
G1 X139.35 Y110.144 E640.67245
G1 F1252.3 X139.323 Y109.818 E640.78973
G1 F1092.2 X139.335 Y109.372 E640.97315
G1 F989 X139.741 Y108.687 E641.33466
G1 F956.8 X140.106 Y108.147 E641.64054
G1 F960.2 X140.301 Y107.905 E641.78588
G1 X139.017 Y107.298 E642.45004
G1 X138.672 Y107.759 E642.71931
G1 F938.8 X138.124 Y108.544 E643.17719
G1 F1027.4 X137.71 Y108.726 E643.37484
G1 F1252.3 X136.974 Y108.947 E643.65036
G1 F1350 X136.652 Y108.956 E643.7575
G1 X136.307 Y108.888 E643.87446
G1 X135.868 Y108.661 E644.03884
G1 X135.109 Y108.091 E644.35454
G1 X134.093 Y109.73 E644.99592
G1 X129.204 Y118.033 E648.20068
G0 F7500 X130.378 Y117.281
G0 X135.393 Y115.554
G0 X140.331 Y113.495
G0 X142.391 Y112.524
G0 X143.095 Y112.11
G0 X141.152 Y112.135
G0 X141.135 Y112.633
;TYPE:SKIN
G1 F1350 X140.778 Y112.621 E648.31949
G1 X140.112 Y112.515 E648.54379
G1 X139.535 Y112.236 E648.75696
G1 X139.108 Y111.876 E648.94272
G1 X138.837 Y111.542 E649.08578
G1 X138.659 Y111.212 E649.21048
G1 X138.467 Y110.658 E649.4055
G1 X138.449 Y110.157 E649.57224
G1 X138.328 Y109.542 E649.78071
G1 X137.713 Y109.663 E649.98918
G1 X137.389 Y109.777 E650.10342
G1 X136.98 Y109.862 E650.24236
G1 X136.584 Y109.851 E650.37412
G1 X136.009 Y109.742 E650.56877
G1 X135.357 Y109.396 E650.81427
G1 X134.854 Y110.205 E651.13111
G1 X131.138 Y116.52 E653.56815
G1 X131.785 Y116.319 E653.79349
G1 X133.179 Y115.857 E654.28194
G1 X135.257 Y115.135 E655.01361
G1 X137.327 Y114.313 E655.75439
G1 X138.741 Y113.717 E656.26476
G1 X140.143 Y113.096 E656.77476
G1 X141.135 Y112.633 E657.13887
G0 F7500 X141.152 Y112.135
G0 X143.095 Y112.11
G0 X142.371 Y112.504
G0 X139.716 Y113.833
G0 X139.158 Y112.572
G1 F1350 X138.421 Y113.309 E657.48554
G0 F7500 X138.807 Y114.233
G0 X142.391 Y112.524
G0 X143.095 Y112.11
G0 X139.463 Y111.136
G0 X138.953 Y110.201
G0 X138.452 Y111.864
G1 F1350 X136.023 Y114.292 E658.62783
G0 F7500 X136.391 Y115.221
G0 X134.112 Y116.065
G0 X133.783 Y115.118
G1 F1350 X138.017 Y110.885 E660.61914
G0 F7500 X138.866 Y110.203
G0 X138.721 Y108.97
G0 X138.041 Y109.157
G0 X137.151 Y110.336
G1 F1350 X132.793 Y114.695 E662.66924
G0 F7500 X133.361 Y116.328
G0 X130.238 Y117.234
G0 X133.956 Y110.753
G0 X134.814 Y111.259
G1 F1350 X135.862 Y110.211 E663.16219
G0 F7500 X135.559 Y108.93
G0 X136.975 Y108.899
G0 X141.251 Y107.876
G0 X141.75 Y107.322
G0 X142.709 Y106.775
G0 X143.298 Y106.589
G0 X144.035 Y106.446
G0 X147.313 Y105.627
G0 X148.922 Y106.455
G0 X148.871 Y107.077
G1 F1019.6 X148.788 Y106.934 E663.235
G1 X148.623 Y106.934 E663.30766
G1 X148.541 Y107.077 E663.38025
G1 X148.624 Y107.22 E663.45306
G1 X148.789 Y107.22 E663.52572
G1 X148.871 Y107.077 E663.59831
G1 F2700 E654.59831
;MESH:NONMESH
G0 F300 X148.871 Y107.077 Z2
G0 F7500 X148.922 Y106.455
G0 X148.009 Y106.289
G0 X144.035 Y106.446
G0 X143.298 Y106.589
G0 X142.709 Y106.775
G0 X142.437 Y106.93
G0 X141.328 Y107.633
G0 X65.943 Y90.091
;TIME_ELAPSED:190.979267
;LAYER:2
M106 S170
;TYPE:SKIRT
G1 F2700 E663.59831
G1 F1200 X66.692 Y89.564 E663.90291
G1 X67.485 Y89.104 E664.20783
G1 X68.314 Y88.715 E664.5124
G1 X69.175 Y88.4 E664.81734
G1 X70.059 Y88.161 E665.12191
G1 X70.838 Y88.017 E665.3854
G1 X71.181 Y87.967 E665.50069
G1 X72.093 Y87.874 E665.80559
G1 X72.784 Y87.857 E666.03549
G1 X74.063 Y87.868 E666.4609
G1 X76.655 Y87.859 E667.32301
G1 X79.207 Y87.78 E668.17221
G1 X81.685 Y87.633 E668.99785
G1 X84.253 Y87.407 E669.85527
G1 X86.739 Y87.116 E670.68776
G1 X89.249 Y86.751 E671.53137
G1 X91.746 Y86.316 E672.37439
G1 X94.242 Y85.807 E673.22165
G1 X96.657 Y85.245 E674.04634
G1 X99.139 Y84.59 E674.90012
G1 X101.589 Y83.871 E675.74936
G1 X103.975 Y83.096 E676.58376
G1 X106.381 Y82.238 E677.43336
G1 X108.673 Y81.347 E678.25126
G1 X112.213 Y79.834 E679.5317
G1 X113.071 Y79.511 E679.83662
G1 X113.953 Y79.264 E680.14126
G1 X114.854 Y79.095 E680.44616
G1 X115.766 Y79.005 E680.75097
G1 X116.682 Y78.995 E681.05565
G1 X117.595 Y79.064 E681.36018
G1 X118.366 Y79.186 E681.61981
G1 X118.656 Y79.243 E681.7181
G1 X119.547 Y79.459 E682.02304
G1 X120.415 Y79.752 E682.32774
G1 X121.254 Y80.119 E682.63232
G1 X121.912 Y80.47 E682.88036
G1 X124.544 Y82.001 E683.8931
G1 X126.737 Y83.192 E684.72312
G1 X128.995 Y84.336 E685.56502
G1 X131.282 Y85.414 E686.40595
G1 X133.608 Y86.432 E687.25043
G1 X135.986 Y87.392 E688.10337
G1 X138.314 Y88.258 E688.92951
G1 X140.72 Y89.074 E689.77452
G1 X143.108 Y89.812 E690.60583
G1 X143.982 Y90.07 E690.90893
G1 X145.022 Y90.399 E691.27173
G1 X145.41 Y90.531 E691.40804
G1 X147.34 Y91.235 E692.09133
G1 X148.422 Y91.672 E692.47945
G1 X149.28 Y92.048 E692.79102
G1 X149.84 Y92.313 E692.99708
G1 X150.553 Y92.683 E693.26426
G1 X151.878 Y93.411 E693.76709
G1 X152.25 Y93.625 E693.90983
G1 X153.349 Y94.291 E694.33724
G1 X154.197 Y94.828 E694.67108
G1 X154.589 Y95.089 E694.82772
G1 X155.344 Y95.616 E695.13395
G1 X155.787 Y95.943 E695.31709
G1 X156.439 Y96.451 E695.592
G1 X157.123 Y97.032 E695.89049
G1 X157.709 Y97.575 E696.15621
G1 X158.398 Y98.276 E696.48313
G1 X158.763 Y98.684 E696.66521
G1 X159.472 Y99.557 E697.03926
G1 X160.19 Y100.659 E697.47672
G1 X160.368 Y100.97 E697.5959
G1 X160.788 Y101.785 E697.90085
G1 X161.134 Y102.629 E698.20424
G1 X161.282 Y103.04 E698.34953
G1 X161.644 Y104.281 E698.77949
G1 X161.708 Y104.564 E698.876
G1 X161.871 Y105.466 E699.18086
G1 X161.955 Y106.378 E699.48548
G1 X161.959 Y107.294 E699.79014
G1 X161.902 Y108.044 E700.04031
G1 X161.843 Y108.573 E700.21735
G1 X161.702 Y109.478 E700.52199
G1 X161.349 Y110.789 E700.97356
G1 X161.162 Y111.339 E701.16677
G1 X160.83 Y112.193 E701.47152
G1 X160.424 Y113.014 E701.77615
G1 X159.987 Y113.745 E702.05942
G1 X159.37 Y114.63 E702.41824
G1 X158.908 Y115.225 E702.66879
G1 X158.335 Y115.91 E702.96583
G1 X157.888 Y116.394 E703.18496
G1 X157.347 Y116.945 E703.44179
G1 X156.968 Y117.313 E703.61749
G1 X156.298 Y117.922 E703.91863
G1 X155.486 Y118.618 E704.27434
G1 X154.651 Y119.297 E704.6323
G1 X153.166 Y120.43 E705.25355
G1 X152.074 Y121.211 E705.70008
G1 X151.636 Y121.506 E705.87572
G1 X150.335 Y122.334 E706.38864
G1 X149.55 Y122.804 E706.69295
G1 X148.525 Y123.369 E707.08223
G1 X147.502 Y123.895 E707.46482
G1 X146.472 Y124.385 E707.84419
G1 X144.792 Y125.149 E708.45803
G1 X140.52 Y127.004 E710.00707
G1 X138.239 Y128.077 E710.84548
G1 X135.975 Y129.222 E711.68932
G1 X133.748 Y130.429 E712.53182
G1 X131.553 Y131.7 E713.37544
G1 X129.411 Y133.022 E714.21263
G1 X127.273 Y134.425 E715.06317
G1 X125.2 Y135.873 E715.9042
G1 X122.849 Y137.56 E716.86663
G1 X121.958 Y138.161 E717.22409
G1 X121.274 Y138.586 E717.49193
G1 X120.409 Y139.055 E717.8192
G1 X119.846 Y139.327 E718.02716
G1 X119.326 Y139.561 E718.21682
G1 X118.529 Y139.894 E718.50411
G1 X117.862 Y140.147 E718.74138
G1 X117.16 Y140.372 E718.98656
G1 X116.364 Y140.585 E719.26063
G1 X115.985 Y140.673 E719.39004
G1 X115.268 Y140.813 E719.63302
G1 X114.899 Y140.872 E719.75731
G1 X113.989 Y140.977 E720.06198
G1 X113.073 Y141.003 E720.36677
G1 X112.158 Y140.948 E720.67165
G1 X111.252 Y140.814 E720.97626
G1 X110.36 Y140.601 E721.28128
G1 X109.33 Y140.249 E721.64331
G1 X108.423 Y139.885 E721.96837
G1 X107.643 Y139.559 E722.24955
G1 X105.251 Y138.637 E723.10218
G1 X102.84 Y137.786 E723.95257
G1 X100.462 Y137.021 E724.78342
G1 X98.036 Y136.316 E725.62369
G1 X95.567 Y135.673 E726.47227
G1 X93.109 Y135.108 E727.31113
G1 X90.61 Y134.606 E728.1589
G1 X88.137 Y134.182 E728.99343
G1 X85.622 Y133.824 E729.83835
G1 X83.108 Y133.538 E730.6799
G1 X80.593 Y133.324 E731.51942
G1 X78.065 Y133.18 E732.3616
G1 X75.524 Y133.108 E733.20708
G1 X73.009 Y133.108 E734.04357
G1 X70.451 Y133.18 E734.8947
G1 X69.017 Y133.246 E735.37216
G1 X68.101 Y133.238 E735.67683
G1 X67.189 Y133.15 E735.98157
G1 X66.288 Y132.982 E736.28641
G1 X65.405 Y132.737 E736.59119
G1 X64.547 Y132.416 E736.89588
G1 X63.72 Y132.022 E737.20057
G1 X62.931 Y131.556 E737.50534
G1 X62.185 Y131.024 E737.81009
G1 X61.488 Y130.429 E738.1149
G1 X60.846 Y129.775 E738.41971
G1 X60.264 Y129.068 E738.72428
G1 X59.745 Y128.312 E739.02928
G1 X59.294 Y127.515 E739.33386
G1 X58.915 Y126.681 E739.63855
G1 X58.609 Y125.817 E739.94341
G1 X58.38 Y124.929 E740.24842
G1 X58.23 Y124.026 E740.55288
G1 X58.158 Y123.112 E740.85782
G1 X58.167 Y122.196 E741.16249
G1 X58.255 Y121.284 E741.46723
G1 X58.473 Y120.174 E741.84348
G1 X59.237 Y117.159 E742.87796
G1 X59.779 Y114.708 E743.71286
G1 X60.252 Y112.238 E744.54932
G1 X60.661 Y109.725 E745.39614
G1 X60.993 Y107.242 E746.22934
G1 X61.261 Y104.688 E747.08347
G1 X61.451 Y102.201 E747.91306
G1 X61.574 Y99.646 E748.76384
G1 X61.593 Y98.87 E749.02201
G1 X61.622 Y98.162 E749.25769
G1 X61.699 Y97.249 E749.56244
G1 X61.856 Y96.346 E749.86728
G1 X62.091 Y95.461 E750.17183
G1 X62.402 Y94.599 E750.47662
G1 X62.787 Y93.767 E750.78154
G1 X63.243 Y92.973 E751.08608
G1 X63.767 Y92.221 E751.39093
G1 X64.354 Y91.517 E751.6958
G1 X65 Y90.868 E752.00036
G1 X65.703 Y90.276 E752.30604
G1 X65.943 Y90.091 E752.40683
G1 F2700 E743.40683
;MESH:sharkz.stl
G0 F9000 X74.454 Y112.862
G0 X75.867 Y113.776
G0 X74.459 Y117.262
G0 X72.619 Y118.74
;TYPE:WALL-OUTER
G1 F2700 E752.40683
G1 F1318.1 X72.507 Y118.819 E752.45871
G1 F1366.1 X72.236 Y118.844 E752.55809
G1 F1457.7 X71.192 Y118.809 E752.9156
G1 F1500 X70.484 Y118.803 E753.15109
G1 X69.497 Y121.757 E754.18699
G1 X71.641 Y120.646 E754.99014
G1 F1457.7 X72.55 Y120.132 E755.34753
G1 F1388.9 X73.132 Y119.767 E755.5943
G1 F1425.9 X74.228 Y119.248 E756.01861
G1 F1500 X74.809 Y118.895 E756.24473
G1 X75.811 Y118.208 E756.6488
G1 X77 Y117.335 E757.13942
G1 X77.618 Y116.849 E757.40091
G1 X78.234 Y116.34 E757.66669
G1 X78.937 Y115.713 E757.97999
G1 X79.598 Y115.094 E758.28119
G1 X80.257 Y114.423 E758.594
G1 X80.943 Y113.678 E758.93083
G1 X83.27 Y111.006 E760.10932
G1 X83.692 Y110.56 E760.31354
G1 X84.104 Y110.199 E760.49573
G1 X84.428 Y109.993 E760.62343
G1 X84.769 Y109.838 E760.74801
G1 X85.159 Y109.722 E760.88334
G1 X85.51 Y109.668 E761.00146
G1 X85.822 Y109.652 E761.10537
G1 X86.201 Y109.657 E761.23144
G1 X86.687 Y109.696 E761.3936
G1 F1476.4 X86.926 Y109.701 E761.47438
G1 F1420.5 X87.281 Y109.733 E761.59957
G1 F1366.1 X87.573 Y109.78 E761.70758
G1 F1339.3 X87.918 Y109.88 E761.84139
G1 F1315.8 X88.279 Y110.015 E761.98753
G1 F1336.9 X88.551 Y110.214 E762.1133
G1 F1435.4 X89.104 Y110.83 E762.40102
G1 F1500 X89.316 Y111.079 E762.50978
G1 X89.546 Y111.387 E762.63764
G1 X89.749 Y111.711 E762.7648
G1 X89.907 Y112.037 E762.8853
G1 X90.107 Y112.589 E763.08057
G1 X90.274 Y113.163 E763.2794
G1 X90.376 Y113.666 E763.4501
G1 X90.431 Y114.077 E763.58802
G1 X90.653 Y114.113 E763.66282
G1 X92.048 Y113.666 E764.15004
G1 X94.68 Y112.872 E765.06441
G1 X95.297 Y112.732 E765.27484
G1 X95.895 Y112.649 E765.47565
G1 F1420.5 X96.383 Y112.561 E765.64981
G1 F1329.8 X96.42 Y112.545 E765.66493
G1 F1230.5 X96.864 Y112.47 E765.8475
G1 F1141.6 X96.923 Y112.451 E765.87459
G1 F1152.1 X97.782 Y112.568 E766.25001
G1 F1170 X102.097 Y113.691 E768.15119
G1 F1152.1 X111.497 Y116.164 E772.36035
G1 F1139.8 X112.311 Y116.397 E772.73095
G1 F1122.8 X112.845 Y116.574 E772.98093
G1 F1092.5 X113.456 Y116.797 E773.27795
G1 F1183 X113.982 Y117.189 E773.55462
G1 F1336.9 X114.004 Y117.221 E773.56911
G1 F1425.9 X114.587 Y117.608 E773.81395
G1 F1500 X114.892 Y117.836 E773.94061
G1 X115.12 Y118.056 E774.04598
G1 X115.383 Y118.38 E774.18478
G1 X115.575 Y118.685 E774.30465
G1 X115.755 Y119.034 E774.43526
G1 X115.897 Y119.387 E774.56181
G1 X116.026 Y119.813 E774.70985
G1 X116.117 Y120.19 E774.83884
G1 X116.185 Y120.581 E774.97084
G1 X116.236 Y121.001 E775.11156
G1 X116.276 Y121.749 E775.3607
G1 X116.258 Y122.599 E775.64348
G1 X116.182 Y123.341 E775.89156
G1 X116.068 Y124.034 E776.12515
G1 X115.935 Y124.629 E776.32793
G1 X115.783 Y125.18 E776.51804
G1 X115.612 Y125.683 E776.69474
G1 X114.997 Y127.21 E777.24227
G1 X114.652 Y128.03 E777.53816
G1 X113.809 Y129.894 E778.21858
G1 X114.318 Y129.741 E778.39536
G1 X114.808 Y129.549 E778.5704
G1 X115.588 Y129.176 E778.85796
G1 X116.052 Y128.889 E779.03943
G1 X117.18 Y128.114 E779.49462
G1 X117.973 Y127.517 E779.82476
G1 X118.805 Y126.845 E780.18047
G1 X119.713 Y126.048 E780.58231
G1 X120.621 Y125.17 E781.00241
G1 X121.523 Y124.19 E781.44541
G1 X122.373 Y123.171 E781.88676
G1 X123.156 Y122.145 E782.31603
G1 X123.796 Y121.259 E782.67956
G1 X124.765 Y119.802 E783.26154
G1 X125.113 Y119.243 E783.48055
G1 X134.006 Y104.355 E789.24846
G1 X134.125 Y104.219 E789.30856
G1 X134.273 Y104.139 E789.36452
G1 X134.523 Y104.119 E789.44793
G1 X134.715 Y104.196 E789.51674
G1 X136.556 Y105.588 E790.28439
G1 X137.877 Y103.863 E791.00703
G1 X138.004 Y103.769 E791.05959
G1 X138.173 Y103.715 E791.1186
G1 X138.423 Y103.747 E791.20242
G1 X140.319 Y104.654 E791.90148
G1 X141.387 Y102.66 E792.65382
G1 F1491.1 X141.532 Y102.523 E792.72057
G1 F1339.3 X141.886 Y102.354 E792.8667
G1 F1273.3 X143.842 Y102.965 E793.66959
G1 F1327.4 X144.194 Y103.067 E793.80732
G1 X144.915 Y102.217 E794.22624
G1 X144.395 Y101.976 E794.44164
G1 F1308.9 X143.645 Y101.682 E794.74869
G1 F1264.8 X142.564 Y101.294 E795.20174
G1 F1231.5 X142.184 Y101.171 E795.36355
G1 F1277.7 X141.762 Y100.969 E795.54623
G1 F1407.1 X141.34 Y100.766 E795.71227
G1 F1491.1 X140.66 Y100.557 E795.9503
G1 F1500 X140.074 Y100.399 E796.15216
G1 X138.284 Y100.019 E796.76079
G1 X135.896 Y99.57 E797.56896
G1 X133.729 Y99.19 E798.3007
G1 X132.419 Y99.001 E798.74092
G1 X132.113 Y99.091 E798.84701
G1 X131.897 Y99.259 E798.93802
G1 X124.564 Y112.562 E803.99031
G1 X123.054 Y115.241 E805.01314
G1 X122.833 Y115.573 E805.14579
G1 X122.579 Y115.894 E805.28193
G1 X122.257 Y116.211 E805.43222
G1 X121.838 Y116.509 E805.60323
G1 X121.428 Y116.73 E805.75815
G1 X120.764 Y116.892 E805.98547
G1 X120.201 Y116.89 E806.17273
G1 X119.915 Y116.849 E806.26883
G1 X115.307 Y115.647 E807.85274
G1 F1425.9 X114.678 Y115.537 E808.07616
G1 F1274.4 X114.305 Y115.515 E808.22244
G1 F1133.8 X113.932 Y115.492 E808.38688
G1 F1104.6 X112.627 Y115.113 E809.00067
G1 F1140.7 X107.524 Y113.775 E811.30801
G1 F1152.1 X102.421 Y112.436 E813.59266
G1 F1170 X98.089 Y111.339 E815.49811
G1 F1152.1 X97.144 Y111.139 E815.9164
G1 F1225.5 X96.536 Y110.872 E816.18674
G1 F1420.5 X96.072 Y110.699 E816.36067
G1 F1500 X90.026 Y109.189 E818.43334
G1 F1470.6 X89.382 Y109.048 E818.657
G1 F1367.4 X88.653 Y108.926 E818.92668
G1 F1321.6 X87.873 Y108.708 E819.23242
G1 F1396.6 X87.406 Y108.389 E819.43444
G1 F1476.4 X86.987 Y107.965 E819.63588
G1 F1500 X86.698 Y107.363 E819.85798
G1 X86.669 Y106.685 E820.08369
G1 X86.743 Y106.303 E820.21311
G1 F1476.4 X86.935 Y105.861 E820.37595
G1 F1431.3 X87.162 Y105.557 E820.5082
G1 F1366.1 X87.665 Y105.107 E820.75467
G1 F1302.1 X88.057 Y104.9 E820.92453
G1 F1332.1 X88.761 Y104.912 E821.18822
G1 F1443.7 X89.766 Y104.854 E821.5361
G1 F1456.3 X91.239 Y104.684 E822.04407
G1 F1277.7 X92.008 Y104.494 E822.35337
G1 F1173.7 X92.303 Y104.478 E822.47895
G1 F1192.4 X93.223 Y104.398 E822.86534
G1 F1186.7 X95.265 Y104.187 E823.72838
G1 F1157.4 X97.307 Y103.976 E824.61328
G1 F1206.8 X97.74 Y104.003 E824.79264
G1 F1356.2 X98.174 Y104.03 E824.9526
G1 F1472 X98.605 Y104.007 E825.09888
G1 F1500 X105.037 Y103.391 E827.24796
G1 F1227.5 X105.459 Y103.127 E827.45028
G1 F1046 X105.852 Y103.1 E827.63816
G1 F1109.5 X106.191 Y103.138 E827.79155
G1 F1237.6 X106.531 Y103.177 E827.92951
G1 F1401.9 X106.87 Y103.216 E828.05095
G1 F1500 X122.909 Y101.677 E833.41005
G1 X123.654 Y101.613 E833.65875
G1 X123.733 Y101.508 E833.70245
G1 X124.855 Y98.622 E834.73233
G1 X124.204 Y98.648 E834.94902
G1 X123.712 Y98.648 E835.11266
G1 X123.295 Y98.468 E835.26373
G1 X122.901 Y98.016 E835.46316
G1 X122.422 Y97.032 E835.82716
G1 X121.862 Y95.993 E836.21973
G1 X121.494 Y95.389 E836.45497
G1 X121.058 Y94.736 E836.71612
G1 X120.614 Y94.133 E836.96518
G1 X120.124 Y93.547 E837.21925
G1 X118.869 Y92.19 E837.83402
G1 X117.824 Y91.138 E838.3272
G1 X117.438 Y90.778 E838.50276
G1 X117.064 Y90.454 E838.66734
G1 X116.538 Y90.048 E838.88834
G1 X116.577 Y91.715 E839.44294
G1 X116.581 Y93.134 E839.9149
G1 X116.534 Y94.46 E840.35621
G1 X116.436 Y95.49 E840.70033
G1 X116.297 Y96.542 E841.05327
G1 X116.068 Y97.802 E841.47921
G1 X118.603 Y97.857 E842.32256
G1 X118.844 Y97.944 E842.40778
G1 X119.035 Y98.198 E842.51348
G1 X119.204 Y98.841 E842.7346
G1 X119.206 Y99.086 E842.81609
G1 X119.133 Y99.251 E842.8761
G1 X118.976 Y99.398 E842.94764
G1 X118.542 Y99.656 E843.11557
G1 X108.709 Y101.105 E846.42135
G1 X106.668 Y101.355 E847.10527
G1 F1401.9 X106.346 Y101.465 E847.22636
G1 F1237.6 X106.023 Y101.575 E847.36391
G1 F1109.5 X105.7 Y101.685 E847.51735
G1 F1046 X105.501 Y101.694 E847.61236
G1 F1227.5 X105.095 Y101.407 E847.81444
G1 F1500 X105.002 Y101.383 E847.84639
G1 X104.624 Y101.247 E847.98
G1 X102.869 Y100.168 E848.66521
G1 X102.357 Y99.902 E848.85711
G1 X101.771 Y99.637 E849.07102
G1 X100.383 Y99.081 E849.56833
G1 X99.055 Y98.61 E850.03699
G1 X98.425 Y98.414 E850.25643
G1 X98.575 Y98.974 E850.44925
G1 X98.658 Y99.399 E850.59328
G1 X98.698 Y99.779 E850.72037
G1 X98.68 Y100.337 E850.90605
G1 X98.582 Y100.82 E851.06997
G1 X98.43 Y101.199 E851.20579
G1 X98.246 Y101.52 E851.32885
G1 X98.045 Y101.779 E851.43789
G1 X97.857 Y101.979 E851.52919
G1 F1472 X97.48 Y102.31 E851.69922
G1 F1403.2 X97.44 Y102.376 E851.72666
G1 F1243.8 X97.071 Y102.692 E851.92153
G1 F1157.4 X95.06 Y102.926 E852.79422
G1 F1185.8 X93.048 Y103.16 E853.64646
G1 F1181.1 X92.059 Y103.219 E854.06496
G1 F1198.1 X91.818 Y103.137 E854.17096
G1 F1304.3 X91.48 Y102.978 E854.31384
G1 F1399.3 X91.451 Y102.955 E854.32703
G1 F1456.3 X89.833 Y102.354 E854.91833
G1 F1500 X88.908 Y102.063 E855.24085
G1 X88.186 Y101.864 E855.48994
G1 X88.391 Y102.316 E855.65502
G1 X88.525 Y102.798 E855.82141
G1 F1470.6 X88.521 Y103.093 E855.9215
G1 F1417.8 X88.298 Y103.398 E856.05446
G1 F1305.5 X87.814 Y103.741 E856.28116
G1 F1235.6 X87.664 Y103.782 E856.34395
G1 F1327.4 X86.979 Y103.773 E856.60142
G1 F1462 X86.554 Y103.788 E856.74654
G1 F1500 X84.001 Y104.031 E857.59951
G1 X83.674 Y104.032 E857.70827
G1 X83.144 Y103.978 E857.88546
G1 X82.69 Y103.878 E858.04008
G1 X82.317 Y103.748 E858.17146
G1 X82.028 Y103.616 E858.27714
G1 X81.646 Y103.368 E858.42862
G1 X80.994 Y102.765 E858.724
G1 X80.423 Y102.275 E858.97426
G1 X79.746 Y101.768 E859.25557
G1 X78.074 Y100.642 E859.92603
G1 X77.03 Y100.01 E860.33193
G1 X76.469 Y99.704 E860.54448
G1 X75.888 Y99.418 E860.75986
G1 X75.518 Y99.272 E860.89216
G1 X75.225 Y99.172 E860.99513
G1 X74.701 Y99.041 E861.17478
G1 X73.782 Y98.918 E861.48316
G1 X72.998 Y98.845 E861.74505
G1 X72.85 Y98.847 E861.79428
G1 X74.031 Y99.887 E862.31768
G1 X74.859 Y100.739 E862.71283
G1 X76.151 Y102.206 E863.36301
G1 X76.919 Y103.22 E863.78608
G1 X77.611 Y104.184 E864.18076
G1 X78.197 Y105.091 E864.53992
G1 X78.401 Y105.455 E864.6787
G1 X78.661 Y106.001 E864.87984
G1 X78.7 Y106.626 E865.08812
G1 X78.658 Y107.027 E865.22222
G1 X78.561 Y107.487 E865.37858
G1 X78.402 Y107.998 E865.55658
G1 X78.238 Y108.441 E865.7137
G1 X77.79 Y109.462 E866.08453
G1 X77.231 Y110.541 E866.48871
G1 X76.639 Y111.574 E866.88471
G1 X76.012 Y112.596 E867.2835
G1 X75.419 Y113.514 E867.64699
G1 X75.153 Y113.958 E867.81914
G1 X74.857 Y114.399 E867.9958
G1 X74.528 Y114.84 E868.17879
G1 X73.98 Y115.512 E868.4672
G1 X73.251 Y116.281 E868.81963
G1 X72.688 Y116.822 E869.07933
G1 X72.602 Y116.975 E869.1377
G1 X72.744 Y118.324 E869.58886
G1 F1404.5 X72.619 Y118.74 E869.74316
G0 F9000 X74.459 Y117.262
G0 X72.961 Y118.932
G0 X71.304 Y119.784
;TYPE:WALL-INNER
G1 F1575.6 X71.244 Y119.681 E869.7809
G1 X71.125 Y119.681 E869.81858
G1 X71.066 Y119.784 E869.85617
G1 X71.126 Y119.887 E869.89391
G1 X71.245 Y119.887 E869.93159
G1 X71.304 Y119.784 E869.96917
G0 F9000 X72.961 Y118.932
G0 X77.712 Y110.789
G0 X78.734 Y108.665
G0 X79.188 Y107.143
G0 X79.245 Y106.633
G0 X79.193 Y105.862
G0 X79.771 Y104.839
G0 X76.114 Y100.649
G1 F1500 X76.949 Y101.602 E870.3906
G1 X77.731 Y102.636 E870.82179
G1 X78.423 Y103.601 E871.21674
G1 X79.048 Y104.565 E871.59886
G1 X79.273 Y104.966 E871.75179
G1 X79.548 Y105.537 E871.96259
G1 X79.661 Y105.973 E872.11239
G1 X79.704 Y106.613 E872.32574
G1 X79.642 Y107.208 E872.52471
G1 X79.538 Y107.701 E872.69229
G1 X79.34 Y108.344 E872.91606
G1 X79.142 Y108.872 E873.10362
G1 X78.706 Y109.864 E873.46402
G1 X78.099 Y111.038 E873.9036
G1 X77.515 Y112.058 E874.29452
G1 X76.851 Y113.14 E874.71676
G1 X76.277 Y114.029 E875.06872
G1 F1450.7 X75.732 Y114.951 E875.43706
G1 F1383.8 X75.699 Y115.027 E875.46693
G1 F1266.9 X75.414 Y115.548 E875.70079
G1 F1235.6 X74.842 Y116.165 E876.04051
G1 F1329.8 X74.25 Y116.731 E876.34779
G1 F1409.8 X73.657 Y117.298 E876.63814
G1 F1454.9 X73.766 Y118.341 E876.99774
G1 X74.267 Y118.037 E877.19869
G1 X74.6 Y117.809 E877.33709
G1 F1404.5 X75.189 Y117.36 E877.60017
G1 F1323.9 X75.635 Y116.999 E877.81639
G1 F1235.6 X76.299 Y116.443 E878.16608
G1 F1284.2 X76.94 Y116.069 E878.45439
G1 F1450.7 X77.366 Y115.759 E878.63558
G1 F1500 X77.596 Y115.569 E878.7348
G1 X78.254 Y114.983 E879.02786
G1 X78.917 Y114.361 E879.33023
G1 X79.532 Y113.734 E879.62234
G1 X80.198 Y113.011 E879.94928
G1 X82.544 Y110.318 E881.13719
G1 X82.966 Y109.872 E881.34141
G1 X83.492 Y109.404 E881.57558
G1 X83.949 Y109.115 E881.75542
G1 X84.404 Y108.907 E881.92182
G1 X84.893 Y108.756 E882.09203
G1 X85.39 Y108.674 E882.25957
G1 X85.771 Y108.653 E882.38649
G1 X86.254 Y108.66 E882.54715
G1 X86.061 Y108.346 E882.66974
G1 X85.798 Y107.793 E882.87341
G1 X85.698 Y107.406 E883.00635
G1 X85.662 Y106.589 E883.27835
G1 X85.755 Y106.144 E883.42956
G1 X85.848 Y105.853 E883.53116
G1 X85.996 Y105.513 E883.6545
G1 X86.169 Y105.215 E883.76911
G1 X86.333 Y104.995 E883.86037
G1 X86.529 Y104.796 E883.95327
G1 X84.382 Y105.006 E884.67077
G1 X83.964 Y105.032 E884.81007
G1 X83.615 Y105.03 E884.92615
G1 X83.021 Y104.974 E885.12459
G1 X82.473 Y104.856 E885.31104
G1 X81.969 Y104.689 E885.48763
G1 X81.55 Y104.494 E885.64134
G1 X81.007 Y104.146 E885.85585
G1 X80.313 Y103.499 E886.17143
G1 X79.797 Y103.055 E886.39784
G1 X79.153 Y102.575 E886.66499
G1 X77.53 Y101.482 E887.3158
G1 X76.53 Y100.877 E887.70453
G1 X76.114 Y100.649 E887.86231
G0 F9000 X81.77 Y104.091
G0 X82.575 Y104.408
G0 X83.664 Y104.572
G0 X87.867 Y104.202
G0 X89.835 Y103.611
G1 F1002.7 X89.741 Y103.449 E887.9555
G1 X89.554 Y103.449 E888.04855
G1 X89.461 Y103.611 E888.14149
G1 X89.555 Y103.773 E888.23469
G1 X89.742 Y103.773 E888.32773
G1 X89.835 Y103.611 E888.42068
G0 F9000 X87.362 Y104.719
G0 X86.784 Y105.16
G0 X86.469 Y105.595
G0 X86.23 Y106.136
G0 X86.127 Y106.631
G0 X86.159 Y107.487
G0 X86.552 Y108.299
G0 X87.031 Y108.771
G0 X87.53 Y109.078
G0 X93.511 Y111.633
G0 X94.655 Y111.614
G1 F1024.6 X90.489 Y110.574 E890.51148
G1 X90.761 Y111 E890.75759
G1 X91.024 Y111.506 E891.03526
G1 X91.265 Y112.169 E891.37876
G1 X91.39 Y112.582 E891.58888
G1 X94.404 Y111.671 E893.12205
G1 X94.655 Y111.614 E893.24738
G1 F2700 E884.24738
G0 F9000 X93.511 Y111.633
G0 X87.646 Y109.15
G0 X87.031 Y108.771
G0 X86.552 Y108.299
G0 X86.159 Y107.487
G0 X86.127 Y106.631
G0 X86.23 Y106.136
G0 X86.469 Y105.595
G0 X86.784 Y105.16
G0 X87.362 Y104.719
G0 X87.947 Y104.492
G0 X91.903 Y104.116
G0 X103.006 Y102.05
G0 X104.943 Y102.395
G1 F2700 E893.24738
G1 F1500 X104.662 Y102.323 E893.34386
G1 X104.329 Y102.203 E893.46159
G1 X104.053 Y102.07 E893.56349
G1 X102.376 Y101.039 E894.21824
G1 X101.92 Y100.802 E894.38917
G1 X101.378 Y100.557 E894.587
G1 X100.025 Y100.015 E895.07178
G1 X99.7 Y99.899 E895.18655
G1 X99.684 Y100.403 E895.35427
G1 X99.559 Y101.069 E895.57965
G1 X99.355 Y101.59 E895.76574
G1 X99.112 Y102.032 E895.9335
G1 X98.873 Y102.347 E896.06502
G1 X98.518 Y102.738 E896.24067
G1 X98.126 Y103.048 E896.40689
G1 X104.943 Y102.395 E898.68461
G0 F9000 X103.006 Y102.05
G0 X106.781 Y102.284
G1 F1666.7 X108.826 Y102.06 E899.30043
G1 F1602.6 X109.217 Y102.013 E899.42303
G1 F1569 X109.608 Y101.966 E899.54825
G1 F1536.9 X109.999 Y101.918 E899.67613
G1 F1507.5 X110.39 Y101.871 E899.80645
G1 F1477.8 X110.781 Y101.823 E899.93944
G1 F1449.3 X111.172 Y101.776 E900.07501
G1 F1421.8 X111.563 Y101.728 E900.21324
G1 F1395.3 X111.954 Y101.681 E900.35405
G1 F1369.9 X112.346 Y101.634 E900.49784
G1 F1346.5 X112.737 Y101.586 E900.6438
G1 F1322.8 X113.128 Y101.539 E900.79233
G1 F1299.8 X113.519 Y101.491 E900.94353
G1 F1277.7 X113.91 Y101.444 E901.09731
G1 F1256.3 X114.301 Y101.396 E901.25375
G1 F1235.6 X114.692 Y101.349 E901.41276
G1 F1215.6 X115.083 Y101.302 E901.5744
G1 F1197.1 X115.475 Y101.254 E901.73898
G1 F1178.3 X115.866 Y101.207 E901.90572
G1 F1160.1 X116.257 Y101.159 E902.07514
G1 F1142.4 X116.648 Y101.112 E902.24712
G1 F1125.3 X117.039 Y101.064 E902.42177
G1 F1108.6 X117.43 Y101.017 E902.59899
G1 F1093.3 X117.821 Y100.969 E902.77876
G1 F1077.6 X118.212 Y100.922 E902.96108
G1 F1062.3 X118.604 Y100.875 E903.1465
G1 F1046 X118.822 Y100.841 E903.25173
G1 F1119.4 X119.3 Y100.902 E903.4665
G1 F1318.1 X119.721 Y100.956 E903.62715
G1 F1467.7 X120.597 Y100.895 E903.92564
G1 F1500 X122.987 Y100.667 E904.72417
G1 X123.414 Y99.568 E905.11632
G1 X123.24 Y99.533 E905.17535
G1 X122.841 Y99.352 E905.32107
G1 X122.482 Y99.057 E905.47562
G1 X122.103 Y98.631 E905.66526
G1 F1456.3 X121.752 Y98.012 E905.90904
G1 F1319.3 X121.428 Y97.52 E906.13182
G1 F1201.9 X121.288 Y97.332 E906.22912
G1 F1178.3 X121.108 Y96.981 E906.39613
G1 F1175.5 X120.861 Y96.548 E906.60769
G1 F1252.1 X120.614 Y95.971 E906.85778
G1 F1423.1 X120.253 Y95.331 E907.11537
G1 F1500 X119.827 Y94.751 E907.35473
G1 X119.355 Y94.188 E907.59908
G1 X118.159 Y92.894 E908.18514
G1 X117.579 Y92.309 E908.45914
G1 X117.581 Y93.131 E908.73254
G1 X117.53 Y94.554 E909.20613
G1 X117.428 Y95.621 E909.56263
G1 X117.27 Y96.827 E909.96718
G1 X118.688 Y96.861 E910.43894
G1 X119.032 Y96.932 E910.55577
G1 F1423.1 X119.442 Y97.077 E910.70822
G1 F1252.1 X119.818 Y97.298 E910.88201
G1 F1175.5 X119.996 Y97.581 E911.02389
G1 F1178.3 X120.117 Y97.837 E911.14378
G1 F1282.1 X120.2 Y98.581 E911.4351
G1 F1436.8 X120.225 Y99.012 E911.58501
G1 F1479.3 X120.178 Y99.322 E911.69076
G1 F1500 X119.959 Y99.815 E911.87018
G1 F1467.7 X119.5 Y100.276 E912.09131
G1 F1318.1 X119.191 Y100.569 E912.25249
G1 F1119.4 X118.822 Y100.841 E912.4568
G1 F2700 E903.4568
G0 F9000 X120.21 Y100.407
G0 X87.947 Y104.492
G0 X87.362 Y104.719
G0 X86.784 Y105.16
G0 X86.469 Y105.595
G0 X86.23 Y106.136
G0 X86.127 Y106.631
G0 X86.159 Y107.487
G0 X86.552 Y108.299
G0 X87.031 Y108.771
G0 X87.585 Y109.112
G0 X114.693 Y116.52
G1 F2700 E912.4568
G1 F1500 X115.101 Y116.745 E912.61176
G1 X115.512 Y117.044 E912.78081
G1 X115.881 Y117.401 E912.95158
G1 X116.184 Y117.775 E913.11167
G1 X116.421 Y118.151 E913.2595
G1 X116.703 Y118.705 E913.46626
G1 X116.869 Y119.14 E913.62112
G1 X116.998 Y119.576 E913.77234
G1 X117.082 Y119.92 E913.89012
G1 X117.177 Y120.457 E914.0715
G1 X117.225 Y120.842 E914.20054
G1 X117.276 Y121.808 E914.52228
G1 X117.253 Y122.699 E914.81873
G1 X117.169 Y123.502 E915.08727
G1 X117.053 Y124.208 E915.32523
G1 X116.9 Y124.894 E915.559
G1 X116.731 Y125.499 E915.76793
G1 X116.54 Y126.057 E915.96409
G1 X115.819 Y127.836 E916.60254
G1 X116.596 Y127.302 E916.91612
G1 X117.345 Y126.738 E917.22796
G1 X118.161 Y126.08 E917.57661
G1 X119.035 Y125.312 E917.96359
G1 X119.905 Y124.471 E918.36605
G1 X120.771 Y123.531 E918.79115
G1 X121.591 Y122.547 E919.21717
G1 X122.346 Y121.559 E919.63074
G1 X122.994 Y120.66 E919.99933
G1 X123.917 Y119.272 E920.55374
G1 X124.358 Y118.557 E920.83314
G1 F1377.4 X124.491 Y118.16 E920.98479
G1 F1136.4 X124.682 Y117.564 E921.25957
G1 F1040.2 X125.044 Y116.998 E921.5818
G1 F1059.3 X125.342 Y116.51 E921.85109
G1 F1049 X126.896 Y113.871 E923.3077
G1 F1020.4 X128.153 Y111.723 E924.52452
G1 F1063.8 X128.394 Y111.48 E924.68502
G1 F1203.9 X128.635 Y111.236 E924.82715
G1 F1386.3 X128.876 Y110.992 E924.95057
G1 F1500 X133.148 Y103.842 E927.72081
G1 X133.505 Y103.435 E927.90088
G1 X133.948 Y103.193 E928.06877
G1 X134.348 Y103.105 E928.20499
G1 X134.695 Y103.134 E928.32081
G1 X134.981 Y103.213 E928.41949
G1 X135.271 Y103.365 E928.52839
G1 X136.365 Y104.19 E928.98413
G1 X137.137 Y103.183 E929.40615
G1 X137.54 Y102.883 E929.57325
G1 F1363.6 X138.035 Y102.625 E929.77748
G1 F1189.5 X138.296 Y102.551 E929.89126
G1 F1141.6 X138.58 Y102.594 E930.01679
G1 X138.857 Y102.67 E930.14233
G1 F1113.6 X139.214 Y102.81 E930.31413
G1 F1094.1 X139.806 Y103.094 E930.61353
G1 X140.3 Y102.168 E931.09211
G1 X140.439 Y101.95 E931.21001
G1 X140.626 Y101.783 E931.32433
G1 X139.782 Y101.548 E931.72384
G1 X139.652 Y101.521 E931.78438
G1 F1113.6 X139.241 Y101.409 E931.97523
G1 F1141.6 X138.851 Y101.318 E932.15025
G1 X138.456 Y101.242 E932.32605
G1 F1189.5 X138.098 Y101.102 E932.48727
G1 F1363.6 X137.234 Y100.838 E932.8178
G1 F1500 X135.723 Y100.555 E933.3291
G1 X133.551 Y100.175 E934.06248
G1 X132.609 Y100.039 E934.37904
G1 X127.127 Y109.985 E938.1563
G1 F1386.3 X127.038 Y110.317 E938.28
G1 F1203.9 X126.949 Y110.649 E938.42245
G1 F1063.8 X126.86 Y110.981 E938.58364
G1 F1019.7 X125.631 Y113.163 E939.80889
G1 F1049 X124.101 Y115.839 E941.275
G1 F1056.3 X123.754 Y116.37 E941.57458
G1 F1090.1 X123.514 Y116.693 E941.75875
G1 F1201 X123.016 Y116.993 E942.00027
G1 F1377.4 X122.769 Y117.08 E942.09512
G1 F1500 X122.389 Y117.347 E942.24958
G1 X121.957 Y117.581 E942.41299
G1 X121.601 Y117.718 E942.53986
G1 X121.046 Y117.853 E942.72984
G1 X120.704 Y117.892 E942.84433
G1 X120.101 Y117.885 E943.0449
G1 X119.737 Y117.833 E943.1672
G1 X114.693 Y116.52 E944.90074
G0 F9000 X120.183 Y117.432
G0 X120.831 Y117.433
G0 X121.62 Y117.238
G0 X122.579 Y116.655
G0 X122.963 Y116.236
G0 X127.459 Y110.376
G0 X128.069 Y110.365
;TYPE:SKIN
G1 F1205.8 X128.659 Y109.337 E945.39116
G1 F1166.4 X129.249 Y108.308 E945.8985
G1 F1131.2 X129.84 Y107.279 E946.42185
G1 F1096.5 X130.43 Y106.251 E946.96115
G0 F9000 X132.274 Y104.237
G0 X132.008 Y103.827
G0 X131.166 Y104.973
G1 F1033.8 X131.529 Y104.341 E947.31289
G1 F2700 E938.31289
G0 F9000 X131.863 Y103.514
G0 X134.145 Y103.102
G0 X136.462 Y104.874
G0 X138.715 Y106.56
G0 X139.739 Y108.037
G0 X141.226 Y106.805
;TYPE:WALL-OUTER
G1 F2700 E947.31289
G1 F1377.4 X140.763 Y106.793 E947.48064
G1 F1500 X138.644 Y105.788 E948.26067
G1 X137.154 Y107.779 E949.08779
G1 X136.978 Y107.914 E949.16156
G1 X136.837 Y107.956 E949.2105
G1 X136.562 Y107.931 E949.30234
G1 X134.834 Y106.636 E950.02056
G1 X133.232 Y109.222 E951.03233
G1 X128.115 Y117.915 E954.38736
G1 X127.524 Y118.947 E954.7829
G1 X127.441 Y119.235 E954.88259
G1 X127.594 Y119.294 E954.93713
G1 X127.937 Y119.321 E955.05156
G1 X128.729 Y119.185 E955.31884
G1 X129.646 Y118.952 E955.63353
G1 X130.926 Y118.581 E956.07678
G1 X132.384 Y118.126 E956.58478
G1 X133.794 Y117.659 E957.0788
G1 X135.905 Y116.923 E957.82237
G1 X138.002 Y116.089 E958.57297
G1 X139.508 Y115.457 E959.11619
G1 X140.946 Y114.82 E959.63929
G1 X142.457 Y114.117 E960.19358
G1 X143.078 Y113.813 E960.42355
G1 X143.724 Y113.468 E960.66713
G1 X144.298 Y113.141 E960.88685
G1 X144.875 Y112.79 E961.11148
G1 X146.037 Y112.018 E961.57548
G1 X147.162 Y111.192 E962.03969
G1 X148.288 Y110.307 E962.51603
G1 X148.812 Y109.866 E962.74382
G1 X149.303 Y109.426 E962.9631
G1 X149.767 Y108.976 E963.17809
G1 X150.179 Y108.538 E963.37809
G1 X150.509 Y108.133 E963.55185
G1 X150.722 Y107.829 E963.67531
G1 X150.86 Y107.496 E963.7952
G1 X150.927 Y107.237 E963.88418
G1 X150.965 Y106.935 E963.98541
G1 X150.887 Y106.541 E964.119
G1 X150.668 Y106.147 E964.26893
G1 X150.509 Y105.938 E964.35627
G1 X150.25 Y105.647 E964.48584
G1 X149.92 Y105.327 E964.63873
G1 X149.478 Y104.952 E964.83152
G1 X148.741 Y104.412 E965.13541
G1 X148.08 Y103.965 E965.40081
G1 X146.685 Y103.112 E965.94465
G1 X145.004 Y104.996 E966.78444
G1 X144.781 Y105.127 E966.87046
G1 X144.592 Y105.147 E966.93368
G1 X142.468 Y104.552 E967.66732
G1 X141.771 Y105.793 E968.14072
G1 F1488.1 X141.65 Y106.024 E968.22815
G1 F1358.7 X141.349 Y106.711 E968.50356
G1 F1264.8 X141.226 Y106.805 E968.56462
G1 F2700 E959.56462
G0 F9000 X139.739 Y108.037
G0 X139.055 Y109.344
G0 X138.367 Y112.156
G0 X140.421 Y112.306
G0 X140.485 Y110.569
G1 F2700 E968.56462
G1 F1500 X140.391 Y110.429 E968.62071
G1 X140.348 Y110.197 E968.69919
G1 X140.409 Y109.983 E968.7732
G1 X140.823 Y109.23 E969.05901
G1 X141.045 Y108.899 E969.19157
G1 F1445.1 X141.544 Y108.274 E969.46768
G1 F1346.5 X142.044 Y107.648 E969.76453
G1 F1322.8 X142.446 Y107.453 E969.93304
G1 F1407.1 X142.873 Y107.286 E970.09561
G1 F1488.1 X143.474 Y107.1 E970.30653
G1 F1500 X143.894 Y107.02 E970.44873
G1 X144.267 Y106.992 E970.57314
G1 X144.583 Y107.008 E970.67838
G1 X144.951 Y107.059 E970.80194
G1 X145.279 Y107.132 E970.91371
G1 X145.6 Y107.228 E971.02514
G1 X146.523 Y107.586 E971.35442
G1 X146.729 Y107.858 E971.4679
G1 X146.751 Y108.092 E971.54608
G1 X146.705 Y108.241 E971.59794
G1 X146.596 Y108.387 E971.65854
G1 X145.532 Y109.368 E972.13989
G1 X144.804 Y109.821 E972.42507
G1 X144.073 Y110.207 E972.70002
G1 X143.678 Y110.383 E972.84385
G1 X143.213 Y110.548 E973.00796
G1 X142.788 Y110.647 E973.1531
G1 X142.361 Y110.711 E973.2967
G1 X142.017 Y110.739 E973.4115
G1 X141.612 Y110.748 E973.54623
G1 X140.735 Y110.721 E973.83806
G1 X140.485 Y110.569 E973.93538
G0 F9000 X140.421 Y112.306
G0 X142.157 Y112.253
G0 X142.959 Y112.158
G0 X144.218 Y111.614
;TYPE:WALL-INNER
G1 F911.9 X144.678 Y111.359 E974.22314
G1 F960.9 X145.359 Y110.954 E974.63451
G1 F993.4 X146.309 Y110.312 E975.21036
G1 F980.4 X147.465 Y109.326 E975.98354
G1 F1021.8 X147.78 Y109.184 E976.15225
G1 F1171 X148.095 Y109.041 E976.29964
G1 F1371.1 X148.614 Y108.701 E976.5254
G1 F1500 X149.067 Y108.261 E976.73544
G1 X149.426 Y107.879 E976.9098
G1 X149.819 Y107.397 E977.11665
G1 X149.909 Y107.178 E977.1954
G1 X149.961 Y106.933 E977.2787
G1 X149.8 Y106.645 E977.38844
G1 X149.469 Y106.273 E977.55406
G1 F1420.5 X149.235 Y106.134 E977.64965
G1 F1348.9 X149.186 Y106.09 E977.67401
G1 F1232.5 X148.78 Y105.882 E977.85866
G1 F1134.6 X148.736 Y105.848 E977.88311
G1 F1079.1 X148.466 Y105.734 E978.01861
G1 F1035.9 X148.03 Y105.405 E978.28166
G1 F1026 X146.923 Y104.71 E978.91725
G1 F1013.5 X145.795 Y105.972 E979.75045
G1 F1017.6 X146.885 Y106.401 E980.32473
G1 F1030.2 X147.222 Y106.596 E980.51328
G1 F1035.9 X147.507 Y106.824 E980.68905
G1 F1079.1 X147.581 Y107.017 E980.78461
G1 F1232.5 X147.642 Y107.312 E980.90655
G1 F1420.5 X147.675 Y107.534 E980.98538
G1 F1500 X147.745 Y107.83 E981.08654
G1 X147.74 Y108.234 E981.22092
G1 F1371.1 X147.685 Y108.724 E981.40034
G1 F1171 X147.575 Y109.025 E981.53688
G1 F1021.8 X147.465 Y109.326 E981.69335
G0 F9000 X148.073 Y108.486
G0 X148.342 Y107.848
G0 X147.39 Y106.276
G0 X146.339 Y105.845
G0 X144.707 Y106.08
G1 F1611.2 X144.203 Y106.034 E981.85006
G1 F1435.4 X143.698 Y105.988 E982.02631
G1 F1195.2 X143.054 Y105.967 E982.29527
G0 F9000 X141.661 Y107.331
G0 X130.353 Y117.148
G0 X129.204 Y118.033
G1 F1500 X130.629 Y117.626 E982.78818
G1 X132.07 Y117.176 E983.29028
G1 X133.465 Y116.715 E983.77894
G1 X135.555 Y115.986 E984.51515
G1 X137.652 Y115.151 E985.26588
G1 X139.104 Y114.543 E985.78944
G1 X140.525 Y113.913 E986.30644
G1 X142.019 Y113.218 E986.85448
G1 X142.608 Y112.93 E987.07255
G1 X143.406 Y112.499 E987.3742
G1 F1392.8 X143.739 Y112.202 E987.53403
G1 F1206.8 X143.898 Y112.006 E987.63838
G1 F1055.6 X144.058 Y111.81 E987.75796
G1 F938.1 X144.218 Y111.614 E987.89252
G1 F941.6 X143.929 Y111.617 E988.04565
G1 F1069.1 X143.64 Y111.621 E988.18052
G1 F1214.6 X143.448 Y111.603 E988.25973
G1 F1387.6 X143.058 Y111.612 E988.39999
G1 F1500 X142.442 Y111.708 E988.60735
G1 X142.098 Y111.736 E988.72214
G1 X141.581 Y111.748 E988.89414
G1 X140.801 Y111.723 E989.1537
G1 X140.387 Y111.653 E989.29335
G1 X140.028 Y111.481 E989.42575
G1 X139.76 Y111.258 E989.54171
G1 X139.519 Y110.953 E989.671
G1 X139.36 Y110.495 E989.83225
G1 X139.35 Y110.144 E989.94904
G1 F1391.5 X139.323 Y109.818 E990.06633
G1 F1213.6 X139.335 Y109.372 E990.24974
G1 F1098.9 X139.741 Y108.687 E990.61126
G1 F1063.1 X140.106 Y108.147 E990.91714
G1 F1066.9 X140.301 Y107.905 E991.06248
G1 X139.017 Y107.298 E991.72664
G1 X138.672 Y107.759 E991.9959
G1 F1043.1 X138.124 Y108.544 E992.45379
G1 F1141.6 X137.71 Y108.726 E992.65143
G1 F1391.5 X136.974 Y108.947 E992.92696
G1 F1500 X136.652 Y108.956 E993.0341
G1 X136.307 Y108.888 E993.15106
G1 X135.868 Y108.661 E993.31543
G1 X135.109 Y108.091 E993.63114
G1 X134.093 Y109.73 E994.27251
G1 X129.204 Y118.033 E997.47728
G1 F2700 E988.47728
;MESH:NONMESH
G0 F300 X129.204 Y118.033 Z2.8
G0 F9000 X130.353 Y117.148
G0 X128.567 Y118.177
G0 X124.663 Y118.99
G0 X87.361 Y109.238
G0 X85.822 Y109.112
G0 X85.009 Y109.204
G0 X84.172 Y109.518
G0 X74.459 Y117.262
G0 X72.619 Y118.74
;TIME_ELAPSED:246.780761
;LAYER:3
M106 S255
;TYPE:WALL-OUTER
;MESH:sharkz.stl
G1 F2700 E997.47728
G1 F1318.1 X72.507 Y118.819 E997.52916
G1 F1366.1 X72.236 Y118.844 E997.62855
G1 F1457.7 X71.192 Y118.809 E997.98605
G1 F1500 X70.484 Y118.803 E998.22154
G1 X69.497 Y121.757 E999.25744
G1 X71.641 Y120.646 E1000.06059
G1 F1457.7 X72.55 Y120.132 E1000.41799
G1 F1388.9 X73.132 Y119.767 E1000.66476
G1 F1425.9 X74.228 Y119.248 E1001.08907
G1 F1500 X74.809 Y118.895 E1001.31518
G1 X75.812 Y118.208 E1001.71953
G1 X77 Y117.335 E1002.20988
G1 X77.618 Y116.849 E1002.47137
G1 X78.234 Y116.34 E1002.73715
G1 X78.937 Y115.713 E1003.05045
G1 X79.598 Y115.094 E1003.35165
G1 X80.257 Y114.423 E1003.66446
G1 X80.943 Y113.678 E1004.00129
G1 X83.27 Y111.006 E1005.17978
G1 X83.692 Y110.56 E1005.384
G1 X84.104 Y110.199 E1005.56619
G1 X84.428 Y109.993 E1005.69389
G1 X84.785 Y109.832 E1005.82414
G1 X85.159 Y109.722 E1005.95381
G1 X85.51 Y109.668 E1006.07192
G1 X85.822 Y109.652 E1006.17583
G1 X86.167 Y109.656 E1006.29059
G1 X86.55 Y109.685 E1006.41834
G1 F1474.9 X86.926 Y109.701 E1006.54564
G1 F1416.4 X87.282 Y109.732 E1006.6715
G1 F1358.7 X87.581 Y109.776 E1006.78247
G1 F1333.3 X87.918 Y109.88 E1006.91444
G1 F1314.6 X88.279 Y110.014 E1007.06057
G1 F1334.5 X88.551 Y110.214 E1007.18679
G1 F1434 X89.104 Y110.83 E1007.47478
G1 F1500 X89.316 Y111.079 E1007.58355
G1 X89.524 Y111.354 E1007.69823
G1 X89.749 Y111.71 E1007.83831
G1 X89.907 Y112.037 E1007.9591
G1 X90.107 Y112.589 E1008.15437
G1 X90.274 Y113.162 E1008.35288
G1 X90.376 Y113.661 E1008.52228
G1 X90.432 Y114.078 E1008.66222
G1 X90.667 Y114.11 E1008.7411
G1 X92.011 Y113.677 E1009.21075
G1 X94.68 Y112.872 E1010.13796
G1 X95.297 Y112.732 E1010.34839
G1 X95.895 Y112.649 E1010.54919
G1 F1420.5 X96.383 Y112.561 E1010.72336
G1 F1329.8 X96.42 Y112.545 E1010.73848
G1 F1230.5 X96.864 Y112.47 E1010.92105
G1 F1141.6 X96.923 Y112.451 E1010.94814
G1 F1148.5 X97.685 Y112.548 E1011.2818
G1 F1166.4 X102.097 Y113.691 E1013.23123
G1 F1151.2 X111.497 Y116.164 E1017.44361
G1 F1139.8 X112.311 Y116.397 E1017.81421
G1 F1122.8 X112.845 Y116.574 E1018.0642
G1 F1093.3 X113.456 Y116.798 E1018.36116
G1 F1183 X113.982 Y117.189 E1018.63757
G1 F1336.9 X114.004 Y117.221 E1018.65206
G1 F1425.9 X114.587 Y117.608 E1018.8969
G1 F1500 X114.892 Y117.836 E1019.02356
G1 X115.166 Y118.106 E1019.1515
G1 X115.402 Y118.405 E1019.27819
G1 X115.603 Y118.733 E1019.40614
G1 X115.769 Y119.066 E1019.5299
G1 X115.897 Y119.386 E1019.64453
G1 X116.026 Y119.813 E1019.79289
G1 X116.117 Y120.19 E1019.92188
G1 X116.185 Y120.581 E1020.05388
G1 X116.236 Y121.001 E1020.1946
G1 X116.276 Y121.749 E1020.44374
G1 X116.258 Y122.599 E1020.72651
G1 X116.182 Y123.341 E1020.9746
G1 X116.068 Y124.034 E1021.20819
G1 X115.935 Y124.629 E1021.41097
G1 X115.783 Y125.18 E1021.60108
G1 X115.612 Y125.683 E1021.77778
G1 X114.997 Y127.21 E1022.3253
G1 X114.652 Y128.03 E1022.62119
G1 X113.809 Y129.894 E1023.30162
G1 X114.318 Y129.741 E1023.47839
G1 X114.808 Y129.549 E1023.65343
G1 X115.588 Y129.176 E1023.941
G1 X116.052 Y128.889 E1024.12246
G1 X117.18 Y128.114 E1024.57765
G1 X117.973 Y127.517 E1024.90779
G1 X118.805 Y126.845 E1025.26351
G1 X119.713 Y126.048 E1025.66535
G1 X120.621 Y125.17 E1026.08545
G1 X121.523 Y124.19 E1026.52844
G1 X122.373 Y123.171 E1026.9698
G1 X123.156 Y122.145 E1027.39907
G1 X123.796 Y121.259 E1027.76259
G1 X124.765 Y119.802 E1028.34458
G1 X125.144 Y119.192 E1028.58344
G1 X126.204 Y117.421 E1029.26992
G1 X123.882 Y113.779 E1030.70651
G1 X123.059 Y115.234 E1031.26249
G1 X122.736 Y115.716 E1031.45548
G1 X122.403 Y116.073 E1031.61785
G1 X122.113 Y116.326 E1031.74585
G1 X121.829 Y116.515 E1031.85932
G1 X121.534 Y116.665 E1031.96939
G1 X121.151 Y116.807 E1032.10525
G1 X120.6 Y116.892 E1032.29068
G1 X120.181 Y116.888 E1032.43005
G1 X119.911 Y116.849 E1032.52078
G1 X115.306 Y115.648 E1034.10364
G1 F1425.9 X114.678 Y115.537 E1034.32678
G1 F1274.4 X114.306 Y115.515 E1034.47267
G1 F1133.8 X113.933 Y115.493 E1034.63708
G1 F1104.6 X112.627 Y115.114 E1035.2513
G1 F1140.7 X107.524 Y113.775 E1037.55876
G1 F1151.2 X102.421 Y112.436 E1039.84517
G1 F1169.1 X98.089 Y111.339 E1041.7521
G1 F1152.1 X97.144 Y111.138 E1042.17048
G1 F1225.5 X96.536 Y110.872 E1042.44065
G1 F1420.5 X96.072 Y110.697 E1042.61483
G1 F1500 X90.026 Y109.187 E1044.6875
G1 F1470.6 X89.383 Y109.046 E1044.91083
G1 F1366.1 X88.654 Y108.925 E1045.1807
G1 F1315.8 X87.948 Y108.721 E1045.45934
G1 F1369.9 X87.553 Y108.502 E1045.62383
G1 F1428.6 X87.087 Y108.101 E1045.83853
G1 F1464.8 X86.747 Y107.475 E1046.08115
G1 F1488.1 X86.659 Y106.9 E1046.27617
G1 F1500 X86.737 Y106.316 E1046.47214
G1 X86.934 Y105.868 E1046.63491
G1 F1450.7 X87.155 Y105.559 E1046.76556
G1 F1358.7 X87.67 Y105.1 E1047.01887
G1 F1294.2 X88.061 Y104.903 E1047.18765
G1 F1322.8 X88.727 Y104.915 E1047.43889
G1 F1436.8 X89.752 Y104.859 E1047.79533
G1 F1456.3 X91.241 Y104.686 E1048.30886
G1 F1275.5 X92.008 Y104.497 E1048.61784
G1 F1172.8 X92.304 Y104.48 E1048.74397
G1 F1191.4 X93.223 Y104.401 E1049.13021
G1 F1184.8 X95.265 Y104.19 E1049.99462
G1 F1156.5 X97.307 Y103.978 E1050.88024
G1 F1205.8 X97.741 Y104.005 E1051.06016
G1 F1356.2 X98.175 Y104.032 E1051.22012
G1 F1472 X98.605 Y104.01 E1051.36605
G1 F1500 X105.037 Y103.393 E1053.51516
G1 F1226.5 X105.459 Y103.129 E1053.71764
G1 F1046 X105.78 Y103.108 E1053.87107
G1 F1109.5 X106.117 Y103.146 E1054.02357
G1 F1238.6 X106.455 Y103.185 E1054.16061
G1 F1401.9 X106.793 Y103.224 E1054.2817
G1 F1500 X122.952 Y101.673 E1059.6809
G1 X123.66 Y101.612 E1059.91726
G1 X123.713 Y101.559 E1059.94219
G1 X124.854 Y98.622 E1060.99016
G1 X124.204 Y98.648 E1061.20653
G1 X123.719 Y98.64 E1061.36786
G1 X123.426 Y98.525 E1061.47255
G1 X123.107 Y98.306 E1061.60125
G1 X122.885 Y97.991 E1061.72942
G1 X122.422 Y97.032 E1062.08362
G1 X121.862 Y95.993 E1062.47619
G1 X121.494 Y95.389 E1062.71143
G1 X121.058 Y94.736 E1062.97258
G1 X120.614 Y94.133 E1063.22164
G1 X120.124 Y93.547 E1063.4757
G1 X118.869 Y92.19 E1064.09048
G1 X117.824 Y91.138 E1064.58366
G1 X117.438 Y90.778 E1064.75921
G1 X117.06 Y90.45 E1064.92567
G1 X116.73 Y90.194 E1065.06458
G1 X116.539 Y90.071 E1065.14014
G1 X116.577 Y91.715 E1065.68709
G1 X116.581 Y93.134 E1066.15905
G1 X116.534 Y94.46 E1066.60036
G1 X116.436 Y95.49 E1066.94448
G1 X116.297 Y96.542 E1067.29742
G1 X116.068 Y97.802 E1067.72336
G1 X118.586 Y97.858 E1068.56106
G1 X118.827 Y97.946 E1068.64639
G1 X119.012 Y98.153 E1068.73873
G1 X119.165 Y99.024 E1069.03286
G1 X119.105 Y99.264 E1069.11514
G1 X118.967 Y99.446 E1069.19111
G1 X118.369 Y99.686 E1069.40543
G1 X108.709 Y101.105 E1072.65283
G1 X106.592 Y101.364 E1073.3622
G1 F1424.5 X106.116 Y101.527 E1073.53841
G1 F1295.3 X105.64 Y101.691 E1073.73232
G1 F1129.5 X105.501 Y101.695 E1073.79374
G1 F1226.5 X105.095 Y101.407 E1073.99623
G1 F1500 X105.002 Y101.383 E1074.02817
G1 X104.626 Y101.248 E1074.16104
G1 X102.869 Y100.168 E1074.847
G1 X102.357 Y99.903 E1075.03875
G1 X101.771 Y99.637 E1075.25279
G1 X100.36 Y99.073 E1075.75819
G1 X99.058 Y98.609 E1076.21792
G1 X98.419 Y98.409 E1076.44062
G1 X98.566 Y98.939 E1076.62355
G1 X98.651 Y99.353 E1076.76412
G1 X98.698 Y99.779 E1076.90667
G1 X98.68 Y100.337 E1077.09236
G1 X98.582 Y100.821 E1077.2566
G1 X98.43 Y101.199 E1077.39211
G1 X98.246 Y101.52 E1077.51517
G1 X98.045 Y101.779 E1077.62421
G1 X97.857 Y101.979 E1077.71551
G1 F1472 X97.48 Y102.31 E1077.88554
G1 F1403.2 X97.44 Y102.376 E1077.91298
G1 F1243.8 X97.071 Y102.693 E1078.10811
G1 F1156.5 X95.06 Y102.927 E1078.98148
G1 F1184.8 X93.048 Y103.161 E1079.83439
G1 F1180.2 X92.059 Y103.22 E1080.25322
G1 F1196.2 X91.818 Y103.139 E1080.35926
G1 F1254.2 X91.763 Y103.105 E1080.38498
G1 F1327.4 X91.479 Y102.978 E1080.5019
G1 F1399.3 X91.452 Y102.957 E1080.5141
G1 F1456.3 X89.846 Y102.362 E1081.10083
G1 F1500 X88.896 Y102.063 E1081.43208
G1 X88.186 Y101.864 E1081.67733
G1 X88.444 Y102.432 E1081.88482
G1 X88.511 Y102.863 E1082.02989
G1 X88.479 Y103.133 E1082.12032
G1 F1436.8 X88.274 Y103.418 E1082.24223
G1 F1299.8 X87.814 Y103.742 E1082.45819
G1 F1233.6 X87.657 Y103.785 E1082.52402
G1 F1322.8 X86.986 Y103.775 E1082.77713
G1 F1457.7 X86.558 Y103.788 E1082.92368
G1 F1500 X84.001 Y104.031 E1083.77797
G1 X83.674 Y104.032 E1083.88673
G1 X83.144 Y103.978 E1084.06393
G1 X82.724 Y103.888 E1084.20679
G1 X82.362 Y103.766 E1084.33385
G1 X82.028 Y103.616 E1084.45562
G1 X81.625 Y103.355 E1084.61532
G1 X80.994 Y102.765 E1084.90264
G1 X80.423 Y102.275 E1085.1529
G1 X79.746 Y101.768 E1085.43421
G1 X78.074 Y100.642 E1086.10467
G1 X77.03 Y100.01 E1086.51057
G1 X76.469 Y99.704 E1086.72311
G1 X75.888 Y99.418 E1086.9385
G1 X75.518 Y99.272 E1087.0708
G1 X75.225 Y99.172 E1087.17377
G1 X74.701 Y99.041 E1087.35342
G1 X73.782 Y98.918 E1087.6618
G1 X72.998 Y98.845 E1087.92369
G1 X72.85 Y98.847 E1087.97292
G1 X74.003 Y99.864 E1088.48427
G1 X74.858 Y100.738 E1088.89093
G1 X76.151 Y102.206 E1089.54158
G1 X76.919 Y103.22 E1089.96465
G1 X77.624 Y104.203 E1090.36699
G1 X78.198 Y105.089 E1090.71811
G1 X78.402 Y105.457 E1090.85806
G1 X78.679 Y106.071 E1091.0821
G1 X78.7 Y106.623 E1091.26582
G1 X78.658 Y107.027 E1091.40092
G1 X78.561 Y107.487 E1091.55728
G1 X78.402 Y107.998 E1091.73528
G1 X78.238 Y108.441 E1091.89239
G1 X77.79 Y109.462 E1092.26323
G1 X77.231 Y110.541 E1092.66741
G1 X76.639 Y111.574 E1093.06341
G1 X76.012 Y112.596 E1093.4622
G1 X75.419 Y113.514 E1093.82569
G1 X75.153 Y113.958 E1093.99784
G1 X74.857 Y114.399 E1094.17449
G1 X74.528 Y114.84 E1094.35749
G1 X73.979 Y115.513 E1094.64636
G1 X73.283 Y116.245 E1094.98231
G1 X72.683 Y116.831 E1095.26126
G1 X72.603 Y116.988 E1095.31987
G1 X72.744 Y118.324 E1095.76669
G1 F1404.5 X72.619 Y118.74 E1095.92099
G0 F9000 X74.46 Y117.261
G0 X73.017 Y118.903
G0 X71.304 Y119.784
;TYPE:WALL-INNER
G1 F1575.6 X71.244 Y119.681 E1095.95873
G1 X71.125 Y119.681 E1095.99641
G1 X71.066 Y119.784 E1096.034
G1 X71.126 Y119.887 E1096.07174
G1 X71.245 Y119.887 E1096.10942
G1 X71.304 Y119.784 E1096.14701
G0 F9000 X73.017 Y118.903
G0 X77.712 Y110.789
G0 X78.734 Y108.665
G0 X79.188 Y107.143
G0 X79.243 Y106.647
G0 X79.213 Y105.928
G0 X78.759 Y105.013
G0 X76.114 Y100.649
G1 F1500 X76.949 Y101.602 E1096.56843
G1 X77.731 Y102.636 E1096.99962
G1 X78.462 Y103.658 E1097.41754
G1 X79.049 Y104.563 E1097.77632
G1 X79.277 Y104.972 E1097.93206
G1 X79.612 Y105.687 E1098.19468
G1 X79.674 Y105.993 E1098.29852
G1 X79.705 Y106.653 E1098.51828
G1 X79.642 Y107.207 E1098.70373
G1 X79.538 Y107.701 E1098.87164
G1 X79.34 Y108.344 E1099.09541
G1 X79.142 Y108.872 E1099.28296
G1 X78.706 Y109.864 E1099.64337
G1 X78.099 Y111.038 E1100.08294
G1 X77.515 Y112.058 E1100.47387
G1 X76.851 Y113.14 E1100.89611
G1 X76.277 Y114.029 E1101.24807
G1 F1450.7 X75.732 Y114.951 E1101.6164
G1 F1383.8 X75.699 Y115.027 E1101.64628
G1 F1266.9 X75.414 Y115.548 E1101.88014
G1 F1235.6 X74.842 Y116.165 E1102.21986
G1 F1361.2 X74.023 Y116.949 E1102.63541
G1 F1456.3 X73.649 Y117.296 E1102.81019
G1 F1474.9 X73.761 Y118.352 E1103.16939
G1 X74.37 Y117.982 E1103.41043
G1 F1412.4 X75.189 Y117.359 E1103.7739
G1 F1322.8 X75.635 Y116.999 E1103.99008
G1 F1235.6 X76.299 Y116.443 E1104.33977
G1 F1284.2 X76.94 Y116.069 E1104.62807
G1 F1450.7 X77.366 Y115.759 E1104.80926
G1 F1500 X77.596 Y115.569 E1104.90849
G1 X78.254 Y114.983 E1105.20155
G1 X78.917 Y114.361 E1105.50391
G1 X79.532 Y113.734 E1105.79603
G1 X80.198 Y113.011 E1106.12297
G1 X82.544 Y110.318 E1107.31087
G1 X82.966 Y109.872 E1107.51509
G1 X83.491 Y109.404 E1107.74901
G1 X83.949 Y109.115 E1107.92914
G1 X84.398 Y108.909 E1108.09344
G1 X84.912 Y108.752 E1108.2722
G1 X85.376 Y108.673 E1108.42875
G1 X85.77 Y108.653 E1108.55996
G1 X86.244 Y108.661 E1108.71763
G1 X85.877 Y107.965 E1108.97934
G1 X85.76 Y107.624 E1109.09924
G1 X85.653 Y106.912 E1109.33871
G1 X85.737 Y106.247 E1109.56165
G1 X85.851 Y105.847 E1109.69999
G1 X85.999 Y105.511 E1109.82211
G1 X86.151 Y105.244 E1109.92429
G1 X86.311 Y105.019 E1110.01612
G1 X86.529 Y104.796 E1110.11984
G1 X84.074 Y105.029 E1110.94005
G1 X83.615 Y105.03 E1111.09271
G1 X83.02 Y104.974 E1111.29148
G1 X82.47 Y104.855 E1111.47865
G1 X81.969 Y104.689 E1111.65419
G1 X81.55 Y104.494 E1111.8079
G1 X81.016 Y104.153 E1112.01864
G1 X80.327 Y103.51 E1112.33209
G1 X79.797 Y103.055 E1112.56442
G1 X79.153 Y102.575 E1112.83156
G1 X77.53 Y101.482 E1113.48237
G1 X76.53 Y100.877 E1113.87111
G1 X76.114 Y100.649 E1114.02889
G0 F9000 X81.77 Y104.091
G0 X82.575 Y104.408
G0 X83.664 Y104.572
G0 X87.864 Y104.202
G0 X89.821 Y103.613
G1 F998.7 X89.727 Y103.451 E1114.12246
G1 X89.54 Y103.451 E1114.21587
G1 X89.447 Y103.613 E1114.30919
G1 X89.541 Y103.775 E1114.40276
G1 X89.728 Y103.775 E1114.49618
G1 X89.821 Y103.613 E1114.5895
G0 F9000 X87.357 Y104.722
G0 X86.784 Y105.161
G0 X86.469 Y105.595
G0 X86.215 Y106.17
G0 X86.115 Y106.897
G0 X86.227 Y107.641
G0 X86.551 Y108.254
G0 X86.848 Y108.607
G0 X87.186 Y108.879
G0 X93.512 Y111.632
G0 X94.658 Y111.613
G1 F1023.9 X90.488 Y110.572 E1116.68373
G1 X90.81 Y111.077 E1116.97556
G1 X91.032 Y111.527 E1117.22006
G1 X91.265 Y112.169 E1117.55285
G1 X91.39 Y112.582 E1117.7631
G1 X94.291 Y111.701 E1119.24039
G1 X94.658 Y111.613 E1119.42429
G1 F2700 E1110.42429
G0 F9000 X93.512 Y111.632
G0 X87.224 Y108.909
G0 X86.848 Y108.607
G0 X86.551 Y108.254
G0 X86.227 Y107.641
G0 X86.115 Y106.897
G0 X86.215 Y106.17
G0 X86.469 Y105.595
G0 X86.784 Y105.161
G0 X87.357 Y104.722
G0 X87.944 Y104.492
G0 X91.9 Y104.116
G0 X103.005 Y102.05
G0 X104.943 Y102.396
G1 F2700 E1119.42429
G1 F1500 X104.662 Y102.324 E1119.52077
G1 X104.329 Y102.203 E1119.63861
G1 X104.054 Y102.07 E1119.74021
G1 X102.376 Y101.039 E1120.39524
G1 X101.92 Y100.803 E1120.56602
G1 X101.354 Y100.547 E1120.77263
G1 X100.024 Y100.015 E1121.24907
G1 X99.7 Y99.899 E1121.36353
G1 X99.684 Y100.403 E1121.53124
G1 X99.56 Y101.066 E1121.75558
G1 X99.352 Y101.597 E1121.94526
G1 X99.105 Y102.045 E1122.11541
G1 X98.774 Y102.464 E1122.29301
G1 X98.508 Y102.746 E1122.42194
G1 X98.123 Y103.051 E1122.58531
G1 X104.943 Y102.396 E1124.86409
G0 F9000 X103.005 Y102.05
G0 X106.705 Y102.293
G1 F1664.8 X108.826 Y102.061 E1125.50349
G1 F1599.1 X109.228 Y102.013 E1125.62979
G1 F1565.8 X109.63 Y101.964 E1125.75883
G1 F1533.7 X110.032 Y101.915 E1125.89056
G1 F1501.5 X110.434 Y101.867 E1126.02508
G1 F1472 X110.836 Y101.818 E1126.16234
G1 F1443.7 X111.238 Y101.769 E1126.30229
G1 F1416.4 X111.64 Y101.721 E1126.44489
G1 F1390.2 X112.042 Y101.672 E1126.59022
G1 F1364.9 X112.444 Y101.623 E1126.73825
G1 F1339.3 X112.846 Y101.575 E1126.88907
G1 F1315.8 X113.248 Y101.526 E1127.04262
G1 F1293.1 X113.651 Y101.477 E1127.19925
G1 F1271.2 X114.053 Y101.429 E1127.35814
G1 F1250 X114.455 Y101.38 E1127.51978
G1 F1229.5 X114.857 Y101.331 E1127.68411
G1 F1208.7 X115.259 Y101.283 E1127.85121
G1 F1189.5 X115.661 Y101.234 E1128.02107
G1 F1171 X116.063 Y101.185 E1128.19361
G1 F1153 X116.465 Y101.137 E1128.3688
G1 F1135.5 X116.867 Y101.088 E1128.54673
G1 F1118.6 X117.269 Y101.039 E1128.72736
G1 F1101.3 X117.671 Y100.991 E1128.91076
G1 F1085.4 X118.073 Y100.942 E1129.09691
G1 F1069.9 X118.476 Y100.893 E1129.28621
G1 F1052.6 X118.693 Y100.861 E1129.39017
G0 F9000 X118.708 Y100.863
G1 F1235.6 X119.375 Y100.942 E1129.66137
G1 F1401.9 X120.065 Y100.948 E1129.90694
G1 F1500 X122.987 Y100.666 E1130.88332
G1 X123.414 Y99.571 E1131.27423
G1 X122.872 Y99.357 E1131.46804
G1 X122.617 Y99.183 E1131.57072
G1 X122.277 Y98.863 E1131.72601
G1 X122.025 Y98.501 E1131.87271
G1 X121.87 Y98.192 E1131.98769
G1 F1351.4 X121.426 Y97.522 E1132.28443
G1 F1196.2 X121.28 Y97.327 E1132.38603
G1 F1171 X121.1 Y96.975 E1132.55448
G1 F1168.2 X120.858 Y96.55 E1132.76334
G1 F1245.8 X120.613 Y95.972 E1133.01474
G1 F1421.8 X120.253 Y95.331 E1133.27271
G1 F1500 X119.827 Y94.751 E1133.51206
G1 X119.355 Y94.188 E1133.75641
G1 X118.159 Y92.894 E1134.34248
G1 X117.579 Y92.309 E1134.61647
G1 X117.581 Y93.131 E1134.88987
G1 X117.53 Y94.554 E1135.36346
G1 X117.428 Y95.621 E1135.71997
G1 X117.262 Y96.827 E1136.12487
G1 X118.678 Y96.862 E1136.59597
G1 X119.022 Y96.935 E1136.71294
G1 F1421.8 X119.431 Y97.081 E1136.86532
G1 F1245.8 X119.806 Y97.302 E1137.03963
G1 F1168.2 X119.981 Y97.578 E1137.1792
G1 F1171 X120.101 Y97.835 E1137.30004
G1 F1206.8 X120.112 Y98.066 E1137.39565
G1 F1366.1 X120.14 Y98.755 E1137.64748
G1 F1500 X120.165 Y99.017 E1137.73502
G1 X120.13 Y99.348 E1137.84572
G1 X119.987 Y99.736 E1137.98326
G1 X119.692 Y100.122 E1138.14484
G1 F1401.9 X119.262 Y100.481 E1138.34419
G1 F1235.6 X118.708 Y100.863 E1138.61591
G1 F2700 E1129.61591
G0 F9000 X120.138 Y100.402
G0 X87.944 Y104.492
G0 X87.357 Y104.722
G0 X86.784 Y105.161
G0 X86.469 Y105.595
G0 X86.215 Y106.17
G0 X86.115 Y106.897
G0 X86.227 Y107.641
G0 X86.551 Y108.254
G0 X86.848 Y108.607
G0 X87.224 Y108.909
G0 X87.724 Y109.143
G0 X114.696 Y116.521
G1 F2700 E1138.61591
G1 F1500 X115.099 Y116.743 E1138.76894
G1 X115.517 Y117.048 E1138.94104
G1 X115.881 Y117.4 E1139.10946
G1 X116.205 Y117.801 E1139.28092
G1 X116.495 Y118.281 E1139.46745
G1 X116.643 Y118.574 E1139.57663
G1 X116.825 Y119.014 E1139.735
G1 X116.998 Y119.576 E1139.93058
G1 X117.082 Y119.92 E1140.04835
G1 X117.167 Y120.386 E1140.2059
G1 X117.225 Y120.842 E1140.35879
G1 X117.276 Y121.808 E1140.68053
G1 X117.253 Y122.699 E1140.97698
G1 X117.169 Y123.502 E1141.24551
G1 X117.053 Y124.208 E1141.48348
G1 X116.9 Y124.894 E1141.71725
G1 X116.731 Y125.499 E1141.92618
G1 X116.54 Y126.057 E1142.12234
G1 X115.819 Y127.836 E1142.76078
G1 X116.596 Y127.302 E1143.07436
G1 X117.345 Y126.738 E1143.38621
G1 X118.161 Y126.08 E1143.73486
G1 X119.035 Y125.312 E1144.12184
G1 X119.905 Y124.471 E1144.52429
G1 X120.771 Y123.531 E1144.94939
G1 X121.591 Y122.547 E1145.37542
G1 X122.346 Y121.559 E1145.78899
G1 X122.974 Y120.689 E1146.14586
G1 X123.917 Y119.272 E1146.71198
G1 X124.286 Y118.678 E1146.94457
G1 X125.028 Y117.438 E1147.42519
G1 X123.934 Y115.718 E1148.10318
G1 X123.624 Y116.198 E1148.29323
G1 X123.47 Y116.396 E1148.37666
G1 X123.138 Y116.752 E1148.53856
G1 X122.752 Y117.103 E1148.71209
G1 X122.294 Y117.4 E1148.89365
G1 X121.975 Y117.568 E1149.01356
G1 X121.544 Y117.728 E1149.16647
G1 X121.276 Y117.8 E1149.25877
G1 X120.852 Y117.871 E1149.40176
G1 X120.6 Y117.892 E1149.48586
G1 X120.101 Y117.885 E1149.65185
G1 X119.734 Y117.833 E1149.77513
G1 X114.696 Y116.521 E1151.50666
G1 F2700 E1142.50666
G0 F9000 X119.798 Y117.357
G0 X120.307 Y115.729
G0 X123.824 Y111.555
G0 X130.715 Y107.444
G0 X132.117 Y106.529
G0 X132.801 Y103.259
G0 X134.273 Y104.139
;TYPE:WALL-OUTER
G1 F2700 E1151.50666
G1 F1500 X134.523 Y104.119 E1151.59008
G1 X134.715 Y104.196 E1151.65888
G1 X136.556 Y105.588 E1152.42653
G1 X137.877 Y103.863 E1153.14918
G1 X138.004 Y103.769 E1153.20173
G1 X138.173 Y103.715 E1153.26074
G1 X138.423 Y103.747 E1153.34457
G1 X140.319 Y104.654 E1154.04362
G1 X141.387 Y102.66 E1154.79597
G1 F1491.1 X141.532 Y102.523 E1154.86272
G1 F1339.3 X141.886 Y102.354 E1155.00884
G1 F1273.3 X143.842 Y102.965 E1155.81173
G1 F1327.4 X144.194 Y103.067 E1155.94947
G1 X144.915 Y102.217 E1156.36838
G1 X144.395 Y101.976 E1156.58379
G1 F1308.9 X143.645 Y101.682 E1156.89084
G1 F1264.8 X142.564 Y101.294 E1157.34389
G1 F1231.5 X142.184 Y101.171 E1157.50569
G1 F1277.7 X141.762 Y100.969 E1157.68838
G1 F1407.1 X141.34 Y100.766 E1157.85441
G1 F1491.1 X140.66 Y100.557 E1158.09244
G1 F1500 X140.074 Y100.399 E1158.29431
G1 X138.284 Y100.019 E1158.90293
G1 X135.896 Y99.57 E1159.7111
G1 X133.729 Y99.19 E1160.44285
G1 X132.419 Y99.001 E1160.88306
G1 X132.113 Y99.091 E1160.98915
G1 X131.892 Y99.262 E1161.08209
G1 X129.551 Y103.526 E1162.69998
G1 X132.133 Y107.491 E1164.27372
G1 X134.006 Y104.355 E1165.48863
G1 X134.125 Y104.22 E1165.54848
G1 X134.273 Y104.139 E1165.6046
G0 F9000 X132.801 Y103.259
G0 X132.079 Y104.562
G0 X132.097 Y105.602
;TYPE:WALL-INNER
G1 F1500 X133.148 Y103.842 E1166.28641
G1 X133.504 Y103.436 E1166.466
G1 X133.948 Y103.193 E1166.63435
G1 X134.348 Y103.105 E1166.77057
G1 X134.695 Y103.134 E1166.88638
G1 X134.981 Y103.213 E1166.98507
G1 X135.271 Y103.365 E1167.09397
G1 X136.365 Y104.19 E1167.5497
G1 X137.137 Y103.183 E1167.97173
G1 X137.54 Y102.883 E1168.13883
G1 F1363.6 X138.035 Y102.625 E1168.34306
G1 F1189.5 X138.296 Y102.551 E1168.45684
G1 F1141.6 X138.58 Y102.594 E1168.58237
G1 X138.857 Y102.67 E1168.7079
G1 F1113.6 X139.214 Y102.81 E1168.8797
G1 F1094.1 X139.806 Y103.094 E1169.17911
G1 X140.3 Y102.168 E1169.65769
G1 X140.439 Y101.95 E1169.77559
G1 X140.626 Y101.783 E1169.88991
G1 X139.782 Y101.548 E1170.28941
G1 X139.652 Y101.521 E1170.34996
G1 F1113.6 X139.241 Y101.409 E1170.54081
G1 F1141.6 X138.851 Y101.318 E1170.71583
G1 X138.456 Y101.242 E1170.89162
G1 F1189.5 X138.098 Y101.102 E1171.05285
G1 F1363.6 X137.234 Y100.838 E1171.38338
G1 F1500 X135.723 Y100.555 E1171.89468
G1 X133.551 Y100.175 E1172.62806
G1 X132.606 Y100.039 E1172.94561
G1 X130.717 Y103.482 E1174.25178
G1 X132.097 Y105.602 E1175.09313
G0 F9000 X131.657 Y103.42
G1 F2700 E1166.09313
G0 F9000 X134.145 Y103.101
G0 X136.462 Y104.874
G0 X138.715 Y106.56
G0 X139.739 Y108.037
G0 X141.22 Y106.801
;TYPE:WALL-OUTER
G1 F2700 E1175.09313
G1 F1374.9 X140.758 Y106.79 E1175.26082
G1 F1500 X138.644 Y105.788 E1176.03892
G1 X137.154 Y107.779 E1176.86604
G1 X136.978 Y107.914 E1176.93981
G1 X136.837 Y107.956 E1176.98875
G1 X136.562 Y107.931 E1177.08059
G1 X134.834 Y106.636 E1177.79881
G1 X133.232 Y109.222 E1178.81058
G1 X128.115 Y117.915 E1182.1656
G1 X127.524 Y118.948 E1182.56144
G1 X127.443 Y119.238 E1182.66158
G1 X127.746 Y119.324 E1182.76634
G1 X128.047 Y119.303 E1182.8667
G1 X128.729 Y119.185 E1183.0969
G1 X129.646 Y118.952 E1183.41159
G1 X130.926 Y118.581 E1183.85484
G1 X132.384 Y118.126 E1184.36284
G1 X133.794 Y117.659 E1184.85686
G1 X135.905 Y116.923 E1185.60043
G1 X138.002 Y116.089 E1186.35103
G1 X139.508 Y115.457 E1186.89425
G1 X140.946 Y114.82 E1187.41736
G1 X142.457 Y114.117 E1187.97165
G1 X143.078 Y113.813 E1188.20161
G1 X143.724 Y113.468 E1188.4452
G1 X144.298 Y113.141 E1188.66491
G1 X144.875 Y112.79 E1188.88954
G1 X146.037 Y112.018 E1189.35355
G1 X147.159 Y111.194 E1189.81655
G1 X148.288 Y110.306 E1190.29429
G1 X148.812 Y109.866 E1190.52187
G1 X149.323 Y109.406 E1190.75055
G1 X149.767 Y108.976 E1190.95613
G1 X150.179 Y108.538 E1191.15613
G1 X150.509 Y108.133 E1191.32989
G1 X150.723 Y107.828 E1191.45381
G1 X150.864 Y107.493 E1191.5747
G1 X150.927 Y107.245 E1191.6598
G1 X150.962 Y106.942 E1191.76125
G1 X150.887 Y106.536 E1191.89857
G1 X150.665 Y106.147 E1192.04754
G1 X150.507 Y105.936 E1192.13522
G1 X150.25 Y105.647 E1192.26385
G1 X149.92 Y105.328 E1192.4165
G1 X149.477 Y104.953 E1192.60955
G1 X148.741 Y104.412 E1192.91336
G1 X148.08 Y103.965 E1193.17876
G1 X146.684 Y103.111 E1193.72306
G1 X144.943 Y105.064 E1194.59326
G1 X144.621 Y105.162 E1194.70521
G1 X142.466 Y104.549 E1195.4504
G1 F1488.1 X141.646 Y106.015 E1196.01356
G1 F1356.2 X141.344 Y106.707 E1196.2913
G1 F1260.5 X141.22 Y106.801 E1196.35289
G1 F2700 E1187.35289
G0 F9000 X139.739 Y108.037
G0 X139.055 Y109.344
G0 X138.367 Y112.156
G0 X140.421 Y112.306
G0 X140.485 Y110.569
G1 F2700 E1196.35289
G1 F1500 X140.391 Y110.429 E1196.40897
G1 X140.348 Y110.197 E1196.48745
G1 X140.409 Y109.983 E1196.56146
G1 X140.823 Y109.23 E1196.84727
G1 X141.045 Y108.899 E1196.97983
G1 F1443.7 X141.544 Y108.272 E1197.25675
G1 F1344.1 X142.043 Y107.645 E1197.55419
G1 F1319.3 X142.447 Y107.453 E1197.72334
G1 F1405.8 X142.873 Y107.286 E1197.88573
G1 F1488.1 X143.418 Y107.114 E1198.07733
G1 F1500 X143.894 Y107.02 E1198.2387
G1 X144.246 Y106.991 E1198.35617
G1 X144.583 Y107.008 E1198.4684
G1 X144.952 Y107.059 E1198.5923
G1 X145.243 Y107.123 E1198.6914
G1 X145.601 Y107.227 E1198.81539
G1 X146.514 Y107.587 E1199.14181
G1 X146.655 Y107.721 E1199.20651
G1 X146.729 Y107.861 E1199.25918
G1 X146.752 Y108.095 E1199.33738
G1 X146.706 Y108.245 E1199.38957
G1 X146.595 Y108.392 E1199.45083
G1 X145.532 Y109.368 E1199.93081
G1 X144.804 Y109.821 E1200.21599
G1 X144.073 Y110.207 E1200.49094
G1 X143.678 Y110.383 E1200.63477
G1 X143.213 Y110.548 E1200.79888
G1 X142.788 Y110.647 E1200.94402
G1 X142.361 Y110.711 E1201.08762
G1 X142.017 Y110.739 E1201.20242
G1 X141.612 Y110.748 E1201.33715
G1 X140.735 Y110.721 E1201.62898
G1 X140.485 Y110.569 E1201.7263
G0 F9000 X140.421 Y112.306
G0 X142.157 Y112.253
G0 X142.959 Y112.158
G0 X144.218 Y111.614
;TYPE:WALL-INNER
G1 F911.9 X144.678 Y111.359 E1202.01406
G1 F960.9 X145.359 Y110.954 E1202.42543
G1 F994.7 X146.307 Y110.313 E1202.9994
G1 F983 X147.461 Y109.332 E1203.76815
G1 F1026 X147.777 Y109.189 E1203.93681
G1 F1176.5 X148.094 Y109.045 E1204.08446
G1 F1376.1 X148.614 Y108.7 E1204.31069
G1 F1500 X149.067 Y108.261 E1204.52051
G1 X149.426 Y107.879 E1204.69486
G1 X149.819 Y107.397 E1204.90171
G1 X149.913 Y107.175 E1204.98189
G1 X149.96 Y106.928 E1205.06552
G1 X149.795 Y106.641 E1205.17563
G1 X149.469 Y106.272 E1205.33939
G1 F1420.5 X149.235 Y106.135 E1205.43463
G1 F1348.9 X149.186 Y106.09 E1205.45924
G1 F1231.5 X148.779 Y105.883 E1205.64421
G1 F1132.1 X148.735 Y105.849 E1205.66872
G1 F1077.6 X148.468 Y105.737 E1205.80277
G1 F1034.5 X148.031 Y105.406 E1206.06716
G1 F1025.3 X146.923 Y104.711 E1206.70359
G1 F1012.1 X145.798 Y105.969 E1207.53546
G1 F1016.9 X146.894 Y106.409 E1208.11486
G1 F1030.2 X147.223 Y106.599 E1208.29884
G1 F1034.5 X147.508 Y106.828 E1208.47516
G1 F1077.6 X147.58 Y107.019 E1208.56967
G1 F1231.5 X147.642 Y107.314 E1208.69178
G1 F1420.5 X147.675 Y107.535 E1208.77026
G1 F1500 X147.745 Y107.832 E1208.87175
G1 X147.742 Y108.235 E1209.0058
G1 F1376.1 X147.685 Y108.725 E1209.18464
G1 F1176.5 X147.573 Y109.028 E1209.32163
G1 F1026 X147.461 Y109.332 E1209.47916
G0 F9000 X148.057 Y108.489
G0 X148.228 Y107.717
G0 X147.422 Y106.287
G0 X146.336 Y105.844
G0 X144.707 Y106.082
G1 F1736.1 X144.579 Y106.076 E1209.51599
G1 F1589 X143.87 Y106.002 E1209.7398
G1 F1286.4 X143.259 Y105.97 E1209.97708
G1 F1105.4 X143.049 Y105.967 E1210.07187
G0 F9000 X141.655 Y107.33
G0 X130.353 Y117.148
G0 X129.204 Y118.033
G1 F1500 X130.629 Y117.626 E1210.56478
G1 X132.07 Y117.176 E1211.06689
G1 X133.465 Y116.715 E1211.55555
G1 X135.555 Y115.986 E1212.29176
G1 X137.652 Y115.151 E1213.04248
G1 X139.104 Y114.543 E1213.56605
G1 X140.525 Y113.913 E1214.08304
G1 X142.019 Y113.218 E1214.63108
G1 X142.608 Y112.93 E1214.84915
G1 X143.406 Y112.499 E1215.1508
G1 F1392.8 X143.739 Y112.202 E1215.31064
G1 F1206.8 X143.898 Y112.006 E1215.41498
G1 F1055.6 X144.058 Y111.81 E1215.53456
G1 F938.1 X144.218 Y111.614 E1215.66912
G1 F941.6 X143.929 Y111.617 E1215.82225
G1 F1069.1 X143.64 Y111.621 E1215.95712
G1 F1214.6 X143.448 Y111.603 E1216.03634
G1 F1387.6 X143.058 Y111.612 E1216.17659
G1 F1500 X142.442 Y111.708 E1216.38395
G1 X142.098 Y111.736 E1216.49874
G1 X141.581 Y111.748 E1216.67074
G1 X140.801 Y111.723 E1216.93031
G1 X140.387 Y111.653 E1217.06996
G1 X140.028 Y111.481 E1217.20236
G1 X139.76 Y111.258 E1217.31832
G1 X139.519 Y110.953 E1217.44761
G1 X139.36 Y110.495 E1217.60886
G1 X139.35 Y110.144 E1217.72565
G1 F1391.5 X139.323 Y109.818 E1217.84293
G1 F1213.6 X139.335 Y109.372 E1218.02635
G1 F1098.9 X139.741 Y108.687 E1218.38786
G1 F1063.1 X140.106 Y108.147 E1218.69374
G1 F1066.9 X140.301 Y107.905 E1218.83908
G1 X139.017 Y107.298 E1219.50324
G1 X138.672 Y107.759 E1219.77251
G1 F1043.1 X138.124 Y108.544 E1220.23039
G1 F1141.6 X137.71 Y108.726 E1220.42804
G1 F1391.5 X136.974 Y108.947 E1220.70357
G1 F1500 X136.652 Y108.956 E1220.81071
G1 X136.307 Y108.888 E1220.92766
G1 X135.868 Y108.661 E1221.09204
G1 X135.109 Y108.091 E1221.40774
G1 X134.093 Y109.73 E1222.04912
G1 X129.204 Y118.033 E1225.25389
;MESH:NONMESH
G0 F300 X129.204 Y118.033 Z3.6
G0 F9000 X130.353 Y117.148
G0 X134.108 Y110.894
G0 X132.481 Y109.936
;TIME_ELAPSED:285.956296
;LAYER:4
;TYPE:WALL-OUTER
;MESH:sharkz.stl
G1 F1500 X132.341 Y109.907 E1225.30144
G1 X132.125 Y109.758 E1225.38872
G1 X125.008 Y98.776 E1229.7413
G1 X124.948 Y98.619 E1229.7972
G1 X124.2 Y98.648 E1230.04617
G1 X123.812 Y98.645 E1230.17522
G1 X123.512 Y98.572 E1230.27792
G1 X123.106 Y98.324 E1230.43615
G1 X122.821 Y97.861 E1230.61698
G1 X122.422 Y97.032 E1230.92298
G1 X121.862 Y95.993 E1231.31556
G1 X121.494 Y95.389 E1231.5508
G1 X121.058 Y94.736 E1231.81195
G1 X120.614 Y94.133 E1232.06101
G1 X120.124 Y93.547 E1232.31507
G1 X118.869 Y92.19 E1232.92984
G1 X117.827 Y91.141 E1233.42162
G1 X117.445 Y90.784 E1233.59552
G1 X117.06 Y90.451 E1233.76482
G1 X116.541 Y90.053 E1233.98236
G1 X116.577 Y91.715 E1234.53527
G1 X116.581 Y93.134 E1235.00723
G1 X116.534 Y94.46 E1235.44854
G1 X116.436 Y95.49 E1235.79267
G1 X116.297 Y96.546 E1236.14692
G1 X116.068 Y97.802 E1236.57156
G1 X118.586 Y97.858 E1237.40925
G1 X118.827 Y97.946 E1237.49459
G1 X119.011 Y98.152 E1237.58646
G1 X119.16 Y98.96 E1237.85973
G1 X119.153 Y99.135 E1237.91798
G1 X119.007 Y99.393 E1238.01658
G1 X118.855 Y99.491 E1238.07673
G1 X118.369 Y99.686 E1238.2509
G1 X108.709 Y101.105 E1241.49831
G1 X106.668 Y101.355 E1242.18222
G1 F1401.9 X106.346 Y101.465 E1242.30332
G1 F1237.6 X106.023 Y101.575 E1242.44087
G1 F1109.5 X105.7 Y101.685 E1242.59431
G1 F1046 X105.501 Y101.694 E1242.68932
G1 F1227.5 X105.095 Y101.407 E1242.8914
G1 F1500 X105.002 Y101.383 E1242.92334
G1 X104.624 Y101.247 E1243.05695
G1 X102.869 Y100.168 E1243.74217
G1 X102.357 Y99.902 E1243.93407
G1 X101.771 Y99.637 E1244.14798
G1 X100.383 Y99.081 E1244.64529
G1 X99.055 Y98.61 E1245.11394
G1 X98.421 Y98.412 E1245.33485
G1 X98.575 Y98.974 E1245.52867
G1 X98.658 Y99.399 E1245.67269
G1 X98.698 Y99.779 E1245.79978
G1 X98.68 Y100.337 E1245.98547
G1 X98.582 Y100.82 E1246.14939
G1 X98.43 Y101.199 E1246.2852
G1 X98.246 Y101.52 E1246.40826
G1 X98.045 Y101.779 E1246.51731
G1 X97.857 Y101.979 E1246.6086
G1 F1472 X97.48 Y102.31 E1246.77863
G1 F1403.2 X97.44 Y102.376 E1246.80607
G1 F1243.8 X97.071 Y102.692 E1247.00094
G1 F1157.4 X95.06 Y102.926 E1247.87363
G1 F1186.7 X93.048 Y103.16 E1248.7252
G1 F1182 X92.059 Y103.219 E1249.14337
G1 F1198.1 X91.818 Y103.137 E1249.24937
G1 F1304.3 X91.48 Y102.978 E1249.39225
G1 F1399.3 X91.452 Y102.957 E1249.40473
G1 F1456.3 X89.847 Y102.362 E1249.99113
G1 F1500 X88.896 Y102.063 E1250.3227
G1 X88.187 Y101.865 E1250.56754
G1 X88.453 Y102.45 E1250.78128
G1 X88.499 Y102.907 E1250.93405
G1 X88.464 Y103.14 E1251.01241
G1 F1434 X88.257 Y103.435 E1251.13779
G1 F1297.6 X87.814 Y103.741 E1251.3448
G1 F1235.6 X87.653 Y103.785 E1251.41219
G1 F1315.8 X87.038 Y103.776 E1251.64541
G1 F1447.9 X86.603 Y103.784 E1251.79532
G1 F1500 X84.001 Y104.031 E1252.66464
G1 X83.674 Y104.032 E1252.7734
G1 X83.144 Y103.978 E1252.95059
G1 X82.69 Y103.878 E1253.10521
G1 X82.362 Y103.766 E1253.22049
G1 X82.027 Y103.617 E1253.34244
G1 X81.637 Y103.367 E1253.49651
G1 X80.994 Y102.765 E1253.78948
G1 X80.423 Y102.275 E1254.03973
G1 X79.746 Y101.768 E1254.32105
G1 X78.074 Y100.642 E1254.99151
G1 X77.03 Y100.01 E1255.39741
G1 X76.469 Y99.704 E1255.60995
G1 X75.888 Y99.418 E1255.82534
G1 X75.518 Y99.272 E1255.95764
G1 X75.225 Y99.172 E1256.06061
G1 X74.701 Y99.041 E1256.24025
G1 X73.782 Y98.918 E1256.54864
G1 X72.998 Y98.845 E1256.81053
G1 X72.851 Y98.847 E1256.85942
G1 X74.035 Y99.894 E1257.38511
G1 X74.858 Y100.738 E1257.77719
G1 X76.151 Y102.206 E1258.42784
G1 X76.919 Y103.22 E1258.85092
G1 X77.624 Y104.203 E1259.25325
G1 X78.198 Y105.089 E1259.60438
G1 X78.402 Y105.457 E1259.74432
G1 X78.679 Y106.071 E1259.96836
G1 X78.7 Y106.623 E1260.15209
G1 X78.65 Y107.073 E1260.30268
G1 X78.561 Y107.487 E1260.44352
G1 X78.407 Y107.982 E1260.61595
G1 X78.23 Y108.471 E1260.78891
G1 X77.777 Y109.49 E1261.15982
G1 X77.249 Y110.51 E1261.54183
G1 X76.639 Y111.574 E1261.94975
G1 X76.012 Y112.596 E1262.34854
G1 X75.419 Y113.514 E1262.71203
G1 X75.153 Y113.958 E1262.88418
G1 X74.857 Y114.399 E1263.06083
G1 X74.528 Y114.84 E1263.24383
G1 X73.979 Y115.513 E1263.5327
G1 X73.283 Y116.245 E1263.86865
G1 X72.679 Y116.835 E1264.14948
G1 X72.603 Y116.994 E1264.2081
G1 X72.744 Y118.324 E1264.65294
G1 F1404.5 X72.619 Y118.74 E1264.80723
G1 F1318.1 X72.507 Y118.819 E1264.85911
G1 F1366.1 X72.236 Y118.844 E1264.9585
G1 F1457.7 X71.192 Y118.809 E1265.316
G1 F1500 X70.484 Y118.803 E1265.5515
G1 X69.497 Y121.757 E1266.58739
G1 X71.641 Y120.646 E1267.39054
G1 F1457.7 X72.55 Y120.132 E1267.74794
G1 F1388.9 X73.132 Y119.767 E1267.99471
G1 F1425.9 X74.228 Y119.248 E1268.41902
G1 F1500 X74.809 Y118.895 E1268.64513
G1 X75.812 Y118.208 E1269.04948
G1 X77 Y117.335 E1269.53983
G1 X77.618 Y116.849 E1269.80132
G1 X78.234 Y116.34 E1270.0671
G1 X78.937 Y115.713 E1270.3804
G1 X79.598 Y115.094 E1270.6816
G1 X80.257 Y114.423 E1270.99441
G1 X80.943 Y113.678 E1271.33124
G1 X83.26 Y111.016 E1272.50504
G1 X83.692 Y110.56 E1272.71396
G1 X84.104 Y110.199 E1272.89615
G1 X84.428 Y109.993 E1273.02385
G1 X84.769 Y109.838 E1273.14843
G1 X85.159 Y109.722 E1273.28376
G1 X85.51 Y109.668 E1273.40188
G1 X85.822 Y109.652 E1273.50579
G1 X86.167 Y109.656 E1273.62054
G1 F1439.5 X87.282 Y109.732 E1274.00787
G1 F1358.7 X87.583 Y109.777 E1274.11962
G1 F1333.3 X87.918 Y109.88 E1274.25076
G1 F1314.6 X88.279 Y110.014 E1274.39689
G1 F1334.5 X88.551 Y110.214 E1274.52311
G1 F1434 X89.104 Y110.83 E1274.8111
G1 F1500 X89.316 Y111.079 E1274.91987
G1 X89.524 Y111.354 E1275.03455
G1 X89.749 Y111.71 E1275.17463
G1 X89.907 Y112.037 E1275.29542
G1 X90.107 Y112.589 E1275.49069
G1 X90.274 Y113.163 E1275.68952
G1 X90.376 Y113.666 E1275.86023
G1 X90.43 Y114.068 E1275.99513
G1 X90.661 Y114.111 E1276.07328
G1 X92.011 Y113.677 E1276.54493
G1 X94.68 Y112.872 E1277.47214
G1 X95.297 Y112.732 E1277.68257
G1 X95.895 Y112.649 E1277.88337
G1 F1420.5 X96.383 Y112.561 E1278.05754
G1 F1329.8 X96.42 Y112.545 E1278.07266
G1 F1230.5 X96.864 Y112.47 E1278.25523
G1 F1141.6 X96.923 Y112.451 E1278.28231
G1 F1148.5 X97.685 Y112.548 E1278.61598
G1 F1166.4 X102.097 Y113.691 E1280.5654
G1 F1151.2 X111.497 Y116.164 E1284.77779
G1 F1139.8 X112.311 Y116.397 E1285.14839
G1 F1122.8 X112.845 Y116.574 E1285.39837
G1 F1093.3 X113.456 Y116.798 E1285.69534
G1 F1183 X113.982 Y117.189 E1285.97175
G1 F1336.9 X114.004 Y117.221 E1285.98624
G1 F1425.9 X114.587 Y117.608 E1286.23108
G1 F1500 X114.892 Y117.836 E1286.35774
G1 X115.166 Y118.106 E1286.48568
G1 X115.402 Y118.405 E1286.61237
G1 X115.603 Y118.733 E1286.74032
G1 X115.769 Y119.066 E1286.86408
G1 X115.897 Y119.386 E1286.97871
G1 X116.026 Y119.813 E1287.12707
G1 X116.117 Y120.19 E1287.25606
G1 X116.185 Y120.581 E1287.38806
G1 X116.236 Y121.001 E1287.52878
G1 X116.276 Y121.749 E1287.77792
G1 X116.258 Y122.599 E1288.06069
G1 X116.182 Y123.341 E1288.30878
G1 X116.068 Y124.034 E1288.54237
G1 X115.935 Y124.629 E1288.74515
G1 X115.783 Y125.18 E1288.93526
G1 X115.612 Y125.683 E1289.11196
G1 X114.997 Y127.21 E1289.65948
G1 X114.652 Y128.031 E1289.95568
G1 X113.806 Y129.894 E1290.63621
G1 X114.318 Y129.74 E1290.81404
G1 X114.823 Y129.542 E1290.99445
G1 X115.588 Y129.176 E1291.27651
G1 X116.052 Y128.889 E1291.45798
G1 X117.18 Y128.114 E1291.91317
G1 X117.973 Y127.517 E1292.24331
G1 X118.805 Y126.845 E1292.59902
G1 X119.713 Y126.048 E1293.00086
G1 X120.621 Y125.17 E1293.42096
G1 X121.523 Y124.19 E1293.86396
G1 X122.373 Y123.171 E1294.30531
G1 X123.156 Y122.145 E1294.73458
G1 X123.796 Y121.259 E1295.09811
G1 X124.764 Y119.802 E1295.67991
G1 X125.122 Y119.227 E1295.90519
G1 X126.004 Y117.753 E1296.47651
G1 X123.69 Y114.119 E1297.90943
G1 X123.072 Y115.211 E1298.32676
G1 X122.833 Y115.573 E1298.47103
G1 X122.578 Y115.894 E1298.60738
G1 X122.26 Y116.207 E1298.75579
G1 X122.013 Y116.399 E1298.85984
G1 X121.717 Y116.579 E1298.97507
G1 X121.273 Y116.785 E1299.13786
G1 X120.646 Y116.892 E1299.34942
G1 X120.181 Y116.888 E1299.50408
G1 X119.911 Y116.849 E1299.59482
G1 X115.306 Y115.648 E1301.17768
G1 F1425.9 X114.678 Y115.537 E1301.40082
G1 F1274.4 X114.306 Y115.515 E1301.5467
G1 F1133.8 X113.933 Y115.493 E1301.71112
G1 F1104.6 X112.627 Y115.114 E1302.32534
G1 F1140.7 X107.524 Y113.775 E1304.6328
G1 F1151.2 X102.421 Y112.436 E1306.9192
G1 F1169.1 X98.089 Y111.339 E1308.82614
G1 F1152.1 X97.144 Y111.138 E1309.24452
G1 F1225.5 X96.536 Y110.872 E1309.51469
G1 F1420.5 X96.072 Y110.697 E1309.68887
G1 F1500 X90.026 Y109.187 E1311.76154
G1 F1470.6 X89.383 Y109.046 E1311.98486
G1 F1366.1 X88.654 Y108.925 E1312.25474
G1 F1315.8 X87.95 Y108.722 E1312.53254
G1 F1369.9 X87.551 Y108.503 E1312.69831
G1 F1428.6 X87.087 Y108.101 E1312.91271
G1 F1464.8 X86.697 Y107.373 E1313.19399
G1 F1488.1 X86.669 Y106.682 E1313.42585
G1 F1500 X86.77 Y106.164 E1313.60138
G1 F1450.7 X87.138 Y105.557 E1313.8455
G1 F1358.7 X87.673 Y105.097 E1314.10458
G1 F1294.2 X88.053 Y104.9 E1314.26958
G1 F1320.4 X88.699 Y104.91 E1314.51369
G1 F1434 X89.742 Y104.856 E1314.87704
G1 F1456.3 X91.241 Y104.682 E1315.39401
G1 F1277.7 X92.008 Y104.494 E1315.70237
G1 F1173.7 X92.303 Y104.478 E1315.82795
G1 F1192.4 X93.223 Y104.398 E1316.21434
G1 F1186.7 X95.264 Y104.187 E1317.07697
G1 F1157.4 X97.306 Y103.976 E1317.96186
G1 F1206.8 X97.74 Y104.002 E1318.14161
G1 F1356.2 X98.174 Y104.029 E1318.30157
G1 F1472 X98.603 Y104.007 E1318.44715
G1 F1500 X105.037 Y103.391 E1320.5969
G1 F1227.5 X105.459 Y103.127 E1320.79921
G1 F1046 X105.852 Y103.1 E1320.98709
G1 F1109.5 X106.191 Y103.138 E1321.14049
G1 F1237.6 X106.531 Y103.177 E1321.27845
G1 F1401.9 X106.87 Y103.216 E1321.39989
G1 F1500 X123.066 Y101.668 E1326.81125
G1 X123.268 Y101.726 E1326.88115
G1 X123.452 Y101.896 E1326.96447
G1 X130.672 Y113.031 E1331.37839
G1 X130.741 Y113.198 E1331.43848
G1 X130.736 Y113.467 E1331.52797
G1 X128.115 Y117.916 E1333.24541
G1 X127.527 Y118.942 E1333.63872
G1 X127.438 Y119.237 E1333.74121
G1 X127.753 Y119.325 E1333.84999
G1 X128.047 Y119.303 E1333.94805
G1 X128.729 Y119.185 E1334.17825
G1 X129.646 Y118.952 E1334.49294
G1 X130.926 Y118.581 E1334.93619
G1 X132.383 Y118.127 E1335.44377
G1 X133.795 Y117.659 E1335.93853
G1 X135.905 Y116.923 E1336.68179
G1 X138.002 Y116.089 E1337.43239
G1 X139.508 Y115.457 E1337.9756
G1 X140.946 Y114.82 E1338.49871
G1 X142.457 Y114.117 E1339.053
G1 X143.078 Y113.813 E1339.28297
G1 X143.724 Y113.468 E1339.52655
G1 X144.314 Y113.131 E1339.75254
G1 X144.883 Y112.786 E1339.97386
G1 X146.037 Y112.018 E1340.43491
G1 X147.159 Y111.194 E1340.89791
G1 X148.288 Y110.306 E1341.37566
G1 X148.812 Y109.866 E1341.60323
G1 X149.323 Y109.406 E1341.83191
G1 X149.767 Y108.976 E1342.03749
G1 X150.179 Y108.538 E1342.23749
G1 X150.509 Y108.133 E1342.41125
G1 X150.722 Y107.829 E1342.53471
G1 X150.86 Y107.496 E1342.6546
G1 X150.927 Y107.237 E1342.74358
G1 X150.965 Y106.935 E1342.84482
G1 X150.887 Y106.541 E1342.9784
G1 X150.668 Y106.147 E1343.12833
G1 X150.509 Y105.938 E1343.21567
G1 X150.25 Y105.647 E1343.34525
G1 X149.92 Y105.328 E1343.4979
G1 X149.477 Y104.953 E1343.69095
G1 X148.741 Y104.412 E1343.99476
G1 X148.08 Y103.965 E1344.26016
G1 X146.684 Y103.111 E1344.80446
G1 X144.943 Y105.064 E1345.67466
G1 X144.621 Y105.162 E1345.78661
G1 X142.466 Y104.549 E1346.5318
G1 F1488.1 X141.646 Y106.015 E1347.09496
G1 F1356.2 X141.344 Y106.707 E1347.3727
G1 F1260.5 X141.22 Y106.801 E1347.43429
G1 F1374.9 X140.758 Y106.79 E1347.60198
G1 F1500 X138.644 Y105.788 E1348.38008
G1 X137.154 Y107.779 E1349.20719
G1 X136.978 Y107.914 E1349.28097
G1 X136.837 Y107.956 E1349.3299
G1 X136.553 Y107.925 E1349.42492
G1 X134.834 Y106.636 E1350.13955
G1 X132.929 Y109.714 E1351.34351
G1 X132.715 Y109.894 E1351.43651
G1 X132.481 Y109.936 E1351.51559
G1 F2700 E1342.51559
G0 F9000 X131.148 Y110.775
G0 X132.563 Y111.391
G0 X134.279 Y110.322
G0 X140.421 Y112.306
G0 X140.485 Y110.569
G1 F2700 E1351.51559
G1 F1500 X140.391 Y110.429 E1351.57167
G1 X140.348 Y110.197 E1351.65015
G1 X140.409 Y109.983 E1351.72416
G1 X140.823 Y109.23 E1352.00997
G1 X141.045 Y108.899 E1352.14253
G1 F1443.7 X141.544 Y108.272 E1352.41945
G1 F1344.1 X142.043 Y107.645 E1352.71689
G1 F1319.3 X142.447 Y107.453 E1352.88604
G1 F1405.8 X142.873 Y107.286 E1353.04843
G1 F1488.1 X143.418 Y107.114 E1353.24003
G1 F1500 X143.894 Y107.02 E1353.4014
G1 X144.246 Y106.991 E1353.51887
G1 X144.583 Y107.008 E1353.6311
G1 X144.952 Y107.059 E1353.755
G1 X145.243 Y107.123 E1353.8541
G1 X145.601 Y107.227 E1353.97809
G1 X146.514 Y107.587 E1354.30451
G1 X146.655 Y107.721 E1354.36921
G1 X146.729 Y107.861 E1354.42188
G1 X146.752 Y108.095 E1354.50008
G1 X146.706 Y108.245 E1354.55227
G1 X146.595 Y108.392 E1354.61353
G1 X145.532 Y109.368 E1355.09351
G1 X144.804 Y109.821 E1355.37869
G1 X144.042 Y110.222 E1355.66509
G1 X143.658 Y110.391 E1355.80463
G1 X143.213 Y110.548 E1355.96158
G1 X142.828 Y110.639 E1356.09316
G1 X142.361 Y110.711 E1356.25032
G1 X142.017 Y110.739 E1356.36511
G1 X141.612 Y110.748 E1356.49985
G1 X140.735 Y110.721 E1356.79168
G1 X140.485 Y110.569 E1356.88899
G0 F9000 X140.421 Y112.306
G0 X142.157 Y112.253
G0 X142.959 Y112.158
G0 X144.569 Y111.421
;TYPE:WALL-INNER
G1 F952.4 X145.314 Y110.982 E1357.34197
G1 F992.1 X146.307 Y110.314 E1357.94382
G1 F983 X147.461 Y109.332 E1358.7129
G1 F1026 X147.777 Y109.189 E1358.88156
G1 F1176.5 X148.094 Y109.045 E1359.02921
G1 F1376.1 X148.614 Y108.7 E1359.25544
G1 F1500 X149.067 Y108.261 E1359.46525
G1 X149.426 Y107.879 E1359.63961
G1 X149.819 Y107.397 E1359.84646
G1 X149.909 Y107.178 E1359.92521
G1 X149.961 Y106.933 E1360.00851
G1 X149.8 Y106.645 E1360.11825
G1 X149.468 Y106.272 E1360.28434
G1 F1420.5 X149.235 Y106.135 E1360.37927
G1 F1348.9 X149.186 Y106.09 E1360.40388
G1 F1231.5 X148.779 Y105.883 E1360.58886
G1 F1132.1 X148.735 Y105.849 E1360.61336
G1 F1077.6 X148.468 Y105.737 E1360.74741
G1 F1034.5 X148.031 Y105.406 E1361.0118
G1 F1025.3 X146.923 Y104.711 E1361.64823
G1 F1012.1 X145.798 Y105.969 E1362.4801
G1 F1016.9 X146.894 Y106.409 E1363.0595
G1 F1030.2 X147.223 Y106.599 E1363.24348
G1 F1034.5 X147.508 Y106.828 E1363.4198
G1 F1077.6 X147.58 Y107.019 E1363.51431
G1 F1231.5 X147.642 Y107.314 E1363.63642
G1 F1420.5 X147.675 Y107.535 E1363.71491
G1 F1500 X147.745 Y107.832 E1363.8164
G1 X147.742 Y108.235 E1363.95044
G1 F1376.1 X147.685 Y108.725 E1364.12928
G1 F1176.5 X147.573 Y109.028 E1364.26627
G1 F1026 X147.461 Y109.332 E1364.4238
G0 F9000 X148.14 Y108.398
G0 X148.032 Y107.1
G0 X147.173 Y106.188
G0 X146.338 Y105.845
G0 X144.707 Y106.082
G1 F1736.1 X144.579 Y106.076 E1364.46063
G1 F1589 X143.87 Y106.002 E1364.68445
G1 F1286.4 X143.259 Y105.97 E1364.92172
G1 F1105.4 X143.049 Y105.967 E1365.01651
G0 F9000 X141.655 Y107.33
G0 X130.353 Y117.148
G0 X129.205 Y118.033
G1 F1500 X130.629 Y117.626 E1365.5091
G1 X132.07 Y117.177 E1366.01111
G1 X133.466 Y116.715 E1366.50019
G1 X135.555 Y115.986 E1367.23608
G1 X137.652 Y115.151 E1367.98681
G1 X139.104 Y114.543 E1368.51038
G1 X140.525 Y113.913 E1369.02737
G1 X142.019 Y113.218 E1369.57541
G1 X142.608 Y112.93 E1369.79348
G1 X143.406 Y112.499 E1370.09513
G1 F1543.2 X143.811 Y112.301 E1370.24087
G1 F1670.4 X144.393 Y111.999 E1370.43671
G1 F1652 X144.42 Y111.916 E1370.46307
G1 F1329.8 X144.494 Y111.669 E1370.55981
G1 F1029.5 X144.569 Y111.421 E1370.68536
G1 X144.321 Y111.351 E1370.81024
G1 F1329.8 X144.072 Y111.28 E1370.90738
G1 F1652 X144.002 Y111.25 E1370.93038
G1 F1663 X143.424 Y111.501 E1371.11943
G1 F1536.9 X143.058 Y111.612 E1371.24359
G1 F1500 X142.442 Y111.708 E1371.45094
G1 X142.098 Y111.736 E1371.56573
G1 X141.581 Y111.748 E1371.73774
G1 X140.801 Y111.723 E1371.9973
G1 X140.387 Y111.653 E1372.13695
G1 X140.028 Y111.481 E1372.26935
G1 X139.76 Y111.258 E1372.38531
G1 X139.519 Y110.953 E1372.5146
G1 X139.36 Y110.495 E1372.67585
G1 X139.35 Y110.144 E1372.79264
G1 F1391.5 X139.323 Y109.818 E1372.90993
G1 F1213.6 X139.335 Y109.372 E1373.09334
G1 F1098.9 X139.741 Y108.687 E1373.45485
G1 F1063.1 X140.106 Y108.147 E1373.76074
G1 F1066.9 X140.301 Y107.905 E1373.90607
G1 X139.017 Y107.298 E1374.57023
G1 X138.672 Y107.759 E1374.8395
G1 F1043.1 X138.124 Y108.544 E1375.29738
G1 F1141.6 X137.71 Y108.726 E1375.49503
G1 F1391.5 X137.398 Y108.822 E1375.61207
G1 F1500 X137.164 Y108.907 E1375.69487
G1 X136.824 Y108.96 E1375.80932
G1 X136.548 Y108.944 E1375.90128
G1 X136.241 Y108.865 E1376.00671
G1 X135.868 Y108.661 E1376.14811
G1 X135.109 Y108.092 E1376.46362
G1 X133.735 Y110.305 E1377.33
G1 X133.36 Y110.698 E1377.51067
G1 X132.848 Y110.916 E1377.69575
G1 X132.419 Y110.934 E1377.83857
G1 X132.001 Y110.847 E1377.98057
G1 F1492.5 X131.587 Y110.622 E1378.13807
G1 F1482.2 X131.408 Y110.463 E1378.21866
G1 F1488.1 X131.253 Y110.252 E1378.30644
G1 F1497 X125.132 Y100.807 E1382.05735
G1 F1403.2 X124.512 Y99.975 E1382.42627
G1 F1320.4 X124.342 Y99.712 E1382.54459
G1 X124.036 Y99.716 E1382.66022
G1 F1366.1 X123.682 Y99.667 E1382.79073
G1 F1409.8 X123.304 Y99.586 E1382.92754
G1 F1434 X123.019 Y99.468 E1383.03485
G1 F1482.2 X122.662 Y99.226 E1383.18002
G1 F1498.5 X122.274 Y98.87 E1383.35534
G1 F1500 X121.994 Y98.431 E1383.52852
G1 X121.87 Y98.192 E1383.61807
G1 F1351.4 X121.426 Y97.521 E1383.91512
G1 F1196.2 X121.28 Y97.327 E1384.01639
G1 F1171 X121.1 Y96.975 E1384.18483
G1 F1168.2 X120.858 Y96.55 E1384.39369
G1 F1245.8 X120.613 Y95.972 E1384.64509
G1 F1421.8 X120.253 Y95.331 E1384.90306
G1 F1500 X119.827 Y94.751 E1385.14241
G1 X119.355 Y94.188 E1385.38677
G1 X118.159 Y92.894 E1385.97283
G1 X117.579 Y92.309 E1386.24682
G1 X117.581 Y93.131 E1386.52022
G1 X117.53 Y94.554 E1386.99382
G1 X117.428 Y95.621 E1387.35032
G1 X117.262 Y96.827 E1387.75522
G1 X118.678 Y96.862 E1388.22633
G1 X119.022 Y96.935 E1388.34329
G1 F1421.8 X119.431 Y97.081 E1388.49568
G1 F1245.8 X119.806 Y97.302 E1388.66998
G1 F1168.2 X119.981 Y97.578 E1388.80955
G1 F1171 X120.101 Y97.835 E1388.93039
G1 F1206.8 X120.112 Y98.066 E1389.026
G1 F1366.1 X120.14 Y98.755 E1389.27783
G1 F1500 X120.164 Y98.98 E1389.35309
G1 X120.13 Y99.349 E1389.47634
G1 X119.986 Y99.737 E1389.61399
G1 X119.691 Y100.122 E1389.77531
G1 F1401.9 X119.261 Y100.48 E1389.97444
G1 F1236.6 X118.71 Y100.862 E1390.24493
G1 X119.374 Y100.942 E1390.51476
G1 F1401.9 X120.063 Y100.945 E1390.75996
G1 F1498.5 X122.303 Y100.729 E1391.50919
G1 F1473.5 X123.088 Y100.627 E1391.77722
G1 F1431.3 X123.476 Y100.702 E1391.91497
G1 F1366.1 X123.77 Y100.784 E1392.02643
G1 F1403.2 X124.292 Y101.351 E1392.30046
G1 F1497 X130.413 Y110.795 E1396.05109
G1 F1488.1 X130.61 Y111.084 E1396.16835
G1 X131.511 Y112.487 E1396.72736
G1 F1500 X131.708 Y112.87 E1396.87061
G1 X131.752 Y113.319 E1397.02066
G1 X131.705 Y113.679 E1397.14142
G1 X131.545 Y114.066 E1397.2807
G1 X129.205 Y118.033 E1398.81257
G1 F2700 E1389.81257
G0 F9000 X130.353 Y117.148
G0 X131.465 Y113.283
G0 X123.561 Y101.08
G0 X87.946 Y104.492
G0 X87.387 Y104.707
G0 X86.748 Y105.161
G0 X86.265 Y105.966
G0 X86.127 Y106.631
G0 X86.16 Y107.515
G0 X86.551 Y108.254
G0 X86.848 Y108.607
G0 X87.223 Y108.909
G0 X87.723 Y109.143
G0 X114.696 Y116.521
G1 F2700 E1398.81257
G1 F1500 X115.099 Y116.743 E1398.9656
G1 X115.517 Y117.048 E1399.1377
G1 X115.881 Y117.4 E1399.30612
G1 X116.205 Y117.801 E1399.47759
G1 X116.495 Y118.281 E1399.66411
G1 X116.643 Y118.574 E1399.77329
G1 X116.825 Y119.014 E1399.93166
G1 X116.998 Y119.576 E1400.12724
G1 X117.082 Y119.92 E1400.24501
G1 X117.167 Y120.386 E1400.40256
G1 X117.225 Y120.842 E1400.55545
G1 X117.276 Y121.808 E1400.87719
G1 X117.253 Y122.699 E1401.17364
G1 X117.169 Y123.502 E1401.44217
G1 X117.053 Y124.208 E1401.68014
G1 X116.9 Y124.894 E1401.91391
G1 X116.731 Y125.499 E1402.12284
G1 X116.54 Y126.057 E1402.319
G1 X115.819 Y127.836 E1402.95745
G1 X116.596 Y127.302 E1403.27102
G1 X117.345 Y126.738 E1403.58287
G1 X118.161 Y126.08 E1403.93152
G1 X119.035 Y125.312 E1404.3185
G1 X119.905 Y124.471 E1404.72096
G1 X120.771 Y123.531 E1405.14606
G1 X121.591 Y122.547 E1405.57208
G1 X122.346 Y121.559 E1405.98565
G1 X122.994 Y120.66 E1406.35424
G1 X123.916 Y119.272 E1406.90846
G1 X124.264 Y118.713 E1407.12747
G1 X124.828 Y117.77 E1407.49293
G1 X123.734 Y116.049 E1408.1712
G1 X123.302 Y116.59 E1408.40146
G1 X122.908 Y116.97 E1408.58353
G1 X122.605 Y117.205 E1408.71106
G1 X122.198 Y117.455 E1408.86993
G1 X121.748 Y117.667 E1409.03538
G1 X121.373 Y117.783 E1409.16593
G1 X120.857 Y117.871 E1409.34003
G1 X120.604 Y117.892 E1409.42447
G1 X120.101 Y117.885 E1409.59179
G1 X119.734 Y117.833 E1409.71507
G1 X114.696 Y116.521 E1411.4466
G1 F2700 E1402.4466
G0 F9000 X87.84 Y109.198
G0 X87.223 Y108.909
G0 X86.848 Y108.607
G0 X86.551 Y108.254
G0 X86.16 Y107.515
G0 X86.127 Y106.631
G0 X86.265 Y105.966
G0 X86.748 Y105.161
G0 X87.387 Y104.707
G0 X87.84 Y104.532
G0 X120.137 Y100.402
G0 X118.692 Y100.86
G1 F2700 E1411.4466
G1 F1054.1 X118.483 Y100.891 E1411.5466
G1 F1071.4 X118.082 Y100.939 E1411.73466
G1 F1087 X117.681 Y100.988 E1411.92008
G1 F1102.9 X117.28 Y101.036 E1412.10277
G1 F1120.2 X116.879 Y101.085 E1412.28268
G1 F1137.2 X116.478 Y101.133 E1412.45986
G1 F1154.7 X116.077 Y101.182 E1412.6344
G1 F1172.8 X115.676 Y101.23 E1412.8062
G1 F1191.4 X115.275 Y101.279 E1412.97536
G1 F1210.7 X114.874 Y101.328 E1413.14184
G1 F1231.5 X114.473 Y101.376 E1413.30545
G1 F1252.1 X114.072 Y101.425 E1413.46642
G1 F1273.3 X113.671 Y101.473 E1413.62466
G1 F1295.3 X113.269 Y101.522 E1413.78063
G1 F1318.1 X112.868 Y101.57 E1413.9335
G1 F1341.7 X112.467 Y101.619 E1414.08372
G1 F1367.4 X112.066 Y101.667 E1414.23107
G1 F1392.8 X111.665 Y101.716 E1414.37578
G1 F1419.1 X111.264 Y101.765 E1414.51781
G1 F1446.5 X110.863 Y101.813 E1414.6571
G1 F1474.9 X110.462 Y101.862 E1414.79375
G1 F1504.5 X110.061 Y101.91 E1414.92767
G1 F1536.9 X109.66 Y101.959 E1415.05881
G1 F1569 X109.259 Y102.007 E1415.18723
G1 F1602.6 X108.858 Y102.056 E1415.31299
G1 F1666.7 X106.781 Y102.284 E1415.93846
G0 F9000 X103.005 Y102.05
G0 X104.943 Y102.395
G1 F1500 X104.662 Y102.323 E1416.03494
G1 X104.329 Y102.203 E1416.15267
G1 X104.053 Y102.07 E1416.25457
G1 X102.376 Y101.039 E1416.90932
G1 X101.92 Y100.802 E1417.08025
G1 X101.378 Y100.557 E1417.27808
G1 X100.025 Y100.015 E1417.76285
G1 X99.7 Y99.899 E1417.87763
G1 X99.684 Y100.403 E1418.04534
G1 X99.56 Y101.063 E1418.2687
G1 X99.356 Y101.588 E1418.45604
G1 X99.108 Y102.039 E1418.62722
G1 X98.873 Y102.347 E1418.75608
G1 X98.518 Y102.738 E1418.93173
G1 X98.126 Y103.048 E1419.09795
G1 X104.943 Y102.395 E1421.37567
G1 F2700 E1412.37567
G0 F9000 X103.005 Y102.05
G0 X91.902 Y104.116
G0 X87.946 Y104.492
G0 X87.387 Y104.707
G0 X86.748 Y105.161
G0 X86.265 Y105.966
G0 X86.127 Y106.631
G0 X86.16 Y107.515
G0 X86.551 Y108.254
G0 X86.848 Y108.607
G0 X87.186 Y108.879
G0 X93.512 Y111.632
G0 X94.658 Y111.613
G1 F2700 E1421.37567
G1 F1023.9 X90.488 Y110.572 E1423.46991
G1 X90.81 Y111.077 E1423.76174
G1 X91.032 Y111.527 E1424.00624
G1 X91.265 Y112.169 E1424.33902
G1 X91.39 Y112.583 E1424.54974
G1 X94.291 Y111.701 E1426.02718
G1 X94.658 Y111.613 E1426.21107
G0 F9000 X93.512 Y111.632
G0 X87.223 Y108.909
G0 X86.848 Y108.607
G0 X86.551 Y108.254
G0 X86.16 Y107.515
G0 X86.127 Y106.631
G0 X86.265 Y105.966
G0 X86.748 Y105.161
G0 X87.266 Y104.793
G0 X89.812 Y103.61
G1 F997.3 X89.718 Y103.447 E1426.30519
G1 X89.53 Y103.447 E1426.39924
G1 X89.436 Y103.61 E1426.49336
G1 X89.53 Y103.773 E1426.58749
G1 X89.718 Y103.773 E1426.68153
G1 X89.812 Y103.61 E1426.77566
G0 F9000 X87.864 Y104.202
G0 X83.664 Y104.572
G0 X82.575 Y104.408
G0 X81.519 Y105.033
G0 X76.114 Y100.649
G1 F1500 X76.949 Y101.602 E1427.19708
G1 X77.731 Y102.636 E1427.62827
G1 X78.462 Y103.658 E1428.04619
G1 X79.073 Y104.604 E1428.42075
G1 X79.277 Y104.972 E1428.5607
G1 X79.613 Y105.691 E1428.82466
G1 X79.675 Y106 E1428.92948
G1 X79.705 Y106.655 E1429.14757
G1 X79.642 Y107.205 E1429.33169
G1 X79.538 Y107.701 E1429.50025
G1 X79.335 Y108.358 E1429.72896
G1 X79.144 Y108.877 E1429.9129
G1 X78.665 Y109.95 E1430.30373
G1 X78.106 Y111.027 E1430.70732
G1 X77.514 Y112.059 E1431.10303
G1 X76.851 Y113.14 E1431.52481
G1 X76.277 Y114.029 E1431.87677
G1 F1450.7 X75.732 Y114.951 E1432.2451
G1 F1383.8 X75.699 Y115.027 E1432.27498
G1 F1266.9 X75.414 Y115.548 E1432.50884
G1 F1235.6 X74.842 Y116.165 E1432.84856
G1 F1361.2 X74.023 Y116.949 E1433.26411
G1 F1456.3 X73.649 Y117.296 E1433.43889
G1 F1474.9 X73.761 Y118.352 E1433.79809
G1 X74.37 Y117.982 E1434.03913
G1 F1412.4 X75.189 Y117.359 E1434.4026
G1 F1322.8 X75.635 Y116.999 E1434.61878
G1 F1235.6 X76.299 Y116.443 E1434.96847
G1 F1284.2 X76.94 Y116.069 E1435.25677
G1 F1450.7 X77.366 Y115.759 E1435.43796
G1 F1500 X77.596 Y115.569 E1435.53719
G1 X78.254 Y114.983 E1435.83025
G1 X78.917 Y114.361 E1436.13261
G1 X79.532 Y113.734 E1436.42473
G1 X80.198 Y113.011 E1436.75167
G1 X82.534 Y110.328 E1437.93488
G1 X82.966 Y109.872 E1438.1438
G1 X83.491 Y109.404 E1438.37773
G1 X83.949 Y109.115 E1438.55785
G1 X84.404 Y108.907 E1438.72424
G1 X84.892 Y108.755 E1438.89425
G1 X85.373 Y108.674 E1439.05648
G1 X85.868 Y108.652 E1439.22128
G1 X86.244 Y108.661 E1439.34637
G1 X85.812 Y107.844 E1439.65376
G1 X85.694 Y107.446 E1439.79183
G1 X85.661 Y106.601 E1440.07309
G1 X85.775 Y106.044 E1440.26219
G1 X85.961 Y105.569 E1440.43186
G1 X86.245 Y105.102 E1440.61365
G1 X86.529 Y104.796 E1440.7525
G1 X84.347 Y105.009 E1441.48169
G1 X83.964 Y105.032 E1441.60931
G1 X83.615 Y105.03 E1441.72538
G1 X83.02 Y104.974 E1441.92416
G1 X82.471 Y104.855 E1442.111
G1 X82.039 Y104.712 E1442.26235
G1 X81.558 Y104.507 E1442.43625
G1 X81.019 Y104.158 E1442.64982
G1 X80.313 Y103.498 E1442.97127
G1 X79.797 Y103.055 E1443.19746
G1 X79.153 Y102.575 E1443.46461
G1 X77.53 Y101.482 E1444.11542
G1 X76.53 Y100.877 E1444.50415
G1 X76.114 Y100.649 E1444.66193
G0 F9000 X78.894 Y105.231
G0 X79.213 Y105.928
G0 X79.243 Y106.647
G0 X79.079 Y107.639
G0 X78.734 Y108.665
G0 X77.712 Y110.789
G0 X73.159 Y118.584
G0 X72.67 Y119.137
G0 X71.304 Y119.784
G1 F1575.6 X71.244 Y119.681 E1444.69968
G1 X71.125 Y119.681 E1444.73736
G1 X71.066 Y119.784 E1444.77494
G1 X71.126 Y119.887 E1444.81269
G1 X71.245 Y119.887 E1444.85037
G1 X71.304 Y119.784 E1444.88795
G1 F2700 E1435.88795
G0 F9000 X75.495 Y117.776
G0 X86.748 Y105.161
G0 X87.387 Y104.707
G0 X87.946 Y104.492
G0 X123.561 Y101.08
G0 X132.151 Y113.794
G0 X131.534 Y115.19
G0 X133.248 Y112.355
G0 X132.748 Y112.06
;TYPE:SKIN
G1 F2700 E1444.88795
G1 F1020.4 X132.656 Y111.902 E1444.97734
G1 X132.473 Y111.902 E1445.06682
G1 X132.382 Y112.06 E1445.15596
G1 X132.474 Y112.218 E1445.24535
G1 X132.657 Y112.218 E1445.33483
G1 X132.748 Y112.06 E1445.42397
G0 F9000 X134.023 Y112.813
G1 F2700 E1436.42397
G0 F9000 X134.976 Y107.384
G0 X132.484 Y105.894
G0 X132.801 Y103.259
G0 X134.273 Y104.139
;TYPE:WALL-OUTER
G1 F2700 E1445.42397
G1 F1500 X134.523 Y104.119 E1445.50739
G1 X134.715 Y104.196 E1445.57619
G1 X136.556 Y105.588 E1446.34384
G1 X137.877 Y103.863 E1447.06649
G1 X138.004 Y103.769 E1447.11904
G1 X138.173 Y103.715 E1447.17805
G1 X138.423 Y103.747 E1447.26188
G1 X140.319 Y104.654 E1447.96093
G1 X141.387 Y102.66 E1448.71328
G1 F1491.1 X141.532 Y102.523 E1448.78002
G1 F1339.3 X141.886 Y102.354 E1448.92615
G1 F1273.3 X143.842 Y102.965 E1449.72904
G1 F1327.4 X144.194 Y103.067 E1449.86678
G1 X144.915 Y102.217 E1450.28569
G1 X144.395 Y101.976 E1450.5011
G1 F1308.9 X143.645 Y101.682 E1450.80815
G1 F1264.8 X142.564 Y101.294 E1451.2612
G1 F1231.5 X142.184 Y101.171 E1451.423
G1 F1277.7 X141.762 Y100.969 E1451.60569
G1 F1407.1 X141.34 Y100.766 E1451.77172
G1 F1491.1 X140.66 Y100.557 E1452.00975
G1 F1500 X140.074 Y100.399 E1452.21162
G1 X138.284 Y100.019 E1452.82024
G1 X135.896 Y99.57 E1453.62841
G1 X133.729 Y99.19 E1454.36015
G1 X132.419 Y99.001 E1454.80037
G1 X132.113 Y99.091 E1454.90646
G1 X131.896 Y99.258 E1454.99753
G1 X129.739 Y103.182 E1456.48685
G1 X132.329 Y107.163 E1458.06649
G1 X134.026 Y104.325 E1459.16629
G1 X134.273 Y104.139 E1459.26913
G0 F9000 X132.801 Y103.259
G0 X132.276 Y104.23
G0 X132.293 Y105.274
;TYPE:WALL-INNER
G1 F1500 X133.206 Y103.752 E1459.85945
G1 X133.546 Y103.404 E1460.02127
G1 X133.948 Y103.193 E1460.17227
G1 X134.348 Y103.105 E1460.30849
G1 X134.695 Y103.134 E1460.42431
G1 X134.981 Y103.213 E1460.52299
G1 X135.271 Y103.365 E1460.63189
G1 X136.365 Y104.19 E1461.08763
G1 X137.137 Y103.183 E1461.50965
G1 X137.54 Y102.883 E1461.67675
G1 F1363.6 X138.035 Y102.625 E1461.88098
G1 F1189.5 X138.296 Y102.551 E1461.99476
G1 F1141.6 X138.58 Y102.594 E1462.12029
G1 X138.857 Y102.67 E1462.24583
G1 F1113.6 X139.214 Y102.81 E1462.41763
G1 F1094.1 X139.806 Y103.094 E1462.71703
G1 X140.3 Y102.168 E1463.19561
G1 X140.439 Y101.95 E1463.31351
G1 X140.626 Y101.783 E1463.42783
G1 X139.782 Y101.548 E1463.82733
G1 X139.652 Y101.521 E1463.88788
G1 F1113.6 X139.241 Y101.409 E1464.07873
G1 F1141.6 X138.851 Y101.318 E1464.25375
G1 X138.456 Y101.242 E1464.42955
G1 F1189.5 X138.098 Y101.102 E1464.59077
G1 F1363.6 X137.234 Y100.838 E1464.9213
G1 F1500 X135.723 Y100.555 E1465.4326
G1 X133.551 Y100.175 E1466.16598
G1 X132.608 Y100.04 E1466.48282
G1 X130.903 Y103.138 E1467.65896
G1 X132.293 Y105.274 E1468.50658
G0 F9000 X132.652 Y103.073
G1 F2700 E1459.50658
;MESH:NONMESH
G0 F300 X132.652 Y103.073 Z4.4
G0 F9000 X132.314 Y106.199
G0 X130.12 Y107.619
G0 X132.481 Y109.936
;TIME_ELAPSED:329.909950
;LAYER:5
;TYPE:WALL-OUTER
;MESH:sharkz.stl
G1 F2700 E1468.50658
G1 F1500 X132.341 Y109.907 E1468.55413
G1 X132.125 Y109.758 E1468.64141
G1 X125.008 Y98.776 E1472.99399
G1 X124.951 Y98.621 E1473.04892
G1 X124.204 Y98.648 E1473.29754
G1 X123.776 Y98.645 E1473.43989
G1 X123.235 Y98.432 E1473.63328
G1 X122.898 Y98.01 E1473.8129
G1 X122.449 Y97.085 E1474.15488
G1 X121.862 Y95.993 E1474.56723
G1 X121.494 Y95.389 E1474.80247
G1 X121.058 Y94.736 E1475.06362
G1 X120.614 Y94.133 E1475.31269
G1 X120.124 Y93.547 E1475.56675
G1 X118.869 Y92.19 E1476.18152
G1 X117.827 Y91.141 E1476.67329
G1 X117.445 Y90.784 E1476.84719
G1 X117.064 Y90.454 E1477.01484
G1 X116.544 Y90.053 E1477.23325
G1 X116.577 Y91.715 E1477.78614
G1 X116.581 Y93.134 E1478.2581
G1 X116.534 Y94.46 E1478.69941
G1 X116.436 Y95.49 E1479.04353
G1 X116.297 Y96.546 E1479.39779
G1 X116.068 Y97.802 E1479.82243
G1 X118.586 Y97.858 E1480.66012
G1 X118.827 Y97.946 E1480.74546
G1 X119.015 Y98.198 E1480.85003
G1 X119.166 Y98.982 E1481.11558
G1 X119.11 Y99.263 E1481.21088
G1 X118.971 Y99.446 E1481.28731
G1 X118.374 Y99.686 E1481.50132
G1 X108.709 Y101.105 E1484.75037
G1 X106.592 Y101.364 E1485.45974
G1 F1424.5 X106.116 Y101.527 E1485.63595
G1 F1295.3 X105.64 Y101.691 E1485.82986
G1 F1129.5 X105.501 Y101.695 E1485.89128
G1 F1226.5 X105.095 Y101.407 E1486.09376
G1 F1500 X105.002 Y101.383 E1486.12571
G1 X104.626 Y101.248 E1486.25858
G1 X102.869 Y100.168 E1486.94454
G1 X102.357 Y99.903 E1487.13628
G1 X101.771 Y99.637 E1487.35033
G1 X100.383 Y99.081 E1487.84764
G1 X99.055 Y98.61 E1488.31629
G1 X98.423 Y98.412 E1488.53657
G1 X98.575 Y98.974 E1488.73021
G1 X98.658 Y99.399 E1488.87424
G1 X98.698 Y99.779 E1489.00132
G1 X98.68 Y100.337 E1489.18701
G1 X98.582 Y100.821 E1489.35126
G1 X98.43 Y101.199 E1489.48676
G1 X98.246 Y101.52 E1489.60982
G1 X98.045 Y101.779 E1489.71887
G1 X97.857 Y101.979 E1489.81016
G1 F1472 X97.48 Y102.31 E1489.98019
G1 F1403.2 X97.439 Y102.376 E1490.00782
G1 F1243.8 X97.071 Y102.693 E1490.20265
G1 F1156.5 X95.06 Y102.927 E1491.07601
G1 F1184.8 X93.048 Y103.161 E1491.92892
G1 F1180.2 X92.059 Y103.22 E1492.34775
G1 F1196.2 X91.818 Y103.139 E1492.45379
G1 F1254.2 X91.763 Y103.105 E1492.47951
G1 F1327.4 X91.48 Y102.978 E1492.5961
G1 F1399.3 X91.452 Y102.957 E1492.60858
G1 F1456.3 X89.846 Y102.362 E1493.1953
G1 F1500 X88.908 Y102.067 E1493.52235
G1 X88.186 Y101.865 E1493.77171
G1 X88.455 Y102.449 E1493.98556
G1 X88.502 Y102.902 E1494.13704
G1 X88.468 Y103.141 E1494.21733
G1 F1434 X88.258 Y103.435 E1494.34303
G1 F1297.6 X87.812 Y103.743 E1494.55143
G1 F1235.6 X87.671 Y103.781 E1494.61039
G1 F1333.3 X86.947 Y103.772 E1494.88131
G1 F1467.7 X86.612 Y103.782 E1494.99524
G1 F1500 X84.001 Y104.031 E1495.8676
G1 X83.674 Y104.032 E1495.97636
G1 X83.144 Y103.978 E1496.15355
G1 X82.69 Y103.878 E1496.30817
G1 X82.362 Y103.766 E1496.42345
G1 X82.031 Y103.617 E1496.54418
G1 X81.685 Y103.399 E1496.6802
G1 X80.999 Y102.766 E1496.99066
G1 X80.423 Y102.275 E1497.2424
G1 X79.746 Y101.768 E1497.52371
G1 X78.074 Y100.642 E1498.19417
G1 X77.03 Y100.01 E1498.60007
G1 X76.469 Y99.704 E1498.81261
G1 X75.888 Y99.418 E1499.028
G1 X75.518 Y99.272 E1499.1603
G1 X75.225 Y99.172 E1499.26327
G1 X74.701 Y99.041 E1499.44292
G1 X73.782 Y98.918 E1499.7513
G1 X72.998 Y98.845 E1500.01319
G1 X72.852 Y98.847 E1500.06175
G1 X74.004 Y99.865 E1500.57308
G1 X74.858 Y100.738 E1500.97926
G1 X76.151 Y102.206 E1501.62991
G1 X76.919 Y103.22 E1502.05299
G1 X77.624 Y104.203 E1502.45533
G1 X78.198 Y105.089 E1502.80645
G1 X78.402 Y105.457 E1502.94639
G1 X78.662 Y106.019 E1503.15235
G1 X78.7 Y106.623 E1503.35364
G1 X78.65 Y107.073 E1503.50423
G1 X78.561 Y107.487 E1503.64507
G1 X78.407 Y107.982 E1503.81749
G1 X78.23 Y108.471 E1503.99046
G1 X77.777 Y109.49 E1504.36136
G1 X77.249 Y110.51 E1504.74338
G1 X76.639 Y111.574 E1505.1513
G1 X76.012 Y112.596 E1505.55009
G1 X75.419 Y113.514 E1505.91358
G1 X75.153 Y113.958 E1506.08573
G1 X74.857 Y114.399 E1506.26238
G1 X74.528 Y114.84 E1506.44538
G1 X73.979 Y115.513 E1506.73425
G1 X73.269 Y116.259 E1507.07679
G1 X72.644 Y116.866 E1507.36656
G1 X72.602 Y116.975 E1507.40542
G1 X72.739 Y118.342 E1507.86236
G1 F1404.5 X72.619 Y118.74 E1508.01002
G1 F1318.1 X72.507 Y118.819 E1508.0619
G1 F1366.1 X72.236 Y118.844 E1508.16129
G1 F1457.7 X71.192 Y118.809 E1508.51879
G1 F1500 X70.484 Y118.803 E1508.75428
G1 X69.497 Y121.757 E1509.79018
G1 X71.641 Y120.646 E1510.59333
G1 F1457.7 X72.55 Y120.132 E1510.95073
G1 F1388.9 X73.132 Y119.767 E1511.1975
G1 F1425.9 X74.228 Y119.248 E1511.62181
G1 F1500 X74.809 Y118.895 E1511.84792
G1 X75.812 Y118.208 E1512.25227
G1 X77 Y117.335 E1512.74262
G1 X77.618 Y116.849 E1513.00411
G1 X78.234 Y116.34 E1513.26989
G1 X78.937 Y115.713 E1513.58319
G1 X79.598 Y115.094 E1513.88439
G1 X80.257 Y114.423 E1514.1972
G1 X80.943 Y113.678 E1514.53403
G1 X83.26 Y111.016 E1515.70783
G1 X83.692 Y110.56 E1515.91675
G1 X84.104 Y110.199 E1516.09894
G1 X84.428 Y109.993 E1516.22664
G1 X84.769 Y109.838 E1516.35122
G1 X85.159 Y109.722 E1516.48655
G1 X85.51 Y109.668 E1516.60467
G1 X85.855 Y109.652 E1516.71954
G1 X86.167 Y109.656 E1516.82332
G1 X86.541 Y109.685 E1516.94809
G1 F1474.9 X86.926 Y109.702 E1517.07844
G1 F1416.4 X87.282 Y109.732 E1517.20428
G1 F1358.7 X87.579 Y109.776 E1517.31453
G1 F1332.1 X87.918 Y109.88 E1517.44732
G1 F1314.6 X88.279 Y110.014 E1517.59346
G1 F1335.7 X88.552 Y110.211 E1517.7192
G1 F1434 X89.316 Y111.078 E1518.12123
G1 F1500 X89.546 Y111.387 E1518.24935
G1 X89.749 Y111.711 E1518.37652
G1 X89.907 Y112.037 E1518.49701
G1 X90.107 Y112.589 E1518.69229
G1 X90.274 Y113.162 E1518.8908
G1 X90.377 Y113.662 E1519.06059
G1 X90.432 Y114.072 E1519.19818
G1 X90.68 Y114.104 E1519.28134
G1 X92.048 Y113.666 E1519.7591
G1 X94.68 Y112.872 E1520.67347
G1 X95.297 Y112.732 E1520.8839
G1 X95.895 Y112.649 E1521.0847
G1 F1420.5 X96.383 Y112.561 E1521.25887
G1 F1329.8 X96.42 Y112.545 E1521.27399
G1 F1230.5 X96.864 Y112.47 E1521.45656
G1 F1141.6 X96.923 Y112.451 E1521.48365
G1 F1148.5 X97.685 Y112.548 E1521.81731
G1 F1166.4 X102.097 Y113.691 E1523.76674
G1 F1151.2 X111.497 Y116.164 E1527.97912
G1 F1139.8 X112.311 Y116.397 E1528.34972
G1 F1122.8 X112.845 Y116.574 E1528.59971
G1 F1093.3 X113.456 Y116.798 E1528.89667
G1 F1183 X113.982 Y117.189 E1529.17308
G1 F1336.9 X114.004 Y117.221 E1529.18757
G1 F1425.9 X114.587 Y117.608 E1529.43241
G1 F1500 X114.892 Y117.836 E1529.55907
G1 X115.166 Y118.106 E1529.68701
G1 X115.366 Y118.354 E1529.79298
G1 X115.581 Y118.69 E1529.92565
G1 X115.769 Y119.066 E1530.06547
G1 X115.897 Y119.386 E1530.1801
G1 X116.026 Y119.813 E1530.32846
G1 X116.117 Y120.19 E1530.45745
G1 X116.185 Y120.581 E1530.58945
G1 X116.236 Y121.001 E1530.73017
G1 X116.276 Y121.749 E1530.97931
G1 X116.258 Y122.599 E1531.26209
G1 X116.182 Y123.341 E1531.51017
G1 X116.068 Y124.034 E1531.74376
G1 X115.935 Y124.629 E1531.94654
G1 X115.783 Y125.18 E1532.13665
G1 X115.612 Y125.683 E1532.31335
G1 X114.997 Y127.21 E1532.86088
G1 X114.652 Y128.031 E1533.15707
G1 X113.806 Y129.894 E1533.83761
G1 X114.318 Y129.74 E1534.01543
G1 X114.823 Y129.542 E1534.19585
G1 X115.588 Y129.176 E1534.47791
G1 X116.052 Y128.889 E1534.65937
G1 X117.18 Y128.114 E1535.11456
G1 X117.973 Y127.517 E1535.4447
G1 X118.805 Y126.845 E1535.80042
G1 X119.713 Y126.048 E1536.20226
G1 X120.621 Y125.17 E1536.62235
G1 X121.523 Y124.19 E1537.06535
G1 X122.373 Y123.171 E1537.50671
G1 X123.156 Y122.145 E1537.93598
G1 X123.796 Y121.259 E1538.2995
G1 X124.764 Y119.802 E1538.8813
G1 X125.122 Y119.227 E1539.10659
G1 X126.004 Y117.753 E1539.67791
G1 X123.69 Y114.119 E1541.11082
G1 X123.072 Y115.211 E1541.52815
G1 X122.833 Y115.573 E1541.67243
G1 X122.578 Y115.894 E1541.80878
G1 X122.26 Y116.207 E1541.95718
G1 X122.013 Y116.399 E1542.06124
G1 X121.717 Y116.579 E1542.17646
G1 X121.273 Y116.785 E1542.33926
G1 X120.646 Y116.892 E1542.55081
G1 X120.181 Y116.888 E1542.70548
G1 X119.911 Y116.849 E1542.79621
G1 X115.306 Y115.648 E1544.37907
G1 F1425.9 X114.678 Y115.537 E1544.60222
G1 F1274.4 X114.306 Y115.515 E1544.7481
G1 F1133.8 X113.933 Y115.493 E1544.91251
G1 F1104.6 X112.627 Y115.114 E1545.52674
G1 F1140.7 X107.524 Y113.775 E1547.83419
G1 F1151.2 X102.421 Y112.436 E1550.1206
G1 F1169.1 X98.089 Y111.339 E1552.02753
G1 F1152.1 X97.144 Y111.138 E1552.44591
G1 F1225.5 X96.536 Y110.872 E1552.71609
G1 F1420.5 X96.072 Y110.698 E1552.89014
G1 F1500 X90.033 Y109.19 E1554.96039
G1 F1473.5 X89.392 Y109.048 E1555.18269
G1 F1368.6 X88.653 Y108.925 E1555.45578
G1 F1315.8 X87.944 Y108.721 E1555.73552
G1 F1369.9 X87.549 Y108.502 E1555.90001
G1 F1428.6 X87.073 Y108.089 E1556.12009
G1 F1464.8 X86.697 Y107.376 E1556.39462
G1 F1488.1 X86.669 Y106.685 E1556.62648
G1 F1500 X86.77 Y106.166 E1556.80234
G1 X87.079 Y105.653 E1557.00153
G1 F1467.7 X87.442 Y105.287 E1557.17675
G1 F1366.1 X87.753 Y105.052 E1557.3191
G1 F1282.1 X88.066 Y104.903 E1557.454
G1 F1315.8 X88.699 Y104.915 E1557.69406
G1 F1434 X89.746 Y104.859 E1558.05883
G1 F1456.3 X91.241 Y104.686 E1558.5744
G1 F1275.5 X92.008 Y104.497 E1558.88338
G1 F1172.8 X92.304 Y104.48 E1559.00951
G1 F1191.4 X93.223 Y104.4 E1559.39579
G1 F1184.8 X95.265 Y104.189 E1560.2602
G1 F1156.5 X97.307 Y103.978 E1561.14577
G1 F1205.8 X97.741 Y104.005 E1561.32569
G1 F1356.2 X98.175 Y104.032 E1561.48565
G1 F1472 X98.604 Y104.009 E1561.63126
G1 F1500 X105.038 Y103.393 E1563.781
G1 F1226.5 X105.459 Y103.128 E1563.98335
G1 F1046 X105.778 Y103.108 E1564.1358
G1 F1109.5 X106.116 Y103.147 E1564.2888
G1 F1238.6 X106.455 Y103.186 E1564.42624
G1 F1401.9 X106.794 Y103.225 E1564.54768
G1 F1500 X123.064 Y101.662 E1569.98402
G1 X123.268 Y101.726 E1570.05513
G1 X123.452 Y101.896 E1570.13845
G1 X130.672 Y113.031 E1574.55237
G1 X130.741 Y113.198 E1574.61246
G1 X130.736 Y113.468 E1574.70228
G1 X128.115 Y117.915 E1576.41914
G1 X127.524 Y118.945 E1576.81411
G1 X127.438 Y119.237 E1576.91536
G1 X127.753 Y119.324 E1577.02405
G1 X128.047 Y119.303 E1577.12208
G1 X128.729 Y119.185 E1577.35229
G1 X129.646 Y118.952 E1577.66697
G1 X130.926 Y118.581 E1578.11023
G1 X132.383 Y118.127 E1578.61781
G1 X133.795 Y117.659 E1579.11256
G1 X135.905 Y116.923 E1579.85582
G1 X138.002 Y116.089 E1580.60642
G1 X139.508 Y115.457 E1581.14964
G1 X140.946 Y114.82 E1581.67275
G1 X142.457 Y114.117 E1582.22704
G1 X143.078 Y113.813 E1582.457
G1 X143.724 Y113.468 E1582.70058
G1 X144.314 Y113.131 E1582.92657
G1 X144.883 Y112.786 E1583.14789
G1 X146.037 Y112.018 E1583.60895
G1 X147.145 Y111.205 E1584.06603
G1 X148.297 Y110.299 E1584.55349
G1 X148.812 Y109.866 E1584.77727
G1 X149.303 Y109.426 E1584.99656
G1 X149.767 Y108.976 E1585.21154
G1 X150.179 Y108.538 E1585.41154
G1 X150.509 Y108.133 E1585.5853
G1 X150.722 Y107.829 E1585.70876
G1 X150.86 Y107.496 E1585.82865
G1 X150.927 Y107.237 E1585.91763
G1 X150.965 Y106.935 E1586.01887
G1 X150.887 Y106.541 E1586.15246
G1 X150.668 Y106.147 E1586.30239
G1 X150.509 Y105.938 E1586.38973
G1 X150.25 Y105.647 E1586.5193
G1 X149.92 Y105.328 E1586.67196
G1 X149.477 Y104.953 E1586.865
G1 X148.741 Y104.412 E1587.16881
G1 X148.08 Y103.964 E1587.4344
G1 X146.688 Y103.109 E1587.97774
G1 X145.006 Y104.998 E1588.819
G1 X144.781 Y105.131 E1588.90593
G1 X144.588 Y105.152 E1588.9705
G1 X142.467 Y104.549 E1589.7039
G1 F1488.1 X141.647 Y106.02 E1590.26852
G1 F1356.2 X141.346 Y106.707 E1590.54443
G1 F1262.6 X141.222 Y106.801 E1590.60591
G1 F1376.1 X140.757 Y106.789 E1590.77455
G1 F1500 X138.644 Y105.788 E1591.55221
G1 X137.154 Y107.779 E1592.37932
G1 X136.978 Y107.914 E1592.4531
G1 X136.837 Y107.956 E1592.50203
G1 X136.553 Y107.925 E1592.59705
G1 X134.834 Y106.636 E1593.31168
G1 X132.929 Y109.714 E1594.51563
G1 X132.715 Y109.894 E1594.60864
G1 X132.481 Y109.936 E1594.68771
G1 F2700 E1585.68771
G0 F9000 X131.148 Y110.775
G0 X132.563 Y111.391
G0 X134.279 Y110.323
G0 X140.421 Y112.306
G0 X140.485 Y110.569
G1 F2700 E1594.68771
G1 F1500 X140.391 Y110.429 E1594.7438
G1 X140.348 Y110.197 E1594.82228
G1 X140.409 Y109.983 E1594.89629
G1 X140.824 Y109.229 E1595.18255
G1 X141.045 Y108.899 E1595.31465
G1 F1445.1 X141.544 Y108.274 E1595.59076
G1 F1345.3 X142.043 Y107.648 E1595.88764
G1 F1320.4 X142.447 Y107.452 E1596.0573
G1 F1407.1 X142.873 Y107.286 E1596.2194
G1 F1488.1 X143.418 Y107.114 E1596.41101
G1 F1500 X143.894 Y107.02 E1596.57238
G1 X144.247 Y106.991 E1596.69018
G1 X144.583 Y107.008 E1596.80208
G1 X144.953 Y107.059 E1596.92631
G1 X145.274 Y107.132 E1597.0358
G1 X145.608 Y107.231 E1597.15167
G1 X146.515 Y107.574 E1597.47419
G1 X146.706 Y107.785 E1597.56885
G1 X146.757 Y107.951 E1597.62661
G1 X146.708 Y108.236 E1597.72279
G1 X146.601 Y108.379 E1597.78219
G1 X145.532 Y109.368 E1598.26657
G1 X144.804 Y109.821 E1598.55175
G1 X144.042 Y110.222 E1598.83814
G1 X143.658 Y110.391 E1598.97768
G1 X143.213 Y110.548 E1599.13463
G1 X142.788 Y110.647 E1599.27977
G1 X142.361 Y110.711 E1599.42338
G1 X142.017 Y110.739 E1599.53817
G1 X141.612 Y110.748 E1599.67291
G1 X140.735 Y110.721 E1599.96474
G1 X140.485 Y110.569 E1600.06205
G0 F9000 X140.421 Y112.306
G0 X142.157 Y112.253
G0 X142.959 Y112.158
G0 X144.569 Y111.421
;TYPE:WALL-INNER
G1 F952.4 X145.314 Y110.982 E1600.51504
G1 F990.8 X146.309 Y110.312 E1601.11908
G1 F979.1 X147.473 Y109.317 E1601.89935
G1 F1019 X147.783 Y109.178 E1602.06568
G1 F1165.5 X148.093 Y109.038 E1602.21129
G1 F1366.1 X148.614 Y108.7 E1602.43809
G1 F1500 X149.041 Y108.288 E1602.63544
G1 X149.426 Y107.879 E1602.82226
G1 X149.819 Y107.397 E1603.02911
G1 X149.909 Y107.178 E1603.10786
G1 X149.961 Y106.933 E1603.19116
G1 X149.8 Y106.645 E1603.3009
G1 X149.47 Y106.274 E1603.46605
G1 F1420.5 X149.236 Y106.134 E1603.56182
G1 F1350.1 X149.187 Y106.09 E1603.58616
G1 F1233.6 X148.78 Y105.881 E1603.7712
G1 F1136.4 X148.736 Y105.846 E1603.79589
G1 F1081.5 X148.465 Y105.731 E1603.93169
G1 F1038.8 X148.03 Y105.401 E1604.19393
G1 F1028.8 X146.925 Y104.708 E1604.82644
G1 F1013.5 X145.783 Y105.989 E1605.67121
G1 X146.059 Y106.076 E1605.81366
G1 F1016.9 X146.873 Y106.388 E1606.24133
G1 F1032.3 X147.244 Y106.602 E1606.44831
G1 F1038.1 X147.509 Y106.818 E1606.61262
G1 F1081.5 X147.584 Y107.012 E1606.70857
G1 F1233.6 X147.647 Y107.307 E1606.83057
G1 F1420.5 X147.682 Y107.531 E1606.9102
G1 F1500 X147.749 Y107.829 E1607.01179
G1 X147.743 Y108.232 E1607.14584
G1 F1366.1 X147.689 Y108.725 E1607.32696
G1 F1165.5 X147.581 Y109.021 E1607.46184
G1 F1019 X147.473 Y109.317 E1607.6161
G0 F9000 X148.052 Y108.499
G0 X148.228 Y107.949
G0 X147.604 Y106.351
G0 X146.339 Y105.844
G0 X144.707 Y106.082
G1 F1734.1 X144.579 Y106.076 E1607.65297
G1 F1587.3 X143.87 Y106.002 E1607.87702
G1 F1286.4 X143.259 Y105.97 E1608.1143
G1 F1105.4 X143.051 Y105.967 E1608.20819
G0 F9000 X141.329 Y107.649
G0 X130.269 Y117.25
G0 X129.204 Y118.033
G1 F1500 X130.629 Y117.626 E1608.7011
G1 X132.07 Y117.177 E1609.2031
G1 X133.466 Y116.715 E1609.69218
G1 X135.555 Y115.986 E1610.42808
G1 X137.652 Y115.151 E1611.1788
G1 X139.104 Y114.543 E1611.70237
G1 X140.525 Y113.913 E1612.21936
G1 X142.019 Y113.218 E1612.7674
G1 X142.608 Y112.93 E1612.98547
G1 X143.406 Y112.499 E1613.28712
G1 F1543.2 X143.811 Y112.301 E1613.43287
G1 F1670.4 X144.393 Y111.999 E1613.6287
G1 F1652 X144.42 Y111.916 E1613.65506
G1 F1329.8 X144.494 Y111.669 E1613.7518
G1 F1029.5 X144.569 Y111.421 E1613.87736
G1 X144.321 Y111.351 E1614.00223
G1 F1329.8 X144.072 Y111.28 E1614.09938
G1 F1652 X144.002 Y111.25 E1614.12238
G1 F1663 X143.424 Y111.501 E1614.31142
G1 F1536.9 X143.058 Y111.612 E1614.43558
G1 F1500 X142.442 Y111.708 E1614.64293
G1 X142.098 Y111.736 E1614.75773
G1 X141.581 Y111.748 E1614.92973
G1 X140.801 Y111.723 E1615.18929
G1 X140.387 Y111.653 E1615.32894
G1 X140.028 Y111.481 E1615.46134
G1 X139.76 Y111.258 E1615.5773
G1 X139.519 Y110.953 E1615.70659
G1 X139.36 Y110.495 E1615.86784
G1 X139.35 Y110.144 E1615.98463
G1 F1391.5 X139.323 Y109.818 E1616.10192
G1 F1213.6 X139.335 Y109.372 E1616.28533
G1 F1098.9 X139.741 Y108.687 E1616.64684
G1 F1063.1 X140.015 Y108.271 E1616.88062
G1 F1066.9 X140.301 Y107.905 E1617.09783
G1 X139.017 Y107.298 E1617.76199
G1 X138.672 Y107.759 E1618.03126
G1 F1043.1 X138.124 Y108.544 E1618.48914
G1 F1141.6 X137.71 Y108.726 E1618.68679
G1 F1391.5 X137.398 Y108.822 E1618.80383
G1 F1500 X137.164 Y108.907 E1618.88663
G1 X136.824 Y108.96 E1619.00108
G1 X136.548 Y108.944 E1619.09304
G1 X136.241 Y108.865 E1619.19847
G1 X135.868 Y108.661 E1619.33987
G1 X135.109 Y108.092 E1619.65538
G1 X133.735 Y110.305 E1620.52176
G1 X133.36 Y110.698 E1620.70243
G1 X132.848 Y110.916 E1620.88751
G1 X132.419 Y110.934 E1621.03032
G1 X132.001 Y110.847 E1621.17233
G1 F1492.5 X131.587 Y110.622 E1621.32983
G1 F1482.2 X131.408 Y110.463 E1621.41042
G1 F1488.1 X131.253 Y110.252 E1621.4982
G1 F1497 X125.132 Y100.807 E1625.24911
G1 F1403.2 X124.512 Y99.975 E1625.61803
G1 F1320.4 X124.342 Y99.712 E1625.73635
G1 X124.036 Y99.716 E1625.85198
G1 F1341.7 X123.473 Y99.632 E1626.06364
G1 F1409.8 X122.984 Y99.423 E1626.25184
G1 F1479.3 X122.64 Y99.214 E1626.38759
G1 F1500 X122.379 Y98.962 E1626.50826
G1 X122.056 Y98.55 E1626.68238
G1 X121.866 Y98.179 E1626.82102
G1 F1356.2 X121.438 Y97.537 E1627.10485
G1 F1199 X121.281 Y97.328 E1627.21362
G1 F1171.9 X121.101 Y96.976 E1627.38193
G1 F1168.2 X120.857 Y96.55 E1627.59159
G1 F1246.9 X120.613 Y95.972 E1627.84262
G1 F1421.8 X120.253 Y95.331 E1628.10059
G1 F1500 X119.827 Y94.751 E1628.33994
G1 X119.355 Y94.188 E1628.58429
G1 X118.159 Y92.894 E1629.17036
G1 X117.579 Y92.309 E1629.44435
G1 X117.581 Y93.131 E1629.71775
G1 X117.53 Y94.554 E1630.19134
G1 X117.428 Y95.621 E1630.54785
G1 X117.262 Y96.827 E1630.95275
G1 X118.678 Y96.862 E1631.42385
G1 X119.022 Y96.935 E1631.54082
G1 F1421.8 X119.431 Y97.081 E1631.6932
G1 F1246.9 X119.807 Y97.3 E1631.86731
G1 F1168.2 X119.981 Y97.579 E1632.00773
G1 F1171.9 X120.102 Y97.836 E1632.12866
G1 F1232.5 X120.121 Y98.291 E1632.31299
G1 F1399.3 X120.141 Y98.747 E1632.47574
G1 F1500 X120.168 Y99.073 E1632.58454
G1 X120.135 Y99.344 E1632.67534
G1 X119.993 Y99.733 E1632.81307
G1 X119.698 Y100.12 E1632.97492
G1 F1401.9 X119.265 Y100.481 E1633.17555
G1 F1235.6 X118.716 Y100.862 E1633.44537
G1 X119.378 Y100.941 E1633.71457
G1 F1401.9 X120.071 Y100.945 E1633.9612
G1 F1500 X122.209 Y100.741 E1634.67553
G1 F1467.7 X123.128 Y100.63 E1634.99019
G1 F1425.9 X123.476 Y100.702 E1635.11453
G1 F1366.1 X123.77 Y100.784 E1635.226
G1 F1403.2 X124.292 Y101.351 E1635.50002
G1 F1497 X130.413 Y110.795 E1639.25065
G1 F1488.1 X130.61 Y111.084 E1639.36791
G1 X131.511 Y112.487 E1639.92692
G1 F1500 X131.708 Y112.87 E1640.07017
G1 X131.752 Y113.319 E1640.22023
G1 X131.705 Y113.679 E1640.34098
G1 X131.545 Y114.066 E1640.48026
G1 X129.204 Y118.033 E1642.0123
G1 F2700 E1633.0123
G0 F9000 X130.232 Y117.077
G0 X131.465 Y113.283
G0 X123.561 Y101.08
G0 X87.961 Y104.49
G0 X87.5 Y104.653
G0 X87.073 Y104.91
G0 X86.657 Y105.313
G0 X86.265 Y105.966
G0 X86.127 Y106.631
G0 X86.16 Y107.521
G0 X86.552 Y108.255
G0 X86.848 Y108.607
G0 X87.223 Y108.908
G0 X87.722 Y109.143
G0 X114.696 Y116.521
G1 F2700 E1642.0123
G1 F1500 X115.099 Y116.743 E1642.16533
G1 X115.517 Y117.048 E1642.33743
G1 X115.881 Y117.4 E1642.50585
G1 X116.204 Y117.8 E1642.67685
G1 X116.498 Y118.285 E1642.86549
G1 X116.697 Y118.695 E1643.01707
G1 X116.869 Y119.141 E1643.17606
G1 X116.998 Y119.576 E1643.32696
G1 X117.082 Y119.92 E1643.44474
G1 X117.167 Y120.386 E1643.60229
G1 X117.225 Y120.842 E1643.75518
G1 X117.276 Y121.808 E1644.07692
G1 X117.253 Y122.699 E1644.37337
G1 X117.169 Y123.502 E1644.6419
G1 X117.053 Y124.208 E1644.87987
G1 X116.9 Y124.894 E1645.11364
G1 X116.731 Y125.499 E1645.32256
G1 X116.54 Y126.057 E1645.51873
G1 X115.819 Y127.836 E1646.15717
G1 X116.596 Y127.302 E1646.47075
G1 X117.345 Y126.738 E1646.7826
G1 X118.161 Y126.08 E1647.13125
G1 X119.035 Y125.312 E1647.51823
G1 X119.905 Y124.471 E1647.92068
G1 X120.771 Y123.531 E1648.34578
G1 X121.591 Y122.547 E1648.77181
G1 X122.346 Y121.559 E1649.18538
G1 X122.994 Y120.66 E1649.55397
G1 X123.916 Y119.272 E1650.10819
G1 X124.264 Y118.713 E1650.3272
G1 X124.828 Y117.77 E1650.69266
G1 X123.734 Y116.049 E1651.37093
G1 X123.302 Y116.59 E1651.60119
G1 X122.908 Y116.97 E1651.78325
G1 X122.605 Y117.205 E1651.91079
G1 X122.198 Y117.455 E1652.06966
G1 X121.748 Y117.667 E1652.23511
G1 X121.373 Y117.783 E1652.36566
G1 X120.857 Y117.871 E1652.53976
G1 X120.604 Y117.892 E1652.6242
G1 X120.101 Y117.885 E1652.79152
G1 X119.734 Y117.833 E1652.9148
G1 X114.696 Y116.521 E1654.64633
G1 F2700 E1645.64633
G0 F9000 X87.838 Y109.198
G0 X87.223 Y108.908
G0 X86.848 Y108.607
G0 X86.552 Y108.255
G0 X86.16 Y107.521
G0 X86.127 Y106.631
G0 X86.265 Y105.966
G0 X86.657 Y105.313
G0 X87.073 Y104.91
G0 X87.5 Y104.653
G0 X87.874 Y104.521
G0 X120.137 Y100.403
G0 X118.697 Y100.86
G1 F2700 E1654.64633
G1 F1054.1 X118.487 Y100.891 E1654.7468
G1 F1071.4 X118.086 Y100.939 E1654.93486
G1 F1087 X117.685 Y100.988 E1655.12028
G1 F1102.9 X117.284 Y101.036 E1655.30296
G1 F1119.4 X116.883 Y101.085 E1655.48301
G1 F1136.4 X116.482 Y101.133 E1655.66032
G1 F1153.8 X116.081 Y101.182 E1655.835
G1 F1172.8 X115.68 Y101.231 E1656.00685
G1 F1191.4 X115.279 Y101.279 E1656.17596
G1 F1210.7 X114.878 Y101.328 E1656.34244
G1 F1230.5 X114.477 Y101.376 E1656.50619
G1 F1251 X114.076 Y101.425 E1656.66729
G1 F1272.3 X113.674 Y101.473 E1656.82605
G1 F1294.2 X113.273 Y101.522 E1656.98178
G1 F1316.9 X112.872 Y101.571 E1657.13482
G1 F1340.5 X112.471 Y101.619 E1657.28513
G1 F1364.9 X112.07 Y101.668 E1657.4328
G1 F1390.2 X111.669 Y101.716 E1657.57773
G1 F1416.4 X111.268 Y101.765 E1657.72003
G1 F1445.1 X110.867 Y101.813 E1657.85946
G1 F1473.5 X110.466 Y101.862 E1657.99624
G1 F1503 X110.065 Y101.911 E1658.13034
G1 F1533.7 X109.664 Y101.959 E1658.26171
G1 F1565.8 X109.263 Y102.008 E1658.39043
G1 F1599.1 X108.861 Y102.056 E1658.51674
G1 F1664.8 X106.705 Y102.293 E1659.16672
G0 F9000 X103.007 Y102.051
G0 X104.943 Y102.396
G1 F1500 X104.662 Y102.323 E1659.26329
G1 X104.329 Y102.203 E1659.38102
G1 X104.054 Y102.07 E1659.48262
G1 X102.377 Y101.039 E1660.13737
G1 X101.92 Y100.803 E1660.30844
G1 X101.354 Y100.547 E1660.51505
G1 X100.025 Y100.015 E1660.99118
G1 X99.7 Y99.899 E1661.10595
G1 X99.684 Y100.403 E1661.27367
G1 X99.56 Y101.065 E1661.49768
G1 X99.353 Y101.596 E1661.68723
G1 X99.104 Y102.048 E1661.85887
G1 X98.774 Y102.464 E1662.03548
G1 X98.504 Y102.75 E1662.1663
G1 X98.124 Y103.051 E1662.32753
G1 X104.943 Y102.396 E1664.60598
G1 F2700 E1655.60598
G0 F9000 X103.007 Y102.051
G0 X91.913 Y104.114
G0 X87.961 Y104.49
G0 X87.5 Y104.653
G0 X87.073 Y104.91
G0 X86.657 Y105.313
G0 X86.265 Y105.966
G0 X86.127 Y106.631
G0 X86.16 Y107.521
G0 X86.552 Y108.255
G0 X86.848 Y108.607
G0 X87.186 Y108.878
G0 X93.511 Y111.632
G0 X94.658 Y111.613
G1 F2700 E1664.60598
G1 F1023.9 X90.488 Y110.573 E1666.7001
G1 X90.81 Y111.076 E1666.99111
G1 X91.032 Y111.528 E1667.23648
G1 X91.265 Y112.169 E1667.56881
G1 X91.39 Y112.582 E1667.77906
G1 X94.291 Y111.701 E1669.25635
G1 X94.658 Y111.613 E1669.44025
G0 F9000 X93.511 Y111.632
G0 X87.223 Y108.908
G0 X86.848 Y108.607
G0 X86.552 Y108.255
G0 X86.16 Y107.521
G0 X86.127 Y106.631
G0 X86.265 Y105.966
G0 X86.657 Y105.313
G0 X87.073 Y104.91
G0 X89.816 Y103.612
G1 F997.3 X89.722 Y103.449 E1669.53437
G1 X89.534 Y103.449 E1669.62842
G1 X89.44 Y103.612 E1669.72254
G1 X89.534 Y103.775 E1669.81667
G1 X89.722 Y103.775 E1669.91071
G1 X89.816 Y103.612 E1670.00484
G0 F9000 X87.864 Y104.202
G0 X83.664 Y104.572
G0 X82.575 Y104.408
G0 X81.93 Y104.153
G0 X76.114 Y100.649
G1 F1500 X76.949 Y101.602 E1670.42626
G1 X77.731 Y102.636 E1670.85745
G1 X78.462 Y103.658 E1671.27537
G1 X79.073 Y104.604 E1671.64993
G1 X79.326 Y105.068 E1671.82571
G1 X79.567 Y105.596 E1672.01875
G1 X79.663 Y105.983 E1672.15137
G1 X79.697 Y106.512 E1672.32768
G1 X79.692 Y106.768 E1672.41284
G1 X79.642 Y107.205 E1672.55913
G1 X79.538 Y107.701 E1672.72769
G1 X79.335 Y108.358 E1672.9564
G1 X79.144 Y108.877 E1673.14034
G1 X78.665 Y109.95 E1673.53117
G1 X78.106 Y111.027 E1673.93476
G1 X77.514 Y112.059 E1674.33047
G1 X76.851 Y113.14 E1674.75225
G1 X76.277 Y114.029 E1675.10421
G1 F1450.7 X75.732 Y114.951 E1675.47255
G1 F1383.8 X75.699 Y115.027 E1675.50242
G1 F1266.9 X75.414 Y115.548 E1675.73628
G1 F1235.6 X74.842 Y116.165 E1676.076
G1 F1333.3 X74.246 Y116.73 E1676.38329
G1 F1423.1 X73.65 Y117.295 E1676.67119
G1 F1473.5 X73.76 Y118.352 E1677.03101
G1 X74.372 Y117.98 E1677.2735
G1 F1412.4 X75.189 Y117.359 E1677.63598
G1 F1322.8 X75.635 Y116.999 E1677.85216
G1 F1235.6 X76.299 Y116.443 E1678.20185
G1 F1284.2 X76.94 Y116.069 E1678.49015
G1 F1450.7 X77.366 Y115.759 E1678.67135
G1 F1500 X77.596 Y115.569 E1678.77057
G1 X78.254 Y114.983 E1679.06363
G1 X78.917 Y114.361 E1679.366
G1 X79.532 Y113.734 E1679.65811
G1 X80.198 Y113.011 E1679.98505
G1 X82.534 Y110.328 E1681.16826
G1 X82.966 Y109.872 E1681.37718
G1 X83.491 Y109.404 E1681.61111
G1 X83.949 Y109.115 E1681.79123
G1 X84.403 Y108.908 E1681.95719
G1 X84.892 Y108.756 E1682.1275
G1 X85.383 Y108.672 E1682.29318
G1 X85.868 Y108.652 E1682.45463
G1 X86.245 Y108.661 E1682.58006
G1 X85.812 Y107.85 E1682.88584
G1 X85.697 Y107.413 E1683.03613
G1 X85.66 Y106.603 E1683.30582
G1 X85.774 Y106.047 E1683.49459
G1 X85.96 Y105.572 E1683.66426
G1 X86.192 Y105.188 E1683.81348
G1 X86.497 Y104.8 E1683.97763
G1 X84.382 Y105.006 E1684.68441
G1 X83.964 Y105.032 E1684.8237
G1 X83.615 Y105.03 E1684.93978
G1 X83.02 Y104.974 E1685.13856
G1 X82.471 Y104.855 E1685.32539
G1 X81.904 Y104.659 E1685.52493
G1 X81.559 Y104.499 E1685.65142
G1 X81.048 Y104.179 E1685.85195
G1 X80.32 Y103.501 E1686.18283
G1 X79.799 Y103.057 E1686.4105
G1 X79.153 Y102.575 E1686.67858
G1 X77.53 Y101.482 E1687.32939
G1 X76.53 Y100.877 E1687.71813
G1 X76.114 Y100.649 E1687.87591
G0 F9000 X78.894 Y105.231
G0 X79.197 Y105.892
G0 X79.245 Y106.635
G0 X79.079 Y107.639
G0 X78.734 Y108.665
G0 X77.712 Y110.789
G0 X73.141 Y118.594
G0 X72.808 Y119.017
G0 X71.304 Y119.784
G1 F1575.6 X71.244 Y119.681 E1687.91365
G1 X71.125 Y119.681 E1687.95133
G1 X71.066 Y119.784 E1687.98892
G1 X71.126 Y119.887 E1688.02666
G1 X71.245 Y119.887 E1688.06434
G1 X71.304 Y119.784 E1688.10192
G1 F2700 E1679.10192
G0 F9000 X75.495 Y117.776
G0 X86.657 Y105.313
G0 X87.073 Y104.91
G0 X87.5 Y104.653
G0 X87.961 Y104.49
G0 X123.561 Y101.08
G0 X132.391 Y111.394
G0 X133.461 Y111.153
G0 X134.279 Y110.323
G0 X135.268 Y110.119
G0 X133.249 Y112.355
G0 X132.75 Y112.061
;TYPE:SKIN
G1 F2700 E1688.10192
G1 F1019 X132.658 Y111.902 E1688.19186
G1 X132.474 Y111.902 E1688.28194
G1 X132.382 Y112.061 E1688.37188
G1 X132.474 Y112.22 E1688.46182
G1 X132.658 Y112.22 E1688.5519
G1 X132.75 Y112.061 E1688.64184
G0 F9000 X134.024 Y112.812
G1 F2700 E1679.64184
G0 F9000 X134.976 Y107.384
G0 X132.484 Y105.894
G0 X132.801 Y103.259
G0 X134.273 Y104.139
;TYPE:WALL-OUTER
G1 F2700 E1688.64184
G1 F1500 X134.523 Y104.119 E1688.72525
G1 X134.715 Y104.196 E1688.79406
G1 X136.556 Y105.588 E1689.56171
G1 X137.877 Y103.863 E1690.28435
G1 X138.004 Y103.769 E1690.33691
G1 X138.173 Y103.715 E1690.39592
G1 X138.423 Y103.747 E1690.47974
G1 X140.319 Y104.654 E1691.1788
G1 X141.387 Y102.66 E1691.93114
G1 F1491.1 X141.532 Y102.523 E1691.99789
G1 F1339.3 X141.886 Y102.354 E1692.14402
G1 F1273.3 X143.842 Y102.965 E1692.94691
G1 F1327.4 X144.194 Y103.067 E1693.08464
G1 X144.915 Y102.217 E1693.50356
G1 X144.395 Y101.976 E1693.71896
G1 F1308.9 X143.645 Y101.682 E1694.02601
G1 F1264.8 X142.564 Y101.294 E1694.47906
G1 F1231.5 X142.184 Y101.171 E1694.64087
G1 F1277.7 X141.762 Y100.969 E1694.82355
G1 F1407.1 X141.34 Y100.766 E1694.98959
G1 F1491.1 X140.66 Y100.557 E1695.22762
G1 F1500 X140.074 Y100.399 E1695.42948
G1 X138.284 Y100.019 E1696.03811
G1 X135.896 Y99.57 E1696.84628
G1 X133.729 Y99.19 E1697.57802
G1 X132.419 Y99.001 E1698.01824
G1 X132.113 Y99.091 E1698.12433
G1 X131.897 Y99.259 E1698.21534
G1 X129.739 Y103.182 E1699.70452
G1 X132.329 Y107.163 E1701.28417
G1 X134.026 Y104.325 E1702.38397
G1 X134.273 Y104.139 E1702.48681
G0 F9000 X132.801 Y103.259
G0 X132.276 Y104.23
G0 X132.293 Y105.274
;TYPE:WALL-INNER
G1 F1500 X133.206 Y103.753 E1703.07684
G1 X133.546 Y103.404 E1703.23889
G1 X133.949 Y103.193 E1703.39019
G1 X134.348 Y103.105 E1703.52609
G1 X134.695 Y103.134 E1703.6419
G1 X134.981 Y103.213 E1703.74059
G1 X135.271 Y103.365 E1703.84949
G1 X136.365 Y104.19 E1704.30522
G1 X137.137 Y103.183 E1704.72725
G1 X137.54 Y102.883 E1704.89435
G1 F1363.6 X138.035 Y102.625 E1705.09858
G1 F1189.5 X138.296 Y102.551 E1705.21236
G1 F1141.6 X138.58 Y102.594 E1705.33789
G1 X138.857 Y102.67 E1705.46342
G1 F1113.6 X139.214 Y102.81 E1705.63522
G1 F1094.1 X139.806 Y103.094 E1705.93463
G1 X140.3 Y102.168 E1706.41321
G1 X140.439 Y101.95 E1706.53111
G1 X140.626 Y101.783 E1706.64543
G1 X139.782 Y101.548 E1707.04493
G1 X139.652 Y101.521 E1707.10548
G1 F1113.6 X139.241 Y101.409 E1707.29632
G1 F1141.6 X138.851 Y101.318 E1707.47135
G1 X138.456 Y101.242 E1707.64714
G1 F1189.5 X138.098 Y101.102 E1707.80837
G1 F1363.6 X137.234 Y100.838 E1708.1389
G1 F1500 X135.723 Y100.555 E1708.6502
G1 X133.551 Y100.175 E1709.38358
G1 X132.609 Y100.039 E1709.70014
G1 X130.904 Y103.139 E1710.87686
G1 X132.293 Y105.274 E1711.72402
G0 F9000 X132.652 Y103.073
G1 F2700 E1702.72402
;MESH:NONMESH
G0 F300 X132.652 Y103.073 Z5.2
G0 F9000 X132.314 Y106.199
G0 X130.12 Y107.619
G0 X132.481 Y109.936
;TIME_ELAPSED:373.970916
;LAYER:6
;TYPE:WALL-OUTER
;MESH:sharkz.stl
G1 F2700 E1711.72402
G1 F1500 X132.341 Y109.907 E1711.77157
G1 X132.125 Y109.758 E1711.85885
G1 X125.008 Y98.776 E1716.21143
G1 X124.951 Y98.621 E1716.26636
G1 X124.204 Y98.648 E1716.51498
G1 X123.803 Y98.643 E1716.64836
G1 X123.422 Y98.526 E1716.78092
G1 X123.23 Y98.393 E1716.8586
G1 X122.896 Y98.011 E1717.02738
G1 X122.434 Y97.048 E1717.38262
G1 X121.85 Y95.978 E1717.78806
G1 X121.516 Y95.425 E1718.00294
G1 X121.058 Y94.736 E1718.27811
G1 X120.614 Y94.133 E1718.52717
G1 X120.124 Y93.547 E1718.78123
G1 X118.869 Y92.19 E1719.39601
G1 X117.826 Y91.141 E1719.88801
G1 X117.445 Y90.784 E1720.06167
G1 X117.06 Y90.45 E1720.23119
G1 X116.543 Y90.05 E1720.44861
G1 X116.577 Y91.715 E1721.0025
G1 X116.581 Y93.134 E1721.47447
G1 X116.534 Y94.46 E1721.91577
G1 X116.436 Y95.49 E1722.2599
G1 X116.297 Y96.546 E1722.61416
G1 X116.068 Y97.802 E1723.03879
G1 X118.586 Y97.858 E1723.87649
G1 X118.826 Y97.945 E1723.96139
G1 X119.012 Y98.151 E1724.05371
G1 X119.162 Y98.98 E1724.33391
G1 X119.106 Y99.267 E1724.43117
G1 X119.006 Y99.398 E1724.48598
G1 X118.851 Y99.497 E1724.54715
G1 X118.37 Y99.686 E1724.71904
G1 X108.709 Y101.105 E1727.96678
G1 X106.592 Y101.364 E1728.67615
G1 F1424.5 X106.116 Y101.527 E1728.85236
G1 F1295.3 X105.64 Y101.691 E1729.04627
G1 F1129.5 X105.501 Y101.695 E1729.10769
G1 F1226.5 X105.095 Y101.407 E1729.31017
G1 F1500 X105.002 Y101.383 E1729.34211
G1 X104.626 Y101.248 E1729.47499
G1 X102.869 Y100.168 E1730.16094
G1 X102.357 Y99.903 E1730.35269
G1 X101.771 Y99.637 E1730.56674
G1 X100.383 Y99.081 E1731.06405
G1 X99.055 Y98.61 E1731.5327
G1 X98.425 Y98.415 E1731.75205
G1 X98.575 Y98.974 E1731.94455
G1 X98.658 Y99.399 E1732.08858
G1 X98.698 Y99.779 E1732.21566
G1 X98.68 Y100.337 E1732.40135
G1 X98.582 Y100.821 E1732.5656
G1 X98.43 Y101.199 E1732.7011
G1 X98.246 Y101.52 E1732.82416
G1 X98.045 Y101.779 E1732.93321
G1 X97.861 Y101.975 E1733.02262
G1 F1472 X97.477 Y102.313 E1733.196
G1 F1396.6 X97.43 Y102.389 E1733.22792
G1 F1237.6 X97.071 Y102.69 E1733.41678
G1 F1155.6 X95.06 Y102.925 E1734.29086
G1 F1183.9 X93.048 Y103.161 E1735.14455
G1 F1180.2 X92.059 Y103.22 E1735.56338
G1 F1196.2 X91.818 Y103.139 E1735.66942
G1 F1254.2 X91.763 Y103.105 E1735.69514
G1 F1327.4 X91.48 Y102.978 E1735.81172
G1 F1399.3 X91.452 Y102.957 E1735.8242
G1 F1456.3 X89.846 Y102.362 E1736.41093
G1 F1500 X88.896 Y102.063 E1736.74218
G1 X88.186 Y101.864 E1736.98743
G1 X88.449 Y102.441 E1737.19833
G1 X88.48 Y102.933 E1737.3623
G1 X88.445 Y103.146 E1737.43409
G1 F1431.3 X88.238 Y103.443 E1737.56028
G1 F1293.1 X87.814 Y103.74 E1737.76001
G1 F1233.6 X87.666 Y103.78 E1737.82201
G1 F1318.1 X87.036 Y103.771 E1738.06049
G1 F1452.1 X86.601 Y103.781 E1738.20999
G1 F1500 X84.273 Y104.011 E1738.98805
G1 X84.001 Y104.031 E1739.07876
G1 X83.674 Y104.032 E1739.18753
G1 X83.144 Y103.978 E1739.36472
G1 X82.69 Y103.878 E1739.51934
G1 X82.362 Y103.766 E1739.63462
G1 X82.031 Y103.617 E1739.75535
G1 X81.685 Y103.399 E1739.89136
G1 X80.999 Y102.766 E1740.20182
G1 X80.423 Y102.275 E1740.45356
G1 X79.758 Y101.776 E1740.73008
G1 X78.074 Y100.642 E1741.40534
G1 X77.031 Y100.011 E1741.81079
G1 X76.467 Y99.705 E1742.02421
G1 X75.886 Y99.413 E1742.24048
G1 X75.55 Y99.28 E1742.36067
G1 X75.233 Y99.177 E1742.47153
G1 X74.699 Y99.04 E1742.65489
G1 X73.782 Y98.918 E1742.96258
G1 X72.998 Y98.845 E1743.22446
G1 X72.851 Y98.847 E1743.27336
G1 X74.003 Y99.86 E1743.78358
G1 X74.859 Y100.739 E1744.19166
G1 X76.151 Y102.206 E1744.84184
G1 X76.919 Y103.22 E1745.26492
G1 X77.624 Y104.203 E1745.66726
G1 X78.198 Y105.089 E1746.01838
G1 X78.422 Y105.497 E1746.17319
G1 X78.662 Y106.019 E1746.36428
G1 X78.7 Y106.623 E1746.56556
G1 X78.65 Y107.073 E1746.71616
G1 X78.561 Y107.487 E1746.857
G1 X78.407 Y107.982 E1747.02942
G1 X78.23 Y108.471 E1747.20239
G1 X77.79 Y109.463 E1747.56333
G1 X77.231 Y110.541 E1747.96721
G1 X76.639 Y111.574 E1748.36321
G1 X76.012 Y112.597 E1748.76228
G1 X75.43 Y113.495 E1749.1182
G1 X75.16 Y113.946 E1749.29303
G1 X74.857 Y114.399 E1749.4743
G1 X74.528 Y114.84 E1749.6573
G1 X73.979 Y115.513 E1749.94617
G1 X73.283 Y116.245 E1750.28212
G1 X72.693 Y116.82 E1750.55613
G1 X72.602 Y116.982 E1750.61793
G1 X72.739 Y118.342 E1751.07256
G1 F1404.5 X72.619 Y118.74 E1751.22022
G1 F1318.1 X72.507 Y118.819 E1751.2721
G1 F1366.1 X72.236 Y118.844 E1751.37149
G1 F1457.7 X71.192 Y118.809 E1751.72899
G1 F1500 X70.484 Y118.803 E1751.96448
G1 X69.497 Y121.757 E1753.00038
G1 X71.641 Y120.646 E1753.80353
G1 F1457.7 X72.55 Y120.132 E1754.16093
G1 F1388.9 X73.132 Y119.767 E1754.4077
G1 F1425.9 X74.228 Y119.248 E1754.83201
G1 F1500 X74.809 Y118.895 E1755.05812
G1 X75.812 Y118.208 E1755.46247
G1 X77 Y117.335 E1755.95282
G1 X77.618 Y116.849 E1756.21431
G1 X78.234 Y116.34 E1756.48009
G1 X78.937 Y115.713 E1756.79339
G1 X79.598 Y115.094 E1757.09459
G1 X80.257 Y114.423 E1757.4074
G1 X80.943 Y113.678 E1757.74423
G1 X83.26 Y111.016 E1758.91803
G1 X83.692 Y110.56 E1759.12695
G1 X84.104 Y110.199 E1759.30914
G1 X84.428 Y109.993 E1759.43684
G1 X84.769 Y109.838 E1759.56142
G1 X85.159 Y109.722 E1759.69675
G1 X85.51 Y109.668 E1759.81487
G1 X85.822 Y109.652 E1759.91878
G1 X86.167 Y109.656 E1760.03353
G1 X86.541 Y109.685 E1760.1583
G1 F1474.9 X86.926 Y109.702 E1760.28865
G1 F1416.4 X87.282 Y109.732 E1760.41449
G1 F1358.7 X87.579 Y109.776 E1760.52474
G1 F1332.1 X87.918 Y109.88 E1760.65754
G1 F1314.6 X88.279 Y110.014 E1760.80367
G1 F1336.9 X88.551 Y110.214 E1760.92966
G1 F1435.4 X89.316 Y111.078 E1761.33075
G1 F1500 X89.546 Y111.387 E1761.45887
G1 X89.749 Y111.711 E1761.58604
G1 X89.907 Y112.037 E1761.70653
G1 X90.107 Y112.589 E1761.90181
G1 X90.274 Y113.162 E1762.10032
G1 X90.376 Y113.662 E1762.27004
G1 X90.432 Y114.085 E1762.41196
G1 X90.653 Y114.113 E1762.48605
G1 X92.048 Y113.666 E1762.97327
G1 X94.68 Y112.872 E1763.88764
G1 X95.297 Y112.732 E1764.09807
G1 X95.895 Y112.649 E1764.29888
G1 F1420.5 X96.383 Y112.561 E1764.47304
G1 F1329.8 X96.42 Y112.545 E1764.48816
G1 F1230.5 X96.864 Y112.47 E1764.67073
G1 F1141.6 X96.924 Y112.451 E1764.69824
G1 F1148.5 X97.681 Y112.548 E1765.02975
G1 F1166.4 X102.097 Y113.692 E1766.98093
G1 F1151.2 X111.497 Y116.164 E1771.19321
G1 F1139.8 X112.311 Y116.397 E1771.56381
G1 F1122.8 X112.845 Y116.574 E1771.81379
G1 F1093.3 X113.456 Y116.798 E1772.11076
G1 F1183 X113.982 Y117.189 E1772.38717
G1 F1336.9 X114.004 Y117.221 E1772.40166
G1 F1425.9 X114.587 Y117.608 E1772.6465
G1 F1500 X114.892 Y117.836 E1772.77316
G1 X115.166 Y118.106 E1772.9011
G1 X115.402 Y118.405 E1773.02779
G1 X115.603 Y118.733 E1773.15574
G1 X115.769 Y119.066 E1773.2795
G1 X115.897 Y119.386 E1773.39413
G1 X116.026 Y119.813 E1773.54249
G1 X116.117 Y120.19 E1773.67148
G1 X116.185 Y120.581 E1773.80348
G1 X116.236 Y121.001 E1773.9442
G1 X116.276 Y121.749 E1774.19334
G1 X116.258 Y122.599 E1774.47611
G1 X116.182 Y123.341 E1774.72419
G1 X116.068 Y124.034 E1774.95779
G1 X115.935 Y124.629 E1775.16057
G1 X115.783 Y125.18 E1775.35068
G1 X115.612 Y125.683 E1775.52738
G1 X115.013 Y127.17 E1776.06057
G1 X114.652 Y128.03 E1776.37079
G1 X113.809 Y129.894 E1777.05121
G1 X114.318 Y129.741 E1777.22799
G1 X114.808 Y129.549 E1777.40303
G1 X115.588 Y129.176 E1777.6906
G1 X116.052 Y128.889 E1777.87206
G1 X117.18 Y128.114 E1778.32725
G1 X117.973 Y127.517 E1778.65739
G1 X118.805 Y126.845 E1779.0131
G1 X119.713 Y126.048 E1779.41494
G1 X120.621 Y125.17 E1779.83504
G1 X121.523 Y124.19 E1780.27804
G1 X122.373 Y123.171 E1780.71939
G1 X123.156 Y122.145 E1781.14866
G1 X123.796 Y121.259 E1781.51219
G1 X124.747 Y119.829 E1782.08338
G1 X125.115 Y119.239 E1782.31466
G1 X126.004 Y117.753 E1782.8906
G1 X123.69 Y114.119 E1784.32351
G1 X123.072 Y115.211 E1784.74084
G1 X122.833 Y115.573 E1784.88512
G1 X122.578 Y115.894 E1785.02147
G1 X122.26 Y116.207 E1785.16988
G1 X122.011 Y116.401 E1785.27486
G1 X121.717 Y116.579 E1785.38917
G1 X121.273 Y116.785 E1785.55197
G1 X120.646 Y116.892 E1785.76353
G1 X120.181 Y116.888 E1785.91819
G1 X119.911 Y116.849 E1786.00893
G1 X115.306 Y115.648 E1787.59179
G1 F1425.9 X114.678 Y115.537 E1787.81493
G1 F1274.4 X114.306 Y115.515 E1787.96081
G1 F1133.8 X113.933 Y115.493 E1788.12523
G1 F1104.6 X112.627 Y115.114 E1788.73945
G1 F1140.7 X107.524 Y113.775 E1791.04691
G1 F1151.2 X102.421 Y112.436 E1793.33331
G1 F1168.2 X98.085 Y111.338 E1795.24349
G1 F1152.1 X97.145 Y111.139 E1795.65958
G1 F1225.5 X96.536 Y110.872 E1795.93028
G1 F1420.5 X96.072 Y110.698 E1796.10433
G1 F1500 X90.026 Y109.189 E1798.17693
G1 F1472 X89.383 Y109.046 E1798.40018
G1 F1368.6 X88.653 Y108.925 E1798.66992
G1 F1315.8 X87.944 Y108.721 E1798.94965
G1 F1369.9 X87.549 Y108.502 E1799.11414
G1 F1428.6 X87.087 Y108.101 E1799.32779
G1 F1464.8 X86.697 Y107.373 E1799.60907
G1 F1488.1 X86.669 Y106.682 E1799.84093
G1 F1500 X86.77 Y106.164 E1800.01646
G1 F1450.7 X87.139 Y105.556 E1800.26105
G1 F1361.2 X87.677 Y105.097 E1800.52026
G1 F1295.3 X88.055 Y104.903 E1800.6839
G1 F1318.1 X88.68 Y104.914 E1800.9205
G1 F1431.3 X89.731 Y104.86 E1801.28733
G1 F1456.3 X91.241 Y104.686 E1801.80804
G1 F1275.5 X92.008 Y104.497 E1802.11702
G1 F1172.8 X92.304 Y104.48 E1802.24315
G1 F1191.4 X93.224 Y104.4 E1802.62985
G1 F1183.9 X95.266 Y104.189 E1803.49494
G1 F1155.6 X97.308 Y103.977 E1804.38124
G1 F1204.8 X97.741 Y104.004 E1804.56089
G1 F1355 X98.174 Y104.032 E1804.72065
G1 F1472 X98.614 Y104.009 E1804.86998
G1 F1500 X105.038 Y103.393 E1807.01641
G1 F1226.5 X105.459 Y103.128 E1807.21876
G1 F1046 X105.778 Y103.108 E1807.37121
G1 F1109.5 X106.116 Y103.147 E1807.52421
G1 F1238.6 X106.455 Y103.186 E1807.66165
G1 F1401.9 X106.794 Y103.225 E1807.78309
G1 F1500 X123.016 Y101.668 E1813.20334
G1 X123.268 Y101.726 E1813.28935
G1 X123.452 Y101.896 E1813.37267
G1 X130.672 Y113.031 E1817.78659
G1 X130.741 Y113.198 E1817.84669
G1 X130.736 Y113.468 E1817.93651
G1 X128.115 Y117.915 E1819.65337
G1 X127.607 Y118.802 E1819.99334
G1 X127.483 Y119.085 E1820.09611
G1 X127.443 Y119.239 E1820.14903
G1 X127.752 Y119.324 E1820.25562
G1 X128.047 Y119.303 E1820.35399
G1 X128.729 Y119.185 E1820.58419
G1 X129.646 Y118.952 E1820.89888
G1 X130.926 Y118.581 E1821.34213
G1 X132.383 Y118.127 E1821.84971
G1 X133.795 Y117.659 E1822.34447
G1 X135.905 Y116.923 E1823.08773
G1 X138.002 Y116.089 E1823.83833
G1 X139.508 Y115.457 E1824.38154
G1 X140.946 Y114.82 E1824.90465
G1 X142.457 Y114.117 E1825.45894
G1 X143.078 Y113.813 E1825.68891
G1 X143.724 Y113.468 E1825.93249
G1 X144.298 Y113.141 E1826.15221
G1 X144.875 Y112.79 E1826.37684
G1 X146.037 Y112.018 E1826.84084
G1 X147.162 Y111.192 E1827.30504
G1 X148.292 Y110.303 E1827.78325
G1 X148.812 Y109.866 E1828.00917
G1 X149.303 Y109.426 E1828.22845
G1 X149.767 Y108.976 E1828.44344
G1 X150.179 Y108.539 E1828.6432
G1 X150.516 Y108.122 E1828.82152
G1 X150.719 Y107.832 E1828.93926
G1 X150.86 Y107.495 E1829.06076
G1 X150.927 Y107.237 E1829.14942
G1 X150.965 Y106.935 E1829.25066
G1 X150.887 Y106.541 E1829.38424
G1 X150.668 Y106.147 E1829.53417
G1 X150.509 Y105.938 E1829.62151
G1 X150.25 Y105.647 E1829.75109
G1 X149.92 Y105.327 E1829.90397
G1 X149.478 Y104.952 E1830.09676
G1 X148.741 Y104.412 E1830.40065
G1 X148.08 Y103.964 E1830.66623
G1 X146.688 Y103.109 E1831.20958
G1 X144.964 Y105.045 E1832.07179
G1 X144.781 Y105.131 E1832.13905
G1 X144.588 Y105.152 E1832.20362
G1 X142.47 Y104.549 E1832.93606
G1 F1488.1 X141.649 Y106.02 E1833.50084
G1 F1357.5 X141.346 Y106.71 E1833.77781
G1 F1262.6 X141.224 Y106.804 E1833.83866
G1 F1376.1 X140.759 Y106.793 E1834.00729
G1 F1500 X138.644 Y105.788 E1834.78612
G1 X137.154 Y107.779 E1835.61324
G1 X136.978 Y107.914 E1835.68701
G1 X136.837 Y107.956 E1835.73594
G1 X136.553 Y107.925 E1835.83096
G1 X134.834 Y106.636 E1836.54559
G1 X132.929 Y109.714 E1837.74955
G1 X132.715 Y109.894 E1837.84256
G1 X132.481 Y109.936 E1837.92163
G1 F2700 E1828.92163
G0 F9000 X131.148 Y110.775
G0 X132.563 Y111.391
G0 X134.279 Y110.323
G0 X140.421 Y112.306
G0 X140.485 Y110.569
G1 F2700 E1837.92163
G1 F1500 X140.391 Y110.429 E1837.97771
G1 X140.348 Y110.197 E1838.05619
G1 X140.409 Y109.983 E1838.1302
G1 X140.801 Y109.267 E1838.4017
G1 X141.045 Y108.899 E1838.54856
G1 F1445.1 X141.544 Y108.273 E1838.82494
G1 F1346.5 X142.044 Y107.647 E1839.12179
G1 F1322.8 X142.446 Y107.453 E1839.29014
G1 F1407.1 X142.873 Y107.286 E1839.4527
G1 F1488.1 X143.418 Y107.114 E1839.64431
G1 F1500 X143.894 Y107.02 E1839.80568
G1 X144.247 Y106.991 E1839.92349
G1 X144.583 Y107.008 E1840.03538
G1 X144.953 Y107.059 E1840.15961
G1 X145.271 Y107.131 E1840.26805
G1 X145.616 Y107.233 E1840.38771
G1 X146.439 Y107.549 E1840.68093
G1 X146.622 Y107.67 E1840.75389
G1 X146.757 Y107.954 E1840.85848
G1 X146.709 Y108.239 E1840.95461
G1 X146.597 Y108.386 E1841.01607
G1 X145.532 Y109.368 E1841.49789
G1 X144.804 Y109.821 E1841.78308
G1 X144.073 Y110.207 E1842.05802
G1 X143.678 Y110.383 E1842.20185
G1 X143.213 Y110.548 E1842.36596
G1 X142.788 Y110.647 E1842.5111
G1 X142.361 Y110.711 E1842.65471
G1 X142.017 Y110.739 E1842.7695
G1 X141.612 Y110.748 E1842.90424
G1 X140.725 Y110.721 E1843.19939
G1 X140.485 Y110.569 E1843.29388
G0 F9000 X140.421 Y112.306
G0 X142.157 Y112.253
G0 X142.959 Y112.158
G0 X144.218 Y111.614
;TYPE:WALL-INNER
G1 F911.9 X144.678 Y111.359 E1843.58164
G1 F960.9 X145.359 Y110.954 E1843.99301
G1 F993.4 X146.309 Y110.312 E1844.56886
G1 F980.4 X147.469 Y109.322 E1845.34491
G1 F1021.1 X147.781 Y109.181 E1845.5122
G1 F1169.1 X148.094 Y109.039 E1845.65887
G1 F1369.9 X148.614 Y108.7 E1845.88494
G1 F1500 X149.067 Y108.261 E1846.09475
G1 X149.425 Y107.881 E1846.26839
G1 X149.818 Y107.394 E1846.47653
G1 X149.961 Y106.933 E1846.63707
G1 X149.8 Y106.645 E1846.74681
G1 X149.472 Y106.276 E1846.91102
G1 F1420.5 X149.236 Y106.134 E1847.00776
G1 F1350.1 X149.187 Y106.089 E1847.03234
G1 F1233.6 X148.78 Y105.882 E1847.21701
G1 F1136.4 X148.736 Y105.847 E1847.2417
G1 F1081.5 X148.467 Y105.733 E1847.37648
G1 F1037.3 X148.056 Y105.42 E1847.62494
G1 F1028.8 X146.925 Y104.709 E1848.27277
G1 F1013.5 X145.782 Y105.988 E1849.11713
G1 X146.06 Y106.075 E1849.26052
G1 F1016.3 X146.881 Y106.396 E1849.69328
G1 F1031.6 X147.225 Y106.593 E1849.88498
G1 F1037.3 X147.51 Y106.821 E1850.06052
G1 F1081.5 X147.584 Y107.014 E1850.15587
G1 F1233.6 X147.646 Y107.309 E1850.27779
G1 F1420.5 X147.681 Y107.535 E1850.35811
G1 F1500 X147.749 Y107.83 E1850.4588
G1 X147.745 Y108.234 E1850.59318
G1 F1369.9 X147.69 Y108.726 E1850.77348
G1 F1169.1 X147.58 Y109.024 E1850.90903
G1 F1021.1 X147.469 Y109.322 E1851.06441
G0 F9000 X148.127 Y108.41
G0 X148.065 Y107.251
G0 X147.286 Y106.229
G0 X146.339 Y105.845
G0 X144.707 Y106.082
G1 F1734.1 X144.579 Y106.076 E1851.10127
G1 F1587.3 X143.87 Y106.002 E1851.32533
G1 F1286.4 X143.259 Y105.97 E1851.56261
G1 F1106.2 X143.053 Y105.967 E1851.65552
G0 F9000 X141.331 Y107.651
G0 X130.269 Y117.25
G0 X129.204 Y118.033
G1 F1500 X130.629 Y117.626 E1852.14843
G1 X132.07 Y117.177 E1852.65044
G1 X133.466 Y116.715 E1853.13952
G1 X135.555 Y115.986 E1853.87541
G1 X137.652 Y115.151 E1854.62614
G1 X139.104 Y114.543 E1855.1497
G1 X140.525 Y113.913 E1855.6667
G1 X142.019 Y113.218 E1856.21474
G1 X142.608 Y112.93 E1856.43281
G1 X143.406 Y112.499 E1856.73446
G1 F1392.8 X143.739 Y112.202 E1856.8943
G1 F1206.8 X143.898 Y112.006 E1856.99864
G1 F1055.6 X144.058 Y111.81 E1857.11822
G1 F938.1 X144.218 Y111.614 E1857.25278
G1 F941.6 X143.929 Y111.617 E1857.40591
G1 F1069.1 X143.64 Y111.621 E1857.54078
G1 F1214.6 X143.448 Y111.603 E1857.61999
G1 F1387.6 X143.058 Y111.612 E1857.76025
G1 F1500 X142.442 Y111.708 E1857.96761
G1 X142.098 Y111.736 E1858.0824
G1 X141.581 Y111.748 E1858.2544
G1 X140.801 Y111.723 E1858.51396
G1 X140.387 Y111.653 E1858.65362
G1 X140.028 Y111.481 E1858.78602
G1 X139.76 Y111.258 E1858.90198
G1 X139.519 Y110.953 E1859.03127
G1 X139.36 Y110.495 E1859.19252
G1 X139.35 Y110.144 E1859.30931
G1 F1391.5 X139.323 Y109.818 E1859.42659
G1 F1213.6 X139.335 Y109.372 E1859.61001
G1 F1098.9 X139.741 Y108.687 E1859.97152
G1 F1063.1 X140.016 Y108.271 E1860.20555
G1 F1066.9 X140.299 Y107.906 E1860.42153
G1 X139.017 Y107.298 E1861.08505
G1 X138.672 Y107.759 E1861.35431
G1 F1043.1 X138.124 Y108.544 E1861.8122
G1 F1141.6 X137.71 Y108.726 E1862.00984
G1 F1391.5 X137.398 Y108.822 E1862.12688
G1 F1500 X137.164 Y108.907 E1862.20969
G1 X136.824 Y108.96 E1862.32414
G1 X136.548 Y108.944 E1862.41609
G1 X136.241 Y108.865 E1862.52153
G1 X135.868 Y108.661 E1862.66293
G1 X135.109 Y108.092 E1862.97843
G1 X133.735 Y110.305 E1863.84481
G1 X133.36 Y110.698 E1864.02548
G1 X132.848 Y110.916 E1864.21057
G1 X132.419 Y110.934 E1864.35338
G1 X132.001 Y110.847 E1864.49539
G1 F1492.5 X131.587 Y110.622 E1864.65289
G1 F1482.2 X131.408 Y110.463 E1864.73348
G1 F1488.1 X131.253 Y110.252 E1864.82125
G1 F1497 X125.132 Y100.807 E1868.57216
G1 F1403.2 X124.512 Y99.975 E1868.94108
G1 F1320.4 X124.342 Y99.712 E1869.05941
G1 X124.036 Y99.716 E1869.17503
G1 F1341.7 X123.492 Y99.636 E1869.37949
G1 F1404.5 X123.051 Y99.475 E1869.54626
G1 F1473.5 X122.483 Y99.058 E1869.78484
G1 F1500 X122.092 Y98.619 E1869.98037
G1 X121.875 Y98.202 E1870.13672
G1 F1357.5 X121.439 Y97.532 E1870.43051
G1 F1200 X121.275 Y97.314 E1870.54393
G1 F1171 X121.093 Y96.963 E1870.71238
G1 F1168.2 X120.847 Y96.538 E1870.9221
G1 F1244.8 X120.611 Y95.971 E1871.16824
G1 F1419.1 X120.253 Y95.331 E1871.42605
G1 F1500 X119.827 Y94.751 E1871.6654
G1 X119.355 Y94.188 E1871.90975
G1 X118.159 Y92.894 E1872.49582
G1 X117.579 Y92.309 E1872.76981
G1 X117.581 Y93.131 E1873.04321
G1 X117.53 Y94.554 E1873.5168
G1 X117.428 Y95.621 E1873.87331
G1 X117.262 Y96.827 E1874.27821
G1 X118.678 Y96.862 E1874.74931
G1 X119.022 Y96.935 E1874.86628
G1 F1419.1 X119.43 Y97.078 E1875.01827
G1 F1244.8 X119.799 Y97.291 E1875.18903
G1 F1168.2 X119.977 Y97.571 E1875.33072
G1 F1171 X120.099 Y97.828 E1875.45193
G1 F1231.5 X120.119 Y98.294 E1875.64088
G1 F1399.3 X120.14 Y98.761 E1875.80756
G1 F1500 X120.162 Y99.102 E1875.92121
G1 X120.131 Y99.344 E1876.00236
G1 X119.989 Y99.737 E1876.14134
G1 X119.69 Y100.128 E1876.30506
G1 F1397.9 X119.252 Y100.492 E1876.5083
G1 F1231.5 X118.707 Y100.862 E1876.77516
G1 X119.36 Y100.939 E1877.04153
G1 F1397.9 X120.058 Y100.946 E1877.29065
G1 F1500 X121.807 Y100.779 E1877.87501
G1 F1476.4 X123.127 Y100.63 E1878.3239
G1 F1434 X123.477 Y100.702 E1878.44822
G1 F1366.1 X123.77 Y100.784 E1878.55933
G1 F1403.2 X124.292 Y101.351 E1878.83335
G1 F1497 X130.413 Y110.795 E1882.58398
G1 F1488.1 X130.61 Y111.084 E1882.70124
G1 X131.511 Y112.487 E1883.26026
G1 F1500 X131.708 Y112.87 E1883.40351
G1 X131.752 Y113.319 E1883.55356
G1 X131.705 Y113.679 E1883.67431
G1 X131.545 Y114.066 E1883.8136
G1 X129.204 Y118.033 E1885.34564
G1 F2700 E1876.34564
G0 F9000 X130.232 Y117.077
G0 X131.465 Y113.283
G0 X123.561 Y101.08
G0 X87.944 Y104.494
G0 X87.388 Y104.707
G0 X86.748 Y105.161
G0 X86.265 Y105.966
G0 X86.127 Y106.631
G0 X86.16 Y107.517
G0 X86.551 Y108.254
G0 X86.848 Y108.607
G0 X87.223 Y108.909
G0 X87.721 Y109.141
G0 X114.696 Y116.521
G1 F2700 E1885.34564
G1 F1500 X115.099 Y116.743 E1885.49867
G1 X115.517 Y117.048 E1885.67077
G1 X115.881 Y117.4 E1885.83919
G1 X116.205 Y117.801 E1886.01065
G1 X116.495 Y118.281 E1886.19718
G1 X116.643 Y118.574 E1886.30636
G1 X116.825 Y119.014 E1886.46473
G1 X116.998 Y119.576 E1886.6603
G1 X117.082 Y119.92 E1886.77808
G1 X117.167 Y120.386 E1886.93563
G1 X117.225 Y120.842 E1887.08852
G1 X117.276 Y121.808 E1887.41026
G1 X117.253 Y122.699 E1887.70671
G1 X117.169 Y123.502 E1887.97524
G1 X117.053 Y124.208 E1888.21321
G1 X116.9 Y124.894 E1888.44698
G1 X116.731 Y125.499 E1888.6559
G1 X116.54 Y126.057 E1888.85207
G1 X115.817 Y127.838 E1889.49138
G1 X116.596 Y127.302 E1889.80588
G1 X117.345 Y126.738 E1890.11773
G1 X118.161 Y126.08 E1890.46638
G1 X119.035 Y125.312 E1890.85336
G1 X119.905 Y124.471 E1891.25581
G1 X120.771 Y123.531 E1891.68091
G1 X121.591 Y122.547 E1892.10694
G1 X122.346 Y121.559 E1892.52051
G1 X122.994 Y120.66 E1892.8891
G1 X123.916 Y119.271 E1893.4436
G1 X124.257 Y118.725 E1893.6577
G1 X124.828 Y117.769 E1894.02807
G1 X123.733 Y116.048 E1894.70652
G1 X123.302 Y116.591 E1894.9371
G1 X122.908 Y116.969 E1895.1187
G1 X122.599 Y117.209 E1895.24883
G1 X122.199 Y117.456 E1895.40519
G1 X121.748 Y117.667 E1895.5708
G1 X121.373 Y117.783 E1895.70136
G1 X120.857 Y117.871 E1895.87546
G1 X120.604 Y117.892 E1895.95989
G1 X120.101 Y117.885 E1896.12721
G1 X119.734 Y117.833 E1896.25049
G1 X114.696 Y116.521 E1897.98203
G1 F2700 E1888.98203
G0 F9000 X87.837 Y109.196
G0 X87.223 Y108.909
G0 X86.848 Y108.607
G0 X86.551 Y108.254
G0 X86.16 Y107.517
G0 X86.127 Y106.631
G0 X86.265 Y105.966
G0 X86.748 Y105.161
G0 X87.388 Y104.707
G0 X87.838 Y104.534
G0 X120.145 Y100.398
G0 X118.693 Y100.86
G1 F2700 E1897.98203
G1 F1054.1 X118.483 Y100.891 E1898.08249
G1 F1071.4 X118.082 Y100.939 E1898.27055
G1 F1087 X117.681 Y100.988 E1898.45597
G1 F1102.9 X117.28 Y101.036 E1898.63866
G1 F1119.4 X116.879 Y101.085 E1898.81871
G1 F1136.4 X116.478 Y101.133 E1898.99602
G1 F1153.8 X116.077 Y101.182 E1899.17069
G1 F1172.8 X115.676 Y101.231 E1899.34254
G1 F1191.4 X115.275 Y101.279 E1899.51166
G1 F1210.7 X114.874 Y101.328 E1899.67814
G1 F1230.5 X114.473 Y101.376 E1899.84188
G1 F1251 X114.072 Y101.425 E1900.00298
G1 F1272.3 X113.671 Y101.474 E1900.1614
G1 F1294.2 X113.269 Y101.522 E1900.31747
G1 F1316.9 X112.868 Y101.571 E1900.47051
G1 F1340.5 X112.467 Y101.619 E1900.62082
G1 F1364.9 X112.066 Y101.668 E1900.76848
G1 F1390.2 X111.665 Y101.717 E1900.91346
G1 F1416.4 X111.264 Y101.765 E1901.05572
G1 F1445.1 X110.863 Y101.814 E1901.19519
G1 F1473.5 X110.462 Y101.862 E1901.33193
G1 F1503 X110.061 Y101.911 E1901.46603
G1 F1533.7 X109.66 Y101.96 E1901.59743
G1 F1565.8 X109.259 Y102.008 E1901.72612
G1 F1599.1 X108.858 Y102.057 E1901.85215
G1 F1664.8 X106.705 Y102.293 E1902.50122
G0 F9000 X103.007 Y102.051
G0 X104.943 Y102.396
G1 F1500 X104.662 Y102.323 E1902.59778
G1 X104.329 Y102.203 E1902.71551
G1 X104.054 Y102.07 E1902.81711
G1 X102.377 Y101.039 E1903.47186
G1 X101.92 Y100.803 E1903.64293
G1 X101.354 Y100.547 E1903.84954
G1 X100.025 Y100.015 E1904.32567
G1 X99.7 Y99.899 E1904.44044
G1 X99.684 Y100.403 E1904.60816
G1 X99.56 Y101.065 E1904.83217
G1 X99.353 Y101.596 E1905.02173
G1 X99.103 Y102.049 E1905.19382
G1 X98.774 Y102.463 E1905.3697
G1 X98.514 Y102.74 E1905.49606
G1 X98.123 Y103.052 E1905.66243
G1 X104.943 Y102.396 E1907.94124
G1 F2700 E1898.94124
G0 F9000 X103.007 Y102.051
G0 X91.9 Y104.118
G0 X87.944 Y104.494
G0 X87.388 Y104.707
G0 X86.748 Y105.161
G0 X86.265 Y105.966
G0 X86.127 Y106.631
G0 X86.16 Y107.517
G0 X86.551 Y108.254
G0 X86.848 Y108.607
G0 X87.186 Y108.879
G0 X93.512 Y111.632
G0 X94.658 Y111.613
G1 F2700 E1907.94124
G1 F1023.9 X90.488 Y110.573 E1910.03536
G1 X90.81 Y111.076 E1910.32637
G1 X91.032 Y111.528 E1910.57174
G1 X91.265 Y112.169 E1910.90407
G1 X91.39 Y112.582 E1911.11432
G1 X94.291 Y111.701 E1912.59161
G1 X94.658 Y111.613 E1912.77551
G0 F9000 X93.512 Y111.632
G0 X87.223 Y108.909
G0 X86.848 Y108.607
G0 X86.551 Y108.254
G0 X86.16 Y107.517
G0 X86.127 Y106.631
G0 X86.265 Y105.966
G0 X86.748 Y105.161
G0 X87.266 Y104.793
G0 X89.801 Y103.61
G1 F992.1 X89.706 Y103.446 E1912.87082
G1 X89.517 Y103.446 E1912.96587
G1 X89.423 Y103.61 E1913.06093
G1 X89.518 Y103.774 E1913.15624
G1 X89.707 Y103.774 E1913.25129
G1 X89.801 Y103.61 E1913.34635
G0 F9000 X87.868 Y104.201
G0 X83.664 Y104.572
G0 X82.575 Y104.408
G0 X81.93 Y104.153
G0 X76.112 Y100.649
G1 F1500 X76.949 Y101.602 E1913.76821
G1 X77.731 Y102.637 E1914.19967
G1 X78.423 Y103.601 E1914.59435
G1 X79.019 Y104.514 E1914.95699
G1 X79.33 Y105.076 E1915.17062
G1 X79.567 Y105.596 E1915.36069
G1 X79.663 Y105.983 E1915.49331
G1 X79.697 Y106.512 E1915.66962
G1 X79.692 Y106.768 E1915.75478
G1 X79.642 Y107.205 E1915.90108
G1 X79.538 Y107.701 E1916.06964
G1 X79.335 Y108.358 E1916.29835
G1 X79.144 Y108.877 E1916.48229
G1 X78.704 Y109.869 E1916.84323
G1 X78.099 Y111.038 E1917.28102
G1 X77.515 Y112.058 E1917.67195
G1 X76.851 Y113.141 E1918.09447
G1 X76.288 Y114.009 E1918.43857
G1 F1450.7 X75.732 Y114.951 E1918.81476
G1 F1383.8 X75.699 Y115.027 E1918.84463
G1 F1266.9 X75.414 Y115.548 E1919.07849
G1 F1183 X74.8 Y116.294 E1919.48597
G1 F1183.9 X74.104 Y117.026 E1919.91162
G1 X73.781 Y117.344 E1920.10263
G1 X73.863 Y118.145 E1920.44194
G1 X74.2 Y117.939 E1920.60838
G1 X75.142 Y117.294 E1921.08949
G1 F1183 X76.299 Y116.443 E1921.69521
G1 F1284.2 X76.94 Y116.069 E1921.98352
G1 F1450.7 X77.378 Y115.751 E1922.16966
G1 F1500 X77.596 Y115.569 E1922.26412
G1 X78.254 Y114.983 E1922.55718
G1 X78.917 Y114.361 E1922.85954
G1 X79.532 Y113.734 E1923.15165
G1 X80.198 Y113.011 E1923.4786
G1 X82.534 Y110.328 E1924.66181
G1 X82.966 Y109.872 E1924.87073
G1 X83.491 Y109.404 E1925.10465
G1 X83.949 Y109.115 E1925.28478
G1 X84.404 Y108.907 E1925.45117
G1 X84.892 Y108.755 E1925.62117
G1 X85.373 Y108.674 E1925.78341
G1 X85.868 Y108.652 E1925.94821
G1 X86.244 Y108.661 E1926.0733
G1 X85.812 Y107.844 E1926.38069
G1 X85.694 Y107.446 E1926.51876
G1 X85.661 Y106.601 E1926.80002
G1 X85.775 Y106.044 E1926.98912
G1 X85.961 Y105.569 E1927.15878
G1 X86.245 Y105.101 E1927.34086
G1 X86.532 Y104.793 E1927.48088
G1 X84.347 Y105.009 E1928.21116
G1 X83.964 Y105.032 E1928.33877
G1 X83.615 Y105.03 E1928.45485
G1 X83.02 Y104.974 E1928.65363
G1 X82.471 Y104.855 E1928.84047
G1 X81.904 Y104.659 E1929.04
G1 X81.559 Y104.499 E1929.16649
G1 X81.046 Y104.177 E1929.36794
G1 X80.32 Y103.501 E1929.69788
G1 X79.798 Y103.056 E1929.92602
G1 X79.165 Y102.583 E1930.18884
G1 X77.53 Y101.482 E1930.84445
G1 X76.532 Y100.878 E1931.23244
G1 X76.112 Y100.649 E1931.39155
G0 F9000 X78.894 Y105.231
G0 X79.197 Y105.892
G0 X79.245 Y106.635
G0 X79.079 Y107.639
G0 X78.734 Y108.665
G0 X77.712 Y110.789
G0 X73.13 Y118.65
G0 X72.667 Y119.126
G0 X71.304 Y119.784
G1 F1575.6 X71.244 Y119.681 E1931.42929
G1 X71.125 Y119.681 E1931.46697
G1 X71.066 Y119.784 E1931.50456
G1 X71.126 Y119.887 E1931.5423
G1 X71.245 Y119.887 E1931.57998
G1 X71.304 Y119.784 E1931.61757
G1 F2700 E1922.61757
G0 F9000 X75.495 Y117.776
G0 X86.748 Y105.161
G0 X87.388 Y104.707
G0 X87.944 Y104.494
G0 X123.561 Y101.08
G0 X132.391 Y111.394
G0 X133.461 Y111.153
G0 X134.279 Y110.323
G0 X135.268 Y110.119
G0 X133.249 Y112.355
G0 X132.75 Y112.061
;TYPE:SKIN
G1 F2700 E1931.61757
G1 F1019 X132.658 Y111.902 E1931.7075
G1 X132.474 Y111.902 E1931.79759
G1 X132.382 Y112.061 E1931.88752
G1 X132.474 Y112.22 E1931.97746
G1 X132.658 Y112.22 E1932.06755
G1 X132.75 Y112.061 E1932.15748
G0 F9000 X134.024 Y112.812
G1 F2700 E1923.15748
G0 F9000 X134.976 Y107.384
G0 X132.484 Y105.894
G0 X132.801 Y103.259
G0 X134.273 Y104.139
;TYPE:WALL-OUTER
G1 F2700 E1932.15748
G1 F1500 X134.523 Y104.119 E1932.2409
G1 X134.715 Y104.196 E1932.3097
G1 X136.556 Y105.588 E1933.07735
G1 X137.877 Y103.863 E1933.8
G1 X138.004 Y103.769 E1933.85255
G1 X138.173 Y103.715 E1933.91156
G1 X138.423 Y103.747 E1933.99539
G1 X140.319 Y104.654 E1934.69444
G1 X141.387 Y102.66 E1935.44679
G1 F1491.1 X141.532 Y102.523 E1935.51353
G1 F1339.3 X141.886 Y102.354 E1935.65966
G1 F1273.3 X143.842 Y102.965 E1936.46255
G1 F1327.4 X144.194 Y103.067 E1936.60029
G1 X144.915 Y102.217 E1937.0192
G1 X144.395 Y101.976 E1937.2346
G1 F1308.9 X143.645 Y101.682 E1937.54165
G1 F1264.8 X142.564 Y101.294 E1937.99471
G1 F1231.5 X142.184 Y101.171 E1938.15651
G1 F1277.7 X141.762 Y100.969 E1938.3392
G1 F1407.1 X141.34 Y100.766 E1938.50523
G1 F1491.1 X140.66 Y100.557 E1938.74326
G1 F1500 X140.074 Y100.399 E1938.94512
G1 X138.284 Y100.019 E1939.55375
G1 X135.896 Y99.57 E1940.36192
G1 X133.729 Y99.19 E1941.09366
G1 X132.419 Y99.001 E1941.53388
G1 X132.113 Y99.091 E1941.63997
G1 X131.892 Y99.262 E1941.73291
G1 X129.739 Y103.182 E1943.22041
G1 X132.329 Y107.163 E1944.80006
G1 X134.026 Y104.325 E1945.89986
G1 X134.273 Y104.139 E1946.0027
G0 F9000 X132.801 Y103.259
G0 X132.276 Y104.23
G0 X132.293 Y105.274
;TYPE:WALL-INNER
G1 F1500 X133.206 Y103.752 E1946.59302
G1 X133.546 Y103.404 E1946.75483
G1 X133.948 Y103.193 E1946.90584
G1 X134.348 Y103.105 E1947.04206
G1 X134.695 Y103.134 E1947.15787
G1 X134.981 Y103.213 E1947.25656
G1 X135.271 Y103.365 E1947.36546
G1 X136.365 Y104.19 E1947.82119
G1 X137.137 Y103.183 E1948.24322
G1 X137.54 Y102.883 E1948.41032
G1 F1363.6 X138.035 Y102.625 E1948.61455
G1 F1189.5 X138.296 Y102.551 E1948.72833
G1 F1141.6 X138.58 Y102.594 E1948.85386
G1 X138.857 Y102.67 E1948.97939
G1 F1113.6 X139.214 Y102.81 E1949.15119
G1 F1094.1 X139.806 Y103.094 E1949.4506
G1 X140.3 Y102.168 E1949.92918
G1 X140.439 Y101.95 E1950.04708
G1 X140.626 Y101.783 E1950.1614
G1 X139.782 Y101.548 E1950.5609
G1 X139.652 Y101.521 E1950.62145
G1 F1113.6 X139.241 Y101.409 E1950.8123
G1 F1141.6 X138.851 Y101.318 E1950.98732
G1 X138.456 Y101.242 E1951.16312
G1 F1189.5 X138.098 Y101.102 E1951.32434
G1 F1363.6 X137.234 Y100.838 E1951.65487
G1 F1500 X135.723 Y100.555 E1952.16617
G1 X133.551 Y100.175 E1952.89955
G1 X132.606 Y100.039 E1953.2171
G1 X130.903 Y103.138 E1954.39321
G1 X132.293 Y105.274 E1955.24083
G0 F9000 X132.652 Y103.073
G1 F2700 E1946.24083
;MESH:NONMESH
G0 F300 X132.652 Y103.073 Z6
G0 F9000 X132.314 Y106.199
G0 X130.12 Y107.619
G0 X132.481 Y109.936
;TIME_ELAPSED:418.088636
;LAYER:7
;TYPE:WALL-OUTER
;MESH:sharkz.stl
G1 F2700 E1955.24083
G1 F1500 X132.341 Y109.907 E1955.28838
G1 X132.125 Y109.758 E1955.37566
G1 X125.008 Y98.776 E1959.72824
G1 X124.957 Y98.619 E1959.78314
G1 X124.204 Y98.648 E1960.03378
G1 X123.803 Y98.643 E1960.16716
G1 X123.422 Y98.526 E1960.29972
G1 X123.228 Y98.39 E1960.37852
G1 X122.9 Y98.011 E1960.54523
G1 X122.423 Y97.032 E1960.90744
G1 X121.862 Y95.993 E1961.30017
G1 X121.494 Y95.389 E1961.53541
G1 X121.058 Y94.736 E1961.79656
G1 X120.614 Y94.133 E1962.04562
G1 X120.124 Y93.547 E1962.29969
G1 X118.869 Y92.19 E1962.91446
G1 X117.826 Y91.141 E1963.40647
G1 X117.445 Y90.784 E1963.58012
G1 X117.06 Y90.45 E1963.74965
G1 X116.729 Y90.193 E1963.88903
G1 X116.543 Y90.073 E1963.96265
G1 X116.577 Y91.715 E1964.5089
G1 X116.581 Y93.134 E1964.98086
G1 X116.534 Y94.46 E1965.42217
G1 X116.436 Y95.49 E1965.76629
G1 X116.297 Y96.546 E1966.12055
G1 X116.068 Y97.802 E1966.54518
G1 X118.586 Y97.858 E1967.38288
G1 X118.827 Y97.946 E1967.46821
G1 X119.015 Y98.197 E1967.57252
G1 X119.162 Y98.984 E1967.8388
G1 X119.106 Y99.267 E1967.93475
G1 X119.006 Y99.398 E1967.98957
G1 X118.851 Y99.497 E1968.05074
G1 X118.37 Y99.686 E1968.22263
G1 X108.709 Y101.105 E1971.47037
G1 X106.592 Y101.364 E1972.17973
G1 F1424.5 X106.116 Y101.527 E1972.35594
G1 F1295.3 X105.64 Y101.691 E1972.54985
G1 F1129.5 X105.501 Y101.695 E1972.61127
G1 F1226.5 X105.095 Y101.407 E1972.81376
G1 F1500 X105.002 Y101.383 E1972.8457
G1 X104.626 Y101.248 E1972.97857
G1 X102.869 Y100.168 E1973.66453
G1 X102.357 Y99.903 E1973.85628
G1 X101.771 Y99.637 E1974.07032
G1 X100.383 Y99.081 E1974.56763
G1 X99.055 Y98.61 E1975.03629
G1 X98.421 Y98.411 E1975.2573
G1 X98.575 Y98.974 E1975.45143
G1 X98.658 Y99.399 E1975.59546
G1 X98.698 Y99.779 E1975.72255
G1 X98.68 Y100.337 E1975.90823
G1 X98.582 Y100.821 E1976.07248
G1 X98.43 Y101.199 E1976.20799
G1 X98.246 Y101.52 E1976.33105
G1 X98.045 Y101.779 E1976.44009
G1 X97.857 Y101.979 E1976.53138
G1 F1472 X97.48 Y102.31 E1976.70142
G1 F1403.2 X97.439 Y102.376 E1976.72904
G1 F1243.8 X97.071 Y102.693 E1976.92387
G1 F1156.5 X95.06 Y102.927 E1977.79723
G1 F1184.8 X93.048 Y103.161 E1978.65014
G1 F1180.2 X92.059 Y103.22 E1979.06897
G1 F1196.2 X91.818 Y103.139 E1979.17502
G1 F1254.2 X91.763 Y103.105 E1979.20074
G1 F1327.4 X91.48 Y102.978 E1979.31732
G1 F1399.3 X91.452 Y102.957 E1979.3298
G1 F1456.3 X89.847 Y102.362 E1979.91621
G1 F1500 X88.864 Y102.054 E1980.25883
G1 X88.187 Y101.865 E1980.49261
G1 X88.422 Y102.377 E1980.67998
G1 X88.506 Y102.858 E1980.84238
G1 X88.475 Y103.135 E1980.93509
G1 F1436.8 X88.269 Y103.423 E1981.05804
G1 F1299.8 X87.812 Y103.743 E1981.27217
G1 F1234.6 X87.655 Y103.785 E1981.33785
G1 F1315.8 X87.038 Y103.775 E1981.57183
G1 F1449.3 X86.603 Y103.784 E1981.7216
G1 F1500 X84.001 Y104.031 E1982.59092
G1 X83.674 Y104.032 E1982.69968
G1 X83.144 Y103.978 E1982.87688
G1 X82.69 Y103.878 E1983.0315
G1 X82.317 Y103.748 E1983.16287
G1 X82.028 Y103.616 E1983.26855
G1 X81.653 Y103.373 E1983.41717
G1 X80.994 Y102.765 E1983.71539
G1 X80.423 Y102.275 E1983.96565
G1 X79.746 Y101.768 E1984.24696
G1 X78.074 Y100.642 E1984.91742
G1 X77.03 Y100.01 E1985.32333
G1 X76.469 Y99.704 E1985.53587
G1 X75.888 Y99.418 E1985.75125
G1 X75.518 Y99.272 E1985.88355
G1 X75.225 Y99.172 E1985.98652
G1 X74.701 Y99.041 E1986.16617
G1 X73.782 Y98.918 E1986.47455
G1 X72.998 Y98.845 E1986.73644
G1 X72.851 Y98.847 E1986.78534
G1 X74.004 Y99.864 E1987.29669
G1 X74.858 Y100.738 E1987.70312
G1 X76.151 Y102.206 E1988.35376
G1 X76.919 Y103.22 E1988.77684
G1 X77.624 Y104.203 E1989.17918
G1 X78.19 Y105.075 E1989.52495
G1 X78.422 Y105.497 E1989.68512
G1 X78.667 Y106.042 E1989.88386
G1 X78.7 Y106.623 E1990.07741
G1 X78.65 Y107.073 E1990.228
G1 X78.561 Y107.487 E1990.36885
G1 X78.407 Y107.982 E1990.54127
G1 X78.23 Y108.471 E1990.71424
G1 X77.79 Y109.463 E1991.07517
G1 X77.231 Y110.541 E1991.47906
G1 X76.639 Y111.574 E1991.87506
G1 X76.012 Y112.596 E1992.27385
G1 X75.419 Y113.514 E1992.63734
G1 X75.153 Y113.958 E1992.80949
G1 X74.857 Y114.399 E1992.98614
G1 X74.527 Y114.841 E1993.1696
G1 X74.007 Y115.477 E1993.44284
G1 X73.252 Y116.28 E1993.80944
G1 X72.643 Y116.868 E1994.09099
G1 X72.603 Y116.972 E1994.12806
G1 X72.749 Y118.327 E1994.58134
G1 F1404.5 X72.622 Y118.74 E1994.73482
G1 F1320.4 X72.511 Y118.819 E1994.7863
G1 F1366.1 X72.24 Y118.844 E1994.88569
G1 F1459.1 X71.192 Y118.809 E1995.24421
G1 F1500 X70.484 Y118.803 E1995.47971
G1 X69.497 Y121.757 E1996.5156
G1 X71.641 Y120.646 E1997.31875
G1 F1459.1 X72.554 Y120.13 E1997.67733
G1 F1388.9 X73.144 Y119.761 E1997.9273
G1 F1427.2 X74.213 Y119.256 E1998.34058
G1 F1500 X74.808 Y118.895 E1998.57205
G1 X75.811 Y118.208 E1998.9764
G1 X77 Y117.335 E1999.46702
G1 X77.618 Y116.849 E1999.72851
G1 X78.234 Y116.34 E1999.99429
G1 X78.937 Y115.713 E2000.30759
G1 X79.598 Y115.094 E2000.60879
G1 X80.257 Y114.423 E2000.9216
G1 X80.943 Y113.678 E2001.25843
G1 X83.26 Y111.016 E2002.43223
G1 X83.692 Y110.56 E2002.64115
G1 X84.104 Y110.199 E2002.82334
G1 X84.428 Y109.993 E2002.95104
G1 X84.769 Y109.838 E2003.07562
G1 X85.159 Y109.722 E2003.21095
G1 X85.51 Y109.668 E2003.32907
G1 X85.822 Y109.652 E2003.43298
G1 X86.167 Y109.656 E2003.54773
G1 X86.54 Y109.684 E2003.67214
G1 F1473.5 X86.926 Y109.7 E2003.80295
G1 F1415.1 X87.282 Y109.731 E2003.92894
G1 F1358.7 X87.577 Y109.776 E2004.03851
G1 F1333.3 X87.918 Y109.88 E2004.17191
G1 F1315.8 X88.279 Y110.015 E2004.31804
G1 F1336.9 X88.551 Y110.214 E2004.44381
G1 F1435.4 X89.104 Y110.83 E2004.73153
G1 F1500 X89.316 Y111.079 E2004.8403
G1 X89.546 Y111.387 E2004.96815
G1 X89.749 Y111.711 E2005.09532
G1 X89.907 Y112.037 E2005.21581
G1 X90.107 Y112.589 E2005.41109
G1 X90.274 Y113.163 E2005.60992
G1 X90.377 Y113.669 E2005.78167
G1 X90.429 Y114.082 E2005.92011
G1 X90.682 Y114.105 E2006.00461
G1 X92.048 Y113.666 E2006.48183
G1 X94.68 Y112.872 E2007.3962
G1 X95.297 Y112.732 E2007.60663
G1 X95.895 Y112.649 E2007.80744
G1 F1420.5 X96.383 Y112.561 E2007.9816
G1 F1329.8 X96.42 Y112.545 E2007.99672
G1 F1230.5 X96.864 Y112.47 E2008.17929
G1 F1141.6 X96.923 Y112.451 E2008.20638
G1 F1152.1 X97.782 Y112.568 E2008.5818
G1 F1169.1 X102.097 Y113.691 E2010.48447
G1 F1151.2 X111.497 Y116.164 E2014.69686
G1 F1139.8 X112.311 Y116.397 E2015.06746
G1 F1122.8 X112.845 Y116.574 E2015.31744
G1 F1093.3 X113.456 Y116.798 E2015.6144
G1 F1183 X113.982 Y117.189 E2015.89081
G1 F1336.9 X114.004 Y117.221 E2015.9053
G1 F1425.9 X114.587 Y117.608 E2016.15014
G1 F1500 X114.892 Y117.836 E2016.2768
G1 X115.166 Y118.106 E2016.40474
G1 X115.402 Y118.405 E2016.53144
G1 X115.603 Y118.733 E2016.65938
G1 X115.769 Y119.066 E2016.78314
G1 X115.897 Y119.386 E2016.89777
G1 X116.026 Y119.813 E2017.04613
G1 X116.117 Y120.19 E2017.17512
G1 X116.185 Y120.581 E2017.30712
G1 X116.236 Y121.001 E2017.44784
G1 X116.276 Y121.749 E2017.69698
G1 X116.258 Y122.599 E2017.97976
G1 X116.182 Y123.341 E2018.22784
G1 X116.068 Y124.034 E2018.46143
G1 X115.935 Y124.629 E2018.66421
G1 X115.783 Y125.18 E2018.85432
G1 X115.612 Y125.683 E2019.03102
G1 X114.997 Y127.211 E2019.57885
G1 X114.584 Y128.191 E2019.93257
G1 X113.81 Y129.894 E2020.55474
G1 X114.318 Y129.741 E2020.7312
G1 X114.794 Y129.555 E2020.90118
G1 X115.588 Y129.176 E2021.19381
G1 X116.035 Y128.9 E2021.36854
G1 X117.18 Y128.114 E2021.83046
G1 X117.973 Y127.517 E2022.1606
G1 X118.805 Y126.845 E2022.51631
G1 X119.713 Y126.048 E2022.91815
G1 X120.621 Y125.17 E2023.33825
G1 X121.523 Y124.19 E2023.78125
G1 X122.373 Y123.171 E2024.2226
G1 X123.156 Y122.145 E2024.65187
G1 X123.796 Y121.259 E2025.0154
G1 X124.764 Y119.802 E2025.5972
G1 X125.122 Y119.227 E2025.82248
G1 X126.004 Y117.753 E2026.3938
G1 X123.69 Y114.119 E2027.82672
G1 X123.072 Y115.211 E2028.24405
G1 X122.833 Y115.573 E2028.38832
G1 X122.578 Y115.894 E2028.52467
G1 X122.26 Y116.207 E2028.67308
G1 X122.013 Y116.399 E2028.77713
G1 X121.717 Y116.579 E2028.89236
G1 X121.273 Y116.785 E2029.05515
G1 X120.646 Y116.892 E2029.26671
G1 X120.181 Y116.888 E2029.42137
G1 X119.911 Y116.849 E2029.51211
G1 X115.306 Y115.648 E2031.09497
G1 F1425.9 X114.678 Y115.537 E2031.31811
G1 F1274.4 X114.306 Y115.515 E2031.46399
G1 F1133.8 X113.933 Y115.493 E2031.62841
G1 F1104.6 X112.627 Y115.114 E2032.24263
G1 F1140.7 X107.524 Y113.775 E2034.55009
G1 F1151.2 X102.421 Y112.436 E2036.83649
G1 F1169.1 X98.089 Y111.339 E2038.74343
G1 F1152.1 X97.144 Y111.139 E2039.16172
G1 F1225.5 X96.536 Y110.872 E2039.43206
G1 F1420.5 X96.072 Y110.699 E2039.60598
G1 F1500 X90.026 Y109.189 E2041.67866
G1 F1470.6 X89.382 Y109.048 E2041.90231
G1 F1367.4 X88.653 Y108.926 E2042.172
G1 F1315.8 X87.935 Y108.719 E2042.45533
G1 F1368.6 X87.553 Y108.507 E2042.61458
G1 F1427.2 X87.087 Y108.1 E2042.83086
G1 F1462 X86.697 Y107.374 E2043.11209
G1 F1488.1 X86.669 Y106.682 E2043.34429
G1 F1500 X86.77 Y106.164 E2043.51982
G1 F1449.3 X87.139 Y105.556 E2043.76465
G1 F1357.5 X87.677 Y105.096 E2044.0248
G1 F1293.1 X88.057 Y104.903 E2044.18923
G1 F1322.8 X88.718 Y104.915 E2044.43859
G1 F1436.8 X89.75 Y104.859 E2044.79746
G1 F1456.3 X91.241 Y104.686 E2045.31167
G1 F1275.5 X92.008 Y104.497 E2045.62065
G1 F1172.8 X92.304 Y104.48 E2045.74678
G1 F1191.4 X93.223 Y104.4 E2046.13306
G1 F1184.8 X95.265 Y104.189 E2046.99747
G1 F1156.5 X97.307 Y103.978 E2047.88304
G1 F1205.8 X97.741 Y104.005 E2048.06296
G1 F1356.2 X98.175 Y104.032 E2048.22292
G1 F1472 X98.604 Y104.009 E2048.36853
G1 F1500 X105.038 Y103.393 E2050.51827
G1 F1226.5 X105.459 Y103.128 E2050.72062
G1 F1046 X105.778 Y103.108 E2050.87307
G1 F1109.5 X106.116 Y103.147 E2051.02607
G1 F1238.6 X106.455 Y103.186 E2051.16351
G1 F1401.9 X106.794 Y103.225 E2051.28495
G1 F1500 X123.016 Y101.668 E2056.7052
G1 X123.268 Y101.726 E2056.79121
G1 X123.452 Y101.896 E2056.87453
G1 X130.672 Y113.031 E2061.28845
G1 X130.741 Y113.198 E2061.34855
G1 X130.736 Y113.467 E2061.43803
G1 X128.115 Y117.916 E2063.15547
G1 X127.526 Y118.944 E2063.54953
G1 X127.441 Y119.236 E2063.65068
G1 X127.605 Y119.298 E2063.70899
G1 X127.929 Y119.325 E2063.81713
G1 X128.729 Y119.185 E2064.08725
G1 X129.646 Y118.952 E2064.40194
G1 X130.926 Y118.581 E2064.84519
G1 X132.383 Y118.127 E2065.35277
G1 X133.795 Y117.659 E2065.84753
G1 X135.905 Y116.923 E2066.59079
G1 X138.002 Y116.089 E2067.34139
G1 X139.508 Y115.457 E2067.88461
G1 X140.946 Y114.82 E2068.40771
G1 X142.457 Y114.117 E2068.962
G1 X143.078 Y113.813 E2069.19197
G1 X143.724 Y113.468 E2069.43555
G1 X144.314 Y113.131 E2069.66154
G1 X144.883 Y112.786 E2069.88286
G1 X146.037 Y112.018 E2070.34391
G1 X147.162 Y111.192 E2070.80811
G1 X148.288 Y110.307 E2071.28445
G1 X148.812 Y109.866 E2071.51225
G1 X149.303 Y109.426 E2071.73153
G1 X149.767 Y108.976 E2071.94651
G1 X150.179 Y108.538 E2072.14652
G1 X150.509 Y108.133 E2072.32027
G1 X150.722 Y107.829 E2072.44373
G1 X150.86 Y107.496 E2072.56362
G1 X150.927 Y107.237 E2072.6526
G1 X150.965 Y106.935 E2072.75384
G1 X150.887 Y106.541 E2072.88743
G1 X150.668 Y106.147 E2073.03736
G1 X150.509 Y105.938 E2073.1247
G1 X150.25 Y105.647 E2073.25427
G1 X149.92 Y105.327 E2073.40716
G1 X149.478 Y104.952 E2073.59995
G1 X148.741 Y104.412 E2073.90383
G1 X148.08 Y103.964 E2074.16942
G1 X146.688 Y103.109 E2074.71276
G1 X145.004 Y105 E2075.55495
G1 X144.781 Y105.131 E2075.64098
G1 X144.588 Y105.152 E2075.70555
G1 X142.47 Y104.549 E2076.43799
G1 F1488.1 X141.649 Y106.02 E2077.00277
G1 F1357.5 X141.346 Y106.71 E2077.27974
G1 F1262.6 X141.224 Y106.804 E2077.34059
G1 F1376.1 X140.759 Y106.793 E2077.50922
G1 F1500 X138.643 Y105.788 E2078.28835
G1 X137.155 Y107.778 E2079.1148
G1 X136.979 Y107.914 E2079.18878
G1 X136.837 Y107.956 E2079.23803
G1 X136.553 Y107.925 E2079.33305
G1 X134.834 Y106.636 E2080.04768
G1 X132.929 Y109.714 E2081.25163
G1 X132.715 Y109.894 E2081.34464
G1 X132.481 Y109.936 E2081.42371
G1 F2700 E2072.42371
G0 F9000 X131.148 Y110.775
G0 X132.563 Y111.391
G0 X134.279 Y110.322
G0 X140.421 Y112.306
G0 X140.485 Y110.569
G1 F2700 E2081.42371
G1 F1500 X140.391 Y110.429 E2081.4798
G1 X140.348 Y110.197 E2081.55828
G1 X140.41 Y109.982 E2081.6327
G1 X140.827 Y109.227 E2081.91957
G1 X141.045 Y108.899 E2082.05056
G1 F1445.1 X141.544 Y108.273 E2082.32694
G1 F1346.5 X142.044 Y107.647 E2082.62379
G1 F1322.8 X142.446 Y107.453 E2082.79215
G1 F1407.1 X142.873 Y107.286 E2082.95471
G1 F1488.1 X143.418 Y107.114 E2083.14631
G1 F1500 X143.894 Y107.02 E2083.30769
G1 X144.247 Y106.991 E2083.42549
G1 X144.583 Y107.008 E2083.53739
G1 X144.952 Y107.059 E2083.66128
G1 X145.244 Y107.123 E2083.76071
G1 X145.602 Y107.228 E2083.88479
G1 X146.525 Y107.588 E2084.21431
G1 X146.729 Y107.858 E2084.32686
G1 X146.751 Y108.092 E2084.40503
G1 X146.705 Y108.241 E2084.4569
G1 X146.596 Y108.387 E2084.5175
G1 X145.532 Y109.368 E2084.99885
G1 X144.804 Y109.821 E2085.28403
G1 X144.042 Y110.222 E2085.57043
G1 X143.658 Y110.391 E2085.70997
G1 X143.213 Y110.548 E2085.86692
G1 X142.788 Y110.647 E2086.01206
G1 X142.361 Y110.711 E2086.15566
G1 X142.017 Y110.739 E2086.27046
G1 X141.612 Y110.748 E2086.40519
G1 X140.735 Y110.721 E2086.69702
G1 X140.485 Y110.569 E2086.79434
G0 F9000 X140.421 Y112.306
G0 X142.157 Y112.253
G0 X142.959 Y112.158
G0 X144.569 Y111.421
;TYPE:WALL-INNER
G1 F952.4 X145.314 Y110.982 E2087.24732
G1 F990.8 X146.308 Y110.313 E2087.85066
G1 F980.4 X147.465 Y109.326 E2088.62457
G1 F1021.8 X147.78 Y109.184 E2088.79327
G1 F1171 X148.095 Y109.041 E2088.94067
G1 F1371.1 X148.614 Y108.701 E2089.16643
G1 F1500 X149.067 Y108.261 E2089.37647
G1 X149.426 Y107.879 E2089.55082
G1 X149.819 Y107.397 E2089.75767
G1 X149.909 Y107.178 E2089.83642
G1 X149.961 Y106.933 E2089.91973
G1 X149.8 Y106.645 E2090.02947
G1 X149.469 Y106.273 E2090.19508
G1 F1420.5 X149.235 Y106.134 E2090.29068
G1 F1348.9 X149.186 Y106.09 E2090.31503
G1 F1232.5 X148.78 Y105.882 E2090.49968
G1 F1134.6 X148.736 Y105.848 E2090.52413
G1 F1079.1 X148.466 Y105.734 E2090.65963
G1 F1035.9 X148.03 Y105.405 E2090.92268
G1 F1026 X146.925 Y104.71 E2091.55745
G1 F1011.5 X145.785 Y105.988 E2092.40217
G1 X146.069 Y106.078 E2092.54912
G1 F1014.9 X146.887 Y106.403 E2092.98181
G1 F1030.2 X147.222 Y106.596 E2093.16904
G1 F1035.9 X147.507 Y106.824 E2093.34481
G1 F1079.1 X147.581 Y107.017 E2093.44037
G1 F1232.5 X147.642 Y107.312 E2093.56231
G1 F1420.5 X147.675 Y107.534 E2093.64114
G1 F1500 X147.745 Y107.83 E2093.7423
G1 X147.74 Y108.234 E2093.87668
G1 F1371.1 X147.685 Y108.724 E2094.0561
G1 F1171 X147.575 Y109.025 E2094.19264
G1 F1021.8 X147.465 Y109.326 E2094.34911
G0 F9000 X148.127 Y108.41
G0 X148.059 Y107.146
G0 X147.181 Y106.19
G0 X146.339 Y105.844
G0 X144.707 Y106.082
G1 F1734.1 X144.579 Y106.076 E2094.38598
G1 F1587.3 X143.87 Y106.002 E2094.61003
G1 F1286.4 X143.259 Y105.97 E2094.84731
G1 F1106.2 X143.053 Y105.967 E2094.94023
G0 F9000 X141.659 Y107.331
G0 X130.353 Y117.148
G0 X129.205 Y118.033
G1 F1500 X130.629 Y117.626 E2095.43282
G1 X132.07 Y117.177 E2095.93482
G1 X133.466 Y116.715 E2096.4239
G1 X135.555 Y115.986 E2097.1598
G1 X137.652 Y115.151 E2097.91052
G1 X139.104 Y114.543 E2098.43409
G1 X140.525 Y113.913 E2098.95108
G1 X142.019 Y113.218 E2099.49912
G1 X142.608 Y112.93 E2099.71719
G1 X143.406 Y112.499 E2100.01884
G1 F1543.2 X143.811 Y112.301 E2100.16458
G1 F1670.4 X144.393 Y111.999 E2100.36042
G1 F1652 X144.42 Y111.916 E2100.38678
G1 F1329.8 X144.494 Y111.669 E2100.48352
G1 F1029.5 X144.569 Y111.421 E2100.60908
G1 X144.321 Y111.351 E2100.73395
G1 F1329.8 X144.072 Y111.28 E2100.83109
G1 F1652 X144.002 Y111.25 E2100.85409
G1 F1663 X143.424 Y111.501 E2101.04314
G1 F1536.9 X143.058 Y111.612 E2101.1673
G1 F1500 X142.442 Y111.708 E2101.37465
G1 X142.098 Y111.736 E2101.48945
G1 X141.581 Y111.748 E2101.66145
G1 X140.801 Y111.723 E2101.92101
G1 X140.387 Y111.653 E2102.06066
G1 X140.028 Y111.481 E2102.19306
G1 X139.76 Y111.258 E2102.30902
G1 X139.518 Y110.953 E2102.43852
G1 X139.36 Y110.494 E2102.59997
G1 X139.35 Y110.143 E2102.71676
G1 F1388.9 X139.321 Y109.815 E2102.83504
G1 F1139.8 X139.341 Y109.361 E2103.03395
G1 F1039.5 X139.747 Y108.681 E2103.41406
G1 F1062.3 X140.012 Y108.276 E2103.64136
G1 F1066.1 X140.299 Y107.906 E2103.86049
G1 X139.016 Y107.299 E2104.5247
G1 X138.67 Y107.761 E2104.79482
G1 F1043.1 X138.124 Y108.547 E2105.25255
G1 F1139.8 X137.714 Y108.727 E2105.44854
G1 F1388.9 X136.975 Y108.947 E2105.72551
G1 F1500 X136.621 Y108.963 E2105.84337
G1 X136.241 Y108.865 E2105.97389
G1 X135.868 Y108.661 E2106.11529
G1 X135.109 Y108.092 E2106.4308
G1 X133.735 Y110.305 E2107.29718
G1 X133.36 Y110.698 E2107.47785
G1 X132.848 Y110.916 E2107.66293
G1 X132.419 Y110.934 E2107.80574
G1 X132.001 Y110.847 E2107.94775
G1 F1492.5 X131.587 Y110.622 E2108.10525
G1 F1482.2 X131.408 Y110.463 E2108.18584
G1 F1488.1 X131.253 Y110.252 E2108.27362
G1 F1497 X125.132 Y100.807 E2112.02453
G1 F1403.2 X124.512 Y99.975 E2112.39345
G1 F1320.4 X124.342 Y99.712 E2112.51177
G1 X124.036 Y99.716 E2112.6274
G1 F1341.7 X123.492 Y99.636 E2112.83186
G1 F1404.5 X123.051 Y99.475 E2112.99862
G1 F1473.5 X122.476 Y99.05 E2113.24072
G1 F1500 X122.096 Y98.617 E2113.43233
G1 X121.874 Y98.195 E2113.59093
G1 F1352.6 X121.428 Y97.523 E2113.88842
G1 F1196.2 X121.28 Y97.327 E2113.99086
G1 F1171 X121.1 Y96.975 E2114.1593
G1 F1168.2 X120.858 Y96.55 E2114.36816
G1 F1245.8 X120.613 Y95.972 E2114.61956
G1 F1421.8 X120.253 Y95.331 E2114.87753
G1 F1500 X119.827 Y94.751 E2115.11688
G1 X119.355 Y94.188 E2115.36124
G1 X118.159 Y92.894 E2115.9473
G1 X117.579 Y92.309 E2116.22129
G1 X117.581 Y93.131 E2116.49469
G1 X117.53 Y94.554 E2116.96829
G1 X117.428 Y95.621 E2117.32479
G1 X117.262 Y96.827 E2117.72969
G1 X118.678 Y96.862 E2118.2008
G1 X119.022 Y96.935 E2118.31776
G1 F1421.8 X119.431 Y97.081 E2118.47014
G1 F1245.8 X119.806 Y97.302 E2118.64445
G1 F1168.2 X119.981 Y97.578 E2118.78402
G1 F1171 X120.101 Y97.835 E2118.90486
G1 F1207.7 X120.111 Y98.067 E2119.00079
G1 F1308.9 X120.137 Y98.584 E2119.1981
G1 F1429.9 X120.163 Y99.102 E2119.37906
G1 F1500 X120.131 Y99.343 E2119.45992
G1 X119.989 Y99.736 E2119.5989
G1 X119.69 Y100.128 E2119.76288
G1 F1397.9 X119.252 Y100.492 E2119.96612
G1 F1231.5 X118.707 Y100.862 E2120.23298
G1 X119.36 Y100.939 E2120.49935
G1 F1397.9 X120.058 Y100.946 E2120.74847
G1 F1500 X121.79 Y100.781 E2121.32714
G1 F1476.4 X123.127 Y100.63 E2121.78181
G1 F1434 X123.477 Y100.702 E2121.90613
G1 F1366.1 X123.77 Y100.784 E2122.01724
G1 F1403.2 X124.292 Y101.351 E2122.29127
G1 F1497 X130.413 Y110.795 E2126.0419
G1 F1488.1 X130.61 Y111.084 E2126.15916
G1 X131.511 Y112.487 E2126.71817
G1 F1500 X131.708 Y112.87 E2126.86142
G1 X131.752 Y113.319 E2127.01147
G1 X131.705 Y113.679 E2127.13223
G1 X131.545 Y114.066 E2127.27151
G1 X129.205 Y118.033 E2128.80338
G1 F2700 E2119.80338
G0 F9000 X130.353 Y117.148
G0 X131.465 Y113.283
G0 X123.561 Y101.08
G0 X87.942 Y104.494
G0 X87.387 Y104.707
G0 X86.748 Y105.161
G0 X86.265 Y105.966
G0 X86.127 Y106.631
G0 X86.16 Y107.515
G0 X86.551 Y108.254
G0 X86.848 Y108.607
G0 X87.223 Y108.908
G0 X87.718 Y109.141
G0 X114.696 Y116.521
G1 F2700 E2128.80338
G1 F1500 X115.099 Y116.743 E2128.95641
G1 X115.517 Y117.048 E2129.12851
G1 X115.881 Y117.4 E2129.29693
G1 X116.205 Y117.801 E2129.4684
G1 X116.495 Y118.281 E2129.65492
G1 X116.643 Y118.574 E2129.7641
G1 X116.825 Y119.014 E2129.92247
G1 X116.998 Y119.576 E2130.11805
G1 X117.082 Y119.92 E2130.23582
G1 X117.167 Y120.386 E2130.39337
G1 X117.225 Y120.842 E2130.54626
G1 X117.276 Y121.808 E2130.868
G1 X117.253 Y122.699 E2131.16445
G1 X117.169 Y123.502 E2131.43298
G1 X117.053 Y124.208 E2131.67095
G1 X116.9 Y124.894 E2131.90472
G1 X116.731 Y125.499 E2132.11365
G1 X116.54 Y126.057 E2132.30981
G1 X115.817 Y127.837 E2132.94881
G1 X116.596 Y127.302 E2133.26313
G1 X117.345 Y126.738 E2133.57498
G1 X118.161 Y126.08 E2133.92362
G1 X119.035 Y125.312 E2134.3106
G1 X119.905 Y124.471 E2134.71306
G1 X120.771 Y123.531 E2135.13816
G1 X121.591 Y122.547 E2135.56418
G1 X122.346 Y121.559 E2135.97776
G1 X122.994 Y120.66 E2136.34635
G1 X123.916 Y119.272 E2136.90057
G1 X124.264 Y118.713 E2137.11957
G1 X124.828 Y117.77 E2137.48503
G1 X123.734 Y116.049 E2138.1633
G1 X123.302 Y116.59 E2138.39357
G1 X122.908 Y116.97 E2138.57563
G1 X122.605 Y117.205 E2138.70317
G1 X122.198 Y117.455 E2138.86203
G1 X121.748 Y117.667 E2139.02748
G1 X121.373 Y117.783 E2139.15804
G1 X120.857 Y117.871 E2139.33214
G1 X120.604 Y117.892 E2139.41658
G1 X120.101 Y117.885 E2139.58389
G1 X119.734 Y117.833 E2139.70718
G1 X114.696 Y116.521 E2141.43871
G1 F2700 E2132.43871
G0 F9000 X87.834 Y109.196
G0 X87.223 Y108.908
G0 X86.848 Y108.607
G0 X86.551 Y108.254
G0 X86.16 Y107.515
G0 X86.127 Y106.631
G0 X86.265 Y105.966
G0 X86.748 Y105.161
G0 X87.387 Y104.707
G0 X87.837 Y104.534
G0 X120.146 Y100.398
G0 X118.693 Y100.86
G1 F2700 E2141.43871
G1 F1054.1 X118.483 Y100.891 E2141.53918
G1 F1071.4 X118.082 Y100.939 E2141.72723
G1 F1087 X117.681 Y100.988 E2141.91266
G1 F1102.9 X117.28 Y101.036 E2142.09534
G1 F1119.4 X116.879 Y101.085 E2142.27539
G1 F1136.4 X116.478 Y101.133 E2142.4527
G1 F1153.8 X116.077 Y101.182 E2142.62737
G1 F1172.8 X115.676 Y101.231 E2142.79923
G1 F1191.4 X115.275 Y101.279 E2142.96834
G1 F1210.7 X114.874 Y101.328 E2143.13482
G1 F1230.5 X114.473 Y101.376 E2143.29856
G1 F1251 X114.072 Y101.425 E2143.45967
G1 F1272.3 X113.671 Y101.474 E2143.61808
G1 F1294.2 X113.269 Y101.522 E2143.77415
G1 F1316.9 X112.868 Y101.571 E2143.92719
G1 F1340.5 X112.467 Y101.619 E2144.0775
G1 F1364.9 X112.066 Y101.668 E2144.22517
G1 F1390.2 X111.665 Y101.717 E2144.37015
G1 F1416.4 X111.264 Y101.765 E2144.5124
G1 F1445.1 X110.863 Y101.814 E2144.65187
G1 F1473.5 X110.462 Y101.862 E2144.78861
G1 F1503 X110.061 Y101.911 E2144.92271
G1 F1533.7 X109.66 Y101.96 E2145.05412
G1 F1565.8 X109.259 Y102.008 E2145.1828
G1 F1599.1 X108.858 Y102.057 E2145.30884
G1 F1664.8 X106.705 Y102.293 E2145.9579
G0 F9000 X103.007 Y102.051
G0 X104.943 Y102.396
G1 F1500 X104.662 Y102.323 E2146.05446
G1 X104.329 Y102.203 E2146.17219
G1 X104.054 Y102.07 E2146.27379
G1 X102.377 Y101.039 E2146.92854
G1 X101.92 Y100.803 E2147.09961
G1 X101.354 Y100.547 E2147.30622
G1 X100.025 Y100.015 E2147.78235
G1 X99.7 Y99.899 E2147.89713
G1 X99.684 Y100.403 E2148.06484
G1 X99.56 Y101.065 E2148.28885
G1 X99.353 Y101.596 E2148.47841
G1 X99.104 Y102.048 E2148.65005
G1 X98.774 Y102.464 E2148.82666
G1 X98.504 Y102.75 E2148.95747
G1 X98.124 Y103.051 E2149.11871
G1 X104.943 Y102.396 E2151.39716
G1 F2700 E2142.39716
G0 F9000 X103.007 Y102.051
G0 X91.9 Y104.118
G0 X87.942 Y104.494
G0 X87.387 Y104.707
G0 X86.748 Y105.161
G0 X86.265 Y105.966
G0 X86.127 Y106.631
G0 X86.16 Y107.515
G0 X86.551 Y108.254
G0 X86.848 Y108.607
G0 X87.186 Y108.878
G0 X93.512 Y111.632
G0 X94.655 Y111.614
G1 F2700 E2151.39716
G1 F1024.6 X90.489 Y110.574 E2153.48795
G1 X90.761 Y111 E2153.73406
G1 X91.024 Y111.506 E2154.01174
G1 X91.265 Y112.169 E2154.35524
G1 X91.389 Y112.583 E2154.56568
G1 X94.404 Y111.671 E2156.09946
G1 X94.655 Y111.614 E2156.22479
G0 F9000 X93.512 Y111.632
G0 X87.223 Y108.908
G0 X86.848 Y108.607
G0 X86.551 Y108.254
G0 X86.16 Y107.515
G0 X86.127 Y106.631
G0 X86.265 Y105.966
G0 X86.748 Y105.161
G0 X87.266 Y104.793
G0 X89.82 Y103.613
G1 F997.3 X89.726 Y103.45 E2156.31892
G1 X89.538 Y103.45 E2156.41296
G1 X89.444 Y103.613 E2156.50709
G1 X89.538 Y103.776 E2156.60121
G1 X89.726 Y103.776 E2156.69526
G1 X89.82 Y103.613 E2156.78938
G0 F9000 X87.864 Y104.202
G0 X83.664 Y104.572
G0 X82.575 Y104.408
G0 X81.923 Y104.152
G0 X76.114 Y100.649
G1 F1500 X76.949 Y101.602 E2157.2108
G1 X77.731 Y102.636 E2157.64199
G1 X78.462 Y103.658 E2158.05991
G1 X79.049 Y104.563 E2158.41869
G1 X79.329 Y105.076 E2158.61308
G1 X79.607 Y105.678 E2158.83362
G1 X79.663 Y105.983 E2158.93676
G1 X79.697 Y106.512 E2159.11307
G1 X79.692 Y106.768 E2159.19823
G1 X79.642 Y107.205 E2159.34453
G1 X79.538 Y107.701 E2159.51308
G1 X79.335 Y108.358 E2159.7418
G1 X79.144 Y108.877 E2159.92573
G1 X78.704 Y109.869 E2160.28667
G1 X78.099 Y111.038 E2160.72447
G1 X77.515 Y112.058 E2161.11539
G1 X76.851 Y113.14 E2161.53763
G1 X76.277 Y114.029 E2161.88959
G1 F1450.7 X75.732 Y114.951 E2162.25793
G1 F1383.8 X75.699 Y115.027 E2162.2878
G1 F1266.9 X75.414 Y115.548 E2162.52166
G1 F1234.6 X74.844 Y116.161 E2162.85993
G1 F1332.1 X74.248 Y116.728 E2163.16801
G1 F1425.9 X73.651 Y117.296 E2163.45633
G1 F1476.4 X73.765 Y118.35 E2163.81458
G1 X74.374 Y117.979 E2164.05556
G1 F1413.8 X75.188 Y117.359 E2164.41664
G1 F1308.9 X75.743 Y116.901 E2164.69092
G1 F1221.5 X76.299 Y116.443 E2164.98513
G1 F1284.2 X76.94 Y116.069 E2165.27343
G1 F1450.7 X77.366 Y115.759 E2165.45462
G1 F1500 X77.596 Y115.569 E2165.55385
G1 X78.254 Y114.983 E2165.84691
G1 X78.917 Y114.361 E2166.14927
G1 X79.532 Y113.734 E2166.44139
G1 X80.198 Y113.011 E2166.76833
G1 X82.534 Y110.328 E2167.95154
G1 X82.966 Y109.872 E2168.16046
G1 X83.491 Y109.404 E2168.39439
G1 X83.949 Y109.115 E2168.57451
G1 X84.404 Y108.907 E2168.74091
G1 X84.892 Y108.755 E2168.91091
G1 X85.373 Y108.674 E2169.07314
G1 X85.868 Y108.652 E2169.23794
G1 X86.244 Y108.661 E2169.36303
G1 X85.812 Y107.844 E2169.67042
G1 X85.694 Y107.446 E2169.80849
G1 X85.661 Y106.601 E2170.08975
G1 X85.775 Y106.044 E2170.27885
G1 X85.961 Y105.569 E2170.44852
G1 X86.245 Y105.102 E2170.63031
G1 X86.529 Y104.796 E2170.76916
G1 X84.347 Y105.009 E2171.49835
G1 X83.964 Y105.032 E2171.62597
G1 X83.615 Y105.03 E2171.74205
G1 X83.02 Y104.974 E2171.94082
G1 X82.471 Y104.855 E2172.12766
G1 X81.904 Y104.659 E2172.32719
G1 X81.55 Y104.494 E2172.45709
G1 X81.013 Y104.151 E2172.66903
G1 X80.327 Y103.51 E2172.98129
G1 X79.797 Y103.055 E2173.21362
G1 X79.153 Y102.575 E2173.48077
G1 X77.53 Y101.482 E2174.13158
G1 X76.53 Y100.877 E2174.52031
G1 X76.114 Y100.649 E2174.67809
G0 F9000 X78.894 Y105.231
G0 X79.197 Y105.892
G0 X79.245 Y106.635
G0 X79.079 Y107.639
G0 X78.734 Y108.665
G0 X77.712 Y110.789
G0 X72.993 Y118.92
G0 X71.304 Y119.784
G1 F1575.6 X71.244 Y119.681 E2174.71584
G1 X71.125 Y119.681 E2174.75352
G1 X71.066 Y119.784 E2174.7911
G1 X71.126 Y119.887 E2174.82885
G1 X71.245 Y119.887 E2174.86653
G1 X71.304 Y119.784 E2174.90411
G1 F2700 E2165.90411
G0 F9000 X76.645 Y116.932
G0 X86.748 Y105.161
G0 X87.387 Y104.707
G0 X87.942 Y104.494
G0 X123.561 Y101.08
G0 X132.151 Y113.794
G0 X131.95 Y114.282
G0 X132.073 Y115.314
G0 X133.248 Y112.355
G0 X132.749 Y112.061
;TYPE:SKIN
G1 F2700 E2174.90411
G1 F1020.4 X132.657 Y111.903 E2174.9935
G1 X132.474 Y111.903 E2175.08298
G1 X132.383 Y112.061 E2175.17212
G1 X132.475 Y112.219 E2175.26151
G1 X132.658 Y112.219 E2175.35099
G1 X132.749 Y112.061 E2175.44013
G0 F9000 X134.023 Y112.813
G1 F2700 E2166.44013
G0 F9000 X134.976 Y107.384
G0 X132.484 Y105.894
G0 X132.801 Y103.259
G0 X134.273 Y104.139
;TYPE:WALL-OUTER
G1 F2700 E2175.44013
G1 F1500 X134.523 Y104.119 E2175.52355
G1 X134.715 Y104.196 E2175.59235
G1 X136.556 Y105.588 E2176.36
G1 X137.877 Y103.863 E2177.08265
G1 X138.004 Y103.769 E2177.1352
G1 X138.173 Y103.715 E2177.19421
G1 X138.423 Y103.747 E2177.27804
G1 X140.319 Y104.654 E2177.97709
G1 X141.387 Y102.66 E2178.72944
G1 F1491.1 X141.532 Y102.523 E2178.79618
G1 F1339.3 X141.886 Y102.354 E2178.94231
G1 F1273.3 X143.842 Y102.965 E2179.7452
G1 F1327.4 X144.194 Y103.067 E2179.88294
G1 X144.915 Y102.217 E2180.30185
G1 X144.395 Y101.976 E2180.51726
G1 F1308.9 X143.645 Y101.682 E2180.82431
G1 F1264.8 X142.564 Y101.294 E2181.27736
G1 F1231.5 X142.184 Y101.171 E2181.43916
G1 F1277.7 X141.762 Y100.969 E2181.62185
G1 F1407.1 X141.34 Y100.766 E2181.78788
G1 F1491.1 X140.66 Y100.557 E2182.02591
G1 F1500 X140.074 Y100.399 E2182.22778
G1 X138.284 Y100.019 E2182.8364
G1 X135.896 Y99.57 E2183.64457
G1 X133.729 Y99.19 E2184.37631
G1 X132.419 Y99.001 E2184.81653
G1 X132.115 Y99.091 E2184.92198
G1 X131.894 Y99.261 E2185.01472
G1 X129.739 Y103.182 E2186.50284
G1 X132.329 Y107.163 E2188.08248
G1 X134.026 Y104.325 E2189.18228
G1 X134.273 Y104.139 E2189.28512
G0 F9000 X132.801 Y103.259
G0 X132.276 Y104.23
G0 X132.293 Y105.274
;TYPE:WALL-INNER
G1 F1500 X133.206 Y103.752 E2189.87544
G1 X133.546 Y103.404 E2190.03726
G1 X133.948 Y103.193 E2190.18826
G1 X134.348 Y103.105 E2190.32448
G1 X134.695 Y103.134 E2190.4403
G1 X134.981 Y103.213 E2190.53898
G1 X135.271 Y103.365 E2190.64788
G1 X136.365 Y104.19 E2191.10362
G1 X137.137 Y103.183 E2191.52564
G1 X137.54 Y102.883 E2191.69274
G1 F1363.6 X138.035 Y102.625 E2191.89697
G1 F1189.5 X138.296 Y102.551 E2192.01075
G1 F1141.6 X138.58 Y102.594 E2192.13628
G1 X138.857 Y102.67 E2192.26182
G1 F1113.6 X139.214 Y102.81 E2192.43362
G1 F1094.1 X139.806 Y103.094 E2192.73302
G1 X140.3 Y102.168 E2193.2116
G1 X140.439 Y101.95 E2193.3295
G1 X140.626 Y101.783 E2193.44382
G1 X139.782 Y101.548 E2193.84332
G1 X139.652 Y101.521 E2193.90387
G1 F1113.6 X139.241 Y101.409 E2194.09472
G1 F1141.6 X138.851 Y101.318 E2194.26974
G1 X138.456 Y101.242 E2194.44554
G1 F1189.5 X138.098 Y101.102 E2194.60676
G1 F1363.6 X137.234 Y100.838 E2194.93729
G1 F1500 X135.723 Y100.555 E2195.44859
G1 X133.551 Y100.175 E2196.18197
G1 X132.608 Y100.04 E2196.49881
G1 X130.903 Y103.138 E2197.67495
G1 X132.293 Y105.274 E2198.52257
G0 F9000 X132.652 Y103.073
G1 F2700 E2189.52257
;MESH:NONMESH
G0 F300 X132.652 Y103.073 Z6.8
G0 F9000 X130.343 Y103.163
G0 X126.505 Y105.651
G0 X123.561 Y101.08
G0 X87.942 Y104.494
G0 X87.387 Y104.707
G0 X86.869 Y105.075
G0 X74.46 Y117.261
G0 X72.619 Y118.74
;TIME_ELAPSED:463.061559
;LAYER:8
;TYPE:WALL-OUTER
;MESH:sharkz.stl
G1 F2700 E2198.52257
G1 F1318.1 X72.507 Y118.819 E2198.57445
G1 F1366.1 X72.236 Y118.844 E2198.67384
G1 F1457.7 X71.192 Y118.809 E2199.03134
G1 F1500 X70.484 Y118.803 E2199.26683
G1 X69.497 Y121.757 E2200.30273
G1 X71.641 Y120.646 E2201.10588
G1 F1457.7 X72.55 Y120.132 E2201.46328
G1 F1388.9 X73.132 Y119.767 E2201.71005
G1 F1425.9 X74.228 Y119.248 E2202.13436
G1 F1500 X74.809 Y118.895 E2202.36047
G1 X75.812 Y118.208 E2202.76482
G1 X77 Y117.335 E2203.25517
G1 X77.618 Y116.849 E2203.51666
G1 X78.234 Y116.34 E2203.78244
G1 X78.937 Y115.713 E2204.09574
G1 X79.598 Y115.094 E2204.39694
G1 X80.257 Y114.423 E2204.70975
G1 X80.943 Y113.678 E2205.04658
G1 X83.27 Y111.006 E2206.22507
G1 X83.692 Y110.56 E2206.42929
G1 X84.104 Y110.199 E2206.61148
G1 X84.428 Y109.993 E2206.73918
G1 X84.769 Y109.838 E2206.86376
G1 X85.159 Y109.722 E2206.99909
G1 X85.51 Y109.668 E2207.11721
G1 X85.822 Y109.652 E2207.22112
G1 X86.201 Y109.657 E2207.34719
G1 X86.553 Y109.685 E2207.46463
G1 F1473.5 X86.926 Y109.701 E2207.59104
G1 F1415.1 X87.282 Y109.73 E2207.71697
G1 F1358.7 X87.575 Y109.775 E2207.82582
G1 F1333.3 X87.918 Y109.88 E2207.96004
G1 F1315.8 X88.279 Y110.015 E2208.10617
G1 F1336.9 X88.551 Y110.214 E2208.23194
G1 F1435.4 X89.104 Y110.83 E2208.51966
G1 F1500 X89.316 Y111.079 E2208.62843
G1 X89.546 Y111.387 E2208.75628
G1 X89.749 Y111.711 E2208.88345
G1 X89.907 Y112.037 E2209.00394
G1 X90.107 Y112.589 E2209.19922
G1 X90.274 Y113.163 E2209.39805
G1 X90.377 Y113.669 E2209.5698
G1 X90.429 Y114.082 E2209.70824
G1 X90.682 Y114.105 E2209.79274
G1 X92.048 Y113.666 E2210.26996
G1 X94.68 Y112.872 E2211.18433
G1 X95.297 Y112.732 E2211.39476
G1 X95.895 Y112.649 E2211.59557
G1 F1420.5 X96.383 Y112.561 E2211.76973
G1 F1329.8 X96.42 Y112.545 E2211.78485
G1 F1230.5 X96.864 Y112.47 E2211.96742
G1 F1141.6 X96.923 Y112.451 E2211.99451
G1 F1152.1 X97.782 Y112.568 E2212.36993
G1 F1169.1 X102.097 Y113.691 E2214.2726
G1 F1151.2 X111.497 Y116.164 E2218.48499
G1 F1139.8 X112.311 Y116.397 E2218.85559
G1 F1122.8 X112.845 Y116.574 E2219.10557
G1 F1093.3 X113.456 Y116.798 E2219.40253
G1 F1183 X113.982 Y117.189 E2219.67894
G1 F1336.9 X114.004 Y117.221 E2219.69343
G1 F1425.9 X114.587 Y117.608 E2219.93827
G1 F1500 X114.892 Y117.836 E2220.06493
G1 X115.166 Y118.106 E2220.19287
G1 X115.402 Y118.405 E2220.31957
G1 X115.603 Y118.733 E2220.44751
G1 X115.769 Y119.066 E2220.57127
G1 X115.897 Y119.386 E2220.6859
G1 X116.026 Y119.813 E2220.83426
G1 X116.117 Y120.19 E2220.96325
G1 X116.185 Y120.581 E2221.09525
G1 X116.236 Y121.001 E2221.23597
G1 X116.276 Y121.749 E2221.48511
G1 X116.258 Y122.599 E2221.76789
G1 X116.182 Y123.341 E2222.01597
G1 X116.068 Y124.034 E2222.24956
G1 X115.935 Y124.629 E2222.45234
G1 X115.783 Y125.18 E2222.64245
G1 X115.612 Y125.683 E2222.81915
G1 X114.997 Y127.211 E2223.36699
G1 X114.584 Y128.191 E2223.7207
G1 X113.81 Y129.894 E2224.34287
G1 X114.318 Y129.741 E2224.51933
G1 X114.794 Y129.555 E2224.68931
G1 X115.588 Y129.176 E2224.98194
G1 X116.035 Y128.9 E2225.15667
G1 X117.18 Y128.114 E2225.61859
G1 X117.973 Y127.517 E2225.94873
G1 X118.805 Y126.845 E2226.30444
G1 X119.713 Y126.048 E2226.70628
G1 X120.621 Y125.17 E2227.12638
G1 X121.523 Y124.19 E2227.56938
G1 X122.373 Y123.171 E2228.01073
G1 X123.156 Y122.145 E2228.44
G1 X123.796 Y121.259 E2228.80353
G1 X124.764 Y119.802 E2229.38533
G1 X125.113 Y119.243 E2229.60451
G1 X126.004 Y117.749 E2230.18308
G1 X123.69 Y114.118 E2231.61515
G1 X123.072 Y115.211 E2232.03277
G1 X122.833 Y115.573 E2232.17705
G1 X122.579 Y115.894 E2232.31319
G1 X122.26 Y116.207 E2232.46184
G1 X122.013 Y116.399 E2232.56589
G1 X121.717 Y116.579 E2232.68111
G1 X121.273 Y116.785 E2232.84391
G1 X120.646 Y116.892 E2233.05546
G1 X120.181 Y116.888 E2233.21013
G1 X119.911 Y116.849 E2233.30086
G1 X115.306 Y115.648 E2234.88373
G1 F1425.9 X114.678 Y115.537 E2235.10687
G1 F1274.4 X114.306 Y115.515 E2235.25275
G1 F1133.8 X113.933 Y115.493 E2235.41717
G1 F1104.6 X112.627 Y115.114 E2236.03139
G1 F1140.7 X107.524 Y113.775 E2238.33885
G1 F1151.2 X102.421 Y112.436 E2240.62525
G1 F1169.1 X98.089 Y111.339 E2242.53218
G1 F1152.1 X97.144 Y111.139 E2242.95048
G1 F1225.5 X96.536 Y110.872 E2243.22081
G1 F1420.5 X96.072 Y110.699 E2243.39474
G1 F1500 X90.026 Y109.189 E2245.46741
G1 F1470.6 X89.382 Y109.048 E2245.69107
G1 F1367.4 X88.653 Y108.926 E2245.96075
G1 F1315.8 X87.939 Y108.72 E2246.24252
G1 F1369.9 X87.547 Y108.502 E2246.40588
G1 F1428.6 X87.087 Y108.104 E2246.61831
G1 F1464.8 X86.697 Y107.373 E2246.90049
G1 F1488.1 X86.669 Y106.682 E2247.13235
G1 F1500 X86.77 Y106.164 E2247.30788
G1 F1449.3 X87.138 Y105.557 E2247.55224
G1 F1356.2 X87.674 Y105.096 E2247.8123
G1 F1293.1 X88.045 Y104.904 E2247.97347
G1 F1321.6 X88.601 Y104.91 E2248.18338
G1 F1435.4 X89.157 Y104.916 E2248.37664
G1 F1500 X89.693 Y104.865 E2248.55572
G1 F1456.3 X91.241 Y104.686 E2249.08956
G1 F1276.6 X92.008 Y104.496 E2249.39837
G1 F1173.7 X92.304 Y104.48 E2249.52437
G1 F1192.4 X93.223 Y104.4 E2249.91035
G1 F1184.8 X95.265 Y104.189 E2250.77476
G1 F1157.4 X97.307 Y103.978 E2251.65965
G1 F1205.8 X97.741 Y104.005 E2251.83957
G1 F1356.2 X98.175 Y104.032 E2251.99953
G1 F1472 X98.605 Y104.009 E2252.14547
G1 F1500 X105.038 Y103.393 E2254.29488
G1 F1226.5 X105.459 Y103.128 E2254.49724
G1 F1046 X105.778 Y103.108 E2254.64968
G1 F1109.5 X106.116 Y103.147 E2254.80268
G1 F1238.6 X106.455 Y103.186 E2254.94012
G1 F1401.9 X106.794 Y103.225 E2255.06157
G1 F1500 X122.624 Y101.705 E2260.35086
G1 X123.653 Y101.615 E2260.69441
G1 X123.731 Y101.516 E2260.73633
G1 X124.855 Y98.622 E2261.76893
G1 X124.204 Y98.648 E2261.98563
G1 X123.8 Y98.648 E2262.12
G1 X123.319 Y98.495 E2262.28788
G1 X122.9 Y98.011 E2262.5008
G1 X122.423 Y97.032 E2262.86301
G1 X121.862 Y95.993 E2263.25574
G1 X121.494 Y95.389 E2263.49098
G1 X121.058 Y94.736 E2263.75213
G1 X120.614 Y94.133 E2264.00119
G1 X120.124 Y93.547 E2264.25526
G1 X118.869 Y92.19 E2264.87003
G1 X117.827 Y91.141 E2265.3618
G1 X117.445 Y90.784 E2265.5357
G1 X117.063 Y90.454 E2265.7036
G1 X116.544 Y90.05 E2265.92235
G1 X116.577 Y91.715 E2266.47624
G1 X116.581 Y93.134 E2266.94821
G1 X116.534 Y94.46 E2267.38951
G1 X116.436 Y95.49 E2267.73364
G1 X116.297 Y96.546 E2268.0879
G1 X116.068 Y97.802 E2268.51253
G1 X118.583 Y97.858 E2269.34923
G1 X118.823 Y97.946 E2269.43425
G1 X119.011 Y98.197 E2269.53855
G1 X119.158 Y98.984 E2269.80484
G1 X119.102 Y99.267 E2269.90079
G1 X119.003 Y99.397 E2269.95514
G1 X118.849 Y99.496 E2270.01603
G1 X118.369 Y99.686 E2270.18773
G1 X108.709 Y101.105 E2273.43514
G1 X106.592 Y101.364 E2274.14451
G1 F1424.5 X106.116 Y101.527 E2274.32072
G1 F1295.3 X105.64 Y101.691 E2274.51463
G1 F1129.5 X105.501 Y101.695 E2274.57605
G1 F1226.5 X105.095 Y101.407 E2274.77853
G1 F1500 X105.002 Y101.383 E2274.81048
G1 X104.626 Y101.248 E2274.94335
G1 X102.869 Y100.168 E2275.6293
G1 X102.357 Y99.903 E2275.82105
G1 X101.771 Y99.637 E2276.0351
G1 X100.383 Y99.081 E2276.53241
G1 X99.055 Y98.61 E2277.00106
G1 X98.421 Y98.412 E2277.22197
G1 X98.575 Y98.974 E2277.41579
G1 X98.658 Y99.399 E2277.55981
G1 X98.698 Y99.779 E2277.6869
G1 X98.68 Y100.337 E2277.87259
G1 X98.582 Y100.821 E2278.03683
G1 X98.43 Y101.199 E2278.17234
G1 X98.246 Y101.52 E2278.2954
G1 X98.045 Y101.779 E2278.40444
G1 X97.857 Y101.979 E2278.49574
G1 F1472 X97.48 Y102.31 E2278.66577
G1 F1403.2 X97.439 Y102.376 E2278.6934
G1 F1243.8 X97.071 Y102.693 E2278.88822
G1 F1156.5 X95.06 Y102.927 E2279.76159
G1 F1184.8 X93.048 Y103.161 E2280.6145
G1 F1190.5 X92.079 Y103.226 E2281.0215
G1 F1207.7 X91.818 Y103.139 E2281.13515
G1 F1255.2 X91.763 Y103.105 E2281.16085
G1 F1327.4 X91.48 Y102.978 E2281.27743
G1 F1399.3 X91.452 Y102.957 E2281.28991
G1 F1456.3 X89.846 Y102.362 E2281.87664
G1 F1500 X88.908 Y102.066 E2282.20378
G1 X88.187 Y101.864 E2282.45282
G1 X88.395 Y102.315 E2282.61801
G1 X88.493 Y102.668 E2282.73986
G1 F1452.1 X88.467 Y103.009 E2282.85736
G1 F1364.9 X88.1 Y103.539 E2283.093
G1 F1275.5 X87.81 Y103.743 E2283.23168
G1 F1234.6 X87.65 Y103.786 E2283.29864
G1 F1314.6 X87.038 Y103.777 E2283.53091
G1 F1447.9 X86.603 Y103.784 E2283.68082
G1 F1500 X84.001 Y104.031 E2284.55014
G1 X83.674 Y104.032 E2284.6589
G1 X83.144 Y103.978 E2284.83609
G1 X82.724 Y103.888 E2284.97896
G1 X82.308 Y103.745 E2285.12527
G1 X82.031 Y103.615 E2285.22704
G1 X81.666 Y103.383 E2285.37089
G1 X81.01 Y102.777 E2285.66792
G1 X80.423 Y102.275 E2285.92482
G1 X79.746 Y101.768 E2286.20613
G1 X78.074 Y100.642 E2286.87659
G1 X77.03 Y100.01 E2287.28249
G1 X76.469 Y99.704 E2287.49504
G1 X75.888 Y99.418 E2287.71042
G1 X75.518 Y99.272 E2287.84272
G1 X75.225 Y99.172 E2287.94569
G1 X74.701 Y99.041 E2288.12534
G1 X73.782 Y98.918 E2288.43372
G1 X72.998 Y98.845 E2288.69561
G1 X72.85 Y98.847 E2288.74484
G1 X74.031 Y99.887 E2289.26824
G1 X74.859 Y100.739 E2289.66339
G1 X76.151 Y102.206 E2290.31357
G1 X76.919 Y103.22 E2290.73664
G1 X77.624 Y104.203 E2291.13898
G1 X78.198 Y105.089 E2291.4901
G1 X78.406 Y105.465 E2291.63302
G1 X78.665 Y106.021 E2291.83703
G1 X78.7 Y106.573 E2292.02099
G1 X78.658 Y107.027 E2292.17264
G1 X78.561 Y107.487 E2292.329
G1 X78.402 Y107.998 E2292.50699
G1 X78.238 Y108.441 E2292.66411
G1 X77.79 Y109.462 E2293.03495
G1 X77.231 Y110.541 E2293.43913
G1 X76.639 Y111.574 E2293.83512
G1 X76.012 Y112.596 E2294.23392
G1 X75.419 Y113.514 E2294.59741
G1 X75.153 Y113.958 E2294.76956
G1 X74.857 Y114.399 E2294.94621
G1 X74.528 Y114.84 E2295.12921
G1 X73.979 Y115.513 E2295.41808
G1 X73.283 Y116.245 E2295.75403
G1 X72.692 Y116.821 E2296.02851
G1 X72.602 Y116.979 E2296.08899
G1 X72.739 Y118.342 E2296.54461
G1 F1404.5 X72.619 Y118.74 E2296.69227
G0 F9000 X74.46 Y117.261
G0 X72.641 Y119.17
G0 X71.304 Y119.784
;TYPE:WALL-INNER
G1 F1575.6 X71.244 Y119.681 E2296.73002
G1 X71.125 Y119.681 E2296.7677
G1 X71.066 Y119.784 E2296.80528
G1 X71.126 Y119.887 E2296.84303
G1 X71.245 Y119.887 E2296.88071
G1 X71.304 Y119.784 E2296.91829
G0 F9000 X72.641 Y119.17
G0 X73.164 Y118.578
G0 X77.712 Y110.789
G0 X78.734 Y108.665
G0 X79.188 Y107.143
G0 X79.245 Y106.635
G0 X79.197 Y105.892
G0 X78.756 Y105.006
G0 X76.114 Y100.649
G1 F1500 X76.949 Y101.602 E2297.33972
G1 X77.731 Y102.636 E2297.7709
G1 X78.462 Y103.658 E2298.18882
G1 X79.019 Y104.515 E2298.52878
G1 X79.281 Y104.981 E2298.70659
G1 X79.557 Y105.571 E2298.92323
G1 X79.662 Y105.966 E2299.05917
G1 X79.705 Y106.612 E2299.27451
G1 X79.642 Y107.207 E2299.47351
G1 X79.538 Y107.701 E2299.64142
G1 X79.34 Y108.344 E2299.86519
G1 X79.142 Y108.872 E2300.05275
G1 X78.706 Y109.864 E2300.41315
G1 X78.099 Y111.038 E2300.85273
G1 X77.515 Y112.058 E2301.24365
G1 X76.851 Y113.14 E2301.66589
G1 X76.277 Y114.029 E2302.01785
G1 F1450.7 X75.732 Y114.951 E2302.38619
G1 F1383.8 X75.699 Y115.027 E2302.41606
G1 F1266.9 X75.414 Y115.548 E2302.64992
G1 F1183 X74.8 Y116.294 E2303.0574
G1 F1183.9 X74.104 Y117.026 E2303.48305
G1 X73.781 Y117.343 E2303.67376
G1 X73.863 Y118.145 E2304.01349
G1 X74.2 Y117.939 E2304.17994
G1 X75.142 Y117.294 E2304.66104
G1 F1183 X76.299 Y116.443 E2305.26676
G1 F1284.2 X76.94 Y116.069 E2305.55507
G1 F1450.7 X77.366 Y115.759 E2305.73626
G1 F1500 X77.596 Y115.569 E2305.83548
G1 X78.254 Y114.983 E2306.12854
G1 X78.917 Y114.361 E2306.43091
G1 X79.532 Y113.734 E2306.72302
G1 X80.198 Y113.011 E2307.04997
G1 X82.544 Y110.318 E2308.23787
G1 X82.966 Y109.872 E2308.44209
G1 X83.491 Y109.404 E2308.67601
G1 X83.949 Y109.115 E2308.85613
G1 X84.404 Y108.907 E2309.02253
G1 X84.892 Y108.755 E2309.19253
G1 X85.445 Y108.67 E2309.37862
G1 X85.77 Y108.654 E2309.48684
G1 X86.239 Y108.66 E2309.64285
G1 X85.797 Y107.798 E2309.96504
G1 X85.694 Y107.445 E2310.08735
G1 X85.661 Y106.601 E2310.36828
G1 X85.775 Y106.044 E2310.55738
G1 X85.961 Y105.569 E2310.72704
G1 X86.245 Y105.102 E2310.90883
G1 X86.529 Y104.796 E2311.04769
G1 X84.347 Y105.009 E2311.77688
G1 X83.964 Y105.032 E2311.90449
G1 X83.615 Y105.03 E2312.02057
G1 X83.02 Y104.974 E2312.21934
G1 X82.47 Y104.855 E2312.40651
G1 X82.04 Y104.714 E2312.55702
G1 X81.563 Y104.504 E2312.73036
G1 X81.023 Y104.158 E2312.94367
G1 X80.344 Y103.523 E2313.25288
G1 X79.797 Y103.056 E2313.4921
G1 X79.153 Y102.575 E2313.75944
G1 X77.53 Y101.482 E2314.41025
G1 X76.53 Y100.877 E2314.79899
G1 X76.114 Y100.649 E2314.95677
G0 F9000 X81.773 Y104.092
G0 X82.575 Y104.408
G0 X83.664 Y104.572
G0 X87.864 Y104.202
G0 X89.765 Y103.606
G1 F980.4 X89.669 Y103.441 E2315.05391
G1 X89.478 Y103.441 E2315.15111
G1 X89.383 Y103.606 E2315.248
G1 X89.479 Y103.771 E2315.34514
G1 X89.67 Y103.771 E2315.44233
G1 X89.765 Y103.606 E2315.53922
G0 F9000 X87.386 Y104.708
G0 X86.748 Y105.161
G0 X86.265 Y105.966
G0 X86.127 Y106.631
G0 X86.16 Y107.515
G0 X86.551 Y108.254
G0 X86.848 Y108.607
G0 X87.185 Y108.878
G0 X93.512 Y111.632
G0 X94.655 Y111.614
G1 F1024.6 X90.489 Y110.574 E2317.63002
G1 X90.761 Y111 E2317.87613
G1 X91.024 Y111.506 E2318.15381
G1 X91.265 Y112.169 E2318.49731
G1 X91.389 Y112.583 E2318.70775
G1 X94.404 Y111.671 E2320.24153
G1 X94.655 Y111.614 E2320.36686
G1 F2700 E2311.36686
G0 F9000 X93.512 Y111.632
G0 X87.222 Y108.908
G0 X86.848 Y108.607
G0 X86.551 Y108.254
G0 X86.16 Y107.515
G0 X86.127 Y106.631
G0 X86.265 Y105.966
G0 X86.748 Y105.161
G0 X87.386 Y104.708
G0 X87.939 Y104.494
G0 X91.897 Y104.118
G0 X103.007 Y102.05
G0 X104.943 Y102.396
G1 F2700 E2320.36686
G1 F1500 X104.662 Y102.324 E2320.46334
G1 X104.329 Y102.203 E2320.58118
G1 X104.054 Y102.07 E2320.68278
G1 X102.376 Y101.039 E2321.33782
G1 X101.92 Y100.803 E2321.50859
G1 X101.354 Y100.547 E2321.7152
G1 X100.025 Y100.015 E2322.19133
G1 X99.7 Y99.899 E2322.3061
G1 X99.684 Y100.403 E2322.47382
G1 X99.56 Y101.065 E2322.69783
G1 X99.353 Y101.596 E2322.88739
G1 X99.104 Y102.048 E2323.05903
G1 X98.774 Y102.464 E2323.23564
G1 X98.504 Y102.75 E2323.36645
G1 X98.124 Y103.051 E2323.52769
G1 X104.943 Y102.396 E2325.80614
G0 F9000 X103.007 Y102.05
G0 X106.705 Y102.293
G1 F1664.8 X108.826 Y102.061 E2326.44553
G1 F1599.1 X109.228 Y102.013 E2326.57184
G1 F1565.8 X109.63 Y101.964 E2326.70088
G1 F1533.7 X110.032 Y101.915 E2326.83261
G1 F1501.5 X110.434 Y101.867 E2326.96713
G1 F1472 X110.836 Y101.818 E2327.10439
G1 F1443.7 X111.238 Y101.769 E2327.24434
G1 F1416.4 X111.64 Y101.721 E2327.38694
G1 F1390.2 X112.042 Y101.672 E2327.53227
G1 F1364.9 X112.444 Y101.623 E2327.6803
G1 F1339.3 X112.846 Y101.575 E2327.83112
G1 F1315.8 X113.248 Y101.526 E2327.98467
G1 F1293.1 X113.651 Y101.477 E2328.1413
G1 F1271.2 X114.053 Y101.429 E2328.30019
G1 F1250 X114.455 Y101.38 E2328.46183
G1 F1229.5 X114.857 Y101.331 E2328.62615
G1 F1208.7 X115.259 Y101.283 E2328.79326
G1 F1189.5 X115.661 Y101.234 E2328.96311
G1 F1171 X116.063 Y101.185 E2329.13566
G1 F1153 X116.465 Y101.137 E2329.31084
G1 F1135.5 X116.867 Y101.088 E2329.48878
G1 F1118.6 X117.269 Y101.039 E2329.6694
G1 F1101.3 X117.671 Y100.991 E2329.8528
G1 F1085.4 X118.073 Y100.942 E2330.03895
G1 F1069.9 X118.476 Y100.893 E2330.22826
G1 F1052.6 X118.693 Y100.861 E2330.33222
G0 F9000 X118.708 Y100.863
G1 F1230.5 X119.362 Y100.94 E2330.59921
G1 F1397.9 X120.06 Y100.947 E2330.84833
G1 F1500 X122.986 Y100.67 E2331.82587
G1 X123.412 Y99.574 E2332.21697
G1 X123.148 Y99.49 E2332.30911
G1 X122.832 Y99.347 E2332.42447
G1 X122.476 Y99.05 E2332.57868
G1 X122.098 Y98.618 E2332.7696
G1 X121.965 Y98.385 E2332.85883
G1 X121.874 Y98.194 E2332.9292
G1 F1351.4 X121.428 Y97.523 E2333.22665
G1 F1195.2 X121.279 Y97.325 E2333.33009
G1 F1169.1 X121.099 Y96.973 E2333.4988
G1 F1166.4 X120.857 Y96.551 E2333.70687
G1 F1245.8 X120.613 Y95.971 E2333.95885
G1 F1421.8 X120.254 Y95.332 E2334.21603
G1 F1500 X119.827 Y94.751 E2334.45585
G1 X119.355 Y94.188 E2334.70021
G1 X118.159 Y92.894 E2335.28627
G1 X117.579 Y92.309 E2335.56026
G1 X117.581 Y93.131 E2335.83366
G1 X117.53 Y94.554 E2336.30726
G1 X117.428 Y95.621 E2336.66376
G1 X117.27 Y96.827 E2337.06831
G1 X118.676 Y96.862 E2337.53609
G1 X119.02 Y96.936 E2337.65312
G1 F1421.8 X119.428 Y97.082 E2337.80518
G1 F1245.8 X119.804 Y97.302 E2337.97963
G1 F1166.4 X119.977 Y97.578 E2338.11895
G1 F1169.1 X120.098 Y97.835 E2338.24017
G1 F1205.8 X120.106 Y98.068 E2338.33663
G1 F1307.8 X120.132 Y98.585 E2338.53411
G1 F1429.9 X120.159 Y99.103 E2338.71509
G1 F1500 X120.128 Y99.342 E2338.79524
G1 X119.986 Y99.736 E2338.93454
G1 X119.689 Y100.125 E2339.09732
G1 F1397.9 X119.252 Y100.49 E2339.30052
G1 F1230.5 X118.708 Y100.863 E2339.56795
G1 F2700 E2330.56795
G0 F9000 X120.159 Y100.394
G0 X87.939 Y104.494
G0 X87.386 Y104.708
G0 X86.748 Y105.161
G0 X86.265 Y105.966
G0 X86.127 Y106.631
G0 X86.16 Y107.515
G0 X86.551 Y108.254
G0 X86.848 Y108.607
G0 X87.222 Y108.908
G0 X87.717 Y109.14
G0 X114.696 Y116.521
G1 F2700 E2339.56795
G1 F1500 X115.099 Y116.743 E2339.72098
G1 X115.517 Y117.048 E2339.89308
G1 X115.881 Y117.4 E2340.0615
G1 X116.205 Y117.801 E2340.23297
G1 X116.495 Y118.281 E2340.41949
G1 X116.643 Y118.574 E2340.52867
G1 X116.825 Y119.014 E2340.68704
G1 X116.998 Y119.576 E2340.88262
G1 X117.082 Y119.92 E2341.00039
G1 X117.167 Y120.386 E2341.15794
G1 X117.225 Y120.842 E2341.31083
G1 X117.276 Y121.808 E2341.63257
G1 X117.253 Y122.699 E2341.92902
G1 X117.169 Y123.502 E2342.19755
G1 X117.053 Y124.208 E2342.43552
G1 X116.9 Y124.894 E2342.66929
G1 X116.731 Y125.499 E2342.87822
G1 X116.54 Y126.057 E2343.07438
G1 X115.817 Y127.837 E2343.71338
G1 X116.596 Y127.302 E2344.0277
G1 X117.345 Y126.738 E2344.33955
G1 X118.161 Y126.08 E2344.68819
G1 X119.035 Y125.312 E2345.07517
G1 X119.905 Y124.471 E2345.47763
G1 X120.771 Y123.531 E2345.90273
G1 X121.591 Y122.547 E2346.32875
G1 X122.346 Y121.559 E2346.74233
G1 X122.994 Y120.66 E2347.11091
G1 X123.916 Y119.272 E2347.66514
G1 X124.265 Y118.713 E2347.88432
G1 X124.829 Y117.767 E2348.25064
G1 X123.734 Y116.048 E2348.92852
G1 X123.311 Y116.581 E2349.15484
G1 X122.909 Y116.969 E2349.34067
G1 X122.605 Y117.205 E2349.46867
G1 X122.198 Y117.455 E2349.62754
G1 X121.748 Y117.667 E2349.79299
G1 X121.373 Y117.783 E2349.92354
G1 X120.857 Y117.871 E2350.09764
G1 X120.604 Y117.892 E2350.18208
G1 X120.101 Y117.885 E2350.34939
G1 X119.734 Y117.833 E2350.47268
G1 X114.696 Y116.521 E2352.20421
G1 F2700 E2343.20421
G0 F9000 X119.798 Y117.357
G0 X120.307 Y115.729
G0 X123.633 Y111.899
G0 X130.911 Y107.113
G0 X132.314 Y106.199
G0 X132.801 Y103.259
G0 X134.273 Y104.139
;TYPE:WALL-OUTER
G1 F2700 E2352.20421
G1 F1500 X134.523 Y104.119 E2352.28763
G1 X134.715 Y104.196 E2352.35643
G1 X136.556 Y105.588 E2353.12408
G1 X137.877 Y103.863 E2353.84673
G1 X138.004 Y103.769 E2353.89928
G1 X138.173 Y103.715 E2353.95829
G1 X138.423 Y103.747 E2354.04212
G1 X140.319 Y104.654 E2354.74117
G1 X141.387 Y102.66 E2355.49352
G1 F1491.1 X141.532 Y102.523 E2355.56026
G1 F1339.3 X141.886 Y102.354 E2355.70639
G1 F1273.3 X143.842 Y102.965 E2356.50928
G1 F1327.4 X144.194 Y103.067 E2356.64702
G1 X144.915 Y102.217 E2357.06593
G1 X144.395 Y101.976 E2357.28133
G1 F1308.9 X143.645 Y101.682 E2357.58839
G1 F1264.8 X142.564 Y101.294 E2358.04144
G1 F1231.5 X142.184 Y101.171 E2358.20324
G1 F1277.7 X141.762 Y100.969 E2358.38593
G1 F1407.1 X141.34 Y100.766 E2358.55196
G1 F1491.1 X140.66 Y100.557 E2358.78999
G1 F1500 X140.074 Y100.399 E2358.99185
G1 X138.284 Y100.019 E2359.60048
G1 X135.896 Y99.57 E2360.40865
G1 X133.729 Y99.19 E2361.14039
G1 X132.419 Y99.001 E2361.58061
G1 X132.113 Y99.091 E2361.6867
G1 X131.892 Y99.262 E2361.77964
G1 X129.739 Y103.182 E2363.26714
G1 X132.329 Y107.163 E2364.84679
G1 X134.026 Y104.325 E2365.94659
G1 X134.273 Y104.139 E2366.04943
G0 F9000 X132.801 Y103.259
G0 X132.276 Y104.23
G0 X132.293 Y105.274
;TYPE:WALL-INNER
G1 F1500 X133.206 Y103.752 E2366.63975
G1 X133.546 Y103.404 E2366.80156
G1 X133.948 Y103.193 E2366.95257
G1 X134.348 Y103.105 E2367.08879
G1 X134.695 Y103.134 E2367.20461
G1 X134.981 Y103.213 E2367.30329
G1 X135.271 Y103.365 E2367.41219
G1 X136.365 Y104.19 E2367.86792
G1 X137.137 Y103.183 E2368.28995
G1 X137.54 Y102.883 E2368.45705
G1 F1363.6 X138.035 Y102.625 E2368.66128
G1 F1189.5 X138.296 Y102.551 E2368.77506
G1 F1141.6 X138.58 Y102.594 E2368.90059
G1 X138.857 Y102.67 E2369.02612
G1 F1113.6 X139.214 Y102.81 E2369.19792
G1 F1094.1 X139.806 Y103.094 E2369.49733
G1 X140.3 Y102.168 E2369.97591
G1 X140.439 Y101.95 E2370.09381
G1 X140.626 Y101.783 E2370.20813
G1 X139.782 Y101.548 E2370.60763
G1 X139.652 Y101.521 E2370.66818
G1 F1113.6 X139.241 Y101.409 E2370.85903
G1 F1141.6 X138.851 Y101.318 E2371.03405
G1 X138.456 Y101.242 E2371.20985
G1 F1189.5 X138.098 Y101.102 E2371.37107
G1 F1363.6 X137.234 Y100.838 E2371.7016
G1 F1500 X135.723 Y100.555 E2372.2129
G1 X133.551 Y100.175 E2372.94628
G1 X132.606 Y100.039 E2373.26383
G1 X130.903 Y103.138 E2374.43994
G1 X132.293 Y105.274 E2375.28756
G0 F9000 X132.652 Y103.073
G1 F2700 E2366.28756
G0 F9000 X134.145 Y103.102
G0 X136.462 Y104.874
G0 X138.715 Y106.56
G0 X139.739 Y108.037
G0 X141.226 Y106.805
;TYPE:WALL-OUTER
G1 F2700 E2375.28756
G1 F1377.4 X140.763 Y106.793 E2375.45531
G1 F1500 X138.644 Y105.788 E2376.23535
G1 X137.154 Y107.779 E2377.06246
G1 X136.978 Y107.914 E2377.13623
G1 X136.837 Y107.956 E2377.18517
G1 X136.562 Y107.931 E2377.27701
G1 X134.834 Y106.636 E2377.99523
G1 X133.232 Y109.222 E2379.007
G1 X128.115 Y117.915 E2382.36203
G1 X127.609 Y118.799 E2382.70081
G1 X127.501 Y119.031 E2382.78592
G1 X127.445 Y119.238 E2382.85724
G1 X127.753 Y119.325 E2382.96369
G1 X128.047 Y119.303 E2383.06175
G1 X128.729 Y119.185 E2383.29196
G1 X129.646 Y118.952 E2383.60664
G1 X130.926 Y118.581 E2384.04989
G1 X132.384 Y118.126 E2384.55789
G1 X133.794 Y117.659 E2385.05191
G1 X135.905 Y116.923 E2385.79548
G1 X138.002 Y116.089 E2386.54609
G1 X139.508 Y115.457 E2387.0893
G1 X140.946 Y114.82 E2387.61241
G1 X142.457 Y114.117 E2388.1667
G1 X143.078 Y113.813 E2388.39667
G1 X143.724 Y113.468 E2388.64025
G1 X144.298 Y113.141 E2388.85997
G1 X144.875 Y112.79 E2389.0846
G1 X146.037 Y112.018 E2389.5486
G1 X147.162 Y111.192 E2390.0128
G1 X148.292 Y110.303 E2390.49101
G1 X148.812 Y109.866 E2390.71693
G1 X149.303 Y109.426 E2390.93621
G1 X149.767 Y108.976 E2391.1512
G1 X150.179 Y108.538 E2391.3512
G1 X150.509 Y108.133 E2391.52496
G1 X150.722 Y107.829 E2391.64842
G1 X150.86 Y107.496 E2391.76831
G1 X150.927 Y107.237 E2391.85729
G1 X150.965 Y106.935 E2391.95852
G1 X150.887 Y106.541 E2392.09211
G1 X150.668 Y106.147 E2392.24204
G1 X150.509 Y105.938 E2392.32938
G1 X150.25 Y105.647 E2392.45895
G1 X149.92 Y105.327 E2392.61184
G1 X149.478 Y104.952 E2392.80463
G1 X148.741 Y104.412 E2393.10852
G1 X148.08 Y103.964 E2393.3741
G1 X146.688 Y103.109 E2393.91744
G1 X144.964 Y105.045 E2394.77966
G1 X144.781 Y105.131 E2394.84691
G1 X144.588 Y105.152 E2394.91149
G1 X142.468 Y104.549 E2395.64457
G1 X141.77 Y105.793 E2396.11901
G1 F1488.1 X141.649 Y106.024 E2396.20643
G1 F1358.7 X141.349 Y106.711 E2396.4817
G1 F1264.8 X141.226 Y106.805 E2396.54276
G1 F2700 E2387.54276
G0 F9000 X139.739 Y108.037
G0 X139.055 Y109.344
G0 X138.367 Y112.156
G0 X140.421 Y112.306
G0 X140.485 Y110.569
G1 F2700 E2396.54276
G1 F1500 X140.391 Y110.429 E2396.59885
G1 X140.348 Y110.197 E2396.67733
G1 X140.409 Y109.983 E2396.75134
G1 X140.823 Y109.23 E2397.03714
G1 X141.045 Y108.899 E2397.1697
G1 F1445.1 X141.545 Y108.274 E2397.44603
G1 F1347.7 X142.045 Y107.648 E2397.74261
G1 F1322.8 X142.447 Y107.454 E2397.91097
G1 F1407.1 X142.873 Y107.286 E2398.07333
G1 F1488.1 X143.418 Y107.114 E2398.26493
G1 F1500 X143.894 Y107.02 E2398.42631
G1 X144.247 Y106.991 E2398.54411
G1 X144.583 Y107.008 E2398.65601
G1 X144.953 Y107.059 E2398.78023
G1 X145.271 Y107.131 E2398.88868
G1 X145.616 Y107.233 E2399.00833
G1 X146.439 Y107.549 E2399.30155
G1 X146.622 Y107.67 E2399.37452
G1 X146.757 Y107.954 E2399.4791
G1 X146.709 Y108.239 E2399.57523
G1 X146.597 Y108.386 E2399.6367
G1 X145.532 Y109.368 E2400.11852
G1 X144.804 Y109.821 E2400.4037
G1 X144.073 Y110.207 E2400.67865
G1 X143.678 Y110.383 E2400.82247
G1 X143.213 Y110.548 E2400.98658
G1 X142.788 Y110.647 E2401.13172
G1 X142.361 Y110.711 E2401.27533
G1 X142.017 Y110.739 E2401.39012
G1 X141.612 Y110.748 E2401.52486
G1 X140.735 Y110.721 E2401.81669
G1 X140.485 Y110.569 E2401.914
G0 F9000 X140.421 Y112.306
G0 X142.157 Y112.253
G0 X142.959 Y112.158
G0 X144.218 Y111.614
;TYPE:WALL-INNER
G1 F911.9 X144.678 Y111.359 E2402.20177
G1 F960.9 X145.359 Y110.954 E2402.61314
G1 F993.4 X146.309 Y110.312 E2403.18898
G1 F980.4 X147.469 Y109.322 E2403.96504
G1 F1021.1 X147.781 Y109.181 E2404.13232
G1 F1169.1 X148.094 Y109.039 E2404.27899
G1 F1369.9 X148.614 Y108.7 E2404.50507
G1 F1500 X149.067 Y108.261 E2404.71488
G1 X149.426 Y107.879 E2404.88923
G1 X149.819 Y107.397 E2405.09608
G1 X149.909 Y107.178 E2405.17483
G1 X149.961 Y106.933 E2405.25813
G1 X149.801 Y106.646 E2405.36742
G1 X149.47 Y106.273 E2405.53329
G1 F1420.5 X149.236 Y106.134 E2405.62888
G1 F1350.1 X149.187 Y106.089 E2405.65346
G1 F1233.6 X148.78 Y105.882 E2405.83814
G1 F1136.4 X148.736 Y105.847 E2405.86282
G1 F1081.5 X148.467 Y105.733 E2405.9976
G1 F1037.3 X148.056 Y105.42 E2406.24606
G1 F1028.8 X146.925 Y104.709 E2406.89389
G1 F1013.5 X145.782 Y105.988 E2407.73825
G1 X146.06 Y106.075 E2407.88164
G1 F1016.3 X146.881 Y106.396 E2408.3144
G1 F1031.6 X147.225 Y106.593 E2408.50611
G1 F1037.3 X147.51 Y106.821 E2408.68164
G1 F1081.5 X147.584 Y107.014 E2408.777
G1 F1233.6 X147.646 Y107.309 E2408.89891
G1 F1420.5 X147.681 Y107.533 E2408.97854
G1 F1500 X147.749 Y107.83 E2409.07988
G1 X147.745 Y108.234 E2409.21426
G1 F1369.9 X147.69 Y108.726 E2409.39456
G1 F1169.1 X147.58 Y109.024 E2409.53011
G1 F1021.1 X147.469 Y109.322 E2409.68549
G0 F9000 X148.127 Y108.41
G0 X148.056 Y107.082
G0 X147.112 Y106.162
G0 X146.339 Y105.845
G0 X144.707 Y106.082
G1 F1734.1 X144.579 Y106.076 E2409.72235
G1 F1587.3 X143.87 Y106.002 E2409.94641
G1 F1286.4 X143.259 Y105.97 E2410.18369
G1 F1106.2 X143.053 Y105.967 E2410.2766
G0 F9000 X141.66 Y107.331
G0 X130.353 Y117.148
G0 X129.204 Y118.033
G1 F1500 X130.629 Y117.626 E2410.76951
G1 X132.07 Y117.176 E2411.27162
G1 X133.465 Y116.715 E2411.76027
G1 X135.555 Y115.986 E2412.49648
G1 X137.652 Y115.151 E2413.24721
G1 X139.104 Y114.543 E2413.77078
G1 X140.525 Y113.913 E2414.28777
G1 X142.019 Y113.218 E2414.83581
G1 X142.608 Y112.93 E2415.05388
G1 X143.406 Y112.499 E2415.35553
G1 F1392.8 X143.739 Y112.202 E2415.51537
G1 F1206.8 X143.898 Y112.006 E2415.61971
G1 F1055.6 X144.058 Y111.81 E2415.73929
G1 F938.1 X144.218 Y111.614 E2415.87385
G1 F941.6 X143.929 Y111.617 E2416.02698
G1 F1069.1 X143.64 Y111.621 E2416.16185
G1 F1214.6 X143.448 Y111.603 E2416.24106
G1 F1387.6 X143.058 Y111.612 E2416.38132
G1 F1500 X142.442 Y111.708 E2416.58868
G1 X142.098 Y111.736 E2416.70347
G1 X141.581 Y111.748 E2416.87547
G1 X140.801 Y111.723 E2417.13504
G1 X140.387 Y111.653 E2417.27469
G1 X140.028 Y111.481 E2417.40709
G1 X139.76 Y111.258 E2417.52305
G1 X139.519 Y110.953 E2417.65234
G1 X139.36 Y110.495 E2417.81359
G1 X139.35 Y110.144 E2417.93038
G1 F1391.5 X139.323 Y109.818 E2418.04766
G1 F1213.6 X139.335 Y109.372 E2418.23108
G1 F1098.9 X139.741 Y108.687 E2418.59259
G1 F1063.1 X140.106 Y108.147 E2418.89847
G1 F1066.9 X140.301 Y107.905 E2419.04381
G1 X139.017 Y107.298 E2419.70797
G1 X138.672 Y107.759 E2419.97724
G1 F1043.1 X138.124 Y108.544 E2420.43512
G1 F1141.6 X137.71 Y108.726 E2420.63277
G1 F1391.5 X136.974 Y108.947 E2420.90829
G1 F1500 X136.652 Y108.956 E2421.01543
G1 X136.307 Y108.888 E2421.13239
G1 X135.868 Y108.661 E2421.29677
G1 X135.109 Y108.091 E2421.61247
G1 X134.093 Y109.73 E2422.25385
G1 X129.204 Y118.033 E2425.45861
G1 F2700 E2416.45861
;MESH:NONMESH
G0 F300 X129.204 Y118.033 Z7.6
G0 F9000 X130.353 Y117.148
G0 X128.567 Y118.177
G0 X124.663 Y118.99
G0 X87.361 Y109.238
G0 X85.822 Y109.112
G0 X85.009 Y109.204
G0 X84.172 Y109.518
G0 X74.46 Y117.261
G0 X72.619 Y118.74
;TIME_ELAPSED:503.070632
;LAYER:9
;TYPE:WALL-OUTER
;MESH:sharkz.stl
G1 F2700 E2425.45861
G1 F1318.1 X72.507 Y118.819 E2425.51049
G1 F1366.1 X72.236 Y118.844 E2425.60988
G1 F1457.7 X71.192 Y118.809 E2425.96739
G1 F1500 X70.484 Y118.803 E2426.20288
G1 X69.497 Y121.757 E2427.23877
G1 X71.641 Y120.646 E2428.04192
G1 F1457.7 X72.55 Y120.132 E2428.39932
G1 F1388.9 X73.132 Y119.767 E2428.64609
G1 F1425.9 X74.228 Y119.248 E2429.0704
G1 F1500 X74.808 Y118.895 E2429.29623
G1 X75.811 Y118.208 E2429.70058
G1 X77 Y117.335 E2430.19119
G1 X77.618 Y116.849 E2430.45269
G1 X78.234 Y116.34 E2430.71846
G1 X78.937 Y115.713 E2431.03177
G1 X79.598 Y115.094 E2431.33297
G1 X80.257 Y114.423 E2431.64577
G1 X80.943 Y113.678 E2431.98261
G1 X83.27 Y111.006 E2433.16109
G1 X83.692 Y110.56 E2433.36531
G1 X84.104 Y110.199 E2433.54751
G1 X84.428 Y109.993 E2433.67521
G1 X84.769 Y109.838 E2433.79979
G1 X85.159 Y109.722 E2433.93512
G1 X85.51 Y109.668 E2434.05324
G1 X85.822 Y109.652 E2434.15715
G1 X86.201 Y109.657 E2434.28321
G1 X86.553 Y109.685 E2434.40066
G1 F1473.5 X86.926 Y109.701 E2434.52707
G1 F1415.1 X87.282 Y109.73 E2434.65299
G1 F1357.5 X87.579 Y109.776 E2434.76345
G1 F1332.1 X87.918 Y109.88 E2434.89625
G1 F1313.5 X88.28 Y110.014 E2435.04286
G1 F1334.5 X88.551 Y110.214 E2435.16878
G1 F1434 X89.316 Y111.078 E2435.57026
G1 F1500 X89.546 Y111.387 E2435.69838
G1 X89.748 Y111.708 E2435.82452
G1 X89.907 Y112.034 E2435.94516
G1 X90.107 Y112.59 E2436.14169
G1 X90.274 Y113.162 E2436.33988
G1 X90.37 Y113.626 E2436.49747
G1 X90.427 Y114.051 E2436.64009
G1 X90.682 Y114.105 E2436.72679
G1 X92.048 Y113.666 E2437.20401
G1 X94.68 Y112.872 E2438.11838
G1 X95.297 Y112.732 E2438.32881
G1 X95.895 Y112.649 E2438.52961
G1 F1412.4 X96.383 Y112.556 E2438.70509
G1 F1318.1 X96.42 Y112.54 E2438.72035
G1 F1219.5 X96.864 Y112.464 E2438.90463
G1 F1134.6 X96.912 Y112.448 E2438.92688
G1 F1147.7 X97.685 Y112.548 E2439.26571
G1 F1166.4 X102.097 Y113.691 E2441.21513
G1 F1151.2 X111.497 Y116.164 E2445.42752
G1 F1139.8 X112.311 Y116.397 E2445.79812
G1 F1122.8 X112.845 Y116.574 E2446.0481
G1 F1093.3 X113.456 Y116.798 E2446.34506
G1 F1183 X113.982 Y117.189 E2446.62147
G1 F1336.9 X114.004 Y117.221 E2446.63597
G1 F1425.9 X114.587 Y117.608 E2446.88081
G1 F1500 X114.892 Y117.836 E2447.00746
G1 X115.166 Y118.106 E2447.13541
G1 X115.402 Y118.405 E2447.2621
G1 X115.603 Y118.733 E2447.39005
G1 X115.769 Y119.066 E2447.5138
G1 X115.897 Y119.386 E2447.62843
G1 X116.026 Y119.813 E2447.77679
G1 X116.117 Y120.19 E2447.90579
G1 X116.185 Y120.581 E2448.03778
G1 X116.236 Y121.001 E2448.1785
G1 X116.276 Y121.749 E2448.42764
G1 X116.258 Y122.599 E2448.71042
G1 X116.182 Y123.341 E2448.9585
G1 X116.068 Y124.034 E2449.19209
G1 X115.935 Y124.629 E2449.39487
G1 X115.783 Y125.18 E2449.58498
G1 X115.612 Y125.683 E2449.76168
G1 X114.997 Y127.211 E2450.30952
G1 X114.584 Y128.191 E2450.66323
G1 X113.81 Y129.894 E2451.28541
G1 X114.318 Y129.741 E2451.46186
G1 X114.794 Y129.555 E2451.63184
G1 X115.588 Y129.176 E2451.92447
G1 X116.035 Y128.9 E2452.0992
G1 X117.18 Y128.114 E2452.56112
G1 X117.973 Y127.517 E2452.89126
G1 X118.805 Y126.845 E2453.24698
G1 X119.713 Y126.048 E2453.64881
G1 X120.621 Y125.17 E2454.06891
G1 X121.523 Y124.19 E2454.51191
G1 X122.373 Y123.171 E2454.95326
G1 X123.156 Y122.145 E2455.38254
G1 X123.796 Y121.259 E2455.74606
G1 X124.747 Y119.829 E2456.31725
G1 X125.097 Y119.265 E2456.53803
G1 X134.006 Y104.355 E2462.31494
G1 X134.125 Y104.22 E2462.3748
G1 X134.273 Y104.139 E2462.43091
G1 X134.523 Y104.119 E2462.51433
G1 X134.715 Y104.196 E2462.58313
G1 X136.556 Y105.588 E2463.35078
G1 X137.877 Y103.863 E2464.07343
G1 X138.004 Y103.769 E2464.12598
G1 X138.173 Y103.715 E2464.18499
G1 X138.423 Y103.747 E2464.26882
G1 X140.319 Y104.654 E2464.96787
G1 X141.387 Y102.66 E2465.72022
G1 F1491.1 X141.532 Y102.523 E2465.78696
G1 F1339.3 X141.886 Y102.354 E2465.93309
G1 F1273.3 X143.842 Y102.965 E2466.73598
G1 F1327.4 X144.194 Y103.067 E2466.87372
G1 X144.915 Y102.217 E2467.29263
G1 X144.395 Y101.976 E2467.50804
G1 F1308.9 X143.645 Y101.682 E2467.81509
G1 F1264.8 X142.564 Y101.294 E2468.26814
G1 F1231.5 X142.184 Y101.171 E2468.42994
G1 F1277.7 X141.762 Y100.969 E2468.61263
G1 F1407.1 X141.34 Y100.766 E2468.77866
G1 F1491.1 X140.66 Y100.557 E2469.01669
G1 F1500 X140.074 Y100.399 E2469.21856
G1 X138.284 Y100.019 E2469.82718
G1 X135.896 Y99.57 E2470.63535
G1 X133.729 Y99.19 E2471.36709
G1 X132.419 Y99.001 E2471.80731
G1 X132.113 Y99.091 E2471.9134
G1 X131.891 Y99.262 E2472.0066
G1 X124.424 Y112.823 E2477.15556
G1 X123.057 Y115.238 E2478.07854
G1 X122.833 Y115.574 E2478.21285
G1 X122.567 Y115.907 E2478.35461
G1 X122.26 Y116.207 E2478.49737
G1 X122.006 Y116.404 E2478.60429
G1 X121.717 Y116.579 E2478.71666
G1 X121.273 Y116.785 E2478.87945
G1 X120.646 Y116.892 E2479.09101
G1 X120.181 Y116.888 E2479.24567
G1 X119.911 Y116.849 E2479.33641
G1 X115.306 Y115.648 E2480.91927
G1 F1425.9 X114.678 Y115.537 E2481.14241
G1 F1274.4 X114.306 Y115.515 E2481.28829
G1 F1133.8 X113.933 Y115.493 E2481.45271
G1 F1104.6 X112.627 Y115.114 E2482.06693
G1 F1140.7 X107.524 Y113.775 E2484.37439
G1 F1151.2 X102.421 Y112.436 E2486.66079
G1 F1168.2 X98.089 Y111.338 E2488.56932
G1 F1150.3 X97.122 Y111.133 E2488.99804
G1 F1219.5 X96.535 Y110.875 E2489.26035
G1 F1412.4 X96.072 Y110.697 E2489.43556
G1 F1500 X90.028 Y109.187 E2491.50759
G1 F1470.6 X89.384 Y109.044 E2491.73139
G1 F1366.1 X88.63 Y108.917 E2492.01063
G1 F1315.8 X87.942 Y108.718 E2492.28219
G1 F1368.6 X87.55 Y108.504 E2492.44499
G1 F1427.2 X87.087 Y108.104 E2492.65887
G1 F1462 X86.697 Y107.373 E2492.94161
G1 F1488.1 X86.669 Y106.682 E2493.17347
G1 F1500 X86.77 Y106.164 E2493.349
G1 F1449.3 X87.138 Y105.557 E2493.59335
G1 F1356.2 X87.674 Y105.096 E2493.85342
G1 F1293.1 X88.046 Y104.904 E2494.01493
G1 F1315.8 X88.658 Y104.914 E2494.24702
G1 F1428.6 X89.719 Y104.862 E2494.61799
G1 F1456.3 X91.241 Y104.686 E2495.14287
G1 F1276.6 X92.008 Y104.496 E2495.45168
G1 F1173.7 X92.304 Y104.48 E2495.57769
G1 F1192.4 X93.223 Y104.4 E2495.96366
G1 F1184.8 X95.265 Y104.189 E2496.82807
G1 F1157.4 X97.307 Y103.978 E2497.71296
G1 F1205.8 X97.741 Y104.005 E2497.89288
G1 F1356.2 X98.175 Y104.032 E2498.05284
G1 F1472 X98.605 Y104.009 E2498.19878
G1 F1500 X105.038 Y103.393 E2500.3482
G1 F1226.5 X105.459 Y103.128 E2500.55055
G1 F1046 X105.778 Y103.108 E2500.70299
G1 F1109.5 X106.116 Y103.147 E2500.85599
G1 F1238.6 X106.455 Y103.186 E2500.99344
G1 F1401.9 X106.794 Y103.225 E2501.11488
G1 F1500 X122.624 Y101.705 E2506.40417
G1 X123.655 Y101.615 E2506.74839
G1 X123.734 Y101.516 E2506.79052
G1 X124.855 Y98.622 E2507.82275
G1 X124.204 Y98.648 E2508.03945
G1 X123.799 Y98.648 E2508.17415
G1 X123.318 Y98.494 E2508.34213
G1 X122.9 Y98.011 E2508.55458
G1 X122.423 Y97.032 E2508.9168
G1 X121.862 Y95.993 E2509.30952
G1 X121.494 Y95.389 E2509.54477
G1 X121.058 Y94.736 E2509.80592
G1 X120.614 Y94.133 E2510.05498
G1 X120.124 Y93.547 E2510.30904
G1 X118.869 Y92.19 E2510.92381
G1 X117.824 Y91.138 E2511.417
G1 X117.438 Y90.778 E2511.59255
G1 X117.06 Y90.45 E2511.75901
G1 X116.538 Y90.048 E2511.97814
G1 X116.577 Y91.715 E2512.53274
G1 X116.581 Y93.134 E2513.00471
G1 X116.534 Y94.46 E2513.44601
G1 X116.436 Y95.49 E2513.79014
G1 X116.297 Y96.546 E2514.14439
G1 X116.068 Y97.802 E2514.56903
G1 X118.583 Y97.858 E2515.40573
G1 X118.823 Y97.946 E2515.49075
G1 X119.011 Y98.197 E2515.59505
G1 X119.158 Y98.984 E2515.86134
G1 X119.102 Y99.267 E2515.95729
G1 X119.003 Y99.397 E2516.01164
G1 X118.849 Y99.496 E2516.07253
G1 X118.369 Y99.686 E2516.24423
G1 X108.709 Y101.105 E2519.49164
G1 X106.592 Y101.364 E2520.20101
G1 F1424.5 X106.116 Y101.527 E2520.37722
G1 F1295.3 X105.64 Y101.691 E2520.57113
G1 F1129.5 X105.501 Y101.695 E2520.63255
G1 F1226.5 X105.095 Y101.407 E2520.83503
G1 F1500 X105.002 Y101.383 E2520.86697
G1 X104.626 Y101.248 E2520.99985
G1 X102.869 Y100.168 E2521.6858
G1 X102.357 Y99.903 E2521.87755
G1 X101.771 Y99.637 E2522.0916
G1 X100.383 Y99.081 E2522.58891
G1 X99.055 Y98.61 E2523.05756
G1 X98.421 Y98.412 E2523.27847
G1 X98.575 Y98.974 E2523.47229
G1 X98.658 Y99.399 E2523.61631
G1 X98.698 Y99.779 E2523.7434
G1 X98.68 Y100.337 E2523.92909
G1 X98.582 Y100.821 E2524.09333
G1 X98.43 Y101.199 E2524.22884
G1 X98.246 Y101.52 E2524.3519
G1 X98.045 Y101.779 E2524.46094
G1 X97.857 Y101.979 E2524.55224
G1 F1472 X97.48 Y102.31 E2524.72227
G1 F1403.2 X97.439 Y102.376 E2524.7499
G1 F1243.8 X97.071 Y102.693 E2524.94472
G1 F1156.5 X95.06 Y102.927 E2525.81809
G1 F1184.8 X93.048 Y103.161 E2526.671
G1 F1190.5 X92.079 Y103.226 E2527.078
G1 F1207.7 X91.818 Y103.139 E2527.19165
G1 F1255.2 X91.763 Y103.105 E2527.21735
G1 F1327.4 X91.48 Y102.978 E2527.33393
G1 F1399.3 X91.452 Y102.957 E2527.34641
G1 F1456.3 X89.846 Y102.362 E2527.93313
G1 F1500 X88.896 Y102.063 E2528.26439
G1 X88.187 Y101.865 E2528.50922
G1 X88.47 Y102.483 E2528.7353
G1 X88.457 Y103.109 E2528.94355
G1 F1428.6 X88.22 Y103.457 E2529.09059
G1 F1293.1 X87.81 Y103.743 E2529.28346
G1 F1234.6 X87.65 Y103.786 E2529.35041
G1 F1314.6 X87.038 Y103.777 E2529.58269
G1 F1447.9 X86.603 Y103.784 E2529.7326
G1 F1500 X84.001 Y104.031 E2530.60192
G1 X83.674 Y104.032 E2530.71068
G1 X83.144 Y103.978 E2530.88787
G1 X82.724 Y103.888 E2531.03073
G1 X82.317 Y103.748 E2531.17389
G1 X82.028 Y103.616 E2531.27956
G1 X81.653 Y103.373 E2531.42818
G1 X80.994 Y102.765 E2531.7264
G1 X80.423 Y102.275 E2531.97666
G1 X79.746 Y101.768 E2532.25798
G1 X78.074 Y100.642 E2532.92843
G1 X77.03 Y100.01 E2533.33434
G1 X76.469 Y99.704 E2533.54688
G1 X75.888 Y99.418 E2533.76227
G1 X75.518 Y99.272 E2533.89456
G1 X75.225 Y99.172 E2533.99753
G1 X74.701 Y99.041 E2534.17718
G1 X73.782 Y98.918 E2534.48557
G1 X72.998 Y98.845 E2534.74745
G1 X72.851 Y98.847 E2534.79635
G1 X74.004 Y99.864 E2535.3077
G1 X74.858 Y100.738 E2535.71413
G1 X76.151 Y102.206 E2536.36478
G1 X76.919 Y103.22 E2536.78785
G1 X77.624 Y104.203 E2537.19019
G1 X78.19 Y105.075 E2537.53596
G1 X78.422 Y105.497 E2537.69613
G1 X78.667 Y106.042 E2537.89487
G1 X78.7 Y106.623 E2538.08842
G1 X78.658 Y107.027 E2538.22352
G1 X78.561 Y107.487 E2538.37988
G1 X78.402 Y107.998 E2538.55788
G1 X78.238 Y108.441 E2538.71499
G1 X77.79 Y109.462 E2539.08583
G1 X77.231 Y110.541 E2539.49001
G1 X76.639 Y111.574 E2539.88601
G1 X76.012 Y112.596 E2540.2848
G1 X75.419 Y113.514 E2540.64829
G1 X75.153 Y113.958 E2540.82044
G1 X74.857 Y114.399 E2540.99709
G1 X74.528 Y114.84 E2541.18009
G1 X73.98 Y115.512 E2541.46849
G1 X73.267 Y116.265 E2541.8134
G1 X72.684 Y116.826 E2542.0825
G1 X72.603 Y116.96 E2542.13458
G1 X72.744 Y118.325 E2542.591
G1 F1404.5 X72.619 Y118.74 E2542.74496
G0 F9000 X74.862 Y117.045
G0 X72.616 Y119.179
G0 X71.304 Y119.784
;TYPE:WALL-INNER
G1 F1575.6 X71.244 Y119.681 E2542.7827
G1 X71.125 Y119.681 E2542.82038
G1 X71.066 Y119.784 E2542.85796
G1 X71.126 Y119.887 E2542.89571
G1 X71.245 Y119.887 E2542.93339
G1 X71.304 Y119.784 E2542.97097
G0 F9000 X72.616 Y119.179
G0 X73.102 Y118.678
G0 X77.712 Y110.789
G0 X78.734 Y108.665
G0 X79.188 Y107.143
G0 X79.245 Y106.635
G0 X79.197 Y105.892
G0 X78.756 Y105.006
G0 X76.114 Y100.649
G1 F1500 X76.949 Y101.602 E2543.3924
G1 X77.731 Y102.636 E2543.82359
G1 X78.462 Y103.658 E2544.24151
G1 X79.049 Y104.563 E2544.60028
G1 X79.329 Y105.076 E2544.79467
G1 X79.607 Y105.678 E2545.01521
G1 X79.663 Y105.983 E2545.11835
G1 X79.697 Y106.512 E2545.29466
G1 X79.692 Y106.767 E2545.37949
G1 X79.642 Y107.207 E2545.52678
G1 X79.538 Y107.701 E2545.69468
G1 X79.34 Y108.344 E2545.91846
G1 X79.142 Y108.872 E2546.10601
G1 X78.706 Y109.864 E2546.46641
G1 X78.099 Y111.038 E2546.90599
G1 X77.515 Y112.058 E2547.29692
G1 X76.851 Y113.14 E2547.71915
G1 X76.277 Y114.029 E2548.07111
G1 F1450.7 X75.732 Y114.951 E2548.43945
G1 F1383.8 X75.699 Y115.027 E2548.46932
G1 F1266.9 X75.414 Y115.548 E2548.70318
G1 F1235.6 X74.842 Y116.165 E2549.0429
G1 F1328.6 X74.251 Y116.731 E2549.35019
G1 F1408.5 X73.659 Y117.297 E2549.64031
G1 F1452.1 X73.766 Y118.339 E2550.0002
G1 X74.265 Y118.036 E2550.20077
G1 X74.619 Y117.794 E2550.3481
G1 F1403.2 X75.189 Y117.36 E2550.60283
G1 F1323.9 X75.635 Y116.999 E2550.81905
G1 F1235.6 X76.299 Y116.443 E2551.16874
G1 F1284.2 X76.94 Y116.069 E2551.45704
G1 F1450.7 X77.366 Y115.759 E2551.63823
G1 F1500 X77.596 Y115.569 E2551.73746
G1 X78.254 Y114.983 E2552.03052
G1 X78.917 Y114.361 E2552.33288
G1 X79.532 Y113.734 E2552.625
G1 X80.198 Y113.011 E2552.95194
G1 X82.544 Y110.318 E2554.13985
G1 X82.966 Y109.872 E2554.34406
G1 X83.491 Y109.404 E2554.57799
G1 X83.949 Y109.115 E2554.75811
G1 X84.404 Y108.907 E2554.92451
G1 X84.892 Y108.755 E2555.09451
G1 X85.445 Y108.67 E2555.2806
G1 X85.77 Y108.654 E2555.38882
G1 X86.239 Y108.66 E2555.54482
G1 X85.797 Y107.798 E2555.86702
G1 X85.694 Y107.445 E2555.98932
G1 X85.661 Y106.601 E2556.27025
G1 X85.775 Y106.044 E2556.45935
G1 X85.961 Y105.569 E2556.62902
G1 X86.245 Y105.102 E2556.81081
G1 X86.529 Y104.796 E2556.94967
G1 X84.347 Y105.009 E2557.67885
G1 X83.964 Y105.032 E2557.80647
G1 X83.615 Y105.03 E2557.92255
G1 X83.02 Y104.974 E2558.12132
G1 X82.47 Y104.855 E2558.30848
G1 X81.904 Y104.659 E2558.5077
G1 X81.55 Y104.494 E2558.63761
G1 X81.013 Y104.151 E2558.84954
G1 X80.327 Y103.51 E2559.16181
G1 X79.797 Y103.055 E2559.39414
G1 X79.153 Y102.575 E2559.66128
G1 X77.53 Y101.482 E2560.31209
G1 X76.53 Y100.877 E2560.70083
G1 X76.114 Y100.649 E2560.85861
G0 F9000 X81.77 Y104.091
G0 X82.575 Y104.408
G0 X83.664 Y104.572
G0 X87.864 Y104.202
G0 X89.789 Y103.609
G1 F988.1 X89.694 Y103.445 E2560.9543
G1 X89.505 Y103.445 E2561.04972
G1 X89.411 Y103.609 E2561.14516
G1 X89.506 Y103.773 E2561.24085
G1 X89.695 Y103.773 E2561.33628
G1 X89.789 Y103.609 E2561.43171
G0 F9000 X87.386 Y104.708
G0 X86.748 Y105.161
G0 X86.265 Y105.966
G0 X86.127 Y106.631
G0 X86.16 Y107.515
G0 X86.551 Y108.254
G0 X86.848 Y108.607
G0 X87.185 Y108.878
G0 X93.512 Y111.632
G0 X94.658 Y111.612
G1 F1023.2 X90.495 Y110.573 E2563.52383
G1 X90.85 Y111.157 E2563.85707
G1 X91.034 Y111.524 E2564.05725
G1 X91.267 Y112.173 E2564.39347
G1 X91.39 Y112.582 E2564.60172
G1 X94.291 Y111.7 E2566.08016
G1 X94.658 Y111.612 E2566.26418
G1 F2700 E2557.26418
G0 F9000 X93.512 Y111.632
G0 X87.222 Y108.908
G0 X86.848 Y108.607
G0 X86.551 Y108.254
G0 X86.16 Y107.515
G0 X86.127 Y106.631
G0 X86.265 Y105.966
G0 X86.748 Y105.161
G0 X87.386 Y104.708
G0 X87.832 Y104.534
G0 X103.017 Y102.179
G0 X104.943 Y102.396
G1 F2700 E2566.26418
G1 F1500 X104.662 Y102.324 E2566.36066
G1 X104.329 Y102.203 E2566.4785
G1 X104.054 Y102.07 E2566.5801
G1 X102.376 Y101.039 E2567.23514
G1 X101.92 Y100.803 E2567.40591
G1 X101.354 Y100.547 E2567.61252
G1 X100.025 Y100.015 E2568.08865
G1 X99.7 Y99.899 E2568.20342
G1 X99.684 Y100.403 E2568.37114
G1 X99.56 Y101.065 E2568.59515
G1 X99.353 Y101.596 E2568.78471
G1 X99.104 Y102.048 E2568.95635
G1 X98.774 Y102.464 E2569.13296
G1 X98.504 Y102.75 E2569.26377
G1 X98.124 Y103.051 E2569.42501
G1 X104.943 Y102.396 E2571.70346
G0 F9000 X103.017 Y102.179
G0 X106.705 Y102.293
G1 F1664.8 X108.826 Y102.061 E2572.34285
G1 F1599.1 X109.228 Y102.013 E2572.46916
G1 F1565.8 X109.63 Y101.964 E2572.5982
G1 F1533.7 X110.032 Y101.915 E2572.72993
G1 F1501.5 X110.434 Y101.867 E2572.86445
G1 F1472 X110.836 Y101.818 E2573.00171
G1 F1443.7 X111.238 Y101.769 E2573.14166
G1 F1416.4 X111.64 Y101.721 E2573.28426
G1 F1390.2 X112.042 Y101.672 E2573.42959
G1 F1364.9 X112.444 Y101.623 E2573.57762
G1 F1339.3 X112.846 Y101.575 E2573.72844
G1 F1315.8 X113.248 Y101.526 E2573.88199
G1 F1293.1 X113.651 Y101.477 E2574.03862
G1 F1271.2 X114.053 Y101.429 E2574.19751
G1 F1250 X114.455 Y101.38 E2574.35915
G1 F1229.5 X114.857 Y101.331 E2574.52347
G1 F1208.7 X115.259 Y101.283 E2574.69058
G1 F1189.5 X115.661 Y101.234 E2574.86043
G1 F1171 X116.063 Y101.185 E2575.03298
G1 F1153 X116.465 Y101.137 E2575.20816
G1 F1135.5 X116.867 Y101.088 E2575.3861
G1 F1118.6 X117.269 Y101.039 E2575.56672
G1 F1101.3 X117.671 Y100.991 E2575.75012
G1 F1085.4 X118.073 Y100.942 E2575.93627
G1 F1069.9 X118.476 Y100.893 E2576.12558
G1 F1052.6 X118.693 Y100.861 E2576.22954
G0 F9000 X118.708 Y100.863
G1 F1230.5 X119.362 Y100.94 E2576.49653
G1 F1397.9 X120.06 Y100.947 E2576.74565
G1 F1500 X122.989 Y100.67 E2577.72418
G1 X123.413 Y99.574 E2578.11504
G1 X123.148 Y99.49 E2578.2075
G1 X122.843 Y99.357 E2578.31817
G1 X122.476 Y99.05 E2578.47731
G1 X122.098 Y98.618 E2578.66823
G1 X121.965 Y98.385 E2578.75747
G1 X121.874 Y98.194 E2578.82783
G1 F1351.4 X121.428 Y97.523 E2579.12529
G1 F1195.2 X121.279 Y97.325 E2579.22873
G1 F1169.1 X121.099 Y96.973 E2579.39743
G1 F1166.4 X120.857 Y96.551 E2579.60551
G1 F1245.8 X120.613 Y95.971 E2579.85749
G1 F1421.8 X120.254 Y95.332 E2580.11467
G1 F1500 X119.827 Y94.751 E2580.35449
G1 X119.355 Y94.188 E2580.59884
G1 X118.159 Y92.894 E2581.18491
G1 X117.579 Y92.309 E2581.4589
G1 X117.581 Y93.131 E2581.7323
G1 X117.53 Y94.554 E2582.20589
G1 X117.428 Y95.621 E2582.5624
G1 X117.27 Y96.827 E2582.96694
G1 X118.676 Y96.862 E2583.43472
G1 X119.02 Y96.936 E2583.55176
G1 F1421.8 X119.428 Y97.082 E2583.70381
G1 F1245.8 X119.804 Y97.302 E2583.87826
G1 F1166.4 X119.977 Y97.578 E2584.01759
G1 F1169.1 X120.098 Y97.835 E2584.1388
G1 F1205.8 X120.106 Y98.068 E2584.23527
G1 F1307.8 X120.132 Y98.585 E2584.43275
G1 F1429.9 X120.159 Y99.103 E2584.61372
G1 F1500 X120.128 Y99.342 E2584.69388
G1 X119.986 Y99.736 E2584.83318
G1 X119.689 Y100.125 E2584.99596
G1 F1397.9 X119.252 Y100.49 E2585.19916
G1 F1230.5 X118.708 Y100.863 E2585.46658
G1 F2700 E2576.46658
G0 F9000 X120.04 Y100.314
G0 X87.937 Y104.494
G0 X87.386 Y104.708
G0 X86.748 Y105.161
G0 X86.265 Y105.966
G0 X86.127 Y106.631
G0 X86.16 Y107.515
G0 X86.551 Y108.254
G0 X86.848 Y108.607
G0 X87.222 Y108.908
G0 X87.715 Y109.139
G0 X114.696 Y116.521
G1 F2700 E2585.46658
G1 F1500 X115.099 Y116.743 E2585.61961
G1 X115.517 Y117.048 E2585.79172
G1 X115.881 Y117.4 E2585.96013
G1 X116.205 Y117.801 E2586.1316
G1 X116.495 Y118.281 E2586.31813
G1 X116.643 Y118.574 E2586.4273
G1 X116.825 Y119.014 E2586.58567
G1 X116.998 Y119.576 E2586.78125
G1 X117.082 Y119.92 E2586.89903
G1 X117.167 Y120.386 E2587.05658
G1 X117.225 Y120.842 E2587.20947
G1 X117.276 Y121.808 E2587.53121
G1 X117.253 Y122.699 E2587.82765
G1 X117.169 Y123.502 E2588.09619
G1 X117.053 Y124.208 E2588.33415
G1 X116.9 Y124.894 E2588.56792
G1 X116.731 Y125.499 E2588.77685
G1 X116.54 Y126.057 E2588.97301
G1 X115.817 Y127.837 E2589.61202
G1 X116.596 Y127.302 E2589.92633
G1 X117.345 Y126.738 E2590.23818
G1 X118.161 Y126.08 E2590.58683
G1 X119.035 Y125.312 E2590.97381
G1 X119.905 Y124.471 E2591.37627
G1 X120.771 Y123.531 E2591.80137
G1 X121.591 Y122.547 E2592.22739
G1 X122.346 Y121.559 E2592.64096
G1 X122.994 Y120.66 E2593.00955
G1 X123.916 Y119.271 E2593.56405
G1 X124.3 Y118.648 E2593.80746
G1 F1445.1 X124.422 Y118.372 E2593.91164
G1 F1228.5 X124.617 Y117.763 E2594.17133
G1 F1060.8 X124.68 Y117.564 E2594.26949
G1 F1046 X125.313 Y116.556 E2594.8372
G1 F1052.6 X126.746 Y114.124 E2596.17507
G1 F1022.5 X128.187 Y111.665 E2597.56572
G1 F1063.8 X128.428 Y111.422 E2597.72622
G1 F1203.9 X128.669 Y111.178 E2597.86835
G1 F1386.3 X128.91 Y110.934 E2597.99177
G1 F1500 X133.148 Y103.842 E2600.73965
G1 X133.504 Y103.436 E2600.91925
G1 X133.947 Y103.193 E2601.0873
G1 X134.348 Y103.104 E2601.22392
G1 X134.695 Y103.134 E2601.33976
G1 X134.981 Y103.213 E2601.43845
G1 X135.271 Y103.365 E2601.54735
G1 X136.365 Y104.19 E2602.00308
G1 X137.137 Y103.183 E2602.42511
G1 X137.54 Y102.883 E2602.59221
G1 F1363.6 X138.035 Y102.625 E2602.79643
G1 F1189.5 X138.296 Y102.551 E2602.91021
G1 F1141.6 X138.58 Y102.594 E2603.03575
G1 X138.857 Y102.67 E2603.16128
G1 F1113.6 X139.214 Y102.81 E2603.33308
G1 F1094.1 X139.806 Y103.094 E2603.63249
G1 X140.3 Y102.168 E2604.11107
G1 X140.439 Y101.95 E2604.22896
G1 X140.626 Y101.783 E2604.34329
G1 X139.782 Y101.548 E2604.74279
G1 X139.652 Y101.521 E2604.80333
G1 F1113.6 X139.241 Y101.409 E2604.99418
G1 F1141.6 X138.851 Y101.318 E2605.1692
G1 X138.456 Y101.242 E2605.345
G1 F1189.5 X138.098 Y101.102 E2605.50622
G1 F1363.6 X137.234 Y100.838 E2605.83675
G1 F1500 X135.723 Y100.555 E2606.34805
G1 X133.551 Y100.175 E2607.08144
G1 X132.606 Y100.039 E2607.39898
G1 X127.16 Y109.928 E2611.15386
G1 F1386.3 X127.072 Y110.259 E2611.27712
G1 F1203.9 X126.983 Y110.59 E2611.41916
G1 F1063.8 X126.895 Y110.922 E2611.58024
G1 F1022.5 X125.487 Y113.424 E2612.98106
G1 F1052.6 X124.105 Y115.834 E2614.29778
G1 F1060.8 X123.84 Y116.245 E2614.52776
G1 F1088.5 X123.513 Y116.694 E2614.78234
G1 F1177.4 X123.078 Y116.957 E2614.99774
G1 F1311.2 X122.898 Y117.025 E2615.07095
G1 F1445.1 X122.639 Y117.179 E2615.17498
G1 F1500 X122.488 Y117.283 E2615.23596
G1 X122.197 Y117.456 E2615.34856
G1 X121.748 Y117.667 E2615.51357
G1 X121.373 Y117.783 E2615.64412
G1 X120.857 Y117.871 E2615.81822
G1 X120.604 Y117.892 E2615.90266
G1 X120.101 Y117.885 E2616.06998
G1 X119.734 Y117.833 E2616.19326
G1 X114.696 Y116.521 E2617.92479
G0 F9000 X122.559 Y117.791
G0 X125.291 Y115.375
G0 X124.062 Y118.073
G0 X117.73 Y125.26
;TYPE:SKIN
G1 F1500 X118.459 Y124.618 E2618.24788
G1 X119.277 Y123.823 E2618.62727
G1 X120.096 Y122.93 E2619.03028
G1 X120.897 Y121.968 E2619.44664
G1 X121.701 Y120.914 E2619.88755
G1 X122.236 Y120.167 E2620.19315
G1 X123.158 Y118.779 E2620.74737
G1 X123.499 Y118.225 E2620.96374
G1 X123.587 Y117.776 E2621.11592
G1 X123.142 Y117.923 E2621.2718
G1 X122.984 Y118.034 E2621.33602
G1 X122.586 Y118.271 E2621.49009
G1 X122.065 Y118.506 E2621.68018
G1 X121.589 Y118.654 E2621.84598
G1 X120.964 Y118.762 E2622.05693
G1 X120.64 Y118.791 E2622.16513
G1 X120.059 Y118.787 E2622.35837
G1 X119.529 Y118.71 E2622.5365
G1 X117.447 Y118.169 E2623.25198
G1 X117.673 Y118.712 E2623.4476
G1 X117.847 Y119.264 E2623.6401
G1 X118.039 Y120.069 E2623.91535
G1 X118.13 Y120.877 E2624.18579
G1 X118.172 Y121.781 E2624.48679
G1 X118.146 Y122.797 E2624.82482
G1 X118.058 Y123.633 E2625.10441
G1 X117.945 Y124.33 E2625.33926
G1 X117.73 Y125.26 E2625.65674
G0 F9000 X124.062 Y118.073
G0 X125.291 Y115.375
G0 X119.597 Y118.278
G0 X116.604 Y117.52
G0 X117.169 Y118.798
G0 X118.354 Y119.234
G1 F1500 X118.603 Y118.985 E2625.77386
G0 F9000 X118.856 Y118.023
G0 X119.523 Y118.197
G0 X119.754 Y119.248
G1 F1500 X118.581 Y120.421 E2626.32561
G0 F9000 X117.589 Y120.534
G0 X117.675 Y121.79
G0 X118.671 Y121.745
G1 F1500 X121.183 Y119.234 E2627.50694
G0 F9000 X124.013 Y118.068
G0 X121.516 Y120.315
G1 F1500 X118.604 Y123.226 E2628.87642
G0 F9000 X124.013 Y118.068
G0 X128.334 Y110.833
G0 X131.11 Y105.069
G1 F1026.7 X131.666 Y104.106 E2629.41676
G1 F995.4 X132.223 Y103.142 E2629.97481
G1 F1073 X132.775 Y102.709 E2630.30102
G1 F1241.7 X132.975 Y102.62 E2630.38897
G1 F1305.5 X133.608 Y102.272 E2630.66503
G1 F1404.5 X134.245 Y102.203 E2630.89262
G1 F1540 X134.81 Y102.259 E2631.07656
G1 F1532.2 X135.355 Y102.394 E2631.25938
G1 F1440.9 X135.793 Y102.583 E2631.42455
G1 F1385 X136.184 Y102.876 E2631.60055
G1 X136.465 Y102.521 E2631.76363
G1 X137.039 Y102.086 E2632.02306
G1 X137.341 Y101.896 E2632.15158
G1 X137.012 Y101.754 E2632.28065
G1 X136.19 Y101.6 E2632.58189
G1 F1452.1 X135.555 Y101.43 E2632.80775
G1 F1543.2 X134.876 Y101.3 E2633.03125
G1 F1540 X134.4 Y101.23 E2633.18711
G1 F1404.5 X133.538 Y101.163 E2633.49423
G1 F1305.5 X133.132 Y101.099 E2633.6513
G1 X132.535 Y102.18 E2634.12323
G1 F1241.7 X132.439 Y102.475 E2634.24787
G1 F1073 X132.223 Y103.142 E2634.57387
G0 F9000 X128.334 Y110.833
G0 X130.377 Y106.347
G1 F1101.3 X129.809 Y107.337 E2635.09091
G1 F1135.5 X129.241 Y108.328 E2635.59277
G1 F1171 X128.672 Y109.318 E2636.07928
G1 F1209.7 X128.104 Y110.309 E2636.55037
G1 F2700 E2627.55037
G0 F9000 X127.491 Y110.322
G0 X122.957 Y116.282
G0 X122.307 Y116.854
G0 X121.431 Y117.306
G0 X120.693 Y117.433
G0 X119.794 Y117.377
G0 X87.831 Y109.194
G0 X87.222 Y108.908
G0 X86.848 Y108.607
G0 X86.551 Y108.254
G0 X86.16 Y107.515
G0 X86.127 Y106.631
G0 X86.265 Y105.966
G0 X86.748 Y105.161
G0 X87.386 Y104.708
G0 X87.937 Y104.494
G0 X122.659 Y100.229
G0 X122.786 Y99.888
G0 X121.262 Y98.081
G0 X121.529 Y99.594
G1 F2700 E2636.55037
G1 F909.1 X121.426 Y99.416 E2636.66323
G1 X121.22 Y99.416 E2636.77628
G1 X121.117 Y99.594 E2636.88914
G1 X121.22 Y99.772 E2637.002
G1 X121.426 Y99.772 E2637.11505
G1 X121.529 Y99.594 E2637.22791
G0 F9000 X121.225 Y98.113
G0 X120.099 Y96.088
G0 X119.734 Y96.245
G1 F1625.1 X119.525 Y95.796 E2637.37995
G1 X119.149 Y95.281 E2637.57571
G1 X118.711 Y94.762 E2637.78419
G1 X118.406 Y94.429 E2637.92282
G1 X118.282 Y95.734 E2638.32525
G1 X118.247 Y95.988 E2638.40396
G1 X118.738 Y96.003 E2638.55476
G1 X119.286 Y96.112 E2638.72629
G1 X119.734 Y96.245 E2638.86975
G0 F9000 X120.156 Y96.063
G0 X120.943 Y97.656
G0 X119.792 Y99.231
G0 X119.263 Y99.906
G0 X118.515 Y100.214
G0 X108.777 Y101.643
G0 X105.599 Y102.029
G0 X105.211 Y101.97
G0 X101.146 Y100.895
G0 X100.868 Y101.583
G1 F916.9 X100.766 Y101.406 E2638.98091
G1 X100.562 Y101.406 E2639.09192
G1 X100.46 Y101.583 E2639.20308
G1 X100.562 Y101.76 E2639.31424
G1 X100.766 Y101.76 E2639.42524
G1 X100.868 Y101.583 E2639.5364
G0 F9000 X101.146 Y100.895
G0 X100.136 Y100.569
G0 X98.205 Y102.4
G0 X97.745 Y102.767
G0 X97.239 Y103.065
G0 X87.937 Y104.494
G0 X87.386 Y104.708
G0 X86.748 Y105.161
G0 X86.265 Y105.966
G0 X86.127 Y106.631
G0 X86.16 Y107.515
G0 X86.304 Y107.789
G0 X82.325 Y109.967
G0 X81.2 Y108.906
G1 F1377.4 X81.639 Y108.438 E2639.76882
G1 X82.367 Y107.819 E2640.11493
G1 X83.042 Y107.388 E2640.40501
G1 X83.73 Y107.078 E2640.67833
G1 X83.728 Y106.99 E2640.71021
G1 X82.767 Y106.898 E2641.05988
G1 X82.036 Y106.749 E2641.3301
G1 X81.647 Y106.625 E2641.47798
G1 X81.57 Y107.475 E2641.78711
G1 X81.367 Y108.372 E2642.12022
G1 X81.2 Y108.906 E2642.32288
G0 F9000 X82.325 Y109.967
G0 X78.587 Y114.038
G0 X77.07 Y115.406
G0 X74.889 Y116.944
G0 X74.297 Y117.391
G0 X76.04 Y115.328
G0 X76.575 Y115.244
G1 F1635.8 X76.889 Y115.044 E2642.43642
G1 X77.681 Y114.344 E2642.7588
G1 X78.3 Y113.76 E2643.01836
G1 X78.949 Y113.095 E2643.30176
G1 F1549.6 X79.533 Y112.387 E2643.59725
G1 F1442.3 X79.794 Y112.054 E2643.7436
G1 F1456.3 X80.7 Y111.059 E2644.2046
G1 F1500 X81.828 Y109.764 E2644.77581
G1 X82.391 Y109.169 E2645.04826
G1 X82.975 Y108.67 E2645.30374
G1 X83.544 Y108.309 E2645.52787
G1 X84.076 Y108.067 E2645.72226
G1 X84.841 Y107.829 E2645.98873
G1 X84.788 Y107.327 E2646.15662
G1 X84.758 Y106.519 E2646.42555
G1 X84.894 Y105.859 E2646.64968
G1 X84.42 Y105.904 E2646.80804
G1 X83.946 Y105.932 E2646.96597
G1 X83.582 Y105.929 E2647.08704
G1 X82.819 Y105.85 E2647.34217
G1 X82.255 Y105.73 E2647.53396
G1 X81.601 Y105.512 E2647.76325
G1 X81.145 Y105.297 E2647.93092
G1 X80.599 Y104.955 E2648.14521
G1 X80.311 Y104.727 E2648.26738
G1 X80.007 Y104.444 E2648.40552
G1 X80.138 Y104.686 E2648.49705
G1 X80.367 Y105.177 E2648.67724
G1 X80.48 Y105.487 E2648.78699
G1 X80.56 Y105.906 E2648.92886
G1 X80.6 Y106.582 E2649.1541
G1 X80.535 Y107.336 E2649.40581
G1 X80.37 Y108.073 E2649.657
G1 X80.188 Y108.645 E2649.85665
G1 X79.966 Y109.231 E2650.06507
G1 X79.513 Y110.253 E2650.43689
G1 F1456.3 X78.924 Y111.463 E2650.89791
G1 F1518.2 X78.223 Y112.544 E2651.32129
G1 F1635.8 X77.566 Y113.613 E2651.70398
G1 X76.999 Y114.489 E2652.02224
G1 X76.707 Y114.972 E2652.19438
G1 X76.575 Y115.244 E2652.28659
G1 F2700 E2643.28659
G0 F9000 X76.04 Y115.328
G0 X74.297 Y117.391
G0 X80.532 Y113.333
G0 X83.335 Y110.158
G0 X83.761 Y109.781
G0 X84.588 Y109.329
G0 X85.424 Y109.135
G0 X86.212 Y109.118
G0 X87.724 Y109.321
G0 X119.794 Y117.377
G0 X120.693 Y117.433
G0 X121.431 Y117.306
G0 X122.307 Y116.854
G0 X122.957 Y116.282
G0 X128.51 Y110.704
G0 X130.873 Y106.735
G0 X132.391 Y106.089
G0 X134.845 Y107.61
G0 X136.975 Y108.899
G0 X138.721 Y108.97
G0 X138.928 Y109.994
G0 X140.485 Y110.569
;TYPE:WALL-OUTER
G1 F2700 E2652.28659
G1 F1500 X140.391 Y110.429 E2652.34268
G1 X140.348 Y110.197 E2652.42116
G1 X140.409 Y109.983 E2652.49517
G1 X140.801 Y109.267 E2652.76667
G1 X141.045 Y108.899 E2652.91353
G1 F1445.1 X141.544 Y108.273 E2653.18991
G1 F1346.5 X142.044 Y107.647 E2653.48675
G1 F1322.8 X142.446 Y107.453 E2653.65511
G1 F1407.1 X142.873 Y107.286 E2653.81767
G1 F1488.1 X143.418 Y107.114 E2654.00927
G1 F1500 X143.894 Y107.02 E2654.17065
G1 X144.247 Y106.991 E2654.28845
G1 X144.583 Y107.008 E2654.40035
G1 X144.953 Y107.059 E2654.52457
G1 X145.274 Y107.132 E2654.63407
G1 X145.608 Y107.231 E2654.74993
G1 X146.439 Y107.548 E2655.04575
G1 X146.622 Y107.67 E2655.1189
G1 X146.757 Y107.954 E2655.22349
G1 X146.709 Y108.239 E2655.31962
G1 X146.597 Y108.386 E2655.38108
G1 X145.532 Y109.368 E2655.8629
G1 X144.804 Y109.821 E2656.14809
G1 X144.073 Y110.207 E2656.42303
G1 X143.678 Y110.383 E2656.56686
G1 X143.213 Y110.548 E2656.73097
G1 X142.788 Y110.647 E2656.87611
G1 X142.361 Y110.711 E2657.01972
G1 X142.017 Y110.739 E2657.13451
G1 X141.612 Y110.748 E2657.26925
G1 X140.725 Y110.721 E2657.5644
G1 X140.485 Y110.569 E2657.65889
G1 F2700 E2648.65889
G0 F9000 X138.879 Y110.003
G0 X139.055 Y109.344
G0 X139.739 Y108.037
G0 X141.224 Y106.804
G1 F2700 E2657.65889
G1 F1376.1 X140.759 Y106.793 E2657.82751
G1 F1500 X138.644 Y105.788 E2658.60634
G1 X137.154 Y107.779 E2659.43346
G1 X136.978 Y107.914 E2659.50723
G1 X136.837 Y107.956 E2659.55616
G1 X136.562 Y107.931 E2659.64801
G1 X134.834 Y106.636 E2660.36623
G1 X133.232 Y109.222 E2661.378
G1 X128.114 Y117.915 E2664.73319
G1 X127.607 Y118.798 E2665.07185
G1 X127.482 Y119.082 E2665.17505
G1 X127.444 Y119.237 E2665.22813
G1 X127.601 Y119.298 E2665.28415
G1 X127.929 Y119.325 E2665.39362
G1 X128.729 Y119.185 E2665.66374
G1 X129.646 Y118.952 E2665.97843
G1 X130.926 Y118.581 E2666.42168
G1 X132.384 Y118.126 E2666.92968
G1 X133.794 Y117.659 E2667.4237
G1 X135.905 Y116.923 E2668.16727
G1 X138.002 Y116.089 E2668.91787
G1 X139.508 Y115.457 E2669.46109
G1 X140.946 Y114.82 E2669.98419
G1 X142.457 Y114.117 E2670.53848
G1 X143.078 Y113.813 E2670.76845
G1 X143.724 Y113.468 E2671.01203
G1 X144.298 Y113.141 E2671.23175
G1 X144.875 Y112.79 E2671.45638
G1 X146.037 Y112.018 E2671.92039
G1 X147.162 Y111.192 E2672.38459
G1 X148.292 Y110.303 E2672.8628
G1 X148.812 Y109.866 E2673.08871
G1 X149.303 Y109.426 E2673.308
G1 X149.767 Y108.976 E2673.52298
G1 X150.179 Y108.538 E2673.72298
G1 X150.509 Y108.133 E2673.89674
G1 X150.722 Y107.829 E2674.0202
G1 X150.86 Y107.496 E2674.14009
G1 X150.927 Y107.237 E2674.22907
G1 X150.965 Y106.935 E2674.33031
G1 X150.887 Y106.541 E2674.4639
G1 X150.668 Y106.147 E2674.61382
G1 X150.509 Y105.938 E2674.70117
G1 X150.25 Y105.647 E2674.83074
G1 X149.92 Y105.327 E2674.98363
G1 X149.478 Y104.952 E2675.17642
G1 X148.741 Y104.412 E2675.4803
G1 X148.08 Y103.964 E2675.74589
G1 X146.688 Y103.109 E2676.28923
G1 X145.006 Y104.998 E2677.13048
G1 X144.781 Y105.131 E2677.21741
G1 X144.588 Y105.152 E2677.28199
G1 X142.467 Y104.549 E2678.01539
G1 F1488.1 X141.648 Y106.021 E2678.58014
G1 F1357.5 X141.346 Y106.71 E2678.85662
G1 F1262.6 X141.224 Y106.804 E2678.91747
G0 F9000 X139.739 Y108.037
G0 X141.333 Y107.652
G0 X143.052 Y105.967
;TYPE:WALL-INNER
G1 F1105.4 X143.259 Y105.97 E2679.01091
G1 F1286.4 X143.87 Y106.002 E2679.24819
G1 F1587.3 X144.579 Y106.076 E2679.47225
G1 F1734.1 X144.707 Y106.082 E2679.50911
G0 F9000 X146.339 Y105.845
G0 X147.119 Y106.164
G0 X148.056 Y107.09
G0 X148.127 Y108.41
G0 X147.469 Y109.322
G1 F1021.1 X147.781 Y109.181 E2679.6764
G1 F1169.1 X148.094 Y109.039 E2679.82306
G1 F1369.9 X148.614 Y108.7 E2680.04914
G1 F1500 X149.067 Y108.261 E2680.25895
G1 X149.426 Y107.879 E2680.4333
G1 X149.819 Y107.397 E2680.64015
G1 X149.909 Y107.178 E2680.7189
G1 X149.961 Y106.933 E2680.80221
G1 X149.801 Y106.646 E2680.91149
G1 X149.47 Y106.273 E2681.07736
G1 F1420.5 X149.236 Y106.134 E2681.17295
G1 F1350.1 X149.187 Y106.089 E2681.19754
G1 F1233.6 X148.78 Y105.882 E2681.38221
G1 F1136.4 X148.736 Y105.847 E2681.40689
G1 F1081.5 X148.467 Y105.733 E2681.54167
G1 F1037.3 X148.056 Y105.42 E2681.79013
G1 F1028.8 X146.925 Y104.709 E2682.43797
G1 F1013.5 X145.783 Y105.989 E2683.28237
G1 X146.066 Y106.078 E2683.4284
G1 F1016.9 X146.88 Y106.394 E2683.85677
G1 F1031.6 X147.225 Y106.593 E2684.04938
G1 F1037.3 X147.51 Y106.821 E2684.22491
G1 F1081.5 X147.584 Y107.014 E2684.32027
G1 F1233.6 X147.646 Y107.309 E2684.44219
G1 F1420.5 X147.681 Y107.533 E2684.52182
G1 F1500 X147.749 Y107.83 E2684.62315
G1 X147.745 Y108.234 E2684.75753
G1 F1369.9 X147.69 Y108.726 E2684.93783
G1 F1169.1 X147.58 Y109.024 E2685.07339
G1 F1021.1 X147.469 Y109.322 E2685.22876
G1 F980.4 X146.309 Y110.312 E2686.00481
G1 F993.4 X145.359 Y110.954 E2686.58066
G1 F960.9 X144.678 Y111.359 E2686.99203
G1 F911.9 X144.218 Y111.614 E2687.2798
G0 F9000 X143.01 Y112.261
G0 X137.473 Y114.727
G0 X136.293 Y115.196
G0 X130.378 Y117.281
G0 X129.204 Y118.034
G1 F1500 X130.629 Y117.626 E2687.7728
G1 X132.07 Y117.176 E2688.2749
G1 X133.465 Y116.715 E2688.76356
G1 X135.555 Y115.986 E2689.49977
G1 X137.652 Y115.151 E2690.25049
G1 X139.104 Y114.543 E2690.77406
G1 X140.525 Y113.913 E2691.29105
G1 X142.019 Y113.218 E2691.83909
G1 X142.608 Y112.93 E2692.05716
G1 X143.406 Y112.499 E2692.35882
G1 F1392.8 X143.739 Y112.202 E2692.51865
G1 F1206.8 X143.898 Y112.006 E2692.62299
G1 F1055.6 X144.058 Y111.81 E2692.74257
G1 F938.1 X144.218 Y111.614 E2692.87713
G1 F941.6 X143.929 Y111.617 E2693.03026
G1 F1069.1 X143.64 Y111.621 E2693.16514
G1 F1214.6 X143.448 Y111.603 E2693.24435
G1 F1387.6 X143.058 Y111.612 E2693.38461
G1 F1500 X142.442 Y111.708 E2693.59196
G1 X142.098 Y111.736 E2693.70676
G1 X141.581 Y111.748 E2693.87876
G1 X140.801 Y111.723 E2694.13832
G1 X140.387 Y111.653 E2694.27797
G1 X140.028 Y111.481 E2694.41037
G1 X139.76 Y111.258 E2694.52633
G1 X139.519 Y110.953 E2694.65562
G1 X139.36 Y110.495 E2694.81687
G1 X139.35 Y110.144 E2694.93366
G1 F1391.5 X139.323 Y109.818 E2695.05095
G1 F1213.6 X139.335 Y109.372 E2695.23436
G1 F1098.9 X139.741 Y108.687 E2695.59587
G1 F1063.1 X140.016 Y108.271 E2695.8299
G1 F1066.9 X140.299 Y107.906 E2696.04589
G1 X139.017 Y107.298 E2696.7094
G1 X138.672 Y107.759 E2696.97867
G1 F1043.1 X138.124 Y108.544 E2697.43655
G1 F1141.6 X137.71 Y108.726 E2697.6342
G1 F1391.5 X136.974 Y108.947 E2697.90973
G1 F1500 X136.652 Y108.956 E2698.01687
G1 X136.307 Y108.888 E2698.13382
G1 X135.868 Y108.661 E2698.2982
G1 X135.109 Y108.091 E2698.6139
G1 X134.093 Y109.73 E2699.25528
G1 X129.204 Y118.034 E2702.46033
G0 F9000 X130.378 Y117.281
G0 X135.393 Y115.554
G0 X140.331 Y113.495
G0 X142.391 Y112.524
G0 X143.095 Y112.11
G0 X141.152 Y112.135
G0 X141.135 Y112.633
;TYPE:SKIN
G1 F1500 X140.778 Y112.621 E2702.57914
G1 X140.112 Y112.515 E2702.80344
G1 X139.535 Y112.236 E2703.01661
G1 X139.108 Y111.876 E2703.20237
G1 X138.837 Y111.542 E2703.34542
G1 X138.659 Y111.212 E2703.47013
G1 X138.467 Y110.658 E2703.66515
G1 X138.449 Y110.157 E2703.83189
G1 X138.328 Y109.542 E2704.04036
G1 X137.713 Y109.663 E2704.24883
G1 X137.389 Y109.777 E2704.36307
G1 X136.98 Y109.862 E2704.50201
G1 X136.584 Y109.851 E2704.63377
G1 X136.009 Y109.742 E2704.82842
G1 X135.357 Y109.396 E2705.07392
G1 X134.854 Y110.205 E2705.39076
G1 X131.138 Y116.52 E2707.8278
G1 X131.785 Y116.319 E2708.05314
G1 X133.179 Y115.857 E2708.54159
G1 X135.257 Y115.135 E2709.27326
G1 X137.327 Y114.313 E2710.01404
G1 X138.741 Y113.717 E2710.52441
G1 X140.143 Y113.096 E2711.03441
G1 X141.135 Y112.633 E2711.39852
G0 F9000 X141.152 Y112.135
G0 X138.96 Y110.754
G0 X139.26 Y108.176
G0 X135.559 Y108.93
G0 X135.862 Y110.211
G1 F1500 X134.814 Y111.259 E2711.89147
G0 F9000 X133.956 Y110.753
G0 X135.239 Y108.78
G0 X138.03 Y109.093
G0 X137.151 Y110.336
G1 F1500 X132.793 Y114.695 E2713.94157
G0 F9000 X133.361 Y116.328
G0 X134.112 Y116.065
G0 X133.783 Y115.118
G1 F1500 X138.017 Y110.885 E2715.93288
G0 F9000 X138.866 Y110.203
G0 X138.452 Y111.864
G1 F1500 X136.023 Y114.292 E2717.07518
G0 F9000 X136.391 Y115.221
G0 X138.807 Y114.233
G0 X138.421 Y113.309
G1 F1500 X139.158 Y112.572 E2717.42184
G0 F9000 X139.716 Y113.833
G0 X142.391 Y112.524
G0 X143.095 Y112.11
G0 X145.873 Y109.792
G0 X146.68 Y109.048
G0 X148.102 Y107.057
G0 X147.311 Y105.631
G0 X148.92 Y106.453
G0 X148.87 Y107.077
G1 F1129.5 X148.787 Y106.933 E2717.49525
G1 X148.621 Y106.933 E2717.56857
G1 X148.538 Y107.077 E2717.64198
G1 X148.621 Y107.221 E2717.7154
G1 X148.787 Y107.221 E2717.78872
G1 X148.87 Y107.077 E2717.86213
G1 F2700 E2708.86213
;MESH:NONMESH
G0 F300 X148.87 Y107.077 Z8.4
G0 F9000 X148.92 Y106.453
G0 X148.007 Y106.291
G0 X147.121 Y108.402
G0 X146.68 Y109.048
G0 X145.873 Y109.792
G0 X144.297 Y110.703
G0 X143.385 Y111.061
G0 X139.671 Y111.781
G0 X138.721 Y108.97
G0 X135.239 Y108.78
G0 X128.567 Y118.177
G0 X123.96 Y118.096
G0 X124.732 Y116.163
G0 X122.058 Y118.055
G0 X87.361 Y109.238
G0 X85.822 Y109.112
G0 X85.009 Y109.204
G0 X84.172 Y109.518
G0 X83.761 Y109.781
G0 X81.694 Y111.85
G0 X74.862 Y117.045
G0 X72.622 Y118.74
;TIME_ELAPSED:561.930704
;LAYER:10
;TYPE:WALL-OUTER
;MESH:sharkz.stl
G1 F2700 E2717.86213
G1 F1320.4 X72.511 Y118.819 E2717.91361
G1 F1366.1 X72.24 Y118.844 E2718.013
G1 F1459.1 X71.192 Y118.809 E2718.37152
G1 F1500 X70.484 Y118.803 E2718.60701
G1 X69.497 Y121.757 E2719.64291
G1 X71.641 Y120.646 E2720.44606
G1 F1459.1 X72.554 Y120.13 E2720.80464
G1 F1388.9 X73.144 Y119.761 E2721.05461
G1 F1427.2 X74.213 Y119.256 E2721.46789
G1 F1500 X74.808 Y118.895 E2721.69936
G1 X75.812 Y118.208 E2722.10399
G1 X77 Y117.335 E2722.59433
G1 X77.618 Y116.849 E2722.85582
G1 X78.234 Y116.34 E2723.1216
G1 X78.937 Y115.713 E2723.43491
G1 X79.598 Y115.094 E2723.73611
G1 X80.257 Y114.423 E2724.04891
G1 X80.943 Y113.678 E2724.38575
G1 X83.27 Y111.006 E2725.56423
G1 X83.692 Y110.56 E2725.76845
G1 X84.104 Y110.199 E2725.95065
G1 X84.428 Y109.993 E2726.07834
G1 X84.769 Y109.838 E2726.20293
G1 X85.159 Y109.722 E2726.33826
G1 X85.51 Y109.668 E2726.45638
G1 X85.822 Y109.652 E2726.56028
G1 X86.201 Y109.657 E2726.68635
G1 X86.563 Y109.686 E2726.80714
G1 F1473.5 X86.926 Y109.7 E2726.93014
G1 F1413.8 X87.282 Y109.73 E2727.05621
G1 F1356.2 X87.574 Y109.775 E2727.16489
G1 F1332.1 X87.918 Y109.88 E2727.29959
G1 F1313.5 X88.279 Y110.014 E2727.44585
G1 F1334.5 X88.551 Y110.214 E2727.57207
G1 F1434 X89.104 Y110.83 E2727.86006
G1 F1500 X89.316 Y111.079 E2727.96883
G1 X89.546 Y111.387 E2728.09668
G1 X89.749 Y111.71 E2728.22357
G1 X89.907 Y112.037 E2728.34436
G1 X90.107 Y112.589 E2728.53964
G1 X90.274 Y113.163 E2728.73847
G1 X90.376 Y113.667 E2728.9095
G1 X90.429 Y114.067 E2729.0437
G1 X90.653 Y114.113 E2729.11976
G1 X92.048 Y113.666 E2729.60697
G1 X94.68 Y112.872 E2730.52135
G1 X95.297 Y112.732 E2730.73178
G1 X95.895 Y112.649 E2730.93258
G1 F1412.4 X96.383 Y112.556 E2731.10805
G1 F1318.1 X96.42 Y112.54 E2731.12331
G1 F1219.5 X96.864 Y112.464 E2731.30759
G1 F1134.6 X96.912 Y112.448 E2731.32984
G1 F1147.7 X97.685 Y112.548 E2731.66867
G1 F1166.4 X102.097 Y113.691 E2733.6181
G1 F1151.2 X111.497 Y116.164 E2737.83049
G1 F1139.8 X112.311 Y116.397 E2738.20108
G1 F1122.8 X112.845 Y116.574 E2738.45107
G1 F1093.3 X113.456 Y116.798 E2738.74803
G1 F1183 X113.982 Y117.189 E2739.02444
G1 F1336.9 X114.004 Y117.221 E2739.03893
G1 F1425.9 X114.587 Y117.608 E2739.28377
G1 F1500 X114.892 Y117.836 E2739.41043
G1 X115.166 Y118.106 E2739.53837
G1 X115.402 Y118.405 E2739.66506
G1 X115.603 Y118.733 E2739.79301
G1 X115.769 Y119.066 E2739.91677
G1 X115.897 Y119.386 E2740.0314
G1 X116.026 Y119.813 E2740.17976
G1 X116.117 Y120.19 E2740.30875
G1 X116.185 Y120.581 E2740.44075
G1 X116.236 Y121.001 E2740.58147
G1 X116.276 Y121.749 E2740.83061
G1 X116.258 Y122.599 E2741.11338
G1 X116.182 Y123.341 E2741.36147
G1 X116.068 Y124.034 E2741.59506
G1 X115.935 Y124.629 E2741.79784
G1 X115.783 Y125.18 E2741.98795
G1 X115.612 Y125.683 E2742.16465
G1 X114.997 Y127.21 E2742.71218
G1 X114.652 Y128.031 E2743.00837
G1 X113.806 Y129.894 E2743.6889
G1 X114.318 Y129.74 E2743.86673
G1 X114.823 Y129.542 E2744.04714
G1 X115.588 Y129.176 E2744.3292
G1 X116.052 Y128.889 E2744.51067
G1 X117.18 Y128.114 E2744.96586
G1 X117.973 Y127.517 E2745.296
G1 X118.805 Y126.845 E2745.65171
G1 X119.713 Y126.048 E2746.05355
G1 X120.621 Y125.17 E2746.47365
G1 X121.523 Y124.19 E2746.91665
G1 X122.373 Y123.171 E2747.358
G1 X123.156 Y122.145 E2747.78727
G1 X123.796 Y121.259 E2748.1508
G1 X124.764 Y119.802 E2748.7326
G1 X125.113 Y119.243 E2748.95179
G1 X134.006 Y104.355 E2754.71969
G1 X134.125 Y104.219 E2754.7798
G1 X134.273 Y104.139 E2754.83575
G1 X134.523 Y104.119 E2754.91917
G1 X134.715 Y104.196 E2754.98797
G1 X136.556 Y105.588 E2755.75562
G1 X137.877 Y103.863 E2756.47827
G1 X138.004 Y103.769 E2756.53082
G1 X138.173 Y103.715 E2756.58983
G1 X138.423 Y103.747 E2756.67366
G1 X140.319 Y104.654 E2757.37271
G1 X141.387 Y102.66 E2758.12506
G1 F1491.1 X141.532 Y102.523 E2758.1918
G1 F1339.3 X141.886 Y102.354 E2758.33793
G1 F1273.3 X143.842 Y102.965 E2759.14082
G1 F1327.4 X144.194 Y103.067 E2759.27856
G1 X144.915 Y102.217 E2759.69747
G1 X144.395 Y101.976 E2759.91287
G1 F1308.9 X143.645 Y101.682 E2760.21993
G1 F1264.8 X142.564 Y101.294 E2760.67298
G1 F1231.5 X142.184 Y101.171 E2760.83478
G1 F1277.7 X141.762 Y100.969 E2761.01747
G1 F1407.1 X141.34 Y100.766 E2761.1835
G1 F1491.1 X140.66 Y100.557 E2761.42153
G1 F1500 X140.074 Y100.399 E2761.62339
G1 X138.284 Y100.019 E2762.23202
G1 X135.896 Y99.57 E2763.04019
G1 X133.729 Y99.19 E2763.77193
G1 X132.419 Y99.001 E2764.21215
G1 X132.113 Y99.091 E2764.31824
G1 X131.897 Y99.259 E2764.40925
G1 X124.612 Y112.478 E2769.42937
G1 X123.07 Y115.217 E2770.47481
G1 X122.804 Y115.616 E2770.6343
G1 X122.567 Y115.907 E2770.75913
G1 X122.26 Y116.207 E2770.90189
G1 X122.013 Y116.399 E2771.00595
G1 X121.717 Y116.579 E2771.12117
G1 X121.273 Y116.785 E2771.28397
G1 X120.646 Y116.892 E2771.49552
G1 X120.181 Y116.888 E2771.65019
G1 X119.911 Y116.849 E2771.74092
G1 X115.306 Y115.648 E2773.32378
G1 F1425.9 X114.678 Y115.537 E2773.54693
G1 F1274.4 X114.306 Y115.515 E2773.69281
G1 F1133.8 X113.933 Y115.493 E2773.85722
G1 F1104.6 X112.627 Y115.114 E2774.47145
G1 F1140.7 X107.524 Y113.775 E2776.7789
G1 F1151.2 X102.421 Y112.436 E2779.06531
G1 F1169.1 X98.089 Y111.339 E2780.97224
G1 F1150.3 X97.121 Y111.133 E2781.40148
G1 F1219.5 X96.535 Y110.876 E2781.66325
G1 F1412.4 X96.072 Y110.697 E2781.83859
G1 F1500 X90.028 Y109.187 E2783.91062
G1 F1470.6 X89.383 Y109.046 E2784.1346
G1 F1366.1 X88.654 Y108.924 E2784.40453
G1 F1314.6 X87.936 Y108.717 E2784.68811
G1 F1368.6 X87.551 Y108.502 E2784.84886
G1 F1427.2 X87.088 Y108.106 E2785.06183
G1 F1462 X86.697 Y107.373 E2785.34533
G1 F1488.1 X86.669 Y106.685 E2785.57618
G1 F1500 X86.77 Y106.166 E2785.75204
G1 X87.082 Y105.648 E2785.95316
G1 X87.364 Y105.376 E2786.08348
G1 F1464.8 X87.443 Y105.285 E2786.12452
G1 F1362.4 X87.741 Y105.058 E2786.2617
G1 F1282.1 X88.056 Y104.904 E2786.39814
G1 F1356.2 X88.982 Y104.921 E2786.73884
G1 F1482.2 X89.285 Y104.904 E2786.84098
G1 F1456.3 X91.241 Y104.686 E2787.51522
G1 F1276.6 X92.008 Y104.496 E2787.82403
G1 F1173.7 X92.304 Y104.48 E2787.95003
G1 F1192.4 X93.223 Y104.4 E2788.33601
G1 F1184.8 X95.265 Y104.189 E2789.20042
G1 F1157.4 X97.307 Y103.978 E2790.08531
G1 F1205.8 X97.741 Y104.005 E2790.26523
G1 F1356.2 X98.175 Y104.032 E2790.42518
G1 F1472 X98.605 Y104.009 E2790.57113
G1 F1500 X105.038 Y103.393 E2792.72054
G1 F1226.5 X105.459 Y103.128 E2792.92289
G1 F1046 X105.778 Y103.108 E2793.07534
G1 F1109.5 X106.116 Y103.147 E2793.22834
G1 F1238.6 X106.455 Y103.186 E2793.36578
G1 F1401.9 X106.794 Y103.225 E2793.48722
G1 F1500 X122.624 Y101.705 E2798.77652
G1 X123.66 Y101.614 E2799.12242
G1 X123.737 Y101.499 E2799.16845
G1 X124.855 Y98.622 E2800.19505
G1 X124.204 Y98.648 E2800.41175
G1 X123.8 Y98.648 E2800.54612
G1 X123.319 Y98.495 E2800.714
G1 X122.9 Y98.011 E2800.92692
G1 X122.422 Y97.032 E2801.28928
G1 X121.862 Y95.993 E2801.68185
G1 X121.494 Y95.389 E2801.91709
G1 X121.058 Y94.736 E2802.17824
G1 X120.614 Y94.133 E2802.4273
G1 X120.124 Y93.547 E2802.68137
G1 X118.869 Y92.19 E2803.29614
G1 X117.824 Y91.138 E2803.78932
G1 X117.438 Y90.778 E2803.96488
G1 X117.06 Y90.45 E2804.13133
G1 X116.73 Y90.193 E2804.27045
G1 X116.539 Y90.069 E2804.34619
G1 X116.577 Y91.715 E2804.8938
G1 X116.581 Y93.134 E2805.36576
G1 X116.534 Y94.46 E2805.80707
G1 X116.436 Y95.49 E2806.1512
G1 X116.297 Y96.541 E2806.5038
G1 X116.067 Y97.802 E2806.93013
G1 X118.579 Y97.862 E2807.76587
G1 X118.819 Y97.95 E2807.85089
G1 X119.007 Y98.201 E2807.95519
G1 X119.152 Y98.933 E2808.20339
G1 X119.149 Y99.133 E2808.26991
G1 X118.978 Y99.438 E2808.38621
G1 X118.378 Y99.689 E2808.60253
G1 X108.709 Y101.105 E2811.85276
G1 X106.592 Y101.364 E2812.56212
G1 F1424.5 X106.116 Y101.527 E2812.73834
G1 F1295.3 X105.64 Y101.691 E2812.93225
G1 F1129.5 X105.501 Y101.695 E2812.99367
G1 F1226.5 X105.095 Y101.407 E2813.19615
G1 F1500 X105.002 Y101.383 E2813.22809
G1 X104.626 Y101.248 E2813.36097
G1 X102.869 Y100.168 E2814.04692
G1 X102.357 Y99.903 E2814.23867
G1 X101.771 Y99.637 E2814.45271
G1 X100.383 Y99.081 E2814.95003
G1 X99.055 Y98.61 E2815.41868
G1 X98.423 Y98.412 E2815.63896
G1 X98.575 Y98.974 E2815.83259
G1 X98.658 Y99.399 E2815.97662
G1 X98.698 Y99.779 E2816.10371
G1 X98.68 Y100.337 E2816.2894
G1 X98.582 Y100.821 E2816.45364
G1 X98.43 Y101.199 E2816.58915
G1 X98.246 Y101.52 E2816.71221
G1 X98.045 Y101.779 E2816.82125
G1 X97.857 Y101.979 E2816.91255
G1 F1472 X97.48 Y102.31 E2817.08258
G1 F1403.2 X97.439 Y102.376 E2817.1102
G1 F1243.8 X97.071 Y102.693 E2817.30503
G1 F1156.5 X95.06 Y102.927 E2818.1784
G1 F1184.8 X93.048 Y103.161 E2819.03131
G1 F1190.5 X92.079 Y103.226 E2819.43831
G1 F1207.7 X91.818 Y103.139 E2819.55195
G1 F1255.2 X91.763 Y103.105 E2819.57765
G1 F1327.4 X91.48 Y102.978 E2819.69424
G1 F1399.3 X91.452 Y102.957 E2819.70672
G1 F1456.3 X89.846 Y102.362 E2820.29344
G1 F1500 X88.907 Y102.067 E2820.62081
G1 X88.186 Y101.865 E2820.86984
G1 X88.414 Y102.361 E2821.05141
G1 X88.498 Y102.7 E2821.16757
G1 F1491.1 X88.473 Y103.044 E2821.28298
G1 F1473.5 X88.197 Y103.386 E2821.43178
G1 F1388.9 X88.084 Y103.546 E2821.50214
G1 F1274.4 X87.81 Y103.743 E2821.63425
G1 F1235.6 X87.66 Y103.783 E2821.69693
G1 F1329.8 X86.948 Y103.775 E2821.96407
G1 F1464.8 X86.629 Y103.781 E2822.07274
G1 F1500 X84.001 Y104.031 E2822.95076
G1 X83.674 Y104.032 E2823.05952
G1 X83.144 Y103.978 E2823.23671
G1 X82.724 Y103.888 E2823.37958
G1 X82.317 Y103.748 E2823.52273
G1 X82.028 Y103.616 E2823.6284
G1 X81.653 Y103.373 E2823.77703
G1 X80.994 Y102.765 E2824.07525
G1 X80.423 Y102.275 E2824.3255
G1 X79.746 Y101.768 E2824.60682
G1 X78.074 Y100.642 E2825.27728
G1 X77.03 Y100.01 E2825.68318
G1 X76.469 Y99.704 E2825.89572
G1 X75.888 Y99.418 E2826.11111
G1 X75.518 Y99.272 E2826.24341
G1 X75.225 Y99.172 E2826.34638
G1 X74.701 Y99.041 E2826.52602
G1 X73.782 Y98.918 E2826.83441
G1 X72.998 Y98.845 E2827.0963
G1 X72.851 Y98.847 E2827.1452
G1 X74.004 Y99.864 E2827.65655
G1 X74.858 Y100.738 E2828.06297
G1 X76.151 Y102.206 E2828.71362
G1 X76.919 Y103.22 E2829.13669
G1 X77.624 Y104.203 E2829.53903
G1 X78.198 Y105.089 E2829.89016
G1 X78.402 Y105.457 E2830.0301
G1 X78.666 Y106.023 E2830.23783
G1 X78.7 Y106.623 E2830.43771
G1 X78.658 Y107.027 E2830.5728
G1 X78.561 Y107.487 E2830.72916
G1 X78.402 Y107.998 E2830.90716
G1 X78.238 Y108.441 E2831.06428
G1 X77.79 Y109.462 E2831.43511
G1 X77.231 Y110.541 E2831.83929
G1 X76.639 Y111.574 E2832.23529
G1 X76.012 Y112.596 E2832.63408
G1 X75.419 Y113.514 E2832.99757
G1 X75.153 Y113.958 E2833.16972
G1 X74.857 Y114.399 E2833.34638
G1 X74.528 Y114.84 E2833.52937
G1 X73.979 Y115.513 E2833.81824
G1 X73.283 Y116.245 E2834.1542
G1 X72.692 Y116.821 E2834.42868
G1 X72.603 Y116.979 E2834.48899
G1 X72.749 Y118.327 E2834.93996
G1 F1404.5 X72.622 Y118.74 E2835.09345
G0 F9000 X74.458 Y117.262
G0 X72.956 Y118.939
G0 X71.304 Y119.784
;TYPE:WALL-INNER
G1 F1575.6 X71.244 Y119.681 E2835.13119
G1 X71.125 Y119.681 E2835.16887
G1 X71.066 Y119.784 E2835.20645
G1 X71.126 Y119.887 E2835.2442
G1 X71.245 Y119.887 E2835.28188
G1 X71.304 Y119.784 E2835.31946
G0 F9000 X72.956 Y118.939
G0 X77.712 Y110.789
G0 X78.734 Y108.665
G0 X79.188 Y107.143
G0 X79.245 Y106.635
G0 X79.197 Y105.892
G0 X78.756 Y105.006
G0 X76.114 Y100.649
G1 F1500 X76.949 Y101.602 E2835.74089
G1 X77.731 Y102.636 E2836.17208
G1 X78.462 Y103.658 E2836.59
G1 X79.049 Y104.563 E2836.94877
G1 X79.277 Y104.972 E2837.10452
G1 X79.606 Y105.674 E2837.36237
G1 X79.663 Y105.983 E2837.46688
G1 X79.697 Y106.512 E2837.64319
G1 X79.692 Y106.767 E2837.72802
G1 X79.642 Y107.207 E2837.87531
G1 X79.538 Y107.701 E2838.04321
G1 X79.34 Y108.344 E2838.26699
G1 X79.142 Y108.872 E2838.45454
G1 X78.706 Y109.864 E2838.81494
G1 X78.099 Y111.038 E2839.25452
G1 X77.515 Y112.058 E2839.64545
G1 X76.851 Y113.14 E2840.06768
G1 X76.277 Y114.029 E2840.41964
G1 F1450.7 X75.732 Y114.951 E2840.78798
G1 F1383.8 X75.699 Y115.027 E2840.81785
G1 F1266.9 X75.414 Y115.548 E2841.05171
G1 F1183 X74.8 Y116.294 E2841.45919
G1 F1183.9 X74.104 Y117.026 E2841.88484
G1 X73.781 Y117.342 E2842.07526
G1 X73.868 Y118.141 E2842.41395
G1 X74.199 Y117.939 E2842.57736
G1 X75.142 Y117.294 E2843.05881
G1 F1183 X76.299 Y116.443 E2843.66454
G1 F1284.2 X76.94 Y116.069 E2843.95284
G1 F1450.7 X77.366 Y115.759 E2844.13403
G1 F1500 X77.596 Y115.569 E2844.23326
G1 X78.254 Y114.983 E2844.52632
G1 X78.917 Y114.361 E2844.82868
G1 X79.532 Y113.734 E2845.12079
G1 X80.198 Y113.011 E2845.44774
G1 X82.544 Y110.318 E2846.63564
G1 X82.966 Y109.872 E2846.83986
G1 X83.491 Y109.404 E2847.07378
G1 X83.949 Y109.115 E2847.25391
G1 X84.403 Y108.908 E2847.41986
G1 X84.892 Y108.755 E2847.59028
G1 X85.445 Y108.67 E2847.77637
G1 X85.77 Y108.654 E2847.8846
G1 X86.239 Y108.66 E2848.0406
G1 X85.797 Y107.798 E2848.36279
G1 X85.692 Y107.438 E2848.48752
G1 X85.669 Y106.554 E2848.78164
G1 X85.774 Y106.047 E2848.95385
G1 X85.96 Y105.572 E2849.12351
G1 X86.192 Y105.188 E2849.27273
G1 X86.503 Y104.798 E2849.43864
G1 X84.382 Y105.006 E2850.14747
G1 X83.964 Y105.032 E2850.28677
G1 X83.615 Y105.03 E2850.40285
G1 X83.02 Y104.974 E2850.60162
G1 X82.47 Y104.855 E2850.78878
G1 X81.904 Y104.659 E2850.988
G1 X81.55 Y104.494 E2851.1179
G1 X81.009 Y104.147 E2851.33167
G1 X80.327 Y103.51 E2851.64206
G1 X79.797 Y103.055 E2851.87439
G1 X79.153 Y102.575 E2852.14154
G1 X77.53 Y101.482 E2852.79235
G1 X76.53 Y100.877 E2853.18108
G1 X76.114 Y100.649 E2853.33886
G0 F9000 X81.77 Y104.091
G0 X82.575 Y104.408
G0 X83.664 Y104.572
G0 X87.864 Y104.202
G0 X89.778 Y103.607
G1 F985.5 X89.683 Y103.442 E2853.43524
G1 X89.493 Y103.442 E2853.53143
G1 X89.398 Y103.607 E2853.62781
G1 X89.493 Y103.772 E2853.72419
G1 X89.683 Y103.772 E2853.82037
G1 X89.778 Y103.607 E2853.91675
G0 F9000 X87.498 Y104.654
G0 X87.073 Y104.91
G0 X86.657 Y105.313
G0 X86.265 Y105.966
G0 X86.127 Y106.631
G0 X86.16 Y107.515
G0 X86.551 Y108.254
G0 X86.848 Y108.607
G0 X87.185 Y108.878
G0 X93.512 Y111.632
G0 X94.658 Y111.613
G1 F1023.9 X90.486 Y110.571 E2856.01205
G1 X90.809 Y111.076 E2856.30414
G1 X91.033 Y111.53 E2856.55082
G1 X91.265 Y112.169 E2856.88207
G1 X91.39 Y112.582 E2857.09232
G1 X94.291 Y111.701 E2858.56961
G1 X94.658 Y111.613 E2858.75351
G1 F2700 E2849.75351
G0 F9000 X93.512 Y111.632
G0 X87.222 Y108.908
G0 X86.848 Y108.607
G0 X86.551 Y108.254
G0 X86.16 Y107.515
G0 X86.127 Y106.631
G0 X86.265 Y105.966
G0 X86.657 Y105.313
G0 X87.073 Y104.91
G0 X87.498 Y104.654
G0 X87.755 Y104.562
G0 X103.011 Y102.18
G0 X104.943 Y102.396
G1 F2700 E2858.75351
G1 F1500 X104.662 Y102.324 E2858.84999
G1 X104.329 Y102.203 E2858.96783
G1 X104.054 Y102.07 E2859.06943
G1 X102.376 Y101.039 E2859.72446
G1 X101.92 Y100.803 E2859.89524
G1 X101.354 Y100.547 E2860.10185
G1 X100.025 Y100.015 E2860.57798
G1 X99.7 Y99.899 E2860.69275
G1 X99.684 Y100.403 E2860.86047
G1 X99.56 Y101.065 E2861.08448
G1 X99.353 Y101.596 E2861.27403
G1 X99.104 Y102.048 E2861.44567
G1 X98.774 Y102.464 E2861.62228
G1 X98.504 Y102.75 E2861.7531
G1 X98.124 Y103.051 E2861.91433
G1 X104.943 Y102.396 E2864.19278
G0 F9000 X103.011 Y102.18
G0 X106.705 Y102.293
G1 F1664.8 X108.826 Y102.061 E2864.83218
G1 F1599.1 X109.228 Y102.013 E2864.95849
G1 F1565.8 X109.63 Y101.964 E2865.08753
G1 F1533.7 X110.032 Y101.916 E2865.21922
G1 F1501.5 X110.434 Y101.867 E2865.35378
G1 F1472 X110.836 Y101.818 E2865.49103
G1 F1443.7 X111.238 Y101.77 E2865.63094
G1 F1416.4 X111.64 Y101.721 E2865.77358
G1 F1390.2 X112.042 Y101.672 E2865.91892
G1 F1364.9 X112.444 Y101.624 E2866.06691
G1 F1339.3 X112.846 Y101.575 E2866.21776
G1 F1315.8 X113.248 Y101.526 E2866.37132
G1 F1293.1 X113.651 Y101.478 E2866.5279
G1 F1271.2 X114.053 Y101.429 E2866.68684
G1 F1250 X114.455 Y101.38 E2866.84848
G1 F1229.5 X114.857 Y101.332 E2867.01276
G1 F1208.7 X115.259 Y101.283 E2867.17991
G1 F1189.5 X115.661 Y101.234 E2867.34976
G1 F1171 X116.063 Y101.186 E2867.52226
G1 F1153 X116.465 Y101.137 E2867.6975
G1 F1135.5 X116.867 Y101.088 E2867.87543
G1 F1118.6 X117.269 Y101.04 E2868.056
G1 F1101.3 X117.671 Y100.991 E2868.23946
G1 F1085.4 X118.073 Y100.942 E2868.4256
G1 F1069.9 X118.476 Y100.894 E2868.61485
G1 F1052.6 X118.697 Y100.861 E2868.72076
G0 F9000 X118.717 Y100.863
G1 F1236.6 X119.384 Y100.942 E2868.99174
G1 F1403.2 X120.075 Y100.947 E2869.23743
G1 F1500 X122.986 Y100.669 E2870.21004
G1 X123.412 Y99.574 E2870.60083
G1 X123.148 Y99.49 E2870.69297
G1 X122.832 Y99.347 E2870.80834
G1 X122.476 Y99.05 E2870.96254
G1 X122.096 Y98.617 E2871.15415
G1 X121.863 Y98.175 E2871.32033
G1 F1351.4 X121.427 Y97.523 E2871.6099
G1 F1194.3 X121.279 Y97.328 E2871.71217
G1 F1166.4 X121.098 Y96.975 E2871.88185
G1 F1162.8 X120.855 Y96.551 E2872.09153
G1 F1243.8 X120.613 Y95.972 E2872.34324
G1 F1420.5 X120.254 Y95.332 E2872.60098
G1 F1500 X119.828 Y94.751 E2872.8406
G1 X119.355 Y94.188 E2873.08517
G1 X118.159 Y92.894 E2873.67123
G1 X117.579 Y92.309 E2873.94522
G1 X117.581 Y93.131 E2874.21862
G1 X117.53 Y94.554 E2874.69222
G1 X117.428 Y95.621 E2875.04872
G1 X117.262 Y96.829 E2875.45428
G1 X118.673 Y96.866 E2875.92374
G1 X119.017 Y96.939 E2876.0407
G1 F1420.5 X119.425 Y97.086 E2876.19302
G1 F1243.8 X119.8 Y97.305 E2876.36721
G1 F1162.8 X119.974 Y97.581 E2876.5072
G1 F1166.4 X120.096 Y97.838 E2876.62888
G1 F1229.5 X120.115 Y98.291 E2876.81286
G1 F1396.6 X120.134 Y98.745 E2876.97518
G1 F1500 X120.158 Y99.1 E2877.09352
G1 X120.127 Y99.341 E2877.17434
G1 X119.987 Y99.729 E2877.31153
G1 X119.695 Y100.114 E2877.47225
G1 F1403.2 X119.267 Y100.475 E2877.67132
G1 F1236.6 X118.717 Y100.863 E2877.94288
G1 F2700 E2868.94288
G0 F9000 X119.975 Y100.494
G0 X87.951 Y104.492
G0 X87.498 Y104.654
G0 X87.073 Y104.91
G0 X86.657 Y105.313
G0 X86.265 Y105.966
G0 X86.127 Y106.631
G0 X86.16 Y107.515
G0 X86.551 Y108.254
G0 X86.848 Y108.607
G0 X87.222 Y108.908
G0 X87.713 Y109.139
G0 X114.696 Y116.521
G1 F2700 E2877.94288
G1 F1500 X115.099 Y116.743 E2878.09591
G1 X115.517 Y117.048 E2878.26801
G1 X115.881 Y117.4 E2878.43643
G1 X116.205 Y117.801 E2878.60789
G1 X116.495 Y118.281 E2878.79442
G1 X116.643 Y118.574 E2878.9036
G1 X116.825 Y119.014 E2879.06197
G1 X116.998 Y119.576 E2879.25755
G1 X117.082 Y119.92 E2879.37532
G1 X117.167 Y120.386 E2879.53287
G1 X117.225 Y120.842 E2879.68576
G1 X117.276 Y121.808 E2880.0075
G1 X117.253 Y122.699 E2880.30395
G1 X117.169 Y123.502 E2880.57248
G1 X117.053 Y124.208 E2880.81045
G1 X116.9 Y124.894 E2881.04422
G1 X116.731 Y125.499 E2881.25315
G1 X116.54 Y126.057 E2881.44931
G1 X115.819 Y127.836 E2882.08775
G1 X116.596 Y127.302 E2882.40133
G1 X117.345 Y126.738 E2882.71318
G1 X118.161 Y126.08 E2883.06183
G1 X119.035 Y125.312 E2883.44881
G1 X119.905 Y124.471 E2883.85126
G1 X120.771 Y123.531 E2884.27636
G1 X121.591 Y122.547 E2884.70239
G1 X122.346 Y121.559 E2885.11596
G1 X122.994 Y120.66 E2885.48455
G1 X123.916 Y119.272 E2886.03877
G1 X124.302 Y118.65 E2886.28225
G1 F1445.1 X124.424 Y118.373 E2886.38674
G1 F1311.2 X124.514 Y118.087 E2886.50083
G1 F1121.1 X124.682 Y117.564 E2886.74528
G1 F1035.9 X124.916 Y117.202 E2886.95288
G1 F1054.9 X125.345 Y116.505 E2887.33997
G1 F1048.2 X126.945 Y113.787 E2888.84111
G1 F1019 X128.153 Y111.724 E2890.01155
G1 F1063.8 X128.394 Y111.481 E2890.17205
G1 F1203.9 X128.635 Y111.237 E2890.31418
G1 F1386.3 X128.876 Y110.993 E2890.4376
G1 F1500 X133.147 Y103.842 E2893.20795
G1 X133.505 Y103.435 E2893.38824
G1 X133.948 Y103.193 E2893.55613
G1 X134.348 Y103.105 E2893.69235
G1 X134.695 Y103.134 E2893.80817
G1 X134.981 Y103.213 E2893.90685
G1 X135.271 Y103.365 E2894.01576
G1 X136.365 Y104.19 E2894.47149
G1 X137.137 Y103.183 E2894.89352
G1 X137.54 Y102.883 E2895.06062
G1 F1363.6 X138.035 Y102.625 E2895.26484
G1 F1189.5 X138.296 Y102.551 E2895.37862
G1 F1141.6 X138.58 Y102.594 E2895.50415
G1 X138.857 Y102.67 E2895.62969
G1 F1113.6 X139.214 Y102.81 E2895.80149
G1 F1094.1 X139.806 Y103.094 E2896.10089
G1 X140.3 Y102.168 E2896.57947
G1 X140.439 Y101.95 E2896.69737
G1 X140.626 Y101.783 E2896.8117
G1 X139.782 Y101.548 E2897.2112
G1 X139.652 Y101.521 E2897.27174
G1 F1113.6 X139.241 Y101.409 E2897.46259
G1 F1141.6 X138.851 Y101.318 E2897.63761
G1 X138.456 Y101.242 E2897.81341
G1 F1189.5 X138.098 Y101.102 E2897.97463
G1 F1363.6 X137.234 Y100.838 E2898.30516
G1 F1500 X135.723 Y100.555 E2898.81646
G1 X133.551 Y100.175 E2899.54984
G1 X132.609 Y100.039 E2899.8664
G1 X127.127 Y109.987 E2903.64425
G1 F1386.3 X127.039 Y110.318 E2903.7675
G1 F1203.9 X126.95 Y110.649 E2903.90955
G1 F1063.8 X126.861 Y110.981 E2904.07074
G1 F1019 X125.679 Y113.078 E2905.24928
G1 F1049 X124.104 Y115.834 E2906.75903
G1 F1055.6 X123.747 Y116.384 E2907.06894
G1 F1035.9 X123.5 Y116.711 E2907.2663
G1 F1060.1 X123.368 Y116.78 E2907.3364
G1 F1162.8 X123.079 Y116.958 E2907.48203
G1 F1311.2 X122.898 Y117.025 E2907.55547
G1 F1445.1 X122.639 Y117.179 E2907.6595
G1 F1500 X122.488 Y117.283 E2907.72048
G1 X122.198 Y117.455 E2907.83262
G1 X121.748 Y117.667 E2907.99807
G1 X121.373 Y117.783 E2908.12863
G1 X120.857 Y117.871 E2908.30273
G1 X120.604 Y117.892 E2908.38716
G1 X120.101 Y117.885 E2908.55448
G1 X119.734 Y117.833 E2908.67776
G1 X114.696 Y116.521 E2910.4093
G1 F2700 E2901.4093
G0 F9000 X117.632 Y120.376
G0 X116.908 Y126.457
G0 X117.869 Y125.723
G0 X119.575 Y124.149
G0 X121.231 Y122.259
G0 X122.609 Y120.405
G0 X123.662 Y118.789
G0 X124.064 Y118.073
G0 X117.73 Y125.26
;TYPE:SKIN
G1 F2700 E2910.4093
G1 F1500 X118.459 Y124.618 E2910.73238
G1 X119.277 Y123.823 E2911.11178
G1 X120.096 Y122.93 E2911.51479
G1 X120.897 Y121.968 E2911.93114
G1 X121.701 Y120.914 E2912.37205
G1 X122.236 Y120.167 E2912.67766
G1 X123.161 Y118.773 E2913.23409
G1 X123.505 Y118.222 E2913.45014
G1 X123.592 Y117.779 E2913.60029
G1 X123.351 Y117.831 E2913.6823
G1 X122.639 Y118.239 E2913.95523
G1 X122.073 Y118.502 E2914.16282
G1 X121.585 Y118.654 E2914.33282
G1 X120.964 Y118.762 E2914.54246
G1 X120.64 Y118.791 E2914.65066
G1 X120.059 Y118.787 E2914.8439
G1 X119.529 Y118.71 E2915.02203
G1 X117.447 Y118.169 E2915.7375
G1 X117.673 Y118.712 E2915.93313
G1 X117.847 Y119.264 E2916.12563
G1 X118.039 Y120.069 E2916.40088
G1 X118.13 Y120.877 E2916.67132
G1 X118.172 Y121.781 E2916.97232
G1 X118.146 Y122.797 E2917.31035
G1 X118.058 Y123.633 E2917.58994
G1 X117.945 Y124.33 E2917.82479
G1 X117.73 Y125.26 E2918.14227
G1 F2700 E2909.14227
G0 F9000 X124.064 Y118.073
G0 X123.525 Y119.028
G0 X122.051 Y121.182
G0 X120.425 Y123.227
G0 X118.735 Y124.963
G0 X117.869 Y125.723
G0 X116.908 Y126.457
G0 X116.906 Y118.074
G0 X116.604 Y117.52
G0 X122.184 Y117.385
G0 X127.459 Y110.381
G0 X128.068 Y110.37
G1 F2700 E2918.14227
G1 F1217.5 X128.387 Y109.815 E2918.40458
G1 F1195.2 X128.707 Y109.259 E2918.67235
G1 F1172.8 X129.026 Y108.704 E2918.94467
G1 F1152.1 X129.346 Y108.148 E2919.22247
G1 F1131.2 X129.665 Y107.592 E2919.50518
G1 F1111.9 X129.985 Y107.037 E2919.79262
G1 F1092.5 X130.304 Y106.481 E2920.08535
G1 F1073.7 X130.624 Y105.925 E2920.38342
G1 F1056.3 X130.943 Y105.37 E2920.68576
G1 F1038.8 X131.263 Y104.814 E2920.99386
G1 F1022.5 X131.582 Y104.258 E2921.30663
G1 F1006 X131.902 Y103.703 E2921.62433
G1 F990.8 X132.222 Y103.147 E2921.94737
G0 F9000 X132.224 Y103.143
G1 F1076 X132.78 Y102.706 E2922.27525
G1 F1245.8 X132.98 Y102.616 E2922.36308
G1 F1306.6 X133.61 Y102.272 E2922.63715
G1 F1404.5 X134.262 Y102.199 E2922.8702
G1 F1538.5 X134.896 Y102.276 E2923.07731
G1 F1530.6 X135.347 Y102.393 E2923.22918
G1 F1442.3 X135.796 Y102.583 E2923.39782
G1 F1387.6 X136.185 Y102.875 E2923.5727
G1 X136.461 Y102.52 E2923.73438
G1 X137.06 Y102.073 E2924.0031
G1 X137.343 Y101.896 E2924.12311
G1 X137.012 Y101.753 E2924.25275
G1 X136.192 Y101.6 E2924.55267
G1 F1453.5 X135.552 Y101.43 E2924.77996
G1 F1544.8 X135.016 Y101.323 E2924.95648
G1 F1543.2 X134.412 Y101.23 E2925.15405
G1 F1405.8 X133.541 Y101.163 E2925.46407
G1 F1306.6 X133.135 Y101.099 E2925.621
G1 X132.541 Y102.174 E2926.08996
G1 F1245.8 X132.443 Y102.47 E2926.21482
G1 F1076 X132.224 Y103.143 E2926.54296
G0 F9000 X128.301 Y110.891
G0 X124.015 Y118.068
G0 X121.907 Y119.078
G1 F1500 X122.179 Y119.35 E2926.6709
G0 F9000 X124.015 Y118.068
G0 X121.605 Y120.19
G1 F1500 X120.699 Y119.285 E2927.09682
G0 F9000 X119.523 Y118.197
G0 X119.118 Y119.118
G1 F1500 X121.004 Y121.004 E2927.98394
G0 F9000 X124.015 Y118.068
G0 X120.386 Y121.801
G1 F1500 X118.52 Y119.935 E2928.86165
G0 F9000 X117.169 Y118.798
G0 X117.663 Y121.532
G0 X118.658 Y121.487
G1 F1500 X119.744 Y122.573 E2929.37247
G0 F9000 X124.015 Y118.068
G0 X119.068 Y123.311
G1 F1500 X118.64 Y122.882 E2929.57402
G1 F2700 E2920.57402
G0 F9000 X124.064 Y118.073
G0 X123.525 Y119.028
G0 X122.051 Y121.182
G0 X120.425 Y123.227
G0 X118.735 Y124.963
G0 X117.869 Y125.723
G0 X116.908 Y126.457
G0 X116.906 Y118.074
G0 X116.604 Y117.52
G0 X119.794 Y117.377
G0 X87.829 Y109.194
G0 X87.222 Y108.908
G0 X86.848 Y108.607
G0 X86.551 Y108.254
G0 X86.16 Y107.515
G0 X86.127 Y106.631
G0 X86.265 Y105.966
G0 X86.657 Y105.313
G0 X87.073 Y104.91
G0 X87.498 Y104.654
G0 X87.951 Y104.492
G0 X122.657 Y100.229
G0 X122.786 Y99.886
G0 X121.259 Y98.074
G0 X121.529 Y99.594
G1 F2700 E2929.57402
G1 F908 X121.426 Y99.416 E2929.68702
G1 X121.22 Y99.416 E2929.80021
G1 X121.117 Y99.594 E2929.9132
G1 X121.22 Y99.772 E2930.0262
G1 X121.426 Y99.772 E2930.13939
G1 X121.529 Y99.594 E2930.25239
G0 F9000 X121.221 Y98.106
G0 X119.631 Y96.617
G0 X119.732 Y96.249
G1 F1619.9 X119.519 Y95.789 E2930.40851
G1 X119.132 Y95.263 E2930.60964
G1 X118.709 Y94.764 E2930.81111
G1 X118.407 Y94.434 E2930.94888
G1 X118.282 Y95.734 E2931.35112
G1 X118.247 Y95.989 E2931.43039
G1 X118.738 Y96.006 E2931.5817
G1 X119.283 Y96.116 E2931.75294
G1 X119.732 Y96.249 E2931.89717
G0 F9000 X119.609 Y96.694
G0 X119.871 Y98.839
G0 X119.577 Y99.584
G0 X119.172 Y99.944
G0 X118.515 Y100.214
G0 X108.777 Y101.643
G0 X105.599 Y102.029
G0 X105.211 Y101.97
G0 X101.146 Y100.895
G0 X100.868 Y101.583
G1 F916.9 X100.766 Y101.406 E2932.00833
G1 X100.562 Y101.406 E2932.11933
G1 X100.46 Y101.583 E2932.23049
G1 X100.562 Y101.76 E2932.34165
G1 X100.766 Y101.76 E2932.45265
G1 X100.868 Y101.583 E2932.56381
G0 F9000 X101.146 Y100.895
G0 X100.136 Y100.569
G0 X98.205 Y102.4
G0 X97.745 Y102.767
G0 X97.239 Y103.065
G0 X87.951 Y104.492
G0 X87.498 Y104.654
G0 X87.073 Y104.91
G0 X86.657 Y105.313
G0 X86.265 Y105.966
G0 X86.127 Y106.631
G0 X86.16 Y107.515
G0 X86.304 Y107.789
G0 X82.325 Y109.967
G0 X81.2 Y108.906
G1 F1378.7 X81.678 Y108.402 E2932.81518
G1 X82.316 Y107.856 E2933.11905
G1 X82.975 Y107.423 E2933.4044
G1 X83.734 Y107.077 E2933.70625
G1 X83.731 Y106.972 E2933.74426
G1 X83.479 Y106.969 E2933.83546
G1 X82.706 Y106.89 E2934.11664
G1 X81.984 Y106.738 E2934.38364
G1 X81.643 Y106.627 E2934.51341
G1 X81.559 Y107.543 E2934.84627
G1 X81.367 Y108.372 E2935.15421
G1 X81.2 Y108.906 E2935.35667
G0 F9000 X82.325 Y109.967
G0 X85.425 Y108.182
G0 X85.53 Y105.374
G0 X80.038 Y103.789
G0 X79.756 Y104.118
G1 F1728.1 X79.751 Y104.112 E2935.35893
G0 F9000 X79.756 Y104.118
G1 F1661.1 X80.045 Y104.568 E2935.51955
G1 F1564.1 X80.193 Y104.833 E2935.61637
G1 F1515.2 X80.384 Y105.218 E2935.75788
G1 F1500 X80.5 Y105.564 E2935.87926
G1 X80.56 Y105.906 E2935.99474
G1 X80.6 Y106.582 E2936.21997
G1 X80.535 Y107.336 E2936.47169
G1 X80.37 Y108.073 E2936.72288
G1 X80.188 Y108.645 E2936.92253
G1 X79.966 Y109.231 E2937.13095
G1 X79.513 Y110.253 E2937.50276
G1 F1456.3 X78.924 Y111.463 E2937.96379
G1 F1518.2 X78.223 Y112.544 E2938.38717
G1 F1635.8 X77.566 Y113.613 E2938.76986
G1 X77.3 Y114.025 E2938.91943
G1 F1572.3 X77.032 Y114.508 E2939.0947
G1 F1442.3 X76.79 Y115.005 E2939.28591
G1 F1404.5 X76.986 Y114.872 E2939.37005
G1 F1527.5 X77.681 Y114.344 E2939.65513
G1 F1635.8 X78.3 Y113.76 E2939.91468
G1 X78.949 Y113.095 E2940.19808
G1 F1549.6 X79.533 Y112.387 E2940.49357
G1 F1442.3 X79.794 Y112.054 E2940.63992
G1 F1456.3 X80.7 Y111.059 E2941.10093
G1 F1500 X81.828 Y109.764 E2941.67213
G1 X82.391 Y109.169 E2941.94458
G1 X82.975 Y108.67 E2942.20007
G1 X83.551 Y108.303 E2942.42723
G1 X84.165 Y108.032 E2942.65045
G1 X84.842 Y107.83 E2942.88543
G1 X84.79 Y107.363 E2943.04172
G1 X84.758 Y106.519 E2943.32263
G1 X84.894 Y105.858 E2943.54709
G1 X84.436 Y105.904 E2943.70019
G1 X83.958 Y105.932 E2943.85944
G1 X83.537 Y105.926 E2943.99948
G1 X82.873 Y105.858 E2944.22148
G1 X82.255 Y105.73 E2944.43139
G1 X81.601 Y105.512 E2944.66068
G1 X81.083 Y105.263 E2944.85184
G1 X80.556 Y104.924 E2945.06025
G1 F1515.2 X80.326 Y104.728 E2945.15976
G1 F1623.4 X79.756 Y104.118 E2945.41633
G0 F9000 X80.038 Y103.789
G0 X78.315 Y102.604
G0 X79.7 Y104.765
G0 X78.925 Y108.143
G0 X76.037 Y115.331
G0 X76.79 Y115.005
G1 F1378.7 X76.786 Y115.01 E2945.41865
G1 F2700 E2936.41865
G0 F9000 X76.037 Y115.331
G0 X75.871 Y115.983
G0 X79.227 Y114.706
G0 X83.335 Y110.158
G0 X83.761 Y109.781
G0 X84.588 Y109.329
G0 X85.424 Y109.135
G0 X86.212 Y109.118
G0 X87.724 Y109.321
G0 X119.794 Y117.377
G0 X120.693 Y117.433
G0 X121.431 Y117.306
G0 X122.307 Y116.854
G0 X122.957 Y116.282
G0 X123.528 Y115.503
G0 X132.863 Y100.548
G0 X137.153 Y101.291
G0 X139.141 Y102.069
G0 X136.274 Y103.53
G0 X133.8 Y102.757
G0 X132.391 Y106.089
G0 X134.845 Y107.61
G0 X136.975 Y108.899
G0 X138.721 Y108.97
G0 X138.928 Y109.994
G0 X140.485 Y110.569
;TYPE:WALL-OUTER
G1 F2700 E2945.41865
G1 F1500 X140.391 Y110.429 E2945.47473
G1 X140.348 Y110.197 E2945.55321
G1 X140.409 Y109.983 E2945.62722
G1 X140.823 Y109.23 E2945.91303
G1 X141.045 Y108.899 E2946.04559
G1 F1445.1 X141.544 Y108.274 E2946.3217
G1 F1346.5 X142.044 Y107.648 E2946.61855
G1 F1322.8 X142.446 Y107.453 E2946.78707
G1 F1407.1 X142.873 Y107.286 E2946.94963
G1 F1488.1 X143.418 Y107.114 E2947.14123
G1 F1500 X143.894 Y107.02 E2947.30261
G1 X144.267 Y106.992 E2947.42702
G1 X144.583 Y107.008 E2947.53225
G1 X144.953 Y107.059 E2947.65648
G1 X145.271 Y107.131 E2947.76492
G1 X145.616 Y107.233 E2947.88458
G1 X146.439 Y107.549 E2948.1778
G1 X146.622 Y107.67 E2948.25076
G1 X146.757 Y107.954 E2948.35535
G1 X146.709 Y108.239 E2948.45148
G1 X146.597 Y108.386 E2948.51294
G1 X145.532 Y109.368 E2948.99476
G1 X144.804 Y109.821 E2949.27995
G1 X144.073 Y110.207 E2949.55489
G1 X143.678 Y110.383 E2949.69872
G1 X143.213 Y110.548 E2949.86283
G1 X142.788 Y110.647 E2950.00797
G1 X142.361 Y110.711 E2950.15158
G1 X142.017 Y110.739 E2950.26637
G1 X141.612 Y110.748 E2950.40111
G1 X140.735 Y110.721 E2950.69294
G1 X140.485 Y110.569 E2950.79025
G1 F2700 E2941.79025
G0 F9000 X138.879 Y110.003
G0 X139.055 Y109.344
G0 X139.739 Y108.037
G0 X141.226 Y106.805
G1 F2700 E2950.79025
G1 F1377.4 X140.763 Y106.793 E2950.958
G1 F1500 X138.644 Y105.788 E2951.73804
G1 X137.154 Y107.779 E2952.56515
G1 X136.978 Y107.914 E2952.63893
G1 X136.837 Y107.956 E2952.68786
G1 X136.562 Y107.931 E2952.7797
G1 X134.834 Y106.636 E2953.49792
G1 X133.232 Y109.222 E2954.5097
G1 X128.115 Y117.915 E2957.86472
G1 X127.607 Y118.802 E2958.20469
G1 X127.482 Y119.085 E2958.30759
G1 X127.443 Y119.238 E2958.36011
G1 X127.753 Y119.325 E2958.4672
G1 X128.047 Y119.303 E2958.56526
G1 X128.729 Y119.185 E2958.79546
G1 X129.646 Y118.952 E2959.11015
G1 X130.926 Y118.581 E2959.5534
G1 X132.384 Y118.126 E2960.0614
G1 X133.794 Y117.659 E2960.55542
G1 X135.905 Y116.923 E2961.29899
G1 X138.002 Y116.089 E2962.04959
G1 X139.508 Y115.457 E2962.59281
G1 X140.946 Y114.82 E2963.11591
G1 X142.457 Y114.117 E2963.6702
G1 X143.078 Y113.813 E2963.90017
G1 X143.724 Y113.468 E2964.14375
G1 X144.298 Y113.141 E2964.36347
G1 X144.875 Y112.79 E2964.5881
G1 X146.037 Y112.018 E2965.05211
G1 X147.162 Y111.192 E2965.51631
G1 X148.292 Y110.303 E2965.99452
G1 X148.812 Y109.866 E2966.22043
G1 X149.303 Y109.426 E2966.43972
G1 X149.767 Y108.976 E2966.6547
G1 X150.179 Y108.538 E2966.8547
G1 X150.509 Y108.133 E2967.02846
G1 X150.722 Y107.829 E2967.15192
G1 X150.86 Y107.496 E2967.27181
G1 X150.927 Y107.237 E2967.36079
G1 X150.965 Y106.935 E2967.46203
G1 X150.887 Y106.541 E2967.59562
G1 X150.668 Y106.147 E2967.74554
G1 X150.509 Y105.938 E2967.83289
G1 X150.25 Y105.647 E2967.96246
G1 X149.92 Y105.327 E2968.11535
G1 X149.478 Y104.952 E2968.30814
G1 X148.741 Y104.412 E2968.61202
G1 X148.08 Y103.964 E2968.87761
G1 X146.688 Y103.109 E2969.42095
G1 X144.964 Y105.045 E2970.28317
G1 X144.781 Y105.131 E2970.35042
G1 X144.592 Y105.151 E2970.41363
G1 X142.468 Y104.553 E2971.14754
G1 X141.771 Y105.793 E2971.62066
G1 F1488.1 X141.65 Y106.024 E2971.70808
G1 F1358.7 X141.349 Y106.711 E2971.98349
G1 F1264.8 X141.226 Y106.805 E2972.04456
G0 F9000 X139.739 Y108.037
G0 X141.334 Y107.652
G0 X143.053 Y105.968
;TYPE:WALL-INNER
G1 F1107.8 X143.259 Y105.971 E2972.13734
G1 F1287.6 X143.87 Y106.002 E2972.3744
G1 F1587.3 X144.579 Y106.076 E2972.59845
G1 F1734.1 X144.707 Y106.082 E2972.63532
G0 F9000 X146.339 Y105.845
G0 X147.168 Y106.183
G0 X148.058 Y107.135
G0 X148.127 Y108.41
G0 X147.469 Y109.322
G1 F1021.1 X147.781 Y109.181 E2972.8026
G1 F1169.1 X148.094 Y109.039 E2972.94927
G1 F1369.9 X148.614 Y108.7 E2973.17534
G1 F1500 X149.067 Y108.261 E2973.38515
G1 X149.426 Y107.879 E2973.55951
G1 X149.819 Y107.397 E2973.76636
G1 X149.909 Y107.178 E2973.84511
G1 X149.961 Y106.933 E2973.92841
G1 X149.801 Y106.646 E2974.0377
G1 X149.47 Y106.273 E2974.20356
G1 F1420.5 X149.236 Y106.134 E2974.29916
G1 F1350.1 X149.187 Y106.089 E2974.32374
G1 F1233.6 X148.78 Y105.882 E2974.50842
G1 F1136.4 X148.736 Y105.847 E2974.5331
G1 F1081.5 X148.467 Y105.733 E2974.66788
G1 F1037.3 X148.056 Y105.42 E2974.91634
G1 F1028.8 X146.925 Y104.709 E2975.56417
G1 F1013.5 X145.782 Y105.988 E2976.40853
G1 X146.06 Y106.075 E2976.55192
G1 F1016.3 X146.881 Y106.396 E2976.98468
G1 F1031.6 X147.225 Y106.593 E2977.17639
G1 F1037.3 X147.51 Y106.821 E2977.35192
G1 F1081.5 X147.584 Y107.014 E2977.44727
G1 F1233.6 X147.646 Y107.309 E2977.56919
G1 F1420.5 X147.681 Y107.533 E2977.64882
G1 F1500 X147.749 Y107.83 E2977.75016
G1 X147.745 Y108.234 E2977.88454
G1 F1369.9 X147.69 Y108.726 E2978.06484
G1 F1169.1 X147.58 Y109.024 E2978.20039
G1 F1021.1 X147.469 Y109.322 E2978.35576
G1 F980.4 X146.309 Y110.312 E2979.13182
G1 F993.4 X145.359 Y110.954 E2979.70767
G1 F960.9 X144.678 Y111.359 E2980.11904
G1 F911.9 X144.218 Y111.614 E2980.4068
G0 F9000 X143.01 Y112.261
G0 X137.473 Y114.727
G0 X136.293 Y115.196
G0 X130.378 Y117.281
G0 X129.204 Y118.033
G1 F1500 X130.629 Y117.626 E2980.89971
G1 X132.07 Y117.176 E2981.40181
G1 X133.465 Y116.715 E2981.89047
G1 X135.555 Y115.986 E2982.62668
G1 X137.652 Y115.151 E2983.37741
G1 X139.104 Y114.543 E2983.90097
G1 X140.525 Y113.913 E2984.41797
G1 X142.019 Y113.218 E2984.96601
G1 X142.608 Y112.93 E2985.18408
G1 X143.406 Y112.499 E2985.48573
G1 F1392.8 X143.739 Y112.202 E2985.64557
G1 F1206.8 X143.898 Y112.006 E2985.74991
G1 F1055.6 X144.058 Y111.81 E2985.86949
G1 F938.1 X144.218 Y111.614 E2986.00405
G1 F941.6 X143.929 Y111.617 E2986.15718
G1 F1069.1 X143.64 Y111.621 E2986.29205
G1 F1214.6 X143.448 Y111.603 E2986.37126
G1 F1387.6 X143.058 Y111.612 E2986.51152
G1 F1500 X142.442 Y111.708 E2986.71888
G1 X142.098 Y111.736 E2986.83367
G1 X141.581 Y111.748 E2987.00567
G1 X140.801 Y111.723 E2987.26523
G1 X140.387 Y111.653 E2987.40488
G1 X140.028 Y111.481 E2987.53728
G1 X139.76 Y111.258 E2987.65324
G1 X139.519 Y110.953 E2987.78253
G1 X139.36 Y110.495 E2987.94378
G1 X139.35 Y110.144 E2988.06057
G1 F1391.5 X139.323 Y109.818 E2988.17786
G1 F1213.6 X139.335 Y109.372 E2988.36128
G1 F1098.9 X139.741 Y108.687 E2988.72279
G1 F1063.1 X140.106 Y108.147 E2989.02867
G1 F1066.9 X140.301 Y107.905 E2989.17401
G1 X139.017 Y107.298 E2989.83817
G1 X138.672 Y107.759 E2990.10743
G1 F1043.1 X138.124 Y108.544 E2990.56532
G1 F1141.6 X137.71 Y108.726 E2990.76296
G1 F1391.5 X136.974 Y108.947 E2991.03849
G1 F1500 X136.652 Y108.956 E2991.14563
G1 X136.307 Y108.888 E2991.26259
G1 X135.868 Y108.661 E2991.42696
G1 X135.109 Y108.091 E2991.74267
G1 X134.093 Y109.73 E2992.38404
G1 X129.204 Y118.033 E2995.58881
G0 F9000 X130.378 Y117.281
G0 X135.393 Y115.554
G0 X140.331 Y113.495
G0 X142.391 Y112.524
G0 X143.095 Y112.11
G0 X141.152 Y112.135
G0 X141.135 Y112.633
;TYPE:SKIN
G1 F1500 X140.778 Y112.621 E2995.70762
G1 X140.112 Y112.515 E2995.93192
G1 X139.535 Y112.236 E2996.14509
G1 X139.108 Y111.876 E2996.33085
G1 X138.837 Y111.542 E2996.4739
G1 X138.659 Y111.212 E2996.59861
G1 X138.467 Y110.658 E2996.79362
G1 X138.449 Y110.157 E2996.96036
G1 X138.328 Y109.542 E2997.16884
G1 X137.713 Y109.663 E2997.37731
G1 X137.389 Y109.777 E2997.49155
G1 X136.98 Y109.862 E2997.63049
G1 X136.584 Y109.851 E2997.76225
G1 X136.009 Y109.742 E2997.9569
G1 X135.357 Y109.396 E2998.2024
G1 X134.854 Y110.205 E2998.51924
G1 X131.138 Y116.52 E3000.95628
G1 X131.785 Y116.319 E3001.18162
G1 X133.179 Y115.857 E3001.67006
G1 X135.257 Y115.135 E3002.40174
G1 X137.327 Y114.313 E3003.14252
G1 X138.741 Y113.717 E3003.65289
G1 X140.143 Y113.096 E3004.16289
G1 X141.135 Y112.633 E3004.527
G0 F9000 X141.152 Y112.135
G0 X139.636 Y111.203
G0 X138.953 Y110.201
G0 X138.157 Y111.287
G1 F1500 X137.198 Y110.328 E3004.97809
G0 F9000 X138.03 Y109.093
G0 X135.559 Y108.93
G0 X135.526 Y110.07
G1 F1500 X138.66 Y113.204 E3006.45222
G0 F9000 X139.065 Y114.122
G0 X138.053 Y114.549
G0 X137.667 Y113.626
G1 F1500 X134.994 Y110.952 E3007.70976
G0 F9000 X135.559 Y108.93
G0 X135.239 Y108.78
G0 X133.612 Y111.337
G0 X134.47 Y111.842
G1 F1500 X136.665 Y114.037 E3008.74222
G0 F9000 X137.032 Y114.966
G0 X136.021 Y115.369
G0 X135.652 Y114.439
G1 F1500 X133.947 Y112.733 E3009.54443
G0 F9000 X133.088 Y112.227
G0 X132.563 Y113.118
G0 X133.423 Y113.624
G1 F1500 X134.624 Y114.825 E3010.10934
G0 F9000 X134.726 Y115.851
G0 X133.904 Y116.138
G0 X133.575 Y115.191
G1 F1500 X132.899 Y114.514 E3010.42755
G0 F9000 X133.512 Y116.275
G0 X132.746 Y116.531
G0 X132.375 Y115.404
G1 F1500 X132.52 Y115.549 E3010.49575
G0 F9000 X132.835 Y116.501
G0 X137.473 Y114.727
G0 X141.817 Y112.805
G0 X143.095 Y112.11
G0 X145.873 Y109.792
G0 X146.68 Y109.048
G0 X148.1 Y106.965
G0 X147.311 Y105.631
G0 X148.92 Y106.453
G0 X148.87 Y107.077
G1 F1129.5 X148.787 Y106.933 E3010.56917
G1 X148.621 Y106.933 E3010.64249
G1 X148.538 Y107.077 E3010.7159
G1 X148.621 Y107.221 E3010.78931
G1 X148.787 Y107.221 E3010.86263
G1 X148.87 Y107.077 E3010.93605
G1 F2700 E3001.93605
;MESH:NONMESH
G0 F300 X148.87 Y107.077 Z9.2
G0 F9000 X148.92 Y106.453
G0 X148.007 Y106.291
G0 X147.121 Y108.402
G0 X146.68 Y109.048
G0 X145.873 Y109.792
G0 X144.297 Y110.703
G0 X143.385 Y111.061
G0 X139.671 Y111.781
G0 X138.721 Y108.97
G0 X135.239 Y108.78
G0 X128.567 Y118.177
G0 X123.962 Y118.097
G0 X123.909 Y118.409
G0 X122.051 Y121.182
G0 X120.425 Y123.227
G0 X118.735 Y124.963
G0 X117.869 Y125.723
G0 X116.908 Y126.457
G0 X116.854 Y117.978
G0 X112.974 Y116.233
G0 X111.58 Y115.789
G0 X87.361 Y109.238
G0 X85.822 Y109.112
G0 X85.009 Y109.204
G0 X84.172 Y109.518
G0 X83.761 Y109.781
G0 X79.464 Y114.039
G0 X74.458 Y117.262
G0 X72.622 Y118.74
;TIME_ELAPSED:625.472408
;LAYER:11
;TYPE:WALL-OUTER
;MESH:sharkz.stl
G1 F2700 E3010.93605
G1 F1320.4 X72.511 Y118.819 E3010.98753
G1 F1366.1 X72.24 Y118.844 E3011.08691
G1 F1459.1 X71.192 Y118.809 E3011.44544
G1 F1500 X70.484 Y118.803 E3011.68093
G1 X69.497 Y121.757 E3012.71683
G1 X71.641 Y120.646 E3013.51998
G1 F1459.1 X72.554 Y120.13 E3013.87855
G1 F1388.9 X73.144 Y119.761 E3014.12852
G1 F1427.2 X74.213 Y119.256 E3014.5418
G1 F1500 X74.808 Y118.895 E3014.77328
G1 X75.812 Y118.208 E3015.1779
G1 X77 Y117.335 E3015.66825
G1 X77.618 Y116.849 E3015.92974
G1 X78.234 Y116.34 E3016.19552
G1 X78.937 Y115.713 E3016.50882
G1 X79.598 Y115.094 E3016.81002
G1 X80.257 Y114.423 E3017.12283
G1 X80.943 Y113.678 E3017.45966
G1 X83.27 Y111.006 E3018.63815
G1 X83.692 Y110.56 E3018.84237
G1 X84.104 Y110.199 E3019.02456
G1 X84.428 Y109.993 E3019.15226
G1 X84.769 Y109.838 E3019.27684
G1 X85.159 Y109.722 E3019.41218
G1 X85.51 Y109.668 E3019.53029
G1 X85.822 Y109.652 E3019.6342
G1 X86.201 Y109.657 E3019.76027
G1 X86.689 Y109.696 E3019.92309
G1 F1476.4 X86.913 Y109.7 E3019.9988
G1 F1415.1 X87.282 Y109.732 E3020.12938
G1 F1356.2 X87.575 Y109.775 E3020.23832
G1 F1332.1 X87.918 Y109.88 E3020.37266
G1 F1313.5 X88.279 Y110.014 E3020.51892
G1 F1334.5 X88.551 Y110.214 E3020.64514
G1 F1434 X89.104 Y110.83 E3020.93313
G1 F1500 X89.316 Y111.079 E3021.0419
G1 X89.546 Y111.387 E3021.16975
G1 X89.749 Y111.71 E3021.29664
G1 X89.907 Y112.037 E3021.41743
G1 X90.107 Y112.589 E3021.6127
G1 X90.274 Y113.163 E3021.81153
G1 X90.377 Y113.669 E3021.98328
G1 X90.429 Y114.082 E3022.12173
G1 X90.682 Y114.105 E3022.20622
G1 X92.048 Y113.666 E3022.68344
G1 X94.68 Y112.872 E3023.59782
G1 X95.297 Y112.732 E3023.80825
G1 X95.895 Y112.649 E3024.00905
G1 F1412.4 X96.383 Y112.556 E3024.18453
G1 F1318.1 X96.42 Y112.54 E3024.19978
G1 F1219.5 X96.864 Y112.464 E3024.38407
G1 F1134.6 X96.912 Y112.448 E3024.40631
G1 F1147.7 X97.685 Y112.548 E3024.74514
G1 F1166.4 X102.097 Y113.691 E3026.69457
G1 F1151.2 X111.497 Y116.164 E3030.90696
G1 F1139.8 X112.311 Y116.397 E3031.27756
G1 F1122.8 X112.845 Y116.574 E3031.52754
G1 F1093.3 X113.456 Y116.798 E3031.8245
G1 F1183 X113.982 Y117.189 E3032.10091
G1 F1336.9 X114.004 Y117.221 E3032.1154
G1 F1425.9 X114.587 Y117.608 E3032.36024
G1 F1500 X114.892 Y117.836 E3032.4869
G1 X115.166 Y118.106 E3032.61484
G1 X115.402 Y118.405 E3032.74154
G1 X115.603 Y118.733 E3032.86948
G1 X115.769 Y119.066 E3032.99324
G1 X115.897 Y119.386 E3033.10787
G1 X116.026 Y119.813 E3033.25623
G1 X116.117 Y120.19 E3033.38522
G1 X116.185 Y120.581 E3033.51722
G1 X116.236 Y121.001 E3033.65794
G1 X116.276 Y121.749 E3033.90708
G1 X116.258 Y122.599 E3034.18986
G1 X116.182 Y123.341 E3034.43794
G1 X116.068 Y124.034 E3034.67153
G1 X115.935 Y124.629 E3034.87431
G1 X115.783 Y125.18 E3035.06442
G1 X115.612 Y125.683 E3035.24112
G1 X114.997 Y127.211 E3035.78896
G1 X114.584 Y128.191 E3036.14267
G1 X113.81 Y129.894 E3036.76484
G1 X114.318 Y129.741 E3036.9413
G1 X114.794 Y129.555 E3037.11128
G1 X115.588 Y129.176 E3037.40391
G1 X116.035 Y128.9 E3037.57864
G1 X117.18 Y128.114 E3038.04056
G1 X117.973 Y127.517 E3038.3707
G1 X118.805 Y126.845 E3038.72641
G1 X119.713 Y126.048 E3039.12825
G1 X120.621 Y125.17 E3039.54835
G1 X121.523 Y124.19 E3039.99135
G1 X122.373 Y123.171 E3040.4327
G1 X123.156 Y122.145 E3040.86197
G1 X123.796 Y121.259 E3041.2255
G1 X124.764 Y119.802 E3041.8073
G1 X125.113 Y119.243 E3042.02648
G1 X134.006 Y104.355 E3047.79439
G1 X134.125 Y104.219 E3047.8545
G1 X134.273 Y104.139 E3047.91045
G1 X134.523 Y104.119 E3047.99387
G1 X134.715 Y104.196 E3048.06267
G1 X136.556 Y105.588 E3048.83032
G1 X137.877 Y103.863 E3049.55297
G1 X138.004 Y103.769 E3049.60552
G1 X138.173 Y103.715 E3049.66453
G1 X138.423 Y103.747 E3049.74836
G1 X140.319 Y104.654 E3050.44741
G1 X141.387 Y102.66 E3051.19976
G1 F1491.1 X141.532 Y102.523 E3051.2665
G1 F1339.3 X141.886 Y102.354 E3051.41263
G1 F1273.3 X143.842 Y102.965 E3052.21552
G1 F1327.4 X144.194 Y103.067 E3052.35326
G1 X144.915 Y102.217 E3052.77217
G1 X144.395 Y101.976 E3052.98757
G1 F1308.9 X143.645 Y101.682 E3053.29463
G1 F1264.8 X142.564 Y101.294 E3053.74768
G1 F1231.5 X142.184 Y101.171 E3053.90948
G1 F1277.7 X141.762 Y100.969 E3054.09217
G1 F1407.1 X141.34 Y100.766 E3054.2582
G1 F1491.1 X140.66 Y100.557 E3054.49623
G1 F1500 X140.074 Y100.399 E3054.69809
G1 X138.284 Y100.019 E3055.30672
G1 X135.896 Y99.57 E3056.11489
G1 X133.729 Y99.19 E3056.84663
G1 X132.419 Y99.001 E3057.28685
G1 X132.113 Y99.091 E3057.39294
G1 X131.897 Y99.259 E3057.48395
G1 X124.801 Y112.133 E3062.37323
G1 X123.07 Y115.217 E3063.5495
G1 X122.804 Y115.616 E3063.709
G1 X122.567 Y115.907 E3063.83382
G1 X122.26 Y116.207 E3063.97659
G1 X122.013 Y116.399 E3064.08064
G1 X121.717 Y116.579 E3064.19586
G1 X121.273 Y116.785 E3064.35866
G1 X120.646 Y116.892 E3064.57022
G1 X120.181 Y116.888 E3064.72488
G1 X119.911 Y116.849 E3064.81562
G1 X115.306 Y115.648 E3066.39848
G1 F1425.9 X114.678 Y115.537 E3066.62162
G1 F1274.4 X114.306 Y115.515 E3066.7675
G1 F1133.8 X113.933 Y115.493 E3066.93192
G1 F1104.6 X112.627 Y115.114 E3067.54614
G1 F1140.7 X107.524 Y113.775 E3069.8536
G1 F1151.2 X102.421 Y112.436 E3072.14
G1 F1169.1 X98.089 Y111.339 E3074.04693
G1 F1150.3 X97.121 Y111.133 E3074.47617
G1 F1219.5 X96.535 Y110.876 E3074.73794
G1 F1412.4 X96.072 Y110.697 E3074.91328
G1 F1500 X90.028 Y109.187 E3076.98531
G1 F1470.6 X89.383 Y109.046 E3077.2093
G1 F1366.1 X88.654 Y108.924 E3077.47923
G1 F1314.6 X87.936 Y108.717 E3077.7628
G1 F1368.6 X87.549 Y108.502 E3077.92419
G1 F1450.7 X87.191 Y108.181 E3078.08955
G1 F1500 X86.995 Y107.945 E3078.19159
G1 X86.697 Y107.372 E3078.4064
G1 X86.669 Y106.685 E3078.63509
G1 X86.77 Y106.166 E3078.81094
G1 X87.082 Y105.648 E3079.01207
G1 X87.364 Y105.376 E3079.14238
G1 F1466.3 X87.441 Y105.288 E3079.18217
G1 F1363.6 X87.747 Y105.053 E3079.32333
G1 F1262.6 X88.118 Y104.905 E3079.48116
G1 F1293.1 X88.658 Y104.914 E3079.68953
G1 F1428.6 X89.719 Y104.862 E3080.06051
G1 F1456.3 X91.241 Y104.686 E3080.58539
G1 F1276.6 X92.008 Y104.496 E3080.89419
G1 F1173.7 X92.304 Y104.48 E3081.0202
G1 F1192.4 X93.223 Y104.4 E3081.40617
G1 F1184.8 X95.265 Y104.189 E3082.27058
G1 F1157.4 X97.307 Y103.978 E3083.15548
G1 F1206.8 X97.741 Y104.005 E3083.33525
G1 F1356.2 X98.175 Y104.033 E3083.49523
G1 F1473.5 X98.605 Y104.009 E3083.64105
G1 F1500 X105.038 Y103.393 E3085.79046
G1 F1226.5 X105.459 Y103.128 E3085.99281
G1 F1046 X105.778 Y103.108 E3086.14526
G1 F1109.5 X106.116 Y103.147 E3086.29826
G1 F1238.6 X106.455 Y103.186 E3086.4357
G1 F1401.9 X106.794 Y103.225 E3086.55714
G1 F1500 X122.624 Y101.705 E3091.84644
G1 X123.693 Y101.613 E3092.2033
G1 X124.855 Y98.622 E3093.27055
G1 X124.204 Y98.648 E3093.48725
G1 X123.8 Y98.648 E3093.62162
G1 X123.319 Y98.495 E3093.7895
G1 X122.9 Y98.011 E3094.00242
G1 X122.422 Y97.032 E3094.36477
G1 X121.862 Y95.993 E3094.75735
G1 X121.494 Y95.389 E3094.99259
G1 X121.058 Y94.736 E3095.25374
G1 X120.614 Y94.133 E3095.5028
G1 X120.124 Y93.547 E3095.75686
G1 X118.869 Y92.19 E3096.37163
G1 X117.827 Y91.141 E3096.86341
G1 X117.445 Y90.784 E3097.03731
G1 X117.063 Y90.454 E3097.20521
G1 X116.544 Y90.05 E3097.42396
G1 X116.577 Y91.715 E3097.97785
G1 X116.581 Y93.134 E3098.44981
G1 X116.534 Y94.46 E3098.89112
G1 X116.436 Y95.49 E3099.23525
G1 X116.297 Y96.546 E3099.5895
G1 X116.068 Y97.806 E3100.01545
G1 X118.579 Y97.862 E3100.85082
G1 X118.819 Y97.95 E3100.93584
G1 X119.003 Y98.157 E3101.02795
G1 X119.158 Y98.984 E3101.3078
G1 X119.102 Y99.266 E3101.40343
G1 X118.964 Y99.449 E3101.47966
G1 X118.373 Y99.686 E3101.69144
G1 X108.709 Y101.105 E3104.94017
G1 X106.592 Y101.364 E3105.64954
G1 F1424.5 X106.116 Y101.527 E3105.82575
G1 F1295.3 X105.64 Y101.691 E3106.01966
G1 F1129.5 X105.501 Y101.695 E3106.08108
G1 F1226.5 X105.095 Y101.407 E3106.28356
G1 F1500 X105.002 Y101.383 E3106.3155
G1 X104.626 Y101.248 E3106.44838
G1 X102.869 Y100.168 E3107.13433
G1 X102.357 Y99.903 E3107.32608
G1 X101.771 Y99.637 E3107.54013
G1 X100.383 Y99.081 E3108.03744
G1 X99.055 Y98.61 E3108.50609
G1 X98.421 Y98.413 E3108.72691
G1 X98.575 Y98.974 E3108.9204
G1 X98.658 Y99.399 E3109.06442
G1 X98.698 Y99.779 E3109.19151
G1 X98.68 Y100.337 E3109.3772
G1 X98.582 Y100.821 E3109.54144
G1 X98.43 Y101.199 E3109.67695
G1 X98.246 Y101.52 E3109.80001
G1 X98.045 Y101.779 E3109.90905
G1 X97.857 Y101.979 E3110.00035
G1 F1473.5 X97.48 Y102.309 E3110.16999
G1 F1404.5 X97.439 Y102.375 E3110.19759
G1 F1243.8 X97.071 Y102.693 E3110.39268
G1 F1156.5 X95.06 Y102.927 E3111.26605
G1 F1184.8 X93.048 Y103.161 E3112.11896
G1 F1190.5 X92.079 Y103.226 E3112.52595
G1 F1207.7 X91.818 Y103.139 E3112.6396
G1 F1255.2 X91.763 Y103.105 E3112.6653
G1 F1327.4 X91.48 Y102.978 E3112.78188
G1 F1399.3 X91.452 Y102.957 E3112.79436
G1 F1456.3 X89.846 Y102.362 E3113.38109
G1 F1500 X88.908 Y102.067 E3113.70814
G1 X88.186 Y101.865 E3113.9575
G1 X88.471 Y102.483 E3114.18385
G1 X88.457 Y103.11 E3114.39244
G1 F1428.6 X88.219 Y103.456 E3114.5391
G1 F1293.1 X87.808 Y103.743 E3114.73251
G1 F1235.6 X87.661 Y103.783 E3114.79402
G1 F1332.1 X86.941 Y103.774 E3115.06369
G1 F1466.3 X86.629 Y103.781 E3115.16987
G1 F1500 X84.001 Y104.031 E3116.0479
G1 X83.674 Y104.032 E3116.15666
G1 X83.144 Y103.978 E3116.33385
G1 X82.724 Y103.888 E3116.47671
G1 X82.317 Y103.748 E3116.61987
G1 X82.028 Y103.616 E3116.72554
G1 X81.653 Y103.373 E3116.87416
G1 X80.994 Y102.765 E3117.17238
G1 X80.423 Y102.275 E3117.42264
G1 X79.746 Y101.768 E3117.70395
G1 X78.074 Y100.642 E3118.37441
G1 X77.03 Y100.01 E3118.78032
G1 X76.469 Y99.704 E3118.99286
G1 X75.888 Y99.418 E3119.20824
G1 X75.518 Y99.272 E3119.34054
G1 X75.225 Y99.172 E3119.44351
G1 X74.701 Y99.041 E3119.62316
G1 X73.782 Y98.918 E3119.93155
G1 X72.998 Y98.845 E3120.19343
G1 X72.851 Y98.847 E3120.24233
G1 X74.004 Y99.864 E3120.75368
G1 X74.858 Y100.738 E3121.16011
G1 X76.151 Y102.206 E3121.81076
G1 X76.919 Y103.22 E3122.23383
G1 X77.624 Y104.203 E3122.63617
G1 X78.19 Y105.075 E3122.98194
G1 X78.422 Y105.497 E3123.14211
G1 X78.667 Y106.042 E3123.34085
G1 X78.7 Y106.623 E3123.5344
G1 X78.658 Y107.027 E3123.6695
G1 X78.561 Y107.487 E3123.82586
G1 X78.402 Y107.998 E3124.00386
G1 X78.238 Y108.441 E3124.16097
G1 X77.79 Y109.462 E3124.53181
G1 X77.231 Y110.541 E3124.93599
G1 X76.647 Y111.561 E3125.32691
G1 X76.013 Y112.591 E3125.72919
G1 X75.429 Y113.499 E3126.08826
G1 X75.153 Y113.958 E3126.2664
G1 X74.857 Y114.399 E3126.44305
G1 X74.528 Y114.84 E3126.62605
G1 X73.979 Y115.513 E3126.91492
G1 X73.283 Y116.245 E3127.25087
G1 X72.692 Y116.821 E3127.52536
G1 X72.603 Y116.979 E3127.58567
G1 X72.749 Y118.327 E3128.03664
G1 F1404.5 X72.622 Y118.74 E3128.19013
G0 F9000 X74.46 Y117.261
G0 X72.616 Y119.179
G0 X71.304 Y119.784
;TYPE:WALL-INNER
G1 F1575.6 X71.244 Y119.681 E3128.22787
G1 X71.125 Y119.681 E3128.26555
G1 X71.066 Y119.784 E3128.30313
G1 X71.126 Y119.887 E3128.34088
G1 X71.245 Y119.887 E3128.37856
G1 X71.304 Y119.784 E3128.41614
G0 F9000 X72.616 Y119.179
G0 X73.102 Y118.679
G0 X77.712 Y110.789
G0 X78.734 Y108.665
G0 X79.188 Y107.143
G0 X79.245 Y106.635
G0 X79.197 Y105.892
G0 X78.756 Y105.006
G0 X76.114 Y100.649
G1 F1500 X76.949 Y101.602 E3128.83757
G1 X77.731 Y102.636 E3129.26875
G1 X78.462 Y103.658 E3129.68668
G1 X79.049 Y104.563 E3130.04545
G1 X79.329 Y105.076 E3130.23984
G1 X79.607 Y105.678 E3130.46038
G1 X79.663 Y105.983 E3130.56352
G1 X79.697 Y106.512 E3130.73983
G1 X79.692 Y106.767 E3130.82466
G1 X79.642 Y107.207 E3130.97195
G1 X79.538 Y107.701 E3131.13985
G1 X79.34 Y108.344 E3131.36363
G1 X79.142 Y108.872 E3131.55118
G1 X78.706 Y109.864 E3131.91158
G1 X78.099 Y111.038 E3132.35116
G1 X77.515 Y112.058 E3132.74209
G1 X76.853 Y113.133 E3133.16199
G1 X76.286 Y114.015 E3133.51073
G1 F1450.7 X75.732 Y114.951 E3133.88479
G1 F1383.8 X75.699 Y115.027 E3133.91466
G1 F1266.9 X75.414 Y115.548 E3134.14852
G1 F1183 X74.8 Y116.294 E3134.556
G1 F1183.9 X74.104 Y117.026 E3134.98165
G1 X73.781 Y117.342 E3135.17207
G1 X73.868 Y118.141 E3135.51076
G1 X74.199 Y117.939 E3135.67417
G1 X75.142 Y117.294 E3136.15562
G1 F1183 X76.299 Y116.443 E3136.76135
G1 F1284.2 X76.94 Y116.069 E3137.04965
G1 F1450.7 X77.366 Y115.759 E3137.23084
G1 F1500 X77.596 Y115.569 E3137.33007
G1 X78.254 Y114.983 E3137.62313
G1 X78.917 Y114.361 E3137.92549
G1 X79.532 Y113.734 E3138.2176
G1 X80.198 Y113.011 E3138.54455
G1 X82.544 Y110.318 E3139.73245
G1 X82.966 Y109.872 E3139.93667
G1 X83.491 Y109.404 E3140.17059
G1 X83.949 Y109.115 E3140.35072
G1 X84.403 Y108.908 E3140.51667
G1 X84.892 Y108.755 E3140.68709
G1 X85.373 Y108.674 E3140.84932
G1 X85.77 Y108.653 E3140.98155
G1 X86.282 Y108.657 E3141.15185
G1 X86.089 Y108.369 E3141.26716
G1 X85.813 Y107.846 E3141.46384
G1 X85.692 Y107.439 E3141.60507
G1 X85.669 Y106.554 E3141.89952
G1 X85.774 Y106.047 E3142.07173
G1 X85.96 Y105.572 E3142.24139
G1 X86.192 Y105.188 E3142.39061
G1 X86.503 Y104.798 E3142.55652
G1 X84.382 Y105.006 E3143.26535
G1 X83.964 Y105.032 E3143.40465
G1 X83.615 Y105.03 E3143.52073
G1 X83.02 Y104.974 E3143.7195
G1 X82.47 Y104.855 E3143.90666
G1 X81.904 Y104.659 E3144.10588
G1 X81.55 Y104.494 E3144.23579
G1 X81.013 Y104.151 E3144.44772
G1 X80.327 Y103.51 E3144.75999
G1 X79.797 Y103.055 E3144.99232
G1 X79.153 Y102.575 E3145.25946
G1 X77.53 Y101.482 E3145.91027
G1 X76.53 Y100.877 E3146.29901
G1 X76.114 Y100.649 E3146.45679
G0 F9000 X81.77 Y104.091
G0 X82.575 Y104.408
G0 X83.664 Y104.572
G0 X87.864 Y104.202
G0 X89.789 Y103.609
G1 F988.1 X89.694 Y103.445 E3146.55248
G1 X89.505 Y103.445 E3146.6479
G1 X89.411 Y103.609 E3146.74334
G1 X89.506 Y103.773 E3146.83903
G1 X89.695 Y103.773 E3146.93446
G1 X89.789 Y103.609 E3147.02989
G0 F9000 X87.497 Y104.654
G0 X87.073 Y104.91
G0 X86.657 Y105.313
G0 X86.265 Y105.966
G0 X86.127 Y106.631
G0 X86.16 Y107.515
G0 X86.551 Y108.254
G0 X86.848 Y108.607
G0 X87.184 Y108.877
G0 X93.512 Y111.632
G0 X94.658 Y111.613
G1 F1023.9 X90.486 Y110.571 E3149.12519
G1 X90.809 Y111.076 E3149.41729
G1 X91.033 Y111.53 E3149.66396
G1 X91.265 Y112.169 E3149.99521
G1 X91.389 Y112.583 E3150.20579
G1 X94.291 Y111.701 E3151.68369
G1 X94.658 Y111.613 E3151.86758
G1 F2700 E3142.86758
G0 F9000 X93.512 Y111.632
G0 X87.221 Y108.907
G0 X86.848 Y108.607
G0 X86.551 Y108.254
G0 X86.16 Y107.515
G0 X86.127 Y106.631
G0 X86.265 Y105.966
G0 X86.657 Y105.313
G0 X87.073 Y104.91
G0 X87.497 Y104.654
G0 X87.753 Y104.562
G0 X103.023 Y102.178
G1 F2700 E3151.86758
G0 F9000 X104.943 Y102.396
G1 F1500 X104.662 Y102.324 E3151.96406
G1 X104.329 Y102.203 E3152.0819
G1 X104.054 Y102.07 E3152.1835
G1 X102.377 Y101.039 E3152.83826
G1 X101.92 Y100.803 E3153.00933
G1 X101.354 Y100.547 E3153.21594
G1 X100.025 Y100.015 E3153.69207
G1 X99.7 Y99.899 E3153.80684
G1 X99.684 Y100.403 E3153.97456
G1 X99.56 Y101.065 E3154.19857
G1 X99.353 Y101.596 E3154.38812
G1 X99.104 Y102.048 E3154.55976
G1 X98.774 Y102.464 E3154.73637
G1 X98.504 Y102.75 E3154.86719
G1 X98.124 Y103.051 E3155.02842
G1 X104.943 Y102.396 E3157.30687
G0 F9000 X103.023 Y102.178
G0 X106.705 Y102.293
G1 F1664.8 X108.826 Y102.061 E3157.94627
G1 F1599.1 X109.228 Y102.013 E3158.07258
G1 F1565.8 X109.63 Y101.964 E3158.20161
G1 F1533.7 X110.032 Y101.916 E3158.33331
G1 F1501.5 X110.434 Y101.867 E3158.46787
G1 F1472 X110.836 Y101.818 E3158.60512
G1 F1443.7 X111.238 Y101.77 E3158.74503
G1 F1416.4 X111.64 Y101.721 E3158.88767
G1 F1390.2 X112.042 Y101.672 E3159.03301
G1 F1364.9 X112.444 Y101.624 E3159.181
G1 F1339.3 X112.846 Y101.575 E3159.33185
G1 F1315.8 X113.248 Y101.526 E3159.48541
G1 F1293.1 X113.651 Y101.478 E3159.64199
G1 F1271.2 X114.053 Y101.429 E3159.80093
G1 F1250 X114.455 Y101.38 E3159.96256
G1 F1229.5 X114.857 Y101.332 E3160.12684
G1 F1208.7 X115.259 Y101.283 E3160.294
G1 F1189.5 X115.661 Y101.234 E3160.46385
G1 F1171 X116.063 Y101.186 E3160.63635
G1 F1153 X116.465 Y101.137 E3160.81158
G1 F1135.5 X116.867 Y101.088 E3160.98952
G1 F1118.6 X117.269 Y101.04 E3161.17009
G1 F1101.3 X117.671 Y100.991 E3161.35355
G1 F1085.4 X118.073 Y100.942 E3161.53969
G1 F1069.9 X118.476 Y100.894 E3161.72894
G1 F1052.6 X118.697 Y100.861 E3161.83485
G0 F9000 X118.715 Y100.863
G1 F1230.5 X119.367 Y100.94 E3162.10103
G1 F1397.9 X120.063 Y100.947 E3162.34944
G1 F1500 X122.986 Y100.67 E3163.32599
G1 X123.412 Y99.574 E3163.71709
G1 X123.148 Y99.49 E3163.80923
G1 X122.841 Y99.353 E3163.92104
G1 X122.476 Y99.05 E3164.07882
G1 X122.098 Y98.618 E3164.26974
G1 X121.965 Y98.385 E3164.35898
G1 X121.866 Y98.179 E3164.435
G1 F1351.4 X121.427 Y97.523 E3164.72641
G1 F1193.3 X121.279 Y97.328 E3164.82876
G1 F1166.4 X121.098 Y96.975 E3164.99844
G1 F1162.8 X120.855 Y96.551 E3165.20811
G1 F1243.8 X120.613 Y95.972 E3165.45983
G1 F1420.5 X120.254 Y95.332 E3165.71756
G1 F1500 X119.828 Y94.751 E3165.95719
G1 X119.355 Y94.188 E3166.20175
G1 X118.159 Y92.894 E3166.78782
G1 X117.579 Y92.309 E3167.06181
G1 X117.581 Y93.131 E3167.33521
G1 X117.53 Y94.554 E3167.8088
G1 X117.433 Y95.579 E3168.15124
G1 X117.262 Y96.831 E3168.57153
G1 X118.673 Y96.866 E3169.04097
G1 X119.017 Y96.939 E3169.15793
G1 F1420.5 X119.425 Y97.086 E3169.31025
G1 F1243.8 X119.8 Y97.305 E3169.48444
G1 F1162.8 X119.974 Y97.581 E3169.62443
G1 F1166.4 X120.096 Y97.838 E3169.74611
G1 F1229.5 X120.114 Y98.294 E3169.93129
G1 F1397.9 X120.133 Y98.751 E3170.09453
G1 F1500 X120.159 Y99.103 E3170.21192
G1 X120.128 Y99.342 E3170.29208
G1 X119.986 Y99.734 E3170.43075
G1 X119.69 Y100.123 E3170.59333
G1 F1397.9 X119.256 Y100.488 E3170.79571
G1 F1230.5 X118.715 Y100.863 E3171.06259
G1 F2700 E3162.06259
G0 F9000 X119.977 Y100.493
G0 X87.949 Y104.492
G0 X87.497 Y104.654
G0 X87.073 Y104.91
G0 X86.657 Y105.313
G0 X86.265 Y105.966
G0 X86.127 Y106.631
G0 X86.16 Y107.515
G0 X86.551 Y108.254
G0 X86.848 Y108.607
G0 X87.221 Y108.907
G0 X87.711 Y109.139
G0 X114.696 Y116.521
G1 F2700 E3171.06259
G1 F1500 X115.099 Y116.743 E3171.21563
G1 X115.517 Y117.048 E3171.38773
G1 X115.881 Y117.4 E3171.55614
G1 X116.205 Y117.801 E3171.72761
G1 X116.495 Y118.281 E3171.91414
G1 X116.643 Y118.574 E3172.02331
G1 X116.825 Y119.014 E3172.18168
G1 X116.998 Y119.576 E3172.37726
G1 X117.082 Y119.92 E3172.49504
G1 X117.167 Y120.386 E3172.65259
G1 X117.225 Y120.842 E3172.80548
G1 X117.276 Y121.808 E3173.12722
G1 X117.253 Y122.699 E3173.42366
G1 X117.169 Y123.502 E3173.6922
G1 X117.053 Y124.208 E3173.93016
G1 X116.9 Y124.894 E3174.16393
G1 X116.731 Y125.499 E3174.37286
G1 X116.54 Y126.057 E3174.56903
G1 X115.817 Y127.837 E3175.20803
G1 X116.596 Y127.302 E3175.52234
G1 X117.345 Y126.738 E3175.83419
G1 X118.161 Y126.08 E3176.18284
G1 X119.035 Y125.312 E3176.56982
G1 X119.905 Y124.471 E3176.97228
G1 X120.771 Y123.531 E3177.39738
G1 X121.591 Y122.547 E3177.8234
G1 X122.346 Y121.559 E3178.23697
G1 X122.994 Y120.66 E3178.60556
G1 X123.916 Y119.272 E3179.15978
G1 X124.302 Y118.65 E3179.40326
G1 F1445.1 X124.424 Y118.373 E3179.50775
G1 F1311.2 X124.514 Y118.087 E3179.62184
G1 F1121.1 X124.682 Y117.564 E3179.8663
G1 F1043.8 X125.258 Y116.649 E3180.38306
G1 F1046 X127.142 Y113.448 E3182.15458
G1 F1016.9 X128.142 Y111.742 E3183.12471
G1 F1063.8 X128.383 Y111.499 E3183.28521
G1 F1203.9 X128.624 Y111.255 E3183.42734
G1 F1386.3 X128.865 Y111.011 E3183.55076
G1 F1500 X133.148 Y103.842 E3186.3283
G1 X133.505 Y103.435 E3186.50836
G1 X133.948 Y103.193 E3186.67626
G1 X134.348 Y103.105 E3186.81248
G1 X134.695 Y103.134 E3186.9283
G1 X134.981 Y103.213 E3187.02698
G1 X135.271 Y103.365 E3187.13588
G1 X136.365 Y104.19 E3187.59161
G1 X137.137 Y103.183 E3188.01364
G1 X137.54 Y102.883 E3188.18074
G1 F1363.6 X138.035 Y102.625 E3188.38497
G1 F1189.5 X138.296 Y102.551 E3188.49875
G1 F1141.6 X138.58 Y102.594 E3188.62428
G1 X138.857 Y102.67 E3188.74981
G1 F1113.6 X139.214 Y102.81 E3188.92161
G1 F1094.1 X139.806 Y103.094 E3189.22102
G1 X140.3 Y102.168 E3189.6996
G1 X140.439 Y101.95 E3189.8175
G1 X140.626 Y101.783 E3189.93182
G1 X139.782 Y101.548 E3190.33132
G1 X139.652 Y101.521 E3190.39187
G1 F1113.6 X139.241 Y101.409 E3190.58272
G1 F1141.6 X138.851 Y101.318 E3190.75774
G1 X138.456 Y101.242 E3190.93354
G1 F1189.5 X138.098 Y101.102 E3191.09476
G1 F1363.6 X137.234 Y100.838 E3191.42529
G1 F1500 X135.723 Y100.555 E3191.93659
G1 X133.551 Y100.175 E3192.66997
G1 X132.609 Y100.039 E3192.98653
G1 X127.117 Y110.006 E3196.77152
G1 F1386.3 X127.028 Y110.337 E3196.89486
G1 F1203.9 X126.939 Y110.668 E3197.03691
G1 F1063.8 X126.849 Y111 E3197.19823
G1 F1016.9 X125.873 Y112.735 E3198.17483
G1 F1046 X124.128 Y115.795 E3199.85493
G1 F1055.6 X123.747 Y116.384 E3200.18647
G1 F1035.9 X123.5 Y116.711 E3200.38383
G1 F1060.1 X123.368 Y116.78 E3200.45393
G1 F1162.8 X123.079 Y116.958 E3200.59956
G1 F1311.2 X122.898 Y117.025 E3200.673
G1 F1445.1 X122.639 Y117.179 E3200.77703
G1 F1500 X122.488 Y117.283 E3200.83801
G1 X122.198 Y117.455 E3200.95015
G1 X121.748 Y117.667 E3201.1156
G1 X121.373 Y117.783 E3201.24616
G1 X120.857 Y117.871 E3201.42026
G1 X120.604 Y117.892 E3201.50469
G1 X120.101 Y117.885 E3201.67201
G1 X119.734 Y117.833 E3201.79529
G1 X114.696 Y116.521 E3203.52683
G1 F2700 E3194.52683
G0 F9000 X117.632 Y120.376
G0 X116.908 Y126.457
G0 X117.869 Y125.723
G0 X119.575 Y124.149
G0 X121.231 Y122.259
G0 X122.609 Y120.405
G0 X123.662 Y118.789
G0 X124.064 Y118.073
G1 F2700 E3203.52683
G0 F9000 X117.73 Y125.26
;TYPE:SKIN
G1 F1500 X118.459 Y124.618 E3203.84991
G1 X119.277 Y123.823 E3204.22931
G1 X120.096 Y122.93 E3204.63232
G1 X120.897 Y121.968 E3205.04867
G1 X121.701 Y120.914 E3205.48958
G1 X122.236 Y120.167 E3205.79519
G1 X123.161 Y118.773 E3206.35162
G1 X123.504 Y118.223 E3206.56721
G1 X123.591 Y117.778 E3206.71802
G1 X123.356 Y117.831 E3206.79814
G1 X122.974 Y118.041 E3206.94313
G1 X122.639 Y118.239 E3207.07256
G1 X122.073 Y118.502 E3207.28014
G1 X121.585 Y118.654 E3207.45014
G1 X120.964 Y118.762 E3207.65979
G1 X120.64 Y118.791 E3207.76798
G1 X120.059 Y118.787 E3207.96123
G1 X119.529 Y118.71 E3208.13936
G1 X117.447 Y118.169 E3208.85483
G1 X117.673 Y118.712 E3209.05045
G1 X117.847 Y119.264 E3209.24295
G1 X118.039 Y120.069 E3209.51821
G1 X118.13 Y120.877 E3209.78865
G1 X118.172 Y121.781 E3210.08964
G1 X118.146 Y122.797 E3210.42768
G1 X118.058 Y123.633 E3210.70727
G1 X117.945 Y124.33 E3210.94212
G1 X117.73 Y125.26 E3211.25959
G1 F2700 E3202.25959
G0 F9000 X124.064 Y118.073
G0 X123.525 Y119.028
G0 X122.051 Y121.182
G0 X120.425 Y123.227
G0 X118.735 Y124.963
G0 X117.869 Y125.723
G0 X116.908 Y126.457
G0 X116.906 Y118.074
G0 X116.604 Y117.52
G0 X122.184 Y117.385
G0 X127.449 Y110.4
G1 F2700 E3211.25959
G0 F9000 X128.057 Y110.39
G1 F1217.5 X128.377 Y109.833 E3211.52282
G1 F1195.2 X128.698 Y109.276 E3211.79116
G1 F1172.8 X129.018 Y108.718 E3212.0648
G1 F1152.1 X129.339 Y108.161 E3212.34319
G1 F1131.2 X129.659 Y107.604 E3212.6265
G1 F1111.9 X129.98 Y107.046 E3212.91534
G1 F1092.5 X130.3 Y106.489 E3213.20868
G1 F1073.7 X130.621 Y105.931 E3213.5078
G1 F1056.3 X130.941 Y105.374 E3213.81119
G1 F1038.8 X131.262 Y104.817 E3214.11995
G1 F1022.5 X131.582 Y104.259 E3214.4338
G1 F1006 X131.903 Y103.702 E3214.75261
G1 F990.8 X132.223 Y103.144 E3215.07652
G0 F9000 X132.224 Y103.143
G1 F1076 X132.78 Y102.706 E3215.4044
G1 F1245.8 X132.98 Y102.616 E3215.49223
G1 F1306.6 X133.61 Y102.272 E3215.7663
G1 F1404.5 X134.262 Y102.199 E3215.99935
G1 F1538.5 X134.896 Y102.276 E3216.20646
G1 F1530.6 X135.347 Y102.393 E3216.35833
G1 F1442.3 X135.796 Y102.583 E3216.52698
G1 F1387.6 X136.185 Y102.875 E3216.70186
G1 X136.461 Y102.52 E3216.86353
G1 X137.06 Y102.073 E3217.13225
G1 X137.343 Y101.896 E3217.25227
G1 X137.012 Y101.753 E3217.38191
G1 X136.192 Y101.6 E3217.68182
G1 F1453.5 X135.552 Y101.43 E3217.90911
G1 F1544.8 X135.016 Y101.323 E3218.08563
G1 F1543.2 X134.412 Y101.23 E3218.2832
G1 F1405.8 X133.541 Y101.163 E3218.59322
G1 F1306.6 X133.135 Y101.099 E3218.75015
G1 X132.541 Y102.175 E3219.21945
G1 F1245.8 X132.443 Y102.47 E3219.34393
G1 F1076 X132.224 Y103.143 E3219.67207
G0 F9000 X128.316 Y110.95
G0 X127.531 Y111.387
G0 X127.268 Y111.734
G0 X122.639 Y116.595
G0 X121.967 Y117.06
G0 X121.663 Y117.199
G0 X118.856 Y118.023
G0 X118.603 Y118.985
G1 F1500 X118.354 Y119.234 E3219.78919
G0 F9000 X117.169 Y118.798
G0 X117.589 Y120.534
G0 X118.581 Y120.421
G1 F1500 X119.754 Y119.248 E3220.34093
G0 F9000 X119.523 Y118.197
G0 X116.604 Y117.52
G0 X117.007 Y126.121
G0 X116.908 Y126.457
G0 X117.869 Y125.723
G0 X119.575 Y124.149
G0 X121.231 Y122.259
G0 X122.609 Y120.405
G0 X123.662 Y118.789
G0 X124.064 Y118.073
G0 X121.183 Y119.234
G1 F1500 X118.671 Y121.745 E3221.52226
G0 F9000 X117.675 Y121.79
G0 X116.908 Y126.457
G0 X117.869 Y125.723
G0 X119.575 Y124.149
G0 X121.231 Y122.259
G0 X122.609 Y120.405
G0 X123.662 Y118.789
G0 X124.064 Y118.073
G0 X118.604 Y123.226
G1 F1500 X121.513 Y120.317 E3222.89057
G1 F2700 E3213.89057
G0 F9000 X124.064 Y118.073
G0 X123.525 Y119.028
G0 X122.051 Y121.182
G0 X120.425 Y123.227
G0 X118.735 Y124.963
G0 X117.869 Y125.723
G0 X116.908 Y126.457
G0 X116.906 Y118.074
G0 X116.604 Y117.52
G0 X119.794 Y117.377
G0 X87.826 Y109.194
G0 X87.221 Y108.907
G0 X86.848 Y108.607
G0 X86.551 Y108.254
G0 X86.16 Y107.515
G0 X86.127 Y106.631
G0 X86.265 Y105.966
G0 X86.657 Y105.313
G0 X87.073 Y104.91
G0 X87.497 Y104.654
G0 X87.949 Y104.492
G0 X122.657 Y100.23
G0 X122.785 Y99.886
G0 X121.26 Y98.076
G1 F2700 E3222.89057
G0 F9000 X121.53 Y99.593
G1 F908 X121.427 Y99.415 E3223.00357
G1 X121.221 Y99.415 E3223.11675
G1 X121.118 Y99.593 E3223.22975
G1 X121.221 Y99.771 E3223.34275
G1 X121.427 Y99.771 E3223.45594
G1 X121.53 Y99.593 E3223.56893
G0 F9000 X121.222 Y98.108
G0 X119.632 Y96.62
G0 X119.734 Y96.251
G1 F1621.6 X119.52 Y95.789 E3223.72558
G1 X119.133 Y95.263 E3223.92649
G1 X118.71 Y94.763 E3224.12798
G1 X118.407 Y94.431 E3224.26627
G1 X118.281 Y95.742 E3224.67146
G1 X118.247 Y95.993 E3224.74939
G1 X118.74 Y96.007 E3224.90112
G1 X119.246 Y96.107 E3225.05981
G1 X119.734 Y96.251 E3225.21634
G0 F9000 X119.611 Y96.695
G0 X119.871 Y98.839
G0 X119.577 Y99.584
G0 X119.172 Y99.944
G0 X118.515 Y100.214
G0 X108.777 Y101.643
G0 X105.599 Y102.029
G0 X105.211 Y101.97
G0 X101.147 Y100.896
G0 X100.869 Y101.583
G1 F916.9 X100.767 Y101.406 E3225.3275
G1 X100.563 Y101.406 E3225.43851
G1 X100.461 Y101.583 E3225.54967
G1 X100.563 Y101.76 E3225.66083
G1 X100.767 Y101.76 E3225.77183
G1 X100.869 Y101.583 E3225.88299
G1 F2700 E3216.88299
G0 F9000 X101.147 Y100.896
G0 X100.136 Y100.569
G0 X99.844 Y101.646
G0 X96.237 Y103.719
G0 X87.949 Y104.492
G0 X87.497 Y104.654
G0 X87.073 Y104.91
G0 X86.657 Y105.313
G0 X86.265 Y105.966
G0 X85.009 Y109.204
G0 X84.172 Y109.518
G0 X83.761 Y109.781
G0 X77.07 Y115.406
G0 X76.627 Y115.683
G0 X75.203 Y116.673
G0 X76.037 Y115.331
G1 F2700 E3225.88299
G0 F9000 X76.675 Y115.132
G1 F1500 X76.891 Y114.992 E3225.9686
G1 X77.636 Y114.326 E3226.30097
G1 X78.298 Y113.705 E3226.60286
G1 X78.893 Y113.098 E3226.88557
G1 X79.53 Y112.402 E3227.19938
G1 X81.828 Y109.764 E3228.363
G1 X82.391 Y109.169 E3228.63545
G1 X82.975 Y108.67 E3228.89094
G1 X83.551 Y108.303 E3229.1181
G1 X84.165 Y108.032 E3229.34132
G1 X84.842 Y107.83 E3229.5763
G1 X84.79 Y107.363 E3229.73259
G1 X84.758 Y106.519 E3230.0135
G1 X84.894 Y105.858 E3230.23796
G1 X84.436 Y105.904 E3230.39106
G1 X83.958 Y105.932 E3230.55031
G1 X83.537 Y105.926 E3230.69035
G1 X82.873 Y105.858 E3230.91235
G1 X82.255 Y105.73 E3231.12227
G1 X81.601 Y105.512 E3231.35155
G1 X81.145 Y105.297 E3231.51923
G1 X80.599 Y104.955 E3231.73352
G1 X80.311 Y104.727 E3231.85569
G1 X80.007 Y104.444 E3231.99383
G1 X80.138 Y104.686 E3232.08536
G1 X80.367 Y105.177 E3232.26555
G1 X80.48 Y105.487 E3232.37529
G1 X80.56 Y105.906 E3232.51717
G1 X80.6 Y106.582 E3232.7424
G1 X80.535 Y107.336 E3232.99412
G1 X80.37 Y108.073 E3233.24531
G1 X80.188 Y108.645 E3233.44496
G1 X79.966 Y109.231 E3233.65338
G1 X79.513 Y110.253 E3234.02519
G1 X78.886 Y111.47 E3234.48053
G1 X78.236 Y112.602 E3234.91469
G1 X77.613 Y113.612 E3235.30938
G1 X77.044 Y114.495 E3235.65877
G1 X76.75 Y114.978 E3235.84683
G1 X76.675 Y115.132 E3235.90381
G0 F9000 X76.037 Y115.331
G0 X80.044 Y107.242
G0 X81.066 Y107.024
G1 F1500 X81.94 Y106.151 E3236.31467
G0 F9000 X82.259 Y105.211
G0 X84.508 Y105.396
G0 X83.119 Y106.386
G1 F1500 X80.639 Y108.865 E3237.48095
G0 F9000 X79.883 Y107.958
G0 X76.141 Y115.232
G0 X75.203 Y116.673
G0 X76.627 Y115.683
G0 X77.29 Y115.226
G0 X78.836 Y113.76
G0 X82.864 Y109.422
G0 X82.499 Y108.42
G1 F1500 X84.263 Y106.656 E3238.31069
G0 F9000 X85.264 Y106.647
G0 X85.425 Y108.183
G0 X81.987 Y110.344
G0 X81.232 Y109.687
G1 F1500 X79.45 Y111.469 E3239.14888
G1 F2700 E3230.14888
G0 F9000 X80.336 Y112.241
G0 X84.172 Y109.518
G0 X85.009 Y109.204
G0 X85.822 Y109.112
G0 X87.361 Y109.238
G0 X119.794 Y117.377
G0 X120.693 Y117.433
G0 X121.431 Y117.306
G0 X122.307 Y116.854
G0 X122.957 Y116.282
G0 X123.528 Y115.503
G0 X132.863 Y100.548
G0 X137.153 Y101.291
G0 X139.141 Y102.069
G0 X136.274 Y103.53
G0 X133.8 Y102.757
G0 X132.391 Y106.089
G0 X134.845 Y107.61
G0 X136.975 Y108.899
G0 X138.721 Y108.97
G0 X138.928 Y109.994
G1 F2700 E3239.14888
G0 F9000 X140.485 Y110.569
;TYPE:WALL-OUTER
G1 F1500 X140.391 Y110.429 E3239.20497
G1 X140.348 Y110.197 E3239.28345
G1 X140.409 Y109.983 E3239.35746
G1 X140.823 Y109.23 E3239.64327
G1 X141.045 Y108.899 E3239.77582
G1 F1445.1 X141.544 Y108.274 E3240.05194
G1 F1346.5 X142.044 Y107.648 E3240.34878
G1 F1322.8 X142.446 Y107.453 E3240.5173
G1 F1407.1 X142.873 Y107.286 E3240.67986
G1 F1488.1 X143.418 Y107.114 E3240.87147
G1 F1500 X143.894 Y107.02 E3241.03284
G1 X144.267 Y106.992 E3241.15725
G1 X144.583 Y107.008 E3241.26249
G1 X144.953 Y107.059 E3241.38671
G1 X145.273 Y107.132 E3241.49588
G1 X145.611 Y107.232 E3241.61312
G1 X146.439 Y107.548 E3241.90788
G1 X146.622 Y107.67 E3241.98104
G1 X146.757 Y107.954 E3242.08562
G1 X146.709 Y108.239 E3242.18175
G1 X146.597 Y108.386 E3242.24322
G1 X145.532 Y109.368 E3242.72504
G1 X144.804 Y109.821 E3243.01022
G1 X144.073 Y110.207 E3243.28517
G1 X143.678 Y110.383 E3243.42899
G1 X143.213 Y110.548 E3243.5931
G1 X142.788 Y110.647 E3243.73824
G1 X142.361 Y110.711 E3243.88185
G1 X142.017 Y110.739 E3243.99664
G1 X141.612 Y110.748 E3244.13138
G1 X140.735 Y110.721 E3244.42321
G1 X140.485 Y110.569 E3244.52052
G1 F2700 E3235.52052
G0 F9000 X138.879 Y110.003
G0 X139.055 Y109.344
G0 X139.739 Y108.037
G1 F2700 E3244.52052
G0 F9000 X141.226 Y106.805
G1 F1377.4 X140.763 Y106.793 E3244.68828
G1 F1500 X138.644 Y105.788 E3245.46831
G1 X137.154 Y107.779 E3246.29542
G1 X136.978 Y107.914 E3246.3692
G1 X136.837 Y107.956 E3246.41813
G1 X136.562 Y107.931 E3246.50998
G1 X134.834 Y106.636 E3247.22819
G1 X133.232 Y109.222 E3248.23997
G1 X128.114 Y117.915 E3251.59516
G1 X127.599 Y118.816 E3251.94033
G1 X127.48 Y119.083 E3252.03756
G1 X127.442 Y119.236 E3252.08999
G1 X127.605 Y119.298 E3252.148
G1 X127.929 Y119.325 E3252.25613
G1 X128.729 Y119.185 E3252.52626
G1 X129.646 Y118.952 E3252.84094
G1 X130.926 Y118.581 E3253.2842
G1 X132.384 Y118.126 E3253.79219
G1 X133.794 Y117.659 E3254.28622
G1 X135.905 Y116.923 E3255.02979
G1 X138.002 Y116.089 E3255.78039
G1 X139.508 Y115.457 E3256.3236
G1 X140.946 Y114.82 E3256.84671
G1 X142.457 Y114.117 E3257.401
G1 X143.078 Y113.813 E3257.63097
G1 X143.724 Y113.468 E3257.87455
G1 X144.298 Y113.141 E3258.09427
G1 X144.875 Y112.79 E3258.3189
G1 X146.037 Y112.018 E3258.7829
G1 X147.162 Y111.192 E3259.24711
G1 X148.292 Y110.303 E3259.72531
G1 X148.812 Y109.866 E3259.95123
G1 X149.303 Y109.426 E3260.17052
G1 X149.767 Y108.976 E3260.3855
G1 X150.179 Y108.538 E3260.5855
G1 X150.509 Y108.133 E3260.75926
G1 X150.722 Y107.829 E3260.88272
G1 X150.86 Y107.496 E3261.00261
G1 X150.927 Y107.237 E3261.09159
G1 X150.965 Y106.935 E3261.19283
G1 X150.887 Y106.541 E3261.32641
G1 X150.668 Y106.147 E3261.47634
G1 X150.509 Y105.938 E3261.56368
G1 X150.25 Y105.647 E3261.69326
G1 X149.92 Y105.327 E3261.84614
G1 X149.478 Y104.952 E3262.03893
G1 X148.741 Y104.412 E3262.34282
G1 X148.08 Y103.964 E3262.6084
G1 X146.688 Y103.109 E3263.15175
G1 X144.963 Y105.046 E3264.01443
G1 X144.781 Y105.131 E3264.08124
G1 X144.592 Y105.151 E3264.14446
G1 X142.468 Y104.553 E3264.87837
G1 X141.771 Y105.793 E3265.35148
G1 F1488.1 X141.65 Y106.024 E3265.43891
G1 F1358.7 X141.349 Y106.711 E3265.71432
G1 F1264.8 X141.226 Y106.805 E3265.77539
G0 F9000 X139.739 Y108.037
G0 X141.334 Y107.652
G0 X143.053 Y105.968
;TYPE:WALL-INNER
G1 F1107.8 X143.259 Y105.971 E3265.86817
G1 F1287.6 X143.87 Y106.002 E3266.10522
G1 F1587.3 X144.579 Y106.076 E3266.32928
G1 F1734.1 X144.707 Y106.082 E3266.36614
G0 F9000 X146.339 Y105.845
G0 X147.159 Y106.181
G0 X148.058 Y107.126
G0 X148.127 Y108.41
G0 X147.469 Y109.322
G1 F1021.1 X147.781 Y109.181 E3266.53343
G1 F1169.1 X148.094 Y109.039 E3266.68009
G1 F1369.9 X148.614 Y108.7 E3266.90617
G1 F1500 X149.067 Y108.261 E3267.11598
G1 X149.426 Y107.879 E3267.29033
G1 X149.819 Y107.397 E3267.49718
G1 X149.909 Y107.178 E3267.57593
G1 X149.961 Y106.933 E3267.65924
G1 X149.801 Y106.646 E3267.76852
G1 X149.47 Y106.273 E3267.93439
G1 F1420.5 X149.236 Y106.134 E3268.02998
G1 F1350.1 X149.187 Y106.089 E3268.05457
G1 F1233.6 X148.78 Y105.882 E3268.23924
G1 F1136.4 X148.736 Y105.847 E3268.26392
G1 F1081.5 X148.467 Y105.733 E3268.3987
G1 F1037.3 X148.056 Y105.42 E3268.64716
G1 F1028.8 X146.925 Y104.709 E3269.295
G1 F1014.9 X145.795 Y105.975 E3270.12919
G1 F1019 X146.879 Y106.394 E3270.69817
G1 F1031.6 X147.225 Y106.593 E3270.8912
G1 F1037.3 X147.51 Y106.821 E3271.06673
G1 F1081.5 X147.584 Y107.014 E3271.16209
G1 F1233.6 X147.646 Y107.309 E3271.28401
G1 F1420.5 X147.681 Y107.533 E3271.36364
G1 F1500 X147.749 Y107.83 E3271.46497
G1 X147.745 Y108.234 E3271.59935
G1 F1369.9 X147.69 Y108.726 E3271.77965
G1 F1169.1 X147.58 Y109.024 E3271.91521
G1 F1021.1 X147.469 Y109.322 E3272.07058
G1 F980.4 X146.309 Y110.312 E3272.84663
G1 F993.4 X145.359 Y110.954 E3273.42248
G1 F960.9 X144.678 Y111.359 E3273.83385
G1 F911.9 X144.218 Y111.614 E3274.12162
G0 F9000 X143.01 Y112.261
G0 X137.473 Y114.727
G0 X136.293 Y115.196
G0 X130.378 Y117.281
G0 X129.204 Y118.034
G1 F1500 X130.629 Y117.626 E3274.61462
G1 X132.07 Y117.176 E3275.11672
G1 X133.465 Y116.715 E3275.60538
G1 X135.555 Y115.986 E3276.34159
G1 X137.652 Y115.151 E3277.09231
G1 X139.104 Y114.543 E3277.61588
G1 X140.525 Y113.913 E3278.13287
G1 X142.019 Y113.218 E3278.68092
G1 X142.608 Y112.93 E3278.89898
G1 X143.406 Y112.499 E3279.20064
G1 F1392.8 X143.739 Y112.202 E3279.36047
G1 F1206.8 X143.898 Y112.006 E3279.46481
G1 F1055.6 X144.058 Y111.81 E3279.58439
G1 F938.1 X144.218 Y111.614 E3279.71895
G1 F941.6 X143.929 Y111.617 E3279.87208
G1 F1069.1 X143.64 Y111.621 E3280.00696
G1 F1214.6 X143.448 Y111.603 E3280.08617
G1 F1387.6 X143.058 Y111.612 E3280.22643
G1 F1500 X142.442 Y111.708 E3280.43378
G1 X142.098 Y111.736 E3280.54858
G1 X141.581 Y111.748 E3280.72058
G1 X140.801 Y111.723 E3280.98014
G1 X140.387 Y111.653 E3281.11979
G1 X140.028 Y111.481 E3281.25219
G1 X139.76 Y111.258 E3281.36815
G1 X139.519 Y110.953 E3281.49744
G1 X139.36 Y110.495 E3281.65869
G1 X139.35 Y110.144 E3281.77548
G1 F1391.5 X139.323 Y109.818 E3281.89277
G1 F1213.6 X139.335 Y109.372 E3282.07618
G1 F1098.9 X139.741 Y108.687 E3282.43769
G1 F1063.1 X140.106 Y108.147 E3282.74358
G1 F1066.9 X140.301 Y107.905 E3282.88891
G1 X139.017 Y107.298 E3283.55307
G1 X138.672 Y107.759 E3283.82234
G1 F1043.1 X138.124 Y108.544 E3284.28022
G1 F1141.6 X137.71 Y108.726 E3284.47787
G1 F1391.5 X136.974 Y108.947 E3284.7534
G1 F1500 X136.652 Y108.956 E3284.86054
G1 X136.307 Y108.888 E3284.97749
G1 X135.868 Y108.661 E3285.14187
G1 X135.109 Y108.091 E3285.45758
G1 X134.093 Y109.73 E3286.09895
G1 X129.204 Y118.034 E3289.30401
G0 F9000 X130.378 Y117.281
G0 X135.393 Y115.554
G0 X140.331 Y113.495
G0 X142.391 Y112.524
G0 X143.095 Y112.11
G0 X141.152 Y112.135
G0 X141.135 Y112.633
;TYPE:SKIN
G1 F1500 X140.778 Y112.621 E3289.42281
G1 X140.112 Y112.515 E3289.64711
G1 X139.535 Y112.236 E3289.86028
G1 X139.108 Y111.876 E3290.04604
G1 X138.837 Y111.542 E3290.1891
G1 X138.659 Y111.212 E3290.3138
G1 X138.467 Y110.658 E3290.50882
G1 X138.449 Y110.157 E3290.67556
G1 X138.328 Y109.542 E3290.88403
G1 X137.713 Y109.663 E3291.0925
G1 X137.389 Y109.777 E3291.20674
G1 X136.98 Y109.862 E3291.34568
G1 X136.584 Y109.851 E3291.47744
G1 X136.009 Y109.742 E3291.67209
G1 X135.357 Y109.396 E3291.91759
G1 X134.854 Y110.205 E3292.23444
G1 X131.138 Y116.52 E3294.67147
G1 X131.785 Y116.319 E3294.89681
G1 X133.179 Y115.857 E3295.38526
G1 X135.257 Y115.135 E3296.11693
G1 X137.327 Y114.313 E3296.85771
G1 X138.741 Y113.717 E3297.36808
G1 X140.143 Y113.096 E3297.87809
G1 X141.135 Y112.633 E3298.24219
G0 F9000 X141.152 Y112.135
G0 X138.96 Y110.754
G0 X139.26 Y108.176
G0 X135.559 Y108.93
G0 X135.862 Y110.211
G1 F1500 X134.814 Y111.259 E3298.73514
G0 F9000 X133.956 Y110.753
G0 X135.239 Y108.78
G0 X138.03 Y109.093
G0 X137.151 Y110.336
G1 F1500 X132.793 Y114.695 E3300.78525
G0 F9000 X133.361 Y116.328
G0 X134.113 Y116.065
G0 X133.784 Y115.118
G1 F1500 X138.016 Y110.886 E3302.77585
G0 F9000 X138.866 Y110.203
G0 X138.453 Y111.863
G1 F1500 X136.023 Y114.292 E3303.91861
G0 F9000 X136.391 Y115.221
G0 X138.807 Y114.233
G0 X138.421 Y113.309
G1 F1500 X139.158 Y112.572 E3304.26527
G0 F9000 X139.716 Y113.833
G0 X142.391 Y112.524
G0 X143.095 Y112.11
G0 X145.873 Y109.792
G0 X146.68 Y109.048
G0 X148.102 Y107.057
G0 X147.311 Y105.631
G0 X148.92 Y106.453
G0 X148.87 Y107.077
G1 F1129.5 X148.787 Y106.933 E3304.33869
G1 X148.621 Y106.933 E3304.41201
G1 X148.538 Y107.077 E3304.48542
G1 X148.621 Y107.221 E3304.55883
G1 X148.787 Y107.221 E3304.63216
G1 X148.87 Y107.077 E3304.70557
;TIME_ELAPSED:687.386605
G1 F2700 E3295.70557
M140 S0
M107
G91 ;Relative positioning
G1 E-2 F2700 ;Retract a bit
G1 E-2 Z0.2 F2400 ;Retract and raise Z
G1 X5 Y5 F3000 ;Wipe out
G1 Z10 ;Raise Z more
G90 ;Absolute positioning

G1 X0 Y220 ;Present print
M106 S0 ;Turn-off fan
M104 S0 ;Turn-off hotend
M140 S0 ;Turn-off bed

M84 X Y E ;Disable all steppers but Z

;StarwarsI
M300 S1318 P600
M300 S1318 P600
M300 S1318 P600
M300 S1046 P300
M300 S0 P150
M300 S1567 P150
M300 S1318 P600
M300 S1046 P300
M300 S0 P150
M300 S1567 P150
M300 S1318 P600
M300 S0 P600
M300 S987 P600
M300 S987 P600
M300 S987 P600
M300 S2093 P300
M300 S0 P150
M300 S1567 P150
M300 S1244 P600
M300 S1046 P300
M300 S0 P150
M300 S1567 P150
M300 S1318 P600
M300 S0 P300
M82 ;absolute extrusion mode
M104 S0
;End of Gcode
;SETTING_3 {"global_quality": "[general]\\nversion = 4\\nname = PGDI_6 #2\\ndefi
;SETTING_3 nition = creality_ender3pro\\n\\n[metadata]\\ntype = quality_changes\
;SETTING_3 \nquality_type = draft\\nsetting_version = 23\\n\\n[values]\\nadhesio
;SETTING_3 n_type = skirt\\nlayer_height = 0.8\\nlayer_height_0 = 0.4\\nmaterial
;SETTING_3 _bed_temperature_layer_0 = 70\\n\\n", "extruder_quality": ["[general]
;SETTING_3 \\nversion = 4\\nname = PGDI_6 #2\\ndefinition = creality_ender3pro\\
;SETTING_3 n\\n[metadata]\\ntype = quality_changes\\nquality_type = draft\\ninte
;SETTING_3 nt_category = default\\nposition = 0\\nsetting_version = 23\\n\\n[val
;SETTING_3 ues]\\nbottom_layers = 2\\ninfill_pattern = tetrahedral\\ninfill_spar
;SETTING_3 se_density = 5\\ninset_direction = outside_in\\nmaterial_initial_prin
;SETTING_3 t_temperature = 225\\nmaterial_print_temperature_layer_0 = 225\\nroof
;SETTING_3 ing_layer_count = 3\\ntop_layers = 3\\nz_seam_type = sharpest_corner\
;SETTING_3 \n\\n"]}
