;FLAVOR:Marlin
;TIME:5855
;Filament used: 4.76667m
;Layer height: 0.3
;MINX:89.5
;MINY:57.9
;MINZ:0.15
;MAXX:162.1
;MAXY:130.5
;MAXZ:26.55
;TARGET_MACHINE.NAME:Creality Ender-3 Pro
;Generated with Cura_SteamEngine 5.10.1
; Ender 3 Custom Start G-code
G92 E0 ; Reset Extruder
G28 ; Home all axes
G1 Z5.0 F3000 ; Move Z Axis up a bit during heating to not damage bed
M104 S180.0 ; Start heating up the nozzle most of the way
M190 S70 ; Start heating the bed, wait until target temperature reached
M109 S220 ; Finish heating the nozzle
G1 Z2.0 F3000 ; Move Z Axis up little to prevent scratching of Heat Bed
G1 X0.1 Y20 Z0.3 F5000.0 ; Move to start position
G1 X0.1 Y200.0 Z0.3 F1500.0 E15 ; Draw the first line
G1 X0.4 Y200.0 Z0.3 F5000.0 ; Move to side a little
G1 X0.4 Y20 Z0.3 F1500.0 E30 ; Draw the second line
G92 E0 ; Reset Extruder
G29 A L0
G1 Z2.0 F3000 ; Move Z Axis up little to prevent scratching of Heat Bed
G1 X5 Y20 Z0.3 F5000.0 ; Move over to prevent blob squish

M300 S2637 P150
M300 S2637 P150
M300 S0 P75
M300 S2637 P300
M300 S2093 P150
M300 S2637 P300
M300 S3135 P300
M300 S0 P300
M300 S1567 P300
M300 S0 P300
M300 S2093 P300
M300 S0 P150
M300 S1567 P300
M300 S0 P150
M300 S1318 P300
M300 S0 P150
M300 S880 P300
M300 S987 P300
M300 S932 P150
M300 S880 P300
M300 S1567 P225
M300 S2637 P150
M300 S3135 P150
M300 S1760 P300
M300 S2793 P150
M300 S3135 P300
M300 S2637 P300
M300 S2093 P150
M300 S2349 P150
M300 S987 P300
M300 S0 P150
M300 S2093 P300
M300 S0 P150
M300 S1567 P300
M300 S0 P150
M300 S1318 P300
M300 S0 P150
M300 S880 P300
M300 S987 P300
M300 S932 P150
M300 S880 P300
M300 S1567 P225
M300 S2637 P150
M300 S3135 P150
M300 S1760 P300
M300 S2793 P150
M300 S3135 P300
M300 S2637 P300
M300 S2093 P150
M300 S2349 P150
M300 S987 P300
M300 S0 P300
M300 S3135 P150
M300 S2959 P150
M300 S2793 P150
M300 S2489 P150
M300 S0 P150
M300 S2637 P150
M300 S0 P150
M300 S1661 P150
M300 S880 P150
M300 S2093 P150
M300 S0 P150
M300 S880 P150
M300 S2093 P150
M300 S2349 P150
M300 S0 P300
M300 S3135 P150
M300 S2959 P150
M300 S2793 P150
M300 S2489 P150
M300 S0 P150
M300 S2637 P150
M300 S0 P150
M300 S4186 P150
M300 S0 P150
M300 S4186 P150
M300 S4186 P150
M300 S0 P600
M300 S3135 P150
M300 S2959 P150
M300 S2793 P150
M300 S2489 P150
M300 S0 P150
M300 S2637 P150
M300 S0 P150
M300 S1661 P150
M300 S880 P150
M300 S2093 P150
M300 S0 P150
M300 S880 P150
M300 S2093 P150
M300 S2349 P150
M300 S0 P300
M300 S2489 P150
M300 S0 P300
M300 S2349 P150
M300 S0 P300
M300 S2093 P150
M82 ;absolute extrusion mode
G92 E0
G92 E0
G1 F2700 E-9
;LAYER_COUNT:89
;LAYER:0
M107
G0 F6000 X91.019 Y67.699 Z0.15
;TYPE:SKIRT
G1 F2700 E0
G1 F1200 X92.594 Y66.226 E0.05379
G1 X94.304 Y65.217 E0.10332
G1 X94.833 Y64.994 E0.11764
G1 X96.652 Y64.723 E0.16352
G1 X100.971 Y64.687 E0.27126
G1 X102.065 Y64.033 E0.30305
G1 X103.781 Y63.751 E0.34643
G1 X115.345 Y63.683 E0.6349
G1 X119.318 Y59.71 E0.77506
G1 X120.682 Y58.874 E0.81497
G1 X122.016 Y58.252 E0.85169
G1 X124.275 Y57.9 E0.90872
G1 X125.803 Y58.109 E0.94719
G1 X127.373 Y58.51 E0.98761
G1 X129.716 Y60.021 E1.05716
G1 X131.339 Y62.178 E1.12449
G1 X132.1 Y64.478 E1.18493
G1 X132.1 Y87.967 E1.77086
G1 X134.813 Y87.964 E1.83854
G1 X136.709 Y88.43 E1.88724
G1 X138.737 Y89.483 E1.94424
G1 X140.196 Y91.044 E1.99754
G1 X141.403 Y93.067 E2.0563
G1 X141.685 Y94.785 E2.09973
G1 X141.705 Y97.45 E2.16621
G1 X149.426 Y89.729 E2.43859
G1 X151.543 Y88.571 E2.49879
G1 X153.598 Y88.177 E2.55098
G1 X155.443 Y88.179 E2.59701
G1 X157.425 Y88.849 E2.6492
G1 X158.858 Y89.524 E2.68871
G1 X160.308 Y90.97 E2.73979
G1 X161.425 Y92.745 E2.79211
G1 X161.722 Y93.428 E2.81069
G1 X162.1 Y95.303 E2.8584
G1 X162.1 Y116.777 E3.39407
G1 X161.634 Y118.673 E3.44277
G1 X160.581 Y120.701 E3.49977
G1 X159.006 Y122.174 E3.55357
G1 X157.296 Y123.183 E3.6031
G1 X156.767 Y123.406 E3.61742
G1 X154.948 Y123.677 E3.66329
G1 X150.629 Y123.713 E3.77103
G1 X149.535 Y124.367 E3.80283
G1 X147.819 Y124.649 E3.84621
G1 X136.255 Y124.717 E4.13468
G1 X132.13 Y128.842 E4.2802
G1 X129.998 Y130.043 E4.34124
G1 X127.894 Y130.45 E4.3947
G1 X125.649 Y130.356 E4.45075
G1 X123.424 Y129.417 E4.51099
G1 X122.636 Y128.962 E4.53369
G1 X121.453 Y127.761 E4.57574
G1 X120.275 Y126.258 E4.62338
G1 X119.63 Y124.312 E4.67452
G1 X119.464 Y124.379 E4.67898
G1 X117.819 Y124.649 E4.72057
G1 X106.255 Y124.717 E5.00904
G1 X102.282 Y128.69 E5.1492
G1 X100.918 Y129.526 E5.1891
G1 X99.584 Y130.148 E5.22582
G1 X97.325 Y130.5 E5.28285
G1 X95.797 Y130.291 E5.32132
G1 X94.227 Y129.89 E5.36174
G1 X91.884 Y128.379 E5.43129
G1 X90.261 Y126.222 E5.49863
G1 X89.5 Y123.922 E5.55906
G1 X89.5 Y94.908 E6.28282
G1 X89.7 Y94.093 E6.30375
G1 X89.5 Y93.1 E6.32902
G1 X89.5 Y71.623 E6.86476
G1 X89.966 Y69.727 E6.91347
G1 X91.019 Y67.699 E6.97047
G0 F6000 X91.342 Y67.944
G1 F1200 X92.834 Y66.549 E7.02142
G1 X94.459 Y65.586 E7.06854
G1 X94.941 Y65.383 E7.08159
G1 X96.711 Y65.119 E7.12623
G1 X101.082 Y65.086 E7.23527
G1 X102.203 Y64.416 E7.26784
G1 X103.846 Y64.146 E7.30938
G1 X115.512 Y64.082 E7.60039
G1 X119.567 Y60.027 E7.74344
G1 X120.851 Y59.237 E7.78105
G1 X122.136 Y58.638 E7.81641
G1 X124.279 Y58.304 E7.87052
G1 X125.704 Y58.497 E7.90639
G1 X127.212 Y58.882 E7.94521
G1 X129.439 Y60.318 E8.01131
G1 X130.979 Y62.365 E8.07521
G1 X131.7 Y64.544 E8.13247
G1 X131.7 Y88.368 E8.72676
G1 X134.767 Y88.364 E8.80326
G1 X136.566 Y88.806 E8.84948
G1 X138.492 Y89.806 E8.90361
G1 X139.872 Y91.283 E8.95403
G1 X141.02 Y93.207 E9.00992
G1 X141.29 Y94.85 E9.05146
G1 X141.313 Y98.758 E9.14894
G1 X141.721 Y98 E9.17042
G1 X149.669 Y90.052 E9.4508
G1 X151.68 Y88.952 E9.50798
G1 X153.636 Y88.577 E9.55766
G1 X155.377 Y88.579 E9.60109
G1 X157.255 Y89.211 E9.65052
G1 X158.626 Y89.857 E9.68833
G1 X159.992 Y91.219 E9.73645
G1 X161.058 Y92.905 E9.78621
G1 X161.339 Y93.551 E9.80378
G1 X161.7 Y95.342 E9.84935
G1 X161.7 Y116.731 E10.3829
G1 X161.258 Y118.53 E10.42912
G1 X160.258 Y120.456 E10.48325
G1 X158.766 Y121.851 E10.5342
G1 X157.141 Y122.814 E10.58132
G1 X156.659 Y123.017 E10.59437
G1 X154.889 Y123.281 E10.63901
G1 X150.518 Y123.314 E10.74805
G1 X149.397 Y123.984 E10.78062
G1 X147.754 Y124.254 E10.82216
G1 X136.088 Y124.318 E11.11317
G1 X131.884 Y128.522 E11.26148
G1 X129.861 Y129.662 E11.3194
G1 X127.864 Y130.048 E11.37014
G1 X125.739 Y129.959 E11.4232
G1 X123.58 Y129.048 E11.48165
G1 X122.883 Y128.643 E11.50176
G1 X121.738 Y127.48 E11.54247
G1 X120.634 Y126.068 E11.58718
G1 X119.92 Y123.916 E11.64374
G1 X119.9 Y123.685 E11.64953
G1 X119.399 Y123.984 E11.66408
G1 X117.754 Y124.254 E11.70566
G1 X106.088 Y124.318 E11.99668
G1 X102.033 Y128.373 E12.13973
G1 X100.749 Y129.163 E12.17734
G1 X99.464 Y129.762 E12.2127
G1 X97.321 Y130.096 E12.2668
G1 X95.896 Y129.903 E12.30268
G1 X94.388 Y129.518 E12.3415
G1 X92.161 Y128.082 E12.4076
G1 X90.621 Y126.035 E12.4715
G1 X89.9 Y123.856 E12.52875
G1 X89.9 Y94.955 E13.24969
G1 X90.11 Y94.101 E13.27163
G1 X89.9 Y93.061 E13.2981
G1 X89.9 Y71.669 E13.83172
G1 X90.342 Y69.87 E13.87793
G1 X91.342 Y67.944 E13.93207
G0 F6000 X91.665 Y68.189
G1 F1200 X93.073 Y66.873 E13.98014
G1 X94.614 Y65.955 E14.02489
G1 X95.049 Y65.772 E14.03666
G1 X96.77 Y65.515 E14.08006
G1 X101.193 Y65.485 E14.1904
G1 X102.341 Y64.799 E14.22376
G1 X103.911 Y64.541 E14.26345
G1 X115.679 Y64.481 E14.55701
G1 X119.816 Y60.344 E14.70295
G1 X121.061 Y59.578 E14.73941
G1 X122.254 Y59.024 E14.77223
G1 X124.284 Y58.708 E14.82347
G1 X125.605 Y58.885 E14.85672
G1 X127.051 Y59.254 E14.89395
G1 X129.162 Y60.615 E14.9566
G1 X130.619 Y62.552 E15.01706
G1 X131.3 Y64.61 E15.07114
G1 X131.3 Y88.768 E15.67376
G1 X134.72 Y88.764 E15.75908
G1 X136.424 Y89.183 E15.80285
G1 X138.247 Y90.129 E15.85408
G1 X139.551 Y91.525 E15.90173
G1 X140.637 Y93.345 E15.9546
G1 X140.895 Y94.915 E15.99429
G1 X140.921 Y100.331 E16.1294
G1 X142.044 Y98.243 E16.18854
G1 X149.912 Y90.375 E16.4661
G1 X151.817 Y89.333 E16.52027
G1 X153.674 Y88.977 E16.56743
G1 X155.312 Y88.979 E16.60829
G1 X157.084 Y89.573 E16.65491
G1 X158.395 Y90.191 E16.69107
G1 X159.675 Y91.467 E16.73615
G1 X160.691 Y93.065 E16.78339
G1 X160.956 Y93.674 E16.79996
G1 X161.3 Y95.381 E16.84339
G1 X161.3 Y116.684 E17.3748
G1 X160.881 Y118.388 E17.41857
G1 X159.935 Y120.211 E17.4698
G1 X158.527 Y121.527 E17.51788
G1 X156.986 Y122.445 E17.56262
G1 X156.551 Y122.628 E17.5744
G1 X154.83 Y122.885 E17.6178
G1 X150.407 Y122.915 E17.72814
G1 X149.259 Y123.601 E17.7615
G1 X147.689 Y123.859 E17.80119
G1 X135.921 Y123.919 E18.09475
G1 X131.64 Y128.2 E18.24577
G1 X129.721 Y129.281 E18.30071
G1 X127.834 Y129.646 E18.34866
G1 X125.828 Y129.562 E18.39874
G1 X123.781 Y128.702 E18.45413
G1 X123.131 Y128.324 E18.47288
G1 X122.023 Y127.199 E18.51227
G1 X120.993 Y125.878 E18.55406
G1 X120.3 Y123.79 E18.60894
G1 X120.3 Y122.981 E18.62912
G1 X119.261 Y123.601 E18.6593
G1 X117.689 Y123.859 E18.69904
G1 X105.921 Y123.919 E18.99259
G1 X101.784 Y128.056 E19.13854
G1 X100.539 Y128.822 E19.175
G1 X99.346 Y129.376 E19.20781
G1 X97.316 Y129.692 E19.25906
G1 X95.995 Y129.515 E19.29231
G1 X94.549 Y129.146 E19.32954
G1 X92.438 Y127.785 E19.39219
G1 X90.981 Y125.848 E19.45265
G1 X90.3 Y123.79 E19.50673
G1 X90.3 Y95.001 E20.22487
G1 X90.519 Y94.109 E20.24778
G1 X90.3 Y93.022 E20.27544
G1 X90.3 Y71.716 E20.80692
G1 X90.719 Y70.012 E20.8507
G1 X91.665 Y68.189 E20.90193
G0 F6000 X91.988 Y68.434
G1 F1200 X93.312 Y67.197 E20.94713
G1 X94.819 Y66.299 E20.99089
G1 X95.156 Y66.161 E20.99997
G1 X96.829 Y65.911 E21.04217
G1 X101.304 Y65.884 E21.1538
G1 X102.479 Y65.182 E21.18794
G1 X103.976 Y64.936 E21.22579
G1 X115.846 Y64.88 E21.52189
G1 X120.065 Y60.661 E21.67073
G1 X121.271 Y59.919 E21.70605
G1 X122.372 Y59.41 E21.73631
G1 X124.286 Y59.112 E21.78463
G1 X125.506 Y59.273 E21.81532
G1 X126.89 Y59.626 E21.85095
G1 X128.885 Y60.912 E21.91016
G1 X130.259 Y62.739 E21.96718
G1 X130.9 Y64.676 E22.01808
G1 X130.9 Y89.169 E22.62906
G1 X134.674 Y89.164 E22.7232
G1 X136.281 Y89.559 E22.76448
G1 X138.002 Y90.452 E22.81285
G1 X139.23 Y91.767 E22.85773
G1 X140.254 Y93.483 E22.90758
G1 X140.5 Y94.98 E22.94542
G1 X140.552 Y108.09 E23.27246
G1 X141.052 Y108.091 E23.28493
G1 X141.088 Y101.866 E23.44021
G1 X141.287 Y100.494 E23.4748
G1 X142.367 Y98.486 E23.53167
G1 X150.155 Y90.698 E23.80642
G1 X151.954 Y89.714 E23.85757
G1 X153.712 Y89.377 E23.90222
G1 X155.247 Y89.379 E23.94051
G1 X156.913 Y89.935 E23.98432
G1 X158.164 Y90.525 E24.01882
G1 X159.359 Y91.716 E24.06091
G1 X160.324 Y93.225 E24.10559
G1 X160.573 Y93.797 E24.12115
G1 X160.9 Y95.42 E24.16245
G1 X160.9 Y116.638 E24.69174
G1 X160.505 Y118.245 E24.73302
G1 X159.612 Y119.966 E24.78138
G1 X158.288 Y121.203 E24.82658
G1 X156.781 Y122.101 E24.87034
G1 X156.444 Y122.239 E24.87943
G1 X154.771 Y122.489 E24.92162
G1 X150.296 Y122.516 E25.03325
G1 X149.121 Y123.218 E25.0674
G1 X147.624 Y123.464 E25.10524
G1 X135.754 Y123.52 E25.40134
G1 X131.394 Y127.88 E25.55515
G1 X129.584 Y128.9 E25.60698
G1 X127.804 Y129.244 E25.6522
G1 X125.915 Y129.165 E25.69937
G1 X123.982 Y128.356 E25.75164
G1 X123.379 Y128.005 E25.76904
G1 X122.308 Y126.918 E25.80711
G1 X121.352 Y125.688 E25.84597
G1 X120.7 Y123.724 E25.89759
G1 X120.7 Y122.523 E25.92755
G1 X120.286 Y122.524 E25.93788
G1 X119.123 Y123.218 E25.97166
G1 X117.624 Y123.464 E26.00955
G1 X105.754 Y123.52 E26.30565
G1 X101.535 Y127.739 E26.45449
G1 X100.329 Y128.481 E26.48981
G1 X99.228 Y128.99 E26.52007
G1 X97.314 Y129.288 E26.56839
G1 X96.094 Y129.127 E26.59909
G1 X94.71 Y128.774 E26.63472
G1 X92.715 Y127.488 E26.69393
G1 X91.341 Y125.661 E26.75095
G1 X90.7 Y123.724 E26.80185
G1 X90.7 Y95.048 E27.51717
G1 X90.929 Y94.117 E27.54109
G1 X90.7 Y92.983 E27.56995
G1 X90.7 Y71.762 E28.09931
G1 X91.095 Y70.155 E28.14059
G1 X91.988 Y68.434 E28.18895
G0 F6000 X92.311 Y68.679
G1 F1200 X93.551 Y67.521 E28.23127
G1 X95.024 Y66.643 E28.27405
G1 X95.267 Y66.548 E28.28056
G1 X96.831 Y66.311 E28.32002
G1 X101.415 Y66.283 E28.43437
G1 X102.617 Y65.565 E28.4693
G1 X104.041 Y65.331 E28.50529
G1 X116.013 Y65.279 E28.80394
G1 X120.314 Y60.978 E28.95567
G1 X121.481 Y60.26 E28.98985
G1 X122.488 Y59.797 E29.0175
G1 X124.289 Y59.516 E29.06297
G1 X125.407 Y59.661 E29.09109
G1 X126.729 Y59.998 E29.12512
G1 X128.608 Y61.209 E29.18088
G1 X129.899 Y62.926 E29.23447
G1 X130.5 Y64.742 E29.28219
G1 X130.5 Y89.569 E29.9015
G1 X134.628 Y89.564 E30.00447
G1 X136.138 Y89.935 E30.04326
G1 X137.757 Y90.775 E30.08876
G1 X138.909 Y92.009 E30.13087
G1 X139.871 Y93.621 E30.1777
G1 X140.105 Y95.045 E30.21369
G1 X140.153 Y108.49 E30.54908
G1 X141.45 Y108.491 E30.58144
G1 X141.484 Y101.923 E30.74528
G1 X141.673 Y100.62 E30.77812
G1 X142.69 Y98.729 E30.83168
G1 X150.398 Y91.021 E31.1036
G1 X152.091 Y90.095 E31.15174
G1 X153.75 Y89.777 E31.19388
G1 X155.181 Y89.779 E31.22957
G1 X156.742 Y90.297 E31.2706
G1 X157.933 Y90.859 E31.30345
G1 X159.046 Y91.968 E31.34265
G1 X159.957 Y93.385 E31.38467
G1 X160.19 Y93.92 E31.39922
G1 X160.5 Y95.459 E31.43839
G1 X160.5 Y116.592 E31.96555
G1 X160.129 Y118.102 E32.00434
G1 X159.289 Y119.721 E32.04984
G1 X158.049 Y120.879 E32.09216
G1 X156.576 Y121.757 E32.13494
G1 X156.333 Y121.852 E32.14144
G1 X154.769 Y122.089 E32.1809
G1 X150.185 Y122.117 E32.29525
G1 X148.983 Y122.835 E32.33018
G1 X147.559 Y123.069 E32.36618
G1 X135.587 Y123.121 E32.66482
G1 X131.15 Y127.558 E32.82135
G1 X129.444 Y128.519 E32.87019
G1 X127.774 Y128.842 E32.91263
G1 X126.002 Y128.768 E32.95687
G1 X124.183 Y128.01 E33.00602
G1 X123.627 Y127.686 E33.02208
G1 X122.593 Y126.637 E33.05882
G1 X121.711 Y125.498 E33.09475
G1 X121.1 Y123.658 E33.14312
G1 X121.1 Y122.123 E33.18141
G1 X120.175 Y122.124 E33.20448
G1 X118.983 Y122.835 E33.2391
G1 X117.559 Y123.069 E33.2751
G1 X105.587 Y123.121 E33.57375
G1 X101.286 Y127.422 E33.72548
G1 X100.119 Y128.14 E33.75966
G1 X99.112 Y128.603 E33.78731
G1 X97.311 Y128.884 E33.83277
G1 X96.193 Y128.739 E33.8609
G1 X94.871 Y128.402 E33.89493
G1 X92.992 Y127.191 E33.95069
G1 X91.701 Y125.474 E34.00428
G1 X91.1 Y123.658 E34.052
G1 X91.1 Y95.095 E34.7645
G1 X91.339 Y94.125 E34.78942
G1 X91.1 Y92.944 E34.81948
G1 X91.1 Y71.808 E35.34672
G1 X91.471 Y70.298 E35.38551
G1 X92.311 Y68.679 E35.43101
G0 F6000 X92.634 Y68.924
G1 F1200 X93.79 Y67.845 E35.47045
G1 X95.229 Y66.987 E35.51224
G1 X95.372 Y66.936 E35.51603
G1 X96.833 Y66.711 E35.55291
G1 X101.526 Y66.682 E35.66998
G1 X102.755 Y65.948 E35.70568
G1 X104.106 Y65.726 E35.73984
G1 X116.18 Y65.678 E36.04103
G1 X120.563 Y61.295 E36.19565
G1 X121.691 Y60.601 E36.22869
G1 X122.605 Y60.183 E36.25376
G1 X124.293 Y59.92 E36.29637
G1 X125.308 Y60.049 E36.3219
G1 X126.568 Y60.37 E36.35433
G1 X128.331 Y61.506 E36.40665
G1 X129.539 Y63.113 E36.4568
G1 X130.1 Y64.808 E36.50134
G1 X130.1 Y89.97 E37.129
G1 X134.581 Y89.964 E37.24078
G1 X135.996 Y90.312 E37.27713
G1 X137.512 Y91.098 E37.31973
G1 X138.588 Y92.251 E37.35907
G1 X139.488 Y93.759 E37.40288
G1 X139.71 Y95.11 E37.43703
G1 X139.754 Y108.89 E37.78078
G1 X141.848 Y108.891 E37.83301
G1 X141.88 Y101.98 E38.00541
G1 X142.059 Y100.746 E38.03651
G1 X143.013 Y98.972 E38.08676
G1 X150.641 Y91.344 E38.35586
G1 X152.228 Y90.476 E38.40098
G1 X153.788 Y90.177 E38.4406
G1 X155.115 Y90.179 E38.4737
G1 X156.616 Y90.677 E38.51315
G1 X157.701 Y91.192 E38.54311
G1 X158.732 Y92.219 E38.57941
G1 X159.59 Y93.545 E38.61881
G1 X159.807 Y94.043 E38.63236
G1 X160.1 Y95.498 E38.66939
G1 X160.1 Y116.545 E39.19441
G1 X159.752 Y117.96 E39.23075
G1 X158.966 Y119.476 E39.27335
G1 X157.81 Y120.555 E39.3128
G1 X156.371 Y121.413 E39.35459
G1 X156.228 Y121.464 E39.35838
G1 X154.767 Y121.689 E39.39525
G1 X150.074 Y121.718 E39.51232
G1 X148.845 Y122.452 E39.54803
G1 X147.494 Y122.674 E39.58218
G1 X135.42 Y122.722 E39.88337
G1 X130.904 Y127.238 E40.04269
G1 X129.307 Y128.138 E40.08841
G1 X127.744 Y128.44 E40.12813
G1 X126.09 Y128.371 E40.16942
G1 X124.384 Y127.664 E40.21549
G1 X123.872 Y127.366 E40.23026
G1 X122.909 Y126.392 E40.26443
G1 X122.07 Y125.308 E40.29862
G1 X121.5 Y123.592 E40.34373
G1 X121.5 Y121.722 E40.39038
G1 X120.065 Y121.724 E40.42617
G1 X118.845 Y122.452 E40.46161
G1 X117.494 Y122.674 E40.49577
G1 X105.42 Y122.722 E40.79696
G1 X101.037 Y127.105 E40.95158
G1 X99.909 Y127.799 E40.98461
G1 X98.995 Y128.217 E41.00969
G1 X97.307 Y128.48 E41.0523
G1 X96.292 Y128.351 E41.07782
G1 X95.032 Y128.03 E41.11026
G1 X93.269 Y126.894 E41.16258
G1 X92.061 Y125.287 E41.21273
G1 X91.5 Y123.592 E41.25726
G1 X91.5 Y95.142 E41.96695
G1 X91.749 Y94.133 E41.99288
G1 X91.5 Y92.905 E42.02413
G1 X91.5 Y71.855 E42.54923
G1 X91.848 Y70.44 E42.58558
G1 X92.634 Y68.924 E42.62817
G0 F6000 X92.957 Y69.169
G1 F1200 X94.029 Y68.169 E42.66474
G1 X95.434 Y67.331 E42.70555
G1 X96.835 Y67.111 E42.74093
G1 X101.637 Y67.081 E42.86072
G1 X102.893 Y66.331 E42.89721
G1 X104.171 Y66.121 E42.92952
G1 X116.347 Y66.077 E43.23325
G1 X120.812 Y61.612 E43.39076
G1 X121.901 Y60.942 E43.42266
G1 X122.72 Y60.57 E43.4451
G1 X124.298 Y60.324 E43.48494
G1 X125.209 Y60.437 E43.50784
G1 X126.407 Y60.742 E43.53867
G1 X128.054 Y61.803 E43.58754
G1 X129.179 Y63.3 E43.63426
G1 X129.7 Y64.874 E43.67562
G1 X129.7 Y90.37 E44.31162
G1 X134.535 Y90.364 E44.43223
G1 X135.853 Y90.688 E44.46608
G1 X137.267 Y91.421 E44.50581
G1 X138.267 Y92.493 E44.54238
G1 X139.105 Y93.897 E44.58317
G1 X139.315 Y95.175 E44.61548
G1 X139.355 Y109.29 E44.96758
G1 X142.246 Y109.291 E45.03969
G1 X142.276 Y102.037 E45.22065
G1 X142.445 Y100.872 E45.25001
G1 X143.336 Y99.215 E45.29694
G1 X150.884 Y91.667 E45.56322
G1 X152.365 Y90.857 E45.60533
G1 X153.826 Y90.577 E45.64244
G1 X155.049 Y90.579 E45.67294
G1 X156.49 Y91.057 E45.71082
G1 X157.469 Y91.525 E45.73788
G1 X158.417 Y92.47 E45.77127
G1 X159.223 Y93.705 E45.80806
G1 X159.424 Y94.166 E45.82061
G1 X159.7 Y95.537 E45.85549
G1 X159.7 Y116.499 E46.37839
G1 X159.376 Y117.817 E46.41225
G1 X158.643 Y119.231 E46.45198
G1 X157.571 Y120.231 E46.48855
G1 X156.166 Y121.069 E46.52936
G1 X154.765 Y121.289 E46.56473
G1 X149.963 Y121.319 E46.68452
G1 X148.707 Y122.069 E46.72101
G1 X147.429 Y122.279 E46.75332
G1 X135.253 Y122.323 E47.05705
G1 X130.66 Y126.916 E47.21909
G1 X129.167 Y127.757 E47.26183
G1 X127.714 Y128.038 E47.29875
G1 X126.177 Y127.974 E47.33712
G1 X124.585 Y127.318 E47.38007
G1 X124.119 Y127.047 E47.39352
G1 X123.194 Y126.111 E47.42635
G1 X122.429 Y125.118 E47.45762
G1 X121.9 Y123.526 E47.49946
G1 X121.9 Y121.321 E47.55447
G1 X119.954 Y121.324 E47.60301
G1 X118.705 Y122.069 E47.63929
G1 X117.429 Y122.279 E47.67155
G1 X105.253 Y122.323 E47.97528
G1 X100.788 Y126.788 E48.13279
G1 X99.699 Y127.458 E48.16469
G1 X98.88 Y127.83 E48.18713
G1 X97.302 Y128.076 E48.22697
G1 X96.391 Y127.963 E48.24987
G1 X95.193 Y127.658 E48.2807
G1 X93.546 Y126.597 E48.32958
G1 X92.421 Y125.1 E48.37629
G1 X91.9 Y123.526 E48.41765
G1 X91.9 Y95.189 E49.12452
G1 X92.159 Y94.141 E49.15144
G1 X91.9 Y92.864 E49.18395
G1 X91.9 Y71.901 E49.70687
G1 X92.224 Y70.583 E49.74073
G1 X92.957 Y69.169 E49.78046
G0 F6000 X93.279 Y69.416
G1 F1200 X94.274 Y68.488 E49.8144
G1 X95.571 Y67.714 E49.85208
G1 X96.838 Y67.511 E49.88408
G1 X101.749 Y67.48 E50.00659
G1 X103.033 Y66.714 E50.04389
G1 X104.236 Y66.516 E50.0743
G1 X116.514 Y66.476 E50.38058
G1 X121.064 Y61.926 E50.54109
G1 X122.067 Y61.306 E50.57051
G1 X122.837 Y60.956 E50.59161
G1 X124.304 Y60.728 E50.62864
G1 X125.11 Y60.825 E50.64889
G1 X126.246 Y61.114 E50.67813
G1 X127.777 Y62.1 E50.72356
G1 X128.819 Y63.487 E50.76683
G1 X129.3 Y64.94 E50.80501
G1 X129.3 Y90.77 E51.44934
G1 X134.489 Y90.764 E51.57878
G1 X135.71 Y91.064 E51.61015
G1 X137.02 Y91.743 E51.64695
G1 X137.948 Y92.738 E51.68089
G1 X138.722 Y94.035 E51.71857
G1 X138.92 Y95.24 E51.74903
G1 X138.956 Y109.69 E52.10949
G1 X142.645 Y109.691 E52.20151
G1 X142.672 Y102.094 E52.39102
G1 X142.831 Y100.998 E52.41865
G1 X143.659 Y99.458 E52.46226
G1 X151.127 Y91.99 E52.72572
G1 X152.502 Y91.238 E52.76481
G1 X153.864 Y90.977 E52.7994
G1 X154.984 Y90.979 E52.82734
G1 X156.317 Y91.418 E52.86235
G1 X157.237 Y91.858 E52.88779
G1 X158.104 Y92.722 E52.91832
G1 X158.856 Y93.865 E52.95245
G1 X159.041 Y94.289 E52.96399
G1 X159.3 Y95.576 E52.99674
G1 X159.3 Y116.453 E53.51752
G1 X159 Y117.674 E53.54888
G1 X158.321 Y118.984 E53.58569
G1 X157.326 Y119.912 E53.61963
G1 X156.029 Y120.686 E53.65731
G1 X154.762 Y120.889 E53.68932
G1 X149.851 Y120.92 E53.81182
G1 X148.567 Y121.686 E53.84912
G1 X147.364 Y121.884 E53.87953
G1 X135.086 Y121.924 E54.18581
G1 X130.414 Y126.596 E54.35063
G1 X129.03 Y127.376 E54.39026
G1 X127.684 Y127.636 E54.42445
G1 X126.263 Y127.577 E54.45993
G1 X124.737 Y126.948 E54.50111
G1 X124.368 Y126.73 E54.5118
G1 X123.479 Y125.83 E54.54335
G1 X122.788 Y124.928 E54.5717
G1 X122.3 Y123.46 E54.61029
G1 X122.3 Y120.921 E54.67362
G1 X119.844 Y120.924 E54.73489
G1 X118.567 Y121.686 E54.77198
G1 X117.364 Y121.884 E54.8024
G1 X105.086 Y121.924 E55.10867
G1 X100.536 Y126.474 E55.26919
G1 X99.533 Y127.094 E55.2986
G1 X98.763 Y127.444 E55.3197
G1 X97.296 Y127.672 E55.35673
G1 X96.49 Y127.575 E55.37698
G1 X95.354 Y127.286 E55.40622
G1 X93.823 Y126.3 E55.45165
G1 X92.781 Y124.913 E55.49492
G1 X92.3 Y123.46 E55.5331
G1 X92.3 Y95.236 E56.23715
G1 X92.574 Y94.126 E56.26568
G1 X92.541 Y94.024 E56.26835
G1 X92.3 Y92.824 E56.29888
G1 X92.3 Y71.947 E56.81966
G1 X92.6 Y70.726 E56.85102
G1 X93.279 Y69.416 E56.88783
G0 F6000 X93.601 Y69.663
G1 F1200 X94.516 Y68.81 E56.91904
G1 X95.711 Y68.097 E56.95375
G1 X96.841 Y67.911 E56.98231
G1 X101.912 Y67.879 E57.10881
G1 X102.05 Y67.766 E57.11326
G1 X103.171 Y67.097 E57.14583
G1 X104.301 Y66.911 E57.1744
G1 X116.68 Y66.876 E57.48319
G1 X121.314 Y62.242 E57.64667
G1 X122.233 Y61.67 E57.67367
G1 X122.954 Y61.342 E57.69343
G1 X124.311 Y61.131 E57.72769
G1 X125.011 Y61.213 E57.74527
G1 X126.085 Y61.486 E57.77291
G1 X127.5 Y62.397 E57.81489
G1 X128.459 Y63.674 E57.85473
G1 X128.9 Y65.006 E57.88973
G1 X128.9 Y91.171 E58.54242
G1 X134.443 Y91.164 E58.68069
G1 X135.567 Y91.44 E58.70956
G1 X136.773 Y92.065 E58.74344
G1 X137.626 Y92.98 E58.77465
G1 X138.339 Y94.175 E58.80936
G1 X138.525 Y95.305 E58.83793
G1 X138.557 Y110.09 E59.20674
G1 X143.044 Y110.091 E59.31867
G1 X143.068 Y102.151 E59.51674
G1 X143.217 Y101.124 E59.54262
G1 X143.982 Y99.701 E59.58292
G1 X151.37 Y92.313 E59.84356
G1 X152.639 Y91.619 E59.87964
G1 X153.902 Y91.377 E59.91171
G1 X154.92 Y91.379 E59.93711
G1 X156.144 Y91.779 E59.96923
G1 X157.005 Y92.191 E59.99304
G1 X157.79 Y92.974 E60.0207
G1 X158.489 Y94.025 E60.05218
G1 X158.658 Y94.412 E60.06272
G1 X158.9 Y95.615 E60.09333
G1 X158.9 Y116.407 E60.61199
G1 X158.624 Y117.531 E60.64086
G1 X157.999 Y118.737 E60.67474
G1 X157.084 Y119.59 E60.70595
G1 X155.889 Y120.303 E60.74066
G1 X154.759 Y120.489 E60.76923
G1 X149.688 Y120.521 E60.89573
G1 X149.55 Y120.634 E60.90017
G1 X148.429 Y121.303 E60.93274
G1 X147.299 Y121.489 E60.96131
G1 X134.92 Y121.524 E61.2701
G1 X130.17 Y126.274 E61.43767
G1 X128.89 Y126.995 E61.47432
G1 X127.654 Y127.234 E61.50572
G1 X126.349 Y127.18 E61.5383
G1 X124.94 Y126.603 E61.57628
G1 X124.616 Y126.412 E61.58567
G1 X123.797 Y125.587 E61.61466
G1 X123.147 Y124.738 E61.64134
G1 X122.7 Y123.394 E61.67667
G1 X122.7 Y120.52 E61.74836
G1 X119.685 Y120.524 E61.82357
G1 X119.55 Y120.634 E61.82791
G1 X118.429 Y121.303 E61.86048
G1 X117.299 Y121.489 E61.88905
G1 X104.92 Y121.524 E62.19784
G1 X100.286 Y126.158 E62.36132
G1 X99.367 Y126.73 E62.38832
G1 X98.646 Y127.058 E62.40808
G1 X97.289 Y127.269 E62.44234
G1 X96.589 Y127.187 E62.45992
G1 X95.515 Y126.914 E62.48756
G1 X94.1 Y126.003 E62.52954
G1 X93.141 Y124.726 E62.56938
G1 X92.7 Y123.394 E62.60438
G1 X92.7 Y95.282 E63.30564
G1 X92.952 Y94.254 E63.33204
G1 X93.004 Y94.123 E63.33556
G1 X92.933 Y93.945 E63.34034
G1 X92.7 Y92.785 E63.36985
G1 X92.7 Y71.993 E63.88851
G1 X92.976 Y70.869 E63.91738
G1 X93.601 Y69.663 E63.95126
G0 F6000 X93.923 Y69.91
G1 F1200 X94.758 Y69.132 E63.97973
G1 X95.851 Y68.48 E64.01148
G1 X96.906 Y68.306 E64.03815
G1 X102.063 Y68.278 E64.1668
G1 X102.255 Y68.11 E64.17316
G1 X103.311 Y67.48 E64.20383
G1 X104.366 Y67.306 E64.23051
G1 X116.846 Y67.276 E64.54182
G1 X121.564 Y62.558 E64.70826
G1 X122.399 Y62.034 E64.73285
G1 X123.071 Y61.728 E64.75127
G1 X124.316 Y61.535 E64.7827
G1 X124.912 Y61.601 E64.79766
G1 X125.926 Y61.859 E64.82376
G1 X127.222 Y62.693 E64.8622
G1 X128.099 Y63.861 E64.89864
G1 X128.5 Y65.072 E64.93046
G1 X128.5 Y91.571 E65.59148
G1 X134.396 Y91.564 E65.73856
G1 X135.425 Y91.817 E65.76499
G1 X136.526 Y92.387 E65.79592
G1 X137.304 Y93.222 E65.82439
G1 X137.956 Y94.315 E65.85613
G1 X138.13 Y95.37 E65.88281
G1 X138.158 Y110.49 E66.25998
G1 X143.443 Y110.491 E66.39181
G1 X143.464 Y102.208 E66.59843
G1 X143.603 Y101.25 E66.62258
G1 X144.305 Y99.944 E66.65957
G1 X151.613 Y92.636 E66.91738
G1 X152.776 Y92 E66.95044
G1 X153.94 Y91.777 E66.98001
G1 X154.858 Y91.779 E67.00291
G1 X155.971 Y92.14 E67.03209
G1 X156.773 Y92.524 E67.05427
G1 X157.477 Y93.226 E67.07907
G1 X158.156 Y94.247 E67.10966
G1 X158.274 Y94.531 E67.11733
G1 X158.5 Y95.654 E67.14591
G1 X158.5 Y116.36 E67.66242
G1 X158.247 Y117.389 E67.68885
G1 X157.677 Y118.49 E67.71978
G1 X156.842 Y119.268 E67.74825
G1 X155.749 Y119.92 E67.78
G1 X154.694 Y120.094 E67.80667
G1 X149.537 Y120.122 E67.93531
G1 X149.345 Y120.29 E67.94168
G1 X148.289 Y120.92 E67.97235
G1 X147.234 Y121.094 E67.99902
G1 X134.754 Y121.124 E68.31034
G1 X129.924 Y125.954 E68.48073
G1 X128.753 Y126.614 E68.51426
G1 X127.624 Y126.832 E68.54295
G1 X126.435 Y126.783 E68.57263
G1 X125.092 Y126.233 E68.60883
G1 X124.865 Y126.094 E68.61547
G1 X124.115 Y125.344 E68.64193
G1 X123.506 Y124.548 E68.66693
G1 X123.1 Y123.328 E68.69901
G1 X123.1 Y120.119 E68.77905
G1 X119.536 Y120.124 E68.86796
G1 X119.345 Y120.29 E68.87427
G1 X118.289 Y120.92 E68.90495
G1 X117.234 Y121.094 E68.93162
G1 X104.754 Y121.124 E69.24293
G1 X100.036 Y125.842 E69.40937
G1 X99.201 Y126.366 E69.43396
G1 X98.529 Y126.672 E69.45238
G1 X97.284 Y126.865 E69.48381
G1 X96.688 Y126.799 E69.49877
G1 X95.674 Y126.541 E69.52487
G1 X94.378 Y125.707 E69.56331
G1 X93.501 Y124.539 E69.59975
G1 X93.1 Y123.328 E69.63157
G1 X93.1 Y95.328 E70.33003
G1 X93.34 Y94.349 E70.35518
G1 X93.445 Y94.121 E70.36144
G1 X93.325 Y93.866 E70.36847
G1 X93.1 Y92.746 E70.39697
G1 X93.1 Y72.04 E70.91348
G1 X93.353 Y71.011 E70.93991
G1 X93.923 Y69.91 E70.97084
G0 F6000 X94.245 Y70.157
G1 F1200 X95 Y69.454 E70.99657
G1 X95.991 Y68.863 E71.02536
G1 X96.971 Y68.701 E71.05013
G1 X102.221 Y68.677 E71.1811
G1 X102.46 Y68.454 E71.18925
G1 X103.451 Y67.863 E71.21803
G1 X104.431 Y67.701 E71.24281
G1 X117.012 Y67.676 E71.55665
G1 X121.816 Y62.872 E71.72612
G1 X122.565 Y62.398 E71.74823
G1 X123.188 Y62.114 E71.76531
G1 X124.323 Y61.938 E71.79396
G1 X124.813 Y61.989 E71.80625
G1 X125.767 Y62.232 E71.83081
G1 X126.944 Y62.989 E71.86572
G1 X127.739 Y64.048 E71.89875
G1 X128.1 Y65.138 E71.92739
G1 X128.1 Y91.972 E72.59677
G1 X134.35 Y91.964 E72.75268
G1 X135.282 Y92.193 E72.77662
G1 X136.279 Y92.709 E72.80462
G1 X136.982 Y93.464 E72.83035
G1 X137.573 Y94.455 E72.85914
G1 X137.735 Y95.435 E72.88392
G1 X137.759 Y110.89 E73.26944
G1 X143.842 Y110.891 E73.42118
G1 X143.86 Y102.265 E73.63636
G1 X143.989 Y101.376 E73.65877
G1 X144.628 Y100.187 E73.69244
G1 X151.856 Y92.959 E73.94743
G1 X152.913 Y92.381 E73.97748
G1 X153.978 Y92.177 E74.00453
G1 X154.794 Y92.179 E74.02488
G1 X155.798 Y92.501 E74.05119
G1 X156.541 Y92.857 E74.07174
G1 X157.166 Y93.48 E74.09375
G1 X157.823 Y94.468 E74.12335
G1 X157.882 Y94.61 E74.12718
G1 X158.1 Y95.693 E74.15474
G1 X158.1 Y116.314 E74.66913
G1 X157.871 Y117.246 E74.69307
G1 X157.355 Y118.243 E74.72108
G1 X156.6 Y118.946 E74.74681
G1 X155.609 Y119.537 E74.7756
G1 X154.629 Y119.699 E74.80037
G1 X149.379 Y119.723 E74.93134
G1 X149.14 Y119.946 E74.93949
G1 X148.149 Y120.537 E74.96827
G1 X147.169 Y120.699 E74.99305
G1 X134.588 Y120.724 E75.30689
G1 X129.68 Y125.632 E75.48003
G1 X128.613 Y126.233 E75.51058
G1 X127.594 Y126.43 E75.53647
G1 X126.521 Y126.386 E75.56326
G1 X125.244 Y125.863 E75.59768
G1 X125.114 Y125.777 E75.60157
G1 X124.398 Y125.061 E75.62683
G1 X123.865 Y124.36 E75.64879
G1 X123.5 Y123.262 E75.67766
G1 X123.5 Y119.719 E75.76604
G1 X119.379 Y119.724 E75.86884
G1 X119.14 Y119.946 E75.87697
G1 X118.149 Y120.537 E75.90576
G1 X117.169 Y120.699 E75.93053
G1 X104.588 Y120.724 E76.24437
G1 X99.784 Y125.528 E76.41384
G1 X99.035 Y126.002 E76.43595
G1 X98.412 Y126.286 E76.45303
G1 X97.277 Y126.462 E76.48168
G1 X96.787 Y126.411 E76.49397
G1 X95.833 Y126.168 E76.51853
G1 X94.656 Y125.411 E76.55344
G1 X93.861 Y124.352 E76.58647
G1 X93.5 Y123.262 E76.61511
G1 X93.5 Y95.374 E77.31078
G1 X93.728 Y94.444 E77.33467
G1 X93.898 Y94.115 E77.34391
G1 X93.717 Y93.787 E77.35325
G1 X93.5 Y92.707 E77.38073
G1 X93.5 Y72.086 E77.89512
G1 X93.729 Y71.154 E77.91906
G1 X94.245 Y70.157 E77.94707
G0 F6000 X94.568 Y70.402
G1 F1200 X95.239 Y69.778 E77.96993
G1 X96.131 Y69.246 E77.99583
G1 X97.036 Y69.096 E78.01872
G1 X102.378 Y69.076 E78.15197
G1 X102.699 Y68.778 E78.1629
G1 X103.591 Y68.246 E78.18881
G1 X104.496 Y68.096 E78.21169
G1 X117.178 Y68.076 E78.52805
G1 X122.069 Y63.185 E78.70059
G1 X122.731 Y62.762 E78.72019
G1 X123.305 Y62.5 E78.73593
G1 X124.333 Y62.341 E78.76187
G1 X124.714 Y62.377 E78.77142
G1 X125.606 Y62.604 E78.79438
G1 X126.667 Y63.287 E78.82586
G1 X127.379 Y64.235 E78.85543
G1 X127.7 Y65.204 E78.8809
G1 X127.7 Y92.373 E79.55863
G1 X134.304 Y92.364 E79.72337
G1 X135.139 Y92.569 E79.74481
G1 X136.034 Y93.032 E79.76995
G1 X136.658 Y93.703 E79.79281
G1 X137.19 Y94.595 E79.81872
G1 X137.34 Y95.5 E79.8416
G1 X137.36 Y111.29 E80.23548
G1 X144.241 Y111.291 E80.40713
G1 X144.256 Y102.322 E80.63086
G1 X144.375 Y101.502 E80.65153
G1 X144.951 Y100.43 E80.68189
G1 X152.099 Y93.282 E80.93405
G1 X153.05 Y92.762 E80.96109
G1 X154.016 Y92.577 E80.98563
G1 X154.732 Y92.579 E81.00349
G1 X155.625 Y92.862 E81.02685
G1 X156.309 Y93.19 E81.04578
G1 X156.855 Y93.734 E81.065
G1 X157.49 Y94.689 E81.09361
G1 X157.7 Y95.732 E81.12015
G1 X157.7 Y116.268 E81.63242
G1 X157.495 Y117.103 E81.65387
G1 X157.032 Y117.998 E81.67901
G1 X156.361 Y118.622 E81.70187
G1 X155.469 Y119.154 E81.72777
G1 X154.564 Y119.304 E81.75066
G1 X149.222 Y119.324 E81.88391
G1 X148.901 Y119.622 E81.89484
G1 X148.009 Y120.154 E81.92075
G1 X147.104 Y120.304 E81.94363
G1 X134.422 Y120.324 E82.25999
G1 X129.434 Y125.312 E82.43595
G1 X128.476 Y125.852 E82.46338
G1 X127.564 Y126.028 E82.48655
G1 X126.607 Y125.989 E82.51045
G1 X125.396 Y125.493 E82.54309
G1 X124.717 Y124.819 E82.56696
G1 X124.224 Y124.17 E82.58729
G1 X123.9 Y123.196 E82.61289
G1 X123.9 Y119.319 E82.7096
G1 X119.222 Y119.324 E82.8263
G1 X118.901 Y119.622 E82.83722
G1 X118.009 Y120.154 E82.86313
G1 X117.104 Y120.304 E82.88601
G1 X104.422 Y120.324 E83.20237
G1 X99.531 Y125.215 E83.37491
G1 X98.869 Y125.638 E83.39451
G1 X98.295 Y125.9 E83.41025
G1 X97.267 Y126.059 E83.4362
G1 X96.886 Y126.023 E83.44574
G1 X95.994 Y125.796 E83.4687
G1 X94.933 Y125.113 E83.50018
G1 X94.221 Y124.165 E83.52975
G1 X93.9 Y123.196 E83.55522
G1 X93.9 Y95.42 E84.24809
G1 X94.105 Y94.585 E84.26954
G1 X94.361 Y94.089 E84.28346
G1 X94.109 Y93.708 E84.29486
G1 X93.9 Y92.668 E84.32132
G1 X93.9 Y72.132 E84.83359
G1 X94.105 Y71.297 E84.85504
G1 X94.568 Y70.402 E84.88018
G0 F6000 X94.891 Y70.647
G1 F1200 X95.478 Y70.102 E84.90016
G1 X96.271 Y69.629 E84.92319
G1 X97.102 Y69.491 E84.94421
G1 X102.535 Y69.476 E85.07973
G1 X102.938 Y69.102 E85.09345
G1 X103.731 Y68.629 E85.11648
G1 X104.562 Y68.491 E85.13749
G1 X117.102 Y68.476 E85.45031
G1 X117.305 Y68.515 E85.45546
G1 X122.322 Y63.498 E85.63245
G1 X122.897 Y63.126 E85.64953
G1 X123.422 Y62.886 E85.66393
G1 X124.343 Y62.744 E85.68718
G1 X124.615 Y62.765 E85.69398
G1 X125.447 Y62.977 E85.7154
G1 X126.389 Y63.583 E85.74334
G1 X127.019 Y64.422 E85.76952
G1 X127.3 Y65.27 E85.7918
G1 X127.3 Y92.774 E86.47789
G1 X134.258 Y92.764 E86.65146
G1 X134.996 Y92.945 E86.67041
G1 X135.789 Y93.355 E86.69268
G1 X136.334 Y93.942 E86.71266
G1 X136.807 Y94.735 E86.7357
G1 X136.945 Y95.566 E86.75671
G1 X136.96 Y111.69 E87.15892
G1 X144.64 Y111.691 E87.3505
G1 X144.652 Y102.379 E87.58279
G1 X144.761 Y101.628 E87.60172
G1 X145.274 Y100.673 E87.62876
G1 X152.342 Y93.605 E87.87811
G1 X153.187 Y93.143 E87.90213
G1 X154.054 Y92.977 E87.92415
G1 X154.669 Y92.979 E87.93949
G1 X155.452 Y93.223 E87.95995
G1 X156.077 Y93.523 E87.97724
G1 X156.542 Y93.986 E87.99361
G1 X157.114 Y94.846 E88.01938
G1 X157.3 Y95.771 E88.04291
G1 X157.3 Y116.222 E88.55307
G1 X157.119 Y116.96 E88.57202
G1 X156.709 Y117.753 E88.59429
G1 X156.122 Y118.298 E88.61427
G1 X155.329 Y118.771 E88.6373
G1 X154.498 Y118.909 E88.65832
G1 X149.065 Y118.924 E88.79384
G1 X148.662 Y119.298 E88.80756
G1 X147.869 Y119.771 E88.83059
G1 X147.038 Y119.909 E88.85161
G1 X134.498 Y119.924 E89.16442
G1 X134.295 Y119.885 E89.16957
G1 X129.19 Y124.99 E89.34967
G1 X128.336 Y125.471 E89.37412
G1 X127.534 Y125.626 E89.39449
G1 X126.693 Y125.592 E89.41549
G1 X125.622 Y125.153 E89.44436
G1 X124.999 Y124.535 E89.46625
G1 X124.583 Y123.982 E89.48351
G1 X124.3 Y123.13 E89.50591
G1 X124.3 Y118.919 E89.61095
G1 X119.065 Y118.924 E89.74154
G1 X118.662 Y119.298 E89.75526
G1 X117.869 Y119.771 E89.77829
G1 X117.038 Y119.909 E89.7993
G1 X104.498 Y119.924 E90.11211
G1 X104.295 Y119.885 E90.11727
G1 X99.278 Y124.902 E90.29426
G1 X98.703 Y125.274 E90.31134
G1 X98.178 Y125.514 E90.32574
G1 X97.257 Y125.656 E90.34899
G1 X96.985 Y125.635 E90.35579
G1 X96.153 Y125.423 E90.37721
G1 X95.211 Y124.817 E90.40515
G1 X94.581 Y123.978 E90.43132
G1 X94.3 Y123.13 E90.45361
G1 X94.3 Y95.466 E91.14369
G1 X94.481 Y94.728 E91.16264
G1 X94.825 Y94.063 E91.18132
G1 X94.485 Y93.552 E91.19663
G1 X94.3 Y92.629 E91.22011
G1 X94.3 Y72.178 E91.73027
G1 X94.481 Y71.44 E91.74922
G1 X94.891 Y70.647 E91.77149
G0 F6000 X95.214 Y70.892
G1 F1200 X95.717 Y70.426 E91.78859
G1 X96.411 Y70.012 E91.80875
G1 X97.168 Y69.886 E91.8279
G1 X102.692 Y69.876 E91.96569
G1 X103.177 Y69.426 E91.9822
G1 X103.871 Y69.012 E92.00235
G1 X104.628 Y68.886 E92.0215
G1 X117.102 Y68.876 E92.33266
G1 X117.427 Y68.959 E92.34103
G1 X122.576 Y63.81 E92.52268
G1 X123.114 Y63.462 E92.53866
G1 X123.538 Y63.273 E92.55024
G1 X124.356 Y63.146 E92.57089
G1 X124.516 Y63.153 E92.57488
G1 X125.286 Y63.349 E92.5947
G1 X126.112 Y63.881 E92.61921
G1 X126.659 Y64.609 E92.64193
G1 X126.9 Y65.336 E92.66103
G1 X126.9 Y92.884 E93.34822
G1 X126.815 Y93.233 E93.35718
G1 X127.168 Y93.174 E93.36611
G1 X134.208 Y93.164 E93.54172
G1 X134.857 Y93.323 E93.55839
G1 X135.544 Y93.678 E93.57768
G1 X136.01 Y94.181 E93.59478
G1 X136.424 Y94.875 E93.61494
G1 X136.55 Y95.632 E93.63409
G1 X136.56 Y112.09 E94.04463
G1 X145.04 Y112.091 E94.25617
G1 X145.048 Y102.436 E94.49701
G1 X145.147 Y101.754 E94.5142
G1 X145.597 Y100.916 E94.53793
G1 X152.585 Y93.928 E94.78445
G1 X153.324 Y93.524 E94.80546
G1 X154.092 Y93.377 E94.82497
G1 X154.609 Y93.379 E94.83786
G1 X155.279 Y93.584 E94.85534
G1 X155.843 Y93.855 E94.87095
G1 X156.233 Y94.243 E94.88467
G1 X156.737 Y95.001 E94.90738
G1 X156.9 Y95.81 E94.92797
G1 X156.9 Y116.172 E95.4359
G1 X156.741 Y116.821 E95.45257
G1 X156.386 Y117.508 E95.47186
G1 X155.883 Y117.974 E95.48896
G1 X155.189 Y118.388 E95.50912
G1 X154.432 Y118.514 E95.52826
G1 X148.908 Y118.524 E95.66606
G1 X148.423 Y118.974 E95.68256
G1 X147.729 Y119.388 E95.70272
G1 X146.972 Y119.514 E95.72186
G1 X134.498 Y119.524 E96.03303
G1 X134.173 Y119.441 E96.0414
G1 X128.944 Y124.67 E96.22586
G1 X128.199 Y125.09 E96.2472
G1 X127.504 Y125.224 E96.26485
G1 X126.779 Y125.195 E96.28295
G1 X125.848 Y124.813 E96.30806
G1 X125.319 Y124.294 E96.32654
G1 X124.942 Y123.793 E96.34218
G1 X124.7 Y123.064 E96.36134
G1 X124.7 Y118.468 E96.47599
G1 X124.366 Y118.519 E96.48442
G1 X118.908 Y118.524 E96.62057
G1 X118.423 Y118.974 E96.63707
G1 X117.729 Y119.388 E96.65723
G1 X116.972 Y119.514 E96.67638
G1 X104.498 Y119.524 E96.98754
G1 X104.173 Y119.441 E96.99591
G1 X99.024 Y124.59 E97.17755
G1 X98.486 Y124.938 E97.19354
G1 X98.062 Y125.127 E97.20512
G1 X97.244 Y125.254 E97.22577
G1 X97.084 Y125.247 E97.22976
G1 X96.314 Y125.051 E97.24958
G1 X95.488 Y124.519 E97.27409
G1 X94.941 Y123.791 E97.2968
G1 X94.7 Y123.064 E97.31591
G1 X94.7 Y95.516 E98.0031
G1 X94.859 Y94.867 E98.01977
G1 X95.182 Y94.242 E98.03732
G1 X95.318 Y94.083 E98.04254
G1 X94.862 Y93.397 E98.06308
G1 X94.7 Y92.59 E98.08362
G1 X94.7 Y72.228 E98.59155
G1 X94.859 Y71.579 E98.60822
G1 X95.214 Y70.892 E98.62751
G0 F6000 X95.537 Y71.138
G1 F1200 X95.956 Y70.75 E98.64175
G1 X96.551 Y70.395 E98.65903
G1 X97.234 Y70.281 E98.67631
G1 X102.925 Y70.276 E98.81827
G1 X103.047 Y70.092 E98.82378
G1 X103.416 Y69.75 E98.83633
G1 X104.011 Y69.395 E98.85361
G1 X104.694 Y69.281 E98.87088
G1 X117.05 Y69.276 E99.17911
G1 X117.549 Y69.403 E99.19195
G1 X122.83 Y64.122 E99.37825
G1 X123.277 Y63.827 E99.39161
G1 X123.652 Y63.66 E99.40185
G1 X124.417 Y63.541 E99.42116
G1 X125.127 Y63.722 E99.43944
G1 X125.834 Y64.177 E99.46041
G1 X126.299 Y64.796 E99.47973
G1 X126.5 Y65.402 E99.49565
G1 X126.5 Y92.834 E100.17995
G1 X126.363 Y93.394 E100.19433
G1 X126.063 Y93.974 E100.21062
G1 X126.551 Y93.683 E100.22479
G1 X127.234 Y93.569 E100.24206
G1 X134.158 Y93.564 E100.41478
G1 X134.718 Y93.701 E100.42917
G1 X135.298 Y94.001 E100.44545
G1 X135.686 Y94.42 E100.4597
G1 X136.041 Y95.015 E100.47698
G1 X136.155 Y95.698 E100.49426
G1 X136.16 Y112.49 E100.91313
G1 X145.44 Y112.491 E101.14462
G1 X145.444 Y102.493 E101.39403
G1 X145.533 Y101.88 E101.40948
G1 X145.92 Y101.159 E101.42989
G1 X152.828 Y94.251 E101.67359
G1 X153.461 Y93.905 E101.69158
G1 X154.129 Y93.777 E101.70855
G1 X154.55 Y93.779 E101.71905
G1 X155.106 Y93.944 E101.73352
G1 X155.607 Y94.185 E101.74739
G1 X155.922 Y94.498 E101.75846
G1 X156.361 Y95.158 E101.77824
G1 X156.5 Y95.849 E101.79582
G1 X156.5 Y116.122 E102.30153
G1 X156.363 Y116.682 E102.31591
G1 X156.063 Y117.262 E102.3322
G1 X155.644 Y117.65 E102.34645
G1 X155.049 Y118.005 E102.36373
G1 X154.366 Y118.119 E102.381
G1 X148.675 Y118.124 E102.52297
G1 X148.553 Y118.308 E102.52847
G1 X148.184 Y118.65 E102.54102
G1 X147.589 Y119.005 E102.55831
G1 X146.906 Y119.119 E102.57558
G1 X134.55 Y119.124 E102.8838
G1 X134.051 Y118.997 E102.89665
G1 X128.7 Y124.348 E103.08542
G1 X128.059 Y124.709 E103.10377
G1 X127.474 Y124.822 E103.11863
G1 X126.865 Y124.798 E103.13384
G1 X126.073 Y124.473 E103.15519
G1 X125.639 Y124.054 E103.17024
G1 X125.302 Y123.606 E103.18422
G1 X125.1 Y122.998 E103.2002
G1 X125.1 Y117.996 E103.32498
G1 X124.366 Y118.119 E103.34355
G1 X118.675 Y118.124 E103.48551
G1 X118.553 Y118.308 E103.49101
G1 X118.184 Y118.65 E103.50357
G1 X117.589 Y119.005 E103.52085
G1 X116.906 Y119.119 E103.53812
G1 X104.55 Y119.124 E103.84634
G1 X104.051 Y118.997 E103.85919
G1 X98.77 Y124.278 E104.04549
G1 X98.323 Y124.573 E104.05885
G1 X97.948 Y124.74 E104.06909
G1 X97.183 Y124.859 E104.0884
G1 X96.473 Y124.678 E104.10668
G1 X95.766 Y124.223 E104.12765
G1 X95.301 Y123.604 E104.14696
G1 X95.1 Y122.998 E104.16289
G1 X95.1 Y95.566 E104.84719
G1 X95.237 Y95.006 E104.86157
G1 X95.537 Y94.426 E104.87786
G1 X95.895 Y94.095 E104.89002
G1 X95.669 Y93.889 E104.89765
G1 X95.239 Y93.242 E104.91702
G1 X95.1 Y92.551 E104.93461
G1 X95.1 Y72.278 E105.44032
G1 X95.237 Y71.718 E105.4547
G1 X95.537 Y71.138 E105.47099
G0 F6000 X95.86 Y71.384
G1 F1200 X96.198 Y71.071 E105.48248
G1 X96.689 Y70.778 E105.49674
G1 X97.3 Y70.676 E105.5122
G1 X103.168 Y70.676 E105.65857
G1 X103.319 Y70.385 E105.66675
G1 X103.658 Y70.071 E105.67828
G1 X104.149 Y69.778 E105.69254
G1 X104.76 Y69.676 E105.70799
G1 X116.999 Y69.676 E106.0133
G1 X117.468 Y69.795 E106.02537
G1 X117.643 Y69.875 E106.03017
G1 X123.085 Y64.433 E106.22215
G1 X123.497 Y64.161 E106.23446
G1 X123.766 Y64.047 E106.24175
G1 X124.396 Y63.949 E106.25766
G1 X124.968 Y64.095 E106.27238
G1 X125.556 Y64.473 E106.28982
G1 X125.939 Y64.983 E106.30573
G1 X126.1 Y65.468 E106.31848
G1 X126.1 Y92.784 E106.99988
G1 X125.985 Y93.255 E107.01197
G1 X125.74 Y93.728 E107.02526
G1 X125.402 Y94.041 E107.03675
G1 X124.961 Y94.304 E107.04956
G1 X125.378 Y94.52 E107.06127
G1 X125.611 Y94.752 E107.06948
G1 X125.728 Y94.927 E107.07473
G1 X125.911 Y94.625 E107.08354
G1 X126.198 Y94.359 E107.0933
G1 X126.689 Y94.066 E107.10756
G1 X127.3 Y93.964 E107.12301
G1 X134.108 Y93.964 E107.29284
G1 X134.579 Y94.079 E107.30493
G1 X135.052 Y94.324 E107.31822
G1 X135.365 Y94.662 E107.32971
G1 X135.658 Y95.153 E107.34398
G1 X135.76 Y95.764 E107.35943
G1 X135.76 Y112.89 E107.78664
G1 X145.84 Y112.891 E108.03808
G1 X145.84 Y102.551 E108.29602
G1 X145.919 Y102.008 E108.3097
G1 X146.245 Y101.4 E108.32691
G1 X153.071 Y94.574 E108.56772
G1 X153.598 Y94.286 E108.5827
G1 X154.166 Y94.177 E108.59713
G1 X154.489 Y94.179 E108.60518
G1 X154.992 Y94.328 E108.61827
G1 X155.375 Y94.517 E108.62892
G1 X155.611 Y94.752 E108.63723
G1 X155.984 Y95.313 E108.65404
G1 X156.1 Y95.888 E108.66867
G1 X156.1 Y116.072 E109.17216
G1 X155.985 Y116.543 E109.18426
G1 X155.74 Y117.016 E109.19754
G1 X155.402 Y117.329 E109.20904
G1 X154.911 Y117.622 E109.2233
G1 X154.3 Y117.724 E109.23875
G1 X148.432 Y117.724 E109.38513
G1 X148.281 Y118.015 E109.39331
G1 X147.942 Y118.329 E109.40483
G1 X147.451 Y118.622 E109.4191
G1 X146.84 Y118.724 E109.43455
G1 X134.601 Y118.724 E109.73985
G1 X134.132 Y118.605 E109.75192
G1 X133.957 Y118.525 E109.75672
G1 X128.456 Y124.026 E109.95078
G1 X127.919 Y124.328 E109.96615
G1 X127.443 Y124.42 E109.97825
G1 X126.951 Y124.401 E109.99053
G1 X126.297 Y124.132 E110.00817
G1 X125.959 Y123.813 E110.01976
G1 X125.661 Y123.417 E110.03213
G1 X125.5 Y122.932 E110.04487
G1 X125.5 Y117.27 E110.18611
G1 X124.911 Y117.622 E110.20323
G1 X124.3 Y117.724 E110.21868
G1 X118.432 Y117.724 E110.36506
G1 X118.281 Y118.015 E110.37324
G1 X117.942 Y118.329 E110.38476
G1 X117.451 Y118.622 E110.39903
G1 X116.84 Y118.724 E110.41448
G1 X104.601 Y118.724 E110.71978
G1 X104.132 Y118.605 E110.73185
G1 X103.957 Y118.525 E110.73665
G1 X98.515 Y123.967 E110.92863
G1 X98.103 Y124.239 E110.94095
G1 X97.834 Y124.353 E110.94824
G1 X97.204 Y124.451 E110.96414
G1 X96.632 Y124.305 E110.97887
G1 X96.044 Y123.927 E110.9963
G1 X95.661 Y123.417 E111.01221
G1 X95.5 Y122.932 E111.02496
G1 X95.5 Y95.616 E111.70636
G1 X95.615 Y95.145 E111.71846
G1 X95.86 Y94.672 E111.73174
G1 X96.198 Y94.359 E111.74324
G1 X96.649 Y94.09 E111.75634
G1 X96.308 Y93.93 E111.76573
G1 X95.974 Y93.626 E111.777
G1 X95.616 Y93.087 E111.79314
G1 X95.5 Y92.512 E111.80777
G1 X95.5 Y72.328 E112.31126
G1 X95.615 Y71.857 E112.32336
G1 X95.86 Y71.384 E112.33664
G1 F2700 E103.33664
G0 F6000 X104.613 Y71.823
G0 X116.987 Y93.289
G0 X126.183 Y94.918
G1 F2700 E112.33664
G1 F1200 X126.44 Y94.68 E112.34538
G1 X126.827 Y94.449 E112.35663
G1 X127.3 Y94.364 E112.36861
G1 X134.058 Y94.364 E112.53719
G1 X134.44 Y94.457 E112.547
G1 X134.806 Y94.647 E112.55729
G1 X135.044 Y94.904 E112.56602
G1 X135.275 Y95.291 E112.57727
G1 X135.36 Y95.764 E112.58925
G1 X135.36 Y113.29 E113.02644
G1 X146.24 Y113.291 E113.29785
G1 X146.24 Y102.551 E113.56576
G1 X146.304 Y102.137 E113.57621
G1 X146.57 Y101.641 E113.59025
G1 X153.314 Y94.897 E113.82816
G1 X153.735 Y94.667 E113.84013
G1 X154.241 Y94.57 E113.85298
G1 X154.429 Y94.579 E113.85767
G1 X154.879 Y94.712 E113.86938
G1 X155.14 Y94.847 E113.87671
G1 X155.278 Y94.974 E113.88139
G1 X155.608 Y95.47 E113.89625
G1 X155.7 Y95.927 E113.90788
G1 X155.7 Y116.022 E114.40915
G1 X155.607 Y116.404 E114.41895
G1 X155.417 Y116.77 E114.42924
G1 X155.16 Y117.008 E114.43798
G1 X154.773 Y117.239 E114.44922
G1 X154.3 Y117.324 E114.46121
G1 X148.189 Y117.324 E114.61365
G1 X147.957 Y117.77 E114.62619
G1 X147.7 Y118.008 E114.63493
G1 X147.313 Y118.239 E114.64617
G1 X146.84 Y118.324 E114.65816
G1 X134.652 Y118.324 E114.96219
G1 X134.23 Y118.217 E114.97305
G1 X133.885 Y118.031 E114.98283
G1 X128.212 Y123.704 E115.18296
G1 X127.779 Y123.947 E115.19534
G1 X127.412 Y124.018 E115.20467
G1 X127.038 Y124.004 E115.214
G1 X126.517 Y123.789 E115.22806
G1 X126.279 Y123.573 E115.23608
G1 X126.021 Y123.23 E115.24679
G1 X125.9 Y122.866 E115.25636
G1 X125.9 Y95.666 E115.93486
G1 X125.993 Y95.284 E115.94467
G1 X126.183 Y94.918 E115.95496
G1 F2700 E106.95496
G0 F6000 X112.151 Y97.57
G1 F2700 E115.95496
G1 F1200 X111.736 Y97.13 E115.97004
G1 X111.302 Y96.403 E115.99116
G1 X111.313 Y98.758 E116.04991
G1 X111.721 Y98 E116.07138
G1 X112.151 Y97.57 E116.08655
G1 F2700 E107.08655
G0 F6000 X110.298 Y91.997
G1 F2700 E116.08655
G1 F1200 X110.287 Y89.642 E116.1453
G1 X109.879 Y90.4 E116.16677
G1 X109.449 Y90.83 E116.18194
G1 X109.864 Y91.27 E116.19703
G1 X110.298 Y91.997 E116.21815
G0 F6000 X109.545 Y91.516
G1 F1200 X110.637 Y93.345 E116.27129
G1 X110.895 Y94.915 E116.31098
G1 X110.921 Y100.331 E116.44608
G1 X112.044 Y98.243 E116.50522
G1 X112.708 Y97.579 E116.52865
G1 X112.055 Y96.884 E116.55244
G1 X110.963 Y95.055 E116.60557
G1 X110.705 Y93.485 E116.64526
G1 X110.679 Y88.069 E116.78037
G1 X109.556 Y90.157 E116.83951
G1 X108.892 Y90.821 E116.86293
G1 X109.545 Y91.516 E116.88672
G0 F6000 X109.226 Y91.761
G1 F1200 X110.254 Y93.483 E116.93675
G1 X110.5 Y94.98 E116.97459
G1 X110.552 Y108.09 E117.30163
G1 X111.052 Y108.091 E117.3141
G1 X111.088 Y101.866 E117.46938
G1 X111.287 Y100.494 E117.50397
G1 X112.367 Y98.486 E117.56084
G1 X113.265 Y97.588 E117.59252
G1 X112.374 Y96.639 E117.62499
G1 X111.346 Y94.917 E117.67502
G1 X111.1 Y93.42 E117.71286
G1 X111.048 Y80.31 E118.0399
G1 X110.548 Y80.309 E118.05237
G1 X110.512 Y86.534 E118.20766
G1 X110.313 Y87.906 E118.24224
G1 X109.233 Y89.914 E118.29911
G1 X108.335 Y90.812 E118.33079
G1 X109.226 Y91.761 E118.36326
G0 F6000 X108.907 Y92.006
G1 F1200 X109.871 Y93.621 E118.41018
G1 X110.105 Y95.045 E118.44618
G1 X110.153 Y108.49 E118.78157
G1 X111.45 Y108.491 E118.81392
G1 X111.484 Y101.923 E118.97777
G1 X111.673 Y100.62 E119.01061
G1 X112.69 Y98.729 E119.06417
G1 X113.822 Y97.597 E119.1041
G1 X112.693 Y96.394 E119.14526
G1 X111.729 Y94.779 E119.19218
G1 X111.495 Y93.355 E119.22817
G1 X111.447 Y79.91 E119.56356
G1 X110.15 Y79.909 E119.59592
G1 X110.116 Y86.477 E119.75976
G1 X109.927 Y87.78 E119.7926
G1 X108.91 Y89.671 E119.84616
G1 X107.778 Y90.803 E119.8861
G1 X108.907 Y92.006 E119.92725
G0 F6000 X108.588 Y92.251
G1 F1200 X109.488 Y93.759 E119.97106
G1 X109.71 Y95.11 E120.00521
G1 X109.754 Y108.89 E120.34896
G1 X111.848 Y108.891 E120.40119
G1 X111.88 Y101.98 E120.57359
G1 X112.059 Y100.746 E120.60469
G1 X113.013 Y98.972 E120.65494
G1 X114.48 Y97.505 E120.70669
G1 X114.088 Y97.303 E120.71769
G1 X113.012 Y96.149 E120.75705
G1 X112.112 Y94.641 E120.80086
G1 X111.89 Y93.29 E120.83501
G1 X111.846 Y79.51 E121.17876
G1 X109.752 Y79.509 E121.23099
G1 X109.72 Y86.42 E121.40339
G1 X109.541 Y87.654 E121.43449
G1 X108.587 Y89.428 E121.48474
G1 X107.12 Y90.895 E121.53649
G1 X107.512 Y91.097 E121.54749
G1 X108.588 Y92.251 E121.58685
G0 F6000 X108.267 Y92.493
G1 F1200 X109.105 Y93.897 E121.62764
G1 X109.315 Y95.175 E121.65994
G1 X109.355 Y109.29 E122.01205
G1 X112.246 Y109.291 E122.08416
G1 X112.276 Y102.037 E122.26512
G1 X112.445 Y100.872 E122.29448
G1 X113.336 Y99.215 E122.34141
G1 X115.149 Y97.402 E122.40537
G1 X114.333 Y96.979 E122.4283
G1 X113.333 Y95.907 E122.46487
G1 X112.495 Y94.503 E122.50565
G1 X112.285 Y93.225 E122.53796
G1 X112.245 Y79.11 E122.89006
G1 X109.354 Y79.109 E122.96218
G1 X109.324 Y86.363 E123.14313
G1 X109.155 Y87.528 E123.1725
G1 X108.264 Y89.185 E123.21943
G1 X106.451 Y90.998 E123.28339
G1 X107.267 Y91.421 E123.30631
G1 X108.267 Y92.493 E123.34288
G0 F6000 X107.948 Y92.738
G1 F1200 X108.722 Y94.035 E123.38056
G1 X108.92 Y95.24 E123.41102
G1 X108.956 Y109.69 E123.77148
G1 X112.645 Y109.691 E123.8635
G1 X112.672 Y102.094 E124.05301
G1 X112.831 Y100.998 E124.08064
G1 X113.659 Y99.458 E124.12425
G1 X115.818 Y97.299 E124.20042
G1 X114.58 Y96.657 E124.23521
G1 X113.652 Y95.662 E124.26915
G1 X112.878 Y94.365 E124.30682
G1 X112.68 Y93.16 E124.33729
G1 X112.644 Y78.71 E124.69774
G1 X108.955 Y78.709 E124.78977
G1 X108.928 Y86.306 E124.97928
G1 X108.769 Y87.402 E125.0069
G1 X107.941 Y88.942 E125.05052
G1 X105.782 Y91.101 E125.12668
G1 X107.02 Y91.743 E125.16147
G1 X107.948 Y92.738 E125.19541
G0 F6000 X107.626 Y92.98
G1 F1200 X108.339 Y94.175 E125.23012
G1 X108.525 Y95.305 E125.25869
G1 X108.557 Y110.09 E125.6275
G1 X113.044 Y110.091 E125.73943
G1 X113.068 Y102.151 E125.9375
G1 X113.217 Y101.124 E125.96338
G1 X113.982 Y99.701 E126.00368
G1 X116.587 Y97.096 E126.09558
G1 X116.033 Y96.96 E126.10981
G1 X114.827 Y96.335 E126.1437
G1 X113.974 Y95.42 E126.1749
G1 X113.261 Y94.225 E126.20961
G1 X113.075 Y93.095 E126.23818
G1 X113.043 Y78.31 E126.607
G1 X108.556 Y78.309 E126.71892
G1 X108.532 Y86.249 E126.91699
G1 X108.383 Y87.276 E126.94288
G1 X107.618 Y88.699 E126.98318
G1 X105.013 Y91.304 E127.07508
G1 X105.567 Y91.44 E127.08931
G1 X106.773 Y92.065 E127.12319
G1 X107.626 Y92.98 E127.15439
G0 F6000 X107.304 Y93.222
G1 F1200 X107.956 Y94.315 E127.18614
G1 X108.13 Y95.37 E127.21281
G1 X108.158 Y110.49 E127.58998
G1 X113.443 Y110.491 E127.72182
G1 X113.464 Y102.208 E127.92844
G1 X113.603 Y101.25 E127.95259
G1 X114.305 Y99.944 E127.98957
G1 X117.413 Y96.836 E128.09922
G1 X117.155 Y96.824 E128.10566
G1 X116.175 Y96.583 E128.13083
G1 X115.074 Y96.013 E128.16176
G1 X114.296 Y95.178 E128.19023
G1 X113.644 Y94.085 E128.22198
G1 X113.47 Y93.03 E128.24865
G1 X113.442 Y77.91 E128.62582
G1 X108.157 Y77.909 E128.75766
G1 X108.136 Y86.192 E128.96428
G1 X107.997 Y87.15 E128.98842
G1 X107.295 Y88.456 E129.02541
G1 X104.187 Y91.564 E129.13505
G1 X104.445 Y91.576 E129.1415
G1 X105.425 Y91.817 E129.16667
G1 X106.526 Y92.387 E129.1976
G1 X107.304 Y93.222 E129.22607
G0 F6000 X106.982 Y93.464
G1 F1200 X107.573 Y94.455 E129.25485
G1 X107.735 Y95.435 E129.27963
G1 X107.759 Y110.89 E129.66516
G1 X113.842 Y110.891 E129.8169
G1 X113.86 Y102.265 E130.03207
G1 X113.989 Y101.376 E130.05448
G1 X114.628 Y100.187 E130.08815
G1 X118.379 Y96.436 E130.22048
G1 X117.25 Y96.436 E130.24864
G1 X116.318 Y96.207 E130.27258
G1 X115.321 Y95.691 E130.30059
G1 X114.618 Y94.936 E130.32632
G1 X114.027 Y93.945 E130.3551
G1 X113.865 Y92.965 E130.37988
G1 X113.841 Y77.51 E130.76541
G1 X107.758 Y77.509 E130.91715
G1 X107.74 Y86.135 E131.13233
G1 X107.611 Y87.024 E131.15474
G1 X106.972 Y88.213 E131.18841
G1 X103.221 Y91.964 E131.32073
G1 X104.35 Y91.964 E131.3489
G1 X105.282 Y92.193 E131.37284
G1 X106.279 Y92.709 E131.40084
G1 X106.982 Y93.464 E131.42657
G0 F6000 X106.658 Y93.703
G1 F1200 X107.19 Y94.595 E131.45248
G1 X107.34 Y95.5 E131.47537
G1 X107.36 Y111.29 E131.86925
G1 X114.241 Y111.291 E132.0409
G1 X114.256 Y102.322 E132.26463
G1 X114.375 Y101.502 E132.2853
G1 X114.951 Y100.43 E132.31566
G1 X119.345 Y96.036 E132.47067
G1 X117.296 Y96.036 E132.52178
G1 X116.461 Y95.831 E132.54323
G1 X115.566 Y95.368 E132.56836
G1 X114.942 Y94.697 E132.59122
G1 X114.41 Y93.805 E132.61713
G1 X114.26 Y92.9 E132.64001
G1 X114.24 Y77.11 E133.03389
G1 X107.359 Y77.109 E133.20554
G1 X107.344 Y86.078 E133.42927
G1 X107.225 Y86.898 E133.44994
G1 X106.649 Y87.97 E133.4803
G1 X102.255 Y92.364 E133.63531
G1 X104.304 Y92.364 E133.68642
G1 X105.139 Y92.569 E133.70787
G1 X106.034 Y93.032 E133.73301
G1 X106.658 Y93.703 E133.75587
G0 F6000 X106.334 Y93.942
G1 F1200 X106.807 Y94.735 E133.7789
G1 X106.945 Y95.566 E133.79991
G1 X106.96 Y111.69 E134.20213
G1 X114.64 Y111.691 E134.3937
G1 X114.652 Y102.379 E134.62599
G1 X114.761 Y101.628 E134.64492
G1 X115.274 Y100.673 E134.67197
G1 X120.311 Y95.636 E134.84966
G1 X117.342 Y95.636 E134.92372
G1 X116.604 Y95.455 E134.94268
G1 X115.811 Y95.045 E134.96495
G1 X115.266 Y94.458 E134.98493
G1 X114.793 Y93.665 E135.00796
G1 X114.655 Y92.834 E135.02897
G1 X114.64 Y76.71 E135.43119
G1 X106.96 Y76.709 E135.62277
G1 X106.948 Y86.021 E135.85506
G1 X106.839 Y86.772 E135.87399
G1 X106.326 Y87.727 E135.90103
G1 X101.289 Y92.764 E136.07872
G1 X104.258 Y92.764 E136.15278
G1 X104.996 Y92.945 E136.17174
G1 X105.789 Y93.355 E136.19401
G1 X106.334 Y93.942 E136.21399
G0 F6000 X106.01 Y94.181
G1 F1200 X106.424 Y94.875 E136.23415
G1 X106.55 Y95.632 E136.25329
G1 X106.56 Y112.09 E136.66384
G1 X115.04 Y112.091 E136.87537
G1 X115.048 Y102.436 E137.11622
G1 X115.147 Y101.754 E137.13341
G1 X115.597 Y100.916 E137.15713
G1 X121.277 Y95.236 E137.35751
G1 X117.392 Y95.236 E137.45442
G1 X116.743 Y95.077 E137.47109
G1 X116.056 Y94.722 E137.49038
G1 X115.59 Y94.219 E137.50749
G1 X115.176 Y93.525 E137.52764
G1 X115.05 Y92.768 E137.54679
G1 X115.04 Y76.31 E137.95733
G1 X106.56 Y76.309 E138.16887
G1 X106.552 Y85.964 E138.40971
G1 X106.453 Y86.646 E138.4269
G1 X106.003 Y87.484 E138.45063
G1 X100.323 Y93.164 E138.65101
G1 X104.208 Y93.164 E138.74792
G1 X104.857 Y93.323 E138.76459
G1 X105.544 Y93.678 E138.78388
G1 X106.01 Y94.181 E138.80098
G0 F6000 X105.686 Y94.42
G1 F1200 X106.041 Y95.015 E138.81827
G1 X106.155 Y95.698 E138.83554
G1 X106.16 Y112.49 E139.25442
G1 X115.44 Y112.491 E139.48591
G1 X115.444 Y102.493 E139.73531
G1 X115.533 Y101.88 E139.75076
G1 X115.92 Y101.159 E139.77117
G1 X122.243 Y94.836 E139.99423
G1 X117.442 Y94.836 E140.114
G1 X116.882 Y94.699 E140.12838
G1 X116.302 Y94.399 E140.14467
G1 X115.914 Y93.98 E140.15891
G1 X115.559 Y93.385 E140.17619
G1 X115.445 Y92.702 E140.19347
G1 X115.44 Y75.91 E140.61235
G1 X106.16 Y75.909 E140.84384
G1 X106.156 Y85.907 E141.09324
G1 X106.067 Y86.52 E141.10869
G1 X105.68 Y87.241 E141.1291
G1 X99.357 Y93.564 E141.35216
G1 X104.158 Y93.564 E141.47192
G1 X104.718 Y93.701 E141.48631
G1 X105.298 Y94.001 E141.50259
G1 X105.686 Y94.42 E141.51684
G0 F6000 X105.365 Y94.662
G1 F1200 X105.658 Y95.153 E141.5311
G1 X105.76 Y95.764 E141.54656
G1 X105.76 Y112.89 E141.97376
G1 X115.84 Y112.891 E142.22521
G1 X115.84 Y102.551 E142.48314
G1 X115.919 Y102.008 E142.49683
G1 X116.245 Y101.4 E142.51404
G1 X123.031 Y94.614 E142.75344
G1 X123.323 Y94.436 E142.76197
G1 X117.492 Y94.436 E142.90742
G1 X117.021 Y94.321 E142.91952
G1 X116.548 Y94.076 E142.9328
G1 X116.235 Y93.738 E142.94429
G1 X115.942 Y93.247 E142.95856
G1 X115.84 Y92.636 E142.97401
G1 X115.84 Y75.51 E143.40122
G1 X105.76 Y75.509 E143.65267
G1 X105.76 Y85.849 E143.9106
G1 X105.681 Y86.392 E143.92429
G1 X105.355 Y87 E143.9415
G1 X98.561 Y93.794 E144.18117
G1 X98.27 Y93.964 E144.18958
G1 X104.108 Y93.964 E144.33521
G1 X104.579 Y94.079 E144.3473
G1 X105.052 Y94.324 E144.36059
G1 X105.365 Y94.662 E144.37208
G0 F6000 X105.044 Y94.904
G1 F1200 X105.275 Y95.291 E144.38332
G1 X105.36 Y95.764 E144.39531
G1 X105.36 Y113.29 E144.8325
G1 X116.24 Y113.291 E145.1039
G1 X116.24 Y102.551 E145.37181
G1 X116.304 Y102.137 E145.38226
G1 X116.57 Y101.641 E145.3963
G1 X123.314 Y94.897 E145.63422
G1 X123.735 Y94.667 E145.64618
G1 X124.241 Y94.57 E145.65904
G1 X124.429 Y94.579 E145.66373
G1 X124.879 Y94.712 E145.67544
G1 X125.14 Y94.847 E145.68277
G1 X125.278 Y94.974 E145.68744
G1 X125.608 Y95.47 E145.70231
G1 X125.7 Y95.927 E145.71393
G1 X125.7 Y116.022 E146.21521
G1 X125.607 Y116.404 E146.22501
G1 X125.417 Y116.77 E146.2353
G1 X125.16 Y117.008 E146.24404
G1 X124.773 Y117.239 E146.25528
G1 X124.3 Y117.324 E146.26727
G1 X118.189 Y117.324 E146.41971
G1 X117.957 Y117.77 E146.43225
G1 X117.7 Y118.008 E146.44099
G1 X117.313 Y118.239 E146.45223
G1 X116.84 Y118.324 E146.46422
G1 X104.652 Y118.324 E146.76825
G1 X104.23 Y118.217 E146.77911
G1 X103.885 Y118.031 E146.78888
G1 X98.26 Y123.656 E146.98732
G1 X97.883 Y123.905 E146.99859
G1 X97.723 Y123.966 E147.00286
G1 X97.225 Y124.043 E147.01543
G1 X96.793 Y123.933 E147.02655
G1 X96.321 Y123.629 E147.04056
G1 X96.021 Y123.23 E147.05301
G1 X95.9 Y122.866 E147.06258
G1 X95.9 Y95.666 E147.74109
G1 X95.993 Y95.284 E147.75089
G1 X96.183 Y94.918 E147.76118
G1 X96.44 Y94.68 E147.76992
G1 X96.827 Y94.449 E147.78116
G1 X97.3 Y94.364 E147.79315
G1 X104.058 Y94.364 E147.96173
G1 X104.44 Y94.457 E147.97154
G1 X104.806 Y94.647 E147.98182
G1 X105.044 Y94.904 E147.99056
G1 F2700 E138.99056
G0 F6000 X124.953 Y95.305
G0 X126.3 Y95.715
G1 F2700 E147.99056
G1 F1200 X126.37 Y95.426 E147.99798
G1 X126.507 Y95.163 E148.00538
G1 X126.645 Y95.024 E148.01026
G1 X126.972 Y94.829 E148.01976
G1 X127.3 Y94.764 E148.0281
G1 X134.009 Y94.764 E148.19546
G1 X134.298 Y94.834 E148.20287
G1 X134.561 Y94.971 E148.21027
G1 X134.7 Y95.109 E148.21516
G1 X134.895 Y95.436 E148.22465
G1 X134.96 Y95.764 E148.233
G1 X134.96 Y113.69 E148.68016
G1 X146.64 Y113.691 E148.97152
G1 X146.64 Y102.551 E149.24941
G1 X146.688 Y102.266 E149.25662
G1 X146.893 Y101.884 E149.26743
G1 X153.557 Y95.22 E149.50252
G1 X153.872 Y95.048 E149.51148
G1 X154.316 Y94.963 E149.52275
G1 X154.766 Y95.096 E149.53446
G1 X154.945 Y95.196 E149.53957
G1 X155.232 Y95.627 E149.55249
G1 X155.3 Y95.966 E149.56111
G1 X155.3 Y115.973 E150.06019
G1 X155.23 Y116.262 E150.06761
G1 X155.093 Y116.525 E150.07501
G1 X154.955 Y116.664 E150.07989
G1 X154.628 Y116.859 E150.08939
G1 X154.3 Y116.924 E150.09773
G1 X147.852 Y116.924 E150.25858
G1 X147.77 Y117.262 E150.26725
G1 X147.633 Y117.525 E150.27465
G1 X147.495 Y117.664 E150.27954
G1 X147.168 Y117.859 E150.28903
G1 X146.84 Y117.924 E150.29737
G1 X134.703 Y117.924 E150.60013
G1 X134.376 Y117.841 E150.60855
G1 X134.067 Y117.674 E150.61731
G1 X133.893 Y117.457 E150.62425
G1 X127.968 Y123.382 E150.83327
G1 X127.638 Y123.567 E150.84271
G1 X127.427 Y123.618 E150.84812
G1 X127.125 Y123.607 E150.85566
G1 X126.733 Y123.445 E150.86624
G1 X126.599 Y123.332 E150.87061
G1 X126.38 Y123.041 E150.8797
G1 X126.3 Y122.8 E150.88603
G1 X126.3 Y95.715 E151.56167
G0 F6000 X126.7 Y95.764
G1 F1200 X126.759 Y95.52 E151.56793
G1 X126.85 Y95.368 E151.57235
G1 X127.12 Y95.207 E151.58019
G1 X127.3 Y95.164 E151.58481
G1 X133.96 Y95.164 E151.75094
G1 X134.204 Y95.223 E151.75721
G1 X134.356 Y95.314 E151.76163
G1 X134.517 Y95.584 E151.76947
G1 X134.56 Y95.764 E151.77408
G1 X134.56 Y114.257 E152.23539
G1 X134.78 Y114.133 E152.24169
G1 X134.96 Y114.09 E152.24631
G1 X146.64 Y114.091 E152.53767
G1 X146.884 Y114.15 E152.54393
G1 X147.04 Y114.247 E152.54851
G1 X147.04 Y102.551 E152.84027
G1 X147.071 Y102.397 E152.84419
G1 X147.216 Y102.127 E152.85183
G1 X153.8 Y95.543 E153.0841
G1 X154.064 Y95.399 E153.0916
G1 X154.293 Y95.374 E153.09735
G1 X154.653 Y95.48 E153.10671
G1 X154.856 Y95.784 E153.11583
G1 X154.9 Y95.966 E153.1205
G1 X154.9 Y115.924 E153.61836
G1 X154.841 Y116.168 E153.62462
G1 X154.75 Y116.32 E153.62904
G1 X154.48 Y116.481 E153.63688
G1 X154.3 Y116.524 E153.64149
G1 X147.64 Y116.524 E153.80763
G1 X147.44 Y116.479 E153.81274
G1 X147.44 Y116.924 E153.82384
G1 X147.381 Y117.168 E153.83011
G1 X147.29 Y117.32 E153.83452
G1 X147.02 Y117.481 E153.84237
G1 X146.84 Y117.524 E153.84698
G1 X134.754 Y117.524 E154.14847
G1 X134.474 Y117.453 E154.15568
G1 X134.274 Y117.332 E154.16151
G1 X134.033 Y116.751 E154.1772
G1 X127.724 Y123.06 E154.39976
G1 X127.442 Y123.218 E154.40783
G1 X127.14 Y123.207 E154.41537
G1 X126.919 Y123.091 E154.42159
G1 X126.7 Y122.8 E154.43068
G1 X126.7 Y95.764 E155.10509
G0 F6000 X127.1 Y95.764
G1 F1200 X127.139 Y95.645 E155.10822
G1 X127.3 Y95.564 E155.11271
G1 X133.96 Y95.564 E155.27885
G1 X134.079 Y95.603 E155.28197
G1 X134.16 Y95.764 E155.28647
G1 X134.16 Y115.976 E155.79066
G1 X134.101 Y116.117 E155.79447
G1 X127.441 Y122.777 E156.02942
G1 X127.33 Y122.834 E156.03253
G1 X127.207 Y122.813 E156.03564
G1 X127.1 Y122.702 E156.03949
G1 X127.1 Y95.764 E156.71146
G1 F2700 E147.71146
G0 F6000 X126.635 Y95.764
G0 X126.647 Y95.111
G0 X134.613 Y95.111
G0 X146.975 Y102.551
G0 X147.44 Y102.551
G1 F2700 E156.71146
G1 F1200 X147.499 Y102.41 E156.71527
G1 X154.083 Y95.826 E156.94754
G1 X154.221 Y95.767 E156.95129
G1 X154.417 Y95.803 E156.95626
G1 X154.5 Y95.966 E156.96082
G1 X154.5 Y115.924 E157.45867
G1 X154.461 Y116.043 E157.4618
G1 X154.3 Y116.124 E157.46629
G1 X147.64 Y116.124 E157.63243
G1 X147.521 Y116.085 E157.63555
G1 X147.44 Y115.924 E157.64005
G1 X147.44 Y102.551 E157.97364
G1 F2700 E148.97364
G0 F6000 X146.975 Y102.551
G0 X146.64 Y114.491
G1 F2700 E157.97364
G1 F1200 X146.759 Y114.53 E157.97676
G1 X146.835 Y114.682 E157.981
G1 X146.998 Y114.769 E157.98561
G1 X147.04 Y114.891 E157.98883
G1 X147.04 Y116.924 E158.03954
G1 X147.001 Y117.043 E158.04267
G1 X146.84 Y117.124 E158.04716
G1 X134.754 Y117.124 E158.34865
G1 X134.599 Y117.073 E158.35272
G1 X134.39 Y116.569 E158.36633
G1 X134.381 Y116.444 E158.36946
G1 X134.56 Y116.225 E158.37651
G1 X134.56 Y114.91 E158.40931
G1 X134.599 Y114.791 E158.41244
G1 X134.76 Y114.699 E158.41706
G1 X134.799 Y114.571 E158.4204
G1 X134.96 Y114.49 E158.4249
G1 X146.64 Y114.491 E158.71626
G1 F2700 E149.71626
G0 F6000 X134.613 Y95.111
G0 X98.278 Y93.511
G1 F2700 E158.71626
G1 F1200 X97.74 Y93.786 E158.73133
G1 X97.359 Y93.844 E158.74094
G1 X96.903 Y93.758 E158.75252
G1 X96.578 Y93.635 E158.76119
G1 X96.281 Y93.364 E158.77121
G1 X95.992 Y92.93 E158.78422
G1 X95.9 Y92.473 E158.79585
G1 X95.9 Y72.378 E159.29712
G1 X95.993 Y71.996 E159.30693
G1 X96.183 Y71.63 E159.31722
G1 X96.44 Y71.392 E159.32595
G1 X96.827 Y71.161 E159.3372
G1 X97.3 Y71.076 E159.34918
G1 X103.411 Y71.076 E159.50162
G1 X103.643 Y70.63 E159.51416
G1 X103.9 Y70.392 E159.5229
G1 X104.287 Y70.161 E159.53415
G1 X104.76 Y70.076 E159.54613
G1 X116.948 Y70.076 E159.85016
G1 X117.37 Y70.183 E159.86102
G1 X117.715 Y70.369 E159.8708
G1 X123.34 Y64.744 E160.06924
G1 X123.717 Y64.495 E160.08051
G1 X123.877 Y64.434 E160.08478
G1 X124.375 Y64.357 E160.09735
G1 X124.807 Y64.467 E160.10847
G1 X125.279 Y64.771 E160.12248
G1 X125.579 Y65.17 E160.13493
G1 X125.7 Y65.534 E160.1445
G1 X125.7 Y92.734 E160.823
G1 X125.607 Y93.116 E160.83281
G1 X125.417 Y93.482 E160.8431
G1 X125.16 Y93.72 E160.85184
G1 X124.773 Y93.951 E160.86308
G1 X124.3 Y94.036 E160.87507
G1 X117.542 Y94.036 E161.04365
G1 X117.16 Y93.943 E161.05345
G1 X116.794 Y93.753 E161.06374
G1 X116.556 Y93.496 E161.07248
G1 X116.325 Y93.109 E161.08372
G1 X116.24 Y92.636 E161.09571
G1 X116.24 Y75.11 E161.5329
G1 X105.36 Y75.109 E161.8043
G1 X105.36 Y85.849 E162.07221
G1 X105.296 Y86.263 E162.08266
G1 X105.03 Y86.759 E162.0967
G1 X98.278 Y93.511 E162.33489
G0 F6000 X98.039 Y93.184
G1 F1200 X97.615 Y93.401 E162.34677
G1 X97.366 Y93.439 E162.35306
G1 X97.044 Y93.384 E162.36121
G1 X96.79 Y93.288 E162.36798
G1 X96.614 Y93.142 E162.37368
G1 X96.368 Y92.773 E162.38475
G1 X96.3 Y92.434 E162.39337
G1 X96.3 Y72.427 E162.89245
G1 X96.37 Y72.138 E162.89987
G1 X96.507 Y71.875 E162.90726
G1 X96.645 Y71.736 E162.91215
G1 X96.972 Y71.541 E162.92165
G1 X97.3 Y71.476 E162.92999
G1 X103.748 Y71.476 E163.09083
G1 X103.83 Y71.138 E163.09951
G1 X103.967 Y70.875 E163.10691
G1 X104.105 Y70.736 E163.11179
G1 X104.432 Y70.541 E163.12129
G1 X104.76 Y70.476 E163.12963
G1 X116.897 Y70.476 E163.43239
G1 X117.224 Y70.559 E163.44081
G1 X117.533 Y70.726 E163.44957
G1 X117.707 Y70.943 E163.45651
G1 X123.593 Y65.057 E163.66415
G1 X123.938 Y64.829 E163.67447
G1 X124.354 Y64.765 E163.68497
G1 X124.646 Y64.839 E163.69248
G1 X125.001 Y65.068 E163.70302
G1 X125.22 Y65.359 E163.7121
G1 X125.3 Y65.6 E163.71844
G1 X125.3 Y92.685 E164.39408
G1 X125.23 Y92.974 E164.40149
G1 X125.093 Y93.237 E164.40889
G1 X124.955 Y93.376 E164.41378
G1 X124.628 Y93.571 E164.42327
G1 X124.3 Y93.636 E164.43161
G1 X117.591 Y93.636 E164.59897
G1 X117.302 Y93.566 E164.60639
G1 X117.039 Y93.429 E164.61379
G1 X116.9 Y93.291 E164.61867
G1 X116.705 Y92.964 E164.62817
G1 X116.64 Y92.636 E164.63651
G1 X116.64 Y74.71 E165.08368
G1 X104.96 Y74.709 E165.37504
G1 X104.96 Y85.849 E165.65292
G1 X104.912 Y86.134 E165.66013
G1 X104.707 Y86.516 E165.67095
G1 X98.039 Y93.184 E165.90618
G0 F6000 X97.8 Y92.857
G1 F1200 X104.384 Y86.273 E166.13845
G1 X104.529 Y86.003 E166.14609
G1 X104.56 Y85.849 E166.15001
G1 X104.56 Y74.153 E166.44177
G1 X104.716 Y74.25 E166.44635
G1 X104.96 Y74.309 E166.45261
G1 X116.64 Y74.31 E166.74397
G1 X116.82 Y74.267 E166.74859
G1 X117.04 Y74.143 E166.75489
G1 X117.04 Y92.636 E167.2162
G1 X117.083 Y92.816 E167.22081
G1 X117.244 Y93.086 E167.22866
G1 X117.396 Y93.177 E167.23308
G1 X117.64 Y93.236 E167.23934
G1 X124.3 Y93.236 E167.40547
G1 X124.48 Y93.193 E167.41009
G1 X124.75 Y93.032 E167.41793
G1 X124.841 Y92.88 E167.42235
G1 X124.9 Y92.636 E167.42861
G1 X124.9 Y65.6 E168.10303
G1 X124.681 Y65.309 E168.11211
G1 X124.46 Y65.193 E168.11834
G1 X124.337 Y65.172 E168.12145
G1 X124.087 Y65.21 E168.12776
G1 X123.876 Y65.34 E168.13394
G1 X117.567 Y71.649 E168.35651
G1 X117.326 Y71.068 E168.3722
G1 X117.126 Y70.947 E168.37803
G1 X116.846 Y70.876 E168.38524
G1 X104.76 Y70.876 E168.68672
G1 X104.58 Y70.919 E168.69134
G1 X104.31 Y71.08 E168.69918
G1 X104.219 Y71.232 E168.7036
G1 X104.16 Y71.476 E168.70986
G1 X104.16 Y71.921 E168.72096
G1 X103.96 Y71.876 E168.72608
G1 X97.3 Y71.876 E168.89221
G1 X97.12 Y71.919 E168.89683
G1 X96.85 Y72.08 E168.90467
G1 X96.759 Y72.232 E168.90909
G1 X96.7 Y72.476 E168.91535
G1 X96.7 Y92.434 E169.4132
G1 X96.744 Y92.616 E169.41787
G1 X96.947 Y92.92 E169.42699
G1 X97.111 Y92.99 E169.43144
G1 X97.433 Y93.045 E169.43959
G1 X97.8 Y92.857 E169.44988
G0 F6000 X97.517 Y92.574
G1 F1200 X97.379 Y92.633 E169.45362
G1 X97.183 Y92.597 E169.45859
G1 X97.1 Y92.434 E169.46315
G1 X97.1 Y72.476 E169.96101
G1 X97.139 Y72.357 E169.96413
G1 X97.3 Y72.276 E169.96863
G1 X103.96 Y72.276 E170.13476
G1 X104.079 Y72.315 E170.13789
G1 X104.16 Y72.476 E170.14238
G1 X104.16 Y85.849 E170.47597
G1 X104.101 Y85.99 E170.47979
G1 X97.517 Y92.574 E170.71205
G1 F2700 E161.71205
G0 F6000 X97.846 Y92.903
G0 X116.975 Y92.636
G0 X117.44 Y92.636
G1 F2700 E170.71205
G1 F1200 X117.44 Y72.424 E171.21624
G1 X117.499 Y72.283 E171.22006
G1 X124.159 Y65.623 E171.45501
G1 X124.27 Y65.566 E171.45812
G1 X124.393 Y65.587 E171.46123
G1 X124.5 Y65.698 E171.46508
G1 X124.5 Y92.636 E172.13705
G1 X124.461 Y92.755 E172.14017
G1 X124.3 Y92.836 E172.14467
G1 X117.64 Y92.836 E172.3108
G1 X117.521 Y92.797 E172.31393
G1 X117.44 Y92.636 E172.31842
G1 F2700 E163.31842
G0 F6000 X116.975 Y92.636
G0 X116.64 Y73.91
G1 F2700 E172.31842
G1 F1200 X104.96 Y73.909 E172.60978
G1 X104.841 Y73.87 E172.6129
G1 X104.765 Y73.718 E172.61714
G1 X104.602 Y73.631 E172.62175
G1 X104.56 Y73.509 E172.62497
G1 X104.56 Y71.476 E172.67568
G1 X104.599 Y71.357 E172.67881
G1 X104.76 Y71.276 E172.6833
G1 X116.846 Y71.276 E172.98479
G1 X117.001 Y71.327 E172.98886
G1 X117.21 Y71.831 E173.00247
G1 X117.219 Y71.956 E173.0056
G1 X117.04 Y72.175 E173.01265
G1 X117.04 Y73.49 E173.04546
G1 X117.001 Y73.609 E173.04858
G1 X116.84 Y73.701 E173.05321
G1 X116.801 Y73.829 E173.05654
G1 X116.64 Y73.91 E173.06104
G1 F2700 E164.06104
G0 F6000 X97.3 Y94.764
G1 F2700 E173.06104
G1 F1200 X104.009 Y94.764 E173.2284
G1 X104.298 Y94.834 E173.23581
G1 X104.561 Y94.971 E173.24321
G1 X104.7 Y95.109 E173.2481
G1 X104.895 Y95.436 E173.25759
G1 X104.96 Y95.764 E173.26594
G1 X104.96 Y113.69 E173.7131
G1 X116.64 Y113.691 E174.00446
G1 X116.64 Y102.551 E174.28235
G1 X116.688 Y102.266 E174.28956
G1 X116.893 Y101.884 E174.30037
G1 X123.557 Y95.22 E174.53546
G1 X123.872 Y95.048 E174.54442
G1 X124.316 Y94.963 E174.55569
G1 X124.766 Y95.096 E174.5674
G1 X124.945 Y95.196 E174.57251
G1 X125.232 Y95.627 E174.58543
G1 X125.3 Y95.966 E174.59405
G1 X125.3 Y115.973 E175.09313
G1 X125.23 Y116.262 E175.10055
G1 X125.093 Y116.525 E175.10795
G1 X124.955 Y116.664 E175.11283
G1 X124.628 Y116.859 E175.12233
G1 X124.3 Y116.924 E175.13067
G1 X117.852 Y116.924 E175.29152
G1 X117.77 Y117.262 E175.30019
G1 X117.633 Y117.525 E175.30759
G1 X117.495 Y117.664 E175.31248
G1 X117.168 Y117.859 E175.32197
G1 X116.84 Y117.924 E175.33031
G1 X104.703 Y117.924 E175.63307
G1 X104.376 Y117.841 E175.64149
G1 X104.067 Y117.674 E175.65025
G1 X103.893 Y117.457 E175.65719
G1 X98.007 Y123.343 E175.86483
G1 X97.662 Y123.571 E175.87515
G1 X97.246 Y123.635 E175.88565
G1 X96.954 Y123.561 E175.89316
G1 X96.599 Y123.332 E175.9037
G1 X96.38 Y123.041 E175.91279
G1 X96.3 Y122.8 E175.91912
G1 X96.3 Y95.715 E176.59476
G1 X96.37 Y95.426 E176.60218
G1 X96.507 Y95.163 E176.60957
G1 X96.645 Y95.024 E176.61446
G1 X96.972 Y94.829 E176.62396
G1 X97.3 Y94.764 E176.6323
G0 F6000 X97.3 Y95.164
G1 F1200 X103.96 Y95.164 E176.79843
G1 X104.204 Y95.223 E176.80469
G1 X104.356 Y95.314 E176.80911
G1 X104.517 Y95.584 E176.81695
G1 X104.56 Y95.764 E176.82157
G1 X104.56 Y114.257 E177.28288
G1 X104.78 Y114.133 E177.28918
G1 X104.96 Y114.09 E177.2938
G1 X116.64 Y114.091 E177.58516
G1 X116.884 Y114.15 E177.59142
G1 X117.04 Y114.247 E177.596
G1 X117.04 Y102.551 E177.88776
G1 X117.071 Y102.397 E177.89168
G1 X117.216 Y102.127 E177.89932
G1 X123.8 Y95.543 E178.13159
G1 X124.064 Y95.399 E178.13909
G1 X124.293 Y95.374 E178.14484
G1 X124.653 Y95.48 E178.1542
G1 X124.856 Y95.784 E178.16332
G1 X124.9 Y95.966 E178.16799
G1 X124.9 Y115.924 E178.66584
G1 X124.841 Y116.168 E178.6721
G1 X124.75 Y116.32 E178.67652
G1 X124.48 Y116.481 E178.68437
G1 X124.3 Y116.524 E178.68898
G1 X117.64 Y116.524 E178.85512
G1 X117.44 Y116.479 E178.86023
G1 X117.44 Y116.924 E178.87133
G1 X117.381 Y117.168 E178.87759
G1 X117.29 Y117.32 E178.88201
G1 X117.02 Y117.481 E178.88985
G1 X116.84 Y117.524 E178.89447
G1 X104.754 Y117.524 E179.19596
G1 X104.474 Y117.453 E179.20316
G1 X104.274 Y117.332 E179.20899
G1 X104.033 Y116.751 E179.22468
G1 X97.724 Y123.06 E179.44725
G1 X97.513 Y123.19 E179.45343
G1 X97.263 Y123.228 E179.45974
G1 X97.14 Y123.207 E179.46285
G1 X96.919 Y123.091 E179.46908
G1 X96.7 Y122.8 E179.47817
G1 X96.7 Y95.764 E180.15258
G1 X96.759 Y95.52 E180.15884
G1 X96.85 Y95.368 E180.16326
G1 X97.12 Y95.207 E180.1711
G1 X97.3 Y95.164 E180.17572
G0 F6000 X97.3 Y95.564
G1 F1200 X103.96 Y95.564 E180.34185
G1 X104.079 Y95.603 E180.34498
G1 X104.16 Y95.764 E180.34947
G1 X104.16 Y115.976 E180.85366
G1 X104.101 Y116.117 E180.85748
G1 X97.441 Y122.777 E181.09243
G1 X97.33 Y122.834 E181.09554
G1 X97.207 Y122.813 E181.09865
G1 X97.1 Y122.702 E181.1025
G1 X97.1 Y95.764 E181.77447
G1 X97.139 Y95.645 E181.77759
G1 X97.3 Y95.564 E181.78209
G1 F2700 E172.78209
G0 F6000 X97.3 Y95.099
G0 X104.613 Y95.111
G0 X116.975 Y102.551
G0 X117.44 Y102.551
G1 F2700 E181.78209
G1 F1200 X117.44 Y115.924 E182.11568
G1 X117.521 Y116.085 E182.12018
G1 X117.64 Y116.124 E182.1233
G1 X124.3 Y116.124 E182.28943
G1 X124.461 Y116.043 E182.29393
G1 X124.5 Y115.924 E182.29705
G1 X124.5 Y95.966 E182.79491
G1 X124.417 Y95.803 E182.79947
G1 X124.221 Y95.767 E182.80444
G1 X124.083 Y95.826 E182.80819
G1 X117.499 Y102.41 E183.04045
G1 X117.44 Y102.551 E183.04427
G1 F2700 E174.04427
G0 F6000 X116.975 Y102.551
G0 X116.64 Y114.491
G1 F2700 E183.04427
G1 F1200 X104.96 Y114.49 E183.33563
G1 X104.799 Y114.571 E183.34012
G1 X104.76 Y114.699 E183.34346
G1 X104.599 Y114.791 E183.34808
G1 X104.56 Y114.91 E183.35121
G1 X104.56 Y116.225 E183.38401
G1 X104.381 Y116.444 E183.39107
G1 X104.39 Y116.569 E183.39419
G1 X104.599 Y117.073 E183.4078
G1 X104.754 Y117.124 E183.41187
G1 X116.84 Y117.124 E183.71336
G1 X117.001 Y117.043 E183.71786
G1 X117.04 Y116.924 E183.72098
G1 X117.04 Y114.891 E183.77169
G1 X116.998 Y114.769 E183.77491
G1 X116.835 Y114.682 E183.77952
G1 X116.759 Y114.53 E183.78376
G1 X116.64 Y114.491 E183.78688
G1 F2700 E174.78688
G0 F6000 X104.96 Y71.676
G1 F2700 E183.78688
G1 F1200 X116.712 Y71.676 E184.08004
G1 X116.789 Y71.861 E184.08504
G1 X116.699 Y71.95 E184.08819
G1 X116.64 Y72.092 E184.09203
G1 X116.64 Y73.345 E184.12329
G1 X116.577 Y73.366 E184.12494
G1 X116.477 Y73.44 E184.12805
G1 X116.455 Y73.51 E184.12988
G1 X105.141 Y73.509 E184.41211
G1 X105.121 Y73.447 E184.41373
G1 X105.015 Y73.374 E184.41694
G1 X104.96 Y73.358 E184.41837
G1 X104.96 Y71.676 E184.46033
G0 F6000 X105.36 Y72.076
G1 F1200 X116.243 Y72.076 E184.73181
G1 X116.24 Y72.092 E184.73221
G1 X116.24 Y73.11 E184.75761
G1 X105.36 Y73.109 E185.02901
G1 X105.36 Y72.076 E185.05478
G0 F6000 X105.76 Y72.476
G1 F1200 X115.84 Y72.476 E185.30622
G1 X115.84 Y72.71 E185.31206
G1 X105.76 Y72.709 E185.56351
G1 X105.76 Y72.476 E185.56932
G1 F2700 E176.56932
G0 F6000 X105.145 Y114.89
G1 F2700 E185.56932
G1 F1200 X116.459 Y114.891 E185.85155
G1 X116.479 Y114.953 E185.85317
G1 X116.585 Y115.026 E185.85638
G1 X116.64 Y115.042 E185.85781
G1 X116.64 Y116.724 E185.89977
G1 X104.888 Y116.724 E186.19293
G1 X104.811 Y116.539 E186.19792
G1 X104.901 Y116.45 E186.20108
G1 X104.96 Y116.308 E186.20492
G1 X104.96 Y115.055 E186.23617
G1 X105.023 Y115.034 E186.23783
G1 X105.123 Y114.96 E186.24093
G1 X105.145 Y114.89 E186.24276
G0 F6000 X105.36 Y115.29
G1 F1200 X116.24 Y115.291 E186.51417
G1 X116.24 Y116.324 E186.53993
G1 X105.357 Y116.324 E186.81141
G1 X105.36 Y116.308 E186.81182
G1 X105.36 Y115.29 E186.83721
G0 F6000 X105.76 Y115.69
G1 F1200 X115.84 Y115.691 E187.08866
G1 X115.84 Y115.924 E187.09447
G1 X105.76 Y115.924 E187.34592
G1 X105.76 Y115.69 E187.35175
G1 F2700 E178.35175
G0 F6000 X127.454 Y123.412
G0 X134.811 Y116.539
G1 F2700 E187.35175
G1 F1200 X134.901 Y116.45 E187.35491
G1 X134.96 Y116.308 E187.35875
G1 X134.96 Y115.055 E187.39
G1 X135.023 Y115.034 E187.39166
G1 X135.123 Y114.96 E187.39476
G1 X135.145 Y114.89 E187.39659
G1 X146.459 Y114.891 E187.67882
G1 X146.479 Y114.953 E187.68045
G1 X146.585 Y115.026 E187.68366
G1 X146.64 Y115.042 E187.68509
G1 X146.64 Y116.724 E187.72705
G1 X134.888 Y116.724 E188.0202
G1 X134.811 Y116.539 E188.0252
G0 F6000 X135.357 Y116.324
G1 F1200 X135.36 Y116.308 E188.0256
G1 X135.36 Y115.29 E188.051
G1 X146.24 Y115.291 E188.3224
G1 X146.24 Y116.324 E188.34817
G1 X135.357 Y116.324 E188.61965
G0 F6000 X135.76 Y115.924
G1 F1200 X135.76 Y115.69 E188.62548
G1 X145.84 Y115.691 E188.87693
G1 X145.84 Y115.924 E188.88274
G1 X135.76 Y115.924 E189.13419
G1 F2700 E180.13419
;MESH:wildrosebuilds_puzzlecube.stl(1)
G0 F6000 X134.613 Y95.111
G0 X123.876 Y93.301
G0 X117.84 Y92.436
;TYPE:WALL-OUTER
G1 F2700 E189.13419
G1 F1200 X124.1 Y92.436 E189.29035
G1 X124.1 Y66.248 E189.94361
G1 X117.84 Y72.507 E190.16443
G1 X117.84 Y92.436 E190.66156
G0 F6000 X118.24 Y92.036
;TYPE:WALL-INNER
G1 F1200 X123.7 Y92.036 E190.79776
G1 X123.7 Y67.214 E191.41695
G1 X118.24 Y72.673 E191.60955
G1 X118.24 Y92.036 E192.09256
G0 F6000 X118.64 Y91.636
G1 F1200 X123.3 Y91.636 E192.2088
G1 X123.3 Y68.179 E192.79394
G1 X118.64 Y72.839 E192.95833
G1 X118.64 Y91.636 E193.42723
G0 F6000 X119 Y91.276
;TYPE:SKIN
G1 F1200 X122.94 Y91.276 E193.52551
G1 X122.94 Y69.048 E194.07999
G1 X119 Y72.987 E194.21897
G1 X119 Y91.276 E194.67519
G0 F6000 X119.2 Y90.916
G1 F1200 X119.36 Y91.076 E194.68083
G0 F6000 X119.926 Y91.076
G1 F1200 X119.2 Y90.35 E194.70644
G0 F6000 X119.2 Y89.784
G1 F1200 X120.492 Y91.076 E194.75202
G0 F6000 X121.057 Y91.076
G1 F1200 X119.2 Y89.218 E194.81755
G0 F6000 X119.2 Y88.653
G1 F1200 X121.623 Y91.076 E194.90303
G0 F6000 X122.189 Y91.076
G1 F1200 X119.2 Y88.087 E195.00847
G0 F6000 X119.2 Y87.521
G1 F1200 X122.74 Y91.062 E195.13337
G0 F6000 X122.74 Y90.496
G1 F1200 X119.2 Y86.956 E195.25826
G0 F6000 X119.2 Y86.39
G1 F1200 X122.74 Y89.931 E195.38316
G0 F6000 X122.74 Y89.365
G1 F1200 X119.2 Y85.824 E195.50806
G0 F6000 X119.2 Y85.259
G1 F1200 X122.74 Y88.799 E195.63294
G0 F6000 X122.74 Y88.233
G1 F1200 X119.2 Y84.693 E195.75783
G0 F6000 X119.2 Y84.127
G1 F1200 X122.74 Y87.668 E195.88273
G0 F6000 X122.74 Y87.102
G1 F1200 X119.2 Y83.562 E196.00761
G0 F6000 X119.2 Y82.996
G1 F1200 X122.74 Y86.536 E196.13249
G0 F6000 X122.74 Y85.971
G1 F1200 X119.2 Y82.43 E196.25739
G0 F6000 X119.2 Y81.865
G1 F1200 X122.74 Y85.405 E196.38228
G0 F6000 X122.74 Y84.839
G1 F1200 X119.2 Y81.299 E196.50716
G0 F6000 X119.2 Y80.733
G1 F1200 X122.74 Y84.274 E196.63206
G0 F6000 X122.74 Y83.708
G1 F1200 X119.2 Y80.168 E196.75694
G0 F6000 X119.2 Y79.602
G1 F1200 X122.74 Y83.142 E196.88183
G0 F6000 X122.74 Y82.577
G1 F1200 X119.2 Y79.036 E197.00673
G0 F6000 X119.2 Y78.47
G1 F1200 X122.74 Y82.011 E197.13163
G0 F6000 X122.74 Y81.445
G1 F1200 X119.2 Y77.905 E197.25651
G0 F6000 X119.2 Y77.339
G1 F1200 X122.74 Y80.88 E197.38141
G0 F6000 X122.74 Y80.314
G1 F1200 X119.2 Y76.773 E197.50631
G0 F6000 X119.2 Y76.208
G1 F1200 X122.74 Y79.748 E197.63119
G0 F6000 X122.74 Y79.183
G1 F1200 X119.2 Y75.642 E197.7561
G0 F6000 X119.2 Y75.076
G1 F1200 X122.74 Y78.617 E197.881
G0 F6000 X122.74 Y78.051
G1 F1200 X119.2 Y74.511 E198.00588
G0 F6000 X119.2 Y73.945
G1 F1200 X122.74 Y77.485 E198.13076
G0 F6000 X122.74 Y76.92
G1 F1200 X119.2 Y73.379 E198.25566
G0 F6000 X119.329 Y72.942
G1 F1200 X122.74 Y76.354 E198.37601
G0 F6000 X122.74 Y75.788
G1 F1200 X119.611 Y72.659 E198.4864
G0 F6000 X119.894 Y72.377
G1 F1200 X122.74 Y75.223 E198.5868
G0 F6000 X122.74 Y74.657
G1 F1200 X120.177 Y72.094 E198.67721
G0 F6000 X120.46 Y71.811
G1 F1200 X122.74 Y74.091 E198.75765
G0 F6000 X122.74 Y73.526
G1 F1200 X120.743 Y71.528 E198.82811
G0 F6000 X121.026 Y71.245
G1 F1200 X122.74 Y72.96 E198.8886
G0 F6000 X122.74 Y72.394
G1 F1200 X121.308 Y70.962 E198.93912
G0 F6000 X121.591 Y70.68
G1 F1200 X122.74 Y71.829 E198.97965
G0 F6000 X122.74 Y71.263
G1 F1200 X121.874 Y70.397 E199.0102
G0 F6000 X122.157 Y70.114
G1 F1200 X122.74 Y70.697 E199.03077
G0 F6000 X122.74 Y70.132
G1 F1200 X122.44 Y69.831 E199.04137
G1 F2700 E190.04137
G0 F6000 X122.117 Y69.505
G0 X118.804 Y72.906
G0 X118.07 Y91.427
G0 X116.975 Y91.427
G0 X104.305 Y86.444
G0 X97.5 Y92.022
;TYPE:WALL-OUTER
G1 F2700 E199.04137
G1 F1200 X103.76 Y85.765 E199.26215
G1 X103.76 Y72.676 E199.58866
G1 X97.5 Y72.676 E199.74482
G1 X97.5 Y92.022 E200.2274
G0 F6000 X97.748 Y91.427
G0 X98.171 Y90.422
G0 X97.9 Y91.057
;TYPE:WALL-INNER
G1 F1200 X103.36 Y85.599 E200.41999
G1 X103.36 Y73.076 E200.73237
G1 X97.9 Y73.076 E200.86857
G1 X97.9 Y91.057 E201.31711
G0 F6000 X98.148 Y90.461
G0 X98.3 Y90.091
G1 F1200 X102.96 Y85.433 E201.48147
G1 X102.96 Y73.476 E201.77974
G1 X98.3 Y73.476 E201.89598
G1 X98.3 Y90.091 E202.31045
G0 F6000 X98.66 Y89.218
;TYPE:SKIN
G1 F1200 X102.6 Y85.281 E202.44939
G1 X102.6 Y73.836 E202.73488
G1 X98.66 Y73.836 E202.83317
G1 X98.66 Y89.218 E203.21687
G0 F6000 X99.172 Y88.424
G1 F1200 X98.86 Y88.112 E203.22788
G0 F6000 X98.86 Y87.546
G1 F1200 X99.455 Y88.141 E203.24887
G0 F6000 X99.737 Y87.858
G1 F1200 X98.86 Y86.98 E203.27983
G0 F6000 X98.86 Y86.415
G1 F1200 X100.02 Y87.575 E203.32075
G0 F6000 X100.303 Y87.292
G1 F1200 X98.86 Y85.849 E203.37165
G0 F6000 X98.86 Y85.283
G1 F1200 X100.586 Y87.009 E203.43254
G0 F6000 X100.869 Y86.727
G1 F1200 X98.86 Y84.718 E203.50342
G0 F6000 X98.86 Y84.152
G1 F1200 X101.152 Y86.445 E203.58429
G0 F6000 X101.435 Y86.162
G1 F1200 X98.86 Y83.586 E203.67515
G0 F6000 X98.86 Y83.021
G1 F1200 X101.718 Y85.879 E203.77597
G0 F6000 X102.001 Y85.596
G1 F1200 X98.86 Y82.455 E203.88678
G0 F6000 X98.86 Y81.889
G1 F1200 X102.284 Y85.313 E204.00757
G0 F6000 X102.4 Y84.864
G1 F1200 X98.86 Y81.324 E204.13245
G0 F6000 X98.86 Y80.758
G1 F1200 X102.4 Y84.298 E204.25734
G0 F6000 X102.4 Y83.733
G1 F1200 X98.86 Y80.192 E204.38224
G0 F6000 X98.86 Y79.627
G1 F1200 X102.4 Y83.167 E204.50712
G0 F6000 X102.4 Y82.601
G1 F1200 X98.86 Y79.061 E204.632
G0 F6000 X98.86 Y78.495
G1 F1200 X102.4 Y82.036 E204.7569
G0 F6000 X102.4 Y81.47
G1 F1200 X98.86 Y77.93 E204.88179
G0 F6000 X98.86 Y77.364
G1 F1200 X102.4 Y80.904 E205.00667
G0 F6000 X102.4 Y80.339
G1 F1200 X98.86 Y76.798 E205.13157
G0 F6000 X98.86 Y76.232
G1 F1200 X102.4 Y79.773 E205.25647
G0 F6000 X102.4 Y79.207
G1 F1200 X98.86 Y75.667 E205.38135
G0 F6000 X98.86 Y75.101
G1 F1200 X102.4 Y78.642 E205.50625
G0 F6000 X102.4 Y78.076
G1 F1200 X98.86 Y74.535 E205.63115
G0 F6000 X98.926 Y74.036
G1 F1200 X102.4 Y77.51 E205.75371
G0 F6000 X102.4 Y76.945
G1 F1200 X99.492 Y74.036 E205.85631
G0 F6000 X100.058 Y74.036
G1 F1200 X102.4 Y76.379 E205.93895
G0 F6000 X102.4 Y75.813
G1 F1200 X100.623 Y74.036 E206.00164
G0 F6000 X101.189 Y74.036
G1 F1200 X102.4 Y75.247 E206.04436
G0 F6000 X102.4 Y74.682
G1 F1200 X101.755 Y74.036 E206.06713
G0 F6000 X102.32 Y74.036
G1 F1200 X102.4 Y74.116 E206.06996
G1 F2700 E197.06996
;MESH:wildrosebuilds_puzzlecube.stl
G0 F6000 X102.86 Y74.116
G0 X102.796 Y85.365
G0 X97.717 Y91.501
G0 X98.483 Y92.266
G0 X97.717 Y95.099
G0 X97.5 Y122.146
;TYPE:WALL-OUTER
G1 F2700 E206.06996
G1 F1200 X103.76 Y115.889 E206.29074
G1 X103.76 Y95.964 E206.78777
G1 X97.5 Y95.964 E206.94393
G1 X97.5 Y122.146 E207.59704
G0 F6000 X97.748 Y121.554
G0 X98.171 Y120.549
G0 X97.9 Y121.181
;TYPE:WALL-INNER
G1 F1200 X103.36 Y115.723 E207.78962
G1 X103.36 Y96.364 E208.27254
G1 X97.9 Y96.364 E208.40874
G1 X97.9 Y121.181 E209.0278
G0 F6000 X98.148 Y120.588
G0 X98.3 Y120.215
G1 F1200 X102.96 Y115.557 E209.19216
G1 X102.96 Y96.764 E209.66095
G1 X98.3 Y96.764 E209.77719
G1 X98.3 Y120.215 E210.36218
G0 F6000 X98.66 Y119.342
;TYPE:SKIN
G1 F1200 X102.6 Y115.405 E210.50112
G1 X102.6 Y97.124 E210.95714
G1 X98.66 Y97.124 E211.05543
G1 X98.66 Y119.342 E211.60966
G0 F6000 X98.96 Y118.759
G1 F1200 X98.86 Y118.659 E211.61319
G0 F6000 X99.243 Y118.476
G1 F1200 X98.86 Y118.093 E211.6267
G0 F6000 X98.86 Y117.528
G1 F1200 X99.526 Y118.194 E211.65019
G0 F6000 X99.809 Y117.911
G1 F1200 X98.86 Y116.962 E211.68367
G0 F6000 X98.86 Y116.396
G1 F1200 X100.092 Y117.628 E211.72713
G0 F6000 X100.375 Y117.345
G1 F1200 X98.86 Y115.83 E211.78058
G0 F6000 X98.86 Y115.265
G1 F1200 X100.658 Y117.063 E211.84401
G0 F6000 X100.941 Y116.78
G1 F1200 X98.86 Y114.699 E211.91742
G0 F6000 X98.86 Y114.133
G1 F1200 X101.224 Y116.497 E212.00082
G0 F6000 X101.507 Y116.214
G1 F1200 X98.86 Y113.568 E212.09418
G0 F6000 X98.86 Y113.002
G1 F1200 X101.789 Y115.932 E212.19753
G0 F6000 X102.072 Y115.649
G1 F1200 X98.86 Y112.436 E212.31086
G0 F6000 X98.86 Y111.871
G1 F1200 X102.355 Y115.366 E212.43415
G0 F6000 X102.4 Y114.845
G1 F1200 X98.86 Y111.305 E212.55903
G0 F6000 X98.86 Y110.739
G1 F1200 X102.4 Y114.28 E212.68393
G0 F6000 X102.4 Y113.714
G1 F1200 X98.86 Y110.174 E212.80882
G0 F6000 X98.86 Y109.608
G1 F1200 X102.4 Y113.148 E212.9337
G0 F6000 X102.4 Y112.583
G1 F1200 X98.86 Y109.042 E213.0586
G0 F6000 X98.86 Y108.477
G1 F1200 X102.4 Y112.017 E213.18348
G0 F6000 X102.4 Y111.451
G1 F1200 X98.86 Y107.911 E213.30837
G0 F6000 X98.86 Y107.345
G1 F1200 X102.4 Y110.886 E213.43327
G0 F6000 X102.4 Y110.32
G1 F1200 X98.86 Y106.779 E213.55817
G0 F6000 X98.86 Y106.214
G1 F1200 X102.4 Y109.754 E213.68305
G0 F6000 X102.4 Y109.189
G1 F1200 X98.86 Y105.648 E213.80795
G0 F6000 X98.86 Y105.082
G1 F1200 X102.4 Y108.623 E213.93285
G0 F6000 X102.4 Y108.057
G1 F1200 X98.86 Y104.517 E214.05774
G0 F6000 X98.86 Y103.951
G1 F1200 X102.4 Y107.492 E214.18264
G0 F6000 X102.4 Y106.926
G1 F1200 X98.86 Y103.385 E214.30754
G0 F6000 X98.86 Y102.82
G1 F1200 X102.4 Y106.36 E214.43242
G0 F6000 X102.4 Y105.794
G1 F1200 X98.86 Y102.254 E214.5573
G0 F6000 X98.86 Y101.688
G1 F1200 X102.4 Y105.229 E214.6822
G0 F6000 X102.4 Y104.663
G1 F1200 X98.86 Y101.123 E214.80709
G0 F6000 X98.86 Y100.557
G1 F1200 X102.4 Y104.097 E214.93197
G0 F6000 X102.4 Y103.532
G1 F1200 X98.86 Y99.991 E215.05687
G0 F6000 X98.86 Y99.426
G1 F1200 X102.4 Y102.966 E215.18175
G0 F6000 X102.4 Y102.4
G1 F1200 X98.86 Y98.86 E215.30664
G0 F6000 X98.86 Y98.294
G1 F1200 X102.4 Y101.835 E215.43154
G0 F6000 X102.4 Y101.269
G1 F1200 X98.86 Y97.729 E215.55642
G0 F6000 X99.021 Y97.324
G1 F1200 X102.4 Y100.703 E215.67563
G0 F6000 X102.4 Y100.138
G1 F1200 X99.587 Y97.324 E215.77488
G0 F6000 X100.152 Y97.324
G1 F1200 X102.4 Y99.572 E215.85418
G0 F6000 X102.4 Y99.006
G1 F1200 X100.718 Y97.324 E215.91352
G0 F6000 X101.284 Y97.324
G1 F1200 X102.4 Y98.441 E215.95291
G0 F6000 X102.4 Y97.875
G1 F1200 X101.85 Y97.324 E215.97233
G1 F2700 E206.97233
G0 F6000 X101.85 Y96.864
G0 X102.788 Y96.936
G0 X103.53 Y115.444
G0 X104.625 Y115.444
G0 X116.975 Y115.444
G0 X117.84 Y115.724
;TYPE:WALL-OUTER
G1 F2700 E215.97233
G1 F1200 X124.1 Y115.724 E216.12848
G1 X124.1 Y96.376 E216.61112
G1 X117.84 Y102.635 E216.83194
G1 X117.84 Y115.724 E217.15845
G0 F6000 X118.24 Y115.324
;TYPE:WALL-INNER
G1 F1200 X123.7 Y115.324 E217.29465
G1 X123.7 Y97.342 E217.74321
G1 X118.24 Y102.801 E217.93581
G1 X118.24 Y115.324 E218.2482
G0 F6000 X118.64 Y114.924
G1 F1200 X123.3 Y114.924 E218.36444
G1 X123.3 Y98.307 E218.77896
G1 X118.64 Y102.967 E218.94335
G1 X118.64 Y114.924 E219.24162
G0 F6000 X119 Y114.564
;TYPE:SKIN
G1 F1200 X122.94 Y114.564 E219.3399
G1 X122.94 Y99.176 E219.72376
G1 X119 Y103.115 E219.86273
G1 X119 Y114.564 E220.14833
G0 F6000 X119.2 Y114.109
G1 F1200 X119.455 Y114.364 E220.15733
G0 F6000 X120.021 Y114.364
G1 F1200 X119.2 Y113.543 E220.18629
G0 F6000 X119.2 Y112.977
G1 F1200 X120.586 Y114.364 E220.2352
G0 F6000 X121.152 Y114.364
G1 F1200 X119.2 Y112.412 E220.30406
G0 F6000 X119.2 Y111.846
G1 F1200 X121.718 Y114.364 E220.39289
G0 F6000 X122.284 Y114.364
G1 F1200 X119.2 Y111.28 E220.50169
G0 F6000 X119.2 Y110.715
G1 F1200 X122.74 Y114.255 E220.62657
G0 F6000 X122.74 Y113.689
G1 F1200 X119.2 Y110.149 E220.75146
G0 F6000 X119.2 Y109.583
G1 F1200 X122.74 Y113.124 E220.87636
G0 F6000 X122.74 Y112.558
G1 F1200 X119.2 Y109.017 E221.00126
G0 F6000 X119.2 Y108.452
G1 F1200 X122.74 Y111.992 E221.12614
G0 F6000 X122.74 Y111.427
G1 F1200 X119.2 Y107.886 E221.25104
G0 F6000 X119.2 Y107.32
G1 F1200 X122.74 Y110.861 E221.37594
G0 F6000 X122.74 Y110.295
G1 F1200 X119.2 Y106.755 E221.50082
G0 F6000 X119.2 Y106.189
G1 F1200 X122.74 Y109.73 E221.62572
G0 F6000 X122.74 Y109.164
G1 F1200 X119.2 Y105.623 E221.75063
G0 F6000 X119.2 Y105.058
G1 F1200 X122.74 Y108.598 E221.87551
G0 F6000 X122.74 Y108.032
G1 F1200 X119.2 Y104.492 E222.00039
G0 F6000 X119.2 Y103.926
G1 F1200 X122.74 Y107.467 E222.12529
G0 F6000 X122.74 Y106.901
G1 F1200 X119.2 Y103.361 E222.25018
G0 F6000 X119.402 Y102.997
G1 F1200 X122.74 Y106.335 E222.36793
G0 F6000 X122.74 Y105.77
G1 F1200 X119.685 Y102.714 E222.47572
G0 F6000 X119.968 Y102.431
G1 F1200 X122.74 Y105.204 E222.57353
G0 F6000 X122.74 Y104.638
G1 F1200 X120.251 Y102.149 E222.66134
G0 F6000 X120.533 Y101.866
G1 F1200 X122.74 Y104.073 E222.7392
G0 F6000 X122.74 Y103.507
G1 F1200 X120.816 Y101.583 E222.80707
G0 F6000 X121.099 Y101.3
G1 F1200 X122.74 Y102.941 E222.86496
G0 F6000 X122.74 Y102.376
G1 F1200 X121.382 Y101.017 E222.91288
G0 F6000 X121.665 Y100.734
G1 F1200 X122.74 Y101.81 E222.95083
G0 F6000 X122.74 Y101.244
G1 F1200 X121.948 Y100.452 E222.97877
G0 F6000 X122.23 Y100.169
G1 F1200 X122.74 Y100.679 E222.99676
G0 F6000 X122.74 Y100.113
G1 F1200 X122.513 Y99.886 E223.00477
G1 F2700 E214.00477
;MESH:wildrosebuilds_puzzlecube.stl(2)
G0 F6000 X122.19 Y99.56
G0 X123.115 Y98.754
G0 X123.876 Y115.5
G0 X124.965 Y115.5
G0 X126.635 Y115.5
G0 X127.5 Y122.146
;TYPE:WALL-OUTER
G1 F2700 E223.00477
G1 F1200 X133.76 Y115.889 E223.22555
G1 X133.76 Y95.964 E223.72258
G1 X127.5 Y95.964 E223.87874
G1 X127.5 Y122.146 E224.53185
G0 F6000 X127.748 Y121.554
G0 X128.171 Y120.549
G0 X127.9 Y121.181
;TYPE:WALL-INNER
G1 F1200 X133.36 Y115.723 E224.72443
G1 X133.36 Y96.364 E225.20734
G1 X127.9 Y96.364 E225.34354
G1 X127.9 Y121.181 E225.96261
G0 F6000 X128.148 Y120.588
G0 X128.3 Y120.215
G1 F1200 X132.96 Y115.557 E226.12697
G1 X132.96 Y96.764 E226.59576
G1 X128.3 Y96.764 E226.712
G1 X128.3 Y120.215 E227.29699
G0 F6000 X128.66 Y119.342
;TYPE:SKIN
G1 F1200 X132.6 Y115.405 E227.43593
G1 X132.6 Y97.124 E227.89195
G1 X128.66 Y97.124 E227.99024
G1 X128.66 Y119.342 E228.54447
G0 F6000 X128.951 Y118.768
G1 F1200 X128.86 Y118.677 E228.54768
G0 F6000 X129.234 Y118.486
G1 F1200 X128.86 Y118.112 E228.56087
G0 F6000 X128.86 Y117.546
G1 F1200 X129.517 Y118.203 E228.58405
G0 F6000 X129.799 Y117.92
G1 F1200 X128.86 Y116.98 E228.61719
G0 F6000 X128.86 Y116.415
G1 F1200 X130.082 Y117.637 E228.6603
G0 F6000 X130.365 Y117.354
G1 F1200 X128.86 Y115.849 E228.71339
G0 F6000 X128.86 Y115.283
G1 F1200 X130.649 Y117.072 E228.77651
G0 F6000 X130.931 Y116.789
G1 F1200 X128.86 Y114.717 E228.84958
G0 F6000 X128.86 Y114.152
G1 F1200 X131.214 Y116.506 E228.93263
G0 F6000 X131.497 Y116.224
G1 F1200 X128.86 Y113.586 E229.02567
G0 F6000 X128.86 Y113.02
G1 F1200 X131.78 Y115.941 E229.1287
G0 F6000 X132.063 Y115.658
G1 F1200 X128.86 Y112.455 E229.2417
G0 F6000 X128.86 Y111.889
G1 F1200 X132.346 Y115.375 E229.36467
G0 F6000 X132.4 Y114.864
G1 F1200 X128.86 Y111.323 E229.48957
G0 F6000 X128.86 Y110.758
G1 F1200 X132.4 Y114.298 E229.61446
G0 F6000 X132.4 Y113.732
G1 F1200 X128.86 Y110.192 E229.73934
G0 F6000 X128.86 Y109.626
G1 F1200 X132.4 Y113.167 E229.86424
G0 F6000 X132.4 Y112.601
G1 F1200 X128.86 Y109.061 E229.98912
G0 F6000 X128.86 Y108.495
G1 F1200 X132.4 Y112.035 E230.11401
G0 F6000 X132.4 Y111.47
G1 F1200 X128.86 Y107.929 E230.23891
G0 F6000 X128.86 Y107.364
G1 F1200 X132.4 Y110.904 E230.36379
G0 F6000 X132.4 Y110.338
G1 F1200 X128.86 Y106.798 E230.48867
G0 F6000 X128.86 Y106.232
G1 F1200 X132.4 Y109.773 E230.61358
G0 F6000 X132.4 Y109.207
G1 F1200 X128.86 Y105.667 E230.73846
G0 F6000 X128.86 Y105.101
G1 F1200 X132.4 Y108.641 E230.86334
G0 F6000 X132.4 Y108.076
G1 F1200 X128.86 Y104.535 E230.98824
G0 F6000 X128.86 Y103.969
G1 F1200 X132.4 Y107.51 E231.11314
G0 F6000 X132.4 Y106.944
G1 F1200 X128.86 Y103.404 E231.23803
G0 F6000 X128.86 Y102.838
G1 F1200 X132.4 Y106.379 E231.36293
G0 F6000 X132.4 Y105.813
G1 F1200 X128.86 Y102.272 E231.48783
G0 F6000 X128.86 Y101.707
G1 F1200 X132.4 Y105.247 E231.61271
G0 F6000 X132.4 Y104.682
G1 F1200 X128.86 Y101.141 E231.73761
G0 F6000 X128.86 Y100.575
G1 F1200 X132.4 Y104.116 E231.86251
G0 F6000 X132.4 Y103.55
G1 F1200 X128.86 Y100.01 E231.98739
G0 F6000 X128.86 Y99.444
G1 F1200 X132.4 Y102.984 E232.11228
G0 F6000 X132.4 Y102.419
G1 F1200 X128.86 Y98.878 E232.23718
G0 F6000 X128.86 Y98.313
G1 F1200 X132.4 Y101.853 E232.36206
G0 F6000 X132.4 Y101.287
G1 F1200 X128.86 Y97.747 E232.48694
G0 F6000 X129.002 Y97.324
G1 F1200 X132.4 Y100.722 E232.60682
G0 F6000 X132.4 Y100.156
G1 F1200 X129.568 Y97.324 E232.70672
G0 F6000 X130.134 Y97.324
G1 F1200 X132.4 Y99.59 E232.78666
G0 F6000 X132.4 Y99.025
G1 F1200 X130.699 Y97.324 E232.84667
G0 F6000 X131.265 Y97.324
G1 F1200 X132.4 Y98.459 E232.88671
G0 F6000 X132.4 Y97.893
G1 F1200 X131.831 Y97.324 E232.90678
G1 F2700 E223.90678
G0 F6000 X131.831 Y96.864
G0 X132.788 Y96.936
G0 X133.53 Y115.444
G0 X134.625 Y115.444
G0 X146.975 Y115.444
G0 X147.84 Y115.724
;TYPE:WALL-OUTER
G1 F2700 E232.90678
G1 F1200 X154.1 Y115.724 E233.06294
G1 X154.1 Y96.376 E233.54558
G1 X147.84 Y102.635 E233.7664
G1 X147.84 Y115.724 E234.09291
G0 F6000 X148.24 Y115.324
;TYPE:WALL-INNER
G1 F1200 X153.7 Y115.324 E234.22911
G1 X153.7 Y97.342 E234.67767
G1 X148.24 Y102.801 E234.87027
G1 X148.24 Y115.324 E235.18266
G0 F6000 X148.64 Y114.924
G1 F1200 X153.3 Y114.924 E235.2989
G1 X153.3 Y98.307 E235.71341
G1 X148.64 Y102.967 E235.87781
G1 X148.64 Y114.924 E236.17607
G0 F6000 X149 Y114.564
;TYPE:SKIN
G1 F1200 X152.94 Y114.564 E236.27436
G1 X152.94 Y99.176 E236.65821
G1 X149 Y103.115 E236.79719
G1 X149 Y114.564 E237.08279
G0 F6000 X149.436 Y114.364
G1 F1200 X149.2 Y114.127 E237.09113
G0 F6000 X149.2 Y113.561
G1 F1200 X150.002 Y114.364 E237.11944
G0 F6000 X150.568 Y114.364
G1 F1200 X149.2 Y112.996 E237.1677
G0 F6000 X149.2 Y112.43
G1 F1200 X151.133 Y114.364 E237.23591
G0 F6000 X151.699 Y114.364
G1 F1200 X149.2 Y111.864 E237.32409
G0 F6000 X149.2 Y111.299
G1 F1200 X152.265 Y114.364 E237.43221
G0 F6000 X152.74 Y114.273
G1 F1200 X149.2 Y110.733 E237.5571
G0 F6000 X149.2 Y110.167
G1 F1200 X152.74 Y113.708 E237.682
G0 F6000 X152.74 Y113.142
G1 F1200 X149.2 Y109.602 E237.80688
G0 F6000 X149.2 Y109.036
G1 F1200 X152.74 Y112.576 E237.93176
G0 F6000 X152.74 Y112.011
G1 F1200 X149.2 Y108.47 E238.05666
G0 F6000 X149.2 Y107.904
G1 F1200 X152.74 Y111.445 E238.18156
G0 F6000 X152.74 Y110.879
G1 F1200 X149.2 Y107.339 E238.30645
G0 F6000 X149.2 Y106.773
G1 F1200 X152.74 Y110.314 E238.43135
G0 F6000 X152.74 Y109.748
G1 F1200 X149.2 Y106.207 E238.55625
G0 F6000 X149.2 Y105.642
G1 F1200 X152.74 Y109.182 E238.68113
G0 F6000 X152.74 Y108.617
G1 F1200 X149.2 Y105.076 E238.80603
G0 F6000 X149.2 Y104.51
G1 F1200 X152.74 Y108.051 E238.93093
G0 F6000 X152.74 Y107.485
G1 F1200 X149.2 Y103.945 E239.05582
G0 F6000 X149.2 Y103.379
G1 F1200 X152.74 Y106.919 E239.1807
G0 F6000 X152.74 Y106.354
G1 F1200 X149.393 Y103.006 E239.29879
G0 F6000 X149.675 Y102.724
G1 F1200 X152.74 Y105.788 E239.4069
G0 F6000 X152.74 Y105.222
M104 S215
G1 F1200 X149.958 Y102.441 E239.50502
G0 F6000 X150.241 Y102.158
G1 F1200 X152.74 Y104.657 E239.59318
G0 F6000 X152.74 Y104.091
G1 F1200 X150.524 Y101.875 E239.67136
G0 F6000 X150.807 Y101.592
G1 F1200 X152.74 Y103.525 E239.73955
G0 F6000 X152.74 Y102.96
G1 F1200 X151.09 Y101.309 E239.79778
G0 F6000 X151.372 Y101.026
G1 F1200 X152.74 Y102.394 E239.84604
G0 F6000 X152.74 Y101.828
G1 F1200 X151.655 Y100.744 E239.88429
G0 F6000 X151.938 Y100.461
G1 F1200 X152.74 Y101.263 E239.91259
G0 F6000 X152.74 Y100.697
G1 F1200 X152.221 Y100.178 E239.9309
G0 F6000 X152.504 Y99.895
G1 F1200 X152.74 Y100.131 E239.93922
G1 F2700 E230.93922
;MESH:NONMESH
G0 F300 X152.74 Y100.131 Z0.45
G0 F6000 X153.2 Y100.131
G0 X153.115 Y98.754
G0 X148.068 Y102.728
G0 X147.295 Y101.956
G0 X124.956 Y88.761
G0 X124.953 Y93.289
G0 X116.987 Y93.289
G0 X106.68 Y71.676
;TIME_ELAPSED:537.608437
;LAYER:1
M140 S60
M106 S85
;TYPE:SUPPORT
G1 F2700 E239.93922
G1 F1350 X106.68 Y73.509 E240.03067
G1 X105.16 Y73.509 E240.1065
G1 X105.16 Y73.415 E240.11119
G1 X104.96 Y73.358 E240.12157
G1 X104.96 Y71.676 E240.20548
G1 X109.347 Y71.676 E240.42435
G1 X109.347 Y73.509 E240.5158
G1 X112.014 Y73.509 E240.64886
G1 X112.014 Y71.676 E240.74031
G1 X116.712 Y71.676 E240.97469
G1 X116.789 Y71.861 E240.98469
G1 X116.64 Y72.009 E240.99517
G1 X116.64 Y73.345 E241.06182
G1 X116.44 Y73.411 E241.07233
G1 X116.44 Y73.51 E241.07727
G1 X114.681 Y73.509 E241.16502
G1 X114.681 Y71.676 E241.25647
G1 F2700 E232.25647
G0 F7500 X114.681 Y70.811
G0 X124.146 Y64.988
G0 X124.958 Y65.324
G0 X124.953 Y93.289
G0 X118.501 Y93.289
G0 X114.681 Y114.025
G0 X114.681 Y114.891
G1 F2700 E241.25647
G1 F1350 X114.681 Y116.724 E241.34792
G1 X116.64 Y116.724 E241.44566
G1 X116.64 Y115.042 E241.52957
G1 X116.44 Y114.985 E241.53995
G1 X116.44 Y114.891 E241.54464
G1 X112.014 Y114.891 E241.76545
G1 X112.014 Y116.724 E241.8569
G1 X109.347 Y116.724 E241.98996
G1 X109.347 Y114.891 E242.0814
G1 X105.16 Y114.89 E242.29029
G1 X105.16 Y114.989 E242.29523
G1 X104.96 Y115.055 E242.30574
G1 X104.96 Y116.391 E242.37239
G1 X104.811 Y116.539 E242.38287
G1 X104.888 Y116.724 E242.39287
G1 X106.68 Y116.724 E242.48227
G1 X106.68 Y114.891 E242.57372
G1 F2700 E233.57372
G0 F7500 X106.68 Y114.025
G0 X116.979 Y102.277
G0 X123.724 Y95.532
G0 X124.953 Y95.536
G0 X126.642 Y123.076
G0 X127.454 Y123.412
G0 X136.017 Y117.589
G0 X136.017 Y116.724
G1 F2700 E242.57372
G1 F1350 X136.017 Y114.891 E242.66517
G1 X135.16 Y114.89 E242.70793
G1 X135.16 Y114.989 E242.71286
G1 X134.96 Y115.055 E242.72337
G1 X134.96 Y116.391 E242.79003
G1 X134.811 Y116.539 E242.8005
G1 X134.888 Y116.724 E242.8105
G1 X138.684 Y116.724 E242.99988
G1 X138.684 Y114.891 E243.09133
G1 X141.351 Y114.891 E243.22439
G1 X141.351 Y116.724 E243.31584
G1 X146.64 Y116.724 E243.57971
G1 X146.64 Y115.042 E243.66362
G1 X146.44 Y114.985 E243.674
G1 X146.44 Y114.891 E243.67869
G1 X144.018 Y114.891 E243.79952
G1 X144.018 Y116.724 E243.89097
G1 F2700 E234.89097
;MESH:wildrosebuilds_puzzlecube.stl(1)
G0 F7500 X144.018 Y117.589
G0 X147.493 Y117.577
G0 X154.953 Y116.577
G0 X154.953 Y95.536
G0 X123.876 Y93.301
G0 X117.84 Y92.436
;TYPE:WALL-OUTER
G1 F2700 E243.89097
G1 F1350 X124.1 Y92.436 E244.20328
G1 X124.1 Y66.248 E245.50981
G1 X117.84 Y72.507 E245.95145
G1 X117.84 Y92.436 E246.94571
G0 F7500 X118.24 Y92.036
;TYPE:WALL-INNER
G1 F1350 X123.7 Y92.036 E247.21811
G1 X123.7 Y67.214 E248.45649
G1 X118.24 Y72.673 E248.84168
G1 X118.24 Y92.036 E249.80771
G0 F7500 X118.64 Y91.636
G1 F1350 X123.3 Y91.636 E250.0402
G1 X123.3 Y68.179 E251.21047
G1 X118.64 Y72.839 E251.53926
G1 X118.64 Y91.636 E252.47704
G0 F7500 X119 Y91.276
;TYPE:SKIN
G1 F1350 X122.94 Y91.276 E252.67361
G1 X122.94 Y69.048 E253.78257
G1 X119 Y72.987 E254.06052
G1 X119 Y91.276 E254.97297
G0 F7500 X118.74 Y91.276
G0 X123.128 Y91.464
G0 X123.2 Y90.524
G0 X122.74 Y90.524
G1 F1350 X122.187 Y91.076 E255.01195
G0 F7500 X121.622 Y91.076
G1 F1350 X122.74 Y89.958 E255.09083
G0 F7500 X122.74 Y89.392
G1 F1350 X121.056 Y91.076 E255.20964
G0 F7500 X120.49 Y91.076
G1 F1350 X122.74 Y88.827 E255.36836
G0 F7500 X122.74 Y88.261
G1 F1350 X119.925 Y91.076 E255.56697
G0 F7500 X119.359 Y91.076
G1 F1350 X122.74 Y87.695 E255.80552
G0 F7500 X122.74 Y87.13
G1 F1350 X119.201 Y90.669 E256.05522
G0 F7500 X119.201 Y90.103
G1 F1350 X122.74 Y86.564 E256.30491
G0 F7500 X122.74 Y85.998
G1 F1350 X119.201 Y89.537 E256.55461
G0 F7500 X119.201 Y88.972
G1 F1350 X122.74 Y85.433 E256.8043
G0 F7500 X122.74 Y84.867
G1 F1350 X119.201 Y88.406 E257.054
G0 F7500 X119.201 Y87.84
G1 F1350 X122.74 Y84.301 E257.30369
G0 F7500 X122.74 Y83.736
G1 F1350 X119.201 Y87.275 E257.55339
G0 F7500 X119.201 Y86.709
G1 F1350 X122.74 Y83.17 E257.80308
G0 F7500 X122.74 Y82.604
G1 F1350 X119.201 Y86.143 E258.05278
G0 F7500 X119.201 Y85.578
G1 F1350 X122.74 Y82.039 E258.30248
G0 F7500 X122.74 Y81.473
G1 F1350 X119.201 Y85.012 E258.55217
G0 F7500 X119.201 Y84.446
G1 F1350 X122.74 Y80.907 E258.80187
G0 F7500 X122.74 Y80.341
G1 F1350 X119.201 Y83.881 E259.0516
G0 F7500 X119.201 Y83.315
G1 F1350 X122.74 Y79.776 E259.30129
G0 F7500 X122.74 Y79.21
G1 F1350 X119.201 Y82.749 E259.55099
G0 F7500 X119.201 Y82.183
G1 F1350 X122.74 Y78.644 E259.80068
G0 F7500 X122.74 Y78.079
G1 F1350 X119.201 Y81.618 E260.05038
G0 F7500 X119.201 Y81.052
G1 F1350 X122.74 Y77.513 E260.30008
G0 F7500 X122.74 Y76.947
G1 F1350 X119.201 Y80.486 E260.54977
G0 F7500 X119.201 Y79.921
G1 F1350 X122.74 Y76.382 E260.79947
G0 F7500 X122.74 Y75.816
G1 F1350 X119.201 Y79.355 E261.04916
G0 F7500 X119.201 Y78.789
G1 F1350 X122.74 Y75.25 E261.29886
G0 F7500 X122.74 Y74.685
G1 F1350 X119.201 Y78.224 E261.54855
G0 F7500 X119.201 Y77.658
G1 F1350 X122.74 Y74.119 E261.79825
G0 F7500 X122.74 Y73.553
G1 F1350 X119.201 Y77.092 E262.04794
G0 F7500 X119.201 Y76.527
G1 F1350 X122.74 Y72.988 E262.29764
G0 F7500 X122.74 Y72.422
G1 F1350 X119.201 Y75.961 E262.54734
G0 F7500 X119.201 Y75.395
G1 F1350 X122.74 Y71.856 E262.79703
G0 F7500 X122.74 Y71.291
G1 F1350 X119.201 Y74.83 E263.04673
G0 F7500 X119.201 Y74.264
G1 F1350 X122.74 Y70.725 E263.29642
G0 F7500 X122.74 Y70.159
G1 F1350 X119.201 Y73.698 E263.54612
G0 F7500 X119.201 Y73.133
G1 F1350 X122.74 Y69.593 E263.79585
G1 F2700 E254.79585
G0 F7500 X123.2 Y69.593
G0 X123.115 Y68.626
G0 X118.804 Y72.906
G0 X118.07 Y91.427
G0 X116.975 Y91.427
G0 X104.305 Y86.444
G0 X97.5 Y92.024
;TYPE:WALL-OUTER
G1 F2700 E263.79585
G1 F1500 X98.016 Y91.508 E263.83226
G1 F1350 X103.76 Y85.765 E264.23749
G1 X103.76 Y72.676 E264.8905
G1 X97.5 Y72.676 E265.20282
G1 X97.5 Y91.509 E266.1424
G1 F1500 X97.5 Y92.024 E266.16809
G0 F7500 X97.748 Y91.427
G0 X98.171 Y90.422
G0 X97.9 Y91.059
;TYPE:WALL-INNER
G1 F1350 X103.36 Y85.599 E266.55332
G1 X103.36 Y73.076 E267.1781
G1 X97.9 Y73.076 E267.4505
G1 X97.9 Y91.059 E268.34768
G0 F7500 X98.148 Y90.461
G0 X98.3 Y90.093
G1 F1350 X102.96 Y85.433 E268.67646
G1 X102.96 Y73.476 E269.273
G1 X98.3 Y73.476 E269.50549
G1 X98.3 Y90.093 E270.33451
G0 F7500 X98.66 Y89.218
;TYPE:SKIN
G1 F1350 X102.6 Y85.281 E270.6124
G1 X102.6 Y73.836 E271.18339
G1 X98.66 Y73.836 E271.37996
G1 X98.66 Y89.218 E272.14737
G0 F7500 X98.4 Y89.218
G0 X98.485 Y89.646
G0 X102.796 Y85.366
G0 X102.86 Y84.842
G0 X102.4 Y84.842
G1 F1350 X98.86 Y88.382 E272.39713
G0 F7500 X98.86 Y87.816
G1 F1350 X102.4 Y84.277 E272.64687
G0 F7500 X102.4 Y83.711
G1 F1350 X98.86 Y87.251 E272.89663
G0 F7500 X98.86 Y86.685
G1 F1350 X102.4 Y83.145 E273.1464
G0 F7500 X102.4 Y82.579
G1 F1350 X98.86 Y86.119 E273.39616
G0 F7500 X98.86 Y85.554
G1 F1350 X102.4 Y82.014 E273.64593
G0 F7500 X102.4 Y81.448
G1 F1350 X98.86 Y84.988 E273.8957
G0 F7500 X98.86 Y84.422
G1 F1350 X102.4 Y80.882 E274.14546
G0 F7500 X102.4 Y80.317
G1 F1350 X98.86 Y83.857 E274.39523
G0 F7500 X98.86 Y83.291
G1 F1350 X102.4 Y79.751 E274.64499
G0 F7500 X102.4 Y79.185
G1 F1350 X98.86 Y82.725 E274.89476
G0 F7500 X98.86 Y82.159
G1 F1350 X102.4 Y78.62 E275.14449
G0 F7500 X102.4 Y78.054
G1 F1350 X98.86 Y81.594 E275.39426
G0 F7500 X98.86 Y81.028
G1 F1350 X102.4 Y77.488 E275.64402
G0 F7500 X102.4 Y76.923
G1 F1350 X98.86 Y80.462 E275.89375
G0 F7500 X98.86 Y79.897
G1 F1350 X102.4 Y76.357 E276.14352
G0 F7500 X102.4 Y75.791
G1 F1350 X98.86 Y79.331 E276.39329
G0 F7500 X98.86 Y78.765
G1 F1350 X102.4 Y75.226 E276.64302
G0 F7500 X102.4 Y74.66
G1 F1350 X98.86 Y78.2 E276.89278
G0 F7500 X98.86 Y77.634
G1 F1350 X102.4 Y74.094 E277.14255
G0 F7500 X101.892 Y74.036
G1 F1350 X98.86 Y77.068 E277.35647
G0 F7500 X98.86 Y76.503
G1 F1350 X101.326 Y74.036 E277.5305
G0 F7500 X100.761 Y74.036
G1 F1350 X98.86 Y75.937 E277.66462
G0 F7500 X98.86 Y75.371
G1 F1350 X100.195 Y74.036 E277.75882
G0 F7500 X99.629 Y74.036
G1 F1350 X98.86 Y74.806 E277.81311
G0 F7500 X98.86 Y74.24
G1 F1350 X99.064 Y74.036 E277.8275
G1 F2700 E268.8275
;MESH:wildrosebuilds_puzzlecube.stl
G0 F7500 X99.064 Y73.576
G0 X98.472 Y73.648
G0 X97.717 Y91.501
G0 X98.483 Y92.266
G0 X97.717 Y95.099
G0 X97.5 Y122.146
;TYPE:WALL-OUTER
G1 F2700 E277.8275
G1 F1350 X103.76 Y115.889 E278.26907
G1 X103.76 Y95.964 E279.26313
G1 X97.5 Y95.964 E279.57545
G1 X97.5 Y122.146 E280.88167
G0 F7500 X97.748 Y121.554
G0 X98.171 Y120.549
G0 X97.9 Y121.181
;TYPE:WALL-INNER
G1 F1350 X103.36 Y115.723 E281.26683
G1 X103.36 Y96.364 E282.23266
G1 X97.9 Y96.364 E282.50506
G1 X97.9 Y121.181 E283.74318
G0 F7500 X98.148 Y120.588
G0 X98.3 Y120.215
G1 F1350 X102.96 Y115.557 E284.0719
G1 X102.96 Y96.764 E285.00949
G1 X98.3 Y96.764 E285.24198
G1 X98.3 Y120.215 E286.41195
G0 F7500 X98.66 Y119.342
;TYPE:SKIN
G1 F1350 X102.6 Y115.405 E286.68984
G1 X102.6 Y97.124 E287.60188
G1 X98.66 Y97.124 E287.79845
G1 X98.66 Y119.342 E288.90691
G0 F7500 X98.4 Y119.342
G0 X98.485 Y119.769
G0 X102.796 Y115.489
G0 X102.86 Y114.824
G0 X102.4 Y114.824
G1 F1350 X98.86 Y118.363 E289.15664
G0 F7500 X98.86 Y117.798
G1 F1350 X102.4 Y114.258 E289.4064
G0 F7500 X102.4 Y113.692
G1 F1350 X98.86 Y117.232 E289.65617
G0 F7500 X98.86 Y116.666
G1 F1350 X102.4 Y113.126 E289.90593
G0 F7500 X102.4 Y112.561
G1 F1350 X98.86 Y116.101 E290.1557
G0 F7500 X98.86 Y115.535
G1 F1350 X102.4 Y111.995 E290.40547
G0 F7500 X102.4 Y111.429
G1 F1350 X98.86 Y114.969 E290.65523
G0 F7500 X98.86 Y114.404
G1 F1350 X102.4 Y110.864 E290.905
G0 F7500 X102.4 Y110.298
G1 F1350 X98.86 Y113.838 E291.15477
G0 F7500 X98.86 Y113.272
G1 F1350 X102.4 Y109.732 E291.40453
G0 F7500 X102.4 Y109.167
G1 F1350 X98.86 Y112.706 E291.65426
G0 F7500 X98.86 Y112.141
G1 F1350 X102.4 Y108.601 E291.90403
G0 F7500 X102.4 Y108.035
G1 F1350 X98.86 Y111.575 E292.15379
G0 F7500 X98.86 Y111.009
G1 F1350 X102.4 Y107.47 E292.40353
G0 F7500 X102.4 Y106.904
G1 F1350 X98.86 Y110.444 E292.65329
G0 F7500 X98.86 Y109.878
G1 F1350 X102.4 Y106.338 E292.90306
G0 F7500 X102.4 Y105.773
G1 F1350 X98.86 Y109.312 E293.15279
G0 F7500 X98.86 Y108.747
G1 F1350 X102.4 Y105.207 E293.40255
G0 F7500 X102.4 Y104.641
G1 F1350 X98.86 Y108.181 E293.65232
G0 F7500 X98.86 Y107.615
G1 F1350 X102.4 Y104.076 E293.90205
G0 F7500 X102.4 Y103.51
G1 F1350 X98.86 Y107.05 E294.15182
G0 F7500 X98.86 Y106.484
G1 F1350 X102.4 Y102.944 E294.40158
G0 F7500 X102.4 Y102.378
G1 F1350 X98.86 Y105.918 E294.65135
G0 F7500 X98.86 Y105.353
G1 F1350 X102.4 Y101.813 E294.90112
G0 F7500 X102.4 Y101.247
G1 F1350 X98.86 Y104.787 E295.15088
G0 F7500 X98.86 Y104.221
G1 F1350 X102.4 Y100.681 E295.40065
G0 F7500 X102.4 Y100.116
G1 F1350 X98.86 Y103.655 E295.65038
G0 F7500 X98.86 Y103.09
G1 F1350 X102.4 Y99.55 E295.90015
G0 F7500 X102.4 Y98.984
G1 F1350 X98.86 Y102.524 E296.14991
G0 F7500 X98.86 Y101.958
G1 F1350 X102.4 Y98.419 E296.39964
G0 F7500 X102.4 Y97.853
G1 F1350 X98.86 Y101.393 E296.64941
G0 F7500 X98.86 Y100.827
G1 F1350 X102.363 Y97.324 E296.89656
G0 F7500 X101.797 Y97.324
G1 F1350 X98.86 Y100.261 E297.10379
G0 F7500 X98.86 Y99.696
G1 F1350 X101.232 Y97.324 E297.27114
G0 F7500 X100.666 Y97.324
G1 F1350 X98.86 Y99.13 E297.39857
G0 F7500 X98.86 Y98.564
G1 F1350 X100.1 Y97.324 E297.48605
G0 F7500 X99.534 Y97.324
G1 F1350 X98.86 Y97.999 E297.53364
G0 F7500 X98.86 Y97.433
G1 F1350 X98.969 Y97.324 E297.54133
G1 F2700 E288.54133
G0 F7500 X98.969 Y96.864
G0 X102.788 Y96.936
G0 X103.53 Y115.444
G0 X104.017 Y116.835
G0 X104.314 Y117.582
G0 X117.493 Y117.577
G0 X118.07 Y116.589
G0 X117.84 Y115.724
;TYPE:WALL-OUTER
G1 F2700 E297.54133
G1 F1350 X124.1 Y115.724 E297.85365
G1 X124.1 Y96.891 E298.79323
G1 F1500 X124.1 Y96.376 E298.81892
G1 X123.584 Y96.892 E298.85533
G1 F1350 X117.84 Y102.635 E299.26056
G1 X117.84 Y115.724 E299.91358
G0 F7500 X118.24 Y115.324
;TYPE:WALL-INNER
G1 F1350 X123.7 Y115.324 E300.18598
G1 X123.7 Y97.341 E301.08315
G1 X118.24 Y102.801 E301.46839
G1 X118.24 Y115.324 E302.09316
G0 F7500 X118.64 Y114.924
G1 F1350 X123.3 Y114.924 E302.32565
G1 X123.3 Y98.307 E303.15467
G1 X118.64 Y102.967 E303.48346
G1 X118.64 Y114.924 E304.08
G0 F7500 X119 Y114.564
;TYPE:SKIN
G1 F1350 X122.94 Y114.564 E304.27657
G1 X122.94 Y99.176 E305.04428
G1 X119 Y103.115 E305.32223
G1 X119 Y114.564 E305.89342
G0 F7500 X118.74 Y114.564
G0 X122.658 Y114.824
G0 X122.658 Y114.364
G1 F1350 X122.74 Y114.282 E305.89921
G0 F7500 X122.74 Y113.716
G1 F1350 X122.093 Y114.364 E305.94489
G0 F7500 X121.527 Y114.364
G1 F1350 X122.74 Y113.151 E306.03048
G0 F7500 X122.74 Y112.585
G1 F1350 X120.961 Y114.364 E306.156
G0 F7500 X120.396 Y114.364
G1 F1350 X122.74 Y112.019 E306.32141
G0 F7500 X122.74 Y111.453
G1 F1350 X119.83 Y114.364 E306.52676
G0 F7500 X119.264 Y114.364
G1 F1350 X122.74 Y110.888 E306.77201
G0 F7500 X122.74 Y110.322
G1 F1350 X119.201 Y113.862 E307.02175
G0 F7500 X119.201 Y113.296
G1 F1350 X122.74 Y109.756 E307.27148
G0 F7500 X122.74 Y109.191
G1 F1350 X119.201 Y112.73 E307.52117
G0 F7500 X119.201 Y112.165
G1 F1350 X122.74 Y108.625 E307.7709
G0 F7500 X122.74 Y108.059
G1 F1350 X119.201 Y111.599 E308.02063
G0 F7500 X119.201 Y111.033
G1 F1350 X122.74 Y107.494 E308.27033
G0 F7500 X122.74 Y106.928
G1 F1350 X119.201 Y110.468 E308.52006
G0 F7500 X119.201 Y109.902
G1 F1350 X122.74 Y106.362 E308.76979
G0 F7500 X122.74 Y105.797
G1 F1350 X119.201 Y109.336 E309.01949
G0 F7500 X119.201 Y108.771
G1 F1350 X122.74 Y105.231 E309.26922
G0 F7500 X122.74 Y104.665
G1 F1350 X119.201 Y108.205 E309.51895
G0 F7500 X119.201 Y107.639
G1 F1350 X122.74 Y104.1 E309.76864
G0 F7500 X122.74 Y103.534
G1 F1350 X119.201 Y107.074 E310.01837
G0 F7500 X119.201 Y106.508
G1 F1350 X122.74 Y102.968 E310.26811
G0 F7500 X122.74 Y102.402
G1 F1350 X119.201 Y105.942 E310.51784
G0 F7500 X119.201 Y105.377
G1 F1350 X122.74 Y101.837 E310.76757
G0 F7500 X122.74 Y101.271
G1 F1350 X119.201 Y104.811 E311.0173
G0 F7500 X119.201 Y104.245
G1 F1350 X122.74 Y100.705 E311.26703
G0 F7500 X122.74 Y100.14
G1 F1350 X119.201 Y103.68 E311.51676
G1 F2700 E302.51676
;MESH:wildrosebuilds_puzzlecube.stl(2)
G0 F7500 X118.74 Y103.68
G0 X118.812 Y114.752
G0 X123.876 Y115.5
G0 X124.965 Y115.5
G0 X126.635 Y115.5
G0 X127.5 Y122.146
;TYPE:WALL-OUTER
G1 F2700 E311.51676
G1 F1350 X133.76 Y115.889 E311.95833
G1 X133.76 Y95.964 E312.95239
G1 X127.5 Y95.964 E313.26471
G1 X127.5 Y122.146 E314.57093
G0 F7500 X127.748 Y121.554
G0 X128.171 Y120.549
G0 X127.9 Y121.181
;TYPE:WALL-INNER
G1 F1350 X133.36 Y115.723 E314.95609
G1 X133.36 Y96.364 E315.92192
G1 X127.9 Y96.364 E316.19432
G1 X127.9 Y121.181 E317.43244
G0 F7500 X128.148 Y120.588
G0 X128.3 Y120.215
G1 F1350 X132.96 Y115.557 E317.76116
G1 X132.96 Y96.764 E318.69875
G1 X128.3 Y96.764 E318.93124
G1 X128.3 Y120.215 E320.10121
G0 F7500 X128.66 Y119.342
;TYPE:SKIN
G1 F1350 X132.6 Y115.405 E320.37909
G1 X132.6 Y97.124 E321.29114
G1 X128.66 Y97.124 E321.4877
G1 X128.66 Y119.342 E322.59616
G0 F7500 X128.4 Y119.342
G0 X128.485 Y119.769
G0 X132.796 Y115.489
G0 X132.86 Y114.805
G0 X132.399 Y114.805
G1 F1350 X128.86 Y118.345 E322.84589
G0 F7500 X128.86 Y117.779
G1 F1350 X132.399 Y114.239 E323.09563
G0 F7500 X132.399 Y113.674
G1 F1350 X128.86 Y117.214 E323.34536
G0 F7500 X128.86 Y116.648
G1 F1350 X132.399 Y113.108 E323.59509
G0 F7500 X132.399 Y112.542
G1 F1350 X128.86 Y116.082 E323.84482
G0 F7500 X128.86 Y115.516
G1 F1350 X132.399 Y111.977 E324.09451
G0 F7500 X132.399 Y111.411
G1 F1350 X128.86 Y114.951 E324.34424
G0 F7500 X128.86 Y114.385
G1 F1350 X132.399 Y110.845 E324.59398
G0 F7500 X132.399 Y110.28
G1 F1350 X128.86 Y113.819 E324.84367
G0 F7500 X128.86 Y113.254
G1 F1350 X132.399 Y109.714 E325.0934
G0 F7500 X132.399 Y109.148
G1 F1350 X128.86 Y112.688 E325.34313
G0 F7500 X128.86 Y112.122
G1 F1350 X132.399 Y108.583 E325.59283
G0 F7500 X132.399 Y108.017
G1 F1350 X128.86 Y111.557 E325.84256
G0 F7500 X128.86 Y110.991
G1 F1350 X132.399 Y107.451 E326.09229
G0 F7500 X132.399 Y106.886
G1 F1350 X128.86 Y110.425 E326.34199
G0 F7500 X128.86 Y109.86
G1 F1350 X132.399 Y106.32 E326.59172
G0 F7500 X132.399 Y105.754
G1 F1350 X128.86 Y109.294 E326.84145
G0 F7500 X128.86 Y108.728
G1 F1350 X132.399 Y105.188 E327.09118
G0 F7500 X132.399 Y104.623
G1 F1350 X128.86 Y108.163 E327.34091
G0 F7500 X128.86 Y107.597
G1 F1350 X132.399 Y104.057 E327.59064
G0 F7500 X132.399 Y103.491
G1 F1350 X128.86 Y107.031 E327.84037
G0 F7500 X128.86 Y106.466
G1 F1350 X132.399 Y102.926 E328.0901
G0 F7500 X132.399 Y102.36
G1 F1350 X128.86 Y105.9 E328.33983
G0 F7500 X128.86 Y105.334
G1 F1350 X132.399 Y101.794 E328.58956
G0 F7500 X132.399 Y101.229
G1 F1350 X128.86 Y104.768 E328.83926
G0 F7500 X128.86 Y104.203
G1 F1350 X132.399 Y100.663 E329.08899
G0 F7500 X132.399 Y100.097
G1 F1350 X128.86 Y103.637 E329.33872
G0 F7500 X128.86 Y103.071
G1 F1350 X132.399 Y99.532 E329.58842
G0 F7500 X132.399 Y98.966
G1 F1350 X128.86 Y102.506 E329.83815
G0 F7500 X128.86 Y101.94
G1 F1350 X132.399 Y98.4 E330.08788
G0 F7500 X132.399 Y97.835
G1 F1350 X128.86 Y101.374 E330.33757
G0 F7500 X128.86 Y100.809
G1 F1350 X132.344 Y97.324 E330.58342
G0 F7500 X131.779 Y97.324
G1 F1350 X128.86 Y100.243 E330.78937
G0 F7500 X128.86 Y99.677
G1 F1350 X131.213 Y97.324 E330.95539
G0 F7500 X130.647 Y97.324
G1 F1350 X128.86 Y99.112 E331.08151
G0 F7500 X128.86 Y98.546
G1 F1350 X130.081 Y97.324 E331.16769
G0 F7500 X129.516 Y97.324
G1 F1350 X128.86 Y97.98 E331.21398
G0 F7500 X128.86 Y97.415
G1 F1350 X128.95 Y97.324 E331.22036
G1 F2700 E322.22036
G0 F7500 X128.95 Y96.864
G0 X132.788 Y96.936
G0 X133.53 Y115.444
G0 X134.017 Y116.835
G0 X134.314 Y117.582
G0 X147.493 Y117.577
G0 X148.07 Y116.589
G0 X147.84 Y115.724
;TYPE:WALL-OUTER
G1 F2700 E331.22036
G1 F1350 X154.1 Y115.724 E331.53268
G1 X154.1 Y96.891 E332.47226
G1 F1500 X154.1 Y96.376 E332.49795
G1 X153.584 Y96.892 E332.53436
G1 F1350 X147.84 Y102.635 E332.93959
G1 X147.84 Y115.724 E333.59261
G0 F7500 X148.24 Y115.324
;TYPE:WALL-INNER
G1 F1350 X153.7 Y115.324 E333.86501
G1 X153.7 Y97.341 E334.76218
G1 X148.24 Y102.801 E335.14741
G1 X148.24 Y115.324 E335.77219
G0 F7500 X148.64 Y114.924
G1 F1350 X153.3 Y114.924 E336.00468
G1 X153.3 Y98.307 E336.8337
G1 X148.64 Y102.967 E337.16249
G1 X148.64 Y114.924 E337.75903
G0 F7500 X149 Y114.564
;TYPE:SKIN
G1 F1350 X152.94 Y114.564 E337.9556
G1 X152.94 Y99.176 E338.72331
G1 X149 Y103.115 E339.00126
G1 X149 Y114.564 E339.57245
G0 F7500 X148.74 Y114.564
G0 X152.64 Y114.824
G0 X152.64 Y114.364
G1 F1350 X152.74 Y114.264 E339.57951
G0 F7500 X152.74 Y113.698
G1 F1350 X152.074 Y114.364 E339.6265
G0 F7500 X151.508 Y114.364
G1 F1350 X152.74 Y113.132 E339.71342
G0 F7500 X152.74 Y112.566
G1 F1350 X150.943 Y114.364 E339.84024
G0 F7500 X150.377 Y114.364
G1 F1350 X152.74 Y112.001 E340.00697
G0 F7500 X152.74 Y111.435
G1 F1350 X149.811 Y114.364 E340.21362
G0 F7500 X149.245 Y114.364
G1 F1350 X152.74 Y110.869 E340.46022
G0 F7500 X152.74 Y110.304
G1 F1350 X149.2 Y113.843 E340.70995
G0 F7500 X149.2 Y113.278
G1 F1350 X152.74 Y109.738 E340.95971
G0 F7500 X152.74 Y109.172
G1 F1350 X149.2 Y112.712 E341.20948
G0 F7500 X149.2 Y112.146
G1 F1350 X152.74 Y108.607 E341.45921
G0 F7500 X152.74 Y108.041
G1 F1350 X149.2 Y111.581 E341.70898
G0 F7500 X149.2 Y111.015
G1 F1350 X152.74 Y107.475 E341.95874
G0 F7500 X152.74 Y106.91
G1 F1350 X149.2 Y110.449 E342.20847
G0 F7500 X149.2 Y109.884
G1 F1350 X152.74 Y106.344 E342.45824
G0 F7500 X152.74 Y105.778
G1 F1350 X149.2 Y109.318 E342.708
G0 F7500 X149.2 Y108.752
G1 F1350 X152.74 Y105.213 E342.95774
G0 F7500 X152.74 Y104.647
G1 F1350 X149.2 Y108.187 E343.2075
G0 F7500 X149.2 Y107.621
G1 F1350 X152.74 Y104.081 E343.45727
G0 F7500 X152.74 Y103.515
G1 F1350 X149.2 Y107.055 E343.70703
G0 F7500 X149.2 Y106.49
G1 F1350 X152.74 Y102.95 E343.9568
G0 F7500 X152.74 Y102.384
G1 F1350 X149.2 Y105.924 E344.20657
G0 F7500 X149.2 Y105.358
G1 F1350 X152.74 Y101.818 E344.45633
G0 F7500 X152.74 Y101.253
G1 F1350 X149.2 Y104.793 E344.7061
G0 F7500 X149.2 Y104.227
G1 F1350 X152.74 Y100.687 E344.95586
G0 F7500 X152.74 Y100.121
G1 F1350 X149.2 Y103.661 E345.20563
G1 F2700 E336.20563
;MESH:NONMESH
G0 F300 X149.2 Y103.661 Z0.75
G0 F7500 X148.74 Y103.661
G0 X148.068 Y102.728
G0 X147.295 Y101.956
G0 X124.955 Y88.491
G0 X124.953 Y93.289
G0 X116.987 Y93.289
G0 X96.647 Y92.864
G0 X96.647 Y71.823
G0 X104.107 Y70.823
G0 X106.68 Y70.811
G0 X106.68 Y71.676
;TIME_ELAPSED:667.012356
;LAYER:2
M106 S170
;TYPE:SUPPORT
G1 F2700 E345.20563
G1 F1500 X106.68 Y73.509 E345.29708
G1 X105.16 Y73.509 E345.37291
G1 X105.16 Y73.415 E345.3776
G1 X104.96 Y73.358 E345.38798
G1 X104.96 Y71.676 E345.47189
G1 X109.347 Y71.676 E345.69076
G1 X109.347 Y73.509 E345.78221
G1 X112.014 Y73.509 E345.91527
G1 X112.014 Y71.676 E346.00672
G1 X116.712 Y71.676 E346.2411
G1 X116.789 Y71.861 E346.2511
G1 X116.64 Y72.009 E346.26157
G1 X116.64 Y73.345 E346.32823
G1 X116.44 Y73.411 E346.33873
G1 X116.44 Y73.51 E346.34367
G1 X114.681 Y73.509 E346.43143
G1 X114.681 Y71.676 E346.52288
G1 F2700 E337.52288
G0 F9000 X114.681 Y70.811
G0 X124.146 Y64.988
G0 X124.958 Y65.324
G0 X124.953 Y93.289
G0 X118.501 Y93.289
G0 X114.681 Y114.025
G0 X114.681 Y114.891
G1 F2700 E346.52288
G1 F1500 X114.681 Y116.724 E346.61433
G1 X116.64 Y116.724 E346.71206
G1 X116.64 Y115.042 E346.79598
G1 X116.44 Y114.985 E346.80635
G1 X116.44 Y114.891 E346.81104
G1 X112.014 Y114.891 E347.03186
G1 X112.014 Y116.724 E347.12331
G1 X109.347 Y116.724 E347.25636
G1 X109.347 Y114.891 E347.34781
G1 X105.16 Y114.89 E347.5567
G1 X105.16 Y114.989 E347.56164
G1 X104.96 Y115.055 E347.57215
G1 X104.96 Y116.391 E347.6388
G1 X104.811 Y116.539 E347.64928
G1 X104.888 Y116.724 E347.65928
G1 X106.68 Y116.724 E347.74868
G1 X106.68 Y114.891 E347.84013
G1 F2700 E338.84013
G0 F9000 X106.68 Y114.025
G0 X116.979 Y102.277
G0 X123.425 Y95.831
G0 X124.953 Y95.837
G0 X126.642 Y123.076
G0 X127.454 Y123.412
G0 X136.017 Y117.589
G0 X136.017 Y116.724
G1 F2700 E347.84013
G1 F1500 X136.017 Y114.891 E347.93158
G1 X135.16 Y114.89 E347.97433
G1 X135.16 Y114.989 E347.97927
G1 X134.96 Y115.055 E347.98978
G1 X134.96 Y116.391 E348.05643
G1 X134.811 Y116.539 E348.06691
G1 X134.888 Y116.724 E348.07691
G1 X138.684 Y116.724 E348.26629
G1 X138.684 Y114.891 E348.35774
G1 X141.351 Y114.891 E348.4908
G1 X141.351 Y116.724 E348.58225
G1 X146.64 Y116.724 E348.84612
G1 X146.64 Y115.042 E348.93003
G1 X146.44 Y114.985 E348.94041
G1 X146.44 Y114.891 E348.9451
G1 X144.018 Y114.891 E349.06593
G1 X144.018 Y116.724 E349.15738
G1 F2700 E340.15738
;MESH:wildrosebuilds_puzzlecube.stl(1)
G0 F9000 X144.018 Y117.589
G0 X147.493 Y117.577
G0 X154.953 Y116.577
G0 X154.953 Y95.837
G0 X123.876 Y93.301
G0 X117.84 Y92.436
;TYPE:WALL-OUTER
G1 F2700 E349.15738
G1 F1500 X124.1 Y92.436 E349.46969
G1 X124.1 Y66.248 E350.77622
G1 X117.84 Y72.507 E351.21786
G1 X117.84 Y92.436 E352.21212
G0 F9000 X118.24 Y92.036
;TYPE:WALL-INNER
G1 F1500 X123.7 Y92.036 E352.48452
G1 X123.7 Y67.214 E353.72289
G1 X118.24 Y72.673 E354.10809
G1 X118.24 Y92.036 E355.07412
G0 F9000 X118.64 Y91.636
G1 F1500 X123.3 Y91.636 E355.3066
G1 X123.3 Y68.179 E356.47688
G1 X118.64 Y72.839 E356.80567
G1 X118.64 Y91.636 E357.74345
G0 F9000 X119 Y91.276
;TYPE:SKIN
G1 F1500 X122.94 Y91.276 E357.94002
G1 X122.94 Y69.048 E359.04898
G1 X119 Y72.987 E359.32693
G1 X119 Y91.276 E360.23937
G0 F9000 X119.2 Y90.916
G1 F1500 X119.36 Y91.076 E360.25066
G0 F9000 X119.926 Y91.076
G1 F1500 X119.2 Y90.35 E360.30189
G0 F9000 X119.2 Y89.784
G1 F1500 X120.492 Y91.076 E360.39304
G0 F9000 X121.057 Y91.076
G1 F1500 X119.2 Y89.218 E360.5241
G0 F9000 X119.2 Y88.653
G1 F1500 X121.623 Y91.076 E360.69506
G0 F9000 X122.189 Y91.076
G1 F1500 X119.2 Y88.087 E360.90595
G0 F9000 X119.2 Y87.521
G1 F1500 X122.74 Y91.062 E361.15575
G0 F9000 X122.74 Y90.496
G1 F1500 X119.2 Y86.956 E361.40551
G0 F9000 X119.2 Y86.39
G1 F1500 X122.74 Y89.931 E361.65532
G0 F9000 X122.74 Y89.365
G1 F1500 X119.2 Y85.824 E361.90512
G0 F9000 X119.2 Y85.259
G1 F1500 X122.74 Y88.799 E362.15488
G0 F9000 X122.74 Y88.233
G1 F1500 X119.2 Y84.693 E362.40465
G0 F9000 X119.2 Y84.127
G1 F1500 X122.74 Y87.668 E362.65445
G0 F9000 X122.74 Y87.102
G1 F1500 X119.2 Y83.562 E362.90422
G0 F9000 X119.2 Y82.996
G1 F1500 X122.74 Y86.536 E363.15398
G0 F9000 X122.74 Y85.971
G1 F1500 X119.2 Y82.43 E363.40378
G0 F9000 X119.2 Y81.865
G1 F1500 X122.74 Y85.405 E363.65355
G0 F9000 X122.74 Y84.839
G1 F1500 X119.2 Y81.299 E363.90332
G0 F9000 X119.2 Y80.733
G1 F1500 X122.74 Y84.274 E364.15312
G0 F9000 X122.74 Y83.708
G1 F1500 X119.2 Y80.168 E364.40288
G0 F9000 X119.2 Y79.602
G1 F1500 X122.74 Y83.142 E364.65265
G0 F9000 X122.74 Y82.577
G1 F1500 X119.2 Y79.036 E364.90245
G0 F9000 X119.2 Y78.47
G1 F1500 X122.74 Y82.011 E365.15225
G0 F9000 X122.74 Y81.445
G1 F1500 X119.2 Y77.905 E365.40202
G0 F9000 X119.2 Y77.339
G1 F1500 X122.74 Y80.88 E365.65182
G0 F9000 X122.74 Y80.314
G1 F1500 X119.2 Y76.773 E365.90162
G0 F9000 X119.2 Y76.208
G1 F1500 X122.74 Y79.748 E366.15139
G0 F9000 X122.74 Y79.183
G1 F1500 X119.2 Y75.642 E366.40119
G0 F9000 X119.2 Y75.076
G1 F1500 X122.74 Y78.617 E366.65099
G0 F9000 X122.74 Y78.051
G1 F1500 X119.2 Y74.511 E366.90076
G0 F9000 X119.2 Y73.945
G1 F1500 X122.74 Y77.485 E367.15052
G0 F9000 X122.74 Y76.92
G1 F1500 X119.2 Y73.379 E367.40032
G0 F9000 X119.329 Y72.942
G1 F1500 X122.74 Y76.354 E367.64102
G0 F9000 X122.74 Y75.788
G1 F1500 X119.611 Y72.659 E367.86179
G0 F9000 X119.894 Y72.377
G1 F1500 X122.74 Y75.223 E368.06259
G0 F9000 X122.74 Y74.657
G1 F1500 X120.177 Y72.094 E368.24343
G0 F9000 X120.46 Y71.811
G1 F1500 X122.74 Y74.091 E368.40429
G0 F9000 X122.74 Y73.526
G1 F1500 X120.743 Y71.528 E368.54523
G0 F9000 X121.026 Y71.245
G1 F1500 X122.74 Y72.96 E368.66619
G0 F9000 X122.74 Y72.394
G1 F1500 X121.308 Y70.962 E368.76723
G0 F9000 X121.591 Y70.68
G1 F1500 X122.74 Y71.829 E368.8483
G0 F9000 X122.74 Y71.263
G1 F1500 X121.874 Y70.397 E368.9094
G0 F9000 X122.157 Y70.114
G1 F1500 X122.74 Y70.697 E368.95053
G0 F9000 X122.74 Y70.132
G1 F1500 X122.44 Y69.831 E368.97173
G1 F2700 E359.97173
G0 F9000 X122.117 Y69.505
G0 X118.804 Y72.906
G0 X118.07 Y91.406
G0 X116.975 Y91.406
G0 X104.305 Y86.444
G0 X97.816 Y91.708
;TYPE:WALL-OUTER
G1 F2700 E368.97173
G1 F1500 X103.76 Y85.765 E369.39108
G1 X103.76 Y72.676 E370.04409
G1 X97.5 Y72.676 E370.35641
G1 X97.5 Y91.708 E371.30592
G1 X97.816 Y91.708 E371.32168
G0 F9000 X97.9 Y91.059
;TYPE:WALL-INNER
G1 F1500 X103.36 Y85.599 E371.70691
G1 X103.36 Y73.076 E372.33169
G1 X97.9 Y73.076 E372.60409
G1 X97.9 Y91.059 E373.50127
G0 F9000 X98.148 Y90.461
G0 X98.3 Y90.093
G1 F1500 X102.96 Y85.433 E373.83005
G1 X102.96 Y73.476 E374.42659
G1 X98.3 Y73.476 E374.65908
G1 X98.3 Y90.093 E375.4881
G0 F9000 X98.66 Y89.218
;TYPE:SKIN
G1 F1500 X102.6 Y85.281 E375.76599
G1 X102.6 Y73.836 E376.33698
G1 X98.66 Y73.836 E376.53355
G1 X98.66 Y89.218 E377.30096
G0 F9000 X99.172 Y88.424
G1 F1500 X98.86 Y88.112 E377.32297
G0 F9000 X98.86 Y87.546
G1 F1500 X99.455 Y88.141 E377.36495
G0 F9000 X99.737 Y87.858
G1 F1500 X98.86 Y86.98 E377.42686
G0 F9000 X98.86 Y86.415
G1 F1500 X100.02 Y87.575 E377.50871
G0 F9000 X100.303 Y87.292
G1 F1500 X98.86 Y85.849 E377.61052
G0 F9000 X98.86 Y85.283
G1 F1500 X100.586 Y87.009 E377.7323
G0 F9000 X100.869 Y86.727
G1 F1500 X98.86 Y84.718 E377.87404
G0 F9000 X98.86 Y84.152
G1 F1500 X101.152 Y86.445 E378.03579
G0 F9000 X101.435 Y86.162
G1 F1500 X98.86 Y83.586 E378.21751
G0 F9000 X98.86 Y83.021
G1 F1500 X101.718 Y85.879 E378.41916
G0 F9000 X102.001 Y85.596
G1 F1500 X98.86 Y82.455 E378.64077
G0 F9000 X98.86 Y81.889
G1 F1500 X102.284 Y85.313 E378.88235
G0 F9000 X102.4 Y84.864
G1 F1500 X98.86 Y81.324 E379.13212
G0 F9000 X98.86 Y80.758
G1 F1500 X102.4 Y84.298 E379.38188
G0 F9000 X102.4 Y83.733
G1 F1500 X98.86 Y80.192 E379.63169
G0 F9000 X98.86 Y79.627
G1 F1500 X102.4 Y83.167 E379.88145
G0 F9000 X102.4 Y82.601
G1 F1500 X98.86 Y79.061 E380.13122
G0 F9000 X98.86 Y78.495
G1 F1500 X102.4 Y82.036 E380.38102
G0 F9000 X102.4 Y81.47
G1 F1500 X98.86 Y77.93 E380.63079
G0 F9000 X98.86 Y77.364
G1 F1500 X102.4 Y80.904 E380.88055
G0 F9000 X102.4 Y80.339
G1 F1500 X98.86 Y76.798 E381.13035
G0 F9000 X98.86 Y76.232
G1 F1500 X102.4 Y79.773 E381.38015
G0 F9000 X102.4 Y79.207
G1 F1500 X98.86 Y75.667 E381.62992
G0 F9000 X98.86 Y75.101
G1 F1500 X102.4 Y78.642 E381.87972
G0 F9000 X102.4 Y78.076
G1 F1500 X98.86 Y74.535 E382.12952
G0 F9000 X98.926 Y74.036
G1 F1500 X102.4 Y77.51 E382.37463
G0 F9000 X102.4 Y76.945
G1 F1500 X99.492 Y74.036 E382.57984
G0 F9000 X100.058 Y74.036
G1 F1500 X102.4 Y76.379 E382.74512
G0 F9000 X102.4 Y75.813
G1 F1500 X100.623 Y74.036 E382.8705
G0 F9000 X101.189 Y74.036
G1 F1500 X102.4 Y75.247 E382.95594
G0 F9000 X102.4 Y74.682
G1 F1500 X101.755 Y74.036 E383.00148
G0 F9000 X102.32 Y74.036
G1 F1500 X102.4 Y74.116 E383.00713
G1 F2700 E374.00713
;MESH:wildrosebuilds_puzzlecube.stl
G0 F9000 X102.86 Y74.116
G0 X102.796 Y85.366
G0 X97.724 Y91.48
G0 X97.726 Y92.573
G0 X97.724 Y95.099
G0 X97.5 Y122.146
;TYPE:WALL-OUTER
G1 F2700 E383.00713
G1 F1500 X103.76 Y115.889 E383.4487
G1 X103.76 Y95.964 E384.44276
G1 X97.5 Y95.964 E384.75507
G1 X97.5 Y122.146 E386.0613
G0 F9000 X97.748 Y121.554
G0 X98.171 Y120.549
G0 X97.9 Y121.181
;TYPE:WALL-INNER
G1 F1500 X103.36 Y115.723 E386.44646
G1 X103.36 Y96.364 E387.41228
G1 X97.9 Y96.364 E387.68468
G1 X97.9 Y121.181 E388.92281
G0 F9000 X98.148 Y120.588
G0 X98.3 Y120.215
G1 F1500 X102.96 Y115.557 E389.25153
G1 X102.96 Y96.764 E390.18911
G1 X98.3 Y96.764 E390.4216
G1 X98.3 Y120.215 E391.59158
G0 F9000 X98.66 Y119.342
;TYPE:SKIN
G1 F1500 X102.6 Y115.405 E391.86946
G1 X102.6 Y97.124 E392.7815
G1 X98.66 Y97.124 E392.97807
G1 X98.66 Y119.342 E394.08653
G0 F9000 X98.96 Y118.759
G1 F1500 X98.86 Y118.659 E394.09359
G0 F9000 X99.243 Y118.476
G1 F1500 X98.86 Y118.093 E394.12061
G0 F9000 X98.86 Y117.528
G1 F1500 X99.526 Y118.194 E394.1676
G0 F9000 X99.809 Y117.911
G1 F1500 X98.86 Y116.962 E394.23456
G0 F9000 X98.86 Y116.396
G1 F1500 X100.092 Y117.628 E394.32148
G0 F9000 X100.375 Y117.345
G1 F1500 X98.86 Y115.83 E394.42837
G0 F9000 X98.86 Y115.265
G1 F1500 X100.657 Y117.062 E394.55516
G0 F9000 X100.941 Y116.78
G1 F1500 X98.86 Y114.699 E394.70199
G0 F9000 X98.86 Y114.133
G1 F1500 X101.224 Y116.497 E394.86878
G0 F9000 X101.507 Y116.214
G1 F1500 X98.86 Y113.568 E395.0555
G0 F9000 X98.86 Y113.002
G1 F1500 X101.789 Y115.932 E395.2622
G0 F9000 X102.072 Y115.649
G1 F1500 X98.86 Y112.436 E395.48885
G0 F9000 X98.86 Y111.871
G1 F1500 X102.355 Y115.366 E395.73545
G0 F9000 X102.4 Y114.845
G1 F1500 X98.86 Y111.305 E395.98521
G0 F9000 X98.86 Y110.739
G1 F1500 X102.4 Y114.28 E396.23501
G0 F9000 X102.4 Y113.714
G1 F1500 X98.86 Y110.174 E396.48478
G0 F9000 X98.86 Y109.608
G1 F1500 X102.4 Y113.148 E396.73455
G0 F9000 X102.4 Y112.583
G1 F1500 X98.86 Y109.042 E396.98435
G0 F9000 X98.86 Y108.477
G1 F1500 X102.4 Y112.017 E397.23411
G0 F9000 X102.4 Y111.451
G1 F1500 X98.86 Y107.911 E397.48388
G0 F9000 X98.86 Y107.345
G1 F1500 X102.4 Y110.886 E397.73368
G0 F9000 X102.4 Y110.32
G1 F1500 X98.86 Y106.779 E397.98348
G0 F9000 X98.86 Y106.214
G1 F1500 X102.4 Y109.754 E398.23325
G0 F9000 X102.4 Y109.189
G1 F1500 X98.86 Y105.648 E398.48305
G0 F9000 X98.86 Y105.082
G1 F1500 X102.4 Y108.623 E398.73285
G0 F9000 X102.4 Y108.057
G1 F1500 X98.86 Y104.517 E398.98262
G0 F9000 X98.86 Y103.951
G1 F1500 X102.4 Y107.492 E399.23242
G0 F9000 X102.4 Y106.926
G1 F1500 X98.86 Y103.385 E399.48222
G0 F9000 X98.86 Y102.82
G1 F1500 X102.4 Y106.36 E399.73199
G0 F9000 X102.4 Y105.794
G1 F1500 X98.86 Y102.254 E399.98175
G0 F9000 X98.86 Y101.688
G1 F1500 X102.4 Y105.229 E400.23155
G0 F9000 X102.4 Y104.663
G1 F1500 X98.86 Y101.123 E400.48132
G0 F9000 X98.86 Y100.557
G1 F1500 X102.4 Y104.097 E400.73109
G0 F9000 X102.4 Y103.532
G1 F1500 X98.86 Y99.991 E400.98089
G0 F9000 X98.86 Y99.426
G1 F1500 X102.4 Y102.966 E401.23065
G0 F9000 X102.4 Y102.4
G1 F1500 X98.86 Y98.86 E401.48042
G0 F9000 X98.86 Y98.294
G1 F1500 X102.4 Y101.835 E401.73022
G0 F9000 X102.4 Y101.269
G1 F1500 X98.86 Y97.729 E401.97999
G0 F9000 X99.021 Y97.324
G1 F1500 X102.4 Y100.703 E402.21839
G0 F9000 X102.4 Y100.138
G1 F1500 X99.587 Y97.324 E402.4169
G0 F9000 X100.152 Y97.324
G1 F1500 X102.4 Y99.572 E402.57551
G0 F9000 X102.4 Y99.006
G1 F1500 X100.718 Y97.324 E402.69418
G0 F9000 X101.284 Y97.324
G1 F1500 X102.4 Y98.441 E402.77296
G0 F9000 X102.4 Y97.875
G1 F1500 X101.85 Y97.324 E402.8118
G1 F2700 E393.8118
G0 F9000 X101.85 Y96.864
G0 X102.788 Y96.936
G0 X103.53 Y115.444
G0 X104.017 Y116.835
G0 X104.314 Y117.582
G0 X117.493 Y117.577
G0 X118.07 Y116.589
G0 X117.84 Y115.724
;TYPE:WALL-OUTER
G1 F2700 E402.8118
G1 F1500 X124.1 Y115.724 E403.12411
G1 X124.1 Y96.69 E404.07372
G1 X123.784 Y96.692 E404.08949
G1 X117.84 Y102.635 E404.50883
G1 X117.84 Y115.724 E405.16185
G0 F9000 X118.24 Y115.324
;TYPE:WALL-INNER
G1 F1500 X123.7 Y115.324 E405.43425
G1 X123.7 Y97.342 E406.33137
G1 X118.24 Y102.801 E406.71657
G1 X118.24 Y115.324 E407.34135
G0 F9000 X118.64 Y114.924
G1 F1500 X123.3 Y114.924 E407.57383
G1 X123.3 Y98.307 E408.40286
G1 X118.64 Y102.967 E408.73165
G1 X118.64 Y114.924 E409.32818
G0 F9000 X119 Y114.564
;TYPE:SKIN
G1 F1500 X122.94 Y114.564 E409.52475
G1 X122.94 Y99.176 E410.29246
G1 X119 Y103.115 E410.57042
G1 X119 Y114.564 E411.14161
G0 F9000 X119.2 Y114.109
G1 F1500 X119.455 Y114.364 E411.1596
G0 F9000 X120.021 Y114.364
G1 F1500 X119.2 Y113.543 E411.21753
G0 F9000 X119.2 Y112.977
G1 F1500 X120.586 Y114.364 E411.31535
G0 F9000 X121.152 Y114.364
G1 F1500 X119.2 Y112.412 E411.45308
G0 F9000 X119.2 Y111.846
G1 F1500 X121.718 Y114.364 E411.63073
G0 F9000 X122.284 Y114.364
G1 F1500 X119.2 Y111.28 E411.84833
G0 F9000 X119.2 Y110.715
G1 F1500 X122.74 Y114.255 E412.09809
G0 F9000 X122.74 Y113.689
G1 F1500 X119.2 Y110.149 E412.34786
G0 F9000 X119.2 Y109.583
G1 F1500 X122.74 Y113.124 E412.59766
G0 F9000 X122.74 Y112.558
G1 F1500 X119.2 Y109.017 E412.84746
G0 F9000 X119.2 Y108.452
G1 F1500 X122.74 Y111.992 E413.09723
G0 F9000 X122.74 Y111.427
G1 F1500 X119.2 Y107.886 E413.34703
G0 F9000 X119.2 Y107.32
G1 F1500 X122.74 Y110.861 E413.59683
G0 F9000 X122.74 Y110.295
G1 F1500 X119.2 Y106.755 E413.8466
G0 F9000 X119.2 Y106.189
G1 F1500 X122.74 Y109.73 E414.0964
G0 F9000 X122.74 Y109.164
G1 F1500 X119.2 Y105.623 E414.3462
G0 F9000 X119.2 Y105.058
G1 F1500 X122.74 Y108.598 E414.59597
G0 F9000 X122.74 Y108.032
G1 F1500 X119.2 Y104.492 E414.84573
G0 F9000 X119.2 Y103.926
G1 F1500 X122.74 Y107.467 E415.09553
G0 F9000 X122.74 Y106.901
G1 F1500 X119.2 Y103.361 E415.3453
G0 F9000 X119.402 Y102.997
G1 F1500 X122.74 Y106.335 E415.58081
G0 F9000 X122.74 Y105.77
G1 F1500 X119.685 Y102.714 E415.7964
G0 F9000 X119.968 Y102.431
G1 F1500 X122.74 Y105.204 E415.99201
G0 F9000 X122.74 Y104.638
G1 F1500 X120.251 Y102.149 E416.16762
G0 F9000 X120.533 Y101.866
G1 F1500 X122.74 Y104.073 E416.32334
G0 F9000 X122.74 Y103.507
G1 F1500 X120.816 Y101.583 E416.45909
G0 F9000 X121.099 Y101.3
G1 F1500 X122.74 Y102.941 E416.57487
G0 F9000 X122.74 Y102.376
G1 F1500 X121.382 Y101.017 E416.67072
G0 F9000 X121.665 Y100.734
G1 F1500 X122.74 Y101.81 E416.7466
G0 F9000 X122.74 Y101.244
G1 F1500 X121.948 Y100.452 E416.80248
G0 F9000 X122.23 Y100.169
G1 F1500 X122.74 Y100.679 E416.83846
G0 F9000 X122.74 Y100.113
G1 F1500 X122.513 Y99.886 E416.85448
G1 F2700 E407.85448
;MESH:wildrosebuilds_puzzlecube.stl(2)
G0 F9000 X122.19 Y99.56
G0 X123.115 Y98.754
G0 X123.876 Y115.5
G0 X124.965 Y115.5
G0 X126.635 Y115.5
G0 X127.5 Y122.146
;TYPE:WALL-OUTER
G1 F2700 E416.85448
G1 F1500 X133.76 Y115.889 E417.29605
G1 X133.76 Y95.964 E418.29011
G1 X127.5 Y95.964 E418.60243
G1 X127.5 Y122.146 E419.90865
G0 F9000 X127.748 Y121.554
G0 X128.171 Y120.549
G0 X127.9 Y121.181
;TYPE:WALL-INNER
G1 F1500 X133.36 Y115.723 E420.29381
G1 X133.36 Y96.364 E421.25964
G1 X127.9 Y96.364 E421.53204
G1 X127.9 Y121.181 E422.77016
G0 F9000 X128.148 Y120.588
G0 X128.3 Y120.215
G1 F1500 X132.96 Y115.557 E423.09888
G1 X132.96 Y96.764 E424.03647
G1 X128.3 Y96.764 E424.26896
G1 X128.3 Y120.215 E425.43893
G0 F9000 X128.66 Y119.342
;TYPE:SKIN
G1 F1500 X132.6 Y115.405 E425.71681
G1 X132.6 Y97.124 E426.62886
G1 X128.66 Y97.124 E426.82542
G1 X128.66 Y119.342 E427.93388
G0 F9000 X128.951 Y118.768
G1 F1500 X128.86 Y118.677 E427.9403
G0 F9000 X129.234 Y118.486
G1 F1500 X128.86 Y118.112 E427.96669
G0 F9000 X128.86 Y117.546
G1 F1500 X129.517 Y118.203 E428.01305
G0 F9000 X129.799 Y117.92
G1 F1500 X128.86 Y116.98 E428.07933
G0 F9000 X128.86 Y116.415
G1 F1500 X130.082 Y117.637 E428.16555
G0 F9000 X130.365 Y117.354
G1 F1500 X128.86 Y115.849 E428.27174
G0 F9000 X128.86 Y115.283
G1 F1500 X130.648 Y117.071 E428.39789
G0 F9000 X130.931 Y116.789
G1 F1500 X128.86 Y114.717 E428.54405
G0 F9000 X128.86 Y114.152
G1 F1500 X131.214 Y116.506 E428.71013
G0 F9000 X131.497 Y116.224
G1 F1500 X128.86 Y113.586 E428.89622
G0 F9000 X128.86 Y113.02
G1 F1500 X131.78 Y115.941 E429.10228
G0 F9000 X132.063 Y115.658
G1 F1500 X128.86 Y112.455 E429.32827
G0 F9000 X128.86 Y111.889
G1 F1500 X132.346 Y115.375 E429.57423
G0 F9000 X132.4 Y114.864
G1 F1500 X128.86 Y111.323 E429.82403
G0 F9000 X128.86 Y110.758
G1 F1500 X132.4 Y114.298 E430.07379
G0 F9000 X132.4 Y113.732
G1 F1500 X128.86 Y110.192 E430.32356
G0 F9000 X128.86 Y109.626
G1 F1500 X132.4 Y113.167 E430.57336
G0 F9000 X132.4 Y112.601
G1 F1500 X128.86 Y109.061 E430.82313
G0 F9000 X128.86 Y108.495
G1 F1500 X132.4 Y112.035 E431.07289
G0 F9000 X132.4 Y111.47
G1 F1500 X128.86 Y107.929 E431.32269
G0 F9000 X128.86 Y107.364
G1 F1500 X132.4 Y110.904 E431.57246
G0 F9000 X132.4 Y110.338
G1 F1500 X128.86 Y106.798 E431.82223
G0 F9000 X128.86 Y106.232
G1 F1500 X132.4 Y109.773 E432.07203
G0 F9000 X132.4 Y109.207
G1 F1500 X128.86 Y105.667 E432.32179
G0 F9000 X128.86 Y105.101
G1 F1500 X132.4 Y108.641 E432.57156
G0 F9000 X132.4 Y108.076
G1 F1500 X128.86 Y104.535 E432.82136
G0 F9000 X128.86 Y103.969
G1 F1500 X132.4 Y107.51 E433.07116
G0 F9000 X132.4 Y106.944
G1 F1500 X128.86 Y103.404 E433.32093
G0 F9000 X128.86 Y102.838
G1 F1500 X132.4 Y106.379 E433.57073
G0 F9000 X132.4 Y105.813
G1 F1500 X128.86 Y102.272 E433.82053
G0 F9000 X128.86 Y101.707
G1 F1500 X132.4 Y105.247 E434.0703
G0 F9000 X132.4 Y104.682
G1 F1500 X128.86 Y101.141 E434.3201
G0 F9000 X128.86 Y100.575
G1 F1500 X132.4 Y104.116 E434.5699
G0 F9000 X132.4 Y103.55
G1 F1500 X128.86 Y100.01 E434.81967
G0 F9000 X128.86 Y99.444
G1 F1500 X132.4 Y102.984 E435.06943
G0 F9000 X132.4 Y102.419
G1 F1500 X128.86 Y98.878 E435.31923
G0 F9000 X128.86 Y98.313
G1 F1500 X132.4 Y101.853 E435.569
G0 F9000 X132.4 Y101.287
G1 F1500 X128.86 Y97.747 E435.81877
G0 F9000 X129.002 Y97.324
G1 F1500 X132.4 Y100.722 E436.05851
G0 F9000 X132.4 Y100.156
G1 F1500 X129.568 Y97.324 E436.25833
G0 F9000 X130.134 Y97.324
G1 F1500 X132.4 Y99.59 E436.41821
G0 F9000 X132.4 Y99.025
G1 F1500 X130.699 Y97.324 E436.53822
G0 F9000 X131.265 Y97.324
G1 F1500 X132.4 Y98.459 E436.6183
G0 F9000 X132.4 Y97.893
G1 F1500 X131.831 Y97.324 E436.65845
G1 F2700 E427.65845
G0 F9000 X131.831 Y96.864
G0 X132.788 Y96.936
G0 X133.53 Y115.444
G0 X134.017 Y116.835
G0 X134.314 Y117.582
G0 X147.493 Y117.577
G0 X148.07 Y116.589
G0 X147.84 Y115.724
;TYPE:WALL-OUTER
G1 F2700 E436.65845
G1 F1500 X154.1 Y115.724 E436.97076
G1 X154.1 Y96.69 E437.92037
G1 X153.784 Y96.692 E437.93614
G1 X147.84 Y102.635 E438.35548
G1 X147.84 Y115.724 E439.00849
G0 F9000 X148.24 Y115.324
;TYPE:WALL-INNER
G1 F1500 X153.7 Y115.324 E439.28089
G1 X153.7 Y97.342 E440.17802
G1 X148.24 Y102.801 E440.56322
G1 X148.24 Y115.324 E441.18799
G0 F9000 X148.64 Y114.924
G1 F1500 X153.3 Y114.924 E441.42048
G1 X153.3 Y98.307 E442.24951
G1 X148.64 Y102.967 E442.57829
G1 X148.64 Y114.924 E443.17483
G0 F9000 X149 Y114.564
;TYPE:SKIN
G1 F1500 X152.94 Y114.564 E443.3714
G1 X152.94 Y99.176 E444.13911
G1 X149 Y103.115 E444.41706
G1 X149 Y114.564 E444.98826
G0 F9000 X149.436 Y114.364
G1 F1500 X149.2 Y114.127 E445.00494
G0 F9000 X149.2 Y113.561
G1 F1500 X150.002 Y114.364 E445.06156
G0 F9000 X150.568 Y114.364
G1 F1500 X149.2 Y112.996 E445.15808
G0 F9000 X149.2 Y112.43
G1 F1500 X151.133 Y114.364 E445.2945
G0 F9000 X151.699 Y114.364
G1 F1500 X149.2 Y111.864 E445.47085
G0 F9000 X149.2 Y111.299
G1 F1500 X152.265 Y114.364 E445.68711
G0 F9000 X152.74 Y114.273
G1 F1500 X149.2 Y110.733 E445.93687
G0 F9000 X149.2 Y110.167
G1 F1500 X152.74 Y113.708 E446.18667
G0 F9000 X152.74 Y113.142
G1 F1500 X149.2 Y109.602 E446.43644
G0 F9000 X149.2 Y109.036
G1 F1500 X152.74 Y112.576 E446.68621
G0 F9000 X152.74 Y112.011
G1 F1500 X149.2 Y108.47 E446.93601
G0 F9000 X149.2 Y107.904
G1 F1500 X152.74 Y111.445 E447.18581
G0 F9000 X152.74 Y110.879
G1 F1500 X149.2 Y107.339 E447.43558
G0 F9000 X149.2 Y106.773
G1 F1500 X152.74 Y110.314 E447.68538
G0 F9000 X152.74 Y109.748
G1 F1500 X149.2 Y106.207 E447.93518
G0 F9000 X149.2 Y105.642
G1 F1500 X152.74 Y109.182 E448.18494
G0 F9000 X152.74 Y108.617
G1 F1500 X149.2 Y105.076 E448.43475
G0 F9000 X149.2 Y104.51
G1 F1500 X152.74 Y108.051 E448.68455
G0 F9000 X152.74 Y107.485
G1 F1500 X149.2 Y103.945 E448.93431
G0 F9000 X149.2 Y103.379
G1 F1500 X152.74 Y106.919 E449.18408
G0 F9000 X152.74 Y106.354
G1 F1500 X149.393 Y103.006 E449.42026
G0 F9000 X149.675 Y102.724
G1 F1500 X152.74 Y105.788 E449.63648
G0 F9000 X152.74 Y105.222
G1 F1500 X149.958 Y102.441 E449.83273
G0 F9000 X150.241 Y102.158
G1 F1500 X152.74 Y104.657 E450.00905
G0 F9000 X152.74 Y104.091
G1 F1500 X150.524 Y101.875 E450.1654
G0 F9000 X150.807 Y101.592
G1 F1500 X152.74 Y103.525 E450.30178
G0 F9000 X152.74 Y102.96
G1 F1500 X151.09 Y101.309 E450.41823
G0 F9000 X151.372 Y101.026
G1 F1500 X152.74 Y102.394 E450.51475
G0 F9000 X152.74 Y101.828
G1 F1500 X151.655 Y100.744 E450.59127
G0 F9000 X151.938 Y100.461
G1 F1500 X152.74 Y101.263 E450.64786
G0 F9000 X152.74 Y100.697
G1 F1500 X152.221 Y100.178 E450.68448
G0 F9000 X152.504 Y99.895
G1 F1500 X152.74 Y100.131 E450.70113
G1 F2700 E441.70113
;MESH:NONMESH
G0 F300 X152.74 Y100.131 Z1.05
G0 F9000 X153.2 Y100.131
G0 X153.115 Y98.754
G0 X148.068 Y102.728
G0 X147.295 Y101.956
G0 X124.955 Y88.491
G0 X124.953 Y93.289
G0 X116.987 Y93.289
G0 X96.647 Y92.563
G0 X96.647 Y71.823
G0 X104.107 Y70.823
G0 X106.68 Y70.811
G0 X106.68 Y71.676
;TIME_ELAPSED:789.775899
;LAYER:3
M106 S255
;TYPE:SUPPORT
G1 F2700 E450.70113
G1 F1500 X106.68 Y73.509 E450.79258
G1 X105.16 Y73.509 E450.86841
G1 X105.16 Y73.415 E450.8731
G1 X104.96 Y73.358 E450.88347
G1 X104.96 Y71.676 E450.96739
G1 X109.347 Y71.676 E451.18626
G1 X109.347 Y73.509 E451.27771
G1 X112.014 Y73.509 E451.41076
G1 X112.014 Y71.676 E451.50221
G1 X116.712 Y71.676 E451.7366
G1 X116.789 Y71.861 E451.74659
G1 X116.64 Y72.009 E451.75707
G1 X116.64 Y73.345 E451.82372
G1 X116.44 Y73.411 E451.83423
G1 X116.44 Y73.51 E451.83917
G1 X114.681 Y73.509 E451.92693
G1 X114.681 Y71.676 E452.01838
G1 F2700 E443.01838
G0 F9000 X114.681 Y70.811
G0 X124.146 Y64.988
G0 X124.958 Y65.324
G0 X124.953 Y93.289
G0 X118.501 Y93.289
G0 X114.681 Y114.025
G0 X114.681 Y114.891
G1 F2700 E452.01838
G1 F1500 X114.681 Y116.724 E452.10982
G1 X116.64 Y116.724 E452.20756
G1 X116.64 Y115.042 E452.29147
G1 X116.44 Y114.985 E452.30185
G1 X116.44 Y114.891 E452.30654
G1 X112.014 Y114.891 E452.52735
G1 X112.014 Y116.724 E452.6188
G1 X109.347 Y116.724 E452.75186
G1 X109.347 Y114.891 E452.84331
G1 X105.16 Y114.89 E453.0522
G1 X105.16 Y114.989 E453.05714
G1 X104.96 Y115.055 E453.06765
G1 X104.96 Y116.391 E453.1343
G1 X104.811 Y116.539 E453.14478
G1 X104.888 Y116.724 E453.15477
G1 X106.68 Y116.724 E453.24418
G1 X106.68 Y114.891 E453.33563
G1 F2700 E444.33563
G0 F9000 X106.68 Y114.025
G0 X116.979 Y102.277
G0 X123.125 Y96.131
G0 X124.953 Y96.137
G0 X126.642 Y123.076
G0 X127.454 Y123.412
G0 X136.017 Y117.589
G0 X136.017 Y116.724
G1 F2700 E453.33563
G1 F1500 X136.017 Y114.891 E453.42707
G1 X135.16 Y114.89 E453.46983
G1 X135.16 Y114.989 E453.47477
G1 X134.96 Y115.055 E453.48528
G1 X134.96 Y116.391 E453.55193
G1 X134.811 Y116.539 E453.56241
G1 X134.888 Y116.724 E453.5724
G1 X138.684 Y116.724 E453.76179
G1 X138.684 Y114.891 E453.85324
G1 X141.351 Y114.891 E453.98629
G1 X141.351 Y116.724 E454.07774
G1 X146.64 Y116.724 E454.34161
G1 X146.64 Y115.042 E454.42553
G1 X146.44 Y114.985 E454.4359
G1 X146.44 Y114.891 E454.44059
G1 X144.018 Y114.891 E454.56143
G1 X144.018 Y116.724 E454.65287
G1 F2700 E445.65287
;MESH:wildrosebuilds_puzzlecube.stl(1)
G0 F9000 X144.018 Y117.589
G0 X147.493 Y117.577
G0 X154.953 Y116.577
G0 X154.953 Y96.137
G0 X123.876 Y93.301
G0 X117.84 Y92.436
;TYPE:WALL-OUTER
G1 F2700 E454.65287
G1 F1500 X124.1 Y92.436 E454.96519
G1 X124.1 Y66.248 E456.27171
G1 X117.84 Y72.507 E456.71335
G1 X117.84 Y92.436 E457.70762
G0 F9000 X118.24 Y92.036
;TYPE:WALL-INNER
G1 F1500 X123.7 Y92.036 E457.98002
G1 X123.7 Y67.214 E459.21839
G1 X118.24 Y72.673 E459.60359
G1 X118.24 Y92.036 E460.56961
G0 F9000 X118.64 Y91.636
G1 F1500 X123.3 Y91.636 E460.8021
G1 X123.3 Y68.179 E461.97237
G1 X118.64 Y72.839 E462.30116
G1 X118.64 Y91.636 E463.23895
G0 F9000 X120.021 Y91.556
;TYPE:FILL
G1 F3000 X123.22 Y88.358 E463.46462
G0 F9000 X123.22 Y90.457
G1 F3000 X122.12 Y91.556 E463.5422
G0 F9000 X123.22 Y70.043
G1 F3000 X122.385 Y69.207 E463.60115
G0 F9000 X122.476 Y69.298
G1 F2700 E454.60115
G0 F9000 X118.07 Y91.106
G0 X116.975 Y91.106
G0 X104.625 Y85.672
G0 X98.116 Y91.408
;TYPE:WALL-OUTER
G1 F2700 E463.60115
G1 F1500 X103.76 Y85.765 E463.99932
G1 X103.76 Y72.676 E464.65234
G1 X97.5 Y72.676 E464.96465
G1 X97.5 Y91.408 E465.89919
G1 X98.116 Y91.408 E465.92993
G0 F9000 X97.95 Y91.008
;TYPE:WALL-INNER
G1 F1500 X103.36 Y85.599 E466.3116
G1 X103.36 Y73.076 E466.93637
G1 X97.9 Y73.076 E467.20877
G1 X97.9 Y91.008 E468.1034
G1 X97.95 Y91.008 E468.1059
G0 F9000 X98.3 Y90.093
G1 F1500 X102.96 Y85.433 E468.43468
G1 X102.96 Y73.476 E469.03122
G1 X98.3 Y73.476 E469.26371
G1 X98.3 Y90.093 E470.09274
G0 F9000 X98.4 Y88.429
G0 X98.45 Y88.429
;TYPE:FILL
G1 F3000 X98.38 Y88.359 E470.09767
G0 F9000 X98.67 Y89.195
;TYPE:SKIN
G1 F1425.2 X99.319 Y88.548 E470.14579
G1 X99.289 Y88.478 E470.14979
G1 X98.67 Y88.478 E470.1823
G1 X98.67 Y89.195 E470.21995
G1 F2700 E461.21995
;MESH:wildrosebuilds_puzzlecube.stl
G0 F9000 X98.4 Y89.195
G0 X97.724 Y91.185
G0 X97.726 Y92.273
G0 X97.724 Y95.099
G0 X97.5 Y122.146
;TYPE:WALL-OUTER
G1 F2700 E470.21995
G1 F1500 X103.76 Y115.889 E470.66152
G1 X103.76 Y95.964 E471.65558
G1 X97.5 Y95.964 E471.96789
G1 X97.5 Y122.146 E473.27412
G0 F9000 X97.748 Y121.554
G0 X98.171 Y120.549
G0 X97.9 Y121.181
;TYPE:WALL-INNER
G1 F1500 X103.36 Y115.723 E473.65928
G1 X103.36 Y96.364 E474.6251
G1 X97.9 Y96.364 E474.8975
G1 X97.9 Y121.181 E476.13563
G0 F9000 X98.148 Y120.588
G0 X98.3 Y120.215
G1 F1500 X102.96 Y115.557 E476.46435
G1 X102.96 Y96.764 E477.40193
G1 X98.3 Y96.764 E477.63442
G1 X98.3 Y120.215 E478.8044
G0 F9000 X99.212 Y119.191
;TYPE:FILL
G1 F3000 X98.38 Y118.358 E478.86313
G0 F9000 X98.38 Y100.041
G1 F3000 X101.577 Y96.844 E479.0887
G0 F9000 X99.479 Y96.844
G1 F3000 X98.38 Y97.942 E479.16621
G0 F9000 X98.51 Y97.942
G1 F2700 E470.16621
G0 F9000 X103.53 Y115.444
G0 X104.017 Y116.835
G0 X104.314 Y117.582
G0 X117.493 Y117.577
G0 X118.07 Y116.589
G0 X117.84 Y115.724
;TYPE:WALL-OUTER
G1 F2700 E479.16621
G1 F1500 X124.1 Y115.724 E479.47852
G1 X124.1 Y96.989 E480.41321
G1 X123.484 Y96.992 E480.44394
G1 X117.84 Y102.635 E480.84212
G1 X117.84 Y115.724 E481.49514
G0 F9000 X118.24 Y115.324
;TYPE:WALL-INNER
G1 F1500 X123.7 Y115.324 E481.76754
G1 X123.7 Y97.39 E482.66227
G1 X123.65 Y97.391 E482.66476
G1 X118.24 Y102.801 E483.04647
G1 X118.24 Y115.324 E483.67124
G0 F9000 X118.64 Y114.924
G1 F1500 X123.3 Y114.924 E483.90373
G1 X123.3 Y98.305 E484.73286
G1 X118.64 Y102.967 E485.06171
G1 X118.64 Y114.924 E485.65825
G0 F9000 X123.22 Y100.043
;TYPE:FILL
G1 F3000 X123.149 Y99.971 E485.6633
G0 F9000 X122.308 Y99.918
;TYPE:SKIN
G1 F1425.2 X122.93 Y99.918 E485.69596
G1 X122.93 Y99.2 E485.73366
G1 X122.28 Y99.849 E485.78189
G1 X122.308 Y99.918 E485.7858
G0 F9000 X121.78 Y100.135
G1 F2700 E476.7858
;MESH:wildrosebuilds_puzzlecube.stl(2)
G0 F9000 X123.876 Y115.5
G0 X124.965 Y115.5
G0 X126.635 Y115.5
G0 X127.5 Y122.146
;TYPE:WALL-OUTER
G1 F2700 E485.7858
G1 F1500 X133.76 Y115.889 E486.22737
G1 X133.76 Y95.964 E487.22143
G1 X127.5 Y95.964 E487.53375
G1 X127.5 Y122.146 E488.83997
G0 F9000 X127.748 Y121.554
G0 X128.171 Y120.549
G0 X127.9 Y121.181
;TYPE:WALL-INNER
G1 F1500 X133.36 Y115.723 E489.22513
G1 X133.36 Y96.364 E490.19096
G1 X127.9 Y96.364 E490.46336
G1 X127.9 Y121.181 E491.70148
G0 F9000 X128.148 Y120.588
G0 X128.3 Y120.215
G1 F1500 X132.96 Y115.557 E492.0302
G1 X132.96 Y96.764 E492.96779
G1 X128.3 Y96.764 E493.20028
G1 X128.3 Y120.215 E494.37025
G0 F9000 X129.212 Y119.191
;TYPE:FILL
G1 F3000 X128.379 Y118.358 E494.42902
G0 F9000 X128.38 Y100.041
G1 F3000 X131.577 Y96.844 E494.65459
G0 F9000 X129.478 Y96.844
G1 F3000 X128.38 Y97.942 E494.73206
G0 F9000 X128.51 Y97.942
G1 F2700 E485.73206
G0 F9000 X133.53 Y115.444
G0 X134.017 Y116.835
G0 X134.314 Y117.582
G0 X147.493 Y117.577
G0 X148.07 Y116.589
G0 X147.84 Y115.724
;TYPE:WALL-OUTER
G1 F2700 E494.73206
G1 F1500 X154.1 Y115.724 E495.04437
G1 X154.1 Y96.989 E495.97907
G1 X153.484 Y96.992 E496.0098
G1 X147.84 Y102.635 E496.40798
G1 X147.84 Y115.724 E497.06099
G0 F9000 X148.24 Y115.324
;TYPE:WALL-INNER
G1 F1500 X153.7 Y115.324 E497.33339
G1 X153.7 Y97.39 E498.22812
G1 X153.65 Y97.391 E498.23062
G1 X148.24 Y102.801 E498.61232
G1 X148.24 Y115.324 E499.2371
G0 F9000 X148.64 Y114.924
G1 F1500 X153.3 Y114.924 E499.46958
G1 X153.3 Y98.305 E500.29871
G1 X148.64 Y102.967 E500.62757
G1 X148.64 Y114.924 E501.22411
G0 F9000 X153.22 Y100.043
;TYPE:FILL
G1 F3000 X153.148 Y99.971 E501.22919
G0 F9000 X152.308 Y99.918
;TYPE:SKIN
G1 F1425.2 X152.93 Y99.918 E501.26185
G1 X152.93 Y99.2 E501.29955
G1 X152.28 Y99.849 E501.34778
G1 X152.308 Y99.918 E501.35169
G0 F9000 X151.78 Y100.135
G1 F2700 E492.35169
;MESH:NONMESH
G0 F300 X151.78 Y100.135 Z1.35
G0 F9000 X148.068 Y102.728
G0 X147.295 Y101.956
G0 X124.955 Y88.491
G0 X124.953 Y93.289
G0 X116.987 Y93.289
G0 X96.647 Y92.263
G0 X96.647 Y71.823
G0 X104.107 Y70.823
G0 X106.68 Y70.811
G0 X106.68 Y71.676
;TIME_ELAPSED:851.769373
;LAYER:4
;TYPE:SUPPORT
G1 F2700 E501.35169
G1 F1500 X106.68 Y73.509 E501.44314
G1 X105.16 Y73.509 E501.51897
G1 X105.16 Y73.415 E501.52366
G1 X104.96 Y73.358 E501.53404
G1 X104.96 Y71.676 E501.61795
G1 X109.347 Y71.676 E501.83682
G1 X109.347 Y73.509 E501.92827
G1 X112.014 Y73.509 E502.06133
G1 X112.014 Y71.676 E502.15278
G1 X116.712 Y71.676 E502.38716
G1 X116.789 Y71.861 E502.39716
G1 X116.64 Y72.009 E502.40763
G1 X116.64 Y73.345 E502.47429
G1 X116.44 Y73.411 E502.4848
G1 X116.44 Y73.51 E502.48973
G1 X114.681 Y73.509 E502.57749
G1 X114.681 Y71.676 E502.66894
G1 F2700 E493.66894
G0 F9000 X114.681 Y70.811
G0 X124.146 Y64.988
G0 X124.958 Y65.324
G0 X124.953 Y93.289
G0 X118.501 Y93.289
G0 X114.681 Y114.025
G0 X114.681 Y114.891
G1 F2700 E502.66894
G1 F1500 X114.681 Y116.724 E502.76039
G1 X116.64 Y116.724 E502.85812
G1 X116.64 Y115.042 E502.94204
G1 X116.44 Y114.985 E502.95241
G1 X116.44 Y114.891 E502.9571
G1 X112.014 Y114.891 E503.17792
G1 X112.014 Y116.724 E503.26937
G1 X109.347 Y116.724 E503.40242
G1 X109.347 Y114.891 E503.49387
G1 X105.16 Y114.89 E503.70276
G1 X105.16 Y114.989 E503.7077
G1 X104.96 Y115.055 E503.71821
G1 X104.96 Y116.391 E503.78486
G1 X104.811 Y116.539 E503.79534
G1 X104.888 Y116.724 E503.80534
G1 X106.68 Y116.724 E503.89474
G1 X106.68 Y114.891 E503.98619
G1 F2700 E494.98619
G0 F9000 X106.68 Y114.025
G0 X116.979 Y102.277
G0 X122.825 Y96.431
G0 X124.953 Y96.437
G0 X126.642 Y123.076
G0 X127.454 Y123.412
G0 X136.017 Y117.589
G0 X136.017 Y116.724
G1 F2700 E503.98619
G1 F1500 X136.017 Y114.891 E504.07764
G1 X135.16 Y114.89 E504.12039
G1 X135.16 Y114.989 E504.12533
G1 X134.96 Y115.055 E504.13584
G1 X134.96 Y116.391 E504.20249
G1 X134.811 Y116.539 E504.21297
G1 X134.888 Y116.724 E504.22297
G1 X138.684 Y116.724 E504.41235
G1 X138.684 Y114.891 E504.5038
G1 X141.351 Y114.891 E504.63686
G1 X141.351 Y116.724 E504.72831
G1 X146.64 Y116.724 E504.99218
G1 X146.64 Y115.042 E505.07609
G1 X146.44 Y114.985 E505.08647
G1 X146.44 Y114.891 E505.09116
G1 X144.018 Y114.891 E505.21199
G1 X144.018 Y116.724 E505.30344
G1 F2700 E496.30344
;MESH:wildrosebuilds_puzzlecube.stl(1)
G0 F9000 X144.018 Y117.589
G0 X147.493 Y117.577
G0 X154.953 Y116.577
G0 X154.953 Y96.437
G0 X120.456 Y93.301
G0 X117.84 Y92.436
;TYPE:WALL-OUTER
G1 F2700 E505.30344
G1 F1500 X120.734 Y92.436 E505.44782
G1 X120.82 Y92.316 E505.45519
G1 X121.875 Y92.316 E505.50782
G1 X121.957 Y92.436 E505.51507
G1 X124.1 Y92.436 E505.62199
G1 X124.1 Y66.248 E506.92851
G1 X117.84 Y72.507 E507.37015
G1 X117.84 Y92.436 E508.36441
G0 F9000 X118.24 Y92.036
;TYPE:WALL-INNER
G1 F1500 X120.625 Y92.036 E508.4834
G1 X120.691 Y91.945 E508.48901
G1 X120.876 Y91.916 E508.49835
G1 X121.812 Y91.916 E508.54505
G1 X122.026 Y91.955 E508.5559
G1 X122.082 Y92.036 E508.56082
G1 X123.7 Y92.036 E508.64154
G1 X123.7 Y67.214 E509.87991
G1 X118.24 Y72.673 E510.26511
G1 X118.24 Y92.036 E511.23113
G0 F9000 X118.64 Y91.636
G1 F1500 X120.516 Y91.636 E511.32473
G1 X120.568 Y91.564 E511.32916
G1 X120.876 Y91.516 E511.34471
G1 X121.812 Y91.516 E511.39141
G1 X122.168 Y91.581 E511.40946
G1 X122.206 Y91.636 E511.4128
G1 X123.3 Y91.636 E511.46738
G1 X123.3 Y68.179 E512.63765
G1 X118.64 Y72.839 E512.96644
G1 X118.64 Y91.636 E513.90423
G0 F9000 X119.722 Y91.556
;TYPE:FILL
G1 F3000 X123.22 Y88.058 E514.15103
G0 F9000 X123.22 Y90.756
G1 F3000 X122.42 Y91.556 E514.20747
G0 F9000 X123.22 Y70.343
G1 F3000 X122.235 Y69.357 E514.27701
G0 F9000 X122.326 Y69.448
G1 F2700 E505.27701
G0 F9000 X118.07 Y90.406
G0 X116.975 Y90.406
G0 X104.625 Y85.672
G0 X98.417 Y91.108
;TYPE:WALL-OUTER
G1 F2700 E514.27701
G1 F1500 X103.76 Y85.765 E514.65398
G1 X103.76 Y72.676 E515.307
G1 X97.5 Y72.676 E515.61931
G1 X97.5 Y91.108 E516.53889
G1 X98.417 Y91.108 E516.58463
G0 F9000 X98.251 Y90.708
;TYPE:WALL-INNER
G1 F1500 X103.36 Y85.599 E516.9451
G1 X103.36 Y73.076 E517.56988
G1 X97.9 Y73.076 E517.84228
G1 X97.9 Y90.708 E518.72194
G1 X98.251 Y90.708 E518.73945
G0 F9000 X98.3 Y90.094
G1 F1500 X102.96 Y85.433 E519.06828
G1 X102.96 Y73.476 E519.66481
G1 X98.3 Y73.476 E519.8973
G1 X98.3 Y90.094 E520.72638
G0 F9000 X98.4 Y88.129
G0 X98.45 Y88.129
;TYPE:FILL
G1 F3000 X98.38 Y88.059 E520.73132
G0 F9000 X98.4 Y89.088
G0 X98.713 Y89.088
;TYPE:SKIN
G1 F1181.1 X99.579 Y88.222 E520.80891
G1 X98.714 Y88.222 E520.86372
G1 X98.713 Y89.088 E520.91859
G1 F2700 E511.91859
;MESH:wildrosebuilds_puzzlecube.stl
G0 F9000 X98.4 Y89.088
G0 X97.724 Y90.885
G0 X97.726 Y91.973
G0 X97.724 Y95.099
G0 X97.5 Y122.146
;TYPE:WALL-OUTER
G1 F2700 E520.91859
G1 F1500 X103.76 Y115.889 E521.36016
G1 X103.76 Y95.964 E522.35422
G1 X100.862 Y95.964 E522.49881
G1 X100.776 Y96.084 E522.50617
G1 X99.721 Y96.084 E522.55881
G1 X99.639 Y95.964 E522.56606
G1 X97.5 Y95.964 E522.67277
G1 X97.5 Y122.146 E523.979
G0 F9000 X97.748 Y121.554
G0 X98.171 Y120.549
G0 X97.9 Y121.181
;TYPE:WALL-INNER
G1 F1500 X103.36 Y115.723 E524.36416
G1 X103.36 Y96.364 E525.32998
G1 X100.971 Y96.364 E525.44917
G1 X100.905 Y96.455 E525.45478
G1 X100.72 Y96.484 E525.46412
G1 X99.784 Y96.484 E525.51082
G1 X99.57 Y96.445 E525.52167
G1 X99.514 Y96.364 E525.52659
G1 X97.9 Y96.364 E525.60711
G1 X97.9 Y121.181 E526.84523
G0 F9000 X98.148 Y120.588
G0 X98.3 Y120.215
G1 F1500 X102.96 Y115.557 E527.17395
G1 X102.96 Y96.764 E528.11154
G1 X101.08 Y96.764 E528.20533
G1 X101.028 Y96.836 E528.20976
G1 X100.72 Y96.884 E528.22531
G1 X99.784 Y96.884 E528.27201
G1 X99.428 Y96.819 E528.29007
G1 X99.39 Y96.764 E528.2934
G1 X98.3 Y96.764 E528.34778
G1 X98.3 Y120.215 E529.51776
G0 F9000 X99.362 Y119.041
;TYPE:FILL
G1 F3000 X98.38 Y118.059 E529.58704
G0 F9000 X98.38 Y100.341
G1 F3000 X101.877 Y96.844 E529.83377
G0 F9000 X99.179 Y96.844
G1 F3000 X98.38 Y97.642 E529.89011
G0 F9000 X98.51 Y97.642
G1 F2700 E520.89011
G0 F9000 X103.53 Y115.444
G0 X104.017 Y116.835
G0 X104.314 Y117.582
G0 X117.493 Y117.577
G0 X118.07 Y116.589
G0 X117.84 Y115.724
;TYPE:WALL-OUTER
G1 F2700 E529.89011
G1 F1500 X124.1 Y115.724 E530.20242
G1 X124.1 Y97.289 E531.12215
G1 X123.184 Y97.292 E531.16785
G1 X117.84 Y102.635 E531.54486
G1 X117.84 Y115.724 E532.19788
G0 F9000 X118.24 Y115.324
;TYPE:WALL-INNER
G1 F1500 X123.7 Y115.324 E532.47028
G1 X123.7 Y97.691 E533.34999
G1 X123.35 Y97.692 E533.36745
G1 X118.24 Y102.801 E533.72795
G1 X118.24 Y115.324 E534.35273
G0 F9000 X118.64 Y114.924
G1 F1500 X123.3 Y114.924 E534.58522
G1 X123.3 Y98.306 E535.41429
G1 X118.64 Y102.967 E535.74312
G1 X118.64 Y114.924 E536.33965
G0 F9000 X123.22 Y100.343
;TYPE:FILL
G1 F3000 X123.149 Y100.271 E536.3447
G0 F9000 X123.2 Y100.271
G0 X121.874 Y100.424
G0 X122.017 Y100.174
;TYPE:SKIN
G1 F1181.1 X122.886 Y100.174 E536.39976
G1 X122.886 Y99.307 E536.45469
G1 X122.017 Y100.174 E536.53247
G0 F9000 X121.483 Y100.418
G1 F2700 E527.53247
;MESH:wildrosebuilds_puzzlecube.stl(2)
G0 F9000 X123.876 Y115.5
G0 X124.965 Y115.5
G0 X126.635 Y115.5
G0 X127.5 Y122.146
;TYPE:WALL-OUTER
G1 F2700 E536.53247
G1 F1500 X133.76 Y115.889 E536.97404
G1 X133.76 Y95.964 E537.9681
G1 X130.865 Y95.964 E538.11254
G1 X130.775 Y96.084 E538.12002
G1 X129.721 Y96.084 E538.1726
G1 X129.639 Y95.964 E538.17985
G1 X127.5 Y95.964 E538.28657
G1 X127.5 Y122.146 E539.5928
G0 F9000 X127.748 Y121.554
G0 X128.171 Y120.549
G0 X127.9 Y121.181
;TYPE:WALL-INNER
G1 F1500 X133.36 Y115.723 E539.97796
G1 X133.36 Y96.364 E540.94378
G1 X130.974 Y96.364 E541.06282
G1 X130.905 Y96.455 E541.06852
G1 X130.72 Y96.484 E541.07786
G1 X129.784 Y96.484 E541.12456
G1 X129.57 Y96.445 E541.13541
G1 X129.514 Y96.364 E541.14032
G1 X127.9 Y96.364 E541.22084
G1 X127.9 Y121.181 E542.45897
G0 F9000 X128.148 Y120.588
G0 X128.3 Y120.215
G1 F1500 X132.96 Y115.557 E542.78769
G1 X132.96 Y96.764 E543.72527
G1 X131.082 Y96.764 E543.81897
G1 X131.028 Y96.836 E543.82346
G1 X130.72 Y96.884 E543.83901
G1 X129.784 Y96.884 E543.88571
G1 X129.428 Y96.819 E543.90376
G1 X129.39 Y96.764 E543.9071
G1 X128.3 Y96.764 E543.96148
G1 X128.3 Y120.215 E545.13145
G0 F9000 X129.362 Y119.041
;TYPE:FILL
G1 F3000 X128.379 Y118.059 E545.20077
G0 F9000 X128.38 Y100.341
G1 F3000 X131.877 Y96.844 E545.44751
G0 F9000 X129.179 Y96.844
G1 F3000 X128.38 Y97.642 E545.50384
G0 F9000 X128.51 Y97.642
G1 F2700 E536.50384
G0 F9000 X133.53 Y115.444
G0 X134.017 Y116.835
G0 X134.314 Y117.582
G0 X147.493 Y117.577
G0 X148.07 Y116.589
G0 X147.84 Y115.724
;TYPE:WALL-OUTER
G1 F2700 E545.50384
G1 F1500 X154.1 Y115.724 E545.81616
G1 X154.1 Y97.289 E546.73588
G1 X153.184 Y97.292 E546.78158
G1 X147.84 Y102.635 E547.15859
G1 X147.84 Y115.724 E547.81161
G0 F9000 X148.24 Y115.324
;TYPE:WALL-INNER
G1 F1500 X153.7 Y115.324 E548.08401
G1 X153.7 Y97.691 E548.96372
G1 X153.35 Y97.692 E548.98118
G1 X148.24 Y102.801 E549.34169
G1 X148.24 Y115.324 E549.96646
G0 F9000 X148.64 Y114.924
G1 F1500 X153.3 Y114.924 E550.19895
G1 X153.3 Y98.306 E551.02803
G1 X148.64 Y102.967 E551.35685
G1 X148.64 Y114.924 E551.95339
G0 F9000 X153.22 Y100.343
;TYPE:FILL
G1 F3000 X153.149 Y100.271 E551.95843
G0 F9000 X153.2 Y100.271
G0 X151.874 Y100.424
G0 X152.017 Y100.174
;TYPE:SKIN
G1 F1181.1 X152.886 Y100.174 E552.01349
G1 X152.886 Y99.307 E552.06842
G1 X152.017 Y100.174 E552.1462
G0 F9000 X151.483 Y100.418
G1 F2700 E543.1462
;MESH:NONMESH
G0 F300 X151.483 Y100.418 Z1.65
G0 F9000 X148.068 Y102.728
G0 X147.295 Y101.956
G0 X124.955 Y88.491
G0 X124.953 Y93.289
G0 X116.987 Y93.289
G0 X96.647 Y91.963
G0 X96.647 Y71.823
G0 X104.107 Y70.823
G0 X106.68 Y70.811
G0 X106.68 Y71.676
;TIME_ELAPSED:914.330715
;LAYER:5
;TYPE:SUPPORT
G1 F2700 E552.1462
G1 F1500 X106.68 Y73.509 E552.23765
G1 X105.16 Y73.509 E552.31348
G1 X105.16 Y73.415 E552.31817
G1 X104.96 Y73.358 E552.32855
G1 X104.96 Y71.676 E552.41246
G1 X109.347 Y71.676 E552.63133
G1 X109.347 Y73.509 E552.72278
G1 X112.014 Y73.509 E552.85584
G1 X112.014 Y71.676 E552.94729
G1 X116.712 Y71.676 E553.18167
G1 X116.789 Y71.861 E553.19167
G1 X116.64 Y72.009 E553.20215
G1 X116.64 Y73.345 E553.2688
G1 X116.44 Y73.411 E553.27931
G1 X116.44 Y73.51 E553.28425
G1 X114.681 Y73.509 E553.372
G1 X114.681 Y71.676 E553.46345
G1 F2700 E544.46345
G0 F9000 X114.681 Y70.811
G0 X104.107 Y70.823
G0 X96.647 Y71.823
G0 X96.647 Y91.662
G0 X99.075 Y91.669
G0 X102.219 Y88.525
G0 X114.681 Y114.025
G0 X114.681 Y114.891
G1 F2700 E553.46345
G1 F1500 X114.681 Y116.724 E553.5549
G1 X116.64 Y116.724 E553.65264
G1 X116.64 Y115.042 E553.73655
G1 X116.44 Y114.985 E553.74693
G1 X116.44 Y114.891 E553.75162
G1 X112.014 Y114.891 E553.97243
G1 X112.014 Y116.724 E554.06388
G1 X109.347 Y116.724 E554.19694
G1 X109.347 Y114.891 E554.28838
G1 X105.16 Y114.89 E554.49727
G1 X105.16 Y114.989 E554.50221
G1 X104.96 Y115.055 E554.51272
G1 X104.96 Y116.391 E554.57937
G1 X104.811 Y116.539 E554.58985
G1 X104.888 Y116.724 E554.59985
G1 X106.68 Y116.724 E554.68925
G1 X106.68 Y114.891 E554.7807
G1 F2700 E545.7807
G0 F9000 X106.68 Y114.025
G0 X116.979 Y102.277
G0 X122.525 Y96.731
G0 X124.953 Y96.738
G0 X126.642 Y123.076
G0 X127.454 Y123.412
G0 X136.017 Y117.589
G0 X136.017 Y116.724
G1 F2700 E554.7807
G1 F1500 X136.017 Y114.891 E554.87215
G1 X135.16 Y114.89 E554.91491
G1 X135.16 Y114.989 E554.91984
G1 X134.96 Y115.055 E554.93035
G1 X134.96 Y116.391 E554.99701
G1 X134.811 Y116.539 E555.00748
G1 X134.888 Y116.724 E555.01748
G1 X138.684 Y116.724 E555.20686
G1 X138.684 Y114.891 E555.29831
G1 X141.351 Y114.891 E555.43137
G1 X141.351 Y116.724 E555.52282
G1 X146.64 Y116.724 E555.78669
G1 X146.64 Y115.042 E555.8706
G1 X146.44 Y114.985 E555.88098
G1 X146.44 Y114.891 E555.88567
G1 X144.018 Y114.891 E556.0065
G1 X144.018 Y116.724 E556.09795
G1 F2700 E547.09795
;MESH:wildrosebuilds_puzzlecube.stl(1)
G0 F9000 X144.018 Y117.589
G0 X147.493 Y117.577
G0 X154.953 Y116.577
G0 X154.953 Y96.738
G0 X119.464 Y93.301
G0 X117.84 Y92.436
;TYPE:WALL-OUTER
G1 F2700 E556.09795
G1 F1500 X119.737 Y92.436 E556.19259
G1 X119.817 Y92.316 E556.19979
G1 X121.721 Y92.316 E556.29478
G1 X121.805 Y92.436 E556.30209
G1 X124.1 Y92.436 E556.41658
G1 X124.1 Y66.248 E557.72311
G1 X117.84 Y72.507 E558.16475
G1 X117.84 Y92.436 E559.15901
G0 F9000 X118.24 Y92.036
;TYPE:WALL-INNER
G1 F1500 X119.606 Y92.036 E559.22716
G1 X119.657 Y91.96 E559.23173
G1 X119.884 Y91.916 E559.24326
G1 X121.66 Y91.916 E559.33187
G1 X121.867 Y91.952 E559.34235
G1 X121.925 Y92.036 E559.34744
G1 X123.7 Y92.036 E559.436
G1 X123.7 Y67.214 E560.67437
G1 X118.24 Y72.673 E561.05957
G1 X118.24 Y92.036 E562.0256
G0 F9000 X118.64 Y91.636
G1 F1500 X119.476 Y91.636 E562.0673
G1 X119.507 Y91.589 E562.07011
G1 X119.884 Y91.516 E562.08927
G1 X121.66 Y91.516 E562.17788
G1 X122.005 Y91.577 E562.19535
G1 X122.046 Y91.636 E562.19894
G1 X123.3 Y91.636 E562.2615
G1 X123.3 Y68.179 E563.43178
G1 X118.64 Y72.839 E563.76056
G1 X118.64 Y91.636 E564.69835
G0 F9000 X119.422 Y91.556
;TYPE:FILL
G1 F3000 X123.22 Y87.758 E564.96632
G0 F9000 X123.22 Y91.056
G1 F3000 X122.72 Y91.556 E565.0016
G0 F9000 X123.22 Y70.643
G1 F3000 X122.085 Y69.507 E565.08171
G0 F9000 X122.176 Y69.598
G1 F2700 E556.08171
G0 F9000 X118.07 Y90.106
G0 X116.975 Y90.106
G0 X104.625 Y85.672
G0 X98.717 Y90.808
;TYPE:WALL-OUTER
G1 F2700 E565.08171
G1 F1500 X103.76 Y85.765 E565.43752
G1 X103.76 Y72.676 E566.09054
G1 X97.5 Y72.676 E566.40285
G1 X97.5 Y90.808 E567.30746
G1 X98.717 Y90.808 E567.36817
G0 F9000 X98.551 Y90.408
;TYPE:WALL-INNER
G1 F1500 X103.36 Y85.599 E567.70748
G1 X103.36 Y73.076 E568.33225
G1 X97.9 Y73.076 E568.60465
G1 X97.9 Y90.408 E569.46935
G1 X98.551 Y90.408 E569.50183
G0 F9000 X98.386 Y90.008
G1 F1500 X102.96 Y85.433 E569.82458
G1 X102.96 Y73.476 E570.42112
G1 X98.3 Y73.476 E570.65361
G1 X98.3 Y90.008 E571.47839
G1 X98.386 Y90.008 E571.48268
G0 F9000 X98.4 Y87.829
G0 X98.45 Y87.829
;TYPE:FILL
G1 F3000 X98.38 Y87.759 E571.48762
G0 F9000 X99.104 Y88.264
;TYPE:SKIN
G1 F1538.5 X99.032 Y88.222 E571.49168
G1 X99.032 Y88.306 E571.49576
G1 X99.104 Y88.264 E571.49982
G0 F9000 X99.545 Y88.706
G0 X98.485 Y89.647
G0 X98.4 Y89.218
G0 X98.66 Y89.218
G1 F1500 X99.932 Y87.949 E571.58946
G1 X99.898 Y87.868 E571.59384
G1 X98.661 Y87.869 E571.65555
G1 X98.66 Y89.218 E571.72286
G1 F2700 E562.72286
;MESH:wildrosebuilds_puzzlecube.stl
G0 F9000 X98.4 Y89.218
G0 X97.715 Y90.598
G0 X97.716 Y91.673
G0 X97.715 Y95.099
G0 X97.5 Y122.146
;TYPE:WALL-OUTER
G1 F2700 E571.72286
G1 F1500 X103.76 Y115.889 E572.16443
G1 X103.76 Y95.964 E573.15849
G1 X101.861 Y95.964 E573.25323
G1 X101.778 Y96.084 E573.26051
G1 X99.875 Y96.084 E573.35545
G1 X99.791 Y95.964 E573.36276
G1 X97.5 Y95.964 E573.47706
G1 X97.5 Y122.146 E574.78328
G0 F9000 X97.748 Y121.554
G0 X98.171 Y120.549
G0 X97.9 Y121.181
;TYPE:WALL-INNER
G1 F1500 X103.36 Y115.723 E575.16845
G1 X103.36 Y96.364 E576.13427
G1 X101.991 Y96.364 E576.20257
G1 X101.938 Y96.44 E576.20719
G1 X101.712 Y96.484 E576.21868
G1 X99.936 Y96.484 E576.30728
G1 X99.729 Y96.448 E576.31777
G1 X99.671 Y96.364 E576.32286
G1 X97.9 Y96.364 E576.41121
G1 X97.9 Y121.181 E577.64934
G0 F9000 X98.148 Y120.588
G0 X98.3 Y120.215
G1 F1500 X102.96 Y115.557 E577.97806
G1 X102.96 Y96.764 E578.91564
G1 X102.122 Y96.764 E578.95745
G1 X102.089 Y96.811 E578.96032
G1 X101.712 Y96.884 E578.97948
G1 X99.936 Y96.884 E579.06808
G1 X99.591 Y96.823 E579.08556
G1 X99.55 Y96.764 E579.08914
G1 X98.3 Y96.764 E579.15151
G1 X98.3 Y120.215 E580.32148
G0 F9000 X99.512 Y118.891
;TYPE:FILL
G1 F3000 X98.38 Y117.759 E580.40135
G0 F9000 X98.38 Y100.64
G1 F3000 X102.177 Y96.844 E580.66921
G0 F9000 X98.879 Y96.844
G1 F3000 X98.38 Y97.342 E580.70439
G0 F9000 X98.51 Y97.342
G1 F2700 E571.70439
G0 F9000 X103.53 Y115.444
G0 X104.017 Y116.835
G0 X104.314 Y117.582
G0 X117.493 Y117.577
G0 X118.07 Y116.589
G0 X117.84 Y115.724
;TYPE:WALL-OUTER
G1 F2700 E580.70439
G1 F1500 X124.1 Y115.724 E581.0167
G1 X124.1 Y97.589 E581.92146
G1 X122.884 Y97.592 E581.98212
G1 X117.84 Y102.635 E582.33797
G1 X117.84 Y115.724 E582.99098
G0 F9000 X118.24 Y115.324
;TYPE:WALL-INNER
G1 F1500 X123.7 Y115.324 E583.26338
G1 X123.7 Y97.99 E584.12818
G1 X123.05 Y97.992 E584.16061
G1 X118.24 Y102.801 E584.49995
G1 X118.24 Y115.324 E585.12472
G0 F9000 X118.64 Y114.924
G1 F1500 X123.3 Y114.924 E585.35721
G1 X123.3 Y98.391 E586.18204
G1 X123.216 Y98.392 E586.18623
G1 X118.64 Y102.967 E586.50906
G1 X118.64 Y114.924 E587.1056
G0 F9000 X121.089 Y100.8
;TYPE:FILL
G1 F3000 X123.1 Y100.8 E587.20593
G1 X123.22 Y100.643
G1 X123.148 Y100.57 E587.21104
G0 F9000 X122.593 Y100.13
;TYPE:SKIN
G1 F1530.6 X122.519 Y100.088 E587.2152
G1 X122.52 Y100.172 E587.21931
G1 X122.593 Y100.13 E587.22343
G0 F9000 X121.702 Y100.532
G1 F1500 X122.94 Y100.528 E587.28519
G1 X122.94 Y99.176 E587.35264
G1 X121.667 Y100.447 E587.44239
G1 X121.702 Y100.532 E587.44698
G0 F9000 X121.702 Y101.092
G1 F2700 E578.44698
;MESH:wildrosebuilds_puzzlecube.stl(2)
G0 F9000 X123.876 Y115.5
G0 X124.965 Y115.5
G0 X126.635 Y115.5
G0 X127.5 Y122.146
;TYPE:WALL-OUTER
G1 F2700 E587.44698
G1 F1500 X133.76 Y115.889 E587.88855
G1 X133.76 Y95.964 E588.88261
G1 X131.861 Y95.964 E588.97735
G1 X131.778 Y96.084 E588.98463
G1 X129.875 Y96.084 E589.07957
G1 X129.791 Y95.964 E589.08688
G1 X127.5 Y95.964 E589.20118
G1 X127.5 Y122.146 E590.5074
G0 F9000 X127.748 Y121.554
G0 X128.171 Y120.549
G0 X127.9 Y121.181
;TYPE:WALL-INNER
G1 F1500 X133.36 Y115.723 E590.89256
G1 X133.36 Y96.364 E591.85839
G1 X131.991 Y96.364 E591.92669
G1 X131.938 Y96.44 E591.93131
G1 X131.712 Y96.484 E591.9428
G1 X129.936 Y96.484 E592.0314
G1 X129.729 Y96.448 E592.04189
G1 X129.671 Y96.364 E592.04698
G1 X127.9 Y96.364 E592.13533
G1 X127.9 Y121.181 E593.37346
G0 F9000 X128.148 Y120.588
G0 X128.3 Y120.215
G1 F1500 X132.96 Y115.557 E593.70218
G1 X132.96 Y96.764 E594.63976
G1 X132.122 Y96.764 E594.68157
G1 X132.089 Y96.811 E594.68444
G1 X131.712 Y96.884 E594.70359
G1 X129.936 Y96.884 E594.7922
G1 X129.591 Y96.823 E594.80968
G1 X129.55 Y96.764 E594.81326
G1 X128.3 Y96.764 E594.87563
G1 X128.3 Y120.215 E596.0456
G0 F9000 X129.512 Y118.891
;TYPE:FILL
G1 F3000 X128.379 Y117.759 E596.1255
G0 F9000 X128.38 Y100.64
G1 F3000 X132.177 Y96.844 E596.39337
G0 F9000 X128.879 Y96.844
G1 F3000 X128.38 Y97.342 E596.42854
G0 F9000 X128.51 Y97.342
G1 F2700 E587.42854
G0 F9000 X133.53 Y115.444
G0 X134.017 Y116.835
G0 X134.314 Y117.582
G0 X147.493 Y117.577
G0 X148.07 Y116.589
G0 X147.84 Y115.724
;TYPE:WALL-OUTER
G1 F2700 E596.42854
G1 F1500 X154.1 Y115.724 E596.74085
G1 X154.1 Y97.589 E597.64561
G1 X152.884 Y97.592 E597.70628
G1 X147.84 Y102.635 E598.06212
G1 X147.84 Y115.724 E598.71514
G0 F9000 X148.24 Y115.324
;TYPE:WALL-INNER
G1 F1500 X153.7 Y115.324 E598.98754
G1 X153.7 Y97.99 E599.85233
G1 X153.05 Y97.992 E599.88476
G1 X148.24 Y102.801 E600.2241
G1 X148.24 Y115.324 E600.84887
G0 F9000 X148.64 Y114.924
G1 F1500 X153.3 Y114.924 E601.08136
G1 X153.3 Y98.391 E601.9062
G1 X153.216 Y98.392 E601.91039
G1 X148.64 Y102.967 E602.23322
G1 X148.64 Y114.924 E602.82975
G0 F9000 X151.089 Y100.8
;TYPE:FILL
G1 F3000 X153.1 Y100.8 E602.93008
G1 X153.22 Y100.643
G1 X153.149 Y100.571 E602.93513
G0 F9000 X152.593 Y100.13
;TYPE:SKIN
G1 F1530.6 X152.519 Y100.088 E602.93929
G1 X152.52 Y100.172 E602.94339
G1 X152.593 Y100.13 E602.94751
G0 F9000 X151.702 Y100.532
G1 F1500 X152.94 Y100.528 E603.00928
G1 X152.94 Y99.176 E603.07673
G1 X151.667 Y100.447 E603.16647
G1 X151.702 Y100.532 E603.17106
G0 F9000 X151.702 Y101.092
G1 F2700 E594.17106
;MESH:NONMESH
G0 F300 X151.702 Y101.092 Z1.95
G0 F9000 X148.068 Y102.728
G0 X147.295 Y101.956
G0 X124.955 Y88.491
G0 X124.953 Y93.289
G0 X116.987 Y93.289
G0 X96.647 Y91.662
G0 X96.647 Y71.823
G0 X104.107 Y70.823
G0 X106.68 Y70.811
G0 X106.68 Y71.676
;TIME_ELAPSED:977.574211
;LAYER:6
;TYPE:SUPPORT
G1 F2700 E603.17106
G1 F1500 X106.68 Y73.509 E603.26251
G1 X105.16 Y73.509 E603.33834
G1 X105.16 Y73.415 E603.34303
G1 X104.96 Y73.358 E603.35341
G1 X104.96 Y71.676 E603.43732
G1 X109.347 Y71.676 E603.65619
G1 X109.347 Y73.509 E603.74764
G1 X112.014 Y73.509 E603.8807
G1 X112.014 Y71.676 E603.97215
G1 X116.712 Y71.676 E604.20653
G1 X116.789 Y71.861 E604.21653
G1 X116.64 Y72.009 E604.227
G1 X116.64 Y73.345 E604.29366
G1 X116.44 Y73.411 E604.30416
G1 X116.44 Y73.51 E604.3091
G1 X114.681 Y73.509 E604.39686
G1 X114.681 Y71.676 E604.48831
G1 F2700 E595.48831
G0 F9000 X114.681 Y70.811
G0 X104.107 Y70.823
G0 X96.647 Y71.823
G0 X96.647 Y91.362
G0 X99.375 Y91.369
G0 X102.349 Y88.395
G0 X114.681 Y114.025
G0 X114.681 Y114.891
G1 F2700 E604.48831
G1 F1500 X114.681 Y116.724 E604.57976
G1 X116.64 Y116.724 E604.67749
G1 X116.64 Y115.042 E604.76141
G1 X116.44 Y114.985 E604.77178
G1 X116.44 Y114.891 E604.77647
G1 X112.014 Y114.891 E604.99729
G1 X112.014 Y116.724 E605.08874
G1 X109.347 Y116.724 E605.22179
G1 X109.347 Y114.891 E605.31324
G1 X105.16 Y114.89 E605.52213
G1 X105.16 Y114.989 E605.52707
G1 X104.96 Y115.055 E605.53758
G1 X104.96 Y116.391 E605.60423
G1 X104.811 Y116.539 E605.61471
G1 X104.888 Y116.724 E605.62471
G1 X106.68 Y116.724 E605.71411
G1 X106.68 Y114.891 E605.80556
G1 F2700 E596.80556
G0 F9000 X106.68 Y114.025
G0 X116.979 Y102.277
G0 X122.225 Y97.031
G0 X124.953 Y97.038
G0 X126.642 Y123.076
G0 X127.454 Y123.412
G0 X136.017 Y117.589
G0 X136.017 Y116.724
G1 F2700 E605.80556
G1 F1500 X136.017 Y114.891 E605.89701
G1 X135.16 Y114.89 E605.93976
G1 X135.16 Y114.989 E605.9447
G1 X134.96 Y115.055 E605.95521
G1 X134.96 Y116.391 E606.02186
G1 X134.811 Y116.539 E606.03234
G1 X134.888 Y116.724 E606.04234
G1 X138.684 Y116.724 E606.23172
G1 X138.684 Y114.891 E606.32317
G1 X141.351 Y114.891 E606.45623
G1 X141.351 Y116.724 E606.54768
G1 X146.64 Y116.724 E606.81155
G1 X146.64 Y115.042 E606.89546
G1 X146.44 Y114.985 E606.90584
G1 X146.44 Y114.891 E606.91053
G1 X144.018 Y114.891 E607.03136
G1 X144.018 Y116.724 E607.12281
G1 F2700 E598.12281
;MESH:wildrosebuilds_puzzlecube.stl(1)
G0 F9000 X144.018 Y117.589
G0 X147.493 Y117.577
G0 X154.953 Y116.577
G0 X154.953 Y97.038
G0 X121.067 Y93.301
G0 X117.84 Y92.436
;TYPE:WALL-OUTER
G1 F2700 E607.12281
G1 F1500 X118.732 Y92.436 E607.16731
G1 X118.783 Y92.345 E607.17251
G1 X118.888 Y92.316 E607.17795
G1 X120.7 Y92.316 E607.26835
G1 X120.789 Y92.436 E607.2758
G1 X124.1 Y92.436 E607.44099
G1 X124.1 Y66.248 E608.74752
G1 X117.84 Y72.507 E609.18916
G1 X117.84 Y92.436 E610.18342
G0 F9000 X118.24 Y92.036
;TYPE:WALL-INNER
G1 F1500 X118.557 Y92.036 E610.19923
G1 X118.575 Y92.003 E610.20111
G1 X118.888 Y91.916 E610.21732
G1 X120.804 Y91.918 E610.31291
G1 X120.892 Y92.036 E610.32025
G1 X123.7 Y92.036 E610.46034
G1 X123.7 Y67.214 E611.69872
G1 X118.24 Y72.673 E612.08391
G1 X118.24 Y92.036 E613.04994
G0 F9000 X118.64 Y91.585
G1 F1500 X118.888 Y91.516 E613.06278
G1 X120.745 Y91.52 E613.15543
G1 X120.936 Y91.558 E613.16514
G1 X120.994 Y91.636 E613.16999
G1 X123.3 Y91.636 E613.28504
G1 X123.3 Y68.179 E614.45531
G1 X118.64 Y72.839 E614.7841
G1 X118.64 Y91.585 E615.71934
G0 F9000 X119.241 Y91.437
;TYPE:FILL
G1 F3000 X123.22 Y87.459 E616.00005
G0 F9000 X123.22 Y91.356
G1 F3000 X123.02 Y91.556 E616.01416
G0 F9000 X123.22 Y70.943
G1 F3000 X121.935 Y69.657 E616.10486
G0 F9000 X122.026 Y69.748
G1 F2700 E607.10486
G0 F9000 X118.07 Y89.806
G0 X116.975 Y89.806
G0 X104.625 Y85.672
G0 X99.017 Y90.508
;TYPE:WALL-OUTER
G1 F2700 E616.10486
G1 F1500 X103.76 Y85.765 E616.4395
G1 X103.76 Y72.676 E617.09252
G1 X97.5 Y72.676 E617.40483
G1 X97.5 Y90.508 E618.29447
G1 X99.017 Y90.508 E618.37015
G0 F9000 X98.851 Y90.108
;TYPE:WALL-INNER
G1 F1500 X103.36 Y85.599 E618.68829
G1 X103.36 Y73.076 E619.31306
G1 X97.9 Y73.076 E619.58546
G1 X97.9 Y90.108 E620.43519
G1 X98.851 Y90.108 E620.48264
G0 F9000 X98.686 Y89.708
G1 F1500 X102.96 Y85.433 E620.78423
G1 X102.96 Y73.476 E621.38076
G1 X98.3 Y73.476 E621.61325
G1 X98.3 Y89.708 E622.42307
G1 X98.686 Y89.708 E622.44233
G0 F9000 X98.4 Y87.529
G0 X98.449 Y87.529
;TYPE:FILL
G1 F3000 X98.38 Y87.459 E622.44723
G0 F9000 X98.218 Y87.127
G0 X100.527 Y87.075
G0 X100.786 Y87.524
G0 X99.708 Y88.543
G0 X99.214 Y88.048
;TYPE:SKIN
G1 F1060.1 X99.179 Y87.987 E622.4522
G1 X99.109 Y87.987 E622.45714
G1 X99.074 Y88.048 E622.4621
G1 X99.109 Y88.109 E622.46707
G1 X99.179 Y88.109 E622.47201
G1 X99.214 Y88.048 E622.47697
G0 F9000 X99.708 Y88.543
G0 X98.756 Y89.877
G0 X98.218 Y89.79
G0 X98.4 Y89.219
G0 X98.661 Y89.219
G1 F1500 X100.232 Y87.645 E622.58792
G1 X100.198 Y87.564 E622.59231
G1 X98.66 Y87.568 E622.66904
G1 X98.661 Y89.219 E622.75141
G1 F2700 E613.75141
;MESH:wildrosebuilds_puzzlecube.stl
G0 F9000 X98.4 Y89.219
G0 X97.723 Y90.298
G0 X97.724 Y91.373
G0 X97.723 Y95.099
G0 X97.5 Y122.146
;TYPE:WALL-OUTER
G1 F2700 E622.75141
G1 F1500 X103.76 Y115.889 E623.19298
G1 X103.76 Y95.964 E624.18704
G1 X102.866 Y95.964 E624.23164
G1 X102.812 Y96.055 E624.23692
G1 X102.708 Y96.084 E624.24231
G1 X100.896 Y96.084 E624.33271
G1 X100.807 Y95.964 E624.34016
G1 X97.5 Y95.964 E624.50515
G1 X97.5 Y122.146 E625.81137
G0 F9000 X97.748 Y121.554
G0 X98.171 Y120.549
G0 X97.9 Y121.181
;TYPE:WALL-INNER
G1 F1500 X103.36 Y115.723 E626.19654
G1 X103.36 Y96.364 E627.16236
G1 X103.039 Y96.364 E627.17837
G1 X103.02 Y96.397 E627.18027
G1 X102.708 Y96.484 E627.19643
G1 X100.792 Y96.482 E627.29202
G1 X100.704 Y96.364 E627.29937
G1 X97.9 Y96.364 E627.43926
G1 X97.9 Y121.181 E628.67738
G0 F9000 X98.148 Y120.588
G0 X98.3 Y120.215
G1 F1500 X102.96 Y115.557 E629.0061
G1 X102.96 Y96.814 E629.94119
G1 X102.708 Y96.884 E629.95424
G1 X100.852 Y96.88 E630.04684
G1 X100.659 Y96.842 E630.05665
G1 X100.602 Y96.764 E630.06147
G1 X98.3 Y96.764 E630.17632
G1 X98.3 Y120.215 E631.3463
G0 F9000 X99.662 Y118.741
;TYPE:FILL
G1 F3000 X98.38 Y117.459 E631.43675
G0 F9000 X98.38 Y100.94
G1 F3000 X102.359 Y96.962 E631.71745
G0 F9000 X98.579 Y96.844
G1 F3000 X98.38 Y97.043 E631.73149
G0 F9000 X98.51 Y97.043
G1 F2700 E622.73149
G0 F9000 X103.53 Y115.444
G0 X104.017 Y116.835
G0 X104.314 Y117.582
G0 X117.493 Y117.577
G0 X118.07 Y116.589
G0 X117.84 Y115.724
;TYPE:WALL-OUTER
G1 F2700 E631.73149
G1 F1500 X124.1 Y115.724 E632.04381
G1 X124.1 Y97.889 E632.9336
G1 X122.584 Y97.892 E633.00923
G1 X117.84 Y102.635 E633.34391
G1 X117.84 Y115.724 E633.99692
G0 F9000 X118.24 Y115.324
;TYPE:WALL-INNER
G1 F1500 X123.7 Y115.324 E634.26932
G1 X123.7 Y98.29 E635.11915
G1 X122.75 Y98.292 E635.16655
G1 X118.24 Y102.801 E635.48472
G1 X118.24 Y115.324 E636.10949
G0 F9000 X118.64 Y114.924
G1 F1500 X123.3 Y114.924 E636.34198
G1 X123.3 Y98.691 E637.15185
G1 X122.916 Y98.692 E637.17101
G1 X118.64 Y102.967 E637.47267
G1 X118.64 Y114.924 E638.0692
G0 F9000 X120.69 Y101.2
;TYPE:FILL
G1 F3000 X123.1 Y101.2 E638.18944
G0 F9000 X123.22 Y100.942
G1 F3000 X123.15 Y100.872 E638.19438
G0 F9000 X122.526 Y100.343
;TYPE:SKIN
G1 F1052.6 X122.49 Y100.282 E638.19941
G1 X122.419 Y100.282 E638.20446
G1 X122.384 Y100.343 E638.20946
G1 X122.42 Y100.404 E638.2145
G1 X122.491 Y100.404 E638.21954
G1 X122.526 Y100.343 E638.22454
G0 F9000 X123.2 Y100.343
G0 X123.128 Y101.019
G0 X121.275 Y101.026
G0 X121.402 Y100.832
G1 F1500 X122.94 Y100.828 E638.30128
G1 X122.94 Y99.176 E638.38369
G1 X121.367 Y100.747 E638.49461
G1 X121.402 Y100.832 E638.49919
G0 F9000 X120.886 Y101.043
G1 F2700 E629.49919
;MESH:wildrosebuilds_puzzlecube.stl(2)
G0 F9000 X123.876 Y115.5
G0 X124.965 Y115.5
G0 X126.635 Y115.5
G0 X127.5 Y122.146
;TYPE:WALL-OUTER
G1 F2700 E638.49919
G1 F1500 X133.76 Y115.889 E638.94077
G1 X133.76 Y95.964 E639.93483
G1 X132.866 Y95.964 E639.97943
G1 X132.812 Y96.055 E639.98471
G1 X132.708 Y96.084 E639.99009
G1 X130.896 Y96.084 E640.0805
G1 X130.807 Y95.964 E640.08795
G1 X127.5 Y95.964 E640.25294
G1 X127.5 Y122.146 E641.55916
G0 F9000 X127.748 Y121.554
G0 X128.171 Y120.549
G0 X127.9 Y121.181
;TYPE:WALL-INNER
G1 F1500 X133.36 Y115.723 E641.94432
G1 X133.36 Y96.364 E642.91015
G1 X133.039 Y96.364 E642.92616
G1 X133.02 Y96.397 E642.92806
G1 X132.708 Y96.484 E642.94422
G1 X130.792 Y96.482 E643.03981
G1 X130.704 Y96.364 E643.04716
G1 X127.9 Y96.364 E643.18705
G1 X127.9 Y121.181 E644.42517
G0 F9000 X128.148 Y120.588
G0 X128.3 Y120.215
G1 F1500 X132.96 Y115.557 E644.75389
G1 X132.96 Y96.814 E645.68898
G1 X132.708 Y96.884 E645.70203
G1 X130.852 Y96.88 E645.79463
G1 X130.659 Y96.842 E645.80444
G1 X130.602 Y96.764 E645.80926
G1 X128.3 Y96.764 E645.92411
G1 X128.3 Y120.215 E647.09408
G0 F9000 X129.661 Y118.741
;TYPE:FILL
G1 F3000 X128.379 Y117.459 E647.18454
G0 F9000 X128.38 Y100.94
G1 F3000 X132.358 Y96.962 E647.4652
G0 F9000 X128.579 Y96.844
G1 F3000 X128.38 Y97.043 E647.47925
G0 F9000 X128.51 Y97.043
G1 F2700 E638.47925
G0 F9000 X133.53 Y115.444
G0 X134.017 Y116.835
G0 X134.314 Y117.582
G0 X147.493 Y117.577
G0 X148.07 Y116.589
G0 X147.84 Y115.724
;TYPE:WALL-OUTER
G1 F2700 E647.47925
G1 F1500 X154.1 Y115.724 E647.79156
G1 X154.1 Y97.889 E648.68135
G1 X152.584 Y97.892 E648.75698
G1 X147.84 Y102.635 E649.09166
G1 X147.84 Y115.724 E649.74468
G0 F9000 X148.24 Y115.324
;TYPE:WALL-INNER
G1 F1500 X153.7 Y115.324 E650.01708
G1 X153.7 Y98.29 E650.86691
G1 X152.75 Y98.292 E650.9143
G1 X148.24 Y102.801 E651.23247
G1 X148.24 Y115.324 E651.85725
G0 F9000 X148.64 Y114.924
G1 F1500 X153.3 Y114.924 E652.08973
G1 X153.3 Y98.691 E652.8996
G1 X152.916 Y98.692 E652.91876
G1 X148.64 Y102.967 E653.22042
G1 X148.64 Y114.924 E653.81696
G0 F9000 X153.22 Y100.942
;TYPE:FILL
G1 F3000 X153.149 Y100.872 E653.82193
G0 F9000 X152.526 Y100.343
;TYPE:SKIN
G1 F1052.6 X152.49 Y100.282 E653.82697
G1 X152.419 Y100.282 E653.83201
G1 X152.384 Y100.343 E653.83701
G1 X152.42 Y100.404 E653.84205
G1 X152.491 Y100.404 E653.8471
G1 X152.526 Y100.343 E653.8521
G0 F9000 X153.2 Y100.343
G0 X153.128 Y101.019
G0 X151.275 Y101.026
G0 X151.402 Y100.832
G1 F1500 X152.94 Y100.828 E653.92883
G1 X152.94 Y99.176 E654.01125
G1 X151.367 Y100.747 E654.12216
G1 X151.402 Y100.832 E654.12675
G0 F9000 X150.886 Y101.043
G1 F2700 E645.12675
;MESH:NONMESH
G0 F300 X150.886 Y101.043 Z2.25
G0 F9000 X148.068 Y102.728
G0 X147.295 Y101.956
G0 X124.955 Y88.491
G0 X124.953 Y93.289
G0 X116.987 Y93.289
G0 X96.647 Y91.362
G0 X96.647 Y71.823
G0 X104.107 Y70.823
G0 X106.68 Y70.811
G0 X106.68 Y71.676
;TIME_ELAPSED:1041.239021
;LAYER:7
;TYPE:SUPPORT
G1 F2700 E654.12675
G1 F1500 X106.68 Y73.509 E654.2182
G1 X105.16 Y73.509 E654.29403
G1 X105.16 Y73.415 E654.29872
G1 X104.96 Y73.358 E654.30909
G1 X104.96 Y71.676 E654.39301
G1 X109.347 Y71.676 E654.61188
G1 X109.347 Y73.509 E654.70333
G1 X112.014 Y73.509 E654.83638
G1 X112.014 Y71.676 E654.92783
G1 X116.712 Y71.676 E655.16222
G1 X116.789 Y71.861 E655.17221
G1 X116.64 Y72.009 E655.18269
G1 X116.64 Y73.345 E655.24934
G1 X116.44 Y73.411 E655.25985
G1 X116.44 Y73.51 E655.26479
G1 X114.681 Y73.509 E655.35255
G1 X114.681 Y71.676 E655.444
G1 F2700 E646.444
G0 F9000 X114.681 Y70.811
G0 X104.107 Y70.823
G0 X96.647 Y71.823
G0 X96.647 Y91.062
G0 X99.675 Y91.069
G0 X102.479 Y88.265
G0 X114.681 Y114.025
G0 X114.681 Y114.891
G1 F2700 E655.444
G1 F1500 X114.681 Y116.724 E655.53545
G1 X116.64 Y116.724 E655.63318
G1 X116.64 Y115.042 E655.7171
G1 X116.44 Y114.985 E655.72747
G1 X116.44 Y114.891 E655.73216
G1 X112.014 Y114.891 E655.95297
G1 X112.014 Y116.724 E656.04442
G1 X109.347 Y116.724 E656.17748
G1 X109.347 Y114.891 E656.26893
G1 X105.16 Y114.89 E656.47782
G1 X105.16 Y114.989 E656.48276
G1 X104.96 Y115.055 E656.49327
G1 X104.96 Y116.391 E656.55992
G1 X104.811 Y116.539 E656.5704
G1 X104.888 Y116.724 E656.58039
G1 X106.68 Y116.724 E656.6698
G1 X106.68 Y114.891 E656.76125
G1 F2700 E647.76125
G0 F9000 X106.68 Y114.025
G0 X116.979 Y102.277
G0 X121.925 Y97.331
G0 X124.953 Y97.338
G0 X126.642 Y123.076
G0 X127.454 Y123.412
G0 X136.017 Y117.589
G0 X136.017 Y116.724
G1 F2700 E656.76125
G1 F1500 X136.017 Y114.891 E656.85269
G1 X135.16 Y114.89 E656.89545
G1 X135.16 Y114.989 E656.90039
G1 X134.96 Y115.055 E656.9109
G1 X134.96 Y116.391 E656.97755
G1 X134.811 Y116.539 E656.98803
G1 X134.888 Y116.724 E656.99802
G1 X138.684 Y116.724 E657.18741
G1 X138.684 Y114.891 E657.27886
G1 X141.351 Y114.891 E657.41191
G1 X141.351 Y116.724 E657.50336
G1 X146.64 Y116.724 E657.76723
G1 X146.64 Y115.042 E657.85115
G1 X146.44 Y114.985 E657.86152
G1 X146.44 Y114.891 E657.86621
G1 X144.018 Y114.891 E657.98705
G1 X144.018 Y116.724 E658.0785
G1 F2700 E649.0785
;MESH:wildrosebuilds_puzzlecube.stl(1)
G0 F9000 X144.018 Y117.589
G0 X147.493 Y117.577
G0 X154.953 Y116.577
G0 X154.953 Y97.338
G0 X120.049 Y93.301
G0 X117.84 Y92.436
;TYPE:WALL-OUTER
G1 F2700 E658.0785
G1 F1500 X118.308 Y92.436 E658.10184
G1 X118.342 Y92.363 E658.10586
G1 X118.472 Y92.316 E658.11276
G1 X119.68 Y92.316 E658.17303
G1 X119.769 Y92.436 E658.18048
G1 X124.1 Y92.436 E658.39655
G1 X124.1 Y66.248 E659.70308
G1 X117.84 Y72.507 E660.14472
G1 X117.84 Y92.436 E661.13898
G0 F9000 X118.24 Y92.001
;TYPE:WALL-INNER
G1 F1500 X118.472 Y91.916 E661.15131
G1 X119.784 Y91.916 E661.21676
G1 X119.872 Y92.036 E661.22419
G1 X123.7 Y92.036 E661.41517
G1 X123.7 Y67.214 E662.65354
G1 X118.24 Y72.673 E663.03874
G1 X118.24 Y92.001 E664.00302
G0 F9000 X118.64 Y91.516
G1 F1500 X119.628 Y91.516 E664.05231
G1 X119.918 Y91.558 E664.06693
G1 X119.975 Y91.636 E664.07175
G1 X123.3 Y91.636 E664.23763
G1 X123.3 Y68.179 E665.40791
G1 X118.64 Y72.839 E665.7367
G1 X118.64 Y91.516 E666.6685
G0 F9000 X118.942 Y91.436
;TYPE:FILL
G1 F3000 X123.22 Y87.159 E666.9703
G0 F9000 X123.22 Y71.242
G1 F3000 X121.785 Y69.807 E667.07154
G0 F9000 X121.876 Y69.898
G1 F2700 E658.07154
G0 F9000 X118.07 Y89.506
G0 X116.975 Y89.506
G0 X104.625 Y85.672
G0 X99.317 Y90.208
;TYPE:WALL-OUTER
G1 F2700 E667.07154
G1 F1500 X103.76 Y85.765 E667.38502
G1 X103.76 Y72.676 E668.03803
G1 X97.5 Y72.676 E668.35035
G1 X97.5 Y90.208 E669.22502
G1 X99.317 Y90.208 E669.31567
G0 F9000 X99.151 Y89.808
;TYPE:WALL-INNER
G1 F1500 X103.36 Y85.599 E669.61264
G1 X103.36 Y73.076 E670.23741
G1 X97.9 Y73.076 E670.50981
G1 X97.9 Y89.808 E671.34458
G1 X99.151 Y89.808 E671.40699
G0 F9000 X98.985 Y89.408
G1 F1500 X102.96 Y85.433 E671.68745
G1 X102.96 Y73.476 E672.28399
G1 X98.3 Y73.476 E672.51647
G1 X98.3 Y89.408 E673.31132
G1 X98.985 Y89.408 E673.3455
G0 F9000 X98.472 Y89.236
G0 X98.4 Y87.228
G0 X98.448 Y87.228
;TYPE:FILL
G1 F3000 X98.38 Y87.159 E673.35033
G0 F9000 X98.4 Y88.287
G0 X99.046 Y88.287
;TYPE:SKIN
G1 F1617.3 X99.681 Y87.65 E673.39195
G1 X99.045 Y87.653 E673.42138
G1 X99.046 Y88.287 E673.45072
G0 F9000 X98.832 Y89.048
G1 F1500 X100.532 Y87.345 E673.57077
G1 X100.498 Y87.264 E673.57515
G1 X98.661 Y87.268 E673.6668
G1 X98.66 Y89.048 E673.75561
G1 X98.832 Y89.048 E673.76419
G1 F2700 E664.76419
;MESH:wildrosebuilds_puzzlecube.stl
G0 F9000 X98.832 Y89.308
G0 X97.728 Y89.998
G0 X97.729 Y91.073
G0 X97.728 Y95.099
G0 X97.5 Y122.146
;TYPE:WALL-OUTER
G1 F2700 E673.76419
G1 F1500 X103.76 Y115.889 E674.20576
G1 X103.76 Y95.964 E675.19982
G1 X103.287 Y95.964 E675.22342
G1 X103.254 Y96.037 E675.22741
G1 X103.124 Y96.084 E675.23431
G1 X101.916 Y96.084 E675.29458
G1 X101.827 Y95.964 E675.30203
G1 X97.5 Y95.964 E675.51791
G1 X97.5 Y122.146 E676.82413
G0 F9000 X97.748 Y121.554
G0 X98.171 Y120.549
G0 X97.9 Y121.181
;TYPE:WALL-INNER
G1 F1500 X103.36 Y115.723 E677.20929
G1 X103.36 Y96.398 E678.17342
G1 X103.124 Y96.484 E678.18595
G1 X101.812 Y96.484 E678.25141
G1 X101.724 Y96.364 E678.25883
G1 X97.9 Y96.364 E678.44961
G1 X97.9 Y121.181 E679.68774
G0 F9000 X98.148 Y120.588
G0 X98.3 Y120.215
G1 F1500 X102.96 Y115.557 E680.01646
G1 X102.96 Y96.884 E680.94806
G1 X101.968 Y96.884 E680.99755
G1 X101.678 Y96.842 E681.01217
G1 X101.621 Y96.764 E681.01699
G1 X98.3 Y96.764 E681.18267
G1 X98.3 Y120.215 E682.35265
G0 F9000 X99.812 Y118.591
;TYPE:FILL
G1 F3000 X98.38 Y117.159 E682.45368
G0 F9000 X98.38 Y101.24
G1 F3000 X102.656 Y96.964 E682.75538
G0 F9000 X102.656 Y97.094
G1 F2700 E673.75538
G0 F9000 X103.53 Y115.444
G0 X104.017 Y116.835
G0 X104.314 Y117.582
G0 X117.493 Y117.577
G0 X118.07 Y116.589
G0 X117.84 Y115.724
;TYPE:WALL-OUTER
G1 F2700 E682.75538
G1 F1500 X124.1 Y115.724 E683.06769
G1 X124.1 Y98.189 E683.94251
G1 X122.284 Y98.192 E684.03312
G1 X117.84 Y102.635 E684.34663
G1 X117.84 Y115.724 E684.99964
G0 F9000 X118.24 Y115.324
;TYPE:WALL-INNER
G1 F1500 X123.7 Y115.324 E685.27204
G1 X123.7 Y98.59 E686.1069
G1 X122.45 Y98.592 E686.16927
G1 X118.24 Y102.801 E686.46627
G1 X118.24 Y115.324 E687.09105
G0 F9000 X118.64 Y114.924
G1 F1500 X123.3 Y114.924 E687.32353
G1 X123.3 Y98.991 E688.11843
G1 X122.616 Y98.992 E688.15256
G1 X118.64 Y102.967 E688.43305
G1 X118.64 Y114.924 E689.02959
G0 F9000 X123.22 Y101.242
;TYPE:FILL
G1 F3000 X123.15 Y101.171 E689.03456
G0 F9000 X123.2 Y101.171
G0 X120.975 Y101.326
G0 X120.854 Y101.035
G0 X121.461 Y100.289
G0 X121.913 Y100.742
;TYPE:SKIN
G1 F1608.6 X122.554 Y100.742 E689.06438
G1 X122.554 Y100.106 E689.09397
G1 X121.913 Y100.742 E689.13598
G0 F9000 X121.102 Y101.132
G1 F1500 X122.94 Y101.128 E689.22768
G1 X122.94 Y99.35 E689.31639
G1 X122.764 Y99.352 E689.32517
G1 X121.067 Y101.047 E689.44483
G1 X121.102 Y101.132 E689.44941
G0 F9000 X120.586 Y101.343
G1 F2700 E680.44941
;MESH:wildrosebuilds_puzzlecube.stl(2)
G0 F9000 X123.876 Y115.5
G0 X124.965 Y115.5
G0 X126.635 Y115.5
G0 X127.5 Y122.146
;TYPE:WALL-OUTER
G1 F2700 E689.44941
G1 F1500 X133.76 Y115.889 E689.89099
G1 X133.76 Y95.964 E690.88505
G1 X133.287 Y95.964 E690.90865
G1 X133.254 Y96.037 E690.91264
G1 X133.124 Y96.084 E690.91954
G1 X131.916 Y96.084 E690.97981
G1 X131.827 Y95.964 E690.98726
G1 X127.5 Y95.964 E691.20314
G1 X127.5 Y122.146 E692.50936
G0 F9000 X127.748 Y121.554
G0 X128.171 Y120.549
G0 X127.9 Y121.181
;TYPE:WALL-INNER
G1 F1500 X133.36 Y115.723 E692.89452
G1 X133.36 Y96.398 E693.85865
G1 X133.124 Y96.484 E693.87118
G1 X131.812 Y96.484 E693.93664
G1 X131.724 Y96.364 E693.94406
G1 X127.9 Y96.364 E694.13484
G1 X127.9 Y121.181 E695.37297
G0 F9000 X128.148 Y120.588
G0 X128.3 Y120.215
G1 F1500 X132.96 Y115.557 E695.70169
G1 X132.96 Y96.884 E696.63328
G1 X131.968 Y96.884 E696.68278
G1 X131.678 Y96.842 E696.6974
G1 X131.621 Y96.764 E696.70221
G1 X128.3 Y96.764 E696.8679
G1 X128.3 Y120.215 E698.03788
G0 F9000 X129.811 Y118.591
;TYPE:FILL
G1 F3000 X128.379 Y117.159 E698.13891
G0 F9000 X128.38 Y101.24
G1 F3000 X132.657 Y96.963 E698.44068
G0 F9000 X132.657 Y97.094
G1 F2700 E689.44068
G0 F9000 X133.53 Y115.444
G0 X134.017 Y116.835
G0 X134.314 Y117.582
G0 X147.493 Y117.577
G0 X148.07 Y116.589
G0 X147.84 Y115.724
;TYPE:WALL-OUTER
G1 F2700 E698.44068
G1 F1500 X154.1 Y115.724 E698.75299
G1 X154.1 Y98.189 E699.62781
G1 X152.284 Y98.192 E699.71841
G1 X147.84 Y102.635 E700.03193
G1 X147.84 Y115.724 E700.68494
G0 F9000 X148.24 Y115.324
;TYPE:WALL-INNER
G1 F1500 X153.7 Y115.324 E700.95734
G1 X153.7 Y98.59 E701.7922
G1 X152.45 Y98.592 E701.85457
G1 X148.24 Y102.801 E702.15157
G1 X148.24 Y115.324 E702.77634
G0 F9000 X148.64 Y114.924
G1 F1500 X153.3 Y114.924 E703.00883
G1 X153.3 Y98.991 E703.80373
G1 X152.616 Y98.992 E703.83786
G1 X148.64 Y102.967 E704.11835
G1 X148.64 Y114.924 E704.71489
G0 F9000 X150.29 Y101.6
;TYPE:FILL
G1 F3000 X153.1 Y101.6 E704.85508
G0 F9000 X153.22 Y101.242
G1 F3000 X153.15 Y101.172 E704.86002
G0 F9000 X153.2 Y101.172
G0 X150.975 Y101.326
G0 X150.854 Y101.035
G0 X151.461 Y100.289
G0 X151.913 Y100.742
;TYPE:SKIN
G1 F1608.6 X152.554 Y100.742 E704.88984
G1 X152.554 Y100.106 E704.91943
G1 X151.913 Y100.742 E704.96144
G0 F9000 X151.102 Y101.132
G1 F1500 X152.94 Y101.128 E705.05314
G1 X152.94 Y99.35 E705.14184
G1 X152.764 Y99.352 E705.15062
G1 X151.067 Y101.047 E705.27028
G1 X151.102 Y101.132 E705.27487
G0 F9000 X150.586 Y101.343
G1 F2700 E696.27487
;MESH:NONMESH
G0 F300 X150.586 Y101.343 Z2.55
G0 F9000 X148.068 Y102.728
G0 X147.295 Y101.956
G0 X124.955 Y88.491
G0 X124.953 Y93.289
G0 X116.987 Y93.289
G0 X96.647 Y91.062
G0 X96.647 Y71.823
G0 X104.107 Y70.823
G0 X106.68 Y70.811
G0 X106.68 Y71.676
;TIME_ELAPSED:1104.338299
;LAYER:8
;TYPE:SUPPORT
G1 F2700 E705.27487
G1 F1500 X106.68 Y73.509 E705.36632
G1 X105.16 Y73.509 E705.44215
G1 X105.16 Y73.415 E705.44684
G1 X104.96 Y73.358 E705.45722
G1 X104.96 Y71.676 E705.54113
G1 X109.347 Y71.676 E705.76
G1 X109.347 Y73.509 E705.85145
G1 X112.014 Y73.509 E705.98451
G1 X112.014 Y71.676 E706.07595
G1 X116.712 Y71.676 E706.31034
G1 X116.789 Y71.861 E706.32034
G1 X116.64 Y72.009 E706.33081
G1 X116.64 Y73.345 E706.39747
G1 X116.44 Y73.411 E706.40797
G1 X116.44 Y73.51 E706.41291
G1 X114.681 Y73.509 E706.50067
G1 X114.681 Y71.676 E706.59212
G1 F2700 E697.59212
G0 F9000 X114.681 Y70.811
G0 X104.107 Y70.823
G0 X96.647 Y71.823
G0 X96.647 Y90.762
G0 X99.975 Y90.769
G0 X102.609 Y88.135
G0 X114.681 Y114.025
G0 X114.681 Y114.891
G1 F2700 E706.59212
G1 F1500 X114.681 Y116.724 E706.68357
G1 X116.64 Y116.724 E706.7813
G1 X116.64 Y115.042 E706.86522
G1 X116.44 Y114.985 E706.87559
G1 X116.44 Y114.891 E706.88028
G1 X112.014 Y114.891 E707.1011
G1 X112.014 Y116.724 E707.19255
G1 X109.347 Y116.724 E707.3256
G1 X109.347 Y114.891 E707.41705
G1 X105.16 Y114.89 E707.62594
G1 X105.16 Y114.989 E707.63088
G1 X104.96 Y115.055 E707.64139
G1 X104.96 Y116.391 E707.70804
G1 X104.811 Y116.539 E707.71852
G1 X104.888 Y116.724 E707.72852
G1 X106.68 Y116.724 E707.81792
G1 X106.68 Y114.891 E707.90937
G1 F2700 E698.90937
G0 F9000 X106.68 Y114.025
G0 X116.979 Y102.277
G0 X121.625 Y97.631
G0 X124.953 Y97.638
G0 X126.642 Y123.076
G0 X127.454 Y123.412
G0 X136.017 Y117.589
G0 X136.017 Y116.724
G1 F2700 E707.90937
G1 F1500 X136.017 Y114.891 E708.00082
G1 X135.16 Y114.89 E708.04357
G1 X135.16 Y114.989 E708.04851
G1 X134.96 Y115.055 E708.05902
G1 X134.96 Y116.391 E708.12567
G1 X134.811 Y116.539 E708.13615
G1 X134.888 Y116.724 E708.14615
G1 X138.684 Y116.724 E708.33553
G1 X138.684 Y114.891 E708.42698
G1 X141.351 Y114.891 E708.56004
G1 X141.351 Y116.724 E708.65149
G1 X146.64 Y116.724 E708.91535
G1 X146.64 Y115.042 E708.99927
G1 X146.44 Y114.985 E709.00965
G1 X146.44 Y114.891 E709.01434
G1 X144.018 Y114.891 E709.13517
G1 X144.018 Y116.724 E709.22662
G1 F2700 E700.22662
;MESH:wildrosebuilds_puzzlecube.stl(1)
G0 F9000 X144.018 Y117.589
G0 X147.493 Y117.577
G0 X154.953 Y116.577
G0 X154.953 Y97.638
G0 X120.486 Y93.301
G0 X117.84 Y92.436
;TYPE:WALL-OUTER
G1 F2700 E709.22662
G1 F1500 X118.308 Y92.436 E709.24997
G1 X118.342 Y92.363 E709.25398
G1 X118.472 Y92.316 E709.26088
G1 X120.109 Y92.316 E709.34255
G1 X120.2 Y92.436 E709.35006
G1 X124.1 Y92.436 E709.54464
G1 X124.1 Y66.248 E710.85116
G1 X117.84 Y72.507 E711.2928
G1 X117.84 Y92.436 E712.28706
G0 F9000 X118.24 Y92.001
;TYPE:WALL-INNER
G1 F1500 X118.472 Y91.916 E712.29939
G1 X120.205 Y91.916 E712.38585
G1 X120.295 Y92.036 E712.39333
G1 X123.7 Y92.036 E712.56321
G1 X123.7 Y67.214 E713.80159
G1 X118.24 Y72.673 E714.18678
G1 X118.24 Y92.001 E715.15106
G0 F9000 X118.64 Y91.516
G1 F1500 X120.06 Y91.516 E715.2219
G1 X120.328 Y91.552 E715.2354
G1 X120.391 Y91.636 E715.24063
G1 X123.3 Y91.636 E715.38576
G1 X123.3 Y68.179 E716.55604
G1 X118.64 Y72.839 E716.88483
G1 X118.64 Y91.516 E717.81663
;TYPE:FILL
G1 F3000 X118.72 Y91.357
G1 X123.22 Y86.857 E718.13413
G0 F9000 X123.22 Y71.544
G1 F3000 X121.634 Y69.958 E718.24603
G0 F9000 X121.725 Y70.049
G1 F2700 E709.24603
G0 F9000 X118.07 Y89.206
G0 X116.975 Y89.206
G0 X104.625 Y85.672
G0 X99.617 Y89.908
;TYPE:WALL-OUTER
G1 F2700 E718.24603
G1 F1500 X103.76 Y85.765 E718.53834
G1 X103.76 Y72.676 E719.19135
G1 X97.5 Y72.676 E719.50366
G1 X97.5 Y89.908 E720.36337
G1 X99.617 Y89.908 E720.46899
G0 F9000 X99.451 Y89.508
;TYPE:WALL-INNER
G1 F1500 X103.36 Y85.599 E720.74479
G1 X103.36 Y73.076 E721.36956
G1 X97.9 Y73.076 E721.64196
G1 X97.9 Y89.508 E722.46176
G1 X99.451 Y89.508 E722.53914
G0 F9000 X99.285 Y89.108
G1 F1500 X102.96 Y85.433 E722.79843
G1 X102.96 Y73.476 E723.39497
G1 X98.3 Y73.476 E723.62746
G1 X98.3 Y89.108 E724.40734
G1 X99.285 Y89.108 E724.45648
G0 F9000 X98.472 Y88.936
G0 X98.4 Y86.93
G0 X98.451 Y86.93
;TYPE:FILL
G1 F3000 X98.38 Y86.858 E724.46153
G0 F9000 X98.4 Y88.181
G0 X99.09 Y88.181
;TYPE:SKIN
G1 F1307.2 X99.875 Y87.394 E724.52516
G1 X99.089 Y87.397 E724.57016
G1 X99.09 Y88.181 E724.61505
G0 F9000 X99.133 Y88.748
G1 F1500 X100.828 Y87.048 E724.73481
G1 X100.793 Y86.965 E724.73931
G1 X98.66 Y86.968 E724.84572
G1 X98.66 Y88.748 E724.93453
G1 X99.133 Y88.748 E724.95813
G1 F2700 E715.95813
;MESH:wildrosebuilds_puzzlecube.stl
G0 F9000 X99.133 Y89.008
G0 X97.731 Y89.698
G0 X97.732 Y90.773
G0 X97.731 Y95.099
G0 X97.5 Y122.146
;TYPE:WALL-OUTER
G1 F2700 E724.95813
G1 F1500 X103.76 Y115.889 E725.3997
G1 X103.76 Y95.964 E726.39376
G1 X103.287 Y95.964 E726.41736
G1 X103.254 Y96.037 E726.42135
G1 X103.124 Y96.084 E726.42825
G1 X101.487 Y96.084 E726.50992
G1 X101.396 Y95.964 E726.51743
G1 X97.5 Y95.964 E726.71181
G1 X97.5 Y122.146 E728.01803
G0 F9000 X97.748 Y121.554
G0 X98.171 Y120.549
G0 X97.9 Y121.181
;TYPE:WALL-INNER
G1 F1500 X103.36 Y115.723 E728.40319
G1 X103.36 Y96.398 E729.36732
G1 X103.124 Y96.484 E729.37985
G1 X101.391 Y96.484 E729.46631
G1 X101.301 Y96.364 E729.4738
G1 X97.9 Y96.364 E729.64347
G1 X97.9 Y121.181 E730.8816
G0 F9000 X98.148 Y120.588
G0 X98.3 Y120.215
G1 F1500 X102.96 Y115.557 E731.21032
G1 X102.96 Y96.884 E732.14192
G1 X101.536 Y96.884 E732.21296
G1 X101.268 Y96.848 E732.22645
G1 X101.205 Y96.764 E732.23169
G1 X98.3 Y96.764 E732.37662
G1 X98.3 Y120.215 E733.54659
G0 F9000 X99.962 Y118.44
;TYPE:FILL
G1 F3000 X98.38 Y116.858 E733.65821
G0 F9000 X98.38 Y101.541
G1 F3000 X102.88 Y97.042 E733.97568
G0 F9000 X102.75 Y97.094
G1 F2700 E724.97568
G0 F9000 X103.53 Y115.444
G0 X104.017 Y116.835
G0 X104.314 Y117.582
G0 X117.493 Y117.577
G0 X118.07 Y116.589
G0 X117.84 Y115.724
;TYPE:WALL-OUTER
G1 F2700 E733.97568
G1 F1500 X124.1 Y115.724 E734.28799
G1 X124.1 Y98.489 E735.14785
G1 X121.984 Y98.492 E735.25342
G1 X117.84 Y102.635 E735.54576
G1 X117.84 Y115.724 E736.19877
G0 F9000 X118.24 Y115.324
;TYPE:WALL-INNER
G1 F1500 X123.7 Y115.324 E736.47118
G1 X123.7 Y98.89 E737.29107
G1 X122.15 Y98.892 E737.3684
G1 X118.24 Y102.801 E737.64424
G1 X118.24 Y115.324 E738.26901
G0 F9000 X118.64 Y114.924
G1 F1500 X123.3 Y114.924 E738.5015
G1 X123.3 Y99.29 E739.28148
G1 X122.316 Y99.292 E739.33058
G1 X118.64 Y102.967 E739.5899
G1 X118.64 Y114.924 E740.18644
G0 F9000 X123.22 Y101.543
;TYPE:FILL
G1 F3000 X123.148 Y101.471 E740.19152
G0 F9000 X123.2 Y101.471
G0 X123.128 Y99.463
G0 X122.384 Y99.456
G0 X121.239 Y100.511
G0 X121.724 Y100.997
;TYPE:SKIN
G1 F1304.3 X122.51 Y100.995 E740.23662
G1 X122.51 Y100.212 E740.28154
G1 X121.724 Y100.997 E740.34527
G0 F9000 X121.239 Y100.511
G0 X120.774 Y101.113
G0 X120.237 Y101.673
G0 X120.563 Y101.53
G0 X120.802 Y101.432
G1 F1500 X122.94 Y101.428 E740.45194
G1 X122.94 Y99.649 E740.54069
G1 X122.464 Y99.652 E740.56444
G1 X120.767 Y101.347 E740.6841
G1 X120.802 Y101.432 E740.68869
G1 F2700 E731.68869
;MESH:wildrosebuilds_puzzlecube.stl(2)
G0 F9000 X120.562 Y101.529
G0 X123.876 Y115.5
G0 X124.965 Y115.5
G0 X126.635 Y115.5
G0 X127.5 Y122.146
;TYPE:WALL-OUTER
G1 F2700 E740.68869
G1 F1500 X133.76 Y115.889 E741.13026
G1 X133.76 Y95.964 E742.12432
G1 X133.287 Y95.964 E742.14792
G1 X133.254 Y96.037 E742.15192
G1 X133.124 Y96.084 E742.15881
G1 X131.487 Y96.084 E742.24048
G1 X131.396 Y95.964 E742.248
G1 X127.5 Y95.964 E742.44237
G1 X127.5 Y122.146 E743.7486
G0 F9000 X127.748 Y121.554
G0 X128.171 Y120.549
G0 X127.9 Y121.181
;TYPE:WALL-INNER
G1 F1500 X133.36 Y115.723 E744.13376
G1 X133.36 Y96.398 E745.09789
G1 X133.124 Y96.484 E745.11042
G1 X131.391 Y96.484 E745.19688
G1 X131.301 Y96.364 E745.20436
G1 X127.9 Y96.364 E745.37404
G1 X127.9 Y121.181 E746.61216
G0 F9000 X128.148 Y120.588
G0 X128.3 Y120.215
G1 F1500 X132.96 Y115.557 E746.94088
G1 X132.96 Y96.884 E747.87248
G1 X131.536 Y96.884 E747.94352
G1 X131.268 Y96.848 E747.95701
G1 X131.205 Y96.764 E747.96225
G1 X128.3 Y96.764 E748.10718
G1 X128.3 Y120.215 E749.27716
G0 F9000 X129.962 Y118.44
;TYPE:FILL
G1 F3000 X128.379 Y116.858 E749.38881
G0 F9000 X128.38 Y101.541
G1 F3000 X132.88 Y97.042 E749.70628
G0 F9000 X132.75 Y97.094
G1 F2700 E740.70628
G0 F9000 X133.53 Y115.444
G0 X134.017 Y116.835
G0 X134.314 Y117.582
G0 X147.493 Y117.577
G0 X148.07 Y116.589
G0 X147.84 Y115.724
;TYPE:WALL-OUTER
G1 F2700 E749.70628
G1 F1500 X154.1 Y115.724 E750.01859
G1 X154.1 Y98.489 E750.87845
G1 X151.984 Y98.492 E750.98401
G1 X147.84 Y102.635 E751.27636
G1 X147.84 Y115.724 E751.92937
G0 F9000 X148.24 Y115.324
;TYPE:WALL-INNER
G1 F1500 X153.7 Y115.324 E752.20177
G1 X153.7 Y98.89 E753.02167
G1 X152.15 Y98.892 E753.099
G1 X148.24 Y102.801 E753.37484
G1 X148.24 Y115.324 E753.99961
G0 F9000 X148.64 Y114.924
G1 F1500 X153.3 Y114.924 E754.2321
G1 X153.3 Y99.29 E755.01208
G1 X152.316 Y99.292 E755.06117
G1 X148.64 Y102.967 E755.3205
G1 X148.64 Y114.924 E755.91704
G0 F9000 X153.22 Y101.543
;TYPE:FILL
G1 F3000 X153.147 Y101.471 E755.92215
G0 F9000 X153.2 Y101.471
G0 X153.128 Y99.463
G0 X152.384 Y99.456
G0 X151.239 Y100.511
G0 X151.724 Y100.997
;TYPE:SKIN
G1 F1304.3 X152.51 Y100.995 E755.96725
G1 X152.51 Y100.212 E756.01217
G1 X151.724 Y100.997 E756.07591
G0 F9000 X151.239 Y100.511
G0 X150.775 Y101.113
G0 X150.238 Y101.673
G0 X150.563 Y101.53
G0 X150.802 Y101.432
G1 F1500 X152.94 Y101.428 E756.18257
G1 X152.94 Y99.649 E756.27133
G1 X152.464 Y99.652 E756.29508
G1 X150.767 Y101.347 E756.41474
G1 X150.802 Y101.432 E756.41932
G1 F2700 E747.41932
;MESH:NONMESH
G0 F300 X150.802 Y101.432 Z2.85
G0 F9000 X150.562 Y101.529
G0 X148.88 Y103.089
G0 X148.068 Y102.728
G0 X147.295 Y101.956
G0 X124.955 Y88.491
G0 X124.953 Y93.289
G0 X116.987 Y93.289
G0 X96.647 Y90.762
G0 X96.647 Y71.823
G0 X104.107 Y70.823
G0 X106.68 Y70.811
G0 X106.68 Y71.676
;TIME_ELAPSED:1167.577933
;LAYER:9
;TYPE:SUPPORT
G1 F2700 E756.41932
G1 F1500 X106.68 Y73.509 E756.51077
G1 X105.16 Y73.509 E756.58661
G1 X105.16 Y73.415 E756.5913
G1 X104.96 Y73.358 E756.60167
G1 X104.96 Y71.676 E756.68559
G1 X109.347 Y71.676 E756.90445
G1 X109.347 Y73.509 E756.9959
G1 X112.014 Y73.509 E757.12896
G1 X112.014 Y71.676 E757.22041
G1 X116.712 Y71.676 E757.45479
G1 X116.789 Y71.861 E757.46479
G1 X116.64 Y72.009 E757.47527
G1 X116.64 Y73.345 E757.54192
G1 X116.44 Y73.411 E757.55243
G1 X116.44 Y73.51 E757.55737
G1 X114.681 Y73.509 E757.64513
G1 X114.681 Y71.676 E757.73657
G1 F2700 E748.73657
G0 F9000 X114.681 Y70.811
G0 X104.107 Y70.823
G0 X96.647 Y71.823
G0 X96.647 Y90.462
G0 X100.275 Y90.469
G0 X101.507 Y89.237
G0 X114.681 Y114.025
G0 X114.681 Y114.891
G1 F2700 E757.73657
G1 F1500 X114.681 Y116.724 E757.82802
G1 X116.64 Y116.724 E757.92576
G1 X116.64 Y115.042 E758.00967
G1 X116.44 Y114.985 E758.02005
G1 X116.44 Y114.891 E758.02474
G1 X112.014 Y114.891 E758.24555
G1 X112.014 Y116.724 E758.337
G1 X109.347 Y116.724 E758.47006
G1 X109.347 Y114.891 E758.56151
G1 X105.16 Y114.89 E758.7704
G1 X105.16 Y114.989 E758.77534
G1 X104.96 Y115.055 E758.78584
G1 X104.96 Y116.391 E758.8525
G1 X104.811 Y116.539 E758.86297
G1 X104.888 Y116.724 E758.87297
G1 X106.68 Y116.724 E758.96237
G1 X106.68 Y114.891 E759.05382
G1 F2700 E750.05382
G0 F9000 X106.68 Y114.025
G0 X116.979 Y102.277
G0 X121.325 Y97.931
G0 X124.953 Y97.938
G0 X126.642 Y123.076
G0 X127.454 Y123.412
G0 X136.017 Y117.589
G0 X136.017 Y116.724
G1 F2700 E759.05382
G1 F1500 X136.017 Y114.891 E759.14527
G1 X135.16 Y114.89 E759.18803
G1 X135.16 Y114.989 E759.19297
G1 X134.96 Y115.055 E759.20347
G1 X134.96 Y116.391 E759.27013
G1 X134.811 Y116.539 E759.28061
G1 X134.888 Y116.724 E759.2906
G1 X138.684 Y116.724 E759.47999
G1 X138.684 Y114.891 E759.57143
G1 X141.351 Y114.891 E759.70449
G1 X141.351 Y116.724 E759.79594
G1 X146.64 Y116.724 E760.05981
G1 X146.64 Y115.042 E760.14372
G1 X146.44 Y114.985 E760.1541
G1 X146.44 Y114.891 E760.15879
G1 X144.018 Y114.891 E760.27962
G1 X144.018 Y116.724 E760.37107
G1 F2700 E751.37107
;MESH:wildrosebuilds_puzzlecube.stl(1)
G0 F9000 X144.018 Y117.589
G0 X147.493 Y117.577
G0 X154.953 Y116.577
G0 X154.953 Y97.938
G0 X134.613 Y95.111
G0 X118.891 Y93.301
G0 X117.84 Y92.436
;TYPE:WALL-OUTER
G1 F2700 E760.37107
G1 F1500 X119.161 Y92.436 E760.43698
G1 X119.235 Y92.316 E760.44401
G1 X121.16 Y92.316 E760.54005
G1 X121.246 Y92.436 E760.54742
G1 X124.1 Y92.436 E760.6898
G1 X124.1 Y66.248 E761.99633
G1 X117.84 Y72.507 E762.43797
G1 X117.84 Y92.436 E763.43223
G0 F9000 X118.24 Y92.036
;TYPE:WALL-INNER
G1 F1500 X119.01 Y92.036 E763.47065
G1 X119.046 Y91.978 E763.47405
G1 X119.312 Y91.916 E763.48768
G1 X121.104 Y91.916 E763.57708
G1 X121.29 Y91.945 E763.58647
G1 X121.356 Y92.036 E763.59208
G1 X123.7 Y92.036 E763.70902
G1 X123.7 Y67.214 E764.9474
G1 X118.24 Y72.673 E765.3326
G1 X118.24 Y92.036 E766.29862
G0 F9000 X118.64 Y91.636
G1 F1500 X118.869 Y91.619 E766.31008
G1 X119.312 Y91.516 E766.33277
G1 X121.104 Y91.516 E766.42217
G1 X121.414 Y91.565 E766.43783
G1 X121.466 Y91.636 E766.44222
G1 X123.3 Y91.636 E766.53372
G1 X123.3 Y68.179 E767.70399
G1 X118.64 Y72.839 E768.03278
G1 X118.64 Y91.636 E768.97057
G0 F9000 X118.72 Y91.058
;TYPE:FILL
G1 F3000 X123.22 Y86.558 E769.28807
G0 F9000 X123.22 Y71.843
G1 F3000 X121.484 Y70.108 E769.41051
G0 F9000 X121.575 Y70.199
G1 F2700 E760.41051
G0 F9000 X118.07 Y88.906
G0 X116.975 Y88.906
G0 X104.625 Y85.672
G0 X99.917 Y89.608
;TYPE:WALL-OUTER
G1 F2700 E769.41051
G1 F1500 X103.76 Y85.765 E769.68166
G1 X103.76 Y72.676 E770.33467
G1 X97.5 Y72.676 E770.64698
G1 X97.5 Y89.608 E771.49173
G1 X99.917 Y89.608 E771.61231
G0 F9000 X99.751 Y89.208
;TYPE:WALL-INNER
G1 F1500 X103.36 Y85.599 E771.86694
G1 X103.36 Y73.076 E772.49172
G1 X97.9 Y73.076 E772.76412
G1 X97.9 Y89.208 E773.56895
G1 X99.751 Y89.208 E773.6613
G0 F9000 X99.585 Y88.808
G1 F1500 X102.96 Y85.433 E773.89942
G1 X102.96 Y73.476 E774.49596
G1 X98.3 Y73.476 E774.72845
G1 X98.3 Y88.808 E775.49336
G1 X99.585 Y88.808 E775.55747
G0 F9000 X98.472 Y88.636
G0 X98.4 Y86.628
G0 X98.45 Y86.628
;TYPE:FILL
G1 F3000 X98.38 Y86.558 E775.56241
G0 F9000 X98.472 Y88.636
G0 X99.433 Y88.708
G0 X99.433 Y88.448
;TYPE:SKIN
G1 F1500 X101.131 Y86.75 E775.68221
G1 X101.096 Y86.668 E775.68666
G1 X98.66 Y86.668 E775.80819
G1 X98.66 Y88.448 E775.897
G1 X99.433 Y88.448 E775.93556
G0 F9000 X98.994 Y88.248
G1 F1500 X100.374 Y86.868 E776.03293
G0 F9000 X99.808 Y86.868
G1 F1500 X98.861 Y87.816 E776.09978
G0 F9000 X98.861 Y87.25
G1 F1500 X99.242 Y86.868 E776.1267
G0 F9000 X99.242 Y86.108
G1 F2700 E767.1267
;MESH:wildrosebuilds_puzzlecube.stl
G0 F9000 X98.472 Y86.481
G0 X98.482 Y87.635
G0 X97.733 Y89.398
G0 X97.734 Y90.473
G0 X97.733 Y95.099
G0 X97.5 Y122.146
;TYPE:WALL-OUTER
G1 F2700 E776.1267
G1 F1500 X103.76 Y115.889 E776.56827
G1 X103.76 Y95.964 E777.56233
G1 X102.435 Y95.964 E777.62844
G1 X102.361 Y96.084 E777.63547
G1 X100.436 Y96.084 E777.73151
G1 X100.35 Y95.964 E777.73887
G1 X97.5 Y95.964 E777.88106
G1 X97.5 Y122.146 E779.18729
G0 F9000 X97.748 Y121.554
G0 X98.171 Y120.549
G0 X97.9 Y121.181
;TYPE:WALL-INNER
G1 F1500 X103.36 Y115.723 E779.57245
G1 X103.36 Y96.364 E780.53827
G1 X102.586 Y96.364 E780.57689
G1 X102.55 Y96.423 E780.58034
G1 X102.284 Y96.484 E780.59395
G1 X100.492 Y96.484 E780.68335
G1 X100.306 Y96.455 E780.69275
G1 X100.24 Y96.364 E780.69835
G1 X97.9 Y96.364 E780.8151
G1 X97.9 Y121.181 E782.05322
G0 F9000 X98.148 Y120.588
G0 X98.3 Y120.215
G1 F1500 X102.96 Y115.557 E782.38194
G1 X102.96 Y96.764 E783.31953
G1 X102.727 Y96.781 E783.33118
G1 X102.284 Y96.884 E783.35387
G1 X100.492 Y96.884 E783.44328
G1 X100.182 Y96.835 E783.45893
G1 X100.13 Y96.764 E783.46332
G1 X98.3 Y96.764 E783.55462
G1 X98.3 Y120.215 E784.7246
G0 F9000 X100.112 Y118.29
;TYPE:FILL
G1 F3000 X98.38 Y116.558 E784.8468
G0 F9000 X98.38 Y101.841
G1 F3000 X102.88 Y97.342 E785.16426
G0 F9000 X102.75 Y97.342
G1 F2700 E776.16426
G0 F9000 X103.53 Y115.444
G0 X104.017 Y116.835
G0 X104.314 Y117.582
G0 X117.493 Y117.577
G0 X118.07 Y116.589
G0 X117.84 Y115.724
;TYPE:WALL-OUTER
G1 F2700 E785.16426
G1 F1500 X124.1 Y115.724 E785.47658
G1 X124.1 Y98.789 E786.32147
G1 X121.684 Y98.792 E786.442
G1 X117.84 Y102.635 E786.71318
G1 X117.84 Y115.724 E787.36619
G0 F9000 X118.24 Y115.324
;TYPE:WALL-INNER
G1 F1500 X123.7 Y115.324 E787.6386
G1 X123.7 Y99.189 E788.44357
G1 X121.85 Y99.192 E788.53587
G1 X118.24 Y102.801 E788.79054
G1 X118.24 Y115.324 E789.41532
G0 F9000 X118.64 Y114.924
G1 F1500 X123.3 Y114.924 E789.6478
G1 X123.3 Y99.59 E790.41282
G1 X122.016 Y99.592 E790.47688
G1 X118.64 Y102.967 E790.71504
G1 X118.64 Y114.924 E791.31158
G0 F9000 X123.22 Y101.843
;TYPE:FILL
G1 F3000 X123.149 Y101.772 E791.31659
G0 F9000 X123.2 Y101.772
G0 X120.375 Y101.925
G0 X120.502 Y101.732
;TYPE:SKIN
G1 F1500 X122.94 Y101.728 E791.43822
G1 X122.94 Y99.949 E791.52697
G1 X122.164 Y99.952 E791.56569
G1 X120.467 Y101.647 E791.68535
G1 X120.502 Y101.732 E791.68994
G0 F9000 X120.263 Y101.83
G0 X123.128 Y101.919
G0 X123.128 Y99.762
G0 X122.73 Y99.69
G0 X122.73 Y100.15
G1 F1500 X121.35 Y101.53 E791.7873
G0 F9000 X121.917 Y101.529
G1 F1500 X122.74 Y100.706 E791.84537
G0 F9000 X122.74 Y101.272
G1 F1500 X122.483 Y101.529 E791.8635
G0 F9000 X122.483 Y102.292
G1 F2700 E782.8635
;MESH:wildrosebuilds_puzzlecube.stl(2)
G0 F9000 X123.876 Y115.5
G0 X124.965 Y115.5
G0 X126.635 Y115.5
G0 X127.5 Y122.146
;TYPE:WALL-OUTER
G1 F2700 E791.8635
G1 F1500 X133.76 Y115.889 E792.30507
G1 X133.76 Y95.964 E793.29914
G1 X132.435 Y95.964 E793.36524
G1 X132.361 Y96.084 E793.37227
G1 X130.436 Y96.084 E793.46831
G1 X130.35 Y95.964 E793.47568
G1 X127.5 Y95.964 E793.61787
G1 X127.5 Y122.146 E794.92409
G0 F9000 X127.748 Y121.554
G0 X128.171 Y120.549
G0 X127.9 Y121.181
;TYPE:WALL-INNER
G1 F1500 X133.36 Y115.723 E795.30925
G1 X133.36 Y96.364 E796.27508
G1 X132.586 Y96.364 E796.31369
G1 X132.55 Y96.423 E796.31714
G1 X132.284 Y96.484 E796.33076
G1 X130.492 Y96.484 E796.42016
G1 X130.306 Y96.455 E796.42955
G1 X130.24 Y96.364 E796.43516
G1 X127.9 Y96.364 E796.5519
G1 X127.9 Y121.181 E797.79003
G0 F9000 X128.148 Y120.588
G0 X128.3 Y120.215
G1 F1500 X132.96 Y115.557 E798.11874
G1 X132.96 Y96.764 E799.05633
G1 X132.727 Y96.781 E799.06799
G1 X132.284 Y96.884 E799.09068
G1 X130.492 Y96.884 E799.18008
G1 X130.182 Y96.835 E799.19574
G1 X130.13 Y96.764 E799.20013
G1 X128.3 Y96.764 E799.29143
G1 X128.3 Y120.215 E800.4614
G0 F9000 X130.112 Y118.29
;TYPE:FILL
G1 F3000 X128.379 Y116.558 E800.58364
G0 F9000 X128.38 Y101.841
G1 F3000 X132.88 Y97.341 E800.90114
G0 F9000 X132.75 Y97.341
G1 F2700 E791.90114
G0 F9000 X133.53 Y115.444
G0 X134.017 Y116.835
G0 X134.314 Y117.582
G0 X147.493 Y117.577
G0 X148.07 Y116.589
G0 X147.84 Y115.724
;TYPE:WALL-OUTER
G1 F2700 E800.90114
G1 F1500 X154.1 Y115.724 E801.21345
G1 X154.1 Y98.789 E802.05834
G1 X151.684 Y98.792 E802.17888
G1 X147.84 Y102.635 E802.45006
G1 X147.84 Y115.724 E803.10307
G0 F9000 X148.24 Y115.324
;TYPE:WALL-INNER
G1 F1500 X153.7 Y115.324 E803.37547
G1 X153.7 Y99.189 E804.18045
G1 X151.85 Y99.192 E804.27275
G1 X148.24 Y102.801 E804.52742
G1 X148.24 Y115.324 E805.15219
G0 F9000 X148.64 Y114.924
G1 F1500 X153.3 Y114.924 E805.38468
G1 X153.3 Y99.59 E806.1497
G1 X152.016 Y99.592 E806.21375
G1 X148.64 Y102.967 E806.45191
G1 X148.64 Y114.924 E807.04845
G0 F9000 X153.22 Y101.843
;TYPE:FILL
G1 F3000 X153.149 Y101.772 E807.05346
G0 F9000 X153.2 Y101.772
G0 X150.375 Y101.925
G0 X150.502 Y101.732
;TYPE:SKIN
G1 F1500 X152.94 Y101.728 E807.17509
G1 X152.94 Y99.949 E807.26385
G1 X152.164 Y99.952 E807.30256
G1 X150.467 Y101.647 E807.42223
G1 X150.502 Y101.732 E807.42681
G0 F9000 X150.263 Y101.83
G0 X153.128 Y101.919
G0 X153.128 Y99.762
G0 X152.712 Y99.69
G0 X152.712 Y100.15
G1 F1500 X151.33 Y101.531 E807.52428
G0 F9000 X151.897 Y101.53
G1 F1500 X152.74 Y100.687 E807.58376
G0 F9000 X152.74 Y101.253
G1 F1500 X152.464 Y101.529 E807.60324
G0 F9000 X152.464 Y102.292
G1 F2700 E798.60324
;MESH:NONMESH
G0 F300 X152.464 Y102.292 Z3.15
G0 F9000 X149.097 Y102.796
G0 X148.068 Y102.728
G0 X147.295 Y101.956
G0 X124.955 Y88.491
G0 X124.953 Y93.289
G0 X116.987 Y93.289
G0 X96.647 Y90.462
G0 X96.647 Y71.823
G0 X104.107 Y70.823
G0 X106.68 Y70.811
G0 X106.68 Y71.676
;TIME_ELAPSED:1231.565216
;LAYER:10
;TYPE:SUPPORT
G1 F2700 E807.60324
G1 F1500 X106.68 Y73.509 E807.69468
G1 X105.16 Y73.509 E807.77052
G1 X105.16 Y73.415 E807.77521
G1 X104.96 Y73.358 E807.78558
G1 X104.96 Y71.676 E807.8695
G1 X109.347 Y71.676 E808.08837
G1 X109.347 Y73.509 E808.17981
G1 X112.014 Y73.509 E808.31287
G1 X112.014 Y71.676 E808.40432
G1 X116.712 Y71.676 E808.6387
G1 X116.789 Y71.861 E808.6487
G1 X116.64 Y72.009 E808.65918
G1 X116.64 Y73.345 E808.72583
G1 X116.44 Y73.411 E808.73634
G1 X116.44 Y73.51 E808.74128
G1 X114.681 Y73.509 E808.82904
G1 X114.681 Y71.676 E808.92048
G1 F2700 E799.92048
G0 F9000 X114.681 Y70.811
G0 X104.107 Y70.823
G0 X96.647 Y71.823
G0 X96.647 Y90.162
G0 X100.575 Y90.169
G0 X101.722 Y89.022
G0 X114.681 Y114.025
G0 X114.681 Y114.891
G1 F2700 E808.92048
G1 F1500 X114.681 Y116.724 E809.01193
G1 X116.64 Y116.724 E809.10967
G1 X116.64 Y115.042 E809.19358
G1 X116.44 Y114.985 E809.20396
G1 X116.44 Y114.891 E809.20865
G1 X112.014 Y114.891 E809.42946
G1 X112.014 Y116.724 E809.52091
G1 X109.347 Y116.724 E809.65397
G1 X109.347 Y114.891 E809.74542
G1 X105.16 Y114.89 E809.95431
G1 X105.16 Y114.989 E809.95925
G1 X104.96 Y115.055 E809.96975
G1 X104.96 Y116.391 E810.03641
G1 X104.811 Y116.539 E810.04688
G1 X104.888 Y116.724 E810.05688
G1 X106.68 Y116.724 E810.14629
G1 X106.68 Y114.891 E810.23773
G1 F2700 E801.23773
G0 F9000 X106.68 Y114.025
G0 X116.979 Y102.277
G0 X121.025 Y98.231
G0 X124.953 Y98.238
G0 X126.642 Y123.076
G0 X127.454 Y123.412
G0 X136.017 Y117.589
G0 X136.017 Y116.724
G1 F2700 E810.23773
G1 F1500 X136.017 Y114.891 E810.32918
G1 X135.16 Y114.89 E810.37194
G1 X135.16 Y114.989 E810.37688
G1 X134.96 Y115.055 E810.38739
G1 X134.96 Y116.391 E810.45404
G1 X134.811 Y116.539 E810.46452
G1 X134.888 Y116.724 E810.47451
G1 X138.684 Y116.724 E810.6639
G1 X138.684 Y114.891 E810.75535
G1 X141.351 Y114.891 E810.8884
G1 X141.351 Y116.724 E810.97985
G1 X146.64 Y116.724 E811.24372
G1 X146.64 Y115.042 E811.32764
G1 X146.44 Y114.985 E811.33801
G1 X146.44 Y114.891 E811.3427
G1 X144.018 Y114.891 E811.46353
G1 X144.018 Y116.724 E811.55498
G1 F2700 E802.55498
;MESH:wildrosebuilds_puzzlecube.stl(1)
G0 F9000 X144.018 Y117.589
G0 X147.493 Y117.577
G0 X154.953 Y116.577
G0 X154.953 Y98.238
G0 X134.613 Y95.111
G0 X119.932 Y93.301
G0 X117.84 Y92.436
;TYPE:WALL-OUTER
G1 F2700 E811.55498
G1 F1500 X120.212 Y92.436 E811.67332
G1 X120.296 Y92.316 E811.68063
G1 X121.738 Y92.316 E811.75257
G1 X121.821 Y92.436 E811.75985
G1 X124.1 Y92.436 E811.87355
G1 X124.1 Y66.248 E813.18008
G1 X117.84 Y72.507 E813.62172
G1 X117.84 Y92.436 E814.61598
G0 F9000 X118.24 Y92.036
;TYPE:WALL-INNER
G1 F1500 X120.093 Y92.036 E814.70843
G1 X120.152 Y91.951 E814.71359
G1 X120.356 Y91.916 E814.72391
G1 X121.676 Y91.916 E814.78977
G1 X121.884 Y91.952 E814.8003
G1 X121.942 Y92.036 E814.80539
G1 X123.7 Y92.036 E814.8931
G1 X123.7 Y67.214 E816.13148
G1 X118.24 Y72.673 E816.51667
G1 X118.24 Y92.036 E817.4827
G0 F9000 X118.64 Y91.636
G1 F1500 X119.974 Y91.636 E817.54925
G1 X120.017 Y91.575 E817.55297
G1 X120.356 Y91.516 E817.57014
G1 X121.676 Y91.516 E817.636
G1 X122.022 Y91.577 E817.65352
G1 X122.063 Y91.636 E817.65711
G1 X123.3 Y91.636 E817.71882
G1 X123.3 Y68.179 E818.8891
G1 X118.64 Y72.839 E819.21789
G1 X118.64 Y91.636 E820.15567
G0 F9000 X118.72 Y90.757
;TYPE:FILL
G1 F3000 X123.22 Y86.258 E820.47314
G0 F9000 X123.22 Y72.143
G1 F3000 X121.335 Y70.257 E820.60617
G0 F9000 X121.426 Y70.348
G1 F2700 E811.60617
G0 F9000 X118.07 Y88.606
G0 X116.975 Y88.606
G0 X104.625 Y85.672
G0 X100.217 Y89.308
;TYPE:WALL-OUTER
G1 F2700 E820.60617
G1 F1500 X103.76 Y85.765 E820.85615
G1 X103.76 Y72.676 E821.50916
G1 X97.5 Y72.676 E821.82147
G1 X97.5 Y89.308 E822.65125
G1 X100.217 Y89.308 E822.7868
G0 F9000 X100.051 Y88.908
;TYPE:WALL-INNER
G1 F1500 X103.36 Y85.599 E823.02026
G1 X103.36 Y73.076 E823.64504
G1 X97.9 Y73.076 E823.91744
G1 X97.9 Y88.908 E824.7073
G1 X100.051 Y88.908 E824.81462
G0 F9000 X99.885 Y88.508
G1 F1500 X102.96 Y85.433 E825.03157
G1 X102.96 Y73.476 E825.62811
G1 X98.3 Y73.476 E825.8606
G1 X98.3 Y88.508 E826.61055
G1 X99.885 Y88.508 E826.68962
G0 F9000 X98.472 Y88.336
G0 X98.4 Y86.329
G0 X98.45 Y86.329
;TYPE:FILL
G1 F3000 X98.38 Y86.259 E826.69456
G0 F9000 X98.472 Y88.336
G0 X99.733 Y88.408
G0 X99.733 Y88.148
;TYPE:SKIN
G1 F1500 X101.431 Y86.45 E826.81437
G1 X101.396 Y86.368 E826.81881
G1 X98.661 Y86.369 E826.95526
G1 X98.66 Y88.148 E827.04402
G1 X99.733 Y88.148 E827.09755
G0 F9000 X99.733 Y88.408
G0 X98.472 Y88.336
G0 X98.4 Y87.546
G0 X98.86 Y87.546
G1 F1500 X99.262 Y87.948 E827.12591
G0 F9000 X99.739 Y87.859
G1 F1500 X98.861 Y86.981 E827.18786
G0 F9000 X99.015 Y86.57
G1 F1500 X100.022 Y87.577 E827.25891
G0 F9000 X100.305 Y87.294
G1 F1500 X99.58 Y86.57 E827.31003
G0 F9000 X100.146 Y86.57
G1 F1500 X100.587 Y87.011 E827.34114
G0 F9000 X100.87 Y86.728
G1 F1500 X100.712 Y86.57 E827.35229
G0 F9000 X100.712 Y85.808
G1 F2700 E818.35229
;MESH:wildrosebuilds_puzzlecube.stl
G0 F9000 X101.526 Y86.175
G0 X101.647 Y86.465
G0 X100.124 Y89.08
G0 X100.125 Y90.173
G0 X99.493 Y95.099
G0 X97.5 Y122.146
;TYPE:WALL-OUTER
G1 F2700 E827.35229
G1 F1500 X103.76 Y115.889 E827.79386
G1 X103.76 Y95.964 E828.78792
G1 X101.388 Y95.964 E828.90626
G1 X101.304 Y96.084 E828.91357
G1 X99.854 Y96.084 E828.98591
G1 X99.771 Y95.964 E828.99319
G1 X97.5 Y95.964 E829.10649
G1 X97.5 Y122.146 E830.41272
G0 F9000 X97.748 Y121.554
G0 X98.171 Y120.549
G0 X97.9 Y121.181
;TYPE:WALL-INNER
G1 F1500 X103.36 Y115.723 E830.79788
G1 X103.36 Y96.364 E831.7637
G1 X101.507 Y96.364 E831.85615
G1 X101.448 Y96.449 E831.86131
G1 X101.244 Y96.484 E831.87164
G1 X99.916 Y96.484 E831.93789
G1 X99.708 Y96.447 E831.94843
G1 X99.65 Y96.364 E831.95349
G1 X97.9 Y96.364 E832.04079
G1 X97.9 Y121.181 E833.27892
G0 F9000 X98.148 Y120.588
G0 X98.3 Y120.215
G1 F1500 X102.96 Y115.557 E833.60764
G1 X102.96 Y96.764 E834.54522
G1 X101.626 Y96.764 E834.61178
G1 X101.583 Y96.825 E834.6155
G1 X101.244 Y96.884 E834.63267
G1 X99.916 Y96.884 E834.69892
G1 X99.57 Y96.823 E834.71645
G1 X99.529 Y96.764 E834.72003
G1 X98.3 Y96.764 E834.78135
G1 X98.3 Y120.215 E835.95132
G0 F9000 X100.262 Y118.141
;TYPE:FILL
G1 F3000 X98.38 Y116.258 E836.08414
G0 F9000 X98.38 Y102.141
G1 F3000 X102.88 Y97.642 E836.40161
G0 F9000 X102.75 Y97.642
G1 F2700 E827.40161
G0 F9000 X103.53 Y115.444
G0 X104.017 Y116.835
G0 X104.314 Y117.582
G0 X117.493 Y117.577
G0 X118.07 Y116.589
G0 X117.84 Y115.724
;TYPE:WALL-OUTER
G1 F2700 E836.40161
G1 F1500 X124.1 Y115.724 E836.71392
G1 X124.1 Y99.089 E837.54384
G1 X121.384 Y99.092 E837.67935
G1 X117.84 Y102.635 E837.92936
G1 X117.84 Y115.724 E838.58237
G0 F9000 X118.24 Y115.324
;TYPE:WALL-INNER
G1 F1500 X123.7 Y115.324 E838.85477
G1 X123.7 Y99.489 E839.64478
G1 X121.55 Y99.492 E839.75205
G1 X118.24 Y102.801 E839.98555
G1 X118.24 Y115.324 E840.61033
G0 F9000 X118.64 Y114.924
G1 F1500 X123.3 Y114.924 E840.84281
G1 X123.3 Y99.89 E841.59286
G1 X121.716 Y99.892 E841.67189
G1 X118.64 Y102.967 E841.88888
G1 X118.64 Y114.924 E842.48542
G0 F9000 X123.22 Y102.143
;TYPE:FILL
G1 F3000 X123.149 Y102.072 E842.49043
G0 F9000 X123.2 Y102.072
G0 X120.075 Y102.225
G0 X120.202 Y102.032
;TYPE:SKIN
G1 F1500 X122.94 Y102.028 E842.62703
G1 X122.94 Y100.249 E842.71578
G1 X121.864 Y100.252 E842.76947
G1 X120.167 Y101.947 E842.88913
G1 X120.202 Y102.032 E842.89371
G0 F9000 X120.816 Y101.582
G1 F1500 X121.064 Y101.83 E842.91121
G0 F9000 X121.098 Y101.299
G1 F1500 X121.629 Y101.83 E842.94868
G0 F9000 X122.194 Y101.829
G1 F1500 X121.382 Y101.017 E843.00597
G0 F9000 X121.665 Y100.734
G1 F1500 X122.74 Y101.81 E843.08185
G0 F9000 X122.74 Y101.244
G1 F1500 X121.948 Y100.452 E843.13773
G0 F9000 X122.513 Y100.451
G1 F1500 X122.74 Y100.679 E843.15378
G1 F2700 E834.15378
;MESH:wildrosebuilds_puzzlecube.stl(2)
G0 F9000 X123.2 Y100.679
G0 X123.876 Y115.5
G0 X124.965 Y115.5
G0 X126.635 Y115.5
G0 X127.5 Y122.146
;TYPE:WALL-OUTER
G1 F2700 E843.15378
G1 F1500 X133.76 Y115.889 E843.59535
G1 X133.76 Y95.964 E844.58941
G1 X131.388 Y95.964 E844.70775
G1 X131.304 Y96.084 E844.71506
G1 X129.854 Y96.084 E844.7874
G1 X129.771 Y95.964 E844.79468
G1 X127.5 Y95.964 E844.90798
G1 X127.5 Y122.146 E846.21421
G0 F9000 X127.748 Y121.554
G0 X128.171 Y120.549
G0 X127.9 Y121.181
;TYPE:WALL-INNER
G1 F1500 X133.36 Y115.723 E846.59937
G1 X133.36 Y96.364 E847.56519
G1 X131.507 Y96.364 E847.65764
G1 X131.448 Y96.449 E847.6628
G1 X131.244 Y96.484 E847.67313
G1 X129.916 Y96.484 E847.73938
G1 X129.708 Y96.447 E847.74992
G1 X129.65 Y96.364 E847.75498
G1 X127.9 Y96.364 E847.84228
G1 X127.9 Y121.181 E849.08041
G0 F9000 X128.148 Y120.588
G0 X128.3 Y120.215
G1 F1500 X132.96 Y115.557 E849.40913
G1 X132.96 Y96.764 E850.34671
G1 X131.626 Y96.764 E850.41327
G1 X131.583 Y96.825 E850.41699
G1 X131.244 Y96.884 E850.43416
G1 X129.916 Y96.884 E850.50041
G1 X129.57 Y96.823 E850.51794
G1 X129.529 Y96.764 E850.52152
G1 X128.3 Y96.764 E850.58284
G1 X128.3 Y120.215 E851.75281
G0 F9000 X130.262 Y118.141
;TYPE:FILL
G1 F3000 X128.379 Y116.258 E851.88567
G0 F9000 X128.38 Y102.141
G1 F3000 X132.88 Y97.642 E852.20313
G0 F9000 X132.75 Y97.642
G1 F2700 E843.20313
G0 F9000 X133.53 Y115.444
G0 X134.017 Y116.835
G0 X134.314 Y117.582
G0 X147.493 Y117.577
G0 X148.07 Y116.589
G0 X147.84 Y115.724
;TYPE:WALL-OUTER
G1 F2700 E852.20313
G1 F1500 X154.1 Y115.724 E852.51545
G1 X154.1 Y99.089 E853.34537
G1 X151.384 Y99.092 E853.48087
G1 X147.84 Y102.635 E853.73088
G1 X147.84 Y115.724 E854.3839
G0 F9000 X148.24 Y115.324
;TYPE:WALL-INNER
G1 F1500 X153.7 Y115.324 E854.6563
G1 X153.7 Y99.489 E855.44631
G1 X151.55 Y99.492 E855.55357
G1 X148.24 Y102.801 E855.78708
G1 X148.24 Y115.324 E856.41185
G0 F9000 X148.64 Y114.924
G1 F1500 X153.3 Y114.924 E856.64434
G1 X153.3 Y99.89 E857.39439
G1 X151.716 Y99.892 E857.47342
G1 X148.64 Y102.967 E857.69041
G1 X148.64 Y114.924 E858.28695
G0 F9000 X153.22 Y102.143
;TYPE:FILL
G1 F3000 X153.149 Y102.072 E858.29196
G0 F9000 X153.2 Y102.072
G0 X150.075 Y102.225
G0 X150.202 Y102.032
;TYPE:SKIN
G1 F1500 X152.94 Y102.028 E858.42855
G1 X152.94 Y100.249 E858.51731
G1 X151.864 Y100.252 E858.57099
G1 X150.167 Y101.947 E858.69065
G1 X150.202 Y102.032 E858.69524
G0 F9000 X150.806 Y101.591
G1 F1500 X151.045 Y101.83 E858.7121
G0 F9000 X151.089 Y101.309
G1 F1500 X151.61 Y101.83 E858.74886
G0 F9000 X152.175 Y101.829
G1 F1500 X151.372 Y101.026 E858.80552
G0 F9000 X151.655 Y100.744
G1 F1500 X152.74 Y101.828 E858.88203
G0 F9000 X152.74 Y101.263
G1 F1500 X151.938 Y100.461 E858.93862
G0 F9000 X152.494 Y100.451
G1 F1500 X152.74 Y100.697 E858.95598
G1 F2700 E849.95598
;MESH:NONMESH
G0 F300 X152.74 Y100.697 Z3.45
G0 F9000 X153.2 Y100.697
G0 X153.128 Y102.219
G0 X148.853 Y103.089
G0 X148.068 Y102.728
G0 X147.295 Y101.956
G0 X124.955 Y88.491
G0 X124.953 Y93.289
G0 X116.987 Y93.289
G0 X96.647 Y90.162
G0 X96.647 Y71.823
G0 X104.107 Y70.823
G0 X106.68 Y70.811
G0 X106.68 Y71.676
;TIME_ELAPSED:1296.057344
;LAYER:11
;TYPE:SUPPORT
G1 F2700 E858.95598
G1 F1500 X106.68 Y73.509 E859.04743
G1 X105.16 Y73.509 E859.12326
G1 X105.16 Y73.415 E859.12795
G1 X104.96 Y73.358 E859.13832
G1 X104.96 Y71.676 E859.22224
G1 X109.347 Y71.676 E859.44111
G1 X109.347 Y73.509 E859.53256
G1 X112.014 Y73.509 E859.66561
G1 X112.014 Y71.676 E859.75706
G1 X116.712 Y71.676 E859.99145
G1 X116.789 Y71.861 E860.00144
G1 X116.64 Y72.009 E860.01192
G1 X116.64 Y73.345 E860.07857
G1 X116.44 Y73.411 E860.08908
G1 X116.44 Y73.51 E860.09402
G1 X114.681 Y73.509 E860.18178
G1 X114.681 Y71.676 E860.27323
G1 F2700 E851.27323
G0 F9000 X114.681 Y70.811
G0 X104.107 Y70.823
G0 X96.647 Y71.823
G0 X96.647 Y89.862
G0 X100.875 Y89.869
G0 X101.937 Y88.807
G0 X114.681 Y114.025
G0 X114.681 Y114.891
G1 F2700 E860.27323
G1 F1500 X114.681 Y116.724 E860.36468
G1 X116.64 Y116.724 E860.46241
G1 X116.64 Y115.042 E860.54633
G1 X116.44 Y114.985 E860.5567
G1 X116.44 Y114.891 E860.56139
G1 X112.014 Y114.891 E860.7822
G1 X112.014 Y116.724 E860.87365
G1 X109.347 Y116.724 E861.00671
G1 X109.347 Y114.891 E861.09816
G1 X105.16 Y114.89 E861.30705
G1 X105.16 Y114.989 E861.31199
G1 X104.96 Y115.055 E861.3225
G1 X104.96 Y116.391 E861.38915
G1 X104.811 Y116.539 E861.39963
G1 X104.888 Y116.724 E861.40962
G1 X106.68 Y116.724 E861.49903
G1 X106.68 Y114.891 E861.59048
G1 F2700 E852.59048
G0 F9000 X106.68 Y114.025
G0 X116.979 Y102.277
G0 X120.725 Y98.531
G0 X124.953 Y98.538
G0 X126.642 Y123.076
G0 X127.454 Y123.412
G0 X136.017 Y117.589
G0 X136.017 Y116.724
G1 F2700 E861.59048
G1 F1500 X136.017 Y114.891 E861.68192
G1 X135.16 Y114.89 E861.72468
G1 X135.16 Y114.989 E861.72962
G1 X134.96 Y115.055 E861.74013
G1 X134.96 Y116.391 E861.80678
G1 X134.811 Y116.539 E861.81726
G1 X134.888 Y116.724 E861.82726
G1 X138.684 Y116.724 E862.01664
G1 X138.684 Y114.891 E862.10809
G1 X141.351 Y114.891 E862.24114
G1 X141.351 Y116.724 E862.33259
G1 X146.64 Y116.724 E862.59646
G1 X146.64 Y115.042 E862.68038
G1 X146.44 Y114.985 E862.69075
G1 X146.44 Y114.891 E862.69544
G1 X144.018 Y114.891 E862.81628
G1 X144.018 Y116.724 E862.90773
G1 F2700 E853.90773
;MESH:wildrosebuilds_puzzlecube.stl(1)
G0 F9000 X144.018 Y117.589
G0 X147.493 Y117.577
G0 X154.953 Y116.577
G0 X154.953 Y98.538
G0 X134.613 Y95.111
G0 X119.566 Y93.301
G0 X117.84 Y92.436
;TYPE:WALL-OUTER
G1 F2700 E862.90773
G1 F1500 X119.838 Y92.436 E863.00741
G1 X119.92 Y92.316 E863.01466
G1 X121.721 Y92.316 E863.10451
G1 X121.805 Y92.436 E863.11182
G1 X124.1 Y92.436 E863.22632
G1 X124.1 Y66.248 E864.53284
G1 X117.84 Y72.507 E864.97448
G1 X117.84 Y92.436 E865.96874
G0 F9000 X118.24 Y92.036
;TYPE:WALL-INNER
G1 F1500 X119.71 Y92.036 E866.04208
G1 X119.763 Y91.958 E866.04679
G1 X119.984 Y91.916 E866.05801
G1 X121.66 Y91.916 E866.14163
G1 X121.867 Y91.952 E866.15211
G1 X121.925 Y92.036 E866.1572
G1 X123.7 Y92.036 E866.24576
G1 X123.7 Y67.214 E867.48413
G1 X118.24 Y72.673 E867.86933
G1 X118.24 Y92.036 E868.83535
G0 F9000 X118.64 Y91.636
G1 F1500 X119.582 Y91.636 E868.88235
G1 X119.616 Y91.586 E868.88536
G1 X119.984 Y91.516 E868.90405
G1 X121.66 Y91.516 E868.98767
G1 X122.005 Y91.577 E869.00515
G1 X122.046 Y91.636 E869.00873
G1 X123.3 Y91.636 E869.0713
G1 X123.3 Y68.179 E870.24157
G1 X118.64 Y72.839 E870.57036
G1 X118.64 Y91.636 E871.50814
G0 F9000 X118.72 Y90.457
;TYPE:FILL
G1 F3000 X123.22 Y85.958 E871.82561
G0 F9000 X123.22 Y72.443
G1 F3000 X121.185 Y70.407 E871.96922
G0 F9000 X121.276 Y70.498
G1 F2700 E862.96922
G0 F9000 X118.07 Y88.306
G0 X116.975 Y88.306
G0 X104.625 Y85.672
G0 X100.517 Y89.008
;TYPE:WALL-OUTER
G1 F2700 E871.96922
G1 F1500 X103.76 Y85.765 E872.19803
G1 X103.76 Y72.676 E872.85105
G1 X97.5 Y72.676 E873.16336
G1 X97.5 Y89.008 E873.97817
G1 X100.517 Y89.008 E874.12869
G0 F9000 X100.351 Y88.608
;TYPE:WALL-INNER
G1 F1500 X103.36 Y85.599 E874.34099
G1 X103.36 Y73.076 E874.96576
G1 X97.9 Y73.076 E875.23816
G1 X97.9 Y88.608 E876.01306
G1 X100.351 Y88.608 E876.13534
G0 F9000 X100.185 Y88.208
G1 F1500 X102.96 Y85.433 E876.33113
G1 X102.96 Y73.476 E876.92767
G1 X98.3 Y73.476 E877.16015
G1 X98.3 Y88.208 E877.89514
G1 X100.185 Y88.208 E877.98918
G0 F9000 X98.472 Y88.036
G0 X98.4 Y86.029
G0 X98.45 Y86.029
;TYPE:FILL
G1 F3000 X98.38 Y85.959 E877.99412
G0 F9000 X98.472 Y88.036
G0 X100.033 Y88.108
G0 X100.033 Y87.848
;TYPE:SKIN
G1 F1500 X101.731 Y86.15 E878.11392
G1 X101.696 Y86.068 E878.11837
G1 X98.66 Y86.068 E878.26984
G1 X98.66 Y87.848 E878.35864
G1 X100.033 Y87.848 E878.42714
G0 F9000 X99.594 Y87.648
G1 F1500 X100.974 Y86.268 E878.52451
G0 F9000 X100.408 Y86.268
G1 F1500 X99.028 Y87.648 E878.62187
G0 F9000 X98.86 Y87.251
G1 F1500 X99.843 Y86.268 E878.69123
G0 F9000 X99.277 Y86.268
G1 F1500 X98.86 Y86.685 E878.72065
G1 F2700 E869.72065
;MESH:wildrosebuilds_puzzlecube.stl
G0 F9000 X98.4 Y86.685
G0 X97.736 Y88.798
G0 X97.737 Y89.873
G0 X97.736 Y95.099
G0 X97.5 Y122.146
;TYPE:WALL-OUTER
G1 F2700 E878.72065
G1 F1500 X103.76 Y115.889 E879.16222
G1 X103.76 Y95.964 E880.15628
G1 X101.758 Y95.964 E880.25616
G1 X101.677 Y96.084 E880.26339
G1 X99.854 Y96.084 E880.35434
G1 X99.771 Y95.964 E880.36162
G1 X97.5 Y95.964 E880.47492
G1 X97.5 Y122.146 E881.78114
G0 F9000 X97.748 Y121.554
G0 X98.171 Y120.549
G0 X97.9 Y121.181
;TYPE:WALL-INNER
G1 F1500 X103.36 Y115.723 E882.1663
G1 X103.36 Y96.364 E883.13213
G1 X101.886 Y96.364 E883.20567
G1 X101.833 Y96.443 E883.21041
G1 X101.612 Y96.484 E883.22163
G1 X99.916 Y96.484 E883.30624
G1 X99.708 Y96.447 E883.31678
G1 X99.65 Y96.364 E883.32183
G1 X97.9 Y96.364 E883.40914
G1 X97.9 Y121.181 E884.64727
G0 F9000 X98.148 Y120.588
G0 X98.3 Y120.215
G1 F1500 X102.96 Y115.557 E884.97598
G1 X102.96 Y96.764 E885.91357
G1 X102.014 Y96.764 E885.96077
G1 X101.98 Y96.815 E885.96382
G1 X101.612 Y96.884 E885.9825
G1 X99.916 Y96.884 E886.06712
G1 X99.57 Y96.823 E886.08465
G1 X99.529 Y96.764 E886.08823
G1 X98.3 Y96.764 E886.14955
G1 X98.3 Y120.215 E887.31952
G0 F9000 X100.412 Y117.991
;TYPE:FILL
G1 F3000 X98.38 Y115.958 E887.46292
G0 F9000 X98.38 Y102.441
G1 F3000 X102.88 Y97.941 E887.78042
G0 F9000 X102.75 Y97.941
G1 F2700 E878.78042
G0 F9000 X103.53 Y115.444
G0 X104.017 Y116.835
G0 X104.314 Y117.582
G0 X117.493 Y117.577
G0 X118.07 Y116.589
G0 X117.84 Y115.724
;TYPE:WALL-OUTER
G1 F2700 E887.78042
G1 F1500 X124.1 Y115.724 E888.09274
G1 X124.1 Y99.389 E888.90769
G1 X121.083 Y99.392 E889.05821
G1 X117.84 Y102.635 E889.28702
G1 X117.84 Y115.724 E889.94004
G0 F9000 X118.24 Y115.324
;TYPE:WALL-INNER
G1 F1500 X123.7 Y115.324 E890.21244
G1 X123.7 Y99.789 E890.98748
G1 X121.249 Y99.792 E891.10976
G1 X118.24 Y102.801 E891.32206
G1 X118.24 Y115.324 E891.94684
G0 F9000 X118.64 Y114.924
G1 F1500 X123.3 Y114.924 E892.17933
G1 X123.3 Y100.189 E892.91446
G1 X121.415 Y100.192 E893.0085
G1 X118.64 Y102.967 E893.20429
G1 X118.64 Y114.924 E893.80083
G0 F9000 X123.22 Y102.443
;TYPE:FILL
G1 F3000 X123.15 Y102.372 E893.8058
G0 F9000 X123.2 Y102.372
G0 X119.902 Y102.592
G0 X119.902 Y102.332
;TYPE:SKIN
G1 F1500 X122.94 Y102.328 E893.95737
G1 X122.94 Y100.548 E894.04618
G1 X121.563 Y100.548 E894.11487
G1 X119.867 Y102.247 E894.23464
G1 X119.902 Y102.332 E894.23923
G0 F9000 X119.902 Y102.592
G0 X119.639 Y102.204
G0 X121.483 Y100.355
G0 X122.132 Y100.29
G0 X122.132 Y100.748
G1 F1500 X120.749 Y102.131 E894.33681
G0 F9000 X121.315 Y102.13
G1 F1500 X122.698 Y100.748 E894.43435
G0 F9000 X122.74 Y101.271
G1 F1500 X121.882 Y102.13 E894.49492
G0 F9000 X122.448 Y102.129
G1 F1500 X122.74 Y101.837 E894.51552
G1 F2700 E885.51552
;MESH:wildrosebuilds_puzzlecube.stl(2)
G0 F9000 X123.2 Y101.837
G0 X123.876 Y115.5
G0 X124.965 Y115.5
G0 X126.635 Y115.5
G0 X127.5 Y122.146
;TYPE:WALL-OUTER
G1 F2700 E894.51552
G1 F1500 X133.76 Y115.889 E894.95709
G1 X133.76 Y95.964 E895.95116
G1 X131.758 Y95.964 E896.05104
G1 X131.677 Y96.084 E896.05826
G1 X129.854 Y96.084 E896.14921
G1 X129.771 Y95.964 E896.15649
G1 X127.5 Y95.964 E896.26979
G1 X127.5 Y122.146 E897.57601
G0 F9000 X127.748 Y121.554
G0 X128.171 Y120.549
G0 X127.9 Y121.181
;TYPE:WALL-INNER
G1 F1500 X133.36 Y115.723 E897.96118
G1 X133.36 Y96.364 E898.927
G1 X131.886 Y96.364 E899.00054
G1 X131.833 Y96.443 E899.00529
G1 X131.612 Y96.484 E899.0165
G1 X129.916 Y96.484 E899.10111
G1 X129.708 Y96.447 E899.11165
G1 X129.65 Y96.364 E899.1167
G1 X127.9 Y96.364 E899.20401
G1 X127.9 Y121.181 E900.44214
G0 F9000 X128.148 Y120.588
G0 X128.3 Y120.215
G1 F1500 X132.96 Y115.557 E900.77086
G1 X132.96 Y96.764 E901.70844
G1 X132.014 Y96.764 E901.75564
G1 X131.98 Y96.815 E901.7587
G1 X131.612 Y96.884 E901.77738
G1 X129.916 Y96.884 E901.86199
G1 X129.57 Y96.823 E901.87952
G1 X129.529 Y96.764 E901.8831
G1 X128.3 Y96.764 E901.94442
G1 X128.3 Y120.215 E903.11439
G0 F9000 X130.412 Y117.991
;TYPE:FILL
G1 F3000 X128.379 Y115.958 E903.25783
G0 F9000 X128.38 Y102.441
G1 F3000 X132.88 Y97.941 E903.57533
G0 F9000 X132.75 Y97.941
G1 F2700 E894.57533
G0 F9000 X133.53 Y115.444
G0 X134.017 Y116.835
G0 X134.314 Y117.582
G0 X147.493 Y117.577
G0 X148.07 Y116.589
G0 X147.84 Y115.724
;TYPE:WALL-OUTER
G1 F2700 E903.57533
G1 F1500 X154.1 Y115.724 E903.88764
G1 X154.1 Y99.389 E904.7026
G1 X151.083 Y99.392 E904.85312
G1 X147.84 Y102.635 E905.08193
G1 X147.84 Y115.724 E905.73494
G0 F9000 X148.24 Y115.324
;TYPE:WALL-INNER
G1 F1500 X153.7 Y115.324 E906.00734
G1 X153.7 Y99.789 E906.78239
G1 X151.249 Y99.792 E906.90467
G1 X148.24 Y102.801 E907.11697
G1 X148.24 Y115.324 E907.74174
G0 F9000 X148.64 Y114.924
G1 F1500 X153.3 Y114.924 E907.97423
G1 X153.3 Y100.189 E908.70937
G1 X151.415 Y100.192 E908.80341
G1 X148.64 Y102.967 E908.9992
G1 X148.64 Y114.924 E909.59574
G0 F9000 X153.22 Y102.443
;TYPE:FILL
G1 F3000 X153.149 Y102.371 E909.60078
G0 F9000 X153.2 Y102.371
G0 X149.902 Y102.592
G0 X149.902 Y102.332
;TYPE:SKIN
G1 F1500 X152.94 Y102.328 E909.75235
G1 X152.94 Y100.548 E909.84115
G1 X151.563 Y100.548 E909.90985
G1 X149.867 Y102.247 E910.02962
G1 X149.902 Y102.332 E910.03421
G0 F9000 X149.902 Y102.592
G0 X149.639 Y102.204
G0 X151.483 Y100.355
G0 X152.114 Y100.29
G0 X152.114 Y100.748
G1 F1500 X150.73 Y102.131 E910.13182
G0 F9000 X151.297 Y102.13
G1 F1500 X152.679 Y100.748 E910.22933
G0 F9000 X152.74 Y101.253
G1 F1500 X151.863 Y102.13 E910.2912
G0 F9000 X152.43 Y102.129
G1 F1500 X152.74 Y101.818 E910.31311
G1 F2700 E901.31311
;MESH:NONMESH
G0 F300 X152.74 Y101.818 Z3.75
G0 F9000 X153.2 Y101.818
G0 X153.128 Y102.519
G0 X148.068 Y102.728
G0 X147.295 Y101.956
G0 X124.955 Y88.491
G0 X124.953 Y93.289
G0 X116.987 Y93.289
G0 X96.647 Y89.862
G0 X96.647 Y71.823
G0 X104.107 Y70.823
G0 X106.68 Y70.811
G0 X106.68 Y71.676
;TIME_ELAPSED:1360.233295
;LAYER:12
;TYPE:SUPPORT
G1 F2700 E910.31311
G1 F1500 X106.68 Y73.509 E910.40456
G1 X105.16 Y73.509 E910.48039
G1 X105.16 Y73.415 E910.48508
G1 X104.96 Y73.358 E910.49546
G1 X104.96 Y71.676 E910.57937
G1 X109.347 Y71.676 E910.79824
G1 X109.347 Y73.509 E910.88969
G1 X112.014 Y73.509 E911.02275
G1 X112.014 Y71.676 E911.1142
G1 X116.712 Y71.676 E911.34858
G1 X116.789 Y71.861 E911.35858
G1 X116.64 Y72.009 E911.36906
G1 X116.64 Y73.345 E911.43571
G1 X116.44 Y73.411 E911.44622
G1 X116.44 Y73.51 E911.45115
G1 X114.681 Y73.509 E911.53891
G1 X114.681 Y71.676 E911.63036
G1 F2700 E902.63036
G0 F9000 X114.681 Y70.811
G0 X104.107 Y70.823
G0 X96.647 Y71.823
G0 X96.647 Y89.562
G0 X101.175 Y89.569
G0 X102.152 Y88.592
G0 X114.681 Y114.025
G0 X114.681 Y114.891
G1 F2700 E911.63036
G1 F1500 X114.681 Y116.724 E911.72181
G1 X116.64 Y116.724 E911.81954
G1 X116.64 Y115.042 E911.90346
G1 X116.44 Y114.985 E911.91383
G1 X116.44 Y114.891 E911.91852
G1 X112.014 Y114.891 E912.13934
G1 X112.014 Y116.724 E912.23079
G1 X109.347 Y116.724 E912.36384
G1 X109.347 Y114.891 E912.45529
G1 X105.16 Y114.89 E912.66418
G1 X105.16 Y114.989 E912.66912
G1 X104.96 Y115.055 E912.67963
G1 X104.96 Y116.391 E912.74628
G1 X104.811 Y116.539 E912.75676
G1 X104.888 Y116.724 E912.76676
G1 X106.68 Y116.724 E912.85616
G1 X106.68 Y114.891 E912.94761
G1 F2700 E903.94761
G0 F9000 X106.68 Y114.025
G0 X116.979 Y102.277
G0 X120.425 Y98.831
G0 X124.953 Y98.838
G0 X126.642 Y123.076
G0 X127.454 Y123.412
G0 X136.017 Y117.589
G0 X136.017 Y116.724
G1 F2700 E912.94761
G1 F1500 X136.017 Y114.891 E913.03906
G1 X135.16 Y114.89 E913.08181
G1 X135.16 Y114.989 E913.08675
G1 X134.96 Y115.055 E913.09726
G1 X134.96 Y116.391 E913.16391
G1 X134.811 Y116.539 E913.17439
G1 X134.888 Y116.724 E913.18439
G1 X138.684 Y116.724 E913.37377
G1 X138.684 Y114.891 E913.46522
G1 X141.351 Y114.891 E913.59828
G1 X141.351 Y116.724 E913.68973
G1 X146.64 Y116.724 E913.9536
G1 X146.64 Y115.042 E914.03751
G1 X146.44 Y114.985 E914.04789
G1 X146.44 Y114.891 E914.05258
G1 X144.018 Y114.891 E914.17341
G1 X144.018 Y116.724 E914.26486
G1 F2700 E905.26486
;MESH:wildrosebuilds_puzzlecube.stl(1)
G0 F9000 X144.018 Y117.589
G0 X147.493 Y117.577
G0 X154.953 Y116.577
G0 X154.953 Y98.838
G0 X134.613 Y95.111
G0 X121.148 Y93.301
G0 X117.84 Y92.436
;TYPE:WALL-OUTER
G1 F2700 E914.26486
G1 F1500 X118.789 Y92.436 E914.31221
G1 X118.857 Y92.316 E914.31909
G1 X120.781 Y92.316 E914.41508
G1 X120.869 Y92.436 E914.4225
G1 X124.1 Y92.436 E914.58369
G1 X124.1 Y66.248 E915.89022
G1 X117.84 Y72.507 E916.33186
G1 X117.84 Y92.436 E917.32612
G0 F9000 X118.24 Y92.036
;TYPE:WALL-INNER
G1 F1500 X118.618 Y92.036 E917.34498
G1 X118.639 Y91.999 E917.3471
G1 X118.944 Y91.916 E917.36287
G1 X120.884 Y91.917 E917.45966
G1 X120.973 Y92.036 E917.46707
G1 X123.7 Y92.036 E917.60312
G1 X123.7 Y67.214 E918.8415
G1 X118.24 Y72.673 E919.2267
G1 X118.24 Y92.036 E920.19272
G0 F9000 X118.64 Y91.599
G1 F1500 X118.944 Y91.516 E920.20844
G1 X120.801 Y91.518 E920.30109
G1 X121.02 Y91.559 E920.3122
G1 X121.077 Y91.636 E920.31698
G1 X123.3 Y91.636 E920.42789
G1 X123.3 Y68.179 E921.59816
G1 X118.64 Y72.839 E921.92695
G1 X118.64 Y91.599 E922.86289
G0 F9000 X118.72 Y90.158
;TYPE:FILL
G1 F3000 X123.22 Y85.658 E923.18039
G0 F9000 X123.22 Y72.743
G1 F3000 X121.035 Y70.557 E923.33459
G0 F9000 X121.126 Y70.648
G1 F2700 E914.33459
G0 F9000 X118.07 Y88.006
G0 X116.975 Y88.006
G0 X104.625 Y85.672
G0 X100.817 Y88.708
;TYPE:WALL-OUTER
G1 F2700 E923.33459
G1 F1500 X103.76 Y85.765 E923.54224
G1 X103.76 Y72.676 E924.19525
G1 X97.5 Y72.676 E924.50756
G1 X97.5 Y88.708 E925.3074
G1 X100.817 Y88.708 E925.47289
G0 F9000 X100.651 Y88.308
;TYPE:WALL-INNER
G1 F1500 X103.36 Y85.599 E925.66402
G1 X103.36 Y73.076 E926.2888
G1 X97.9 Y73.076 E926.5612
G1 X97.9 Y88.308 E927.32112
G1 X100.651 Y88.308 E927.45837
G0 F9000 X100.486 Y87.908
G1 F1500 X102.96 Y85.433 E927.63296
G1 X102.96 Y73.476 E928.2295
G1 X98.3 Y73.476 E928.46199
G1 X98.3 Y87.908 E929.182
G1 X100.486 Y87.908 E929.29106
G0 F9000 X98.472 Y87.736
G0 X98.4 Y85.728
G0 X98.449 Y85.728
;TYPE:FILL
G1 F3000 X98.38 Y85.659 E929.29593
G0 F9000 X98.472 Y87.736
G0 X100.333 Y87.808
G0 X100.333 Y87.548
;TYPE:SKIN
G1 F1500 X102.032 Y85.849 E929.4158
G1 X101.998 Y85.768 E929.42019
G1 X98.66 Y85.768 E929.58672
G1 X98.66 Y87.548 E929.67552
G1 X100.333 Y87.548 E929.75899
G0 F9000 X100.333 Y87.808
G0 X98.472 Y87.736
G0 X98.4 Y86.98
G0 X98.86 Y86.98
G1 F1500 X99.228 Y87.348 E929.78496
G0 F9000 X99.793 Y87.348
G1 F1500 X98.86 Y86.415 E929.85078
G0 F9000 X98.979 Y85.969
G1 F1500 X100.305 Y87.294 E929.9443
G0 F9000 X100.587 Y87.011
G1 F1500 X99.545 Y85.969 E930.01782
G0 F9000 X100.111 Y85.969
G1 F1500 X100.87 Y86.728 E930.07138
G0 F9000 X101.153 Y86.445
G1 F1500 X100.676 Y85.969 E930.10499
G0 F9000 X101.242 Y85.969
G1 F1500 X101.436 Y86.162 E930.11865
G1 F2700 E921.11865
;MESH:wildrosebuilds_puzzlecube.stl
G0 F9000 X101.762 Y86.489
G0 X100.724 Y88.48
G0 X100.725 Y89.573
G0 X100.452 Y95.099
G0 X97.5 Y122.146
;TYPE:WALL-OUTER
G1 F2700 E930.11865
G1 F1500 X103.76 Y115.889 E930.56022
G1 X103.76 Y95.964 E931.55428
G1 X102.807 Y95.964 E931.60183
G1 X102.739 Y96.084 E931.60871
G1 X100.819 Y96.084 E931.7045
G1 X100.728 Y95.964 E931.71201
G1 X97.5 Y95.964 E931.87306
G1 X97.5 Y122.146 E933.17928
G0 F9000 X97.748 Y121.554
G0 X98.171 Y120.549
G0 X97.9 Y121.181
;TYPE:WALL-INNER
G1 F1500 X103.36 Y115.723 E933.56444
G1 X103.36 Y96.364 E934.53027
G1 X102.978 Y96.364 E934.54933
G1 X102.957 Y96.402 E934.55149
G1 X102.652 Y96.484 E934.56725
G1 X100.716 Y96.483 E934.66384
G1 X100.625 Y96.364 E934.67131
G1 X97.9 Y96.364 E934.80726
G1 X97.9 Y121.181 E936.04539
G0 F9000 X98.148 Y120.588
G0 X98.3 Y120.215
G1 F1500 X102.96 Y115.557 E936.3741
G1 X102.96 Y96.8 E937.30989
G1 X102.652 Y96.884 E937.32582
G1 X100.799 Y96.882 E937.41827
G1 X100.58 Y96.841 E937.42938
G1 X100.521 Y96.764 E937.43422
G1 X98.3 Y96.764 E937.54503
G1 X98.3 Y120.215 E938.715
G0 F9000 X100.562 Y117.841
;TYPE:FILL
G1 F3000 X98.38 Y115.659 E938.86896
G0 F9000 X98.38 Y102.74
G1 F3000 X102.88 Y98.241 E939.18642
G0 F9000 X102.75 Y98.241
G1 F2700 E930.18642
G0 F9000 X103.53 Y115.444
G0 X104.017 Y116.835
G0 X104.314 Y117.582
G0 X117.493 Y117.577
G0 X118.07 Y116.589
G0 X117.84 Y115.724
;TYPE:WALL-OUTER
G1 F2700 E939.18642
G1 F1500 X124.1 Y115.724 E939.49873
G1 X124.1 Y99.689 E940.29872
G1 X120.783 Y99.692 E940.46421
G1 X117.84 Y102.635 E940.67185
G1 X117.84 Y115.724 E941.32487
G0 F9000 X118.24 Y115.324
;TYPE:WALL-INNER
G1 F1500 X123.7 Y115.324 E941.59727
G1 X123.7 Y100.089 E942.35734
G1 X120.949 Y100.092 E942.49459
G1 X118.24 Y102.801 E942.68573
G1 X118.24 Y115.324 E943.3105
G0 F9000 X118.64 Y114.924
G1 F1500 X123.3 Y114.924 E943.54299
G1 X123.3 Y100.49 E944.2631
G1 X121.115 Y100.492 E944.37211
G1 X118.64 Y102.967 E944.54674
G1 X118.64 Y114.924 E945.14328
G0 F9000 X123.22 Y102.743
;TYPE:FILL
G1 F3000 X123.15 Y102.672 E945.14825
G0 F9000 X123.2 Y102.672
G0 X119.602 Y102.892
G0 X119.602 Y102.632
;TYPE:SKIN
G1 F1500 X122.94 Y102.628 E945.31478
G1 X122.94 Y100.849 E945.40354
G1 X121.263 Y100.852 E945.4872
G1 X119.566 Y102.547 E945.60687
G1 X119.602 Y102.632 E945.61147
G0 F9000 X120.249 Y102.147
G1 F1500 X120.532 Y102.43 E945.63144
G0 F9000 X121.097 Y102.429
G1 F1500 X120.532 Y101.864 E945.6713
G0 F9000 X120.816 Y101.582
G1 F1500 X121.662 Y102.429 E945.73103
G0 F9000 X122.227 Y102.428
G1 F1500 X121.098 Y101.299 E945.81069
G0 F9000 X121.417 Y101.052
G1 F1500 X122.74 Y102.376 E945.90407
G0 F9000 X122.74 Y101.81
G1 F1500 X121.982 Y101.051 E945.95758
G0 F9000 X122.547 Y101.051
G1 F1500 X122.74 Y101.244 E945.9712
G1 F2700 E936.9712
;MESH:wildrosebuilds_puzzlecube.stl(2)
G0 F9000 X123.2 Y101.244
G0 X123.876 Y115.5
G0 X124.965 Y115.5
G0 X126.635 Y115.5
G0 X127.5 Y122.146
;TYPE:WALL-OUTER
G1 F2700 E945.9712
G1 F1500 X133.76 Y115.889 E946.41277
G1 X133.76 Y95.964 E947.40683
G1 X132.807 Y95.964 E947.45438
G1 X132.739 Y96.084 E947.46126
G1 X130.819 Y96.084 E947.55705
G1 X130.728 Y95.964 E947.56456
G1 X127.5 Y95.964 E947.72561
G1 X127.5 Y122.146 E949.03183
G0 F9000 X127.748 Y121.554
G0 X128.171 Y120.549
G0 X127.9 Y121.181
;TYPE:WALL-INNER
G1 F1500 X133.36 Y115.723 E949.41699
G1 X133.36 Y96.364 E950.38282
G1 X132.978 Y96.364 E950.40188
G1 X132.957 Y96.402 E950.40404
G1 X132.652 Y96.484 E950.4198
G1 X130.716 Y96.483 E950.51639
G1 X130.625 Y96.364 E950.52386
G1 X127.9 Y96.364 E950.65981
G1 X127.9 Y121.181 E951.89794
G0 F9000 X128.148 Y120.588
G0 X128.3 Y120.215
G1 F1500 X132.96 Y115.557 E952.22665
G1 X132.96 Y96.8 E953.16245
G1 X132.652 Y96.884 E953.17837
G1 X130.799 Y96.882 E953.27082
G1 X130.58 Y96.841 E953.28194
G1 X130.521 Y96.764 E953.28677
G1 X128.3 Y96.764 E953.39758
G1 X128.3 Y120.215 E954.56756
G0 F9000 X130.562 Y117.841
;TYPE:FILL
G1 F3000 X128.379 Y115.659 E954.72154
G0 F9000 X128.38 Y102.74
G1 F3000 X132.88 Y98.241 E955.03901
G0 F9000 X132.75 Y98.241
G1 F2700 E946.03901
G0 F9000 X133.53 Y115.444
G0 X134.017 Y116.835
G0 X134.314 Y117.582
G0 X147.493 Y117.577
G0 X148.07 Y116.589
G0 X147.84 Y115.724
;TYPE:WALL-OUTER
G1 F2700 E955.03901
G1 F1500 X154.1 Y115.724 E955.35132
G1 X154.1 Y99.689 E956.15131
G1 X150.783 Y99.692 E956.3168
G1 X147.84 Y102.635 E956.52444
G1 X147.84 Y115.724 E957.17745
G0 F9000 X148.24 Y115.324
;TYPE:WALL-INNER
G1 F1500 X153.7 Y115.324 E957.44985
G1 X153.7 Y100.089 E958.20993
G1 X150.949 Y100.092 E958.34718
G1 X148.24 Y102.801 E958.53831
G1 X148.24 Y115.324 E959.16309
G0 F9000 X148.64 Y114.924
G1 F1500 X153.3 Y114.924 E959.39558
G1 X153.3 Y100.49 E960.11569
G1 X151.115 Y100.492 E960.2247
G1 X148.64 Y102.967 E960.39933
G1 X148.64 Y114.924 E960.99586
G0 F9000 X153.22 Y102.743
;TYPE:FILL
G1 F3000 X153.149 Y102.671 E961.00091
G0 F9000 X153.2 Y102.671
G0 X149.602 Y102.892
G0 X149.602 Y102.632
;TYPE:SKIN
G1 F1500 X152.94 Y102.628 E961.16744
G1 X152.94 Y100.849 E961.2562
G1 X151.263 Y100.852 E961.33986
G1 X149.566 Y102.547 E961.45952
G1 X149.602 Y102.632 E961.46413
G0 F9000 X150.24 Y102.156
G1 F1500 X150.513 Y102.43 E961.48343
G0 F9000 X150.523 Y101.874
G1 F1500 X151.078 Y102.429 E961.52258
G0 F9000 X151.643 Y102.429
G1 F1500 X150.806 Y101.591 E961.58168
G0 F9000 X151.089 Y101.309
G1 F1500 X152.208 Y102.428 E961.66063
G0 F9000 X152.74 Y102.394
G1 F1500 X151.398 Y101.052 E961.75531
G0 F9000 X151.964 Y101.052
G1 F1500 X152.74 Y101.828 E961.81006
G0 F9000 X152.74 Y101.263
G1 F1500 X152.529 Y101.051 E961.82499
G1 F2700 E952.82499
;MESH:NONMESH
G0 F300 X152.529 Y101.051 Z4.05
G0 F9000 X152.529 Y100.59
G0 X151.183 Y100.656
G0 X148.068 Y102.728
G0 X147.295 Y101.956
G0 X124.955 Y88.491
G0 X124.953 Y93.289
G0 X116.987 Y93.289
G0 X96.647 Y89.562
G0 X96.647 Y71.823
G0 X104.107 Y70.823
G0 X106.68 Y70.811
G0 X106.68 Y71.676
;TIME_ELAPSED:1424.884447
;LAYER:13
;TYPE:SUPPORT
G1 F2700 E961.82499
G1 F1500 X106.68 Y73.509 E961.91643
G1 X105.16 Y73.509 E961.99227
G1 X105.16 Y73.415 E961.99696
G1 X104.96 Y73.358 E962.00733
G1 X104.96 Y71.676 E962.09125
G1 X109.347 Y71.676 E962.31012
G1 X109.347 Y73.509 E962.40156
G1 X112.014 Y73.509 E962.53462
G1 X112.014 Y71.676 E962.62607
G1 X116.712 Y71.676 E962.86045
G1 X116.789 Y71.861 E962.87045
G1 X116.64 Y72.009 E962.88093
G1 X116.64 Y73.345 E962.94758
G1 X116.44 Y73.411 E962.95809
G1 X116.44 Y73.51 E962.96303
G1 X114.681 Y73.509 E963.05079
G1 X114.681 Y71.676 E963.14223
G1 F2700 E954.14223
G0 F9000 X114.681 Y70.811
G0 X104.107 Y70.823
G0 X96.647 Y71.823
G0 X96.647 Y89.262
G0 X101.475 Y89.269
G0 X114.681 Y114.025
G0 X114.681 Y114.891
G1 F2700 E963.14223
G1 F1500 X114.681 Y116.724 E963.23368
G1 X116.64 Y116.724 E963.33142
G1 X116.64 Y115.042 E963.41533
G1 X116.44 Y114.985 E963.42571
G1 X116.44 Y114.891 E963.4304
G1 X112.014 Y114.891 E963.65121
G1 X112.014 Y116.724 E963.74266
G1 X109.347 Y116.724 E963.87572
G1 X109.347 Y114.891 E963.96717
G1 X105.16 Y114.89 E964.17606
G1 X105.16 Y114.989 E964.181
G1 X104.96 Y115.055 E964.1915
G1 X104.96 Y116.391 E964.25816
G1 X104.811 Y116.539 E964.26864
G1 X104.888 Y116.724 E964.27863
G1 X106.68 Y116.724 E964.36804
G1 X106.68 Y114.891 E964.45948
G1 F2700 E955.45948
G0 F9000 X106.68 Y114.025
G0 X116.979 Y102.277
G0 X120.125 Y99.131
G0 X124.953 Y99.138
G0 X126.642 Y123.076
G0 X127.454 Y123.412
G0 X136.017 Y117.589
G0 X136.017 Y116.724
G1 F2700 E964.45948
G1 F1500 X136.017 Y114.891 E964.55093
G1 X135.16 Y114.89 E964.59369
G1 X135.16 Y114.989 E964.59863
G1 X134.96 Y115.055 E964.60914
G1 X134.96 Y116.391 E964.67579
G1 X134.811 Y116.539 E964.68627
G1 X134.888 Y116.724 E964.69626
G1 X138.684 Y116.724 E964.88565
G1 X138.684 Y114.891 E964.9771
G1 X141.351 Y114.891 E965.11015
G1 X141.351 Y116.724 E965.2016
G1 X146.64 Y116.724 E965.46547
G1 X146.64 Y115.042 E965.54939
G1 X146.44 Y114.985 E965.55976
G1 X146.44 Y114.891 E965.56445
G1 X144.018 Y114.891 E965.68529
G1 X144.018 Y116.724 E965.77673
G1 F2700 E956.77673
;MESH:wildrosebuilds_puzzlecube.stl(1)
G0 F9000 X144.018 Y117.589
G0 X147.493 Y117.577
G0 X154.953 Y116.577
G0 X154.953 Y99.138
G0 X134.613 Y95.111
G0 X120.099 Y93.301
G0 X117.84 Y92.436
;TYPE:WALL-OUTER
G1 F2700 E965.77673
G1 F1500 X118.308 Y92.436 E965.80008
G1 X118.342 Y92.363 E965.8041
G1 X118.472 Y92.316 E965.811
G1 X119.728 Y92.316 E965.87366
G1 X119.82 Y92.436 E965.8812
G1 X124.1 Y92.436 E966.09473
G1 X124.1 Y66.248 E967.40126
G1 X117.84 Y72.507 E967.8429
G1 X117.84 Y92.436 E968.83716
G0 F9000 X118.24 Y92.001
;TYPE:WALL-INNER
G1 F1500 X118.472 Y91.916 E968.84949
G1 X119.83 Y91.916 E968.91724
G1 X119.922 Y92.036 E968.92478
G1 X123.7 Y92.036 E969.11327
G1 X123.7 Y67.214 E970.35164
G1 X118.24 Y72.673 E970.73684
G1 X118.24 Y92.001 E971.70112
G0 F9000 X118.64 Y91.516
G1 F1500 X119.676 Y91.516 E971.7528
G1 X119.963 Y91.558 E971.76727
G1 X120.023 Y91.636 E971.77218
G1 X123.3 Y91.636 E971.93567
G1 X123.3 Y68.179 E973.10595
G1 X118.64 Y72.839 E973.43474
G1 X118.64 Y91.516 E974.36654
G0 F9000 X118.72 Y89.858
;TYPE:FILL
G1 F3000 X123.22 Y85.358 E974.68404
G0 F9000 X123.22 Y73.043
G1 F3000 X120.885 Y70.707 E974.84882
G0 F9000 X120.976 Y70.798
G1 F2700 E965.84882
G0 F9000 X118.07 Y87.706
G0 X116.975 Y87.706
G0 X104.625 Y85.672
G0 X101.117 Y88.408
;TYPE:WALL-OUTER
G1 F2700 E974.84882
G1 F1500 X103.76 Y85.765 E975.0353
G1 X103.76 Y72.676 E975.68831
G1 X97.5 Y72.676 E976.00062
G1 X97.5 Y88.408 E976.78549
G1 X101.117 Y88.408 E976.96595
G0 F9000 X100.951 Y88.008
;TYPE:WALL-INNER
G1 F1500 X103.36 Y85.599 E977.13591
G1 X103.36 Y73.076 E977.76069
G1 X97.9 Y73.076 E978.03309
G1 X97.9 Y88.008 E978.77805
G1 X100.951 Y88.008 E978.93027
G0 F9000 X100.785 Y87.608
G1 F1500 X102.96 Y85.433 E979.08372
G1 X102.96 Y73.476 E979.68026
G1 X98.3 Y73.476 E979.91275
G1 X98.3 Y87.608 E980.6178
G1 X100.785 Y87.608 E980.74177
G0 F9000 X98.472 Y87.436
G0 X98.4 Y85.428
G0 X98.449 Y85.428
;TYPE:FILL
G1 F3000 X98.38 Y85.359 E980.74664
G0 F9000 X98.472 Y87.436
G0 X100.633 Y87.508
G0 X100.633 Y87.248
;TYPE:SKIN
G1 F1500 X102.332 Y85.549 E980.86652
G1 X102.298 Y85.468 E980.8709
G1 X98.66 Y85.468 E981.0524
G1 X98.66 Y87.248 E981.1412
G1 X100.633 Y87.248 E981.23964
G0 F9000 X100.193 Y87.048
G1 F1500 X101.574 Y85.668 E981.33704
G0 F9000 X101.008 Y85.668
G1 F1500 X99.628 Y87.048 E981.43441
G0 F9000 X99.062 Y87.048
G1 F1500 X100.442 Y85.668 E981.53177
G0 F9000 X99.877 Y85.668
G1 F1500 X98.86 Y86.685 E981.60353
G0 F9000 X98.86 Y86.119
G1 F1500 X99.311 Y85.668 E981.63535
G0 F9000 X99.311 Y84.908
G1 F2700 E972.63535
;MESH:wildrosebuilds_puzzlecube.stl
G0 F9000 X98.472 Y85.281
G0 X98.475 Y85.666
G0 X97.738 Y88.198
G0 X97.739 Y89.273
G0 X97.738 Y95.099
G0 X97.5 Y122.146
;TYPE:WALL-OUTER
G1 F2700 E981.63535
G1 F1500 X103.76 Y115.889 E982.07692
G1 X103.76 Y95.964 E983.07098
G1 X103.287 Y95.964 E983.09458
G1 X103.254 Y96.037 E983.09858
G1 X103.124 Y96.084 E983.10547
G1 X101.868 Y96.084 E983.16813
G1 X101.779 Y95.964 E983.17559
G1 X97.5 Y95.964 E983.38907
G1 X97.5 Y122.146 E984.69529
G0 F9000 X97.748 Y121.554
G0 X98.171 Y120.549
G0 X97.9 Y121.181
;TYPE:WALL-INNER
G1 F1500 X103.36 Y115.723 E985.08046
G1 X103.36 Y96.398 E986.04458
G1 X103.124 Y96.484 E986.05712
G1 X101.765 Y96.484 E986.12492
G1 X101.677 Y96.364 E986.13234
G1 X97.9 Y96.364 E986.32078
G1 X97.9 Y121.181 E987.5589
G0 F9000 X98.148 Y120.588
G0 X98.3 Y120.215
G1 F1500 X102.96 Y115.557 E987.88762
G1 X102.96 Y96.884 E988.81922
G1 X101.92 Y96.884 E988.8711
G1 X101.633 Y96.843 E988.88557
G1 X101.575 Y96.764 E988.89046
G1 X98.3 Y96.764 E989.05385
G1 X98.3 Y120.215 E990.22382
G0 F9000 X100.712 Y117.691
;TYPE:FILL
G1 F3000 X98.38 Y115.359 E990.38836
G0 F9000 X98.38 Y103.04
G1 F3000 X102.88 Y98.541 E990.70582
G0 F9000 X102.75 Y98.541
G1 F2700 E981.70582
G0 F9000 X103.53 Y115.444
G0 X104.017 Y116.835
G0 X104.314 Y117.582
G0 X117.493 Y117.577
G0 X118.07 Y116.589
G0 X117.84 Y115.724
;TYPE:WALL-OUTER
G1 F2700 E990.70582
G1 F1500 X124.1 Y115.724 E991.01813
G1 X124.1 Y99.989 E991.80316
G1 X120.483 Y99.992 E991.98361
G1 X117.84 Y102.635 E992.17009
G1 X117.84 Y115.724 E992.8231
G0 F9000 X118.24 Y115.324
;TYPE:WALL-INNER
G1 F1500 X123.7 Y115.324 E993.0955
G1 X123.7 Y100.389 E993.84061
G1 X120.649 Y100.392 E993.99283
G1 X118.24 Y102.801 E994.16279
G1 X118.24 Y115.324 E994.78757
G0 F9000 X118.64 Y114.924
G1 F1500 X123.3 Y114.924 E995.02006
G1 X123.3 Y100.79 E995.72521
G1 X120.815 Y100.792 E995.84918
G1 X118.64 Y102.967 E996.00264
G1 X118.64 Y114.924 E996.59918
G0 F9000 X123.22 Y103.042
;TYPE:FILL
G1 F3000 X123.15 Y102.972 E996.60412
G0 F9000 X123.2 Y102.972
G0 X119.302 Y103.192
G0 X119.302 Y102.932
;TYPE:SKIN
G1 F1500 X122.94 Y102.928 E996.78562
G1 X122.94 Y101.149 E996.87437
G1 X120.963 Y101.152 E996.97301
G1 X119.266 Y102.847 E997.09267
G1 X119.302 Y102.932 E997.09727
G0 F9000 X119.302 Y103.192
G0 X119.04 Y102.803
G0 X120.883 Y100.956
G0 X121.53 Y100.891
G0 X121.53 Y101.35
G1 F1500 X120.149 Y102.731 E997.19471
G0 F9000 X120.715 Y102.731
G1 F1500 X122.096 Y101.35 E997.29215
G0 F9000 X122.663 Y101.349
G1 F1500 X121.282 Y102.73 E997.38958
G0 F9000 X121.848 Y102.729
G1 F1500 X122.74 Y101.837 E997.45252
G0 F9000 X122.74 Y102.402
G1 F1500 X122.414 Y102.728 E997.47552
G0 F9000 X122.414 Y103.492
G1 F2700 E988.47552
;MESH:wildrosebuilds_puzzlecube.stl(2)
G0 F9000 X123.876 Y115.5
G0 X124.965 Y115.5
G0 X126.635 Y115.5
G0 X127.5 Y122.146
;TYPE:WALL-OUTER
G1 F2700 E997.47552
G1 F1500 X133.76 Y115.889 E997.91709
G1 X133.76 Y95.964 E998.91115
G1 X133.287 Y95.964 E998.93475
G1 X133.254 Y96.037 E998.93875
G1 X133.124 Y96.084 E998.94564
G1 X131.868 Y96.084 E999.00831
G1 X131.779 Y95.964 E999.01576
G1 X127.5 Y95.964 E999.22924
G1 X127.5 Y122.146 E1000.53547
G0 F9000 X127.748 Y121.554
G0 X128.171 Y120.549
G0 X127.9 Y121.181
;TYPE:WALL-INNER
G1 F1500 X133.36 Y115.723 E1000.92063
G1 X133.36 Y96.398 E1001.88476
G1 X133.124 Y96.484 E1001.89729
G1 X131.765 Y96.484 E1001.96509
G1 X131.677 Y96.364 E1001.97251
G1 X127.9 Y96.364 E1002.16095
G1 X127.9 Y121.181 E1003.39907
G0 F9000 X128.148 Y120.588
G0 X128.3 Y120.215
G1 F1500 X132.96 Y115.557 E1003.72779
G1 X132.96 Y96.884 E1004.65939
G1 X131.92 Y96.884 E1004.71128
G1 X131.633 Y96.843 E1004.72574
G1 X131.575 Y96.764 E1004.73063
G1 X128.3 Y96.764 E1004.89402
G1 X128.3 Y120.215 E1006.064
G0 F9000 X130.712 Y117.691
;TYPE:FILL
G1 F3000 X128.379 Y115.359 E1006.22857
G0 F9000 X128.38 Y103.04
G1 F3000 X132.88 Y98.541 E1006.54603
G0 F9000 X132.75 Y98.541
G1 F2700 E997.54603
G0 F9000 X133.53 Y115.444
G0 X134.017 Y116.835
G0 X134.314 Y117.582
G0 X147.493 Y117.577
G0 X148.07 Y116.589
G0 X147.84 Y115.724
;TYPE:WALL-OUTER
G1 F2700 E1006.54603
G1 F1500 X154.1 Y115.724 E1006.85834
G1 X154.1 Y99.989 E1007.64336
G1 X150.483 Y99.992 E1007.82382
G1 X147.84 Y102.635 E1008.0103
G1 X147.84 Y115.724 E1008.66331
G0 F9000 X148.24 Y115.324
;TYPE:WALL-INNER
G1 F1500 X153.7 Y115.324 E1008.93571
G1 X153.7 Y100.389 E1009.68082
G1 X150.649 Y100.392 E1009.83303
G1 X148.24 Y102.801 E1010.003
G1 X148.24 Y115.324 E1010.62778
G0 F9000 X148.64 Y114.924
G1 F1500 X153.3 Y114.924 E1010.86027
G1 X153.3 Y100.79 E1011.56541
G1 X150.815 Y100.792 E1011.68939
G1 X148.64 Y102.967 E1011.84285
G1 X148.64 Y114.924 E1012.43939
G0 F9000 X153.22 Y103.042
;TYPE:FILL
G1 F3000 X153.149 Y102.972 E1012.44436
G0 F9000 X153.2 Y102.972
G0 X149.302 Y103.192
G0 X149.302 Y102.932
;TYPE:SKIN
G1 F1500 X152.94 Y102.928 E1012.62586
G1 X152.94 Y101.149 E1012.71462
G1 X150.963 Y101.152 E1012.81325
G1 X149.266 Y102.847 E1012.93291
G1 X149.302 Y102.932 E1012.93752
G0 F9000 X149.302 Y103.192
G0 X149.04 Y102.803
G0 X150.883 Y100.956
G0 X151.511 Y100.891
G0 X151.511 Y101.35
G1 F1500 X150.131 Y102.731 E1013.03492
G0 F9000 X150.697 Y102.73
G1 F1500 X152.077 Y101.35 E1013.13228
G0 F9000 X152.644 Y101.349
G1 F1500 X151.264 Y102.729 E1013.22965
G0 F9000 X151.829 Y102.729
G1 F1500 X152.74 Y101.818 E1013.29393
G0 F9000 X152.74 Y102.384
G1 F1500 X152.396 Y102.728 E1013.3182
G0 F9000 X152.396 Y103.492
G1 F2700 E1004.3182
;MESH:NONMESH
G0 F300 X152.396 Y103.492 Z4.35
G0 F9000 X149.174 Y103.125
G0 X148.068 Y102.728
G0 X147.295 Y101.956
G0 X124.955 Y88.491
G0 X124.953 Y93.289
G0 X116.987 Y93.289
G0 X96.647 Y89.262
G0 X96.647 Y71.823
G0 X104.107 Y70.823
G0 X106.68 Y70.811
G0 X106.68 Y71.676
;TIME_ELAPSED:1489.213011
;LAYER:14
;TYPE:SUPPORT
G1 F2700 E1013.3182
G1 F1500 X106.68 Y73.509 E1013.40965
G1 X105.16 Y73.509 E1013.48548
G1 X105.16 Y73.415 E1013.49017
G1 X104.96 Y73.358 E1013.50054
G1 X104.96 Y71.676 E1013.58446
G1 X109.347 Y71.676 E1013.80333
G1 X109.347 Y73.509 E1013.89478
G1 X112.014 Y73.509 E1014.02783
G1 X112.014 Y71.676 E1014.11928
G1 X116.712 Y71.676 E1014.35367
G1 X116.789 Y71.861 E1014.36366
G1 X116.64 Y72.009 E1014.37414
G1 X116.64 Y73.345 E1014.4408
G1 X116.44 Y73.411 E1014.4513
G1 X116.44 Y73.51 E1014.45624
G1 X114.681 Y73.509 E1014.544
G1 X114.681 Y71.676 E1014.63545
G1 F2700 E1005.63545
G0 F9000 X114.681 Y70.811
G0 X104.107 Y70.823
G0 X96.647 Y71.823
G0 X96.647 Y88.962
G0 X101.775 Y88.969
G0 X114.681 Y114.025
G0 X114.681 Y114.891
G1 F2700 E1014.63545
G1 F1500 X114.681 Y116.724 E1014.7269
G1 X116.64 Y116.724 E1014.82463
G1 X116.64 Y115.042 E1014.90855
G1 X116.44 Y114.985 E1014.91892
G1 X116.44 Y114.891 E1014.92361
G1 X112.014 Y114.891 E1015.14443
G1 X112.014 Y116.724 E1015.23587
G1 X109.347 Y116.724 E1015.36893
G1 X109.347 Y114.891 E1015.46038
G1 X105.16 Y114.89 E1015.66927
G1 X105.16 Y114.989 E1015.67421
G1 X104.96 Y115.055 E1015.68472
G1 X104.96 Y116.391 E1015.75137
G1 X104.811 Y116.539 E1015.76185
G1 X104.888 Y116.724 E1015.77184
G1 X106.68 Y116.724 E1015.86125
G1 X106.68 Y114.891 E1015.9527
G1 F2700 E1006.9527
G0 F9000 X106.68 Y114.025
G0 X116.979 Y102.277
G0 X119.825 Y99.431
G0 X124.953 Y99.438
G0 X126.642 Y123.076
G0 X127.454 Y123.412
G0 X136.017 Y117.589
G0 X136.017 Y116.724
G1 F2700 E1015.9527
G1 F1500 X136.017 Y114.891 E1016.04415
G1 X135.16 Y114.89 E1016.0869
G1 X135.16 Y114.989 E1016.09184
G1 X134.96 Y115.055 E1016.10235
G1 X134.96 Y116.391 E1016.169
G1 X134.811 Y116.539 E1016.17948
G1 X134.888 Y116.724 E1016.18948
G1 X138.684 Y116.724 E1016.37886
G1 X138.684 Y114.891 E1016.47031
G1 X141.351 Y114.891 E1016.60336
G1 X141.351 Y116.724 E1016.69481
G1 X146.64 Y116.724 E1016.95868
G1 X146.64 Y115.042 E1017.0426
G1 X146.44 Y114.985 E1017.05297
G1 X146.44 Y114.891 E1017.05766
G1 X144.018 Y114.891 E1017.1785
G1 X144.018 Y116.724 E1017.26995
G1 F2700 E1008.26995
;MESH:wildrosebuilds_puzzlecube.stl(1)
G0 F9000 X144.018 Y117.589
G0 X147.493 Y117.577
G0 X154.953 Y116.577
G0 X154.953 Y99.438
G0 X134.613 Y95.111
G0 X120.414 Y93.301
G0 X117.84 Y92.436
;TYPE:WALL-OUTER
G1 F2700 E1017.26995
G1 F1500 X118.308 Y92.436 E1017.29329
G1 X118.342 Y92.363 E1017.29731
G1 X118.472 Y92.316 E1017.30421
G1 X120.038 Y92.316 E1017.38234
G1 X120.128 Y92.436 E1017.38982
G1 X124.1 Y92.436 E1017.58798
G1 X124.1 Y66.248 E1018.89451
G1 X117.84 Y72.507 E1019.33615
G1 X117.84 Y92.436 E1020.33041
G0 F9000 X118.24 Y92.001
;TYPE:WALL-INNER
G1 F1500 X118.472 Y91.916 E1020.34274
G1 X120.134 Y91.916 E1020.42566
G1 X120.225 Y92.036 E1020.43317
G1 X123.7 Y92.036 E1020.60654
G1 X123.7 Y67.214 E1021.84491
G1 X118.24 Y72.673 E1022.23011
G1 X118.24 Y92.001 E1023.19439
G0 F9000 X118.64 Y91.516
G1 F1500 X119.988 Y91.516 E1023.26164
G1 X120.259 Y91.553 E1023.27529
G1 X120.322 Y91.636 E1023.28048
G1 X123.3 Y91.636 E1023.42906
G1 X123.3 Y68.179 E1024.59933
G1 X118.64 Y72.839 E1024.92812
G1 X118.64 Y91.516 E1025.85992
G0 F9000 X118.72 Y89.558
;TYPE:FILL
G1 F3000 X123.22 Y85.059 E1026.17738
G0 F9000 X123.22 Y73.343
G1 F3000 X120.735 Y70.857 E1026.35275
G0 F9000 X120.826 Y70.948
G1 F2700 E1017.35275
G0 F9000 X118.07 Y87.406
G0 X116.975 Y87.406
G0 X104.625 Y85.672
G0 X101.417 Y88.108
;TYPE:WALL-OUTER
G1 F2700 E1026.35275
G1 F1500 X103.76 Y85.765 E1026.51806
G1 X103.76 Y72.676 E1027.17107
G1 X97.5 Y72.676 E1027.48339
G1 X97.5 Y88.108 E1028.25329
G1 X101.417 Y88.108 E1028.44871
G0 F9000 X101.251 Y87.708
;TYPE:WALL-INNER
G1 F1500 X103.36 Y85.599 E1028.59751
G1 X103.36 Y73.076 E1029.22229
G1 X97.9 Y73.076 E1029.49469
G1 X97.9 Y87.708 E1030.22468
G1 X101.251 Y87.708 E1030.39186
G0 F9000 X101.085 Y87.308
G1 F1500 X102.96 Y85.433 E1030.52416
G1 X102.96 Y73.476 E1031.12069
G1 X98.3 Y73.476 E1031.35318
G1 X98.3 Y87.308 E1032.04326
G1 X101.085 Y87.308 E1032.18221
G0 F9000 X98.472 Y87.136
G0 X98.4 Y85.128
G0 X98.448 Y85.128
;TYPE:FILL
G1 F3000 X98.38 Y85.059 E1032.18704
G0 F9000 X98.472 Y87.136
G0 X100.933 Y87.208
G0 X100.933 Y86.948
;TYPE:SKIN
G1 F1500 X102.6 Y85.281 E1032.30466
G1 X102.596 Y85.168 E1032.3103
G1 X98.66 Y85.168 E1032.50666
G1 X98.66 Y86.948 E1032.59547
G1 X100.933 Y86.948 E1032.70887
G0 F9000 X100.933 Y87.208
G0 X98.472 Y87.136
G0 X98.4 Y86.415
G0 X98.86 Y86.415
G1 F1500 X99.193 Y86.748 E1032.73236
G0 F9000 X99.759 Y86.748
G1 F1500 X98.86 Y85.849 E1032.79579
G0 F9000 X98.945 Y85.368
G1 F1500 X100.324 Y86.748 E1032.89312
G0 F9000 X100.87 Y86.728
G1 F1500 X99.51 Y85.368 E1032.98908
G0 F9000 X100.076 Y85.368
G1 F1500 X101.153 Y86.445 E1033.06507
G0 F9000 X101.436 Y86.162
G1 F1500 X100.642 Y85.368 E1033.12109
G0 F9000 X101.207 Y85.368
G1 F1500 X101.719 Y85.88 E1033.15721
G0 F9000 X102.002 Y85.597
G1 F1500 X101.773 Y85.368 E1033.17337
G0 F9000 X101.773 Y84.608
G1 F2700 E1024.17337
;MESH:wildrosebuilds_puzzlecube.stl
G0 F9000 X98.472 Y84.981
G0 X98.472 Y87.136
G0 X97.739 Y87.898
G0 X97.74 Y88.973
G0 X97.739 Y95.099
G0 X97.5 Y122.146
;TYPE:WALL-OUTER
G1 F2700 E1033.17337
G1 F1500 X103.76 Y115.889 E1033.61494
G1 X103.76 Y95.964 E1034.609
G1 X103.287 Y95.964 E1034.6326
G1 X103.254 Y96.037 E1034.6366
G1 X103.124 Y96.084 E1034.6435
G1 X101.558 Y96.084 E1034.72162
G1 X101.468 Y95.964 E1034.72911
G1 X97.5 Y95.964 E1034.92707
G1 X97.5 Y122.146 E1036.2333
G0 F9000 X97.748 Y121.554
G0 X98.171 Y120.549
G0 X97.9 Y121.181
;TYPE:WALL-INNER
G1 F1500 X103.36 Y115.723 E1036.61846
G1 X103.36 Y96.398 E1037.58259
G1 X103.124 Y96.484 E1037.59512
G1 X101.462 Y96.484 E1037.67804
G1 X101.371 Y96.364 E1037.68555
G1 X97.9 Y96.364 E1037.85872
G1 X97.9 Y121.181 E1039.09684
G0 F9000 X98.148 Y120.588
G0 X98.3 Y120.215
G1 F1500 X102.96 Y115.557 E1039.42556
G1 X102.96 Y96.884 E1040.35716
G1 X101.608 Y96.884 E1040.42461
G1 X101.337 Y96.847 E1040.43826
G1 X101.275 Y96.764 E1040.44343
G1 X98.3 Y96.764 E1040.59185
G1 X98.3 Y120.215 E1041.76183
G0 F9000 X100.862 Y117.541
;TYPE:FILL
G1 F3000 X98.38 Y115.059 E1041.93694
G0 F9000 X98.38 Y103.34
G1 F3000 X102.88 Y98.841 E1042.25441
G0 F9000 X102.75 Y98.841
G1 F2700 E1033.25441
G0 F9000 X103.53 Y115.444
G0 X104.017 Y116.835
G0 X104.314 Y117.582
G0 X117.493 Y117.577
G0 X118.07 Y116.589
G0 X117.84 Y115.724
;TYPE:WALL-OUTER
G1 F2700 E1042.25441
G1 F1500 X124.1 Y115.724 E1042.56672
G1 X124.1 Y100.289 E1043.33678
G1 X120.183 Y100.292 E1043.5322
G1 X117.84 Y102.635 E1043.69751
G1 X117.84 Y115.724 E1044.35052
G0 F9000 X118.24 Y115.324
;TYPE:WALL-INNER
G1 F1500 X123.7 Y115.324 E1044.62292
G1 X123.7 Y100.689 E1045.35306
G1 X120.349 Y100.692 E1045.52025
G1 X118.24 Y102.801 E1045.66905
G1 X118.24 Y115.324 E1046.29382
G0 F9000 X118.64 Y114.924
G1 F1500 X123.3 Y114.924 E1046.52631
G1 X123.3 Y101.09 E1047.21649
G1 X120.515 Y101.092 E1047.35544
G1 X118.64 Y102.967 E1047.48773
G1 X118.64 Y114.924 E1048.08426
G0 F9000 X123.22 Y103.342
;TYPE:FILL
G1 F3000 X123.15 Y103.272 E1048.0892
G0 F9000 X123.2 Y103.272
G0 X119.002 Y103.492
G0 X119.002 Y103.232
;TYPE:SKIN
G1 F1500 X122.94 Y103.228 E1048.28567
G1 X122.94 Y101.449 E1048.37443
G1 X120.663 Y101.452 E1048.48803
G1 X119 Y103.115 E1048.60536
G1 X119.002 Y103.232 E1048.6112
G0 F9000 X119.683 Y102.713
G1 F1500 X120 Y103.03 E1048.63356
G0 F9000 X120.565 Y103.029
G1 F1500 X119.967 Y102.431 E1048.67576
G0 F9000 X120.25 Y102.148
G1 F1500 X121.131 Y103.029 E1048.73791
G0 F9000 X121.696 Y103.028
G1 F1500 X120.533 Y101.865 E1048.81997
G0 F9000 X120.886 Y101.652
G1 F1500 X122.262 Y103.028 E1048.91705
G0 F9000 X122.74 Y102.941
G1 F1500 X121.451 Y101.652 E1049.008
G0 F9000 X122.015 Y101.65
G1 F1500 X122.74 Y102.376 E1049.05919
G0 F9000 X122.74 Y101.81
G1 F1500 X122.58 Y101.649 E1049.07051
G1 F2700 E1040.07051
;MESH:wildrosebuilds_puzzlecube.stl(2)
G0 F9000 X122.58 Y101.19
G0 X123.128 Y101.262
G0 X123.876 Y115.5
G0 X124.965 Y115.5
G0 X126.635 Y115.5
G0 X127.5 Y122.146
;TYPE:WALL-OUTER
G1 F2700 E1049.07051
G1 F1500 X133.76 Y115.889 E1049.51208
G1 X133.76 Y95.964 E1050.50615
G1 X133.287 Y95.964 E1050.52974
G1 X133.254 Y96.037 E1050.53374
G1 X133.124 Y96.084 E1050.54064
G1 X131.558 Y96.084 E1050.61877
G1 X131.468 Y95.964 E1050.62625
G1 X127.5 Y95.964 E1050.82421
G1 X127.5 Y122.146 E1052.13044
G0 F9000 X127.748 Y121.554
G0 X128.171 Y120.549
G0 X127.9 Y121.181
;TYPE:WALL-INNER
G1 F1500 X133.36 Y115.723 E1052.5156
G1 X133.36 Y96.398 E1053.47973
G1 X133.124 Y96.484 E1053.49226
G1 X131.462 Y96.484 E1053.57518
G1 X131.371 Y96.364 E1053.58269
G1 X127.9 Y96.364 E1053.75586
G1 X127.9 Y121.181 E1054.99399
G0 F9000 X128.148 Y120.588
G0 X128.3 Y120.215
G1 F1500 X132.96 Y115.557 E1055.3227
G1 X132.96 Y96.884 E1056.2543
G1 X131.608 Y96.884 E1056.32175
G1 X131.337 Y96.847 E1056.3354
G1 X131.275 Y96.764 E1056.34057
G1 X128.3 Y96.764 E1056.48899
G1 X128.3 Y120.215 E1057.65897
G0 F9000 X130.861 Y117.541
;TYPE:FILL
G1 F3000 X128.379 Y115.059 E1057.83409
G0 F9000 X128.38 Y103.34
G1 F3000 X132.88 Y98.841 E1058.15155
G0 F9000 X132.75 Y98.841
G1 F2700 E1049.15155
G0 F9000 X133.53 Y115.444
G0 X134.017 Y116.835
G0 X134.314 Y117.582
G0 X147.493 Y117.577
G0 X148.07 Y116.589
G0 X147.84 Y115.724
;TYPE:WALL-OUTER
G1 F2700 E1058.15155
G1 F1500 X154.1 Y115.724 E1058.46386
G1 X154.1 Y100.289 E1059.23392
G1 X150.183 Y100.292 E1059.42934
G1 X147.84 Y102.635 E1059.59465
G1 X147.84 Y115.724 E1060.24766
G0 F9000 X148.24 Y115.324
;TYPE:WALL-INNER
G1 F1500 X153.7 Y115.324 E1060.52006
G1 X153.7 Y100.689 E1061.25021
G1 X150.349 Y100.692 E1061.41739
G1 X148.24 Y102.801 E1061.56619
G1 X148.24 Y115.324 E1062.19096
G0 F9000 X148.64 Y114.924
G1 F1500 X153.3 Y114.924 E1062.42345
G1 X153.3 Y101.09 E1063.11363
G1 X150.515 Y101.092 E1063.25258
G1 X148.64 Y102.967 E1063.38487
G1 X148.64 Y114.924 E1063.98141
G0 F9000 X153.22 Y103.342
;TYPE:FILL
G1 F3000 X153.149 Y103.272 E1063.98638
G0 F9000 X153.2 Y103.272
G0 X149.002 Y103.492
G0 X149.002 Y103.232
;TYPE:SKIN
G1 F1500 X152.94 Y103.228 E1064.18285
G1 X152.94 Y101.449 E1064.2716
G1 X150.663 Y101.452 E1064.3852
G1 X149 Y103.115 E1064.50254
G1 X149.002 Y103.232 E1064.50837
G0 F9000 X149.675 Y102.723
G1 F1500 X149.982 Y103.03 E1064.53004
G0 F9000 X150.547 Y103.03
G1 F1500 X149.958 Y102.44 E1064.57163
G0 F9000 X150.24 Y102.157
G1 F1500 X151.112 Y103.029 E1064.63315
G0 F9000 X151.677 Y103.028
G1 F1500 X150.523 Y101.874 E1064.71457
G0 F9000 X150.866 Y101.652
G1 F1500 X152.242 Y103.028 E1064.81166
G0 F9000 X152.74 Y102.96
G1 F1500 X151.431 Y101.651 E1064.90401
G0 F9000 X151.996 Y101.65
G1 F1500 X152.74 Y102.394 E1064.95651
G0 F9000 X152.74 Y101.828
G1 F1500 X152.561 Y101.649 E1064.96914
G1 F2700 E1055.96914
;MESH:NONMESH
G0 F300 X152.561 Y101.649 Z4.65
G0 F9000 X152.561 Y101.19
G0 X150.276 Y100.52
G0 X149.503 Y99.748
G0 X124.955 Y90.417
G0 X124.953 Y93.289
G0 X116.987 Y93.289
G0 X96.647 Y88.962
G0 X96.647 Y71.823
G0 X104.107 Y70.823
G0 X106.68 Y70.811
G0 X106.68 Y71.676
;TIME_ELAPSED:1554.190332
;LAYER:15
;TYPE:SUPPORT
G1 F2700 E1064.96914
G1 F1500 X106.68 Y71.876 E1064.97911
G1 X104.96 Y71.876 E1065.06493
G1 X104.96 Y71.676 E1065.0749
G1 X109.347 Y71.676 E1065.29377
G1 X109.347 Y71.876 E1065.30375
G1 X112.014 Y71.876 E1065.43681
G1 X112.014 Y71.676 E1065.44679
G1 X116.712 Y71.676 E1065.68117
G1 X116.795 Y71.876 E1065.69197
G1 X114.681 Y71.876 E1065.79744
G1 X114.681 Y71.676 E1065.80742
G1 F2700 E1056.80742
G0 F9000 X114.681 Y73.31
G1 F2700 E1065.80742
G1 F1500 X114.681 Y73.509 E1065.81735
G1 X116.44 Y73.51 E1065.9051
G1 X116.44 Y73.411 E1065.91004
G1 X116.64 Y73.345 E1065.92055
G1 X116.64 Y73.31 E1065.9223
G1 X112.014 Y73.31 E1066.15309
G1 X112.014 Y73.509 E1066.16302
G1 X109.347 Y73.509 E1066.29607
G1 X109.347 Y73.31 E1066.306
G1 X104.96 Y73.309 E1066.52487
G1 X104.96 Y73.358 E1066.52731
G1 X105.16 Y73.415 E1066.53769
G1 X105.16 Y73.509 E1066.54238
G1 X106.68 Y73.509 E1066.61821
G1 X106.68 Y73.31 E1066.62814
G1 F2700 E1057.62814
G0 F9000 X106.68 Y74.375
G0 X106.68 Y114.025
G0 X106.68 Y114.891
G1 F2700 E1066.62814
G1 F1500 X106.68 Y115.09 E1066.63807
G1 X104.96 Y115.09 E1066.72388
G1 X104.96 Y115.055 E1066.72563
G1 X105.16 Y114.989 E1066.73613
G1 X105.16 Y114.89 E1066.74107
G1 X109.347 Y114.891 E1066.94996
G1 X109.347 Y115.09 E1066.95989
G1 X112.014 Y115.09 E1067.09295
G1 X112.014 Y114.891 E1067.10288
G1 X116.44 Y114.891 E1067.32369
G1 X116.44 Y114.985 E1067.32838
G1 X116.64 Y115.042 E1067.33876
G1 X116.64 Y115.091 E1067.3412
G1 X114.681 Y115.09 E1067.43894
G1 X114.681 Y114.891 E1067.44886
G1 F2700 E1058.44886
G0 F9000 X114.681 Y116.524
G1 F2700 E1067.44886
G1 F1500 X114.681 Y116.724 E1067.45884
G1 X116.64 Y116.724 E1067.55658
G1 X116.64 Y116.524 E1067.56655
G1 X112.014 Y116.524 E1067.79735
G1 X112.014 Y116.724 E1067.80732
G1 X109.347 Y116.724 E1067.94038
G1 X109.347 Y116.524 E1067.95036
G1 X104.805 Y116.524 E1068.17696
G1 X104.888 Y116.724 E1068.18776
G1 X106.68 Y116.724 E1068.27717
G1 X106.68 Y116.524 E1068.28715
G1 F2700 E1059.28715
G0 F9000 X106.68 Y117.589
G0 X127.454 Y123.412
G0 X136.017 Y117.589
G0 X136.017 Y116.724
G1 F2700 E1068.28715
G1 F1500 X136.017 Y116.524 E1068.29712
G1 X134.805 Y116.524 E1068.35759
G1 X134.888 Y116.724 E1068.36839
G1 X138.684 Y116.724 E1068.55778
G1 X138.684 Y116.524 E1068.56776
G1 X141.351 Y116.524 E1068.70081
G1 X141.351 Y116.724 E1068.71079
G1 X146.64 Y116.724 E1068.97466
G1 X146.64 Y116.524 E1068.98464
G1 X144.018 Y116.524 E1069.11545
G1 X144.018 Y116.724 E1069.12543
G1 F2700 E1060.12543
G0 F9000 X144.018 Y115.09
G1 F2700 E1069.12543
G1 F1500 X144.018 Y114.891 E1069.13536
G1 X146.44 Y114.891 E1069.25619
G1 X146.44 Y114.985 E1069.26088
G1 X146.64 Y115.042 E1069.27126
G1 X146.64 Y115.091 E1069.2737
G1 X141.351 Y115.09 E1069.53757
G1 X141.351 Y114.891 E1069.5475
G1 X138.684 Y114.891 E1069.68055
G1 X138.684 Y115.09 E1069.69048
G1 X134.96 Y115.09 E1069.87627
G1 X134.96 Y115.055 E1069.87802
G1 X135.16 Y114.989 E1069.88853
G1 X135.16 Y114.89 E1069.89347
G1 X136.017 Y114.891 E1069.93622
G1 X136.017 Y115.09 E1069.94615
G0 F9000 X135.874 Y115.29
;TYPE:SUPPORT-INTERFACE
G1 F1500 X134.84 Y116.324 E1070.0191
G0 F9000 X135.656 Y115.291
G1 F1500 X136.689 Y116.324 E1070.09199
G1 F2700 E1061.09199
G0 F9000 X138.234 Y116.324
G1 F2700 E1070.09199
G1 F1500 X139.268 Y115.29 E1070.16494
G0 F9000 X139.05 Y115.291
G1 F1500 X140.083 Y116.324 E1070.23783
G1 F2700 E1061.23783
G0 F9000 X141.629 Y116.324
G1 F2700 E1070.23783
G1 F1500 X142.662 Y115.29 E1070.31075
G0 F9000 X142.444 Y115.291
G1 F1500 X143.477 Y116.324 E1070.38363
G1 F2700 E1061.38363
G0 F9000 X145.023 Y116.324
G1 F2700 E1070.38363
G1 F1500 X146.056 Y115.29 E1070.45655
G0 F9000 X145.838 Y115.291
G1 F1500 X146.841 Y116.294 E1070.52732
G1 F2700 E1061.52732
G0 F9000 X147.493 Y116.577
G0 X147.493 Y117.577
G0 X127.454 Y123.412
G0 X126.723 Y123.11
G0 X117.493 Y116.577
G0 X116.324 Y116.324
G1 F2700 E1070.52732
G1 F1500 X115.291 Y115.291 E1070.6002
G0 F9000 X115.509 Y115.29
G1 F1500 X114.476 Y116.324 E1070.67312
G1 F2700 E1061.67312
G0 F9000 X112.93 Y116.324
G1 F2700 E1070.67312
G1 F1500 X111.897 Y115.291 E1070.746
G0 F9000 X112.115 Y115.29
G1 F1500 X111.082 Y116.324 E1070.81892
G1 F2700 E1061.81892
G0 F9000 X109.536 Y116.324
G1 F2700 E1070.81892
G1 F1500 X108.503 Y115.291 E1070.8918
G0 F9000 X108.721 Y115.29
G1 F1500 X107.687 Y116.324 E1070.96476
G1 F2700 E1061.96476
G0 F9000 X106.142 Y116.324
G1 F2700 E1070.96476
G1 F1500 X105.109 Y115.291 E1071.03764
G0 F9000 X105.327 Y115.29
G1 F1500 X104.76 Y115.857 E1071.07765
G1 F2700 E1062.07765
G0 F9000 X104.017 Y116.835
G0 X97.454 Y123.412
G0 X96.642 Y123.076
G0 X96.647 Y95.111
G0 X103.099 Y95.111
G0 X106.779 Y74.375
G0 X106.779 Y73.109
G1 F2700 E1071.07765
G1 F1500 X107.812 Y72.076 E1071.15053
G0 F9000 X107.05 Y73.108
G1 F1500 X106.017 Y72.076 E1071.22338
G1 F2700 E1062.22338
G0 F9000 X106.017 Y70.811
G0 X109.411 Y70.811
G0 X109.411 Y72.076
G1 F2700 E1071.22338
G1 F1500 X110.444 Y73.108 E1071.29623
G0 F9000 X110.173 Y73.109
G1 F1500 X111.206 Y72.076 E1071.36911
G1 F2700 E1062.36911
G0 F9000 X112.805 Y72.076
G1 F2700 E1071.36911
G1 F1500 X113.839 Y73.109 E1071.44203
G0 F9000 X113.566 Y73.11
G1 F1500 X114.6 Y72.076 E1071.51498
G1 F2700 E1062.51498
G0 F9000 X116.2 Y72.076
G1 F2700 E1071.51498
G1 F1500 X116.84 Y72.717 E1071.56018
G1 F2700 E1062.56018
;MESH:wildrosebuilds_puzzlecube.stl(1)
G0 F9000 X117.583 Y71.565
G0 X117.286 Y70.818
G0 X104.107 Y70.823
G0 X103.536 Y71.811
G0 X101.717 Y87.808
;TYPE:WALL-OUTER
G1 F2700 E1071.56018
G1 F1500 X103.76 Y85.765 E1071.70432
G1 X103.76 Y72.676 E1072.35733
G1 X97.5 Y72.676 E1072.66965
G1 X97.5 Y87.808 E1073.42458
G1 X101.717 Y87.808 E1073.63497
G0 F9000 X101.551 Y87.408
;TYPE:WALL-INNER
G1 F1500 X103.36 Y85.599 E1073.76261
G1 X103.36 Y73.076 E1074.38738
G1 X97.9 Y73.076 E1074.65978
G1 X97.9 Y87.408 E1075.37481
G1 X101.551 Y87.408 E1075.55696
G0 F9000 X101.385 Y87.008
G1 F1500 X102.96 Y85.433 E1075.66808
G1 X102.96 Y73.476 E1076.26462
G1 X98.3 Y73.476 E1076.49711
G1 X98.3 Y87.008 E1077.17222
G1 X101.385 Y87.008 E1077.32613
G0 F9000 X98.472 Y86.836
G0 X98.4 Y84.828
G0 X98.45 Y84.828
;TYPE:FILL
G1 F3000 X98.38 Y84.758 E1077.33107
G0 F9000 X98.38 Y73.642
G1 F3000 X98.466 Y73.556 E1077.33714
G0 F9000 X102.788 Y84.68
G0 X102.796 Y85.366
G0 X101.233 Y86.908
G0 X101.233 Y86.648
;TYPE:SKIN
G1 F1500 X102.6 Y85.281 E1077.43359
G1 X102.6 Y84.868 E1077.45419
G1 X98.66 Y84.868 E1077.65076
G1 X98.66 Y86.648 E1077.73957
G1 X101.233 Y86.648 E1077.86793
G0 F9000 X100.794 Y86.448
G1 F1500 X102.174 Y85.068 E1077.9653
G0 F9000 X101.608 Y85.068
G1 F1500 X100.228 Y86.448 E1078.06267
G0 F9000 X99.662 Y86.448
G1 F1500 X101.043 Y85.068 E1078.16007
G0 F9000 X100.477 Y85.068
G1 F1500 X99.097 Y86.448 E1078.25743
G0 F9000 X98.861 Y86.119
G1 F1500 X99.911 Y85.068 E1078.33155
G0 F9000 X99.346 Y85.068
G1 F1500 X98.861 Y85.553 E1078.36577
G1 F2700 E1069.36577
G0 F9000 X98.4 Y85.553
G0 X98.472 Y86.836
G0 X101.317 Y86.844
G0 X103.532 Y85.672
G0 X104.625 Y85.672
G0 X116.975 Y85.672
G0 X117.84 Y92.436
;TYPE:WALL-OUTER
G1 F2700 E1078.36577
G1 F1500 X119.093 Y92.436 E1078.42828
G1 X119.166 Y92.316 E1078.43529
G1 X121.066 Y92.316 E1078.53008
G1 X121.154 Y92.436 E1078.53751
G1 X124.1 Y92.436 E1078.68448
G1 X124.1 Y66.248 E1079.99101
G1 X117.84 Y72.507 E1080.43265
G1 X117.84 Y92.436 E1081.42691
G0 F9000 X118.24 Y92.036
;TYPE:WALL-INNER
G1 F1500 X118.938 Y92.036 E1081.46174
G1 X118.972 Y91.981 E1081.46496
G1 X119.244 Y91.916 E1081.47891
G1 X121.175 Y91.916 E1081.57525
G1 X121.262 Y92.036 E1081.58265
G1 X123.7 Y92.036 E1081.70428
G1 X123.7 Y67.214 E1082.94265
G1 X118.24 Y72.673 E1083.32785
G1 X118.24 Y92.036 E1084.29387
G0 F9000 X118.64 Y91.66
G1 F1500 X119.244 Y91.516 E1084.32485
G1 X121.012 Y91.516 E1084.41306
G1 X121.317 Y91.563 E1084.42845
G1 X121.37 Y91.636 E1084.43295
G1 X123.3 Y91.636 E1084.52924
G1 X123.3 Y68.179 E1085.69952
G1 X118.64 Y72.839 E1086.02831
G1 X118.64 Y91.66 E1086.96729
G0 F9000 X118.64 Y91.606
G0 X118.72 Y89.257
;TYPE:FILL
G1 F3000 X123.22 Y84.757 E1087.28479
G0 F9000 X123.22 Y73.644
G1 F3000 X120.584 Y71.008 E1087.47077
G0 F9000 X120.675 Y71.099
G1 F2700 E1078.47077
;MESH:wildrosebuilds_puzzlecube.stl
G0 F9000 X118.064 Y92.212
G0 X116.975 Y92.212
G0 X104.625 Y96.188
G0 X97.5 Y122.146
;TYPE:WALL-OUTER
G1 F2700 E1087.47077
G1 F1500 X103.76 Y115.889 E1087.91234
G1 X103.76 Y95.964 E1088.90641
G1 X102.503 Y95.964 E1088.96912
G1 X102.43 Y96.084 E1088.97613
G1 X100.528 Y96.084 E1089.07102
G1 X100.442 Y95.964 E1089.07838
G1 X97.5 Y95.964 E1089.22516
G1 X97.5 Y122.146 E1090.53138
G0 F9000 X97.748 Y121.554
G0 X98.171 Y120.549
G0 X97.9 Y121.181
;TYPE:WALL-INNER
G1 F1500 X103.36 Y115.723 E1090.91655
G1 X103.36 Y96.364 E1091.88237
G1 X102.658 Y96.364 E1091.91739
G1 X102.624 Y96.419 E1091.92062
G1 X102.352 Y96.484 E1091.93457
G1 X100.42 Y96.484 E1092.03096
G1 X100.334 Y96.364 E1092.03833
G1 X97.9 Y96.364 E1092.15976
G1 X97.9 Y121.181 E1093.39788
G0 F9000 X98.148 Y120.588
G0 X98.3 Y120.215
G1 F1500 X102.96 Y115.557 E1093.7266
G1 X102.96 Y96.739 E1094.66543
G1 X102.352 Y96.884 E1094.69662
G1 X100.584 Y96.884 E1094.78482
G1 X100.278 Y96.837 E1094.80027
G1 X100.226 Y96.764 E1094.80474
G1 X98.3 Y96.764 E1094.90083
G1 X98.3 Y120.215 E1096.0708
G0 F9000 X101.012 Y117.39
;TYPE:FILL
G1 F3000 X98.38 Y114.758 E1096.25651
G0 F9000 X98.38 Y103.641
G1 F3000 X102.88 Y99.142 E1096.57397
G0 F9000 X102.75 Y99.142
G1 F2700 E1087.57397
G0 F9000 X103.53 Y115.444
G0 X104.017 Y116.835
G0 X104.314 Y117.582
G0 X117.493 Y117.577
G0 X118.07 Y116.589
G0 X117.84 Y115.724
;TYPE:WALL-OUTER
G1 F2700 E1096.57397
G1 F1500 X124.1 Y115.724 E1096.88628
G1 X124.1 Y100.589 E1097.64137
G1 X119.883 Y100.592 E1097.85176
G1 X117.84 Y102.635 E1097.9959
G1 X117.84 Y115.724 E1098.64892
G0 F9000 X118.24 Y115.324
;TYPE:WALL-INNER
G1 F1500 X123.7 Y115.324 E1098.92132
G1 X123.7 Y100.989 E1099.63649
G1 X120.049 Y100.992 E1099.81864
G1 X118.24 Y102.801 E1099.94628
G1 X118.24 Y115.324 E1100.57105
G0 F9000 X118.64 Y114.924
G1 F1500 X123.3 Y114.924 E1100.80354
G1 X123.3 Y101.389 E1101.4788
G1 X120.215 Y101.392 E1101.63272
G1 X118.64 Y102.967 E1101.74384
G1 X118.64 Y114.924 E1102.34038
G0 F9000 X123.133 Y114.844
;TYPE:FILL
G1 F3000 X123.22 Y114.757 E1102.34652
G0 F9000 X123.22 Y103.643
G1 F3000 X123.148 Y103.571 E1102.3516
G0 F9000 X123.2 Y103.571
G0 X118.812 Y103.72
G0 X119 Y103.532
;TYPE:SKIN
G1 F1500 X122.94 Y103.528 E1102.54816
G1 X122.94 Y101.749 E1102.63692
G1 X120.363 Y101.752 E1102.76548
G1 X119 Y103.115 E1102.86165
G1 X119 Y103.532 E1102.88246
G0 F9000 X118.74 Y103.532
G0 X118.804 Y103.034
G0 X120.283 Y101.556
G0 X120.929 Y101.491
G0 X120.929 Y101.951
G1 F1500 X119.548 Y103.332 E1102.97989
G0 F9000 X120.114 Y103.332
G1 F1500 X121.495 Y101.951 E1103.07733
G0 F9000 X122.061 Y101.95
G1 F1500 X120.681 Y103.331 E1103.17473
G0 F9000 X121.247 Y103.33
G1 F1500 X122.628 Y101.949 E1103.27217
G0 F9000 X122.74 Y102.403
G1 F1500 X121.813 Y103.33 E1103.33757
G0 F9000 X122.38 Y103.329
G1 F1500 X122.74 Y102.969 E1103.36297
G1 F2700 E1094.36297
;MESH:wildrosebuilds_puzzlecube.stl(2)
G0 F9000 X123.2 Y102.969
G0 X123.876 Y115.5
G0 X124.965 Y115.5
G0 X126.635 Y115.5
G0 X127.5 Y122.146
;TYPE:WALL-OUTER
G1 F2700 E1103.36297
G1 F1500 X133.76 Y115.889 E1103.80454
G1 X133.76 Y95.964 E1104.79861
G1 X132.503 Y95.964 E1104.86132
G1 X132.43 Y96.084 E1104.86833
G1 X130.528 Y96.084 E1104.96322
G1 X130.442 Y95.964 E1104.97058
G1 X127.5 Y95.964 E1105.11736
G1 X127.5 Y122.146 E1106.42359
G0 F9000 X127.748 Y121.554
G0 X128.171 Y120.549
G0 X127.9 Y121.181
;TYPE:WALL-INNER
G1 F1500 X133.36 Y115.723 E1106.80875
G1 X133.36 Y96.364 E1107.77457
G1 X132.658 Y96.364 E1107.80959
G1 X132.624 Y96.419 E1107.81282
G1 X132.352 Y96.484 E1107.82677
G1 X130.42 Y96.484 E1107.92316
G1 X130.334 Y96.364 E1107.93053
G1 X127.9 Y96.364 E1108.05196
G1 X127.9 Y121.181 E1109.29008
G0 F9000 X128.148 Y120.588
G0 X128.3 Y120.215
G1 F1500 X132.96 Y115.557 E1109.6188
G1 X132.96 Y96.739 E1110.55764
G1 X132.352 Y96.884 E1110.58882
G1 X130.584 Y96.884 E1110.67703
G1 X130.278 Y96.837 E1110.69247
G1 X130.226 Y96.764 E1110.69694
G1 X128.3 Y96.764 E1110.79303
G1 X128.3 Y120.215 E1111.96301
G0 F9000 X131.012 Y117.39
;TYPE:FILL
G1 F3000 X128.379 Y114.758 E1112.14874
G0 F9000 X128.38 Y103.641
G1 F3000 X132.88 Y99.141 E1112.46624
G0 F9000 X132.75 Y99.141
G1 F2700 E1103.46624
G0 F9000 X133.53 Y115.444
G0 X134.017 Y116.835
G0 X134.314 Y117.582
G0 X147.493 Y117.577
G0 X148.07 Y116.589
G0 X147.84 Y115.724
;TYPE:WALL-OUTER
G1 F2700 E1112.46624
G1 F1500 X154.1 Y115.724 E1112.77856
G1 X154.1 Y100.589 E1113.53364
G1 X149.883 Y100.592 E1113.74403
G1 X147.84 Y102.635 E1113.88818
G1 X147.84 Y115.724 E1114.54119
G0 F9000 X148.24 Y115.324
;TYPE:WALL-INNER
G1 F1500 X153.7 Y115.324 E1114.81359
G1 X153.7 Y100.989 E1115.52876
G1 X150.049 Y100.992 E1115.71091
G1 X148.24 Y102.801 E1115.83855
G1 X148.24 Y115.324 E1116.46332
G0 F9000 X148.64 Y114.924
G1 F1500 X153.3 Y114.924 E1116.69581
G1 X153.3 Y101.389 E1117.37108
G1 X150.215 Y101.392 E1117.52499
G1 X148.64 Y102.967 E1117.63611
G1 X148.64 Y114.924 E1118.23265
G0 F9000 X153.132 Y114.844
;TYPE:FILL
G1 F3000 X153.22 Y114.756 E1118.23886
G0 F9000 X153.22 Y103.643
G1 F3000 X153.149 Y103.572 E1118.24387
G0 F9000 X153.2 Y103.572
G0 X148.812 Y103.72
G0 X149 Y103.532
;TYPE:SKIN
G1 F1500 X152.94 Y103.528 E1118.44043
G1 X152.94 Y101.749 E1118.52919
G1 X150.363 Y101.752 E1118.65776
G1 X149 Y103.115 E1118.75392
G1 X149 Y103.532 E1118.77473
G0 F9000 X148.74 Y103.532
G0 X148.804 Y103.034
G0 X150.283 Y101.556
G0 X150.911 Y101.491
G0 X150.911 Y101.951
G1 F1500 X149.53 Y103.332 E1118.87216
G0 F9000 X150.096 Y103.331
G1 F1500 X151.477 Y101.95 E1118.9696
G0 F9000 X152.044 Y101.949
G1 F1500 X150.663 Y103.33 E1119.06704
G0 F9000 X151.229 Y103.33
G1 F1500 X152.61 Y101.949 E1119.16448
G0 F9000 X152.74 Y102.384
G1 F1500 X151.795 Y103.329 E1119.23115
G0 F9000 X152.362 Y103.328
G1 F1500 X152.74 Y102.95 E1119.25782
G1 F2700 E1110.25782
;MESH:NONMESH
G0 F300 X152.74 Y102.95 Z4.95
G0 F9000 X153.2 Y102.95
G0 X153.128 Y101.562
G0 X149.976 Y100.82
G0 X149.203 Y100.048
G0 X124.955 Y90.479
G0 X124.953 Y93.289
G0 X116.987 Y93.289
G0 X96.647 Y88.662
G0 X96.647 Y71.823
G0 X104.107 Y70.823
G0 X106.68 Y70.811
G0 X106.68 Y71.676
;TIME_ELAPSED:1632.950641
;LAYER:16
;TYPE:SUPPORT
G1 F2700 E1119.25782
G1 F1500 X106.68 Y71.876 E1119.2678
G1 X104.96 Y71.876 E1119.35361
G1 X104.96 Y71.676 E1119.36359
G1 X109.347 Y71.676 E1119.58246
G1 X109.347 Y71.876 E1119.59243
G1 X112.014 Y71.876 E1119.72549
G1 X112.014 Y71.676 E1119.73547
G1 X116.712 Y71.676 E1119.96985
G1 X116.795 Y71.876 E1119.98066
G1 X114.681 Y71.876 E1120.08612
G1 X114.681 Y71.676 E1120.0961
G1 F2700 E1111.0961
G0 F9000 X114.681 Y70.811
G0 X104.107 Y70.823
G0 X96.647 Y71.823
G0 X96.647 Y88.362
G0 X124.953 Y100.038
G0 X124.953 Y116.577
G0 X117.493 Y117.577
G0 X114.681 Y117.589
G0 X114.681 Y116.524
G1 F2700 E1120.0961
G1 F1500 X114.681 Y116.724 E1120.10608
G1 X116.64 Y116.724 E1120.20382
G1 X116.64 Y116.524 E1120.21379
G1 X112.014 Y116.524 E1120.44459
G1 X112.014 Y116.724 E1120.45456
G1 X109.347 Y116.724 E1120.58762
G1 X109.347 Y116.524 E1120.5976
G1 X104.805 Y116.524 E1120.8242
G1 X104.888 Y116.724 E1120.835
G1 X106.68 Y116.724 E1120.92441
G1 X106.68 Y116.524 E1120.93438
G1 F2700 E1111.93438
G0 F9000 X106.68 Y117.589
G0 X127.454 Y123.412
G0 X136.017 Y117.589
G0 X136.017 Y116.724
G1 F2700 E1120.93438
G1 F1500 X136.017 Y116.524 E1120.94436
G1 X134.805 Y116.524 E1121.00483
G1 X134.888 Y116.724 E1121.01563
G1 X138.684 Y116.724 E1121.20502
G1 X138.684 Y116.524 E1121.21499
G1 X141.351 Y116.524 E1121.34805
G1 X141.351 Y116.724 E1121.35803
G1 X146.64 Y116.724 E1121.6219
G1 X146.64 Y116.524 E1121.63188
G1 X144.018 Y116.524 E1121.76269
G1 X144.018 Y116.724 E1121.77267
G0 F9000 X143.477 Y116.324
;TYPE:SUPPORT-INTERFACE
G1 F1500 X142.143 Y114.99 E1121.86679
G0 F9000 X142.963 Y114.99
G1 F1500 X141.629 Y116.324 E1121.96091
G1 F2700 E1112.96091
G0 F9000 X140.083 Y116.324
G1 F2700 E1121.96091
G1 F1500 X138.749 Y114.99 E1122.05503
G0 F9000 X139.569 Y114.99
G1 F1500 X138.234 Y116.324 E1122.14919
G1 F2700 E1113.14919
G0 F9000 X136.689 Y116.324
G1 F2700 E1122.14919
G1 F1500 X135.355 Y114.99 E1122.24331
G0 F9000 X136.175 Y114.99
G1 F1500 X134.84 Y116.324 E1122.33746
G1 F2700 E1113.33746
G0 F9000 X134.017 Y116.835
G0 X134.314 Y117.582
G0 X145.023 Y117.589
G0 X145.023 Y116.324
G1 F2700 E1122.33746
G1 F1500 X146.357 Y114.99 E1122.43158
G0 F9000 X145.537 Y114.99
G1 F1500 X146.84 Y116.293 E1122.52352
G1 F2700 E1113.52352
G0 F9000 X147.493 Y116.577
G0 X147.493 Y117.577
G0 X127.454 Y123.412
G0 X126.723 Y123.11
G0 X117.493 Y116.577
G0 X116.324 Y116.324
G1 F2700 E1122.52352
G1 F1500 X114.991 Y114.991 E1122.61757
G0 F9000 X115.809 Y114.99
G1 F1500 X114.476 Y116.324 E1122.71165
G1 F2700 E1113.71165
G0 F9000 X112.93 Y116.324
G1 F2700 E1122.71165
G1 F1500 X111.597 Y114.991 E1122.8057
G0 F9000 X112.415 Y114.99
G1 F1500 X111.082 Y116.324 E1122.89979
G1 F2700 E1113.89979
G0 F9000 X109.536 Y116.324
G1 F2700 E1122.89979
G1 F1500 X108.203 Y114.991 E1122.99384
G0 F9000 X109.021 Y114.99
G1 F1500 X107.687 Y116.324 E1123.08796
G1 F2700 E1114.08796
G0 F9000 X106.142 Y116.324
G1 F2700 E1123.08796
G1 F1500 X104.809 Y114.991 E1123.18201
G0 F9000 X105.627 Y114.99
G1 F1500 X104.76 Y115.857 E1123.24318
G1 F2700 E1114.24318
G0 F9000 X104.017 Y116.835
G0 X97.454 Y123.412
G0 X96.642 Y123.076
G0 X96.647 Y95.111
G0 X103.816 Y95.111
G0 X106.478 Y74.375
G0 X106.478 Y73.41
G1 F2700 E1123.24318
G1 F1500 X107.812 Y72.076 E1123.3373
G0 F9000 X107.35 Y73.409
G1 F1500 X106.017 Y72.076 E1123.43135
G1 F2700 E1114.43135
G0 F9000 X106.017 Y70.811
G0 X109.411 Y70.811
G0 X109.411 Y72.076
G1 F2700 E1123.43135
G1 F1500 X110.744 Y73.409 E1123.5254
G0 F9000 X109.872 Y73.41
G1 F1500 X111.206 Y72.076 E1123.61952
G1 F2700 E1114.61952
G0 F9000 X112.805 Y72.076
G1 F2700 E1123.61952
G1 F1500 X114.138 Y73.409 E1123.71358
G0 F9000 X113.266 Y73.41
G1 F1500 X114.6 Y72.076 E1123.8077
G1 F2700 E1114.8077
G0 F9000 X116.2 Y72.076
G1 F2700 E1123.8077
G1 F1500 X116.84 Y72.717 E1123.85289
G0 F9000 X116.84 Y73.23
G1 F1500 X116.661 Y73.41 E1123.86555
G1 F2700 E1114.86555
;MESH:wildrosebuilds_puzzlecube.stl(1)
G0 F9000 X116.661 Y74.375
G0 X104.613 Y74.362
G0 X102.017 Y87.508
;TYPE:WALL-OUTER
G1 F2700 E1123.86555
G1 F1500 X103.76 Y85.765 E1123.98853
G1 X103.76 Y72.676 E1124.64154
G1 X97.5 Y72.676 E1124.95386
G1 X97.5 Y87.508 E1125.69383
G1 X102.017 Y87.508 E1125.91918
G0 F9000 X101.851 Y87.108
;TYPE:WALL-INNER
G1 F1500 X103.36 Y85.599 E1126.02565
G1 X103.36 Y73.076 E1126.65042
G1 X97.9 Y73.076 E1126.92282
G1 X97.9 Y87.108 E1127.62288
G1 X101.851 Y87.108 E1127.82
G0 F9000 X101.685 Y86.708
G1 F1500 X102.96 Y85.433 E1127.90996
G1 X102.96 Y73.476 E1128.5065
G1 X98.3 Y73.476 E1128.73898
G1 X98.3 Y86.708 E1129.39913
G1 X101.685 Y86.708 E1129.56801
G0 F9000 X98.472 Y86.536
G0 X98.472 Y84.568
G0 X98.637 Y84.716
;TYPE:FILL
G1 F3000 X98.38 Y84.458 E1129.58618
G0 F9000 X98.38 Y73.942
G1 F3000 X98.766 Y73.556 E1129.61341
G0 F9000 X102.788 Y84.568
G0 X102.796 Y85.365
G0 X101.533 Y86.608
G0 X101.533 Y86.348
;TYPE:SKIN
G1 F1500 X102.6 Y85.28 E1129.68873
G1 X102.6 Y84.756 E1129.71487
G1 X98.66 Y84.756 E1129.91144
G1 X98.66 Y86.348 E1129.99086
G1 X101.533 Y86.348 E1130.1342
G0 F9000 X101.533 Y86.608
G0 X102.61 Y85.64
G0 X102.284 Y85.314
G1 F1500 X101.927 Y84.956 E1130.15942
G0 F9000 X101.361 Y84.956
G1 F1500 X102.002 Y85.597 E1130.20465
G0 F9000 X101.719 Y85.88
G1 F1500 X100.795 Y84.956 E1130.26984
G0 F9000 X100.23 Y84.956
G1 F1500 X101.421 Y86.148 E1130.35391
G0 F9000 X100.855 Y86.148
G1 F1500 X99.664 Y84.956 E1130.43798
G0 F9000 X99.098 Y84.956
G1 F1500 X100.29 Y86.148 E1130.52208
G0 F9000 X99.724 Y86.148
G1 F1500 X98.86 Y85.283 E1130.58307
G0 F9000 X98.86 Y85.849
G1 F1500 X99.158 Y86.148 E1130.60413
G1 F2700 E1121.60413
G0 F9000 X99.158 Y86.608
G0 X101.617 Y86.544
G0 X103.532 Y85.672
G0 X104.625 Y85.672
G0 X116.975 Y85.672
G0 X117.84 Y92.436
;TYPE:WALL-OUTER
G1 F2700 E1130.60413
G1 F1500 X120.091 Y92.436 E1130.71644
G1 X120.174 Y92.316 E1130.72372
G1 X121.875 Y92.316 E1130.80858
G1 X121.957 Y92.436 E1130.81583
G1 X124.1 Y92.436 E1130.92274
G1 X124.1 Y66.248 E1132.22927
G1 X117.84 Y72.507 E1132.67091
G1 X117.84 Y92.436 E1133.66517
G0 F9000 X118.24 Y92.036
;TYPE:WALL-INNER
G1 F1500 X119.97 Y92.036 E1133.75148
G1 X120.027 Y91.953 E1133.75651
G1 X120.236 Y91.916 E1133.7671
G1 X121.812 Y91.916 E1133.84572
G1 X122.026 Y91.955 E1133.85657
G1 X122.082 Y92.036 E1133.86149
G1 X123.7 Y92.036 E1133.94221
G1 X123.7 Y67.214 E1135.18058
G1 X118.24 Y72.673 E1135.56578
G1 X118.24 Y92.036 E1136.53181
G0 F9000 X118.64 Y91.636
G1 F1500 X119.848 Y91.636 E1136.59207
G1 X119.888 Y91.578 E1136.59559
G1 X120.236 Y91.516 E1136.61322
G1 X121.812 Y91.516 E1136.69185
G1 X122.168 Y91.581 E1136.7099
G1 X122.206 Y91.636 E1136.71324
G1 X123.3 Y91.636 E1136.76782
G1 X123.3 Y68.179 E1137.93809
G1 X118.64 Y72.839 E1138.26688
G1 X118.64 Y91.636 E1139.20467
G0 F9000 X118.72 Y88.957
;TYPE:FILL
G1 F3000 X123.22 Y84.458 E1139.52213
G0 F9000 X123.22 Y73.944
G1 F3000 X120.434 Y71.158 E1139.7187
G0 F9000 X120.525 Y71.249
G1 F2700 E1130.7187
;MESH:wildrosebuilds_puzzlecube.stl
G0 F9000 X118.064 Y92.212
G0 X116.975 Y92.212
G0 X104.625 Y96.188
G0 X97.5 Y122.146
;TYPE:WALL-OUTER
G1 F2700 E1139.7187
G1 F1500 X103.76 Y115.889 E1140.16027
G1 X103.76 Y95.964 E1141.15433
G1 X101.502 Y95.964 E1141.26699
G1 X101.421 Y96.08 E1141.27404
G1 X99.721 Y96.084 E1141.35886
G1 X99.639 Y95.964 E1141.36611
G1 X97.5 Y95.964 E1141.47282
G1 X97.5 Y122.146 E1142.77905
G0 F9000 X97.748 Y121.554
G0 X98.171 Y120.549
G0 X97.9 Y121.181
;TYPE:WALL-INNER
G1 F1500 X103.36 Y115.723 E1143.16421
G1 X103.36 Y96.364 E1144.13004
G1 X101.621 Y96.364 E1144.21679
G1 X101.565 Y96.445 E1144.22171
G1 X101.362 Y96.48 E1144.23198
G1 X99.786 Y96.484 E1144.31061
G1 X99.57 Y96.445 E1144.32156
G1 X99.514 Y96.364 E1144.32647
G1 X97.9 Y96.364 E1144.407
G1 X97.9 Y121.181 E1145.64512
G0 F9000 X98.148 Y120.588
G0 X98.3 Y120.215
G1 F1500 X102.96 Y115.557 E1145.97384
G1 X102.96 Y96.764 E1146.91143
G1 X101.741 Y96.764 E1146.97224
G1 X101.701 Y96.821 E1146.97572
G1 X101.363 Y96.88 E1146.99284
G1 X99.787 Y96.884 E1147.07146
G1 X99.428 Y96.819 E1147.08966
G1 X99.39 Y96.764 E1147.093
G1 X98.3 Y96.764 E1147.14738
G1 X98.3 Y120.215 E1148.31735
G0 F9000 X101.162 Y117.24
;TYPE:FILL
G1 F3000 X98.38 Y114.458 E1148.51364
G0 F9000 X98.38 Y103.941
G1 F3000 X102.88 Y99.442 E1148.8311
G0 F9000 X102.75 Y99.442
G1 F2700 E1139.8311
G0 F9000 X103.53 Y115.444
G0 X104.017 Y116.835
G0 X104.314 Y117.582
G0 X117.493 Y117.577
G0 X118.07 Y116.589
G0 X117.84 Y115.724
;TYPE:WALL-OUTER
G1 F2700 E1148.8311
G1 F1500 X124.1 Y115.724 E1149.14342
G1 X124.1 Y100.889 E1149.88354
G1 X119.583 Y100.892 E1150.10889
G1 X117.84 Y102.635 E1150.23187
G1 X117.84 Y115.724 E1150.88488
G0 F9000 X118.24 Y115.324
;TYPE:WALL-INNER
G1 F1500 X123.7 Y115.324 E1151.15728
G1 X123.7 Y101.289 E1151.85749
G1 X119.749 Y101.292 E1152.05461
G1 X118.24 Y102.801 E1152.16108
G1 X118.24 Y115.324 E1152.78585
G0 F9000 X118.64 Y114.924
G1 F1500 X123.3 Y114.924 E1153.01834
G1 X123.3 Y101.689 E1153.67864
G1 X119.915 Y101.692 E1153.84752
G1 X118.64 Y102.967 E1153.93747
G1 X118.64 Y114.924 E1154.53401
G0 F9000 X122.833 Y114.844
;TYPE:FILL
G1 F3000 X123.22 Y114.457 E1154.56132
G0 F9000 X123.22 Y103.943
G1 F3000 X122.961 Y103.684 E1154.57959
G0 F9000 X122.961 Y103.904
G0 X118.812 Y103.832
G0 X119 Y103.644
;TYPE:SKIN
G1 F1500 X122.94 Y103.644 E1154.77616
G1 X122.94 Y102.049 E1154.85573
G1 X120.063 Y102.052 E1154.99927
G1 X119 Y103.115 E1155.07427
G1 X119 Y103.644 E1155.10066
G0 F9000 X119.2 Y103.361
G1 F1500 X119.283 Y103.444 E1155.10651
G0 F9000 X119.401 Y102.996
G1 F1500 X119.849 Y103.444 E1155.13812
G0 F9000 X120.415 Y103.444
G1 F1500 X119.684 Y102.714 E1155.18966
G0 F9000 X119.967 Y102.431
G1 F1500 X120.98 Y103.444 E1155.26114
G0 F9000 X121.546 Y103.444
G1 F1500 X120.354 Y102.252 E1155.34524
G0 F9000 X120.919 Y102.251
G1 F1500 X122.112 Y103.444 E1155.42941
G0 F9000 X122.677 Y103.444
G1 F1500 X121.484 Y102.25 E1155.51362
G0 F9000 X122.049 Y102.25
G1 F1500 X122.74 Y102.941 E1155.56237
G0 F9000 X122.74 Y102.375
G1 F1500 X122.614 Y102.25 E1155.57123
G1 F2700 E1146.57123
;MESH:wildrosebuilds_puzzlecube.stl(2)
G0 F9000 X122.614 Y101.79
G0 X123.128 Y101.862
G0 X123.876 Y115.5
G0 X124.965 Y115.5
G0 X126.635 Y115.5
G0 X127.5 Y122.146
;TYPE:WALL-OUTER
G1 F2700 E1155.57123
G1 F1500 X133.76 Y115.889 E1156.0128
G1 X133.76 Y95.964 E1157.00686
G1 X131.502 Y95.964 E1157.11951
G1 X131.421 Y96.08 E1157.12657
G1 X129.721 Y96.084 E1157.21138
G1 X129.639 Y95.964 E1157.21864
G1 X127.5 Y95.964 E1157.32535
G1 X127.5 Y122.146 E1158.63158
G0 F9000 X127.748 Y121.554
G0 X128.171 Y120.549
G0 X127.9 Y121.181
;TYPE:WALL-INNER
G1 F1500 X133.36 Y115.723 E1159.01674
G1 X133.36 Y96.364 E1159.98256
G1 X131.621 Y96.364 E1160.06932
G1 X131.565 Y96.445 E1160.07423
G1 X131.362 Y96.48 E1160.08451
G1 X129.786 Y96.484 E1160.16314
G1 X129.57 Y96.445 E1160.17409
G1 X129.514 Y96.364 E1160.179
G1 X127.9 Y96.364 E1160.25953
G1 X127.9 Y121.181 E1161.49765
G0 F9000 X128.148 Y120.588
G0 X128.3 Y120.215
G1 F1500 X132.96 Y115.557 E1161.82637
G1 X132.96 Y96.764 E1162.76395
G1 X131.741 Y96.764 E1162.82477
G1 X131.701 Y96.821 E1162.82824
G1 X131.363 Y96.88 E1162.84536
G1 X129.787 Y96.884 E1162.92399
G1 X129.428 Y96.819 E1162.94219
G1 X129.39 Y96.764 E1162.94553
G1 X128.3 Y96.764 E1162.99991
G1 X128.3 Y120.215 E1164.16988
G0 F9000 X131.162 Y117.24
;TYPE:FILL
G1 F3000 X128.379 Y114.458 E1164.3662
G0 F9000 X128.38 Y103.941
G1 F3000 X132.88 Y99.442 E1164.68367
G0 F9000 X132.75 Y99.442
G1 F2700 E1155.68367
G0 F9000 X133.53 Y115.444
G0 X134.017 Y116.835
G0 X134.314 Y117.582
G0 X147.493 Y117.577
G0 X148.07 Y116.589
G0 X147.84 Y115.724
;TYPE:WALL-OUTER
G1 F2700 E1164.68367
G1 F1500 X154.1 Y115.724 E1164.99598
G1 X154.1 Y100.889 E1165.7361
G1 X149.583 Y100.892 E1165.96145
G1 X147.84 Y102.635 E1166.08443
G1 X147.84 Y115.724 E1166.73745
G0 F9000 X148.24 Y115.324
;TYPE:WALL-INNER
G1 F1500 X153.7 Y115.324 E1167.00985
G1 X153.7 Y101.289 E1167.71006
G1 X149.749 Y101.292 E1167.90717
G1 X148.24 Y102.801 E1168.01364
G1 X148.24 Y115.324 E1168.63841
G0 F9000 X148.64 Y114.924
G1 F1500 X153.3 Y114.924 E1168.8709
G1 X153.3 Y101.689 E1169.5312
G1 X149.915 Y101.692 E1169.70008
G1 X148.64 Y102.967 E1169.79004
G1 X148.64 Y114.924 E1170.38657
G0 F9000 X152.833 Y114.844
;TYPE:FILL
G1 F3000 X153.22 Y114.457 E1170.41388
G0 F9000 X153.22 Y103.943
G1 F3000 X152.961 Y103.684 E1170.43215
G0 F9000 X152.961 Y103.904
G0 X148.812 Y103.832
G0 X149 Y103.644
;TYPE:SKIN
G1 F1500 X152.94 Y103.644 E1170.62872
G1 X152.94 Y102.049 E1170.70829
G1 X150.063 Y102.052 E1170.85183
G1 X149 Y103.115 E1170.92683
G1 X149 Y103.644 E1170.95322
G0 F9000 X149.264 Y103.443
G1 F1500 X149.2 Y103.379 E1170.95774
G0 F9000 X149.392 Y103.006
G1 F1500 X149.83 Y103.443 E1170.9886
G0 F9000 X150.395 Y103.443
G1 F1500 X149.675 Y102.723 E1171.0394
G0 F9000 X149.958 Y102.44
G1 F1500 X150.961 Y103.443 E1171.11017
G0 F9000 X151.527 Y103.443
G1 F1500 X150.335 Y102.252 E1171.19424
G0 F9000 X150.9 Y102.251
G1 F1500 X152.092 Y103.443 E1171.27834
G0 F9000 X152.658 Y103.443
G1 F1500 X151.465 Y102.25 E1171.36251
G0 F9000 X152.03 Y102.25
G1 F1500 X152.74 Y102.96 E1171.41261
G0 F9000 X152.74 Y102.394
G1 F1500 X152.595 Y102.249 E1171.42284
G1 F2700 E1162.42284
;MESH:NONMESH
G0 F300 X152.595 Y102.249 Z5.25
G0 F9000 X152.595 Y101.79
G0 X149.676 Y101.12
G0 X148.903 Y100.348
G0 X124.955 Y90.541
G0 X124.953 Y93.289
G0 X116.987 Y93.289
G0 X96.647 Y88.362
G0 X96.647 Y71.823
G0 X104.107 Y70.823
G0 X106.68 Y70.811
G0 X106.68 Y71.676
;TIME_ELAPSED:1709.572363
;LAYER:17
;TYPE:SUPPORT
G1 F2700 E1171.42284
G1 F1500 X106.68 Y71.876 E1171.43282
G1 X104.96 Y71.876 E1171.51863
G1 X104.96 Y71.676 E1171.5286
G1 X109.347 Y71.676 E1171.74747
G1 X109.347 Y71.876 E1171.75745
G1 X112.014 Y71.876 E1171.89051
G1 X112.014 Y71.676 E1171.90049
G1 X116.712 Y71.676 E1172.13487
G1 X116.795 Y71.876 E1172.14567
G1 X114.681 Y71.876 E1172.25114
G1 X114.681 Y71.676 E1172.26112
G1 F2700 E1163.26112
G0 F9000 X114.681 Y70.811
G0 X104.107 Y70.823
G0 X96.647 Y71.823
G0 X96.647 Y88.062
G0 X124.953 Y100.338
G0 X124.953 Y116.577
G0 X117.493 Y117.577
G0 X114.681 Y117.589
G0 X114.681 Y116.524
G1 F2700 E1172.26112
G1 F1500 X114.681 Y116.724 E1172.2711
G1 X116.64 Y116.724 E1172.36883
G1 X116.64 Y116.524 E1172.37881
G1 X112.014 Y116.524 E1172.6096
G1 X112.014 Y116.724 E1172.61958
G1 X109.347 Y116.724 E1172.75264
G1 X109.347 Y116.524 E1172.76262
G1 X104.805 Y116.524 E1172.98922
G1 X104.888 Y116.724 E1173.00002
G1 X106.68 Y116.724 E1173.08942
G1 X106.68 Y116.524 E1173.0994
G1 F2700 E1164.0994
G0 F9000 X106.68 Y117.589
G0 X127.454 Y123.412
G0 X136.017 Y117.589
G0 X136.017 Y116.724
G1 F2700 E1173.0994
G1 F1500 X136.017 Y116.524 E1173.10938
G1 X134.805 Y116.524 E1173.16985
G1 X134.888 Y116.724 E1173.18065
G1 X138.684 Y116.724 E1173.37003
G1 X138.684 Y116.524 E1173.38001
G1 X141.351 Y116.524 E1173.51307
G1 X141.351 Y116.724 E1173.52305
G1 X146.64 Y116.724 E1173.78692
G1 X146.64 Y116.524 E1173.79689
G1 X144.018 Y116.524 E1173.92771
G1 X144.018 Y116.724 E1173.93768
G0 F9000 X143.477 Y116.324
;TYPE:SUPPORT-INTERFACE
G1 F1500 X141.844 Y114.691 E1174.0529
G0 F9000 X143.262 Y114.691
G1 F1500 X141.629 Y116.324 E1174.16812
G1 F2700 E1165.16812
G0 F9000 X140.083 Y116.324
G1 F2700 E1174.16812
G1 F1500 X138.449 Y114.691 E1174.28337
G0 F9000 X139.869 Y114.69
G1 F1500 X138.234 Y116.324 E1174.39869
G1 F2700 E1165.39869
G0 F9000 X136.689 Y116.324
G1 F2700 E1174.39869
G1 F1500 X135.055 Y114.691 E1174.51395
G0 F9000 X136.474 Y114.69
G1 F1500 X134.84 Y116.324 E1174.62923
G1 F2700 E1165.62923
G0 F9000 X134.017 Y116.835
G0 X134.314 Y117.582
G0 X145.023 Y117.589
G0 X145.023 Y116.324
G1 F2700 E1174.62923
G1 F1500 X146.64 Y114.707 E1174.74332
G0 F9000 X145.238 Y114.691
G1 F1500 X146.84 Y116.293 E1174.85635
G1 F2700 E1165.85635
G0 F9000 X147.493 Y116.577
G0 X147.493 Y117.577
G0 X127.454 Y123.412
G0 X126.723 Y123.11
G0 X117.493 Y116.577
G0 X116.324 Y116.324
G1 F2700 E1174.85635
G1 F1500 X114.691 Y114.691 E1174.97157
G0 F9000 X116.109 Y114.691
G1 F1500 X114.476 Y116.324 E1175.08678
G1 F2700 E1166.08678
G0 F9000 X112.93 Y116.324
G1 F2700 E1175.08678
G1 F1500 X111.297 Y114.691 E1175.202
G0 F9000 X112.715 Y114.691
G1 F1500 X111.082 Y116.324 E1175.31722
G1 F2700 E1166.31722
G0 F9000 X109.536 Y116.324
G1 F2700 E1175.31722
G1 F1500 X107.902 Y114.691 E1175.43247
G0 F9000 X109.322 Y114.69
G1 F1500 X107.687 Y116.324 E1175.54779
G1 F2700 E1166.54779
G0 F9000 X106.142 Y116.324
G1 F2700 E1175.54779
G1 F1500 X104.76 Y114.942 E1175.6453
G0 F9000 X104.76 Y115.857
G1 F1500 X105.927 Y114.69 E1175.72764
G1 F2700 E1166.72764
G0 F9000 X105.927 Y114.025
G0 X106.178 Y74.375
G0 X106.178 Y73.71
G1 F2700 E1175.72764
G1 F1500 X107.812 Y72.076 E1175.84293
G1 F2700 E1166.84293
G0 F9000 X109.411 Y72.076
G1 F2700 E1175.84293
G1 F1500 X111.045 Y73.71 E1175.95821
G0 F9000 X109.573 Y73.71
G1 F1500 X111.206 Y72.076 E1176.07347
G1 F2700 E1167.07347
G0 F9000 X112.805 Y72.076
G1 F2700 E1176.07347
G1 F1500 X114.439 Y73.71 E1176.18875
G0 F9000 X112.966 Y73.71
G1 F1500 X114.6 Y72.076 E1176.30404
G1 F2700 E1167.30404
G0 F9000 X116.2 Y72.076
G1 F2700 E1176.30404
G1 F1500 X116.84 Y72.717 E1176.34923
G0 F9000 X116.84 Y73.23
G1 F1500 X116.36 Y73.71 E1176.3831
G1 F2700 E1167.3831
G0 F9000 X116.36 Y74.375
G0 X107.65 Y74.375
G0 X107.65 Y73.709
G1 F2700 E1176.3831
G1 F1500 X106.017 Y72.076 E1176.49832
G1 F2700 E1167.49832
;MESH:wildrosebuilds_puzzlecube.stl(1)
G0 F9000 X106.017 Y70.811
G0 X104.107 Y70.823
G0 X103.536 Y71.811
G0 X102.317 Y87.208
;TYPE:WALL-OUTER
G1 F2700 E1176.49832
G1 F1500 X103.76 Y85.765 E1176.60013
G1 X103.76 Y72.676 E1177.25314
G1 X97.5 Y72.676 E1177.56545
G1 X97.5 Y87.208 E1178.29046
G1 X102.317 Y87.208 E1178.53078
G0 F9000 X102.151 Y86.808
;TYPE:WALL-INNER
G1 F1500 X103.36 Y85.599 E1178.61608
G1 X103.36 Y73.076 E1179.24085
G1 X97.9 Y73.076 E1179.51326
G1 X97.9 Y86.808 E1180.19835
G1 X102.151 Y86.808 E1180.41043
G0 F9000 X101.985 Y86.408
G1 F1500 X102.96 Y85.433 E1180.47922
G1 X102.96 Y73.476 E1181.07576
G1 X98.3 Y73.476 E1181.30825
G1 X98.3 Y86.408 E1181.95343
G1 X101.985 Y86.408 E1182.13727
G0 F9000 X98.472 Y86.236
G0 X98.472 Y84.568
G0 X98.937 Y84.496
G0 X98.937 Y84.716
;TYPE:FILL
G1 F3000 X98.38 Y84.158 E1182.17661
G0 F9000 X98.38 Y74.242
G1 F3000 X99.066 Y73.556 E1182.22501
G0 F9000 X102.788 Y84.568
G0 X102.796 Y85.365
G0 X101.833 Y86.308
G0 X101.833 Y86.048
;TYPE:SKIN
G1 F1500 X102.6 Y85.28 E1182.27916
G1 X102.6 Y84.756 E1182.3053
G1 X98.66 Y84.756 E1182.50187
G1 X98.66 Y86.048 E1182.56633
G1 X101.833 Y86.048 E1182.72463
G0 F9000 X101.393 Y85.848
G1 F1500 X102.286 Y84.956 E1182.7876
G0 F9000 X101.72 Y84.956
G1 F1500 X100.828 Y85.848 E1182.85054
G0 F9000 X100.262 Y85.848
G1 F1500 X101.154 Y84.956 E1182.91347
G0 F9000 X100.589 Y84.956
G1 F1500 X99.696 Y85.848 E1182.97644
G0 F9000 X99.131 Y85.848
G1 F1500 X100.023 Y84.956 E1183.03938
G0 F9000 X99.457 Y84.956
G1 F1500 X98.861 Y85.553 E1183.08146
G1 F2700 E1174.08146
G0 F9000 X98.4 Y85.553
G0 X98.472 Y86.236
G0 X101.917 Y86.244
G0 X103.532 Y85.672
G0 X104.625 Y85.672
G0 X116.975 Y85.672
G0 X117.84 Y92.436
;TYPE:WALL-OUTER
G1 F2700 E1183.08146
G1 F1500 X121.087 Y92.436 E1183.24346
G1 X121.175 Y92.316 E1183.25088
G1 X121.875 Y92.316 E1183.2858
G1 X121.957 Y92.436 E1183.29306
G1 X124.1 Y92.436 E1183.39997
G1 X124.1 Y66.248 E1184.70649
G1 X117.84 Y72.507 E1185.14814
G1 X117.84 Y92.436 E1186.1424
G0 F9000 X118.24 Y92.036
;TYPE:WALL-INNER
G1 F1500 X120.983 Y92.036 E1186.27925
G1 X121.071 Y91.917 E1186.28663
G1 X121.812 Y91.916 E1186.3236
G1 X122.026 Y91.955 E1186.33445
G1 X122.082 Y92.036 E1186.33936
G1 X123.7 Y92.036 E1186.42009
G1 X123.7 Y67.214 E1187.65846
G1 X118.24 Y72.673 E1188.04366
G1 X118.24 Y92.036 E1189.00968
G0 F9000 X118.64 Y91.636
G1 F1500 X120.88 Y91.636 E1189.12144
G1 X120.937 Y91.559 E1189.12622
G1 X121.15 Y91.519 E1189.13703
G1 X121.812 Y91.516 E1189.17006
G1 X122.168 Y91.581 E1189.18811
G1 X122.206 Y91.636 E1189.19145
G1 X123.3 Y91.636 E1189.24603
G1 X123.3 Y68.179 E1190.4163
G1 X118.64 Y72.839 E1190.74509
G1 X118.64 Y91.636 E1191.68288
G0 F9000 X118.72 Y88.657
;TYPE:FILL
G1 F3000 X123.22 Y84.158 E1192.00034
G0 F9000 X123.22 Y74.243
G1 F3000 X120.285 Y71.307 E1192.20745
G0 F9000 X120.376 Y71.398
G1 F2700 E1183.20745
;MESH:wildrosebuilds_puzzlecube.stl
G0 F9000 X118.064 Y92.212
G0 X116.975 Y92.212
G0 X104.625 Y96.188
G0 X97.5 Y122.146
;TYPE:WALL-OUTER
G1 F2700 E1192.20745
G1 F1500 X103.76 Y115.889 E1192.64903
G1 X103.76 Y95.964 E1193.64309
G1 X100.509 Y95.964 E1193.80528
G1 X100.421 Y96.084 E1193.81271
G1 X99.721 Y96.084 E1193.84763
G1 X99.639 Y95.964 E1193.85488
G1 X97.5 Y95.964 E1193.96159
G1 X97.5 Y122.146 E1195.26782
G0 F9000 X97.748 Y121.554
G0 X98.171 Y120.549
G0 X97.9 Y121.181
;TYPE:WALL-INNER
G1 F1500 X103.36 Y115.723 E1195.65298
G1 X103.36 Y96.364 E1196.61881
G1 X100.612 Y96.364 E1196.7559
G1 X100.526 Y96.483 E1196.76323
G1 X99.784 Y96.484 E1196.80025
G1 X99.57 Y96.445 E1196.8111
G1 X99.514 Y96.364 E1196.81601
G1 X97.9 Y96.364 E1196.89654
G1 X97.9 Y121.181 E1198.13466
G0 F9000 X98.148 Y120.588
G0 X98.3 Y120.215
G1 F1500 X102.96 Y115.557 E1198.46338
G1 X102.96 Y96.764 E1199.40097
G1 X100.716 Y96.764 E1199.51292
G1 X100.659 Y96.841 E1199.5177
G1 X100.447 Y96.881 E1199.52846
G1 X99.784 Y96.884 E1199.56154
G1 X99.428 Y96.819 E1199.57959
G1 X99.39 Y96.764 E1199.58293
G1 X98.3 Y96.764 E1199.63731
G1 X98.3 Y120.215 E1200.80728
G0 F9000 X101.312 Y117.091
;TYPE:FILL
G1 F3000 X98.38 Y114.158 E1201.01419
G0 F9000 X98.38 Y104.241
G1 F3000 X102.88 Y99.742 E1201.33165
G0 F9000 X102.75 Y99.742
G1 F2700 E1192.33165
G0 F9000 X103.53 Y115.444
G0 X104.017 Y116.835
G0 X104.314 Y117.582
G0 X117.493 Y117.577
G0 X118.07 Y116.589
G0 X117.84 Y115.724
;TYPE:WALL-OUTER
G1 F2700 E1201.33165
G1 F1500 X124.1 Y115.724 E1201.64396
G1 X124.1 Y101.189 E1202.36912
G1 X119.283 Y101.192 E1202.60944
G1 X117.84 Y102.635 E1202.71125
G1 X117.84 Y115.724 E1203.36426
G0 F9000 X118.24 Y115.324
;TYPE:WALL-INNER
G1 F1500 X123.7 Y115.324 E1203.63666
G1 X123.7 Y101.589 E1204.32191
G1 X119.449 Y101.592 E1204.53399
G1 X118.24 Y102.801 E1204.61929
G1 X118.24 Y115.324 E1205.24407
G0 F9000 X118.64 Y114.924
G1 F1500 X123.3 Y114.924 E1205.47656
G1 X123.3 Y101.989 E1206.12188
G1 X119.615 Y101.992 E1206.30573
G1 X118.64 Y102.967 E1206.37452
G1 X118.64 Y114.924 E1206.97106
G0 F9000 X122.533 Y114.844
;TYPE:FILL
G1 F3000 X123.22 Y114.157 E1207.01953
G0 F9000 X123.22 Y104.243
G1 F3000 X122.661 Y103.684 E1207.05897
G0 F9000 X122.661 Y103.904
G0 X118.812 Y103.832
G0 X119 Y103.644
;TYPE:SKIN
G1 F1500 X122.94 Y103.644 E1207.25554
G1 X122.94 Y102.348 E1207.3202
G1 X119.763 Y102.352 E1207.4787
G1 X119 Y103.115 E1207.53253
G1 X119 Y103.644 E1207.55892
G0 F9000 X118.74 Y103.644
G0 X118.804 Y103.035
G0 X119.683 Y102.156
G0 X120.329 Y102.091
G0 X120.329 Y102.551
G1 F1500 X119.436 Y103.444 E1207.62193
G0 F9000 X120.002 Y103.444
G1 F1500 X120.895 Y102.55 E1207.68497
G0 F9000 X121.462 Y102.55
G1 F1500 X120.567 Y103.444 E1207.74808
G0 F9000 X121.133 Y103.444
G1 F1500 X122.028 Y102.549 E1207.81123
G0 F9000 X122.595 Y102.548
G1 F1500 X121.699 Y103.444 E1207.87445
G0 F9000 X122.264 Y103.444
G1 F1500 X122.74 Y102.969 E1207.908
G1 F2700 E1198.908
;MESH:wildrosebuilds_puzzlecube.stl(2)
G0 F9000 X123.2 Y102.969
G0 X123.876 Y115.5
G0 X124.965 Y115.5
G0 X126.635 Y115.5
G0 X127.5 Y122.146
;TYPE:WALL-OUTER
G1 F2700 E1207.908
G1 F1500 X133.76 Y115.889 E1208.34957
G1 X133.76 Y95.964 E1209.34363
G1 X130.509 Y95.964 E1209.50582
G1 X130.421 Y96.084 E1209.51325
G1 X129.721 Y96.084 E1209.54817
G1 X129.639 Y95.964 E1209.55542
G1 X127.5 Y95.964 E1209.66214
G1 X127.5 Y122.146 E1210.96836
G0 F9000 X127.748 Y121.554
G0 X128.171 Y120.549
G0 X127.9 Y121.181
;TYPE:WALL-INNER
G1 F1500 X133.36 Y115.723 E1211.35352
G1 X133.36 Y96.364 E1212.31935
G1 X130.612 Y96.364 E1212.45645
G1 X130.526 Y96.483 E1212.46377
G1 X129.784 Y96.484 E1212.50079
G1 X129.57 Y96.445 E1212.51164
G1 X129.514 Y96.364 E1212.51655
G1 X127.9 Y96.364 E1212.59708
G1 X127.9 Y121.181 E1213.8352
G0 F9000 X128.148 Y120.588
G0 X128.3 Y120.215
G1 F1500 X132.96 Y115.557 E1214.16392
G1 X132.96 Y96.764 E1215.10151
G1 X130.716 Y96.764 E1215.21346
G1 X130.659 Y96.841 E1215.21824
G1 X130.447 Y96.881 E1215.229
G1 X129.784 Y96.884 E1215.26208
G1 X129.428 Y96.819 E1215.28014
G1 X129.39 Y96.764 E1215.28347
G1 X128.3 Y96.764 E1215.33785
G1 X128.3 Y120.215 E1216.50783
G0 F9000 X131.312 Y117.091
;TYPE:FILL
G1 F3000 X128.379 Y114.158 E1216.71476
G0 F9000 X128.38 Y104.241
G1 F3000 X132.88 Y99.742 E1217.03223
G0 F9000 X132.75 Y99.742
G1 F2700 E1208.03223
G0 F9000 X133.53 Y115.444
G0 X134.017 Y116.835
G0 X134.314 Y117.582
G0 X147.493 Y117.577
G0 X148.07 Y116.589
G0 X147.84 Y115.724
;TYPE:WALL-OUTER
G1 F2700 E1217.03223
G1 F1500 X154.1 Y115.724 E1217.34454
G1 X154.1 Y101.189 E1218.0697
G1 X149.283 Y101.192 E1218.31002
G1 X147.84 Y102.635 E1218.41183
G1 X147.84 Y115.724 E1219.06484
G0 F9000 X148.24 Y115.324
;TYPE:WALL-INNER
G1 F1500 X153.7 Y115.324 E1219.33724
G1 X153.7 Y101.589 E1220.02248
G1 X149.449 Y101.592 E1220.23457
G1 X148.24 Y102.801 E1220.31987
G1 X148.24 Y115.324 E1220.94464
G0 F9000 X148.64 Y114.924
G1 F1500 X153.3 Y114.924 E1221.17713
G1 X153.3 Y101.989 E1221.82246
G1 X149.615 Y101.992 E1222.00631
G1 X148.64 Y102.967 E1222.0751
G1 X148.64 Y114.924 E1222.67164
G0 F9000 X152.533 Y114.844
;TYPE:FILL
G1 F3000 X153.22 Y114.157 E1222.72011
G0 F9000 X153.22 Y104.243
G1 F3000 X152.662 Y103.684 E1222.75951
G0 F9000 X152.662 Y103.904
G0 X148.812 Y103.832
G0 X149 Y103.644
;TYPE:SKIN
G1 F1500 X152.94 Y103.644 E1222.95608
G1 X152.94 Y102.348 E1223.02074
G1 X149.763 Y102.352 E1223.17924
G1 X149 Y103.115 E1223.23307
G1 X149 Y103.644 E1223.25946
G0 F9000 X148.74 Y103.644
G0 X148.804 Y103.035
G0 X149.683 Y102.156
G0 X150.31 Y102.091
G0 X150.31 Y102.551
G1 F1500 X149.417 Y103.444 E1223.32247
G0 F9000 X149.983 Y103.444
G1 F1500 X150.877 Y102.55 E1223.38555
G0 F9000 X151.443 Y102.55
G1 F1500 X150.549 Y103.444 E1223.44862
G0 F9000 X151.114 Y103.444
G1 F1500 X152.01 Y102.549 E1223.51181
G0 F9000 X152.576 Y102.548
G1 F1500 X151.68 Y103.444 E1223.57502
G0 F9000 X152.246 Y103.444
G1 F1500 X152.74 Y102.95 E1223.60988
G1 F2700 E1214.60988
;MESH:NONMESH
G0 F300 X152.74 Y102.95 Z5.55
G0 F9000 X153.2 Y102.95
G0 X153.128 Y102.162
G0 X149.376 Y101.42
G0 X148.603 Y100.648
G0 X124.955 Y90.604
G0 X124.953 Y93.289
G0 X116.987 Y93.289
G0 X96.647 Y88.062
G0 X96.647 Y71.823
G0 X104.107 Y70.823
G0 X106.68 Y70.811
G0 X106.68 Y71.676
;TIME_ELAPSED:1785.844645
;LAYER:18
;TYPE:SUPPORT
G1 F2700 E1223.60988
G1 F1500 X106.68 Y71.876 E1223.61986
G1 X104.96 Y71.876 E1223.70567
G1 X104.96 Y71.676 E1223.71565
G1 X109.347 Y71.676 E1223.93451
G1 X109.347 Y71.876 E1223.94449
G1 X112.014 Y71.876 E1224.07755
G1 X112.014 Y71.676 E1224.08753
G1 X116.712 Y71.676 E1224.32191
G1 X116.795 Y71.876 E1224.33271
G1 X114.681 Y71.876 E1224.43818
G1 X114.681 Y71.676 E1224.44816
G1 F2700 E1215.44816
G0 F9000 X114.681 Y70.811
G0 X104.107 Y70.823
G0 X96.647 Y71.823
G0 X96.647 Y87.762
G0 X124.953 Y100.638
G0 X124.953 Y116.577
G0 X117.493 Y117.577
G0 X114.681 Y117.589
G0 X114.681 Y116.524
G1 F2700 E1224.44816
G1 F1500 X114.681 Y116.724 E1224.45814
G1 X116.64 Y116.724 E1224.55587
G1 X116.64 Y116.524 E1224.56585
G1 X112.014 Y116.524 E1224.79664
G1 X112.014 Y116.724 E1224.80662
G1 X109.347 Y116.724 E1224.93968
G1 X109.347 Y116.524 E1224.94966
G1 X104.805 Y116.524 E1225.17626
G1 X104.888 Y116.724 E1225.18706
G1 X106.68 Y116.724 E1225.27646
G1 X106.68 Y116.524 E1225.28644
G1 F2700 E1216.28644
G0 F9000 X106.68 Y117.589
G0 X127.454 Y123.412
G0 X136.017 Y117.589
G0 X136.017 Y116.724
G1 F2700 E1225.28644
G1 F1500 X136.017 Y116.524 E1225.29642
G1 X134.805 Y116.524 E1225.35689
G1 X134.888 Y116.724 E1225.36769
G1 X138.684 Y116.724 E1225.55707
G1 X138.684 Y116.524 E1225.56705
G1 X141.351 Y116.524 E1225.70011
G1 X141.351 Y116.724 E1225.71009
G1 X146.64 Y116.724 E1225.97396
G1 X146.64 Y116.524 E1225.98393
G1 X144.018 Y116.524 E1226.11475
G1 X144.018 Y116.724 E1226.12472
G0 F9000 X143.477 Y116.324
;TYPE:SUPPORT-INTERFACE
G1 F1500 X141.844 Y114.691 E1226.23994
G0 F9000 X143.262 Y114.691
G1 F1500 X141.629 Y116.324 E1226.35516
G1 F2700 E1217.35516
G0 F9000 X140.083 Y116.324
G1 F2700 E1226.35516
G1 F1500 X138.449 Y114.691 E1226.47041
G0 F9000 X139.869 Y114.69
G1 F1500 X138.234 Y116.324 E1226.58573
G1 F2700 E1217.58573
G0 F9000 X136.689 Y116.324
G1 F2700 E1226.58573
G1 F1500 X135.055 Y114.691 E1226.70099
G0 F9000 X136.474 Y114.69
G1 F1500 X134.84 Y116.324 E1226.81627
G1 F2700 E1217.81627
G0 F9000 X134.017 Y116.835
G0 X134.314 Y117.582
G0 X145.023 Y117.589
G0 X145.023 Y116.324
G1 F2700 E1226.81627
G1 F1500 X146.64 Y114.707 E1226.93036
G0 F9000 X145.238 Y114.691
G1 F1500 X146.84 Y116.293 E1227.04339
G1 F2700 E1218.04339
G0 F9000 X147.493 Y116.577
G0 X147.493 Y117.577
G0 X127.454 Y123.412
G0 X126.723 Y123.11
G0 X117.493 Y116.577
G0 X116.324 Y116.324
G1 F2700 E1227.04339
G1 F1500 X114.691 Y114.691 E1227.15861
G0 F9000 X116.109 Y114.691
G1 F1500 X114.476 Y116.324 E1227.27382
G1 F2700 E1218.27382
G0 F9000 X112.93 Y116.324
G1 F2700 E1227.27382
G1 F1500 X111.297 Y114.691 E1227.38904
G0 F9000 X112.715 Y114.691
G1 F1500 X111.082 Y116.324 E1227.50426
G1 F2700 E1218.50426
G0 F9000 X109.536 Y116.324
G1 F2700 E1227.50426
G1 F1500 X107.902 Y114.691 E1227.61951
G0 F9000 X109.322 Y114.69
G1 F1500 X107.687 Y116.324 E1227.73483
G1 F2700 E1218.73483
G0 F9000 X106.142 Y116.324
G1 F2700 E1227.73483
G1 F1500 X104.76 Y114.942 E1227.83234
G0 F9000 X104.76 Y115.857
G1 F1500 X105.927 Y114.69 E1227.91468
G1 F2700 E1218.91468
G0 F9000 X105.927 Y114.025
G0 X106.178 Y74.375
G0 X106.178 Y73.71
G1 F2700 E1227.91468
G1 F1500 X107.812 Y72.076 E1228.02997
G1 F2700 E1219.02997
G0 F9000 X109.411 Y72.076
G1 F2700 E1228.02997
G1 F1500 X111.045 Y73.71 E1228.14525
G0 F9000 X109.573 Y73.71
G1 F1500 X111.206 Y72.076 E1228.26051
G1 F2700 E1219.26051
G0 F9000 X112.805 Y72.076
G1 F2700 E1228.26051
G1 F1500 X114.439 Y73.71 E1228.37579
G0 F9000 X112.966 Y73.71
G1 F1500 X114.6 Y72.076 E1228.49108
G1 F2700 E1219.49108
G0 F9000 X116.2 Y72.076
G1 F2700 E1228.49108
G1 F1500 X116.84 Y72.717 E1228.53627
G0 F9000 X116.839 Y73.231
G1 F1500 X116.36 Y73.71 E1228.57007
G1 F2700 E1219.57007
G0 F9000 X116.36 Y74.375
G0 X107.65 Y74.375
G0 X107.65 Y73.709
G1 F2700 E1228.57007
G1 F1500 X106.017 Y72.076 E1228.68529
G1 F2700 E1219.68529
;MESH:wildrosebuilds_puzzlecube.stl(1)
G0 F9000 X106.017 Y70.811
G0 X104.107 Y70.823
G0 X103.536 Y71.811
G0 X102.617 Y86.908
;TYPE:WALL-OUTER
G1 F2700 E1228.68529
G1 F1500 X103.76 Y85.765 E1228.76593
G1 X103.76 Y72.676 E1229.41894
G1 X97.5 Y72.676 E1229.73126
G1 X97.5 Y86.908 E1230.44129
G1 X102.617 Y86.908 E1230.69658
G0 F9000 X102.451 Y86.508
;TYPE:WALL-INNER
G1 F1500 X103.36 Y85.599 E1230.76072
G1 X103.36 Y73.076 E1231.38549
G1 X97.9 Y73.076 E1231.65789
G1 X97.9 Y86.508 E1232.32802
G1 X102.451 Y86.508 E1232.55507
G0 F9000 X102.285 Y86.108
G1 F1500 X102.96 Y85.433 E1232.60269
G1 X102.96 Y73.476 E1233.19923
G1 X98.3 Y73.476 E1233.43172
G1 X98.3 Y86.108 E1234.06193
G1 X102.285 Y86.108 E1234.26074
G0 F9000 X102.796 Y85.365
G0 X102.788 Y84.568
G0 X99.237 Y84.496
G0 X99.237 Y84.716
;TYPE:FILL
G1 F3000 X98.38 Y83.859 E1234.32121
G0 F9000 X98.38 Y74.542
G1 F3000 X99.365 Y73.556 E1234.39074
G0 F9000 X98.4 Y85.252
G0 X99.156 Y85.252
;TYPE:SKIN
G1 F1013.5 X101.925 Y85.252 E1234.5952
G0 F9000 X102.133 Y85.748
G1 F1500 X102.6 Y85.28 E1234.62818
G1 X102.6 Y84.756 E1234.65432
G1 X98.66 Y84.756 E1234.85089
G1 X98.66 Y85.748 E1234.90038
G1 X102.133 Y85.748 E1235.07365
G1 F2700 E1226.07365
G0 F9000 X102.133 Y86.008
G0 X103.532 Y85.672
G0 X104.625 Y85.672
G0 X116.975 Y85.672
G0 X117.84 Y92.436
;TYPE:WALL-OUTER
G1 F2700 E1235.07365
G1 F1500 X124.1 Y92.436 E1235.38596
G1 X124.1 Y66.248 E1236.69249
G1 X117.84 Y72.507 E1237.13413
G1 X117.84 Y92.436 E1238.12839
G0 F9000 X118.24 Y92.036
;TYPE:WALL-INNER
G1 F1500 X123.7 Y92.036 E1238.40079
G1 X123.7 Y67.214 E1239.63917
G1 X118.24 Y72.673 E1240.02436
G1 X118.24 Y92.036 E1240.99039
G0 F9000 X118.64 Y91.636
G1 F1500 X123.3 Y91.636 E1241.22288
G1 X123.3 Y68.179 E1242.39315
G1 X118.64 Y72.839 E1242.72194
G1 X118.64 Y91.636 E1243.65973
G0 F9000 X118.72 Y88.357
;TYPE:FILL
G1 F3000 X123.22 Y83.858 E1243.97719
G0 F9000 X123.22 Y74.543
G1 F3000 X120.135 Y71.457 E1244.19489
G0 F9000 X120.226 Y71.548
G1 F2700 E1235.19489
;MESH:wildrosebuilds_puzzlecube.stl
G0 F9000 X118.12 Y92.206
G0 X118.12 Y93.301
G0 X119.075 Y100.627
G0 X117.84 Y115.724
;TYPE:WALL-OUTER
G1 F2700 E1244.19489
G1 F1500 X124.1 Y115.724 E1244.5072
G1 X124.1 Y101.489 E1245.21739
G1 X118.983 Y101.492 E1245.47268
G1 X117.84 Y102.635 E1245.55332
G1 X117.84 Y115.724 E1246.20633
G0 F9000 X118.24 Y115.324
;TYPE:WALL-INNER
G1 F1500 X123.7 Y115.324 E1246.47873
G1 X123.7 Y101.889 E1247.14901
G1 X119.149 Y101.892 E1247.37606
G1 X118.24 Y102.801 E1247.44019
G1 X118.24 Y115.324 E1248.06497
G0 F9000 X118.64 Y114.924
G1 F1500 X123.3 Y114.924 E1248.29746
G1 X123.3 Y102.289 E1248.92782
G1 X119.315 Y102.292 E1249.12663
G1 X118.64 Y102.967 E1249.17426
G1 X118.64 Y114.924 E1249.7708
G0 F9000 X122.233 Y114.844
;TYPE:FILL
G1 F3000 X123.22 Y113.858 E1249.8404
G0 F9000 X123.22 Y104.543
G1 F3000 X122.361 Y103.684 E1249.90101
G0 F9000 X122.442 Y103.146
;TYPE:SKIN
G1 F1008.4 X119.667 Y103.148 E1250.10694
G0 F9000 X119 Y103.644
G1 F1500 X122.94 Y103.644 E1250.30351
G1 X122.94 Y102.648 E1250.3532
G1 X119.463 Y102.652 E1250.52667
G1 X119 Y103.115 E1250.55934
G1 X119 Y103.644 E1250.58573
G1 F2700 E1241.58573
G0 F9000 X118.74 Y103.644
G0 X118.064 Y115.5
G0 X118.064 Y116.589
G0 X117.493 Y117.577
G0 X104.314 Y117.582
G0 X104.017 Y116.835
G0 X97.5 Y122.146
;TYPE:WALL-OUTER
G1 F2700 E1250.58573
G1 F1500 X103.76 Y115.889 E1251.0273
G1 X103.76 Y95.964 E1252.02136
G1 X97.5 Y95.964 E1252.33367
G1 X97.5 Y122.146 E1253.6399
G0 F9000 X97.748 Y121.554
G0 X98.171 Y120.549
G0 X97.9 Y121.181
;TYPE:WALL-INNER
G1 F1500 X103.36 Y115.723 E1254.02506
G1 X103.36 Y96.364 E1254.99089
G1 X97.9 Y96.364 E1255.26329
G1 X97.9 Y121.181 E1256.50141
G0 F9000 X98.148 Y120.588
G0 X98.3 Y120.215
G1 F1500 X102.96 Y115.557 E1256.83013
G1 X102.96 Y96.764 E1257.76772
G1 X98.3 Y96.764 E1258.0002
G1 X98.3 Y120.215 E1259.17018
G0 F9000 X101.462 Y116.941
;TYPE:FILL
G1 F3000 X98.38 Y113.858 E1259.38767
G0 F9000 X98.38 Y104.541
G1 F3000 X102.88 Y100.041 E1259.70517
G0 F9000 X102.75 Y100.041
G1 F2700 E1250.70517
;MESH:wildrosebuilds_puzzlecube.stl(2)
G0 F9000 X103.532 Y115.799
G0 X104.017 Y116.835
G0 X104.314 Y117.582
G0 X117.493 Y117.577
G0 X124.953 Y116.577
G0 X126.635 Y115.799
G0 X127.5 Y122.146
;TYPE:WALL-OUTER
G1 F2700 E1259.70517
G1 F1500 X133.76 Y115.889 E1260.14674
G1 X133.76 Y95.964 E1261.1408
G1 X127.5 Y95.964 E1261.45311
G1 X127.5 Y122.146 E1262.75934
G0 F9000 X127.748 Y121.554
G0 X128.171 Y120.549
G0 X127.9 Y121.181
;TYPE:WALL-INNER
G1 F1500 X133.36 Y115.723 E1263.1445
G1 X133.36 Y96.364 E1264.11032
G1 X127.9 Y96.364 E1264.38272
G1 X127.9 Y121.181 E1265.62085
G0 F9000 X128.148 Y120.588
G0 X128.3 Y120.215
G1 F1500 X132.96 Y115.557 E1265.94957
G1 X132.96 Y96.764 E1266.88715
G1 X128.3 Y96.764 E1267.11964
G1 X128.3 Y120.215 E1268.28962
G0 F9000 X131.462 Y116.941
;TYPE:FILL
G1 F3000 X128.379 Y113.858 E1268.50714
G0 F9000 X128.38 Y104.541
G1 F3000 X132.88 Y100.041 E1268.82464
G0 F9000 X132.75 Y100.041
G1 F2700 E1259.82464
G0 F9000 X133.53 Y115.444
G0 X134.017 Y116.835
G0 X134.314 Y117.582
G0 X147.493 Y117.577
G0 X148.07 Y116.589
G0 X147.84 Y115.724
;TYPE:WALL-OUTER
G1 F2700 E1268.82464
G1 F1500 X154.1 Y115.724 E1269.13695
G1 X154.1 Y101.489 E1269.84714
G1 X148.983 Y101.492 E1270.10243
G1 X147.84 Y102.635 E1270.18307
G1 X147.84 Y115.724 E1270.83608
G0 F9000 X148.24 Y115.324
;TYPE:WALL-INNER
G1 F1500 X153.7 Y115.324 E1271.10848
G1 X153.7 Y101.889 E1271.77876
G1 X149.149 Y101.892 E1272.00581
G1 X148.24 Y102.801 E1272.06994
G1 X148.24 Y115.324 E1272.69472
G0 F9000 X148.64 Y114.924
G1 F1500 X153.3 Y114.924 E1272.92721
G1 X153.3 Y102.289 E1273.55757
G1 X149.315 Y102.292 E1273.75638
G1 X148.64 Y102.967 E1273.80401
G1 X148.64 Y114.924 E1274.40054
G0 F9000 X152.233 Y114.844
;TYPE:FILL
G1 F3000 X153.22 Y113.857 E1274.47018
G0 F9000 X153.22 Y104.543
G1 F3000 X152.362 Y103.684 E1274.53075
G0 F9000 X152.442 Y103.146
;TYPE:SKIN
G1 F1008.4 X149.667 Y103.148 E1274.73669
G0 F9000 X149 Y103.644
G1 F1500 X152.94 Y103.644 E1274.93326
G1 X152.94 Y102.648 E1274.98295
G1 X149.463 Y102.652 E1275.15642
G1 X149 Y103.115 E1275.18909
G1 X149 Y103.644 E1275.21548
G1 F2700 E1266.21548
;MESH:NONMESH
G0 F300 X149 Y103.644 Z5.85
G0 F9000 X148.74 Y103.644
G0 X148.068 Y102.728
G0 X147.295 Y101.956
G0 X124.955 Y88.491
G0 X124.953 Y93.289
G0 X116.987 Y93.289
G0 X96.647 Y87.762
G0 X96.647 Y71.823
G0 X104.107 Y70.823
G0 X106.68 Y70.811
G0 X106.68 Y71.676
;TIME_ELAPSED:1859.040880
;LAYER:19
;TYPE:SUPPORT
G1 F2700 E1275.21548
G1 F1500 X106.68 Y71.876 E1275.22546
G1 X104.96 Y71.876 E1275.31127
G1 X104.96 Y71.676 E1275.32125
G1 X109.347 Y71.676 E1275.54011
G1 X109.347 Y71.876 E1275.55009
G1 X112.014 Y71.876 E1275.68315
G1 X112.014 Y71.676 E1275.69313
G1 X116.712 Y71.676 E1275.92751
G1 X116.795 Y71.876 E1275.93831
G1 X114.681 Y71.876 E1276.04378
G1 X114.681 Y71.676 E1276.05376
G1 F2700 E1267.05376
G0 F9000 X114.681 Y70.811
G0 X104.107 Y70.823
G0 X96.647 Y71.823
G0 X96.647 Y87.462
G0 X124.953 Y100.938
G0 X124.953 Y116.577
G0 X117.493 Y117.577
G0 X114.681 Y117.589
G0 X114.681 Y116.524
G1 F2700 E1276.05376
G1 F1500 X114.681 Y116.724 E1276.06374
G1 X116.64 Y116.724 E1276.16147
G1 X116.64 Y116.524 E1276.17145
G1 X112.014 Y116.524 E1276.40224
G1 X112.014 Y116.724 E1276.41222
G1 X109.347 Y116.724 E1276.54528
G1 X109.347 Y116.524 E1276.55526
G1 X104.805 Y116.524 E1276.78186
G1 X104.888 Y116.724 E1276.79266
G1 X106.68 Y116.724 E1276.88206
G1 X106.68 Y116.524 E1276.89204
G1 F2700 E1267.89204
G0 F9000 X106.68 Y117.589
G0 X127.454 Y123.412
G0 X136.017 Y117.589
G0 X136.017 Y116.724
G1 F2700 E1276.89204
G1 F1500 X136.017 Y116.524 E1276.90202
G1 X134.805 Y116.524 E1276.96249
G1 X134.888 Y116.724 E1276.97329
G1 X138.684 Y116.724 E1277.16267
G1 X138.684 Y116.524 E1277.17265
G1 X141.351 Y116.524 E1277.30571
G1 X141.351 Y116.724 E1277.31569
G1 X146.64 Y116.724 E1277.57956
G1 X146.64 Y116.524 E1277.58953
G1 X144.018 Y116.524 E1277.72035
G1 X144.018 Y116.724 E1277.73032
G0 F9000 X143.477 Y116.324
;TYPE:SUPPORT-INTERFACE
G1 F1500 X141.844 Y114.691 E1277.84554
G0 F9000 X143.262 Y114.691
G1 F1500 X141.629 Y116.324 E1277.96076
G1 F2700 E1268.96076
G0 F9000 X140.083 Y116.324
G1 F2700 E1277.96076
G1 F1500 X138.449 Y114.691 E1278.07601
G0 F9000 X139.869 Y114.69
G1 F1500 X138.234 Y116.324 E1278.19133
G1 F2700 E1269.19133
G0 F9000 X136.689 Y116.324
G1 F2700 E1278.19133
G1 F1500 X135.055 Y114.691 E1278.30659
G0 F9000 X136.474 Y114.69
G1 F1500 X134.84 Y116.324 E1278.42187
G1 F2700 E1269.42187
G0 F9000 X134.017 Y116.835
G0 X134.314 Y117.582
G0 X145.023 Y117.589
G0 X145.023 Y116.324
G1 F2700 E1278.42187
G1 F1500 X146.64 Y114.707 E1278.53596
G0 F9000 X145.238 Y114.691
G1 F1500 X146.84 Y116.293 E1278.64899
G1 F2700 E1269.64899
G0 F9000 X147.493 Y116.577
G0 X147.493 Y117.577
G0 X127.454 Y123.412
G0 X126.723 Y123.11
G0 X117.493 Y116.577
G0 X116.324 Y116.324
G1 F2700 E1278.64899
G1 F1500 X114.691 Y114.691 E1278.76421
G0 F9000 X116.109 Y114.691
G1 F1500 X114.476 Y116.324 E1278.87942
G1 F2700 E1269.87942
G0 F9000 X112.93 Y116.324
G1 F2700 E1278.87942
G1 F1500 X111.297 Y114.691 E1278.99464
G0 F9000 X112.715 Y114.691
G1 F1500 X111.082 Y116.324 E1279.10986
G1 F2700 E1270.10986
G0 F9000 X109.536 Y116.324
G1 F2700 E1279.10986
G1 F1500 X107.902 Y114.691 E1279.22511
G0 F9000 X109.322 Y114.69
G1 F1500 X107.687 Y116.324 E1279.34043
G1 F2700 E1270.34043
G0 F9000 X106.142 Y116.324
G1 F2700 E1279.34043
G1 F1500 X104.76 Y114.942 E1279.43794
G0 F9000 X104.76 Y115.857
G1 F1500 X105.927 Y114.69 E1279.52028
G1 F2700 E1270.52028
G0 F9000 X105.927 Y114.025
G0 X106.178 Y74.375
G0 X106.178 Y73.71
G1 F2700 E1279.52028
G1 F1500 X107.812 Y72.076 E1279.63557
G1 F2700 E1270.63557
G0 F9000 X109.411 Y72.076
G1 F2700 E1279.63557
G1 F1500 X111.045 Y73.71 E1279.75085
G0 F9000 X109.573 Y73.71
G1 F1500 X111.206 Y72.076 E1279.86611
G1 F2700 E1270.86611
G0 F9000 X112.805 Y72.076
G1 F2700 E1279.86611
G1 F1500 X114.439 Y73.71 E1279.98139
G0 F9000 X112.966 Y73.71
G1 F1500 X114.6 Y72.076 E1280.09668
G1 F2700 E1271.09668
G0 F9000 X116.2 Y72.076
G1 F2700 E1280.09668
G1 F1500 X116.84 Y72.717 E1280.14187
G0 F9000 X116.839 Y73.231
G1 F1500 X116.36 Y73.71 E1280.17567
G1 F2700 E1271.17567
G0 F9000 X116.36 Y74.375
G0 X107.65 Y74.375
G0 X107.65 Y73.709
G1 F2700 E1280.17567
G1 F1500 X106.017 Y72.076 E1280.29089
G1 F2700 E1271.29089
;MESH:wildrosebuilds_puzzlecube.stl(1)
G0 F9000 X106.017 Y70.811
G0 X104.107 Y70.823
G0 X103.536 Y71.811
G0 X102.917 Y86.608
;TYPE:WALL-OUTER
G1 F2700 E1280.29089
G1 F1500 X103.76 Y85.765 E1280.35036
G1 X103.76 Y72.676 E1281.00338
G1 X97.5 Y72.676 E1281.31569
G1 X97.5 Y86.608 E1282.01076
G1 X102.917 Y86.608 E1282.28101
G0 F9000 X102.751 Y86.208
;TYPE:WALL-INNER
G1 F1500 X103.36 Y85.599 E1282.32398
G1 X103.36 Y73.076 E1282.94876
G1 X97.9 Y73.076 E1283.22116
G1 X97.9 Y86.208 E1283.87632
G1 X102.751 Y86.208 E1284.11833
G0 F9000 X102.585 Y85.808
G1 F1500 X102.96 Y85.433 E1284.14479
G1 X102.96 Y73.476 E1284.74133
G1 X98.3 Y73.476 E1284.97382
G1 X98.3 Y85.808 E1285.58906
G1 X102.585 Y85.808 E1285.80284
G0 F9000 X100.549 Y85.728
;TYPE:FILL
G1 F3000 X98.38 Y83.559 E1285.95588
G0 F9000 X98.38 Y74.842
G1 F3000 X99.665 Y73.556 E1286.04658
G0 F9000 X99.665 Y73.686
G1 F2700 E1277.04658
G0 F9000 X103.532 Y85.672
G0 X104.625 Y85.672
G0 X116.975 Y85.672
G0 X117.84 Y92.436
;TYPE:WALL-OUTER
G1 F2700 E1286.04658
G1 F1500 X124.1 Y92.436 E1286.35889
G1 X124.1 Y66.248 E1287.66541
G1 X117.84 Y72.507 E1288.10706
G1 X117.84 Y92.436 E1289.10132
G0 F9000 X118.24 Y92.036
;TYPE:WALL-INNER
G1 F1500 X123.7 Y92.036 E1289.37372
G1 X123.7 Y67.214 E1290.61209
G1 X118.24 Y72.673 E1290.99729
G1 X118.24 Y92.036 E1291.96331
G0 F9000 X118.64 Y91.636
G1 F1500 X123.3 Y91.636 E1292.1958
G1 X123.3 Y68.179 E1293.36608
G1 X118.64 Y72.839 E1293.69486
G1 X118.64 Y91.636 E1294.63265
G0 F9000 X118.72 Y88.057
;TYPE:FILL
G1 F3000 X123.22 Y83.558 E1294.95012
G0 F9000 X123.22 Y74.843
G1 F3000 X119.985 Y71.607 E1295.1784
G0 F9000 X120.076 Y71.698
G1 F2700 E1286.1784
;MESH:wildrosebuilds_puzzlecube.stl
G0 F9000 X118.12 Y92.206
G0 X118.12 Y93.301
G0 X118.775 Y100.927
G0 X117.84 Y115.724
;TYPE:WALL-OUTER
G1 F2700 E1295.1784
G1 F1500 X124.1 Y115.724 E1295.49071
G1 X124.1 Y101.789 E1296.18593
G1 X118.683 Y101.792 E1296.45618
G1 X117.84 Y102.635 E1296.51566
G1 X117.84 Y115.724 E1297.16868
G0 F9000 X118.24 Y115.324
;TYPE:WALL-INNER
G1 F1500 X123.7 Y115.324 E1297.44108
G1 X123.7 Y102.189 E1298.09638
G1 X118.849 Y102.192 E1298.3384
G1 X118.24 Y102.801 E1298.38137
G1 X118.24 Y115.324 E1299.00614
G0 F9000 X118.64 Y114.924
G1 F1500 X123.3 Y114.924 E1299.23863
G1 X123.3 Y102.589 E1299.85403
G1 X119.015 Y102.592 E1300.06781
G1 X118.64 Y102.967 E1300.09427
G1 X118.64 Y114.924 E1300.6908
G0 F9000 X121.933 Y114.844
;TYPE:FILL
G1 F3000 X123.22 Y113.557 E1300.78161
G0 F9000 X123.22 Y104.843
G1 F3000 X121.049 Y102.671 E1300.93482
G0 F9000 X121.048 Y102.802
G1 F2700 E1291.93482
G0 F9000 X118.064 Y115.5
G0 X118.064 Y116.589
G0 X117.493 Y117.577
G0 X104.314 Y117.582
G0 X104.017 Y116.835
G0 X97.5 Y122.146
;TYPE:WALL-OUTER
G1 F2700 E1300.93482
G1 F1500 X103.76 Y115.889 E1301.37639
G1 X103.76 Y95.964 E1302.37045
G1 X97.5 Y95.964 E1302.68277
G1 X97.5 Y122.146 E1303.98899
G0 F9000 X97.748 Y121.554
G0 X98.171 Y120.549
G0 X97.9 Y121.181
;TYPE:WALL-INNER
G1 F1500 X103.36 Y115.723 E1304.37415
G1 X103.36 Y96.364 E1305.33998
G1 X97.9 Y96.364 E1305.61238
G1 X97.9 Y121.181 E1306.8505
G0 F9000 X98.148 Y120.588
G0 X98.3 Y120.215
G1 F1500 X102.96 Y115.557 E1307.17922
G1 X102.96 Y96.764 E1308.11681
G1 X98.3 Y96.764 E1308.3493
G1 X98.3 Y120.215 E1309.51927
G0 F9000 X101.612 Y116.791
;TYPE:FILL
G1 F3000 X98.38 Y113.559 E1309.74731
G0 F9000 X98.38 Y104.841
G1 F3000 X102.88 Y100.341 E1310.06481
G0 F9000 X102.75 Y100.341
G1 F2700 E1301.06481
;MESH:wildrosebuilds_puzzlecube.stl(2)
G0 F9000 X103.532 Y115.799
G0 X104.017 Y116.835
G0 X104.314 Y117.582
G0 X117.493 Y117.577
G0 X124.953 Y116.577
G0 X126.635 Y115.799
G0 X127.5 Y122.146
;TYPE:WALL-OUTER
G1 F2700 E1310.06481
G1 F1500 X133.76 Y115.889 E1310.50638
G1 X133.76 Y95.964 E1311.50044
G1 X127.5 Y95.964 E1311.81275
G1 X127.5 Y122.146 E1313.11898
G0 F9000 X127.748 Y121.554
G0 X128.171 Y120.549
G0 X127.9 Y121.181
;TYPE:WALL-INNER
G1 F1500 X133.36 Y115.723 E1313.50414
G1 X133.36 Y96.364 E1314.46996
G1 X127.9 Y96.364 E1314.74236
G1 X127.9 Y121.181 E1315.98049
G0 F9000 X128.148 Y120.588
G0 X128.3 Y120.215
G1 F1500 X132.96 Y115.557 E1316.30921
G1 X132.96 Y96.764 E1317.24679
G1 X128.3 Y96.764 E1317.47928
G1 X128.3 Y120.215 E1318.64926
G0 F9000 X131.612 Y116.791
;TYPE:FILL
G1 F3000 X128.379 Y113.559 E1318.87733
G0 F9000 X128.38 Y104.841
G1 F3000 X132.88 Y100.341 E1319.19483
G0 F9000 X132.75 Y100.341
G1 F2700 E1310.19483
G0 F9000 X133.53 Y115.444
G0 X134.017 Y116.835
G0 X134.314 Y117.582
G0 X147.493 Y117.577
G0 X148.07 Y116.589
G0 X147.84 Y115.724
;TYPE:WALL-OUTER
G1 F2700 E1319.19483
G1 F1500 X154.1 Y115.724 E1319.50714
G1 X154.1 Y101.789 E1320.20236
G1 X148.683 Y101.792 E1320.47261
G1 X147.84 Y102.635 E1320.53209
G1 X147.84 Y115.724 E1321.1851
G0 F9000 X148.24 Y115.324
;TYPE:WALL-INNER
G1 F1500 X153.7 Y115.324 E1321.45751
G1 X153.7 Y102.189 E1322.11281
G1 X148.849 Y102.192 E1322.35483
G1 X148.24 Y102.801 E1322.3978
G1 X148.24 Y115.324 E1323.02257
G0 F9000 X148.64 Y114.924
G1 F1500 X153.3 Y114.924 E1323.25506
G1 X153.3 Y102.589 E1323.87046
G1 X149.015 Y102.592 E1324.08424
G1 X148.64 Y102.967 E1324.1107
G1 X148.64 Y114.924 E1324.70723
G0 F9000 X151.933 Y114.844
;TYPE:FILL
G1 F3000 X153.22 Y113.557 E1324.79804
G0 F9000 X153.22 Y104.843
G1 F3000 X151.049 Y102.671 E1324.95125
G0 F9000 X151.048 Y102.802
G1 F2700 E1315.95125
;MESH:NONMESH
G0 F300 X151.048 Y102.802 Z6.15
G0 F9000 X148.776 Y102.02
G0 X148.003 Y101.248
G0 X124.955 Y90.733
G0 X124.953 Y93.289
G0 X116.987 Y93.289
G0 X96.647 Y87.462
G0 X96.647 Y71.823
G0 X104.107 Y70.823
G0 X106.68 Y70.811
G0 X106.68 Y71.676
;TIME_ELAPSED:1929.673893
;LAYER:20
;TYPE:SUPPORT
G1 F2700 E1324.95125
G1 F1500 X106.68 Y71.876 E1324.96123
G1 X104.96 Y71.876 E1325.04704
G1 X104.96 Y71.676 E1325.05702
G1 X109.347 Y71.676 E1325.27588
G1 X109.347 Y71.876 E1325.28586
G1 X112.014 Y71.876 E1325.41892
G1 X112.014 Y71.676 E1325.4289
G1 X116.712 Y71.676 E1325.66328
G1 X116.795 Y71.876 E1325.67408
G1 X114.681 Y71.876 E1325.77955
G1 X114.681 Y71.676 E1325.78953
G1 F2700 E1316.78953
G0 F9000 X114.681 Y70.811
G0 X104.107 Y70.823
G0 X96.647 Y71.823
G0 X96.647 Y87.162
G0 X124.953 Y101.238
G0 X124.953 Y116.577
G0 X117.493 Y117.577
G0 X114.681 Y117.589
G0 X114.681 Y116.524
G1 F2700 E1325.78953
G1 F1500 X114.681 Y116.724 E1325.79951
G1 X116.64 Y116.724 E1325.89724
G1 X116.64 Y116.524 E1325.90722
G1 X112.014 Y116.524 E1326.13801
G1 X112.014 Y116.724 E1326.14799
G1 X109.347 Y116.724 E1326.28105
G1 X109.347 Y116.524 E1326.29103
G1 X104.805 Y116.524 E1326.51763
G1 X104.888 Y116.724 E1326.52843
G1 X106.68 Y116.724 E1326.61783
G1 X106.68 Y116.524 E1326.62781
G1 F2700 E1317.62781
G0 F9000 X106.68 Y117.589
G0 X127.454 Y123.412
G0 X136.017 Y117.589
G0 X136.017 Y116.724
G1 F2700 E1326.62781
G1 F1500 X136.017 Y116.524 E1326.63779
G1 X134.805 Y116.524 E1326.69826
G1 X134.888 Y116.724 E1326.70906
G1 X138.684 Y116.724 E1326.89844
G1 X138.684 Y116.524 E1326.90842
G1 X141.351 Y116.524 E1327.04148
G1 X141.351 Y116.724 E1327.05146
G1 X146.64 Y116.724 E1327.31533
G1 X146.64 Y116.524 E1327.3253
G1 X144.018 Y116.524 E1327.45612
G1 X144.018 Y116.724 E1327.46609
G0 F9000 X143.477 Y116.324
;TYPE:SUPPORT-INTERFACE
G1 F1500 X141.844 Y114.691 E1327.58131
G0 F9000 X143.262 Y114.691
G1 F1500 X141.629 Y116.324 E1327.69653
G1 F2700 E1318.69653
G0 F9000 X140.083 Y116.324
G1 F2700 E1327.69653
G1 F1500 X138.449 Y114.691 E1327.81178
G0 F9000 X139.869 Y114.69
G1 F1500 X138.234 Y116.324 E1327.9271
G1 F2700 E1318.9271
G0 F9000 X136.689 Y116.324
G1 F2700 E1327.9271
G1 F1500 X135.055 Y114.691 E1328.04236
G0 F9000 X136.474 Y114.69
G1 F1500 X134.84 Y116.324 E1328.15764
G1 F2700 E1319.15764
G0 F9000 X134.017 Y116.835
G0 X134.314 Y117.582
G0 X145.023 Y117.589
G0 X145.023 Y116.324
G1 F2700 E1328.15764
G1 F1500 X146.64 Y114.707 E1328.27173
G0 F9000 X145.238 Y114.691
G1 F1500 X146.84 Y116.293 E1328.38476
G1 F2700 E1319.38476
G0 F9000 X147.493 Y116.577
G0 X147.493 Y117.577
G0 X127.454 Y123.412
G0 X126.723 Y123.11
G0 X117.493 Y116.577
G0 X116.324 Y116.324
G1 F2700 E1328.38476
G1 F1500 X114.691 Y114.691 E1328.49998
G0 F9000 X116.109 Y114.691
G1 F1500 X114.476 Y116.324 E1328.6152
G1 F2700 E1319.6152
G0 F9000 X112.93 Y116.324
G1 F2700 E1328.6152
G1 F1500 X111.297 Y114.691 E1328.73041
G0 F9000 X112.715 Y114.691
G1 F1500 X111.082 Y116.324 E1328.84563
G1 F2700 E1319.84563
G0 F9000 X109.536 Y116.324
G1 F2700 E1328.84563
G1 F1500 X107.902 Y114.691 E1328.96088
G0 F9000 X109.322 Y114.69
G1 F1500 X107.687 Y116.324 E1329.0762
G1 F2700 E1320.0762
G0 F9000 X106.142 Y116.324
G1 F2700 E1329.0762
G1 F1500 X104.76 Y114.942 E1329.17371
G0 F9000 X104.76 Y115.857
G1 F1500 X105.927 Y114.69 E1329.25605
G1 F2700 E1320.25605
G0 F9000 X105.927 Y114.025
G0 X106.178 Y74.375
G0 X106.178 Y73.71
G1 F2700 E1329.25605
G1 F1500 X107.812 Y72.076 E1329.37134
G1 F2700 E1320.37134
G0 F9000 X109.411 Y72.076
G1 F2700 E1329.37134
G1 F1500 X111.045 Y73.71 E1329.48663
G0 F9000 X109.573 Y73.71
G1 F1500 X111.206 Y72.076 E1329.60188
G1 F2700 E1320.60188
G0 F9000 X112.805 Y72.076
G1 F2700 E1329.60188
G1 F1500 X114.439 Y73.71 E1329.71716
G0 F9000 X112.966 Y73.71
G1 F1500 X114.6 Y72.076 E1329.83245
G1 F2700 E1320.83245
G0 F9000 X116.2 Y72.076
G1 F2700 E1329.83245
G1 F1500 X116.84 Y72.717 E1329.87764
G0 F9000 X116.84 Y73.23
G1 F1500 X116.36 Y73.71 E1329.91151
G1 F2700 E1320.91151
G0 F9000 X116.36 Y74.375
G0 X107.65 Y74.375
G0 X107.65 Y73.709
G1 F2700 E1329.91151
G1 F1500 X106.017 Y72.076 E1330.02673
G1 F2700 E1321.02673
;MESH:wildrosebuilds_puzzlecube.stl(1)
G0 F9000 X106.017 Y70.811
G0 X104.107 Y70.823
G0 X103.536 Y71.811
G0 X103.217 Y86.308
;TYPE:WALL-OUTER
G1 F2700 E1330.02673
G1 F1500 X103.76 Y85.765 E1330.06504
G1 X103.76 Y72.676 E1330.71805
G1 X97.5 Y72.676 E1331.03036
G1 X97.5 Y86.308 E1331.71047
G1 X103.217 Y86.308 E1331.99569
G0 F9000 X103.051 Y85.908
;TYPE:WALL-INNER
G1 F1500 X103.36 Y85.599 E1332.01749
G1 X103.36 Y73.076 E1332.64227
G1 X97.9 Y73.076 E1332.91467
G1 X97.9 Y85.908 E1333.55486
G1 X103.051 Y85.908 E1333.81184
G0 F9000 X102.885 Y85.508
G1 F1500 X102.96 Y85.433 E1333.81713
G1 X102.96 Y73.476 E1334.41367
G1 X98.3 Y73.476 E1334.64616
G1 X98.3 Y85.508 E1335.24644
G1 X102.885 Y85.508 E1335.47518
G0 F9000 X100.549 Y85.428
;TYPE:FILL
G1 F3000 X98.38 Y83.259 E1335.62822
G0 F9000 X98.38 Y75.141
G1 F3000 X99.965 Y73.556 E1335.74005
G0 F9000 X99.965 Y73.686
G1 F2700 E1326.74005
G0 F9000 X103.532 Y85.672
G0 X104.625 Y85.672
G0 X116.975 Y85.672
G0 X117.84 Y92.436
;TYPE:WALL-OUTER
G1 F2700 E1335.74005
G1 F1500 X118.308 Y92.436 E1335.7634
G1 X118.342 Y92.363 E1335.76742
G1 X118.472 Y92.316 E1335.77431
G1 X120.72 Y92.316 E1335.88647
G1 X120.809 Y92.436 E1335.89392
G1 X124.1 Y92.436 E1336.05811
G1 X124.1 Y66.248 E1337.36463
G1 X117.84 Y72.507 E1337.80627
G1 X117.84 Y92.436 E1338.80054
G0 F9000 X118.24 Y92.001
;TYPE:WALL-INNER
G1 F1500 X118.472 Y91.916 E1338.81286
G1 X120.825 Y91.918 E1338.93025
G1 X120.912 Y92.036 E1338.93757
G1 X123.7 Y92.036 E1339.07666
G1 X123.7 Y67.214 E1340.31504
G1 X118.24 Y72.673 E1340.70023
G1 X118.24 Y92.001 E1341.66451
G0 F9000 X118.64 Y91.516
G1 F1500 X120.759 Y91.52 E1341.77023
G1 X120.957 Y91.558 E1341.78029
G1 X121.015 Y91.636 E1341.78514
G1 X123.3 Y91.636 E1341.89914
G1 X123.3 Y68.179 E1343.06941
G1 X118.64 Y72.839 E1343.3982
G1 X118.64 Y91.516 E1344.33
G0 F9000 X118.72 Y87.758
;TYPE:FILL
G1 F3000 X123.22 Y83.258 E1344.6475
G0 F9000 X123.22 Y75.143
G1 F3000 X119.835 Y71.757 E1344.88636
G0 F9000 X119.926 Y71.848
G1 F2700 E1335.88636
;MESH:wildrosebuilds_puzzlecube.stl
G0 F9000 X118.051 Y92.092
G0 X116.975 Y92.092
G0 X104.625 Y96.308
G0 X97.5 Y122.146
;TYPE:WALL-OUTER
G1 F2700 E1344.88636
G1 F1500 X103.76 Y115.889 E1345.32793
G1 X103.76 Y95.964 E1346.322
G1 X103.287 Y95.964 E1346.34559
G1 X103.254 Y96.037 E1346.34959
G1 X103.124 Y96.084 E1346.35649
G1 X100.876 Y96.084 E1346.46864
G1 X100.787 Y95.964 E1346.47609
G1 X97.5 Y95.964 E1346.64008
G1 X97.5 Y122.146 E1347.94631
G0 F9000 X97.748 Y121.554
G0 X98.171 Y120.549
G0 X97.9 Y121.181
;TYPE:WALL-INNER
G1 F1500 X103.36 Y115.723 E1348.33147
G1 X103.36 Y96.398 E1349.2956
G1 X103.124 Y96.484 E1349.30813
G1 X100.771 Y96.482 E1349.42552
G1 X100.684 Y96.364 E1349.43284
G1 X97.9 Y96.364 E1349.57173
G1 X97.9 Y121.181 E1350.80986
G0 F9000 X98.148 Y120.588
G0 X98.3 Y120.215
G1 F1500 X102.96 Y115.557 E1351.13857
G1 X102.96 Y96.884 E1352.07017
G1 X100.838 Y96.881 E1352.17604
G1 X100.639 Y96.842 E1352.18616
G1 X100.581 Y96.764 E1352.19101
G1 X98.3 Y96.764 E1352.30481
G1 X98.3 Y120.215 E1353.47478
G0 F9000 X101.762 Y116.641
;TYPE:FILL
G1 F3000 X98.38 Y113.259 E1353.7134
G0 F9000 X98.38 Y105.14
G1 F3000 X102.88 Y100.641 E1354.03086
G0 F9000 X102.75 Y100.641
G1 F2700 E1345.03086
G0 F9000 X103.53 Y115.444
G0 X104.017 Y116.835
G0 X104.314 Y117.582
G0 X117.493 Y117.577
G0 X118.07 Y116.589
G0 X117.84 Y115.724
;TYPE:WALL-OUTER
G1 F2700 E1354.03086
G1 F1500 X124.1 Y115.724 E1354.34318
G1 X124.1 Y102.089 E1355.02343
G1 X118.383 Y102.092 E1355.30865
G1 X117.84 Y102.635 E1355.34696
G1 X117.84 Y115.724 E1355.99998
G0 F9000 X118.24 Y115.324
;TYPE:WALL-INNER
G1 F1500 X123.7 Y115.324 E1356.27238
G1 X123.7 Y102.489 E1356.91272
G1 X118.549 Y102.492 E1357.1697
G1 X118.24 Y102.801 E1357.1915
G1 X118.24 Y115.324 E1357.81628
G0 F9000 X118.64 Y114.924
G1 F1500 X123.3 Y114.924 E1358.04877
G1 X123.3 Y102.889 E1358.6492
G1 X118.715 Y102.892 E1358.87794
G1 X118.64 Y102.967 E1358.88323
G1 X118.64 Y114.924 E1359.47977
G0 F9000 X121.634 Y114.844
;TYPE:FILL
G1 F3000 X123.22 Y113.257 E1359.59171
G0 F9000 X123.22 Y105.143
G1 F3000 X121.048 Y102.97 E1359.74499
G0 F9000 X121.047 Y103.102
G1 F2700 E1350.74499
;MESH:wildrosebuilds_puzzlecube.stl(2)
G0 F9000 X123.876 Y115.5
G0 X124.965 Y115.5
G0 X126.635 Y115.5
G0 X127.5 Y122.146
;TYPE:WALL-OUTER
G1 F2700 E1359.74499
G1 F1500 X133.76 Y115.889 E1360.18656
G1 X133.76 Y95.964 E1361.18062
G1 X133.287 Y95.964 E1361.20422
G1 X133.254 Y96.037 E1361.20822
G1 X133.124 Y96.084 E1361.21511
G1 X130.876 Y96.084 E1361.32727
G1 X130.787 Y95.964 E1361.33472
G1 X127.5 Y95.964 E1361.49871
G1 X127.5 Y122.146 E1362.80494
G0 F9000 X127.748 Y121.554
G0 X128.171 Y120.549
G0 X127.9 Y121.181
;TYPE:WALL-INNER
G1 F1500 X133.36 Y115.723 E1363.1901
G1 X133.36 Y96.398 E1364.15423
G1 X133.124 Y96.484 E1364.16676
G1 X130.771 Y96.482 E1364.28415
G1 X130.684 Y96.364 E1364.29146
G1 X127.9 Y96.364 E1364.43036
G1 X127.9 Y121.181 E1365.66848
G0 F9000 X128.148 Y120.588
G0 X128.3 Y120.215
G1 F1500 X132.96 Y115.557 E1365.9972
G1 X132.96 Y96.884 E1366.9288
G1 X130.838 Y96.881 E1367.03467
G1 X130.639 Y96.842 E1367.04478
G1 X130.581 Y96.764 E1367.04963
G1 X128.3 Y96.764 E1367.16343
G1 X128.3 Y120.215 E1368.33341
G0 F9000 X131.762 Y116.641
;TYPE:FILL
G1 F3000 X128.379 Y113.259 E1368.57206
G0 F9000 X128.38 Y105.14
G1 F3000 X132.88 Y100.641 E1368.88953
G0 F9000 X132.75 Y100.641
G1 F2700 E1359.88953
G0 F9000 X133.53 Y115.444
G0 X134.017 Y116.835
G0 X134.314 Y117.582
G0 X147.493 Y117.577
G0 X148.07 Y116.589
G0 X147.84 Y115.724
;TYPE:WALL-OUTER
G1 F2700 E1368.88953
G1 F1500 X154.1 Y115.724 E1369.20184
G1 X154.1 Y102.089 E1369.88209
G1 X148.383 Y102.092 E1370.16731
G1 X147.84 Y102.635 E1370.20562
G1 X147.84 Y115.724 E1370.85864
G0 F9000 X148.24 Y115.324
;TYPE:WALL-INNER
G1 F1500 X153.7 Y115.324 E1371.13104
G1 X153.7 Y102.489 E1371.77138
G1 X148.549 Y102.492 E1372.02836
G1 X148.24 Y102.801 E1372.05016
G1 X148.24 Y115.324 E1372.67494
G0 F9000 X148.64 Y114.924
G1 F1500 X153.3 Y114.924 E1372.90743
G1 X153.3 Y102.889 E1373.50786
G1 X148.715 Y102.892 E1373.7366
G1 X148.64 Y102.967 E1373.7419
G1 X148.64 Y114.924 E1374.33843
G0 F9000 X151.633 Y114.844
;TYPE:FILL
G1 F3000 X153.22 Y113.257 E1374.4504
G0 F9000 X153.22 Y105.143
G1 F3000 X151.048 Y102.97 E1374.60369
G0 F9000 X151.047 Y103.102
G1 F2700 E1365.60369
;MESH:NONMESH
G0 F300 X151.047 Y103.102 Z6.45
G0 F9000 X148.476 Y102.32
G0 X147.703 Y101.548
G0 X124.956 Y88.309
G0 X124.953 Y93.289
G0 X116.987 Y93.289
G0 X96.647 Y87.162
G0 X96.647 Y71.823
G0 X104.107 Y70.823
G0 X106.68 Y70.811
G0 X106.68 Y71.676
;TIME_ELAPSED:2000.365632
;LAYER:21
;TYPE:SUPPORT
G1 F2700 E1374.60369
G1 F1500 X106.68 Y71.876 E1374.61366
G1 X104.96 Y71.876 E1374.69947
G1 X104.96 Y71.676 E1374.70945
G1 X109.347 Y71.676 E1374.92832
G1 X109.347 Y71.876 E1374.9383
G1 X112.014 Y71.876 E1375.07136
G1 X112.014 Y71.676 E1375.08133
G1 X116.712 Y71.676 E1375.31572
G1 X116.795 Y71.876 E1375.32652
G1 X114.681 Y71.876 E1375.43199
G1 X114.681 Y71.676 E1375.44197
G1 F2700 E1366.44197
G0 F9000 X114.681 Y70.811
G0 X104.107 Y70.823
G0 X96.647 Y71.823
G0 X96.647 Y86.862
G0 X124.953 Y101.538
G0 X124.953 Y116.577
G0 X117.493 Y117.577
G0 X114.681 Y117.589
G0 X114.681 Y116.524
G1 F2700 E1375.44197
G1 F1500 X114.681 Y116.724 E1375.45195
G1 X116.64 Y116.724 E1375.54968
G1 X116.64 Y116.524 E1375.55966
G1 X112.014 Y116.524 E1375.79045
G1 X112.014 Y116.724 E1375.80043
G1 X109.347 Y116.724 E1375.93349
G1 X109.347 Y116.524 E1375.94346
G1 X104.805 Y116.524 E1376.17007
G1 X104.888 Y116.724 E1376.18087
G1 X106.68 Y116.724 E1376.27027
G1 X106.68 Y116.524 E1376.28025
G1 F2700 E1367.28025
G0 F9000 X106.68 Y117.589
G0 X127.454 Y123.412
G0 X136.017 Y117.589
G0 X136.017 Y116.724
G1 F2700 E1376.28025
G1 F1500 X136.017 Y116.524 E1376.29023
G1 X134.805 Y116.524 E1376.35069
G1 X134.888 Y116.724 E1376.3615
G1 X138.684 Y116.724 E1376.55088
G1 X138.684 Y116.524 E1376.56086
G1 X141.351 Y116.524 E1376.69392
G1 X141.351 Y116.724 E1376.70389
G1 X146.64 Y116.724 E1376.96776
G1 X146.64 Y116.524 E1376.97774
G1 X144.018 Y116.524 E1377.10855
G1 X144.018 Y116.724 E1377.11853
G0 F9000 X143.477 Y116.324
;TYPE:SUPPORT-INTERFACE
G1 F1500 X141.844 Y114.691 E1377.23375
G0 F9000 X143.262 Y114.691
G1 F1500 X141.629 Y116.324 E1377.34897
G1 F2700 E1368.34897
G0 F9000 X140.083 Y116.324
G1 F2700 E1377.34897
G1 F1500 X138.449 Y114.691 E1377.46422
G0 F9000 X139.869 Y114.69
G1 F1500 X138.234 Y116.324 E1377.57954
G1 F2700 E1368.57954
G0 F9000 X136.689 Y116.324
G1 F2700 E1377.57954
G1 F1500 X135.055 Y114.691 E1377.69479
G0 F9000 X136.474 Y114.69
G1 F1500 X134.84 Y116.324 E1377.81008
G1 F2700 E1368.81008
G0 F9000 X134.017 Y116.835
G0 X134.314 Y117.582
G0 X145.023 Y117.589
G0 X145.023 Y116.324
G1 F2700 E1377.81008
G1 F1500 X146.64 Y114.707 E1377.92417
G0 F9000 X145.238 Y114.691
G1 F1500 X146.84 Y116.293 E1378.0372
G1 F2700 E1369.0372
G0 F9000 X147.493 Y116.577
G0 X147.493 Y117.577
G0 X127.454 Y123.412
G0 X126.723 Y123.11
G0 X117.493 Y116.577
G0 X116.324 Y116.324
G1 F2700 E1378.0372
G1 F1500 X114.691 Y114.691 E1378.15242
G0 F9000 X116.109 Y114.691
G1 F1500 X114.476 Y116.324 E1378.26763
G1 F2700 E1369.26763
G0 F9000 X112.93 Y116.324
G1 F2700 E1378.26763
G1 F1500 X111.297 Y114.691 E1378.38285
G0 F9000 X112.715 Y114.691
G1 F1500 X111.082 Y116.324 E1378.49807
G1 F2700 E1369.49807
G0 F9000 X109.536 Y116.324
G1 F2700 E1378.49807
G1 F1500 X107.902 Y114.691 E1378.61332
G0 F9000 X109.322 Y114.69
G1 F1500 X107.687 Y116.324 E1378.72864
G1 F2700 E1369.72864
G0 F9000 X106.142 Y116.324
G1 F2700 E1378.72864
G1 F1500 X104.76 Y114.942 E1378.82615
G0 F9000 X104.76 Y115.857
G1 F1500 X105.927 Y114.69 E1378.90849
G1 F2700 E1369.90849
G0 F9000 X105.927 Y114.025
G0 X106.178 Y74.375
G0 X106.178 Y73.71
G1 F2700 E1378.90849
G1 F1500 X107.812 Y72.076 E1379.02377
G1 F2700 E1370.02377
G0 F9000 X109.411 Y72.076
G1 F2700 E1379.02377
G1 F1500 X111.045 Y73.71 E1379.13906
G0 F9000 X109.573 Y73.71
G1 F1500 X111.206 Y72.076 E1379.25431
G1 F2700 E1370.25431
G0 F9000 X112.805 Y72.076
G1 F2700 E1379.25431
G1 F1500 X114.439 Y73.71 E1379.3696
G0 F9000 X112.966 Y73.71
G1 F1500 X114.6 Y72.076 E1379.48489
G1 F2700 E1370.48489
G0 F9000 X116.2 Y72.076
G1 F2700 E1379.48489
G1 F1500 X116.84 Y72.717 E1379.53008
G0 F9000 X116.84 Y73.23
G1 F1500 X116.36 Y73.71 E1379.56395
G1 F2700 E1370.56395
G0 F9000 X116.36 Y74.375
G0 X107.65 Y74.375
G0 X107.65 Y73.709
G1 F2700 E1379.56395
G1 F1500 X106.017 Y72.076 E1379.67916
G1 F2700 E1370.67916
;MESH:wildrosebuilds_puzzlecube.stl(1)
G0 F9000 X106.017 Y70.811
G0 X104.107 Y70.823
G0 X103.536 Y71.811
G0 X103.517 Y86.008
;TYPE:WALL-OUTER
G1 F2700 E1379.67916
G1 F1500 X103.76 Y85.765 E1379.69631
G1 X103.76 Y72.676 E1380.34932
G1 X97.5 Y72.676 E1380.66163
G1 X97.5 Y86.008 E1381.32677
G1 X103.517 Y86.008 E1381.62696
G0 F9000 X103.36 Y85.608
;TYPE:WALL-INNER
G1 F1500 X103.36 Y73.076 E1382.25218
G1 X97.9 Y73.076 E1382.52458
G1 X97.9 Y85.608 E1383.14981
G1 X103.36 Y85.608 E1383.42221
G0 F9000 X102.96 Y85.208
G1 F1500 X102.96 Y73.476 E1384.00752
G1 X98.3 Y73.476 E1384.24001
G1 X98.3 Y85.208 E1384.82532
G1 X102.96 Y85.208 E1385.05781
G0 F9000 X100.548 Y85.128
;TYPE:FILL
G1 F3000 X98.38 Y82.959 E1385.21081
G0 F9000 X98.38 Y75.441
G1 F3000 X100.265 Y73.556 E1385.34381
G0 F9000 X100.265 Y73.686
G1 F2700 E1376.34381
G0 F9000 X103.532 Y85.672
G0 X104.625 Y85.672
G0 X116.975 Y85.672
G0 X117.84 Y92.436
;TYPE:WALL-OUTER
G1 F2700 E1385.34381
G1 F1500 X118.308 Y92.436 E1385.36715
G1 X118.342 Y92.363 E1385.37117
G1 X118.472 Y92.316 E1385.37807
G1 X121.827 Y92.316 E1385.54545
G1 X121.909 Y92.436 E1385.5527
G1 X124.1 Y92.436 E1385.66201
G1 X124.1 Y66.248 E1386.96853
G1 X117.84 Y72.507 E1387.41018
G1 X117.84 Y92.436 E1388.40444
G0 F9000 X118.24 Y92.001
;TYPE:WALL-INNER
G1 F1500 X118.472 Y91.916 E1388.41677
G1 X121.764 Y91.916 E1388.581
G1 X121.976 Y91.954 E1388.59175
G1 X122.032 Y92.036 E1388.5967
G1 X123.7 Y92.036 E1388.67992
G1 X123.7 Y67.214 E1389.91829
G1 X118.24 Y72.673 E1390.30349
G1 X118.24 Y92.001 E1391.26777
G0 F9000 X118.64 Y91.516
G1 F1500 X121.764 Y91.516 E1391.42363
G1 X122.116 Y91.579 E1391.44147
G1 X122.155 Y91.636 E1391.44491
G1 X123.3 Y91.636 E1391.50204
G1 X123.3 Y68.179 E1392.67231
G1 X118.64 Y72.839 E1393.0011
G1 X118.64 Y91.516 E1393.9329
G0 F9000 X118.72 Y87.458
;TYPE:FILL
G1 F3000 X123.22 Y82.958 E1394.2504
G0 F9000 X123.22 Y75.443
G1 F3000 X119.685 Y71.907 E1394.49985
G0 F9000 X119.776 Y71.998
G1 F2700 E1385.49985
;MESH:wildrosebuilds_puzzlecube.stl
G0 F9000 X118.07 Y92.086
G0 X116.975 Y92.086
G0 X104.625 Y96.308
G0 X97.5 Y122.146
;TYPE:WALL-OUTER
G1 F2700 E1394.49985
G1 F1500 X103.76 Y115.889 E1394.94142
G1 X103.76 Y95.964 E1395.93548
G1 X103.287 Y95.964 E1395.95908
G1 X103.254 Y96.037 E1395.96307
G1 X103.124 Y96.084 E1395.96997
G1 X99.769 Y96.084 E1396.13735
G1 X99.687 Y95.964 E1396.1446
G1 X97.5 Y95.964 E1396.25371
G1 X97.5 Y122.146 E1397.55994
G0 F9000 X97.748 Y121.554
G0 X98.171 Y120.549
G0 X97.9 Y121.181
;TYPE:WALL-INNER
G1 F1500 X103.36 Y115.723 E1397.9451
G1 X103.36 Y96.398 E1398.90923
G1 X103.124 Y96.484 E1398.92176
G1 X99.832 Y96.484 E1399.086
G1 X99.62 Y96.446 E1399.09674
G1 X99.564 Y96.364 E1399.1017
G1 X97.9 Y96.364 E1399.18472
G1 X97.9 Y121.181 E1400.42284
G0 F9000 X98.148 Y120.588
G0 X98.3 Y120.215
G1 F1500 X102.96 Y115.557 E1400.75156
G1 X102.96 Y96.884 E1401.68316
G1 X99.832 Y96.884 E1401.83922
G1 X99.479 Y96.82 E1401.85711
G1 X99.44 Y96.764 E1401.86052
G1 X98.3 Y96.764 E1401.91739
G1 X98.3 Y120.215 E1403.08737
G0 F9000 X101.912 Y116.491
;TYPE:FILL
G1 F3000 X98.38 Y112.959 E1403.33657
G0 F9000 X98.38 Y105.44
G1 F3000 X102.88 Y100.941 E1403.65403
G0 F9000 X102.75 Y100.941
G1 F2700 E1394.65403
G0 F9000 X103.53 Y115.444
G0 X104.017 Y116.835
G0 X104.314 Y117.582
G0 X117.493 Y117.577
G0 X118.07 Y116.589
G0 X117.84 Y115.724
;TYPE:WALL-OUTER
G1 F2700 E1403.65403
G1 F1500 X124.1 Y115.724 E1403.96635
G1 X124.1 Y102.389 E1404.63163
G1 X118.083 Y102.392 E1404.93182
G1 X117.84 Y102.635 E1404.94897
G1 X117.84 Y115.724 E1405.60198
G0 F9000 X118.24 Y115.324
;TYPE:WALL-INNER
G1 F1500 X123.7 Y115.324 E1405.87438
G1 X123.7 Y102.789 E1406.49975
G1 X118.24 Y102.792 E1406.77215
G1 X118.24 Y115.324 E1407.39738
G0 F9000 X118.64 Y114.924
G1 F1500 X123.3 Y114.924 E1407.62987
G1 X123.3 Y103.189 E1408.21533
G1 X118.64 Y103.191 E1408.44782
G1 X118.64 Y114.924 E1409.03318
G0 F9000 X121.334 Y114.844
;TYPE:FILL
G1 F3000 X123.22 Y112.958 E1409.16625
G0 F9000 X123.22 Y105.442
G1 F3000 X121.048 Y103.27 E1409.31949
G0 F9000 X121.047 Y103.402
G1 F2700 E1400.31949
;MESH:wildrosebuilds_puzzlecube.stl(2)
G0 F9000 X123.876 Y115.5
G0 X124.965 Y115.5
G0 X126.635 Y115.5
G0 X127.5 Y122.146
;TYPE:WALL-OUTER
G1 F2700 E1409.31949
G1 F1500 X133.76 Y115.889 E1409.76106
G1 X133.76 Y95.964 E1410.75513
G1 X133.287 Y95.964 E1410.77872
G1 X133.254 Y96.037 E1410.78272
G1 X133.124 Y96.084 E1410.78962
G1 X129.769 Y96.084 E1410.957
G1 X129.687 Y95.964 E1410.96425
G1 X127.5 Y95.964 E1411.07336
G1 X127.5 Y122.146 E1412.37958
G0 F9000 X127.748 Y121.554
G0 X128.171 Y120.549
G0 X127.9 Y121.181
;TYPE:WALL-INNER
G1 F1500 X133.36 Y115.723 E1412.76475
G1 X133.36 Y96.398 E1413.72887
G1 X133.124 Y96.484 E1413.74141
G1 X129.832 Y96.484 E1413.90564
G1 X129.62 Y96.446 E1413.91639
G1 X129.564 Y96.364 E1413.92134
G1 X127.9 Y96.364 E1414.00436
G1 X127.9 Y121.181 E1415.24249
G0 F9000 X128.148 Y120.588
G0 X128.3 Y120.215
G1 F1500 X132.96 Y115.557 E1415.5712
G1 X132.96 Y96.884 E1416.5028
G1 X129.832 Y96.884 E1416.65886
G1 X129.479 Y96.82 E1416.67676
G1 X129.44 Y96.764 E1416.68016
G1 X128.3 Y96.764 E1416.73704
G1 X128.3 Y120.215 E1417.90701
G0 F9000 X131.911 Y116.491
;TYPE:FILL
G1 F3000 X128.379 Y112.959 E1418.15622
G0 F9000 X128.38 Y105.44
G1 F3000 X132.88 Y100.941 E1418.47368
G0 F9000 X132.75 Y100.941
G1 F2700 E1409.47368
G0 F9000 X133.53 Y115.444
G0 X134.017 Y116.835
G0 X134.314 Y117.582
G0 X147.493 Y117.577
G0 X148.07 Y116.589
G0 X147.84 Y115.724
;TYPE:WALL-OUTER
G1 F2700 E1418.47368
G1 F1500 X154.1 Y115.724 E1418.78599
G1 X154.1 Y102.389 E1419.45128
G1 X148.083 Y102.392 E1419.75147
G1 X147.84 Y102.635 E1419.76861
G1 X147.84 Y115.724 E1420.42162
G0 F9000 X148.24 Y115.324
;TYPE:WALL-INNER
G1 F1500 X153.7 Y115.324 E1420.69403
G1 X153.7 Y102.789 E1421.3194
G1 X148.24 Y102.792 E1421.5918
G1 X148.24 Y115.324 E1422.21702
G0 F9000 X148.64 Y114.924
G1 F1500 X153.3 Y114.924 E1422.44951
G1 X153.3 Y103.189 E1423.03497
G1 X148.64 Y103.191 E1423.26746
G1 X148.64 Y114.924 E1423.85282
G0 F9000 X151.334 Y114.844
;TYPE:FILL
G1 F3000 X153.22 Y112.957 E1423.98593
G0 F9000 X153.22 Y105.442
G1 F3000 X151.048 Y103.27 E1424.13917
G0 F9000 X151.047 Y103.402
G1 F2700 E1415.13917
;MESH:NONMESH
G0 F300 X151.047 Y103.402 Z6.75
G0 F9000 X148.176 Y102.62
G0 X147.403 Y101.848
G0 X124.955 Y88.441
G0 X124.953 Y93.289
G0 X116.987 Y93.289
G0 X96.647 Y86.862
G0 X96.647 Y71.823
G0 X104.107 Y70.823
G0 X106.68 Y70.811
G0 X106.68 Y71.676
;TIME_ELAPSED:2070.882633
;LAYER:22
;TYPE:SUPPORT
G1 F2700 E1424.13917
G1 F1500 X106.68 Y71.876 E1424.14915
G1 X104.96 Y71.876 E1424.23496
G1 X104.96 Y71.676 E1424.24494
G1 X109.347 Y71.676 E1424.46381
G1 X109.347 Y71.876 E1424.47379
G1 X112.014 Y71.876 E1424.60684
G1 X112.014 Y71.676 E1424.61682
G1 X116.712 Y71.676 E1424.85121
G1 X116.795 Y71.876 E1424.86201
G1 X114.681 Y71.876 E1424.96748
G1 X114.681 Y71.676 E1424.97745
G1 F2700 E1415.97745
G0 F9000 X114.681 Y70.811
G0 X104.107 Y70.823
G0 X96.647 Y71.823
G0 X96.647 Y86.562
G0 X124.953 Y101.838
G0 X124.953 Y116.577
G0 X117.493 Y117.577
G0 X114.681 Y117.589
G0 X114.681 Y116.524
G1 F2700 E1424.97745
G1 F1500 X114.681 Y116.724 E1424.98743
G1 X116.64 Y116.724 E1425.08517
G1 X116.64 Y116.524 E1425.09515
G1 X112.014 Y116.524 E1425.32594
G1 X112.014 Y116.724 E1425.33592
G1 X109.347 Y116.724 E1425.46897
G1 X109.347 Y116.524 E1425.47895
G1 X104.805 Y116.524 E1425.70555
G1 X104.888 Y116.724 E1425.71636
G1 X106.68 Y116.724 E1425.80576
G1 X106.68 Y116.524 E1425.81574
G1 F2700 E1416.81574
G0 F9000 X106.68 Y117.589
G0 X127.454 Y123.412
G0 X136.017 Y117.589
G0 X136.017 Y116.724
G1 F2700 E1425.81574
G1 F1500 X136.017 Y116.524 E1425.82571
G1 X134.805 Y116.524 E1425.88618
G1 X134.888 Y116.724 E1425.89698
G1 X138.684 Y116.724 E1426.08637
G1 X138.684 Y116.524 E1426.09635
G1 X141.351 Y116.524 E1426.2294
G1 X141.351 Y116.724 E1426.23938
G1 X146.64 Y116.724 E1426.50325
G1 X146.64 Y116.524 E1426.51323
G1 X144.018 Y116.524 E1426.64404
G1 X144.018 Y116.724 E1426.65402
G0 F9000 X143.477 Y116.324
;TYPE:SUPPORT-INTERFACE
G1 F1500 X141.843 Y114.691 E1426.76927
G0 F9000 X143.263 Y114.69
G1 F1500 X141.629 Y116.324 E1426.88456
G1 F2700 E1417.88456
G0 F9000 X140.083 Y116.324
G1 F2700 E1426.88456
G1 F1500 X138.449 Y114.691 E1426.99981
G0 F9000 X139.869 Y114.69
G1 F1500 X138.234 Y116.324 E1427.11513
G1 F2700 E1418.11513
G0 F9000 X136.689 Y116.324
G1 F2700 E1427.11513
G1 F1500 X135.055 Y114.691 E1427.23039
G0 F9000 X136.474 Y114.69
G1 F1500 X134.84 Y116.324 E1427.34567
G1 F2700 E1418.34567
G0 F9000 X134.017 Y116.835
G0 X134.314 Y117.582
G0 X145.023 Y117.589
G0 X145.023 Y116.324
G1 F2700 E1427.34567
G1 F1500 X146.556 Y114.791 E1427.45383
G0 F9000 X145.238 Y114.691
G1 F1500 X146.84 Y116.293 E1427.56686
G1 F2700 E1418.56686
G0 F9000 X147.493 Y116.577
G0 X147.493 Y117.577
G0 X127.454 Y123.412
G0 X126.723 Y123.11
G0 X117.493 Y116.577
G0 X116.324 Y116.324
G1 F2700 E1427.56686
G1 F1500 X114.691 Y114.691 E1427.68208
G0 F9000 X116.109 Y114.691
G1 F1500 X114.476 Y116.324 E1427.7973
G1 F2700 E1418.7973
G0 F9000 X112.93 Y116.324
G1 F2700 E1427.7973
G1 F1500 X111.297 Y114.691 E1427.91252
G0 F9000 X112.715 Y114.691
G1 F1500 X111.082 Y116.324 E1428.02773
G1 F2700 E1419.02773
G0 F9000 X109.536 Y116.324
G1 F2700 E1428.02773
G1 F1500 X107.902 Y114.691 E1428.14298
G0 F9000 X109.322 Y114.69
G1 F1500 X107.687 Y116.324 E1428.25831
G1 F2700 E1419.25831
G0 F9000 X106.142 Y116.324
G1 F2700 E1428.25831
G1 F1500 X104.76 Y114.942 E1428.35582
G0 F9000 X104.76 Y115.857
G1 F1500 X105.927 Y114.69 E1428.43815
G1 F2700 E1419.43815
G0 F9000 X105.927 Y114.025
G0 X106.178 Y74.375
G0 X106.178 Y73.71
G1 F2700 E1428.43815
G1 F1500 X107.812 Y72.076 E1428.55344
G1 F2700 E1419.55344
G0 F9000 X109.411 Y72.076
G1 F2700 E1428.55344
G1 F1500 X111.045 Y73.71 E1428.66873
G0 F9000 X109.573 Y73.71
G1 F1500 X111.206 Y72.076 E1428.78398
G1 F2700 E1419.78398
G0 F9000 X112.805 Y72.076
G1 F2700 E1428.78398
G1 F1500 X114.439 Y73.71 E1428.89927
G0 F9000 X112.966 Y73.71
G1 F1500 X114.6 Y72.076 E1429.01456
G1 F2700 E1420.01456
G0 F9000 X116.2 Y72.076
G1 F2700 E1429.01456
G1 F1500 X116.84 Y72.717 E1429.05975
G0 F9000 X116.84 Y73.23
G1 F1500 X116.36 Y73.71 E1429.09361
G1 F2700 E1420.09361
G0 F9000 X116.36 Y74.375
G0 X107.65 Y74.375
G0 X107.65 Y73.709
G1 F2700 E1429.09361
G1 F1500 X106.017 Y72.076 E1429.20883
G1 F2700 E1420.20883
;MESH:wildrosebuilds_puzzlecube.stl(1)
G0 F9000 X106.017 Y70.811
G0 X104.107 Y70.823
G0 X103.536 Y71.811
G0 X103.76 Y85.708
;TYPE:WALL-OUTER
G1 F2700 E1429.20883
G1 F1500 X103.76 Y72.676 E1429.859
G1 X97.5 Y72.676 E1430.17131
G1 X97.5 Y85.708 E1430.82148
G1 X103.76 Y85.708 E1431.13379
G0 F9000 X103.36 Y85.308
;TYPE:WALL-INNER
G1 F1500 X103.36 Y73.076 E1431.74405
G1 X97.9 Y73.076 E1432.01645
G1 X97.9 Y85.308 E1432.62671
G1 X103.36 Y85.308 E1432.89911
G0 F9000 X102.96 Y84.908
G1 F1500 X102.96 Y73.476 E1433.46945
G1 X98.3 Y73.476 E1433.70194
G1 X98.3 Y84.908 E1434.27229
G1 X102.96 Y84.908 E1434.50477
G0 F9000 X100.548 Y84.828
;TYPE:FILL
G1 F3000 X98.38 Y82.659 E1434.65777
G0 F9000 X98.38 Y75.74
G1 F3000 X100.565 Y73.556 E1434.8119
G0 F9000 X100.565 Y73.686
G1 F2700 E1425.8119
G0 F9000 X103.536 Y85.484
G0 X104.625 Y85.484
G0 X116.975 Y85.484
G0 X117.84 Y92.436
;TYPE:WALL-OUTER
G1 F2700 E1434.8119
G1 F1500 X120.77 Y92.436 E1434.95808
G1 X120.856 Y92.316 E1434.96545
G1 X121.693 Y92.316 E1435.0072
G1 X121.774 Y92.436 E1435.01443
G1 X124.1 Y92.436 E1435.13047
G1 X124.1 Y66.248 E1436.437
G1 X117.84 Y72.507 E1436.87864
G1 X117.84 Y92.436 E1437.8729
G0 F9000 X118.24 Y92.036
;TYPE:WALL-INNER
G1 F1500 X120.662 Y92.036 E1437.99373
G1 X120.728 Y91.944 E1437.99938
G1 X120.912 Y91.916 E1438.00867
G1 X121.632 Y91.916 E1438.04459
G1 X121.838 Y91.952 E1438.05502
G1 X121.894 Y92.036 E1438.06006
G1 X123.7 Y92.036 E1438.15016
G1 X123.7 Y67.214 E1439.38854
G1 X118.24 Y72.673 E1439.77373
G1 X118.24 Y92.036 E1440.73976
G0 F9000 X118.64 Y91.636
G1 F1500 X120.553 Y91.636 E1440.8352
G1 X120.606 Y91.563 E1440.8397
G1 X120.912 Y91.516 E1440.85514
G1 X121.632 Y91.516 E1440.89106
G1 X121.975 Y91.576 E1440.90844
G1 X122.015 Y91.636 E1440.91203
G1 X123.3 Y91.636 E1440.97614
G1 X123.3 Y68.179 E1442.14642
G1 X118.64 Y72.839 E1442.47521
G1 X118.64 Y91.636 E1443.41299
G0 F9000 X118.72 Y87.158
;TYPE:FILL
G1 F3000 X123.22 Y82.659 E1443.73046
G0 F9000 X123.22 Y75.742
G1 F3000 X119.535 Y72.057 E1443.99045
G0 F9000 X119.626 Y72.148
G1 F2700 E1434.99045
;MESH:wildrosebuilds_puzzlecube.stl
G0 F9000 X118.064 Y92.212
G0 X116.975 Y92.212
G0 X104.625 Y96.188
G0 X97.5 Y122.146
;TYPE:WALL-OUTER
G1 F2700 E1443.99045
G1 F1500 X103.76 Y115.889 E1444.43202
G1 X103.76 Y95.964 E1445.42609
G1 X100.826 Y95.964 E1445.57246
G1 X100.74 Y96.084 E1445.57983
G1 X99.907 Y96.084 E1445.62139
G1 X99.824 Y95.964 E1445.62867
G1 X97.5 Y95.964 E1445.74461
G1 X97.5 Y122.146 E1447.05084
G0 F9000 X97.748 Y121.554
G0 X98.171 Y120.549
G0 X97.9 Y121.181
;TYPE:WALL-INNER
G1 F1500 X103.36 Y115.723 E1447.436
G1 X103.36 Y96.364 E1448.40182
G1 X100.934 Y96.364 E1448.52286
G1 X100.868 Y96.456 E1448.52851
G1 X100.684 Y96.484 E1448.53779
G1 X99.968 Y96.484 E1448.57351
G1 X99.762 Y96.448 E1448.58395
G1 X99.704 Y96.364 E1448.58904
G1 X97.9 Y96.364 E1448.67904
G1 X97.9 Y121.181 E1449.91717
G0 F9000 X98.148 Y120.588
G0 X98.3 Y120.215
G1 F1500 X102.96 Y115.557 E1450.24588
G1 X102.96 Y96.764 E1451.18347
G1 X101.043 Y96.764 E1451.27911
G1 X100.99 Y96.837 E1451.28361
G1 X100.684 Y96.884 E1451.29906
G1 X99.968 Y96.884 E1451.33478
G1 X99.625 Y96.824 E1451.35215
G1 X99.584 Y96.764 E1451.35577
G1 X98.3 Y96.764 E1451.41983
G1 X98.3 Y120.215 E1452.58981
G0 F9000 X102.062 Y116.341
;TYPE:FILL
G1 F3000 X98.38 Y112.659 E1452.84959
G0 F9000 X98.38 Y105.74
G1 F3000 X102.88 Y101.241 E1453.16706
G0 F9000 X102.75 Y101.241
G1 F2700 E1444.16706
G0 F9000 X103.53 Y115.444
G0 X104.017 Y116.835
G0 X104.314 Y117.582
G0 X117.493 Y117.577
G0 X118.07 Y116.589
G0 X117.84 Y115.724
;TYPE:WALL-OUTER
G1 F2700 E1453.16706
G1 F1500 X124.1 Y115.724 E1453.47937
G1 X124.1 Y102.689 E1454.12969
G1 X117.84 Y102.692 E1454.442
G1 X117.84 Y115.724 E1455.09217
G0 F9000 X118.24 Y115.324
;TYPE:WALL-INNER
G1 F1500 X123.7 Y115.324 E1455.36457
G1 X123.7 Y103.089 E1455.97498
G1 X118.24 Y103.092 E1456.24738
G1 X118.24 Y115.324 E1456.85764
G0 F9000 X118.64 Y114.924
G1 F1500 X123.3 Y114.924 E1457.09012
G1 X123.3 Y103.489 E1457.66062
G1 X118.64 Y103.492 E1457.89311
G1 X118.64 Y114.924 E1458.46345
G0 F9000 X121.034 Y114.844
;TYPE:FILL
G1 F3000 X123.22 Y112.658 E1458.61769
G0 F9000 X123.22 Y105.742
G1 F3000 X121.049 Y103.571 E1458.77086
G0 F9000 X121.048 Y103.702
G1 F2700 E1449.77086
;MESH:wildrosebuilds_puzzlecube.stl(2)
G0 F9000 X123.876 Y115.5
G0 X124.965 Y115.5
G0 X126.635 Y115.5
G0 X127.5 Y122.146
;TYPE:WALL-OUTER
G1 F2700 E1458.77086
G1 F1500 X133.76 Y115.889 E1459.21243
G1 X133.76 Y95.964 E1460.20649
G1 X130.826 Y95.964 E1460.35287
G1 X130.74 Y96.084 E1460.36024
G1 X129.907 Y96.084 E1460.4018
G1 X129.824 Y95.964 E1460.40908
G1 X127.5 Y95.964 E1460.52502
G1 X127.5 Y122.146 E1461.83125
G0 F9000 X127.748 Y121.554
G0 X128.171 Y120.549
G0 X127.9 Y121.181
;TYPE:WALL-INNER
G1 F1500 X133.36 Y115.723 E1462.21641
G1 X133.36 Y96.364 E1463.18223
G1 X130.934 Y96.364 E1463.30327
G1 X130.868 Y96.456 E1463.30891
G1 X130.684 Y96.484 E1463.3182
G1 X129.968 Y96.484 E1463.35392
G1 X129.762 Y96.448 E1463.36435
G1 X129.704 Y96.364 E1463.36945
G1 X127.9 Y96.364 E1463.45945
G1 X127.9 Y121.181 E1464.69757
G0 F9000 X128.148 Y120.588
G0 X128.3 Y120.215
G1 F1500 X132.96 Y115.557 E1465.02629
G1 X132.96 Y96.764 E1465.96388
G1 X131.043 Y96.764 E1466.05952
G1 X130.99 Y96.837 E1466.06402
G1 X130.684 Y96.884 E1466.07946
G1 X129.968 Y96.884 E1466.11519
G1 X129.625 Y96.824 E1466.13256
G1 X129.584 Y96.764 E1466.13618
G1 X128.3 Y96.764 E1466.20024
G1 X128.3 Y120.215 E1467.37022
G0 F9000 X132.061 Y116.341
;TYPE:FILL
G1 F3000 X128.379 Y112.659 E1467.63
G0 F9000 X128.38 Y105.74
G1 F3000 X132.88 Y101.241 E1467.94747
G0 F9000 X132.75 Y101.241
G1 F2700 E1458.94747
G0 F9000 X133.53 Y115.444
G0 X134.017 Y116.835
G0 X134.314 Y117.582
G0 X147.493 Y117.577
G0 X148.07 Y116.589
G0 X147.84 Y115.724
;TYPE:WALL-OUTER
G1 F2700 E1467.94747
G1 F1500 X154.1 Y115.724 E1468.25978
G1 X154.1 Y102.689 E1468.9101
G1 X147.84 Y102.692 E1469.22241
G1 X147.84 Y115.724 E1469.87258
G0 F9000 X148.24 Y115.324
;TYPE:WALL-INNER
G1 F1500 X153.7 Y115.324 E1470.14498
G1 X153.7 Y103.089 E1470.75539
G1 X148.24 Y103.092 E1471.02779
G1 X148.24 Y115.324 E1471.63804
G0 F9000 X148.64 Y114.924
G1 F1500 X153.3 Y114.924 E1471.87053
G1 X153.3 Y103.489 E1472.44103
G1 X148.64 Y103.492 E1472.67352
G1 X148.64 Y114.924 E1473.24386
G0 F9000 X151.034 Y114.844
;TYPE:FILL
G1 F3000 X153.22 Y112.658 E1473.39809
G0 F9000 X153.22 Y105.742
G1 F3000 X151.049 Y103.571 E1473.55127
G0 F9000 X151.048 Y103.702
G1 F2700 E1464.55127
;MESH:NONMESH
G0 F300 X151.048 Y103.702 Z7.05
G0 F9000 X148.064 Y102.916
G0 X146.975 Y102.916
G0 X134.613 Y95.111
G0 X116.987 Y93.289
G0 X104.625 Y85.484
G0 X103.76 Y85.596
;TIME_ELAPSED:2140.492199
;LAYER:23
;TYPE:WALL-OUTER
;MESH:wildrosebuilds_puzzlecube.stl(1)
G1 F2700 E1473.55127
G1 F1500 X103.76 Y72.676 E1474.19585
G1 X97.5 Y72.676 E1474.50816
G1 X97.5 Y85.596 E1475.15275
G1 X103.76 Y85.596 E1475.46506
G0 F9000 X103.36 Y85.196
;TYPE:WALL-INNER
G1 F1500 X103.36 Y73.076 E1476.06973
G1 X97.9 Y73.076 E1476.34213
G1 X97.9 Y85.196 E1476.9468
G1 X103.36 Y85.196 E1477.2192
G0 F9000 X102.96 Y84.796
G1 F1500 X102.96 Y73.476 E1477.78396
G1 X98.3 Y73.476 E1478.01644
G1 X98.3 Y84.796 E1478.5812
G1 X102.96 Y84.796 E1478.81369
G0 F9000 X100.737 Y84.716
;TYPE:FILL
G1 F3000 X98.38 Y82.358 E1478.98002
G0 F9000 X98.38 Y76.042
G1 F3000 X100.866 Y73.556 E1479.15542
G0 F9000 X100.866 Y73.686
G1 F2700 E1470.15542
G0 F9000 X103.536 Y85.372
G0 X104.625 Y85.372
G0 X116.975 Y85.372
G0 X117.84 Y92.436
;TYPE:WALL-OUTER
G1 F2700 E1479.15542
G1 F1500 X121.127 Y92.436 E1479.31941
G1 X121.216 Y92.316 E1479.32687
G1 X121.851 Y92.316 E1479.35855
G1 X121.933 Y92.436 E1479.3658
G1 X124.1 Y92.436 E1479.47391
G1 X124.1 Y66.248 E1480.78043
G1 X117.84 Y72.507 E1481.22208
G1 X117.84 Y92.436 E1482.21634
G0 F9000 X118.24 Y92.036
;TYPE:WALL-INNER
G1 F1500 X121.024 Y92.036 E1482.35523
G1 X121.111 Y91.918 E1482.36255
G1 X121.788 Y91.916 E1482.39632
G1 X122.001 Y91.954 E1482.40712
G1 X122.057 Y92.036 E1482.41207
G1 X123.7 Y92.036 E1482.49404
G1 X123.7 Y67.214 E1483.73242
G1 X118.24 Y72.673 E1484.11761
G1 X118.24 Y92.036 E1485.08364
G0 F9000 X118.64 Y91.636
G1 F1500 X120.921 Y91.636 E1485.19744
G1 X120.979 Y91.558 E1485.20229
G1 X121.178 Y91.519 E1485.2124
G1 X121.788 Y91.516 E1485.24284
G1 X122.142 Y91.58 E1485.26078
G1 X122.18 Y91.636 E1485.26416
G1 X123.3 Y91.636 E1485.32004
G1 X123.3 Y68.179 E1486.49031
G1 X118.64 Y72.839 E1486.8191
G1 X118.64 Y91.636 E1487.75689
G0 F9000 X118.72 Y86.857
;TYPE:FILL
G1 F3000 X123.22 Y82.357 E1488.07438
G0 F9000 X123.22 Y76.044
G1 F3000 X119.384 Y72.208 E1488.34504
G0 F9000 X119.475 Y72.299
G1 F2700 E1479.34504
;MESH:wildrosebuilds_puzzlecube.stl
G0 F9000 X118.064 Y92.212
G0 X116.975 Y92.212
G0 X104.625 Y96.188
G0 X97.5 Y122.146
;TYPE:WALL-OUTER
G1 F2700 E1488.34504
G1 F1500 X103.76 Y115.889 E1488.78661
G1 X103.76 Y95.964 E1489.78067
G1 X100.473 Y95.964 E1489.94466
G1 X100.384 Y96.084 E1489.95211
G1 X99.745 Y96.084 E1489.98399
G1 X99.663 Y95.964 E1489.99124
G1 X97.5 Y95.964 E1490.09915
G1 X97.5 Y122.146 E1491.40538
G0 F9000 X97.748 Y121.554
G0 X98.171 Y120.549
G0 X97.9 Y121.181
;TYPE:WALL-INNER
G1 F1500 X103.36 Y115.723 E1491.79054
G1 X103.36 Y96.364 E1492.75637
G1 X100.576 Y96.364 E1492.89526
G1 X100.489 Y96.482 E1492.90257
G1 X99.808 Y96.484 E1492.93655
G1 X99.595 Y96.446 E1492.94734
G1 X99.539 Y96.364 E1492.9523
G1 X97.9 Y96.364 E1493.03407
G1 X97.9 Y121.181 E1494.27219
G0 F9000 X98.148 Y120.588
G0 X98.3 Y120.215
G1 F1500 X102.96 Y115.557 E1494.60091
G1 X102.96 Y96.764 E1495.5385
G1 X100.679 Y96.764 E1495.6523
G1 X100.621 Y96.842 E1495.65715
G1 X100.422 Y96.881 E1495.66726
G1 X99.808 Y96.884 E1495.6979
G1 X99.453 Y96.82 E1495.71589
G1 X99.415 Y96.764 E1495.71927
G1 X98.3 Y96.764 E1495.7749
G1 X98.3 Y120.215 E1496.94487
G0 F9000 X102.212 Y116.19
;TYPE:FILL
G1 F3000 X98.38 Y112.358 E1497.21524
G0 F9000 X98.38 Y106.041
G1 F3000 X102.88 Y101.542 E1497.5327
G0 F9000 X102.75 Y101.542
G1 F2700 E1488.5327
G0 F9000 X103.53 Y115.444
G0 X104.625 Y115.444
G0 X116.975 Y115.444
G0 X117.84 Y115.724
;TYPE:WALL-OUTER
G1 F2700 E1497.5327
G1 F1500 X124.1 Y115.724 E1497.84502
G1 X124.1 Y102.804 E1498.4896
G1 X117.84 Y102.804 E1498.80191
G1 X117.84 Y115.724 E1499.44649
G0 F9000 X118.24 Y115.324
;TYPE:WALL-INNER
G1 F1500 X123.7 Y115.324 E1499.71889
G1 X123.7 Y103.204 E1500.32356
G1 X118.24 Y103.204 E1500.59596
G1 X118.24 Y115.324 E1501.20063
G0 F9000 X118.64 Y114.924
G1 F1500 X123.3 Y114.924 E1501.43312
G1 X123.3 Y103.604 E1501.99788
G1 X118.64 Y103.604 E1502.23037
G1 X118.64 Y114.924 E1502.79512
G0 F9000 X120.733 Y114.844
;TYPE:FILL
G1 F3000 X123.22 Y112.357 E1502.97059
G0 F9000 X123.22 Y106.043
G1 F3000 X120.861 Y103.684 E1503.13703
G0 F9000 X120.861 Y103.814
G1 F2700 E1494.13703
;MESH:wildrosebuilds_puzzlecube.stl(2)
G0 F9000 X123.876 Y115.5
G0 X124.965 Y115.5
G0 X126.635 Y115.5
G0 X127.5 Y122.146
;TYPE:WALL-OUTER
G1 F2700 E1503.13703
G1 F1500 X133.76 Y115.889 E1503.57861
G1 X133.76 Y95.964 E1504.57267
G1 X130.473 Y95.964 E1504.73666
G1 X130.384 Y96.084 E1504.74411
G1 X129.745 Y96.084 E1504.77599
G1 X129.663 Y95.964 E1504.78324
G1 X127.5 Y95.964 E1504.89115
G1 X127.5 Y122.146 E1506.19738
G0 F9000 X127.748 Y121.554
G0 X128.171 Y120.549
G0 X127.9 Y121.181
;TYPE:WALL-INNER
G1 F1500 X133.36 Y115.723 E1506.58254
G1 X133.36 Y96.364 E1507.54837
G1 X130.576 Y96.364 E1507.68726
G1 X130.489 Y96.482 E1507.69457
G1 X129.808 Y96.484 E1507.72855
G1 X129.595 Y96.446 E1507.73934
G1 X129.539 Y96.364 E1507.7443
G1 X127.9 Y96.364 E1507.82607
G1 X127.9 Y121.181 E1509.06419
G0 F9000 X128.148 Y120.588
G0 X128.3 Y120.215
G1 F1500 X132.96 Y115.557 E1509.39291
G1 X132.96 Y96.764 E1510.3305
G1 X130.679 Y96.764 E1510.4443
G1 X130.621 Y96.842 E1510.44915
G1 X130.422 Y96.881 E1510.45926
G1 X129.808 Y96.884 E1510.4899
G1 X129.453 Y96.82 E1510.50789
G1 X129.415 Y96.764 E1510.51127
G1 X128.3 Y96.764 E1510.5669
G1 X128.3 Y120.215 E1511.73687
G0 F9000 X132.212 Y116.19
;TYPE:FILL
G1 F3000 X128.379 Y112.358 E1512.00728
G0 F9000 X128.38 Y106.041
G1 F3000 X132.88 Y101.542 E1512.32474
G0 F9000 X132.75 Y101.542
G1 F2700 E1503.32474
G0 F9000 X133.53 Y115.444
G0 X134.625 Y115.444
G0 X146.975 Y115.444
G0 X147.84 Y115.724
;TYPE:WALL-OUTER
G1 F2700 E1512.32474
G1 F1500 X154.1 Y115.724 E1512.63705
G1 X154.1 Y102.804 E1513.28163
G1 X147.84 Y102.804 E1513.59395
G1 X147.84 Y115.724 E1514.23853
G0 F9000 X148.24 Y115.324
;TYPE:WALL-INNER
G1 F1500 X153.7 Y115.324 E1514.51093
G1 X153.7 Y103.204 E1515.1156
G1 X148.24 Y103.204 E1515.388
G1 X148.24 Y115.324 E1515.99267
G0 F9000 X148.64 Y114.924
G1 F1500 X153.3 Y114.924 E1516.22516
G1 X153.3 Y103.604 E1516.78991
G1 X148.64 Y103.604 E1517.0224
G1 X148.64 Y114.924 E1517.58716
G0 F9000 X150.733 Y114.844
;TYPE:FILL
G1 F3000 X153.22 Y112.356 E1517.76266
G0 F9000 X153.22 Y106.043
G1 F3000 X150.861 Y103.684 E1517.9291
G0 F9000 X150.861 Y103.814
G1 F2700 E1508.9291
;MESH:NONMESH
G0 F300 X150.861 Y103.814 Z7.35
G0 F9000 X148.064 Y103.028
G0 X146.975 Y103.028
G0 X134.613 Y95.111
G0 X116.987 Y93.289
G0 X104.625 Y85.372
G0 X103.76 Y85.596
;TIME_ELAPSED:2189.203045
;LAYER:24
;TYPE:WALL-OUTER
;MESH:wildrosebuilds_puzzlecube.stl(1)
G1 F2700 E1517.9291
G1 F1500 X103.76 Y72.676 E1518.57369
G1 X97.5 Y72.676 E1518.886
G1 X97.5 Y85.596 E1519.53058
G1 X103.76 Y85.596 E1519.84289
G1 F2700 E1510.84289
G0 F9000 X103.48 Y85.316
G0 X104.625 Y85.372
G0 X116.975 Y85.372
G0 X117.84 Y92.436
G1 F2700 E1519.84289
G1 F1500 X121.179 Y92.436 E1520.00948
G1 X121.267 Y92.317 E1520.01686
G1 X121.875 Y92.316 E1520.04719
G1 X121.957 Y92.436 E1520.05444
G1 X124.1 Y92.436 E1520.16136
G1 X124.1 Y66.248 E1521.46788
G1 X117.792 Y72.552 E1521.91281
G1 X117.84 Y72.708 E1521.92095
G1 X117.84 Y92.436 E1522.90518
G0 F9000 X118.24 Y92.036
;TYPE:WALL-INNER
G1 F1500 X121.077 Y92.036 E1523.04672
G1 X121.163 Y91.92 E1523.05393
G1 X121.812 Y91.916 E1523.08631
G1 X122.026 Y91.955 E1523.09716
G1 X122.082 Y92.036 E1523.10207
G1 X123.7 Y92.036 E1523.18279
G1 X123.7 Y67.213 E1524.42122
G1 X118.234 Y72.676 E1524.80677
G1 X118.24 Y92.036 E1525.77264
G0 F9000 X118.64 Y91.636
G1 F1500 X120.975 Y91.636 E1525.88914
G1 X121.033 Y91.557 E1525.89402
G1 X121.214 Y91.521 E1525.90323
G1 X121.812 Y91.516 E1525.93307
G1 X122.168 Y91.581 E1525.95112
G1 X122.206 Y91.636 E1525.95446
G1 X123.3 Y91.636 E1526.00904
G1 X123.3 Y68.178 E1527.17936
G1 X118.64 Y72.835 E1527.50804
G1 X118.64 Y91.636 E1528.44603
G1 F2700 E1519.44603
G0 F9000 X118.07 Y84.916
G0 X116.975 Y84.916
G0 X104.625 Y84.916
G0 X103.53 Y84.916
G0 X103.05 Y84.916
G0 X103.36 Y85.196
G1 F2700 E1528.44603
G1 F1500 X103.36 Y73.076 E1529.0507
G1 X97.9 Y73.076 E1529.3231
G1 X97.9 Y85.196 E1529.92777
G1 X103.36 Y85.196 E1530.20017
G0 F9000 X102.96 Y84.796
G1 F1500 X102.96 Y73.476 E1530.76493
G1 X98.3 Y73.476 E1530.99741
G1 X98.3 Y84.796 E1531.56217
G1 X102.96 Y84.796 E1531.79466
G0 F9000 X101.037 Y84.716
;TYPE:FILL
G1 F3000 X98.38 Y82.058 E1531.98216
G0 F9000 X98.38 Y76.342
G1 F3000 X101.166 Y73.556 E1532.17873
G1 F2700 E1523.17873
G0 F9000 X103.536 Y72.9
G0 X104.613 Y73.362
G0 X116.987 Y73.363
G0 X118.07 Y72.9
G0 X119.233 Y72.356
G1 F2700 E1532.17873
G1 F3000 X123.22 Y76.343 E1532.46003
G0 F9000 X123.22 Y82.057
G1 F3000 X118.72 Y86.557 E1532.77753
G0 F9000 X118.85 Y86.557
G1 F2700 E1523.77753
;MESH:wildrosebuilds_puzzlecube.stl
G0 F9000 X118.12 Y92.206
G0 X118.12 Y93.301
G0 X118.12 Y101.939
G0 X117.84 Y115.724
;TYPE:WALL-OUTER
G1 F2700 E1532.77753
G1 F1500 X124.1 Y115.724 E1533.08984
G1 X124.1 Y102.804 E1533.73443
G1 X117.84 Y102.804 E1534.04674
G1 X117.84 Y115.724 E1534.69132
G1 F2700 E1525.69132
G0 F9000 X118.12 Y115.444
G0 X116.987 Y115.038
G0 X116.987 Y101.951
G0 X124.953 Y101.951
G0 X124.953 Y116.577
G0 X104.287 Y116.585
G0 X97.5 Y122.146
G1 F2700 E1534.69132
G1 F1500 X103.805 Y115.843 E1535.1361
G1 X103.76 Y115.688 E1535.14415
G1 X103.76 Y95.964 E1536.12819
G1 X100.417 Y95.964 E1536.29497
G1 X100.329 Y96.083 E1536.30235
G1 X99.721 Y96.084 E1536.33269
G1 X99.639 Y95.964 E1536.33994
G1 X97.5 Y95.964 E1536.44665
G1 X97.5 Y122.146 E1537.75288
G0 F9000 X97.748 Y121.554
G0 X98.172 Y120.549
G0 X97.9 Y121.181
;TYPE:WALL-INNER
G1 F1500 X103.365 Y115.717 E1538.13843
G1 X103.36 Y96.364 E1539.10395
G1 X100.519 Y96.364 E1539.24569
G1 X100.432 Y96.481 E1539.25297
G1 X99.784 Y96.484 E1539.2853
G1 X99.57 Y96.445 E1539.29615
G1 X99.514 Y96.364 E1539.30106
G1 X97.9 Y96.364 E1539.38158
G1 X97.9 Y121.181 E1540.61971
G0 F9000 X98.148 Y120.588
G0 X98.3 Y120.215
G1 F1500 X102.96 Y115.557 E1540.94843
G1 X102.96 Y96.764 E1541.88601
G1 X100.621 Y96.764 E1542.00271
G1 X100.563 Y96.843 E1542.0076
G1 X100.383 Y96.879 E1542.01675
G1 X99.784 Y96.884 E1542.04664
G1 X99.428 Y96.819 E1542.06469
G1 X99.39 Y96.764 E1542.06803
G1 X98.3 Y96.764 E1542.12241
G1 X98.3 Y120.215 E1543.29238
G1 F2700 E1534.29238
G0 F9000 X103.532 Y115.8
G0 X104.287 Y116.585
G0 X124.953 Y116.577
G0 X124.953 Y101.951
G0 X116.987 Y101.951
G0 X116.987 Y115.038
G0 X118.064 Y115.5
G0 X118.55 Y115.044
G0 X118.24 Y115.324
G1 F2700 E1543.29238
G1 F1500 X123.7 Y115.324 E1543.56479
G1 X123.7 Y103.204 E1544.16945
G1 X118.24 Y103.204 E1544.44185
G1 X118.24 Y115.324 E1545.04652
G0 F9000 X118.64 Y114.924
G1 F1500 X123.3 Y114.924 E1545.27901
G1 X123.3 Y103.604 E1545.84377
G1 X118.64 Y103.604 E1546.07626
G1 X118.64 Y114.924 E1546.64101
G0 F9000 X120.433 Y114.844
;TYPE:FILL
G1 F3000 X123.22 Y112.057 E1546.83765
G0 F9000 X123.22 Y106.343
G1 F3000 X120.561 Y103.684 E1547.02526
G1 F2700 E1538.02526
G0 F9000 X118.064 Y103.028
G0 X116.975 Y103.028
G0 X104.625 Y103.028
G0 X103.53 Y103.028
G0 X102.88 Y101.842
G1 F2700 E1547.02526
G1 F3000 X98.38 Y106.341 E1547.34272
G0 F9000 X98.38 Y112.058
G1 F3000 X102.362 Y116.04 E1547.62368
G0 F9000 X102.276 Y115.952
G1 F2700 E1538.62368
;MESH:wildrosebuilds_puzzlecube.stl(2)
G0 F9000 X103.532 Y115.8
G0 X104.287 Y116.585
G0 X124.953 Y116.577
G0 X126.635 Y115.8
G0 X127.5 Y122.146
;TYPE:WALL-OUTER
G1 F2700 E1547.62368
G1 F1500 X133.805 Y115.843 E1548.06846
G1 X133.76 Y115.688 E1548.07651
G1 X133.76 Y95.964 E1549.06054
G1 X130.417 Y95.964 E1549.22733
G1 X130.329 Y96.083 E1549.23471
G1 X129.721 Y96.084 E1549.26504
G1 X129.639 Y95.964 E1549.27229
G1 X127.5 Y95.964 E1549.37901
G1 X127.5 Y122.146 E1550.68523
G1 F2700 E1541.68523
G0 F9000 X127.748 Y121.554
G0 X133.532 Y115.8
G0 X134.287 Y116.585
G0 X154.953 Y116.577
G0 X154.953 Y101.951
G0 X146.987 Y101.951
G0 X146.987 Y115.038
G0 X147.84 Y115.724
G1 F2700 E1550.68523
G1 F1500 X154.1 Y115.724 E1550.99755
G1 X154.1 Y102.804 E1551.64213
G1 X147.84 Y102.804 E1551.95444
G1 X147.84 Y115.724 E1552.59902
G0 F9000 X148.24 Y115.324
;TYPE:WALL-INNER
G1 F1500 X153.7 Y115.324 E1552.87142
G1 X153.7 Y103.204 E1553.47609
G1 X148.24 Y103.204 E1553.74849
G1 X148.24 Y115.324 E1554.35316
G0 F9000 X148.64 Y114.924
G1 F1500 X153.3 Y114.924 E1554.58565
G1 X153.3 Y103.604 E1555.15041
G1 X148.64 Y103.604 E1555.3829
G1 X148.64 Y114.924 E1555.94765
G1 F2700 E1546.94765
G0 F9000 X148.064 Y115.5
G0 X146.987 Y115.038
G0 X134.613 Y115.037
G0 X133.53 Y115.5
G0 X133.053 Y115.599
G0 X133.365 Y115.717
G1 F2700 E1555.94765
G1 F1500 X133.36 Y96.364 E1556.91318
G1 X130.519 Y96.364 E1557.05492
G1 X130.432 Y96.481 E1557.06219
G1 X129.784 Y96.484 E1557.09452
G1 X129.57 Y96.445 E1557.10537
G1 X129.514 Y96.364 E1557.11029
G1 X127.9 Y96.364 E1557.19081
G1 X127.9 Y121.181 E1558.42893
G1 X133.365 Y115.717 E1558.81448
G0 F9000 X132.96 Y115.557
G1 F1500 X132.96 Y96.764 E1559.75207
G1 X130.621 Y96.764 E1559.86876
G1 X130.563 Y96.843 E1559.87365
G1 X130.383 Y96.879 E1559.88281
G1 X129.784 Y96.884 E1559.9127
G1 X129.428 Y96.819 E1559.93075
G1 X129.39 Y96.764 E1559.93409
G1 X128.3 Y96.764 E1559.98847
G1 X128.3 Y120.215 E1561.15844
G1 X132.96 Y115.557 E1561.48716
G0 F9000 X132.362 Y116.04
;TYPE:FILL
G1 F3000 X128.379 Y112.058 E1561.76815
G0 F9000 X128.38 Y106.341
G1 F3000 X132.88 Y101.842 E1562.08561
G1 F2700 E1553.08561
G0 F9000 X133.53 Y103.684
G0 X134.625 Y103.684
G0 X146.975 Y103.684
G0 X148.07 Y103.684
G0 X150.561 Y103.684
G1 F2700 E1562.08561
G1 F3000 X153.22 Y106.343 E1562.27322
G0 F9000 X153.22 Y112.057
G1 F3000 X150.433 Y114.844 E1562.46985
G0 F9000 X150.433 Y114.714
G1 F2700 E1553.46985
;MESH:NONMESH
G0 F300 X150.433 Y114.714 Z7.65
G0 F9000 X148.064 Y103.028
G0 X146.975 Y103.028
G0 X134.613 Y95.111
G0 X116.987 Y93.289
G0 X104.625 Y85.372
G0 X103.914 Y72.743
;TIME_ELAPSED:2245.832531
;LAYER:25
;TYPE:WALL-OUTER
;MESH:wildrosebuilds_puzzlecube.stl(1)
G1 F2700 E1562.46985
G1 F1115.2 X117.64 Y72.739 E1563.3909
G1 F2700 E1554.3909
G0 F9000 X118.542 Y72.796
G0 X118.07 Y85.316
G0 X116.975 Y85.316
G0 X104.625 Y85.316
G0 X103.76 Y85.596
G1 F2700 E1563.3909
G1 F1500 X103.76 Y73.008 E1564.01892
G1 F1279.3 X103.914 Y72.743 E1564.03685
G1 X103.428 Y72.676 E1564.06555
G1 F1500 X97.5 Y72.676 E1564.36129
G1 X97.5 Y85.596 E1565.00588
G1 X103.76 Y85.596 E1565.31819
G1 F2700 E1556.31819
G0 F9000 X103.48 Y85.316
G0 X104.625 Y85.372
G0 X116.975 Y85.372
G0 X117.84 Y92.436
G1 F2700 E1565.31819
G1 F1500 X121.143 Y92.436 E1565.48298
G1 X121.232 Y92.316 E1565.49043
G1 X121.859 Y92.316 E1565.52171
G1 X121.941 Y92.436 E1565.52896
G1 X124.1 Y92.436 E1565.63667
G1 X124.1 Y66.248 E1566.9432
G1 X118.2 Y72.145 E1567.35937
G1 F1382.5 X117.656 Y72.748 E1567.40333
G1 F1273.9 X117.769 Y72.809 E1567.41088
G1 F1376.1 X117.84 Y73.008 E1567.42237
G1 F1500 X117.84 Y92.436 E1568.39163
G0 F9000 X118.24 Y92.036
;TYPE:WALL-INNER
G1 F1500 X121.04 Y92.036 E1568.53132
G1 X121.128 Y91.918 E1568.53867
G1 X121.796 Y91.916 E1568.572
G1 X122.009 Y91.954 E1568.58279
G1 X122.065 Y92.036 E1568.58774
G1 X123.7 Y92.036 E1568.66931
G1 X123.7 Y67.213 E1569.90774
G1 X118.121 Y72.788 E1570.30123
G1 X118.24 Y73.008 E1570.3137
G1 X118.24 Y92.036 E1571.26302
G0 F9000 X118.64 Y91.636
G1 F1500 X120.938 Y91.636 E1571.37766
G1 X120.995 Y91.558 E1571.38248
G1 X121.189 Y91.52 E1571.39235
G1 X121.796 Y91.516 E1571.42263
G1 X122.151 Y91.58 E1571.44063
G1 X122.189 Y91.636 E1571.444
G1 X123.3 Y91.636 E1571.49943
G1 X123.3 Y68.178 E1572.66975
G1 X118.579 Y72.896 E1573.00274
G1 X118.64 Y73.008 E1573.0091
G1 X118.64 Y91.636 E1573.93846
G1 F2700 E1564.93846
G0 F9000 X118.07 Y84.916
G0 X116.975 Y84.916
G0 X104.625 Y84.916
G0 X103.53 Y84.916
G0 X103.05 Y84.916
G0 X103.36 Y85.196
G1 F2700 E1573.93846
G1 F1500 X103.36 Y73.076 E1574.54313
G1 X97.9 Y73.076 E1574.81553
G1 X97.9 Y85.196 E1575.4202
G1 X103.36 Y85.196 E1575.6926
G0 F9000 X102.96 Y84.796
G1 F1500 X102.96 Y73.476 E1576.25736
G1 X98.3 Y73.476 E1576.48984
G1 X98.3 Y84.796 E1577.0546
G1 X102.96 Y84.796 E1577.28709
G0 F9000 X101.337 Y84.716
;TYPE:FILL
G1 F3000 X98.38 Y81.759 E1577.49572
G0 F9000 X98.38 Y76.642
G1 F3000 X101.466 Y73.556 E1577.71346
G1 F2700 E1568.71346
G0 F9000 X103.536 Y72.9
G0 X103.536 Y71.811
G0 X117.313 Y71.815
G0 X118.064 Y72.586
G0 X119.084 Y72.507
G1 F2700 E1577.71346
G1 F3000 X123.22 Y76.643 E1578.00527
G0 F9000 X123.22 Y81.757
G1 F3000 X118.72 Y86.257 E1578.32277
G0 F9000 X118.85 Y86.257
G1 F2700 E1569.32277
;MESH:wildrosebuilds_puzzlecube.stl
G0 F9000 X118.12 Y92.206
G0 X118.12 Y93.301
G0 X118.12 Y101.939
G0 X117.686 Y115.655
;TYPE:WALL-OUTER
G1 F2700 E1578.32277
G1 F1107 X103.966 Y115.657 E1579.25026
G1 F2700 E1570.25026
G0 F9000 X103.058 Y115.604
G0 X97.748 Y121.554
G0 X97.5 Y122.146
G1 F2700 E1579.25026
G1 F1500 X103.871 Y115.782 E1579.69952
G1 X103.973 Y115.727 E1579.7053
G1 X103.96 Y115.589 E1579.71222
G1 X103.848 Y115.554 E1579.71807
G1 X103.76 Y115.388 E1579.72745
G1 X103.76 Y95.964 E1580.69651
G1 X100.453 Y95.964 E1580.8615
G1 X100.364 Y96.084 E1580.86895
G1 X99.742 Y96.084 E1580.89999
G1 X99.656 Y95.964 E1580.90735
G1 X97.5 Y95.964 E1581.01491
G1 X97.5 Y122.146 E1582.32114
G1 F2700 E1573.32114
G0 F9000 X97.748 Y121.554
G0 X103.539 Y115.807
G0 X104.287 Y116.585
G0 X118.064 Y116.589
G0 X118.176 Y115.724
G1 F2700 E1582.32114
G1 F1500 X124.1 Y115.724 E1582.61669
G1 X124.1 Y102.804 E1583.26127
G1 X117.84 Y102.804 E1583.57358
G1 X117.84 Y115.388 E1584.2014
G1 F1273.9 X117.686 Y115.655 E1584.21951
G1 X118.176 Y115.724 E1584.24858
G0 F9000 X118.24 Y115.324
;TYPE:WALL-INNER
G1 F1500 X123.7 Y115.324 E1584.52098
G1 X123.7 Y103.204 E1585.12565
G1 X118.24 Y103.204 E1585.39805
G1 X118.24 Y115.324 E1586.00272
G0 F9000 X118.64 Y114.924
G1 F1500 X123.3 Y114.924 E1586.23521
G1 X123.3 Y103.604 E1586.79996
G1 X118.64 Y103.604 E1587.03245
G1 X118.64 Y114.924 E1587.59721
G1 F2700 E1578.59721
G0 F9000 X118.064 Y115.5
G0 X118.064 Y116.589
G0 X124.953 Y116.577
G0 X124.953 Y101.951
G0 X116.987 Y101.951
G0 X104.613 Y114.737
G0 X103.53 Y115.5
G0 X103.047 Y115.605
G0 X103.478 Y115.609
G1 F2700 E1587.59721
G1 F1500 X103.36 Y115.388 E1587.60971
G1 X103.36 Y96.364 E1588.55882
G1 X100.556 Y96.364 E1588.69871
G1 X100.468 Y96.482 E1588.70606
G1 X99.804 Y96.484 E1588.73918
G1 X99.591 Y96.446 E1588.74998
G1 X99.533 Y96.364 E1588.75499
G1 X97.9 Y96.364 E1588.83646
G1 X97.9 Y121.181 E1590.07458
G1 X103.478 Y115.609 E1590.46793
G0 F9000 X103.02 Y115.501
G1 F1500 X102.96 Y115.388 E1590.47431
G1 X102.96 Y96.764 E1591.40347
G1 X100.658 Y96.764 E1591.51832
G1 X100.601 Y96.842 E1591.52314
G1 X100.408 Y96.88 E1591.53295
G1 X99.804 Y96.884 E1591.56308
G1 X99.449 Y96.82 E1591.58108
G1 X99.41 Y96.764 E1591.58448
G1 X98.3 Y96.764 E1591.63986
G1 X98.3 Y120.216 E1592.80989
G1 X103.02 Y115.501 E1593.14273
G0 F9000 X102.514 Y115.892
;TYPE:FILL
G1 F3000 X98.38 Y111.758 E1593.43441
G0 F9000 X98.38 Y106.642
G1 F3000 X102.88 Y102.142 E1593.75191
G1 F2700 E1584.75191
G0 F9000 X103.53 Y103.684
G0 X104.625 Y103.684
G0 X116.975 Y103.684
G0 X118.07 Y103.684
G0 X120.261 Y103.684
G1 F2700 E1593.75191
G1 F3000 X123.22 Y106.643 E1593.96068
G0 F9000 X123.22 Y111.758
G1 F3000 X120.133 Y114.844 E1594.17845
G0 F9000 X120.133 Y114.714
G1 F2700 E1585.17845
;MESH:wildrosebuilds_puzzlecube.stl(2)
G0 F9000 X123.876 Y115.5
G0 X124.965 Y115.5
G0 X126.635 Y115.5
G0 X127.5 Y122.146
;TYPE:WALL-OUTER
G1 F2700 E1594.17845
G1 F1500 X133.871 Y115.782 E1594.62771
G1 X133.973 Y115.727 E1594.63349
G1 X133.96 Y115.589 E1594.64041
G1 X133.848 Y115.554 E1594.64626
G1 X133.76 Y115.388 E1594.65564
G1 X133.76 Y95.964 E1595.6247
G1 X130.453 Y95.964 E1595.78969
G1 X130.364 Y96.084 E1595.79714
G1 X129.742 Y96.084 E1595.82818
G1 X129.656 Y95.964 E1595.83554
G1 X127.5 Y95.964 E1595.94311
G1 X127.5 Y122.146 E1597.24933
G1 F2700 E1588.24933
G0 F9000 X127.748 Y121.554
G0 X133.058 Y115.604
G0 X133.966 Y115.657
G1 F2700 E1597.24933
G1 F1107 X147.686 Y115.655 E1598.17682
G1 F1273.9 X148.176 Y115.724 E1598.20589
G1 F1500 X154.1 Y115.724 E1598.50144
G1 X154.1 Y102.804 E1599.14602
G1 X147.84 Y102.804 E1599.45833
G1 X147.84 Y115.388 E1600.08615
G1 F1273.9 X147.686 Y115.655 E1600.10426
G0 F9000 X148.24 Y115.324
;TYPE:WALL-INNER
G1 F1500 X153.7 Y115.324 E1600.37666
G1 X153.7 Y103.204 E1600.98133
G1 X148.24 Y103.204 E1601.25373
G1 X148.24 Y115.324 E1601.8584
G0 F9000 X148.64 Y114.924
G1 F1500 X153.3 Y114.924 E1602.09089
G1 X153.3 Y103.604 E1602.65564
G1 X148.64 Y103.604 E1602.88813
G1 X148.64 Y114.924 E1603.45289
G1 F2700 E1594.45289
G0 F9000 X148.064 Y115.5
G0 X148.064 Y116.589
G0 X154.953 Y116.577
G0 X154.953 Y101.951
G0 X146.987 Y101.951
G0 X134.613 Y114.737
G0 X133.53 Y115.5
G0 X133.047 Y115.605
G0 X133.478 Y115.609
G1 F2700 E1603.45289
G1 F1500 X133.36 Y115.388 E1603.46539
G1 X133.36 Y96.364 E1604.4145
G1 X130.556 Y96.364 E1604.55439
G1 X130.468 Y96.482 E1604.56173
G1 X129.804 Y96.484 E1604.59486
G1 X129.591 Y96.446 E1604.60566
G1 X129.533 Y96.364 E1604.61067
G1 X127.9 Y96.364 E1604.69214
G1 X127.9 Y121.181 E1605.93026
G1 X133.478 Y115.609 E1606.32361
G0 F9000 X133.02 Y115.501
G1 F1500 X132.96 Y115.388 E1606.32999
G1 X132.96 Y96.764 E1607.25915
G1 X130.658 Y96.764 E1607.37399
G1 X130.601 Y96.842 E1607.37881
G1 X130.408 Y96.88 E1607.38863
G1 X129.804 Y96.884 E1607.41876
G1 X129.449 Y96.82 E1607.43676
G1 X129.41 Y96.764 E1607.44016
G1 X128.3 Y96.764 E1607.49554
G1 X128.3 Y120.216 E1608.66557
G1 X133.02 Y115.501 E1608.99841
G0 F9000 X132.513 Y115.892
;TYPE:FILL
G1 F3000 X128.379 Y111.758 E1609.29009
G0 F9000 X128.38 Y106.641
G1 F3000 X132.88 Y102.142 E1609.60755
G1 F2700 E1600.60755
G0 F9000 X133.53 Y103.684
G0 X134.625 Y103.684
G0 X146.975 Y103.684
G0 X148.07 Y103.684
G0 X150.262 Y103.684
G1 F2700 E1609.60755
G1 F3000 X153.22 Y106.643 E1609.81629
G0 F9000 X153.22 Y111.757
G1 F3000 X150.133 Y114.844 E1610.03409
G0 F9000 X150.133 Y114.714
G1 F2700 E1601.03409
;MESH:NONMESH
G0 F300 X150.133 Y114.714 Z7.95
G0 F9000 X148.064 Y103.028
G0 X146.975 Y103.028
G0 X134.613 Y95.111
G0 X120.865 Y93.301
G0 X117.84 Y92.436
;TIME_ELAPSED:2304.215822
;LAYER:26
;TYPE:WALL-OUTER
;MESH:wildrosebuilds_puzzlecube.stl(1)
G1 F2700 E1610.03409
G1 F1500 X121.025 Y92.436 E1610.19299
G1 X121.111 Y92.316 E1610.20036
G1 X121.746 Y92.316 E1610.23204
G1 X121.829 Y92.436 E1610.23932
G1 X124.1 Y92.436 E1610.35262
G1 X124.1 Y66.248 E1611.65915
G1 F1496.3 X117.727 Y72.619 E1612.10985
G1 F1463.4 X117.612 Y72.683 E1612.11658
G1 F1435.4 X103.888 Y72.685 E1612.83208
G1 F1463.4 X103.128 Y72.676 E1612.87095
G1 F1500 X97.5 Y72.676 E1613.15173
G1 X97.5 Y85.596 E1613.79631
G1 X103.76 Y85.596 E1614.10863
G1 X103.76 Y73.308 E1614.72168
G1 F1463.4 X103.924 Y73.101 E1614.73518
G1 F1435.4 X117.64 Y73.099 E1615.45027
G1 F1463.4 X117.762 Y73.148 E1615.45699
G1 F1496.3 X117.84 Y73.308 E1615.4659
G1 F1500 X117.84 Y92.436 E1616.42019
G0 F9000 X118.24 Y92.036
;TYPE:WALL-INNER
G1 F1500 X120.921 Y92.036 E1616.55395
G1 X121.004 Y91.917 E1616.56119
G1 X121.684 Y91.916 E1616.59511
G1 X121.892 Y91.953 E1616.60565
G1 X121.95 Y92.036 E1616.61071
G1 X123.7 Y92.036 E1616.69801
G1 X123.7 Y67.213 E1617.93644
G1 X118.029 Y72.882 E1618.33649
G1 X118.24 Y73.308 E1618.3602
G1 X118.24 Y92.036 E1619.29455
G0 F9000 X118.64 Y91.636
G1 F1500 X120.816 Y91.636 E1619.40311
G1 X120.87 Y91.56 E1619.40776
G1 X121.105 Y91.517 E1619.41968
G1 X121.684 Y91.516 E1619.44857
G1 X122.03 Y91.577 E1619.46609
G1 X122.071 Y91.636 E1619.46968
G1 X123.3 Y91.636 E1619.53099
G1 X123.3 Y68.178 E1620.70132
G1 X118.484 Y72.992 E1621.04104
G1 X118.64 Y73.308 E1621.05862
G1 X118.64 Y91.636 E1621.97301
G1 F2700 E1612.97301
G0 F9000 X118.078 Y72.872
G0 X103.522 Y72.871
G0 X103.52 Y76.343
G0 X103.05 Y84.916
G0 X103.36 Y85.196
G1 F2700 E1621.97301
G1 F1500 X103.36 Y73.308 E1622.56611
G1 X103.554 Y73.076 E1622.58119
G1 X97.9 Y73.076 E1622.86327
G1 X97.9 Y85.196 E1623.46794
G1 X103.36 Y85.196 E1623.74034
G0 F9000 X102.96 Y84.796
G1 F1500 X102.96 Y73.476 E1624.3051
G1 X98.3 Y73.476 E1624.53759
G1 X98.3 Y84.796 E1625.10235
G1 X102.96 Y84.796 E1625.33483
G0 F9000 X101.637 Y84.716
;TYPE:FILL
G1 F3000 X98.38 Y81.459 E1625.56463
G0 F9000 X98.38 Y76.942
G1 F3000 X101.765 Y73.556 E1625.8035
G0 F9000 X103.518 Y73.039
G0 X114.346 Y72.898
G0 X117.772 Y72.922
G0 X118.934 Y72.657
G1 F3000 X123.22 Y76.943 E1626.1059
G0 F9000 X123.22 Y81.457
G1 F3000 X118.72 Y85.957 E1626.4234
G0 F9000 X118.85 Y85.957
G1 F2700 E1617.4234
;MESH:wildrosebuilds_puzzlecube.stl
G0 F9000 X118.064 Y92.212
G0 X116.975 Y92.212
G0 X104.625 Y96.188
G0 X97.5 Y122.146
;TYPE:WALL-OUTER
G1 F2700 E1626.4234
G1 F1496.3 X103.869 Y115.781 E1626.87375
G1 F1463.4 X103.981 Y115.717 E1626.88034
G1 F1428.6 X117.712 Y115.714 E1627.59964
G1 F1463.4 X118.476 Y115.724 E1627.63871
G1 F1500 X124.1 Y115.724 E1627.91929
G1 X124.1 Y102.804 E1628.56388
G1 X117.84 Y102.804 E1628.87619
G1 X117.84 Y115.088 E1629.48904
G1 F1463.4 X117.676 Y115.296 E1629.50258
G1 F1428.6 X103.96 Y115.298 E1630.22109
G1 F1463.4 X103.836 Y115.247 E1630.22795
G1 F1496.3 X103.76 Y115.088 E1630.23676
G1 F1500 X103.76 Y95.964 E1631.19086
G1 X100.573 Y95.964 E1631.34986
G1 X100.485 Y96.084 E1631.35729
G1 X99.85 Y96.084 E1631.38897
G1 X99.767 Y95.964 E1631.39625
G1 X97.5 Y95.964 E1631.50935
G1 X97.5 Y122.146 E1632.81557
G0 F9000 X97.748 Y121.554
G0 X98.172 Y120.549
G0 X97.9 Y121.181
;TYPE:WALL-INNER
G1 F1500 X103.57 Y115.517 E1633.21541
G1 X103.36 Y115.088 E1633.23924
G1 X103.36 Y96.364 E1634.17339
G1 X100.678 Y96.364 E1634.30719
G1 X100.59 Y96.483 E1634.31457
G1 X99.912 Y96.484 E1634.3484
G1 X99.704 Y96.447 E1634.35894
G1 X99.646 Y96.364 E1634.36399
G1 X97.9 Y96.364 E1634.4511
G1 X97.9 Y121.181 E1635.68923
G0 F9000 X98.148 Y120.588
G0 X98.3 Y120.216
G1 F1500 X103.115 Y115.406 E1636.02877
G1 X102.96 Y115.088 E1636.04642
G1 X102.96 Y96.764 E1636.96061
G1 X100.782 Y96.764 E1637.06927
G1 X100.726 Y96.841 E1637.07402
G1 X100.492 Y96.883 E1637.08588
G1 X99.912 Y96.884 E1637.11482
G1 X99.565 Y96.823 E1637.1324
G1 X99.525 Y96.764 E1637.13595
G1 X98.3 Y96.764 E1637.19707
G1 X98.3 Y120.216 E1638.36709
G0 F9000 X102.57 Y116.742
G0 X103.828 Y115.478
G0 X116.751 Y115.504
G0 X118.078 Y115.529
G0 X118.55 Y115.044
G0 X118.042 Y115.324
G1 F1500 X123.7 Y115.324 E1638.64937
G1 X123.7 Y103.204 E1639.25404
G1 X118.24 Y103.204 E1639.52644
G1 X118.24 Y115.088 E1640.11934
G1 X118.042 Y115.324 E1640.13471
G0 F9000 X118.64 Y114.924
G1 F1500 X123.3 Y114.924 E1640.36719
G1 X123.3 Y103.604 E1640.93195
G1 X118.64 Y103.604 E1641.16444
G1 X118.64 Y114.924 E1641.7292
G0 F9000 X119.833 Y114.844
;TYPE:FILL
G1 F3000 X123.22 Y111.458 E1641.96813
G0 F9000 X123.22 Y106.943
G1 F3000 X119.961 Y103.684 E1642.19807
G1 F2700 E1633.19807
G0 F9000 X118.082 Y112.132
G0 X118.078 Y115.529
G0 X103.522 Y115.528
G0 X102.88 Y102.441
G1 F2700 E1642.19807
G1 F3000 X98.38 Y106.941 E1642.51557
G0 F9000 X98.38 Y111.458
G1 F3000 X102.663 Y115.742 E1642.8178
G0 F9000 X102.575 Y115.652
G1 F2700 E1633.8178
;MESH:wildrosebuilds_puzzlecube.stl(2)
G0 F9000 X103.786 Y115.524
G0 X116.168 Y115.514
G0 X117.328 Y115.502
G0 X118.078 Y115.529
G0 X118.07 Y116.589
G0 X124.953 Y116.577
G0 X126.635 Y115.494
G0 X127.5 Y122.146
;TYPE:WALL-OUTER
G1 F2700 E1642.8178
G1 F1496.3 X133.869 Y115.781 E1643.26815
G1 F1463.4 X133.981 Y115.717 E1643.27474
G1 F1428.6 X147.712 Y115.714 E1643.99404
G1 F1463.4 X148.476 Y115.724 E1644.03311
G1 F1500 X154.1 Y115.724 E1644.31369
G1 X154.1 Y102.804 E1644.95827
G1 X147.84 Y102.804 E1645.27059
G1 X147.84 Y115.088 E1645.88344
G1 F1463.4 X147.676 Y115.296 E1645.89698
G1 F1428.6 X133.96 Y115.298 E1646.61549
G1 F1463.4 X133.836 Y115.247 E1646.62235
G1 F1496.3 X133.76 Y115.088 E1646.63116
G1 F1500 X133.76 Y95.964 E1647.58526
G1 X130.573 Y95.964 E1647.74426
G1 X130.485 Y96.084 E1647.75169
G1 X129.85 Y96.084 E1647.78337
G1 X129.767 Y95.964 E1647.79065
G1 X127.5 Y95.964 E1647.90375
G1 X127.5 Y122.146 E1649.20997
G0 F9000 X127.748 Y121.554
G0 X128.172 Y120.549
G0 X127.9 Y121.181
;TYPE:WALL-INNER
G1 F1500 X133.57 Y115.517 E1649.60981
G1 X133.36 Y115.088 E1649.63364
G1 X133.36 Y96.364 E1650.56778
G1 X130.678 Y96.364 E1650.70159
G1 X130.59 Y96.483 E1650.70897
G1 X129.912 Y96.484 E1650.7428
G1 X129.704 Y96.447 E1650.75334
G1 X129.646 Y96.364 E1650.75839
G1 X127.9 Y96.364 E1650.8455
G1 X127.9 Y121.181 E1652.08362
G0 F9000 X128.148 Y120.588
G0 X128.3 Y120.216
G1 F1500 X133.115 Y115.406 E1652.42317
G1 X132.96 Y115.088 E1652.44082
G1 X132.96 Y96.764 E1653.35501
G1 X130.782 Y96.764 E1653.46367
G1 X130.726 Y96.841 E1653.46842
G1 X130.492 Y96.883 E1653.48028
G1 X129.912 Y96.884 E1653.50922
G1 X129.565 Y96.823 E1653.52679
G1 X129.525 Y96.764 E1653.53035
G1 X128.3 Y96.764 E1653.59147
G1 X128.3 Y120.216 E1654.76149
G0 F9000 X132.57 Y116.742
G0 X133.828 Y115.478
G0 X146.752 Y115.504
G0 X148.078 Y115.529
G0 X148.55 Y115.044
G0 X148.042 Y115.324
G1 F1500 X153.7 Y115.324 E1655.04377
G1 X153.7 Y103.204 E1655.64844
G1 X148.24 Y103.204 E1655.92084
G1 X148.24 Y115.088 E1656.51373
G1 X148.042 Y115.324 E1656.5291
G0 F9000 X148.64 Y114.924
G1 F1500 X153.3 Y114.924 E1656.76159
G1 X153.3 Y103.604 E1657.32635
G1 X148.64 Y103.604 E1657.55884
G1 X148.64 Y114.924 E1658.12359
G0 F9000 X149.833 Y114.844
;TYPE:FILL
G1 F3000 X153.22 Y111.457 E1658.36257
G0 F9000 X153.22 Y106.943
G1 F3000 X149.962 Y103.684 E1658.59247
G1 F2700 E1649.59247
G0 F9000 X148.082 Y112.132
G0 X148.078 Y115.529
G0 X133.522 Y115.528
G0 X132.88 Y102.441
G1 F2700 E1658.59247
G1 F3000 X128.38 Y106.941 E1658.90997
G0 F9000 X128.379 Y111.458
G1 F3000 X132.663 Y115.742 E1659.21223
G0 F9000 X132.575 Y115.652
G1 F2700 E1650.21223
;MESH:NONMESH
G0 F300 X132.575 Y115.652 Z8.25
G0 F9000 X127.724 Y96.188
G0 X126.635 Y96.188
G0 X120.74 Y93.301
G0 X117.84 Y92.436
;TIME_ELAPSED:2357.589183
;LAYER:27
;TYPE:WALL-OUTER
;MESH:wildrosebuilds_puzzlecube.stl(1)
G1 F2700 E1659.21223
G1 F1500 X124.1 Y92.436 E1659.52454
G1 X124.1 Y66.248 E1660.83107
G1 X117.726 Y72.618 E1661.28065
G1 F1239.7 X117.612 Y72.759 E1661.29159
G1 F1056.3 X103.862 Y72.761 E1662.2657
G1 F1237.1 X102.828 Y72.676 E1662.32846
G1 F1500 X97.5 Y72.676 E1662.59427
G1 X97.5 Y85.596 E1663.23885
G1 X103.76 Y85.596 E1663.55117
G1 X103.76 Y73.608 E1664.14925
G1 F1237.1 X103.911 Y73.327 E1664.16855
G1 F1056.3 X117.64 Y73.325 E1665.14117
G1 F1239.7 X117.84 Y73.561 E1665.15984
G1 F1500 X117.84 Y92.436 E1666.10152
G0 F9000 X118.24 Y92.036
;TYPE:WALL-INNER
G1 F1500 X123.7 Y92.036 E1666.37392
G1 X123.7 Y67.213 E1667.61234
G1 X117.917 Y72.993 E1668.02026
G1 X117.779 Y73.034 E1668.02744
G1 X118.021 Y73.143 E1668.04068
G1 X118.24 Y73.47 E1668.06032
G1 X118.24 Y92.036 E1668.98658
G0 F9000 X118.64 Y91.636
G1 F1500 X123.3 Y91.636 E1669.21907
G1 X123.3 Y68.178 E1670.38939
G1 X118.421 Y73.055 E1670.73356
G1 X118.596 Y73.314 E1670.74916
G1 X118.64 Y73.608 E1670.76399
G1 X118.64 Y91.636 E1671.66341
G1 F2700 E1662.66341
G0 F9000 X118.078 Y73.172
G0 X103.522 Y73.171
G0 X103.05 Y84.916
G0 X103.36 Y85.196
G1 F2700 E1671.66341
G1 F1500 X103.36 Y73.608 E1672.24153
G1 X103.806 Y73.076 E1672.27617
G1 X97.9 Y73.076 E1672.57082
G1 X97.9 Y85.196 E1673.17549
G1 X103.36 Y85.196 E1673.44789
G0 F9000 X102.96 Y84.796
G1 F1500 X102.96 Y73.608 E1674.00606
G1 X103.07 Y73.476 E1674.01463
G1 X98.3 Y73.476 E1674.25261
G1 X98.3 Y84.796 E1674.81737
G1 X102.96 Y84.796 E1675.04986
G0 F9000 X101.937 Y84.716
;TYPE:FILL
G1 F3000 X98.38 Y81.159 E1675.30082
G0 F9000 X98.38 Y77.242
G1 F3000 X102.065 Y73.556 E1675.56085
G0 F9000 X103.522 Y73.171
G0 X117.772 Y72.922
G0 X118.784 Y72.807
G1 F3000 X123.22 Y77.243 E1675.87384
G0 F9000 X123.22 Y81.157
G1 F3000 X118.72 Y85.658 E1676.19137
G0 F9000 X118.85 Y85.658
G1 F2700 E1667.19137
;MESH:wildrosebuilds_puzzlecube.stl
G0 F9000 X118.064 Y92.212
G0 X116.975 Y92.212
G0 X104.625 Y96.188
G0 X97.5 Y122.146
;TYPE:WALL-OUTER
G1 F2700 E1676.19137
G1 F1500 X103.87 Y115.782 E1676.6406
G1 F1239.7 X103.986 Y115.64 E1676.65167
G1 F1052.6 X117.738 Y115.638 E1677.62935
G1 F1234.6 X118.776 Y115.724 E1677.69248
G1 F1500 X124.1 Y115.724 E1677.9581
G1 X124.1 Y102.804 E1678.60268
G1 X117.84 Y102.804 E1678.91499
G1 X117.84 Y114.788 E1679.51287
G1 F1234.6 X117.689 Y115.07 E1679.53226
G1 F1052.6 X103.96 Y115.072 E1680.50831
G1 F1239.7 X103.76 Y114.835 E1680.52703
G1 F1500 X103.76 Y95.964 E1681.46851
G1 X97.5 Y95.964 E1681.78082
G1 X97.5 Y122.146 E1683.08704
G0 F9000 X97.748 Y121.554
G0 X98.172 Y120.549
G0 X97.9 Y121.181
;TYPE:WALL-INNER
G1 F1500 X103.683 Y115.403 E1683.49489
G1 F1492.5 X103.811 Y115.364 E1683.5016
G1 X103.576 Y115.25 E1683.5147
G1 F1500 X103.36 Y114.925 E1683.53416
G1 X103.36 Y96.364 E1684.46018
G1 X97.9 Y96.364 E1684.73258
G1 X97.9 Y121.181 E1685.9707
G0 F9000 X98.148 Y120.588
G0 X98.3 Y120.216
G1 F1500 X103.177 Y115.342 E1686.31469
G1 X103.003 Y115.081 E1686.33034
G1 X102.96 Y114.788 E1686.34512
G1 X102.96 Y96.764 E1687.24434
G1 X98.3 Y96.764 E1687.47683
G1 X98.3 Y120.216 E1688.64685
G0 F9000 X103.828 Y115.478
G0 X118.078 Y115.229
G0 X118.52 Y115.044
G0 X117.79 Y115.324
G1 F1500 X123.7 Y115.324 E1688.9417
G1 X123.7 Y103.204 E1689.54637
G1 X118.24 Y103.204 E1689.81877
G1 X118.24 Y114.788 E1690.3967
G1 X117.79 Y115.324 E1690.43162
G0 F9000 X118.526 Y114.924
G1 F1500 X123.3 Y114.924 E1690.66979
G1 X123.3 Y103.604 E1691.23455
G1 X118.64 Y103.604 E1691.46704
G1 X118.64 Y114.788 E1692.02501
G1 X118.526 Y114.924 E1692.03386
G0 F9000 X118.55 Y114.924
G0 X119.534 Y114.844
;TYPE:FILL
G1 F3000 X123.22 Y111.158 E1692.29393
G0 F9000 X123.22 Y107.243
G1 F3000 X119.662 Y103.684 E1692.545
G1 F2700 E1683.545
G0 F9000 X118.078 Y115.229
G0 X103.522 Y115.228
G0 X102.88 Y102.741
G1 F2700 E1692.545
G1 F3000 X98.38 Y107.241 E1692.8625
G0 F9000 X98.38 Y111.159
G1 F3000 X102.813 Y115.591 E1693.17524
G0 F9000 X102.725 Y115.503
G1 F2700 E1684.17524
;MESH:wildrosebuilds_puzzlecube.stl(2)
G0 F9000 X123.876 Y115.5
G0 X124.965 Y115.5
G0 X126.635 Y115.5
G0 X127.5 Y122.146
;TYPE:WALL-OUTER
G1 F2700 E1693.17524
G1 F1500 X133.87 Y115.782 E1693.62447
G1 F1239.7 X133.986 Y115.64 E1693.63553
G1 F1052.6 X147.738 Y115.638 E1694.61321
G1 F1234.6 X148.776 Y115.724 E1694.67635
G1 F1500 X154.1 Y115.724 E1694.94196
G1 X154.1 Y102.804 E1695.58655
G1 X147.84 Y102.804 E1695.89886
G1 X147.84 Y114.788 E1696.49674
G1 F1234.6 X147.689 Y115.07 E1696.51613
G1 F1052.6 X133.96 Y115.072 E1697.49218
G1 F1239.7 X133.76 Y114.835 E1697.5109
G1 F1500 X133.76 Y95.964 E1698.45237
G1 X127.5 Y95.964 E1698.76469
G1 X127.5 Y122.146 E1700.07091
G0 F9000 X127.748 Y121.554
G0 X128.172 Y120.549
G0 X127.9 Y121.181
;TYPE:WALL-INNER
G1 F1500 X133.683 Y115.403 E1700.47876
G1 F1492.5 X133.811 Y115.364 E1700.48547
G1 X133.576 Y115.25 E1700.49856
G1 F1500 X133.36 Y114.925 E1700.51803
G1 X133.36 Y96.364 E1701.44404
G1 X127.9 Y96.364 E1701.71644
G1 X127.9 Y121.181 E1702.95457
G0 F9000 X128.148 Y120.588
G0 X128.3 Y120.216
G1 F1500 X133.177 Y115.342 E1703.29856
G1 X133.003 Y115.081 E1703.31421
G1 X132.96 Y114.788 E1703.32899
G1 X132.96 Y96.764 E1704.22821
G1 X128.3 Y96.764 E1704.4607
G1 X128.3 Y120.216 E1705.63072
G0 F9000 X133.828 Y115.478
G0 X148.078 Y115.229
G0 X148.52 Y115.044
G0 X147.79 Y115.324
G1 F1500 X153.7 Y115.324 E1705.92557
G1 X153.7 Y103.204 E1706.53024
G1 X148.24 Y103.204 E1706.80264
G1 X148.24 Y114.788 E1707.38057
G1 X147.79 Y115.324 E1707.41549
G0 F9000 X148.526 Y114.924
G1 F1500 X153.3 Y114.924 E1707.65366
G1 X153.3 Y103.604 E1708.21842
G1 X148.64 Y103.604 E1708.45091
G1 X148.64 Y114.788 E1709.00888
G1 X148.526 Y114.924 E1709.01773
G0 F9000 X148.55 Y114.924
G0 X149.533 Y114.844
;TYPE:FILL
G1 F3000 X153.22 Y111.157 E1709.27787
G0 F9000 X153.22 Y107.243
G1 F3000 X149.662 Y103.684 E1709.52894
G1 F2700 E1700.52894
G0 F9000 X148.078 Y115.229
G0 X133.522 Y115.228
G0 X132.88 Y102.741
G1 F2700 E1709.52894
G1 F3000 X128.38 Y107.241 E1709.84644
G0 F9000 X128.379 Y111.159
G1 F3000 X132.813 Y115.592 E1710.15925
G0 F9000 X132.725 Y115.503
G1 F2700 E1701.15925
;MESH:NONMESH
G0 F300 X132.725 Y115.503 Z8.55
G0 F9000 X127.724 Y96.188
G0 X126.635 Y96.188
G0 X120.978 Y93.301
G0 X117.84 Y92.436
;TIME_ELAPSED:2411.586059
;LAYER:28
;TYPE:WALL-OUTER
;MESH:wildrosebuilds_puzzlecube.stl(1)
G1 F2700 E1710.15925
G1 F1500 X124.1 Y92.436 E1710.47156
G1 X124.1 Y66.248 E1711.77809
G1 X117.696 Y72.648 E1712.22978
G1 X117.6 Y72.676 E1712.23477
G1 X97.5 Y72.676 E1713.23756
G1 X97.5 Y85.596 E1713.88214
G1 X103.76 Y85.596 E1714.19446
G1 X103.76 Y73.908 E1714.77757
G1 X103.8 Y73.788 E1714.78388
G1 X103.925 Y73.711 E1714.79121
G1 X117.64 Y73.708 E1715.47545
G1 X117.77 Y73.755 E1715.48235
G1 X117.84 Y73.859 E1715.4886
G1 X117.84 Y92.436 E1716.41541
G0 F9000 X118.24 Y92.036
;TYPE:WALL-INNER
G1 F1500 X123.7 Y92.036 E1716.68782
G1 X123.7 Y67.213 E1717.92624
G1 F1456.3 X120.788 Y70.12 E1718.13768
G1 F1376.1 X117.876 Y73.028 E1718.36147
G1 F1109.1 X117.64 Y73.191 E1718.38083
G1 F1041.7 X117.992 Y73.395 E1718.41006
G1 F1310 X118.21 Y73.718 E1718.43232
G1 F1500 X118.24 Y73.888 E1718.44093
G1 X118.24 Y92.036 E1719.34634
G0 F9000 X118.64 Y91.636
G1 F1500 X123.3 Y91.636 E1719.57882
G1 X123.3 Y68.178 E1720.74915
G1 X118.305 Y73.17 E1721.10147
G1 X118.589 Y73.591 E1721.1268
G1 X118.64 Y73.876 E1721.14125
G1 X118.64 Y91.636 E1722.0273
G1 F2700 E1713.0273
G0 F9000 X118.078 Y73.472
G0 X103.522 Y73.471
G0 X103.05 Y84.916
G0 X103.36 Y85.196
G1 F2700 E1722.0273
G1 F1500 X103.36 Y73.908 E1722.59046
G1 X103.48 Y73.548 E1722.60939
G1 F1149.4 X103.836 Y73.197 E1722.64194
G1 X103.244 Y73.076 E1722.68128
G1 F1500 X97.9 Y73.076 E1722.94789
G1 X97.9 Y85.196 E1723.55256
G1 X103.36 Y85.196 E1723.82496
G0 F9000 X102.96 Y84.796
G1 F1500 X102.96 Y73.908 E1724.36817
G1 X103.104 Y73.476 E1724.39089
G1 X98.3 Y73.476 E1724.63056
G1 X98.3 Y84.796 E1725.19532
G1 X102.96 Y84.796 E1725.4278
G0 F9000 X103.08 Y73.356
G0 X103.836 Y73.197
G1 F939 X117.64 Y73.191 E1726.52798
G0 F9000 X118.2 Y73.062
G0 X118.634 Y72.956
;TYPE:FILL
G1 F3000 X123.22 Y77.543 E1726.85158
G0 F9000 X123.22 Y80.858
G1 F3000 X118.72 Y85.358 E1727.16908
G1 F2700 E1718.16908
G0 F9000 X118.078 Y73.472
G0 X103.522 Y73.471
G0 X102.236 Y84.716
G1 F2700 E1727.16908
G1 F3000 X98.38 Y80.859 E1727.44118
G0 F9000 X98.38 Y77.541
G1 F3000 X102.365 Y73.556 E1727.72234
G0 F9000 X102.365 Y73.686
G1 F2700 E1718.72234
;MESH:wildrosebuilds_puzzlecube.stl
G0 F9000 X97.748 Y85.366
G0 X97.748 Y86.461
G0 X97.748 Y95.099
G0 X97.5 Y122.146
;TYPE:WALL-OUTER
G1 F2700 E1727.72234
G1 F1500 X103.899 Y115.753 E1728.17361
G1 X103.987 Y115.725 E1728.17822
G1 X124.1 Y115.724 E1729.18166
G1 X124.1 Y102.804 E1729.82624
G1 X117.84 Y102.804 E1730.13855
G1 X117.84 Y114.488 E1730.72147
G1 X117.8 Y114.609 E1730.72783
G1 X117.675 Y114.685 E1730.73513
G1 X103.95 Y114.688 E1731.41987
G1 X103.829 Y114.64 E1731.42636
G1 X103.76 Y114.536 E1731.43259
G1 X103.76 Y95.964 E1732.35915
G1 X97.5 Y95.964 E1732.67147
G1 X97.5 Y122.146 E1733.97769
G0 F9000 X97.748 Y121.554
G0 X98.172 Y120.549
G0 X97.9 Y121.181
;TYPE:WALL-INNER
G1 F1456.3 X99.839 Y119.242 E1734.1186
G1 F1382.5 X101.777 Y117.302 E1734.26704
G1 F1310 X103.716 Y115.363 E1734.42368
G1 F1079.1 X103.925 Y115.208 E1734.44173
G1 F1030.9 X103.611 Y115.008 E1734.46875
G1 F1304.3 X103.39 Y114.677 E1734.49158
G1 F1500 X103.36 Y114.507 E1734.5002
G1 X103.36 Y96.364 E1735.40535
G1 X97.9 Y96.364 E1735.67776
G1 X97.9 Y121.181 E1736.91588
G0 F9000 X98.148 Y120.588
G0 X98.3 Y120.216
G1 F1500 X103.294 Y115.227 E1737.26806
G1 X103.01 Y114.803 E1737.29352
G1 X102.96 Y114.52 E1737.30786
G1 X102.96 Y96.764 E1738.19371
G1 X98.3 Y96.764 E1738.42619
G1 X98.3 Y120.216 E1739.59622
G0 F9000 X103.4 Y115.338
G0 X103.925 Y115.208
G1 F930.2 X117.764 Y115.201 E1740.70954
G1 F1145 X118.358 Y115.324 E1740.74918
G1 F1500 X123.7 Y115.324 E1741.0157
G1 X123.7 Y103.204 E1741.62037
G1 X118.24 Y103.204 E1741.89277
G1 X118.24 Y114.488 E1742.45573
G1 X118.12 Y114.849 E1742.47471
G1 F1145 X117.764 Y115.201 E1742.50743
G0 F9000 X118.495 Y114.924
G1 F1500 X123.3 Y114.924 E1742.74715
G1 X123.3 Y103.604 E1743.31191
G1 X118.64 Y103.604 E1743.5444
G1 X118.64 Y114.488 E1744.0874
G1 X118.495 Y114.924 E1744.11032
G0 F9000 X119.234 Y114.844
;TYPE:FILL
G1 F3000 X123.22 Y110.858 E1744.39156
G0 F9000 X123.22 Y107.542
G1 F3000 X119.362 Y103.684 E1744.66376
G1 F2700 E1735.66376
G0 F9000 X118.078 Y114.929
G0 X103.522 Y114.928
G0 X102.88 Y103.041
G1 F2700 E1744.66376
G1 F3000 X98.38 Y107.541 E1744.98126
G0 F9000 X98.38 Y110.859
G1 F3000 X102.964 Y115.443 E1745.30469
G0 F9000 X102.757 Y115.47
G1 F2700 E1736.30469
;MESH:wildrosebuilds_puzzlecube.stl(2)
G0 F9000 X123.876 Y115.5
G0 X124.965 Y115.5
G0 X126.635 Y115.5
G0 X127.5 Y122.146
;TYPE:WALL-OUTER
G1 F2700 E1745.30469
G1 F1500 X133.899 Y115.753 E1745.75596
G1 X133.987 Y115.725 E1745.76057
G1 X154.1 Y115.724 E1746.76401
G1 X154.1 Y102.804 E1747.40859
G1 X147.84 Y102.804 E1747.7209
G1 X147.84 Y114.488 E1748.30382
G1 X147.8 Y114.609 E1748.31018
G1 X147.675 Y114.685 E1748.31747
G1 X133.95 Y114.688 E1749.00222
G1 X133.829 Y114.64 E1749.00871
G1 X133.76 Y114.536 E1749.01494
G1 X133.76 Y95.964 E1749.9415
G1 X127.5 Y95.964 E1750.25381
G1 X127.5 Y122.146 E1751.56004
G0 F9000 X127.748 Y121.554
G0 X128.172 Y120.549
G0 X127.9 Y121.181
;TYPE:WALL-INNER
G1 F1456.3 X129.839 Y119.242 E1751.70095
G1 F1382.5 X131.777 Y117.302 E1751.84938
G1 F1310 X133.716 Y115.363 E1752.00603
G1 F1079.1 X133.925 Y115.208 E1752.02407
G1 F1030.9 X133.611 Y115.008 E1752.0511
G1 F1304.3 X133.39 Y114.677 E1752.07393
G1 F1500 X133.36 Y114.507 E1752.08254
G1 X133.36 Y96.364 E1752.9877
G1 X127.9 Y96.364 E1753.2601
G1 X127.9 Y121.181 E1754.49823
G0 F9000 X128.148 Y120.588
G0 X128.3 Y120.216
G1 F1500 X133.294 Y115.227 E1754.8504
G1 X133.01 Y114.803 E1754.87586
G1 X132.96 Y114.52 E1754.8902
G1 X132.96 Y96.764 E1755.77605
G1 X128.3 Y96.764 E1756.00854
G1 X128.3 Y120.216 E1757.17857
G0 F9000 X133.4 Y115.338
G0 X133.925 Y115.208
G1 F930.2 X147.764 Y115.201 E1758.29189
G1 F1145 X148.358 Y115.324 E1758.33153
G1 F1500 X153.7 Y115.324 E1758.59804
G1 X153.7 Y103.204 E1759.20271
G1 X148.24 Y103.204 E1759.47511
G1 X148.24 Y114.488 E1760.03807
G1 X148.12 Y114.849 E1760.05705
G1 F1145 X147.764 Y115.201 E1760.08977
G0 F9000 X148.495 Y114.924
G1 F1500 X153.3 Y114.924 E1760.3295
G1 X153.3 Y103.604 E1760.89425
G1 X148.64 Y103.604 E1761.12674
G1 X148.64 Y114.488 E1761.66975
G1 X148.495 Y114.924 E1761.69267
G0 F9000 X149.233 Y114.844
;TYPE:FILL
G1 F3000 X153.22 Y110.857 E1761.97397
G0 F9000 X153.22 Y107.542
G1 F3000 X149.362 Y103.684 E1762.24618
G1 F2700 E1753.24618
G0 F9000 X148.078 Y114.929
G0 X133.522 Y114.928
G0 X132.88 Y103.041
G1 F2700 E1762.24618
G1 F3000 X128.38 Y107.54 E1762.56364
G0 F9000 X128.379 Y110.859
G1 F3000 X132.964 Y115.443 E1762.8871
G0 F9000 X132.757 Y115.47
G1 F2700 E1753.8871
;MESH:NONMESH
G0 F300 X132.757 Y115.47 Z8.85
G0 F9000 X127.724 Y96.188
G0 X127.724 Y95.099
G0 X124.965 Y92.212
G0 X117.84 Y92.436
;TIME_ELAPSED:2467.268261
;LAYER:29
;TYPE:WALL-OUTER
;MESH:wildrosebuilds_puzzlecube.stl(1)
G1 F2700 E1762.8871
G1 F1500 X124.1 Y92.436 E1763.19942
G1 X124.1 Y66.248 E1764.50594
G1 X117.696 Y72.648 E1764.95764
G1 X117.597 Y72.676 E1764.96277
G1 X97.5 Y72.676 E1765.96541
G1 X97.5 Y85.596 E1766.60999
G1 X103.76 Y85.596 E1766.92231
G1 X103.76 Y74.208 E1767.49046
G1 X103.8 Y74.087 E1767.49681
G1 X103.925 Y74.01 E1767.50414
G1 X117.64 Y74.008 E1768.18838
G1 X117.772 Y74.057 E1768.19541
G1 X117.839 Y74.15 E1768.20113
G1 X117.84 Y92.436 E1769.11342
G0 F9000 X118.24 Y92.036
;TYPE:WALL-INNER
G1 F1500 X123.7 Y92.036 E1769.38582
G1 X123.7 Y67.213 E1770.62424
G1 F1470.6 X120.816 Y70.096 E1770.83176
G1 F1411.8 X117.931 Y72.978 E1771.04792
G1 F1333.3 X117.625 Y73.108 E1771.06658
G1 F1276.6 X103.81 Y73.112 E1771.87643
G1 F1376.1 X103.094 Y73.076 E1771.91541
G1 F1500 X97.9 Y73.076 E1772.17454
G1 X97.9 Y85.196 E1772.77921
G1 X103.36 Y85.196 E1773.05161
G1 X103.36 Y74.208 E1773.59981
G1 X103.48 Y73.847 E1773.61879
G1 F1376.1 X103.85 Y73.581 E1773.64357
G1 F1276.6 X117.64 Y73.575 E1774.45195
G1 F1382.5 X117.885 Y73.659 E1774.46597
G1 F1500 X118.036 Y73.757 E1774.47495
G1 X118.196 Y73.98 E1774.48865
G1 X118.237 Y74.139 E1774.49684
G1 X118.24 Y92.036 E1775.38972
G0 F9000 X118.64 Y91.636
G1 F1500 X123.3 Y91.636 E1775.62221
G1 X123.3 Y68.178 E1776.79253
G1 X118.291 Y73.184 E1777.14584
G1 X118.097 Y73.326 E1777.15784
G1 X118.3 Y73.456 E1777.16986
G1 X118.566 Y73.829 E1777.19272
G1 X118.634 Y74.093 E1777.20632
G1 X118.64 Y91.636 E1778.08154
G1 F2700 E1769.08154
G0 F9000 X118.478 Y73.372
G0 X103.122 Y73.371
G0 X102.96 Y84.796
G1 F2700 E1778.08154
G1 F1500 X102.96 Y74.208 E1778.60978
G1 X103.16 Y73.607 E1778.64138
G1 X103.376 Y73.475 E1778.65401
G1 X98.3 Y73.476 E1778.90725
G1 X98.3 Y84.796 E1779.47201
G1 X102.96 Y84.796 E1779.7045
G0 F9000 X102.536 Y84.716
;TYPE:FILL
G1 F3000 X98.38 Y80.559 E1779.99776
G0 F9000 X98.38 Y77.841
G1 F3000 X102.665 Y73.556 E1780.30009
G0 F9000 X103.122 Y73.371
G0 X117.937 Y73.322
G0 X118.484 Y73.106
G1 F3000 X123.22 Y77.843 E1780.63428
G0 F9000 X123.22 Y80.558
G1 F3000 X118.72 Y85.058 E1780.95178
G0 F9000 X118.85 Y85.058
G1 F2700 E1771.95178
;MESH:wildrosebuilds_puzzlecube.stl
G0 F9000 X118.064 Y92.212
G0 X116.975 Y92.212
G0 X104.625 Y96.188
G0 X97.5 Y122.146
;TYPE:WALL-OUTER
G1 F2700 E1780.95178
G1 F1500 X103.9 Y115.752 E1781.40312
G1 X103.989 Y115.725 E1781.40776
G1 X124.1 Y115.724 E1782.4111
G1 X124.1 Y102.804 E1783.05568
G1 X117.84 Y102.804 E1783.368
G1 X117.84 Y114.188 E1783.93595
G1 X117.8 Y114.308 E1783.94226
G1 X117.675 Y114.386 E1783.94961
G1 X103.948 Y114.388 E1784.63445
G1 X103.827 Y114.338 E1784.64098
G1 X103.761 Y114.211 E1784.64812
G1 X103.76 Y95.964 E1785.55847
G1 X97.5 Y95.964 E1785.87078
G1 X97.5 Y122.146 E1787.17701
G0 F9000 X97.748 Y121.554
G0 X98.172 Y120.549
G0 X97.9 Y121.181
;TYPE:WALL-INNER
G1 F1492.5 X103.671 Y115.416 E1787.58601
G1 F1369.9 X103.939 Y115.292 E1787.60214
G1 F1265.8 X117.791 Y115.287 E1788.42107
G1 F1369.9 X118.508 Y115.324 E1788.46029
G1 F1500 X123.7 Y115.324 E1788.71932
G1 X123.7 Y103.204 E1789.32399
G1 X118.24 Y103.204 E1789.59639
G1 X118.24 Y114.188 E1790.14438
G1 X118.12 Y114.548 E1790.16331
G1 F1369.9 X117.75 Y114.816 E1790.18827
G1 F1265.8 X103.924 Y114.823 E1791.00566
G1 F1376.1 X103.562 Y114.637 E1791.0278
G1 F1500 X103.404 Y114.415 E1791.04139
G1 X103.363 Y114.257 E1791.04953
G1 X103.36 Y96.364 E1791.94222
G1 X97.9 Y96.364 E1792.21462
G1 X97.9 Y121.181 E1793.45275
G0 F9000 X98.148 Y120.588
G0 X98.3 Y120.216
G1 F1500 X103.305 Y115.216 E1793.8057
G1 X103.505 Y115.07 E1793.81805
G1 X103.296 Y114.936 E1793.83044
G1 X103.033 Y114.566 E1793.85309
G1 X102.966 Y114.303 E1793.86663
G1 X102.96 Y96.764 E1794.74165
G1 X98.3 Y96.764 E1794.97414
G1 X98.3 Y120.216 E1796.14416
G0 F9000 X103.663 Y115.078
G0 X118.217 Y115.1
G0 X118.218 Y114.924
G1 F1500 X123.3 Y114.924 E1796.39771
G1 X123.3 Y103.604 E1796.96246
G1 X118.64 Y103.604 E1797.19495
G1 X118.64 Y114.188 E1797.72299
G1 X118.44 Y114.788 E1797.75454
G1 X118.218 Y114.924 E1797.76753
G0 F9000 X118.934 Y114.844
;TYPE:FILL
G1 F3000 X123.22 Y110.558 E1798.06993
G0 F9000 X123.22 Y107.842
G1 F3000 X119.062 Y103.684 E1798.3633
G1 F2700 E1789.3633
G0 F9000 X118.478 Y115.029
G0 X103.122 Y115.028
G0 X102.88 Y103.341
G1 F2700 E1798.3633
G1 F3000 X98.38 Y107.841 E1798.6808
G0 F9000 X98.38 Y110.559
G1 F3000 X103.114 Y115.293 E1799.01481
G0 F9000 X102.868 Y115.282
G1 F2700 E1790.01481
;MESH:wildrosebuilds_puzzlecube.stl(2)
G0 F9000 X123.876 Y115.5
G0 X124.965 Y115.5
G0 X126.635 Y115.5
G0 X127.5 Y122.146
;TYPE:WALL-OUTER
G1 F2700 E1799.01481
G1 F1500 X133.9 Y115.752 E1799.46615
G1 X133.989 Y115.725 E1799.47079
G1 X154.1 Y115.724 E1800.47413
G1 X154.1 Y102.804 E1801.11872
G1 X147.84 Y102.804 E1801.43103
G1 X147.84 Y114.188 E1801.99898
G1 X147.8 Y114.308 E1802.00529
G1 X147.675 Y114.386 E1802.01264
G1 X133.948 Y114.388 E1802.69748
G1 X133.827 Y114.338 E1802.70401
G1 X133.761 Y114.211 E1802.71116
G1 X133.76 Y95.964 E1803.6215
G1 X127.5 Y95.964 E1803.93381
G1 X127.5 Y122.146 E1805.24004
G0 F9000 X127.748 Y121.554
G0 X128.172 Y120.549
G0 X127.9 Y121.181
;TYPE:WALL-INNER
G1 F1492.5 X133.671 Y115.416 E1805.64904
G1 F1369.9 X133.939 Y115.292 E1805.66517
G1 F1265.8 X147.791 Y115.287 E1806.4841
G1 F1369.9 X148.508 Y115.324 E1806.52332
G1 F1500 X153.7 Y115.324 E1806.78235
G1 X153.7 Y103.204 E1807.38702
G1 X148.24 Y103.204 E1807.65942
G1 X148.24 Y114.188 E1808.20741
G1 X148.12 Y114.548 E1808.22635
G1 F1369.9 X147.75 Y114.816 E1808.2513
G1 F1265.8 X133.924 Y114.823 E1809.0687
G1 F1376.1 X133.562 Y114.637 E1809.09083
G1 F1500 X133.404 Y114.415 E1809.10442
G1 X133.363 Y114.257 E1809.11257
G1 X133.36 Y96.364 E1810.00525
G1 X127.9 Y96.364 E1810.27765
G1 X127.9 Y121.181 E1811.51578
G0 F9000 X128.148 Y120.588
G0 X128.3 Y120.216
G1 F1500 X133.305 Y115.216 E1811.86873
G1 X133.505 Y115.07 E1811.88109
G1 X133.296 Y114.936 E1811.89347
G1 X133.033 Y114.566 E1811.91612
G1 X132.966 Y114.303 E1811.92966
G1 X132.96 Y96.764 E1812.80468
G1 X128.3 Y96.764 E1813.03717
G1 X128.3 Y120.216 E1814.2072
G0 F9000 X133.663 Y115.078
G0 X148.217 Y115.1
G0 X148.218 Y114.924
G1 F1500 X153.3 Y114.924 E1814.46074
G1 X153.3 Y103.604 E1815.0255
G1 X148.64 Y103.604 E1815.25798
G1 X148.64 Y114.188 E1815.78602
G1 X148.44 Y114.788 E1815.81758
G1 X148.218 Y114.924 E1815.83056
G0 F9000 X148.934 Y114.844
;TYPE:FILL
G1 F3000 X153.22 Y110.558 E1816.13296
G0 F9000 X153.22 Y107.842
G1 F3000 X149.062 Y103.684 E1816.42633
G1 F2700 E1807.42633
G0 F9000 X148.478 Y115.029
G0 X133.122 Y115.028
G0 X132.88 Y103.341
G1 F2700 E1816.42633
G1 F3000 X128.38 Y107.84 E1816.7438
G0 F9000 X128.379 Y110.559
G1 F3000 X133.114 Y115.293 E1817.07784
G0 F9000 X132.868 Y115.282
G1 F2700 E1808.07784
;MESH:NONMESH
G0 F300 X132.868 Y115.282 Z9.15
G0 F9000 X127.724 Y96.188
G0 X127.724 Y95.099
G0 X124.965 Y92.212
G0 X117.84 Y92.436
;TIME_ELAPSED:2523.074149
;LAYER:30
;TYPE:WALL-OUTER
;MESH:wildrosebuilds_puzzlecube.stl(1)
G1 F2700 E1817.07784
G1 F1500 X118.308 Y92.436 E1817.10119
G1 X118.342 Y92.363 E1817.10521
G1 X118.472 Y92.316 E1817.11211
G1 X123.616 Y92.316 E1817.36874
G1 X123.759 Y92.376 E1817.37648
G1 X123.784 Y92.436 E1817.37972
G1 X124.1 Y92.436 E1817.39549
G1 X124.1 Y66.248 E1818.70201
G1 X117.695 Y72.649 E1819.15378
G1 X117.596 Y72.676 E1819.1589
G1 X97.5 Y72.676 E1820.16149
G1 X97.5 Y85.596 E1820.80607
G1 X103.76 Y85.596 E1821.11838
G1 X103.76 Y74.449 E1821.67451
G1 X103.84 Y74.347 E1821.68098
G1 X103.925 Y74.31 E1821.6856
G1 X117.64 Y74.308 E1822.36985
G1 X117.774 Y74.359 E1822.377
G1 X117.837 Y74.47 E1822.38337
G1 X117.84 Y92.436 E1823.27969
G0 F9000 X118.24 Y92.001
;TYPE:WALL-INNER
G1 F1500 X118.472 Y91.916 E1823.29202
G1 X123.616 Y91.916 E1823.54866
G1 X123.7 Y91.951 E1823.5532
G1 X123.7 Y67.213 E1824.78738
G1 X118.009 Y72.901 E1825.18881
G1 X117.862 Y73.008 E1825.19788
G1 X117.618 Y73.075 E1825.2105
G1 X97.9 Y73.076 E1826.19423
G1 X97.9 Y85.196 E1826.7989
G1 X103.36 Y85.196 E1827.0713
G1 X103.36 Y74.508 E1827.60453
G1 X103.406 Y74.276 E1827.61633
G1 X103.6 Y74.027 E1827.63208
G1 X103.874 Y73.908 E1827.64698
G1 X117.64 Y73.908 E1828.33377
G1 X117.888 Y73.961 E1828.34642
G1 X118.041 Y74.061 E1828.35554
G1 X118.182 Y74.249 E1828.36727
G1 X118.24 Y74.424 E1828.37646
G1 X118.24 Y92.001 E1829.25338
G0 F9000 X118.64 Y91.516
G1 F1500 X123.3 Y91.516 E1829.48587
G1 X123.3 Y68.178 E1830.65021
G1 X118.291 Y73.184 E1831.00352
G1 X118.047 Y73.362 E1831.01858
G1 F1438.8 X117.64 Y73.491 E1831.04079
G1 X118.053 Y73.597 E1831.06297
G1 F1500 X118.307 Y73.763 E1831.07811
G1 X118.543 Y74.077 E1831.0977
G1 X118.64 Y74.37 E1831.1131
G1 X118.64 Y91.516 E1831.96852
G1 F2700 E1822.96852
G0 F9000 X118.478 Y73.672
G0 X103.122 Y73.671
G0 X102.96 Y84.796
G1 F2700 E1831.96852
G1 F1500 X102.96 Y74.508 E1832.48179
G1 X103.037 Y74.122 E1832.50143
G1 X103.36 Y73.707 E1832.52766
G1 F1415.1 X103.784 Y73.499 E1832.55264
G1 X103.283 Y73.476 E1832.57916
G1 F1500 X98.3 Y73.476 E1832.82776
G1 X98.3 Y84.796 E1833.39252
G1 X102.96 Y84.796 E1833.62501
G0 F9000 X103.122 Y73.671
G0 X103.784 Y73.499
G1 F1363.6 X103.96 Y73.492 E1833.63467
G1 F1385.7 X117.64 Y73.491 E1834.37348
G0 F9000 X118.33 Y73.253
;TYPE:FILL
G1 F3000 X123.22 Y78.144 E1834.71853
G0 F9000 X123.22 Y80.257
G1 F3000 X118.72 Y84.757 E1835.03603
G1 F2700 E1826.03603
G0 F9000 X118.478 Y73.672
G0 X103.122 Y73.671
G0 X102.837 Y84.716
G1 F2700 E1835.03603
G1 F3000 X98.38 Y80.258 E1835.35053
G0 F9000 X98.38 Y78.142
G1 F3000 X102.966 Y73.556 E1835.6741
G0 F9000 X102.868 Y73.686
G1 F2700 E1826.6741
;MESH:wildrosebuilds_puzzlecube.stl
G0 F9000 X97.748 Y85.366
G0 X97.748 Y86.461
G0 X97.748 Y95.099
G0 X97.499 Y122.146
;TYPE:WALL-OUTER
G1 F2700 E1835.6741
G1 F1500 X103.9 Y115.752 E1836.12547
G1 X103.989 Y115.725 E1836.13012
G1 X124.1 Y115.724 E1837.13346
G1 X124.1 Y102.804 E1837.77804
G1 X117.84 Y102.804 E1838.09035
G1 X117.84 Y113.947 E1838.64628
G1 X117.76 Y114.049 E1838.65274
G1 X117.675 Y114.086 E1838.65737
G1 X103.947 Y114.088 E1839.34226
G1 X103.826 Y114.037 E1839.34881
G1 X103.762 Y113.923 E1839.35534
G1 X103.76 Y95.964 E1840.25131
G1 X103.287 Y95.964 E1840.27491
G1 X103.254 Y96.037 E1840.27891
G1 X103.124 Y96.084 E1840.28581
G1 X97.98 Y96.084 E1840.54244
G1 X97.836 Y96.024 E1840.55022
G1 X97.812 Y95.964 E1840.55345
G1 X97.5 Y95.964 E1840.56901
G1 X97.499 Y122.146 E1841.87524
G0 F9000 X97.748 Y121.554
G0 X98.172 Y120.549
G0 X97.899 Y121.182
;TYPE:WALL-INNER
G1 F1500 X103.588 Y115.499 E1842.27642
G1 X103.735 Y115.391 E1842.28552
G1 X103.945 Y115.327 E1842.29647
G1 X123.7 Y115.324 E1843.28205
G1 X123.7 Y103.204 E1843.88672
G1 X118.24 Y103.204 E1844.15912
G1 X118.24 Y113.888 E1844.69215
G1 X118.194 Y114.12 E1844.70395
G1 X118 Y114.369 E1844.7197
G1 X117.726 Y114.488 E1844.7346
G1 X103.923 Y114.487 E1845.42323
G1 X103.71 Y114.435 E1845.43417
G1 X103.558 Y114.334 E1845.44328
G1 X103.418 Y114.146 E1845.45497
G1 X103.36 Y113.967 E1845.46436
G1 X103.36 Y96.398 E1846.34088
G1 X103.124 Y96.484 E1846.35341
G1 X97.98 Y96.484 E1846.61005
G1 X97.9 Y96.451 E1846.61436
G1 X97.899 Y121.182 E1847.8482
G0 F9000 X98.148 Y120.588
G0 X98.299 Y120.217
G1 F1500 X103.305 Y115.216 E1848.20122
G1 X103.55 Y115.036 E1848.21639
G1 F1421.8 X103.898 Y114.908 E1848.23591
G1 X103.544 Y114.799 E1848.2554
G1 F1500 X103.29 Y114.631 E1848.2706
G1 X103.056 Y114.317 E1848.29013
G1 X102.96 Y114.017 E1848.30585
G1 X102.96 Y96.884 E1849.16062
G1 X98.3 Y96.884 E1849.3931
G1 X98.299 Y120.217 E1850.55719
G0 F9000 X102.644 Y116.055
G0 X103.898 Y114.908
G1 F1363.6 X117.64 Y114.906 E1851.31134
G1 F1351.4 X117.817 Y114.899 E1851.32115
G1 F1408.5 X118.318 Y114.925 E1851.34781
G1 F1500 X123.3 Y114.924 E1851.59636
G1 X123.3 Y103.604 E1852.16112
G1 X118.64 Y103.604 E1852.39361
G1 X118.64 Y113.888 E1852.90668
G1 X118.564 Y114.274 E1852.9263
G1 X118.239 Y114.689 E1852.9526
G1 F1408.5 X117.817 Y114.899 E1852.97765
G0 F9000 X118.632 Y114.845
;TYPE:FILL
G1 F3000 X123.22 Y110.257 E1853.30136
G0 F9000 X123.22 Y108.143
G1 F3000 X118.761 Y103.684 E1853.61596
G1 F2700 E1844.61596
G0 F9000 X118.478 Y114.729
G0 X103.122 Y114.728
G0 X102.88 Y103.642
G1 F2700 E1853.61596
G1 F3000 X98.38 Y108.142 E1853.93346
G0 F9000 X98.379 Y110.257
G1 F3000 X103.268 Y115.146 E1854.27841
G0 F9000 X103.175 Y115.1
G1 F2700 E1845.27841
;MESH:wildrosebuilds_puzzlecube.stl(2)
G0 F9000 X123.876 Y115.5
G0 X124.965 Y115.5
G0 X126.635 Y115.5
G0 X127.499 Y122.146
;TYPE:WALL-OUTER
G1 F2700 E1854.27841
G1 F1500 X133.9 Y115.752 E1854.72978
G1 X133.989 Y115.725 E1854.73442
G1 X154.1 Y115.724 E1855.73777
G1 X154.1 Y102.804 E1856.38235
G1 X147.84 Y102.804 E1856.69466
G1 X147.84 Y113.947 E1857.25059
G1 X147.76 Y114.049 E1857.25705
G1 X147.675 Y114.086 E1857.26168
G1 X133.947 Y114.088 E1857.94657
G1 X133.826 Y114.037 E1857.95312
G1 X133.762 Y113.923 E1857.95965
G1 X133.76 Y95.964 E1858.85562
G1 X133.287 Y95.964 E1858.87922
G1 X133.254 Y96.037 E1858.88322
G1 X133.124 Y96.084 E1858.89012
G1 X127.98 Y96.084 E1859.14675
G1 X127.836 Y96.024 E1859.15453
G1 X127.812 Y95.964 E1859.15776
G1 X127.5 Y95.964 E1859.17332
G1 X127.499 Y122.146 E1860.47955
G0 F9000 X127.748 Y121.554
G0 X128.172 Y120.549
G0 X127.899 Y121.182
;TYPE:WALL-INNER
G1 F1500 X133.588 Y115.499 E1860.88073
G1 X133.735 Y115.391 E1860.88983
G1 X133.945 Y115.327 E1860.90078
G1 X153.7 Y115.324 E1861.88636
G1 X153.7 Y103.204 E1862.49103
G1 X148.24 Y103.204 E1862.76343
G1 X148.24 Y113.888 E1863.29646
G1 X148.194 Y114.12 E1863.30826
G1 X148 Y114.369 E1863.32401
G1 X147.726 Y114.488 E1863.33891
G1 X133.923 Y114.487 E1864.02754
G1 X133.71 Y114.435 E1864.03848
G1 X133.558 Y114.334 E1864.04759
G1 X133.418 Y114.146 E1864.05928
G1 X133.36 Y113.967 E1864.06867
G1 X133.36 Y96.398 E1864.94519
G1 X133.124 Y96.484 E1864.95772
G1 X127.98 Y96.484 E1865.21436
G1 X127.9 Y96.451 E1865.21867
G1 X127.899 Y121.182 E1866.45251
G0 F9000 X128.148 Y120.588
G0 X128.299 Y120.217
G1 F1500 X133.305 Y115.216 E1866.80553
G1 X133.55 Y115.036 E1866.8207
G1 F1421.8 X133.898 Y114.908 E1866.84022
G1 X133.544 Y114.799 E1866.85971
G1 F1500 X133.29 Y114.631 E1866.8749
G1 X133.056 Y114.317 E1866.89444
G1 X132.96 Y114.017 E1866.91016
G1 X132.96 Y96.884 E1867.76493
G1 X128.3 Y96.884 E1867.99741
G1 X128.299 Y120.217 E1869.1615
G0 F9000 X132.644 Y116.055
G0 X133.898 Y114.908
G1 F1363.6 X147.64 Y114.906 E1869.91565
G1 F1351.4 X147.817 Y114.899 E1869.92546
G1 F1408.5 X148.318 Y114.925 E1869.95212
G1 F1500 X153.3 Y114.924 E1870.20067
G1 X153.3 Y103.604 E1870.76543
G1 X148.64 Y103.604 E1870.99792
G1 X148.64 Y113.888 E1871.51099
G1 X148.564 Y114.274 E1871.53061
G1 X148.239 Y114.689 E1871.55691
G1 F1408.5 X147.817 Y114.899 E1871.58196
G0 F9000 X148.632 Y114.845
;TYPE:FILL
G1 F3000 X153.22 Y110.256 E1871.9057
G0 F9000 X153.22 Y108.143
G1 F3000 X148.761 Y103.684 E1872.22031
G1 F2700 E1863.22031
G0 F9000 X148.478 Y114.729
G0 X133.122 Y114.728
G0 X132.88 Y103.642
G1 F2700 E1872.22031
G1 F3000 X128.379 Y108.142 E1872.53784
G0 F9000 X128.379 Y110.257
G1 F3000 X133.268 Y115.147 E1872.88282
G0 F9000 X133.175 Y115.1
G1 F2700 E1863.88282
;MESH:NONMESH
G0 F300 X133.175 Y115.1 Z9.45
G0 F9000 X127.724 Y96.308
G0 X126.635 Y96.308
G0 X124.965 Y92.092
G0 X117.84 Y92.436
;TIME_ELAPSED:2580.765770
;LAYER:31
;TYPE:WALL-OUTER
;MESH:wildrosebuilds_puzzlecube.stl(1)
G1 F2700 E1872.88282
G1 F1500 X118.785 Y92.436 E1872.92997
G1 X118.853 Y92.316 E1872.93685
G1 X119.93 Y92.317 E1872.99058
G1 X120.05 Y92.436 E1872.99901
G1 X120.254 Y92.436 E1873.00919
G1 X120.374 Y92.317 E1873.01762
G1 X121.394 Y92.316 E1873.06851
G1 X121.479 Y92.436 E1873.07585
G1 X124.1 Y92.436 E1873.20661
G1 X124.1 Y66.248 E1874.51313
G1 X117.695 Y72.649 E1874.9649
G1 X117.594 Y72.676 E1874.97012
G1 X97.5 Y72.676 E1875.97261
G1 X97.5 Y85.596 E1876.61719
G1 X103.76 Y85.596 E1876.9295
G1 X103.76 Y74.749 E1877.47066
G1 X103.84 Y74.647 E1877.47713
G1 X103.925 Y74.61 E1877.48175
G1 X117.64 Y74.608 E1878.166
G1 X117.775 Y74.659 E1878.1732
G1 X117.834 Y74.756 E1878.17886
G1 X117.84 Y92.436 E1879.06092
G0 F9000 X118.24 Y92.036
;TYPE:WALL-INNER
G1 F1500 X118.613 Y92.036 E1879.07953
G1 X118.634 Y91.999 E1879.08165
G1 X118.94 Y91.916 E1879.09747
G1 X119.964 Y91.921 E1879.14856
G1 X120.152 Y91.999 E1879.15871
G1 X120.359 Y91.919 E1879.16979
G1 X121.336 Y91.916 E1879.21853
G1 X121.53 Y91.948 E1879.22834
G1 X121.593 Y92.036 E1879.23374
G1 X123.7 Y92.036 E1879.33886
G1 X123.7 Y67.213 E1880.57728
G1 X118.009 Y72.901 E1880.97871
G1 X117.861 Y73.009 E1880.98785
G1 X117.613 Y73.075 E1881.00065
G1 X97.9 Y73.076 E1881.98413
G1 X97.9 Y85.196 E1882.5888
G1 X103.36 Y85.196 E1882.8612
G1 X103.36 Y74.808 E1883.37946
G1 X103.406 Y74.576 E1883.39126
G1 X103.6 Y74.327 E1883.40701
G1 X103.874 Y74.208 E1883.42192
G1 X117.64 Y74.208 E1884.1087
G1 X117.891 Y74.262 E1884.12151
G1 X118.044 Y74.363 E1884.13066
G1 X118.169 Y74.523 E1884.14079
G1 X118.24 Y74.808 E1884.15544
G1 X118.24 Y92.036 E1885.01495
G0 F9000 X118.64 Y91.598
G1 F1500 X118.94 Y91.516 E1885.03047
G1 X119.989 Y91.521 E1885.0828
G1 X120.152 Y91.555 E1885.09111
G1 X120.315 Y91.521 E1885.09942
G1 X121.336 Y91.516 E1885.15036
G1 X121.659 Y91.569 E1885.16669
G1 X121.707 Y91.636 E1885.1708
G1 X123.3 Y91.636 E1885.25027
G1 X123.3 Y68.178 E1886.4206
G1 X118.292 Y73.184 E1886.77387
G1 X118.045 Y73.363 E1886.78909
G1 F1562.5 X117.632 Y73.458 E1886.80938
G1 F1639.3 X103.96 Y73.459 E1887.4335
G1 F1566.6 X103.183 Y73.476 E1887.47063
G1 F1500 X98.3 Y73.476 E1887.71424
G1 X98.3 Y84.796 E1888.279
G1 X102.96 Y84.796 E1888.51149
G1 X102.96 Y74.808 E1889.00979
G1 X103.037 Y74.422 E1889.02943
G1 X103.36 Y74.007 E1889.05567
G1 F1554.4 X103.815 Y73.825 E1889.07926
G1 F1626 X117.64 Y73.825 E1889.71554
G1 F1562.5 X118.058 Y73.899 E1889.73587
G1 F1500 X118.313 Y74.067 E1889.7511
G1 X118.521 Y74.334 E1889.76799
G1 X118.607 Y74.55 E1889.77959
G1 X118.64 Y74.808 E1889.79256
G1 X118.64 Y91.598 E1890.63022
G0 F9000 X118.72 Y84.457
;TYPE:FILL
G1 F3000 X123.22 Y79.957 E1890.94772
G0 F9000 X123.22 Y78.444
G1 F3000 X118.155 Y73.379 E1891.30508
G0 F9000 X103.27 Y73.552
G1 F3000 X98.38 Y78.442 E1891.6501
G0 F9000 X98.38 Y79.958
G1 F3000 X102.881 Y84.459 E1891.96767
G0 F9000 X102.75 Y84.459
G1 F2700 E1882.96767
;MESH:wildrosebuilds_puzzlecube.stl
G0 F9000 X97.748 Y85.366
G0 X97.748 Y86.461
G0 X97.748 Y95.099
G0 X97.5 Y122.146
;TYPE:WALL-OUTER
G1 F2700 E1891.96767
G1 F1500 X103.9 Y115.752 E1892.41901
G1 X103.99 Y115.725 E1892.4237
G1 X124.1 Y115.724 E1893.42699
G1 X124.1 Y102.804 E1894.07157
G1 X117.84 Y102.804 E1894.38389
G1 X117.84 Y113.647 E1894.92484
G1 X117.76 Y113.749 E1894.93131
G1 X117.675 Y113.785 E1894.93592
G1 X103.895 Y113.788 E1895.6234
G1 X103.762 Y113.663 E1895.63251
G1 X103.76 Y95.964 E1896.51552
G1 X102.813 Y95.964 E1896.56276
G1 X102.742 Y96.084 E1896.56972
G1 X101.666 Y96.083 E1896.6234
G1 X101.546 Y95.964 E1896.63183
G1 X101.346 Y95.964 E1896.64181
G1 X101.325 Y96.019 E1896.64475
G1 X101.204 Y96.083 E1896.65158
G1 X100.206 Y96.084 E1896.70137
G1 X100.121 Y95.964 E1896.7087
G1 X97.5 Y95.964 E1896.83947
G1 X97.5 Y122.146 E1898.14569
G0 F9000 X97.748 Y121.554
G0 X98.172 Y120.549
G0 X97.9 Y121.181
;TYPE:WALL-INNER
G1 F1500 X103.587 Y115.499 E1898.54676
G1 X103.736 Y115.39 E1898.55597
G1 X103.947 Y115.327 E1898.56696
G1 X123.7 Y115.324 E1899.55244
G1 X123.7 Y103.204 E1900.15711
G1 X118.24 Y103.204 E1900.42951
G1 X118.24 Y113.588 E1900.94757
G1 X118.194 Y113.82 E1900.95937
G1 X118 Y114.069 E1900.97512
G1 X117.723 Y114.188 E1900.99016
G1 X103.921 Y114.187 E1901.67874
G1 X103.708 Y114.134 E1901.68969
G1 X103.555 Y114.031 E1901.6989
G1 X103.431 Y113.872 E1901.70896
G1 X103.36 Y113.669 E1901.71969
G1 X103.36 Y96.364 E1902.58304
G1 X102.983 Y96.364 E1902.60184
G1 X102.961 Y96.401 E1902.60399
G1 X102.656 Y96.484 E1902.61976
G1 X101.633 Y96.479 E1902.6708
G1 X101.446 Y96.401 E1902.68091
G1 X101.241 Y96.481 E1902.69189
G1 X100.264 Y96.484 E1902.74063
G1 X100.07 Y96.452 E1902.75044
G1 X100.007 Y96.364 E1902.75584
G1 X97.9 Y96.364 E1902.86096
G1 X97.9 Y121.181 E1904.09908
G0 F9000 X98.148 Y120.588
G0 X98.3 Y120.216
G1 F1500 X103.305 Y115.216 E1904.45204
G1 X103.552 Y115.035 E1904.46731
G1 F1554.4 X103.905 Y114.943 E1904.48488
G1 F1621.6 X117.64 Y114.94 E1905.11872
G1 F1562.5 X118.418 Y114.924 E1905.15599
G1 F1500 X123.3 Y114.924 E1905.39956
G1 X123.3 Y103.604 E1905.96432
G1 X118.64 Y103.604 E1906.1968
G1 X118.64 Y113.588 E1906.69491
G1 X118.563 Y113.974 E1906.71455
G1 X118.24 Y114.389 E1906.74078
G1 F1546.4 X117.786 Y114.572 E1906.76447
G1 F1604.3 X103.896 Y114.572 E1907.4124
G1 F1554.4 X103.54 Y114.497 E1907.42992
G1 F1500 X103.285 Y114.327 E1907.44521
G1 X103.078 Y114.062 E1907.46198
G1 X102.993 Y113.845 E1907.47361
G1 X102.96 Y113.588 E1907.48654
G1 X102.96 Y96.801 E1908.32404
G1 X102.656 Y96.884 E1908.33977
G1 X101.608 Y96.879 E1908.39205
G1 X101.446 Y96.845 E1908.40031
G1 X101.284 Y96.879 E1908.40857
G1 X100.264 Y96.884 E1908.45946
G1 X99.941 Y96.831 E1908.47579
G1 X99.893 Y96.764 E1908.4799
G1 X98.3 Y96.764 E1908.55937
G1 X98.3 Y120.216 E1909.7294
G0 F9000 X103.441 Y115.019
;TYPE:FILL
G1 F3000 X98.38 Y109.958 E1910.08648
G0 F9000 X98.38 Y108.442
G1 F3000 X102.88 Y103.942 E1910.40398
G1 F2700 E1901.40398
G0 F9000 X103.122 Y114.428
G0 X118.478 Y114.429
G0 X118.72 Y103.943
G1 F2700 E1910.40398
G1 F3000 X123.22 Y108.443 E1910.72148
G0 F9000 X123.22 Y109.957
G1 F3000 X118.329 Y114.848 E1911.06656
G0 F9000 X118.329 Y114.8
G1 F2700 E1902.06656
;MESH:wildrosebuilds_puzzlecube.stl(2)
G0 F9000 X123.876 Y115.5
G0 X124.965 Y115.5
G0 X126.635 Y115.5
G0 X127.5 Y122.146
;TYPE:WALL-OUTER
G1 F2700 E1911.06656
G1 F1500 X133.9 Y115.752 E1911.51791
G1 X133.99 Y115.725 E1911.5226
G1 X154.1 Y115.724 E1912.52589
G1 X154.1 Y102.804 E1913.17047
G1 X147.84 Y102.804 E1913.48278
G1 X147.84 Y113.647 E1914.02374
G1 X147.76 Y113.749 E1914.03021
G1 X147.675 Y113.785 E1914.03481
G1 X133.895 Y113.788 E1914.7223
G1 X133.762 Y113.663 E1914.73141
G1 X133.76 Y95.964 E1915.61441
G1 X132.813 Y95.964 E1915.66166
G1 X132.742 Y96.084 E1915.66862
G1 X131.666 Y96.083 E1915.7223
G1 X131.546 Y95.964 E1915.73073
G1 X131.346 Y95.964 E1915.74071
G1 X131.325 Y96.019 E1915.74364
G1 X131.204 Y96.083 E1915.75047
G1 X130.206 Y96.084 E1915.80026
G1 X130.121 Y95.964 E1915.8076
G1 X127.5 Y95.964 E1915.93836
G1 X127.5 Y122.146 E1917.24459
G0 F9000 X127.748 Y121.554
G0 X128.172 Y120.549
G0 X127.9 Y121.181
;TYPE:WALL-INNER
G1 F1500 X133.587 Y115.499 E1917.64566
G1 X133.736 Y115.39 E1917.65487
G1 X133.947 Y115.327 E1917.66586
G1 X153.7 Y115.324 E1918.65134
G1 X153.7 Y103.204 E1919.25601
G1 X148.24 Y103.204 E1919.52841
G1 X148.24 Y113.588 E1920.04647
G1 X148.194 Y113.82 E1920.05827
G1 X148 Y114.069 E1920.07402
G1 X147.723 Y114.188 E1920.08906
G1 X133.921 Y114.187 E1920.77764
G1 X133.708 Y114.134 E1920.78859
G1 X133.555 Y114.031 E1920.79779
G1 X133.431 Y113.872 E1920.80785
G1 X133.36 Y113.669 E1920.81858
G1 X133.36 Y96.364 E1921.68193
G1 X132.983 Y96.364 E1921.70074
G1 X132.961 Y96.401 E1921.70289
G1 X132.656 Y96.484 E1921.71866
G1 X131.633 Y96.479 E1921.7697
G1 X131.446 Y96.401 E1921.7798
G1 X131.241 Y96.481 E1921.79078
G1 X130.264 Y96.484 E1921.83953
G1 X130.07 Y96.452 E1921.84934
G1 X130.007 Y96.364 E1921.85474
G1 X127.9 Y96.364 E1921.95985
G1 X127.9 Y121.181 E1923.19798
G0 F9000 X128.148 Y120.588
G0 X128.3 Y120.216
G1 F1500 X133.305 Y115.216 E1923.55093
G1 X133.552 Y115.035 E1923.56621
G1 F1554.4 X133.905 Y114.943 E1923.58377
G1 F1621.6 X147.64 Y114.94 E1924.21762
G1 F1562.5 X148.418 Y114.924 E1924.25489
G1 F1500 X153.3 Y114.924 E1924.49846
G1 X153.3 Y103.604 E1925.06321
G1 X148.64 Y103.604 E1925.2957
G1 X148.64 Y113.588 E1925.7938
G1 X148.563 Y113.974 E1925.81344
G1 X148.24 Y114.389 E1925.83968
G1 F1546.4 X147.786 Y114.572 E1925.86337
G1 F1604.3 X133.896 Y114.572 E1926.5113
G1 F1554.4 X133.54 Y114.497 E1926.52881
G1 F1500 X133.285 Y114.327 E1926.5441
G1 X133.078 Y114.062 E1926.56088
G1 X132.993 Y113.845 E1926.57251
G1 X132.96 Y113.588 E1926.58543
G1 X132.96 Y96.801 E1927.42294
G1 X132.656 Y96.884 E1927.43866
G1 X131.608 Y96.879 E1927.49095
G1 X131.446 Y96.845 E1927.49921
G1 X131.284 Y96.879 E1927.50746
G1 X130.264 Y96.884 E1927.55835
G1 X129.941 Y96.831 E1927.57468
G1 X129.893 Y96.764 E1927.57879
G1 X128.3 Y96.764 E1927.65827
G1 X128.3 Y120.216 E1928.82829
G0 F9000 X133.441 Y115.019
;TYPE:FILL
G1 F3000 X128.379 Y109.958 E1929.18541
G0 F9000 X128.38 Y108.441
G1 F3000 X132.88 Y103.942 E1929.50288
G1 F2700 E1920.50288
G0 F9000 X133.122 Y114.428
G0 X148.478 Y114.429
G0 X148.72 Y103.943
G1 F2700 E1929.50288
G1 F3000 X153.22 Y108.443 E1929.82037
G0 F9000 X153.22 Y109.957
G1 F3000 X148.328 Y114.848 E1930.1655
G0 F9000 X148.328 Y114.8
G1 F2700 E1921.1655
;MESH:NONMESH
G0 F300 X148.328 Y114.8 Z9.75
G0 F9000 X133.522 Y114.028
G0 X127.724 Y96.188
G0 X126.635 Y96.188
G0 X121.76 Y93.301
G0 X117.84 Y92.436
;TIME_ELAPSED:2636.616071
;LAYER:32
;TYPE:WALL-OUTER
;MESH:wildrosebuilds_puzzlecube.stl(1)
G1 F2700 E1930.1655
G1 F1500 X118.501 Y92.436 E1930.19847
G1 X118.543 Y92.353 E1930.20311
G1 X118.66 Y92.316 E1930.20924
G1 X119.324 Y92.316 E1930.24236
G1 X119.413 Y92.436 E1930.24982
G1 X120.878 Y92.436 E1930.32291
G1 X120.966 Y92.316 E1930.33033
G1 X121.681 Y92.316 E1930.366
G1 X121.764 Y92.436 E1930.37328
G1 X124.1 Y92.436 E1930.48982
G1 X124.1 Y66.248 E1931.79635
G1 X117.695 Y72.649 E1932.24812
G1 X117.593 Y72.676 E1932.25338
G1 X97.5 Y72.676 E1933.25582
G1 X97.5 Y85.596 E1933.90041
G1 X103.76 Y85.596 E1934.21272
G1 X103.76 Y75.049 E1934.73891
G1 X103.84 Y74.947 E1934.74538
G1 X103.925 Y74.911 E1934.74998
G1 X117.64 Y74.908 E1935.43423
G1 X117.776 Y74.96 E1935.44149
G1 X117.84 Y75.06 E1935.44741
G1 X117.84 Y92.436 E1936.31431
G0 F9000 X118.24 Y92.05
;TYPE:WALL-INNER
G1 F1500 X118.66 Y91.916 E1936.3363
G1 X119.268 Y91.916 E1936.36663
G1 X119.457 Y91.946 E1936.37618
G1 X119.524 Y92.036 E1936.38178
G1 X120.772 Y92.036 E1936.44404
G1 X120.858 Y91.916 E1936.45141
G1 X121.62 Y91.916 E1936.48942
G1 X121.825 Y91.952 E1936.49981
G1 X121.884 Y92.036 E1936.50493
G1 X123.7 Y92.036 E1936.59553
G1 X123.7 Y67.213 E1937.83395
G1 X118.009 Y72.901 E1938.23538
G1 X117.86 Y73.009 E1938.24456
G1 X117.61 Y73.076 E1938.25747
G1 X97.9 Y73.076 E1939.24081
G1 X97.9 Y85.196 E1939.84548
G1 X103.36 Y85.196 E1940.11788
G1 X103.36 Y75.108 E1940.62117
G1 X103.406 Y74.876 E1940.63297
G1 X103.6 Y74.627 E1940.64872
G1 X103.877 Y74.508 E1940.66376
G1 X117.64 Y74.508 E1941.3504
G1 X117.893 Y74.563 E1941.36332
G1 X118.046 Y74.665 E1941.37249
G1 X118.209 Y74.916 E1941.38742
G1 X118.24 Y75.108 E1941.39712
G1 X118.24 Y92.05 E1942.24236
G0 F9000 X118.64 Y91.522
G1 F1500 X119.268 Y91.516 E1942.2737
G1 X119.582 Y91.566 E1942.28956
G1 X119.634 Y91.636 E1942.29391
G1 X120.665 Y91.636 E1942.34535
G1 X120.719 Y91.562 E1942.34992
G1 X121.004 Y91.516 E1942.36432
G1 X121.62 Y91.516 E1942.39505
G1 X121.962 Y91.576 E1942.41237
G1 X122.004 Y91.636 E1942.41603
G1 X123.3 Y91.636 E1942.48069
G1 X123.3 Y68.178 E1943.65101
G1 X118.291 Y73.184 E1944.00432
G1 X118.043 Y73.365 E1944.01963
G1 F1310 X117.629 Y73.533 E1944.04516
G1 F1149.4 X103.731 Y73.538 E1944.95001
G1 F1293.1 X103.083 Y73.476 E1944.98768
G1 F1500 X98.3 Y73.476 E1945.22631
G1 X98.3 Y84.796 E1945.79106
G1 X102.96 Y84.796 E1946.02355
G1 X102.96 Y75.108 E1946.50689
G1 X103.037 Y74.722 E1946.52653
G1 X103.36 Y74.307 E1946.55276
G1 F1301.5 X103.795 Y74.05 E1946.58181
G1 F1153.8 X117.64 Y74.05 E1947.47976
G1 F1310 X118.061 Y74.2 E1947.50529
G1 F1500 X118.317 Y74.37 E1947.52062
G1 X118.5 Y74.596 E1947.53513
G1 X118.588 Y74.788 E1947.54567
G1 X118.64 Y75.108 E1947.56184
G1 X118.64 Y91.522 E1948.38074
G0 F9000 X118.72 Y84.157
;TYPE:FILL
G1 F3000 X123.22 Y79.657 E1948.69824
G0 F9000 X123.22 Y78.743
G1 F3000 X117.969 Y73.492 E1949.06873
G0 F9000 X103.49 Y73.632
G1 F3000 X98.38 Y78.742 E1949.42927
G0 F9000 X98.38 Y79.658
G1 F3000 X102.881 Y84.159 E1949.74684
G0 F9000 X102.75 Y84.159
G1 F2700 E1940.74684
;MESH:wildrosebuilds_puzzlecube.stl
G0 F9000 X97.748 Y85.366
G0 X97.748 Y86.461
G0 X97.748 Y95.099
G0 X97.499 Y122.146
;TYPE:WALL-OUTER
G1 F2700 E1949.74684
G1 F1500 X103.9 Y115.752 E1950.19821
G1 X103.99 Y115.725 E1950.2029
G1 X124.1 Y115.724 E1951.20619
G1 X124.1 Y102.804 E1951.85077
G1 X117.84 Y102.804 E1952.16309
G1 X117.84 Y113.346 E1952.68903
G1 X117.76 Y113.449 E1952.69554
G1 X117.675 Y113.485 E1952.70014
G1 X103.895 Y113.488 E1953.38763
G1 X103.762 Y113.323 E1953.3982
G1 X103.76 Y95.964 E1954.26425
G1 X103.097 Y95.964 E1954.29732
G1 X103.053 Y96.047 E1954.30201
G1 X102.936 Y96.084 E1954.30813
G1 X102.272 Y96.084 E1954.34126
G1 X102.185 Y95.964 E1954.34865
G1 X100.722 Y95.964 E1954.42164
G1 X100.634 Y96.084 E1954.42907
G1 X99.915 Y96.084 E1954.46494
G1 X99.832 Y95.964 E1954.47222
G1 X97.5 Y95.964 E1954.58856
G1 X97.499 Y122.146 E1955.89479
G0 F9000 X97.748 Y121.554
G0 X98.172 Y120.549
G0 X97.899 Y121.181
;TYPE:WALL-INNER
G1 F1500 X103.588 Y115.499 E1956.29593
G1 X103.737 Y115.39 E1956.30514
G1 X103.948 Y115.327 E1956.31613
G1 X123.7 Y115.324 E1957.30156
G1 X123.7 Y103.204 E1957.90623
G1 X118.24 Y103.204 E1958.17863
G1 X118.24 Y113.288 E1958.68172
G1 X118.194 Y113.519 E1958.69347
G1 X118 Y113.769 E1958.70926
G1 X117.723 Y113.888 E1958.7243
G1 X103.92 Y113.887 E1959.41293
G1 X103.706 Y113.833 E1959.42394
G1 X103.553 Y113.73 E1959.43315
G1 X103.444 Y113.595 E1959.4418
G1 X103.36 Y113.361 E1959.45421
G1 X103.36 Y96.349 E1960.30294
G1 X102.936 Y96.484 E1960.32514
G1 X102.328 Y96.484 E1960.35547
G1 X102.139 Y96.454 E1960.36502
G1 X102.074 Y96.364 E1960.37056
G1 X100.828 Y96.364 E1960.43272
G1 X100.742 Y96.484 E1960.44009
G1 X99.976 Y96.484 E1960.4783
G1 X99.771 Y96.448 E1960.48869
G1 X99.712 Y96.364 E1960.49381
G1 X97.9 Y96.364 E1960.58421
G1 X97.899 Y121.181 E1961.82233
G0 F9000 X98.148 Y120.588
G0 X98.299 Y120.217
G1 F1500 X103.305 Y115.216 E1962.17536
G1 X103.554 Y115.034 E1962.19075
G1 F1298.7 X103.899 Y114.868 E1962.21281
G1 F1140.7 X117.869 Y114.861 E1963.12932
G1 F1293.1 X118.518 Y114.924 E1963.16705
G1 F1500 X123.3 Y114.924 E1963.40563
G1 X123.3 Y103.604 E1963.97039
G1 X118.64 Y103.604 E1964.20287
G1 X118.64 Y113.288 E1964.68601
G1 X118.563 Y113.673 E1964.7056
G1 X118.24 Y114.089 E1964.73187
G1 F1295.9 X117.805 Y114.347 E1964.76108
G1 F1145 X103.889 Y114.347 E1965.67058
G1 F1298.7 X103.538 Y114.196 E1965.69259
G1 F1500 X103.281 Y114.024 E1965.70802
G1 X103.1 Y113.799 E1965.72243
G1 X103.012 Y113.608 E1965.73292
G1 X102.96 Y113.288 E1965.7491
G1 X102.96 Y96.884 E1966.56749
G1 X102.328 Y96.884 E1966.59903
G1 X102.014 Y96.834 E1966.61489
G1 X101.964 Y96.764 E1966.61918
G1 X100.935 Y96.764 E1966.67052
G1 X100.881 Y96.838 E1966.67509
G1 X100.596 Y96.884 E1966.68949
G1 X99.976 Y96.884 E1966.72042
G1 X99.634 Y96.824 E1966.73775
G1 X99.592 Y96.764 E1966.7414
G1 X98.3 Y96.764 E1966.80586
G1 X98.299 Y120.217 E1967.97593
G0 F9000 X103.622 Y114.9
;TYPE:FILL
G1 F3000 X98.379 Y109.657 E1968.34585
G0 F9000 X98.38 Y108.742
G1 F3000 X102.88 Y104.242 E1968.66335
G1 F2700 E1959.66335
G0 F9000 X103.122 Y114.128
G0 X118.478 Y114.129
G0 X118.72 Y104.242
G1 F2700 E1968.66335
G1 F3000 X123.22 Y108.743 E1968.98089
G0 F9000 X123.22 Y109.657
G1 F3000 X118.109 Y114.768 E1969.3415
G0 F9000 X118.109 Y114.714
G1 F2700 E1960.3415
;MESH:wildrosebuilds_puzzlecube.stl(2)
G0 F9000 X123.876 Y115.5
G0 X124.965 Y115.5
G0 X126.635 Y115.5
G0 X127.499 Y122.146
;TYPE:WALL-OUTER
G1 F2700 E1969.3415
G1 F1500 X133.9 Y115.752 E1969.79287
G1 X133.99 Y115.725 E1969.79756
G1 X154.1 Y115.724 E1970.80085
G1 X154.1 Y102.804 E1971.44544
G1 X147.84 Y102.804 E1971.75775
G1 X147.84 Y113.346 E1972.28369
G1 X147.76 Y113.449 E1972.2902
G1 X147.675 Y113.485 E1972.2948
G1 X133.895 Y113.488 E1972.98229
G1 X133.762 Y113.323 E1972.99286
G1 X133.76 Y95.964 E1973.85891
G1 X133.097 Y95.964 E1973.89198
G1 X133.053 Y96.047 E1973.89667
G1 X132.936 Y96.084 E1973.90279
G1 X132.272 Y96.084 E1973.93592
G1 X132.185 Y95.964 E1973.94332
G1 X130.722 Y95.964 E1974.0163
G1 X130.634 Y96.084 E1974.02373
G1 X129.915 Y96.084 E1974.0596
G1 X129.832 Y95.964 E1974.06688
G1 X127.5 Y95.964 E1974.18322
G1 X127.499 Y122.146 E1975.48945
G0 F9000 X127.748 Y121.554
G0 X128.172 Y120.549
G0 X127.899 Y121.181
;TYPE:WALL-INNER
G1 F1500 X133.588 Y115.499 E1975.89059
G1 X133.737 Y115.39 E1975.8998
G1 X133.948 Y115.327 E1975.91079
G1 X153.7 Y115.324 E1976.89622
G1 X153.7 Y103.204 E1977.50089
G1 X148.24 Y103.204 E1977.77329
G1 X148.24 Y113.288 E1978.27638
G1 X148.194 Y113.519 E1978.28813
G1 X148 Y113.769 E1978.30392
G1 X147.723 Y113.888 E1978.31896
G1 X133.92 Y113.887 E1979.0076
G1 X133.706 Y113.833 E1979.01861
G1 X133.553 Y113.73 E1979.02781
G1 X133.444 Y113.595 E1979.03646
G1 X133.36 Y113.361 E1979.04887
G1 X133.36 Y96.349 E1979.8976
G1 X132.936 Y96.484 E1979.9198
G1 X132.328 Y96.484 E1979.95013
G1 X132.139 Y96.454 E1979.95968
G1 X132.074 Y96.364 E1979.96522
G1 X130.828 Y96.364 E1980.02738
G1 X130.742 Y96.484 E1980.03475
G1 X129.976 Y96.484 E1980.07296
G1 X129.771 Y96.448 E1980.08335
G1 X129.712 Y96.364 E1980.08847
G1 X127.9 Y96.364 E1980.17887
G1 X127.899 Y121.181 E1981.417
G0 F9000 X128.148 Y120.588
G0 X128.299 Y120.217
G1 F1500 X133.305 Y115.216 E1981.77002
G1 X133.554 Y115.034 E1981.78541
G1 F1298.7 X133.899 Y114.868 E1981.80747
G1 F1140.7 X147.869 Y114.861 E1982.72398
G1 F1293.1 X148.518 Y114.924 E1982.76171
G1 F1500 X153.3 Y114.924 E1983.00029
G1 X153.3 Y103.604 E1983.56505
G1 X148.64 Y103.604 E1983.79754
G1 X148.64 Y113.288 E1984.28067
G1 X148.563 Y113.673 E1984.30026
G1 X148.24 Y114.089 E1984.32654
G1 F1295.9 X147.805 Y114.347 E1984.35574
G1 F1145 X133.889 Y114.347 E1985.26524
G1 F1298.7 X133.538 Y114.196 E1985.28726
G1 F1500 X133.281 Y114.024 E1985.30268
G1 X133.1 Y113.799 E1985.31709
G1 X133.012 Y113.608 E1985.32758
G1 X132.96 Y113.288 E1985.34376
G1 X132.96 Y96.884 E1986.16216
G1 X132.328 Y96.884 E1986.19369
G1 X132.014 Y96.834 E1986.20955
G1 X131.964 Y96.764 E1986.21384
G1 X130.935 Y96.764 E1986.26518
G1 X130.881 Y96.838 E1986.26975
G1 X130.596 Y96.884 E1986.28415
G1 X129.976 Y96.884 E1986.31508
G1 X129.634 Y96.824 E1986.33241
G1 X129.592 Y96.764 E1986.33606
G1 X128.3 Y96.764 E1986.40052
G1 X128.299 Y120.217 E1987.57059
G0 F9000 X133.621 Y114.9
;TYPE:FILL
G1 F3000 X128.379 Y109.657 E1987.94048
G0 F9000 X128.379 Y108.742
G1 F3000 X132.88 Y104.242 E1988.25801
G1 F2700 E1979.25801
G0 F9000 X133.122 Y114.128
G0 X148.478 Y114.129
G0 X148.719 Y104.242
G1 F2700 E1988.25801
G1 F3000 X153.22 Y108.743 E1988.57558
G0 F9000 X153.22 Y109.657
G1 F3000 X148.11 Y114.767 E1988.93612
G0 F9000 X148.11 Y114.714
G1 F2700 E1979.93612
;MESH:NONMESH
G0 F300 X148.11 Y114.714 Z10.05
G0 F9000 X133.522 Y113.728
G0 X127.724 Y96.188
G0 X126.635 Y96.188
G0 X119.691 Y93.301
G0 X117.84 Y92.436
;TIME_ELAPSED:2693.597690
;LAYER:33
;TYPE:WALL-OUTER
;MESH:wildrosebuilds_puzzlecube.stl(1)
G1 F2700 E1988.93612
G1 F1500 X118.348 Y92.436 E1988.96147
G1 X118.386 Y92.36 E1988.96571
G1 X118.512 Y92.316 E1988.97236
G1 X119.095 Y92.316 E1989.00145
G1 X119.18 Y92.436 E1989.00879
G1 X121.103 Y92.436 E1989.10473
G1 X121.192 Y92.316 E1989.11218
G1 X121.831 Y92.316 E1989.14406
G1 X121.913 Y92.436 E1989.15131
G1 X124.1 Y92.436 E1989.26042
G1 X124.1 Y66.248 E1990.56695
G1 X117.695 Y72.649 E1991.01871
G1 X117.592 Y72.676 E1991.02402
G1 X97.5 Y72.676 E1992.02642
G1 X97.5 Y85.596 E1992.671
G1 X103.76 Y85.596 E1992.98331
G1 X103.76 Y75.367 E1993.49364
G1 X103.8 Y75.287 E1993.4981
G1 X103.925 Y75.21 E1993.50543
G1 X117.64 Y75.208 E1994.18967
G1 X117.776 Y75.261 E1994.19695
G1 X117.837 Y75.369 E1994.20314
G1 X117.84 Y92.436 E1995.05462
G0 F9000 X118.24 Y92.012
;TYPE:WALL-INNER
G1 F1500 X118.512 Y91.916 E1995.06901
G1 X119.036 Y91.916 E1995.09515
G1 X119.237 Y91.95 E1995.10532
G1 X119.297 Y92.036 E1995.11055
G1 X121 Y92.036 E1995.19551
G1 X121.088 Y91.917 E1995.2029
G1 X121.768 Y91.916 E1995.23682
G1 X121.98 Y91.954 E1995.24757
G1 X122.036 Y92.036 E1995.25252
G1 X123.7 Y92.036 E1995.33554
G1 X123.7 Y67.213 E1996.57396
G1 X118.009 Y72.901 E1996.97539
G1 X117.859 Y73.01 E1996.98464
G1 X117.607 Y73.076 E1996.99764
G1 X97.9 Y73.076 E1997.98082
G1 X97.9 Y85.196 E1998.58549
G1 X103.36 Y85.196 E1998.85789
G1 X103.36 Y75.287 E1999.35225
G1 X103.48 Y75.047 E1999.36564
G1 X103.677 Y74.878 E1999.37859
G1 X103.879 Y74.808 E1999.38926
G1 X117.64 Y74.808 E2000.0758
G1 X117.894 Y74.864 E2000.08877
G1 X118.048 Y74.967 E2000.09802
G1 X118.196 Y75.182 E2000.11104
G1 X118.24 Y75.327 E2000.1186
G1 X118.24 Y92.012 E2000.95102
G0 F9000 X118.64 Y91.516
G1 F1500 X119.036 Y91.516 E2000.97077
G1 X119.37 Y91.573 E2000.98768
G1 X119.414 Y91.636 E2000.99151
G1 X120.896 Y91.636 E2001.06545
G1 X120.954 Y91.558 E2001.0703
G1 X121.161 Y91.519 E2001.08081
G1 X121.768 Y91.516 E2001.11109
G1 X122.121 Y91.58 E2001.12899
G1 X122.16 Y91.636 E2001.13239
G1 X123.3 Y91.636 E2001.18927
G1 X123.3 Y68.178 E2002.35959
G1 X118.291 Y73.184 E2002.7129
G1 X118.042 Y73.366 E2002.72828
G1 X117.623 Y73.475 E2002.74988
G1 X98.3 Y73.476 E2003.71391
G1 X98.3 Y84.796 E2004.27867
G1 X102.96 Y84.796 E2004.51116
G1 X102.96 Y75.408 E2004.97953
G1 X103 Y75.127 E2004.99369
G1 X103.16 Y74.807 E2005.01154
G1 X103.489 Y74.525 E2005.03316
G1 X103.828 Y74.408 E2005.05105
G1 X117.64 Y74.408 E2005.74013
G1 X118.064 Y74.501 E2005.76179
G1 X118.32 Y74.673 E2005.77717
G1 X118.567 Y75.031 E2005.79887
G1 X118.64 Y75.274 E2005.81153
G1 X118.64 Y91.516 E2006.62185
G0 F9000 X118.72 Y83.857
;TYPE:FILL
G1 F3000 X123.22 Y79.357 E2006.93935
G0 F9000 X123.22 Y79.043
G1 F3000 X117.709 Y73.531 E2007.32821
G0 F9000 X103.866 Y73.555
G1 F3000 X98.38 Y79.042 E2007.71532
G0 F9000 X98.38 Y79.359
G1 F3000 X102.881 Y83.859 E2008.03285
G0 F9000 X102.75 Y83.859
G1 F2700 E1999.03285
;MESH:wildrosebuilds_puzzlecube.stl
G0 F9000 X97.748 Y85.366
G0 X97.748 Y86.461
G0 X97.748 Y95.099
G0 X97.5 Y122.146
;TYPE:WALL-OUTER
G1 F2700 E2008.03285
G1 F1500 X103.9 Y115.752 E2008.48419
G1 X103.991 Y115.725 E2008.48893
G1 X124.1 Y115.724 E2009.49217
G1 X124.1 Y102.804 E2010.13675
G1 X117.84 Y102.804 E2010.44907
G1 X117.84 Y113.029 E2010.95919
G1 X117.8 Y113.108 E2010.96361
G1 X117.675 Y113.186 E2010.97096
G1 X103.946 Y113.188 E2011.6559
G1 X103.823 Y113.135 E2011.66259
G1 X103.762 Y113.023 E2011.66895
G1 X103.76 Y95.964 E2012.52003
G1 X103.25 Y95.964 E2012.54547
G1 X103.214 Y96.04 E2012.54967
G1 X103.088 Y96.084 E2012.55632
G1 X102.501 Y96.084 E2012.58561
G1 X102.416 Y95.964 E2012.59295
G1 X100.493 Y95.964 E2012.68888
G1 X100.404 Y96.084 E2012.69634
G1 X99.765 Y96.084 E2012.72822
G1 X99.683 Y95.964 E2012.73547
G1 X97.5 Y95.964 E2012.84438
G1 X97.5 Y122.146 E2014.1506
G0 F9000 X97.748 Y121.554
G0 X98.172 Y120.549
G0 X97.9 Y121.181
;TYPE:WALL-INNER
G1 F1500 X103.587 Y115.499 E2014.55168
G1 X103.738 Y115.39 E2014.56097
G1 X103.949 Y115.327 E2014.57195
G1 X123.7 Y115.324 E2015.55734
G1 X123.7 Y103.204 E2016.162
G1 X118.24 Y103.204 E2016.43441
G1 X118.24 Y113.109 E2016.92857
G1 X118.12 Y113.348 E2016.94191
G1 X117.923 Y113.518 E2016.95489
G1 X117.721 Y113.588 E2016.96556
G1 X103.918 Y113.587 E2017.65419
G1 X103.705 Y113.531 E2017.66518
G1 X103.551 Y113.428 E2017.67442
G1 X103.404 Y113.214 E2017.68738
G1 X103.36 Y113.065 E2017.69513
G1 X103.36 Y96.388 E2018.52715
G1 X103.088 Y96.484 E2018.54154
G1 X102.56 Y96.484 E2018.56788
G1 X102.36 Y96.45 E2018.578
G1 X102.299 Y96.364 E2018.58326
G1 X100.596 Y96.364 E2018.66822
G1 X100.509 Y96.482 E2018.67554
G1 X99.828 Y96.484 E2018.70951
G1 X99.616 Y96.446 E2018.72026
G1 X99.56 Y96.364 E2018.72521
G1 X97.9 Y96.364 E2018.80803
G1 X97.9 Y121.181 E2020.04615
G0 F9000 X98.148 Y120.588
G0 X98.3 Y120.216
G1 F1500 X103.305 Y115.216 E2020.39911
G1 X103.556 Y115.034 E2020.41458
G1 X103.907 Y114.929 E2020.43285
G1 X123.3 Y114.924 E2021.40037
G1 X123.3 Y103.604 E2021.96513
G1 X118.64 Y103.604 E2022.19762
G1 X118.64 Y112.988 E2022.66579
G1 X118.6 Y113.269 E2022.67995
G1 X118.44 Y113.588 E2022.69775
G1 X118.111 Y113.871 E2022.71941
G1 X117.772 Y113.988 E2022.7373
G1 X103.89 Y113.986 E2023.42987
G1 X103.535 Y113.893 E2023.44818
G1 X103.278 Y113.721 E2023.46361
G1 X103.033 Y113.365 E2023.48517
G1 X102.96 Y113.113 E2023.49826
G1 X102.96 Y96.884 E2024.30793
G1 X102.56 Y96.884 E2024.32788
G1 X102.226 Y96.827 E2024.34479
G1 X102.182 Y96.764 E2024.34862
G1 X100.7 Y96.764 E2024.42256
G1 X100.642 Y96.842 E2024.42741
G1 X100.436 Y96.881 E2024.43787
G1 X99.828 Y96.884 E2024.4682
G1 X99.475 Y96.82 E2024.4861
G1 X99.436 Y96.764 E2024.48951
G1 X98.3 Y96.764 E2024.54618
G1 X98.3 Y120.216 E2025.71621
G0 F9000 X103.879 Y114.857
;TYPE:FILL
G1 F3000 X98.38 Y109.358 E2026.10419
G0 F9000 X98.38 Y109.042
G1 F3000 X102.88 Y104.541 E2026.42172
G1 F2700 E2017.42172
G0 F9000 X103.122 Y113.828
G0 X118.478 Y113.829
G0 X118.72 Y104.542
G1 F2700 E2026.42172
G1 F3000 X123.22 Y109.043 E2026.73926
G0 F9000 X123.22 Y109.358
G1 F3000 X117.731 Y114.846 E2027.1265
G0 F9000 X117.731 Y114.714
G1 F2700 E2018.1265
;MESH:wildrosebuilds_puzzlecube.stl(2)
G0 F9000 X123.876 Y115.5
G0 X124.965 Y115.5
G0 X126.635 Y115.5
G0 X127.5 Y122.146
;TYPE:WALL-OUTER
G1 F2700 E2027.1265
G1 F1500 X133.9 Y115.752 E2027.57785
G1 X133.991 Y115.725 E2027.58258
G1 X154.1 Y115.724 E2028.58582
G1 X154.1 Y102.804 E2029.2304
G1 X147.84 Y102.804 E2029.54272
G1 X147.84 Y113.029 E2030.05284
G1 X147.8 Y113.108 E2030.05726
G1 X147.675 Y113.186 E2030.06461
G1 X133.946 Y113.188 E2030.74956
G1 X133.823 Y113.135 E2030.75624
G1 X133.762 Y113.023 E2030.7626
G1 X133.76 Y95.964 E2031.61368
G1 X133.25 Y95.964 E2031.63912
G1 X133.214 Y96.04 E2031.64332
G1 X133.088 Y96.084 E2031.64998
G1 X132.501 Y96.084 E2031.67926
G1 X132.416 Y95.964 E2031.6866
G1 X130.493 Y95.964 E2031.78254
G1 X130.404 Y96.084 E2031.78999
G1 X129.765 Y96.084 E2031.82187
G1 X129.683 Y95.964 E2031.82912
G1 X127.5 Y95.964 E2031.93803
G1 X127.5 Y122.146 E2033.24426
G0 F9000 X127.748 Y121.554
G0 X128.172 Y120.549
G0 X127.9 Y121.181
;TYPE:WALL-INNER
G1 F1500 X133.587 Y115.499 E2033.64533
G1 X133.738 Y115.39 E2033.65462
G1 X133.949 Y115.327 E2033.66561
G1 X153.7 Y115.324 E2034.65099
G1 X153.7 Y103.204 E2035.25566
G1 X148.24 Y103.204 E2035.52806
G1 X148.24 Y113.109 E2036.02222
G1 X148.12 Y113.348 E2036.03556
G1 X147.923 Y113.518 E2036.04854
G1 X147.721 Y113.588 E2036.05921
G1 X133.918 Y113.587 E2036.74784
G1 X133.705 Y113.531 E2036.75883
G1 X133.551 Y113.428 E2036.76807
G1 X133.404 Y113.214 E2036.78103
G1 X133.36 Y113.065 E2036.78878
G1 X133.36 Y96.388 E2037.6208
G1 X133.088 Y96.484 E2037.63519
G1 X132.56 Y96.484 E2037.66153
G1 X132.36 Y96.45 E2037.67165
G1 X132.299 Y96.364 E2037.67691
G1 X130.596 Y96.364 E2037.76187
G1 X130.509 Y96.482 E2037.76919
G1 X129.828 Y96.484 E2037.80316
G1 X129.616 Y96.446 E2037.81391
G1 X129.56 Y96.364 E2037.81886
G1 X127.9 Y96.364 E2037.90168
G1 X127.9 Y121.181 E2039.13981
G0 F9000 X128.148 Y120.588
G0 X128.3 Y120.216
G1 F1500 X133.305 Y115.216 E2039.49276
G1 X133.556 Y115.034 E2039.50823
G1 X133.907 Y114.929 E2039.52651
G1 X153.3 Y114.924 E2040.49403
G1 X153.3 Y103.604 E2041.05878
G1 X148.64 Y103.604 E2041.29127
G1 X148.64 Y112.988 E2041.75944
G1 X148.6 Y113.269 E2041.7736
G1 X148.44 Y113.588 E2041.79141
G1 X148.111 Y113.871 E2041.81306
G1 X147.772 Y113.988 E2041.83095
G1 X133.89 Y113.986 E2042.52353
G1 X133.535 Y113.893 E2042.54183
G1 X133.278 Y113.721 E2042.55726
G1 X133.033 Y113.365 E2042.57882
G1 X132.96 Y113.113 E2042.59191
G1 X132.96 Y96.884 E2043.40158
G1 X132.56 Y96.884 E2043.42154
G1 X132.226 Y96.827 E2043.43844
G1 X132.182 Y96.764 E2043.44227
G1 X130.7 Y96.764 E2043.51621
G1 X130.642 Y96.842 E2043.52106
G1 X130.436 Y96.881 E2043.53152
G1 X129.828 Y96.884 E2043.56185
G1 X129.475 Y96.82 E2043.57975
G1 X129.436 Y96.764 E2043.58316
G1 X128.3 Y96.764 E2043.63983
G1 X128.3 Y120.216 E2044.80986
G0 F9000 X133.878 Y114.857
;TYPE:FILL
G1 F3000 X128.379 Y109.358 E2045.19784
G0 F9000 X128.38 Y109.041
G1 F3000 X132.88 Y104.541 E2045.51534
G1 F2700 E2036.51534
G0 F9000 X133.122 Y113.828
G0 X148.478 Y113.829
G0 X148.719 Y104.542
G1 F2700 E2045.51534
G1 F3000 X153.22 Y109.043 E2045.83291
G0 F9000 X153.22 Y109.357
G1 F3000 X147.731 Y114.846 E2046.22019
G0 F9000 X147.731 Y114.714
G1 F2700 E2037.22019
;MESH:NONMESH
G0 F300 X147.731 Y114.714 Z10.35
G0 F9000 X133.522 Y113.428
G0 X127.724 Y96.188
G0 X126.635 Y96.188
G0 X119.457 Y93.301
G0 X117.84 Y92.436
;TIME_ELAPSED:2749.077664
;LAYER:34
;TYPE:WALL-OUTER
;MESH:wildrosebuilds_puzzlecube.stl(1)
G1 F2700 E2046.22019
G1 F1500 X118.284 Y92.436 E2046.24234
G1 X118.316 Y92.365 E2046.24623
G1 X118.448 Y92.316 E2046.25325
G1 X119.009 Y92.316 E2046.28124
G1 X119.092 Y92.436 E2046.28852
G1 X121.191 Y92.436 E2046.39324
G1 X121.279 Y92.317 E2046.40062
G1 X121.895 Y92.316 E2046.43135
G1 X121.977 Y92.436 E2046.43861
G1 X124.1 Y92.436 E2046.54452
G1 X124.1 Y66.248 E2047.85105
G1 X117.695 Y72.649 E2048.30281
G1 X117.591 Y72.676 E2048.30817
G1 X97.5 Y72.676 E2049.31052
G1 X97.5 Y85.596 E2049.9551
G1 X103.76 Y85.596 E2050.26741
G1 X103.76 Y75.668 E2050.76272
G1 X103.8 Y75.588 E2050.76718
G1 X103.925 Y75.51 E2050.77453
G1 X117.64 Y75.508 E2051.45878
G1 X117.777 Y75.561 E2051.46611
G1 X117.836 Y75.663 E2051.47199
G1 X117.84 Y92.436 E2052.30879
G0 F9000 X118.24 Y91.994
;TYPE:WALL-INNER
G1 F1500 X118.448 Y91.916 E2052.31988
G1 X118.948 Y91.916 E2052.34482
G1 X119.154 Y91.952 E2052.35526
G1 X119.212 Y92.036 E2052.36035
G1 X121.089 Y92.036 E2052.45399
G1 X121.176 Y91.919 E2052.46127
G1 X121.832 Y91.916 E2052.49399
G1 X122.047 Y91.955 E2052.5049
G1 X122.102 Y92.036 E2052.50978
G1 X123.7 Y92.036 E2052.58951
G1 X123.7 Y67.213 E2053.82793
G1 X118.009 Y72.901 E2054.22935
G1 X117.858 Y73.01 E2054.23865
G1 X117.605 Y73.076 E2054.25169
G1 X97.9 Y73.076 E2055.23478
G1 X97.9 Y85.196 E2055.83945
G1 X103.36 Y85.196 E2056.11185
G1 X103.36 Y75.588 E2056.59119
G1 X103.48 Y75.348 E2056.60458
G1 X103.677 Y75.178 E2056.61756
G1 X103.879 Y75.108 E2056.62823
G1 X117.64 Y75.108 E2057.31477
G1 X117.896 Y75.164 E2057.32784
G1 X118.05 Y75.269 E2057.33714
G1 X118.183 Y75.45 E2057.34834
G1 X118.24 Y75.614 E2057.35701
G1 X118.24 Y91.994 E2058.17421
G0 F9000 X118.64 Y91.516
G1 F1500 X118.948 Y91.516 E2058.18957
G1 X119.291 Y91.576 E2058.20695
G1 X119.332 Y91.636 E2058.21057
G1 X120.987 Y91.636 E2058.29314
G1 X121.046 Y91.557 E2058.29806
G1 X121.223 Y91.522 E2058.30706
G1 X121.832 Y91.516 E2058.33745
G1 X122.19 Y91.582 E2058.35561
G1 X122.227 Y91.636 E2058.35887
G1 X123.3 Y91.636 E2058.41241
G1 X123.3 Y68.178 E2059.58273
G1 X118.292 Y73.184 E2059.936
G1 X118.041 Y73.366 E2059.95147
G1 X117.619 Y73.476 E2059.97323
G1 X98.3 Y73.476 E2060.93705
G1 X98.3 Y84.796 E2061.50181
G1 X102.96 Y84.796 E2061.7343
G1 X102.96 Y75.708 E2062.1877
G1 X103 Y75.428 E2062.20181
G1 X103.16 Y75.108 E2062.21966
G1 X103.489 Y74.825 E2062.24131
G1 X103.828 Y74.708 E2062.25921
G1 X117.64 Y74.708 E2062.94829
G1 X118.066 Y74.802 E2062.97005
G1 X118.323 Y74.976 E2062.98554
G1 X118.544 Y75.279 E2063.00425
G1 X118.64 Y75.554 E2063.01878
G1 X118.64 Y91.516 E2063.81513
G0 F9000 X118.72 Y83.557
;TYPE:FILL
G1 F3000 X123.22 Y79.057 E2064.13263
G0 F9000 X123.22 Y79.343
G1 F3000 X117.433 Y73.556 E2064.54093
G0 F9000 X104.166 Y73.555
G1 F3000 X98.38 Y79.342 E2064.9492
G0 F9000 X98.38 Y79.059
G1 F3000 X102.88 Y83.559 E2065.2667
G0 F9000 X102.75 Y83.559
G1 F2700 E2056.2667
;MESH:wildrosebuilds_puzzlecube.stl
G0 F9000 X97.748 Y85.366
G0 X97.748 Y86.461
G0 X97.748 Y95.099
G0 X97.5 Y122.146
;TYPE:WALL-OUTER
G1 F2700 E2065.2667
G1 F1500 X103.927 Y115.725 E2065.71995
G1 X124.1 Y115.724 E2066.72638
G1 X124.1 Y102.804 E2067.37096
G1 X117.84 Y102.804 E2067.68328
G1 X117.84 Y112.731 E2068.17854
G1 X117.8 Y112.809 E2068.18291
G1 X117.675 Y112.886 E2068.19023
G1 X103.945 Y112.888 E2068.87523
G1 X103.823 Y112.834 E2068.88188
G1 X103.762 Y112.723 E2068.8882
G1 X103.76 Y95.964 E2069.72431
G1 X103.312 Y95.964 E2069.74666
G1 X103.279 Y96.036 E2069.75061
G1 X103.148 Y96.084 E2069.75757
G1 X102.587 Y96.084 E2069.78556
G1 X102.504 Y95.964 E2069.79284
G1 X100.405 Y95.964 E2069.89756
G1 X100.317 Y96.083 E2069.90494
G1 X99.705 Y96.084 E2069.93548
G1 X99.623 Y95.964 E2069.94273
G1 X97.5 Y95.964 E2070.04865
G1 X97.5 Y122.146 E2071.35487
G0 F9000 X97.748 Y121.554
G0 X98.172 Y120.549
G0 X97.9 Y121.181
;TYPE:WALL-INNER
G1 F1500 X103.587 Y115.499 E2071.75594
G1 X103.738 Y115.389 E2071.76526
G1 X103.95 Y115.327 E2071.77628
G1 X123.7 Y115.324 E2072.76161
G1 X123.7 Y103.204 E2073.36628
G1 X118.24 Y103.204 E2073.63868
G1 X118.24 Y112.811 E2074.11798
G1 X118.12 Y113.049 E2074.13128
G1 X117.923 Y113.218 E2074.14423
G1 X117.721 Y113.288 E2074.15489
G1 X103.917 Y113.287 E2074.84358
G1 X103.704 Y113.231 E2074.85456
G1 X103.549 Y113.126 E2074.8639
G1 X103.417 Y112.946 E2074.87504
G1 X103.36 Y112.782 E2074.8837
G1 X103.36 Y96.405 E2075.70076
G1 X103.148 Y96.484 E2075.71204
G1 X102.648 Y96.484 E2075.73699
G1 X102.442 Y96.448 E2075.74742
G1 X102.384 Y96.364 E2075.75251
G1 X100.507 Y96.364 E2075.84616
G1 X100.42 Y96.481 E2075.85343
G1 X99.768 Y96.484 E2075.88596
G1 X99.553 Y96.445 E2075.89686
G1 X99.498 Y96.364 E2075.90175
G1 X97.9 Y96.364 E2075.98147
G1 X97.9 Y121.181 E2077.2196
G0 F9000 X98.148 Y120.588
G0 X98.3 Y120.216
G1 F1500 X103.305 Y115.216 E2077.57255
G1 X103.556 Y115.033 E2077.58805
G1 X103.909 Y114.929 E2077.60641
G1 X123.3 Y114.924 E2078.57383
G1 X123.3 Y103.604 E2079.13858
G1 X118.64 Y103.604 E2079.37107
G1 X118.64 Y112.688 E2079.82428
G1 X118.601 Y112.969 E2079.83843
G1 X118.44 Y113.289 E2079.8563
G1 X118.111 Y113.571 E2079.87792
G1 X117.772 Y113.688 E2079.89581
G1 X103.889 Y113.685 E2080.58844
G1 X103.533 Y113.592 E2080.60679
G1 X103.276 Y113.418 E2080.62228
G1 X103.056 Y113.117 E2080.64088
G1 X102.96 Y112.842 E2080.65541
G1 X102.96 Y96.884 E2081.45156
G1 X102.648 Y96.884 E2081.46712
G1 X102.306 Y96.824 E2081.48445
G1 X102.264 Y96.764 E2081.4881
G1 X100.609 Y96.764 E2081.57067
G1 X100.551 Y96.843 E2081.57556
G1 X100.374 Y96.878 E2081.58456
G1 X99.768 Y96.884 E2081.61479
G1 X99.41 Y96.818 E2081.63296
G1 X99.373 Y96.764 E2081.63622
G1 X98.3 Y96.764 E2081.68975
G1 X98.3 Y120.216 E2082.85978
G0 F9000 X103.663 Y115.078
G0 X104.17 Y114.849
;TYPE:FILL
G1 F3000 X98.38 Y109.058 E2083.26833
G0 F9000 X98.38 Y109.341
G1 F3000 X102.881 Y104.841 E2083.58586
G1 F2700 E2074.58586
G0 F9000 X103.122 Y113.528
G0 X118.478 Y113.529
G0 X118.72 Y104.842
G1 F2700 E2083.58586
G1 F3000 X123.22 Y109.343 E2083.9034
G0 F9000 X123.22 Y109.058
G1 F3000 X117.431 Y114.846 E2084.31181
G0 F9000 X117.431 Y114.714
G1 F2700 E2075.31181
;MESH:wildrosebuilds_puzzlecube.stl(2)
G0 F9000 X123.876 Y115.5
G0 X124.965 Y115.5
G0 X126.635 Y115.5
G0 X127.5 Y122.146
;TYPE:WALL-OUTER
G1 F2700 E2084.31181
G1 F1500 X133.927 Y115.725 E2084.76506
G1 X154.1 Y115.724 E2085.77149
G1 X154.1 Y102.804 E2086.41607
G1 X147.84 Y102.804 E2086.72839
G1 X147.84 Y112.731 E2087.22365
G1 X147.8 Y112.809 E2087.22802
G1 X147.675 Y112.886 E2087.23534
G1 X133.945 Y112.888 E2087.92034
G1 X133.823 Y112.834 E2087.92699
G1 X133.762 Y112.723 E2087.93331
G1 X133.76 Y95.964 E2088.76942
G1 X133.312 Y95.964 E2088.79177
G1 X133.279 Y96.036 E2088.79572
G1 X133.148 Y96.084 E2088.80268
G1 X132.587 Y96.084 E2088.83067
G1 X132.504 Y95.964 E2088.83795
G1 X130.405 Y95.964 E2088.94267
G1 X130.317 Y96.083 E2088.95006
G1 X129.705 Y96.084 E2088.98059
G1 X129.623 Y95.964 E2088.98784
G1 X127.5 Y95.964 E2089.09376
G1 X127.5 Y122.146 E2090.39998
G0 F9000 X127.748 Y121.554
G0 X128.172 Y120.549
G0 X127.9 Y121.181
;TYPE:WALL-INNER
G1 F1500 X133.587 Y115.499 E2090.80105
G1 X133.738 Y115.389 E2090.81037
G1 X133.95 Y115.327 E2090.82139
G1 X153.7 Y115.324 E2091.80673
G1 X153.7 Y103.204 E2092.41139
G1 X148.24 Y103.204 E2092.6838
G1 X148.24 Y112.811 E2093.16309
G1 X148.12 Y113.049 E2093.17639
G1 X147.923 Y113.218 E2093.18934
G1 X147.721 Y113.288 E2093.2
G1 X133.917 Y113.287 E2093.88869
G1 X133.704 Y113.231 E2093.89968
G1 X133.549 Y113.126 E2093.90902
G1 X133.417 Y112.946 E2093.92015
G1 X133.36 Y112.782 E2093.92881
G1 X133.36 Y96.405 E2094.74587
G1 X133.148 Y96.484 E2094.75715
G1 X132.648 Y96.484 E2094.7821
G1 X132.442 Y96.448 E2094.79253
G1 X132.384 Y96.364 E2094.79762
G1 X130.507 Y96.364 E2094.89127
G1 X130.42 Y96.481 E2094.89854
G1 X129.768 Y96.484 E2094.93107
G1 X129.553 Y96.445 E2094.94197
G1 X129.498 Y96.364 E2094.94686
G1 X127.9 Y96.364 E2095.02658
G1 X127.9 Y121.181 E2096.26471
G0 F9000 X128.148 Y120.588
G0 X128.3 Y120.216
G1 F1500 X133.305 Y115.216 E2096.61766
G1 X133.556 Y115.033 E2096.63316
G1 X133.909 Y114.929 E2096.65152
G1 X153.3 Y114.924 E2097.61894
G1 X153.3 Y103.604 E2098.18369
G1 X148.64 Y103.604 E2098.41618
G1 X148.64 Y112.688 E2098.86939
G1 X148.601 Y112.969 E2098.88354
G1 X148.44 Y113.289 E2098.90141
G1 X148.111 Y113.571 E2098.92303
G1 X147.772 Y113.688 E2098.94092
G1 X133.889 Y113.685 E2099.63355
G1 X133.533 Y113.592 E2099.6519
G1 X133.276 Y113.418 E2099.66739
G1 X133.056 Y113.117 E2099.68599
G1 X132.96 Y112.842 E2099.70052
G1 X132.96 Y96.884 E2100.49667
G1 X132.648 Y96.884 E2100.51223
G1 X132.306 Y96.824 E2100.52956
G1 X132.264 Y96.764 E2100.53321
G1 X130.609 Y96.764 E2100.61578
G1 X130.551 Y96.843 E2100.62067
G1 X130.374 Y96.878 E2100.62967
G1 X129.768 Y96.884 E2100.6599
G1 X129.41 Y96.818 E2100.67807
G1 X129.373 Y96.764 E2100.68133
G1 X128.3 Y96.764 E2100.73486
G1 X128.3 Y120.216 E2101.90489
G0 F9000 X133.663 Y115.078
G0 X134.17 Y114.849
;TYPE:FILL
G1 F3000 X128.379 Y109.058 E2102.31348
G0 F9000 X128.38 Y109.341
G1 F3000 X132.88 Y104.841 E2102.63098
G1 F2700 E2093.63098
G0 F9000 X133.122 Y113.528
G0 X148.478 Y113.529
G0 X148.72 Y104.843
G1 F2700 E2102.63098
G1 F3000 X153.22 Y109.343 E2102.94847
G0 F9000 X153.22 Y109.057
G1 F3000 X147.431 Y114.846 E2103.35692
G0 F9000 X147.431 Y114.714
G1 F2700 E2094.35692
;MESH:NONMESH
G0 F300 X147.431 Y114.714 Z10.65
G0 F9000 X133.522 Y113.128
G0 X127.724 Y96.188
G0 X126.635 Y96.188
G0 X120.909 Y93.301
G0 X117.84 Y92.436
;TIME_ELAPSED:2804.461147
;LAYER:35
;TYPE:WALL-OUTER
;MESH:wildrosebuilds_puzzlecube.stl(1)
G1 F2700 E2103.35692
G1 F1500 X118.292 Y92.436 E2103.37947
G1 X118.324 Y92.364 E2103.3834
G1 X118.456 Y92.316 E2103.39041
G1 X119.017 Y92.316 E2103.4184
G1 X119.1 Y92.436 E2103.42568
G1 X121.183 Y92.436 E2103.5296
G1 X121.271 Y92.317 E2103.53698
G1 X121.883 Y92.316 E2103.56751
G1 X121.965 Y92.436 E2103.57477
G1 X124.1 Y92.436 E2103.68128
G1 X124.1 Y66.248 E2104.98781
G1 X117.695 Y72.649 E2105.43957
G1 X117.591 Y72.676 E2105.44493
G1 X97.5 Y72.676 E2106.44728
G1 X97.5 Y85.596 E2107.09186
G1 X103.76 Y85.596 E2107.40417
G1 X103.76 Y75.996 E2107.88312
G1 X103.805 Y75.88 E2107.88932
G1 X103.925 Y75.811 E2107.89623
G1 X117.64 Y75.808 E2108.58047
G1 X117.777 Y75.862 E2108.58782
G1 X117.834 Y75.958 E2108.59339
G1 X117.84 Y92.436 E2109.41548
G0 F9000 X118.24 Y91.996
;TYPE:WALL-INNER
G1 F1500 X118.456 Y91.916 E2109.42697
G1 X118.956 Y91.916 E2109.45192
G1 X119.161 Y91.952 E2109.4623
G1 X119.22 Y92.036 E2109.46742
G1 X121.081 Y92.036 E2109.56027
G1 X121.168 Y91.919 E2109.56754
G1 X121.82 Y91.916 E2109.60007
G1 X122.034 Y91.955 E2109.61092
G1 X122.09 Y92.036 E2109.61584
G1 X123.7 Y92.036 E2109.69616
G1 X123.7 Y67.213 E2110.93458
G1 X118.009 Y72.901 E2111.33601
G1 X117.858 Y73.01 E2111.3453
G1 X117.604 Y73.076 E2111.35839
G1 X97.9 Y73.076 E2112.34143
G1 X97.9 Y85.196 E2112.9461
G1 X103.36 Y85.196 E2113.2185
G1 X103.361 Y75.972 E2113.67869
G1 X103.394 Y75.807 E2113.68708
G1 X103.497 Y75.625 E2113.69752
G1 X103.692 Y75.47 E2113.70994
G1 X103.884 Y75.408 E2113.72001
G1 X117.64 Y75.408 E2114.4063
G1 X117.897 Y75.465 E2114.41943
G1 X118.051 Y75.57 E2114.42873
G1 X118.168 Y75.721 E2114.43826
G1 X118.24 Y75.904 E2114.44807
G1 X118.24 Y91.996 E2115.25091
G0 F9000 X118.64 Y91.516
G1 F1500 X118.956 Y91.516 E2115.26667
G1 X119.298 Y91.576 E2115.28399
G1 X119.34 Y91.636 E2115.28765
G1 X120.979 Y91.636 E2115.36942
G1 X121.037 Y91.557 E2115.37431
G1 X121.217 Y91.521 E2115.38347
G1 X121.82 Y91.516 E2115.41355
G1 X122.176 Y91.581 E2115.4316
G1 X122.214 Y91.636 E2115.43494
G1 X123.3 Y91.636 E2115.48912
G1 X123.3 Y68.178 E2116.65945
G1 X118.292 Y73.184 E2117.01272
G1 X118.04 Y73.366 E2117.02822
G1 X117.616 Y73.476 E2117.05008
G1 X98.3 Y73.476 E2118.01376
G1 X98.3 Y84.796 E2118.57851
G1 X102.96 Y84.796 E2118.811
G1 X102.961 Y75.948 E2119.25243
G1 X103.017 Y75.673 E2119.26643
G1 X103.189 Y75.37 E2119.28382
G1 X103.514 Y75.112 E2119.30452
G1 X103.833 Y75.008 E2119.32126
G1 X117.64 Y75.008 E2120.01009
G1 X118.068 Y75.103 E2120.03196
G1 X118.325 Y75.278 E2120.04748
G1 X118.519 Y75.531 E2120.06338
G1 X118.609 Y75.758 E2120.07556
G1 X118.64 Y76.008 E2120.08813
G1 X118.64 Y91.516 E2120.86183
G0 F9000 X118.72 Y83.258
;TYPE:FILL
G1 F3000 X123.22 Y78.758 E2121.17933
G0 F9000 X123.22 Y79.643
G1 F3000 X117.134 Y73.556 E2121.60876
G0 F9000 X104.465 Y73.556
G1 F3000 X98.38 Y79.641 E2122.03809
G0 F9000 X98.38 Y78.759
G1 F3000 X102.881 Y83.26 E2122.35566
G0 F9000 X102.75 Y83.26
G1 F2700 E2113.35566
;MESH:wildrosebuilds_puzzlecube.stl
G0 F9000 X97.748 Y85.366
G0 X97.748 Y86.461
G0 X97.748 Y95.099
G0 X97.499 Y122.146
;TYPE:WALL-OUTER
G1 F2700 E2122.35566
G1 F1500 X103.927 Y115.725 E2122.80895
G1 X124.1 Y115.724 E2123.81538
G1 X124.1 Y102.804 E2124.45996
G1 X117.84 Y102.804 E2124.77228
G1 X117.84 Y112.401 E2125.25107
G1 X117.795 Y112.516 E2125.25723
G1 X117.675 Y112.585 E2125.26414
G1 X103.945 Y112.588 E2125.94913
G1 X103.822 Y112.534 E2125.95583
G1 X103.762 Y112.423 E2125.96213
G1 X103.76 Y95.964 E2126.78327
G1 X103.307 Y95.964 E2126.80587
G1 X103.276 Y96.036 E2126.80978
G1 X103.144 Y96.084 E2126.81679
G1 X102.579 Y96.084 E2126.84498
G1 X102.496 Y95.964 E2126.85226
G1 X100.413 Y95.964 E2126.95618
G1 X100.325 Y96.083 E2126.96356
G1 X99.713 Y96.084 E2126.9941
G1 X99.631 Y95.964 E2127.00135
G1 X97.5 Y95.964 E2127.10766
G1 X97.499 Y122.146 E2128.41389
G0 F9000 X97.748 Y121.554
G0 X98.172 Y120.549
G0 X97.899 Y121.181
;TYPE:WALL-INNER
G1 F1500 X103.588 Y115.499 E2128.81503
G1 X103.739 Y115.389 E2128.82435
G1 X103.951 Y115.327 E2128.83537
G1 X123.7 Y115.324 E2129.82065
G1 X123.7 Y103.204 E2130.42532
G1 X118.24 Y103.204 E2130.69772
G1 X118.239 Y112.425 E2131.15776
G1 X118.206 Y112.59 E2131.16615
G1 X118.103 Y112.771 E2131.17654
G1 X117.908 Y112.926 E2131.18897
G1 X117.716 Y112.988 E2131.19904
G1 X103.916 Y112.987 E2131.88752
G1 X103.703 Y112.93 E2131.89852
G1 X103.548 Y112.825 E2131.90786
G1 X103.432 Y112.675 E2131.91732
G1 X103.36 Y112.492 E2131.92714
G1 X103.36 Y96.404 E2132.72977
G1 X103.144 Y96.484 E2132.74126
G1 X102.64 Y96.484 E2132.76641
G1 X102.435 Y96.449 E2132.77678
G1 X102.376 Y96.364 E2132.78194
G1 X100.515 Y96.364 E2132.87479
G1 X100.428 Y96.481 E2132.88206
G1 X99.776 Y96.484 E2132.91459
G1 X99.561 Y96.445 E2132.92549
G1 X99.506 Y96.364 E2132.93038
G1 X97.9 Y96.364 E2133.0105
G1 X97.899 Y121.181 E2134.24863
G0 F9000 X98.148 Y120.588
G0 X98.299 Y120.217
G1 F1500 X103.305 Y115.216 E2134.60165
G1 X103.557 Y115.033 E2134.61719
G1 X103.91 Y114.929 E2134.63555
G1 X123.3 Y114.924 E2135.60292
G1 X123.3 Y103.604 E2136.16768
G1 X118.64 Y103.604 E2136.40016
G1 X118.639 Y112.449 E2136.84144
G1 X118.583 Y112.724 E2136.85544
G1 X118.411 Y113.026 E2136.87278
G1 X118.086 Y113.284 E2136.89349
G1 X117.767 Y113.388 E2136.91022
G1 X103.887 Y113.386 E2137.6027
G1 X103.531 Y113.292 E2137.62107
G1 X103.274 Y113.116 E2137.63661
G1 X103.081 Y112.865 E2137.65241
G1 X102.991 Y112.638 E2137.66459
G1 X102.96 Y112.388 E2137.67716
G1 X102.96 Y96.884 E2138.45066
G1 X102.64 Y96.884 E2138.46662
G1 X102.299 Y96.825 E2138.48389
G1 X102.256 Y96.764 E2138.48761
G1 X100.617 Y96.764 E2138.56938
G1 X100.559 Y96.843 E2138.57427
G1 X100.38 Y96.879 E2138.58338
G1 X99.776 Y96.884 E2138.61351
G1 X99.419 Y96.819 E2138.63162
G1 X99.381 Y96.764 E2138.63495
G1 X98.3 Y96.764 E2138.68888
G1 X98.299 Y120.217 E2139.85896
G0 F9000 X103.663 Y115.078
G0 X104.471 Y114.85
;TYPE:FILL
G1 F3000 X98.379 Y108.758 E2140.28878
G0 F9000 X98.38 Y109.641
G1 F3000 X102.88 Y105.141 E2140.60628
G1 F2700 E2131.60628
G0 F9000 X103.122 Y113.228
G0 X118.478 Y113.229
G0 X118.719 Y105.141
G1 F2700 E2140.60628
G1 F3000 X123.22 Y109.643 E2140.92389
G0 F9000 X123.22 Y108.758
G1 F3000 X117.132 Y114.846 E2141.35343
G0 F9000 X117.132 Y114.714
G1 F2700 E2132.35343
;MESH:wildrosebuilds_puzzlecube.stl(2)
G0 F9000 X123.876 Y115.5
G0 X124.965 Y115.5
G0 X126.635 Y115.5
G0 X127.499 Y122.146
;TYPE:WALL-OUTER
G1 F2700 E2141.35343
G1 F1500 X133.927 Y115.725 E2141.80671
G1 X154.1 Y115.724 E2142.81315
G1 X154.1 Y102.804 E2143.45773
G1 X147.84 Y102.804 E2143.77004
G1 X147.84 Y112.401 E2144.24884
G1 X147.795 Y112.516 E2144.255
G1 X147.675 Y112.585 E2144.2619
G1 X133.945 Y112.588 E2144.9469
G1 X133.822 Y112.534 E2144.9536
G1 X133.762 Y112.423 E2144.95989
G1 X133.76 Y95.964 E2145.78103
G1 X133.307 Y95.964 E2145.80364
G1 X133.276 Y96.036 E2145.80755
G1 X133.144 Y96.084 E2145.81455
G1 X132.579 Y96.084 E2145.84274
G1 X132.496 Y95.964 E2145.85002
G1 X130.413 Y95.964 E2145.95394
G1 X130.325 Y96.083 E2145.96133
G1 X129.713 Y96.084 E2145.99186
G1 X129.631 Y95.964 E2145.99911
G1 X127.5 Y95.964 E2146.10543
G1 X127.499 Y122.146 E2147.41165
G0 F9000 X127.748 Y121.554
G0 X128.172 Y120.549
G0 X127.899 Y121.181
;TYPE:WALL-INNER
G1 F1500 X133.588 Y115.499 E2147.81279
G1 X133.739 Y115.389 E2147.82211
G1 X133.951 Y115.327 E2147.83313
G1 X153.7 Y115.324 E2148.81842
G1 X153.7 Y103.204 E2149.42309
G1 X148.24 Y103.204 E2149.69549
G1 X148.239 Y112.425 E2150.15552
G1 X148.206 Y112.59 E2150.16392
G1 X148.103 Y112.771 E2150.17431
G1 X147.908 Y112.926 E2150.18674
G1 X147.716 Y112.988 E2150.1968
G1 X133.916 Y112.987 E2150.88529
G1 X133.703 Y112.93 E2150.89629
G1 X133.548 Y112.825 E2150.90563
G1 X133.432 Y112.675 E2150.91509
G1 X133.36 Y112.492 E2150.9249
G1 X133.36 Y96.404 E2151.72753
G1 X133.144 Y96.484 E2151.73902
G1 X132.64 Y96.484 E2151.76417
G1 X132.435 Y96.449 E2151.77454
G1 X132.376 Y96.364 E2151.77971
G1 X130.515 Y96.364 E2151.87255
G1 X130.428 Y96.481 E2151.87983
G1 X129.776 Y96.484 E2151.91235
G1 X129.561 Y96.445 E2151.92326
G1 X129.506 Y96.364 E2151.92814
G1 X127.9 Y96.364 E2152.00826
G1 X127.899 Y121.181 E2153.24639
G0 F9000 X128.148 Y120.588
G0 X128.299 Y120.217
G1 F1500 X133.305 Y115.216 E2153.59941
G1 X133.557 Y115.033 E2153.61495
G1 X133.91 Y114.929 E2153.63331
G1 X153.3 Y114.924 E2154.60068
G1 X153.3 Y103.604 E2155.16544
G1 X148.64 Y103.604 E2155.39793
G1 X148.639 Y112.449 E2155.83921
G1 X148.583 Y112.724 E2155.85321
G1 X148.411 Y113.026 E2155.87055
G1 X148.086 Y113.284 E2155.89125
G1 X147.767 Y113.388 E2155.90799
G1 X133.887 Y113.386 E2156.60046
G1 X133.531 Y113.292 E2156.61883
G1 X133.274 Y113.116 E2156.63437
G1 X133.081 Y112.865 E2156.65017
G1 X132.991 Y112.638 E2156.66235
G1 X132.96 Y112.388 E2156.67492
G1 X132.96 Y96.884 E2157.44842
G1 X132.64 Y96.884 E2157.46438
G1 X132.299 Y96.825 E2157.48165
G1 X132.256 Y96.764 E2157.48537
G1 X130.617 Y96.764 E2157.56714
G1 X130.559 Y96.843 E2157.57203
G1 X130.38 Y96.879 E2157.58114
G1 X129.776 Y96.884 E2157.61128
G1 X129.419 Y96.819 E2157.62938
G1 X129.381 Y96.764 E2157.63271
G1 X128.3 Y96.764 E2157.68665
G1 X128.299 Y120.217 E2158.85672
G0 F9000 X133.663 Y115.078
G0 X134.47 Y114.85
;TYPE:FILL
G1 F3000 X128.379 Y108.758 E2159.28651
G0 F9000 X128.379 Y109.641
G1 F3000 X132.88 Y105.14 E2159.60408
G1 F2700 E2150.60408
G0 F9000 X133.122 Y113.228
G0 X148.478 Y113.229
G0 X148.719 Y105.142
G1 F2700 E2159.60408
G1 F3000 X153.22 Y109.643 E2159.92165
G0 F9000 X153.22 Y108.757
G1 F3000 X147.131 Y114.846 E2160.35126
G0 F9000 X147.131 Y114.714
G1 F2700 E2151.35126
;MESH:NONMESH
G0 F300 X147.131 Y114.714 Z10.95
G0 F9000 X133.522 Y112.828
G0 X127.724 Y96.188
G0 X126.635 Y96.188
G0 X120.906 Y93.301
G0 X117.84 Y92.436
;TIME_ELAPSED:2859.881885
;LAYER:36
;TYPE:WALL-OUTER
;MESH:wildrosebuilds_puzzlecube.stl(1)
G1 F2700 E2160.35126
G1 F1500 X118.366 Y92.436 E2160.3775
G1 X118.402 Y92.359 E2160.38174
G1 X118.528 Y92.316 E2160.38839
G1 X119.127 Y92.316 E2160.41827
G1 X119.212 Y92.436 E2160.42561
G1 X121.067 Y92.436 E2160.51815
G1 X121.155 Y92.316 E2160.52558
G1 X121.819 Y92.316 E2160.5587
G1 X121.901 Y92.436 E2160.56596
G1 X124.1 Y92.436 E2160.67566
G1 X124.1 Y66.248 E2161.98219
G1 X117.668 Y72.676 E2162.43586
G1 X97.501 Y72.677 E2163.442
G1 X97.5 Y85.596 E2164.08653
G1 X103.76 Y85.596 E2164.39884
G1 X103.762 Y76.279 E2164.86367
G1 X103.814 Y76.17 E2164.86969
G1 X103.925 Y76.111 E2164.87596
G1 X117.64 Y76.108 E2165.56021
G1 X117.778 Y76.162 E2165.5676
G1 X117.84 Y76.263 E2165.57351
G1 X117.84 Y92.436 E2166.38039
G0 F9000 X118.24 Y92.017
;TYPE:WALL-INNER
G1 F1500 X118.528 Y91.916 E2166.39561
G1 X119.068 Y91.916 E2166.42255
G1 X119.267 Y91.949 E2166.43262
G1 X119.328 Y92.036 E2166.43792
G1 X120.963 Y92.036 E2166.51949
G1 X121.051 Y91.917 E2166.52687
G1 X121.756 Y91.916 E2166.56205
G1 X121.967 Y91.954 E2166.57274
G1 X122.024 Y92.036 E2166.57772
G1 X123.7 Y92.036 E2166.66134
G1 X123.7 Y67.213 E2167.89977
G1 X118.009 Y72.901 E2168.30119
G1 X117.858 Y73.011 E2168.31051
G1 X117.602 Y73.076 E2168.32369
G1 X97.901 Y73.077 E2169.30657
G1 X97.9 Y85.196 E2169.91119
G1 X103.36 Y85.196 E2170.18359
G1 X103.366 Y76.221 E2170.63136
G1 X103.412 Y76.063 E2170.63957
G1 X103.523 Y75.896 E2170.64957
G1 X103.712 Y75.761 E2170.66116
G1 X103.885 Y75.708 E2170.67019
G1 X117.64 Y75.708 E2171.35643
G1 X117.898 Y75.765 E2171.36961
G1 X118.052 Y75.871 E2171.37894
G1 X118.24 Y76.178 E2171.3969
G1 X118.24 Y92.017 E2172.18711
G0 F9000 X118.64 Y91.516
G1 F1500 X119.068 Y91.516 E2172.20846
G1 X119.399 Y91.572 E2172.22521
G1 X119.444 Y91.636 E2172.22911
G1 X120.859 Y91.636 E2172.29971
G1 X120.916 Y91.559 E2172.30449
G1 X121.136 Y91.518 E2172.31565
G1 X121.756 Y91.516 E2172.34658
G1 X122.108 Y91.579 E2172.36442
G1 X122.147 Y91.636 E2172.36787
G1 X123.3 Y91.636 E2172.42539
G1 X123.3 Y68.178 E2173.59572
G1 X118.292 Y73.184 E2173.94899
G1 X118.04 Y73.367 E2173.96453
G1 X117.614 Y73.476 E2173.98646
G1 X98.301 Y73.477 E2174.94999
G1 X98.3 Y84.796 E2175.5147
G1 X102.96 Y84.796 E2175.74719
G1 X102.96 Y76.197 E2176.17619
G1 X103.047 Y75.899 E2176.19168
G1 X103.231 Y75.622 E2176.20827
G1 X103.547 Y75.397 E2176.22763
G1 X103.836 Y75.308 E2176.24271
G1 X117.64 Y75.308 E2176.9314
G1 X118.069 Y75.404 E2176.95333
G1 X118.327 Y75.58 E2176.96891
G1 X118.494 Y75.786 E2176.98214
G1 X118.602 Y76.032 E2176.99554
G1 X118.64 Y76.308 E2177.00944
G1 X118.64 Y91.516 E2177.76817
G0 F9000 X118.72 Y82.958
;TYPE:FILL
G1 F3000 X123.22 Y78.458 E2178.08567
G0 F9000 X123.22 Y79.943
G1 F3000 X116.835 Y73.557 E2178.53621
G0 F9000 X104.764 Y73.557
G1 F3000 X98.38 Y79.941 E2178.98663
G0 F9000 X98.38 Y78.46
G1 F3000 X102.88 Y82.959 E2179.3041
G0 F9000 X102.75 Y82.959
G1 F2700 E2170.3041
;MESH:wildrosebuilds_puzzlecube.stl
G0 F9000 X97.748 Y85.366
G0 X97.748 Y86.461
G0 X97.748 Y95.099
G0 X97.5 Y122.146
;TYPE:WALL-OUTER
G1 F2700 E2179.3041
G1 F1500 X103.927 Y115.725 E2179.75734
G1 X124.1 Y115.724 E2180.76378
G1 X124.1 Y102.804 E2181.40836
G1 X117.84 Y102.804 E2181.72067
G1 X117.838 Y112.118 E2182.18535
G1 X117.786 Y112.226 E2182.19133
G1 X117.675 Y112.285 E2182.1976
G1 X103.895 Y112.288 E2182.88509
G1 X103.762 Y112.123 E2182.89566
G1 X103.76 Y95.964 E2183.70184
G1 X103.23 Y95.964 E2183.72828
G1 X103.193 Y96.041 E2183.73254
G1 X103.068 Y96.084 E2183.73914
G1 X102.469 Y96.084 E2183.76902
G1 X102.384 Y95.964 E2183.77636
G1 X100.529 Y95.964 E2183.8689
G1 X100.441 Y96.084 E2183.87633
G1 X99.782 Y96.084 E2183.90921
G1 X99.696 Y95.964 E2183.91657
G1 X97.5 Y95.964 E2184.02613
G1 X97.5 Y122.146 E2185.33235
G0 F9000 X97.748 Y121.554
G0 X98.172 Y120.549
G0 X97.9 Y121.181
;TYPE:WALL-INNER
G1 F1500 X103.588 Y115.499 E2185.73346
G1 X103.739 Y115.389 E2185.74278
G1 X103.951 Y115.327 E2185.7538
G1 X123.7 Y115.324 E2186.73908
G1 X123.7 Y103.204 E2187.34375
G1 X118.24 Y103.204 E2187.61615
G1 X118.234 Y112.176 E2188.06377
G1 X118.188 Y112.334 E2188.07198
G1 X118.077 Y112.5 E2188.08194
G1 X117.888 Y112.635 E2188.09353
G1 X117.715 Y112.688 E2188.10256
G1 X103.916 Y112.687 E2188.79099
G1 X103.702 Y112.63 E2188.80204
G1 X103.547 Y112.524 E2188.81141
G1 X103.36 Y112.216 E2188.82938
G1 X103.36 Y96.382 E2189.61935
G1 X103.068 Y96.484 E2189.63478
G1 X102.528 Y96.484 E2189.66172
G1 X102.329 Y96.451 E2189.67178
G1 X102.268 Y96.364 E2189.67708
G1 X100.633 Y96.364 E2189.75865
G1 X100.545 Y96.483 E2189.76604
G1 X99.844 Y96.484 E2189.80101
G1 X99.633 Y96.446 E2189.81171
G1 X99.574 Y96.364 E2189.81675
G1 X97.9 Y96.364 E2189.90026
G1 X97.9 Y121.181 E2191.13839
G0 F9000 X98.148 Y120.588
G0 X98.3 Y120.216
G1 F1500 X103.305 Y115.216 E2191.49134
G1 X103.558 Y115.032 E2191.50695
G1 X103.911 Y114.929 E2191.52529
G1 X123.3 Y114.924 E2192.49262
G1 X123.3 Y103.604 E2193.05737
G1 X118.64 Y103.604 E2193.28986
G1 X118.64 Y112.2 E2193.71872
G1 X118.553 Y112.498 E2193.7342
G1 X118.368 Y112.774 E2193.75078
G1 X118.053 Y112.999 E2193.77009
G1 X117.764 Y113.088 E2193.78518
G1 X103.886 Y113.085 E2194.47756
G1 X103.53 Y112.991 E2194.49593
G1 X103.272 Y112.815 E2194.51151
G1 X103.106 Y112.61 E2194.52467
G1 X102.998 Y112.364 E2194.53807
G1 X102.96 Y112.088 E2194.55197
G1 X102.96 Y96.884 E2195.3105
G1 X102.528 Y96.884 E2195.33205
G1 X102.197 Y96.828 E2195.3488
G1 X102.152 Y96.764 E2195.35271
G1 X100.737 Y96.764 E2195.4233
G1 X100.68 Y96.841 E2195.42808
G1 X100.461 Y96.882 E2195.4392
G1 X99.844 Y96.884 E2195.46998
G1 X99.492 Y96.821 E2195.48782
G1 X99.452 Y96.764 E2195.49129
G1 X98.3 Y96.764 E2195.54877
G1 X98.3 Y120.216 E2196.71879
G0 F9000 X103.663 Y115.078
G0 X104.77 Y114.849
;TYPE:FILL
G1 F3000 X98.38 Y108.459 E2197.16964
G0 F9000 X98.38 Y109.94
G1 F3000 X102.88 Y105.441 E2197.4871
G1 F2700 E2188.4871
G0 F9000 X103.122 Y112.928
G0 X118.478 Y112.929
G0 X118.72 Y105.442
G1 F2700 E2197.4871
G1 F3000 X123.22 Y109.942 E2197.8046
G0 F9000 X123.22 Y108.458
G1 F3000 X116.832 Y114.846 E2198.25531
G0 F9000 X116.832 Y114.714
G1 F2700 E2189.25531
;MESH:wildrosebuilds_puzzlecube.stl(2)
G0 F9000 X123.876 Y115.5
G0 X124.965 Y115.5
G0 X126.635 Y115.5
G0 X127.5 Y122.146
;TYPE:WALL-OUTER
G1 F2700 E2198.25531
G1 F1500 X133.927 Y115.725 E2198.70856
G1 X154.1 Y115.724 E2199.71499
G1 X154.1 Y102.804 E2200.35958
G1 X147.84 Y102.804 E2200.67189
G1 X147.838 Y112.118 E2201.13657
G1 X147.786 Y112.226 E2201.14255
G1 X147.675 Y112.285 E2201.14882
G1 X133.895 Y112.288 E2201.83631
G1 X133.762 Y112.123 E2201.84688
G1 X133.76 Y95.964 E2202.65305
G1 X133.23 Y95.964 E2202.6795
G1 X133.193 Y96.041 E2202.68376
G1 X133.068 Y96.084 E2202.69035
G1 X132.469 Y96.084 E2202.72024
G1 X132.384 Y95.964 E2202.72757
G1 X130.529 Y95.964 E2202.82012
G1 X130.441 Y96.084 E2202.82754
G1 X129.782 Y96.084 E2202.86042
G1 X129.696 Y95.964 E2202.86779
G1 X127.5 Y95.964 E2202.97735
G1 X127.5 Y122.146 E2204.28357
G0 F9000 X127.748 Y121.554
G0 X128.172 Y120.549
G0 X127.9 Y121.181
;TYPE:WALL-INNER
G1 F1500 X133.588 Y115.499 E2204.68468
G1 X133.739 Y115.389 E2204.694
G1 X133.951 Y115.327 E2204.70502
G1 X153.7 Y115.324 E2205.6903
G1 X153.7 Y103.204 E2206.29497
G1 X148.24 Y103.204 E2206.56737
G1 X148.234 Y112.176 E2207.01499
G1 X148.188 Y112.334 E2207.0232
G1 X148.077 Y112.5 E2207.03316
G1 X147.888 Y112.635 E2207.04475
G1 X147.715 Y112.688 E2207.05377
G1 X133.916 Y112.687 E2207.74221
G1 X133.702 Y112.63 E2207.75326
G1 X133.547 Y112.524 E2207.76262
G1 X133.36 Y112.216 E2207.7806
G1 X133.36 Y96.382 E2208.57056
G1 X133.068 Y96.484 E2208.58599
G1 X132.528 Y96.484 E2208.61293
G1 X132.329 Y96.451 E2208.623
G1 X132.268 Y96.364 E2208.6283
G1 X130.633 Y96.364 E2208.70987
G1 X130.545 Y96.483 E2208.71725
G1 X129.844 Y96.484 E2208.75223
G1 X129.633 Y96.446 E2208.76292
G1 X129.574 Y96.364 E2208.76796
G1 X127.9 Y96.364 E2208.85148
G1 X127.9 Y121.181 E2210.0896
G0 F9000 X128.148 Y120.588
G0 X128.3 Y120.216
G1 F1500 X133.305 Y115.216 E2210.44256
G1 X133.558 Y115.032 E2210.45817
G1 X133.911 Y114.929 E2210.47651
G1 X153.3 Y114.924 E2211.44383
G1 X153.3 Y103.604 E2212.00859
G1 X148.64 Y103.604 E2212.24108
G1 X148.64 Y112.2 E2212.66993
G1 X148.553 Y112.498 E2212.68542
G1 X148.368 Y112.774 E2212.702
G1 X148.053 Y112.999 E2212.72131
G1 X147.764 Y113.088 E2212.7364
G1 X133.886 Y113.085 E2213.42877
G1 X133.53 Y112.991 E2213.44714
G1 X133.272 Y112.815 E2213.46272
G1 X133.106 Y112.61 E2213.47588
G1 X132.998 Y112.364 E2213.48929
G1 X132.96 Y112.088 E2213.50319
G1 X132.96 Y96.884 E2214.26172
G1 X132.528 Y96.884 E2214.28327
G1 X132.197 Y96.828 E2214.30002
G1 X132.152 Y96.764 E2214.30392
G1 X130.737 Y96.764 E2214.37452
G1 X130.68 Y96.841 E2214.3793
G1 X130.461 Y96.882 E2214.39041
G1 X129.844 Y96.884 E2214.4212
G1 X129.492 Y96.821 E2214.43904
G1 X129.452 Y96.764 E2214.44251
G1 X128.3 Y96.764 E2214.49998
G1 X128.3 Y120.216 E2215.67001
G0 F9000 X133.663 Y115.078
G0 X134.77 Y114.849
;TYPE:FILL
G1 F3000 X128.379 Y108.459 E2216.12089
G0 F9000 X128.38 Y109.94
G1 F3000 X132.88 Y105.441 E2216.43836
G1 F2700 E2207.43836
G0 F9000 X133.122 Y112.928
G0 X148.478 Y112.929
G0 X148.72 Y105.442
G1 F2700 E2216.43836
G1 F3000 X153.22 Y109.942 E2216.75586
G0 F9000 X153.22 Y108.457
G1 F3000 X146.831 Y114.846 E2217.20663
G0 F9000 X146.831 Y114.714
G1 F2700 E2208.20663
;MESH:NONMESH
G0 F300 X146.831 Y114.714 Z11.25
G0 F9000 X133.522 Y112.528
G0 X127.724 Y96.188
G0 X126.635 Y96.188
G0 X119.495 Y93.301
G0 X117.84 Y92.436
;TIME_ELAPSED:2915.303297
;LAYER:37
;TYPE:WALL-OUTER
;MESH:wildrosebuilds_puzzlecube.stl(1)
G1 F2700 E2217.20663
G1 F1500 X118.513 Y92.436 E2217.24021
G1 X118.556 Y92.352 E2217.24492
G1 X118.672 Y92.316 E2217.25098
G1 X119.384 Y92.316 E2217.2865
G1 X119.47 Y92.436 E2217.29387
G1 X120.802 Y92.436 E2217.36032
G1 X120.89 Y92.316 E2217.36774
G1 X121.66 Y92.316 E2217.40616
G1 X121.744 Y92.436 E2217.41347
G1 X124.1 Y92.436 E2217.53101
G1 X124.1 Y66.248 E2218.83753
G1 X117.668 Y72.676 E2219.2912
G1 X97.5 Y72.676 E2220.29739
G1 X97.5 Y85.596 E2220.94197
G1 X103.76 Y85.596 E2221.25428
G1 X103.765 Y76.562 E2221.70499
G1 X103.822 Y76.462 E2221.71073
G1 X103.925 Y76.41 E2221.71649
G1 X117.705 Y76.408 E2222.40398
G1 X117.836 Y76.567 E2222.41426
G1 X117.84 Y92.436 E2223.20596
G0 F9000 X118.24 Y92.053
;TYPE:WALL-INNER
G1 F1500 X118.672 Y91.916 E2223.22857
G1 X119.328 Y91.916 E2223.2613
G1 X119.514 Y91.945 E2223.27069
G1 X119.58 Y92.036 E2223.2763
G1 X120.694 Y92.036 E2223.33188
G1 X120.761 Y91.944 E2223.33756
G1 X120.944 Y91.916 E2223.34679
G1 X121.6 Y91.916 E2223.37952
G1 X121.804 Y91.951 E2223.38985
G1 X121.864 Y92.036 E2223.39504
G1 X123.7 Y92.036 E2223.48664
G1 X123.7 Y67.213 E2224.72506
G1 X118.009 Y72.901 E2225.12649
G1 X117.857 Y73.011 E2225.13585
G1 X117.601 Y73.076 E2225.14902
G1 X97.9 Y73.076 E2226.13191
G1 X97.9 Y85.196 E2226.73658
G1 X103.36 Y85.196 E2227.00898
G1 X103.36 Y76.512 E2227.44223
G1 X103.431 Y76.322 E2227.45235
G1 X103.548 Y76.171 E2227.46188
G1 X103.73 Y76.053 E2227.4727
G1 X103.883 Y76.008 E2227.48066
G1 X117.64 Y76.008 E2228.16699
G1 X117.899 Y76.066 E2228.18024
G1 X118.137 Y76.27 E2228.19588
G1 X118.24 Y76.514 E2228.20909
G1 X118.24 Y92.053 E2228.98433
G0 F9000 X118.64 Y91.516
G1 F1500 X119.328 Y91.516 E2229.01866
G1 X119.638 Y91.565 E2229.03431
G1 X119.689 Y91.636 E2229.03868
G1 X120.587 Y91.636 E2229.08348
G1 X120.64 Y91.563 E2229.08798
G1 X120.944 Y91.516 E2229.10332
G1 X121.6 Y91.516 E2229.13605
G1 X121.94 Y91.575 E2229.15327
G1 X121.983 Y91.636 E2229.15699
G1 X123.3 Y91.636 E2229.2227
G1 X123.3 Y68.178 E2230.39302
G1 X118.291 Y73.184 E2230.74633
G1 X118.039 Y73.367 E2230.76187
G1 X117.612 Y73.476 E2230.78385
G1 X98.3 Y73.476 E2231.74733
G1 X98.3 Y84.796 E2232.31209
G1 X102.96 Y84.796 E2232.54458
G1 X102.96 Y76.448 E2232.96106
G1 X103.079 Y76.132 E2232.97791
G1 X103.273 Y75.88 E2232.99377
G1 X103.577 Y75.683 E2233.01185
G1 X103.835 Y75.608 E2233.02525
G1 X117.64 Y75.608 E2233.71398
G1 X118.071 Y75.705 E2233.73603
G1 X118.328 Y75.882 E2233.75159
G1 X118.468 Y76.046 E2233.76235
G1 X118.64 Y76.452 E2233.78435
G1 X118.64 Y91.516 E2234.5359
G0 F9000 X118.72 Y82.658
;TYPE:FILL
G1 F3000 X123.22 Y78.158 E2234.85339
G0 F9000 X123.22 Y80.242
G1 F3000 X116.534 Y73.556 E2235.32513
G1 X116.4 Y73.676
G1 X116.4 Y75.408 E2235.41154
G0 F9000 X116 Y75.408
G1 F3000 X116 Y73.676 E2235.49795
G0 F9000 X115.6 Y73.676
G1 F3000 X115.6 Y75.408 E2235.58436
G0 F9000 X115.2 Y75.408
G1 F3000 X115.2 Y73.676 E2235.67077
G0 F9000 X114.8 Y73.676
G1 F3000 X114.8 Y75.408 E2235.75718
G0 F9000 X114.4 Y75.408
G1 F3000 X114.4 Y73.676 E2235.84359
G0 F9000 X114 Y73.676
G1 F3000 X114 Y75.408 E2235.93
G0 F9000 X113.6 Y75.408
G1 F3000 X113.6 Y73.676 E2236.01641
G0 F9000 X113.2 Y73.676
G1 F3000 X113.2 Y75.408 E2236.10282
G0 F9000 X112.8 Y75.408
G1 F3000 X112.8 Y73.676 E2236.18923
G0 F9000 X112.4 Y73.676
G1 F3000 X112.4 Y75.408 E2236.27564
G0 F9000 X112 Y75.408
G1 F3000 X112 Y73.676 E2236.36205
G0 F9000 X111.6 Y73.676
G1 F3000 X111.6 Y75.408 E2236.44846
G0 F9000 X111.2 Y75.408
G1 F3000 X111.2 Y73.676 E2236.53487
G0 F9000 X110.8 Y73.676
G1 F3000 X110.8 Y75.408 E2236.62128
G0 F9000 X110.4 Y75.408
G1 F3000 X110.4 Y73.676 E2236.70769
G0 F9000 X110 Y73.676
G1 F3000 X110 Y75.408 E2236.7941
G0 F9000 X105.065 Y73.556
G1 F3000 X98.38 Y80.241 E2237.26576
G0 F9000 X98.38 Y78.159
G1 F3000 X102.88 Y82.659 E2237.58326
G0 F9000 X103.122 Y75.771
G0 X116.8 Y75.408
G1 F3000 X116.8 Y73.823 E2237.66233
G0 F9000 X117.2 Y74.223
G1 F3000 X117.2 Y75.408 E2237.72145
G0 F9000 X117.6 Y75.408
G1 F3000 X117.6 Y74.623 E2237.76062
G1 X117.653 Y74.674
G1 X117.989 Y73.581 E2237.81767
G0 F9000 X118.51 Y73.248
G1 F3000 X117.973 Y74.994 E2237.9088
G0 F9000 X118.293 Y75.314
G1 F3000 X119.114 Y72.644 E2238.04816
G0 F9000 X119.12 Y72.652
G1 F2700 E2229.04816
;MESH:wildrosebuilds_puzzlecube.stl
G0 F9000 X103.536 Y76.185
G0 X104.613 Y77.262
G0 X104.613 Y86.449
G0 X101.858 Y95.099
G0 X97.5 Y122.146
;TYPE:WALL-OUTER
G1 F2700 E2238.04816
G1 F1500 X103.901 Y115.751 E2238.49958
G1 X103.992 Y115.724 E2238.50431
G1 X124.1 Y115.724 E2239.5075
G1 X124.1 Y102.804 E2240.15209
G1 X117.84 Y102.804 E2240.4644
G1 X117.838 Y111.823 E2240.91436
G1 X117.778 Y111.934 E2240.92065
G1 X117.675 Y111.986 E2240.92641
G1 X103.895 Y111.988 E2241.6139
G1 X103.762 Y111.823 E2241.62447
G1 X103.76 Y95.964 E2242.41568
G1 X103.083 Y95.964 E2242.44945
G1 X103.04 Y96.048 E2242.45416
G1 X102.924 Y96.084 E2242.46022
G1 X102.212 Y96.084 E2242.49574
G1 X102.128 Y95.964 E2242.50305
G1 X100.794 Y95.964 E2242.5696
G1 X100.706 Y96.084 E2242.57703
G1 X99.936 Y96.084 E2242.61544
G1 X99.852 Y95.964 E2242.62275
G1 X97.5 Y95.964 E2242.74009
G1 X97.5 Y122.146 E2244.04632
G0 F9000 X97.748 Y121.554
G0 X98.172 Y120.549
G0 X97.9 Y121.181
;TYPE:WALL-INNER
G1 F1500 X103.588 Y115.499 E2244.44743
G1 X103.739 Y115.389 E2244.45675
G1 X103.952 Y115.326 E2244.46783
G1 X123.7 Y115.324 E2245.45306
G1 X123.7 Y103.204 E2246.05773
G1 X118.24 Y103.204 E2246.33013
G1 X118.24 Y111.885 E2246.76323
G1 X118.168 Y112.074 E2246.77332
G1 X118.052 Y112.225 E2246.78282
G1 X117.87 Y112.343 E2246.79364
G1 X117.717 Y112.388 E2246.8016
G1 X103.915 Y112.387 E2247.49018
G1 X103.701 Y112.329 E2247.50124
G1 X103.546 Y112.223 E2247.51061
G1 X103.408 Y112.024 E2247.52269
G1 X103.36 Y111.866 E2247.53093
G1 X103.36 Y96.347 E2248.30518
G1 X102.924 Y96.484 E2248.32798
G1 X102.268 Y96.484 E2248.3607
G1 X102.082 Y96.455 E2248.3701
G1 X102.019 Y96.364 E2248.37562
G1 X100.902 Y96.364 E2248.43135
G1 X100.835 Y96.456 E2248.43702
G1 X100.652 Y96.484 E2248.44626
G1 X99.996 Y96.484 E2248.47899
G1 X99.792 Y96.449 E2248.48931
G1 X99.732 Y96.364 E2248.4945
G1 X97.9 Y96.364 E2248.5859
G1 X97.9 Y121.181 E2249.82403
G0 F9000 X98.148 Y120.588
G0 X98.3 Y120.216
G1 F1500 X103.305 Y115.216 E2250.17698
G1 X103.558 Y115.032 E2250.19259
G1 X103.912 Y114.928 E2250.211
G1 X123.3 Y114.924 E2251.17827
G1 X123.3 Y103.604 E2251.74303
G1 X118.64 Y103.604 E2251.97551
G1 X118.64 Y111.945 E2252.39165
G1 X118.52 Y112.265 E2252.4087
G1 X118.327 Y112.516 E2252.42449
G1 X118.022 Y112.713 E2252.44261
G1 X117.765 Y112.788 E2252.45597
G1 X103.885 Y112.786 E2253.14844
G1 X103.529 Y112.69 E2253.16684
G1 X103.271 Y112.513 E2253.18245
G1 X103.04 Y112.182 E2253.20258
G1 X102.96 Y111.914 E2253.21654
G1 X102.96 Y96.884 E2253.96639
G1 X102.268 Y96.884 E2254.00091
G1 X101.958 Y96.836 E2254.01656
G1 X101.909 Y96.764 E2254.02091
G1 X101.01 Y96.764 E2254.06576
G1 X100.956 Y96.837 E2254.07029
G1 X100.652 Y96.884 E2254.08564
G1 X99.996 Y96.884 E2254.11836
G1 X99.656 Y96.825 E2254.13558
G1 X99.613 Y96.764 E2254.1393
G1 X98.3 Y96.764 E2254.20481
G1 X98.3 Y120.216 E2255.37483
G0 F9000 X103.2 Y115.048
;TYPE:FILL
G1 F3000 X103.2 Y112.98 E2255.47801
G0 F9000 X103.6 Y113.38
G1 F3000 X103.6 Y114.815 E2255.5496
G0 F9000 X104 Y114.729
G1 F3000 X104 Y113.78 E2255.59694
G1 X104 Y113.778
G1 X104 Y112.986 E2255.63646
G0 F9000 X104.8 Y112.986
G1 F3000 X104.8 Y114.578 E2255.71588
G0 F9000 X105.069 Y114.848
G1 F3000 X98.38 Y108.159 E2256.18783
G0 F9000 X98.38 Y110.241
G1 F3000 X102.88 Y105.741 E2256.50533
G0 F9000 X103.122 Y112.628
G0 X105.2 Y112.986
G1 F3000 X105.2 Y114.729 E2256.59229
G0 F9000 X105.6 Y114.729
G1 F3000 X105.6 Y112.986 E2256.67924
G0 F9000 X106 Y112.986
G1 F3000 X106 Y114.728 E2256.76615
G0 F9000 X106.4 Y114.728
G1 F3000 X106.4 Y112.986 E2256.85306
G0 F9000 X106.8 Y112.986
G1 F3000 X106.8 Y114.728 E2256.93997
G0 F9000 X107.2 Y114.728
G1 F3000 X107.2 Y112.986 E2257.02688
G0 F9000 X107.6 Y112.986
G1 F3000 X107.6 Y114.728 E2257.11379
G0 F9000 X108 Y114.728
G1 F3000 X108 Y112.986 E2257.2007
G0 F9000 X108.4 Y112.986
G1 F3000 X108.4 Y114.728 E2257.28761
G0 F9000 X108.8 Y114.728
G1 F3000 X108.8 Y112.987 E2257.37446
G0 F9000 X109.2 Y112.987
G1 F3000 X109.2 Y114.728 E2257.46132
G0 F9000 X109.6 Y114.728
G1 F3000 X109.6 Y112.987 E2257.54818
G0 F9000 X110 Y112.987
G1 F3000 X110 Y114.727 E2257.63499
G0 F9000 X110.4 Y114.727
G1 F3000 X110.4 Y112.987 E2257.7218
G0 F9000 X110.8 Y112.987
G1 F3000 X110.8 Y114.727 E2257.80861
G0 F9000 X111.2 Y114.727
G1 F3000 X111.2 Y112.987 E2257.89542
G0 F9000 X111.6 Y112.987
G1 F3000 X111.6 Y114.727 E2257.98223
G0 F9000 X116.532 Y114.846
G1 F3000 X123.22 Y108.158 E2258.4541
G0 F9000 X123.22 Y110.242
G1 F3000 X118.72 Y105.741 E2258.77164
G0 F9000 X118.85 Y105.741
G1 F2700 E2249.77164
;MESH:wildrosebuilds_puzzlecube.stl(2)
G0 F9000 X123.876 Y115.5
G0 X124.965 Y115.5
G0 X126.635 Y115.5
G0 X127.5 Y122.146
;TYPE:WALL-OUTER
G1 F2700 E2258.77164
G1 F1500 X133.901 Y115.751 E2259.22305
G1 X133.992 Y115.724 E2259.22779
G1 X154.1 Y115.724 E2260.23098
G1 X154.1 Y102.804 E2260.87556
G1 X147.84 Y102.804 E2261.18787
G1 X147.838 Y111.823 E2261.63783
G1 X147.778 Y111.934 E2261.64413
G1 X147.675 Y111.986 E2261.64988
G1 X133.895 Y111.988 E2262.33737
G1 X133.762 Y111.823 E2262.34794
G1 X133.76 Y95.964 E2263.13915
G1 X133.083 Y95.964 E2263.17293
G1 X133.04 Y96.048 E2263.17764
G1 X132.924 Y96.084 E2263.1837
G1 X132.212 Y96.084 E2263.21922
G1 X132.128 Y95.964 E2263.22652
G1 X130.794 Y95.964 E2263.29308
G1 X130.706 Y96.084 E2263.3005
G1 X129.936 Y96.084 E2263.33892
G1 X129.852 Y95.964 E2263.34623
G1 X127.5 Y95.964 E2263.46357
G1 X127.5 Y122.146 E2264.76979
G0 F9000 X127.748 Y121.554
G0 X128.172 Y120.549
G0 X127.9 Y121.181
;TYPE:WALL-INNER
G1 F1500 X133.588 Y115.499 E2265.1709
G1 X133.739 Y115.389 E2265.18022
G1 X133.952 Y115.326 E2265.1913
G1 X153.7 Y115.324 E2266.17653
G1 X153.7 Y103.204 E2266.7812
G1 X148.24 Y103.204 E2267.0536
G1 X148.24 Y111.885 E2267.4867
G1 X148.168 Y112.074 E2267.49679
G1 X148.052 Y112.225 E2267.50629
G1 X147.87 Y112.343 E2267.51711
G1 X147.717 Y112.388 E2267.52507
G1 X133.915 Y112.387 E2268.21365
G1 X133.701 Y112.329 E2268.22471
G1 X133.546 Y112.223 E2268.23408
G1 X133.408 Y112.024 E2268.24617
G1 X133.36 Y111.866 E2268.2544
G1 X133.36 Y96.347 E2269.02865
G1 X132.924 Y96.484 E2269.05145
G1 X132.268 Y96.484 E2269.08418
G1 X132.082 Y96.455 E2269.09357
G1 X132.019 Y96.364 E2269.09909
G1 X130.902 Y96.364 E2269.15482
G1 X130.835 Y96.456 E2269.1605
G1 X130.652 Y96.484 E2269.16973
G1 X129.996 Y96.484 E2269.20246
G1 X129.792 Y96.449 E2269.21279
G1 X129.732 Y96.364 E2269.21798
G1 X127.9 Y96.364 E2269.30938
G1 X127.9 Y121.181 E2270.5475
G0 F9000 X128.148 Y120.588
G0 X128.3 Y120.216
G1 F1500 X133.305 Y115.216 E2270.90046
G1 X133.558 Y115.032 E2270.91606
G1 X133.912 Y114.928 E2270.93447
G1 X153.3 Y114.924 E2271.90174
G1 X153.3 Y103.604 E2272.4665
G1 X148.64 Y103.604 E2272.69899
G1 X148.64 Y111.945 E2273.11512
G1 X148.52 Y112.265 E2273.13217
G1 X148.327 Y112.516 E2273.14797
G1 X148.022 Y112.713 E2273.16608
G1 X147.765 Y112.788 E2273.17944
G1 X133.885 Y112.786 E2273.87192
G1 X133.529 Y112.69 E2273.89031
G1 X133.271 Y112.513 E2273.90592
G1 X133.04 Y112.182 E2273.92606
G1 X132.96 Y111.914 E2273.94001
G1 X132.96 Y96.884 E2274.68986
G1 X132.268 Y96.884 E2274.72439
G1 X131.958 Y96.836 E2274.74004
G1 X131.909 Y96.764 E2274.74438
G1 X131.01 Y96.764 E2274.78923
G1 X130.956 Y96.837 E2274.79376
G1 X130.652 Y96.884 E2274.80911
G1 X129.996 Y96.884 E2274.84184
G1 X129.656 Y96.825 E2274.85905
G1 X129.613 Y96.764 E2274.86278
G1 X128.3 Y96.764 E2274.92828
G1 X128.3 Y120.216 E2276.09831
G0 F9000 X133.2 Y115.048
;TYPE:FILL
G1 F3000 X133.2 Y112.981 E2276.20143
G0 F9000 X133.6 Y113.381
G1 F3000 X133.6 Y114.815 E2276.27297
G0 F9000 X134 Y114.729
G1 F3000 X134 Y113.781 E2276.32027
G1 X134 Y113.778
G1 X134 Y112.986 E2276.35978
G0 F9000 X134.8 Y112.986
G1 F3000 X134.8 Y114.578 E2276.43921
G0 F9000 X135.069 Y114.848
G1 F3000 X128.379 Y108.159 E2276.91119
G0 F9000 X128.38 Y110.24
G1 F3000 X132.88 Y105.741 E2277.22865
G0 F9000 X133.122 Y112.628
G0 X135.2 Y112.986
G1 F3000 X135.2 Y114.729 E2277.31561
G0 F9000 X135.6 Y114.729
G1 F3000 X135.6 Y112.986 E2277.40257
G0 F9000 X136 Y112.986
G1 F3000 X136 Y114.728 E2277.48948
G0 F9000 X136.4 Y114.728
G1 F3000 X136.4 Y112.986 E2277.57639
G0 F9000 X136.8 Y112.986
G1 F3000 X136.8 Y114.728 E2277.66329
G0 F9000 X137.2 Y114.728
G1 F3000 X137.2 Y112.986 E2277.7502
G0 F9000 X137.6 Y112.986
G1 F3000 X137.6 Y114.728 E2277.83711
G0 F9000 X138 Y114.728
G1 F3000 X138 Y112.986 E2277.92402
G0 F9000 X138.4 Y112.986
G1 F3000 X138.4 Y114.728 E2278.01093
G0 F9000 X138.8 Y114.728
G1 F3000 X138.8 Y112.987 E2278.09779
G0 F9000 X139.2 Y112.987
G1 F3000 X139.2 Y114.728 E2278.18465
G0 F9000 X139.6 Y114.728
G1 F3000 X139.6 Y112.987 E2278.27151
G0 F9000 X140 Y112.987
G1 F3000 X140 Y114.727 E2278.35832
G0 F9000 X140.4 Y114.727
G1 F3000 X140.4 Y112.987 E2278.44512
G0 F9000 X140.8 Y112.987
G1 F3000 X140.8 Y114.727 E2278.53193
G0 F9000 X141.2 Y114.727
G1 F3000 X141.2 Y112.987 E2278.61874
G0 F9000 X141.6 Y112.987
G1 F3000 X141.6 Y114.727 E2278.70555
G0 F9000 X146.532 Y114.846
G1 F3000 X153.22 Y108.158 E2279.17743
G0 F9000 X153.22 Y110.242
G1 F3000 X148.719 Y105.741 E2279.495
G0 F9000 X148.85 Y105.741
G1 F2700 E2270.495
;MESH:NONMESH
G0 F300 X148.85 Y105.741 Z11.55
G0 F9000 X148.078 Y112.229
G0 X133.522 Y112.228
G0 X127.724 Y96.188
G0 X126.635 Y96.188
G0 X119.757 Y93.301
G0 X117.84 Y92.436
;TIME_ELAPSED:2978.676124
;LAYER:38
;TYPE:WALL-OUTER
;MESH:wildrosebuilds_puzzlecube.stl(1)
G1 F2700 E2279.495
G1 F1500 X118.769 Y92.436 E2279.54134
G1 X118.821 Y92.344 E2279.54662
G1 X118.924 Y92.316 E2279.55194
G1 X121.418 Y92.316 E2279.67637
G1 X121.503 Y92.436 E2279.6837
G1 X124.1 Y92.436 E2279.81327
G1 X124.1 Y66.248 E2281.11979
G1 X117.671 Y72.67 E2281.57315
G1 X97.501 Y72.677 E2282.57943
G1 X97.5 Y85.596 E2283.22396
G1 X103.76 Y85.596 E2283.53628
G1 X103.76 Y76.861 E2283.97207
G1 X103.83 Y76.755 E2283.97841
G1 X103.925 Y76.71 E2283.98365
G1 X117.687 Y76.713 E2284.67024
G1 X117.801 Y76.788 E2284.67705
G1 X117.836 Y76.864 E2284.68122
G1 X117.84 Y92.436 E2285.45811
G0 F9000 X118.24 Y92.036
;TYPE:WALL-INNER
G1 F1500 X118.596 Y92.036 E2285.47587
G1 X118.616 Y92 E2285.47793
G1 X118.924 Y91.916 E2285.49385
G1 X121.36 Y91.916 E2285.61539
G1 X121.555 Y91.948 E2285.62525
G1 X121.618 Y92.036 E2285.63064
G1 X123.7 Y92.036 E2285.73452
G1 X123.7 Y67.213 E2286.97294
G1 X117.97 Y72.94 E2287.37712
G1 X117.699 Y73.076 E2287.39224
G1 X97.901 Y73.077 E2288.37997
G1 X97.9 Y85.196 E2288.98459
G1 X103.36 Y85.196 E2289.25699
G1 X103.36 Y76.908 E2289.67048
G1 X103.387 Y76.727 E2289.67961
G1 X103.572 Y76.45 E2289.69623
G1 X103.884 Y76.308 E2289.71333
G1 X117.745 Y76.308 E2290.40486
G1 X117.989 Y76.419 E2290.41823
G1 X118.121 Y76.548 E2290.42744
G1 X118.24 Y76.806 E2290.44162
G1 X118.24 Y92.036 E2291.20144
G0 F9000 X118.64 Y91.594
G1 F1500 X118.924 Y91.516 E2291.21614
G1 X121.36 Y91.516 E2291.33767
G1 X121.685 Y91.57 E2291.35411
G1 X121.732 Y91.636 E2291.35815
G1 X123.3 Y91.636 E2291.43638
G1 X123.3 Y68.178 E2292.6067
G1 X118.223 Y73.252 E2292.9648
G1 X117.842 Y73.443 E2292.98607
G1 X117.61 Y73.476 E2292.99776
G1 X98.301 Y73.477 E2293.96109
G1 X98.3 Y84.796 E2294.5258
G1 X102.96 Y84.796 E2294.75828
G1 X102.96 Y76.908 E2295.15182
G1 X103.006 Y76.607 E2295.16701
G1 X103.115 Y76.372 E2295.17993
G1 X103.313 Y76.144 E2295.195
G1 X103.605 Y75.973 E2295.21188
G1 X103.837 Y75.908 E2295.2239
G1 X117.64 Y75.908 E2295.91254
G1 X117.874 Y75.935 E2295.92429
G1 X118.222 Y76.094 E2295.94338
G1 X118.441 Y76.308 E2295.95865
G1 X118.64 Y76.74 E2295.98238
G1 X118.64 Y91.594 E2296.72345
G0 F9000 X118.72 Y82.357
;TYPE:FILL
G1 F3000 X123.22 Y77.857 E2297.04095
G0 F9000 X123.22 Y80.544
G1 F3000 X118.72 Y76.043 E2297.35848
G0 F9000 X118.94 Y76.043
G0 X118.842 Y76.947
G0 X118.57 Y76.212
G0 X118.301 Y75.926
G0 X109.444 Y75.736
G0 X105.366 Y73.556
G1 F3000 X98.38 Y80.542 E2297.85138
G0 F9000 X98.38 Y77.859
G1 F3000 X102.88 Y82.358 E2298.16885
G0 F9000 X103.122 Y76.071
G0 X118.478 Y76.072
G0 X118.842 Y76.947
G0 X118.94 Y76.041
G0 X118.68 Y76.041
;TYPE:SKIN
G1 F1500 X118.68 Y73.301 E2298.30555
G1 X118.466 Y73.515 E2298.32065
G1 X118.065 Y73.772 E2298.34441
G1 X117.604 Y73.836 E2298.36763
G1 X109.632 Y73.836 E2298.76535
G1 X109.632 Y75.548 E2298.85076
G1 X117.657 Y75.549 E2299.25113
G1 X117.981 Y75.591 E2299.26743
G1 X118.353 Y75.727 E2299.28719
G1 X118.68 Y76.041 E2299.30981
G0 F9000 X118.94 Y76.041
G0 X118.855 Y72.882
G0 X117.92 Y73.518
G0 X118.095 Y73.971
G1 F1500 X118.48 Y74.357 E2299.33701
G0 F9000 X118.48 Y74.922
G1 F1500 X117.594 Y74.036 E2299.39952
G0 F9000 X117.028 Y74.036
G1 F1500 X118.48 Y75.488 E2299.50197
G0 F9000 X117.789 Y75.363
G1 F1500 X116.463 Y74.036 E2299.59556
G0 F9000 X115.897 Y74.036
G1 F1500 X117.21 Y75.349 E2299.6882
G0 F9000 X116.644 Y75.349
G1 F1500 X115.331 Y74.036 E2299.78084
G0 F9000 X114.766 Y74.036
G1 F1500 X116.079 Y75.349 E2299.87348
G0 F9000 X115.513 Y75.349
G1 F1500 X114.2 Y74.036 E2299.96612
G0 F9000 X113.634 Y74.036
G1 F1500 X114.947 Y75.349 E2300.05876
G0 F9000 X114.381 Y75.349
G1 F1500 X113.068 Y74.036 E2300.1514
G0 F9000 X112.503 Y74.036
G1 F1500 X113.815 Y75.349 E2300.244
G0 F9000 X113.25 Y75.349
G1 F1500 X111.937 Y74.036 E2300.33664
G0 F9000 X111.371 Y74.036
G1 F1500 X112.684 Y75.349 E2300.42928
G0 F9000 X112.117 Y75.348
G1 F1500 X110.806 Y74.036 E2300.52181
G0 F9000 X110.24 Y74.036
G1 F1500 X111.552 Y75.348 E2300.61438
G0 F9000 X110.986 Y75.348
G1 F1500 X109.832 Y74.194 E2300.6958
G0 F9000 X109.832 Y74.76
G1 F1500 X110.42 Y75.348 E2300.73729
G1 F2700 E2291.73729
;MESH:wildrosebuilds_puzzlecube.stl
G0 F9000 X110.42 Y75.808
G0 X103.536 Y76.485
G0 X104.613 Y77.562
G0 X104.613 Y86.449
G0 X103.1 Y95.099
G0 X97.5 Y122.146
;TYPE:WALL-OUTER
G1 F2700 E2300.73729
G1 F1500 X103.925 Y115.73 E2301.19029
G1 X124.1 Y115.724 E2302.19682
G1 X124.1 Y102.804 E2302.84141
G1 X117.84 Y102.804 E2303.15372
G1 X117.838 Y111.523 E2303.58871
G1 X117.696 Y111.688 E2303.59957
G1 X103.944 Y111.688 E2304.28566
G1 X103.799 Y111.608 E2304.29392
G1 X103.762 Y111.523 E2304.29855
G1 X103.76 Y95.964 E2305.07479
G1 X102.831 Y95.964 E2305.12114
G1 X102.779 Y96.056 E2305.12641
G1 X102.676 Y96.084 E2305.13174
G1 X100.182 Y96.084 E2305.25616
G1 X100.094 Y95.964 E2305.26359
G1 X97.5 Y95.964 E2305.393
G1 X97.5 Y122.146 E2306.69923
G0 F9000 X97.748 Y121.554
G0 X98.172 Y120.549
G0 X97.9 Y121.181
;TYPE:WALL-INNER
G1 F1500 X103.627 Y115.459 E2307.10312
G1 X103.952 Y115.326 E2307.12064
G1 X123.7 Y115.324 E2308.10587
G1 X123.7 Y103.204 E2308.71054
G1 X118.24 Y103.204 E2308.98294
G1 X118.24 Y111.56 E2309.39982
G1 X118.147 Y111.81 E2309.41313
G1 X118.028 Y111.947 E2309.42219
G1 X117.71 Y112.088 E2309.43954
G1 X103.914 Y112.087 E2310.12783
G1 X103.7 Y112.029 E2310.13889
G1 X103.479 Y111.848 E2310.15314
G1 X103.36 Y111.567 E2310.16836
G1 X103.36 Y96.364 E2310.92684
G1 X103.004 Y96.364 E2310.94461
G1 X102.984 Y96.4 E2310.94666
G1 X102.676 Y96.484 E2310.96259
G1 X100.24 Y96.484 E2311.08412
G1 X100.045 Y96.452 E2311.09398
G1 X99.98 Y96.364 E2311.09944
G1 X97.9 Y96.364 E2311.20321
G1 X97.9 Y121.181 E2312.44133
G0 F9000 X98.148 Y120.588
G0 X98.3 Y120.216
G1 F1500 X103.376 Y115.145 E2312.7993
G1 X103.558 Y115.032 E2312.80998
G1 X103.913 Y114.928 E2312.82844
G1 X123.3 Y114.924 E2313.79566
G1 X123.3 Y103.604 E2314.36042
G1 X118.64 Y103.604 E2314.59291
G1 X118.64 Y111.488 E2314.98624
G1 X118.594 Y111.79 E2315.00148
G1 X118.485 Y112.025 E2315.01441
G1 X118.286 Y112.252 E2315.02947
G1 X117.995 Y112.424 E2315.04633
G1 X117.757 Y112.488 E2315.05863
G1 X103.884 Y112.485 E2315.75075
G1 X103.527 Y112.39 E2315.76918
G1 X103.377 Y112.301 E2315.77789
G1 X103.159 Y112.088 E2315.79309
G1 X103.053 Y111.912 E2315.80334
G1 X102.96 Y111.617 E2315.81877
G1 X102.96 Y96.806 E2316.5577
G1 X102.676 Y96.884 E2316.57239
G1 X100.24 Y96.884 E2316.69392
G1 X99.915 Y96.83 E2316.71036
G1 X99.866 Y96.764 E2316.71446
G1 X98.3 Y96.764 E2316.79259
G1 X98.3 Y120.216 E2317.96261
G0 F9000 X102.66 Y112.358
G0 X102.88 Y112.358
;TYPE:FILL
G1 F3000 X98.38 Y107.858 E2318.28011
G0 F9000 X98.38 Y110.542
G1 F3000 X102.88 Y106.042 E2318.59761
G0 F9000 X103.118 Y110.546
G0 X103.122 Y112.328
G0 X118.478 Y112.329
G0 X118.72 Y106.043
G1 F3000 X123.22 Y110.543 E2318.91511
G0 F9000 X123.22 Y107.857
G1 F3000 X116.231 Y114.846 E2319.40822
G0 F9000 X103.155 Y115.12
G0 X102.745 Y115.513
G0 X102.66 Y115.086
G0 X102.921 Y115.086
;TYPE:SKIN
G1 F1500 X103.121 Y114.883 E2319.42244
G1 X103.415 Y114.701 E2319.43969
G1 X103.756 Y114.568 E2319.45795
G1 X111.968 Y114.564 E2319.86765
G1 X111.968 Y112.844 E2319.95346
G1 X103.732 Y112.844 E2320.36436
G1 X103.244 Y112.667 E2320.39026
G1 X102.92 Y112.354 E2320.41273
G1 X102.921 Y115.086 E2320.54903
G0 F9000 X103.25 Y114.563
G1 F1500 X103.121 Y114.435 E2320.5581
G0 F9000 X103.648 Y114.396
G1 F1500 X103.121 Y113.869 E2320.59528
G0 F9000 X103.121 Y113.303
G1 F1500 X104.184 Y114.367 E2320.67032
G0 F9000 X104.75 Y114.367
G1 F1500 X103.274 Y112.891 E2320.77446
G0 F9000 X103.993 Y113.044
G1 F1500 X105.316 Y114.367 E2320.8678
G0 F9000 X105.881 Y114.366
G1 F1500 X104.558 Y113.044 E2320.96111
G0 F9000 X105.124 Y113.044
G1 F1500 X106.446 Y114.366 E2321.05438
G0 F9000 X107.011 Y114.365
G1 F1500 X105.69 Y113.044 E2321.14759
G0 F9000 X106.256 Y113.044
G1 F1500 X107.577 Y114.365 E2321.24079
G0 F9000 X108.143 Y114.365
G1 F1500 X106.821 Y113.044 E2321.33403
G0 F9000 X107.387 Y113.044
G1 F1500 X108.708 Y114.365 E2321.42723
G0 F9000 X109.273 Y114.365
G1 F1500 X107.953 Y113.044 E2321.5204
G0 F9000 X108.518 Y113.044
G1 F1500 X109.839 Y114.365 E2321.61361
G0 F9000 X110.404 Y114.364
G1 F1500 X109.084 Y113.044 E2321.70674
G0 F9000 X109.65 Y113.044
G1 F1500 X110.97 Y114.364 E2321.79987
G0 F9000 X111.535 Y114.364
G1 F1500 X110.215 Y113.044 E2321.89301
G0 F9000 X110.781 Y113.044
G1 F1500 X111.768 Y114.031 E2321.96264
G0 F9000 X111.768 Y113.465
G1 F1500 X111.347 Y113.044 E2321.99235
G1 F2700 E2312.99235
;MESH:wildrosebuilds_puzzlecube.stl(2)
G0 F9000 X111.348 Y112.587
G0 X112.002 Y112.645
G0 X123.876 Y115.5
G0 X124.965 Y115.5
G0 X126.635 Y115.5
G0 X127.5 Y122.146
;TYPE:WALL-OUTER
G1 F2700 E2321.99235
G1 F1500 X133.925 Y115.73 E2322.44535
G1 X154.1 Y115.724 E2323.45188
G1 X154.1 Y102.804 E2324.09646
G1 X147.84 Y102.804 E2324.40878
G1 X147.838 Y111.523 E2324.84377
G1 X147.696 Y111.688 E2324.85463
G1 X133.944 Y111.688 E2325.54072
G1 X133.799 Y111.608 E2325.54898
G1 X133.762 Y111.523 E2325.55361
G1 X133.76 Y95.964 E2326.32985
G1 X132.831 Y95.964 E2326.3762
G1 X132.779 Y96.056 E2326.38147
G1 X132.676 Y96.084 E2326.3868
G1 X130.182 Y96.084 E2326.51122
G1 X130.094 Y95.964 E2326.51865
G1 X127.5 Y95.964 E2326.64806
G1 X127.5 Y122.146 E2327.95429
G0 F9000 X127.748 Y121.554
G0 X128.172 Y120.549
G0 X127.9 Y121.181
;TYPE:WALL-INNER
G1 F1500 X133.627 Y115.459 E2328.35818
G1 X133.952 Y115.326 E2328.3757
G1 X153.7 Y115.324 E2329.36093
G1 X153.7 Y103.204 E2329.9656
G1 X148.24 Y103.204 E2330.238
G1 X148.24 Y111.56 E2330.65488
G1 X148.147 Y111.81 E2330.66819
G1 X148.028 Y111.947 E2330.67724
G1 X147.71 Y112.088 E2330.6946
G1 X133.914 Y112.087 E2331.38288
G1 X133.7 Y112.029 E2331.39395
G1 X133.479 Y111.848 E2331.4082
G1 X133.36 Y111.567 E2331.42342
G1 X133.36 Y96.364 E2332.1819
G1 X133.004 Y96.364 E2332.19966
G1 X132.984 Y96.4 E2332.20172
G1 X132.676 Y96.484 E2332.21765
G1 X130.24 Y96.484 E2332.33918
G1 X130.045 Y96.452 E2332.34904
G1 X129.98 Y96.364 E2332.3545
G1 X127.9 Y96.364 E2332.45827
G1 X127.9 Y121.181 E2333.69639
G0 F9000 X128.148 Y120.588
G0 X128.3 Y120.216
G1 F1500 X133.376 Y115.145 E2334.05436
G1 X133.558 Y115.032 E2334.06504
G1 X133.913 Y114.928 E2334.0835
G1 X153.3 Y114.924 E2335.05072
G1 X153.3 Y103.604 E2335.61548
G1 X148.64 Y103.604 E2335.84797
G1 X148.64 Y111.488 E2336.2413
G1 X148.594 Y111.79 E2336.25654
G1 X148.485 Y112.025 E2336.26946
G1 X148.286 Y112.252 E2336.28452
G1 X147.995 Y112.424 E2336.30139
G1 X147.757 Y112.488 E2336.31368
G1 X133.884 Y112.485 E2337.00581
G1 X133.527 Y112.39 E2337.02424
G1 X133.377 Y112.301 E2337.03294
G1 X133.159 Y112.088 E2337.04815
G1 X133.053 Y111.912 E2337.0584
G1 X132.96 Y111.617 E2337.07383
G1 X132.96 Y96.806 E2337.81276
G1 X132.676 Y96.884 E2337.82745
G1 X130.24 Y96.884 E2337.94898
G1 X129.915 Y96.83 E2337.96542
G1 X129.866 Y96.764 E2337.96952
G1 X128.3 Y96.764 E2338.04765
G1 X128.3 Y120.216 E2339.21767
G0 F9000 X132.66 Y112.358
G0 X132.88 Y112.358
;TYPE:FILL
G1 F3000 X128.379 Y107.858 E2339.53521
G0 F9000 X128.38 Y110.541
G1 F3000 X132.88 Y106.042 E2339.85267
G0 F9000 X133.118 Y110.546
G0 X133.122 Y112.328
G0 X148.478 Y112.329
G0 X148.72 Y106.043
G1 F3000 X153.22 Y110.543 E2340.17017
G0 F9000 X153.22 Y107.856
G1 F3000 X146.23 Y114.846 E2340.66335
G0 F9000 X133.155 Y115.121
G0 X132.745 Y115.513
G0 X132.66 Y115.086
G0 X132.921 Y115.086
;TYPE:SKIN
G1 F1500 X133.121 Y114.883 E2340.67757
G1 X133.415 Y114.701 E2340.69482
G1 X133.756 Y114.568 E2340.71308
G1 X141.968 Y114.564 E2341.12278
G1 X141.968 Y112.844 E2341.20859
G1 X133.732 Y112.844 E2341.61949
G1 X133.244 Y112.667 E2341.64538
G1 X132.92 Y112.354 E2341.66786
G1 X132.921 Y115.086 E2341.80416
G0 F9000 X133.238 Y114.57
G1 F1500 X133.121 Y114.453 E2341.81242
G0 F9000 X133.635 Y114.401
G1 F1500 X133.121 Y113.887 E2341.84868
G0 F9000 X133.121 Y113.322
G1 F1500 X134.166 Y114.367 E2341.92241
G0 F9000 X134.732 Y114.367
G1 F1500 X133.245 Y112.88 E2342.02733
G0 F9000 X133.975 Y113.044
G1 F1500 X135.297 Y114.367 E2342.12064
G0 F9000 X135.863 Y114.367
G1 F1500 X134.541 Y113.044 E2342.21395
G0 F9000 X135.106 Y113.044
G1 F1500 X136.428 Y114.366 E2342.30722
G0 F9000 X136.993 Y114.366
G1 F1500 X135.672 Y113.044 E2342.40046
G0 F9000 X136.238 Y113.044
G1 F1500 X137.559 Y114.366 E2342.4937
G0 F9000 X138.124 Y114.365
G1 F1500 X136.803 Y113.044 E2342.5869
G0 F9000 X137.369 Y113.044
G1 F1500 X138.69 Y114.365 E2342.68011
G0 F9000 X139.255 Y114.365
G1 F1500 X137.935 Y113.044 E2342.77327
G0 F9000 X138.5 Y113.044
G1 F1500 X139.82 Y114.365 E2342.86644
G0 F9000 X140.386 Y114.365
G1 F1500 X139.066 Y113.044 E2342.95961
G0 F9000 X139.632 Y113.044
G1 F1500 X140.951 Y114.364 E2343.05271
G0 F9000 X141.517 Y114.364
G1 F1500 X140.197 Y113.044 E2343.14584
G0 F9000 X140.763 Y113.044
G1 F1500 X141.769 Y114.05 E2343.21682
G0 F9000 X141.769 Y113.484
G1 F1500 X141.329 Y113.044 E2343.24786
G1 F2700 E2334.24786
;MESH:NONMESH
G0 F300 X141.329 Y113.044 Z11.85
G0 F9000 X141.33 Y112.587
G0 X133.522 Y111.928
G0 X127.724 Y96.188
G0 X126.635 Y96.188
G0 X121.78 Y93.301
G0 X117.84 Y92.436
;TIME_ELAPSED:3045.341430
;LAYER:39
;TYPE:WALL-OUTER
;MESH:wildrosebuilds_puzzlecube.stl(1)
G1 F2700 E2343.24786
G1 F1500 X119.23 Y92.436 E2343.31721
G1 X119.305 Y92.316 E2343.32427
G1 X120.961 Y92.316 E2343.40689
G1 X121.05 Y92.436 E2343.41434
G1 X124.1 Y92.436 E2343.56651
G1 X124.1 Y66.248 E2344.87303
G1 X117.671 Y72.67 E2345.32639
G1 X97.5 Y72.676 E2346.33272
G1 X97.5 Y85.596 E2346.9773
G1 X103.76 Y85.596 E2347.28962
G1 X103.763 Y77.169 E2347.71004
G1 X103.798 Y77.09 E2347.71435
G1 X103.909 Y77.008 E2347.72124
G1 X117.687 Y77.013 E2348.40862
G1 X117.757 Y77.045 E2348.41246
G1 X117.835 Y77.16 E2348.4194
G1 X117.84 Y92.436 E2349.18152
G0 F9000 X118.24 Y92.036
;TYPE:WALL-INNER
G1 F1500 X119.081 Y92.036 E2349.22348
G1 X119.12 Y91.975 E2349.22709
G1 X119.38 Y91.916 E2349.24039
G1 X121.068 Y91.916 E2349.32461
G1 X121.156 Y92.036 E2349.33203
G1 X123.7 Y92.036 E2349.45895
G1 X123.7 Y67.213 E2350.69737
G1 X117.969 Y72.941 E2351.10162
G1 X117.699 Y73.076 E2351.11668
G1 X97.9 Y73.076 E2352.10446
G1 X97.9 Y85.196 E2352.70913
G1 X103.36 Y85.196 E2352.98153
G1 X103.36 Y77.127 E2353.38409
G1 X103.475 Y76.854 E2353.39887
G1 X103.595 Y76.731 E2353.40744
G1 X103.762 Y76.641 E2353.41691
G1 X103.96 Y76.608 E2353.42692
G1 X117.746 Y76.608 E2354.11471
G1 X117.99 Y76.72 E2354.1281
G1 X118.104 Y76.827 E2354.1359
G1 X118.24 Y77.098 E2354.15103
G1 X118.24 Y92.036 E2354.89629
G0 F9000 X118.64 Y91.636
G1 F1500 X118.933 Y91.636 E2354.91091
G1 X118.946 Y91.614 E2354.91218
G1 X119.38 Y91.516 E2354.93438
G1 X120.927 Y91.516 E2355.01156
G1 X121.208 Y91.561 E2355.02576
G1 X121.262 Y91.636 E2355.03037
G1 X123.3 Y91.636 E2355.13205
G1 X123.3 Y68.178 E2356.30237
G1 X118.224 Y73.251 E2356.6604
G1 X117.841 Y73.443 E2356.68178
G1 X117.608 Y73.476 E2356.69352
G1 X98.3 Y73.476 E2357.6568
G1 X98.3 Y84.796 E2358.22156
G1 X102.96 Y84.796 E2358.45405
G1 X102.96 Y77.078 E2358.8391
G1 X103.031 Y76.837 E2358.85163
G1 X103.152 Y76.618 E2358.86411
G1 X103.352 Y76.413 E2358.8784
G1 X103.631 Y76.263 E2358.89421
G1 X103.96 Y76.208 E2358.91085
G1 X117.64 Y76.208 E2359.59335
G1 X117.874 Y76.235 E2359.6051
G1 X118.223 Y76.395 E2359.62425
G1 X118.414 Y76.574 E2359.63731
G1 X118.613 Y76.972 E2359.65951
G1 X118.64 Y77.208 E2359.67136
G1 X118.64 Y91.636 E2360.39118
G0 F9000 X118.64 Y91.606
G0 X118.72 Y82.057
;TYPE:FILL
G1 F3000 X123.22 Y77.557 E2360.70868
G0 F9000 X123.22 Y80.844
G1 F3000 X118.72 Y76.343 E2361.02621
G0 F9000 X118.94 Y76.343
G0 X118.842 Y77.247
G0 X118.538 Y76.472
G0 X118.281 Y76.204
G0 X109.146 Y76.036
G0 X105.666 Y73.556
G1 F3000 X98.38 Y80.842 E2361.54028
G0 F9000 X98.38 Y77.558
G1 F3000 X102.881 Y82.059 E2361.85785
G0 F9000 X103.122 Y76.371
G0 X118.478 Y76.372
G0 X118.676 Y76.324
;TYPE:SKIN
G1 F1500 X118.68 Y73.304 E2362.00852
G1 X118.433 Y73.543 E2362.02567
G1 X118.065 Y73.766 E2362.04713
G1 X117.633 Y73.835 E2362.06896
G1 X109.329 Y73.836 E2362.48325
G1 X109.332 Y75.848 E2362.58363
G1 X117.655 Y75.849 E2362.99886
G1 X117.983 Y75.891 E2363.01536
G1 X118.351 Y76.021 E2363.03483
G1 X118.676 Y76.324 E2363.057
G0 F9000 X118.309 Y75.721
G1 F1500 X118.48 Y75.55 E2363.06906
G0 F9000 X118.48 Y74.984
G1 F1500 X117.8 Y75.664 E2363.11704
G0 F9000 X117.249 Y75.65
G1 F1500 X118.48 Y74.419 E2363.2039
G0 F9000 X118.41 Y73.923
G1 F1500 X116.683 Y75.65 E2363.32574
G0 F9000 X116.118 Y75.65
G1 F1500 X117.747 Y74.02 E2363.44071
G0 F9000 X117.169 Y74.033
G1 F1500 X115.552 Y75.65 E2363.5548
G0 F9000 X114.986 Y75.65
G1 F1500 X116.603 Y74.033 E2363.66889
G0 F9000 X116.038 Y74.033
G1 F1500 X114.421 Y75.649 E2363.78294
G0 F9000 X113.856 Y75.649
G1 F1500 X115.471 Y74.033 E2363.89693
G0 F9000 X114.906 Y74.033
G1 F1500 X113.29 Y75.649 E2364.01094
G0 F9000 X112.724 Y75.649
G1 F1500 X114.339 Y74.034 E2364.12489
G0 F9000 X113.773 Y74.034
G1 F1500 X112.159 Y75.648 E2364.23877
G0 F9000 X111.593 Y75.648
G1 F1500 X113.208 Y74.034 E2364.35268
G0 F9000 X112.641 Y74.035
G1 F1500 X111.028 Y75.648 E2364.46648
G0 F9000 X110.462 Y75.648
G1 F1500 X112.076 Y74.035 E2364.58033
G0 F9000 X111.51 Y74.035
G1 F1500 X109.896 Y75.648 E2364.69417
G0 F9000 X109.532 Y75.447
G1 F1500 X110.944 Y74.035 E2364.79379
G0 F9000 X110.378 Y74.035
G1 F1500 X109.531 Y74.883 E2364.85359
G0 F9000 X109.529 Y74.318
G1 F1500 X109.812 Y74.035 E2364.87355
G0 F9000 X109.812 Y73.576
G0 X118.33 Y73.374
G0 X118.855 Y72.883
G0 X118.94 Y73.922
G0 X118.411 Y73.922
G1 F1500 X118.48 Y73.853 E2364.87842
G0 F9000 X119.24 Y73.853
G1 F2700 E2355.87842
;MESH:wildrosebuilds_puzzlecube.stl
G0 F9000 X118.064 Y92.212
G0 X118.064 Y93.301
G0 X116.987 Y101.951
G0 X116.987 Y110.538
G0 X97.5 Y122.146
;TYPE:WALL-OUTER
G1 F2700 E2364.87842
G1 F1500 X103.925 Y115.73 E2365.33142
G1 X124.1 Y115.724 E2366.33796
G1 X124.1 Y102.804 E2366.98254
G1 X117.84 Y102.804 E2367.29485
G1 X117.837 Y111.227 E2367.71508
G1 X117.802 Y111.307 E2367.71943
G1 X117.691 Y111.388 E2367.72629
G1 X103.944 Y111.388 E2368.41213
G1 X103.821 Y111.333 E2368.41885
G1 X103.762 Y111.223 E2368.42508
G1 X103.76 Y95.964 E2369.18635
G1 X102.37 Y95.964 E2369.2557
G1 X102.295 Y96.084 E2369.26276
G1 X100.634 Y96.084 E2369.34563
G1 X100.546 Y95.964 E2369.35305
G1 X97.5 Y95.964 E2369.50502
G1 X97.5 Y122.146 E2370.81124
G0 F9000 X97.748 Y121.554
G0 X98.172 Y120.549
G0 X97.9 Y121.181
;TYPE:WALL-INNER
G1 F1500 X103.627 Y115.459 E2371.21514
G1 X103.953 Y115.326 E2371.2327
G1 X123.7 Y115.324 E2372.21789
G1 X123.7 Y103.204 E2372.82256
G1 X118.24 Y103.204 E2373.09496
G1 X118.24 Y111.269 E2373.49732
G1 X118.125 Y111.543 E2373.51215
G1 X118.005 Y111.665 E2373.52068
G1 X117.838 Y111.755 E2373.53015
G1 X117.64 Y111.788 E2373.54016
G1 X103.914 Y111.787 E2374.22495
G1 X103.7 Y111.729 E2374.23602
G1 X103.495 Y111.569 E2374.24899
G1 X103.36 Y111.297 E2374.26414
G1 X103.36 Y96.364 E2375.00915
G1 X102.519 Y96.364 E2375.05111
G1 X102.48 Y96.425 E2375.05472
G1 X102.22 Y96.484 E2375.06802
G1 X100.526 Y96.484 E2375.15254
G1 X100.44 Y96.364 E2375.1599
G1 X97.9 Y96.364 E2375.28662
G1 X97.9 Y121.181 E2376.52475
G0 F9000 X98.148 Y120.588
G0 X98.3 Y120.216
G1 F1500 X103.376 Y115.145 E2376.88271
G1 X103.559 Y115.032 E2376.89344
G1 X103.913 Y114.928 E2376.91185
G1 X123.3 Y114.924 E2377.87907
G1 X123.3 Y103.604 E2378.44383
G1 X118.64 Y103.604 E2378.67631
G1 X118.64 Y111.322 E2379.06137
G1 X118.569 Y111.56 E2379.07376
G1 X118.448 Y111.779 E2379.08624
G1 X118.248 Y111.983 E2379.10049
G1 X117.969 Y112.133 E2379.1163
G1 X117.64 Y112.188 E2379.13294
G1 X103.883 Y112.186 E2379.81928
G1 X103.449 Y112.068 E2379.84172
G1 X103.186 Y111.823 E2379.85965
G1 X102.987 Y111.423 E2379.88194
G1 X102.96 Y111.188 E2379.89374
G1 X102.96 Y96.764 E2380.61336
G1 X102.667 Y96.764 E2380.62797
G1 X102.654 Y96.786 E2380.62925
G1 X102.22 Y96.884 E2380.65145
G1 X100.67 Y96.884 E2380.72878
G1 X100.387 Y96.838 E2380.74308
G1 X100.333 Y96.764 E2380.74765
G1 X98.3 Y96.764 E2380.84908
G1 X98.3 Y120.216 E2382.0191
G0 F9000 X102.66 Y112.058
G0 X102.88 Y112.058
;TYPE:FILL
G1 F3000 X98.38 Y107.558 E2382.3366
G0 F9000 X98.38 Y110.841
G1 F3000 X102.88 Y106.342 E2382.65407
G0 F9000 X103.122 Y112.028
G0 X112.454 Y112.359
G0 X115.93 Y114.847
G1 F3000 X123.22 Y107.557 E2383.16841
G0 F9000 X123.22 Y110.843
G1 F3000 X118.72 Y106.342 E2383.48595
G0 F9000 X118.478 Y112.029
G0 X103.352 Y112.196
G0 X103.061 Y111.924
G0 X102.758 Y111.149
G0 X102.66 Y115.086
G0 X102.921 Y115.086
;TYPE:SKIN
G1 F1500 X103.121 Y114.883 E2383.50017
G1 X103.384 Y114.716 E2383.51571
G1 X103.761 Y114.568 E2383.53592
G1 X112.267 Y114.564 E2383.96028
G1 X112.264 Y112.544 E2384.06106
G1 X103.732 Y112.544 E2384.48672
G1 X103.241 Y112.367 E2384.51276
G1 X102.922 Y112.067 E2384.53461
G1 X102.921 Y115.086 E2384.68523
G0 F9000 X102.66 Y115.086
G0 X102.758 Y111.149
G0 X103.061 Y111.924
G0 X103.596 Y112.22
G0 X103.441 Y112.651
G1 F1500 X103.121 Y112.971 E2384.70781
G0 F9000 X103.121 Y113.537
G1 F1500 X103.914 Y112.744 E2384.76376
G0 F9000 X104.479 Y112.744
G1 F1500 X103.121 Y114.102 E2384.85957
G0 F9000 X103.215 Y114.574
G1 F1500 X105.045 Y112.744 E2384.98869
G0 F9000 X105.611 Y112.744
G1 F1500 X103.986 Y114.368 E2385.1033
G0 F9000 X104.552 Y114.368
G1 F1500 X106.176 Y112.744 E2385.21789
G0 F9000 X106.742 Y112.744
G1 F1500 X105.118 Y114.367 E2385.33243
G0 F9000 X105.684 Y114.367
G1 F1500 X107.308 Y112.744 E2385.44698
G0 F9000 X107.873 Y112.744
G1 F1500 X106.25 Y114.367 E2385.56149
G0 F9000 X106.816 Y114.367
G1 F1500 X108.439 Y112.744 E2385.676
G0 F9000 X109.005 Y112.744
G1 F1500 X107.382 Y114.367 E2385.79051
G0 F9000 X107.948 Y114.366
G1 F1500 X109.57 Y112.744 E2385.90495
G0 F9000 X110.136 Y112.744
G1 F1500 X108.514 Y114.366 E2386.0194
G0 F9000 X109.08 Y114.366
G1 F1500 X110.702 Y112.744 E2386.13384
G0 F9000 X111.267 Y112.744
G1 F1500 X109.646 Y114.365 E2386.24821
G0 F9000 X110.212 Y114.365
G1 F1500 X111.833 Y112.744 E2386.36258
G0 F9000 X112.064 Y113.078
G1 F1500 X110.778 Y114.365 E2386.45335
G0 F9000 X111.344 Y114.365
G1 F1500 X112.065 Y113.643 E2386.50425
G0 F9000 X112.067 Y114.208
G1 F1500 X111.91 Y114.365 E2386.51533
G1 F2700 E2377.51533
;MESH:wildrosebuilds_puzzlecube.stl(2)
G0 F9000 X111.91 Y114.828
G0 X123.876 Y115.5
G0 X124.965 Y115.5
G0 X126.635 Y115.5
G0 X127.5 Y122.146
;TYPE:WALL-OUTER
G1 F2700 E2386.51533
G1 F1500 X133.925 Y115.73 E2386.96833
G1 X154.1 Y115.724 E2387.97487
G1 X154.1 Y102.804 E2388.61945
G1 X147.84 Y102.804 E2388.93176
G1 X147.837 Y111.227 E2389.35198
G1 X147.802 Y111.307 E2389.35634
G1 X147.691 Y111.388 E2389.3632
G1 X133.944 Y111.388 E2390.04904
G1 X133.821 Y111.333 E2390.05576
G1 X133.762 Y111.223 E2390.06199
G1 X133.76 Y95.964 E2390.82326
G1 X132.37 Y95.964 E2390.89261
G1 X132.295 Y96.084 E2390.89967
G1 X130.634 Y96.084 E2390.98254
G1 X130.546 Y95.964 E2390.98996
G1 X127.5 Y95.964 E2391.14193
G1 X127.5 Y122.146 E2392.44815
G0 F9000 X127.748 Y121.554
G0 X128.172 Y120.549
G0 X127.9 Y121.181
;TYPE:WALL-INNER
G1 F1500 X133.627 Y115.459 E2392.85205
G1 X133.953 Y115.326 E2392.86961
G1 X153.7 Y115.324 E2393.85479
G1 X153.7 Y103.204 E2394.45946
G1 X148.24 Y103.204 E2394.73186
G1 X148.24 Y111.269 E2395.13423
G1 X148.125 Y111.543 E2395.14905
G1 X148.005 Y111.665 E2395.15759
G1 X147.838 Y111.755 E2395.16705
G1 X147.64 Y111.788 E2395.17707
G1 X133.914 Y111.787 E2395.86186
G1 X133.7 Y111.729 E2395.87292
G1 X133.495 Y111.569 E2395.8859
G1 X133.36 Y111.297 E2395.90105
G1 X133.36 Y96.364 E2396.64606
G1 X132.519 Y96.364 E2396.68802
G1 X132.48 Y96.425 E2396.69163
G1 X132.22 Y96.484 E2396.70493
G1 X130.526 Y96.484 E2396.78944
G1 X130.44 Y96.364 E2396.79681
G1 X127.9 Y96.364 E2396.92353
G1 X127.9 Y121.181 E2398.16165
G0 F9000 X128.148 Y120.588
G0 X128.3 Y120.216
G1 F1500 X133.376 Y115.145 E2398.51962
G1 X133.559 Y115.032 E2398.53035
G1 X133.913 Y114.928 E2398.54875
G1 X153.3 Y114.924 E2399.51598
G1 X153.3 Y103.604 E2400.08073
G1 X148.64 Y103.604 E2400.31322
G1 X148.64 Y111.322 E2400.69827
G1 X148.569 Y111.56 E2400.71067
G1 X148.448 Y111.779 E2400.72315
G1 X148.248 Y111.983 E2400.7374
G1 X147.969 Y112.133 E2400.7532
G1 X147.64 Y112.188 E2400.76985
G1 X133.883 Y112.186 E2401.45619
G1 X133.449 Y112.068 E2401.47862
G1 X133.186 Y111.823 E2401.49656
G1 X132.987 Y111.423 E2401.51885
G1 X132.96 Y111.188 E2401.53065
G1 X132.96 Y96.764 E2402.25026
G1 X132.667 Y96.764 E2402.26488
G1 X132.654 Y96.786 E2402.26616
G1 X132.22 Y96.884 E2402.28835
G1 X130.67 Y96.884 E2402.36568
G1 X130.387 Y96.838 E2402.37999
G1 X130.333 Y96.764 E2402.38456
G1 X128.3 Y96.764 E2402.48598
G1 X128.3 Y120.216 E2403.65601
G0 F9000 X132.66 Y112.059
G0 X132.88 Y112.059
;TYPE:FILL
G1 F3000 X128.379 Y107.558 E2403.97358
G0 F9000 X128.38 Y110.841
G1 F3000 X132.88 Y106.342 E2404.29104
G0 F9000 X133.122 Y112.028
G0 X142.454 Y112.359
G0 X145.931 Y114.846
G1 F3000 X153.22 Y107.557 E2404.80532
G0 F9000 X153.22 Y110.843
G1 F3000 X148.72 Y106.343 E2405.12282
G0 F9000 X148.478 Y112.029
G0 X133.352 Y112.196
G0 X133.061 Y111.924
G0 X132.758 Y111.149
G0 X132.66 Y115.086
G0 X132.921 Y115.086
;TYPE:SKIN
G1 F1500 X133.121 Y114.883 E2405.13704
G1 X133.384 Y114.716 E2405.15258
G1 X133.761 Y114.568 E2405.17279
G1 X142.267 Y114.564 E2405.59715
G1 X142.264 Y112.544 E2405.69793
G1 X133.732 Y112.544 E2406.12359
G1 X133.241 Y112.367 E2406.14963
G1 X132.922 Y112.067 E2406.17148
G1 X132.921 Y115.086 E2406.3221
G0 F9000 X132.66 Y115.086
G0 X132.758 Y111.149
G0 X133.061 Y111.924
G0 X133.583 Y112.215
G0 X133.428 Y112.646
G1 F1500 X133.121 Y112.953 E2406.34376
G0 F9000 X133.121 Y113.518
G1 F1500 X133.895 Y112.744 E2406.39837
G0 F9000 X134.461 Y112.744
G1 F1500 X133.121 Y114.083 E2406.49288
G0 F9000 X133.184 Y114.586
G1 F1500 X135.026 Y112.744 E2406.62284
G0 F9000 X135.592 Y112.744
G1 F1500 X133.968 Y114.367 E2406.73739
G0 F9000 X134.534 Y114.367
G1 F1500 X136.158 Y112.744 E2406.85194
G0 F9000 X136.723 Y112.744
G1 F1500 X135.1 Y114.367 E2406.96645
G0 F9000 X135.666 Y114.367
G1 F1500 X137.289 Y112.744 E2407.08096
G0 F9000 X137.855 Y112.744
G1 F1500 X136.232 Y114.367 E2407.19547
G0 F9000 X136.798 Y114.367
G1 F1500 X138.42 Y112.744 E2407.30995
G0 F9000 X138.986 Y112.744
G1 F1500 X137.364 Y114.366 E2407.42439
G0 F9000 X137.93 Y114.366
G1 F1500 X139.552 Y112.744 E2407.53883
G0 F9000 X140.117 Y112.744
G1 F1500 X138.495 Y114.366 E2407.65327
G0 F9000 X139.062 Y114.365
G1 F1500 X140.683 Y112.744 E2407.76764
G0 F9000 X141.249 Y112.744
G1 F1500 X139.627 Y114.365 E2407.88204
G0 F9000 X140.193 Y114.365
G1 F1500 X141.815 Y112.744 E2407.99645
G0 F9000 X142.063 Y113.061
G1 F1500 X140.76 Y114.365 E2408.08842
G0 F9000 X141.325 Y114.365
G1 F1500 X142.065 Y113.625 E2408.14063
G0 F9000 X142.066 Y114.189
G1 F1500 X141.891 Y114.365 E2408.15301
G1 F2700 E2399.15301
;MESH:NONMESH
G0 F300 X141.891 Y114.365 Z12.15
G0 F9000 X141.891 Y114.828
G0 X142.457 Y114.755
G0 X142.454 Y112.359
G0 X133.522 Y111.628
G0 X127.724 Y96.188
G0 X126.635 Y96.188
G0 X118.956 Y93.301
G0 X117.84 Y92.436
;TIME_ELAPSED:3114.470828
;LAYER:40
;TYPE:WALL-OUTER
;MESH:wildrosebuilds_puzzlecube.stl(1)
G1 F2700 E2408.15301
G1 F1500 X124.1 Y92.436 E2408.46533
G1 X124.1 Y66.248 E2409.77185
G1 X117.671 Y72.67 E2410.2252
G1 X97.5 Y72.676 E2411.23154
G1 X97.5 Y85.596 E2411.87612
G1 X103.76 Y85.596 E2412.18843
G1 X103.765 Y77.462 E2412.59424
G1 X103.805 Y77.38 E2412.59879
G1 X103.925 Y77.31 E2412.60572
G1 X117.687 Y77.313 E2413.29231
G1 X117.757 Y77.345 E2413.29615
G1 X117.834 Y77.457 E2413.30293
G1 X117.84 Y92.436 E2414.05024
G0 F9000 X118.24 Y92.036
;TYPE:WALL-INNER
G1 F1500 X123.7 Y92.036 E2414.32264
G1 X123.7 Y67.213 E2415.56106
G1 X117.969 Y72.941 E2415.96531
G1 X117.7 Y73.076 E2415.98033
G1 X97.9 Y73.076 E2416.96815
G1 X97.9 Y85.196 E2417.57282
G1 X103.36 Y85.196 E2417.84522
G1 X103.36 Y77.415 E2418.23342
G1 X103.497 Y77.125 E2418.24942
G1 X103.776 Y76.936 E2418.26623
G1 X103.96 Y76.908 E2418.27552
G1 X117.746 Y76.908 E2418.9633
G1 X117.991 Y77.02 E2418.97674
G1 X118.168 Y77.221 E2418.9901
G1 X118.24 Y77.402 E2418.99982
G1 X118.24 Y92.036 E2419.72992
G0 F9000 X118.64 Y91.636
G1 F1500 X123.3 Y91.636 E2419.9624
G1 X123.3 Y68.178 E2421.13273
G1 X118.224 Y73.251 E2421.49076
G1 X117.84 Y73.443 E2421.51218
G1 X117.607 Y73.476 E2421.52392
G1 X98.3 Y73.476 E2422.48715
G1 X98.3 Y84.796 E2423.05191
G1 X102.96 Y84.796 E2423.2844
G1 X102.96 Y77.508 E2423.648
G1 X103.059 Y77.072 E2423.6703
G1 X103.189 Y76.869 E2423.68233
G1 X103.389 Y76.686 E2423.69585
G1 X103.654 Y76.555 E2423.7106
G1 X103.96 Y76.508 E2423.72605
G1 X117.64 Y76.508 E2424.40855
G1 X117.875 Y76.535 E2424.42035
G1 X118.224 Y76.696 E2424.43952
G1 X118.519 Y77.03 E2424.46175
G1 X118.609 Y77.257 E2424.47394
G1 X118.64 Y77.508 E2424.48655
G1 X118.64 Y91.636 E2425.1914
G0 F9000 X118.72 Y81.757
;TYPE:FILL
G1 F3000 X123.22 Y77.257 E2425.5089
G0 F9000 X123.22 Y81.143
G1 F3000 X118.72 Y76.643 E2425.8264
G0 F9000 X118.94 Y76.643
G0 X118.842 Y77.547
G0 X118.507 Y76.734
G0 X118.252 Y76.48
G0 X108.845 Y76.336
G0 X105.966 Y73.556
G1 F3000 X98.38 Y81.142 E2426.36164
G0 F9000 X98.38 Y77.258
G1 F3000 X102.88 Y81.759 E2426.67917
G0 F9000 X103.122 Y76.671
G0 X118.478 Y76.672
G0 X118.842 Y77.547
G0 X118.94 Y76.622
G0 X118.68 Y76.622
;TYPE:SKIN
G1 F1500 X118.68 Y73.304 E2426.84471
G1 X118.47 Y73.514 E2426.85952
G1 X118.066 Y73.772 E2426.88344
G1 X117.633 Y73.834 E2426.90526
G1 X109.032 Y73.836 E2427.33437
G1 X109.032 Y76.148 E2427.44971
G1 X117.655 Y76.149 E2427.87992
G1 X117.979 Y76.191 E2427.89621
G1 X118.344 Y76.32 E2427.91553
G1 X118.68 Y76.622 E2427.93807
G0 F9000 X118.94 Y76.622
G0 X118.855 Y72.883
G0 X117.922 Y73.519
G0 X118.095 Y73.971
G1 F1500 X118.48 Y74.357 E2427.96527
G0 F9000 X118.48 Y74.922
G1 F1500 X117.594 Y74.036 E2428.02778
G0 F9000 X117.028 Y74.036
G1 F1500 X118.48 Y75.488 E2428.13023
G0 F9000 X118.48 Y76.054
G1 F1500 X116.463 Y74.036 E2428.27257
G0 F9000 X115.897 Y74.036
G1 F1500 X117.828 Y75.967 E2428.40881
G0 F9000 X117.245 Y75.95
G1 F1500 X115.331 Y74.036 E2428.54386
G0 F9000 X114.766 Y74.036
G1 F1500 X116.679 Y75.95 E2428.67886
G0 F9000 X116.113 Y75.95
G1 F1500 X114.2 Y74.036 E2428.81387
G0 F9000 X113.634 Y74.036
G1 F1500 X115.548 Y75.95 E2428.94891
G0 F9000 X114.982 Y75.95
G1 F1500 X113.068 Y74.036 E2429.08396
G0 F9000 X112.503 Y74.036
G1 F1500 X114.416 Y75.949 E2429.21893
G0 F9000 X113.85 Y75.949
G1 F1500 X111.937 Y74.036 E2429.3539
G0 F9000 X111.371 Y74.036
G1 F1500 X113.284 Y75.949 E2429.48888
G0 F9000 X112.718 Y75.949
G1 F1500 X110.806 Y74.036 E2429.62381
G0 F9000 X110.24 Y74.036
G1 F1500 X112.153 Y75.949 E2429.75879
G0 F9000 X111.586 Y75.948
G1 F1500 X109.674 Y74.036 E2429.89369
G0 F9000 X109.232 Y74.159
G1 F1500 X111.021 Y75.948 E2430.01991
G0 F9000 X110.455 Y75.948
G1 F1500 X109.232 Y74.725 E2430.1062
G0 F9000 X109.232 Y75.291
G1 F1500 X109.889 Y75.948 E2430.15255
G0 F9000 X109.324 Y75.948
G1 F1500 X109.232 Y75.856 E2430.15905
G0 F9000 X108.472 Y75.856
G1 F2700 E2421.15905
;MESH:wildrosebuilds_puzzlecube.stl
G0 F9000 X103.536 Y77.085
G0 X104.613 Y78.162
G0 X104.613 Y86.449
G0 X103.536 Y95.099
G0 X97.499 Y122.146
;TYPE:WALL-OUTER
G1 F2700 E2430.15905
G1 F1500 X103.891 Y115.764 E2430.60968
G1 X103.992 Y115.724 E2430.6151
G1 X124.1 Y115.724 E2431.6183
G1 X124.1 Y102.804 E2432.26288
G1 X117.84 Y102.804 E2432.57519
G1 X117.838 Y110.923 E2432.98025
G1 X117.755 Y111.053 E2432.98794
G1 X117.675 Y111.086 E2432.99226
G1 X103.944 Y111.088 E2433.6773
G1 X103.81 Y111.022 E2433.68475
G1 X103.762 Y110.923 E2433.69024
G1 X103.76 Y95.964 E2434.43655
G1 X97.5 Y95.964 E2434.74886
G1 X97.499 Y122.146 E2436.05509
G0 F9000 X97.748 Y121.554
G0 X98.172 Y120.549
G0 X97.899 Y121.182
;TYPE:WALL-INNER
G1 F1500 X103.651 Y115.444 E2436.46043
G1 X103.953 Y115.326 E2436.47661
G1 X123.7 Y115.324 E2437.46179
G1 X123.7 Y103.204 E2438.06646
G1 X118.24 Y103.204 E2438.33886
G1 X118.24 Y110.983 E2438.72695
G1 X118.102 Y111.272 E2438.74293
G1 X117.824 Y111.46 E2438.75967
G1 X117.64 Y111.488 E2438.76896
G1 X103.913 Y111.487 E2439.4538
G1 X103.699 Y111.429 E2439.46486
G1 X103.512 Y111.288 E2439.47655
G1 X103.36 Y111.004 E2439.49262
G1 X103.36 Y96.364 E2440.22301
G1 X97.9 Y96.364 E2440.49541
G1 X97.899 Y121.182 E2441.73359
G0 F9000 X98.148 Y120.588
G0 X98.299 Y120.217
G1 F1500 X103.376 Y115.145 E2442.09162
G1 X103.559 Y115.032 E2442.10235
G1 X103.914 Y114.928 E2442.12081
G1 X123.3 Y114.924 E2443.08798
G1 X123.3 Y103.604 E2443.65274
G1 X118.64 Y103.604 E2443.88522
G1 X118.64 Y111.045 E2444.25646
G1 X118.54 Y111.325 E2444.27129
G1 X118.41 Y111.527 E2444.28327
G1 X118.211 Y111.71 E2444.29676
G1 X117.946 Y111.841 E2444.31151
G1 X117.64 Y111.888 E2444.32696
G1 X103.883 Y111.885 E2445.0133
G1 X103.526 Y111.789 E2445.03174
G1 X103.213 Y111.554 E2445.05127
G1 X103.081 Y111.366 E2445.06273
G1 X102.991 Y111.138 E2445.07496
G1 X102.96 Y110.888 E2445.08752
G1 X102.96 Y96.764 E2445.79217
G1 X98.3 Y96.764 E2446.02466
G1 X98.299 Y120.217 E2447.19474
G0 F9000 X98.38 Y111.142
;TYPE:FILL
G1 F3000 X102.88 Y106.642 E2447.51224
G0 F9000 X98.379 Y107.257
G1 F3000 X102.881 Y111.759 E2447.82988
G0 F9000 X102.66 Y111.759
G0 X102.758 Y110.849
G0 X103.093 Y111.661
G0 X103.36 Y111.926
G0 X112.755 Y112.059
G0 X115.631 Y114.846
G1 F3000 X123.22 Y107.257 E2448.36532
G0 F9000 X123.22 Y111.143
G1 F3000 X118.72 Y106.642 E2448.68286
G0 F9000 X118.478 Y111.729
G0 X103.359 Y111.899
G0 X103.093 Y111.661
G0 X102.758 Y110.849
G0 X102.66 Y115.088
G0 X102.92 Y115.088
;TYPE:SKIN
G1 F1500 X103.167 Y114.849 E2448.7
G1 X103.421 Y114.696 E2448.7148
G1 X103.761 Y114.568 E2448.73292
G1 X112.567 Y114.564 E2449.17225
G1 X112.564 Y112.244 E2449.288
G1 X103.735 Y112.244 E2449.72848
G1 X103.256 Y112.072 E2449.75387
G1 X102.919 Y111.77 E2449.77645
G1 X102.92 Y115.088 E2449.94198
G0 F9000 X103.238 Y114.551
G1 F1500 X103.12 Y114.434 E2449.95027
G0 F9000 X103.648 Y114.396
G1 F1500 X103.12 Y113.868 E2449.98753
G0 F9000 X103.12 Y113.303
G1 F1500 X104.185 Y114.367 E2450.06263
G0 F9000 X104.751 Y114.367
G1 F1500 X103.12 Y112.737 E2450.17767
G0 F9000 X103.222 Y112.273
G1 F1500 X105.316 Y114.367 E2450.32542
G0 F9000 X105.881 Y114.367
G1 F1500 X103.959 Y112.444 E2450.46106
G0 F9000 X104.525 Y112.444
G1 F1500 X106.447 Y114.367 E2450.5967
G0 F9000 X107.012 Y114.366
G1 F1500 X105.09 Y112.444 E2450.73231
G0 F9000 X105.656 Y112.444
G1 F1500 X107.578 Y114.366 E2450.86792
G0 F9000 X108.143 Y114.365
G1 F1500 X106.222 Y112.444 E2451.00345
G0 F9000 X106.787 Y112.444
G1 F1500 X108.708 Y114.365 E2451.13899
G0 F9000 X109.274 Y114.365
G1 F1500 X107.353 Y112.444 E2451.27453
G0 F9000 X107.919 Y112.444
G1 F1500 X109.839 Y114.365 E2451.41003
G0 F9000 X110.405 Y114.365
G1 F1500 X108.484 Y112.444 E2451.54557
G0 F9000 X109.05 Y112.444
G1 F1500 X110.97 Y114.364 E2451.68103
G0 F9000 X111.535 Y114.364
G1 F1500 X109.616 Y112.444 E2451.81646
G0 F9000 X110.181 Y112.444
G1 F1500 X112.101 Y114.364 E2451.95193
G0 F9000 X112.367 Y114.064
G1 F1500 X110.747 Y112.444 E2452.06623
G0 F9000 X111.313 Y112.444
G1 F1500 X112.366 Y113.497 E2452.14053
G0 F9000 X112.365 Y112.931
G1 F1500 X111.878 Y112.444 E2452.17489
G1 F2700 E2443.17489
;MESH:wildrosebuilds_puzzlecube.stl(2)
G0 F9000 X111.879 Y111.987
G0 X112.667 Y112.052
G0 X123.876 Y115.5
G0 X124.965 Y115.5
G0 X126.635 Y115.5
G0 X127.499 Y122.146
;TYPE:WALL-OUTER
G1 F2700 E2452.17489
G1 F1500 X133.891 Y115.764 E2452.62552
G1 X133.992 Y115.724 E2452.63094
G1 X154.1 Y115.724 E2453.63414
G1 X154.1 Y102.804 E2454.27872
G1 X147.84 Y102.804 E2454.59103
G1 X147.838 Y110.923 E2454.99609
G1 X147.755 Y111.053 E2455.00378
G1 X147.675 Y111.086 E2455.0081
G1 X133.944 Y111.088 E2455.69314
G1 X133.81 Y111.022 E2455.70059
G1 X133.762 Y110.923 E2455.70608
G1 X133.76 Y95.964 E2456.45239
G1 X127.5 Y95.964 E2456.7647
G1 X127.499 Y122.146 E2458.07093
G0 F9000 X127.748 Y121.554
G0 X128.172 Y120.549
G0 X127.899 Y121.182
;TYPE:WALL-INNER
G1 F1500 X133.651 Y115.444 E2458.47627
G1 X133.953 Y115.326 E2458.49245
G1 X153.7 Y115.324 E2459.47763
G1 X153.7 Y103.204 E2460.0823
G1 X148.24 Y103.204 E2460.3547
G1 X148.24 Y110.983 E2460.74279
G1 X148.102 Y111.272 E2460.75877
G1 X147.824 Y111.46 E2460.77552
G1 X147.64 Y111.488 E2460.7848
G1 X133.913 Y111.487 E2461.46964
G1 X133.699 Y111.429 E2461.4807
G1 X133.512 Y111.288 E2461.49239
G1 X133.36 Y111.004 E2461.50846
G1 X133.36 Y96.364 E2462.23885
G1 X127.9 Y96.364 E2462.51125
G1 X127.899 Y121.182 E2463.74943
G0 F9000 X128.148 Y120.588
G0 X128.299 Y120.217
G1 F1500 X133.376 Y115.145 E2464.10746
G1 X133.559 Y115.032 E2464.11819
G1 X133.914 Y114.928 E2464.13665
G1 X153.3 Y114.924 E2465.10382
G1 X153.3 Y103.604 E2465.66858
G1 X148.64 Y103.604 E2465.90106
G1 X148.64 Y111.045 E2466.2723
G1 X148.54 Y111.325 E2466.28713
G1 X148.41 Y111.527 E2466.29911
G1 X148.211 Y111.71 E2466.3126
G1 X147.946 Y111.841 E2466.32735
G1 X147.64 Y111.888 E2466.3428
G1 X133.883 Y111.885 E2467.02914
G1 X133.526 Y111.789 E2467.04758
G1 X133.213 Y111.554 E2467.06711
G1 X133.081 Y111.366 E2467.07857
G1 X132.991 Y111.138 E2467.0908
G1 X132.96 Y110.888 E2467.10336
G1 X132.96 Y96.764 E2467.80801
G1 X128.3 Y96.764 E2468.0405
G1 X128.299 Y120.217 E2469.21058
G0 F9000 X128.379 Y111.142
;TYPE:FILL
G1 F3000 X132.88 Y106.642 E2469.52811
G0 F9000 X128.379 Y107.257
G1 F3000 X132.88 Y111.759 E2469.84572
G0 F9000 X132.66 Y111.759
G0 X132.758 Y110.849
G0 X133.093 Y111.661
G0 X133.359 Y111.925
G0 X142.755 Y112.059
G0 X145.631 Y114.846
G1 F3000 X153.22 Y107.257 E2470.38116
G0 F9000 X153.22 Y111.143
G1 F3000 X148.72 Y106.643 E2470.69866
G0 F9000 X148.478 Y111.729
G0 X133.359 Y111.899
G0 X133.093 Y111.661
G0 X132.758 Y110.849
G0 X132.66 Y115.088
G0 X132.92 Y115.088
;TYPE:SKIN
G1 F1500 X133.167 Y114.849 E2470.71581
G1 X133.421 Y114.696 E2470.7306
G1 X133.761 Y114.568 E2470.74873
G1 X142.567 Y114.564 E2471.18806
G1 X142.564 Y112.244 E2471.3038
G1 X133.735 Y112.244 E2471.74429
G1 X133.256 Y112.072 E2471.76968
G1 X132.919 Y111.77 E2471.79225
G1 X132.92 Y115.088 E2471.95779
G0 F9000 X133.225 Y114.557
G1 F1500 X133.12 Y114.452 E2471.9652
G0 F9000 X133.635 Y114.401
G1 F1500 X133.12 Y113.887 E2472.0015
G0 F9000 X133.12 Y113.321
G1 F1500 X134.166 Y114.367 E2472.0753
G0 F9000 X134.732 Y114.367
G1 F1500 X133.12 Y112.755 E2472.18903
G0 F9000 X133.193 Y112.262
G1 F1500 X135.297 Y114.367 E2472.33752
G0 F9000 X135.863 Y114.367
G1 F1500 X133.94 Y112.444 E2472.4732
G0 F9000 X134.506 Y112.444
G1 F1500 X136.428 Y114.367 E2472.60884
G0 F9000 X136.993 Y114.366
G1 F1500 X135.072 Y112.444 E2472.74441
G0 F9000 X135.637 Y112.444
G1 F1500 X137.559 Y114.366 E2472.88002
G0 F9000 X138.124 Y114.365
G1 F1500 X136.203 Y112.444 E2473.01556
G0 F9000 X136.769 Y112.444
G1 F1500 X138.69 Y114.365 E2473.15109
G0 F9000 X139.255 Y114.365
G1 F1500 X137.334 Y112.444 E2473.28663
G0 F9000 X137.9 Y112.444
G1 F1500 X139.82 Y114.365 E2473.42213
G0 F9000 X140.386 Y114.365
G1 F1500 X138.466 Y112.444 E2473.55763
G0 F9000 X139.031 Y112.444
G1 F1500 X140.951 Y114.364 E2473.6931
G0 F9000 X141.517 Y114.364
G1 F1500 X139.597 Y112.444 E2473.82857
G0 F9000 X140.163 Y112.444
G1 F1500 X142.083 Y114.364 E2473.96403
G0 F9000 X142.367 Y114.082
G1 F1500 X140.728 Y112.444 E2474.07964
G0 F9000 X141.294 Y112.444
G1 F1500 X142.366 Y113.516 E2474.15527
G0 F9000 X142.365 Y112.95
G1 F1500 X141.86 Y112.444 E2474.19094
G1 F2700 E2465.19094
;MESH:NONMESH
G0 F300 X141.86 Y112.444 Z12.45
G0 F9000 X141.861 Y111.987
G0 X133.522 Y111.328
G0 X127.724 Y96.188
G0 X127.724 Y95.099
G0 X124.965 Y92.212
G0 X117.84 Y92.436
;TIME_ELAPSED:3183.642070
;LAYER:41
;TYPE:WALL-OUTER
;MESH:wildrosebuilds_puzzlecube.stl(1)
G1 F2700 E2474.19094
G1 F1500 X124.1 Y92.436 E2474.50325
G1 X124.1 Y66.248 E2475.80977
G1 X117.671 Y72.67 E2476.26313
G1 X97.501 Y72.677 E2477.26941
G1 X97.5 Y85.596 E2477.91395
G1 X103.76 Y85.596 E2478.22626
G1 X103.766 Y77.755 E2478.61745
G1 X103.813 Y77.671 E2478.62225
G1 X103.925 Y77.61 E2478.62861
G1 X117.687 Y77.613 E2479.3152
G1 X117.784 Y77.668 E2479.32076
G1 X117.84 Y77.767 E2479.32644
G1 X117.84 Y92.436 E2480.05828
G0 F9000 X118.24 Y92.036
;TYPE:WALL-INNER
G1 F1500 X123.7 Y92.036 E2480.33068
G1 X123.7 Y67.213 E2481.5691
G1 X117.969 Y72.941 E2481.97335
G1 X117.7 Y73.076 E2481.98837
G1 X97.901 Y73.077 E2482.97614
G1 X97.9 Y85.196 E2483.58076
G1 X103.36 Y85.196 E2483.85316
G1 X103.36 Y77.687 E2484.22779
G1 X103.52 Y77.399 E2484.24422
G1 X103.828 Y77.208 E2484.26231
G1 X117.736 Y77.208 E2484.95618
G1 X117.901 Y77.267 E2484.96492
G1 X118.072 Y77.39 E2484.97543
G1 X118.24 Y77.686 E2484.99241
G1 X118.24 Y92.036 E2485.70833
G0 F9000 X118.64 Y91.636
G1 F1500 X123.3 Y91.636 E2485.94082
G1 X123.3 Y68.178 E2487.11115
G1 X118.223 Y73.252 E2487.46925
G1 X117.84 Y73.443 E2487.4906
G1 X117.606 Y73.476 E2487.50239
G1 X98.301 Y73.477 E2488.46552
G1 X98.3 Y84.796 E2489.03023
G1 X102.96 Y84.796 E2489.26272
G1 X102.96 Y77.808 E2489.61135
G1 X102.994 Y77.547 E2489.62448
G1 X103.091 Y77.312 E2489.63717
G1 X103.228 Y77.126 E2489.64869
G1 X103.424 Y76.963 E2489.66141
G1 X103.676 Y76.849 E2489.67521
G1 X103.96 Y76.808 E2489.68952
G1 X117.64 Y76.808 E2490.37202
G1 X118.074 Y76.907 E2490.39423
G1 X118.359 Y77.112 E2490.41175
G1 X118.505 Y77.305 E2490.42382
G1 X118.605 Y77.543 E2490.4367
G1 X118.64 Y77.808 E2490.45003
G1 X118.64 Y91.636 E2491.13992
G0 F9000 X118.72 Y81.457
;TYPE:FILL
G1 F3000 X123.22 Y76.957 E2491.45742
G0 F9000 X123.22 Y81.443
G1 F3000 X118.72 Y76.943 E2491.77492
G0 F9000 X118.94 Y76.943
G0 X118.842 Y77.847
G0 X118.476 Y77.001
G0 X117.638 Y76.647
G0 X108.545 Y76.636
G0 X106.265 Y73.556
G1 F3000 X98.38 Y81.441 E2492.33124
G0 F9000 X98.38 Y76.959
G1 F3000 X102.88 Y81.459 E2492.64874
G0 F9000 X103.122 Y76.971
G0 X118.478 Y76.972
G0 X118.842 Y77.847
G0 X118.94 Y76.938
G0 X118.68 Y76.938
;TYPE:SKIN
G1 F1500 X118.68 Y73.304 E2492.83004
G1 X118.433 Y73.543 E2492.84719
G1 X118.065 Y73.766 E2492.86866
G1 X117.633 Y73.835 E2492.89049
G1 X108.732 Y73.836 E2493.33456
G1 X108.732 Y76.448 E2493.46487
G1 X117.655 Y76.449 E2493.91004
G1 X117.984 Y76.491 E2493.92659
G1 X118.257 Y76.597 E2493.9412
G1 X118.593 Y76.836 E2493.96177
G1 X118.68 Y76.938 E2493.96846
G0 F9000 X118.228 Y76.368
G1 F1500 X118.48 Y76.116 E2493.98624
G0 F9000 X118.48 Y75.55
G1 F1500 X117.769 Y76.261 E2494.0364
G0 F9000 X117.214 Y76.25
G1 F1500 X118.48 Y74.984 E2494.12573
G0 F9000 X118.48 Y74.419
G1 F1500 X116.649 Y76.25 E2494.25491
G0 F9000 X116.083 Y76.25
G1 F1500 X118.41 Y73.923 E2494.4191
G1 X118.411 Y73.922
G1 X118.48 Y73.853 E2494.42396
G0 F9000 X117.747 Y74.02
G1 F1500 X115.517 Y76.25 E2494.5813
G0 F9000 X114.952 Y76.25
G1 F1500 X117.169 Y74.033 E2494.73772
G0 F9000 X116.603 Y74.033
G1 F1500 X114.387 Y76.249 E2494.89408
G0 F9000 X113.821 Y76.249
G1 F1500 X116.038 Y74.033 E2495.05046
G0 F9000 X115.471 Y74.033
G1 F1500 X113.255 Y76.249 E2495.20681
G0 F9000 X112.689 Y76.249
G1 F1500 X114.906 Y74.033 E2495.3632
G0 F9000 X114.34 Y74.033
G1 F1500 X112.124 Y76.249 E2495.51955
G0 F9000 X111.559 Y76.249
G1 F1500 X113.773 Y74.034 E2495.67579
G0 F9000 X113.208 Y74.034
G1 F1500 X110.993 Y76.249 E2495.83207
G0 F9000 X110.427 Y76.249
G1 F1500 X112.642 Y74.034 E2495.98835
G0 F9000 X112.076 Y74.035
G1 F1500 X109.862 Y76.249 E2496.14456
G0 F9000 X109.296 Y76.249
G1 F1500 X111.51 Y74.035 E2496.30077
G0 F9000 X110.944 Y74.035
G1 F1500 X108.932 Y76.047 E2496.44273
G0 F9000 X108.932 Y75.482
G1 F1500 X110.378 Y74.035 E2496.54479
G0 F9000 X109.812 Y74.035
G1 F1500 X108.932 Y74.916 E2496.60691
G0 F9000 X108.932 Y74.35
G1 F1500 X109.247 Y74.035 E2496.62914
G1 F2700 E2487.62914
;MESH:wildrosebuilds_puzzlecube.stl
G0 F9000 X109.247 Y73.576
G0 X108.614 Y73.641
G0 X103.536 Y77.385
G0 X104.613 Y78.462
G0 X104.613 Y86.449
G0 X103.536 Y95.099
G0 X97.5 Y122.146
;TYPE:WALL-OUTER
G1 F2700 E2496.62914
G1 F1500 X103.891 Y115.764 E2497.07974
G1 X103.992 Y115.724 E2497.08516
G1 X124.1 Y115.724 E2498.08835
G1 X124.1 Y102.804 E2498.73293
G1 X117.84 Y102.804 E2499.04525
G1 X117.838 Y110.623 E2499.43534
G1 X117.747 Y110.758 E2499.44346
G1 X117.675 Y110.786 E2499.44731
G1 X103.944 Y110.788 E2500.13236
G1 X103.816 Y110.728 E2500.13941
G1 X103.762 Y110.623 E2500.1453
G1 X103.76 Y95.964 E2500.87664
G1 X97.5 Y95.964 E2501.18895
G1 X97.5 Y122.146 E2502.49518
G0 F9000 X97.748 Y121.554
G0 X98.172 Y120.549
G0 X97.9 Y121.181
;TYPE:WALL-INNER
G1 F1500 X103.651 Y115.444 E2502.90045
G1 X103.953 Y115.326 E2502.91663
G1 X123.7 Y115.324 E2503.90181
G1 X123.7 Y103.204 E2504.50648
G1 X118.24 Y103.204 E2504.77888
G1 X118.24 Y110.709 E2505.1533
G1 X118.079 Y110.998 E2505.16981
G1 X117.772 Y111.188 E2505.18782
G1 X103.913 Y111.186 E2505.87925
G1 X103.699 Y111.129 E2505.8903
G1 X103.528 Y111.006 E2505.90081
G1 X103.36 Y110.71 E2505.91779
G1 X103.36 Y96.364 E2506.63351
G1 X97.9 Y96.364 E2506.90591
G1 X97.9 Y121.181 E2508.14404
G0 F9000 X98.148 Y120.588
G0 X98.3 Y120.217
G1 F1500 X103.374 Y115.147 E2508.50189
G1 X103.56 Y115.031 E2508.51283
G1 X103.915 Y114.928 E2508.53127
G1 X123.3 Y114.924 E2509.49839
G1 X123.3 Y103.604 E2510.06315
G1 X118.64 Y103.604 E2510.29564
G1 X118.64 Y110.588 E2510.64407
G1 X118.606 Y110.85 E2510.65725
G1 X118.509 Y111.085 E2510.66994
G1 X118.372 Y111.271 E2510.68146
G1 X118.175 Y111.434 E2510.69422
G1 X117.924 Y111.547 E2510.70795
G1 X117.64 Y111.588 E2510.72227
G1 X103.882 Y111.585 E2511.40866
G1 X103.525 Y111.489 E2511.4271
G1 X103.241 Y111.284 E2511.44457
G1 X103.095 Y111.091 E2511.45665
G1 X102.995 Y110.853 E2511.46953
G1 X102.96 Y110.588 E2511.48286
G1 X102.96 Y96.764 E2512.17254
G1 X98.3 Y96.764 E2512.40503
G1 X98.3 Y120.217 E2513.57511
G0 F9000 X98.38 Y111.441
;TYPE:FILL
G1 F3000 X102.88 Y106.941 E2513.89261
G0 F9000 X98.38 Y106.958
G1 F3000 X102.881 Y111.459 E2514.21018
G0 F9000 X102.66 Y111.459
G0 X102.758 Y110.549
G0 X103.124 Y111.395
G0 X103.841 Y111.774
G0 X113.055 Y111.759
G0 X115.331 Y114.847
G1 F3000 X123.22 Y106.958 E2514.76679
G0 F9000 X123.22 Y111.443
G1 F3000 X118.72 Y106.942 E2515.08432
G0 F9000 X118.478 Y111.429
G0 X103.456 Y111.634
G0 X103.124 Y111.395
G0 X102.758 Y110.549
G0 X102.66 Y115.088
G0 X102.92 Y115.088
;TYPE:SKIN
G1 F1500 X103.162 Y114.854 E2515.10112
G1 X103.382 Y114.717 E2515.11405
G1 X103.767 Y114.568 E2515.13464
G1 X112.867 Y114.564 E2515.58865
G1 X112.864 Y111.944 E2515.71936
G1 X103.731 Y111.944 E2516.175
G1 X103.36 Y111.811 E2516.19467
G1 X103.006 Y111.555 E2516.21646
G1 X102.92 Y111.454 E2516.22308
G1 X102.92 Y115.088 E2516.40438
G0 F9000 X102.66 Y115.088
G0 X102.758 Y110.549
G0 X103.124 Y111.395
G0 X103.619 Y111.628
G0 X103.466 Y112.06
G1 F1500 X103.121 Y112.405 E2516.42872
G0 F9000 X103.121 Y112.971
G1 F1500 X103.948 Y112.144 E2516.48707
G0 F9000 X104.514 Y112.144
G1 F1500 X103.121 Y113.537 E2516.58536
G0 F9000 X103.121 Y114.102
G1 F1500 X105.08 Y112.144 E2516.72354
G0 F9000 X105.645 Y112.144
G1 F1500 X103.218 Y114.571 E2516.89478
G0 F9000 X103.987 Y114.367
G1 F1500 X106.211 Y112.144 E2517.05166
G0 F9000 X106.777 Y112.144
G1 F1500 X104.553 Y114.367 E2517.20854
G0 F9000 X105.118 Y114.367
G1 F1500 X107.342 Y112.144 E2517.36542
G0 F9000 X107.908 Y112.144
G1 F1500 X105.685 Y114.367 E2517.52226
G0 F9000 X106.251 Y114.367
G1 F1500 X108.474 Y112.144 E2517.67911
G0 F9000 X109.039 Y112.144
G1 F1500 X106.816 Y114.367 E2517.83595
G0 F9000 X107.383 Y114.366
G1 F1500 X109.605 Y112.144 E2517.99273
G0 F9000 X110.171 Y112.144
G1 F1500 X107.948 Y114.366 E2518.14953
G0 F9000 X108.514 Y114.366
G1 F1500 X110.736 Y112.144 E2518.30631
G0 F9000 X111.302 Y112.144
G1 F1500 X109.08 Y114.366 E2518.46308
G0 F9000 X109.646 Y114.365
G1 F1500 X111.868 Y112.144 E2518.61982
G0 F9000 X112.434 Y112.144
G1 F1500 X110.212 Y114.365 E2518.77656
G0 F9000 X110.777 Y114.365
G1 F1500 X112.664 Y112.479 E2518.90966
G0 F9000 X112.665 Y113.044
G1 F1500 X111.344 Y114.365 E2519.00287
G0 F9000 X111.91 Y114.365
G1 F1500 X112.665 Y113.609 E2519.05617
G0 F9000 X112.666 Y114.174
G1 F1500 X112.475 Y114.365 E2519.06965
G1 F2700 E2510.06965
;MESH:wildrosebuilds_puzzlecube.stl(2)
G0 F9000 X112.475 Y114.828
G0 X123.876 Y115.5
G0 X124.965 Y115.5
G0 X126.635 Y115.5
G0 X127.5 Y122.146
;TYPE:WALL-OUTER
G1 F2700 E2519.06965
G1 F1500 X133.891 Y115.764 E2519.52025
G1 X133.992 Y115.724 E2519.52567
G1 X154.1 Y115.724 E2520.52886
G1 X154.1 Y102.804 E2521.17344
G1 X147.84 Y102.804 E2521.48576
G1 X147.838 Y110.623 E2521.87585
G1 X147.747 Y110.758 E2521.88397
G1 X147.675 Y110.786 E2521.88782
G1 X133.944 Y110.788 E2522.57287
G1 X133.816 Y110.728 E2522.57992
G1 X133.762 Y110.623 E2522.58581
G1 X133.76 Y95.964 E2523.31715
G1 X127.5 Y95.964 E2523.62946
G1 X127.5 Y122.146 E2524.93569
G0 F9000 X127.748 Y121.554
G0 X128.172 Y120.549
G0 X127.9 Y121.181
;TYPE:WALL-INNER
G1 F1500 X133.651 Y115.444 E2525.34096
G1 X133.953 Y115.326 E2525.35713
G1 X153.7 Y115.324 E2526.34232
G1 X153.7 Y103.204 E2526.94699
G1 X148.24 Y103.204 E2527.21939
G1 X148.24 Y110.709 E2527.59381
G1 X148.079 Y110.998 E2527.61032
G1 X147.772 Y111.188 E2527.62833
G1 X133.913 Y111.186 E2528.31976
G1 X133.699 Y111.129 E2528.33081
G1 X133.528 Y111.006 E2528.34132
G1 X133.36 Y110.71 E2528.3583
G1 X133.36 Y96.364 E2529.07402
G1 X127.9 Y96.364 E2529.34642
G1 X127.9 Y121.181 E2530.58455
G0 F9000 X128.148 Y120.588
G0 X128.3 Y120.217
G1 F1500 X133.374 Y115.147 E2530.9424
G1 X133.56 Y115.031 E2530.95334
G1 X133.915 Y114.928 E2530.97178
G1 X153.3 Y114.924 E2531.9389
G1 X153.3 Y103.604 E2532.50366
G1 X148.64 Y103.604 E2532.73615
G1 X148.64 Y110.588 E2533.08458
G1 X148.606 Y110.85 E2533.09776
G1 X148.509 Y111.085 E2533.11045
G1 X148.372 Y111.271 E2533.12197
G1 X148.175 Y111.434 E2533.13473
G1 X147.924 Y111.547 E2533.14846
G1 X147.64 Y111.588 E2533.16278
G1 X133.882 Y111.585 E2533.84917
G1 X133.525 Y111.489 E2533.86761
G1 X133.241 Y111.284 E2533.88508
G1 X133.095 Y111.091 E2533.89716
G1 X132.995 Y110.853 E2533.91004
G1 X132.96 Y110.588 E2533.92337
G1 X132.96 Y96.764 E2534.61305
G1 X128.3 Y96.764 E2534.84554
G1 X128.3 Y120.217 E2536.01562
G0 F9000 X128.38 Y111.441
;TYPE:FILL
G1 F3000 X132.88 Y106.941 E2536.33312
G0 F9000 X128.379 Y106.958
G1 F3000 X132.88 Y111.459 E2536.65069
G0 F9000 X132.66 Y111.459
G0 X132.758 Y110.549
G0 X133.124 Y111.395
G0 X133.838 Y111.774
G0 X143.055 Y111.759
G0 X145.33 Y114.847
G1 F3000 X153.22 Y106.957 E2537.20737
G0 F9000 X153.22 Y111.443
G1 F3000 X148.72 Y106.943 E2537.52487
G0 F9000 X148.478 Y111.429
G0 X133.456 Y111.634
G0 X133.124 Y111.395
G0 X132.758 Y110.549
G0 X132.66 Y115.088
G0 X132.92 Y115.088
;TYPE:SKIN
G1 F1500 X133.162 Y114.854 E2537.54166
G1 X133.382 Y114.717 E2537.55459
G1 X133.767 Y114.568 E2537.57519
G1 X142.867 Y114.564 E2538.02919
G1 X142.864 Y111.944 E2538.1599
G1 X133.731 Y111.944 E2538.61555
G1 X133.36 Y111.811 E2538.63521
G1 X133.006 Y111.555 E2538.65701
G1 X132.92 Y111.454 E2538.66362
G1 X132.92 Y115.088 E2538.84493
G0 F9000 X132.66 Y115.088
G0 X132.758 Y110.549
G0 X133.124 Y111.395
G0 X133.605 Y111.623
G0 X133.452 Y112.055
G1 F1500 X133.121 Y112.386 E2538.86828
G0 F9000 X133.121 Y112.952
G1 F1500 X133.93 Y112.144 E2538.92532
G0 F9000 X134.495 Y112.144
G1 F1500 X133.121 Y113.518 E2539.02227
G0 F9000 X133.121 Y114.084
G1 F1500 X135.061 Y112.144 E2539.15914
G0 F9000 X135.627 Y112.144
G1 F1500 X133.186 Y114.585 E2539.33137
G0 F9000 X133.968 Y114.368
G1 F1500 X136.192 Y112.144 E2539.48829
G0 F9000 X136.758 Y112.144
G1 F1500 X134.533 Y114.368 E2539.64524
G0 F9000 X135.099 Y114.368
G1 F1500 X137.324 Y112.144 E2539.80219
G0 F9000 X137.889 Y112.144
G1 F1500 X135.666 Y114.367 E2539.95903
G0 F9000 X136.231 Y114.367
G1 F1500 X138.455 Y112.144 E2540.11591
G0 F9000 X139.021 Y112.144
G1 F1500 X136.798 Y114.367 E2540.27276
G0 F9000 X137.363 Y114.367
G1 F1500 X139.586 Y112.144 E2540.4296
G0 F9000 X140.152 Y112.144
G1 F1500 X137.929 Y114.367 E2540.58644
G0 F9000 X138.495 Y114.366
G1 F1500 X140.718 Y112.144 E2540.74325
G0 F9000 X141.283 Y112.144
G1 F1500 X139.061 Y114.366 E2540.90003
G0 F9000 X139.627 Y114.366
G1 F1500 X141.849 Y112.144 E2541.0568
G0 F9000 X142.415 Y112.144
G1 F1500 X140.193 Y114.365 E2541.21354
G0 F9000 X140.759 Y114.365
G1 F1500 X142.664 Y112.46 E2541.34795
G0 F9000 X142.664 Y113.025
G1 F1500 X141.325 Y114.365 E2541.44246
G0 F9000 X141.891 Y114.365
G1 F1500 X142.665 Y113.59 E2541.4971
G0 F9000 X142.666 Y114.155
G1 F1500 X142.457 Y114.365 E2541.51188
G1 F2700 E2532.51188
;MESH:NONMESH
G0 F300 X142.457 Y114.365 Z12.75
G0 F9000 X142.457 Y114.828
G0 X143.056 Y114.755
G0 X143.055 Y111.759
G0 X133.522 Y111.028
G0 X127.724 Y96.188
G0 X127.724 Y95.099
G0 X124.965 Y92.212
G0 X117.84 Y92.436
;TIME_ELAPSED:3254.711904
;LAYER:42
;TYPE:WALL-OUTER
;MESH:wildrosebuilds_puzzlecube.stl(1)
G1 F2700 E2541.51188
G1 F1500 X124.1 Y92.436 E2541.8242
G1 X124.1 Y66.248 E2543.13072
G1 X117.671 Y72.67 E2543.58408
G1 X97.501 Y72.677 E2544.59036
G1 X97.5 Y85.596 E2545.23489
G1 X103.76 Y85.596 E2545.54721
G1 X103.763 Y78.068 E2545.92278
G1 X103.878 Y77.908 E2545.93261
G1 X117.687 Y77.913 E2546.62154
G1 X117.779 Y77.963 E2546.62677
G1 X117.836 Y78.065 E2546.6326
G1 X117.84 Y92.436 E2547.34957
G0 F9000 X118.24 Y92.036
;TYPE:WALL-INNER
G1 F1500 X123.7 Y92.036 E2547.62197
G1 X123.7 Y67.213 E2548.86039
G1 X117.969 Y72.941 E2549.26464
G1 X117.699 Y73.076 E2549.2797
G1 X97.901 Y73.077 E2550.26743
G1 X97.9 Y85.196 E2550.87205
G1 X103.36 Y85.196 E2551.14445
G1 X103.36 Y78.025 E2551.50221
G1 X103.406 Y77.876 E2551.50999
G1 X103.543 Y77.675 E2551.52213
G1 X103.838 Y77.508 E2551.53904
G1 X117.736 Y77.508 E2552.23241
G1 X118.055 Y77.674 E2552.25035
G1 X118.188 Y77.862 E2552.26184
G1 X118.24 Y78.021 E2552.27019
G1 X118.24 Y92.036 E2552.9694
G0 F9000 X118.64 Y91.636
G1 F1500 X123.3 Y91.636 E2553.20189
G1 X123.3 Y68.178 E2554.37221
G1 X118.222 Y73.253 E2554.73039
G1 X117.838 Y73.444 E2554.75178
G1 X117.604 Y73.476 E2554.76357
G1 X98.301 Y73.477 E2555.7266
G1 X98.3 Y84.796 E2556.2913
G1 X102.96 Y84.796 E2556.52379
G1 X102.96 Y77.955 E2556.86509
G1 X103.125 Y77.556 E2556.88663
G1 X103.266 Y77.387 E2556.89761
G1 X103.458 Y77.242 E2556.90962
G1 X103.696 Y77.143 E2556.92248
G1 X103.96 Y77.108 E2556.93576
G1 X117.64 Y77.108 E2557.61826
G1 X118.074 Y77.207 E2557.64047
G1 X118.332 Y77.385 E2557.65611
G1 X118.554 Y77.699 E2557.67529
G1 X118.64 Y77.96 E2557.689
G1 X118.64 Y91.636 E2558.3713
G0 F9000 X118.72 Y81.157
;TYPE:FILL
G1 F3000 X123.22 Y76.657 E2558.6888
G0 F9000 X118.94 Y77.243
G0 X118.72 Y77.243
G1 F3000 X123.22 Y81.743 E2559.0063
G0 F9000 X118.48 Y77.88
G0 X118.478 Y77.272
G0 X108.245 Y76.936
G0 X106.565 Y73.556
G1 F3000 X98.38 Y81.741 E2559.5838
G0 F9000 X102.88 Y81.159
G1 F3000 X98.38 Y76.66 E2559.90126
G0 F9000 X118.462 Y77.286
G0 X118.841 Y78.147
G0 X118.94 Y77.262
G0 X118.68 Y77.262
;TYPE:SKIN
G1 F1500 X118.68 Y73.304 E2560.09873
G1 X118.47 Y73.514 E2560.11354
G1 X118.175 Y73.7 E2560.13094
G1 X117.951 Y73.784 E2560.14288
G1 X117.629 Y73.835 E2560.15914
G1 X108.432 Y73.836 E2560.61798
G1 X108.432 Y76.748 E2560.76326
G1 X117.655 Y76.749 E2561.2234
G1 X117.979 Y76.791 E2561.2397
G1 X118.255 Y76.895 E2561.25441
G1 X118.555 Y77.103 E2561.27263
G1 X118.68 Y77.262 E2561.28272
G0 F9000 X118.94 Y77.262
G0 X118.855 Y72.883
G0 X117.912 Y73.522
G0 X118.074 Y73.951
G1 F1500 X118.48 Y74.357 E2561.31136
G0 F9000 X118.48 Y74.922
G1 F1500 X117.591 Y74.033 E2561.37409
G0 F9000 X117.025 Y74.033
G1 F1500 X118.48 Y75.488 E2561.47674
G0 F9000 X118.48 Y76.054
G1 F1500 X116.46 Y74.033 E2561.6193
G0 F9000 X115.894 Y74.033
G1 F1500 X118.48 Y76.619 E2561.80176
G0 F9000 X117.866 Y76.571
G1 F1500 X115.329 Y74.034 E2561.98076
G0 F9000 X114.763 Y74.034
G1 F1500 X117.279 Y76.549 E2562.15824
G0 F9000 X116.713 Y76.549
G1 F1500 X114.198 Y74.034 E2562.33569
G0 F9000 X113.633 Y74.035
G1 F1500 X116.147 Y76.549 E2562.51306
G0 F9000 X115.582 Y76.549
G1 F1500 X113.067 Y74.035 E2562.69047
G0 F9000 X112.501 Y74.035
G1 F1500 X115.016 Y76.549 E2562.86788
G0 F9000 X114.449 Y76.549
G1 F1500 X111.936 Y74.035 E2563.04523
G0 F9000 X111.371 Y74.035
G1 F1500 X113.884 Y76.549 E2563.22257
G0 F9000 X113.318 Y76.549
G1 F1500 X110.805 Y74.035 E2563.39991
G0 F9000 X110.24 Y74.036
G1 F1500 X112.752 Y76.549 E2563.57718
G0 F9000 X112.187 Y76.549
G1 F1500 X109.674 Y74.036 E2563.75448
G0 F9000 X109.109 Y74.036
G1 F1500 X111.62 Y76.548 E2563.93168
G0 F9000 X111.055 Y76.548
G1 F1500 X108.632 Y74.125 E2564.10264
G0 F9000 X108.632 Y74.691
G1 F1500 X110.489 Y76.548 E2564.23366
G0 F9000 X109.923 Y76.548
G1 F1500 X108.632 Y75.257 E2564.32475
G0 F9000 X108.632 Y75.822
G1 F1500 X109.358 Y76.548 E2564.37597
G0 F9000 X108.792 Y76.548
G1 F1500 X108.632 Y76.388 E2564.38726
G0 F9000 X107.872 Y76.388
G1 F2700 E2555.38726
;MESH:wildrosebuilds_puzzlecube.stl
G0 F9000 X103.536 Y77.685
G0 X104.613 Y78.762
G0 X104.613 Y86.449
G0 X103.536 Y95.099
G0 X97.5 Y122.146
;TYPE:WALL-OUTER
G1 F2700 E2564.38726
G1 F1500 X103.892 Y115.763 E2564.83793
G1 X103.992 Y115.724 E2564.84329
G1 X124.1 Y115.724 E2565.84648
G1 X124.1 Y102.804 E2566.49106
G1 X117.84 Y102.804 E2566.80337
G1 X117.837 Y110.328 E2567.17875
G1 X117.722 Y110.488 E2567.18858
G1 X103.944 Y110.488 E2567.87597
G1 X103.821 Y110.433 E2567.88269
G1 X103.762 Y110.323 E2567.88891
G1 X103.76 Y95.964 E2568.60529
G1 X97.5 Y95.964 E2568.9176
G1 X97.5 Y122.146 E2570.22383
G0 F9000 X97.748 Y121.554
G0 X98.172 Y120.549
G0 X97.9 Y121.181
;TYPE:WALL-INNER
G1 F1500 X103.652 Y115.443 E2570.62917
G1 X103.895 Y115.326 E2570.64262
G1 X123.7 Y115.324 E2571.6307
G1 X123.7 Y103.204 E2572.23537
G1 X118.24 Y103.204 E2572.50777
G1 X118.24 Y110.373 E2572.86543
G1 X118.141 Y110.62 E2572.87871
G1 X117.941 Y110.808 E2572.8924
G1 X117.64 Y110.888 E2572.90794
G1 X103.913 Y110.887 E2573.59278
G1 X103.7 Y110.829 E2573.6038
G1 X103.545 Y110.722 E2573.61319
G1 X103.412 Y110.533 E2573.62472
G1 X103.36 Y110.366 E2573.63345
G1 X103.36 Y96.364 E2574.33201
G1 X97.9 Y96.364 E2574.60441
G1 X97.9 Y121.181 E2575.84254
G0 F9000 X98.148 Y120.588
G0 X98.3 Y120.216
G1 F1500 X103.373 Y115.148 E2576.20029
G1 X103.562 Y115.03 E2576.2114
G1 X103.915 Y114.928 E2576.22974
G1 X123.3 Y114.924 E2577.19686
G1 X123.3 Y103.604 E2577.76161
G1 X118.64 Y103.604 E2577.9941
G1 X118.64 Y110.426 E2578.33445
G1 X118.534 Y110.768 E2578.35232
G1 X118.334 Y111.009 E2578.36794
G1 X118.141 Y111.154 E2578.37998
G1 X117.904 Y111.253 E2578.3928
G1 X117.64 Y111.288 E2578.40609
G1 X103.882 Y111.285 E2579.09247
G1 X103.526 Y111.189 E2579.11087
G1 X103.268 Y111.011 E2579.12651
G1 X103.047 Y110.697 E2579.14566
G1 X102.96 Y110.416 E2579.16034
G1 X102.96 Y96.764 E2579.84144
G1 X98.3 Y96.764 E2580.07393
G1 X98.3 Y120.216 E2581.24395
G0 F9000 X98.38 Y111.741
;TYPE:FILL
G1 F3000 X102.88 Y107.241 E2581.56145
G0 F9000 X102.66 Y111.159
G0 X102.881 Y111.159
G1 F3000 X98.38 Y106.659 E2581.87899
G0 F9000 X103.12 Y110.521
G0 X103.122 Y111.128
G0 X113.355 Y111.459
G0 X115.031 Y114.847
G1 F3000 X123.22 Y106.658 E2582.45677
G0 F9000 X118.72 Y107.242
G1 F3000 X123.22 Y111.743 E2582.7743
G0 F9000 X113.356 Y114.755
G0 X103.287 Y114.984
G0 X102.745 Y115.514
G0 X102.66 Y115.086
G0 X102.92 Y115.086
;TYPE:SKIN
G1 F1500 X103.126 Y114.878 E2582.78891
G1 X103.418 Y114.696 E2582.80607
G1 X103.768 Y114.568 E2582.82467
G1 X113.167 Y114.564 E2583.29358
G1 X113.164 Y111.644 E2583.43926
G1 X103.732 Y111.644 E2583.90983
G1 X103.391 Y111.521 E2583.92791
G1 X103.043 Y111.29 E2583.94875
G1 X102.92 Y111.135 E2583.95862
G1 X102.92 Y115.086 E2584.15574
G0 F9000 X103.251 Y114.565
G1 F1500 X103.12 Y114.433 E2584.16502
G0 F9000 X103.649 Y114.397
G1 F1500 X103.12 Y113.868 E2584.20234
G0 F9000 X103.12 Y113.302
G1 F1500 X104.184 Y114.367 E2584.27745
G0 F9000 X104.75 Y114.367
G1 F1500 X103.12 Y112.737 E2584.39245
G0 F9000 X103.12 Y112.171
G1 F1500 X105.316 Y114.367 E2584.54739
G0 F9000 X105.881 Y114.366
G1 F1500 X103.165 Y111.651 E2584.73899
G0 F9000 X103.924 Y111.844
G1 F1500 X106.446 Y114.366 E2584.91693
G0 F9000 X107.012 Y114.366
G1 F1500 X104.49 Y111.844 E2585.09487
G0 F9000 X105.056 Y111.844
G1 F1500 X107.577 Y114.365 E2585.27274
G0 F9000 X108.143 Y114.365
G1 F1500 X105.621 Y111.844 E2585.45064
G0 F9000 X106.187 Y111.844
G1 F1500 X108.708 Y114.365 E2585.62851
G0 F9000 X109.273 Y114.365
G1 F1500 X106.753 Y111.844 E2585.80635
G0 F9000 X107.318 Y111.844
G1 F1500 X109.839 Y114.365 E2585.98422
G0 F9000 X110.405 Y114.365
G1 F1500 X107.884 Y111.844 E2586.16209
G0 F9000 X108.45 Y111.844
G1 F1500 X110.971 Y114.365 E2586.33996
G0 F9000 X111.535 Y114.364
G1 F1500 X109.015 Y111.844 E2586.51776
G0 F9000 X109.581 Y111.844
G1 F1500 X112.101 Y114.364 E2586.69556
G0 F9000 X112.667 Y114.364
G1 F1500 X110.147 Y111.844 E2586.87336
G0 F9000 X110.712 Y111.844
G1 F1500 X112.967 Y114.098 E2587.03242
G0 F9000 X112.966 Y113.532
G1 F1500 X111.278 Y111.844 E2587.15152
G0 F9000 X111.844 Y111.844
G1 F1500 X112.965 Y112.965 E2587.23061
G0 F9000 X112.965 Y112.399
G1 F1500 X112.409 Y111.844 E2587.26981
G1 F2700 E2578.26981
;MESH:wildrosebuilds_puzzlecube.stl(2)
G0 F9000 X112.41 Y111.387
G0 X113.26 Y111.452
G0 X123.876 Y115.5
G0 X124.965 Y115.5
G0 X126.635 Y115.5
G0 X127.5 Y122.146
;TYPE:WALL-OUTER
G1 F2700 E2587.26981
G1 F1500 X133.892 Y115.763 E2587.72048
G1 X133.992 Y115.724 E2587.72584
G1 X154.1 Y115.724 E2588.72903
G1 X154.1 Y102.804 E2589.37361
G1 X147.84 Y102.804 E2589.68592
G1 X147.837 Y110.328 E2590.0613
G1 X147.722 Y110.488 E2590.07113
G1 X133.944 Y110.488 E2590.75851
G1 X133.821 Y110.433 E2590.76524
G1 X133.762 Y110.323 E2590.77146
G1 X133.76 Y95.964 E2591.48784
G1 X127.5 Y95.964 E2591.80015
G1 X127.5 Y122.146 E2593.10637
G0 F9000 X127.748 Y121.554
G0 X128.172 Y120.549
G0 X127.9 Y121.181
;TYPE:WALL-INNER
G1 F1500 X133.652 Y115.443 E2593.51172
G1 X133.895 Y115.326 E2593.52517
G1 X153.7 Y115.324 E2594.51325
G1 X153.7 Y103.204 E2595.11792
G1 X148.24 Y103.204 E2595.39032
G1 X148.24 Y110.373 E2595.74798
G1 X148.141 Y110.62 E2595.76125
G1 X147.941 Y110.808 E2595.77495
G1 X147.64 Y110.888 E2595.79049
G1 X133.913 Y110.887 E2596.47533
G1 X133.7 Y110.829 E2596.48634
G1 X133.545 Y110.722 E2596.49574
G1 X133.412 Y110.533 E2596.50727
G1 X133.36 Y110.366 E2596.516
G1 X133.36 Y96.364 E2597.21456
G1 X127.9 Y96.364 E2597.48696
G1 X127.9 Y121.181 E2598.72508
G0 F9000 X128.148 Y120.588
G0 X128.3 Y120.216
G1 F1500 X133.373 Y115.148 E2599.08284
G1 X133.562 Y115.03 E2599.09395
G1 X133.915 Y114.928 E2599.11228
G1 X153.3 Y114.924 E2600.07941
G1 X153.3 Y103.604 E2600.64416
G1 X148.64 Y103.604 E2600.87665
G1 X148.64 Y110.426 E2601.217
G1 X148.534 Y110.768 E2601.23486
G1 X148.334 Y111.009 E2601.25049
G1 X148.141 Y111.154 E2601.26253
G1 X147.904 Y111.253 E2601.27535
G1 X147.64 Y111.288 E2601.28863
G1 X133.882 Y111.285 E2601.97502
G1 X133.526 Y111.189 E2601.99342
G1 X133.268 Y111.011 E2602.00906
G1 X133.047 Y110.697 E2602.02821
G1 X132.96 Y110.416 E2602.04289
G1 X132.96 Y96.764 E2602.72399
G1 X128.3 Y96.764 E2602.95648
G1 X128.3 Y120.216 E2604.1265
G0 F9000 X128.38 Y111.741
;TYPE:FILL
G1 F3000 X132.88 Y107.241 E2604.444
G0 F9000 X132.66 Y111.159
G0 X132.88 Y111.159
G1 F3000 X128.379 Y106.659 E2604.76154
G0 F9000 X133.12 Y110.521
G0 X133.122 Y111.128
G0 X143.355 Y111.459
G0 X145.03 Y114.847
G1 F3000 X153.22 Y106.657 E2605.33939
G0 F9000 X148.719 Y107.242
G1 F3000 X153.22 Y111.743 E2605.65696
G0 F9000 X143.356 Y114.755
G0 X133.287 Y114.984
G0 X132.745 Y115.514
G0 X132.66 Y115.086
G0 X132.92 Y115.086
;TYPE:SKIN
G1 F1500 X133.126 Y114.878 E2605.67156
G1 X133.418 Y114.696 E2605.68873
G1 X133.768 Y114.568 E2605.70732
G1 X143.167 Y114.564 E2606.17624
G1 X143.164 Y111.644 E2606.32192
G1 X133.732 Y111.644 E2606.79248
G1 X133.391 Y111.521 E2606.81057
G1 X133.043 Y111.29 E2606.8314
G1 X132.92 Y111.135 E2606.84128
G1 X132.92 Y115.086 E2607.03839
G0 F9000 X133.239 Y114.571
G1 F1500 X133.12 Y114.452 E2607.04679
G0 F9000 X133.635 Y114.402
G1 F1500 X133.12 Y113.887 E2607.08313
G0 F9000 X133.12 Y113.321
G1 F1500 X134.166 Y114.367 E2607.15693
G0 F9000 X134.731 Y114.367
G1 F1500 X133.12 Y112.755 E2607.27063
G0 F9000 X133.12 Y112.19
G1 F1500 X135.297 Y114.367 E2607.42423
G0 F9000 X135.862 Y114.366
G1 F1500 X133.135 Y111.639 E2607.61663
G0 F9000 X133.906 Y111.844
G1 F1500 X136.428 Y114.366 E2607.79457
G0 F9000 X136.993 Y114.366
G1 F1500 X134.471 Y111.844 E2607.97251
G0 F9000 X135.037 Y111.844
G1 F1500 X137.558 Y114.365 E2608.15038
G0 F9000 X138.124 Y114.365
G1 F1500 X135.603 Y111.844 E2608.32825
G0 F9000 X136.168 Y111.844
G1 F1500 X138.69 Y114.365 E2608.50616
G0 F9000 X139.255 Y114.365
G1 F1500 X136.734 Y111.844 E2608.68403
G0 F9000 X137.3 Y111.844
G1 F1500 X139.82 Y114.365 E2608.86186
G0 F9000 X140.386 Y114.365
G1 F1500 X137.865 Y111.844 E2609.03973
G0 F9000 X138.431 Y111.844
G1 F1500 X140.952 Y114.365 E2609.2176
G0 F9000 X141.517 Y114.364
G1 F1500 X138.997 Y111.844 E2609.3954
G0 F9000 X139.562 Y111.844
G1 F1500 X142.083 Y114.364 E2609.57324
G0 F9000 X142.648 Y114.364
G1 F1500 X140.128 Y111.844 E2609.75104
G0 F9000 X140.694 Y111.844
G1 F1500 X142.966 Y114.116 E2609.91134
G0 F9000 X142.966 Y113.55
G1 F1500 X141.259 Y111.844 E2610.03174
G0 F9000 X141.825 Y111.844
G1 F1500 X142.965 Y112.984 E2610.11217
G0 F9000 X142.964 Y112.417
G1 F1500 X142.391 Y111.844 E2610.1526
G1 F2700 E2601.1526
;MESH:NONMESH
G0 F300 X142.391 Y111.844 Z13.05
G0 F9000 X142.392 Y111.387
G0 X133.522 Y110.728
G0 X127.724 Y96.188
G0 X127.724 Y95.099
G0 X124.965 Y92.212
G0 X117.84 Y92.436
;TIME_ELAPSED:3326.334425
;LAYER:43
;TYPE:WALL-OUTER
;MESH:wildrosebuilds_puzzlecube.stl(1)
G1 F2700 E2610.1526
G1 F1500 X124.1 Y92.436 E2610.46492
G1 X124.1 Y66.248 E2611.77144
G1 X117.669 Y72.671 E2612.2249
G1 X97.5 Y72.676 E2613.23114
G1 X97.5 Y85.596 E2613.87572
G1 X103.76 Y85.596 E2614.18803
G1 X103.764 Y78.363 E2614.54889
G1 X103.828 Y78.257 E2614.55506
G1 X103.925 Y78.211 E2614.56042
G1 X117.684 Y78.212 E2615.24686
G1 X117.8 Y78.286 E2615.25372
G1 X117.836 Y78.363 E2615.25796
G1 X117.84 Y92.436 E2615.96007
G0 F9000 X118.24 Y92.036
;TYPE:WALL-INNER
G1 F1500 X123.7 Y92.036 E2616.23247
G1 X123.7 Y67.213 E2617.47089
G1 X118.009 Y72.901 E2617.87232
G1 X117.839 Y73.02 E2617.88267
G1 X117.596 Y73.076 E2617.89511
G1 X97.9 Y73.076 E2618.87775
G1 X97.9 Y85.196 E2619.48242
G1 X103.36 Y85.196 E2619.75482
G1 X103.36 Y78.316 E2620.09806
G1 X103.416 Y78.152 E2620.10671
G1 X103.566 Y77.955 E2620.11906
G1 X103.846 Y77.808 E2620.13484
G1 X117.729 Y77.808 E2620.82747
G1 X118.039 Y77.959 E2620.84467
G1 X118.183 Y78.151 E2620.85664
G1 X118.24 Y78.314 E2620.86526
G1 X118.24 Y92.036 E2621.54985
G0 F9000 X118.64 Y91.636
G1 F1500 X123.3 Y91.636 E2621.78234
G1 X123.3 Y68.178 E2622.95266
G1 X118.263 Y73.211 E2623.30791
G1 X118.009 Y73.382 E2623.32319
G1 X117.603 Y73.476 E2623.34398
G1 X98.3 Y73.476 E2624.30701
G1 X98.3 Y84.796 E2624.87177
G1 X102.96 Y84.796 E2625.10425
G1 X102.96 Y78.257 E2625.43049
G1 X103.054 Y77.982 E2625.44498
G1 X103.304 Y77.653 E2625.4656
G1 X103.49 Y77.524 E2625.47689
G1 X103.714 Y77.438 E2625.48886
G1 X103.96 Y77.408 E2625.50123
G1 X117.79 Y77.408 E2626.19121
G1 X118.048 Y77.494 E2626.20478
G1 X118.305 Y77.66 E2626.22004
G1 X118.544 Y77.98 E2626.23997
G1 X118.64 Y78.255 E2626.2545
G1 X118.64 Y91.636 E2626.92208
G0 F9000 X123.22 Y82.043
;TYPE:FILL
G1 F3000 X118.72 Y77.543 E2627.23958
G0 F9000 X118.94 Y77.543
G0 X118.72 Y80.858
G1 F3000 X123.22 Y76.358 E2627.55708
G0 F9000 X118.855 Y72.88
G0 X118.147 Y73.309
G0 X106.865 Y73.556
G1 F3000 X98.38 Y82.041 E2628.15574
G0 F9000 X102.88 Y80.859
G1 F3000 X98.38 Y76.359 E2628.47324
G0 F9000 X107.945 Y77.236
G0 X110.832 Y77.308
G0 X110.832 Y77.048
;TYPE:SKIN
G1 F1500 X117.48 Y77.048 E2628.80491
G1 X117.48 Y73.836 E2628.96516
G1 X110.832 Y73.836 E2629.29683
G1 X110.832 Y77.048 E2629.45707
G0 F9000 X110.832 Y77.308
G0 X107.691 Y77.49
G0 X107.69 Y73.394
G0 X111.032 Y73.576
G0 X111.032 Y74.513
G1 F1500 X111.509 Y74.036 E2629.49073
G0 F9000 X112.074 Y74.036
G1 F1500 X111.032 Y75.078 E2629.56425
G0 F9000 X111.032 Y75.644
G1 F1500 X112.64 Y74.036 E2629.6777
G0 F9000 X113.206 Y74.036
G1 F1500 X111.032 Y76.21 E2629.83109
G0 F9000 X111.032 Y76.776
G1 F1500 X113.771 Y74.036 E2630.02438
G0 F9000 X114.337 Y74.036
G1 F1500 X111.526 Y76.848 E2630.22274
G0 F9000 X112.091 Y76.848
G1 F1500 X114.903 Y74.036 E2630.42114
G0 F9000 X115.468 Y74.036
G1 F1500 X112.657 Y76.848 E2630.61951
G0 F9000 X113.223 Y76.848
G1 F1500 X116.034 Y74.036 E2630.81788
G0 F9000 X116.6 Y74.036
G1 F1500 X113.788 Y76.848 E2631.01628
G0 F9000 X114.354 Y76.848
G1 F1500 X117.165 Y74.036 E2631.21464
G0 F9000 X117.28 Y74.487
G1 F1500 X114.92 Y76.848 E2631.38119
G0 F9000 X115.485 Y76.848
G1 F1500 X117.28 Y75.053 E2631.50784
G0 F9000 X117.28 Y75.619
G1 F1500 X116.051 Y76.848 E2631.59455
G0 F9000 X116.617 Y76.848
G1 F1500 X117.28 Y76.184 E2631.64136
G0 F9000 X117.28 Y76.75
G1 F1500 X117.182 Y76.848 E2631.64828
G0 F9000 X117.182 Y77.308
G0 X118.046 Y77.388
G0 X118.26 Y76.749
G1 F1363.6 X118.26 Y74.089 E2631.79426
G0 F9000 X118.05 Y73.474
G0 X118.855 Y72.88
G0 X118.842 Y78.447
G0 X118.473 Y77.722
G0 X118.68 Y77.568
G1 F1500 X118.68 Y73.301 E2632.00714
G1 X118.509 Y73.471 E2632.01917
G1 X118.162 Y73.709 E2632.04016
G1 X117.84 Y73.786 E2632.05668
G1 X117.84 Y77.045 E2632.21927
G1 X118.216 Y77.179 E2632.23919
G1 X118.549 Y77.392 E2632.25891
G1 X118.68 Y77.568 E2632.26985
G0 F9000 X118.473 Y77.722
G0 X110.472 Y77.308
G0 X110.472 Y77.048
G1 F1500 X110.472 Y73.836 E2632.4301
G1 X108.132 Y73.836 E2632.54684
G1 X108.132 Y77.048 E2632.70709
G1 X110.472 Y77.048 E2632.82383
G0 F9000 X110.472 Y77.308
G0 X107.945 Y77.236
G0 X107.872 Y74.384
G0 X108.332 Y74.384
G1 F1500 X108.681 Y74.035 E2632.84846
G0 F9000 X109.247 Y74.035
G1 F1500 X108.332 Y74.95 E2632.91302
G0 F9000 X108.332 Y75.515
G1 F1500 X109.812 Y74.035 E2633.01744
G0 F9000 X110.272 Y74.142
G1 F1500 X108.332 Y76.081 E2633.15428
G0 F9000 X108.332 Y76.647
G1 F1500 X110.272 Y74.707 E2633.29116
G0 F9000 X110.272 Y75.273
G1 F1500 X108.696 Y76.848 E2633.40232
G0 F9000 X109.262 Y76.848
G1 F1500 X110.272 Y75.839 E2633.47354
G0 F9000 X110.272 Y76.404
G1 F1500 X109.828 Y76.848 E2633.50487
G1 F2700 E2624.50487
;MESH:wildrosebuilds_puzzlecube.stl
G0 F9000 X109.828 Y77.308
G0 X103.536 Y77.985
G0 X104.613 Y79.062
G0 X104.613 Y86.449
G0 X103.536 Y95.099
G0 X97.5 Y122.146
;TYPE:WALL-OUTER
G1 F2700 E2633.50487
G1 F1500 X103.876 Y115.776 E2633.95452
G1 X103.992 Y115.724 E2633.96086
G1 X124.1 Y115.724 E2634.96405
G1 X124.1 Y102.804 E2635.60863
G1 X117.84 Y102.804 E2635.92095
G1 X117.836 Y110.033 E2636.2816
G1 X117.772 Y110.14 E2636.28782
G1 X117.675 Y110.185 E2636.29316
G1 X103.916 Y110.184 E2636.9796
G1 X103.8 Y110.11 E2636.98646
G1 X103.762 Y110.023 E2636.9912
G1 X103.76 Y95.964 E2637.69261
G1 X97.5 Y95.964 E2638.00492
G1 X97.5 Y122.146 E2639.31114
G0 F9000 X97.748 Y121.554
G0 X98.172 Y120.549
G0 X97.9 Y121.181
;TYPE:WALL-INNER
G1 F1500 X103.605 Y115.482 E2639.71345
G1 X103.758 Y115.38 E2639.72262
G1 X103.954 Y115.326 E2639.73277
G1 X123.7 Y115.324 E2640.7179
G1 X123.7 Y103.204 E2641.32257
G1 X118.24 Y103.204 E2641.59497
G1 X118.24 Y110.08 E2641.93801
G1 X118.184 Y110.244 E2641.94666
G1 X118.034 Y110.442 E2641.95905
G1 X117.753 Y110.588 E2641.97485
G1 X103.913 Y110.586 E2642.66533
G1 X103.715 Y110.536 E2642.67552
G1 X103.561 Y110.437 E2642.68465
G1 X103.417 Y110.245 E2642.69663
G1 X103.36 Y110.082 E2642.70524
G1 X103.36 Y96.364 E2643.38964
G1 X97.9 Y96.364 E2643.66204
G1 X97.9 Y121.181 E2644.90016
G0 F9000 X98.148 Y120.588
G0 X98.3 Y120.216
G1 F1500 X103.334 Y115.188 E2645.25513
G1 X103.588 Y115.018 E2645.27037
G1 X103.916 Y114.928 E2645.28734
G1 X123.3 Y114.924 E2646.25441
G1 X123.3 Y103.604 E2646.81917
G1 X118.64 Y103.604 E2647.05166
G1 X118.64 Y110.139 E2647.37769
G1 X118.546 Y110.414 E2647.39219
G1 X118.296 Y110.744 E2647.41285
G1 X118.109 Y110.872 E2647.42415
G1 X117.886 Y110.958 E2647.43608
G1 X117.64 Y110.988 E2647.44844
G1 X103.881 Y110.985 E2648.13488
G1 X103.552 Y110.902 E2648.15181
G1 X103.295 Y110.736 E2648.16707
G1 X103.056 Y110.416 E2648.187
G1 X102.96 Y110.141 E2648.20153
G1 X102.96 Y96.764 E2648.86891
G1 X98.3 Y96.764 E2649.1014
G1 X98.3 Y120.216 E2650.27142
G0 F9000 X98.38 Y112.041
;TYPE:FILL
G1 F3000 X102.88 Y107.541 E2650.58892
G0 F9000 X102.66 Y110.859
G0 X102.88 Y110.859
G1 F3000 X98.38 Y106.359 E2650.90642
G0 F9000 X103.12 Y110.258
G0 X103.122 Y110.828
G0 X113.655 Y111.159
G0 X114.732 Y114.846
G1 F3000 X123.22 Y106.358 E2651.5053
G0 F9000 X118.72 Y107.542
G1 F3000 X123.22 Y112.042 E2651.8228
G0 F9000 X113.656 Y114.754
G0 X110.767 Y114.827
G0 X110.767 Y114.564
;TYPE:SKIN
G1 F1500 X110.764 Y111.344 E2651.98344
G1 X104.12 Y111.344 E2652.31491
G1 X104.12 Y114.567 E2652.47571
G1 X110.767 Y114.564 E2652.80733
G0 F9000 X110.767 Y114.827
G0 X113.656 Y114.754
G0 X113.655 Y111.159
G0 X104.549 Y111.085
G0 X104.548 Y111.544
G1 F1500 X104.32 Y111.772 E2652.82342
G0 F9000 X104.32 Y112.337
G1 F1500 X105.114 Y111.544 E2652.8794
G0 F9000 X105.679 Y111.544
G1 F1500 X104.32 Y112.903 E2652.97529
G0 F9000 X104.32 Y113.469
G1 F1500 X106.245 Y111.544 E2653.11111
G0 F9000 X106.811 Y111.544
G1 F1500 X104.32 Y114.034 E2653.28682
G0 F9000 X104.554 Y114.367
G1 F1500 X107.376 Y111.544 E2653.48597
G0 F9000 X107.942 Y111.544
G1 F1500 X105.119 Y114.367 E2653.68515
G0 F9000 X105.685 Y114.367
G1 F1500 X108.508 Y111.544 E2653.88432
G0 F9000 X109.073 Y111.544
G1 F1500 X106.251 Y114.366 E2654.08343
G0 F9000 X106.817 Y114.366
G1 F1500 X109.639 Y111.544 E2654.28254
G0 F9000 X110.205 Y111.544
G1 F1500 X107.383 Y114.366 E2654.48165
G0 F9000 X107.949 Y114.365
G1 F1500 X110.564 Y111.75 E2654.66615
G0 F9000 X110.565 Y112.315
G1 F1500 X108.515 Y114.365 E2654.81079
G0 F9000 X109.081 Y114.365
G1 F1500 X110.565 Y112.881 E2654.91549
G0 F9000 X110.565 Y113.446
G1 F1500 X109.647 Y114.365 E2654.9803
G0 F9000 X110.212 Y114.365
G1 F1500 X110.566 Y114.011 E2655.00527
G0 F9000 X111.128 Y114.564
G1 F1500 X113.467 Y114.564 E2655.12197
G1 X113.464 Y111.344 E2655.28261
G1 X111.125 Y111.344 E2655.3993
G1 X111.128 Y114.564 E2655.55995
G0 F9000 X111.128 Y114.827
G0 X103.545 Y114.926
G0 X103.34 Y114.296
G1 F1363.6 X103.34 Y111.634 E2655.70604
G0 F9000 X103.503 Y110.989
G0 X103.189 Y110.857
G0 X102.91 Y110.484
G0 X102.758 Y109.949
G0 X102.66 Y115.09
G0 X102.921 Y115.09
G1 F1500 X103.108 Y114.906 E2655.71913
G1 X103.434 Y114.686 E2655.73875
G1 X103.76 Y114.598 E2655.7556
G1 X103.76 Y111.32 E2655.91914
G1 X103.406 Y111.23 E2655.93736
G1 X103.081 Y111.026 E2655.9565
G1 X102.921 Y110.833 E2655.96901
G1 X102.921 Y115.09 E2656.18139
G1 F2700 E2647.18139
G0 F9000 X102.66 Y115.09
G0 X102.745 Y115.515
G0 X103.164 Y115.112
G0 X111.325 Y114.727
G0 X111.325 Y112.12
G1 F2700 E2656.18139
G1 F1500 X111.902 Y111.544 E2656.22207
G0 F9000 X112.467 Y111.544
G1 F1500 X111.326 Y112.685 E2656.30257
G0 F9000 X111.327 Y113.25
G1 F1500 X113.033 Y111.544 E2656.42294
G0 F9000 X113.264 Y111.879
G1 F1500 X111.328 Y113.815 E2656.55953
G0 F9000 X111.345 Y114.364
G1 F1500 X113.264 Y112.444 E2656.69497
G0 F9000 X113.265 Y113.009
G1 F1500 X111.91 Y114.364 E2656.79057
G0 F9000 X112.476 Y114.364
G1 F1500 X113.265 Y113.575 E2656.84624
G0 F9000 X113.266 Y114.14
G1 F1500 X113.042 Y114.364 E2656.86204
G1 F2700 E2647.86204
;MESH:wildrosebuilds_puzzlecube.stl(2)
G0 F9000 X113.042 Y114.827
G0 X123.876 Y115.5
G0 X124.965 Y115.5
G0 X126.635 Y115.5
G0 X127.5 Y122.146
;TYPE:WALL-OUTER
G1 F2700 E2656.86204
G1 F1500 X133.876 Y115.776 E2657.31169
G1 X133.992 Y115.724 E2657.31803
G1 X154.1 Y115.724 E2658.32122
G1 X154.1 Y102.804 E2658.96581
G1 X147.84 Y102.804 E2659.27812
G1 X147.836 Y110.033 E2659.63878
G1 X147.772 Y110.14 E2659.645
G1 X147.675 Y110.185 E2659.65033
G1 X133.916 Y110.184 E2660.33677
G1 X133.8 Y110.11 E2660.34363
G1 X133.762 Y110.023 E2660.34837
G1 X133.76 Y95.964 E2661.04978
G1 X127.5 Y95.964 E2661.36209
G1 X127.5 Y122.146 E2662.66831
G0 F9000 X127.748 Y121.554
G0 X128.172 Y120.549
G0 X127.9 Y121.181
;TYPE:WALL-INNER
G1 F1500 X133.605 Y115.482 E2663.07062
G1 X133.758 Y115.38 E2663.0798
G1 X133.954 Y115.326 E2663.08994
G1 X153.7 Y115.324 E2664.07507
G1 X153.7 Y103.204 E2664.67974
G1 X148.24 Y103.204 E2664.95214
G1 X148.24 Y110.08 E2665.29519
G1 X148.184 Y110.244 E2665.30383
G1 X148.034 Y110.442 E2665.31622
G1 X147.753 Y110.588 E2665.33202
G1 X133.913 Y110.586 E2666.0225
G1 X133.715 Y110.536 E2666.03269
G1 X133.561 Y110.437 E2666.04182
G1 X133.417 Y110.245 E2666.0538
G1 X133.36 Y110.082 E2666.06241
G1 X133.36 Y96.364 E2666.74681
G1 X127.9 Y96.364 E2667.01921
G1 X127.9 Y121.181 E2668.25733
G0 F9000 X128.148 Y120.588
G0 X128.3 Y120.216
G1 F1500 X133.334 Y115.188 E2668.6123
G1 X133.588 Y115.018 E2668.62755
G1 X133.916 Y114.928 E2668.64451
G1 X153.3 Y114.924 E2669.61159
G1 X153.3 Y103.604 E2670.17634
G1 X148.64 Y103.604 E2670.40883
G1 X148.64 Y110.139 E2670.73486
G1 X148.546 Y110.414 E2670.74936
G1 X148.296 Y110.744 E2670.77002
G1 X148.109 Y110.872 E2670.78132
G1 X147.886 Y110.958 E2670.79325
G1 X147.64 Y110.988 E2670.80561
G1 X133.881 Y110.985 E2671.49205
G1 X133.552 Y110.902 E2671.50898
G1 X133.295 Y110.736 E2671.52424
G1 X133.056 Y110.416 E2671.54417
G1 X132.96 Y110.141 E2671.5587
G1 X132.96 Y96.764 E2672.22608
G1 X128.3 Y96.764 E2672.45857
G1 X128.3 Y120.216 E2673.6286
G0 F9000 X128.38 Y112.04
;TYPE:FILL
G1 F3000 X132.88 Y107.541 E2673.94606
G0 F9000 X132.66 Y110.859
G0 X132.88 Y110.859
G1 F3000 X128.379 Y106.359 E2674.26359
G0 F9000 X133.12 Y110.258
G0 X133.122 Y110.828
G0 X143.655 Y111.159
G0 X144.731 Y114.846
G1 F3000 X153.22 Y106.357 E2674.86254
G0 F9000 X148.72 Y107.542
G1 F3000 X153.22 Y112.042 E2675.18004
G0 F9000 X143.656 Y114.754
G0 X134.12 Y114.829
G0 X134.12 Y114.567
;TYPE:SKIN
G1 F1500 X140.767 Y114.564 E2675.51166
G1 X140.764 Y111.344 E2675.67231
G1 X134.12 Y111.344 E2676.00378
G1 X134.12 Y114.567 E2676.16457
G0 F9000 X134.12 Y114.829
G0 X132.745 Y115.515
G0 X132.758 Y109.949
G0 X132.91 Y110.484
G0 X133.161 Y110.82
G0 X134.321 Y111.085
G0 X134.32 Y111.753
G1 F1500 X134.529 Y111.544 E2676.17932
G0 F9000 X135.095 Y111.544
G1 F1500 X134.32 Y112.319 E2676.234
G0 F9000 X134.32 Y112.885
G1 F1500 X135.661 Y111.544 E2676.32861
G0 F9000 X136.226 Y111.544
G1 F1500 X134.32 Y113.45 E2676.46309
G0 F9000 X134.32 Y114.016
G1 F1500 X136.792 Y111.544 E2676.6375
G0 F9000 X137.358 Y111.544
G1 F1500 X134.535 Y114.367 E2676.83668
G0 F9000 X135.101 Y114.367
G1 F1500 X137.923 Y111.544 E2677.03583
G0 F9000 X138.489 Y111.544
G1 F1500 X135.666 Y114.367 E2677.235
G0 F9000 X136.233 Y114.366
G1 F1500 X139.055 Y111.544 E2677.43411
G0 F9000 X139.62 Y111.544
G1 F1500 X136.798 Y114.366 E2677.63322
G0 F9000 X137.364 Y114.366
G1 F1500 X140.186 Y111.544 E2677.83233
G0 F9000 X140.564 Y111.732
G1 F1500 X137.93 Y114.365 E2678.01813
G0 F9000 X138.496 Y114.365
G1 F1500 X140.564 Y112.297 E2678.16404
G0 F9000 X140.564 Y112.863
G1 F1500 X139.062 Y114.365 E2678.27002
G0 F9000 X139.628 Y114.365
G1 F1500 X140.565 Y113.428 E2678.33613
G0 F9000 X140.566 Y113.993
G1 F1500 X140.194 Y114.365 E2678.36237
G0 F9000 X141.128 Y114.564
G1 F1500 X143.467 Y114.564 E2678.47907
G1 X143.464 Y111.344 E2678.63971
G1 X141.125 Y111.344 E2678.75641
G1 X141.128 Y114.564 E2678.91705
G0 F9000 X141.128 Y114.827
G0 X133.545 Y114.926
G0 X133.34 Y114.296
G1 F1363.6 X133.34 Y111.634 E2679.06314
G0 F9000 X133.503 Y110.989
G0 X133.189 Y110.857
G0 X132.91 Y110.484
G0 X132.758 Y109.949
G0 X132.66 Y115.09
G0 X132.921 Y115.09
G1 F1500 X133.108 Y114.906 E2679.07623
G1 X133.434 Y114.686 E2679.09585
G1 X133.76 Y114.598 E2679.1127
G1 X133.76 Y111.32 E2679.27624
G1 X133.406 Y111.23 E2679.29446
G1 X133.081 Y111.026 E2679.3136
G1 X132.921 Y110.833 E2679.32611
G1 X132.921 Y115.09 E2679.53849
G1 F2700 E2670.53849
G0 F9000 X132.66 Y115.09
G0 X132.745 Y115.515
G0 X133.21 Y115.067
G0 X141.325 Y114.727
G0 X141.325 Y112.102
G1 F2700 E2679.53849
G1 F1500 X141.883 Y111.544 E2679.57786
G0 F9000 X142.449 Y111.544
G1 F1500 X141.326 Y112.667 E2679.6571
G0 F9000 X141.327 Y113.232
G1 F1500 X143.014 Y111.544 E2679.77616
G0 F9000 X143.263 Y111.861
G1 F1500 X141.327 Y113.797 E2679.91275
G0 F9000 X141.328 Y114.362
G1 F1500 X143.264 Y112.426 E2680.04935
G0 F9000 X143.265 Y112.99
G1 F1500 X141.891 Y114.365 E2680.14633
G0 F9000 X142.457 Y114.365
G1 F1500 X143.266 Y113.555 E2680.20344
G0 F9000 X143.267 Y114.12
G1 F1500 X143.022 Y114.365 E2680.22073
G1 F2700 E2671.22073
;MESH:NONMESH
G0 F300 X143.022 Y114.365 Z13.35
G0 F9000 X143.022 Y114.827
G0 X143.656 Y114.754
G0 X143.655 Y111.159
G0 X133.522 Y110.428
G0 X127.724 Y96.188
G0 X127.724 Y95.099
G0 X124.965 Y92.212
G0 X117.84 Y92.436
;TIME_ELAPSED:3405.136249
;LAYER:44
;TYPE:WALL-OUTER
;MESH:wildrosebuilds_puzzlecube.stl(1)
G1 F2700 E2680.22073
G1 F1500 X124.1 Y92.436 E2680.53304
G1 X124.1 Y66.248 E2681.83957
G1 X117.718 Y72.625 E2682.28967
G1 X117.632 Y72.668 E2682.29447
G1 X97.5 Y72.676 E2683.29886
G1 X97.5 Y85.596 E2683.94344
G1 X103.76 Y85.596 E2684.25576
G1 X103.765 Y78.659 E2684.60184
G1 X103.836 Y78.55 E2684.60833
G1 X103.925 Y78.51 E2684.6132
G1 X117.681 Y78.512 E2685.29949
G1 X117.796 Y78.582 E2685.30621
G1 X117.835 Y78.661 E2685.3106
G1 X117.84 Y92.436 E2685.99784
G0 F9000 X118.24 Y92.036
;TYPE:WALL-INNER
G1 F1500 X123.7 Y92.036 E2686.27024
G1 X123.7 Y67.213 E2687.50867
G1 X117.978 Y72.929 E2687.91217
G1 X117.827 Y73.023 E2687.92105
G1 X117.599 Y73.072 E2687.93268
G1 X97.9 Y73.076 E2688.91547
G1 X97.9 Y85.196 E2689.52014
G1 X103.36 Y85.196 E2689.79254
G1 X103.36 Y78.595 E2690.12186
G1 X103.503 Y78.318 E2690.13742
G1 X103.697 Y78.168 E2690.14965
G1 X103.88 Y78.108 E2690.15926
G1 X117.723 Y78.108 E2690.84989
G1 X118.022 Y78.245 E2690.8663
G1 X118.177 Y78.44 E2690.87872
G1 X118.24 Y78.612 E2690.88786
G1 X118.24 Y92.036 E2691.55759
G0 F9000 X118.64 Y91.636
G1 F1500 X123.3 Y91.636 E2691.79008
G1 X123.3 Y68.178 E2692.9604
G1 X118.238 Y73.233 E2693.31731
G1 X117.986 Y73.39 E2693.33212
G1 X117.605 Y73.472 E2693.35156
G1 X98.3 Y73.476 E2694.31469
G1 X98.3 Y84.796 E2694.87945
G1 X102.96 Y84.796 E2695.11194
G1 X102.96 Y78.708 E2695.41567
G1 X102.989 Y78.465 E2695.42788
G1 X103.073 Y78.244 E2695.43967
G1 X103.198 Y78.059 E2695.45081
G1 X103.521 Y77.809 E2695.47119
G1 X103.83 Y77.708 E2695.48741
G1 X117.779 Y77.708 E2696.18333
G1 X118.023 Y77.783 E2696.19606
G1 X118.277 Y77.936 E2696.21086
G1 X118.535 Y78.261 E2696.23156
G1 X118.613 Y78.475 E2696.24292
G1 X118.64 Y78.708 E2696.25462
G1 X118.64 Y91.636 E2696.89961
G0 F9000 X123.22 Y82.343
;TYPE:FILL
G1 F3000 X118.72 Y77.843 E2697.2171
G0 F9000 X118.94 Y77.843
G0 X118.72 Y80.558
G1 F3000 X123.22 Y76.058 E2697.5346
G0 F9000 X118.855 Y72.877
G0 X118.147 Y73.305
G0 X107.167 Y73.554
G1 F3000 X98.38 Y82.341 E2698.15457
G0 F9000 X102.88 Y80.559
G1 F3000 X98.38 Y76.059 E2698.47207
G0 F9000 X107.645 Y77.536
G0 X110.532 Y77.608
G0 X110.532 Y77.348
;TYPE:SKIN
G1 F1500 X117.48 Y77.348 E2698.81871
G1 X117.48 Y73.832 E2698.99412
G1 X110.532 Y73.832 E2699.34076
G1 X110.532 Y77.348 E2699.51618
G0 F9000 X110.532 Y77.608
G0 X107.645 Y77.536
G0 X107.644 Y73.646
G0 X117.024 Y73.572
G0 X117.024 Y74.032
G1 F1500 X117.28 Y74.288 E2699.53424
G0 F9000 X117.28 Y74.854
G1 F1500 X116.458 Y74.032 E2699.59223
G0 F9000 X115.893 Y74.032
G1 F1500 X117.28 Y75.419 E2699.69009
G0 F9000 X117.28 Y75.985
G1 F1500 X115.327 Y74.032 E2699.82789
G0 F9000 X114.761 Y74.032
G1 F1500 X117.28 Y76.551 E2700.00562
G0 F9000 X117.28 Y77.116
G1 F1500 X114.196 Y74.032 E2700.22321
G0 F9000 X113.63 Y74.032
G1 F1500 X116.745 Y77.147 E2700.44299
G0 F9000 X116.18 Y77.147
G1 F1500 X113.064 Y74.032 E2700.66281
G0 F9000 X112.499 Y74.032
G1 F1500 X115.614 Y77.147 E2700.88259
G0 F9000 X115.048 Y77.147
G1 F1500 X111.933 Y74.032 E2701.10237
G0 F9000 X111.367 Y74.032
G1 F1500 X114.483 Y77.147 E2701.32218
G0 F9000 X113.917 Y77.147
G1 F1500 X110.802 Y74.032 E2701.54196
G0 F9000 X110.732 Y74.528
G1 F1500 X113.351 Y77.147 E2701.72675
G0 F9000 X112.786 Y77.147
G1 F1500 X110.732 Y75.093 E2701.87167
G0 F9000 X110.732 Y75.659
G1 F1500 X112.22 Y77.147 E2701.97665
G0 F9000 X111.654 Y77.147
G1 F1500 X110.732 Y76.225 E2702.04171
G0 F9000 X110.732 Y76.79
G1 F1500 X111.089 Y77.147 E2702.06689
G0 F9000 X110.172 Y77.348
G1 F1500 X110.172 Y73.832 E2702.24231
G1 X107.832 Y73.832 E2702.35905
G1 X107.832 Y77.348 E2702.53447
G1 X110.172 Y77.348 E2702.65121
G0 F9000 X110.172 Y77.608
G0 X118.058 Y77.69
G0 X118.26 Y77.043
G1 F1363.6 X118.26 Y74.099 E2702.81277
G0 F9000 X118.029 Y73.482
G0 X118.855 Y72.877
G0 X118.842 Y78.747
G0 X118.496 Y78.015
G0 X118.68 Y77.863
G1 F1500 X118.68 Y73.297 E2703.04057
G1 X118.447 Y73.522 E2703.05673
G1 X118.117 Y73.725 E2703.07606
G1 X117.84 Y73.786 E2703.09021
G1 X117.84 Y77.354 E2703.26822
G1 X118.184 Y77.46 E2703.28618
G1 X118.484 Y77.64 E2703.30363
G1 X118.68 Y77.863 E2703.31844
G0 F9000 X118.55 Y78.015
G0 X107.391 Y77.79
G0 X107.39 Y73.392
G0 X109.972 Y73.573
G0 X109.972 Y74.334
G1 F1500 X109.67 Y74.032 E2703.33975
G0 F9000 X109.104 Y74.032
G1 F1500 X109.972 Y74.9 E2703.40099
G0 F9000 X109.972 Y75.465
G1 F1500 X108.539 Y74.032 E2703.5021
G0 F9000 X108.032 Y74.091
G1 F1500 X109.972 Y76.031 E2703.63898
G0 F9000 X109.972 Y76.597
G1 F1500 X108.032 Y74.656 E2703.77589
G0 F9000 X108.032 Y75.222
G1 F1500 X109.958 Y77.148 E2703.91178
G0 F9000 X109.392 Y77.148
G1 F1500 X108.032 Y75.788 E2704.00774
G0 F9000 X108.032 Y76.353
G1 F1500 X108.827 Y77.148 E2704.06383
G0 F9000 X108.261 Y77.148
G1 F1500 X108.032 Y76.919 E2704.07998
G0 F9000 X107.272 Y76.919
G1 F2700 E2695.07998
;MESH:wildrosebuilds_puzzlecube.stl
G0 F9000 X103.536 Y78.285
G0 X104.613 Y79.362
G0 X104.613 Y86.449
G0 X103.536 Y95.099
G0 X97.5 Y122.146
;TYPE:WALL-OUTER
G1 F2700 E2704.07998
G1 F1500 X103.882 Y115.771 E2704.53002
G1 X103.992 Y115.724 E2704.53599
G1 X124.1 Y115.724 E2705.53918
G1 X124.1 Y102.804 E2706.18376
G1 X117.84 Y102.804 E2706.49608
G1 X117.838 Y109.723 E2706.84127
G1 X117.764 Y109.846 E2706.84843
G1 X117.675 Y109.886 E2706.8533
G1 X103.944 Y109.888 E2707.53834
G1 X103.832 Y109.843 E2707.54436
G1 X103.762 Y109.723 E2707.55129
G1 X103.76 Y95.964 E2708.23773
G1 X97.5 Y95.964 E2708.55004
G1 X97.5 Y122.146 E2709.85627
G0 F9000 X97.748 Y121.554
G0 X98.172 Y120.549
G0 X97.9 Y121.181
;TYPE:WALL-INNER
G1 F1500 X103.622 Y115.467 E2710.2597
G1 X103.773 Y115.373 E2710.26858
G1 X103.954 Y115.326 E2710.27791
G1 X123.7 Y115.324 E2711.26304
G1 X123.7 Y103.204 E2711.86771
G1 X118.24 Y103.204 E2712.14011
G1 X118.24 Y109.789 E2712.46864
G1 X118.097 Y110.078 E2712.48472
G1 X117.903 Y110.228 E2712.49696
G1 X117.72 Y110.288 E2712.50657
G1 X103.912 Y110.287 E2713.19545
G1 X103.73 Y110.243 E2713.20479
G1 X103.578 Y110.151 E2713.21366
G1 X103.423 Y109.956 E2713.22608
G1 X103.36 Y109.768 E2713.23598
G1 X103.36 Y96.364 E2713.9047
G1 X97.9 Y96.364 E2714.1771
G1 X97.9 Y121.181 E2715.41523
G0 F9000 X98.148 Y120.588
G0 X98.3 Y120.216
G1 F1500 X103.362 Y115.163 E2715.77206
G1 X103.614 Y115.006 E2715.78688
G1 X103.916 Y114.928 E2715.80244
G1 X123.3 Y114.924 E2716.76951
G1 X123.3 Y103.604 E2717.33427
G1 X118.64 Y103.604 E2717.56675
G1 X118.64 Y109.688 E2717.87029
G1 X118.611 Y109.931 E2717.8825
G1 X118.527 Y110.152 E2717.89429
G1 X118.258 Y110.475 E2717.91526
G1 X118.079 Y110.587 E2717.9258
G1 X117.77 Y110.688 E2717.94202
G1 X103.881 Y110.685 E2718.63494
G1 X103.577 Y110.613 E2718.65053
G1 X103.323 Y110.46 E2718.66532
G1 X103.065 Y110.135 E2718.68602
G1 X102.987 Y109.921 E2718.69739
G1 X102.96 Y109.688 E2718.70909
G1 X102.96 Y96.764 E2719.35387
G1 X98.3 Y96.764 E2719.58636
G1 X98.3 Y120.216 E2720.75638
G0 F9000 X98.38 Y112.341
;TYPE:FILL
G1 F3000 X102.88 Y107.841 E2721.07388
G0 F9000 X102.66 Y110.559
G0 X102.88 Y110.559
G1 F3000 X98.38 Y106.059 E2721.39138
G0 F9000 X103.12 Y109.996
G0 X103.122 Y110.528
G0 X113.955 Y110.859
G0 X114.432 Y114.846
G1 F3000 X123.22 Y106.058 E2722.01142
G0 F9000 X118.72 Y107.842
G1 F3000 X123.22 Y112.342 E2722.32892
G0 F9000 X113.956 Y114.754
G0 X111.067 Y114.827
G0 X111.067 Y114.564
;TYPE:SKIN
G1 F1500 X111.064 Y111.044 E2722.50453
G1 X104.12 Y111.044 E2722.85097
G1 X104.12 Y114.567 E2723.02674
G1 X111.067 Y114.564 E2723.37332
G0 F9000 X111.067 Y114.827
G0 X113.956 Y114.754
G0 X113.955 Y110.859
G0 X110.865 Y110.787
G0 X110.864 Y111.43
G1 F1500 X110.678 Y111.244 E2723.38645
G0 F9000 X110.113 Y111.244
G1 F1500 X110.864 Y111.996 E2723.43947
G0 F9000 X110.865 Y112.562
G1 F1500 X109.547 Y111.244 E2723.53246
G0 F9000 X108.981 Y111.244
G1 F1500 X110.866 Y113.129 E2723.66546
G0 F9000 X110.867 Y113.695
G1 F1500 X108.416 Y111.244 E2723.83839
G0 F9000 X107.85 Y111.244
G1 F1500 X110.867 Y114.261 E2724.05125
G0 F9000 X110.404 Y114.364
G1 F1500 X107.284 Y111.244 E2724.27139
G0 F9000 X106.719 Y111.244
G1 F1500 X109.838 Y114.364 E2724.49148
G0 F9000 X109.273 Y114.364
G1 F1500 X106.153 Y111.244 E2724.71162
G0 F9000 X105.587 Y111.244
G1 F1500 X108.708 Y114.365 E2724.93182
G0 F9000 X108.142 Y114.365
G1 F1500 X105.022 Y111.244 E2725.15199
G0 F9000 X104.456 Y111.244
G1 F1500 X107.577 Y114.365 E2725.37219
G0 F9000 X107.011 Y114.365
G1 F1500 X104.32 Y111.674 E2725.56206
G0 F9000 X104.32 Y112.24
G1 F1500 X106.446 Y114.365 E2725.71202
G0 F9000 X105.881 Y114.366
G1 F1500 X104.32 Y112.805 E2725.82216
G0 F9000 X104.32 Y113.371
G1 F1500 X105.315 Y114.366 E2725.89236
G0 F9000 X104.749 Y114.366
G1 F1500 X104.32 Y113.937 E2725.92263
G0 F9000 X104.32 Y114.829
G0 X103.572 Y114.915
G0 X103.34 Y114.293
G1 F1363.6 X103.34 Y111.35 E2726.08414
G0 F9000 X103.538 Y110.705
G0 X103.22 Y110.583
G0 X102.754 Y109.837
G0 X102.66 Y115.094
G0 X102.921 Y115.094
G1 F1500 X103.151 Y114.869 E2726.10019
G1 X103.48 Y114.671 E2726.11935
G1 X103.76 Y114.597 E2726.1338
G1 X103.76 Y111.022 E2726.31216
G1 X103.459 Y110.948 E2726.32762
G1 X103.117 Y110.753 E2726.34726
G1 X102.919 Y110.529 E2726.36218
G1 X102.921 Y115.094 E2726.58993
G0 F9000 X102.66 Y115.094
G0 X102.745 Y115.519
G0 X103.159 Y115.121
G0 X111.428 Y114.827
G0 X111.428 Y114.564
G1 F1500 X113.767 Y114.564 E2726.70662
G1 X113.764 Y111.044 E2726.88223
G1 X111.424 Y111.044 E2726.99898
G1 X111.428 Y114.564 E2727.17459
G0 F9000 X111.428 Y114.827
G0 X113.956 Y114.754
G0 X114.028 Y111.301
G0 X113.564 Y111.301
G1 F1500 X113.507 Y111.244 E2727.17861
G0 F9000 X112.941 Y111.244
G1 F1500 X113.564 Y111.867 E2727.22257
G0 F9000 X113.565 Y112.434
G1 F1500 X112.376 Y111.244 E2727.30649
G0 F9000 X111.81 Y111.244
G1 F1500 X113.566 Y113 E2727.43039
G0 F9000 X113.566 Y113.566
G1 F1500 X111.624 Y111.624 E2727.56741
G0 F9000 X111.625 Y112.19
G1 F1500 X113.567 Y114.133 E2727.70446
G0 F9000 X113.233 Y114.364
G1 F1500 X111.625 Y112.757 E2727.81788
G0 F9000 X111.626 Y113.323
G1 F1500 X112.667 Y114.364 E2727.89133
G0 F9000 X112.101 Y114.364
G1 F1500 X111.627 Y113.889 E2727.9248
G1 F2700 E2718.9248
;MESH:wildrosebuilds_puzzlecube.stl(2)
G0 F9000 X111.627 Y114.827
G0 X123.876 Y115.5
G0 X124.965 Y115.5
G0 X126.635 Y115.5
G0 X127.5 Y122.146
;TYPE:WALL-OUTER
G1 F2700 E2727.9248
G1 F1500 X133.882 Y115.771 E2728.37484
G1 X133.992 Y115.724 E2728.38081
G1 X154.1 Y115.724 E2729.384
G1 X154.1 Y102.804 E2730.02858
G1 X147.84 Y102.804 E2730.3409
G1 X147.838 Y109.723 E2730.68609
G1 X147.764 Y109.846 E2730.69325
G1 X147.675 Y109.886 E2730.69812
G1 X133.944 Y109.888 E2731.38316
G1 X133.832 Y109.843 E2731.38918
G1 X133.762 Y109.723 E2731.39611
G1 X133.76 Y95.964 E2732.08255
G1 X127.5 Y95.964 E2732.39486
G1 X127.5 Y122.146 E2733.70109
G0 F9000 X127.748 Y121.554
G0 X128.172 Y120.549
G0 X127.9 Y121.181
;TYPE:WALL-INNER
G1 F1500 X133.622 Y115.467 E2734.10452
G1 X133.773 Y115.373 E2734.1134
G1 X133.954 Y115.326 E2734.12273
G1 X153.7 Y115.324 E2735.10786
G1 X153.7 Y103.204 E2735.71253
G1 X148.24 Y103.204 E2735.98493
G1 X148.24 Y109.789 E2736.31346
G1 X148.097 Y110.078 E2736.32954
G1 X147.903 Y110.228 E2736.34178
G1 X147.72 Y110.288 E2736.35139
G1 X133.912 Y110.287 E2737.04027
G1 X133.73 Y110.243 E2737.04961
G1 X133.578 Y110.151 E2737.05848
G1 X133.423 Y109.956 E2737.0709
G1 X133.36 Y109.768 E2737.0808
G1 X133.36 Y96.364 E2737.74952
G1 X127.9 Y96.364 E2738.02192
G1 X127.9 Y121.181 E2739.26005
G0 F9000 X128.148 Y120.588
G0 X128.3 Y120.216
G1 F1500 X133.362 Y115.163 E2739.61688
G1 X133.614 Y115.006 E2739.6317
G1 X133.916 Y114.928 E2739.64726
G1 X153.3 Y114.924 E2740.61433
G1 X153.3 Y103.604 E2741.17909
G1 X148.64 Y103.604 E2741.41157
G1 X148.64 Y109.688 E2741.71511
G1 X148.611 Y109.931 E2741.72732
G1 X148.527 Y110.152 E2741.73911
G1 X148.258 Y110.475 E2741.76008
G1 X148.079 Y110.587 E2741.77062
G1 X147.77 Y110.688 E2741.78684
G1 X133.881 Y110.685 E2742.47976
G1 X133.577 Y110.613 E2742.49535
G1 X133.323 Y110.46 E2742.51014
G1 X133.065 Y110.135 E2742.53084
G1 X132.987 Y109.921 E2742.54221
G1 X132.96 Y109.688 E2742.55391
G1 X132.96 Y96.764 E2743.19869
G1 X128.3 Y96.764 E2743.43118
G1 X128.3 Y120.216 E2744.6012
G0 F9000 X128.38 Y112.34
;TYPE:FILL
G1 F3000 X132.88 Y107.841 E2744.91867
G0 F9000 X132.66 Y110.56
G0 X132.88 Y110.56
G1 F3000 X128.379 Y106.059 E2745.23624
G0 F9000 X133.12 Y109.996
G0 X133.122 Y110.528
G0 X143.955 Y110.859
G0 X144.432 Y114.846
G1 F3000 X153.22 Y106.058 E2745.85628
G0 F9000 X148.72 Y107.842
G1 F3000 X153.22 Y112.342 E2746.17378
G0 F9000 X143.956 Y114.754
G0 X134.12 Y114.829
G0 X134.12 Y114.567
;TYPE:SKIN
G1 F1500 X141.067 Y114.564 E2746.52036
G1 X141.064 Y111.044 E2746.69598
G1 X134.12 Y111.044 E2747.04241
G1 X134.12 Y114.567 E2747.21818
G0 F9000 X134.12 Y114.829
G0 X132.745 Y115.519
G0 X132.754 Y109.837
G0 X133.057 Y110.418
G0 X140.661 Y110.787
G0 X140.66 Y111.244
G1 F1500 X140.865 Y111.449 E2747.23264
G0 F9000 X140.865 Y112.015
G1 F1500 X140.094 Y111.244 E2747.28704
G0 F9000 X139.528 Y111.244
G1 F1500 X140.866 Y112.581 E2747.38141
G0 F9000 X140.866 Y113.148
G1 F1500 X138.963 Y111.244 E2747.51571
G0 F9000 X138.397 Y111.244
G1 F1500 X140.867 Y113.714 E2747.68998
G0 F9000 X140.867 Y114.28
G1 F1500 X137.831 Y111.244 E2747.90419
G0 F9000 X137.266 Y111.244
G1 F1500 X140.386 Y114.365 E2748.12436
G0 F9000 X139.82 Y114.365
G1 F1500 X136.7 Y111.244 E2748.34452
G0 F9000 X136.134 Y111.244
G1 F1500 X139.255 Y114.365 E2748.56473
G0 F9000 X138.689 Y114.365
G1 F1500 X135.569 Y111.244 E2748.7849
G0 F9000 X135.003 Y111.244
G1 F1500 X138.124 Y114.365 E2749.0051
G0 F9000 X137.558 Y114.365
G1 F1500 X134.437 Y111.244 E2749.2253
G0 F9000 X134.32 Y111.692
G1 F1500 X136.993 Y114.365 E2749.4139
G0 F9000 X136.428 Y114.366
G1 F1500 X134.32 Y112.258 E2749.56263
G0 F9000 X134.32 Y112.824
G1 F1500 X135.862 Y114.366 E2749.67142
G0 F9000 X135.296 Y114.366
G1 F1500 X134.32 Y113.39 E2749.74029
G0 F9000 X134.32 Y113.955
G1 F1500 X134.731 Y114.366 E2749.76928
G0 F9000 X134.731 Y114.829
G0 X133.573 Y114.913
G0 X133.34 Y114.293
G1 F1363.6 X133.34 Y111.35 E2749.93079
G0 F9000 X133.538 Y110.705
G0 X133.22 Y110.583
G0 X132.754 Y109.837
G0 X132.66 Y115.094
G0 X132.921 Y115.094
G1 F1500 X133.151 Y114.869 E2749.94685
G1 X133.48 Y114.671 E2749.966
G1 X133.76 Y114.597 E2749.98045
G1 X133.76 Y111.022 E2750.15881
G1 X133.459 Y110.948 E2750.17427
G1 X133.117 Y110.753 E2750.19392
G1 X132.919 Y110.529 E2750.20883
G1 X132.921 Y115.094 E2750.43658
G0 F9000 X132.66 Y115.094
G0 X132.745 Y115.519
G0 X133.158 Y115.122
G0 X141.428 Y114.827
G0 X141.428 Y114.564
G1 F1500 X143.767 Y114.564 E2750.55327
G1 X143.764 Y111.044 E2750.72889
G1 X141.424 Y111.044 E2750.84563
G1 X141.428 Y114.564 E2751.02124
G0 F9000 X141.428 Y114.827
G0 X143.956 Y114.754
G0 X144.028 Y111.321
G0 X143.565 Y111.321
G1 F1500 X143.488 Y111.244 E2751.02668
G0 F9000 X142.923 Y111.244
G1 F1500 X143.565 Y111.887 E2751.07201
G0 F9000 X143.565 Y112.453
G1 F1500 X142.357 Y111.244 E2751.15727
G0 F9000 X141.791 Y111.244
G1 F1500 X143.566 Y113.019 E2751.28251
G0 F9000 X143.567 Y113.585
G1 F1500 X141.624 Y111.643 E2751.41956
G0 F9000 X141.625 Y112.209
G1 F1500 X143.567 Y114.152 E2751.55662
G0 F9000 X143.214 Y114.364
G1 F1500 X141.626 Y112.776 E2751.66866
G0 F9000 X141.627 Y113.343
G1 F1500 X142.648 Y114.364 E2751.7407
G0 F9000 X142.083 Y114.364
G1 F1500 X141.628 Y113.909 E2751.7728
G1 F2700 E2742.7728
;MESH:NONMESH
G0 F300 X141.628 Y113.909 Z13.65
G0 F9000 X141.628 Y114.827
G0 X143.956 Y114.754
G0 X143.955 Y110.859
G0 X133.522 Y110.128
G0 X127.724 Y96.188
G0 X127.724 Y95.099
G0 X124.965 Y92.212
G0 X103.76 Y85.596
;TIME_ELAPSED:3485.136686
;LAYER:45
;TYPE:WALL-OUTER
;MESH:wildrosebuilds_puzzlecube.stl(1)
G1 F2700 E2751.7728
G1 F1500 X103.76 Y78.972 E2752.10327
G1 X103.854 Y78.838 E2752.11144
G1 X103.925 Y78.81 E2752.11525
G1 X110.472 Y78.808 E2752.44188
G1 X110.472 Y72.676 E2752.7478
G1 X97.5 Y72.676 E2753.39498
G1 X97.5 Y85.596 E2754.03956
G1 X103.76 Y85.596 E2754.35187
G0 F9000 X103.36 Y85.196
;TYPE:WALL-INNER
G1 F1500 X103.36 Y78.887 E2754.66663
G1 X103.525 Y78.593 E2754.68345
G1 X103.83 Y78.408 E2754.70125
G1 X110.072 Y78.408 E2755.01266
G1 X110.072 Y73.076 E2755.27868
G1 X97.9 Y73.076 E2755.88594
G1 X97.9 Y85.196 E2756.49061
G1 X103.36 Y85.196 E2756.76301
G0 F9000 X102.96 Y84.796
G1 F1500 X102.96 Y79.008 E2757.05177
G1 X102.995 Y78.745 E2757.06501
G1 X103.093 Y78.509 E2757.07776
G1 X103.236 Y78.317 E2757.0897
G1 X103.432 Y78.158 E2757.1023
G1 X103.68 Y78.047 E2757.11585
G1 X103.96 Y78.008 E2757.12995
G1 X109.672 Y78.008 E2757.41493
G1 X109.672 Y73.476 E2757.64103
G1 X98.3 Y73.476 E2758.20838
G1 X98.3 Y84.796 E2758.77314
G1 X102.96 Y84.796 E2759.00563
G0 F9000 X102.88 Y80.258
;TYPE:FILL
G1 F3000 X98.38 Y75.758 E2759.32313
G0 F9000 X98.38 Y82.642
G1 F3000 X107.466 Y73.556 E2759.96419
G0 F9000 X109.5 Y73.648
G0 X109.572 Y77.648
G0 X109.312 Y77.648
;TYPE:SKIN
G1 F1500 X109.312 Y73.836 E2760.15437
G1 X107.532 Y73.836 E2760.24318
G1 X107.532 Y77.648 E2760.43336
G1 X109.312 Y77.648 E2760.52216
G0 F9000 X108.663 Y77.448
G1 F1500 X109.112 Y76.999 E2760.55384
G0 F9000 X109.112 Y76.433
G1 F1500 X108.097 Y77.448 E2760.62546
G0 F9000 X107.732 Y77.247
G1 F1500 X109.112 Y75.868 E2760.72279
G0 F9000 X109.112 Y75.302
G1 F1500 X107.732 Y76.681 E2760.82012
G0 F9000 X107.732 Y76.116
G1 F1500 X109.112 Y74.736 E2760.91749
G0 F9000 X109.112 Y74.171
G1 F1500 X107.732 Y75.55 E2761.01482
G0 F9000 X107.732 Y74.984
G1 F1500 X108.681 Y74.035 E2761.08177
G0 F9000 X108.115 Y74.035
G1 F1500 X107.732 Y74.419 E2761.10883
G0 F9000 X106.972 Y74.419
G1 F2700 E2752.10883
G0 F9000 X107.345 Y77.836
G0 X110.249 Y78.585
G0 X111.337 Y78.584
G0 X116.975 Y78.585
G0 X117.84 Y92.436
;TYPE:WALL-OUTER
G1 F2700 E2761.10883
G1 F1500 X124.1 Y92.436 E2761.42115
G1 X124.1 Y66.248 E2762.72767
G1 X117.84 Y72.507 E2763.16931
G1 X117.84 Y92.436 E2764.16357
G0 F9000 X118.24 Y92.036
;TYPE:WALL-INNER
G1 F1500 X123.7 Y92.036 E2764.43597
G1 X123.7 Y67.214 E2765.67435
G1 X118.24 Y72.673 E2766.05955
G1 X118.24 Y92.036 E2767.02557
G0 F9000 X118.64 Y91.636
G1 F1500 X123.3 Y91.636 E2767.25806
G1 X123.3 Y68.179 E2768.42833
G1 X118.64 Y72.839 E2768.75712
G1 X118.64 Y91.636 E2769.69491
G0 F9000 X123.22 Y82.644
;TYPE:FILL
G1 F3000 X118.72 Y78.143 E2770.01244
G0 F9000 X118.72 Y80.257
G1 F3000 X123.22 Y75.757 E2770.32994
G0 F9000 X123.09 Y75.757
G1 F2700 E2761.32994
;MESH:wildrosebuilds_puzzlecube.stl
G0 F9000 X118.064 Y92.212
G0 X118.064 Y93.301
G0 X116.987 Y101.951
G0 X116.987 Y108.737
G0 X111.128 Y115.724
;TYPE:WALL-OUTER
G1 F2700 E2770.32994
G1 F1500 X124.1 Y115.724 E2770.97712
G1 X124.1 Y102.804 E2771.6217
G1 X117.84 Y102.804 E2771.93401
G1 X117.838 Y109.423 E2772.26423
G1 X117.746 Y109.558 E2772.27238
G1 X117.675 Y109.586 E2772.27619
G1 X111.125 Y109.588 E2772.60297
G1 X111.128 Y115.724 E2772.9091
G0 F9000 X111.528 Y115.324
;TYPE:WALL-INNER
G1 F1500 X123.7 Y115.324 E2773.51636
G1 X123.7 Y103.204 E2774.12103
G1 X118.24 Y103.204 E2774.39343
G1 X118.24 Y109.498 E2774.70744
G1 X118.161 Y109.688 E2774.71771
G1 X117.957 Y109.898 E2774.73231
G1 X117.757 Y109.988 E2774.74326
G1 X111.525 Y109.988 E2775.05417
G1 X111.528 Y115.324 E2775.32039
G0 F9000 X111.928 Y114.924
G1 F1500 X123.3 Y114.924 E2775.88774
G1 X123.3 Y103.604 E2776.45249
G1 X118.64 Y103.604 E2776.68498
G1 X118.64 Y109.388 E2776.97355
G1 X118.606 Y109.651 E2776.98678
G1 X118.508 Y109.888 E2776.99957
G1 X118.364 Y110.08 E2777.01155
G1 X118.168 Y110.238 E2777.02411
G1 X117.92 Y110.349 E2777.03766
G1 X117.64 Y110.388 E2777.05177
G1 X111.925 Y110.388 E2777.33689
G1 X111.928 Y114.924 E2777.56319
G0 F9000 X114.133 Y114.844
;TYPE:FILL
G1 F3000 X123.22 Y105.757 E2778.20433
G0 F9000 X118.72 Y108.143
G1 F3000 X123.22 Y112.644 E2778.52186
G0 F9000 X114.256 Y114.752
G0 X112.288 Y114.824
G0 X112.288 Y114.564
;TYPE:SKIN
G1 F1500 X114.067 Y114.564 E2778.61062
G1 X114.064 Y110.748 E2778.801
G1 X112.284 Y110.748 E2778.8898
G1 X112.288 Y114.564 E2779.08018
G0 F9000 X112.288 Y114.824
G0 X113.607 Y114.824
G0 X113.607 Y114.365
G1 F1500 X113.867 Y114.104 E2779.09856
G0 F9000 X113.866 Y113.539
G1 F1500 X113.041 Y114.365 E2779.15681
G0 F9000 X112.488 Y114.352
G1 F1500 X113.865 Y112.974 E2779.254
G0 F9000 X113.865 Y112.409
G1 F1500 X112.487 Y113.787 E2779.35122
G0 F9000 X112.487 Y113.222
G1 F1500 X113.865 Y111.844 E2779.44845
G0 F9000 X113.864 Y111.279
G1 F1500 X112.487 Y112.656 E2779.5456
G0 F9000 X112.486 Y112.091
G1 F1500 X113.629 Y110.948 E2779.62625
G0 F9000 X113.064 Y110.948
G1 F1500 X112.485 Y111.526 E2779.66706
G1 F2700 E2770.66706
G0 F9000 X112.025 Y111.526
G0 X111.352 Y115.5
G0 X110.263 Y115.501
G0 X104.625 Y115.799
G0 X97.5 Y122.146
;TYPE:WALL-OUTER
G1 F2700 E2779.66706
G1 F1500 X103.76 Y115.889 E2780.10863
G1 X103.76 Y95.964 E2781.1027
G1 X97.5 Y95.964 E2781.41501
G1 X97.5 Y122.146 E2782.72123
G0 F9000 X97.748 Y121.554
G0 X98.171 Y120.549
G0 X97.9 Y121.181
;TYPE:WALL-INNER
G1 F1500 X103.36 Y115.723 E2783.1064
G1 X103.36 Y96.364 E2784.07222
G1 X97.9 Y96.364 E2784.34462
G1 X97.9 Y121.181 E2785.58275
G0 F9000 X98.148 Y120.588
G0 X98.3 Y120.215
G1 F1500 X102.96 Y115.557 E2785.91146
G1 X102.96 Y96.764 E2786.84905
G1 X98.3 Y96.764 E2787.08154
G1 X98.3 Y120.215 E2788.25151
G0 F9000 X98.38 Y112.641
;TYPE:FILL
G1 F3000 X102.88 Y108.142 E2788.56898
G0 F9000 X102.88 Y110.258
G1 F3000 X98.38 Y105.758 E2788.88648
G0 F9000 X98.51 Y105.758
G1 F2700 E2779.88648
;MESH:wildrosebuilds_puzzlecube.stl(2)
G0 F9000 X103.532 Y115.799
G0 X104.625 Y115.799
G0 X110.275 Y116.577
G0 X124.953 Y116.577
G0 X126.635 Y115.799
G0 X127.5 Y122.146
;TYPE:WALL-OUTER
G1 F2700 E2788.88648
G1 F1500 X133.76 Y115.889 E2789.32805
G1 X133.76 Y95.964 E2790.32211
G1 X127.5 Y95.964 E2790.63442
G1 X127.5 Y122.146 E2791.94065
G0 F9000 X127.748 Y121.554
G0 X128.171 Y120.549
G0 X127.9 Y121.181
;TYPE:WALL-INNER
G1 F1500 X133.36 Y115.723 E2792.32581
G1 X133.36 Y96.364 E2793.29164
G1 X127.9 Y96.364 E2793.56404
G1 X127.9 Y121.181 E2794.80216
G0 F9000 X128.148 Y120.588
G0 X128.3 Y120.215
G1 F1500 X132.96 Y115.557 E2795.13088
G1 X132.96 Y96.764 E2796.06847
G1 X128.3 Y96.764 E2796.30095
G1 X128.3 Y120.215 E2797.47093
G0 F9000 X128.38 Y112.641
;TYPE:FILL
G1 F3000 X132.88 Y108.142 E2797.78839
G0 F9000 X132.88 Y110.258
G1 F3000 X128.379 Y105.758 E2798.10593
G0 F9000 X128.51 Y105.758
G1 F2700 E2789.10593
G0 F9000 X133.53 Y115.444
G0 X134.625 Y115.444
G0 X140.263 Y115.444
G0 X141.128 Y115.724
;TYPE:WALL-OUTER
G1 F2700 E2798.10593
G1 F1500 X154.1 Y115.724 E2798.7531
G1 X154.1 Y102.804 E2799.39768
G1 X147.84 Y102.804 E2799.71
G1 X147.838 Y109.423 E2800.04022
G1 X147.746 Y109.558 E2800.04837
G1 X147.675 Y109.586 E2800.05218
G1 X141.125 Y109.588 E2800.37896
G1 X141.128 Y115.724 E2800.68509
G0 F9000 X141.528 Y115.324
;TYPE:WALL-INNER
G1 F1500 X153.7 Y115.324 E2801.29235
G1 X153.7 Y103.204 E2801.89702
G1 X148.24 Y103.204 E2802.16942
G1 X148.24 Y109.498 E2802.48343
G1 X148.161 Y109.688 E2802.49369
G1 X147.957 Y109.898 E2802.5083
G1 X147.757 Y109.988 E2802.51924
G1 X141.525 Y109.988 E2802.83016
G1 X141.528 Y115.324 E2803.09637
G0 F9000 X141.928 Y114.924
G1 F1500 X153.3 Y114.924 E2803.66372
G1 X153.3 Y103.604 E2804.22848
G1 X148.64 Y103.604 E2804.46097
G1 X148.64 Y109.388 E2804.74953
G1 X148.606 Y109.651 E2804.76276
G1 X148.508 Y109.888 E2804.77556
G1 X148.364 Y110.08 E2804.78753
G1 X148.168 Y110.238 E2804.80009
G1 X147.92 Y110.349 E2804.81365
G1 X147.64 Y110.388 E2804.82775
G1 X141.925 Y110.388 E2805.11287
G1 X141.928 Y114.924 E2805.33918
G0 F9000 X144.132 Y114.844
;TYPE:FILL
G1 F3000 X153.22 Y105.756 E2805.98038
G0 F9000 X148.72 Y108.143
G1 F3000 X153.22 Y112.644 E2806.29792
G0 F9000 X144.256 Y114.752
G0 X142.288 Y114.824
G0 X142.288 Y114.564
;TYPE:SKIN
G1 F1500 X144.067 Y114.564 E2806.38667
G1 X144.064 Y110.748 E2806.57705
G1 X142.284 Y110.748 E2806.66586
G1 X142.288 Y114.564 E2806.85624
G0 F9000 X142.288 Y114.824
G0 X144.256 Y114.752
G0 X144.328 Y114.086
G0 X143.867 Y114.086
G1 F1500 X143.589 Y114.364 E2806.87585
G0 F9000 X143.023 Y114.364
G1 F1500 X143.866 Y113.521 E2806.93533
G0 F9000 X143.865 Y112.956
G1 F1500 X142.488 Y114.333 E2807.03249
G0 F9000 X142.488 Y113.768
G1 F1500 X143.865 Y112.39 E2807.12968
G0 F9000 X143.864 Y111.825
G1 F1500 X142.487 Y113.203 E2807.22687
G0 F9000 X142.486 Y112.638
G1 F1500 X143.864 Y111.26 E2807.32409
G0 F9000 X143.611 Y110.948
G1 F1500 X142.486 Y112.073 E2807.40347
G0 F9000 X142.485 Y111.508
G1 F1500 X143.045 Y110.948 E2807.44298
G1 F2700 E2798.44298
;MESH:NONMESH
G0 F300 X143.045 Y110.948 Z13.95
G0 F9000 X143.045 Y110.488
G0 X141.351 Y109.815
G0 X140.263 Y109.816
G0 X134.613 Y95.111
G0 X126.647 Y95.111
G0 X126.643 Y99.455
G0 X104.625 Y85.372
G0 X103.76 Y85.596
;TIME_ELAPSED:3545.509539
;LAYER:46
;TYPE:WALL-OUTER
;MESH:wildrosebuilds_puzzlecube.stl(1)
G1 F2700 E2807.44298
G1 F1500 X103.764 Y79.265 E2807.75883
G1 X103.822 Y79.162 E2807.76473
G1 X103.908 Y79.114 E2807.76964
G1 X110.172 Y79.108 E2808.08216
G1 X110.172 Y72.676 E2808.40305
G1 X97.5 Y72.676 E2809.03526
G1 X97.5 Y85.596 E2809.67984
G1 X103.76 Y85.596 E2809.99215
G0 F9000 X103.36 Y85.196
;TYPE:WALL-INNER
G1 F1500 X103.36 Y79.218 E2810.2904
G1 X103.413 Y79.06 E2810.29871
G1 X103.548 Y78.87 E2810.31034
G1 X103.84 Y78.708 E2810.327
G1 X109.772 Y78.708 E2810.62295
G1 X109.772 Y73.076 E2810.90393
G1 X97.9 Y73.076 E2811.49623
G1 X97.9 Y85.196 E2812.1009
G1 X103.36 Y85.196 E2812.3733
G0 F9000 X102.96 Y84.796
G1 F1500 X102.96 Y79.164 E2812.65428
G1 X103.049 Y78.894 E2812.66846
G1 X103.274 Y78.579 E2812.68777
G1 X103.466 Y78.438 E2812.69966
G1 X103.7 Y78.342 E2812.71228
G1 X103.96 Y78.308 E2812.72536
G1 X109.372 Y78.308 E2812.99536
G1 X109.372 Y73.476 E2813.23643
G1 X98.3 Y73.476 E2813.78882
G1 X98.3 Y84.796 E2814.35358
G1 X102.96 Y84.796 E2814.58606
G0 F9000 X102.88 Y79.958
;TYPE:FILL
G1 F3000 X98.38 Y75.458 E2814.90356
G0 F9000 X98.38 Y82.942
G1 F3000 X107.192 Y74.13 E2815.5253
G0 F9000 X106.972 Y74.13
G0 X107.045 Y78.136
G0 X109.2 Y78.136
G0 X109.012 Y77.948
;TYPE:SKIN
G1 F1500 X109.012 Y73.836 E2815.73045
G1 X107.232 Y73.836 E2815.81925
G1 X107.232 Y77.948 E2816.0244
G1 X109.012 Y77.948 E2816.1132
G0 F9000 X109.272 Y77.948
G0 X107.729 Y78.208
G0 X107.729 Y77.748
G1 F1500 X107.432 Y77.451 E2816.13416
G0 F9000 X107.432 Y76.885
G1 F1500 X108.295 Y77.748 E2816.19505
G0 F9000 X108.812 Y77.7
G1 F1500 X107.432 Y76.319 E2816.29245
G0 F9000 X107.432 Y75.754
G1 F1500 X108.812 Y77.134 E2816.38982
G0 F9000 X108.812 Y76.568
G1 F1500 X107.432 Y75.188 E2816.48718
G0 F9000 X107.432 Y74.622
G1 F1500 X108.812 Y76.003 E2816.58458
G0 F9000 X108.812 Y75.437
G1 F1500 X107.432 Y74.057 E2816.68195
G0 F9000 X107.977 Y74.036
G1 F1500 X108.812 Y74.871 E2816.74086
G0 F9000 X108.812 Y74.306
G1 F1500 X108.543 Y74.036 E2816.75988
G1 F2700 E2807.75988
G0 F9000 X108.543 Y73.576
G0 X109.2 Y73.648
G0 X109.949 Y78.885
G0 X111.037 Y78.884
G0 X116.975 Y78.885
G0 X117.84 Y92.436
;TYPE:WALL-OUTER
G1 F2700 E2816.75988
G1 F1500 X124.1 Y92.436 E2817.07219
G1 X124.1 Y66.248 E2818.37872
G1 X117.84 Y72.507 E2818.82036
G1 X117.84 Y92.436 E2819.81462
G0 F9000 X118.24 Y92.036
;TYPE:WALL-INNER
G1 F1500 X123.7 Y92.036 E2820.08702
G1 X123.7 Y67.214 E2821.32539
G1 X118.24 Y72.673 E2821.71059
G1 X118.24 Y92.036 E2822.67662
G0 F9000 X118.64 Y91.636
G1 F1500 X123.3 Y91.636 E2822.9091
G1 X123.3 Y68.179 E2824.07938
G1 X118.64 Y72.839 E2824.40817
G1 X118.64 Y91.636 E2825.34595
G0 F9000 X123.22 Y82.944
;TYPE:FILL
G1 F3000 X118.72 Y78.443 E2825.66349
G0 F9000 X118.72 Y79.957
G1 F3000 X123.22 Y75.457 E2825.98099
G0 F9000 X123.09 Y75.457
G1 F2700 E2816.98099
;MESH:wildrosebuilds_puzzlecube.stl
G0 F9000 X118.064 Y92.212
G0 X118.064 Y93.301
G0 X116.987 Y101.951
G0 X116.987 Y108.437
G0 X111.428 Y115.724
;TYPE:WALL-OUTER
G1 F2700 E2825.98099
G1 F1500 X124.1 Y115.724 E2826.6132
G1 X124.1 Y102.804 E2827.25778
G1 X117.84 Y102.804 E2827.57009
G1 X117.838 Y109.123 E2827.88535
G1 X117.777 Y109.234 E2827.89167
G1 X117.692 Y109.282 E2827.89654
G1 X111.425 Y109.288 E2828.2092
G1 X111.428 Y115.724 E2828.53029
G0 F9000 X111.828 Y115.324
;TYPE:WALL-INNER
G1 F1500 X123.7 Y115.324 E2829.12259
G1 X123.7 Y103.204 E2829.72726
G1 X118.24 Y103.204 E2829.99966
G1 X118.24 Y109.178 E2830.2977
G1 X118.187 Y109.337 E2830.30606
G1 X118.051 Y109.526 E2830.31768
G1 X117.76 Y109.688 E2830.3343
G1 X111.825 Y109.688 E2830.63039
G1 X111.828 Y115.324 E2830.91157
G0 F9000 X112.228 Y114.924
G1 F1500 X123.3 Y114.924 E2831.46396
G1 X123.3 Y103.604 E2832.02872
G1 X118.64 Y103.604 E2832.2612
G1 X118.64 Y109.235 E2832.54214
G1 X118.552 Y109.502 E2832.55616
G1 X118.325 Y109.817 E2832.57553
G1 X118.134 Y109.958 E2832.58738
G1 X117.9 Y110.054 E2832.6
G1 X117.64 Y110.088 E2832.61308
G1 X112.225 Y110.088 E2832.88323
G1 X112.228 Y114.924 E2833.1245
G0 F9000 X114.556 Y114.752
G0 X114.628 Y114.268
G0 X114.408 Y114.268
;TYPE:FILL
G1 F3000 X123.22 Y105.457 E2833.7462
G0 F9000 X118.72 Y108.443
G1 F3000 X123.22 Y112.943 E2834.0637
G0 F9000 X114.556 Y114.752
G0 X112.588 Y114.824
G0 X112.588 Y114.564
;TYPE:SKIN
G1 F1500 X114.368 Y114.564 E2834.1525
G1 X114.364 Y110.448 E2834.35785
G1 X112.585 Y110.448 E2834.44661
G1 X112.588 Y114.564 E2834.65196
G0 F9000 X112.788 Y113.919
G1 F1500 X113.233 Y114.364 E2834.68335
G0 F9000 X113.798 Y114.364
G1 F1500 X112.787 Y113.353 E2834.75468
G0 F9000 X112.786 Y112.786
G1 F1500 X114.168 Y114.168 E2834.85219
G0 F9000 X114.167 Y113.602
G1 F1500 X112.786 Y112.221 E2834.94963
G0 F9000 X112.786 Y111.654
G1 F1500 X114.167 Y113.035 E2835.04707
G0 F9000 X114.166 Y112.469
G1 F1500 X112.785 Y111.088 E2835.1445
G0 F9000 X112.911 Y110.648
G1 F1500 X114.166 Y111.903 E2835.23305
G0 F9000 X114.165 Y111.337
G1 F1500 X113.476 Y110.648 E2835.28166
G0 F9000 X114.042 Y110.648
G1 F1500 X114.165 Y110.77 E2835.29031
G0 F9000 X114.928 Y110.77
G1 F2700 E2826.29031
G0 F9000 X114.556 Y114.752
G0 X111.652 Y115.5
G0 X110.563 Y115.501
G0 X104.625 Y115.799
G0 X97.5 Y122.146
;TYPE:WALL-OUTER
G1 F2700 E2835.29031
G1 F1500 X103.76 Y115.889 E2835.73188
G1 X103.76 Y95.964 E2836.72594
G1 X97.5 Y95.964 E2837.03825
G1 X97.5 Y122.146 E2838.34448
G0 F9000 X97.748 Y121.554
G0 X98.171 Y120.549
G0 X97.9 Y121.181
;TYPE:WALL-INNER
G1 F1500 X103.36 Y115.723 E2838.72964
G1 X103.36 Y96.364 E2839.69546
G1 X97.9 Y96.364 E2839.96786
G1 X97.9 Y121.181 E2841.20599
G0 F9000 X98.148 Y120.588
G0 X98.3 Y120.215
G1 F1500 X102.96 Y115.557 E2841.53471
G1 X102.96 Y96.764 E2842.47229
G1 X98.3 Y96.764 E2842.70478
G1 X98.3 Y120.215 E2843.87476
G0 F9000 X98.38 Y112.941
;TYPE:FILL
G1 F3000 X102.88 Y108.442 E2844.19222
G0 F9000 X102.88 Y109.958
G1 F3000 X98.38 Y105.458 E2844.50972
G0 F9000 X98.51 Y105.458
G1 F2700 E2835.50972
;MESH:wildrosebuilds_puzzlecube.stl(2)
G0 F9000 X103.532 Y115.799
G0 X104.625 Y115.799
G0 X110.575 Y116.577
G0 X124.953 Y116.577
G0 X126.635 Y115.799
G0 X127.5 Y122.146
;TYPE:WALL-OUTER
G1 F2700 E2844.50972
G1 F1500 X133.76 Y115.889 E2844.95129
G1 X133.76 Y95.964 E2845.94535
G1 X127.5 Y95.964 E2846.25767
G1 X127.5 Y122.146 E2847.56389
G0 F9000 X127.748 Y121.554
G0 X128.171 Y120.549
G0 X127.9 Y121.181
;TYPE:WALL-INNER
G1 F1500 X133.36 Y115.723 E2847.94905
G1 X133.36 Y96.364 E2848.91488
G1 X127.9 Y96.364 E2849.18728
G1 X127.9 Y121.181 E2850.4254
G0 F9000 X128.148 Y120.588
G0 X128.3 Y120.215
G1 F1500 X132.96 Y115.557 E2850.75412
G1 X132.96 Y96.764 E2851.69171
G1 X128.3 Y96.764 E2851.9242
G1 X128.3 Y120.215 E2853.09417
G0 F9000 X128.38 Y112.941
;TYPE:FILL
G1 F3000 X132.88 Y108.442 E2853.41164
G0 F9000 X132.88 Y109.959
G1 F3000 X128.379 Y105.458 E2853.72921
G0 F9000 X128.51 Y105.458
G1 F2700 E2844.72921
G0 F9000 X133.53 Y115.444
G0 X134.625 Y115.444
G0 X140.563 Y115.444
G0 X141.428 Y115.724
;TYPE:WALL-OUTER
G1 F2700 E2853.72921
G1 F1500 X154.1 Y115.724 E2854.36141
G1 X154.1 Y102.804 E2855.006
G1 X147.84 Y102.804 E2855.31831
G1 X147.838 Y109.123 E2855.63356
G1 X147.777 Y109.234 E2855.63988
G1 X147.692 Y109.282 E2855.64475
G1 X141.425 Y109.288 E2855.95742
G1 X141.428 Y115.724 E2856.27851
G0 F9000 X141.828 Y115.324
;TYPE:WALL-INNER
G1 F1500 X153.7 Y115.324 E2856.8708
G1 X153.7 Y103.204 E2857.47547
G1 X148.24 Y103.204 E2857.74787
G1 X148.24 Y109.178 E2858.04592
G1 X148.187 Y109.337 E2858.05428
G1 X148.051 Y109.526 E2858.0659
G1 X147.76 Y109.688 E2858.08251
G1 X141.825 Y109.688 E2858.37861
G1 X141.828 Y115.324 E2858.65979
G0 F9000 X142.228 Y114.924
G1 F1500 X153.3 Y114.924 E2859.21218
G1 X153.3 Y103.604 E2859.77693
G1 X148.64 Y103.604 E2860.00942
G1 X148.64 Y109.235 E2860.29035
G1 X148.552 Y109.502 E2860.30438
G1 X148.325 Y109.817 E2860.32375
G1 X148.134 Y109.958 E2860.33559
G1 X147.9 Y110.054 E2860.34821
G1 X147.64 Y110.088 E2860.3613
G1 X142.225 Y110.088 E2860.63145
G1 X142.228 Y114.924 E2860.87272
G0 F9000 X144.556 Y114.752
G0 X144.628 Y114.268
G0 X144.408 Y114.268
;TYPE:FILL
G1 F3000 X153.22 Y105.456 E2861.49445
G0 F9000 X148.72 Y108.443
G1 F3000 X153.22 Y112.943 E2861.81195
G0 F9000 X144.556 Y114.752
G0 X142.588 Y114.824
G0 X142.588 Y114.564
;TYPE:SKIN
G1 F1500 X144.368 Y114.564 E2861.90076
G1 X144.364 Y110.448 E2862.10611
G1 X142.585 Y110.448 E2862.19486
G1 X142.588 Y114.564 E2862.40021
G0 F9000 X142.787 Y113.938
G1 F1500 X143.214 Y114.364 E2862.4303
G0 F9000 X143.78 Y114.364
G1 F1500 X142.787 Y113.371 E2862.50036
G0 F9000 X142.786 Y112.805
G1 F1500 X144.168 Y114.187 E2862.59787
G0 F9000 X144.168 Y113.621
G1 F1500 X142.786 Y112.239 E2862.69538
G0 F9000 X142.785 Y111.673
G1 F1500 X144.167 Y113.054 E2862.79285
G0 F9000 X144.166 Y112.488
G1 F1500 X142.785 Y111.106 E2862.89032
G0 F9000 X142.892 Y110.648
G1 F1500 X144.166 Y111.922 E2862.98021
G0 F9000 X144.165 Y111.355
G1 F1500 X143.458 Y110.648 E2863.03009
G0 F9000 X144.024 Y110.648
G1 F1500 X144.164 Y110.789 E2863.04001
G0 F9000 X144.928 Y110.789
G1 F2700 E2854.04001
;MESH:NONMESH
G0 F300 X144.928 Y110.789 Z14.25
G0 F9000 X144.555 Y110.26
G0 X141.651 Y109.515
G0 X140.563 Y109.516
G0 X134.613 Y95.111
G0 X126.647 Y95.111
G0 X126.643 Y99.658
G0 X104.625 Y85.372
G0 X103.76 Y85.596
;TIME_ELAPSED:3606.224517
;LAYER:47
;TYPE:WALL-OUTER
;MESH:wildrosebuilds_puzzlecube.stl(1)
G1 F2700 E2863.04001
G1 F1500 X103.765 Y79.562 E2863.34104
G1 X103.803 Y79.483 E2863.34542
G1 X103.911 Y79.413 E2863.35184
G1 X109.872 Y79.408 E2863.64923
G1 X109.872 Y72.676 E2863.98509
G1 X97.5 Y72.676 E2864.60234
G1 X97.5 Y85.596 E2865.24692
G1 X103.76 Y85.596 E2865.55923
G0 F9000 X103.36 Y85.196
;TYPE:WALL-INNER
G1 F1500 X103.36 Y79.501 E2865.84335
G1 X103.489 Y79.235 E2865.8581
G1 X103.683 Y79.075 E2865.87065
G1 X103.86 Y79.008 E2865.88009
G1 X109.472 Y79.008 E2866.16008
G1 X109.472 Y73.076 E2866.45602
G1 X97.9 Y73.076 E2867.03335
G1 X97.9 Y85.196 E2867.63802
G1 X103.36 Y85.196 E2867.91042
G0 F9000 X102.96 Y84.796
G1 F1500 X102.96 Y79.452 E2868.17704
G1 X103.061 Y79.168 E2868.19207
G1 X103.313 Y78.845 E2868.21251
G1 X103.498 Y78.72 E2868.22365
G1 X103.719 Y78.637 E2868.23543
G1 X103.96 Y78.608 E2868.24754
G1 X109.072 Y78.608 E2868.50258
G1 X109.072 Y73.476 E2868.75862
G1 X98.3 Y73.476 E2869.29603
G1 X98.3 Y84.796 E2869.86079
G1 X102.96 Y84.796 E2870.09328
G0 F9000 X98.38 Y83.242
;TYPE:FILL
G1 F3000 X106.892 Y74.73 E2870.69385
G0 F9000 X106.672 Y74.73
G0 X103.122 Y78.772
G0 X102.881 Y79.659
G1 F3000 X98.38 Y75.158 E2871.01142
G0 F9000 X106.745 Y78.436
G0 X108.9 Y78.436
G0 X108.712 Y78.248
;TYPE:SKIN
G1 F1500 X108.712 Y73.836 E2871.23153
G1 X106.932 Y73.836 E2871.32034
G1 X106.932 Y78.248 E2871.54045
G1 X108.712 Y78.248 E2871.62926
G0 F9000 X108.512 Y77.599
G1 F1500 X108.062 Y78.048 E2871.66097
G0 F9000 X107.496 Y78.048
G1 F1500 X108.512 Y77.033 E2871.73262
G0 F9000 X108.512 Y76.467
G1 F1500 X107.132 Y77.848 E2871.83002
G0 F9000 X107.132 Y77.282
G1 F1500 X108.512 Y75.902 E2871.92739
G0 F9000 X108.512 Y75.336
G1 F1500 X107.132 Y76.716 E2872.02475
G0 F9000 X107.132 Y76.15
G1 F1500 X108.512 Y74.77 E2872.12212
G0 F9000 X108.512 Y74.204
G1 F1500 X107.132 Y75.585 E2872.21952
G0 F9000 X107.132 Y75.019
G1 F1500 X108.115 Y74.036 E2872.28888
G0 F9000 X107.549 Y74.036
G1 F1500 X107.132 Y74.453 E2872.3183
G0 F9000 X106.372 Y74.453
G1 F2700 E2863.3183
G0 F9000 X106.745 Y78.436
G0 X109.649 Y79.185
G0 X110.737 Y79.184
G0 X116.975 Y79.185
G0 X117.84 Y92.436
;TYPE:WALL-OUTER
G1 F2700 E2872.3183
G1 F1500 X124.1 Y92.436 E2872.63061
G1 X124.1 Y66.248 E2873.93714
G1 X117.84 Y72.507 E2874.37878
G1 X117.84 Y92.436 E2875.37304
G0 F9000 X118.24 Y92.036
;TYPE:WALL-INNER
G1 F1500 X123.7 Y92.036 E2875.64544
G1 X123.7 Y67.214 E2876.88382
G1 X118.24 Y72.673 E2877.26901
G1 X118.24 Y92.036 E2878.23504
G0 F9000 X118.64 Y91.636
G1 F1500 X123.3 Y91.636 E2878.46753
G1 X123.3 Y68.179 E2879.6378
G1 X118.64 Y72.839 E2879.96659
G1 X118.64 Y91.636 E2880.90437
G0 F9000 X123.22 Y83.243
;TYPE:FILL
G1 F3000 X118.72 Y78.743 E2881.22187
G0 F9000 X118.72 Y79.657
G1 F3000 X123.22 Y75.158 E2881.53934
G0 F9000 X123.09 Y75.158
G1 F2700 E2872.53934
;MESH:wildrosebuilds_puzzlecube.stl
G0 F9000 X118.064 Y92.212
G0 X118.064 Y93.301
G0 X116.987 Y101.951
G0 X116.987 Y108.137
G0 X111.728 Y115.724
;TYPE:WALL-OUTER
G1 F2700 E2881.53934
G1 F1500 X124.1 Y115.724 E2882.15658
G1 X124.1 Y102.804 E2882.80116
G1 X117.84 Y102.804 E2883.11347
G1 X117.838 Y108.823 E2883.41376
G1 X117.77 Y108.941 E2883.42056
G1 X117.689 Y108.983 E2883.42511
G1 X111.725 Y108.988 E2883.72265
G1 X111.728 Y115.724 E2884.05871
G0 F9000 X112.128 Y115.324
;TYPE:WALL-INNER
G1 F1500 X123.7 Y115.324 E2884.63604
G1 X123.7 Y103.204 E2885.24071
G1 X118.24 Y103.204 E2885.51311
G1 X118.24 Y108.884 E2885.79649
G1 X118.18 Y109.053 E2885.80544
G1 X118.028 Y109.246 E2885.81769
G1 X117.752 Y109.388 E2885.83318
G1 X112.125 Y109.388 E2886.11391
G1 X112.128 Y115.324 E2886.41006
G0 F9000 X112.528 Y114.924
G1 F1500 X123.3 Y114.924 E2886.94748
G1 X123.3 Y103.604 E2887.51223
G1 X118.64 Y103.604 E2887.74472
G1 X118.64 Y108.944 E2888.01114
G1 X118.539 Y109.229 E2888.02622
G1 X118.286 Y109.552 E2888.04669
G1 X118.101 Y109.676 E2888.0578
G1 X117.881 Y109.759 E2888.06953
G1 X117.64 Y109.788 E2888.08164
G1 X112.525 Y109.788 E2888.33683
G1 X112.528 Y114.924 E2888.59307
G0 F9000 X114.856 Y114.752
G0 X114.928 Y113.669
G0 X114.708 Y113.669
;TYPE:FILL
G1 F3000 X123.22 Y105.157 E2889.19363
G0 F9000 X118.72 Y108.742
G1 F3000 X123.22 Y113.243 E2889.51117
G0 F9000 X114.856 Y114.752
G0 X112.888 Y114.824
G0 X112.888 Y114.564
;TYPE:SKIN
G1 F1500 X114.668 Y114.564 E2889.59997
G1 X114.664 Y110.148 E2889.82029
G1 X112.885 Y110.148 E2889.90904
G1 X112.888 Y114.564 E2890.12936
G0 F9000 X112.888 Y114.824
G0 X114.173 Y114.824
G0 X114.173 Y114.364
G1 F1500 X114.468 Y114.069 E2890.15017
G0 F9000 X114.467 Y113.504
G1 F1500 X113.607 Y114.364 E2890.21085
G0 F9000 X113.088 Y114.317
G1 F1500 X114.466 Y112.939 E2890.30808
G0 F9000 X114.466 Y112.374
G1 F1500 X113.088 Y113.752 E2890.4053
G0 F9000 X113.088 Y113.187
G1 F1500 X114.465 Y111.809 E2890.50249
G0 F9000 X114.464 Y111.244
G1 F1500 X113.087 Y112.622 E2890.59968
G0 F9000 X113.087 Y112.056
G1 F1500 X114.464 Y110.679 E2890.69684
G0 F9000 X114.229 Y110.348
G1 F1500 X113.086 Y111.491 E2890.77748
G0 F9000 X113.085 Y110.926
G1 F1500 X113.663 Y110.348 E2890.81826
G1 F2700 E2881.81826
G0 F9000 X113.663 Y109.888
G0 X112.697 Y109.96
G0 X111.952 Y115.5
G0 X110.863 Y115.501
G0 X104.625 Y115.799
G0 X97.5 Y122.146
;TYPE:WALL-OUTER
G1 F2700 E2890.81826
G1 F1500 X103.76 Y115.889 E2891.25983
G1 X103.76 Y95.964 E2892.2539
G1 X97.5 Y95.964 E2892.56621
G1 X97.5 Y122.146 E2893.87243
G0 F9000 X97.748 Y121.554
G0 X98.171 Y120.549
G0 X97.9 Y121.181
;TYPE:WALL-INNER
G1 F1500 X103.36 Y115.723 E2894.2576
G1 X103.36 Y96.364 E2895.22342
G1 X97.9 Y96.364 E2895.49582
G1 X97.9 Y121.181 E2896.73395
G0 F9000 X98.148 Y120.588
G0 X98.3 Y120.215
G1 F1500 X102.96 Y115.557 E2897.06266
G1 X102.96 Y96.764 E2898.00025
G1 X98.3 Y96.764 E2898.23274
G1 X98.3 Y120.215 E2899.40271
G0 F9000 X98.38 Y113.241
;TYPE:FILL
G1 F3000 X102.88 Y108.742 E2899.72018
G0 F9000 X102.88 Y109.658
G1 F3000 X98.38 Y105.158 E2900.03768
G0 F9000 X98.51 Y105.158
G1 F2700 E2891.03768
;MESH:wildrosebuilds_puzzlecube.stl(2)
G0 F9000 X103.532 Y115.799
G0 X104.625 Y115.799
G0 X110.875 Y116.577
G0 X124.953 Y116.577
G0 X126.635 Y115.799
G0 X127.5 Y122.146
;TYPE:WALL-OUTER
G1 F2700 E2900.03768
G1 F1500 X133.76 Y115.889 E2900.47925
G1 X133.76 Y95.964 E2901.47331
G1 X127.5 Y95.964 E2901.78562
G1 X127.5 Y122.146 E2903.09185
G0 F9000 X127.748 Y121.554
G0 X128.171 Y120.549
G0 X127.9 Y121.181
;TYPE:WALL-INNER
G1 F1500 X133.36 Y115.723 E2903.47701
G1 X133.36 Y96.364 E2904.44283
G1 X127.9 Y96.364 E2904.71523
G1 X127.9 Y121.181 E2905.95336
G0 F9000 X128.148 Y120.588
G0 X128.3 Y120.215
G1 F1500 X132.96 Y115.557 E2906.28208
G1 X132.96 Y96.764 E2907.21966
G1 X128.3 Y96.764 E2907.45215
G1 X128.3 Y120.215 E2908.62213
G0 F9000 X128.38 Y113.241
;TYPE:FILL
G1 F3000 X132.88 Y108.742 E2908.93959
G0 F9000 X132.88 Y109.659
G1 F3000 X128.379 Y105.158 E2909.25716
G0 F9000 X128.51 Y105.158
G1 F2700 E2900.25716
G0 F9000 X133.53 Y115.444
G0 X134.625 Y115.444
G0 X140.863 Y115.444
G0 X141.728 Y115.724
;TYPE:WALL-OUTER
G1 F2700 E2909.25716
G1 F1500 X154.1 Y115.724 E2909.8744
G1 X154.1 Y102.804 E2910.51898
G1 X147.84 Y102.804 E2910.8313
G1 X147.838 Y108.823 E2911.13159
G1 X147.77 Y108.941 E2911.13838
G1 X147.689 Y108.983 E2911.14293
G1 X141.725 Y108.988 E2911.44048
G1 X141.728 Y115.724 E2911.77654
G0 F9000 X142.128 Y115.324
;TYPE:WALL-INNER
G1 F1500 X153.7 Y115.324 E2912.35387
G1 X153.7 Y103.204 E2912.95854
G1 X148.24 Y103.204 E2913.23094
G1 X148.24 Y108.884 E2913.51431
G1 X148.18 Y109.053 E2913.52326
G1 X148.028 Y109.246 E2913.53552
G1 X147.752 Y109.388 E2913.551
G1 X142.125 Y109.388 E2913.83173
G1 X142.128 Y115.324 E2914.12788
G0 F9000 X142.528 Y114.924
G1 F1500 X153.3 Y114.924 E2914.6653
G1 X153.3 Y103.604 E2915.23006
G1 X148.64 Y103.604 E2915.46255
G1 X148.64 Y108.944 E2915.72896
G1 X148.539 Y109.229 E2915.74404
G1 X148.286 Y109.552 E2915.76451
G1 X148.101 Y109.676 E2915.77563
G1 X147.881 Y109.759 E2915.78736
G1 X147.64 Y109.788 E2915.79947
G1 X142.525 Y109.788 E2916.05465
G1 X142.528 Y114.924 E2916.31089
G0 F9000 X144.856 Y114.752
G0 X144.928 Y113.669
G0 X144.708 Y113.669
;TYPE:FILL
G1 F3000 X153.22 Y105.157 E2916.91146
G0 F9000 X148.72 Y108.743
G1 F3000 X153.22 Y113.243 E2917.22896
G0 F9000 X144.856 Y114.752
G0 X142.888 Y114.824
G0 X142.888 Y114.564
;TYPE:SKIN
G1 F1500 X144.668 Y114.564 E2917.31776
G1 X144.664 Y110.148 E2917.53808
G1 X142.885 Y110.148 E2917.62683
G1 X142.888 Y114.564 E2917.84715
G0 F9000 X142.888 Y114.824
G0 X144.856 Y114.752
G0 X144.928 Y114.051
G0 X144.468 Y114.051
G1 F1500 X144.154 Y114.364 E2917.86927
G0 F9000 X143.589 Y114.364
G1 F1500 X144.467 Y113.486 E2917.93121
G0 F9000 X144.466 Y112.921
G1 F1500 X143.088 Y114.299 E2918.02844
G0 F9000 X143.088 Y113.733
G1 F1500 X144.465 Y112.356 E2918.12559
G0 F9000 X144.465 Y111.79
G1 F1500 X143.087 Y113.168 E2918.22282
G0 F9000 X143.087 Y112.603
G1 F1500 X144.465 Y111.225 E2918.32005
G0 F9000 X144.464 Y110.66
G1 F1500 X143.087 Y112.038 E2918.41724
G0 F9000 X143.087 Y111.472
G1 F1500 X144.211 Y110.348 E2918.49654
G0 F9000 X143.645 Y110.348
G1 F1500 X143.086 Y110.907 E2918.53598
G1 F2700 E2909.53598
;MESH:NONMESH
G0 F300 X143.086 Y110.907 Z14.55
G0 F9000 X142.625 Y110.907
G0 X141.951 Y109.215
G0 X140.863 Y109.216
G0 X134.613 Y95.111
G0 X126.647 Y95.111
G0 X126.642 Y99.859
G0 X104.625 Y85.372
G0 X103.76 Y85.596
;TIME_ELAPSED:3667.042899
;LAYER:48
;TYPE:WALL-OUTER
;MESH:wildrosebuilds_puzzlecube.stl(1)
G1 F2700 E2918.53598
G1 F1500 X103.766 Y79.859 E2918.8222
G1 X103.838 Y79.749 E2918.82876
G1 X103.925 Y79.71 E2918.83352
G1 X109.572 Y79.708 E2919.11525
G1 X109.572 Y72.676 E2919.46607
G1 X97.5 Y72.676 E2920.06835
G1 X97.5 Y85.596 E2920.71293
G1 X103.76 Y85.596 E2921.02524
G0 F9000 X103.36 Y85.196
;TYPE:WALL-INNER
G1 F1500 X103.36 Y79.796 E2921.29465
G1 X103.504 Y79.516 E2921.31036
G1 X103.702 Y79.366 E2921.32275
G1 X103.881 Y79.308 E2921.33214
G1 X109.172 Y79.308 E2921.59611
G1 X109.172 Y73.076 E2921.90702
G1 X97.9 Y73.076 E2922.46939
G1 X97.9 Y85.196 E2923.07405
G1 X103.36 Y85.196 E2923.34645
G0 F9000 X102.96 Y84.796
G1 F1500 X102.96 Y79.908 E2923.59032
G1 X102.99 Y79.664 E2923.60258
G1 X103.074 Y79.442 E2923.61443
G1 X103.201 Y79.256 E2923.62566
G1 X103.53 Y79.005 E2923.64631
G1 X103.83 Y78.908 E2923.66204
G1 X108.772 Y78.908 E2923.90859
G1 X108.772 Y73.476 E2924.1796
G1 X98.3 Y73.476 E2924.70205
G1 X98.3 Y84.796 E2925.2668
G1 X102.96 Y84.796 E2925.49929
G0 F9000 X98.38 Y83.542
;TYPE:FILL
G1 F3000 X106.592 Y75.329 E2926.07873
G0 F9000 X106.372 Y75.329
G0 X103.122 Y79.072
G0 X102.983 Y79.462
G1 F3000 X98.38 Y74.859 E2926.4035
G0 F9000 X106.445 Y78.736
G0 X108.6 Y78.736
G0 X108.412 Y78.548
;TYPE:SKIN
G1 F1500 X108.412 Y73.836 E2926.63858
G1 X106.632 Y73.836 E2926.72738
G1 X106.632 Y78.548 E2926.96247
G1 X108.412 Y78.548 E2927.05127
G0 F9000 X108.672 Y78.548
G0 X107.198 Y78.808
G0 X107.198 Y78.348
G1 F1500 X106.832 Y77.982 E2927.07709
G0 F9000 X106.832 Y77.416
G1 F1500 X107.764 Y78.348 E2927.14285
G0 F9000 X108.212 Y78.231
G1 F1500 X106.832 Y76.85 E2927.24025
G0 F9000 X106.832 Y76.285
G1 F1500 X108.212 Y77.665 E2927.33762
G0 F9000 X108.212 Y77.099
G1 F1500 X106.832 Y75.719 E2927.43499
G0 F9000 X106.832 Y75.153
G1 F1500 X108.212 Y76.534 E2927.53239
G0 F9000 X108.212 Y75.968
G1 F1500 X106.832 Y74.588 E2927.62975
G0 F9000 X106.846 Y74.036
G1 F1500 X108.212 Y75.402 E2927.72613
G0 F9000 X108.212 Y74.837
G1 F1500 X107.412 Y74.036 E2927.78261
G0 F9000 X107.977 Y74.036
G1 F1500 X108.212 Y74.271 E2927.79919
G1 F2700 E2918.79919
G0 F9000 X108.672 Y74.271
G0 X109.349 Y79.485
G0 X110.437 Y79.484
G0 X116.975 Y79.485
G0 X117.84 Y92.436
;TYPE:WALL-OUTER
G1 F2700 E2927.79919
G1 F1500 X124.1 Y92.436 E2928.11151
G1 X124.1 Y66.248 E2929.41803
G1 X117.84 Y72.507 E2929.85967
G1 X117.84 Y92.436 E2930.85393
G0 F9000 X118.24 Y92.036
;TYPE:WALL-INNER
G1 F1500 X123.7 Y92.036 E2931.12633
G1 X123.7 Y67.214 E2932.36471
G1 X118.24 Y72.673 E2932.74991
G1 X118.24 Y92.036 E2933.71593
G0 F9000 X118.64 Y91.636
G1 F1500 X123.3 Y91.636 E2933.94842
G1 X123.3 Y68.179 E2935.11869
G1 X118.64 Y72.839 E2935.44748
G1 X118.64 Y91.636 E2936.38527
G0 F9000 X123.22 Y83.543
;TYPE:FILL
G1 F3000 X118.72 Y79.043 E2936.70277
G0 F9000 X118.72 Y79.357
G1 F3000 X123.22 Y74.858 E2937.02023
G0 F9000 X123.09 Y74.858
G1 F2700 E2928.02023
;MESH:wildrosebuilds_puzzlecube.stl
G0 F9000 X118.064 Y92.212
G0 X118.064 Y93.301
G0 X116.987 Y101.951
G0 X116.987 Y107.837
G0 X112.028 Y115.724
;TYPE:WALL-OUTER
G1 F2700 E2937.02023
G1 F1500 X124.1 Y115.724 E2937.6225
G1 X124.1 Y102.804 E2938.26709
G1 X117.84 Y102.804 E2938.5794
G1 X117.838 Y108.523 E2938.86472
G1 X117.762 Y108.647 E2938.87198
G1 X117.675 Y108.686 E2938.87673
G1 X112.025 Y108.688 E2939.15861
G1 X112.028 Y115.724 E2939.50964
G0 F9000 X112.428 Y115.324
;TYPE:WALL-INNER
G1 F1500 X123.7 Y115.324 E2940.072
G1 X123.7 Y103.204 E2940.67667
G1 X118.24 Y103.204 E2940.94907
G1 X118.24 Y108.602 E2941.21838
G1 X118.096 Y108.88 E2941.234
G1 X117.898 Y109.03 E2941.24639
G1 X117.735 Y109.088 E2941.25502
G1 X112.425 Y109.088 E2941.51994
G1 X112.428 Y115.324 E2941.83106
G0 F9000 X112.828 Y114.924
G1 F1500 X123.3 Y114.924 E2942.35351
G1 X123.3 Y103.604 E2942.91826
G1 X118.64 Y103.604 E2943.15075
G1 X118.64 Y108.488 E2943.39442
G1 X118.611 Y108.732 E2943.40667
G1 X118.526 Y108.954 E2943.41853
G1 X118.399 Y109.14 E2943.42977
G1 X118.07 Y109.392 E2943.45045
G1 X117.794 Y109.488 E2943.46503
G1 X112.825 Y109.488 E2943.71293
G1 X112.828 Y114.924 E2943.98413
G0 F9000 X115.156 Y114.752
G0 X115.228 Y113.069
G0 X115.008 Y113.069
;TYPE:FILL
G1 F3000 X123.22 Y104.858 E2944.5635
G0 F9000 X118.616 Y108.938
G1 F3000 X123.22 Y113.543 E2944.88837
G0 F9000 X115.156 Y114.752
G0 X113.188 Y114.824
G0 X113.188 Y114.564
;TYPE:SKIN
G1 F1500 X114.968 Y114.564 E2944.97718
G1 X114.964 Y109.848 E2945.21246
G1 X113.185 Y109.848 E2945.30121
G1 X113.188 Y114.564 E2945.53649
G0 F9000 X113.798 Y114.364
G1 F1500 X113.387 Y113.953 E2945.56549
G0 F9000 X113.387 Y113.387
G1 F1500 X114.364 Y114.364 E2945.63443
G0 F9000 X114.768 Y114.203
G1 F1500 X113.387 Y112.821 E2945.7319
G0 F9000 X113.387 Y112.255
G1 F1500 X114.768 Y113.636 E2945.82934
G0 F9000 X114.768 Y113.071
G1 F1500 X113.386 Y111.689 E2945.92684
G0 F9000 X113.385 Y111.123
G1 F1500 X114.767 Y112.504 E2946.02431
G0 F9000 X114.766 Y111.938
G1 F1500 X113.385 Y110.557 E2946.12175
G0 F9000 X113.442 Y110.048
G1 F1500 X114.766 Y111.371 E2946.21513
G0 F9000 X114.766 Y110.806
G1 F1500 X114.008 Y110.048 E2946.26861
G0 F9000 X114.573 Y110.048
G1 F1500 X114.765 Y110.239 E2946.28212
G0 F9000 X115.528 Y110.239
G1 F2700 E2937.28212
G0 F9000 X115.156 Y114.752
G0 X112.252 Y115.5
G0 X111.163 Y115.501
G0 X104.625 Y115.799
G0 X97.5 Y122.146
;TYPE:WALL-OUTER
G1 F2700 E2946.28212
G1 F1500 X103.76 Y115.889 E2946.7237
G1 X103.76 Y95.964 E2947.71776
G1 X97.5 Y95.964 E2948.03007
G1 X97.5 Y122.146 E2949.3363
G0 F9000 X97.748 Y121.554
G0 X98.171 Y120.549
G0 X97.9 Y121.181
;TYPE:WALL-INNER
G1 F1500 X103.36 Y115.723 E2949.72146
G1 X103.36 Y96.364 E2950.68728
G1 X97.9 Y96.364 E2950.95968
G1 X97.9 Y121.181 E2952.19781
G0 F9000 X98.148 Y120.588
G0 X98.3 Y120.215
G1 F1500 X102.96 Y115.557 E2952.52653
G1 X102.96 Y96.764 E2953.46411
G1 X98.3 Y96.764 E2953.6966
G1 X98.3 Y120.215 E2954.86658
G0 F9000 X98.38 Y113.541
;TYPE:FILL
G1 F3000 X102.88 Y109.042 E2955.18404
G0 F9000 X102.88 Y109.358
G1 F3000 X98.38 Y104.858 E2955.50154
G0 F9000 X98.51 Y104.858
G1 F2700 E2946.50154
;MESH:wildrosebuilds_puzzlecube.stl(2)
G0 F9000 X103.532 Y115.799
G0 X104.625 Y115.799
G0 X111.175 Y116.577
G0 X124.953 Y116.577
G0 X126.635 Y115.799
G0 X127.5 Y122.146
;TYPE:WALL-OUTER
G1 F2700 E2955.50154
G1 F1500 X133.76 Y115.889 E2955.94311
G1 X133.76 Y95.964 E2956.93717
G1 X127.5 Y95.964 E2957.24948
G1 X127.5 Y122.146 E2958.55571
G0 F9000 X127.748 Y121.554
G0 X128.171 Y120.549
G0 X127.9 Y121.181
;TYPE:WALL-INNER
G1 F1500 X133.36 Y115.723 E2958.94087
G1 X133.36 Y96.364 E2959.9067
G1 X127.9 Y96.364 E2960.1791
G1 X127.9 Y121.181 E2961.41722
G0 F9000 X128.148 Y120.588
G0 X128.3 Y120.215
G1 F1500 X132.96 Y115.557 E2961.74594
G1 X132.96 Y96.764 E2962.68353
G1 X128.3 Y96.764 E2962.91601
G1 X128.3 Y120.215 E2964.08599
G0 F9000 X128.38 Y113.541
;TYPE:FILL
G1 F3000 X132.88 Y109.042 E2964.40345
G0 F9000 X132.88 Y109.359
G1 F3000 X128.379 Y104.858 E2964.72102
G0 F9000 X128.51 Y104.858
G1 F2700 E2955.72102
G0 F9000 X133.53 Y115.444
G0 X134.625 Y115.444
G0 X141.163 Y115.444
G0 X142.028 Y115.724
;TYPE:WALL-OUTER
G1 F2700 E2964.72102
G1 F1500 X154.1 Y115.724 E2965.3233
G1 X154.1 Y102.804 E2965.96788
G1 X147.84 Y102.804 E2966.28019
G1 X147.838 Y108.523 E2966.56551
G1 X147.762 Y108.647 E2966.57277
G1 X147.675 Y108.686 E2966.57753
G1 X142.025 Y108.688 E2966.85941
G1 X142.028 Y115.724 E2967.21043
G0 F9000 X142.428 Y115.324
;TYPE:WALL-INNER
G1 F1500 X153.7 Y115.324 E2967.7728
G1 X153.7 Y103.204 E2968.37747
G1 X148.24 Y103.204 E2968.64987
G1 X148.24 Y108.602 E2968.91917
G1 X148.096 Y108.88 E2968.93479
G1 X147.898 Y109.03 E2968.94719
G1 X147.735 Y109.088 E2968.95582
G1 X142.425 Y109.088 E2969.22073
G1 X142.428 Y115.324 E2969.53185
G0 F9000 X142.828 Y114.924
G1 F1500 X153.3 Y114.924 E2970.0543
G1 X153.3 Y103.604 E2970.61906
G1 X148.64 Y103.604 E2970.85155
G1 X148.64 Y108.488 E2971.09521
G1 X148.611 Y108.732 E2971.10747
G1 X148.526 Y108.954 E2971.11933
G1 X148.399 Y109.14 E2971.13056
G1 X148.07 Y109.392 E2971.15124
G1 X147.794 Y109.488 E2971.16582
G1 X142.825 Y109.488 E2971.41372
G1 X142.828 Y114.924 E2971.68493
G0 F9000 X145.156 Y114.752
G0 X145.228 Y113.069
G0 X145.008 Y113.069
;TYPE:FILL
G1 F3000 X153.22 Y104.857 E2972.26433
G0 F9000 X148.615 Y108.938
G1 F3000 X153.22 Y113.543 E2972.58923
G0 F9000 X145.156 Y114.752
G0 X143.188 Y114.824
G0 X143.188 Y114.564
;TYPE:SKIN
G1 F1500 X144.968 Y114.564 E2972.67804
G1 X144.964 Y109.848 E2972.91332
G1 X143.185 Y109.848 E2973.00208
G1 X143.188 Y114.564 E2973.23736
G0 F9000 X143.78 Y114.364
G1 F1500 X143.387 Y113.971 E2973.26509
G0 F9000 X143.387 Y113.406
G1 F1500 X144.345 Y114.364 E2973.33268
G0 F9000 X144.768 Y114.221
G1 F1500 X143.386 Y112.839 E2973.43019
G0 F9000 X143.386 Y112.274
G1 F1500 X144.768 Y113.655 E2973.52766
G0 F9000 X144.767 Y113.089
G1 F1500 X143.386 Y111.707 E2973.62513
G0 F9000 X143.386 Y111.142
G1 F1500 X144.767 Y112.523 E2973.72257
G0 F9000 X144.766 Y111.956
G1 F1500 X143.385 Y110.575 E2973.82001
G0 F9000 X143.423 Y110.048
G1 F1500 X144.765 Y111.39 E2973.91469
G0 F9000 X144.765 Y110.824
G1 F1500 X143.989 Y110.048 E2973.96944
G0 F9000 X144.555 Y110.048
G1 F1500 X144.765 Y110.258 E2973.98426
G0 F9000 X145.528 Y110.258
G1 F2700 E2964.98426
;MESH:NONMESH
G0 F300 X145.528 Y110.258 Z14.85
G0 F9000 X145.155 Y109.66
G0 X142.251 Y108.915
G0 X141.163 Y108.916
G0 X134.613 Y95.111
G0 X126.647 Y95.111
G0 X126.642 Y99.559
G0 X104.625 Y85.372
G0 X103.76 Y85.596
;TIME_ELAPSED:3727.807149
;LAYER:49
;TYPE:WALL-OUTER
;MESH:wildrosebuilds_puzzlecube.stl(1)
G1 F2700 E2973.98426
G1 F1500 X103.766 Y80.156 E2974.25566
G1 X103.813 Y80.071 E2974.26051
G1 X103.925 Y80.011 E2974.26685
G1 X109.272 Y80.008 E2974.53361
G1 X109.272 Y72.676 E2974.8994
G1 X97.501 Y72.677 E2975.48666
G1 X97.5 Y85.596 E2976.13119
G1 X103.76 Y85.596 E2976.44351
G0 F9000 X103.36 Y85.196
;TYPE:WALL-INNER
G1 F1500 X103.36 Y80.102 E2976.69765
G1 X103.437 Y79.913 E2976.70783
G1 X103.618 Y79.714 E2976.72125
G1 X103.864 Y79.608 E2976.73461
G1 X108.872 Y79.608 E2976.98446
G1 X108.872 Y73.076 E2977.31035
G1 X97.901 Y73.077 E2977.85769
G1 X97.9 Y85.196 E2978.46231
G1 X103.36 Y85.196 E2978.73471
G0 F9000 X102.96 Y84.796
G1 F1500 X102.96 Y80.208 E2978.96361
G1 X102.993 Y79.95 E2978.97658
G1 X103.088 Y79.717 E2978.98914
G1 X103.39 Y79.385 E2979.01153
G1 X103.803 Y79.208 E2979.03394
G1 X108.472 Y79.208 E2979.26688
G1 X108.472 Y73.476 E2979.55285
G1 X98.301 Y73.477 E2980.06029
G1 X98.3 Y84.796 E2980.62499
G1 X102.96 Y84.796 E2980.85748
G0 F9000 X98.38 Y83.841
;TYPE:FILL
G1 F3000 X106.292 Y75.929 E2981.41572
G0 F9000 X106.072 Y75.929
G0 X103.235 Y79.299
G0 X103.235 Y79.414
G1 F3000 X98.38 Y74.559 E2981.75826
G0 F9000 X106.145 Y79.036
G0 X108.3 Y79.036
G0 X108.112 Y78.848
;TYPE:SKIN
G1 F1500 X108.112 Y73.836 E2982.00831
G1 X106.332 Y73.836 E2982.09712
G1 X106.332 Y78.848 E2982.34717
G1 X108.112 Y78.848 E2982.43597
G0 F9000 X107.463 Y78.648
G1 F1500 X107.912 Y78.198 E2982.46769
G0 F9000 X107.912 Y77.633
G1 F1500 X106.897 Y78.648 E2982.5393
G0 F9000 X106.532 Y78.447
G1 F1500 X107.912 Y77.067 E2982.63667
G0 F9000 X107.912 Y76.501
G1 F1500 X106.532 Y77.881 E2982.73403
G0 F9000 X106.532 Y77.316
G1 F1500 X107.912 Y75.935 E2982.83143
G0 F9000 X107.912 Y75.37
G1 F1500 X106.532 Y76.75 E2982.9288
G0 F9000 X106.532 Y76.184
G1 F1500 X107.912 Y74.804 E2983.02617
G0 F9000 X107.912 Y74.238
G1 F1500 X106.532 Y75.619 E2983.12357
G0 F9000 X106.532 Y75.053
G1 F1500 X107.549 Y74.036 E2983.19532
G0 F9000 X106.983 Y74.036
G1 F1500 X106.532 Y74.487 E2983.22714
G0 F9000 X105.772 Y74.487
G1 F2700 E2974.22714
G0 F9000 X106.145 Y79.036
G0 X109.049 Y79.785
G0 X110.137 Y79.784
G0 X116.975 Y79.785
G0 X117.84 Y92.436
;TYPE:WALL-OUTER
G1 F2700 E2983.22714
G1 F1500 X124.1 Y92.436 E2983.53946
G1 X124.1 Y66.248 E2984.84598
G1 X117.84 Y72.507 E2985.28762
G1 X117.84 Y92.436 E2986.28188
G0 F9000 X118.24 Y92.036
;TYPE:WALL-INNER
G1 F1500 X123.7 Y92.036 E2986.55429
G1 X123.7 Y67.214 E2987.79266
G1 X118.24 Y72.673 E2988.17786
G1 X118.24 Y92.036 E2989.14388
G0 F9000 X118.64 Y91.636
G1 F1500 X123.3 Y91.636 E2989.37637
G1 X123.3 Y68.179 E2990.54664
G1 X118.64 Y72.839 E2990.87543
G1 X118.64 Y91.636 E2991.81322
G0 F9000 X123.22 Y83.843
;TYPE:FILL
G1 F3000 X118.72 Y79.342 E2992.13075
G0 F9000 X118.72 Y79.057
G1 F3000 X123.22 Y74.558 E2992.44822
G0 F9000 X123.09 Y74.558
G1 F2700 E2983.44822
;MESH:wildrosebuilds_puzzlecube.stl
G0 F9000 X118.064 Y92.212
G0 X118.064 Y93.301
G0 X116.987 Y101.951
G0 X116.987 Y107.537
G0 X112.328 Y115.724
;TYPE:WALL-OUTER
G1 F2700 E2992.44822
G1 F1500 X124.1 Y115.724 E2993.03552
G1 X124.1 Y102.804 E2993.68011
G1 X117.84 Y102.804 E2993.99242
G1 X117.838 Y108.223 E2994.26277
G1 X117.787 Y108.325 E2994.26846
G1 X117.675 Y108.385 E2994.2748
G1 X112.325 Y108.388 E2994.54171
G1 X112.328 Y115.724 E2994.90771
G0 F9000 X112.728 Y115.324
;TYPE:WALL-INNER
G1 F1500 X123.7 Y115.324 E2995.4551
G1 X123.7 Y103.204 E2996.05977
G1 X118.24 Y103.204 E2996.33217
G1 X118.24 Y108.293 E2996.58607
G1 X118.164 Y108.483 E2996.59627
G1 X117.982 Y108.682 E2996.60973
G1 X117.736 Y108.788 E2996.62309
G1 X112.725 Y108.788 E2996.87309
G1 X112.728 Y115.324 E2997.19917
G0 F9000 X113.128 Y114.924
G1 F1500 X123.3 Y114.924 E2997.70666
G1 X123.3 Y103.604 E2998.27142
G1 X118.64 Y103.604 E2998.5039
G1 X118.64 Y108.188 E2998.7326
G1 X118.607 Y108.446 E2998.74558
G1 X118.512 Y108.679 E2998.75813
G1 X118.373 Y108.87 E2998.76992
G1 X118.209 Y109.011 E2998.78071
G1 X117.797 Y109.188 E2998.80308
G1 X113.125 Y109.188 E2999.03616
G1 X113.128 Y114.924 E2999.32233
G0 F9000 X115.456 Y114.752
G0 X115.528 Y112.47
G0 X115.308 Y112.47
;TYPE:FILL
G1 F3000 X123.22 Y104.558 E2999.88057
G0 F9000 X118.362 Y109.101
G0 X118.362 Y108.984
G1 F3000 X123.22 Y113.843 E3000.22336
G0 F9000 X115.456 Y114.752
G0 X113.488 Y114.824
G0 X113.488 Y114.564
;TYPE:SKIN
G1 F1500 X115.268 Y114.564 E3000.31217
G1 X115.264 Y109.548 E3000.56242
G1 X113.485 Y109.548 E3000.65117
G1 X113.488 Y114.564 E3000.90142
G0 F9000 X113.488 Y114.824
G0 X114.739 Y114.824
G0 X114.739 Y114.364
G1 F1500 X115.067 Y114.035 E3000.9246
G0 F9000 X115.067 Y113.47
G1 F1500 X114.173 Y114.364 E3000.98767
G0 F9000 X113.688 Y114.283
G1 F1500 X115.067 Y112.904 E3001.08497
G0 F9000 X115.066 Y112.339
G1 F1500 X113.688 Y113.718 E3001.18223
G0 F9000 X113.687 Y113.153
G1 F1500 X115.065 Y111.774 E3001.27949
G0 F9000 X115.065 Y111.21
G1 F1500 X113.687 Y112.587 E3001.37668
G0 F9000 X113.687 Y112.022
G1 F1500 X115.065 Y110.644 E3001.47391
G0 F9000 X115.064 Y110.079
G1 F1500 X113.687 Y111.456 E3001.57106
G0 F9000 X113.686 Y110.891
G1 F1500 X114.829 Y109.748 E3001.65171
G0 F9000 X114.264 Y109.748
G1 F1500 X113.686 Y110.326 E3001.69249
G1 F2700 E2992.69249
G0 F9000 X113.225 Y110.326
G0 X112.552 Y115.5
G0 X111.463 Y115.501
G0 X104.625 Y115.799
G0 X97.5 Y122.146
;TYPE:WALL-OUTER
G1 F2700 E3001.69249
G1 F1500 X103.76 Y115.889 E3002.13406
G1 X103.76 Y95.964 E3003.12812
G1 X97.5 Y95.964 E3003.44043
G1 X97.5 Y122.146 E3004.74666
G0 F9000 X97.748 Y121.554
G0 X98.171 Y120.549
G0 X97.9 Y121.181
;TYPE:WALL-INNER
G1 F1500 X103.36 Y115.723 E3005.13182
G1 X103.36 Y96.364 E3006.09764
G1 X97.9 Y96.364 E3006.37005
G1 X97.9 Y121.181 E3007.60817
G0 F9000 X98.148 Y120.588
G0 X98.3 Y120.215
G1 F1500 X102.96 Y115.557 E3007.93689
G1 X102.96 Y96.764 E3008.87447
G1 X98.3 Y96.764 E3009.10696
G1 X98.3 Y120.215 E3010.27694
G0 F9000 X98.38 Y113.841
;TYPE:FILL
G1 F3000 X102.88 Y109.341 E3010.59444
G0 F9000 X102.88 Y109.058
G1 F3000 X98.38 Y104.558 E3010.91194
G0 F9000 X98.51 Y104.558
G1 F2700 E3001.91194
;MESH:wildrosebuilds_puzzlecube.stl(2)
G0 F9000 X103.532 Y115.799
G0 X104.625 Y115.799
G0 X111.475 Y116.577
G0 X124.953 Y116.577
G0 X126.635 Y115.799
G0 X127.5 Y122.146
;TYPE:WALL-OUTER
G1 F2700 E3010.91194
G1 F1500 X133.76 Y115.889 E3011.35351
G1 X133.76 Y95.964 E3012.34757
G1 X127.5 Y95.964 E3012.65988
G1 X127.5 Y122.146 E3013.96611
G0 F9000 X127.748 Y121.554
G0 X128.171 Y120.549
G0 X127.9 Y121.181
;TYPE:WALL-INNER
G1 F1500 X133.36 Y115.723 E3014.35127
G1 X133.36 Y96.364 E3015.31709
G1 X127.9 Y96.364 E3015.58949
G1 X127.9 Y121.181 E3016.82762
G0 F9000 X128.148 Y120.588
G0 X128.3 Y120.215
G1 F1500 X132.96 Y115.557 E3017.15634
G1 X132.96 Y96.764 E3018.09392
G1 X128.3 Y96.764 E3018.32641
G1 X128.3 Y120.215 E3019.49639
G0 F9000 X128.38 Y113.841
;TYPE:FILL
G1 F3000 X132.88 Y109.341 E3019.81389
G0 F9000 X132.88 Y109.059
G1 F3000 X128.379 Y104.558 E3020.13146
G0 F9000 X128.51 Y104.558
G1 F2700 E3011.13146
G0 F9000 X133.53 Y115.444
G0 X134.625 Y115.444
G0 X141.463 Y115.444
G0 X142.328 Y115.724
;TYPE:WALL-OUTER
G1 F2700 E3020.13146
G1 F1500 X154.1 Y115.724 E3020.71876
G1 X154.1 Y102.804 E3021.36335
G1 X147.84 Y102.804 E3021.67566
G1 X147.838 Y108.223 E3021.94601
G1 X147.787 Y108.325 E3021.9517
G1 X147.675 Y108.385 E3021.95804
G1 X142.325 Y108.388 E3022.22495
G1 X142.328 Y115.724 E3022.59095
G0 F9000 X142.728 Y115.324
;TYPE:WALL-INNER
G1 F1500 X153.7 Y115.324 E3023.13834
G1 X153.7 Y103.204 E3023.74301
G1 X148.24 Y103.204 E3024.01541
G1 X148.24 Y108.293 E3024.26931
G1 X148.164 Y108.483 E3024.27951
G1 X147.982 Y108.682 E3024.29297
G1 X147.736 Y108.788 E3024.30633
G1 X142.725 Y108.788 E3024.55633
G1 X142.728 Y115.324 E3024.88242
G0 F9000 X143.128 Y114.924
G1 F1500 X153.3 Y114.924 E3025.3899
G1 X153.3 Y103.604 E3025.95466
G1 X148.64 Y103.604 E3026.18714
G1 X148.64 Y108.188 E3026.41584
G1 X148.607 Y108.446 E3026.42882
G1 X148.512 Y108.679 E3026.44137
G1 X148.373 Y108.87 E3026.45316
G1 X148.209 Y109.011 E3026.46395
G1 X147.797 Y109.188 E3026.48632
G1 X143.125 Y109.188 E3026.7194
G1 X143.128 Y114.924 E3027.00557
G0 F9000 X145.456 Y114.752
G0 X145.528 Y112.47
G0 X145.308 Y112.47
;TYPE:FILL
G1 F3000 X153.22 Y104.557 E3027.56384
G0 F9000 X148.362 Y109.101
G0 X148.362 Y108.984
G1 F3000 X153.22 Y113.843 E3027.90664
G0 F9000 X145.456 Y114.752
G0 X143.488 Y114.824
G0 X143.488 Y114.564
;TYPE:SKIN
G1 F1500 X145.268 Y114.564 E3027.99544
G1 X145.264 Y109.548 E3028.24569
G1 X143.485 Y109.548 E3028.33445
G1 X143.488 Y114.564 E3028.5847
G0 F9000 X143.488 Y114.824
G0 X145.456 Y114.752
G0 X145.528 Y114.017
G0 X145.067 Y114.017
G1 F1500 X144.72 Y114.364 E3028.60918
G0 F9000 X144.154 Y114.364
G1 F1500 X145.066 Y113.452 E3028.67352
G0 F9000 X145.066 Y112.886
G1 F1500 X143.688 Y114.265 E3028.77079
G0 F9000 X143.688 Y113.699
G1 F1500 X145.066 Y112.321 E3028.86801
G0 F9000 X145.065 Y111.756
G1 F1500 X143.687 Y113.134 E3028.96524
G0 F9000 X143.687 Y112.569
G1 F1500 X145.064 Y111.191 E3029.06243
G0 F9000 X145.064 Y110.625
G1 F1500 X143.686 Y112.004 E3029.15969
G0 F9000 X143.686 Y111.438
G1 F1500 X145.064 Y110.06 E3029.25691
G0 F9000 X144.811 Y109.748
G1 F1500 X143.686 Y110.873 E3029.33629
G0 F9000 X143.686 Y110.307
G1 F1500 X144.245 Y109.748 E3029.37573
G1 F2700 E3020.37573
;MESH:NONMESH
G0 F300 X144.245 Y109.748 Z15.15
G0 F9000 X144.245 Y109.288
G0 X142.551 Y108.615
G0 X141.463 Y108.616
G0 X134.613 Y95.111
G0 X116.987 Y93.289
G0 X104.625 Y85.372
G0 X103.76 Y85.596
;TIME_ELAPSED:3788.422723
;LAYER:50
;TYPE:WALL-OUTER
;MESH:wildrosebuilds_puzzlecube.stl(1)
G1 F2700 E3029.37573
G1 F1500 X103.764 Y80.464 E3029.63176
G1 X103.825 Y80.359 E3029.63782
G1 X103.925 Y80.311 E3029.64336
G1 X108.972 Y80.308 E3029.89515
G1 X108.972 Y72.676 E3030.27591
G1 X97.501 Y72.677 E3030.8482
G1 X97.5 Y85.596 E3031.49274
G1 X103.76 Y85.596 E3031.80505
G0 F9000 X103.36 Y85.196
;TYPE:WALL-INNER
G1 F1500 X103.36 Y80.418 E3032.04342
G1 X103.415 Y80.254 E3032.05205
G1 X103.556 Y80.063 E3032.0639
G1 X103.88 Y79.908 E3032.08182
G1 X108.572 Y79.908 E3032.3159
G1 X108.572 Y73.076 E3032.65675
G1 X97.901 Y73.077 E3033.18913
G1 X97.9 Y85.196 E3033.79375
G1 X103.36 Y85.196 E3034.06615
G0 F9000 X102.96 Y84.796
G1 F1500 X102.96 Y80.36 E3034.28746
G1 X103.053 Y80.086 E3034.3019
G1 X103.287 Y79.767 E3034.32164
G1 X103.59 Y79.578 E3034.33945
G1 X103.841 Y79.508 E3034.35245
G1 X108.172 Y79.508 E3034.56853
G1 X108.172 Y73.476 E3034.86947
G1 X98.301 Y73.477 E3035.36193
G1 X98.3 Y84.796 E3035.92664
G1 X102.96 Y84.796 E3036.15913
G0 F9000 X98.38 Y84.141
;TYPE:FILL
G1 F3000 X105.992 Y76.529 E3036.6962
G0 F9000 X105.772 Y76.529
G0 X103.61 Y79.489
G1 F3000 X98.38 Y74.26 E3037.06516
G0 F9000 X105.845 Y79.336
G0 X108 Y79.336
G0 X107.812 Y79.148
;TYPE:SKIN
G1 F1500 X107.812 Y73.836 E3037.33018
G1 X106.032 Y73.836 E3037.41899
G1 X106.032 Y79.148 E3037.684
G1 X107.812 Y79.148 E3037.77281
G0 F9000 X108.072 Y79.148
G0 X106.666 Y79.408
G0 X106.666 Y78.948
G1 F1500 X106.232 Y78.514 E3037.80343
G0 F9000 X106.232 Y77.948
G1 F1500 X107.232 Y78.948 E3037.87398
G0 F9000 X107.612 Y78.763
G1 F1500 X106.232 Y77.382 E3037.97139
G0 F9000 X106.232 Y76.817
G1 F1500 X107.612 Y78.197 E3038.06875
G0 F9000 X107.612 Y77.631
G1 F1500 X106.232 Y76.251 E3038.16612
G0 F9000 X106.232 Y75.685
G1 F1500 X107.612 Y77.065 E3038.26348
G0 F9000 X107.612 Y76.5
G1 F1500 X106.232 Y75.119 E3038.36089
G0 F9000 X106.232 Y74.554
G1 F1500 X107.612 Y75.934 E3038.45825
G0 F9000 X107.612 Y75.368
G1 F1500 X106.28 Y74.036 E3038.55223
G0 F9000 X106.846 Y74.036
G1 F1500 X107.612 Y74.803 E3038.60631
G0 F9000 X107.612 Y74.237
G1 F1500 X107.412 Y74.036 E3038.62046
G1 F2700 E3029.62046
G0 F9000 X107.412 Y73.576
G0 X108 Y73.648
G0 X108.749 Y80.085
G0 X109.837 Y80.084
G0 X116.975 Y80.085
G0 X117.84 Y92.436
;TYPE:WALL-OUTER
G1 F2700 E3038.62046
G1 F1500 X124.1 Y92.436 E3038.93277
G1 X124.1 Y66.248 E3040.2393
G1 X117.84 Y72.507 E3040.68094
G1 X117.84 Y92.436 E3041.6752
G0 F9000 X118.24 Y92.036
;TYPE:WALL-INNER
G1 F1500 X123.7 Y92.036 E3041.9476
G1 X123.7 Y67.214 E3043.18598
G1 X118.24 Y72.673 E3043.57117
G1 X118.24 Y92.036 E3044.5372
G0 F9000 X118.64 Y91.636
G1 F1500 X123.3 Y91.636 E3044.76969
G1 X123.3 Y68.179 E3045.93996
G1 X118.64 Y72.839 E3046.26875
G1 X118.64 Y91.636 E3047.20653
G0 F9000 X123.22 Y84.143
;TYPE:FILL
G1 F3000 X118.72 Y79.642 E3047.52407
G0 F9000 X118.72 Y78.758
G1 F3000 X123.22 Y74.258 E3047.84157
G0 F9000 X123.09 Y74.258
G1 F2700 E3038.84157
;MESH:wildrosebuilds_puzzlecube.stl
G0 F9000 X118.064 Y92.212
G0 X118.064 Y93.301
G0 X116.987 Y101.951
G0 X116.987 Y107.237
G0 X112.628 Y115.724
;TYPE:WALL-OUTER
G1 F2700 E3047.84157
G1 F1500 X124.1 Y115.724 E3048.41391
G1 X124.1 Y102.804 E3049.05849
G1 X117.84 Y102.804 E3049.3708
G1 X117.838 Y107.923 E3049.62619
G1 X117.775 Y108.037 E3049.63269
G1 X117.675 Y108.085 E3049.63822
G1 X112.625 Y108.088 E3049.89017
G1 X112.628 Y115.724 E3050.27113
G0 F9000 X113.028 Y115.324
;TYPE:WALL-INNER
G1 F1500 X123.7 Y115.324 E3050.80356
G1 X123.7 Y103.204 E3051.40823
G1 X118.24 Y103.204 E3051.68063
G1 X118.24 Y107.966 E3051.9182
G1 X118.185 Y108.142 E3051.9274
G1 X118.044 Y108.333 E3051.93925
G1 X117.72 Y108.488 E3051.95717
G1 X113.025 Y108.488 E3052.1914
G1 X113.028 Y115.324 E3052.53245
G0 F9000 X113.428 Y114.924
G1 F1500 X123.3 Y114.924 E3053.02497
G1 X123.3 Y103.604 E3053.58972
G1 X118.64 Y103.604 E3053.82221
G1 X118.64 Y108.04 E3054.04353
G1 X118.547 Y108.31 E3054.05777
G1 X118.442 Y108.487 E3054.06804
G1 X118.115 Y108.789 E3054.09025
G1 X117.759 Y108.888 E3054.10868
G1 X113.425 Y108.888 E3054.32491
G1 X113.428 Y114.924 E3054.62604
G0 F9000 X115.756 Y114.752
G0 X115.828 Y111.87
G0 X115.608 Y111.87
;TYPE:FILL
G1 F3000 X123.22 Y104.258 E3055.16311
G0 F9000 X118.478 Y108.728
G0 X117.986 Y108.908
G1 F3000 X123.22 Y114.143 E3055.53243
G0 F9000 X116.502 Y114.691
G0 X113.788 Y114.824
G0 X113.788 Y114.564
;TYPE:SKIN
G1 F1500 X115.568 Y114.564 E3055.62124
G1 X115.564 Y109.248 E3055.88645
G1 X113.785 Y109.248 E3055.97521
G1 X113.788 Y114.564 E3056.24043
G0 F9000 X114.364 Y114.364
G1 F1500 X113.987 Y113.987 E3056.26703
G0 F9000 X113.987 Y113.421
G1 F1500 X114.93 Y114.364 E3056.33356
G0 F9000 X115.368 Y114.237
G1 F1500 X113.986 Y112.855 E3056.43107
G0 F9000 X113.986 Y112.289
G1 F1500 X115.368 Y113.671 E3056.52857
G0 F9000 X115.367 Y113.105
G1 F1500 X113.986 Y111.723 E3056.62605
G0 F9000 X113.986 Y111.157
G1 F1500 X115.367 Y112.538 E3056.72348
G0 F9000 X115.367 Y111.972
G1 F1500 X113.985 Y110.591 E3056.82096
G0 F9000 X113.985 Y110.025
G1 F1500 X115.366 Y111.406 E3056.91839
G0 F9000 X115.365 Y110.84
G1 F1500 X113.985 Y109.459 E3057.01579
G0 F9000 X114.539 Y109.448
G1 F1500 X115.365 Y110.274 E3057.07407
G0 F9000 X115.364 Y109.708
G1 F1500 X115.105 Y109.448 E3057.09238
G1 F2700 E3048.09238
G0 F9000 X115.105 Y108.988
G0 X113.597 Y109.06
G0 X112.852 Y115.5
G0 X111.763 Y115.501
G0 X104.625 Y115.799
G0 X97.5 Y122.146
;TYPE:WALL-OUTER
G1 F2700 E3057.09238
G1 F1500 X103.76 Y115.889 E3057.53395
G1 X103.76 Y95.964 E3058.52802
G1 X97.5 Y95.964 E3058.84033
G1 X97.5 Y122.146 E3060.14655
G0 F9000 X97.748 Y121.554
G0 X98.171 Y120.549
G0 X97.9 Y121.181
;TYPE:WALL-INNER
G1 F1500 X103.36 Y115.723 E3060.53172
G1 X103.36 Y96.364 E3061.49754
G1 X97.9 Y96.364 E3061.76994
G1 X97.9 Y121.181 E3063.00807
G0 F9000 X98.148 Y120.588
G0 X98.3 Y120.215
G1 F1500 X102.96 Y115.557 E3063.33678
G1 X102.96 Y96.764 E3064.27437
G1 X98.3 Y96.764 E3064.50686
G1 X98.3 Y120.215 E3065.67683
G0 F9000 X98.38 Y114.14
;TYPE:FILL
G1 F3000 X102.88 Y109.641 E3065.9943
G0 F9000 X102.88 Y108.759
G1 F3000 X98.38 Y104.259 E3066.3118
G0 F9000 X98.51 Y104.259
G1 F2700 E3057.3118
;MESH:wildrosebuilds_puzzlecube.stl(2)
G0 F9000 X103.532 Y115.799
G0 X104.625 Y115.799
G0 X111.775 Y116.577
G0 X124.953 Y116.577
G0 X126.635 Y115.799
G0 X127.5 Y122.146
;TYPE:WALL-OUTER
G1 F2700 E3066.3118
G1 F1500 X133.76 Y115.889 E3066.75337
G1 X133.76 Y95.964 E3067.74743
G1 X127.5 Y95.964 E3068.05974
G1 X127.5 Y122.146 E3069.36597
G0 F9000 X127.748 Y121.554
G0 X128.171 Y120.549
G0 X127.9 Y121.181
;TYPE:WALL-INNER
G1 F1500 X133.36 Y115.723 E3069.75113
G1 X133.36 Y96.364 E3070.71695
G1 X127.9 Y96.364 E3070.98935
G1 X127.9 Y121.181 E3072.22748
G0 F9000 X128.148 Y120.588
G0 X128.3 Y120.215
G1 F1500 X132.96 Y115.557 E3072.5562
G1 X132.96 Y96.764 E3073.49378
G1 X128.3 Y96.764 E3073.72627
G1 X128.3 Y120.215 E3074.89625
G0 F9000 X128.38 Y114.14
;TYPE:FILL
G1 F3000 X132.88 Y109.641 E3075.21371
G0 F9000 X132.88 Y108.759
G1 F3000 X128.379 Y104.259 E3075.53125
G0 F9000 X128.51 Y104.259
G1 F2700 E3066.53125
G0 F9000 X133.53 Y115.444
G0 X134.625 Y115.444
G0 X141.763 Y115.444
G0 X142.628 Y115.724
;TYPE:WALL-OUTER
G1 F2700 E3075.53125
G1 F1500 X154.1 Y115.724 E3076.10359
G1 X154.1 Y102.804 E3076.74817
G1 X147.84 Y102.804 E3077.06048
G1 X147.838 Y107.923 E3077.31587
G1 X147.775 Y108.037 E3077.32237
G1 X147.675 Y108.085 E3077.3279
G1 X142.625 Y108.088 E3077.57985
G1 X142.628 Y115.724 E3077.96081
G0 F9000 X143.028 Y115.324
;TYPE:WALL-INNER
G1 F1500 X153.7 Y115.324 E3078.49324
G1 X153.7 Y103.204 E3079.09791
G1 X148.24 Y103.204 E3079.37031
G1 X148.24 Y107.966 E3079.60788
G1 X148.185 Y108.142 E3079.61708
G1 X148.044 Y108.333 E3079.62893
G1 X147.72 Y108.488 E3079.64685
G1 X143.025 Y108.488 E3079.88108
G1 X143.028 Y115.324 E3080.22213
G0 F9000 X143.428 Y114.924
G1 F1500 X153.3 Y114.924 E3080.71465
G1 X153.3 Y103.604 E3081.2794
G1 X148.64 Y103.604 E3081.51189
G1 X148.64 Y108.04 E3081.7332
G1 X148.547 Y108.31 E3081.74745
G1 X148.442 Y108.487 E3081.75772
G1 X148.115 Y108.789 E3081.77993
G1 X147.759 Y108.888 E3081.79836
G1 X143.425 Y108.888 E3082.01458
G1 X143.428 Y114.924 E3082.31572
G0 F9000 X145.756 Y114.752
G0 X145.828 Y111.87
G0 X145.607 Y111.87
;TYPE:FILL
G1 F3000 X153.22 Y104.257 E3082.85286
G0 F9000 X148.478 Y108.728
G0 X147.985 Y108.908
G1 F3000 X153.22 Y114.143 E3083.22222
G0 F9000 X146.502 Y114.691
G0 X143.788 Y114.824
G0 X143.788 Y114.564
;TYPE:SKIN
G1 F1500 X145.568 Y114.564 E3083.31102
G1 X145.564 Y109.248 E3083.57624
G1 X143.785 Y109.248 E3083.66499
G1 X143.788 Y114.564 E3083.93021
G0 F9000 X144.345 Y114.364
G1 F1500 X143.987 Y114.005 E3083.9555
G0 F9000 X143.987 Y113.44
G1 F1500 X144.911 Y114.364 E3084.0207
G0 F9000 X145.368 Y114.255
G1 F1500 X143.986 Y112.873 E3084.1182
G0 F9000 X143.986 Y112.308
G1 F1500 X145.368 Y113.689 E3084.21568
G0 F9000 X145.367 Y113.123
G1 F1500 X143.985 Y111.741 E3084.31318
G0 F9000 X143.985 Y111.176
G1 F1500 X145.366 Y112.557 E3084.41062
G0 F9000 X145.366 Y111.991
G1 F1500 X143.985 Y110.609 E3084.50809
G0 F9000 X143.985 Y110.043
G1 F1500 X145.366 Y111.424 E3084.60553
G0 F9000 X145.365 Y110.858
G1 F1500 X143.985 Y109.478 E3084.7029
G0 F9000 X144.521 Y109.448
G1 F1500 X145.365 Y110.292 E3084.76245
G0 F9000 X145.364 Y109.726
G1 F1500 X145.086 Y109.448 E3084.78206
G1 F2700 E3075.78206
;MESH:NONMESH
G0 F300 X145.086 Y109.448 Z15.45
G0 F9000 X145.086 Y108.988
G0 X142.851 Y108.315
G0 X141.763 Y108.316
G0 X134.613 Y95.111
G0 X116.987 Y93.289
G0 X104.625 Y85.372
G0 X103.76 Y85.596
;TIME_ELAPSED:3849.336753
;LAYER:51
;TYPE:WALL-OUTER
;MESH:wildrosebuilds_puzzlecube.stl(1)
G1 F2700 E3084.78206
G1 F1500 X103.765 Y80.762 E3085.02323
G1 X103.831 Y80.654 E3085.02954
G1 X103.925 Y80.611 E3085.0347
G1 X108.672 Y80.608 E3085.27153
G1 X108.672 Y72.676 E3085.66726
G1 X97.5 Y72.676 E3086.22463
G1 X97.5 Y85.596 E3086.86921
G1 X103.76 Y85.596 E3087.18153
G0 F9000 X103.36 Y85.196
;TYPE:WALL-INNER
G1 F1500 X103.36 Y80.715 E3087.40509
G1 X103.421 Y80.543 E3087.41419
G1 X103.573 Y80.348 E3087.42652
G1 X103.89 Y80.208 E3087.44381
G1 X108.272 Y80.208 E3087.66243
G1 X108.272 Y73.076 E3088.01825
G1 X97.9 Y73.076 E3088.53571
G1 X97.9 Y85.196 E3089.14038
G1 X103.36 Y85.196 E3089.41278
G0 F9000 X102.96 Y84.796
G1 F1500 X102.96 Y80.651 E3089.61958
G1 X103.062 Y80.366 E3089.63468
G1 X103.177 Y80.185 E3089.64538
G1 X103.465 Y79.938 E3089.6643
G1 X103.829 Y79.808 E3089.68359
G1 X107.872 Y79.808 E3089.88529
G1 X107.872 Y73.476 E3090.2012
G1 X98.3 Y73.476 E3090.67875
G1 X98.3 Y84.796 E3091.24351
G1 X102.96 Y84.796 E3091.47599
G0 F9000 X98.38 Y84.441
;TYPE:FILL
G1 F3000 X105.692 Y77.129 E3091.99189
G0 F9000 X105.472 Y77.129
G0 X104.148 Y79.728
G1 F3000 X98.38 Y73.959 E3092.39889
G0 F9000 X105.545 Y79.636
G0 X107.7 Y79.636
G0 X107.512 Y79.448
;TYPE:SKIN
G1 F1500 X107.512 Y73.836 E3092.67888
G1 X105.732 Y73.836 E3092.76768
G1 X105.732 Y79.448 E3093.04767
G1 X107.512 Y79.448 E3093.13647
G0 F9000 X107.312 Y78.799
G1 F1500 X106.862 Y79.248 E3093.16818
G0 F9000 X106.297 Y79.248
G1 F1500 X107.312 Y78.233 E3093.2398
G0 F9000 X107.312 Y77.667
G1 F1500 X105.932 Y79.047 E3093.33717
G0 F9000 X105.932 Y78.481
G1 F1500 X107.312 Y77.102 E3093.4345
G0 F9000 X107.312 Y76.536
G1 F1500 X105.932 Y77.915 E3093.53183
G0 F9000 X105.932 Y77.35
G1 F1500 X107.312 Y75.97 E3093.62919
G0 F9000 X107.312 Y75.404
G1 F1500 X105.932 Y76.784 E3093.72656
G0 F9000 X105.932 Y76.218
G1 F1500 X107.312 Y74.839 E3093.82389
G0 F9000 X107.312 Y74.273
G1 F1500 X105.932 Y75.653 E3093.92126
G0 F9000 X105.932 Y75.087
G1 F1500 X106.984 Y74.035 E3093.99548
G0 F9000 X106.418 Y74.035
G1 F1500 X105.932 Y74.521 E3094.02977
G0 F9000 X105.172 Y74.521
G1 F2700 E3085.02977
G0 F9000 X105.545 Y79.636
G0 X108.449 Y80.385
G0 X109.537 Y80.384
G0 X116.975 Y80.385
G0 X117.84 Y92.436
;TYPE:WALL-OUTER
G1 F2700 E3094.02977
G1 F1500 X124.1 Y92.436 E3094.34208
G1 X124.1 Y66.248 E3095.64861
G1 X117.84 Y72.507 E3096.09025
G1 X117.84 Y92.436 E3097.08451
G0 F9000 X118.24 Y92.036
;TYPE:WALL-INNER
G1 F1500 X123.7 Y92.036 E3097.35691
G1 X123.7 Y67.214 E3098.59529
G1 X118.24 Y72.673 E3098.98049
G1 X118.24 Y92.036 E3099.94651
G0 F9000 X118.64 Y91.636
G1 F1500 X123.3 Y91.636 E3100.179
G1 X123.3 Y68.179 E3101.34927
G1 X118.64 Y72.839 E3101.67806
G1 X118.64 Y91.636 E3102.61585
G0 F9000 X123.22 Y84.443
;TYPE:FILL
G1 F3000 X118.72 Y79.942 E3102.93338
G0 F9000 X118.72 Y78.458
G1 F3000 X123.22 Y73.958 E3103.25088
G0 F9000 X123.09 Y73.958
G1 F2700 E3094.25088
;MESH:wildrosebuilds_puzzlecube.stl
G0 F9000 X118.064 Y92.212
G0 X118.064 Y93.301
G0 X116.987 Y101.951
G0 X116.987 Y106.937
G0 X112.928 Y115.724
;TYPE:WALL-OUTER
G1 F2700 E3103.25088
G1 F1500 X124.1 Y115.724 E3103.80825
G1 X124.1 Y102.804 E3104.45283
G1 X117.84 Y102.804 E3104.76515
G1 X117.838 Y107.623 E3105.00557
G1 X117.769 Y107.742 E3105.01243
G1 X117.675 Y107.785 E3105.01759
G1 X112.925 Y107.788 E3105.25457
G1 X112.928 Y115.724 E3105.6505
G0 F9000 X113.328 Y115.324
;TYPE:WALL-INNER
G1 F1500 X123.7 Y115.324 E3106.16796
G1 X123.7 Y103.204 E3106.77263
G1 X118.24 Y103.204 E3107.04503
G1 X118.24 Y107.668 E3107.26774
G1 X118.11 Y107.962 E3107.28377
G1 X117.937 Y108.11 E3107.29513
G1 X117.719 Y108.188 E3107.30668
G1 X113.325 Y108.188 E3107.5259
G1 X113.328 Y115.324 E3107.88192
G0 F9000 X113.728 Y114.924
G1 F1500 X123.3 Y114.924 E3108.35947
G1 X123.3 Y103.604 E3108.92422
G1 X118.64 Y103.604 E3109.15671
G1 X118.64 Y107.745 E3109.36331
G1 X118.538 Y108.03 E3109.37841
G1 X118.423 Y108.211 E3109.38911
G1 X118.134 Y108.458 E3109.40807
G1 X117.771 Y108.588 E3109.42731
G1 X113.725 Y108.588 E3109.62917
G1 X113.728 Y114.924 E3109.94527
G0 F9000 X116.056 Y114.752
G0 X116.128 Y111.27
G0 X115.908 Y111.27
;TYPE:FILL
G1 F3000 X123.22 Y103.958 E3110.46117
G0 F9000 X118.478 Y108.428
G0 X117.446 Y108.668
G1 F3000 X123.22 Y114.442 E3110.86856
G0 F9000 X114.088 Y114.824
G0 X114.088 Y114.564
;TYPE:SKIN
G1 F1500 X115.868 Y114.564 E3110.95736
G1 X115.864 Y108.948 E3111.23755
G1 X114.085 Y108.948 E3111.3263
G1 X114.088 Y114.564 E3111.60649
G0 F9000 X114.088 Y114.824
G0 X116.056 Y114.752
G0 X116.128 Y114.001
G0 X115.667 Y114.001
G1 F1500 X115.304 Y114.364 E3111.6321
G0 F9000 X114.739 Y114.364
G1 F1500 X115.667 Y113.435 E3111.69761
G0 F9000 X115.666 Y112.871
G1 F1500 X114.288 Y114.249 E3111.79483
G0 F9000 X114.288 Y113.684
G1 F1500 X115.666 Y112.305 E3111.89209
G0 F9000 X115.666 Y111.74
G1 F1500 X114.288 Y113.118 E3111.98932
G0 F9000 X114.287 Y112.553
G1 F1500 X115.665 Y111.175 E3112.08654
G0 F9000 X115.665 Y110.609
G1 F1500 X114.287 Y111.987 E3112.18377
G0 F9000 X114.286 Y111.422
G1 F1500 X115.664 Y110.044 E3112.281
G0 F9000 X115.664 Y109.479
G1 F1500 X114.286 Y110.857 E3112.37822
G0 F9000 X114.285 Y110.292
G1 F1500 X115.43 Y109.148 E3112.45897
G0 F9000 X114.864 Y109.148
G1 F1500 X114.285 Y109.726 E3112.49979
G1 F2700 E3103.49979
G0 F9000 X113.825 Y109.726
G0 X113.152 Y115.5
G0 X112.063 Y115.501
G0 X104.625 Y115.799
G0 X97.5 Y122.146
;TYPE:WALL-OUTER
G1 F2700 E3112.49979
G1 F1500 X103.76 Y115.889 E3112.94136
G1 X103.76 Y95.964 E3113.93542
G1 X97.5 Y95.964 E3114.24773
G1 X97.5 Y122.146 E3115.55396
G0 F9000 X97.748 Y121.554
G0 X98.171 Y120.549
G0 X97.9 Y121.181
;TYPE:WALL-INNER
G1 F1500 X103.36 Y115.723 E3115.93912
G1 X103.36 Y96.364 E3116.90495
G1 X97.9 Y96.364 E3117.17735
G1 X97.9 Y121.181 E3118.41547
G0 F9000 X98.148 Y120.588
G0 X98.3 Y120.215
G1 F1500 X102.96 Y115.557 E3118.74419
G1 X102.96 Y96.764 E3119.68178
G1 X98.3 Y96.764 E3119.91426
G1 X98.3 Y120.215 E3121.08424
G0 F9000 X98.38 Y114.44
;TYPE:FILL
G1 F3000 X102.88 Y109.941 E3121.4017
G0 F9000 X102.88 Y108.459
G1 F3000 X98.38 Y103.959 E3121.7192
G0 F9000 X98.51 Y103.959
G1 F2700 E3112.7192
;MESH:wildrosebuilds_puzzlecube.stl(2)
G0 F9000 X103.532 Y115.799
G0 X104.625 Y115.799
G0 X112.075 Y116.577
G0 X124.953 Y116.577
G0 X126.635 Y115.799
G0 X127.5 Y122.146
;TYPE:WALL-OUTER
G1 F2700 E3121.7192
G1 F1500 X133.76 Y115.889 E3122.16077
G1 X133.76 Y95.964 E3123.15484
G1 X127.5 Y95.964 E3123.46715
G1 X127.5 Y122.146 E3124.77337
G0 F9000 X127.748 Y121.554
G0 X128.171 Y120.549
G0 X127.9 Y121.181
;TYPE:WALL-INNER
G1 F1500 X133.36 Y115.723 E3125.15854
G1 X133.36 Y96.364 E3126.12436
G1 X127.9 Y96.364 E3126.39676
G1 X127.9 Y121.181 E3127.63489
G0 F9000 X128.148 Y120.588
G0 X128.3 Y120.215
G1 F1500 X132.96 Y115.557 E3127.9636
G1 X132.96 Y96.764 E3128.90119
G1 X128.3 Y96.764 E3129.13368
G1 X128.3 Y120.215 E3130.30365
G0 F9000 X128.38 Y114.44
;TYPE:FILL
G1 F3000 X132.88 Y109.941 E3130.62112
G0 F9000 X132.88 Y108.46
G1 F3000 X128.379 Y103.959 E3130.93869
G0 F9000 X128.51 Y103.959
G1 F2700 E3121.93869
G0 F9000 X133.53 Y115.444
G0 X134.625 Y115.444
G0 X142.063 Y115.444
G0 X142.928 Y115.724
;TYPE:WALL-OUTER
G1 F2700 E3130.93869
G1 F1500 X154.1 Y115.724 E3131.49606
G1 X154.1 Y102.804 E3132.14064
G1 X147.84 Y102.804 E3132.45295
G1 X147.838 Y107.623 E3132.69338
G1 X147.769 Y107.742 E3132.70024
G1 X147.675 Y107.785 E3132.70539
G1 X142.925 Y107.788 E3132.94237
G1 X142.928 Y115.724 E3133.3383
G0 F9000 X143.328 Y115.324
;TYPE:WALL-INNER
G1 F1500 X153.7 Y115.324 E3133.85576
G1 X153.7 Y103.204 E3134.46043
G1 X148.24 Y103.204 E3134.73283
G1 X148.24 Y107.668 E3134.95554
G1 X148.11 Y107.962 E3134.97158
G1 X147.937 Y108.11 E3134.98294
G1 X147.719 Y108.188 E3134.99449
G1 X143.325 Y108.188 E3135.21371
G1 X143.328 Y115.324 E3135.56972
G0 F9000 X143.728 Y114.924
G1 F1500 X153.3 Y114.924 E3136.04727
G1 X153.3 Y103.604 E3136.61203
G1 X148.64 Y103.604 E3136.84452
G1 X148.64 Y107.745 E3137.05111
G1 X148.538 Y108.03 E3137.06622
G1 X148.423 Y108.211 E3137.07691
G1 X148.134 Y108.458 E3137.09588
G1 X147.771 Y108.588 E3137.11512
G1 X143.725 Y108.588 E3137.31697
G1 X143.728 Y114.924 E3137.63308
G0 F9000 X146.056 Y114.752
G0 X146.128 Y111.27
G0 X145.908 Y111.27
;TYPE:FILL
G1 F3000 X153.22 Y103.957 E3138.14901
G0 F9000 X148.478 Y108.428
G0 X147.446 Y108.668
G1 F3000 X153.22 Y114.442 E3138.5564
G0 F9000 X144.088 Y114.824
G0 X144.088 Y114.564
;TYPE:SKIN
G1 F1500 X145.868 Y114.564 E3138.64521
G1 X145.864 Y108.948 E3138.92539
G1 X144.085 Y108.948 E3139.01414
G1 X144.088 Y114.564 E3139.29433
G0 F9000 X144.088 Y114.824
G0 X146.056 Y114.752
G0 X146.128 Y113.983
G0 X145.667 Y113.983
G1 F1500 X145.285 Y114.365 E3139.32128
G0 F9000 X144.719 Y114.365
G1 F1500 X145.667 Y113.417 E3139.38817
G0 F9000 X145.666 Y112.852
G1 F1500 X144.288 Y114.23 E3139.48539
G0 F9000 X144.288 Y113.665
G1 F1500 X145.666 Y112.286 E3139.58265
G0 F9000 X145.665 Y111.721
G1 F1500 X144.288 Y113.099 E3139.67984
G0 F9000 X144.287 Y112.534
G1 F1500 X145.665 Y111.156 E3139.77707
G0 F9000 X145.665 Y110.591
G1 F1500 X144.287 Y111.968 E3139.87426
G0 F9000 X144.287 Y111.403
G1 F1500 X145.664 Y110.026 E3139.97141
G0 F9000 X145.664 Y109.46
G1 F1500 X144.287 Y110.838 E3140.0686
G0 F9000 X144.286 Y110.273
G1 F1500 X145.411 Y109.148 E3140.14798
G0 F9000 X144.845 Y109.148
G1 F1500 X144.286 Y109.707 E3140.18742
G1 F2700 E3131.18742
;MESH:NONMESH
G0 F300 X144.286 Y109.707 Z15.75
G0 F9000 X143.825 Y109.707
G0 X143.151 Y108.015
G0 X142.063 Y108.016
G0 X134.613 Y95.111
G0 X116.987 Y93.289
G0 X104.625 Y85.372
G0 X103.76 Y85.596
;TIME_ELAPSED:3910.554475
;LAYER:52
;TYPE:WALL-OUTER
;MESH:wildrosebuilds_puzzlecube.stl(1)
G1 F2700 E3140.18742
G1 F1500 X103.765 Y81.059 E3140.41377
G1 X103.836 Y80.95 E3140.42026
G1 X103.927 Y80.91 E3140.42522
G1 X108.372 Y80.908 E3140.64698
G1 X108.372 Y72.676 E3141.05768
G1 X97.5 Y72.676 E3141.60008
G1 X97.5 Y85.596 E3142.24466
G1 X103.76 Y85.596 E3142.55698
G0 F9000 X103.36 Y85.196
;TYPE:WALL-INNER
G1 F1500 X103.36 Y81.008 E3142.76592
G1 X103.427 Y80.831 E3142.77536
G1 X103.59 Y80.635 E3142.78808
G1 X103.891 Y80.508 E3142.80438
G1 X107.972 Y80.508 E3143.00798
G1 X107.972 Y73.076 E3143.37876
G1 X97.9 Y73.076 E3143.88126
G1 X97.9 Y85.196 E3144.48593
G1 X103.36 Y85.196 E3144.75833
G0 F9000 X102.96 Y84.796
G1 F1500 X102.96 Y81.108 E3144.94232
G1 X102.989 Y80.867 E3144.95443
G1 X103.072 Y80.647 E3144.96616
G1 X103.196 Y80.462 E3144.97727
G1 X103.502 Y80.218 E3144.9968
G1 X103.848 Y80.108 E3145.01491
G1 X107.572 Y80.108 E3145.2007
G1 X107.572 Y73.476 E3145.53158
G1 X98.3 Y73.476 E3145.99416
G1 X98.3 Y84.796 E3146.55891
G1 X102.96 Y84.796 E3146.7914
G0 F9000 X98.405 Y84.716
;TYPE:FILL
G1 F3000 X105.392 Y77.729 E3147.28437
G0 F9000 X105.172 Y77.729
G0 X104.748 Y80.028
G1 F3000 X98.38 Y73.659 E3147.73371
G0 F9000 X105.245 Y79.936
G0 X107.4 Y79.936
G0 X107.212 Y79.748
;TYPE:SKIN
G1 F1500 X107.212 Y73.836 E3148.02866
G1 X105.432 Y73.836 E3148.11746
G1 X105.432 Y79.748 E3148.41241
G1 X107.212 Y79.748 E3148.50122
G0 F9000 X107.472 Y79.748
G0 X106.135 Y80.008
G0 X106.135 Y79.548
G1 F1500 X105.632 Y79.045 E3148.53671
G0 F9000 X105.632 Y78.479
G1 F1500 X106.701 Y79.548 E3148.61213
G0 F9000 X107.012 Y79.294
G1 F1500 X105.632 Y77.913 E3148.70953
G0 F9000 X105.632 Y77.348
G1 F1500 X107.012 Y78.728 E3148.8069
G0 F9000 X107.012 Y78.162
G1 F1500 X105.632 Y76.782 E3148.90426
G0 F9000 X105.632 Y76.216
G1 F1500 X107.012 Y77.596 E3149.00163
G0 F9000 X107.012 Y77.031
G1 F1500 X105.632 Y75.651 E3149.099
G0 F9000 X105.632 Y75.085
G1 F1500 X107.012 Y76.465 E3149.19636
G0 F9000 X107.012 Y75.899
G1 F1500 X105.632 Y74.519 E3149.29373
G0 F9000 X105.714 Y74.035
G1 F1500 X107.012 Y75.334 E3149.38535
G0 F9000 X107.012 Y74.768
G1 F1500 X106.28 Y74.035 E3149.43703
G0 F9000 X106.845 Y74.035
G1 F1500 X107.012 Y74.202 E3149.44881
G1 F2700 E3140.44881
G0 F9000 X107.472 Y74.202
G0 X108.149 Y80.685
G0 X109.237 Y80.684
G0 X116.975 Y80.685
G0 X117.84 Y92.436
;TYPE:WALL-OUTER
G1 F2700 E3149.44881
G1 F1500 X124.1 Y92.436 E3149.76112
G1 X124.1 Y66.248 E3151.06765
G1 X117.84 Y72.507 E3151.50929
G1 X117.84 Y92.436 E3152.50355
G0 F9000 X118.24 Y92.036
;TYPE:WALL-INNER
G1 F1500 X123.7 Y92.036 E3152.77595
G1 X123.7 Y67.214 E3154.01433
G1 X118.24 Y72.673 E3154.39952
G1 X118.24 Y92.036 E3155.36555
G0 F9000 X118.64 Y91.636
G1 F1500 X123.3 Y91.636 E3155.59804
G1 X123.3 Y68.179 E3156.76831
G1 X118.64 Y72.839 E3157.0971
G1 X118.64 Y91.636 E3158.03489
G0 F9000 X123.22 Y84.743
;TYPE:FILL
G1 F3000 X118.72 Y80.242 E3158.35242
G0 F9000 X118.72 Y78.158
G1 F3000 X123.22 Y73.659 E3158.66988
G0 F9000 X123.09 Y73.659
G1 F2700 E3149.66988
;MESH:wildrosebuilds_puzzlecube.stl
G0 F9000 X118.064 Y92.212
G0 X118.064 Y93.301
G0 X116.987 Y101.951
G0 X116.987 Y106.637
G0 X113.228 Y115.724
;TYPE:WALL-OUTER
G1 F2700 E3158.66988
G1 F1500 X124.1 Y115.724 E3159.21229
G1 X124.1 Y102.804 E3159.85687
G1 X117.84 Y102.804 E3160.16918
G1 X117.838 Y107.323 E3160.39464
G1 X117.764 Y107.446 E3160.4018
G1 X117.673 Y107.486 E3160.40676
G1 X113.225 Y107.488 E3160.62867
G1 X113.228 Y115.724 E3161.03957
G0 F9000 X113.628 Y115.324
;TYPE:WALL-INNER
G1 F1500 X123.7 Y115.324 E3161.54206
G1 X123.7 Y103.204 E3162.14673
G1 X118.24 Y103.204 E3162.41913
G1 X118.24 Y107.388 E3162.62787
G1 X118.173 Y107.565 E3162.63731
G1 X118.01 Y107.762 E3162.65007
G1 X117.709 Y107.888 E3162.66635
G1 X113.625 Y107.888 E3162.8701
G1 X113.628 Y115.324 E3163.24108
G0 F9000 X114.028 Y114.924
G1 F1500 X123.3 Y114.924 E3163.70367
G1 X123.3 Y103.604 E3164.26842
G1 X118.64 Y103.604 E3164.50091
G1 X118.64 Y107.288 E3164.68471
G1 X118.611 Y107.529 E3164.69682
G1 X118.528 Y107.749 E3164.70855
G1 X118.404 Y107.934 E3164.71966
G1 X118.098 Y108.178 E3164.73918
G1 X117.752 Y108.288 E3164.7573
G1 X114.025 Y108.288 E3164.94324
G1 X114.028 Y114.924 E3165.27431
G0 F9000 X116.356 Y114.752
G0 X116.428 Y110.671
G0 X116.207 Y110.671
;TYPE:FILL
G1 F3000 X123.194 Y103.684 E3165.76728
G0 F9000 X118.478 Y108.128
G0 X116.847 Y108.368
G1 F3000 X123.22 Y114.742 E3166.21697
G0 F9000 X114.388 Y114.824
G0 X114.388 Y114.564
;TYPE:SKIN
G1 F1500 X116.168 Y114.564 E3166.30577
G1 X116.164 Y108.648 E3166.60092
G1 X114.385 Y108.648 E3166.68968
G1 X114.388 Y114.564 E3166.98483
G0 F9000 X114.587 Y114.022
G1 F1500 X114.93 Y114.364 E3167.00899
G0 F9000 X115.495 Y114.364
G1 F1500 X114.587 Y113.456 E3167.07306
G0 F9000 X114.587 Y112.89
G1 F1500 X115.968 Y114.271 E3167.17049
G0 F9000 X115.968 Y113.705
G1 F1500 X114.587 Y112.324 E3167.26793
G0 F9000 X114.587 Y111.758
G1 F1500 X115.967 Y113.138 E3167.3653
G0 F9000 X115.967 Y112.573
G1 F1500 X114.586 Y111.192 E3167.46273
G0 F9000 X114.586 Y110.626
G1 F1500 X115.966 Y112.006 E3167.5601
G0 F9000 X115.966 Y111.441
G1 F1500 X114.585 Y110.06 E3167.65754
G0 F9000 X114.585 Y109.494
G1 F1500 X115.966 Y110.874 E3167.75494
G0 F9000 X115.966 Y110.309
G1 F1500 X114.585 Y108.928 E3167.85238
G0 F9000 X115.07 Y108.848
G1 F1500 X115.965 Y109.742 E3167.91549
G0 F9000 X115.965 Y109.177
G1 F1500 X115.636 Y108.848 E3167.9387
G1 F2700 E3158.9387
G0 F9000 X115.636 Y108.388
G0 X114.197 Y108.46
G0 X113.452 Y115.5
G0 X112.363 Y115.501
G0 X104.625 Y115.799
G0 X97.5 Y122.146
;TYPE:WALL-OUTER
G1 F2700 E3167.9387
G1 F1500 X103.76 Y115.889 E3168.38027
G1 X103.76 Y95.964 E3169.37433
G1 X97.5 Y95.964 E3169.68665
G1 X97.5 Y122.146 E3170.99287
G0 F9000 X97.748 Y121.554
G0 X98.171 Y120.549
G0 X97.9 Y121.181
;TYPE:WALL-INNER
G1 F1500 X103.36 Y115.723 E3171.37803
G1 X103.36 Y96.364 E3172.34386
G1 X97.9 Y96.364 E3172.61626
G1 X97.9 Y121.181 E3173.85438
G0 F9000 X98.148 Y120.588
G0 X98.3 Y120.215
G1 F1500 X102.96 Y115.557 E3174.1831
G1 X102.96 Y96.764 E3175.12069
G1 X98.3 Y96.764 E3175.35318
G1 X98.3 Y120.215 E3176.52315
G0 F9000 X98.38 Y114.74
;TYPE:FILL
G1 F3000 X102.88 Y110.241 E3176.84061
G0 F9000 X102.88 Y108.159
G1 F3000 X98.38 Y103.659 E3177.15811
G0 F9000 X98.51 Y103.659
G1 F2700 E3168.15811
;MESH:wildrosebuilds_puzzlecube.stl(2)
G0 F9000 X103.532 Y115.799
G0 X104.625 Y115.799
G0 X112.375 Y116.577
G0 X124.953 Y116.577
G0 X126.635 Y115.799
G0 X127.5 Y122.146
;TYPE:WALL-OUTER
G1 F2700 E3177.15811
G1 F1500 X133.76 Y115.889 E3177.59969
G1 X133.76 Y95.964 E3178.59375
G1 X127.5 Y95.964 E3178.90606
G1 X127.5 Y122.146 E3180.21229
G0 F9000 X127.748 Y121.554
G0 X128.171 Y120.549
G0 X127.9 Y121.181
;TYPE:WALL-INNER
G1 F1500 X133.36 Y115.723 E3180.59745
G1 X133.36 Y96.364 E3181.56327
G1 X127.9 Y96.364 E3181.83567
G1 X127.9 Y121.181 E3183.0738
G0 F9000 X128.148 Y120.588
G0 X128.3 Y120.215
G1 F1500 X132.96 Y115.557 E3183.40251
G1 X132.96 Y96.764 E3184.3401
G1 X128.3 Y96.764 E3184.57259
G1 X128.3 Y120.215 E3185.74257
G0 F9000 X128.38 Y114.74
;TYPE:FILL
G1 F3000 X132.88 Y110.241 E3186.06003
G0 F9000 X132.88 Y108.16
G1 F3000 X128.379 Y103.659 E3186.3776
G0 F9000 X128.51 Y103.659
G1 F2700 E3177.3776
G0 F9000 X133.53 Y115.444
G0 X134.625 Y115.444
G0 X142.363 Y115.444
G0 X143.228 Y115.724
;TYPE:WALL-OUTER
G1 F2700 E3186.3776
G1 F1500 X154.1 Y115.724 E3186.92001
G1 X154.1 Y102.804 E3187.56459
G1 X147.84 Y102.804 E3187.8769
G1 X147.838 Y107.323 E3188.10235
G1 X147.764 Y107.446 E3188.10951
G1 X147.673 Y107.486 E3188.11447
G1 X143.225 Y107.488 E3188.33639
G1 X143.228 Y115.724 E3188.74728
G0 F9000 X143.628 Y115.324
;TYPE:WALL-INNER
G1 F1500 X153.7 Y115.324 E3189.24978
G1 X153.7 Y103.204 E3189.85444
G1 X148.24 Y103.204 E3190.12685
G1 X148.24 Y107.388 E3190.33559
G1 X148.173 Y107.565 E3190.34503
G1 X148.01 Y107.762 E3190.35778
G1 X147.709 Y107.888 E3190.37406
G1 X143.625 Y107.888 E3190.57782
G1 X143.628 Y115.324 E3190.9488
G0 F9000 X144.028 Y114.924
G1 F1500 X153.3 Y114.924 E3191.41138
G1 X153.3 Y103.604 E3191.97614
G1 X148.64 Y103.604 E3192.20863
G1 X148.64 Y107.288 E3192.39242
G1 X148.611 Y107.529 E3192.40453
G1 X148.528 Y107.749 E3192.41626
G1 X148.404 Y107.934 E3192.42737
G1 X148.098 Y108.178 E3192.4469
G1 X147.752 Y108.288 E3192.46501
G1 X144.025 Y108.288 E3192.65095
G1 X144.028 Y114.924 E3192.98203
G0 F9000 X146.356 Y114.752
G0 X146.428 Y110.67
G0 X146.208 Y110.67
;TYPE:FILL
G1 F3000 X153.193 Y103.684 E3193.47489
G0 F9000 X148.478 Y108.128
G0 X146.846 Y108.368
G1 F3000 X153.22 Y114.742 E3193.92461
G0 F9000 X144.388 Y114.824
G0 X144.388 Y114.564
;TYPE:SKIN
G1 F1500 X146.168 Y114.564 E3194.01341
G1 X146.164 Y108.648 E3194.30857
G1 X144.385 Y108.648 E3194.39732
G1 X144.388 Y114.564 E3194.69247
G0 F9000 X144.588 Y114.041
G1 F1500 X144.911 Y114.364 E3194.71526
G0 F9000 X145.477 Y114.364
G1 F1500 X144.588 Y113.475 E3194.77798
G0 F9000 X144.587 Y112.909
G1 F1500 X145.968 Y114.29 E3194.87542
G0 F9000 X145.968 Y113.724
G1 F1500 X144.587 Y112.343 E3194.97286
G0 F9000 X144.586 Y111.777
G1 F1500 X145.967 Y113.158 E3195.07029
G0 F9000 X145.967 Y112.592
G1 F1500 X144.586 Y111.211 E3195.16773
G0 F9000 X144.586 Y110.645
G1 F1500 X145.967 Y112.026 E3195.26517
G0 F9000 X145.966 Y111.459
G1 F1500 X144.586 Y110.079 E3195.36254
G0 F9000 X144.585 Y109.512
G1 F1500 X145.966 Y110.893 E3195.45997
G0 F9000 X145.965 Y110.327
G1 F1500 X144.585 Y108.947 E3195.55734
G0 F9000 X145.052 Y108.848
G1 F1500 X145.965 Y109.761 E3195.62176
G0 F9000 X145.965 Y109.195
G1 F1500 X145.617 Y108.848 E3195.64627
G1 F2700 E3186.64627
;MESH:NONMESH
G0 F300 X145.617 Y108.848 Z16.05
G0 F9000 X145.617 Y108.388
G0 X143.451 Y107.715
G0 X142.363 Y107.716
G0 X134.613 Y95.111
G0 X116.987 Y93.289
G0 X104.625 Y85.372
G0 X103.76 Y85.596
;TIME_ELAPSED:3971.912157
;LAYER:53
;TYPE:WALL-OUTER
;MESH:wildrosebuilds_puzzlecube.stl(1)
G1 F2700 E3195.64627
G1 F1500 X103.766 Y81.357 E3195.85776
G1 X103.811 Y81.274 E3195.86247
G1 X103.912 Y81.213 E3195.86836
G1 X108.072 Y81.208 E3196.0759
G1 X108.072 Y72.676 E3196.50156
G1 X97.5 Y72.676 E3197.029
G1 X97.5 Y85.596 E3197.67358
G1 X103.76 Y85.596 E3197.9859
G0 F9000 X103.36 Y85.196
;TYPE:WALL-INNER
G1 F1500 X103.36 Y81.292 E3198.18067
G1 X103.513 Y81.007 E3198.1968
G1 X103.706 Y80.863 E3198.20882
G1 X103.939 Y80.808 E3198.22076
G1 X107.672 Y80.808 E3198.407
G1 X107.672 Y73.076 E3198.79275
G1 X97.9 Y73.076 E3199.28028
G1 X97.9 Y85.196 E3199.88495
G1 X103.36 Y85.196 E3200.15735
G0 F9000 X102.96 Y84.796
G1 F1500 X102.96 Y81.408 E3200.32638
G1 X102.991 Y81.156 E3200.33905
G1 X103.082 Y80.928 E3200.35129
G1 X103.373 Y80.598 E3200.37324
G1 X103.724 Y80.436 E3200.39253
G1 X103.925 Y80.408 E3200.40266
G1 X107.272 Y80.408 E3200.56964
G1 X107.272 Y73.476 E3200.91548
G1 X98.3 Y73.476 E3201.36309
G1 X98.3 Y84.796 E3201.92785
G1 X102.96 Y84.796 E3202.16034
G0 F9000 X98.706 Y84.716
;TYPE:FILL
G1 F3000 X105.092 Y78.33 E3202.6109
G0 F9000 X104.872 Y78.33
G0 X104.872 Y80.071
G0 X105.092 Y80.071
G1 F3000 X98.578 Y73.556 E3203.07054
G0 F9000 X104.945 Y80.236
G0 X107.1 Y80.236
G0 X106.912 Y80.048
;TYPE:SKIN
G1 F1500 X106.912 Y73.836 E3203.38045
G1 X105.132 Y73.836 E3203.46926
G1 X105.132 Y80.048 E3203.77918
G1 X106.912 Y80.048 E3203.86798
G0 F9000 X106.263 Y79.848
G1 F1500 X106.712 Y79.399 E3203.89966
G0 F9000 X106.712 Y78.833
G1 F1500 X105.697 Y79.848 E3203.97127
G0 F9000 X105.332 Y79.647
G1 F1500 X106.712 Y78.268 E3204.06861
G0 F9000 X106.712 Y77.702
G1 F1500 X105.332 Y79.081 E3204.16594
G0 F9000 X105.332 Y78.516
G1 F1500 X106.712 Y77.136 E3204.2633
G0 F9000 X106.712 Y76.57
G1 F1500 X105.332 Y77.95 E3204.36067
G0 F9000 X105.332 Y77.384
G1 F1500 X106.712 Y76.005 E3204.458
G0 F9000 X106.712 Y75.439
G1 F1500 X105.332 Y76.819 E3204.55537
G0 F9000 X105.332 Y76.253
G1 F1500 X106.712 Y74.873 E3204.65273
G0 F9000 X106.712 Y74.308
G1 F1500 X105.332 Y75.687 E3204.75007
G0 F9000 X105.332 Y75.122
G1 F1500 X106.418 Y74.035 E3204.82672
G0 F9000 X105.852 Y74.035
G1 F1500 X105.332 Y74.556 E3204.86345
G0 F9000 X104.572 Y74.556
G1 F2700 E3195.86345
G0 F9000 X104.945 Y80.236
G0 X107.849 Y80.985
G0 X108.937 Y80.984
G0 X116.975 Y80.985
G0 X117.84 Y92.436
;TYPE:WALL-OUTER
G1 F2700 E3204.86345
G1 F1500 X124.1 Y92.436 E3205.17576
G1 X124.1 Y66.248 E3206.48229
G1 X117.84 Y72.507 E3206.92393
G1 X117.84 Y92.436 E3207.91819
G0 F9000 X118.24 Y92.036
;TYPE:WALL-INNER
G1 F1500 X123.7 Y92.036 E3208.19059
G1 X123.7 Y67.214 E3209.42896
G1 X118.24 Y72.673 E3209.81416
G1 X118.24 Y92.036 E3210.78018
G0 F9000 X118.64 Y91.636
G1 F1500 X123.3 Y91.636 E3211.01267
G1 X123.3 Y68.179 E3212.18295
G1 X118.64 Y72.839 E3212.51174
G1 X118.64 Y91.636 E3213.44952
G0 F9000 X123.22 Y85.044
;TYPE:FILL
G1 F3000 X118.72 Y80.543 E3213.76706
G0 F9000 X118.72 Y77.857
G1 F3000 X123.22 Y73.357 E3214.08456
G0 F9000 X123.09 Y73.357
G1 F2700 E3205.08456
;MESH:wildrosebuilds_puzzlecube.stl
G0 F9000 X118.064 Y92.212
G0 X118.064 Y93.301
G0 X116.987 Y101.951
G0 X116.987 Y106.337
G0 X113.528 Y115.724
;TYPE:WALL-OUTER
G1 F2700 E3214.08456
G1 F1500 X124.1 Y115.724 E3214.612
G1 X124.1 Y102.804 E3215.25658
G1 X117.84 Y102.804 E3215.56889
G1 X117.838 Y107.023 E3215.77938
G1 X117.758 Y107.151 E3215.78691
G1 X117.687 Y107.183 E3215.79079
G1 X113.525 Y107.188 E3215.99844
G1 X113.528 Y115.724 E3216.4243
G0 F9000 X113.928 Y115.324
;TYPE:WALL-INNER
G1 F1500 X123.7 Y115.324 E3216.91182
G1 X123.7 Y103.204 E3217.51649
G1 X118.24 Y103.204 E3217.78889
G1 X118.24 Y107.091 E3217.98282
G1 X118.167 Y107.276 E3217.99274
G1 X117.993 Y107.475 E3218.00593
G1 X117.746 Y107.588 E3218.01948
G1 X113.925 Y107.588 E3218.21011
G1 X113.928 Y115.324 E3218.59606
G0 F9000 X114.328 Y114.924
G1 F1500 X123.3 Y114.924 E3219.04368
G1 X123.3 Y103.604 E3219.60843
G1 X118.64 Y103.604 E3219.84092
G1 X118.64 Y106.988 E3220.00975
G1 X118.609 Y107.24 E3220.02242
G1 X118.519 Y107.468 E3220.03465
G1 X118.227 Y107.799 E3220.05667
G1 X117.875 Y107.96 E3220.07598
G1 X117.675 Y107.988 E3220.08605
G1 X114.325 Y107.988 E3220.25319
G1 X114.328 Y114.924 E3220.59922
G0 F9000 X116.656 Y114.752
G0 X116.728 Y110.069
G0 X116.508 Y110.069
;TYPE:FILL
G1 F3000 X122.893 Y103.684 E3221.04972
G0 F9000 X118.478 Y107.828
G0 X116.728 Y108.33
G0 X116.507 Y108.33
G1 F3000 X123.021 Y114.844 E3221.50932
G0 F9000 X114.688 Y114.824
G0 X114.688 Y114.564
;TYPE:SKIN
G1 F1500 X116.468 Y114.564 E3221.59812
G1 X116.464 Y108.348 E3221.90824
G1 X114.685 Y108.348 E3221.99699
G1 X114.688 Y114.564 E3222.30711
G0 F9000 X114.688 Y114.824
G0 X116.656 Y114.752
G0 X116.728 Y113.967
G0 X116.267 Y113.967
G1 F1500 X115.87 Y114.364 E3222.33512
G0 F9000 X115.304 Y114.364
G1 F1500 X116.267 Y113.402 E3222.40303
G0 F9000 X116.266 Y112.837
G1 F1500 X114.889 Y114.214 E3222.50019
G0 F9000 X114.889 Y113.648
G1 F1500 X116.266 Y112.271 E3222.59734
G0 F9000 X116.265 Y111.706
G1 F1500 X114.888 Y113.083 E3222.6945
G0 F9000 X114.888 Y112.518
G1 F1500 X116.265 Y111.14 E3222.79169
G0 F9000 X116.265 Y110.575
G1 F1500 X114.887 Y111.953 E3222.88891
G0 F9000 X114.887 Y111.387
G1 F1500 X116.265 Y110.01 E3222.9861
G0 F9000 X116.264 Y109.445
G1 F1500 X114.886 Y110.822 E3223.08329
G0 F9000 X114.886 Y110.256
G1 F1500 X116.264 Y108.879 E3223.18048
G0 F9000 X116.029 Y108.548
G1 F1500 X114.886 Y109.691 E3223.26113
G0 F9000 X114.886 Y109.126
G1 F1500 X115.463 Y108.548 E3223.30187
G1 F2700 E3214.30187
G0 F9000 X115.463 Y108.088
G0 X114.497 Y108.16
G0 X113.752 Y115.5
G0 X112.663 Y115.501
G0 X104.625 Y115.799
G0 X97.5 Y122.146
;TYPE:WALL-OUTER
G1 F2700 E3223.30187
G1 F1500 X103.76 Y115.889 E3223.74344
G1 X103.76 Y95.964 E3224.73751
G1 X97.5 Y95.964 E3225.04982
G1 X97.5 Y122.146 E3226.35604
G0 F9000 X97.748 Y121.554
G0 X98.171 Y120.549
G0 X97.9 Y121.181
;TYPE:WALL-INNER
G1 F1500 X103.36 Y115.723 E3226.74121
G1 X103.36 Y96.364 E3227.70703
G1 X97.9 Y96.364 E3227.97943
G1 X97.9 Y121.181 E3229.21756
G0 F9000 X98.148 Y120.588
G0 X98.3 Y120.215
G1 F1500 X102.96 Y115.557 E3229.54627
G1 X102.96 Y96.764 E3230.48386
G1 X98.3 Y96.764 E3230.71635
G1 X98.3 Y120.215 E3231.88632
G0 F9000 X98.38 Y115.041
;TYPE:FILL
G1 F3000 X102.88 Y110.542 E3232.20379
G0 F9000 X102.88 Y107.858
G1 F3000 X98.38 Y103.358 E3232.52129
G0 F9000 X98.51 Y103.358
G1 F2700 E3223.52129
;MESH:wildrosebuilds_puzzlecube.stl(2)
G0 F9000 X103.532 Y115.799
G0 X104.625 Y115.799
G0 X112.675 Y116.577
G0 X124.953 Y116.577
G0 X126.635 Y115.799
G0 X127.5 Y122.146
;TYPE:WALL-OUTER
G1 F2700 E3232.52129
G1 F1500 X133.76 Y115.889 E3232.96286
G1 X133.76 Y95.964 E3233.95692
G1 X127.5 Y95.964 E3234.26923
G1 X127.5 Y122.146 E3235.57546
G0 F9000 X127.748 Y121.554
G0 X128.171 Y120.549
G0 X127.9 Y121.181
;TYPE:WALL-INNER
G1 F1500 X133.36 Y115.723 E3235.96062
G1 X133.36 Y96.364 E3236.92644
G1 X127.9 Y96.364 E3237.19885
G1 X127.9 Y121.181 E3238.43697
G0 F9000 X128.148 Y120.588
G0 X128.3 Y120.215
G1 F1500 X132.96 Y115.557 E3238.76569
G1 X132.96 Y96.764 E3239.70327
G1 X128.3 Y96.764 E3239.93576
G1 X128.3 Y120.215 E3241.10574
G0 F9000 X128.38 Y115.041
;TYPE:FILL
G1 F3000 X132.88 Y110.542 E3241.4232
G0 F9000 X132.88 Y107.859
G1 F3000 X128.379 Y103.358 E3241.74077
G0 F9000 X128.51 Y103.358
G1 F2700 E3232.74077
G0 F9000 X133.53 Y115.444
G0 X134.625 Y115.444
G0 X142.663 Y115.444
G0 X143.528 Y115.724
;TYPE:WALL-OUTER
G1 F2700 E3241.74077
G1 F1500 X154.1 Y115.724 E3242.26821
G1 X154.1 Y102.804 E3242.91279
G1 X147.84 Y102.804 E3243.22511
G1 X147.838 Y107.023 E3243.43559
G1 X147.758 Y107.151 E3243.44312
G1 X147.687 Y107.183 E3243.44701
G1 X143.525 Y107.188 E3243.65465
G1 X143.528 Y115.724 E3244.08051
G0 F9000 X143.928 Y115.324
;TYPE:WALL-INNER
G1 F1500 X153.7 Y115.324 E3244.56804
G1 X153.7 Y103.204 E3245.17271
G1 X148.24 Y103.204 E3245.44511
G1 X148.24 Y107.091 E3245.63903
G1 X148.167 Y107.276 E3245.64896
G1 X147.993 Y107.475 E3245.66214
G1 X147.746 Y107.588 E3245.6757
G1 X143.925 Y107.588 E3245.86633
G1 X143.928 Y115.324 E3246.25228
G0 F9000 X144.328 Y114.924
G1 F1500 X153.3 Y114.924 E3246.69989
G1 X153.3 Y103.604 E3247.26465
G1 X148.64 Y103.604 E3247.49714
G1 X148.64 Y106.988 E3247.66597
G1 X148.609 Y107.24 E3247.67863
G1 X148.519 Y107.468 E3247.69086
G1 X148.227 Y107.799 E3247.71288
G1 X147.875 Y107.96 E3247.73219
G1 X147.675 Y107.988 E3247.74227
G1 X144.325 Y107.988 E3247.9094
G1 X144.328 Y114.924 E3248.25544
G0 F9000 X146.656 Y114.752
G0 X146.728 Y110.069
G0 X146.508 Y110.069
;TYPE:FILL
G1 F3000 X152.892 Y103.684 E3248.7059
G0 F9000 X148.478 Y107.828
G0 X146.728 Y108.33
G0 X146.507 Y108.33
G1 F3000 X153.021 Y114.844 E3249.1655
G0 F9000 X144.688 Y114.824
G0 X144.688 Y114.564
;TYPE:SKIN
G1 F1500 X146.468 Y114.564 E3249.2543
G1 X146.464 Y108.348 E3249.56442
G1 X144.685 Y108.348 E3249.65318
G1 X144.688 Y114.564 E3249.96329
G0 F9000 X144.688 Y114.824
G0 X145.851 Y114.824
G0 X145.851 Y114.364
G1 F1500 X146.268 Y113.947 E3249.99271
G0 F9000 X146.267 Y113.382
G1 F1500 X145.286 Y114.364 E3250.06196
G0 F9000 X144.888 Y114.196
G1 F1500 X146.267 Y112.817 E3250.15926
G0 F9000 X146.266 Y112.252
G1 F1500 X144.888 Y113.63 E3250.25649
G0 F9000 X144.888 Y113.065
G1 F1500 X146.266 Y111.687 E3250.35371
G0 F9000 X146.266 Y111.121
G1 F1500 X144.888 Y112.499 E3250.45094
G0 F9000 X144.887 Y111.934
G1 F1500 X146.265 Y110.556 E3250.54816
G0 F9000 X146.264 Y109.991
G1 F1500 X144.887 Y111.369 E3250.64535
G0 F9000 X144.886 Y110.804
G1 F1500 X146.264 Y109.425 E3250.74261
G0 F9000 X146.264 Y108.861
G1 F1500 X144.886 Y110.238 E3250.8398
G0 F9000 X144.885 Y109.673
G1 F1500 X146.01 Y108.548 E3250.91918
G0 F9000 X145.445 Y108.548
G1 F1500 X144.885 Y109.107 E3250.95865
G1 F2700 E3241.95865
;MESH:NONMESH
G0 F300 X144.885 Y109.107 Z16.35
G0 F9000 X144.425 Y109.107
G0 X143.751 Y107.415
G0 X142.663 Y107.416
G0 X134.613 Y95.111
G0 X116.987 Y93.289
G0 X104.625 Y85.372
G0 X103.76 Y85.596
;TIME_ELAPSED:4033.461834
;LAYER:54
;TYPE:WALL-OUTER
;MESH:wildrosebuilds_puzzlecube.stl(1)
G1 F2700 E3250.95865
G1 F1500 X103.764 Y81.664 E3251.15482
G1 X103.825 Y81.559 E3251.16088
G1 X103.933 Y81.509 E3251.16682
G1 X107.772 Y81.508 E3251.35835
G1 X107.772 Y72.676 E3251.79898
G1 X97.5 Y72.676 E3252.31145
G1 X97.5 Y85.596 E3252.95603
G1 X103.76 Y85.596 E3253.26834
G0 F9000 X103.36 Y85.196
;TYPE:WALL-INNER
G1 F1500 X103.36 Y81.606 E3253.44745
G1 X103.479 Y81.348 E3253.46162
G1 X103.728 Y81.154 E3253.47737
G1 X103.879 Y81.113 E3253.48518
G1 X107.372 Y81.108 E3253.65944
G1 X107.372 Y73.076 E3254.06016
G1 X97.9 Y73.076 E3254.53272
G1 X97.9 Y85.196 E3255.13739
G1 X103.36 Y85.196 E3255.40979
G0 F9000 X102.96 Y84.796
G1 F1500 X102.96 Y81.559 E3255.57129
G1 X103.053 Y81.285 E3255.58572
G1 X103.288 Y80.966 E3255.60549
G1 X103.573 Y80.785 E3255.62233
G1 X103.858 Y80.708 E3255.63706
G1 X106.972 Y80.708 E3255.79242
G1 X106.972 Y73.476 E3256.15323
G1 X98.3 Y73.476 E3256.58587
G1 X98.3 Y84.796 E3257.15063
G1 X102.96 Y84.796 E3257.38312
G0 F9000 X99.006 Y84.716
;TYPE:FILL
G1 F3000 X104.792 Y78.93 E3257.79135
G0 F9000 X104.793 Y79.471
G1 F3000 X98.878 Y73.556 E3258.20869
G0 F9000 X104.645 Y80.536
G0 X106.8 Y80.536
G0 X106.612 Y80.348
;TYPE:SKIN
G1 F1500 X106.612 Y73.836 E3258.53357
G1 X104.832 Y73.836 E3258.62238
G1 X104.832 Y80.348 E3258.94726
G1 X106.612 Y80.348 E3259.03607
G0 F9000 X106.872 Y80.348
G0 X105.604 Y80.608
G0 X105.604 Y80.148
G1 F1500 X105.032 Y79.576 E3259.07643
G0 F9000 X105.032 Y79.01
G1 F1500 X106.169 Y80.148 E3259.15668
G0 F9000 X106.412 Y79.825
G1 F1500 X105.032 Y78.444 E3259.25408
G0 F9000 X105.032 Y77.879
G1 F1500 X106.412 Y79.259 E3259.35145
G0 F9000 X106.412 Y78.693
G1 F1500 X105.032 Y77.313 E3259.44882
G0 F9000 X105.032 Y76.747
G1 F1500 X106.412 Y78.128 E3259.54622
G0 F9000 X106.412 Y77.562
G1 F1500 X105.032 Y76.182 E3259.64358
G0 F9000 X105.032 Y75.616
G1 F1500 X106.412 Y76.996 E3259.74095
G0 F9000 X106.412 Y76.43
G1 F1500 X105.032 Y75.05 E3259.83832
G0 F9000 X105.032 Y74.485
G1 F1500 X106.412 Y75.865 E3259.93568
G0 F9000 X106.412 Y75.299
G1 F1500 X105.149 Y74.036 E3260.0248
G0 F9000 X105.715 Y74.036
G1 F1500 X106.412 Y74.733 E3260.07397
G0 F9000 X106.412 Y74.168
G1 F1500 X106.28 Y74.036 E3260.08329
G1 F2700 E3251.08329
G0 F9000 X106.28 Y73.576
G0 X106.8 Y73.648
G0 X107.549 Y81.285
G0 X108.637 Y81.284
G0 X116.975 Y81.285
G0 X117.84 Y92.436
;TYPE:WALL-OUTER
G1 F2700 E3260.08329
G1 F1500 X124.1 Y92.436 E3260.3956
G1 X124.1 Y66.248 E3261.70212
G1 X117.84 Y72.507 E3262.14376
G1 X117.84 Y92.436 E3263.13803
G0 F9000 X118.24 Y92.036
;TYPE:WALL-INNER
G1 F1500 X123.7 Y92.036 E3263.41043
G1 X123.7 Y67.214 E3264.6488
G1 X118.24 Y72.673 E3265.034
G1 X118.24 Y92.036 E3266.00002
G0 F9000 X118.64 Y91.636
G1 F1500 X123.3 Y91.636 E3266.23251
G1 X123.3 Y68.179 E3267.40279
G1 X118.64 Y72.839 E3267.73157
G1 X118.64 Y91.636 E3268.66936
G0 F9000 X123.22 Y85.344
;TYPE:FILL
G1 F3000 X118.72 Y80.843 E3268.98689
G0 F9000 X118.72 Y77.557
G1 F3000 X123.22 Y73.058 E3269.30436
G0 F9000 X123.09 Y73.058
G1 F2700 E3260.30436
;MESH:wildrosebuilds_puzzlecube.stl
G0 F9000 X118.064 Y92.212
G0 X118.064 Y93.301
G0 X116.987 Y101.951
G0 X116.987 Y106.037
G0 X113.828 Y115.724
;TYPE:WALL-OUTER
G1 F2700 E3269.30436
G1 F1500 X124.1 Y115.724 E3269.81683
G1 X124.1 Y102.804 E3270.46141
G1 X117.84 Y102.804 E3270.77372
G1 X117.838 Y106.723 E3270.96924
G1 X117.775 Y106.837 E3270.97574
G1 X117.667 Y106.887 E3270.98168
G1 X113.825 Y106.888 E3271.17336
G1 X113.828 Y115.724 E3271.61419
G0 F9000 X114.228 Y115.324
;TYPE:WALL-INNER
G1 F1500 X123.7 Y115.324 E3272.08675
G1 X123.7 Y103.204 E3272.69142
G1 X118.24 Y103.204 E3272.96382
G1 X118.24 Y106.766 E3273.14153
G1 X118.121 Y107.048 E3273.1568
G1 X117.958 Y107.198 E3273.16785
G1 X117.721 Y107.283 E3273.18041
G1 X114.225 Y107.288 E3273.35483
G1 X114.228 Y115.324 E3273.75574
G0 F9000 X114.628 Y114.924
G1 F1500 X123.3 Y114.924 E3274.18839
G1 X123.3 Y103.604 E3274.75315
G1 X118.64 Y103.604 E3274.98564
G1 X118.64 Y106.84 E3275.14708
G1 X118.547 Y107.111 E3275.16138
G1 X118.312 Y107.43 E3275.18114
G1 X118.027 Y107.611 E3275.19799
G1 X117.742 Y107.688 E3275.21272
G1 X114.625 Y107.688 E3275.36822
G1 X114.628 Y114.924 E3275.72923
G0 F9000 X116.956 Y114.752
G0 X117.028 Y109.469
G0 X116.808 Y109.469
;TYPE:FILL
G1 F3000 X122.593 Y103.684 E3276.13739
G0 F9000 X117.028 Y108.931
G0 X116.808 Y108.931
G1 F3000 X122.721 Y114.844 E3276.55459
G0 F9000 X114.988 Y114.824
G0 X114.988 Y114.564
;TYPE:SKIN
G1 F1500 X116.768 Y114.564 E3276.64339
G1 X116.764 Y108.048 E3276.96848
G1 X114.985 Y108.048 E3277.05723
G1 X114.988 Y114.564 E3277.38231
G0 F9000 X115.495 Y114.364
G1 F1500 X115.188 Y114.056 E3277.40401
G0 F9000 X115.188 Y113.491
G1 F1500 X116.061 Y114.364 E3277.46561
G0 F9000 X116.568 Y114.305
G1 F1500 X115.187 Y112.924 E3277.56304
G0 F9000 X115.187 Y112.359
G1 F1500 X116.568 Y113.74 E3277.66048
G0 F9000 X116.567 Y113.173
G1 F1500 X115.186 Y111.792 E3277.75792
G0 F9000 X115.186 Y111.226
G1 F1500 X116.567 Y112.607 E3277.85535
G0 F9000 X116.567 Y112.041
G1 F1500 X115.186 Y110.66 E3277.95279
G0 F9000 X115.186 Y110.094
G1 F1500 X116.567 Y111.475 E3278.05023
G0 F9000 X116.566 Y110.909
G1 F1500 X115.186 Y109.529 E3278.14759
G0 F9000 X115.185 Y108.962
G1 F1500 X116.566 Y110.343 E3278.24503
G0 F9000 X116.565 Y109.777
G1 F1500 X115.185 Y108.397 E3278.3424
G0 F9000 X115.602 Y108.248
G1 F1500 X116.564 Y109.211 E3278.41031
G0 F9000 X116.564 Y108.645
G1 F1500 X116.168 Y108.248 E3278.43828
G1 F2700 E3269.43828
G0 F9000 X116.168 Y107.788
G0 X114.797 Y107.86
G0 X114.052 Y115.5
G0 X112.963 Y115.501
G0 X104.625 Y115.799
G0 X97.5 Y122.146
;TYPE:WALL-OUTER
G1 F2700 E3278.43828
G1 F1500 X103.76 Y115.889 E3278.87985
G1 X103.76 Y95.964 E3279.87392
G1 X97.5 Y95.964 E3280.18623
G1 X97.5 Y122.146 E3281.49245
G0 F9000 X97.748 Y121.554
G0 X98.171 Y120.549
G0 X97.9 Y121.181
;TYPE:WALL-INNER
G1 F1500 X103.36 Y115.723 E3281.87762
G1 X103.36 Y96.364 E3282.84344
G1 X97.9 Y96.364 E3283.11584
G1 X97.9 Y121.181 E3284.35397
G0 F9000 X98.148 Y120.588
G0 X98.3 Y120.215
G1 F1500 X102.96 Y115.557 E3284.68268
G1 X102.96 Y96.764 E3285.62027
G1 X98.3 Y96.764 E3285.85276
G1 X98.3 Y120.215 E3287.02273
G0 F9000 X98.38 Y115.341
;TYPE:FILL
G1 F3000 X102.88 Y110.842 E3287.3402
G0 F9000 X102.88 Y107.558
G1 F3000 X98.38 Y103.058 E3287.6577
G0 F9000 X98.51 Y103.058
G1 F2700 E3278.6577
;MESH:wildrosebuilds_puzzlecube.stl(2)
G0 F9000 X103.532 Y115.799
G0 X104.625 Y115.799
G0 X112.975 Y116.577
G0 X124.953 Y116.577
G0 X126.635 Y115.799
G0 X127.5 Y122.146
;TYPE:WALL-OUTER
G1 F2700 E3287.6577
G1 F1500 X133.76 Y115.889 E3288.09927
G1 X133.76 Y95.964 E3289.09333
G1 X127.5 Y95.964 E3289.40564
G1 X127.5 Y122.146 E3290.71187
G0 F9000 X127.748 Y121.554
G0 X128.171 Y120.549
G0 X127.9 Y121.181
;TYPE:WALL-INNER
G1 F1500 X133.36 Y115.723 E3291.09703
G1 X133.36 Y96.364 E3292.06285
G1 X127.9 Y96.364 E3292.33525
G1 X127.9 Y121.181 E3293.57338
G0 F9000 X128.148 Y120.588
G0 X128.3 Y120.215
G1 F1500 X132.96 Y115.557 E3293.9021
G1 X132.96 Y96.764 E3294.83968
G1 X128.3 Y96.764 E3295.07217
G1 X128.3 Y120.215 E3296.24215
G0 F9000 X128.38 Y115.341
;TYPE:FILL
G1 F3000 X132.88 Y110.842 E3296.55961
G0 F9000 X132.88 Y107.559
G1 F3000 X128.379 Y103.058 E3296.87718
G0 F9000 X128.51 Y103.058
G1 F2700 E3287.87718
G0 F9000 X133.53 Y115.444
G0 X134.625 Y115.444
G0 X142.963 Y115.444
G0 X143.828 Y115.724
;TYPE:WALL-OUTER
G1 F2700 E3296.87718
G1 F1500 X154.1 Y115.724 E3297.38965
G1 X154.1 Y102.804 E3298.03424
G1 X147.84 Y102.804 E3298.34655
G1 X147.838 Y106.723 E3298.54207
G1 X147.775 Y106.837 E3298.54857
G1 X147.667 Y106.887 E3298.5545
G1 X143.825 Y106.888 E3298.74618
G1 X143.828 Y115.724 E3299.18701
G0 F9000 X144.228 Y115.324
;TYPE:WALL-INNER
G1 F1500 X153.7 Y115.324 E3299.65957
G1 X153.7 Y103.204 E3300.26424
G1 X148.24 Y103.204 E3300.53664
G1 X148.24 Y106.766 E3300.71435
G1 X148.121 Y107.048 E3300.72962
G1 X147.958 Y107.198 E3300.74067
G1 X147.721 Y107.283 E3300.75323
G1 X144.225 Y107.288 E3300.92765
G1 X144.228 Y115.324 E3301.32857
G0 F9000 X144.628 Y114.924
G1 F1500 X153.3 Y114.924 E3301.76122
G1 X153.3 Y103.604 E3302.32597
G1 X148.64 Y103.604 E3302.55846
G1 X148.64 Y106.84 E3302.71991
G1 X148.547 Y107.111 E3302.7342
G1 X148.312 Y107.43 E3302.75397
G1 X148.027 Y107.611 E3302.77081
G1 X147.742 Y107.688 E3302.78554
G1 X144.625 Y107.688 E3302.94105
G1 X144.628 Y114.924 E3303.30205
G0 F9000 X146.956 Y114.752
G0 X147.028 Y109.469
G0 X146.808 Y109.469
;TYPE:FILL
G1 F3000 X152.592 Y103.684 E3303.71018
G0 F9000 X147.028 Y108.931
G0 X146.807 Y108.931
G1 F3000 X152.721 Y114.844 E3304.12741
G0 F9000 X144.988 Y114.824
G0 X144.988 Y114.564
;TYPE:SKIN
G1 F1500 X146.768 Y114.564 E3304.21621
G1 X146.764 Y108.048 E3304.5413
G1 X144.985 Y108.048 E3304.63005
G1 X144.988 Y114.564 E3304.95514
G0 F9000 X145.187 Y114.075
G1 F1500 X145.477 Y114.364 E3304.97556
G0 F9000 X146.042 Y114.364
G1 F1500 X145.187 Y113.509 E3305.03589
G0 F9000 X145.187 Y112.943
G1 F1500 X146.568 Y114.324 E3305.13333
G0 F9000 X146.568 Y113.759
G1 F1500 X145.187 Y112.377 E3305.2308
G0 F9000 X145.186 Y111.811
G1 F1500 X146.568 Y113.192 E3305.32827
G0 F9000 X146.568 Y112.627
G1 F1500 X145.186 Y111.245 E3305.42578
G0 F9000 X145.185 Y110.678
G1 F1500 X146.567 Y112.06 E3305.52329
G0 F9000 X146.567 Y111.494
G1 F1500 X145.185 Y110.113 E3305.62076
G0 F9000 X145.185 Y109.547
G1 F1500 X146.566 Y110.928 E3305.71819
G0 F9000 X146.566 Y110.362
G1 F1500 X145.185 Y108.981 E3305.81563
G0 F9000 X145.185 Y108.415
G1 F1500 X146.566 Y109.796 E3305.91307
G0 F9000 X146.565 Y109.23
G1 F1500 X145.583 Y108.248 E3305.98235
G0 F9000 X146.149 Y108.248
G1 F1500 X146.565 Y108.664 E3306.01171
G0 F9000 X147.328 Y108.664
G1 F2700 E3297.01171
;MESH:NONMESH
G0 F300 X147.328 Y108.664 Z16.65
G0 F9000 X146.955 Y107.86
G0 X144.051 Y107.115
G0 X142.963 Y107.116
G0 X134.613 Y95.111
G0 X116.987 Y93.289
G0 X104.625 Y85.372
G0 X103.76 Y85.596
;TIME_ELAPSED:4094.936424
;LAYER:55
;TYPE:WALL-OUTER
;MESH:wildrosebuilds_puzzlecube.stl(1)
G1 F2700 E3306.01171
G1 F1500 X103.765 Y81.962 E3306.19301
G1 X103.802 Y81.884 E3306.19731
G1 X103.913 Y81.813 E3306.20389
G1 X107.472 Y81.808 E3306.38145
G1 X107.472 Y72.676 E3306.83704
G1 X97.5 Y72.676 E3307.33455
G1 X97.5 Y85.596 E3307.97913
G1 X103.76 Y85.596 E3308.29144
G0 F9000 X103.36 Y85.196
;TYPE:WALL-INNER
G1 F1500 X103.36 Y81.913 E3308.45523
G1 X103.488 Y81.637 E3308.47041
G1 X103.659 Y81.488 E3308.48173
G1 X103.86 Y81.408 E3308.49252
G1 X107.072 Y81.408 E3308.65277
G1 X107.072 Y73.076 E3309.06845
G1 X97.9 Y73.076 E3309.52604
G1 X97.9 Y85.196 E3310.13071
G1 X103.36 Y85.196 E3310.40311
G0 F9000 X102.96 Y84.796
G1 F1500 X102.96 Y81.854 E3310.54989
G1 X103.06 Y81.57 E3310.56491
G1 X103.173 Y81.39 E3310.57552
G1 X103.458 Y81.142 E3310.59436
G1 X103.796 Y81.008 E3310.6125
G1 X106.672 Y81.008 E3310.75599
G1 X106.672 Y73.476 E3311.13176
G1 X98.3 Y73.476 E3311.54944
G1 X98.3 Y84.796 E3312.1142
G1 X102.96 Y84.796 E3312.34669
G0 F9000 X99.306 Y84.716
;TYPE:FILL
G1 F3000 X104.492 Y79.53 E3312.71259
G0 F9000 X104.493 Y78.871
G1 F3000 X99.177 Y73.556 E3313.08763
G0 F9000 X104.345 Y80.836
G0 X106.5 Y80.836
G0 X106.312 Y80.648
;TYPE:SKIN
G1 F1500 X106.312 Y73.836 E3313.42748
G1 X104.532 Y73.836 E3313.51628
G1 X104.532 Y80.648 E3313.85613
G1 X106.312 Y80.648 E3313.94494
G0 F9000 X106.112 Y79.999
G1 F1500 X105.662 Y80.448 E3313.97665
G0 F9000 X105.097 Y80.448
G1 F1500 X106.112 Y79.433 E3314.04827
G0 F9000 X106.112 Y78.867
G1 F1500 X104.732 Y80.247 E3314.14563
G0 F9000 X104.732 Y79.682
G1 F1500 X106.112 Y78.301 E3314.24304
G0 F9000 X106.112 Y77.736
G1 F1500 X104.732 Y79.116 E3314.3404
G0 F9000 X104.732 Y78.55
G1 F1500 X106.112 Y77.17 E3314.43777
G0 F9000 X106.112 Y76.604
G1 F1500 X104.732 Y77.985 E3314.53517
G0 F9000 X104.732 Y77.419
G1 F1500 X106.112 Y76.039 E3314.63254
G0 F9000 X106.112 Y75.473
G1 F1500 X104.732 Y76.853 E3314.7299
G0 F9000 X104.732 Y76.288
G1 F1500 X106.112 Y74.907 E3314.8273
G0 F9000 X106.112 Y74.342
G1 F1500 X104.732 Y75.722 E3314.92467
G0 F9000 X104.732 Y75.156
G1 F1500 X105.852 Y74.036 E3315.00369
G0 F9000 X105.286 Y74.036
G1 F1500 X104.732 Y74.591 E3315.04282
G0 F9000 X103.972 Y74.591
G1 F2700 E3306.04282
G0 F9000 X104.345 Y80.836
G0 X107.249 Y81.585
G0 X108.337 Y81.584
G0 X116.975 Y81.585
G0 X117.84 Y92.436
;TYPE:WALL-OUTER
G1 F2700 E3315.04282
G1 F1500 X124.1 Y92.436 E3315.35513
G1 X124.1 Y66.248 E3316.66165
G1 X117.84 Y72.507 E3317.10329
G1 X117.84 Y92.436 E3318.09756
G0 F9000 X118.24 Y92.036
;TYPE:WALL-INNER
G1 F1500 X123.7 Y92.036 E3318.36996
G1 X123.7 Y67.214 E3319.60833
G1 X118.24 Y72.673 E3319.99353
G1 X118.24 Y92.036 E3320.95955
G0 F9000 X118.64 Y91.636
G1 F1500 X123.3 Y91.636 E3321.19204
G1 X123.3 Y68.179 E3322.36232
G1 X118.64 Y72.839 E3322.6911
G1 X118.64 Y91.636 E3323.62889
G0 F9000 X123.22 Y85.643
;TYPE:FILL
G1 F3000 X118.72 Y81.143 E3323.94639
G0 F9000 X118.72 Y77.257
G1 F3000 X123.22 Y72.758 E3324.26385
G0 F9000 X123.09 Y72.758
G1 F2700 E3315.26385
;MESH:wildrosebuilds_puzzlecube.stl
G0 F9000 X118.064 Y92.212
G0 X118.064 Y93.301
G0 X116.987 Y101.951
G0 X116.987 Y105.737
G0 X114.128 Y115.724
;TYPE:WALL-OUTER
G1 F2700 E3324.26385
G1 F1500 X124.1 Y115.724 E3324.76136
G1 X124.1 Y102.804 E3325.40594
G1 X117.84 Y102.804 E3325.71825
G1 X117.838 Y106.423 E3325.89881
G1 X117.798 Y106.512 E3325.90367
G1 X117.687 Y106.583 E3325.91025
G1 X114.125 Y106.588 E3326.08796
G1 X114.128 Y115.724 E3326.54375
G0 F9000 X114.528 Y115.324
;TYPE:WALL-INNER
G1 F1500 X123.7 Y115.324 E3327.00135
G1 X123.7 Y103.204 E3327.60602
G1 X118.24 Y103.204 E3327.87842
G1 X118.24 Y106.483 E3328.04201
G1 X118.112 Y106.759 E3328.05718
G1 X117.941 Y106.908 E3328.0685
G1 X117.74 Y106.988 E3328.07929
G1 X114.525 Y106.988 E3328.23969
G1 X114.528 Y115.324 E3328.65557
G0 F9000 X114.928 Y114.924
G1 F1500 X123.3 Y114.924 E3329.07326
G1 X123.3 Y103.604 E3329.63801
G1 X118.64 Y103.604 E3329.8705
G1 X118.64 Y106.562 E3330.01808
G1 X118.427 Y107.007 E3330.04269
G1 X118.142 Y107.254 E3330.0615
G1 X117.804 Y107.388 E3330.07964
G1 X114.925 Y107.388 E3330.22328
G1 X114.928 Y114.924 E3330.59925
G0 F9000 X117.256 Y114.752
G0 X117.328 Y109.53
G0 X117.107 Y109.53
;TYPE:FILL
G1 F3000 X122.421 Y114.844 E3330.97418
G0 F9000 X117.328 Y108.869
G0 X117.108 Y108.869
G1 F3000 X122.293 Y103.684 E3331.34001
G0 F9000 X117.256 Y114.752
G0 X115.288 Y114.824
G0 X115.288 Y114.564
;TYPE:SKIN
G1 F1500 X117.068 Y114.564 E3331.42882
G1 X117.064 Y107.748 E3331.76887
G1 X115.285 Y107.748 E3331.85762
G1 X115.288 Y114.564 E3332.19767
G0 F9000 X115.288 Y114.824
G0 X116.436 Y114.824
G0 X116.436 Y114.364
G1 F1500 X116.868 Y113.932 E3332.22815
G0 F9000 X116.868 Y113.366
G1 F1500 X115.87 Y114.364 E3332.29857
G0 F9000 X115.488 Y114.18
G1 F1500 X116.867 Y112.801 E3332.39586
G0 F9000 X116.867 Y112.236
G1 F1500 X115.488 Y113.614 E3332.49313
G0 F9000 X115.488 Y113.049
G1 F1500 X116.866 Y111.671 E3332.59035
G0 F9000 X116.866 Y111.106
G1 F1500 X115.488 Y112.484 E3332.68758
G0 F9000 X115.488 Y111.918
G1 F1500 X116.866 Y110.54 E3332.7848
G0 F9000 X116.865 Y109.975
G1 F1500 X115.487 Y111.353 E3332.88203
G0 F9000 X115.487 Y110.787
G1 F1500 X116.865 Y109.409 E3332.97925
G0 F9000 X116.864 Y108.844
G1 F1500 X115.486 Y110.222 E3333.07648
G0 F9000 X115.486 Y109.657
G1 F1500 X116.864 Y108.279 E3333.1737
G0 F9000 X116.629 Y107.948
G1 F1500 X115.485 Y109.092 E3333.25442
G0 F9000 X115.485 Y108.526
G1 F1500 X116.064 Y107.948 E3333.29523
G1 F2700 E3324.29523
G0 F9000 X116.064 Y107.488
G0 X115.097 Y107.56
G0 X114.352 Y115.5
G0 X113.263 Y115.501
G0 X104.625 Y115.799
G0 X97.5 Y122.146
;TYPE:WALL-OUTER
G1 F2700 E3333.29523
G1 F1500 X103.76 Y115.889 E3333.73681
G1 X103.76 Y95.964 E3334.73087
G1 X97.5 Y95.964 E3335.04318
G1 X97.5 Y122.146 E3336.34941
G0 F9000 X97.748 Y121.554
G0 X98.171 Y120.549
G0 X97.9 Y121.181
;TYPE:WALL-INNER
G1 F1500 X103.36 Y115.723 E3336.73457
G1 X103.36 Y96.364 E3337.70039
G1 X97.9 Y96.364 E3337.97279
G1 X97.9 Y121.181 E3339.21092
G0 F9000 X98.148 Y120.588
G0 X98.3 Y120.215
G1 F1500 X102.96 Y115.557 E3339.53964
G1 X102.96 Y96.764 E3340.47722
G1 X98.3 Y96.764 E3340.70971
G1 X98.3 Y120.215 E3341.87969
G0 F9000 X98.38 Y115.641
;TYPE:FILL
G1 F3000 X102.88 Y111.142 E3342.19715
G0 F9000 X102.88 Y107.258
G1 F3000 X98.38 Y102.758 E3342.51465
G0 F9000 X98.51 Y102.758
G1 F2700 E3333.51465
;MESH:wildrosebuilds_puzzlecube.stl(2)
G0 F9000 X103.532 Y115.799
G0 X104.625 Y115.799
G0 X113.275 Y116.577
G0 X124.953 Y116.577
G0 X126.635 Y115.799
G0 X127.5 Y122.146
;TYPE:WALL-OUTER
G1 F2700 E3342.51465
G1 F1500 X133.76 Y115.889 E3342.95622
G1 X133.76 Y95.964 E3343.95028
G1 X127.5 Y95.964 E3344.26259
G1 X127.5 Y122.146 E3345.56882
G0 F9000 X127.748 Y121.554
G0 X128.171 Y120.549
G0 X127.9 Y121.181
;TYPE:WALL-INNER
G1 F1500 X133.36 Y115.723 E3345.95398
G1 X133.36 Y96.364 E3346.91981
G1 X127.9 Y96.364 E3347.19221
G1 X127.9 Y121.181 E3348.43033
G0 F9000 X128.148 Y120.588
G0 X128.3 Y120.215
G1 F1500 X132.96 Y115.557 E3348.75905
G1 X132.96 Y96.764 E3349.69664
G1 X128.3 Y96.764 E3349.92912
G1 X128.3 Y120.215 E3351.0991
G0 F9000 X128.38 Y115.641
;TYPE:FILL
G1 F3000 X132.88 Y111.142 E3351.41656
G0 F9000 X132.88 Y107.259
G1 F3000 X128.379 Y102.758 E3351.73413
G0 F9000 X128.51 Y102.758
G1 F2700 E3342.73413
G0 F9000 X133.53 Y115.444
G0 X134.625 Y115.444
G0 X143.263 Y115.444
G0 X144.128 Y115.724
;TYPE:WALL-OUTER
G1 F2700 E3351.73413
G1 F1500 X154.1 Y115.724 E3352.23164
G1 X154.1 Y102.804 E3352.87622
G1 X147.84 Y102.804 E3353.18853
G1 X147.838 Y106.423 E3353.36909
G1 X147.798 Y106.512 E3353.37395
G1 X147.687 Y106.583 E3353.38053
G1 X144.125 Y106.588 E3353.55824
G1 X144.128 Y115.724 E3354.01403
G0 F9000 X144.528 Y115.324
;TYPE:WALL-INNER
G1 F1500 X153.7 Y115.324 E3354.47163
G1 X153.7 Y103.204 E3355.0763
G1 X148.24 Y103.204 E3355.3487
G1 X148.24 Y106.483 E3355.51229
G1 X148.112 Y106.759 E3355.52746
G1 X147.941 Y106.908 E3355.53878
G1 X147.74 Y106.988 E3355.54957
G1 X144.525 Y106.988 E3355.70997
G1 X144.528 Y115.324 E3356.12585
G0 F9000 X144.928 Y114.924
G1 F1500 X153.3 Y114.924 E3356.54354
G1 X153.3 Y103.604 E3357.10829
G1 X148.64 Y103.604 E3357.34078
G1 X148.64 Y106.562 E3357.48836
G1 X148.427 Y107.007 E3357.51297
G1 X148.142 Y107.254 E3357.53179
G1 X147.804 Y107.388 E3357.54992
G1 X144.925 Y107.388 E3357.69356
G1 X144.928 Y114.924 E3358.06953
G0 F9000 X147.256 Y114.752
G0 X147.328 Y109.53
G0 X147.107 Y109.53
;TYPE:FILL
G1 F3000 X152.421 Y114.844 E3358.44446
G0 F9000 X147.328 Y108.869
G0 X147.108 Y108.869
G1 F3000 X152.292 Y103.684 E3358.81026
G0 F9000 X147.256 Y114.752
G0 X145.288 Y114.824
G0 X145.288 Y114.564
;TYPE:SKIN
G1 F1500 X147.068 Y114.564 E3358.89906
G1 X147.064 Y107.748 E3359.23911
G1 X145.285 Y107.748 E3359.32787
G1 X145.288 Y114.564 E3359.66792
G0 F9000 X145.288 Y114.824
G0 X146.417 Y114.824
G0 X146.417 Y114.364
G1 F1500 X146.867 Y113.913 E3359.6997
G0 F9000 X146.867 Y113.348
G1 F1500 X145.851 Y114.364 E3359.77139
G0 F9000 X145.488 Y114.162
G1 F1500 X146.867 Y112.783 E3359.86869
G0 F9000 X146.866 Y112.218
G1 F1500 X145.488 Y113.596 E3359.96591
G0 F9000 X145.488 Y113.03
G1 F1500 X146.866 Y111.652 E3360.06314
G0 F9000 X146.865 Y111.087
G1 F1500 X145.487 Y112.465 E3360.16036
G0 F9000 X145.487 Y111.9
G1 F1500 X146.865 Y110.521 E3360.25762
G0 F9000 X146.865 Y109.957
G1 F1500 X145.487 Y111.334 E3360.35481
G0 F9000 X145.487 Y110.769
G1 F1500 X146.865 Y109.391 E3360.45204
G0 F9000 X146.864 Y108.826
G1 F1500 X145.487 Y110.203 E3360.54919
G0 F9000 X145.487 Y109.638
G1 F1500 X146.864 Y108.26 E3360.64638
G0 F9000 X146.611 Y107.948
G1 F1500 X145.486 Y109.073 E3360.72576
G0 F9000 X145.486 Y108.507
G1 F1500 X146.045 Y107.948 E3360.7652
G1 F2700 E3351.7652
;MESH:NONMESH
G0 F300 X146.045 Y107.948 Z16.95
G0 F9000 X146.045 Y107.488
G0 X144.351 Y106.815
G0 X143.263 Y106.816
G0 X134.613 Y95.111
G0 X116.987 Y93.289
G0 X104.625 Y85.372
G0 X103.76 Y85.596
;TIME_ELAPSED:4156.590324
;LAYER:56
;TYPE:WALL-OUTER
;MESH:wildrosebuilds_puzzlecube.stl(1)
G1 F2700 E3360.7652
G1 F1500 X103.765 Y82.26 E3360.93163
G1 X103.913 Y82.108 E3360.94222
G1 X107.172 Y82.108 E3361.10481
G1 X107.172 Y72.676 E3361.57537
G1 X97.5 Y72.676 E3362.05791
G1 X97.5 Y85.596 E3362.70249
G1 X103.76 Y85.596 E3363.0148
G0 F9000 X103.36 Y85.196
;TYPE:WALL-INNER
G1 F1500 X103.36 Y82.209 E3363.16383
G1 X103.496 Y81.927 E3363.17945
G1 X103.674 Y81.78 E3363.19096
G1 X103.877 Y81.708 E3363.20171
G1 X106.772 Y81.708 E3363.34614
G1 X106.772 Y73.076 E3363.77679
G1 X97.9 Y73.076 E3364.21942
G1 X97.9 Y85.196 E3364.82409
G1 X103.36 Y85.196 E3365.09649
G0 F9000 X102.96 Y84.796
G1 F1500 X102.96 Y82.149 E3365.22855
G1 X103.067 Y81.856 E3365.24411
G1 X103.187 Y81.673 E3365.25503
G1 X103.484 Y81.428 E3365.27424
G1 X103.826 Y81.308 E3365.29232
G1 X106.372 Y81.308 E3365.41934
G1 X106.372 Y73.476 E3365.81008
G1 X98.3 Y73.476 E3366.21279
G1 X98.3 Y84.796 E3366.77755
G1 X102.96 Y84.796 E3367.01004
G0 F9000 X99.606 Y84.716
;TYPE:FILL
G1 F3000 X104.192 Y80.129 E3367.33364
G0 F9000 X103.972 Y80.129
G0 X103.972 Y78.272
G0 X104.193 Y78.272
G1 F3000 X99.477 Y73.556 E3367.66638
G0 F9000 X104.045 Y81.136
G0 X106.2 Y81.136
G0 X106.012 Y80.948
;TYPE:SKIN
G1 F1500 X106.012 Y73.836 E3368.0212
G1 X104.232 Y73.836 E3368.11
G1 X104.232 Y80.948 E3368.46482
G1 X106.012 Y80.948 E3368.55363
G0 F9000 X106.272 Y80.948
G0 X104.507 Y81.208
G0 X104.507 Y80.748
G1 F1500 X104.432 Y80.673 E3368.55892
G0 F9000 X104.432 Y80.107
G1 F1500 X105.073 Y80.748 E3368.60415
G0 F9000 X105.638 Y80.748
G1 F1500 X104.432 Y79.542 E3368.68924
G0 F9000 X104.432 Y78.976
G1 F1500 X105.812 Y80.356 E3368.7866
G0 F9000 X105.812 Y79.791
G1 F1500 X104.432 Y78.41 E3368.884
G0 F9000 X104.432 Y77.845
G1 F1500 X105.812 Y79.225 E3368.98137
G0 F9000 X105.812 Y78.659
G1 F1500 X104.432 Y77.279 E3369.07874
G0 F9000 X104.432 Y76.713
G1 F1500 X105.812 Y78.094 E3369.17614
G0 F9000 X105.812 Y77.528
G1 F1500 X104.432 Y76.148 E3369.2735
G0 F9000 X104.432 Y75.582
G1 F1500 X105.812 Y76.962 E3369.37087
G0 F9000 X105.812 Y76.397
G1 F1500 X104.432 Y75.016 E3369.46827
G0 F9000 X104.432 Y74.451
G1 F1500 X105.812 Y75.831 E3369.56564
G0 F9000 X105.812 Y75.265
G1 F1500 X104.583 Y74.036 E3369.65235
G0 F9000 X105.149 Y74.036
G1 F1500 X105.812 Y74.699 E3369.69913
G0 F9000 X105.812 Y74.134
G1 F1500 X105.715 Y74.036 E3369.70601
G1 F2700 E3360.70601
G0 F9000 X105.715 Y73.576
G0 X106.2 Y73.648
G0 X106.949 Y81.885
G0 X108.037 Y81.884
G0 X116.975 Y81.885
G0 X117.84 Y92.436
;TYPE:WALL-OUTER
G1 F2700 E3369.70601
G1 F1500 X124.1 Y92.436 E3370.01832
G1 X124.1 Y66.248 E3371.32485
G1 X117.84 Y72.507 E3371.76649
G1 X117.84 Y92.436 E3372.76075
G0 F9000 X118.24 Y92.036
;TYPE:WALL-INNER
G1 F1500 X123.7 Y92.036 E3373.03315
G1 X123.7 Y67.214 E3374.27152
G1 X118.24 Y72.673 E3374.65672
G1 X118.24 Y92.036 E3375.62275
G0 F9000 X118.64 Y91.636
G1 F1500 X123.3 Y91.636 E3375.85523
G1 X123.3 Y68.179 E3377.02551
G1 X118.64 Y72.839 E3377.3543
G1 X118.64 Y91.636 E3378.29208
G0 F9000 X123.22 Y85.943
;TYPE:FILL
G1 F3000 X118.72 Y81.442 E3378.60962
G0 F9000 X118.72 Y76.957
G1 F3000 X123.22 Y72.458 E3378.92708
G0 F9000 X123.09 Y72.458
G1 F2700 E3369.92708
;MESH:wildrosebuilds_puzzlecube.stl
G0 F9000 X118.064 Y92.212
G0 X118.064 Y93.301
G0 X116.987 Y101.951
G0 X116.987 Y105.437
G0 X114.428 Y115.724
;TYPE:WALL-OUTER
G1 F2700 E3378.92708
G1 F1500 X124.1 Y115.724 E3379.40962
G1 X124.1 Y102.804 E3380.0542
G1 X117.84 Y102.804 E3380.36651
G1 X117.838 Y106.123 E3380.5321
G1 X117.766 Y106.244 E3380.53912
G1 X117.687 Y106.288 E3380.54364
G1 X114.425 Y106.288 E3380.70638
G1 X114.428 Y115.724 E3381.17714
G0 F9000 X114.828 Y115.324
;TYPE:WALL-INNER
G1 F1500 X123.7 Y115.324 E3381.61977
G1 X123.7 Y103.204 E3382.22444
G1 X118.24 Y103.204 E3382.49684
G1 X118.24 Y106.187 E3382.64566
G1 X118.104 Y106.469 E3382.66128
G1 X117.926 Y106.616 E3382.6728
G1 X117.723 Y106.688 E3382.68354
G1 X114.825 Y106.688 E3382.82812
G1 X114.828 Y115.324 E3383.25898
G0 F9000 X115.228 Y114.924
G1 F1500 X123.3 Y114.924 E3383.66169
G1 X123.3 Y103.604 E3384.22645
G1 X118.64 Y103.604 E3384.45894
G1 X118.64 Y106.251 E3384.59099
G1 X118.533 Y106.54 E3384.60637
G1 X118.414 Y106.723 E3384.61726
G1 X118.116 Y106.968 E3384.63651
G1 X117.774 Y107.088 E3384.65459
G1 X115.225 Y107.088 E3384.78176
G1 X115.228 Y114.924 E3385.1727
G0 F9000 X117.556 Y114.752
G0 X117.628 Y110.13
G0 X117.407 Y110.13
;TYPE:FILL
G1 F3000 X122.122 Y114.844 E3385.50533
G0 F9000 X117.628 Y108.269
G0 X117.408 Y108.269
G1 F3000 X121.994 Y103.684 E3385.82886
G0 F9000 X117.556 Y114.752
G0 X115.588 Y114.824
G0 X115.588 Y114.564
;TYPE:SKIN
G1 F1500 X117.368 Y114.564 E3385.91767
G1 X117.364 Y107.448 E3386.27269
G1 X115.585 Y107.448 E3386.36144
G1 X115.588 Y114.564 E3386.71646
G0 F9000 X116.061 Y114.364
G1 F1500 X115.787 Y114.09 E3386.73579
G0 F9000 X115.787 Y113.525
G1 F1500 X116.627 Y114.364 E3386.79502
G0 F9000 X117.168 Y114.34
G1 F1500 X115.787 Y112.959 E3386.89246
G0 F9000 X115.787 Y112.393
G1 F1500 X117.168 Y113.774 E3386.9899
G0 F9000 X117.168 Y113.208
G1 F1500 X115.787 Y111.827 E3387.08733
G0 F9000 X115.787 Y111.261
G1 F1500 X117.168 Y112.642 E3387.18477
G0 F9000 X117.167 Y112.076
G1 F1500 X115.786 Y110.695 E3387.28221
G0 F9000 X115.786 Y110.129
G1 F1500 X117.167 Y111.51 E3387.37965
G0 F9000 X117.166 Y110.944
G1 F1500 X115.786 Y109.563 E3387.47705
G0 F9000 X115.785 Y108.997
G1 F1500 X117.166 Y110.378 E3387.57448
G0 F9000 X117.165 Y109.812
G1 F1500 X115.785 Y108.431 E3387.67189
G0 F9000 X115.785 Y107.866
G1 F1500 X117.165 Y109.246 E3387.76925
G0 F9000 X117.165 Y108.679
G1 F1500 X116.133 Y107.648 E3387.84203
G0 F9000 X116.699 Y107.648
G1 F1500 X117.165 Y108.114 E3387.87491
G0 F9000 X117.928 Y108.114
G1 F2700 E3378.87491
G0 F9000 X117.556 Y114.752
G0 X114.652 Y115.5
G0 X113.563 Y115.501
G0 X104.625 Y115.799
G0 X97.5 Y122.146
;TYPE:WALL-OUTER
G1 F2700 E3387.87491
G1 F1500 X103.76 Y115.889 E3388.31648
G1 X103.76 Y95.964 E3389.31054
G1 X97.5 Y95.964 E3389.62286
G1 X97.5 Y122.146 E3390.92908
G0 F9000 X97.748 Y121.554
G0 X98.171 Y120.549
G0 X97.9 Y121.181
;TYPE:WALL-INNER
G1 F1500 X103.36 Y115.723 E3391.31424
G1 X103.36 Y96.364 E3392.28007
G1 X97.9 Y96.364 E3392.55247
G1 X97.9 Y121.181 E3393.79059
G0 F9000 X98.148 Y120.588
G0 X98.3 Y120.215
G1 F1500 X102.96 Y115.557 E3394.11931
G1 X102.96 Y96.764 E3395.0569
G1 X98.3 Y96.764 E3395.28939
G1 X98.3 Y120.215 E3396.45936
G0 F9000 X98.38 Y115.941
;TYPE:FILL
G1 F3000 X102.88 Y111.441 E3396.77686
G0 F9000 X102.88 Y106.958
G1 F3000 X98.38 Y102.458 E3397.09436
G0 F9000 X98.51 Y102.458
G1 F2700 E3388.09436
;MESH:wildrosebuilds_puzzlecube.stl(2)
G0 F9000 X103.532 Y115.799
G0 X104.625 Y115.799
G0 X113.575 Y116.577
G0 X124.953 Y116.577
G0 X126.635 Y115.799
G0 X127.5 Y122.146
;TYPE:WALL-OUTER
G1 F2700 E3397.09436
G1 F1500 X133.76 Y115.889 E3397.53593
G1 X133.76 Y95.964 E3398.52999
G1 X127.5 Y95.964 E3398.84231
G1 X127.5 Y122.146 E3400.14853
G0 F9000 X127.748 Y121.554
G0 X128.171 Y120.549
G0 X127.9 Y121.181
;TYPE:WALL-INNER
G1 F1500 X133.36 Y115.723 E3400.53369
G1 X133.36 Y96.364 E3401.49952
G1 X127.9 Y96.364 E3401.77192
G1 X127.9 Y121.181 E3403.01004
G0 F9000 X128.148 Y120.588
G0 X128.3 Y120.215
G1 F1500 X132.96 Y115.557 E3403.33876
G1 X132.96 Y96.764 E3404.27635
G1 X128.3 Y96.764 E3404.50883
G1 X128.3 Y120.215 E3405.67881
G0 F9000 X128.38 Y115.941
;TYPE:FILL
G1 F3000 X132.88 Y111.441 E3405.99631
G0 F9000 X132.88 Y106.959
G1 F3000 X128.379 Y102.458 E3406.31388
G0 F9000 X128.51 Y102.458
G1 F2700 E3397.31388
G0 F9000 X133.53 Y115.444
G0 X134.625 Y115.444
G0 X143.563 Y115.444
G0 X144.428 Y115.724
;TYPE:WALL-OUTER
G1 F2700 E3406.31388
G1 F1500 X154.1 Y115.724 E3406.79642
G1 X154.1 Y102.804 E3407.441
G1 X147.84 Y102.804 E3407.75331
G1 X147.838 Y106.123 E3407.9189
G1 X147.766 Y106.244 E3407.92592
G1 X147.687 Y106.288 E3407.93043
G1 X144.425 Y106.288 E3408.09317
G1 X144.428 Y115.724 E3408.56394
G0 F9000 X144.828 Y115.324
;TYPE:WALL-INNER
G1 F1500 X153.7 Y115.324 E3409.00656
G1 X153.7 Y103.204 E3409.61123
G1 X148.24 Y103.204 E3409.88363
G1 X148.24 Y106.187 E3410.03246
G1 X148.104 Y106.469 E3410.04808
G1 X147.926 Y106.616 E3410.05959
G1 X147.723 Y106.688 E3410.07034
G1 X144.825 Y106.688 E3410.21492
G1 X144.828 Y115.324 E3410.64577
G0 F9000 X145.228 Y114.924
G1 F1500 X153.3 Y114.924 E3411.04849
G1 X153.3 Y103.604 E3411.61324
G1 X148.64 Y103.604 E3411.84573
G1 X148.64 Y106.251 E3411.97779
G1 X148.533 Y106.54 E3411.99317
G1 X148.414 Y106.723 E3412.00406
G1 X148.116 Y106.968 E3412.0233
G1 X147.774 Y107.088 E3412.04139
G1 X145.225 Y107.088 E3412.16856
G1 X145.228 Y114.924 E3412.5595
G0 F9000 X147.556 Y114.752
G0 X147.628 Y110.13
G0 X147.407 Y110.13
;TYPE:FILL
G1 F3000 X152.121 Y114.844 E3412.89209
G0 F9000 X147.628 Y108.269
G0 X147.408 Y108.269
G1 F3000 X151.993 Y103.684 E3413.21559
G0 F9000 X147.556 Y114.752
G0 X145.588 Y114.824
G0 X145.588 Y114.564
;TYPE:SKIN
G1 F1500 X147.368 Y114.564 E3413.3044
G1 X147.364 Y107.448 E3413.65941
G1 X145.585 Y107.448 E3413.74817
G1 X145.588 Y114.564 E3414.10319
G0 F9000 X146.042 Y114.364
G1 F1500 X145.787 Y114.109 E3414.12118
G0 F9000 X145.787 Y113.543
G1 F1500 X146.608 Y114.364 E3414.17911
G0 F9000 X147.168 Y114.358
G1 F1500 X145.787 Y112.977 E3414.27654
G0 F9000 X145.786 Y112.411
G1 F1500 X147.168 Y113.793 E3414.37405
G0 F9000 X147.167 Y113.226
G1 F1500 X145.786 Y111.845 E3414.47149
G0 F9000 X145.786 Y111.28
G1 F1500 X147.167 Y112.66 E3414.56889
G0 F9000 X147.167 Y112.094
G1 F1500 X145.786 Y110.713 E3414.66633
G0 F9000 X145.786 Y110.147
G1 F1500 X147.167 Y111.528 E3414.76376
G0 F9000 X147.166 Y110.962
G1 F1500 X145.786 Y109.582 E3414.86113
G0 F9000 X145.785 Y109.015
G1 F1500 X147.166 Y110.396 E3414.95857
G0 F9000 X147.165 Y109.83
G1 F1500 X145.785 Y108.45 E3415.05593
G0 F9000 X145.785 Y107.884
G1 F1500 X147.165 Y109.264 E3415.1533
G0 F9000 X147.164 Y108.698
G1 F1500 X146.114 Y107.648 E3415.22738
G0 F9000 X146.68 Y107.648
G1 F1500 X147.164 Y108.132 E3415.26153
G0 F9000 X147.928 Y108.132
G1 F2700 E3406.26153
;MESH:NONMESH
G0 F300 X147.928 Y108.132 Z17.25
G0 F9000 X147.555 Y107.26
G0 X144.651 Y106.515
G0 X143.563 Y106.516
G0 X134.613 Y95.111
G0 X116.987 Y93.289
G0 X104.625 Y85.372
G0 X103.76 Y85.596
;TIME_ELAPSED:4218.578872
;LAYER:57
;TYPE:WALL-OUTER
;MESH:wildrosebuilds_puzzlecube.stl(1)
G1 F2700 E3415.26153
G1 F1500 X103.766 Y82.556 E3415.4132
G1 X103.83 Y82.455 E3415.41916
G1 X103.96 Y82.408 E3415.42606
G1 X106.872 Y82.408 E3415.57134
G1 X106.872 Y72.676 E3416.05687
G1 X97.5 Y72.676 E3416.52444
G1 X97.501 Y85.595 E3417.16897
G1 X103.76 Y85.596 E3417.48124
G0 F9000 X103.36 Y85.196
;TYPE:WALL-INNER
G1 F1500 X103.36 Y82.582 E3417.61165
G1 X103.426 Y82.333 E3417.6245
G1 X103.571 Y82.15 E3417.63615
G1 X103.742 Y82.048 E3417.64608
G1 X103.96 Y82.008 E3417.65714
G1 X106.472 Y82.008 E3417.78246
G1 X106.472 Y73.076 E3418.22808
G1 X97.9 Y73.076 E3418.65574
G1 X97.901 Y85.195 E3419.26036
G1 X103.36 Y85.196 E3419.53271
G0 F9000 X102.96 Y84.796
G1 F1500 X102.96 Y82.564 E3419.64407
G1 X102.994 Y82.348 E3419.65498
G1 X103.181 Y81.98 E3419.67557
G1 X103.454 Y81.744 E3419.69357
G1 X103.809 Y81.608 E3419.71254
G1 X106.072 Y81.608 E3419.82544
G1 X106.072 Y73.476 E3420.23115
G1 X98.3 Y73.476 E3420.6189
G1 X98.301 Y84.795 E3421.1836
G1 X102.96 Y84.796 E3421.41604
G0 F9000 X99.906 Y84.716
;TYPE:FILL
G1 F3000 X103.892 Y80.729 E3421.69731
G0 F9000 X103.672 Y80.729
G0 X103.672 Y77.672
G0 X103.893 Y77.672
G1 F3000 X99.777 Y73.556 E3421.98772
G0 F9000 X103.785 Y81.447
G0 X105.9 Y81.436
G0 X105.712 Y81.248
;TYPE:SKIN
G1 F1500 X105.712 Y73.836 E3422.3575
G1 X103.932 Y73.836 E3422.44631
G1 X103.932 Y81.248 E3422.81609
G1 X105.712 Y81.248 E3422.9049
G0 F9000 X105.063 Y81.048
G1 F1500 X105.512 Y80.598 E3422.93661
G0 F9000 X105.512 Y80.032
G1 F1500 X104.497 Y81.048 E3423.00826
G0 F9000 X104.132 Y80.847
G1 F1500 X105.512 Y79.467 E3423.10563
G0 F9000 X105.512 Y78.901
G1 F1500 X104.132 Y80.281 E3423.203
G0 F9000 X104.132 Y79.716
G1 F1500 X105.512 Y78.335 E3423.3004
G0 F9000 X105.512 Y77.77
G1 F1500 X104.132 Y79.15 E3423.39776
G0 F9000 X104.132 Y78.584
G1 F1500 X105.512 Y77.204 E3423.49513
G0 F9000 X105.512 Y76.638
G1 F1500 X104.132 Y78.019 E3423.59253
G0 F9000 X104.132 Y77.453
G1 F1500 X105.512 Y76.073 E3423.6899
G0 F9000 X105.512 Y75.507
G1 F1500 X104.132 Y76.887 E3423.78726
G0 F9000 X104.132 Y76.322
G1 F1500 X105.512 Y74.941 E3423.88467
G0 F9000 X105.512 Y74.376
G1 F1500 X104.132 Y75.756 E3423.98203
G0 F9000 X104.132 Y75.19
G1 F1500 X105.286 Y74.036 E3424.06345
G0 F9000 X104.72 Y74.036
G1 F1500 X104.132 Y74.625 E3424.10498
G0 F9000 X103.372 Y74.625
G1 F2700 E3415.10498
G0 F9000 X103.753 Y81.444
G0 X106.649 Y82.185
G0 X107.737 Y82.184
G0 X116.975 Y82.185
G0 X117.84 Y92.436
;TYPE:WALL-OUTER
G1 F2700 E3424.10498
G1 F1500 X124.1 Y92.436 E3424.41729
G1 X124.1 Y66.248 E3425.72381
G1 X117.84 Y72.507 E3426.16545
G1 X117.84 Y92.436 E3427.15972
G0 F9000 X118.24 Y92.036
;TYPE:WALL-INNER
G1 F1500 X123.7 Y92.036 E3427.43212
G1 X123.7 Y67.214 E3428.67049
G1 X118.24 Y72.673 E3429.05569
G1 X118.24 Y92.036 E3430.02171
G0 F9000 X118.64 Y91.636
G1 F1500 X123.3 Y91.636 E3430.2542
G1 X123.3 Y68.179 E3431.42448
G1 X118.64 Y72.839 E3431.75326
G1 X118.64 Y91.636 E3432.69105
G0 F9000 X123.22 Y86.243
;TYPE:FILL
G1 F3000 X118.72 Y81.742 E3433.00858
G0 F9000 X118.72 Y76.657
G1 F3000 X123.22 Y72.158 E3433.32605
G0 F9000 X123.09 Y72.158
G1 F2700 E3424.32605
;MESH:wildrosebuilds_puzzlecube.stl
G0 F9000 X118.064 Y92.212
G0 X118.064 Y93.301
G0 X116.987 Y101.951
G0 X116.987 Y105.137
G0 X114.728 Y115.724
;TYPE:WALL-OUTER
G1 F2700 E3433.32605
G1 F1500 X124.1 Y115.724 E3433.79362
G1 X124.1 Y102.804 E3434.4382
G1 X117.84 Y102.804 E3434.75051
G1 X117.838 Y105.823 E3434.90113
G1 X117.77 Y105.941 E3434.90793
G1 X117.64 Y105.988 E3434.91482
G1 X114.725 Y105.988 E3435.06025
G1 X114.728 Y115.724 E3435.54598
G0 F9000 X115.128 Y115.324
;TYPE:WALL-INNER
G1 F1500 X123.7 Y115.324 E3435.97364
G1 X123.7 Y103.204 E3436.57831
G1 X118.24 Y103.204 E3436.85071
G1 X118.24 Y105.815 E3436.98098
G1 X118.174 Y106.063 E3436.99378
G1 X118.029 Y106.246 E3437.00543
G1 X117.858 Y106.348 E3437.01536
G1 X117.64 Y106.388 E3437.02642
G1 X115.125 Y106.388 E3437.15189
G1 X115.128 Y115.324 E3437.59771
G0 F9000 X115.528 Y114.924
G1 F1500 X123.3 Y114.924 E3437.98546
G1 X123.3 Y103.604 E3438.55022
G1 X118.64 Y103.604 E3438.7827
G1 X118.639 Y105.833 E3438.89391
G1 X118.606 Y106.049 E3438.90481
G1 X118.419 Y106.416 E3438.92536
G1 X118.146 Y106.652 E3438.94336
G1 X117.791 Y106.788 E3438.96233
G1 X115.525 Y106.788 E3439.07538
G1 X115.528 Y114.924 E3439.48129
G0 F9000 X117.856 Y114.752
G0 X117.928 Y110.729
G0 X117.707 Y110.729
;TYPE:FILL
G1 F3000 X121.822 Y114.844 E3439.77162
G0 F9000 X117.928 Y107.67
G0 X117.708 Y107.67
G1 F3000 X121.694 Y103.684 E3440.05286
G0 F9000 X117.856 Y114.752
G0 X115.888 Y114.824
G0 X115.888 Y114.564
;TYPE:SKIN
G1 F1500 X117.668 Y114.564 E3440.14166
G1 X117.664 Y107.148 E3440.51165
G1 X115.885 Y107.148 E3440.6004
G1 X115.888 Y114.564 E3440.97039
G0 F9000 X115.888 Y114.824
G0 X117.856 Y114.752
G0 X117.928 Y113.898
G0 X117.467 Y113.898
G1 F1500 X117.001 Y114.364 E3441.00327
G0 F9000 X116.436 Y114.364
G1 F1500 X117.467 Y113.332 E3441.07604
G0 F9000 X117.467 Y112.767
G1 F1500 X116.088 Y114.146 E3441.17334
G0 F9000 X116.088 Y113.58
G1 F1500 X117.467 Y112.202 E3441.2706
G0 F9000 X117.466 Y111.637
G1 F1500 X116.088 Y113.015 E3441.36783
G0 F9000 X116.087 Y112.45
G1 F1500 X117.466 Y111.071 E3441.46512
G0 F9000 X117.465 Y110.506
G1 F1500 X116.087 Y111.884 E3441.56235
G0 F9000 X116.087 Y111.318
G1 F1500 X117.465 Y109.94 E3441.65957
G0 F9000 X117.465 Y109.375
G1 F1500 X116.086 Y110.753 E3441.75683
G0 F9000 X116.086 Y110.188
G1 F1500 X117.465 Y108.81 E3441.85409
G0 F9000 X117.464 Y108.245
G1 F1500 X116.086 Y109.622 E3441.95128
G0 F9000 X116.086 Y109.057
G1 F1500 X117.464 Y107.679 E3442.04851
G0 F9000 X117.229 Y107.348
G1 F1500 X116.086 Y108.491 E3442.12915
G0 F9000 X116.086 Y107.926
G1 F1500 X116.663 Y107.348 E3442.1699
G1 F2700 E3433.1699
G0 F9000 X116.663 Y106.888
G0 X115.697 Y106.96
G0 X114.952 Y115.5
G0 X113.863 Y115.501
G0 X104.625 Y115.799
G0 X97.5 Y122.146
;TYPE:WALL-OUTER
G1 F2700 E3442.1699
G1 F1500 X103.76 Y115.889 E3442.61147
G1 X103.76 Y95.964 E3443.60553
G1 X97.5 Y95.964 E3443.91785
G1 X97.5 Y122.146 E3445.22407
G0 F9000 X97.748 Y121.554
G0 X98.171 Y120.549
G0 X97.9 Y121.181
;TYPE:WALL-INNER
G1 F1500 X103.36 Y115.723 E3445.60923
G1 X103.36 Y96.364 E3446.57506
G1 X97.9 Y96.364 E3446.84746
G1 X97.9 Y121.181 E3448.08558
G0 F9000 X98.148 Y120.588
G0 X98.3 Y120.215
G1 F1500 X102.96 Y115.557 E3448.4143
G1 X102.96 Y96.764 E3449.35189
G1 X98.3 Y96.764 E3449.58438
G1 X98.3 Y120.215 E3450.75435
G0 F9000 X98.38 Y116.241
;TYPE:FILL
G1 F3000 X102.88 Y111.741 E3451.07185
G0 F9000 X102.88 Y106.659
G1 F3000 X98.38 Y102.159 E3451.38935
G0 F9000 X98.51 Y102.159
G1 F2700 E3442.38935
;MESH:wildrosebuilds_puzzlecube.stl(2)
G0 F9000 X103.532 Y115.799
G0 X104.625 Y115.799
G0 X113.875 Y116.577
G0 X124.953 Y116.577
G0 X126.635 Y115.799
G0 X127.5 Y122.146
;TYPE:WALL-OUTER
G1 F2700 E3451.38935
G1 F1500 X133.76 Y115.889 E3451.83092
G1 X133.76 Y95.964 E3452.82498
G1 X127.5 Y95.964 E3453.1373
G1 X127.5 Y122.146 E3454.44352
G0 F9000 X127.748 Y121.554
G0 X128.171 Y120.549
G0 X127.9 Y121.181
;TYPE:WALL-INNER
G1 F1500 X133.36 Y115.723 E3454.82868
G1 X133.36 Y96.364 E3455.79451
G1 X127.9 Y96.364 E3456.06691
G1 X127.9 Y121.181 E3457.30503
G0 F9000 X128.148 Y120.588
G0 X128.3 Y120.215
G1 F1500 X132.96 Y115.557 E3457.63375
G1 X132.96 Y96.764 E3458.57134
G1 X128.3 Y96.764 E3458.80383
G1 X128.3 Y120.215 E3459.9738
G0 F9000 X128.38 Y116.241
;TYPE:FILL
G1 F3000 X132.88 Y111.741 E3460.2913
G0 F9000 X132.88 Y106.659
G1 F3000 X128.379 Y102.159 E3460.60883
G0 F9000 X128.51 Y102.159
G1 F2700 E3451.60883
G0 F9000 X133.53 Y115.444
G0 X134.625 Y115.444
G0 X143.863 Y115.444
G0 X144.728 Y115.724
;TYPE:WALL-OUTER
G1 F2700 E3460.60883
G1 F1500 X154.1 Y115.724 E3461.07641
G1 X154.1 Y102.804 E3461.72099
G1 X147.84 Y102.804 E3462.0333
G1 X147.838 Y105.823 E3462.18392
G1 X147.77 Y105.941 E3462.19071
G1 X147.64 Y105.988 E3462.19761
G1 X144.725 Y105.988 E3462.34304
G1 X144.728 Y115.724 E3462.82877
G0 F9000 X145.128 Y115.324
;TYPE:WALL-INNER
G1 F1500 X153.7 Y115.324 E3463.25643
G1 X153.7 Y103.204 E3463.8611
G1 X148.24 Y103.204 E3464.1335
G1 X148.24 Y105.815 E3464.26376
G1 X148.174 Y106.063 E3464.27657
G1 X148.029 Y106.246 E3464.28821
G1 X147.858 Y106.348 E3464.29815
G1 X147.64 Y106.388 E3464.30921
G1 X145.125 Y106.388 E3464.43468
G1 X145.128 Y115.324 E3464.8805
G0 F9000 X145.528 Y114.924
G1 F1500 X153.3 Y114.924 E3465.26824
G1 X153.3 Y103.604 E3465.833
G1 X148.64 Y103.604 E3466.06549
G1 X148.639 Y105.833 E3466.1767
G1 X148.606 Y106.049 E3466.1876
G1 X148.419 Y106.416 E3466.20815
G1 X148.146 Y106.652 E3466.22615
G1 X147.791 Y106.788 E3466.24512
G1 X145.525 Y106.788 E3466.35817
G1 X145.528 Y114.924 E3466.76407
G0 F9000 X147.856 Y114.752
G0 X147.928 Y110.729
G0 X147.707 Y110.729
;TYPE:FILL
G1 F3000 X151.821 Y114.844 E3467.05437
G0 F9000 X147.928 Y107.67
G0 X147.708 Y107.67
G1 F3000 X151.693 Y103.684 E3467.33557
G0 F9000 X147.856 Y114.752
G0 X145.888 Y114.824
G0 X145.888 Y114.564
;TYPE:SKIN
G1 F1500 X147.668 Y114.564 E3467.42438
G1 X147.664 Y107.148 E3467.79436
G1 X145.885 Y107.148 E3467.88312
G1 X145.888 Y114.564 E3468.2531
G0 F9000 X145.888 Y114.824
G0 X147.856 Y114.752
G0 X147.928 Y113.88
G0 X147.467 Y113.88
G1 F1500 X146.983 Y114.364 E3468.28725
G0 F9000 X146.417 Y114.364
G1 F1500 X147.467 Y113.314 E3468.36134
G0 F9000 X147.466 Y112.749
G1 F1500 X146.088 Y114.128 E3468.4586
G0 F9000 X146.088 Y113.562
G1 F1500 X147.466 Y112.183 E3468.55586
G0 F9000 X147.466 Y111.618
G1 F1500 X146.088 Y112.996 E3468.65308
G0 F9000 X146.087 Y112.431
G1 F1500 X147.466 Y111.053 E3468.75034
G0 F9000 X147.465 Y110.488
G1 F1500 X146.087 Y111.866 E3468.84757
G0 F9000 X146.087 Y111.3
G1 F1500 X147.465 Y109.922 E3468.94479
G0 F9000 X147.464 Y109.357
G1 F1500 X146.086 Y110.735 E3469.04202
G0 F9000 X146.086 Y110.169
G1 F1500 X147.464 Y108.791 E3469.13924
G0 F9000 X147.464 Y108.226
G1 F1500 X146.086 Y109.604 E3469.23647
G0 F9000 X146.085 Y109.039
G1 F1500 X147.464 Y107.661 E3469.33373
G0 F9000 X147.21 Y107.348
G1 F1500 X146.085 Y108.473 E3469.41311
G0 F9000 X146.085 Y107.907
G1 F1500 X146.645 Y107.348 E3469.45258
G1 F2700 E3460.45258
;MESH:NONMESH
G0 F300 X146.645 Y107.348 Z17.55
G0 F9000 X146.645 Y106.888
G0 X144.951 Y106.215
G0 X143.863 Y106.216
G0 X134.613 Y95.111
G0 X116.987 Y93.289
G0 X104.625 Y85.372
G0 X103.76 Y85.596
;TIME_ELAPSED:4280.573400
;LAYER:58
;TYPE:WALL-OUTER
;MESH:wildrosebuilds_puzzlecube.stl(1)
G1 F2700 E3469.45258
G1 F1500 X103.761 Y82.88 E3469.58808
G1 X103.793 Y82.797 E3469.59252
G1 X103.913 Y82.713 E3469.59983
G1 X106.572 Y82.708 E3469.73249
G1 X106.572 Y72.676 E3470.23299
G1 X97.5 Y72.676 E3470.68559
G1 X97.501 Y85.595 E3471.33012
G1 X103.76 Y85.596 E3471.64238
G0 F9000 X103.36 Y85.196
;TYPE:WALL-INNER
G1 F1500 X103.365 Y82.825 E3471.76067
G1 X103.459 Y82.576 E3471.77395
G1 X103.625 Y82.409 E3471.7857
G1 X103.856 Y82.308 E3471.79828
G1 X106.172 Y82.308 E3471.91382
G1 X106.172 Y73.076 E3472.37441
G1 X97.9 Y73.076 E3472.7871
G1 X97.901 Y85.195 E3473.39172
G1 X103.36 Y85.196 E3473.66407
G0 F9000 X102.96 Y84.796
G1 F1500 X102.96 Y82.806 E3473.76335
G1 X103.026 Y82.55 E3473.77654
G1 X103.126 Y82.355 E3473.78748
G1 X103.403 Y82.077 E3473.80705
G1 X103.786 Y81.908 E3473.82794
G1 X105.772 Y81.908 E3473.92702
G1 X105.772 Y73.476 E3474.3477
G1 X98.3 Y73.476 E3474.72048
G1 X98.301 Y84.795 E3475.28518
G1 X102.96 Y84.796 E3475.51762
G0 F9000 X100.206 Y84.716
;TYPE:FILL
G1 F3000 X103.593 Y81.329 E3475.75659
G0 F9000 X103.372 Y81.329
G0 X103.372 Y77.073
G0 X103.593 Y77.073
G1 F3000 X100.077 Y73.556 E3476.0047
G0 F9000 X103.452 Y81.864
G0 X105.6 Y81.736
G0 X105.412 Y81.548
;TYPE:SKIN
G1 F1500 X105.412 Y73.836 E3476.38945
G1 X103.632 Y73.836 E3476.47826
G1 X103.633 Y81.589 E3476.86506
G1 X103.94 Y81.549 E3476.8805
G1 X105.412 Y81.548 E3476.95394
G0 F9000 X105.672 Y81.548
G0 X103.977 Y81.808
G0 X103.977 Y81.349
G1 F1500 X103.832 Y81.205 E3476.96414
G0 F9000 X103.832 Y80.639
G1 F1500 X104.541 Y81.348 E3477.01416
G0 F9000 X105.107 Y81.348
G1 F1500 X103.832 Y80.073 E3477.10412
G0 F9000 X103.832 Y79.508
G1 F1500 X105.212 Y80.887 E3477.20145
G0 F9000 X105.212 Y80.322
G1 F1500 X103.832 Y78.942 E3477.29882
G0 F9000 X103.832 Y78.376
G1 F1500 X105.212 Y79.756 E3477.39618
G0 F9000 X105.212 Y79.19
G1 F1500 X103.832 Y77.811 E3477.49351
G0 F9000 X103.832 Y77.245
G1 F1500 X105.212 Y78.625 E3477.59088
G0 F9000 X105.212 Y78.059
G1 F1500 X103.832 Y76.679 E3477.68825
G0 F9000 X103.832 Y76.114
G1 F1500 X105.212 Y77.493 E3477.78558
G0 F9000 X105.212 Y76.928
G1 F1500 X103.832 Y75.548 E3477.88294
G0 F9000 X103.832 Y74.982
G1 F1500 X105.212 Y76.362 E3477.98031
G0 F9000 X105.212 Y75.796
G1 F1500 X103.832 Y74.417 E3478.07764
G0 F9000 X104.018 Y74.036
G1 F1500 X105.212 Y75.231 E3478.16192
G0 F9000 X105.212 Y74.665
G1 F1500 X104.583 Y74.036 E3478.2063
G0 F9000 X105.149 Y74.036
G1 F1500 X105.212 Y74.099 E3478.21075
G1 F2700 E3469.21075
G0 F9000 X105.672 Y74.099
G0 X106.349 Y82.485
G0 X107.437 Y82.484
G0 X116.975 Y82.485
G0 X117.84 Y92.436
;TYPE:WALL-OUTER
G1 F2700 E3478.21075
G1 F1500 X124.1 Y92.436 E3478.52306
G1 X124.1 Y66.248 E3479.82958
G1 X117.84 Y72.507 E3480.27122
G1 X117.84 Y92.436 E3481.26549
G0 F9000 X118.24 Y92.036
;TYPE:WALL-INNER
G1 F1500 X123.7 Y92.036 E3481.53789
G1 X123.7 Y67.214 E3482.77626
G1 X118.24 Y72.673 E3483.16146
G1 X118.24 Y92.036 E3484.12748
G0 F9000 X118.64 Y91.636
G1 F1500 X123.3 Y91.636 E3484.35997
G1 X123.3 Y68.179 E3485.53024
G1 X118.64 Y72.839 E3485.85903
G1 X118.64 Y91.636 E3486.79682
G0 F9000 X123.22 Y86.543
;TYPE:FILL
G1 F3000 X118.72 Y82.042 E3487.11435
G0 F9000 X118.72 Y76.358
G1 F3000 X123.22 Y71.858 E3487.43185
G0 F9000 X123.09 Y71.858
G1 F2700 E3478.43185
;MESH:wildrosebuilds_puzzlecube.stl
G0 F9000 X118.064 Y92.212
G0 X118.064 Y93.301
G0 X116.987 Y101.951
G0 X116.987 Y104.837
G0 X115.028 Y115.724
;TYPE:WALL-OUTER
G1 F2700 E3487.43185
G1 F1500 X124.1 Y115.724 E3487.88446
G1 X124.1 Y102.804 E3488.52904
G1 X117.84 Y102.804 E3488.84135
G1 X117.838 Y105.523 E3488.977
G1 X117.807 Y105.599 E3488.9811
G1 X117.687 Y105.683 E3488.98841
G1 X115.025 Y105.688 E3489.12121
G1 X115.028 Y115.724 E3489.62191
G0 F9000 X115.428 Y115.324
;TYPE:WALL-INNER
G1 F1500 X123.7 Y115.324 E3490.0346
G1 X123.7 Y103.204 E3490.63927
G1 X118.24 Y103.204 E3490.91167
G1 X118.24 Y105.563 E3491.02936
G1 X118.141 Y105.82 E3491.0431
G1 X117.975 Y105.987 E3491.05485
G1 X117.744 Y106.088 E3491.06743
G1 X115.425 Y106.088 E3491.18313
G1 X115.428 Y115.324 E3491.64391
G0 F9000 X115.828 Y114.924
G1 F1500 X123.3 Y114.924 E3492.01669
G1 X123.3 Y103.604 E3492.58145
G1 X118.64 Y103.604 E3492.81394
G1 X118.64 Y105.611 E3492.91407
G1 X118.474 Y106.041 E3492.93706
G1 X118.197 Y106.319 E3492.95664
G1 X117.814 Y106.488 E3492.97753
G1 X115.825 Y106.488 E3493.07676
G1 X115.828 Y114.924 E3493.49763
G0 F9000 X118.156 Y114.752
G0 X118.228 Y111.33
G0 X118.008 Y111.33
;TYPE:FILL
G1 F3000 X121.522 Y114.844 E3493.74556
G0 F9000 X118.228 Y107.07
G0 X118.008 Y107.07
G1 F3000 X121.394 Y103.684 E3493.98446
G0 F9000 X118.156 Y114.752
G0 X116.188 Y114.824
G0 X116.188 Y114.564
;TYPE:SKIN
G1 F1500 X117.968 Y114.564 E3494.07327
G1 X117.965 Y106.806 E3494.46032
G1 X117.655 Y106.847 E3494.47592
G1 X116.185 Y106.848 E3494.54926
G1 X116.188 Y114.564 E3494.93421
G0 F9000 X116.627 Y114.364
G1 F1500 X116.387 Y114.124 E3494.95114
G0 F9000 X116.387 Y113.559
G1 F1500 X117.192 Y114.364 E3495.00794
G0 F9000 X117.758 Y114.364
G1 F1500 X116.387 Y112.993 E3495.10467
G0 F9000 X116.386 Y112.426
G1 F1500 X117.768 Y113.808 E3495.20218
G0 F9000 X117.768 Y113.242
G1 F1500 X116.386 Y111.861 E3495.29965
G0 F9000 X116.386 Y111.295
G1 F1500 X117.768 Y112.677 E3495.39716
G0 F9000 X117.767 Y112.11
G1 F1500 X116.386 Y110.729 E3495.4946
G0 F9000 X116.386 Y110.163
G1 F1500 X117.767 Y111.545 E3495.59207
G0 F9000 X117.767 Y110.979
G1 F1500 X116.386 Y109.597 E3495.68954
G0 F9000 X116.386 Y109.032
G1 F1500 X117.767 Y110.413 E3495.78698
G0 F9000 X117.767 Y109.847
G1 F1500 X116.385 Y108.465 E3495.88448
G0 F9000 X116.385 Y107.9
G1 F1500 X117.767 Y109.281 E3495.98196
G0 F9000 X117.766 Y108.715
G1 F1500 X116.385 Y107.334 E3496.07939
G0 F9000 X116.665 Y107.048
G1 F1500 X117.766 Y108.149 E3496.15708
G0 F9000 X117.766 Y107.583
G1 F1500 X117.231 Y107.048 E3496.19482
G1 F2700 E3487.19482
G0 F9000 X117.231 Y106.588
G0 X115.997 Y106.66
G0 X115.252 Y115.5
G0 X114.163 Y115.501
G0 X104.625 Y115.799
G0 X97.5 Y122.146
;TYPE:WALL-OUTER
G1 F2700 E3496.19482
G1 F1500 X103.76 Y115.889 E3496.63639
G1 X103.76 Y95.964 E3497.63046
G1 X97.5 Y95.964 E3497.94277
G1 X97.5 Y122.146 E3499.24899
G0 F9000 X97.748 Y121.554
G0 X98.171 Y120.549
G0 X97.9 Y121.181
;TYPE:WALL-INNER
G1 F1500 X103.36 Y115.723 E3499.63416
G1 X103.36 Y96.364 E3500.59998
G1 X97.9 Y96.364 E3500.87238
G1 X97.9 Y121.181 E3502.11051
G0 F9000 X98.148 Y120.588
G0 X98.3 Y120.215
G1 F1500 X102.96 Y115.557 E3502.43922
G1 X102.96 Y96.764 E3503.37681
G1 X98.3 Y96.764 E3503.6093
G1 X98.3 Y120.215 E3504.77927
G0 F9000 X98.38 Y116.54
;TYPE:FILL
G1 F3000 X102.88 Y112.041 E3505.09674
G0 F9000 X102.88 Y106.359
G1 F3000 X98.38 Y101.859 E3505.41424
G0 F9000 X98.51 Y101.859
G1 F2700 E3496.41424
;MESH:wildrosebuilds_puzzlecube.stl(2)
G0 F9000 X103.532 Y115.799
G0 X104.625 Y115.799
G0 X114.175 Y116.577
G0 X124.953 Y116.577
G0 X126.635 Y115.799
G0 X127.5 Y122.146
;TYPE:WALL-OUTER
G1 F2700 E3505.41424
G1 F1500 X133.76 Y115.889 E3505.85581
G1 X133.76 Y95.964 E3506.84987
G1 X127.5 Y95.964 E3507.16218
G1 X127.5 Y122.146 E3508.46841
G0 F9000 X127.748 Y121.554
G0 X128.171 Y120.549
G0 X127.9 Y121.181
;TYPE:WALL-INNER
G1 F1500 X133.36 Y115.723 E3508.85357
G1 X133.36 Y96.364 E3509.81939
G1 X127.9 Y96.364 E3510.09179
G1 X127.9 Y121.181 E3511.32992
G0 F9000 X128.148 Y120.588
G0 X128.3 Y120.215
G1 F1500 X132.96 Y115.557 E3511.65864
G1 X132.96 Y96.764 E3512.59622
G1 X128.3 Y96.764 E3512.82871
G1 X128.3 Y120.215 E3513.99869
G0 F9000 X128.38 Y116.54
;TYPE:FILL
G1 F3000 X132.88 Y112.041 E3514.31615
G0 F9000 X132.88 Y106.359
G1 F3000 X128.379 Y101.859 E3514.63369
G0 F9000 X128.51 Y101.859
G1 F2700 E3505.63369
G0 F9000 X133.53 Y115.444
G0 X134.625 Y115.444
G0 X144.163 Y115.444
G0 X145.028 Y115.724
;TYPE:WALL-OUTER
G1 F2700 E3514.63369
G1 F1500 X154.1 Y115.724 E3515.08629
G1 X154.1 Y102.804 E3515.73087
G1 X147.84 Y102.804 E3516.04318
G1 X147.838 Y105.523 E3516.17884
G1 X147.807 Y105.599 E3516.18293
G1 X147.687 Y105.683 E3516.19024
G1 X145.025 Y105.688 E3516.32305
G1 X145.028 Y115.724 E3516.82374
G0 F9000 X145.428 Y115.324
;TYPE:WALL-INNER
G1 F1500 X153.7 Y115.324 E3517.23644
G1 X153.7 Y103.204 E3517.84111
G1 X148.24 Y103.204 E3518.11351
G1 X148.24 Y105.563 E3518.2312
G1 X148.141 Y105.82 E3518.24494
G1 X147.975 Y105.987 E3518.25668
G1 X147.744 Y106.088 E3518.26926
G1 X145.425 Y106.088 E3518.38496
G1 X145.428 Y115.324 E3518.84574
G0 F9000 X145.828 Y114.924
G1 F1500 X153.3 Y114.924 E3519.21852
G1 X153.3 Y103.604 E3519.78328
G1 X148.64 Y103.604 E3520.01577
G1 X148.64 Y105.611 E3520.1159
G1 X148.474 Y106.041 E3520.13889
G1 X148.197 Y106.319 E3520.15847
G1 X147.814 Y106.488 E3520.17936
G1 X145.825 Y106.488 E3520.27859
G1 X145.828 Y114.924 E3520.69946
G0 F9000 X148.156 Y114.752
G0 X148.228 Y111.33
G0 X148.007 Y111.33
;TYPE:FILL
G1 F3000 X151.522 Y114.844 E3520.94743
G0 F9000 X148.228 Y107.07
G0 X148.007 Y107.07
G1 F3000 X151.393 Y103.684 E3521.18633
G0 F9000 X148.156 Y114.752
G0 X146.188 Y114.824
G0 X146.188 Y114.564
;TYPE:SKIN
G1 F1500 X147.968 Y114.564 E3521.27514
G1 X147.965 Y106.806 E3521.66218
G1 X147.655 Y106.847 E3521.67779
G1 X146.185 Y106.848 E3521.75112
G1 X146.188 Y114.564 E3522.13608
G0 F9000 X146.608 Y114.364
G1 F1500 X146.387 Y114.143 E3522.15167
G0 F9000 X146.387 Y113.578
G1 F1500 X147.174 Y114.364 E3522.20716
G0 F9000 X147.739 Y114.364
G1 F1500 X146.387 Y113.012 E3522.30255
G0 F9000 X146.387 Y112.446
G1 F1500 X147.768 Y113.827 E3522.39999
G0 F9000 X147.768 Y113.261
G1 F1500 X146.387 Y111.88 E3522.49743
G0 F9000 X146.386 Y111.313
G1 F1500 X147.768 Y112.695 E3522.59493
G0 F9000 X147.767 Y112.129
G1 F1500 X146.386 Y110.748 E3522.69237
G0 F9000 X146.386 Y110.182
G1 F1500 X147.767 Y111.563 E3522.78981
G0 F9000 X147.767 Y110.997
G1 F1500 X146.385 Y109.616 E3522.88728
G0 F9000 X146.385 Y109.05
G1 F1500 X147.766 Y110.431 E3522.98472
G0 F9000 X147.766 Y109.865
G1 F1500 X146.385 Y108.484 E3523.08215
G0 F9000 X146.385 Y107.918
G1 F1500 X147.766 Y109.3 E3523.17963
G0 F9000 X147.766 Y108.733
G1 F1500 X146.385 Y107.352 E3523.27706
G0 F9000 X146.646 Y107.048
G1 F1500 X147.766 Y108.168 E3523.35609
G0 F9000 X147.766 Y107.602
G1 F1500 X147.212 Y107.048 E3523.39517
G1 F2700 E3514.39517
;MESH:NONMESH
G0 F300 X147.212 Y107.048 Z17.85
G0 F9000 X147.212 Y106.588
G0 X145.251 Y105.915
G0 X144.163 Y105.916
G0 X134.613 Y95.111
G0 X116.987 Y93.289
G0 X104.625 Y85.372
G0 X103.76 Y85.596
;TIME_ELAPSED:4342.499480
;LAYER:59
;TYPE:WALL-OUTER
;MESH:wildrosebuilds_puzzlecube.stl(1)
G1 F2700 E3523.39517
G1 F1500 X103.765 Y83.161 E3523.51666
G1 X103.837 Y83.049 E3523.5233
G1 X103.92 Y83.008 E3523.52792
G1 X106.272 Y83.008 E3523.64526
G1 X106.272 Y72.676 E3524.16072
G1 X97.5 Y72.676 E3524.59836
G1 X97.501 Y85.595 E3525.24289
G1 X103.76 Y85.596 E3525.55516
G0 F9000 X103.36 Y85.196
;TYPE:WALL-INNER
G1 F1500 X103.36 Y83.11 E3525.65923
G1 X103.501 Y82.82 E3525.67531
G1 X103.688 Y82.672 E3525.68721
G1 X103.96 Y82.608 E3525.70115
G1 X105.872 Y82.608 E3525.79654
G1 X105.872 Y73.076 E3526.2721
G1 X97.9 Y73.076 E3526.66982
G1 X97.901 Y85.195 E3527.27444
G1 X103.36 Y85.196 E3527.54679
G0 F9000 X102.96 Y84.796
G1 F1500 X102.96 Y83.046 E3527.6341
G1 X103.071 Y82.75 E3527.64987
G1 X103.347 Y82.417 E3527.67145
G1 X103.693 Y82.243 E3527.69077
G1 X103.96 Y82.208 E3527.70421
G1 X105.472 Y82.208 E3527.77964
G1 X105.472 Y73.476 E3528.21528
G1 X98.3 Y73.476 E3528.57309
G1 X98.301 Y84.795 E3529.1378
G1 X102.96 Y84.796 E3529.37024
G0 F9000 X100.505 Y84.716
;TYPE:FILL
G1 F3000 X103.293 Y81.928 E3529.56695
G0 F9000 X103.072 Y81.928
G0 X103.072 Y76.472
G0 X103.293 Y76.472
G1 F3000 X100.377 Y73.556 E3529.77269
G0 F9000 X103.072 Y81.995
G0 X103.332 Y81.995
;TYPE:SKIN
G1 F1500 X103.619 Y81.889 E3529.78795
G1 X103.939 Y81.849 E3529.80404
G1 X105.112 Y81.848 E3529.86256
G1 X105.112 Y73.836 E3530.26228
G1 X103.332 Y73.836 E3530.35109
G1 X103.332 Y81.995 E3530.75814
G0 F9000 X103.072 Y81.995
G0 X103.158 Y82.344
G0 X104.462 Y82.108
G0 X104.462 Y81.648
G1 F1500 X104.912 Y81.198 E3530.78989
G0 F9000 X104.912 Y80.633
G1 F1500 X103.887 Y81.657 E3530.86217
G0 F9000 X103.532 Y81.447
G1 F1500 X104.912 Y80.067 E3530.95954
G0 F9000 X104.912 Y79.501
G1 F1500 X103.532 Y80.881 E3531.05691
G0 F9000 X103.532 Y80.315
G1 F1500 X104.912 Y78.936 E3531.15424
G0 F9000 X104.912 Y78.37
G1 F1500 X103.532 Y79.75 E3531.2516
G0 F9000 X103.532 Y79.184
G1 F1500 X104.912 Y77.804 E3531.34897
G0 F9000 X104.912 Y77.239
G1 F1500 X103.532 Y78.618 E3531.4463
G0 F9000 X103.532 Y78.053
G1 F1500 X104.912 Y76.673 E3531.54367
G0 F9000 X104.912 Y76.107
G1 F1500 X103.532 Y77.487 E3531.64104
G0 F9000 X103.532 Y76.921
G1 F1500 X104.912 Y75.542 E3531.73837
G0 F9000 X104.912 Y74.976
G1 F1500 X103.532 Y76.356 E3531.83573
G0 F9000 X103.532 Y75.79
G1 F1500 X104.912 Y74.41 E3531.9331
G0 F9000 X104.721 Y74.035
G1 F1500 X103.532 Y75.224 E3532.01699
G0 F9000 X103.532 Y74.658
G1 F1500 X104.155 Y74.035 E3532.06095
G0 F9000 X103.59 Y74.035
G1 F1500 X103.532 Y74.093 E3532.06504
G0 F9000 X102.772 Y74.093
G1 F2700 E3523.06504
G0 F9000 X103.158 Y82.344
G0 X106.049 Y82.785
G0 X107.137 Y82.784
G0 X116.975 Y82.785
G0 X117.84 Y92.436
;TYPE:WALL-OUTER
G1 F2700 E3532.06504
G1 F1500 X124.1 Y92.436 E3532.37735
G1 X124.1 Y66.248 E3533.68388
G1 X117.84 Y72.507 E3534.12552
G1 X117.84 Y92.436 E3535.11978
G0 F9000 X118.24 Y92.036
;TYPE:WALL-INNER
G1 F1500 X123.7 Y92.036 E3535.39218
G1 X123.7 Y67.214 E3536.63055
G1 X118.24 Y72.673 E3537.01575
G1 X118.24 Y92.036 E3537.98177
G0 F9000 X118.64 Y91.636
G1 F1500 X123.3 Y91.636 E3538.21426
G1 X123.3 Y68.179 E3539.38454
G1 X118.64 Y72.839 E3539.71333
G1 X118.64 Y91.636 E3540.65111
G0 F9000 X123.22 Y86.843
;TYPE:FILL
G1 F3000 X118.72 Y82.342 E3540.96865
G0 F9000 X118.72 Y76.058
G1 F3000 X123.22 Y71.558 E3541.28615
G0 F9000 X123.09 Y71.558
G1 F2700 E3532.28615
;MESH:wildrosebuilds_puzzlecube.stl
G0 F9000 X118.064 Y92.212
G0 X118.064 Y93.301
G0 X116.987 Y101.951
G0 X116.987 Y104.537
G0 X115.328 Y115.724
;TYPE:WALL-OUTER
G1 F2700 E3541.28615
G1 F1500 X124.1 Y115.724 E3541.72378
G1 X124.1 Y102.804 E3542.36836
G1 X117.84 Y102.804 E3542.68068
G1 X117.835 Y105.235 E3542.80196
G1 X117.763 Y105.347 E3542.8086
G1 X117.68 Y105.388 E3542.81322
G1 X115.325 Y105.388 E3542.93071
G1 X115.328 Y115.724 E3543.44638
G0 F9000 X115.728 Y115.324
;TYPE:WALL-INNER
G1 F1500 X123.7 Y115.324 E3543.8441
G1 X123.7 Y103.204 E3544.44877
G1 X118.24 Y103.204 E3544.72117
G1 X118.24 Y105.286 E3544.82504
G1 X118.174 Y105.464 E3544.83452
G1 X118.008 Y105.663 E3544.84744
G1 X117.758 Y105.788 E3544.86139
G1 X115.725 Y105.788 E3544.96282
G1 X115.728 Y115.324 E3545.43857
G0 F9000 X116.128 Y114.924
G1 F1500 X123.3 Y114.924 E3545.79638
G1 X123.3 Y103.604 E3546.36114
G1 X118.64 Y103.604 E3546.59363
G1 X118.64 Y105.351 E3546.68078
G1 X118.529 Y105.647 E3546.69656
G1 X118.404 Y105.835 E3546.70782
G1 X118.092 Y106.081 E3546.72764
G1 X117.907 Y106.152 E3546.73753
G1 X117.64 Y106.188 E3546.75097
G1 X116.125 Y106.188 E3546.82655
G1 X116.128 Y114.924 E3547.26239
G0 F9000 X118.456 Y114.752
G0 X118.528 Y111.929
G0 X118.307 Y111.929
;TYPE:FILL
G1 F3000 X121.222 Y114.844 E3547.46806
G0 F9000 X118.528 Y106.47
G0 X118.307 Y106.47
G1 F3000 X121.094 Y103.684 E3547.66467
G0 F9000 X118.456 Y114.752
G0 X116.488 Y114.824
G0 X116.488 Y114.564
;TYPE:SKIN
G1 F1500 X118.268 Y114.564 E3547.75347
G1 X118.264 Y106.37 E3548.16227
G1 X118.008 Y106.497 E3548.17653
G1 X117.66 Y106.547 E3548.19407
G1 X116.485 Y106.548 E3548.25269
G1 X116.488 Y114.564 E3548.65261
G0 F9000 X116.488 Y114.824
G0 X118.456 Y114.752
G0 X118.528 Y113.864
G0 X118.067 Y113.864
G1 F1500 X117.567 Y114.364 E3548.68789
G0 F9000 X117.001 Y114.364
G1 F1500 X118.067 Y113.298 E3548.7631
G0 F9000 X118.067 Y112.733
G1 F1500 X116.687 Y114.112 E3548.86043
G0 F9000 X116.687 Y113.546
G1 F1500 X118.066 Y112.168 E3548.95769
G0 F9000 X118.066 Y111.602
G1 F1500 X116.687 Y112.981 E3549.05499
G0 F9000 X116.687 Y112.415
G1 F1500 X118.066 Y111.036 E3549.15228
G0 F9000 X118.066 Y110.471
G1 F1500 X116.687 Y111.849 E3549.24954
G0 F9000 X116.687 Y111.284
G1 F1500 X118.066 Y109.906 E3549.3468
G0 F9000 X118.066 Y109.34
G1 F1500 X116.687 Y110.719 E3549.4441
G0 F9000 X116.687 Y110.153
G1 F1500 X118.066 Y108.774 E3549.54139
G0 F9000 X118.065 Y108.209
G1 F1500 X116.687 Y109.587 E3549.63862
G0 F9000 X116.686 Y109.022
G1 F1500 X118.065 Y107.644 E3549.73588
G0 F9000 X118.065 Y107.078
G1 F1500 X116.686 Y108.457 E3549.83318
G0 F9000 X116.686 Y107.891
G1 F1500 X117.857 Y106.72 E3549.9158
G0 F9000 X117.266 Y106.746
G1 F1500 X116.686 Y107.325 E3549.95668
G1 F2700 E3540.95668
G0 F9000 X116.225 Y107.325
G0 X115.552 Y115.5
G0 X114.463 Y115.501
G0 X104.625 Y115.799
G0 X97.5 Y122.146
;TYPE:WALL-OUTER
G1 F2700 E3549.95668
G1 F1500 X103.76 Y115.889 E3550.39825
G1 X103.76 Y95.964 E3551.39232
G1 X97.5 Y95.964 E3551.70463
G1 X97.5 Y122.146 E3553.01086
G0 F9000 X97.748 Y121.554
G0 X98.171 Y120.549
G0 X97.9 Y121.181
;TYPE:WALL-INNER
G1 F1500 X103.36 Y115.723 E3553.39602
G1 X103.36 Y96.364 E3554.36184
G1 X97.9 Y96.364 E3554.63424
G1 X97.9 Y121.181 E3555.87237
G0 F9000 X98.148 Y120.588
G0 X98.3 Y120.215
G1 F1500 X102.96 Y115.557 E3556.20108
G1 X102.96 Y96.764 E3557.13867
G1 X98.3 Y96.764 E3557.37116
G1 X98.3 Y120.215 E3558.54113
G0 F9000 X98.38 Y116.84
;TYPE:FILL
G1 F3000 X102.88 Y112.341 E3558.8586
G0 F9000 X102.88 Y106.059
G1 F3000 X98.38 Y101.559 E3559.1761
G0 F9000 X98.51 Y101.559
G1 F2700 E3550.1761
;MESH:wildrosebuilds_puzzlecube.stl(2)
G0 F9000 X103.532 Y115.799
G0 X104.625 Y115.799
G0 X114.475 Y116.577
G0 X124.953 Y116.577
G0 X126.635 Y115.799
G0 X127.5 Y122.146
;TYPE:WALL-OUTER
G1 F2700 E3559.1761
G1 F1500 X133.76 Y115.889 E3559.61767
G1 X133.76 Y95.964 E3560.61173
G1 X127.5 Y95.964 E3560.92404
G1 X127.5 Y122.146 E3562.23027
G0 F9000 X127.748 Y121.554
G0 X128.171 Y120.549
G0 X127.9 Y121.181
;TYPE:WALL-INNER
G1 F1500 X133.36 Y115.723 E3562.61543
G1 X133.36 Y96.364 E3563.58126
G1 X127.9 Y96.364 E3563.85366
G1 X127.9 Y121.181 E3565.09178
G0 F9000 X128.148 Y120.588
G0 X128.3 Y120.215
G1 F1500 X132.96 Y115.557 E3565.4205
G1 X132.96 Y96.764 E3566.35809
G1 X128.3 Y96.764 E3566.59057
G1 X128.3 Y120.215 E3567.76055
G0 F9000 X128.38 Y116.84
;TYPE:FILL
G1 F3000 X132.88 Y112.341 E3568.07801
G0 F9000 X132.88 Y106.06
G1 F3000 X128.379 Y101.559 E3568.39558
G0 F9000 X128.51 Y101.559
G1 F2700 E3559.39558
G0 F9000 X133.53 Y115.444
G0 X134.625 Y115.444
G0 X144.463 Y115.444
G0 X145.328 Y115.724
;TYPE:WALL-OUTER
G1 F2700 E3568.39558
G1 F1500 X154.1 Y115.724 E3568.83322
G1 X154.1 Y102.804 E3569.4778
G1 X147.84 Y102.804 E3569.79011
G1 X147.835 Y105.235 E3569.9114
G1 X147.763 Y105.347 E3569.91804
G1 X147.68 Y105.388 E3569.92266
G1 X145.325 Y105.388 E3570.04015
G1 X145.328 Y115.724 E3570.55582
G0 F9000 X145.728 Y115.324
;TYPE:WALL-INNER
G1 F1500 X153.7 Y115.324 E3570.95354
G1 X153.7 Y103.204 E3571.55821
G1 X148.24 Y103.204 E3571.83061
G1 X148.24 Y105.286 E3571.93448
G1 X148.174 Y105.464 E3571.94395
G1 X148.008 Y105.663 E3571.95688
G1 X147.758 Y105.788 E3571.97083
G1 X145.725 Y105.788 E3572.07225
G1 X145.728 Y115.324 E3572.54801
G0 F9000 X146.128 Y114.924
G1 F1500 X153.3 Y114.924 E3572.90582
G1 X153.3 Y103.604 E3573.47058
G1 X148.64 Y103.604 E3573.70306
G1 X148.64 Y105.351 E3573.79022
G1 X148.529 Y105.647 E3573.80599
G1 X148.404 Y105.835 E3573.81726
G1 X148.092 Y106.081 E3573.83708
G1 X147.907 Y106.152 E3573.84697
G1 X147.64 Y106.188 E3573.86041
G1 X146.125 Y106.188 E3573.93599
G1 X146.128 Y114.924 E3574.37183
G0 F9000 X148.456 Y114.752
G0 X148.528 Y111.93
G0 X148.308 Y111.93
;TYPE:FILL
G1 F3000 X151.222 Y114.844 E3574.57743
G0 F9000 X148.528 Y106.47
G0 X148.307 Y106.47
G1 F3000 X151.093 Y103.684 E3574.774
G0 F9000 X148.456 Y114.752
G0 X146.488 Y114.824
G0 X146.488 Y114.564
;TYPE:SKIN
G1 F1500 X148.268 Y114.564 E3574.8628
G1 X148.264 Y106.37 E3575.2716
G1 X148.008 Y106.497 E3575.28586
G1 X147.66 Y106.547 E3575.3034
G1 X146.485 Y106.548 E3575.36202
G1 X146.488 Y114.564 E3575.76194
G0 F9000 X146.488 Y114.824
G0 X148.456 Y114.752
G0 X148.528 Y113.846
G0 X148.067 Y113.846
G1 F1500 X147.548 Y114.364 E3575.79852
G0 F9000 X146.983 Y114.364
G1 F1500 X148.067 Y113.28 E3575.875
G0 F9000 X148.067 Y112.714
G1 F1500 X146.689 Y114.092 E3575.97223
G0 F9000 X146.689 Y113.527
G1 F1500 X148.067 Y112.149 E3576.06946
G0 F9000 X148.066 Y111.584
G1 F1500 X146.689 Y112.961 E3576.16661
G0 F9000 X146.688 Y112.396
G1 F1500 X148.066 Y111.018 E3576.26384
G0 F9000 X148.066 Y110.452
G1 F1500 X146.688 Y111.83 E3576.36106
G0 F9000 X146.687 Y111.265
G1 F1500 X148.066 Y109.887 E3576.45832
G0 F9000 X148.066 Y109.321
G1 F1500 X146.687 Y110.7 E3576.55562
G0 F9000 X146.687 Y110.134
G1 F1500 X148.065 Y108.756 E3576.65284
G0 F9000 X148.065 Y108.19
G1 F1500 X146.686 Y109.569 E3576.75014
G0 F9000 X146.686 Y109.003
G1 F1500 X148.065 Y107.624 E3576.84743
G0 F9000 X148.065 Y107.059
G1 F1500 X146.686 Y108.438 E3576.94473
G0 F9000 X146.686 Y107.873
G1 F1500 X147.835 Y106.724 E3577.0258
G0 F9000 X147.247 Y106.746
G1 F1500 X146.686 Y107.307 E3577.06538
G1 F2700 E3568.06538
;MESH:NONMESH
G0 F300 X146.686 Y107.307 Z18.15
G0 F9000 X146.225 Y107.307
G0 X145.551 Y105.615
G0 X144.463 Y105.616
G0 X134.613 Y95.111
G0 X116.987 Y93.289
G0 X104.625 Y85.372
G0 X103.76 Y85.596
;TIME_ELAPSED:4404.610320
;LAYER:60
;TYPE:WALL-OUTER
;MESH:wildrosebuilds_puzzlecube.stl(1)
G1 F2700 E3577.06538
G1 F1500 X103.76 Y83.508 E3577.16955
G1 X103.794 Y83.396 E3577.17539
G1 X103.96 Y83.308 E3577.18476
G1 X105.972 Y83.308 E3577.28514
G1 X105.972 Y72.676 E3577.81558
G1 X97.5 Y72.676 E3578.23825
G1 X97.5 Y85.596 E3578.88283
G1 X103.76 Y85.596 E3579.19514
G0 F9000 X103.36 Y85.196
;TYPE:WALL-INNER
G1 F1500 X103.36 Y83.508 E3579.27935
G1 X103.394 Y83.308 E3579.28948
G1 X103.555 Y83.064 E3579.30406
G1 X103.827 Y82.908 E3579.3197
G1 X105.572 Y82.908 E3579.40676
G1 X105.572 Y73.076 E3579.89728
G1 X97.9 Y73.076 E3580.28004
G1 X97.9 Y85.196 E3580.88471
G1 X103.36 Y85.196 E3581.15711
G0 F9000 X102.96 Y84.796
G1 F1500 X102.96 Y83.508 E3581.22137
G1 X103.016 Y83.175 E3581.23821
G1 X103.131 Y82.948 E3581.25091
G1 X103.285 Y82.769 E3581.26269
G1 X103.656 Y82.554 E3581.28408
G1 X103.96 Y82.508 E3581.29942
G1 X105.172 Y82.508 E3581.35989
G1 X105.172 Y73.476 E3581.8105
G1 X98.3 Y73.476 E3582.15334
G1 X98.3 Y84.796 E3582.7181
G1 X102.96 Y84.796 E3582.95059
G0 F9000 X102.76 Y84
;TYPE:FILL
G1 F3000 X101.522 Y84 E3583.01235
G0 F9000 X100.808 Y84.596
G1 F3000 X100.807 Y73.688 E3583.55656
G1 X100.676 Y73.556
G1 X102.992 Y75.872 E3583.71996
G0 F9000 X102.772 Y75.872
G0 X102.772 Y74.399
G0 X102.872 Y74.4
G1 F3000 X101.521 Y74.4 E3583.78736
G0 F9000 X100.407 Y73.676
G1 F3000 X100.408 Y84.596 E3584.33216
G0 F9000 X100.008 Y84.596
G1 F3000 X100.007 Y73.676 E3584.87697
G0 F9000 X99.607 Y73.676
G1 F3000 X99.608 Y84.596 E3585.42177
G0 F9000 X99.208 Y84.596
G1 F3000 X99.207 Y73.676 E3585.96657
G0 F9000 X98.807 Y73.676
G1 F3000 X98.808 Y84.596 E3586.51137
G0 F9000 X100.805 Y84.716
G1 F3000 X102.992 Y82.529 E3586.66567
G0 F9000 X103.032 Y82.542
;TYPE:SKIN
G1 F1500 X103.261 Y82.334 E3586.68111
G1 X103.527 Y82.216 E3586.69563
G1 X103.956 Y82.148 E3586.7173
G1 X104.812 Y82.148 E3586.76
G1 X104.812 Y73.836 E3587.17469
G1 X103.032 Y73.836 E3587.26349
G1 X103.032 Y82.542 E3587.69784
G0 F9000 X103.513 Y82.017
G1 F1500 X103.232 Y81.736 E3587.71766
G0 F9000 X103.232 Y81.17
G1 F1500 X104.01 Y81.948 E3587.77256
G0 F9000 X104.575 Y81.948
G1 F1500 X103.232 Y80.605 E3587.86731
G0 F9000 X103.232 Y80.039
G1 F1500 X104.612 Y81.419 E3587.96468
G0 F9000 X104.612 Y80.853
G1 F1500 X103.232 Y79.473 E3588.06204
G0 F9000 X103.232 Y78.907
G1 F1500 X104.612 Y80.288 E3588.15945
G0 F9000 X104.612 Y79.722
G1 F1500 X103.232 Y78.342 E3588.25681
G0 F9000 X103.232 Y77.776
G1 F1500 X104.612 Y79.156 E3588.35418
G0 F9000 X104.612 Y78.591
G1 F1500 X103.232 Y77.21 E3588.45158
G0 F9000 X103.232 Y76.645
G1 F1500 X104.612 Y78.025 E3588.54895
G0 F9000 X104.612 Y77.459
G1 F1500 X103.232 Y76.079 E3588.64631
G0 F9000 X103.232 Y75.513
G1 F1500 X104.612 Y76.894 E3588.74372
G0 F9000 X104.612 Y76.328
G1 F1500 X103.232 Y74.948 E3588.84108
G0 F9000 X103.232 Y74.382
G1 F1500 X104.612 Y75.762 E3588.93845
G0 F9000 X104.612 Y75.197
G1 F1500 X103.452 Y74.036 E3589.02033
G0 F9000 X104.018 Y74.036
G1 F1500 X104.612 Y74.631 E3589.06227
G1 F2700 E3580.06227
G0 F9000 X105.072 Y74.631
G0 X105.749 Y83.085
G0 X106.837 Y83.084
G0 X116.975 Y83.085
G0 X117.84 Y92.436
;TYPE:WALL-OUTER
G1 F2700 E3589.06227
G1 F1500 X124.1 Y92.436 E3589.37459
G1 X124.1 Y66.248 E3590.68111
G1 X117.84 Y72.507 E3591.12275
G1 X117.84 Y92.436 E3592.11701
G0 F9000 X118.24 Y92.036
;TYPE:WALL-INNER
G1 F1500 X123.7 Y92.036 E3592.38941
G1 X123.7 Y67.214 E3593.62779
G1 X118.24 Y72.673 E3594.01299
G1 X118.24 Y92.036 E3594.97901
G0 F9000 X118.64 Y91.636
G1 F1500 X123.3 Y91.636 E3595.2115
G1 X123.3 Y68.179 E3596.38177
G1 X118.64 Y72.839 E3596.71056
G1 X118.64 Y91.636 E3597.64835
G0 F9000 X123.22 Y87.142
;TYPE:FILL
G1 F3000 X118.72 Y82.642 E3597.96585
G0 F9000 X118.72 Y75.758
G1 F3000 X123.22 Y71.259 E3598.28331
G0 F9000 X123.09 Y71.259
G1 F2700 E3589.28331
;MESH:wildrosebuilds_puzzlecube.stl
G0 F9000 X118.064 Y92.212
G0 X118.064 Y93.301
G0 X116.987 Y101.951
G0 X116.987 Y104.237
G0 X115.628 Y115.724
;TYPE:WALL-OUTER
G1 F2700 E3598.28331
G1 F1500 X124.1 Y115.724 E3598.70598
G1 X124.1 Y102.804 E3599.35056
G1 X117.84 Y102.804 E3599.66287
G1 X117.84 Y104.888 E3599.76685
G1 X117.806 Y105.001 E3599.77273
G1 X117.64 Y105.088 E3599.78208
G1 X115.625 Y105.088 E3599.88261
G1 X115.628 Y115.724 E3600.41324
G0 F9000 X116.028 Y115.324
;TYPE:WALL-INNER
G1 F1500 X123.7 Y115.324 E3600.796
G1 X123.7 Y103.204 E3601.40067
G1 X118.24 Y103.204 E3601.67307
G1 X118.24 Y104.888 E3601.75709
G1 X118.206 Y105.089 E3601.76726
G1 X118.045 Y105.332 E3601.7818
G1 X117.773 Y105.488 E3601.79744
G1 X116.025 Y105.488 E3601.88465
G1 X116.028 Y115.324 E3602.37537
G0 F9000 X116.428 Y114.924
G1 F1500 X123.3 Y114.924 E3602.71822
G1 X123.3 Y103.604 E3603.28297
G1 X118.64 Y103.604 E3603.51546
G1 X118.64 Y104.888 E3603.57952
G1 X118.583 Y105.222 E3603.59643
G1 X118.469 Y105.449 E3603.6091
G1 X118.314 Y105.628 E3603.62091
G1 X117.943 Y105.842 E3603.64228
G1 X117.64 Y105.888 E3603.65757
G1 X116.425 Y105.888 E3603.71819
G1 X116.428 Y114.924 E3604.16899
G0 F9000 X119.6 Y114.724
;TYPE:FILL
G1 F3000 X119.6 Y113.523 E3604.22891
G0 F9000 X120.393 Y114.313
G1 F3000 X118.607 Y112.529 E3604.35485
G0 F9000 X118.828 Y112.529
G0 X120.922 Y114.843
G1 F3000 X120.393 Y114.313 E3604.39221
G1 X119.545 Y104.934 E3604.86204
G1 X118.608 Y105.87 E3604.92812
G0 F9000 X118.787 Y105.204
G1 F3000 X120.183 Y103.804 E3605.02675
G0 F9000 X120.281 Y104.198
G1 F3000 X121.234 Y114.723 E3605.554
G0 F9000 X121.635 Y114.723
G1 F3000 X120.649 Y103.829 E3606.09972
G0 F9000 X120.794 Y103.684
G1 F3000 X119.545 Y104.934 E3606.18788
G0 F9000 X121.451 Y103.805
G1 F3000 X122.439 Y114.723 E3606.73481
G0 F9000 X122.84 Y114.723
G1 F3000 X121.852 Y103.805 E3607.28173
G0 F9000 X122.254 Y103.804
G1 F3000 X123.1 Y113.159 E3607.75036
G0 F9000 X123.1 Y108.72
G1 F3000 X122.655 Y103.804 E3607.99662
G0 F9000 X118.756 Y114.752
G0 X116.788 Y114.824
G0 X116.788 Y114.564
;TYPE:SKIN
G1 F1500 X118.568 Y114.564 E3608.08543
G1 X118.565 Y105.849 E3608.52022
G1 X118.334 Y106.059 E3608.5358
G1 X118.02 Y106.19 E3608.55277
G1 X117.668 Y106.246 E3608.57055
G1 X116.784 Y106.248 E3608.61466
G1 X116.788 Y114.564 E3609.02954
G0 F9000 X117.192 Y114.364
G1 F1500 X116.987 Y114.159 E3609.04401
G0 F9000 X116.987 Y113.593
G1 F1500 X117.758 Y114.364 E3609.09841
G0 F9000 X118.324 Y114.364
G1 F1500 X116.987 Y113.027 E3609.19274
G0 F9000 X116.987 Y112.461
G1 F1500 X118.368 Y113.842 E3609.29018
G0 F9000 X118.368 Y113.276
G1 F1500 X116.987 Y111.895 E3609.38761
G0 F9000 X116.986 Y111.329
G1 F1500 X118.368 Y112.711 E3609.48512
G0 F9000 X118.367 Y112.144
G1 F1500 X116.986 Y110.763 E3609.58256
G0 F9000 X116.985 Y110.197
G1 F1500 X118.367 Y111.579 E3609.68006
G0 F9000 X118.367 Y111.013
G1 F1500 X116.985 Y109.631 E3609.77757
G0 F9000 X116.984 Y109.065
G1 F1500 X118.367 Y110.447 E3609.87511
G0 F9000 X118.366 Y109.881
G1 F1500 X116.984 Y108.499 E3609.97262
G0 F9000 X116.984 Y107.933
G1 F1500 X118.366 Y109.315 E3610.07013
G0 F9000 X118.366 Y108.749
G1 F1500 X116.984 Y107.367 E3610.16764
G0 F9000 X116.984 Y106.801
G1 F1500 X118.365 Y108.183 E3610.26511
G0 F9000 X118.365 Y107.617
G1 F1500 X117.196 Y106.448 E3610.34759
G0 F9000 X117.747 Y106.434
G1 F1500 X118.365 Y107.052 E3610.39119
G0 F9000 X118.365 Y106.486
G1 F1500 X118.206 Y106.326 E3610.40245
G1 F2700 E3601.40245
G0 F9000 X118.026 Y105.913
G0 X116.597 Y106.06
G0 X115.852 Y115.5
G0 X114.763 Y115.501
G0 X104.625 Y115.799
G0 X97.5 Y122.146
;TYPE:WALL-OUTER
G1 F2700 E3610.40245
G1 F1500 X103.76 Y115.889 E3610.84402
G1 X103.76 Y95.964 E3611.83808
G1 X97.5 Y95.964 E3612.15039
G1 X97.5 Y122.146 E3613.45662
G0 F9000 X97.748 Y121.554
G0 X98.171 Y120.549
G0 X97.9 Y121.181
;TYPE:WALL-INNER
G1 F1500 X103.36 Y115.723 E3613.84178
G1 X103.36 Y96.364 E3614.8076
G1 X97.9 Y96.364 E3615.08
G1 X97.9 Y121.181 E3616.31813
G0 F9000 X98.148 Y120.588
G0 X98.3 Y120.215
G1 F1500 X102.96 Y115.557 E3616.64685
G1 X102.96 Y96.764 E3617.58443
G1 X98.3 Y96.764 E3617.81692
G1 X98.3 Y120.215 E3618.9869
G0 F9000 X98.38 Y117.14
;TYPE:FILL
G1 F3000 X102.88 Y112.641 E3619.30436
G0 F9000 X102.88 Y105.759
G1 F3000 X98.38 Y101.259 E3619.62186
G0 F9000 X98.51 Y101.259
G1 F2700 E3610.62186
;MESH:wildrosebuilds_puzzlecube.stl(2)
G0 F9000 X103.532 Y115.799
G0 X104.625 Y115.799
G0 X114.775 Y116.577
G0 X124.953 Y116.577
G0 X126.635 Y115.799
G0 X127.5 Y122.146
;TYPE:WALL-OUTER
G1 F2700 E3619.62186
G1 F1500 X133.76 Y115.889 E3620.06343
G1 X133.76 Y95.964 E3621.05749
G1 X127.5 Y95.964 E3621.36981
G1 X127.5 Y122.146 E3622.67603
G0 F9000 X127.748 Y121.554
G0 X128.171 Y120.549
G0 X127.9 Y121.181
;TYPE:WALL-INNER
G1 F1500 X133.36 Y115.723 E3623.06119
G1 X133.36 Y96.364 E3624.02702
G1 X127.9 Y96.364 E3624.29942
G1 X127.9 Y121.181 E3625.53754
G0 F9000 X128.148 Y120.588
G0 X128.3 Y120.215
G1 F1500 X132.96 Y115.557 E3625.86626
G1 X132.96 Y96.764 E3626.80385
G1 X128.3 Y96.764 E3627.03634
G1 X128.3 Y120.215 E3628.20631
G0 F9000 X128.38 Y117.14
;TYPE:FILL
G1 F3000 X132.88 Y112.641 E3628.52378
G0 F9000 X132.88 Y105.76
G1 F3000 X128.379 Y101.259 E3628.84135
G0 F9000 X128.51 Y101.259
G1 F2700 E3619.84135
G0 F9000 X133.53 Y115.444
G0 X134.625 Y115.444
G0 X144.763 Y115.444
G0 X145.628 Y115.724
;TYPE:WALL-OUTER
G1 F2700 E3628.84135
G1 F1500 X154.1 Y115.724 E3629.26401
G1 X154.1 Y102.804 E3629.9086
G1 X147.84 Y102.804 E3630.22091
G1 X147.84 Y104.888 E3630.32488
G1 X147.806 Y105.001 E3630.33077
G1 X147.64 Y105.088 E3630.34012
G1 X145.625 Y105.088 E3630.44065
G1 X145.628 Y115.724 E3630.97128
G0 F9000 X146.028 Y115.324
;TYPE:WALL-INNER
G1 F1500 X153.7 Y115.324 E3631.35404
G1 X153.7 Y103.204 E3631.95871
G1 X148.24 Y103.204 E3632.23111
G1 X148.24 Y104.888 E3632.31512
G1 X148.206 Y105.089 E3632.32529
G1 X148.045 Y105.332 E3632.33983
G1 X147.773 Y105.488 E3632.35548
G1 X146.025 Y105.488 E3632.44269
G1 X146.028 Y115.324 E3632.93341
G0 F9000 X146.428 Y114.924
G1 F1500 X153.3 Y114.924 E3633.27625
G1 X153.3 Y103.604 E3633.84101
G1 X148.64 Y103.604 E3634.0735
G1 X148.64 Y104.888 E3634.13756
G1 X148.583 Y105.222 E3634.15446
G1 X148.469 Y105.449 E3634.16713
G1 X148.314 Y105.628 E3634.17895
G1 X147.943 Y105.842 E3634.20031
G1 X147.64 Y105.888 E3634.2156
G1 X146.425 Y105.888 E3634.27622
G1 X146.428 Y114.924 E3634.72703
G0 F9000 X149.6 Y114.724
;TYPE:FILL
G1 F3000 X149.6 Y113.523 E3634.78695
G0 F9000 X150.384 Y114.305
G1 F3000 X148.608 Y112.53 E3634.91222
G0 F9000 X148.828 Y112.53
G0 X150.922 Y114.844
G1 F3000 X150.384 Y114.305 E3634.95021
G1 X149.546 Y104.933 E3635.41965
G1 X148.608 Y105.87 E3635.48579
G0 F9000 X148.787 Y105.206
G1 F3000 X150.189 Y103.804 E3635.58471
G0 F9000 X150.283 Y104.195
G1 F3000 X151.225 Y114.724 E3636.1121
G0 F9000 X151.626 Y114.724
G1 F3000 X150.651 Y103.826 E3636.65798
G0 F9000 X150.793 Y103.684
G1 F3000 X149.546 Y104.933 E3636.74603
G0 F9000 X151.453 Y103.805
G1 F3000 X152.43 Y114.723 E3637.29291
G0 F9000 X152.831 Y114.723
G1 F3000 X151.854 Y103.805 E3637.83979
G0 F9000 X152.256 Y103.804
G1 F3000 X153.1 Y113.243 E3638.31258
G0 F9000 X153.1 Y108.754
G1 F3000 X152.657 Y103.804 E3638.56052
G0 F9000 X148.756 Y114.752
G0 X146.788 Y114.824
G0 X146.788 Y114.564
;TYPE:SKIN
G1 F1500 X148.568 Y114.564 E3638.64933
G1 X148.565 Y105.849 E3639.08412
G1 X148.334 Y106.059 E3639.0997
G1 X148.02 Y106.19 E3639.11667
G1 X147.668 Y106.246 E3639.13445
G1 X146.784 Y106.248 E3639.17856
G1 X146.788 Y114.564 E3639.59344
G0 F9000 X146.988 Y114.178
G1 F1500 X147.174 Y114.364 E3639.60657
G0 F9000 X147.739 Y114.364
G1 F1500 X146.988 Y113.612 E3639.65959
G0 F9000 X146.987 Y113.046
G1 F1500 X148.305 Y114.364 E3639.75258
G0 F9000 X148.368 Y113.861
G1 F1500 X146.987 Y112.48 E3639.85002
G0 F9000 X146.986 Y111.914
G1 F1500 X148.368 Y113.295 E3639.94749
G0 F9000 X148.367 Y112.729
G1 F1500 X146.986 Y111.348 E3640.04493
G0 F9000 X146.986 Y110.782
G1 F1500 X148.367 Y112.163 E3640.14236
G0 F9000 X148.367 Y111.598
G1 F1500 X146.986 Y110.216 E3640.23984
G0 F9000 X146.985 Y109.65
G1 F1500 X148.367 Y111.031 E3640.33731
G0 F9000 X148.367 Y110.466
G1 F1500 X146.985 Y109.084 E3640.43482
G0 F9000 X146.984 Y108.518
G1 F1500 X148.367 Y109.9 E3640.53236
G0 F9000 X148.366 Y109.334
G1 F1500 X146.984 Y107.952 E3640.62987
G0 F9000 X146.983 Y107.385
G1 F1500 X148.366 Y108.768 E3640.72745
G0 F9000 X148.366 Y108.202
G1 F1500 X146.983 Y106.82 E3640.82499
G0 F9000 X147.177 Y106.448
G1 F1500 X148.365 Y107.636 E3640.90881
G0 F9000 X148.365 Y107.07
G1 F1500 X147.731 Y106.436 E3640.95354
G0 F9000 X148.192 Y106.331
G1 F1500 X148.365 Y106.504 E3640.96575
G0 F9000 X149.128 Y106.504
G1 F2700 E3631.96575
;MESH:NONMESH
G0 F300 X149.128 Y106.504 Z18.45
G0 F9000 X148.736 Y105.34
G0 X145.851 Y105.315
G0 X144.763 Y105.316
G0 X134.613 Y95.111
G0 X116.987 Y93.289
G0 X104.625 Y85.372
G0 X103.76 Y85.596
;TIME_ELAPSED:4473.484934
;LAYER:61
;TYPE:WALL-OUTER
;MESH:wildrosebuilds_puzzlecube.stl(1)
G1 F2700 E3640.96575
G1 F1500 X103.76 Y83.743 E3641.05819
G1 X103.849 Y83.641 E3641.06495
G1 X103.96 Y83.608 E3641.07072
G1 X105.672 Y83.608 E3641.15614
G1 X105.672 Y72.676 E3641.70154
G1 X97.5 Y72.676 E3642.10924
G1 X97.5 Y85.596 E3642.75382
G1 X103.76 Y85.596 E3643.06613
G0 F9000 X103.36 Y85.196
;TYPE:WALL-INNER
G1 F1500 X103.36 Y83.808 E3643.13538
G1 X103.418 Y83.548 E3643.14867
G1 X103.627 Y83.308 E3643.16455
G1 X103.96 Y83.208 E3643.18189
G1 X105.272 Y83.208 E3643.24735
G1 X105.272 Y73.076 E3643.75284
G1 X97.9 Y73.076 E3644.12063
G1 X97.9 Y85.196 E3644.7253
G1 X103.36 Y85.196 E3644.9977
G0 F9000 X102.96 Y84.796
G1 F1500 X102.96 Y83.808 E3645.04699
G1 X103.058 Y83.375 E3645.06914
G1 X103.156 Y83.212 E3645.07863
G1 X103.406 Y82.975 E3645.09581
G1 X103.615 Y82.869 E3645.1075
G1 X103.96 Y82.808 E3645.12498
G1 X104.872 Y82.808 E3645.17048
G1 X104.872 Y73.476 E3645.63606
G1 X98.3 Y73.476 E3645.96394
G1 X98.3 Y84.796 E3646.52869
G1 X102.96 Y84.796 E3646.76118
G0 F9000 X102.6 Y84.436
;TYPE:SKIN
G1 F1500 X102.604 Y83.767 E3646.79456
G1 X102.727 Y83.223 E3646.82239
G1 X102.886 Y82.97 E3646.83729
G1 X103.205 Y82.673 E3646.85904
G1 X103.492 Y82.528 E3646.87508
G1 X103.924 Y82.451 E3646.89697
G1 X104.512 Y82.448 E3646.92631
G1 X104.512 Y73.836 E3647.35596
G1 X98.66 Y73.836 E3647.64792
G1 X98.66 Y84.436 E3648.17676
G1 X102.6 Y84.436 E3648.37332
G0 F9000 X101.874 Y84.236
G1 F1500 X102.415 Y83.696 E3648.41146
G0 F9000 X102.864 Y83.797
G0 X102.788 Y84.624
G0 X101.309 Y84.696
G0 X101.309 Y84.236
G1 F1500 X104.312 Y81.233 E3648.62334
G0 F9000 X104.312 Y81.799
G1 F1500 X103.849 Y82.262 E3648.656
G0 F9000 X103.928 Y82.715
G0 X104.7 Y82.636
G0 X104.772 Y80.667
G0 X104.312 Y80.667
G1 F1500 X100.743 Y84.236 E3648.90782
G0 F9000 X100.177 Y84.236
G1 F1500 X104.312 Y80.102 E3649.19953
G0 F9000 X104.312 Y79.536
G1 F1500 X99.612 Y84.236 E3649.53114
G0 F9000 X99.046 Y84.236
G1 F1500 X104.312 Y78.97 E3649.90268
G0 F9000 X104.312 Y78.405
G1 F1500 X98.86 Y83.857 E3650.28735
G0 F9000 X98.86 Y83.291
G1 F1500 X104.312 Y77.839 E3650.67202
G0 F9000 X104.312 Y77.273
G1 F1500 X98.86 Y82.725 E3651.05669
G0 F9000 X98.86 Y82.159
G1 F1500 X104.312 Y76.708 E3651.44132
G0 F9000 X104.312 Y76.142
G1 F1500 X98.86 Y81.594 E3651.82599
G0 F9000 X98.86 Y81.028
G1 F1500 X104.312 Y75.576 E3652.21066
G0 F9000 X104.312 Y75.011
G1 F1500 X98.86 Y80.462 E3652.59529
G0 F9000 X98.86 Y79.897
G1 F1500 X104.312 Y74.445 E3652.97996
G0 F9000 X104.155 Y74.036
G1 F1500 X98.86 Y79.331 E3653.35355
G0 F9000 X98.86 Y78.765
G1 F1500 X103.589 Y74.036 E3653.6872
G0 F9000 X103.023 Y74.036
G1 F1500 X98.86 Y78.2 E3653.98096
G0 F9000 X98.86 Y77.634
G1 F1500 X102.458 Y74.036 E3654.23482
G0 F9000 X101.892 Y74.036
G1 F1500 X98.86 Y77.068 E3654.44874
G0 F9000 X98.86 Y76.503
G1 F1500 X101.326 Y74.036 E3654.62277
G0 F9000 X100.761 Y74.036
G1 F1500 X98.86 Y75.937 E3654.75689
G0 F9000 X98.86 Y75.371
G1 F1500 X100.195 Y74.036 E3654.85109
G0 F9000 X99.629 Y74.036
G1 F1500 X98.86 Y74.806 E3654.90538
G0 F9000 X98.86 Y74.24
G1 F1500 X99.064 Y74.036 E3654.91977
G1 F2700 E3645.91977
G0 F9000 X99.064 Y73.576
G0 X104.7 Y73.648
G0 X105.449 Y83.385
G0 X106.537 Y83.384
G0 X116.975 Y83.385
G0 X117.84 Y92.436
;TYPE:WALL-OUTER
G1 F2700 E3654.91977
G1 F1500 X124.1 Y92.436 E3655.23208
G1 X124.1 Y66.248 E3656.53861
G1 X117.84 Y72.507 E3656.98025
G1 X117.84 Y92.436 E3657.97451
G0 F9000 X118.24 Y92.036
;TYPE:WALL-INNER
G1 F1500 X123.7 Y92.036 E3658.24691
G1 X123.7 Y67.214 E3659.48529
G1 X118.24 Y72.673 E3659.87048
G1 X118.24 Y92.036 E3660.83651
G0 F9000 X118.64 Y91.636
G1 F1500 X123.3 Y91.636 E3661.069
G1 X123.3 Y68.179 E3662.23927
G1 X118.64 Y72.839 E3662.56806
G1 X118.64 Y91.636 E3663.50585
G0 F9000 X118.72 Y91.298
;TYPE:FILL
G1 F3000 X118.978 Y91.556 E3663.52405
G0 F9000 X123.22 Y87.444
G1 F3000 X118.72 Y82.943 E3663.84158
G0 F9000 X118.72 Y75.457
G1 F3000 X123.22 Y70.957 E3664.15908
G0 F9000 X123.09 Y70.957
G1 F2700 E3655.15908
;MESH:wildrosebuilds_puzzlecube.stl
G0 F9000 X118.064 Y92.212
G0 X118.064 Y93.301
G0 X116.987 Y101.951
G0 X116.987 Y103.937
G0 X115.928 Y115.724
;TYPE:WALL-OUTER
G1 F2700 E3664.15908
G1 F1500 X124.1 Y115.724 E3664.56679
G1 X124.1 Y102.804 E3665.21137
G1 X117.84 Y102.804 E3665.52368
G1 X117.84 Y104.653 E3665.61593
G1 X117.751 Y104.755 E3665.62268
G1 X117.64 Y104.788 E3665.62846
G1 X115.925 Y104.788 E3665.71402
G1 X115.928 Y115.724 E3666.25962
G0 F9000 X116.328 Y115.324
;TYPE:WALL-INNER
G1 F1500 X123.7 Y115.324 E3666.62741
G1 X123.7 Y103.204 E3667.23208
G1 X118.24 Y103.204 E3667.50448
G1 X118.24 Y104.588 E3667.57353
G1 X118.181 Y104.849 E3667.58688
G1 X117.973 Y105.088 E3667.60268
G1 X117.64 Y105.188 E3667.62003
G1 X116.325 Y105.188 E3667.68564
G1 X116.328 Y115.324 E3668.19132
G0 F9000 X116.728 Y114.924
G1 F1500 X123.3 Y114.924 E3668.5192
G1 X123.3 Y103.604 E3669.08396
G1 X118.64 Y103.604 E3669.31645
G1 X118.64 Y104.588 E3669.36554
G1 X118.542 Y105.022 E3669.38774
G1 X118.443 Y105.185 E3669.39725
G1 X118.194 Y105.421 E3669.41437
G1 X117.985 Y105.527 E3669.42606
G1 X117.64 Y105.588 E3669.44354
G1 X116.725 Y105.588 E3669.48919
G1 X116.728 Y114.924 E3669.95496
G0 F9000 X117.088 Y114.564
;TYPE:SKIN
G1 F1500 X122.94 Y114.564 E3670.24692
G1 X122.94 Y103.964 E3670.77576
G1 X119 Y103.964 E3670.97232
G1 X118.996 Y104.625 E3671.0053
G1 X118.865 Y105.179 E3671.0337
G1 X118.71 Y105.422 E3671.04808
G1 X118.397 Y105.718 E3671.06957
G1 X118.102 Y105.868 E3671.08609
G1 X117.672 Y105.945 E3671.10788
G1 X117.084 Y105.948 E3671.13722
G1 X117.088 Y114.564 E3671.56707
G0 F9000 X117.088 Y114.824
G0 X123.128 Y114.752
G0 X123.2 Y114.283
G0 X122.74 Y114.283
G1 F1500 X122.658 Y114.364 E3671.57282
G0 F9000 X122.093 Y114.364
G1 F1500 X122.74 Y113.717 E3671.61847
G0 F9000 X122.74 Y113.151
G1 F1500 X121.527 Y114.364 E3671.70405
G0 F9000 X120.961 Y114.364
G1 F1500 X122.74 Y112.586 E3671.82954
G0 F9000 X122.74 Y112.02
G1 F1500 X120.396 Y114.364 E3671.99492
G0 F9000 X119.83 Y114.364
G1 F1500 X122.74 Y111.454 E3672.20023
G0 F9000 X122.74 Y110.888
G1 F1500 X119.264 Y114.364 E3672.44548
G0 F9000 X118.698 Y114.364
G1 F1500 X122.74 Y110.323 E3672.73063
G0 F9000 X122.74 Y109.757
G1 F1500 X118.133 Y114.364 E3673.05568
G0 F9000 X117.567 Y114.364
G1 F1500 X122.74 Y109.191 E3673.42067
G0 F9000 X122.74 Y108.626
G1 F1500 X117.289 Y114.077 E3673.80526
G0 F9000 X117.289 Y113.511
G1 F1500 X122.74 Y108.06 E3674.18986
G0 F9000 X122.74 Y107.494
G1 F1500 X117.288 Y112.946 E3674.57453
G0 F9000 X117.288 Y112.38
G1 F1500 X122.74 Y106.929 E3674.95916
G0 F9000 X122.74 Y106.363
G1 F1500 X117.287 Y111.816 E3675.3439
G0 F9000 X117.287 Y111.25
G1 F1500 X122.74 Y105.797 E3675.72864
G0 F9000 X122.74 Y105.232
G1 F1500 X117.286 Y110.685 E3676.11341
G0 F9000 X117.286 Y110.119
G1 F1500 X122.74 Y104.666 E3676.49819
G0 F9000 X122.676 Y104.164
G1 F1500 X117.286 Y109.554 E3676.87848
G0 F9000 X117.286 Y108.988
G1 F1500 X122.11 Y104.164 E3677.21884
G0 F9000 X121.545 Y104.164
G1 F1500 X117.285 Y108.424 E3677.51941
G0 F9000 X117.285 Y107.858
G1 F1500 X120.979 Y104.164 E3677.78004
G0 F9000 X120.413 Y104.164
G1 F1500 X117.284 Y107.293 E3678.0008
G0 F9000 X117.284 Y106.727
G1 F1500 X117.906 Y106.106 E3678.04465
G0 F9000 X117.827 Y105.654
G0 X118.356 Y105.428
G0 X118.699 Y104.763
G0 X119.147 Y104.865
G1 F1500 X119.848 Y104.164 E3678.09411
G0 F9000 X119.282 Y104.164
G1 F1500 X119.2 Y104.246 E3678.0999
G1 F2700 E3669.0999
G0 F9000 X118.74 Y104.246
G0 X117.637 Y105.749
G0 X116.897 Y105.76
G0 X116.152 Y115.5
G0 X115.063 Y115.501
G0 X104.625 Y115.799
G0 X97.5 Y122.146
;TYPE:WALL-OUTER
G1 F2700 E3678.0999
G1 F1500 X103.76 Y115.889 E3678.54147
G1 X103.76 Y95.964 E3679.53553
G1 X97.5 Y95.964 E3679.84785
G1 X97.5 Y122.146 E3681.15407
G0 F9000 X97.748 Y121.554
G0 X98.171 Y120.549
G0 X97.9 Y121.181
;TYPE:WALL-INNER
G1 F1500 X103.36 Y115.723 E3681.53923
G1 X103.36 Y96.364 E3682.50506
G1 X97.9 Y96.364 E3682.77746
G1 X97.9 Y121.181 E3684.01558
G0 F9000 X98.148 Y120.588
G0 X98.3 Y120.215
G1 F1500 X102.96 Y115.557 E3684.3443
G1 X102.96 Y96.764 E3685.28189
G1 X98.3 Y96.764 E3685.51438
G1 X98.3 Y120.215 E3686.68435
G0 F9000 X98.38 Y117.441
;TYPE:FILL
G1 F3000 X102.88 Y112.942 E3687.00181
G0 F9000 X102.88 Y105.458
G1 F3000 X98.38 Y100.958 E3687.31931
G0 F9000 X102.621 Y96.844
G1 F3000 X102.88 Y97.103 E3687.33759
G0 F9000 X102.75 Y97.103
G1 F2700 E3678.33759
;MESH:wildrosebuilds_puzzlecube.stl(2)
G0 F9000 X103.532 Y115.799
G0 X104.625 Y115.799
G0 X115.075 Y116.577
G0 X124.953 Y116.577
G0 X126.635 Y115.799
G0 X127.5 Y122.146
;TYPE:WALL-OUTER
G1 F2700 E3687.33759
G1 F1500 X133.76 Y115.889 E3687.77916
G1 X133.76 Y95.964 E3688.77322
G1 X127.5 Y95.964 E3689.08553
G1 X127.5 Y122.146 E3690.39176
G0 F9000 X127.748 Y121.554
G0 X128.171 Y120.549
G0 X127.9 Y121.181
;TYPE:WALL-INNER
G1 F1500 X133.36 Y115.723 E3690.77692
G1 X133.36 Y96.364 E3691.74275
G1 X127.9 Y96.364 E3692.01515
G1 X127.9 Y121.181 E3693.25327
G0 F9000 X128.148 Y120.588
G0 X128.3 Y120.215
G1 F1500 X132.96 Y115.557 E3693.58199
G1 X132.96 Y96.764 E3694.51958
G1 X128.3 Y96.764 E3694.75206
G1 X128.3 Y120.215 E3695.92204
G0 F9000 X128.38 Y117.441
;TYPE:FILL
G1 F3000 X132.88 Y112.942 E3696.2395
G0 F9000 X132.88 Y105.459
G1 F3000 X128.379 Y100.958 E3696.55707
G0 F9000 X132.621 Y96.844
G1 F3000 X132.88 Y97.103 E3696.57535
G0 F9000 X132.75 Y97.103
G1 F2700 E3687.57535
G0 F9000 X133.53 Y115.444
G0 X134.625 Y115.444
G0 X145.063 Y115.444
G0 X145.928 Y115.724
;TYPE:WALL-OUTER
G1 F2700 E3696.57535
G1 F1500 X154.1 Y115.724 E3696.98305
G1 X154.1 Y102.804 E3697.62763
G1 X147.84 Y102.804 E3697.93994
G1 X147.84 Y104.653 E3698.03219
G1 X147.751 Y104.755 E3698.03894
G1 X147.64 Y104.788 E3698.04472
G1 X145.925 Y104.788 E3698.13028
G1 X145.928 Y115.724 E3698.67588
G0 F9000 X146.328 Y115.324
;TYPE:WALL-INNER
G1 F1500 X153.7 Y115.324 E3699.04367
G1 X153.7 Y103.204 E3699.64834
G1 X148.24 Y103.204 E3699.92074
G1 X148.24 Y104.588 E3699.98979
G1 X148.181 Y104.849 E3700.00314
G1 X147.973 Y105.088 E3700.01895
G1 X147.64 Y105.188 E3700.03629
G1 X146.325 Y105.188 E3700.1019
G1 X146.328 Y115.324 E3700.60759
G0 F9000 X146.728 Y114.924
G1 F1500 X153.3 Y114.924 E3700.93546
G1 X153.3 Y103.604 E3701.50022
G1 X148.64 Y103.604 E3701.73271
G1 X148.64 Y104.588 E3701.7818
G1 X148.542 Y105.022 E3701.804
G1 X148.443 Y105.185 E3701.81351
G1 X148.194 Y105.421 E3701.83063
G1 X147.985 Y105.527 E3701.84232
G1 X147.64 Y105.588 E3701.8598
G1 X146.725 Y105.588 E3701.90545
G1 X146.728 Y114.924 E3702.37123
G0 F9000 X147.088 Y114.564
;TYPE:SKIN
G1 F1500 X152.94 Y114.564 E3702.66318
G1 X152.94 Y103.964 E3703.19202
G1 X149 Y103.964 E3703.38859
G1 X148.996 Y104.625 E3703.42156
G1 X148.865 Y105.179 E3703.44997
G1 X148.71 Y105.422 E3703.46435
G1 X148.397 Y105.718 E3703.48584
G1 X148.102 Y105.868 E3703.50235
G1 X147.672 Y105.945 E3703.52414
G1 X147.084 Y105.948 E3703.55348
G1 X147.088 Y114.564 E3703.98333
G0 F9000 X147.088 Y114.824
G0 X152.64 Y114.824
G0 X152.64 Y114.364
G1 F1500 X152.74 Y114.264 E3703.99039
G0 F9000 X152.74 Y113.698
G1 F1500 X152.074 Y114.364 E3704.03738
G0 F9000 X151.508 Y114.364
G1 F1500 X152.74 Y113.132 E3704.1243
G0 F9000 X152.74 Y112.566
G1 F1500 X150.943 Y114.364 E3704.25113
G0 F9000 X150.377 Y114.364
G1 F1500 X152.74 Y112.001 E3704.41785
G0 F9000 X152.74 Y111.435
G1 F1500 X149.811 Y114.364 E3704.6245
G0 F9000 X149.245 Y114.364
G1 F1500 X152.74 Y110.869 E3704.8711
G0 F9000 X152.74 Y110.304
G1 F1500 X148.68 Y114.364 E3705.15755
G0 F9000 X148.114 Y114.364
G1 F1500 X152.74 Y109.738 E3705.48394
G0 F9000 X152.74 Y109.172
G1 F1500 X147.548 Y114.364 E3705.85026
G0 F9000 X147.288 Y114.058
G1 F1500 X152.74 Y108.607 E3706.2349
G0 F9000 X152.74 Y108.041
G1 F1500 X147.288 Y113.493 E3706.61956
G0 F9000 X147.288 Y112.928
G1 F1500 X152.74 Y107.475 E3707.00427
G0 F9000 X152.74 Y106.91
G1 F1500 X147.288 Y112.362 E3707.38894
G0 F9000 X147.288 Y111.796
G1 F1500 X152.74 Y106.344 E3707.7736
G0 F9000 X152.74 Y105.778
G1 F1500 X147.287 Y111.231 E3708.15834
G0 F9000 X147.287 Y110.666
G1 F1500 X152.74 Y105.213 E3708.54308
G0 F9000 X152.74 Y104.647
G1 F1500 X147.286 Y110.101 E3708.92789
G0 F9000 X147.286 Y109.535
G1 F1500 X152.657 Y104.164 E3709.30684
G0 F9000 X152.092 Y104.164
G1 F1500 X147.286 Y108.969 E3709.6459
G0 F9000 X147.285 Y108.404
G1 F1500 X151.526 Y104.164 E3709.94509
G0 F9000 X150.96 Y104.164
G1 F1500 X147.285 Y107.839 E3710.20438
G0 F9000 X147.285 Y107.274
G1 F1500 X150.395 Y104.164 E3710.42381
G0 F9000 X149.829 Y104.164
G1 F1500 X149.152 Y104.841 E3710.47157
G0 F9000 X149.2 Y104.228
G1 F1500 X149.263 Y104.164 E3710.47605
G0 F9000 X149.263 Y103.704
G0 X148.812 Y103.776
G0 X148.474 Y104.76
G0 X148.478 Y105.428
G0 X147.804 Y105.658
G0 X147.883 Y106.11
G1 F1500 X147.285 Y106.708 E3710.51824
G1 F2700 E3701.51824
;MESH:NONMESH
G0 F300 X147.285 Y106.708 Z18.75
G0 F9000 X146.825 Y106.708
G0 X146.151 Y105.015
G0 X145.063 Y105.016
G0 X134.613 Y95.111
G0 X116.987 Y93.289
G0 X104.625 Y85.372
G0 X103.76 Y85.596
;TIME_ELAPSED:4550.088110
;LAYER:62
;TYPE:WALL-OUTER
;MESH:wildrosebuilds_puzzlecube.stl(1)
G1 F2700 E3710.51824
G1 F1500 X103.76 Y84.108 E3710.59248
G1 X103.79 Y84.001 E3710.59803
G1 X103.9 Y83.908 E3710.60521
G1 X105.372 Y83.908 E3710.67865
G1 X105.372 Y72.676 E3711.23902
G1 X97.5 Y72.676 E3711.63175
G1 X97.5 Y85.596 E3712.27633
G1 X103.76 Y85.596 E3712.58865
G0 F9000 X103.36 Y85.196
;TYPE:WALL-INNER
G1 F1500 X103.36 Y84.108 E3712.64293
G1 X103.451 Y83.788 E3712.65953
G1 X103.593 Y83.632 E3712.67005
G1 X103.723 Y83.556 E3712.67756
G1 X103.96 Y83.508 E3712.68963
G1 X104.972 Y83.508 E3712.74012
G1 X104.972 Y73.076 E3713.26057
G1 X97.9 Y73.076 E3713.61339
G1 X97.9 Y85.196 E3714.21806
G1 X103.36 Y85.196 E3714.49046
G0 F9000 X102.96 Y84.796
G1 F1500 X102.96 Y84.108 E3714.52479
G1 X103.015 Y83.78 E3714.54138
G1 X103.113 Y83.576 E3714.55267
G1 X103.349 Y83.315 E3714.57023
G1 X103.566 Y83.188 E3714.58277
G1 X103.96 Y83.108 E3714.60283
G1 X104.572 Y83.108 E3714.63336
G1 X104.572 Y73.476 E3715.1139
G1 X98.3 Y73.476 E3715.42681
G1 X98.3 Y84.796 E3715.99157
G1 X102.96 Y84.796 E3716.22406
G0 F9000 X102.6 Y84.436
;TYPE:SKIN
G1 F1500 X102.602 Y84.072 E3716.24222
G1 X102.667 Y83.665 E3716.26278
G1 X102.806 Y83.385 E3716.27838
G1 X103.129 Y83.025 E3716.30251
G1 X103.43 Y82.849 E3716.3199
G1 X103.92 Y82.751 E3716.34483
G1 X104.212 Y82.748 E3716.3594
G1 X104.212 Y73.836 E3716.80402
G1 X98.66 Y73.836 E3717.08102
G1 X98.661 Y84.435 E3717.6098
G1 X102.6 Y84.436 E3717.80632
G0 F9000 X102.6 Y84.696
G0 X98.943 Y84.696
G0 X98.943 Y84.235
G1 F1500 X98.86 Y84.152 E3717.81218
G0 F9000 X98.86 Y83.586
G1 F1500 X99.508 Y84.235 E3717.85793
G0 F9000 X100.074 Y84.235
G1 F1500 X98.86 Y83.021 E3717.94358
G0 F9000 X98.86 Y82.455
G1 F1500 X100.64 Y84.235 E3718.06917
G0 F9000 X101.205 Y84.235
G1 F1500 X98.86 Y81.889 E3718.23466
G0 F9000 X98.86 Y81.324
G1 F1500 X101.771 Y84.235 E3718.44005
G0 F9000 X102.337 Y84.235
G1 F1500 X98.86 Y80.758 E3718.68537
G0 F9000 X98.86 Y80.192
G1 F1500 X102.446 Y83.779 E3718.93842
G0 F9000 X102.596 Y83.362
G1 F1500 X98.86 Y79.627 E3719.20198
G0 F9000 X98.86 Y79.061
G1 F1500 X102.842 Y83.043 E3719.48293
G0 F9000 X103.148 Y82.783
G1 F1500 X98.86 Y78.495 E3719.78547
G0 F9000 X98.86 Y77.93
G1 F1500 X103.551 Y82.62 E3720.11641
G0 F9000 X104.012 Y82.516
G1 F1500 X98.86 Y77.364 E3720.47991
G0 F9000 X98.86 Y76.798
G1 F1500 X104.012 Y81.95 E3720.84341
G0 F9000 X104.012 Y81.384
G1 F1500 X98.86 Y76.232 E3721.20691
G0 F9000 X98.86 Y75.667
G1 F1500 X104.012 Y80.819 E3721.57041
G0 F9000 X104.012 Y80.253
G1 F1500 X98.86 Y75.101 E3721.93392
G0 F9000 X98.86 Y74.535
G1 F1500 X104.012 Y79.687 E3722.29742
G0 F9000 X104.012 Y79.122
G1 F1500 X98.926 Y74.036 E3722.65626
G0 F9000 X99.492 Y74.036
G1 F1500 X104.012 Y78.556 E3722.97517
G0 F9000 X104.012 Y77.99
G1 F1500 X100.058 Y74.036 E3723.25415
G0 F9000 X100.623 Y74.036
G1 F1500 X104.012 Y77.425 E3723.49326
G0 F9000 X104.012 Y76.859
G1 F1500 X101.189 Y74.036 E3723.69244
G0 F9000 X101.755 Y74.036
G1 F1500 X104.012 Y76.293 E3723.85168
G0 F9000 X104.012 Y75.728
G1 F1500 X102.32 Y74.036 E3723.97106
G0 F9000 X102.886 Y74.036
G1 F1500 X104.012 Y75.162 E3724.05051
G0 F9000 X104.012 Y74.596
G1 F1500 X103.452 Y74.036 E3724.09002
G1 F2700 E3715.09002
G0 F9000 X103.452 Y73.576
G0 X104.4 Y73.648
G0 X105.149 Y83.685
G0 X106.237 Y83.684
G0 X116.975 Y83.685
G0 X117.84 Y92.436
;TYPE:WALL-OUTER
G1 F2700 E3724.09002
G1 F1500 X124.1 Y92.436 E3724.40233
G1 X124.1 Y66.248 E3725.70886
G1 X117.84 Y72.507 E3726.1505
G1 X117.84 Y92.436 E3727.14476
G0 F9000 X118.24 Y92.036
;TYPE:WALL-INNER
G1 F1500 X123.7 Y92.036 E3727.41716
G1 X123.7 Y67.214 E3728.65553
G1 X118.24 Y72.673 E3729.04073
G1 X118.24 Y92.036 E3730.00676
G0 F9000 X118.64 Y91.636
G1 F1500 X123.3 Y91.636 E3730.23924
G1 X123.3 Y68.179 E3731.40952
G1 X118.64 Y72.839 E3731.73831
G1 X118.64 Y91.636 E3732.67609
G0 F9000 X118.72 Y90.998
;TYPE:FILL
G1 F3000 X119.278 Y91.556 E3732.71546
G0 F9000 X123.22 Y87.743
G1 F3000 X118.72 Y83.243 E3733.03296
G0 F9000 X118.72 Y75.157
G1 F3000 X123.22 Y70.658 E3733.35043
G0 F9000 X123.09 Y70.658
G1 F2700 E3724.35043
;MESH:wildrosebuilds_puzzlecube.stl
G0 F9000 X118.064 Y92.212
G0 X118.064 Y93.301
G0 X116.987 Y101.951
G0 X116.987 Y103.637
G0 X116.228 Y115.724
;TYPE:WALL-OUTER
G1 F2700 E3733.35043
G1 F1500 X124.1 Y115.724 E3733.74316
G1 X124.1 Y102.804 E3734.38774
G1 X117.84 Y102.804 E3734.70006
G1 X117.84 Y104.288 E3734.77409
G1 X117.81 Y104.395 E3734.77964
G1 X117.7 Y104.488 E3734.78682
G1 X116.225 Y104.488 E3734.86041
G1 X116.228 Y115.724 E3735.42098
G0 F9000 X116.628 Y115.324
;TYPE:WALL-INNER
G1 F1500 X123.7 Y115.324 E3735.7738
G1 X123.7 Y103.204 E3736.37847
G1 X118.24 Y103.204 E3736.65087
G1 X118.24 Y104.288 E3736.70495
G1 X118.148 Y104.608 E3736.72156
G1 X118.006 Y104.764 E3736.73209
G1 X117.877 Y104.84 E3736.73956
G1 X117.64 Y104.888 E3736.75162
G1 X116.625 Y104.888 E3736.80226
G1 X116.628 Y115.324 E3737.32291
G0 F9000 X117.028 Y114.924
G1 F1500 X123.3 Y114.924 E3737.63583
G1 X123.3 Y103.604 E3738.20058
G1 X118.64 Y103.604 E3738.43307
G1 X118.64 Y104.288 E3738.4672
G1 X118.585 Y104.617 E3738.48384
G1 X118.486 Y104.822 E3738.4952
G1 X118.25 Y105.081 E3738.51268
G1 X118.034 Y105.208 E3738.52518
G1 X117.64 Y105.288 E3738.54524
G1 X117.025 Y105.288 E3738.57592
G1 X117.028 Y114.924 E3739.05666
G0 F9000 X117.388 Y114.564
;TYPE:SKIN
G1 F1500 X122.94 Y114.564 E3739.33365
G1 X122.94 Y103.964 E3739.86249
G1 X119 Y103.964 E3740.05905
G1 X118.998 Y104.322 E3740.07691
G1 X118.929 Y104.729 E3740.09751
G1 X118.789 Y105.008 E3740.11308
G1 X118.467 Y105.367 E3740.13714
G1 X118.169 Y105.541 E3740.15436
G1 X117.677 Y105.644 E3740.17944
G1 X117.384 Y105.648 E3740.19406
G1 X117.388 Y114.564 E3740.63888
G0 F9000 X117.588 Y114.194
G1 F1500 X117.758 Y114.364 E3740.65087
G0 F9000 X118.324 Y114.364
G1 F1500 X117.588 Y113.628 E3740.7028
G0 F9000 X117.588 Y113.062
G1 F1500 X118.889 Y114.364 E3740.79463
G0 F9000 X119.455 Y114.364
G1 F1500 X117.587 Y112.496 E3740.92643
G0 F9000 X117.587 Y111.93
G1 F1500 X120.021 Y114.364 E3741.09816
G0 F9000 X120.586 Y114.364
G1 F1500 X117.586 Y111.364 E3741.30982
G0 F9000 X117.586 Y110.798
G1 F1500 X121.152 Y114.364 E3741.56142
G0 F9000 X121.718 Y114.364
G1 F1500 X117.586 Y110.232 E3741.85296
G0 F9000 X117.585 Y109.666
G1 F1500 X122.284 Y114.364 E3742.18446
G0 F9000 X122.74 Y114.255
G1 F1500 X117.585 Y109.1 E3742.54818
G0 F9000 X117.585 Y108.534
G1 F1500 X122.74 Y113.689 E3742.91189
G0 F9000 X122.74 Y113.124
G1 F1500 X117.585 Y107.968 E3743.27564
G0 F9000 X117.585 Y107.402
G1 F1500 X122.74 Y112.558 E3743.63939
G0 F9000 X122.74 Y111.992
G1 F1500 X117.584 Y106.836 E3744.00317
G0 F9000 X117.584 Y106.27
G1 F1500 X122.74 Y111.427 E3744.36699
G0 F9000 X122.74 Y110.861
G1 F1500 X117.719 Y105.84 E3744.72125
G0 F9000 X118.188 Y105.743
G1 F1500 X122.74 Y110.295 E3745.04242
G0 F9000 X122.74 Y109.73
G1 F1500 X118.556 Y105.546 E3745.33762
G0 F9000 X118.831 Y105.255
G1 F1500 X122.74 Y109.164 E3745.61342
G0 F9000 X122.74 Y108.598
G1 F1500 X119.058 Y104.916 E3745.87321
G0 F9000 X119.176 Y104.468
G1 F1500 X122.74 Y108.032 E3746.12467
G0 F9000 X122.74 Y107.467
G1 F1500 X119.437 Y104.164 E3746.35771
G0 F9000 X120.003 Y104.164
G1 F1500 X122.74 Y106.901 E3746.55082
G0 F9000 X122.74 Y106.335
G1 F1500 X120.569 Y104.164 E3746.704
G0 F9000 X121.134 Y104.164
G1 F1500 X122.74 Y105.77 E3746.81731
G0 F9000 X122.74 Y105.204
G1 F1500 X121.7 Y104.164 E3746.89069
G0 F9000 X122.266 Y104.164
G1 F1500 X122.74 Y104.638 E3746.92413
G1 F2700 E3737.92413
G0 F9000 X123.2 Y104.638
G0 X123.128 Y114.752
G0 X116.452 Y115.5
G0 X115.363 Y115.501
G0 X104.625 Y115.799
G0 X97.5 Y122.146
;TYPE:WALL-OUTER
G1 F2700 E3746.92413
G1 F1500 X103.76 Y115.889 E3747.3657
G1 X103.76 Y95.964 E3748.35976
G1 X97.5 Y95.964 E3748.67207
G1 X97.5 Y122.146 E3749.9783
G0 F9000 X97.748 Y121.554
G0 X98.171 Y120.549
G0 X97.9 Y121.181
;TYPE:WALL-INNER
G1 F1500 X103.36 Y115.723 E3750.36346
G1 X103.36 Y96.364 E3751.32929
G1 X97.9 Y96.364 E3751.60169
G1 X97.9 Y121.181 E3752.83981
G0 F9000 X98.148 Y120.588
G0 X98.3 Y120.215
G1 F1500 X102.96 Y115.557 E3753.16853
G1 X102.96 Y96.764 E3754.10612
G1 X98.3 Y96.764 E3754.3386
G1 X98.3 Y120.215 E3755.50858
G0 F9000 X98.38 Y117.741
;TYPE:FILL
G1 F3000 X102.88 Y113.242 E3755.82604
G0 F9000 X102.88 Y105.158
G1 F3000 X98.38 Y100.658 E3756.14354
G0 F9000 X102.321 Y96.844
G1 F3000 X102.88 Y97.403 E3756.18298
G0 F9000 X102.75 Y97.403
G1 F2700 E3747.18298
;MESH:wildrosebuilds_puzzlecube.stl(2)
G0 F9000 X103.532 Y115.799
G0 X104.625 Y115.799
G0 X115.375 Y116.577
G0 X124.953 Y116.577
G0 X126.635 Y115.799
G0 X127.5 Y122.146
;TYPE:WALL-OUTER
G1 F2700 E3756.18298
G1 F1500 X133.76 Y115.889 E3756.62455
G1 X133.76 Y95.964 E3757.61862
G1 X127.5 Y95.964 E3757.93093
G1 X127.5 Y122.146 E3759.23715
G0 F9000 X127.748 Y121.554
G0 X128.171 Y120.549
G0 X127.9 Y121.181
;TYPE:WALL-INNER
G1 F1500 X133.36 Y115.723 E3759.62232
G1 X133.36 Y96.364 E3760.58814
G1 X127.9 Y96.364 E3760.86054
G1 X127.9 Y121.181 E3762.09867
G0 F9000 X128.148 Y120.588
G0 X128.3 Y120.215
G1 F1500 X132.96 Y115.557 E3762.42738
G1 X132.96 Y96.764 E3763.36497
G1 X128.3 Y96.764 E3763.59746
G1 X128.3 Y120.215 E3764.76743
G0 F9000 X128.38 Y117.741
;TYPE:FILL
G1 F3000 X132.88 Y113.242 E3765.0849
G0 F9000 X132.88 Y105.159
G1 F3000 X128.379 Y100.658 E3765.40247
G0 F9000 X132.321 Y96.844
G1 F3000 X132.88 Y97.403 E3765.44191
G0 F9000 X132.75 Y97.403
G1 F2700 E3756.44191
G0 F9000 X133.53 Y115.444
G0 X134.625 Y115.444
G0 X145.363 Y115.444
G0 X146.228 Y115.724
;TYPE:WALL-OUTER
G1 F2700 E3765.44191
G1 F1500 X154.1 Y115.724 E3765.83464
G1 X154.1 Y102.804 E3766.47923
G1 X147.84 Y102.804 E3766.79154
G1 X147.84 Y104.288 E3766.86558
G1 X147.81 Y104.395 E3766.87112
G1 X147.7 Y104.488 E3766.87831
G1 X146.225 Y104.488 E3766.95189
G1 X146.228 Y115.724 E3767.51246
G0 F9000 X146.628 Y115.324
;TYPE:WALL-INNER
G1 F1500 X153.7 Y115.324 E3767.86528
G1 X153.7 Y103.204 E3768.46995
G1 X148.24 Y103.204 E3768.74235
G1 X148.24 Y104.288 E3768.79643
G1 X148.148 Y104.608 E3768.81305
G1 X148.006 Y104.764 E3768.82357
G1 X147.877 Y104.84 E3768.83104
G1 X147.64 Y104.888 E3768.8431
G1 X146.625 Y104.888 E3768.89374
G1 X146.628 Y115.324 E3769.4144
G0 F9000 X147.028 Y114.924
G1 F1500 X153.3 Y114.924 E3769.72731
G1 X153.3 Y103.604 E3770.29207
G1 X148.64 Y103.604 E3770.52455
G1 X148.64 Y104.288 E3770.55868
G1 X148.585 Y104.617 E3770.57532
G1 X148.486 Y104.822 E3770.58668
G1 X148.25 Y105.081 E3770.60416
G1 X148.034 Y105.208 E3770.61666
G1 X147.64 Y105.288 E3770.63672
G1 X147.025 Y105.288 E3770.6674
G1 X147.028 Y114.924 E3771.14814
G0 F9000 X147.388 Y114.564
;TYPE:SKIN
G1 F1500 X152.94 Y114.564 E3771.42513
G1 X152.94 Y103.964 E3771.95397
G1 X149 Y103.964 E3772.15054
G1 X148.998 Y104.322 E3772.1684
G1 X148.929 Y104.729 E3772.18899
G1 X148.789 Y105.008 E3772.20457
G1 X148.467 Y105.367 E3772.22863
G1 X148.169 Y105.541 E3772.24584
G1 X147.677 Y105.644 E3772.27092
G1 X147.384 Y105.648 E3772.28554
G1 X147.388 Y114.564 E3772.73036
G0 F9000 X147.739 Y114.364
G1 F1500 X147.587 Y114.212 E3772.74108
G0 F9000 X147.587 Y113.646
G1 F1500 X148.305 Y114.364 E3772.79174
G0 F9000 X148.871 Y114.364
G1 F1500 X147.587 Y113.081 E3772.8823
G0 F9000 X147.587 Y112.514
G1 F1500 X149.436 Y114.364 E3773.01279
G0 F9000 X150.002 Y114.364
G1 F1500 X147.587 Y111.948 E3773.18322
G0 F9000 X147.586 Y111.382
G1 F1500 X150.568 Y114.364 E3773.39362
G0 F9000 X151.133 Y114.364
G1 F1500 X147.586 Y110.816 E3773.64391
G0 F9000 X147.586 Y110.251
G1 F1500 X151.699 Y114.364 E3773.93411
G0 F9000 X152.265 Y114.364
G1 F1500 X147.585 Y109.684 E3774.26431
G0 F9000 X147.585 Y109.119
G1 F1500 X152.74 Y114.273 E3774.62798
G0 F9000 X152.74 Y113.708
G1 F1500 X147.584 Y108.552 E3774.99177
G0 F9000 X147.584 Y107.987
G1 F1500 X152.74 Y113.142 E3775.35552
G0 F9000 X152.74 Y112.576
G1 F1500 X147.584 Y107.421 E3775.71926
G0 F9000 X147.584 Y106.854
G1 F1500 X152.74 Y112.011 E3776.08308
G0 F9000 X152.74 Y111.445
G1 F1500 X147.584 Y106.289 E3776.44687
G0 F9000 X147.703 Y105.843
G1 F1500 X152.74 Y110.879 E3776.80222
G0 F9000 X152.74 Y110.314
G1 F1500 X148.172 Y105.746 E3777.12452
G0 F9000 X148.544 Y105.552
G1 F1500 X152.74 Y109.748 E3777.42057
G0 F9000 X152.74 Y109.182
G1 F1500 X148.823 Y105.265 E3777.69693
G0 F9000 X149.052 Y104.929
G1 F1500 X152.74 Y108.617 E3777.95714
G0 F9000 X152.74 Y108.051
G1 F1500 X149.173 Y104.484 E3778.20881
G0 F9000 X149.419 Y104.165
G1 F1500 X152.74 Y107.485 E3778.44309
G0 F9000 X152.74 Y106.919
G1 F1500 X149.985 Y104.165 E3778.63743
G0 F9000 X150.551 Y104.165
G1 F1500 X152.74 Y106.354 E3778.79188
G0 F9000 X152.74 Y105.788
G1 F1500 X151.116 Y104.165 E3778.90643
G0 F9000 X151.682 Y104.165
G1 F1500 X152.74 Y105.222 E3778.98104
G0 F9000 X152.74 Y104.657
G1 F1500 X152.248 Y104.165 E3779.01575
G1 F2700 E3770.01575
;MESH:NONMESH
G0 F300 X152.248 Y104.165 Z19.05
G0 F9000 X152.248 Y103.704
G0 X148.064 Y103.028
G0 X146.975 Y103.028
G0 X134.613 Y95.111
G0 X116.987 Y93.289
G0 X104.625 Y85.372
G0 X103.76 Y85.596
;TIME_ELAPSED:4625.008016
;LAYER:63
;TYPE:WALL-OUTER
;MESH:wildrosebuilds_puzzlecube.stl(1)
G1 F2700 E3779.01575
G1 F1500 X103.76 Y84.343 E3779.07827
G1 X103.889 Y84.208 E3779.08758
G1 X105.072 Y84.208 E3779.1466
G1 X105.072 Y72.676 E3779.72194
G1 X97.5 Y72.676 E3780.0997
G1 X97.5 Y85.596 E3780.74429
G1 X103.76 Y85.596 E3781.0566
G0 F9000 X103.36 Y85.196
;TYPE:WALL-INNER
G1 F1500 X103.36 Y84.408 E3781.09591
G1 X103.413 Y84.161 E3781.10851
G1 X103.493 Y84.03 E3781.11617
G1 X103.689 Y83.872 E3781.12873
G1 X103.96 Y83.808 E3781.14262
G1 X104.672 Y83.808 E3781.17815
G1 X104.672 Y73.076 E3781.71357
G1 X97.9 Y73.076 E3782.05142
G1 X97.9 Y85.196 E3782.65609
G1 X103.36 Y85.196 E3782.92849
G0 F9000 X102.96 Y84.796
G1 F1500 X102.96 Y84.408 E3782.94785
G1 X103.048 Y83.996 E3782.96887
G1 X103.225 Y83.71 E3782.98565
G1 X103.508 Y83.515 E3783.0028
G1 X103.96 Y83.408 E3783.02597
G1 X104.272 Y83.408 E3783.04154
G1 X104.272 Y73.476 E3783.53705
G1 X98.3 Y73.476 E3783.83499
G1 X98.3 Y84.796 E3784.39975
G1 X102.96 Y84.796 E3784.63224
G0 F9000 X102.59 Y84.436
;TYPE:SKIN
G1 F1500 X102.715 Y83.852 E3784.66203
G1 X102.956 Y83.459 E3784.68503
G1 X103.353 Y83.186 E3784.70907
G1 X103.912 Y83.054 E3784.73772
G1 X103.912 Y73.836 E3785.19761
G1 X98.66 Y73.836 E3785.45964
G1 X98.66 Y84.436 E3785.98847
G1 X102.59 Y84.436 E3786.18454
G0 F9000 X101.875 Y84.236
G1 F1500 X103.712 Y82.398 E3786.31419
G0 F9000 X103.712 Y81.833
G1 F1500 X101.309 Y84.236 E3786.48373
G0 F9000 X100.744 Y84.236
G1 F1500 X103.712 Y81.267 E3786.69317
G0 F9000 X103.712 Y80.701
G1 F1500 X100.178 Y84.236 E3786.94255
G0 F9000 X99.612 Y84.236
G1 F1500 X103.712 Y80.136 E3787.23183
G0 F9000 X103.712 Y79.57
G1 F1500 X99.047 Y84.236 E3787.56101
G0 F9000 X98.86 Y83.857
G1 F1500 X103.712 Y79.004 E3787.90338
G0 F9000 X103.712 Y78.439
G1 F1500 X98.86 Y83.291 E3788.24571
G0 F9000 X98.86 Y82.725
G1 F1500 X103.712 Y77.873 E3788.58804
G0 F9000 X103.712 Y77.307
G1 F1500 X98.86 Y82.159 E3788.93038
G0 F9000 X98.86 Y81.594
G1 F1500 X103.712 Y76.742 E3789.27271
G0 F9000 X103.712 Y76.176
G1 F1500 X98.86 Y81.028 E3789.61505
G0 F9000 X98.86 Y80.462
G1 F1500 X103.712 Y75.61 E3789.95738
G0 F9000 X103.712 Y75.045
G1 F1500 X98.86 Y79.897 E3790.29972
G0 F9000 X98.86 Y79.331
G1 F1500 X103.712 Y74.479 E3790.64205
G0 F9000 X103.589 Y74.036
G1 F1500 X98.86 Y78.765 E3790.97571
G0 F9000 X98.86 Y78.2
G1 F1500 X103.023 Y74.036 E3791.26947
G0 F9000 X102.458 Y74.036
G1 F1500 X98.86 Y77.634 E3791.52333
G0 F9000 X98.86 Y77.068
G1 F1500 X101.892 Y74.036 E3791.73725
G0 F9000 X101.326 Y74.036
G1 F1500 X98.86 Y76.503 E3791.91127
G0 F9000 X98.86 Y75.937
G1 F1500 X100.761 Y74.036 E3792.0454
G0 F9000 X100.195 Y74.036
G1 F1500 X98.86 Y75.371 E3792.13959
G0 F9000 X98.86 Y74.806
G1 F1500 X99.629 Y74.036 E3792.19388
G0 F9000 X99.064 Y74.036
G1 F1500 X98.86 Y74.24 E3792.20828
G1 F2700 E3783.20828
G0 F9000 X98.4 Y74.24
G0 X98.472 Y73.648
G0 X104.1 Y73.648
G0 X104.849 Y83.985
G0 X105.937 Y83.984
G0 X116.975 Y83.985
G0 X117.84 Y92.436
;TYPE:WALL-OUTER
G1 F2700 E3792.20828
G1 F1500 X124.1 Y92.436 E3792.52059
G1 X124.1 Y66.248 E3793.82711
G1 X117.84 Y72.507 E3794.26876
G1 X117.84 Y92.436 E3795.26302
G0 F9000 X118.24 Y92.036
;TYPE:WALL-INNER
G1 F1500 X123.7 Y92.036 E3795.53542
G1 X123.7 Y67.214 E3796.77379
G1 X118.24 Y72.673 E3797.15899
G1 X118.24 Y92.036 E3798.12501
G0 F9000 X118.64 Y91.636
G1 F1500 X123.3 Y91.636 E3798.3575
G1 X123.3 Y68.179 E3799.52778
G1 X118.64 Y72.839 E3799.85657
G1 X118.64 Y91.636 E3800.79435
G0 F9000 X119.577 Y91.556
;TYPE:FILL
G1 F3000 X118.72 Y90.698 E3800.85485
G0 F9000 X123.22 Y88.043
G1 F3000 X118.72 Y83.543 E3801.17235
G0 F9000 X118.72 Y74.857
G1 F3000 X123.22 Y70.358 E3801.48982
G0 F9000 X123.09 Y70.358
G1 F2700 E3792.48982
;MESH:wildrosebuilds_puzzlecube.stl
G0 F9000 X118.064 Y92.212
G0 X118.064 Y93.301
G0 X116.987 Y101.951
G0 X116.987 Y103.337
G0 X116.528 Y115.724
;TYPE:WALL-OUTER
G1 F2700 E3801.48982
G1 F1500 X124.1 Y115.724 E3801.86759
G1 X124.1 Y102.804 E3802.51217
G1 X117.84 Y102.804 E3802.82448
G1 X117.84 Y104.053 E3802.88679
G1 X117.711 Y104.188 E3802.89611
G1 X116.524 Y104.188 E3802.95533
G1 X116.528 Y115.724 E3803.53086
G0 F9000 X116.928 Y115.324
;TYPE:WALL-INNER
G1 F1500 X123.7 Y115.324 E3803.86872
G1 X123.7 Y103.204 E3804.47339
G1 X118.24 Y103.204 E3804.74579
G1 X118.24 Y103.988 E3804.7849
G1 X118.187 Y104.236 E3804.79755
G1 X118.043 Y104.434 E3804.80977
G1 X117.912 Y104.524 E3804.8177
G1 X117.64 Y104.588 E3804.83164
G1 X116.924 Y104.588 E3804.86736
G1 X116.928 Y115.324 E3805.40298
G0 F9000 X117.328 Y114.924
G1 F1500 X123.3 Y114.924 E3805.70092
G1 X123.3 Y103.604 E3806.26568
G1 X118.64 Y103.604 E3806.49817
G1 X118.64 Y103.988 E3806.51733
G1 X118.551 Y104.401 E3806.53841
G1 X118.374 Y104.686 E3806.55514
G1 X118.092 Y104.881 E3806.57225
G1 X117.64 Y104.988 E3806.59542
G1 X117.324 Y104.988 E3806.61119
G1 X117.328 Y114.924 E3807.1069
G0 F9000 X117.688 Y114.564
;TYPE:SKIN
G1 F1500 X122.94 Y114.564 E3807.36892
G1 X122.94 Y103.964 E3807.89776
G1 X119.008 Y103.964 E3808.09392
G1 X118.885 Y104.544 E3808.1235
G1 X118.639 Y104.938 E3808.14668
G1 X118.248 Y105.206 E3808.17033
G1 X117.684 Y105.342 E3808.19927
G1 X117.688 Y114.564 E3808.65936
G0 F9000 X117.688 Y114.824
G0 X123.128 Y114.752
G0 X123.2 Y114.283
G0 X122.74 Y114.283
G1 F1500 X122.658 Y114.364 E3808.66511
G0 F9000 X122.093 Y114.364
G1 F1500 X122.74 Y113.717 E3808.71076
G0 F9000 X122.74 Y113.151
G1 F1500 X121.527 Y114.364 E3808.79634
G0 F9000 X120.961 Y114.364
G1 F1500 X122.74 Y112.586 E3808.92183
G0 F9000 X122.74 Y112.02
G1 F1500 X120.396 Y114.364 E3809.08721
G0 F9000 X119.83 Y114.364
G1 F1500 X122.74 Y111.454 E3809.29252
G0 F9000 X122.74 Y110.888
G1 F1500 X119.264 Y114.364 E3809.53777
G0 F9000 X118.698 Y114.364
G1 F1500 X122.74 Y110.323 E3809.82292
G0 F9000 X122.74 Y109.757
G1 F1500 X118.133 Y114.364 E3810.14797
G0 F9000 X117.888 Y114.043
G1 F1500 X122.74 Y109.191 E3810.49031
G0 F9000 X122.74 Y108.626
G1 F1500 X117.888 Y113.477 E3810.83261
G0 F9000 X117.888 Y112.912
G1 F1500 X122.74 Y108.06 E3811.17494
G0 F9000 X122.74 Y107.494
G1 F1500 X117.887 Y112.347 E3811.51735
G0 F9000 X117.887 Y111.781
G1 F1500 X122.74 Y106.929 E3811.85972
G0 F9000 X122.74 Y106.363
G1 F1500 X117.887 Y111.216 E3812.20212
G0 F9000 X117.887 Y110.65
G1 F1500 X122.74 Y105.797 E3812.54453
G0 F9000 X122.74 Y105.232
G1 F1500 X117.887 Y110.085 E3812.88693
G0 F9000 X117.886 Y109.52
G1 F1500 X122.74 Y104.666 E3813.22941
G0 F9000 X122.676 Y104.164
G1 F1500 X117.886 Y108.954 E3813.56737
G0 F9000 X117.885 Y108.389
G1 F1500 X122.11 Y104.164 E3813.86547
G0 F9000 X121.545 Y104.164
G1 F1500 X117.885 Y107.823 E3814.12366
G0 F9000 X117.885 Y107.257
G1 F1500 X120.979 Y104.164 E3814.34193
G0 F9000 X120.413 Y104.164
G1 F1500 X117.885 Y106.693 E3814.52033
G0 F9000 X117.885 Y106.127
G1 F1500 X119.848 Y104.164 E3814.65883
G0 F9000 X119.282 Y104.164
G1 F1500 X119.141 Y104.305 E3814.66877
G0 F9000 X118.692 Y104.209
G0 X118.478 Y104.827
G0 X117.862 Y105.032
G0 X117.967 Y105.478
G1 F1500 X117.885 Y105.561 E3814.6746
G1 F2700 E3805.6746
G0 F9000 X117.424 Y105.561
G0 X116.752 Y115.5
G0 X115.663 Y115.501
G0 X104.625 Y115.799
G0 X97.5 Y122.146
;TYPE:WALL-OUTER
G1 F2700 E3814.6746
G1 F1500 X103.76 Y115.889 E3815.11617
G1 X103.76 Y95.964 E3816.11023
G1 X97.5 Y95.964 E3816.42254
G1 X97.5 Y122.146 E3817.72877
G0 F9000 X97.748 Y121.554
G0 X98.171 Y120.549
G0 X97.9 Y121.181
;TYPE:WALL-INNER
G1 F1500 X103.36 Y115.723 E3818.11393
G1 X103.36 Y96.364 E3819.07975
G1 X97.9 Y96.364 E3819.35215
G1 X97.9 Y121.181 E3820.59028
G0 F9000 X98.148 Y120.588
G0 X98.3 Y120.215
G1 F1500 X102.96 Y115.557 E3820.919
G1 X102.96 Y96.764 E3821.85658
G1 X98.3 Y96.764 E3822.08907
G1 X98.3 Y120.215 E3823.25905
G0 F9000 X98.38 Y118.041
;TYPE:FILL
G1 F3000 X102.88 Y113.542 E3823.57651
G0 F9000 X102.88 Y104.858
G1 F3000 X98.38 Y100.358 E3823.89401
G0 F9000 X102.021 Y96.844
G1 F3000 X102.88 Y97.702 E3823.95458
G0 F9000 X102.75 Y97.702
G1 F2700 E3814.95458
;MESH:wildrosebuilds_puzzlecube.stl(2)
G0 F9000 X103.532 Y115.799
G0 X104.625 Y115.799
G0 X115.675 Y116.577
G0 X124.953 Y116.577
G0 X126.635 Y115.799
G0 X127.5 Y122.146
;TYPE:WALL-OUTER
G1 F2700 E3823.95458
G1 F1500 X133.76 Y115.889 E3824.39615
G1 X133.76 Y95.964 E3825.39021
G1 X127.5 Y95.964 E3825.70253
G1 X127.5 Y122.146 E3827.00875
G0 F9000 X127.748 Y121.554
G0 X128.171 Y120.549
G0 X127.9 Y121.181
;TYPE:WALL-INNER
G1 F1500 X133.36 Y115.723 E3827.39391
G1 X133.36 Y96.364 E3828.35974
G1 X127.9 Y96.364 E3828.63214
G1 X127.9 Y121.181 E3829.87026
G0 F9000 X128.148 Y120.588
G0 X128.3 Y120.215
G1 F1500 X132.96 Y115.557 E3830.19898
G1 X132.96 Y96.764 E3831.13657
G1 X128.3 Y96.764 E3831.36906
G1 X128.3 Y120.215 E3832.53903
G0 F9000 X128.38 Y118.041
;TYPE:FILL
G1 F3000 X132.88 Y113.542 E3832.8565
G0 F9000 X132.88 Y104.859
G1 F3000 X128.379 Y100.358 E3833.17407
G0 F9000 X132.021 Y96.844
G1 F3000 X132.88 Y97.703 E3833.23467
G0 F9000 X132.75 Y97.703
G1 F2700 E3824.23467
G0 F9000 X133.53 Y115.444
G0 X134.625 Y115.444
G0 X145.663 Y115.444
G0 X146.528 Y115.724
;TYPE:WALL-OUTER
G1 F2700 E3833.23467
G1 F1500 X154.1 Y115.724 E3833.61244
G1 X154.1 Y102.804 E3834.25702
G1 X147.84 Y102.804 E3834.56934
G1 X147.84 Y104.053 E3834.63165
G1 X147.711 Y104.188 E3834.64096
G1 X146.524 Y104.188 E3834.70018
G1 X146.528 Y115.724 E3835.27572
G0 F9000 X146.928 Y115.324
;TYPE:WALL-INNER
G1 F1500 X153.7 Y115.324 E3835.61357
G1 X153.7 Y103.204 E3836.21824
G1 X148.24 Y103.204 E3836.49064
G1 X148.24 Y103.988 E3836.52976
G1 X148.187 Y104.236 E3836.54241
G1 X148.043 Y104.434 E3836.55462
G1 X147.912 Y104.524 E3836.56255
G1 X147.64 Y104.588 E3836.57649
G1 X146.924 Y104.588 E3836.61222
G1 X146.928 Y115.324 E3837.14784
G0 F9000 X147.328 Y114.924
G1 F1500 X153.3 Y114.924 E3837.44578
G1 X153.3 Y103.604 E3838.01054
G1 X148.64 Y103.604 E3838.24303
G1 X148.64 Y103.988 E3838.26218
G1 X148.551 Y104.401 E3838.28326
G1 X148.374 Y104.686 E3838.3
G1 X148.092 Y104.881 E3838.31711
G1 X147.64 Y104.988 E3838.34028
G1 X147.324 Y104.988 E3838.35604
G1 X147.328 Y114.924 E3838.85175
G0 F9000 X147.688 Y114.564
;TYPE:SKIN
G1 F1500 X152.94 Y114.564 E3839.11378
G1 X152.94 Y103.964 E3839.64261
G1 X149.008 Y103.964 E3839.83878
G1 X148.885 Y104.544 E3839.86836
G1 X148.639 Y104.938 E3839.89153
G1 X148.248 Y105.206 E3839.91518
G1 X147.684 Y105.342 E3839.94413
G1 X147.688 Y114.564 E3840.40422
G0 F9000 X147.688 Y114.824
G0 X152.64 Y114.824
G0 X152.64 Y114.364
G1 F1500 X152.74 Y114.264 E3840.41127
G0 F9000 X152.74 Y113.698
G1 F1500 X152.074 Y114.364 E3840.45826
G0 F9000 X151.508 Y114.364
G1 F1500 X152.74 Y113.132 E3840.54519
G0 F9000 X152.74 Y112.566
G1 F1500 X150.943 Y114.364 E3840.67201
G0 F9000 X150.377 Y114.364
G1 F1500 X152.74 Y112.001 E3840.83873
G0 F9000 X152.74 Y111.435
G1 F1500 X149.811 Y114.364 E3841.04539
G0 F9000 X149.245 Y114.364
G1 F1500 X152.74 Y110.869 E3841.29198
G0 F9000 X152.74 Y110.304
G1 F1500 X148.68 Y114.364 E3841.57843
G0 F9000 X148.114 Y114.364
G1 F1500 X152.74 Y109.738 E3841.90482
G0 F9000 X152.74 Y109.172
G1 F1500 X147.888 Y114.025 E3842.24719
G0 F9000 X147.888 Y113.459
G1 F1500 X152.74 Y108.607 E3842.58953
G0 F9000 X152.74 Y108.041
G1 F1500 X147.888 Y112.893 E3842.93186
G0 F9000 X147.887 Y112.328
G1 F1500 X152.74 Y107.475 E3843.27427
G0 F9000 X152.74 Y106.91
G1 F1500 X147.887 Y111.762 E3843.61664
G0 F9000 X147.887 Y111.197
G1 F1500 X152.74 Y106.344 E3843.95904
G0 F9000 X152.74 Y105.778
G1 F1500 X147.886 Y110.632 E3844.30152
G0 F9000 X147.886 Y110.066
G1 F1500 X152.74 Y105.213 E3844.64396
G0 F9000 X152.74 Y104.647
G1 F1500 X147.886 Y109.5 E3844.9864
G0 F9000 X147.886 Y108.935
G1 F1500 X152.657 Y104.164 E3845.32302
G0 F9000 X152.092 Y104.164
G1 F1500 X147.886 Y108.37 E3845.61978
G0 F9000 X147.886 Y107.804
G1 F1500 X151.526 Y104.164 E3845.8766
G0 F9000 X150.96 Y104.164
G1 F1500 X147.885 Y107.239 E3846.09356
G0 F9000 X147.885 Y106.673
G1 F1500 X150.395 Y104.164 E3846.27062
G0 F9000 X149.829 Y104.164
G1 F1500 X147.885 Y106.108 E3846.40777
G0 F9000 X147.885 Y105.542
G1 F1500 X147.942 Y105.485 E3846.4118
G0 F9000 X147.837 Y105.038
G0 X148.478 Y104.827
G0 X148.697 Y104.185
G0 X149.146 Y104.281
G1 F1500 X149.263 Y104.164 E3846.42005
G1 F2700 E3837.42005
;MESH:NONMESH
G0 F300 X149.263 Y104.164 Z19.35
G0 F9000 X149.263 Y103.704
G0 X148.064 Y103.028
G0 X146.975 Y103.028
G0 X134.613 Y95.111
G0 X116.987 Y93.289
G0 X104.625 Y85.372
G0 X103.76 Y85.596
;TIME_ELAPSED:4699.212524
;LAYER:64
;TYPE:WALL-OUTER
;MESH:wildrosebuilds_puzzlecube.stl(1)
G1 F2700 E3846.42005
G1 F1500 X103.76 Y84.637 E3846.4679
G1 X103.884 Y84.508 E3846.47682
G1 X104.772 Y84.508 E3846.52113
G1 X104.772 Y72.676 E3847.11143
G1 X97.5 Y72.676 E3847.47423
G1 X97.5 Y85.596 E3848.11881
G1 X103.76 Y85.596 E3848.43112
G0 F9000 X103.36 Y85.196
;TYPE:WALL-INNER
G1 F1500 X103.36 Y84.708 E3848.45547
G1 X103.432 Y84.421 E3848.47023
G1 X103.659 Y84.188 E3848.48646
G1 X103.96 Y84.108 E3848.502
G1 X104.372 Y84.108 E3848.52255
G1 X104.372 Y73.076 E3849.07294
G1 X97.9 Y73.076 E3849.39583
G1 X97.9 Y85.196 E3850.0005
G1 X103.36 Y85.196 E3850.2729
G0 F9000 X102.938 Y84.796
G1 F1500 X103.081 Y84.23 E3850.30203
G1 X103.242 Y84.011 E3850.31559
G1 X103.459 Y83.842 E3850.32931
G1 X103.972 Y83.708 E3850.35576
G1 X103.972 Y73.476 E3850.86624
G1 X98.3 Y73.476 E3851.14922
G1 X98.3 Y84.796 E3851.71397
G1 X102.938 Y84.796 E3851.94536
G0 F9000 X102.66 Y84.436
;TYPE:SKIN
G1 F1500 X102.756 Y84.059 E3851.96477
G1 X102.98 Y83.76 E3851.98341
G1 X103.286 Y83.52 E3852.00281
G1 X103.612 Y83.434 E3852.01963
G1 X103.612 Y73.836 E3852.49848
G1 X98.66 Y73.836 E3852.74554
G1 X98.66 Y84.436 E3853.27437
G1 X102.66 Y84.436 E3853.47393
G0 F9000 X102.66 Y84.696
G0 X98.943 Y84.696
G0 X98.943 Y84.236
G1 F1500 X98.86 Y84.152 E3853.47982
G0 F9000 X98.86 Y83.586
G1 F1500 X99.509 Y84.236 E3853.52565
G0 F9000 X100.075 Y84.236
G1 F1500 X98.86 Y83.021 E3853.61137
G0 F9000 X98.86 Y82.455
G1 F1500 X100.64 Y84.236 E3853.737
G0 F9000 X101.206 Y84.236
G1 F1500 X98.86 Y81.889 E3853.90256
G0 F9000 X98.86 Y81.324
G1 F1500 X101.772 Y84.236 E3854.10801
G0 F9000 X102.337 Y84.236
G1 F1500 X98.86 Y80.758 E3854.35337
G0 F9000 X98.86 Y80.192
G1 F1500 X102.608 Y83.94 E3854.61781
G0 F9000 X102.847 Y83.613
G1 F1500 X98.86 Y79.627 E3854.89908
G0 F9000 X98.86 Y79.061
G1 F1500 X103.17 Y83.371 E3855.20318
G0 F9000 X103.412 Y83.048
G1 F1500 X98.86 Y78.495 E3855.52438
G0 F9000 X98.86 Y77.93
G1 F1500 X103.412 Y82.482 E3855.84555
G0 F9000 X103.412 Y81.916
G1 F1500 X98.86 Y77.364 E3856.16671
G0 F9000 X98.86 Y76.798
G1 F1500 X103.412 Y81.351 E3856.48792
G0 F9000 X103.412 Y80.785
G1 F1500 X98.86 Y76.232 E3856.80912
G0 F9000 X98.86 Y75.667
G1 F1500 X103.412 Y80.219 E3857.13029
G0 F9000 X103.412 Y79.653
G1 F1500 X98.86 Y75.101 E3857.45146
G0 F9000 X98.86 Y74.535
G1 F1500 X103.412 Y79.088 E3857.77266
G0 F9000 X103.412 Y78.522
G1 F1500 X98.926 Y74.036 E3858.08917
G0 F9000 X99.492 Y74.036
G1 F1500 X103.412 Y77.956 E3858.36575
G0 F9000 X103.412 Y77.391
G1 F1500 X100.058 Y74.036 E3858.60243
G0 F9000 X100.623 Y74.036
G1 F1500 X103.412 Y76.825 E3858.79921
G0 F9000 X103.412 Y76.259
G1 F1500 X101.189 Y74.036 E3858.95605
G0 F9000 X101.755 Y74.036
G1 F1500 X103.412 Y75.694 E3859.073
G0 F9000 X103.412 Y75.128
G1 F1500 X102.32 Y74.036 E3859.15004
G0 F9000 X102.886 Y74.036
G1 F1500 X103.412 Y74.562 E3859.18716
G1 F2700 E3850.18716
G0 F9000 X103.872 Y74.562
G0 X104.549 Y84.285
G0 X105.637 Y84.284
G0 X116.975 Y84.285
G0 X117.84 Y92.436
;TYPE:WALL-OUTER
G1 F2700 E3859.18716
G1 F1500 X124.1 Y92.436 E3859.49947
G1 X124.1 Y66.248 E3860.80599
G1 X117.84 Y72.507 E3861.24764
G1 X117.84 Y92.436 E3862.2419
G0 F9000 X118.24 Y92.036
;TYPE:WALL-INNER
G1 F1500 X123.7 Y92.036 E3862.5143
G1 X123.7 Y67.214 E3863.75267
G1 X118.24 Y72.673 E3864.13787
G1 X118.24 Y92.036 E3865.10389
G0 F9000 X118.64 Y91.636
G1 F1500 X123.3 Y91.636 E3865.33638
G1 X123.3 Y68.179 E3866.50666
G1 X118.64 Y72.839 E3866.83544
G1 X118.64 Y91.636 E3867.77323
G0 F9000 X119.2 Y90.878
;TYPE:FILL
G1 F3000 X118.72 Y90.399 E3867.80706
G0 F9000 X119.6 Y91.278
G1 F3000 X119.2 Y90.878 E3867.83528
G1 X119.2 Y84.324 E3868.16226
G1 X118.72 Y83.842 E3868.1962
G0 F9000 X119.2 Y84.321
G0 X119.6 Y84.721
G0 X120 Y85.124
G1 F3000 X120 Y91.436 E3868.51111
G1 X119.877 Y91.556
G1 X119.6 Y91.278 E3868.53069
G1 X119.6 Y84.724 E3868.85767
G1 X119.2 Y84.321 E3868.886
G1 X119.2 Y74.078 E3869.39702
G1 X118.72 Y74.557 E3869.43085
G0 F9000 X119.2 Y74.078
G1 F3000 X119.6 Y73.678 E3869.45908
G1 X119.6 Y84.721 E3870.01001
G1 X123.22 Y88.343 E3870.26549
G0 F9000 X119.2 Y74.077
G1 F3000 X119.2 Y72.561 E3870.34113
G0 F9000 X119.6 Y72.161
G1 F3000 X119.6 Y73.677 E3870.41676
G1 X119.6 Y73.678
G1 X123.22 Y70.058 E3870.67217
G0 F9000 X123.09 Y70.058
G1 F2700 E3861.67217
;MESH:wildrosebuilds_puzzlecube.stl
G0 F9000 X118.064 Y92.212
G0 X118.064 Y93.301
G0 X118.064 Y101.939
G0 X116.828 Y115.724
;TYPE:WALL-OUTER
G1 F2700 E3870.67217
G1 F1500 X124.1 Y115.724 E3871.03497
G1 X124.1 Y102.804 E3871.67955
G1 X117.84 Y102.804 E3871.99187
G1 X117.84 Y103.759 E3872.03951
G1 X117.716 Y103.888 E3872.04844
G1 X116.824 Y103.888 E3872.09294
G1 X116.828 Y115.724 E3872.68344
G0 F9000 X117.228 Y115.324
;TYPE:WALL-INNER
G1 F1500 X123.7 Y115.324 E3873.00633
G1 X123.7 Y103.204 E3873.611
G1 X118.24 Y103.204 E3873.8834
G1 X118.24 Y103.688 E3873.90755
G1 X118.167 Y103.976 E3873.92237
G1 X117.941 Y104.208 E3873.93853
G1 X117.64 Y104.288 E3873.95407
G1 X117.224 Y104.288 E3873.97482
G1 X117.228 Y115.324 E3874.52541
G0 F9000 X117.628 Y114.924
G1 F1500 X123.3 Y114.924 E3874.80839
G1 X123.3 Y103.604 E3875.37314
G1 X118.661 Y103.604 E3875.60458
G1 X118.519 Y104.167 E3875.63355
G1 X118.357 Y104.386 E3875.64714
G1 X118.141 Y104.554 E3875.6608
G1 X117.624 Y104.688 E3875.68744
G1 X117.628 Y114.924 E3876.19812
G0 F9000 X117.988 Y114.564
;TYPE:SKIN
G1 F1500 X122.94 Y114.564 E3876.44517
G1 X122.94 Y103.964 E3876.97401
G1 X118.935 Y103.964 E3877.17382
G1 X118.84 Y104.334 E3877.19288
G1 X118.616 Y104.632 E3877.21148
G1 X118.31 Y104.872 E3877.23088
G1 X117.984 Y104.958 E3877.2477
G1 X117.988 Y114.564 E3877.72694
G0 F9000 X118.324 Y114.364
G1 F1500 X118.187 Y114.227 E3877.73661
G0 F9000 X118.187 Y113.662
G1 F1500 X118.889 Y114.364 E3877.78614
G0 F9000 X119.455 Y114.364
G1 F1500 X118.187 Y113.096 E3877.8756
G0 F9000 X118.187 Y112.53
G1 F1500 X120.021 Y114.364 E3878.005
G0 F9000 X120.586 Y114.364
G1 F1500 X118.187 Y111.964 E3878.1743
G0 F9000 X118.187 Y111.398
G1 F1500 X121.152 Y114.364 E3878.38353
G0 F9000 X121.718 Y114.364
G1 F1500 X118.186 Y110.832 E3878.63273
G0 F9000 X118.186 Y110.266
G1 F1500 X122.284 Y114.364 E3878.92187
G0 F9000 X122.74 Y114.255
G1 F1500 X118.185 Y109.7 E3879.24325
G0 F9000 X118.185 Y109.134
G1 F1500 X122.74 Y113.689 E3879.56463
G0 F9000 X122.74 Y113.124
G1 F1500 X118.185 Y108.568 E3879.88605
G0 F9000 X118.184 Y108.002
G1 F1500 X122.74 Y112.558 E3880.2075
G0 F9000 X122.74 Y111.992
G1 F1500 X118.184 Y107.436 E3880.52895
G0 F9000 X118.184 Y106.871
G1 F1500 X122.74 Y111.427 E3880.8504
G0 F9000 X122.74 Y110.861
G1 F1500 X118.184 Y106.304 E3881.17188
G0 F9000 X118.184 Y105.739
G1 F1500 X122.74 Y110.295 E3881.49333
G0 F9000 X122.74 Y109.73
G1 F1500 X118.184 Y105.173 E3881.81482
G0 F9000 X118.53 Y104.954
G1 F1500 X122.74 Y109.164 E3882.11186
G0 F9000 X122.74 Y108.598
G1 F1500 X118.826 Y104.684 E3882.38801
G0 F9000 X119.033 Y104.325
G1 F1500 X122.74 Y108.032 E3882.64956
G0 F9000 X122.74 Y107.467
G1 F1500 X119.437 Y104.164 E3882.8826
G0 F9000 X120.003 Y104.164
G1 F1500 X122.74 Y106.901 E3883.07571
G0 F9000 X122.74 Y106.335
G1 F1500 X120.569 Y104.164 E3883.22889
G0 F9000 X121.134 Y104.164
G1 F1500 X122.74 Y105.77 E3883.3422
G0 F9000 X122.74 Y105.204
G1 F1500 X121.7 Y104.164 E3883.41558
G0 F9000 X122.266 Y104.164
G1 F1500 X122.74 Y104.638 E3883.44902
G1 F2700 E3874.44902
G0 F9000 X123.2 Y104.638
G0 X123.128 Y114.752
G0 X117.052 Y115.5
G0 X115.963 Y115.501
G0 X104.625 Y115.799
G0 X97.5 Y122.146
;TYPE:WALL-OUTER
G1 F2700 E3883.44902
G1 F1500 X103.76 Y115.889 E3883.89059
G1 X103.76 Y95.964 E3884.88466
G1 X97.5 Y95.964 E3885.19697
G1 X97.5 Y122.146 E3886.50319
G0 F9000 X97.748 Y121.554
G0 X98.171 Y120.549
G0 X97.9 Y121.181
;TYPE:WALL-INNER
G1 F1500 X103.36 Y115.723 E3886.88836
G1 X103.36 Y96.364 E3887.85418
G1 X97.9 Y96.364 E3888.12658
G1 X97.9 Y121.181 E3889.36471
G0 F9000 X98.148 Y120.588
G0 X98.3 Y120.215
G1 F1500 X102.96 Y115.557 E3889.69342
G1 X102.96 Y96.764 E3890.63101
G1 X98.3 Y96.764 E3890.8635
G1 X98.3 Y120.215 E3892.03347
G0 F9000 X98.38 Y118.341
;TYPE:FILL
G1 F3000 X102 Y114.72 E3892.28892
G1 X102 Y103.679 E3892.83976
G1 X102.4 Y104.077 E3892.86791
G1 X102.4 Y104.079
G1 X102.4 Y97.523 E3893.19499
G1 X102 Y97.123 E3893.22321
G0 F9000 X101.722 Y96.844
G1 F3000 X102 Y97.123 E3893.24286
G1 X102 Y103.677 E3893.56984
G1 X98.38 Y100.058 E3893.82522
G0 F9000 X102.4 Y97.523
G1 F3000 X102.88 Y98.002 E3893.85905
G0 F9000 X102.88 Y104.558
G1 F3000 X102.4 Y104.079 E3893.89288
G1 X102.4 Y114.32 E3894.40381
G1 X102 Y114.72 E3894.43203
G0 F9000 X102.4 Y114.32
G1 F3000 X102.88 Y113.841 E3894.46586
G0 F9000 X102.76 Y115.2
G1 F3000 X101.522 Y115.2 E3894.52762
G1 F2700 E3885.52762
;MESH:wildrosebuilds_puzzlecube.stl(2)
G0 F9000 X103.532 Y115.799
G0 X104.625 Y115.799
G0 X115.975 Y116.577
G0 X124.953 Y116.577
G0 X126.635 Y115.799
G0 X127.5 Y122.146
;TYPE:WALL-OUTER
G1 F2700 E3894.52762
G1 F1500 X133.76 Y115.889 E3894.96919
G1 X133.76 Y95.964 E3895.96326
G1 X127.5 Y95.964 E3896.27557
G1 X127.5 Y122.146 E3897.58179
G0 F9000 X127.748 Y121.554
G0 X128.171 Y120.549
G0 X127.9 Y121.181
;TYPE:WALL-INNER
G1 F1500 X133.36 Y115.723 E3897.96696
G1 X133.36 Y96.364 E3898.93278
G1 X127.9 Y96.364 E3899.20518
G1 X127.9 Y121.181 E3900.44331
G0 F9000 X128.148 Y120.588
G0 X128.3 Y120.215
G1 F1500 X132.96 Y115.557 E3900.77202
G1 X132.96 Y96.764 E3901.70961
G1 X128.3 Y96.764 E3901.9421
G1 X128.3 Y120.215 E3903.11207
G0 F9000 X128.38 Y118.341
;TYPE:FILL
G1 F3000 X132 Y114.72 E3903.36752
G1 X132 Y103.68 E3903.91831
G1 X132.4 Y104.078 E3903.94646
G1 X132.4 Y104.08
G1 X132.4 Y97.524 E3904.27354
G1 X132 Y97.124 E3904.30176
G0 F9000 X131.721 Y96.844
G1 F3000 X132 Y97.124 E3904.32148
G1 X132 Y103.678 E3904.64846
G1 X128.379 Y100.058 E3904.90391
G0 F9000 X132.4 Y97.524
G1 F3000 X132.88 Y98.003 E3904.93774
G0 F9000 X132.88 Y104.559
G1 F3000 X132.4 Y104.08 E3904.97157
G1 X132.4 Y114.32 E3905.48245
G1 X132 Y114.72 E3905.51067
G1 X131.922 Y114.8
G1 X132.76 Y114.8 E3905.55248
G0 F9000 X132.76 Y115.2
G1 F3000 X131.522 Y115.2 E3905.61424
G0 F9000 X132.4 Y114.32
G1 F3000 X132.88 Y113.841 E3905.64807
G0 F9000 X132.75 Y113.841
G1 F2700 E3896.64807
G0 F9000 X133.53 Y115.444
G0 X134.625 Y115.444
G0 X145.963 Y115.444
G0 X146.828 Y115.724
;TYPE:WALL-OUTER
G1 F2700 E3905.64807
G1 F1500 X154.1 Y115.724 E3906.01087
G1 X154.1 Y102.804 E3906.65545
G1 X147.84 Y102.804 E3906.96777
G1 X147.84 Y103.759 E3907.01541
G1 X147.716 Y103.888 E3907.02434
G1 X146.824 Y103.888 E3907.06884
G1 X146.828 Y115.724 E3907.65934
G0 F9000 X147.228 Y115.324
;TYPE:WALL-INNER
G1 F1500 X153.7 Y115.324 E3907.98223
G1 X153.7 Y103.204 E3908.5869
G1 X148.24 Y103.204 E3908.8593
G1 X148.24 Y103.688 E3908.88345
G1 X148.167 Y103.976 E3908.89827
G1 X147.941 Y104.208 E3908.91443
G1 X147.64 Y104.288 E3908.92997
G1 X147.224 Y104.288 E3908.95072
G1 X147.228 Y115.324 E3909.50131
G0 F9000 X147.628 Y114.924
G1 F1500 X153.3 Y114.924 E3909.78429
G1 X153.3 Y103.604 E3910.34904
G1 X148.661 Y103.604 E3910.58049
G1 X148.519 Y104.167 E3910.60945
G1 X148.357 Y104.386 E3910.62304
G1 X148.141 Y104.554 E3910.6367
G1 X147.624 Y104.688 E3910.66334
G1 X147.628 Y114.924 E3911.17402
G0 F9000 X147.988 Y114.564
;TYPE:SKIN
G1 F1500 X152.94 Y114.564 E3911.42107
G1 X152.94 Y103.964 E3911.94991
G1 X148.935 Y103.964 E3912.14972
G1 X148.84 Y104.334 E3912.16878
G1 X148.616 Y104.632 E3912.18738
G1 X148.31 Y104.872 E3912.20678
G1 X147.984 Y104.958 E3912.2236
G1 X147.988 Y114.564 E3912.70284
G0 F9000 X148.305 Y114.364
G1 F1500 X148.187 Y114.246 E3912.71117
G0 F9000 X148.187 Y113.68
G1 F1500 X148.871 Y114.364 E3912.75943
G0 F9000 X149.436 Y114.364
G1 F1500 X148.187 Y113.114 E3912.84759
G0 F9000 X148.187 Y112.549
G1 F1500 X150.002 Y114.364 E3912.97565
G0 F9000 X150.568 Y114.364
G1 F1500 X148.186 Y111.982 E3913.14371
G0 F9000 X148.186 Y111.417
G1 F1500 X151.133 Y114.364 E3913.35164
G0 F9000 X151.699 Y114.364
G1 F1500 X148.186 Y110.851 E3913.5995
G0 F9000 X148.186 Y110.285
G1 F1500 X152.265 Y114.364 E3913.88729
G0 F9000 X152.74 Y114.273
G1 F1500 X148.186 Y109.719 E3914.2086
G0 F9000 X148.186 Y109.153
G1 F1500 X152.74 Y113.708 E3914.52995
G0 F9000 X152.74 Y113.142
G1 F1500 X148.185 Y108.587 E3914.85133
G0 F9000 X148.185 Y108.021
G1 F1500 X152.74 Y112.576 E3915.17271
G0 F9000 X152.74 Y112.011
G1 F1500 X148.185 Y107.455 E3915.49412
G0 F9000 X148.184 Y106.889
G1 F1500 X152.74 Y111.445 E3915.81557
G0 F9000 X152.74 Y110.879
G1 F1500 X148.184 Y106.323 E3916.13702
G0 F9000 X148.184 Y105.758
G1 F1500 X152.74 Y110.314 E3916.45847
G0 F9000 X152.74 Y109.748
G1 F1500 X148.184 Y105.192 E3916.77992
G0 F9000 X148.519 Y104.962
G1 F1500 X152.74 Y109.182 E3917.0777
G0 F9000 X152.74 Y108.617
G1 F1500 X148.817 Y104.694 E3917.35449
G0 F9000 X149.028 Y104.339
G1 F1500 X152.74 Y108.051 E3917.61639
G0 F9000 X152.74 Y107.485
G1 F1500 X149.419 Y104.165 E3917.85067
G0 F9000 X149.985 Y104.165
G1 F1500 X152.74 Y106.919 E3918.04502
G0 F9000 X152.74 Y106.354
G1 F1500 X150.551 Y104.165 E3918.19946
G0 F9000 X151.116 Y104.165
G1 F1500 X152.74 Y105.788 E3918.31401
G0 F9000 X152.74 Y105.222
G1 F1500 X151.682 Y104.165 E3918.38862
G0 F9000 X152.248 Y104.165
G1 F1500 X152.74 Y104.657 E3918.42334
G1 F2700 E3909.42334
;MESH:NONMESH
G0 F300 X152.74 Y104.657 Z19.65
G0 F9000 X153.2 Y104.657
G0 X153.128 Y103.776
G0 X148.064 Y103.028
G0 X146.975 Y103.028
G0 X134.613 Y95.111
G0 X116.987 Y93.289
G0 X104.625 Y85.372
G0 X103.76 Y85.596
;TIME_ELAPSED:4775.855490
;LAYER:65
;TYPE:WALL-OUTER
;MESH:wildrosebuilds_puzzlecube.stl(1)
G1 F2700 E3918.42334
G1 F1500 X103.76 Y85.008 E3918.45267
G1 X103.815 Y84.869 E3918.46013
G1 X103.96 Y84.808 E3918.46798
G1 X104.472 Y84.808 E3918.49352
G1 X104.472 Y72.676 E3919.09879
G1 X97.5 Y72.676 E3919.44662
G1 X97.5 Y85.596 E3920.0912
G1 X103.76 Y85.596 E3920.40352
G0 F9000 X103.36 Y85.196
;TYPE:WALL-INNER
G1 F1500 X103.36 Y85.008 E3920.4129
G1 X103.526 Y84.592 E3920.43524
G1 X103.96 Y84.408 E3920.45876
G1 X104.072 Y84.408 E3920.46435
G1 X104.072 Y73.076 E3921.0297
G1 X97.9 Y73.076 E3921.33763
G1 X97.9 Y85.196 E3921.9423
G1 X103.36 Y85.196 E3922.2147
G0 F9000 X103.045 Y84.796
G1 F1500 X103.238 Y84.315 E3922.24055
G1 X103.672 Y84.13 E3922.26409
G1 X103.672 Y73.476 E3922.79562
G1 X98.3 Y73.476 E3923.06363
G1 X98.3 Y84.796 E3923.62839
G1 X103.045 Y84.796 E3923.86512
G0 F9000 X102.812 Y84.436
;TYPE:SKIN
G1 F1500 X102.964 Y84.057 E3923.88549
G1 X103.312 Y83.908 E3923.90438
G1 X103.312 Y73.836 E3924.40687
G1 X98.66 Y73.836 E3924.63896
G1 X98.66 Y84.436 E3925.16779
G1 X102.812 Y84.436 E3925.37494
G0 F9000 X102.441 Y84.236
G1 F1500 X103.112 Y83.564 E3925.42232
G0 F9000 X103.112 Y82.998
G1 F1500 X101.875 Y84.236 E3925.50963
G0 F9000 X101.309 Y84.236
G1 F1500 X103.112 Y82.432 E3925.63688
G0 F9000 X103.112 Y81.867
G1 F1500 X100.744 Y84.236 E3925.80399
G0 F9000 X100.178 Y84.236
G1 F1500 X103.112 Y81.301 E3926.01103
G0 F9000 X103.112 Y80.735
G1 F1500 X99.612 Y84.236 E3926.25801
G0 F9000 X99.047 Y84.236
G1 F1500 X103.112 Y80.17 E3926.54485
G0 F9000 X103.112 Y79.604
G1 F1500 X98.86 Y83.857 E3926.84489
G0 F9000 X98.86 Y83.291
G1 F1500 X103.112 Y79.038 E3927.14493
G0 F9000 X103.112 Y78.473
G1 F1500 X98.86 Y82.725 E3927.44493
G0 F9000 X98.86 Y82.159
G1 F1500 X103.112 Y77.907 E3927.74493
G0 F9000 X103.112 Y77.341
G1 F1500 X98.86 Y81.594 E3928.04497
G0 F9000 X98.86 Y81.028
G1 F1500 X103.112 Y76.776 E3928.34497
G0 F9000 X103.112 Y76.21
G1 F1500 X98.86 Y80.462 E3928.64497
G0 F9000 X98.86 Y79.897
G1 F1500 X103.112 Y75.644 E3928.94501
G0 F9000 X103.112 Y75.078
G1 F1500 X98.86 Y79.331 E3929.24504
G0 F9000 X98.86 Y78.765
G1 F1500 X103.112 Y74.513 E3929.54505
G0 F9000 X103.023 Y74.036
G1 F1500 X98.86 Y78.2 E3929.8388
G0 F9000 X98.86 Y77.634
G1 F1500 X102.458 Y74.036 E3930.09266
G0 F9000 X101.892 Y74.036
G1 F1500 X98.86 Y77.068 E3930.30659
G0 F9000 X98.86 Y76.503
G1 F1500 X101.326 Y74.036 E3930.48061
G0 F9000 X100.761 Y74.036
G1 F1500 X98.86 Y75.937 E3930.61474
G0 F9000 X98.86 Y75.371
G1 F1500 X100.195 Y74.036 E3930.70893
G0 F9000 X99.629 Y74.036
G1 F1500 X98.86 Y74.806 E3930.76322
G0 F9000 X98.86 Y74.24
G1 F1500 X99.064 Y74.036 E3930.77761
G1 F2700 E3921.77761
G0 F9000 X99.064 Y73.576
G0 X103.5 Y73.648
G0 X104.249 Y84.586
G0 X105.337 Y84.585
G0 X116.975 Y84.586
G0 X117.84 Y92.436
;TYPE:WALL-OUTER
G1 F2700 E3930.77761
G1 F1500 X124.1 Y92.436 E3931.08993
G1 X124.1 Y66.248 E3932.39645
G1 X117.84 Y72.507 E3932.83809
G1 X117.84 Y92.436 E3933.83235
G0 F9000 X118.24 Y92.036
;TYPE:WALL-INNER
G1 F1500 X123.7 Y92.036 E3934.10475
G1 X123.7 Y67.214 E3935.34313
G1 X118.24 Y72.673 E3935.72833
G1 X118.24 Y92.036 E3936.69435
G0 F9000 X118.64 Y91.636
G1 F1500 X123.3 Y91.636 E3936.92684
G1 X123.3 Y68.179 E3938.09711
G1 X118.64 Y72.839 E3938.4259
G1 X118.64 Y91.636 E3939.36369
G0 F9000 X120.107 Y91.536
G0 X120.107 Y91.486
;TYPE:FILL
G1 F3000 X120.177 Y91.556 E3939.36863
G0 F9000 X123.22 Y88.643
G1 F3000 X120.107 Y85.53 E3939.58827
G0 F9000 X120.328 Y85.53
G0 X120.328 Y72.87
G0 X120.108 Y72.87
G1 F3000 X123.22 Y69.758 E3939.80783
G0 F9000 X120.4 Y71.362
G1 F3000 X120.4 Y72.463 E3939.86276
G0 F9000 X120.559 Y71.71
G0 X120.112 Y71.452
G0 X118.974 Y72.647
G0 X119.532 Y73.206
;TYPE:SKIN
G1 F899.6 X119.534 Y90.742 E3941.32162
G0 F9000 X119 Y91.276
G1 F1500 X120.068 Y91.276 E3941.3749
G1 X120.064 Y72.038 E3942.33469
G1 X119.983 Y72.004 E3942.33907
G1 X119 Y72.987 E3942.40843
G1 X119 Y91.276 E3943.32087
G1 F2700 E3934.32087
;MESH:wildrosebuilds_puzzlecube.stl
G0 F9000 X118.74 Y91.276
G0 X118.064 Y92.212
G0 X118.064 Y93.301
G0 X118.064 Y101.939
G0 X117.128 Y115.724
;TYPE:WALL-OUTER
G1 F2700 E3943.32087
G1 F1500 X124.1 Y115.724 E3943.6687
G1 X124.1 Y102.804 E3944.31328
G1 X117.84 Y102.804 E3944.6256
G1 X117.84 Y103.388 E3944.65473
G1 X117.785 Y103.527 E3944.66219
G1 X117.64 Y103.588 E3944.67004
G1 X117.124 Y103.588 E3944.69578
G1 X117.128 Y115.724 E3945.30125
G0 F9000 X117.528 Y115.324
;TYPE:WALL-INNER
G1 F1500 X123.7 Y115.324 E3945.60917
G1 X123.7 Y103.204 E3946.21384
G1 X118.24 Y103.204 E3946.48624
G1 X118.24 Y103.388 E3946.49542
G1 X118.073 Y103.805 E3946.51783
G1 X117.64 Y103.988 E3946.54128
G1 X117.524 Y103.988 E3946.54707
G1 X117.528 Y115.324 E3947.11263
G0 F9000 X117.928 Y114.924
G1 F1500 X123.3 Y114.924 E3947.38064
G1 X123.3 Y103.604 E3947.94539
G1 X118.553 Y103.604 E3948.18222
G1 X118.361 Y104.082 E3948.20792
G1 X117.924 Y104.268 E3948.23162
G1 X117.928 Y114.924 E3948.76325
G0 F9000 X118.288 Y114.564
;TYPE:SKIN
G1 F1500 X122.94 Y114.564 E3948.99534
G1 X122.94 Y103.964 E3949.52417
G1 X118.779 Y103.964 E3949.73176
G1 X118.628 Y104.339 E3949.75193
G1 X118.284 Y104.488 E3949.77064
G1 X118.288 Y114.564 E3950.27333
G0 F9000 X118.288 Y114.824
G0 X123.128 Y114.752
G0 X123.2 Y114.283
G0 X122.74 Y114.283
G1 F1500 X122.658 Y114.364 E3950.27908
G0 F9000 X122.093 Y114.364
G1 F1500 X122.74 Y113.717 E3950.32473
G0 F9000 X122.74 Y113.151
G1 F1500 X121.527 Y114.364 E3950.41031
G0 F9000 X120.961 Y114.364
G1 F1500 X122.74 Y112.586 E3950.5358
G0 F9000 X122.74 Y112.02
G1 F1500 X120.396 Y114.364 E3950.70118
G0 F9000 X119.83 Y114.364
G1 F1500 X122.74 Y111.454 E3950.90649
G0 F9000 X122.74 Y110.888
G1 F1500 X119.264 Y114.364 E3951.15174
G0 F9000 X118.698 Y114.364
G1 F1500 X122.74 Y110.323 E3951.43689
G0 F9000 X122.74 Y109.757
G1 F1500 X118.488 Y114.009 E3951.7369
G0 F9000 X118.488 Y113.443
G1 F1500 X122.74 Y109.191 E3952.0369
G0 F9000 X122.74 Y108.626
G1 F1500 X118.488 Y112.878 E3952.3369
G0 F9000 X118.487 Y112.313
G1 F1500 X122.74 Y108.06 E3952.63697
G0 F9000 X122.74 Y107.494
G1 F1500 X118.487 Y111.747 E3952.93704
G0 F9000 X118.487 Y111.181
G1 F1500 X122.74 Y106.929 E3953.23708
G0 F9000 X122.74 Y106.363
G1 F1500 X118.487 Y110.616 E3953.53715
G0 F9000 X118.486 Y110.051
G1 F1500 X122.74 Y105.797 E3953.8373
G0 F9000 X122.74 Y105.232
G1 F1500 X118.486 Y109.485 E3954.1374
G0 F9000 X118.486 Y108.919
G1 F1500 X122.74 Y104.666 E3954.43751
G0 F9000 X122.676 Y104.164
G1 F1500 X118.486 Y108.354 E3954.73314
G0 F9000 X118.486 Y107.789
G1 F1500 X122.11 Y104.164 E3954.98887
G0 F9000 X121.545 Y104.164
G1 F1500 X118.486 Y107.223 E3955.20469
G0 F9000 X118.486 Y106.657
G1 F1500 X120.979 Y104.164 E3955.38059
G0 F9000 X120.413 Y104.164
G1 F1500 X118.485 Y106.092 E3955.51662
G0 F9000 X118.485 Y105.526
G1 F1500 X119.848 Y104.164 E3955.61275
G0 F9000 X119.282 Y104.164
G1 F1500 X118.485 Y104.961 E3955.66898
G1 F2700 E3946.66898
G0 F9000 X118.024 Y104.961
G0 X117.352 Y115.5
G0 X116.263 Y115.501
G0 X104.625 Y115.799
G0 X97.5 Y122.146
;TYPE:WALL-OUTER
G1 F2700 E3955.66898
G1 F1500 X103.76 Y115.889 E3956.11055
G1 X103.76 Y95.964 E3957.10462
G1 X97.5 Y95.964 E3957.41693
G1 X97.5 Y122.146 E3958.72316
G0 F9000 X97.748 Y121.554
G0 X98.171 Y120.549
G0 X97.9 Y121.181
;TYPE:WALL-INNER
G1 F1500 X103.36 Y115.723 E3959.10832
G1 X103.36 Y96.364 E3960.07414
G1 X97.9 Y96.364 E3960.34654
G1 X97.9 Y121.181 E3961.58467
G0 F9000 X98.148 Y120.588
G0 X98.3 Y120.215
G1 F1500 X102.96 Y115.557 E3961.91338
G1 X102.96 Y96.764 E3962.85097
G1 X98.3 Y96.764 E3963.08346
G1 X98.3 Y120.215 E3964.25343
G0 F9000 X98.38 Y118.64
;TYPE:FILL
G1 F3000 X101.492 Y115.529 E3964.47297
G0 F9000 X101.272 Y115.529
G0 X101.272 Y102.872
G0 X101.493 Y102.872
G1 F3000 X98.38 Y99.759 E3964.69261
G0 F9000 X101.422 Y96.844
G1 F3000 X101.493 Y96.915 E3964.69762
G0 F9000 X102.066 Y97.658
;TYPE:SKIN
G1 F898.2 X102.066 Y115.181 E3966.15757
G0 F9000 X102.86 Y115.181
G0 X103.129 Y115.627
G0 X101.731 Y116.972
G0 X101.512 Y116.629
G0 X101.613 Y116.388
G1 F1500 X102.6 Y115.404 E3966.22711
G1 X102.6 Y97.124 E3967.1391
G1 X101.532 Y97.124 E3967.19238
G1 X101.532 Y116.354 E3968.15177
G1 X101.613 Y116.388 E3968.15615
G0 F9000 X101.359 Y116.867
G1 F2700 E3959.15615
;MESH:wildrosebuilds_puzzlecube.stl(2)
G0 F9000 X103.532 Y115.799
G0 X104.625 Y115.799
G0 X116.275 Y116.577
G0 X124.953 Y116.577
G0 X126.635 Y115.799
G0 X127.5 Y122.146
;TYPE:WALL-OUTER
G1 F2700 E3968.15615
G1 F1500 X133.76 Y115.889 E3968.59772
G1 X133.76 Y95.964 E3969.59179
G1 X127.5 Y95.964 E3969.9041
G1 X127.5 Y122.146 E3971.21032
G0 F9000 X127.748 Y121.554
G0 X128.171 Y120.549
G0 X127.9 Y121.181
;TYPE:WALL-INNER
G1 F1500 X133.36 Y115.723 E3971.59549
G1 X133.36 Y96.364 E3972.56131
G1 X127.9 Y96.364 E3972.83371
G1 X127.9 Y121.181 E3974.07184
G0 F9000 X128.148 Y120.588
G0 X128.3 Y120.215
G1 F1500 X132.96 Y115.557 E3974.40055
G1 X132.96 Y96.764 E3975.33814
G1 X128.3 Y96.764 E3975.57063
G1 X128.3 Y120.215 E3976.7406
G0 F9000 X128.38 Y118.64
;TYPE:FILL
G1 F3000 X131.492 Y115.529 E3976.96014
G0 F9000 X131.272 Y115.529
G0 X131.272 Y102.872
G0 X131.493 Y102.872
G1 F3000 X128.379 Y99.759 E3977.17981
G0 F9000 X131.421 Y96.844
G1 F3000 X131.493 Y96.915 E3977.18486
G0 F9000 X132.066 Y97.658
;TYPE:SKIN
G1 F898.2 X132.066 Y115.181 E3978.64481
G0 F9000 X132.86 Y115.181
G0 X133.129 Y115.627
G0 X131.731 Y116.972
G0 X131.512 Y116.629
G0 X131.613 Y116.388
G1 F1500 X132.6 Y115.404 E3978.71435
G1 X132.6 Y97.124 E3979.62634
G1 X131.532 Y97.124 E3979.67962
G1 X131.532 Y116.354 E3980.63901
G1 X131.613 Y116.388 E3980.64339
G0 F9000 X131.359 Y116.867
G1 F2700 E3971.64339
G0 F9000 X133.532 Y115.799
G0 X134.625 Y115.799
G0 X146.263 Y115.501
G0 X147.128 Y115.724
;TYPE:WALL-OUTER
G1 F2700 E3980.64339
G1 F1500 X154.1 Y115.724 E3980.99123
G1 X154.1 Y102.804 E3981.63581
G1 X147.84 Y102.804 E3981.94812
G1 X147.84 Y103.388 E3981.97726
G1 X147.785 Y103.527 E3981.98472
G1 X147.64 Y103.588 E3981.99256
G1 X147.124 Y103.588 E3982.01831
G1 X147.128 Y115.724 E3982.62377
G0 F9000 X147.528 Y115.324
;TYPE:WALL-INNER
G1 F1500 X153.7 Y115.324 E3982.9317
G1 X153.7 Y103.204 E3983.53637
G1 X148.24 Y103.204 E3983.80877
G1 X148.24 Y103.388 E3983.81795
G1 X148.073 Y103.805 E3983.84036
G1 X147.64 Y103.988 E3983.86381
G1 X147.524 Y103.988 E3983.8696
G1 X147.528 Y115.324 E3984.43515
G0 F9000 X147.928 Y114.924
G1 F1500 X153.3 Y114.924 E3984.70316
G1 X153.3 Y103.604 E3985.26792
G1 X148.553 Y103.604 E3985.50475
G1 X148.361 Y104.082 E3985.53045
G1 X147.924 Y104.268 E3985.55414
G1 X147.928 Y114.924 E3986.08577
G0 F9000 X148.288 Y114.564
;TYPE:SKIN
G1 F1500 X152.94 Y114.564 E3986.31786
G1 X152.94 Y103.964 E3986.8467
G1 X148.779 Y103.964 E3987.05429
G1 X148.628 Y104.339 E3987.07446
G1 X148.284 Y104.488 E3987.09316
G1 X148.288 Y114.564 E3987.59586
G0 F9000 X148.288 Y114.824
G0 X152.64 Y114.824
G0 X152.64 Y114.364
G1 F1500 X152.74 Y114.264 E3987.60291
G0 F9000 X152.74 Y113.698
G1 F1500 X152.074 Y114.364 E3987.6499
G0 F9000 X151.508 Y114.364
G1 F1500 X152.74 Y113.132 E3987.73683
G0 F9000 X152.74 Y112.566
G1 F1500 X150.943 Y114.364 E3987.86365
G0 F9000 X150.377 Y114.364
G1 F1500 X152.74 Y112.001 E3988.03037
G0 F9000 X152.74 Y111.435
G1 F1500 X149.811 Y114.364 E3988.23703
G0 F9000 X149.245 Y114.364
G1 F1500 X152.74 Y110.869 E3988.48362
G0 F9000 X152.74 Y110.304
G1 F1500 X148.68 Y114.364 E3988.77007
G0 F9000 X148.487 Y113.991
G1 F1500 X152.74 Y109.738 E3989.07015
G0 F9000 X152.74 Y109.172
G1 F1500 X148.487 Y113.425 E3989.37022
G0 F9000 X148.487 Y112.859
G1 F1500 X152.74 Y108.607 E3989.67026
G0 F9000 X152.74 Y108.041
G1 F1500 X148.487 Y112.294 E3989.97033
G0 F9000 X148.487 Y111.729
G1 F1500 X152.74 Y107.475 E3990.27043
G0 F9000 X152.74 Y106.91
G1 F1500 X148.487 Y111.163 E3990.57051
G0 F9000 X148.487 Y110.597
G1 F1500 X152.74 Y106.344 E3990.87058
G0 F9000 X152.74 Y105.778
G1 F1500 X148.486 Y110.032 E3991.17072
G0 F9000 X148.486 Y109.466
G1 F1500 X152.74 Y105.213 E3991.47083
G0 F9000 X152.74 Y104.647
G1 F1500 X148.486 Y108.901 E3991.77097
G0 F9000 X148.485 Y108.336
G1 F1500 X152.657 Y104.164 E3992.06533
G0 F9000 X152.092 Y104.164
G1 F1500 X148.485 Y107.77 E3992.31979
G0 F9000 X148.485 Y107.204
G1 F1500 X151.526 Y104.164 E3992.53431
G0 F9000 X150.96 Y104.164
G1 F1500 X148.485 Y106.639 E3992.70894
G0 F9000 X148.485 Y106.074
G1 F1500 X150.395 Y104.164 E3992.8437
G0 F9000 X149.829 Y104.164
G1 F1500 X148.485 Y105.508 E3992.93852
G0 F9000 X148.485 Y104.942
G1 F1500 X149.263 Y104.164 E3992.99341
G1 F2700 E3983.99341
;MESH:NONMESH
G0 F300 X149.263 Y104.164 Z19.95
G0 F9000 X149.263 Y103.704
G0 X148.304 Y103.804
G0 X147.351 Y103.814
G0 X146.263 Y103.815
G0 X134.613 Y95.111
G0 X116.987 Y93.289
G0 X104.613 Y85.662
G0 X103.76 Y85.596
;TIME_ELAPSED:4856.615587
;LAYER:66
;TYPE:WALL-OUTER
;MESH:wildrosebuilds_puzzlecube.stl(1)
G1 F2700 E3992.99341
G1 F1500 X103.76 Y85.308 E3993.00778
G1 X103.813 Y85.171 E3993.01511
G1 X103.96 Y85.108 E3993.02309
G1 X104.172 Y85.108 E3993.03367
G1 X104.172 Y72.676 E3993.6539
G1 X97.5 Y72.676 E3993.98677
G1 X97.5 Y85.596 E3994.63135
G1 X103.76 Y85.596 E3994.94366
G0 F9000 X103.404 Y85.196
;TYPE:WALL-INNER
G1 F1500 X103.521 Y84.898 E3994.95964
G1 X103.772 Y84.789 E3994.97329
G1 X103.772 Y73.076 E3995.55765
G1 X97.9 Y73.076 E3995.85061
G1 X97.9 Y85.196 E3996.45528
G1 X103.404 Y85.196 E3996.72987
G0 F9000 X103.161 Y84.796
G1 F1500 X103.228 Y84.626 E3996.73899
G1 X103.372 Y84.563 E3996.74683
G1 X103.372 Y73.476 E3997.29996
G1 X98.3 Y73.476 E3997.55301
G1 X98.3 Y84.796 E3998.11776
G1 X103.161 Y84.796 E3998.36028
G0 F9000 X102.93 Y84.436
;TYPE:SKIN
G1 F1500 X103.012 Y84.347 E3998.36632
G1 X103.012 Y73.836 E3998.89071
G1 X98.66 Y73.836 E3999.10784
G1 X98.66 Y84.436 E3999.63667
G1 X102.93 Y84.436 E3999.8497
G0 F9000 X102.93 Y84.696
G0 X103.11 Y84.516
G0 X103.272 Y74.528
G0 X102.812 Y74.528
G1 F1500 X102.32 Y74.036 E3999.88442
G0 F9000 X101.755 Y74.036
G1 F1500 X102.812 Y75.093 E3999.95899
G0 F9000 X102.812 Y75.659
G1 F1500 X101.189 Y74.036 E4000.0735
G0 F9000 X100.623 Y74.036
G1 F1500 X102.812 Y76.225 E4000.22795
G0 F9000 X102.812 Y76.79
G1 F1500 X100.058 Y74.036 E4000.42226
G0 F9000 X99.492 Y74.036
G1 F1500 X102.812 Y77.356 E4000.6565
G0 F9000 X102.812 Y77.922
G1 F1500 X98.926 Y74.036 E4000.93068
G0 F9000 X98.86 Y74.535
G1 F1500 X102.812 Y78.487 E4001.20952
G0 F9000 X102.812 Y79.053
G1 F1500 X98.86 Y75.101 E4001.48835
G0 F9000 X98.86 Y75.667
G1 F1500 X102.812 Y79.619 E4001.76719
G0 F9000 X102.812 Y80.184
G1 F1500 X98.86 Y76.232 E4002.04602
G0 F9000 X98.86 Y76.798
G1 F1500 X102.812 Y80.75 E4002.32486
G0 F9000 X102.812 Y81.316
G1 F1500 X98.86 Y77.364 E4002.60369
G0 F9000 X98.86 Y77.93
G1 F1500 X102.812 Y81.882 E4002.88253
G0 F9000 X102.812 Y82.447
G1 F1500 X98.86 Y78.495 E4003.16136
G0 F9000 X98.86 Y79.061
G1 F1500 X102.812 Y83.013 E4003.4402
G0 F9000 X102.812 Y83.579
G1 F1500 X98.86 Y79.627 E4003.71903
G0 F9000 X98.86 Y80.192
G1 F1500 X102.812 Y84.144 E4003.99787
G0 F9000 X102.337 Y84.236
G1 F1500 X98.86 Y80.758 E4004.24322
G0 F9000 X98.86 Y81.324
G1 F1500 X101.772 Y84.236 E4004.44868
G0 F9000 X101.206 Y84.236
G1 F1500 X98.86 Y81.889 E4004.61424
G0 F9000 X98.86 Y82.455
G1 F1500 X100.64 Y84.236 E4004.73986
G0 F9000 X100.075 Y84.236
G1 F1500 X98.86 Y83.021 E4004.82559
G0 F9000 X98.86 Y83.586
G1 F1500 X99.509 Y84.236 E4004.87141
G0 F9000 X98.943 Y84.236
G1 F1500 X98.86 Y84.152 E4004.8773
G1 F2700 E3995.8773
G0 F9000 X98.4 Y84.152
G0 X98.472 Y84.624
G0 X103.536 Y85.372
G0 X104.613 Y85.961
G0 X116.975 Y85.372
G0 X117.84 Y92.436
;TYPE:WALL-OUTER
G1 F2700 E4004.8773
G1 F1500 X124.1 Y92.436 E4005.18962
G1 X124.1 Y66.248 E4006.49614
G1 X117.84 Y72.507 E4006.93778
G1 X117.84 Y92.436 E4007.93204
G0 F9000 X118.24 Y92.036
;TYPE:WALL-INNER
G1 F1500 X123.7 Y92.036 E4008.20445
G1 X123.7 Y67.214 E4009.44282
G1 X118.24 Y72.673 E4009.82802
G1 X118.24 Y92.036 E4010.79404
G0 F9000 X118.64 Y91.636
G1 F1500 X123.3 Y91.636 E4011.02653
G1 X123.3 Y68.179 E4012.1968
G1 X118.64 Y72.839 E4012.52559
G1 X118.64 Y91.636 E4013.46338
G0 F9000 X120.408 Y91.536
G0 X120.408 Y91.487
;TYPE:FILL
G1 F3000 X120.477 Y91.556 E4013.46825
G0 F9000 X123.22 Y88.943
G1 F3000 X120.408 Y86.13 E4013.66668
G0 F9000 X120.628 Y86.13
G0 X120.628 Y72.271
G0 X120.408 Y72.271
G1 F3000 X123.22 Y69.458 E4013.86512
G0 F9000 X121.077 Y71.6
G1 F3000 X120.452 Y71.6 E4013.8963
G0 F9000 X120.49 Y71.509
G0 X120.239 Y71.477
G0 X118.804 Y72.906
G0 X118.74 Y91.276
G0 X119 Y91.276
;TYPE:SKIN
G1 F1500 X120.368 Y91.276 E4013.96455
G1 X120.364 Y71.738 E4014.93931
G1 X120.283 Y71.704 E4014.94369
G1 X119 Y72.987 E4015.03421
G1 X119 Y91.276 E4015.94665
G0 F9000 X119.2 Y90.916
G1 F1500 X119.36 Y91.076 E4015.95794
G0 F9000 X119.926 Y91.076
G1 F1500 X119.2 Y90.35 E4016.00917
G0 F9000 X119.2 Y89.784
G1 F1500 X120.168 Y90.752 E4016.07746
G0 F9000 X120.168 Y90.187
G1 F1500 X119.2 Y89.218 E4016.1458
G0 F9000 X119.2 Y88.653
G1 F1500 X120.168 Y89.621 E4016.21409
G0 F9000 X120.168 Y89.055
G1 F1500 X119.2 Y88.087 E4016.28239
G0 F9000 X119.2 Y87.521
G1 F1500 X120.168 Y88.489 E4016.35069
G0 F9000 X120.168 Y87.924
G1 F1500 X119.2 Y86.956 E4016.41899
G0 F9000 X119.2 Y86.39
G1 F1500 X120.168 Y87.358 E4016.48728
G0 F9000 X120.168 Y86.792
G1 F1500 X119.2 Y85.824 E4016.55558
G0 F9000 X119.2 Y85.259
G1 F1500 X120.167 Y86.226 E4016.62381
G0 F9000 X120.167 Y85.66
G1 F1500 X119.2 Y84.693 E4016.69204
G0 F9000 X119.2 Y84.127
G1 F1500 X120.167 Y85.095 E4016.7603
G0 F9000 X120.167 Y84.529
G1 F1500 X119.2 Y83.562 E4016.82853
G0 F9000 X119.2 Y82.996
G1 F1500 X120.167 Y83.963 E4016.89675
G0 F9000 X120.167 Y83.398
G1 F1500 X119.2 Y82.43 E4016.96502
G0 F9000 X119.2 Y81.865
G1 F1500 X120.167 Y82.832 E4017.03324
G0 F9000 X120.167 Y82.266
G1 F1500 X119.2 Y81.299 E4017.10147
G0 F9000 X119.2 Y80.733
G1 F1500 X120.167 Y81.701 E4017.16973
G0 F9000 X120.166 Y81.134
G1 F1500 X119.2 Y80.168 E4017.23789
G0 F9000 X119.2 Y79.602
G1 F1500 X120.166 Y80.568 E4017.30604
G0 F9000 X120.166 Y80.003
G1 F1500 X119.2 Y79.036 E4017.37424
G0 F9000 X119.2 Y78.47
G1 F1500 X120.166 Y79.437 E4017.44243
G0 F9000 X120.166 Y78.871
G1 F1500 X119.2 Y77.905 E4017.51058
G0 F9000 X119.2 Y77.339
G1 F1500 X120.166 Y78.306 E4017.57878
G0 F9000 X120.166 Y77.74
G1 F1500 X119.2 Y76.773 E4017.64697
G0 F9000 X119.2 Y76.208
G1 F1500 X120.166 Y77.174 E4017.71513
G0 F9000 X120.166 Y76.608
G1 F1500 X119.2 Y75.642 E4017.78328
G0 F9000 X119.2 Y75.076
G1 F1500 X120.166 Y76.042 E4017.85144
G0 F9000 X120.166 Y75.477
G1 F1500 X119.2 Y74.511 E4017.91959
G0 F9000 X119.2 Y73.945
G1 F1500 X120.166 Y74.911 E4017.98775
G0 F9000 X120.166 Y74.345
G1 F1500 X119.2 Y73.379 E4018.05591
G0 F9000 X119.328 Y72.942
G1 F1500 X120.166 Y73.78 E4018.11503
G0 F9000 X120.166 Y73.214
G1 F1500 X119.611 Y72.659 E4018.15419
G0 F9000 X119.893 Y72.376
G1 F1500 X120.166 Y72.648 E4018.17342
G0 F9000 X120.928 Y72.648
G1 F2700 E4009.17342
;MESH:wildrosebuilds_puzzlecube.stl
G0 F9000 X120.56 Y71.61
G0 X120.239 Y71.477
G0 X118.804 Y72.906
G0 X118.064 Y92.212
G0 X118.064 Y93.301
G0 X118.064 Y101.939
G0 X117.428 Y115.724
;TYPE:WALL-OUTER
G1 F2700 E4018.17342
G1 F1500 X124.1 Y115.724 E4018.50629
G1 X124.1 Y102.804 E4019.15087
G1 X117.84 Y102.804 E4019.46318
G1 X117.84 Y103.088 E4019.47735
G1 X117.786 Y103.225 E4019.48469
G1 X117.642 Y103.288 E4019.49254
G1 X117.424 Y103.291 E4019.50341
G1 X117.428 Y115.724 E4020.1237
G0 F9000 X117.828 Y115.324
;TYPE:WALL-INNER
G1 F1500 X123.7 Y115.324 E4020.41665
G1 X123.7 Y103.204 E4021.02132
G1 X118.195 Y103.204 E4021.29597
G1 X118.078 Y103.499 E4021.3118
G1 X117.824 Y103.61 E4021.32563
G1 X117.828 Y115.324 E4021.91004
G0 F9000 X118.228 Y114.924
G1 F1500 X123.3 Y114.924 E4022.16309
G1 X123.3 Y103.604 E4022.72784
G1 X118.436 Y103.604 E4022.97051
G1 X118.369 Y103.773 E4022.97958
G1 X118.224 Y103.837 E4022.98749
G1 X118.228 Y114.924 E4023.54062
G0 F9000 X118.588 Y114.564
;TYPE:SKIN
G1 F1500 X122.94 Y114.564 E4023.75774
G1 X122.94 Y103.964 E4024.28658
G1 X118.663 Y103.964 E4024.49996
G1 X118.584 Y104.05 E4024.50579
G1 X118.588 Y114.564 E4025.03033
G0 F9000 X118.588 Y114.824
G0 X123.128 Y114.752
G0 X123.2 Y104.638
G0 X122.74 Y104.638
G1 F1500 X122.266 Y104.164 E4025.06377
G0 F9000 X121.7 Y104.164
G1 F1500 X122.74 Y105.204 E4025.13715
G0 F9000 X122.74 Y105.77
G1 F1500 X121.134 Y104.164 E4025.25046
G0 F9000 X120.569 Y104.164
G1 F1500 X122.74 Y106.335 E4025.40364
G0 F9000 X122.74 Y106.901
G1 F1500 X120.003 Y104.164 E4025.59675
G0 F9000 X119.437 Y104.164
G1 F1500 X122.74 Y107.467 E4025.82979
G0 F9000 X122.74 Y108.032
G1 F1500 X118.872 Y104.164 E4026.1027
G0 F9000 X118.784 Y104.642
G1 F1500 X122.74 Y108.598 E4026.38182
G0 F9000 X122.74 Y109.164
G1 F1500 X118.784 Y105.208 E4026.66094
G0 F9000 X118.784 Y105.773
G1 F1500 X122.74 Y109.73 E4026.94009
G0 F9000 X122.74 Y110.295
G1 F1500 X118.785 Y106.34 E4027.21914
G0 F9000 X118.785 Y106.905
G1 F1500 X122.74 Y110.861 E4027.49822
G0 F9000 X122.74 Y111.427
G1 F1500 X118.785 Y107.471 E4027.7773
G0 F9000 X118.785 Y108.037
G1 F1500 X122.74 Y111.992 E4028.05635
G0 F9000 X122.74 Y112.558
G1 F1500 X118.785 Y108.603 E4028.33539
G0 F9000 X118.785 Y109.169
G1 F1500 X122.74 Y113.124 E4028.61444
G0 F9000 X122.74 Y113.689
G1 F1500 X118.785 Y109.734 E4028.89349
G0 F9000 X118.786 Y110.301
G1 F1500 X122.74 Y114.255 E4029.17246
G0 F9000 X122.284 Y114.364
G1 F1500 X118.786 Y110.867 E4029.41923
G0 F9000 X118.786 Y111.432
G1 F1500 X121.718 Y114.364 E4029.6261
G0 F9000 X121.152 Y114.364
G1 F1500 X118.786 Y111.998 E4029.79303
G0 F9000 X118.787 Y112.564
G1 F1500 X120.586 Y114.364 E4029.92
G0 F9000 X120.021 Y114.364
G1 F1500 X118.787 Y113.13 E4030.00706
G0 F9000 X118.787 Y113.696
G1 F1500 X119.455 Y114.364 E4030.05419
G0 F9000 X118.889 Y114.364
G1 F1500 X118.787 Y114.261 E4030.06143
G1 F2700 E4021.06143
G0 F9000 X118.327 Y114.261
G0 X117.652 Y115.5
G0 X116.563 Y115.501
G0 X104.625 Y115.799
G0 X97.5 Y122.146
;TYPE:WALL-OUTER
G1 F2700 E4030.06143
G1 F1500 X103.76 Y115.889 E4030.503
G1 X103.76 Y95.964 E4031.49706
G1 X97.5 Y95.964 E4031.80937
G1 X97.5 Y122.146 E4033.1156
G0 F9000 X97.748 Y121.554
G0 X98.171 Y120.549
G0 X97.9 Y121.181
;TYPE:WALL-INNER
G1 F1500 X103.36 Y115.723 E4033.50076
G1 X103.36 Y96.364 E4034.46658
G1 X97.9 Y96.364 E4034.73898
G1 X97.9 Y121.181 E4035.97711
G0 F9000 X98.148 Y120.588
G0 X98.3 Y120.215
G1 F1500 X102.96 Y115.557 E4036.30583
G1 X102.96 Y96.764 E4037.24341
G1 X98.3 Y96.764 E4037.4759
G1 X98.3 Y120.215 E4038.64588
G0 F9000 X98.38 Y118.94
;TYPE:FILL
G1 F3000 X101.193 Y116.128 E4038.84431
G0 F9000 X100.972 Y116.128
G0 X100.972 Y102.272
G0 X101.193 Y102.272
G1 F3000 X98.38 Y99.459 E4039.04279
G0 F9000 X101.122 Y96.844
G1 F3000 X101.193 Y96.915 E4039.0478
G0 F9000 X101.193 Y96.864
G0 X101.04 Y116.785
G0 X101.313 Y116.688
;TYPE:SKIN
G1 F1500 X102.6 Y115.404 E4039.13849
G1 X102.6 Y97.124 E4040.05049
G1 X101.232 Y97.124 E4040.11874
G1 X101.232 Y116.654 E4041.09309
G1 X101.313 Y116.688 E4041.09748
G0 F9000 X101.507 Y116.214
G1 F1500 X101.432 Y116.14 E4041.10273
G0 F9000 X101.789 Y115.932
G1 F1500 X101.432 Y115.574 E4041.12796
G0 F9000 X101.432 Y115.009
G1 F1500 X102.072 Y115.649 E4041.17311
G0 F9000 X102.355 Y115.366
G1 F1500 X101.432 Y114.443 E4041.23823
G0 F9000 X101.432 Y113.877
G1 F1500 X102.4 Y114.845 E4041.30653
G0 F9000 X102.4 Y114.279
G1 F1500 X101.432 Y113.312 E4041.37479
G0 F9000 X101.432 Y112.746
G1 F1500 X102.4 Y113.713 E4041.44306
G0 F9000 X102.4 Y113.148
G1 F1500 X101.432 Y112.18 E4041.51135
G0 F9000 X101.432 Y111.615
G1 F1500 X102.4 Y112.582 E4041.57962
G0 F9000 X102.4 Y112.016
G1 F1500 X101.432 Y111.049 E4041.64788
G0 F9000 X101.432 Y110.483
G1 F1500 X102.4 Y111.451 E4041.71618
G0 F9000 X102.4 Y110.885
G1 F1500 X101.432 Y109.918 E4041.78444
G0 F9000 X101.432 Y109.352
G1 F1500 X102.4 Y110.319 E4041.8527
G0 F9000 X102.4 Y109.754
G1 F1500 X101.432 Y108.786 E4041.921
G0 F9000 X101.432 Y108.221
G1 F1500 X102.4 Y109.188 E4041.98926
G0 F9000 X102.4 Y108.622
G1 F1500 X101.432 Y107.655 E4042.05752
G0 F9000 X101.432 Y107.089
G1 F1500 X102.4 Y108.057 E4042.12582
G0 F9000 X102.4 Y107.491
G1 F1500 X101.432 Y106.524 E4042.19408
G0 F9000 X101.432 Y105.958
G1 F1500 X102.4 Y106.925 E4042.26234
G0 F9000 X102.4 Y106.359
G1 F1500 X101.432 Y105.392 E4042.33061
G0 F9000 X101.432 Y104.826
G1 F1500 X102.4 Y105.794 E4042.3989
G0 F9000 X102.4 Y105.228
G1 F1500 X101.432 Y104.261 E4042.46717
G0 F9000 X101.432 Y103.695
G1 F1500 X102.4 Y104.662 E4042.53543
G0 F9000 X102.4 Y104.097
G1 F1500 X101.432 Y103.129 E4042.60373
G0 F9000 X101.432 Y102.564
G1 F1500 X102.4 Y103.531 E4042.67199
G0 F9000 X102.4 Y102.965
G1 F1500 X101.432 Y101.998 E4042.74025
G0 F9000 X101.432 Y101.432
G1 F1500 X102.4 Y102.4 E4042.80855
G0 F9000 X102.4 Y101.834
G1 F1500 X101.432 Y100.867 E4042.87681
G0 F9000 X101.432 Y100.301
G1 F1500 X102.4 Y101.268 E4042.94507
G0 F9000 X102.4 Y100.703
G1 F1500 X101.432 Y99.735 E4043.01337
G0 F9000 X101.432 Y99.17
G1 F1500 X102.4 Y100.137 E4043.08163
G0 F9000 X102.4 Y99.571
G1 F1500 X101.432 Y98.604 E4043.1499
G0 F9000 X101.432 Y98.038
G1 F1500 X102.4 Y99.006 E4043.21819
G0 F9000 X102.4 Y98.44
G1 F1500 X101.432 Y97.473 E4043.28646
G0 F9000 X101.85 Y97.324
G1 F1500 X102.4 Y97.874 E4043.32526
G1 F2700 E4034.32526
;MESH:wildrosebuilds_puzzlecube.stl(2)
G0 F9000 X102.86 Y97.874
G0 X103.532 Y115.799
G0 X104.625 Y115.799
G0 X116.575 Y116.577
G0 X124.953 Y116.577
G0 X126.635 Y115.799
G0 X127.5 Y122.146
;TYPE:WALL-OUTER
G1 F2700 E4043.32526
G1 F1500 X133.76 Y115.889 E4043.76683
G1 X133.76 Y95.964 E4044.7609
G1 X127.5 Y95.964 E4045.07321
G1 X127.5 Y122.146 E4046.37943
G0 F9000 X127.748 Y121.554
G0 X128.171 Y120.549
G0 X127.9 Y121.181
;TYPE:WALL-INNER
G1 F1500 X133.36 Y115.723 E4046.7646
G1 X133.36 Y96.364 E4047.73042
G1 X127.9 Y96.364 E4048.00282
G1 X127.9 Y121.181 E4049.24095
G0 F9000 X128.148 Y120.588
G0 X128.3 Y120.215
G1 F1500 X132.96 Y115.557 E4049.56966
G1 X132.96 Y96.764 E4050.50725
G1 X128.3 Y96.764 E4050.73974
G1 X128.3 Y120.215 E4051.90971
G0 F9000 X128.38 Y118.94
;TYPE:FILL
G1 F3000 X131.192 Y116.128 E4052.10811
G0 F9000 X130.972 Y116.128
G0 X130.972 Y102.272
G0 X131.193 Y102.272
G1 F3000 X128.379 Y99.459 E4052.30662
G0 F9000 X131.122 Y96.844
G1 F3000 X131.193 Y96.915 E4052.31163
G0 F9000 X131.193 Y96.864
G0 X131.04 Y116.785
G0 X131.313 Y116.688
;TYPE:SKIN
G1 F1500 X132.6 Y115.404 E4052.40233
G1 X132.6 Y97.124 E4053.31432
G1 X131.232 Y97.124 E4053.38257
G1 X131.232 Y116.654 E4054.35693
G1 X131.313 Y116.688 E4054.36131
G0 F9000 X131.497 Y116.224
G1 F1500 X131.432 Y116.159 E4054.3659
G0 F9000 X131.78 Y115.941
G1 F1500 X131.432 Y115.593 E4054.39045
G0 F9000 X131.432 Y115.027
G1 F1500 X132.063 Y115.658 E4054.43497
G0 F9000 X132.346 Y115.375
G1 F1500 X131.432 Y114.461 E4054.49946
G0 F9000 X131.432 Y113.896
G1 F1500 X132.4 Y114.864 E4054.56776
G0 F9000 X132.4 Y114.298
G1 F1500 X131.432 Y113.33 E4054.63605
G0 F9000 X131.432 Y112.764
G1 F1500 X132.4 Y113.732 E4054.70435
G0 F9000 X132.4 Y113.167
G1 F1500 X131.432 Y112.199 E4054.77265
G0 F9000 X131.432 Y111.633
G1 F1500 X132.4 Y112.601 E4054.84095
G0 F9000 X132.4 Y112.035
G1 F1500 X131.432 Y111.067 E4054.90925
G0 F9000 X131.432 Y110.502
G1 F1500 X132.4 Y111.47 E4054.97754
G0 F9000 X132.4 Y110.904
G1 F1500 X131.432 Y109.936 E4055.04584
G0 F9000 X131.432 Y109.37
G1 F1500 X132.4 Y110.338 E4055.11414
G0 F9000 X132.4 Y109.773
G1 F1500 X131.432 Y108.805 E4055.18244
G0 F9000 X131.432 Y108.239
G1 F1500 X132.4 Y109.207 E4055.25073
G0 F9000 X132.4 Y108.641
G1 F1500 X131.432 Y107.673 E4055.31903
G0 F9000 X131.432 Y107.108
G1 F1500 X132.4 Y108.076 E4055.38733
G0 F9000 X132.4 Y107.51
G1 F1500 X131.432 Y106.542 E4055.45563
G0 F9000 X131.432 Y105.976
G1 F1500 X132.4 Y106.944 E4055.52392
G0 F9000 X132.4 Y106.379
G1 F1500 X131.432 Y105.411 E4055.59222
G0 F9000 X131.432 Y104.845
G1 F1500 X132.4 Y105.813 E4055.66052
G0 F9000 X132.4 Y105.247
G1 F1500 X131.432 Y104.279 E4055.72882
G0 F9000 X131.432 Y103.713
G1 F1500 X132.4 Y104.682 E4055.79715
G0 F9000 X132.4 Y104.116
G1 F1500 X131.432 Y103.148 E4055.86545
G0 F9000 X131.432 Y102.582
G1 F1500 X132.4 Y103.55 E4055.93375
G0 F9000 X132.4 Y102.984
G1 F1500 X131.432 Y102.016 E4056.00204
G0 F9000 X131.432 Y101.451
G1 F1500 X132.4 Y102.419 E4056.07034
G0 F9000 X132.4 Y101.853
G1 F1500 X131.432 Y100.885 E4056.13864
G0 F9000 X131.432 Y100.319
G1 F1500 X132.4 Y101.287 E4056.20694
G0 F9000 X132.4 Y100.722
G1 F1500 X131.432 Y99.754 E4056.27523
G0 F9000 X131.432 Y99.188
G1 F1500 X132.4 Y100.156 E4056.34353
G0 F9000 X132.4 Y99.59
G1 F1500 X131.432 Y98.622 E4056.41183
G0 F9000 X131.432 Y98.057
G1 F1500 X132.4 Y99.025 E4056.48013
G0 F9000 X132.4 Y98.459
G1 F1500 X131.432 Y97.491 E4056.54842
G0 F9000 X131.831 Y97.324
G1 F1500 X132.4 Y97.893 E4056.58857
G1 F2700 E4047.58857
G0 F9000 X132.86 Y97.893
G0 X133.53 Y115.444
G0 X134.625 Y115.444
G0 X146.563 Y115.444
G0 X147.428 Y115.724
;TYPE:WALL-OUTER
G1 F2700 E4056.58857
G1 F1500 X154.1 Y115.724 E4056.92144
G1 X154.1 Y102.804 E4057.56602
G1 X147.84 Y102.804 E4057.87833
G1 X147.84 Y103.088 E4057.8925
G1 X147.786 Y103.225 E4057.89985
G1 X147.642 Y103.288 E4057.90769
G1 X147.424 Y103.291 E4057.91857
G1 X147.428 Y115.724 E4058.53885
G0 F9000 X147.828 Y115.324
;TYPE:WALL-INNER
G1 F1500 X153.7 Y115.324 E4058.83181
G1 X153.7 Y103.204 E4059.43647
G1 X148.195 Y103.204 E4059.71112
G1 X148.078 Y103.499 E4059.72695
G1 X147.824 Y103.61 E4059.74078
G1 X147.828 Y115.324 E4060.3252
G0 F9000 X148.228 Y114.924
G1 F1500 X153.3 Y114.924 E4060.57824
G1 X153.3 Y103.604 E4061.143
G1 X148.436 Y103.604 E4061.38566
G1 X148.369 Y103.773 E4061.39473
G1 X148.224 Y103.837 E4061.40264
G1 X148.228 Y114.924 E4061.95577
G0 F9000 X148.588 Y114.564
;TYPE:SKIN
G1 F1500 X152.94 Y114.564 E4062.17289
G1 X152.94 Y103.964 E4062.70173
G1 X148.663 Y103.964 E4062.91511
G1 X148.584 Y104.05 E4062.92094
G1 X148.588 Y114.564 E4063.44548
G0 F9000 X148.588 Y114.824
G0 X153.128 Y114.752
G0 X153.2 Y104.657
G0 X152.74 Y104.657
G1 F1500 X152.248 Y104.165 E4063.4802
G0 F9000 X151.682 Y104.165
G1 F1500 X152.74 Y105.222 E4063.55481
G0 F9000 X152.74 Y105.788
G1 F1500 X151.116 Y104.165 E4063.66936
G0 F9000 X150.551 Y104.165
G1 F1500 X152.74 Y106.354 E4063.8238
G0 F9000 X152.74 Y106.919
G1 F1500 X149.985 Y104.165 E4064.01815
G0 F9000 X149.419 Y104.165
G1 F1500 X152.74 Y107.485 E4064.25243
G0 F9000 X152.74 Y108.051
G1 F1500 X148.854 Y104.165 E4064.5266
G0 F9000 X148.784 Y104.66
G1 F1500 X152.74 Y108.617 E4064.80576
G0 F9000 X152.74 Y109.182
G1 F1500 X148.784 Y105.226 E4065.08487
G0 F9000 X148.784 Y105.792
G1 F1500 X152.74 Y109.748 E4065.36399
G0 F9000 X152.74 Y110.314
G1 F1500 X148.784 Y106.358 E4065.64311
G0 F9000 X148.784 Y106.924
G1 F1500 X152.74 Y110.879 E4065.92219
G0 F9000 X152.74 Y111.445
G1 F1500 X148.784 Y107.489 E4066.20131
G0 F9000 X148.785 Y108.056
G1 F1500 X152.74 Y112.011 E4066.48035
G0 F9000 X152.74 Y112.576
G1 F1500 X148.785 Y108.622 E4066.75936
G0 F9000 X148.785 Y109.187
G1 F1500 X152.74 Y113.142 E4067.03841
G0 F9000 X152.74 Y113.708
G1 F1500 X148.786 Y109.754 E4067.31739
G0 F9000 X148.786 Y110.319
G1 F1500 X152.74 Y114.273 E4067.59636
G0 F9000 X152.265 Y114.364
G1 F1500 X148.786 Y110.885 E4067.84183
G0 F9000 X148.787 Y111.451
G1 F1500 X151.699 Y114.364 E4068.04732
G0 F9000 X151.133 Y114.364
G1 F1500 X148.787 Y112.017 E4068.21288
G0 F9000 X148.787 Y112.583
G1 F1500 X150.568 Y114.364 E4068.33854
G0 F9000 X150.002 Y114.364
G1 F1500 X148.787 Y113.149 E4068.42426
G0 F9000 X148.787 Y113.715
G1 F1500 X149.436 Y114.364 E4068.47005
G0 F9000 X148.871 Y114.364
G1 F1500 X148.787 Y114.28 E4068.47598
G1 F2700 E4059.47598
;MESH:NONMESH
G0 F300 X148.787 Y114.28 Z20.25
G0 F9000 X148.327 Y114.28
G0 X147.651 Y103.514
G0 X146.563 Y103.515
G0 X134.613 Y95.111
G0 X116.987 Y93.289
G0 X104.613 Y85.961
G0 X103.764 Y85.596
;TIME_ELAPSED:4947.976718
;LAYER:67
;TYPE:WALL-OUTER
;MESH:wildrosebuilds_puzzlecube.stl(1)
G1 F2700 E4068.47598
G1 F1500 X103.804 Y85.482 E4068.482
G1 X103.872 Y85.45 E4068.48575
G1 X103.872 Y72.676 E4069.12305
G1 X97.5 Y72.676 E4069.44095
G1 X97.5 Y85.596 E4070.08553
G1 X103.764 Y85.596 E4070.39805
G0 F9000 X103.472 Y85.196
;TYPE:WALL-INNER
G1 F1500 X103.472 Y73.076 E4071.00271
G1 X97.9 Y73.076 E4071.2807
G1 X97.9 Y85.196 E4071.88537
G1 X103.472 Y85.196 E4072.16336
G0 F9000 X103.072 Y84.796
G1 F1500 X103.072 Y73.476 E4072.72812
G1 X98.3 Y73.476 E4072.96619
G1 X98.3 Y84.796 E4073.53095
G1 X103.072 Y84.796 E4073.76903
G0 F9000 X102.712 Y84.436
;TYPE:SKIN
G1 F1500 X102.712 Y73.836 E4074.29786
G1 X98.66 Y73.836 E4074.50002
G1 X98.66 Y84.436 E4075.02885
G1 X102.712 Y84.436 E4075.23101
G0 F9000 X102.972 Y84.436
G0 X98.472 Y84.624
G0 X98.4 Y74.24
G0 X98.86 Y74.24
G1 F1500 X99.064 Y74.035 E4075.24544
G0 F9000 X99.63 Y74.035
G1 F1500 X98.86 Y74.806 E4075.2998
G0 F9000 X98.86 Y75.371
G1 F1500 X100.196 Y74.035 E4075.39406
G0 F9000 X100.761 Y74.035
G1 F1500 X98.86 Y75.937 E4075.52822
G0 F9000 X98.86 Y76.503
G1 F1500 X101.327 Y74.035 E4075.70232
G0 F9000 X101.893 Y74.035
G1 F1500 X98.86 Y77.068 E4075.91631
G0 F9000 X98.86 Y77.634
G1 F1500 X102.458 Y74.035 E4076.17021
G0 F9000 X102.512 Y74.547
G1 F1500 X98.86 Y78.2 E4076.42791
G0 F9000 X98.86 Y78.765
G1 F1500 X102.512 Y75.113 E4076.68558
G0 F9000 X102.512 Y75.679
G1 F1500 X98.86 Y79.331 E4076.94325
G0 F9000 X98.86 Y79.897
G1 F1500 X102.512 Y76.244 E4077.20095
G0 F9000 X102.512 Y76.81
G1 F1500 X98.86 Y80.462 E4077.45862
G0 F9000 X98.86 Y81.028
G1 F1500 X102.512 Y77.376 E4077.71629
G0 F9000 X102.512 Y77.942
G1 F1500 X98.86 Y81.594 E4077.97396
G0 F9000 X98.86 Y82.159
G1 F1500 X102.512 Y78.507 E4078.23162
G0 F9000 X102.512 Y79.073
G1 F1500 X98.86 Y82.725 E4078.48929
G0 F9000 X98.86 Y83.291
G1 F1500 X102.512 Y79.639 E4078.74696
G0 F9000 X102.512 Y80.204
G1 F1500 X98.86 Y83.857 E4079.00467
G0 F9000 X99.046 Y84.236
G1 F1500 X102.512 Y80.77 E4079.24921
G0 F9000 X102.512 Y81.336
G1 F1500 X99.612 Y84.236 E4079.45382
G0 F9000 X100.177 Y84.236
G1 F1500 X102.512 Y81.901 E4079.61857
G0 F9000 X102.512 Y82.467
G1 F1500 X100.743 Y84.236 E4079.74338
G0 F9000 X101.309 Y84.236
G1 F1500 X102.512 Y83.033 E4079.82826
G0 F9000 X102.512 Y83.598
G1 F1500 X101.874 Y84.236 E4079.87327
G0 F9000 X102.44 Y84.236
G1 F1500 X102.512 Y84.164 E4079.87835
G1 F2700 E4070.87835
G0 F9000 X102.972 Y84.164
G0 X103.649 Y85.189
G0 X104.737 Y85.188
G0 X116.975 Y85.189
G0 X117.84 Y92.436
;TYPE:WALL-OUTER
G1 F2700 E4079.87835
G1 F1500 X124.1 Y92.436 E4080.19067
G1 X124.1 Y66.248 E4081.49719
G1 X117.84 Y72.507 E4081.93883
G1 X117.84 Y92.436 E4082.93309
G0 F9000 X118.24 Y92.036
;TYPE:WALL-INNER
G1 F1500 X123.7 Y92.036 E4083.20549
G1 X123.7 Y67.214 E4084.44387
G1 X118.24 Y72.673 E4084.82907
G1 X118.24 Y92.036 E4085.79509
G0 F9000 X118.64 Y91.636
G1 F1500 X123.3 Y91.636 E4086.02758
G1 X123.3 Y68.179 E4087.19785
G1 X118.64 Y72.839 E4087.52664
G1 X118.64 Y91.636 E4088.46443
G0 F9000 X120.707 Y91.536
G0 X120.707 Y91.487
;TYPE:FILL
G1 F3000 X120.776 Y91.555 E4088.46926
G0 F9000 X123.22 Y89.243
G1 F3000 X120.707 Y86.729 E4088.6466
G0 F9000 X120.928 Y86.729
G0 X120.928 Y71.67
G0 X120.708 Y71.67
G1 F3000 X123.22 Y69.159 E4088.8238
G0 F9000 X120.856 Y91.464
G0 X118.812 Y91.464
G0 X119 Y91.276
;TYPE:SKIN
G1 F1500 X120.668 Y91.276 E4088.90702
G1 X120.664 Y71.438 E4089.89674
G1 X120.583 Y71.404 E4089.90112
G1 X119 Y72.987 E4090.01281
G1 X119 Y91.276 E4090.92525
G0 F9000 X118.74 Y91.276
G0 X120.856 Y91.464
G0 X120.928 Y90.534
G0 X120.467 Y90.534
G1 F1500 X119.925 Y91.076 E4090.96349
G0 F9000 X119.359 Y91.076
G1 F1500 X120.467 Y89.968 E4091.04167
G0 F9000 X120.467 Y89.402
G1 F1500 X119.201 Y90.669 E4091.13103
G0 F9000 X119.201 Y90.103
G1 F1500 X120.467 Y88.837 E4091.22035
G0 F9000 X120.467 Y88.271
G1 F1500 X119.201 Y89.537 E4091.30967
G0 F9000 X119.201 Y88.972
G1 F1500 X120.467 Y87.705 E4091.39903
G0 F9000 X120.467 Y87.14
G1 F1500 X119.201 Y88.406 E4091.48836
G0 F9000 X119.201 Y87.84
G1 F1500 X120.467 Y86.574 E4091.57768
G0 F9000 X120.467 Y86.008
G1 F1500 X119.201 Y87.275 E4091.66704
G0 F9000 X119.201 Y86.709
G1 F1500 X120.467 Y85.443 E4091.75636
G0 F9000 X120.467 Y84.877
G1 F1500 X119.201 Y86.143 E4091.84568
G0 F9000 X119.201 Y85.578
G1 F1500 X120.466 Y84.312 E4091.93497
G0 F9000 X120.466 Y83.746
G1 F1500 X119.201 Y85.012 E4092.02426
G0 F9000 X119.201 Y84.446
G1 F1500 X120.466 Y83.181 E4092.11351
G0 F9000 X120.466 Y82.615
G1 F1500 X119.201 Y83.881 E4092.2028
G0 F9000 X119.201 Y83.315
G1 F1500 X120.466 Y82.049 E4092.29209
G0 F9000 X120.466 Y81.483
G1 F1500 X119.201 Y82.749 E4092.38138
G0 F9000 X119.201 Y82.183
G1 F1500 X120.466 Y80.918 E4092.47063
G0 F9000 X120.466 Y80.352
G1 F1500 X119.201 Y81.618 E4092.55992
G0 F9000 X119.201 Y81.052
G1 F1500 X120.466 Y79.786 E4092.6492
G0 F9000 X120.466 Y79.221
G1 F1500 X119.201 Y80.486 E4092.73846
G0 F9000 X119.201 Y79.921
G1 F1500 X120.466 Y78.655 E4092.82774
G0 F9000 X120.466 Y78.09
G1 F1500 X119.201 Y79.355 E4092.917
G0 F9000 X119.201 Y78.789
G1 F1500 X120.466 Y77.524 E4093.00625
G0 F9000 X120.466 Y76.959
G1 F1500 X119.201 Y78.224 E4093.0955
G0 F9000 X119.201 Y77.658
G1 F1500 X120.466 Y76.393 E4093.18475
G0 F9000 X120.466 Y75.827
G1 F1500 X119.201 Y77.092 E4093.27401
G0 F9000 X119.201 Y76.527
G1 F1500 X120.466 Y75.262 E4093.36326
G0 F9000 X120.466 Y74.696
G1 F1500 X119.201 Y75.961 E4093.45251
G0 F9000 X119.201 Y75.395
G1 F1500 X120.466 Y74.13 E4093.54177
G0 F9000 X120.466 Y73.565
G1 F1500 X119.201 Y74.83 E4093.63102
G0 F9000 X119.201 Y74.264
G1 F1500 X120.466 Y72.999 E4093.72027
G0 F9000 X120.466 Y72.433
G1 F1500 X119.201 Y73.698 E4093.80952
G0 F9000 X119.201 Y73.133
G1 F1500 X120.466 Y71.868 E4093.89878
G0 F9000 X121.228 Y71.868
G1 F2700 E4084.89878
;MESH:wildrosebuilds_puzzlecube.stl
G0 F9000 X120.86 Y71.31
G0 X120.539 Y71.177
G0 X118.804 Y72.906
G0 X118.064 Y92.212
G0 X118.064 Y93.301
G0 X118.064 Y101.939
G0 X117.728 Y115.724
;TYPE:WALL-OUTER
G1 F2700 E4093.89878
G1 F1500 X124.1 Y115.724 E4094.21668
G1 X124.1 Y102.804 E4094.86126
G1 X117.835 Y102.804 E4095.17382
G1 X117.795 Y102.916 E4095.17975
G1 X117.725 Y102.95 E4095.18364
G1 X117.728 Y115.724 E4095.82093
G0 F9000 X118.128 Y115.324
;TYPE:WALL-INNER
G1 F1500 X123.7 Y115.324 E4096.09892
G1 X123.7 Y103.204 E4096.70359
G1 X118.125 Y103.204 E4096.98173
G1 X118.128 Y115.324 E4097.5864
G0 F9000 X118.528 Y114.924
G1 F1500 X123.3 Y114.924 E4097.82447
G1 X123.3 Y103.604 E4098.38923
G1 X118.525 Y103.604 E4098.62746
G1 X118.528 Y114.924 E4099.19221
G0 F9000 X118.888 Y114.564
;TYPE:SKIN
G1 F1500 X122.94 Y114.564 E4099.39437
G1 X122.94 Y103.964 E4099.9232
G1 X118.884 Y103.964 E4100.12556
G1 X118.888 Y114.564 E4100.6544
G0 F9000 X118.888 Y114.824
G0 X118.625 Y104.361
G0 X119.085 Y104.361
G1 F1500 X119.282 Y104.164 E4100.66829
G0 F9000 X119.848 Y104.164
G1 F1500 X119.085 Y104.927 E4100.72213
G0 F9000 X119.085 Y105.493
G1 F1500 X120.413 Y104.164 E4100.81586
G0 F9000 X120.979 Y104.164
G1 F1500 X119.085 Y106.058 E4100.94949
G0 F9000 X119.085 Y106.623
G1 F1500 X121.545 Y104.164 E4101.12302
G0 F9000 X122.11 Y104.164
G1 F1500 X119.085 Y107.189 E4101.33645
G0 F9000 X119.085 Y107.755
G1 F1500 X122.676 Y104.164 E4101.58982
G0 F9000 X122.74 Y104.666
G1 F1500 X119.086 Y108.32 E4101.84763
G0 F9000 X119.086 Y108.885
G1 F1500 X122.74 Y105.232 E4102.1054
G0 F9000 X122.74 Y105.797
G1 F1500 X119.086 Y109.451 E4102.36321
G0 F9000 X119.086 Y110.017
G1 F1500 X122.74 Y106.363 E4102.62102
G0 F9000 X122.74 Y106.929
G1 F1500 X119.087 Y110.582 E4102.87876
G0 F9000 X119.087 Y111.147
G1 F1500 X122.74 Y107.494 E4103.1365
G0 F9000 X122.74 Y108.06
G1 F1500 X119.087 Y111.713 E4103.39424
G0 F9000 X119.087 Y112.279
G1 F1500 X122.74 Y108.626 E4103.65198
G0 F9000 X122.74 Y109.191
G1 F1500 X119.087 Y112.844 E4103.90972
G0 F9000 X119.087 Y113.409
G1 F1500 X122.74 Y109.757 E4104.16742
G0 F9000 X122.74 Y110.323
G1 F1500 X119.087 Y113.975 E4104.42512
G0 F9000 X119.264 Y114.364
G1 F1500 X122.74 Y110.888 E4104.67037
G0 F9000 X122.74 Y111.454
G1 F1500 X119.83 Y114.364 E4104.87569
G0 F9000 X120.396 Y114.364
G1 F1500 X122.74 Y112.02 E4105.04107
G0 F9000 X122.74 Y112.586
G1 F1500 X120.961 Y114.364 E4105.16655
G0 F9000 X121.527 Y114.364
G1 F1500 X122.74 Y113.151 E4105.25214
G0 F9000 X122.74 Y113.717
G1 F1500 X122.093 Y114.364 E4105.29779
G0 F9000 X122.658 Y114.364
G1 F1500 X122.74 Y114.283 E4105.30354
G1 F2700 E4096.30354
G0 F9000 X123.2 Y114.283
G0 X123.128 Y114.752
G0 X117.952 Y115.5
G0 X116.863 Y115.501
G0 X104.625 Y115.799
G0 X97.5 Y122.146
;TYPE:WALL-OUTER
G1 F2700 E4105.30354
G1 F1500 X103.76 Y115.889 E4105.74511
G1 X103.76 Y95.964 E4106.73917
G1 X97.5 Y95.964 E4107.05148
G1 X97.5 Y122.146 E4108.35771
G0 F9000 X97.748 Y121.554
G0 X98.171 Y120.549
G0 X97.9 Y121.181
;TYPE:WALL-INNER
G1 F1500 X103.36 Y115.723 E4108.74287
G1 X103.36 Y96.364 E4109.7087
G1 X97.9 Y96.364 E4109.9811
G1 X97.9 Y121.181 E4111.21922
G0 F9000 X98.148 Y120.588
G0 X98.3 Y120.215
G1 F1500 X102.96 Y115.557 E4111.54794
G1 X102.96 Y96.764 E4112.48553
G1 X98.3 Y96.764 E4112.71801
G1 X98.3 Y120.215 E4113.88799
G0 F9000 X98.38 Y119.24
;TYPE:FILL
G1 F3000 X100.893 Y116.728 E4114.06526
G0 F9000 X100.672 Y116.728
G0 X100.672 Y101.671
G0 X100.892 Y101.671
G1 F3000 X98.38 Y99.159 E4114.24249
G0 F9000 X100.822 Y96.844
G1 F3000 X100.892 Y96.914 E4114.24743
G0 F9000 X100.892 Y96.864
G0 X100.74 Y117.085
G0 X101.013 Y116.987
;TYPE:SKIN
G1 F1500 X102.6 Y115.405 E4114.35923
G1 X102.6 Y97.124 E4115.27127
G1 X100.932 Y97.124 E4115.35449
G1 X100.932 Y116.954 E4116.34381
G1 X101.013 Y116.987 E4116.34817
G0 F9000 X100.913 Y117.228
G0 X102.796 Y115.489
G0 X102.86 Y114.824
G0 X102.4 Y114.824
G1 F1500 X101.133 Y116.091 E4116.43757
G0 F9000 X101.133 Y115.525
G1 F1500 X102.4 Y114.258 E4116.52696
G0 F9000 X102.4 Y113.692
G1 F1500 X101.133 Y114.959 E4116.61636
G0 F9000 X101.133 Y114.394
G1 F1500 X102.4 Y113.126 E4116.70578
G0 F9000 X102.4 Y112.561
G1 F1500 X101.133 Y113.828 E4116.79518
G0 F9000 X101.133 Y113.262
G1 F1500 X102.4 Y111.995 E4116.88457
G0 F9000 X102.4 Y111.429
G1 F1500 X101.133 Y112.697 E4116.974
G0 F9000 X101.133 Y112.131
G1 F1500 X102.4 Y110.864 E4117.06339
G0 F9000 X102.4 Y110.298
G1 F1500 X101.133 Y111.565 E4117.15279
G0 F9000 X101.133 Y111
G1 F1500 X102.4 Y109.732 E4117.24222
G0 F9000 X102.4 Y109.167
G1 F1500 X101.133 Y110.434 E4117.33161
G0 F9000 X101.133 Y109.868
G1 F1500 X102.4 Y108.601 E4117.421
G0 F9000 X102.4 Y108.035
G1 F1500 X101.133 Y109.302 E4117.5104
G0 F9000 X101.133 Y108.737
G1 F1500 X102.4 Y107.47 E4117.59979
G0 F9000 X102.4 Y106.904
G1 F1500 X101.133 Y108.171 E4117.68919
G0 F9000 X101.133 Y107.605
G1 F1500 X102.4 Y106.338 E4117.77858
G0 F9000 X102.4 Y105.773
G1 F1500 X101.133 Y107.04 E4117.86797
G0 F9000 X101.133 Y106.474
G1 F1500 X102.4 Y105.207 E4117.95737
G0 F9000 X102.4 Y104.641
G1 F1500 X101.133 Y105.908 E4118.04676
G0 F9000 X101.133 Y105.343
G1 F1500 X102.4 Y104.076 E4118.13615
G0 F9000 X102.4 Y103.51
G1 F1500 X101.133 Y104.777 E4118.22555
G0 F9000 X101.133 Y104.211
G1 F1500 X102.4 Y102.944 E4118.31494
G0 F9000 X102.4 Y102.378
G1 F1500 X101.133 Y103.646 E4118.40437
G0 F9000 X101.133 Y103.08
G1 F1500 X102.4 Y101.813 E4118.49376
G0 F9000 X102.4 Y101.247
G1 F1500 X101.133 Y102.514 E4118.58316
G0 F9000 X101.133 Y101.949
G1 F1500 X102.4 Y100.681 E4118.67259
G0 F9000 X102.4 Y100.116
G1 F1500 X101.133 Y101.383 E4118.76198
G0 F9000 X101.133 Y100.817
G1 F1500 X102.4 Y99.55 E4118.85137
G0 F9000 X102.4 Y98.984
G1 F1500 X101.133 Y100.251 E4118.94077
G0 F9000 X101.133 Y99.686
G1 F1500 X102.4 Y98.419 E4119.03016
G0 F9000 X102.4 Y97.853
G1 F1500 X101.133 Y99.12 E4119.11956
G0 F9000 X101.133 Y98.554
G1 F1500 X102.363 Y97.324 E4119.20634
G0 F9000 X101.797 Y97.324
G1 F1500 X101.133 Y97.989 E4119.25322
G0 F9000 X101.133 Y97.423
G1 F1500 X101.232 Y97.324 E4119.26021
G1 F2700 E4110.26021
;MESH:wildrosebuilds_puzzlecube.stl(2)
G0 F9000 X101.232 Y96.864
G0 X102.788 Y96.936
G0 X103.532 Y115.799
G0 X104.625 Y115.799
G0 X116.875 Y116.577
G0 X124.953 Y116.577
G0 X126.635 Y115.799
G0 X127.5 Y122.146
;TYPE:WALL-OUTER
G1 F2700 E4119.26021
G1 F1500 X133.76 Y115.889 E4119.70178
G1 X133.76 Y95.964 E4120.69584
G1 X127.5 Y95.964 E4121.00815
G1 X127.5 Y122.146 E4122.31438
G0 F9000 X127.748 Y121.554
G0 X128.171 Y120.549
G0 X127.9 Y121.181
;TYPE:WALL-INNER
G1 F1500 X133.36 Y115.723 E4122.69954
G1 X133.36 Y96.364 E4123.66537
G1 X127.9 Y96.364 E4123.93777
G1 X127.9 Y121.181 E4125.17589
G0 F9000 X128.148 Y120.588
G0 X128.3 Y120.215
G1 F1500 X132.96 Y115.557 E4125.50461
G1 X132.96 Y96.764 E4126.4422
G1 X128.3 Y96.764 E4126.67468
G1 X128.3 Y120.215 E4127.84466
G0 F9000 X128.38 Y119.24
;TYPE:FILL
G1 F3000 X130.893 Y116.728 E4128.02193
G0 F9000 X130.672 Y116.728
G0 X130.672 Y101.673
G0 X130.893 Y101.673
G1 F3000 X128.379 Y99.159 E4128.19931
G0 F9000 X130.822 Y96.844
G1 F3000 X130.893 Y96.915 E4128.20431
G0 F9000 X130.893 Y96.864
G0 X130.74 Y117.085
G0 X131.013 Y116.987
;TYPE:SKIN
G1 F1500 X132.6 Y115.405 E4128.31611
G1 X132.6 Y97.124 E4129.22815
G1 X130.932 Y97.124 E4129.31137
G1 X130.932 Y116.954 E4130.30069
G1 X131.013 Y116.987 E4130.30506
G0 F9000 X130.913 Y117.228
G0 X132.796 Y115.489
G0 X132.86 Y114.805
G0 X132.399 Y114.805
G1 F1500 X131.132 Y116.072 E4130.39445
G0 F9000 X131.132 Y115.507
G1 F1500 X132.399 Y114.239 E4130.48388
G0 F9000 X132.399 Y113.674
G1 F1500 X131.132 Y114.941 E4130.57327
G0 F9000 X131.132 Y114.375
G1 F1500 X132.399 Y113.108 E4130.66267
G0 F9000 X132.399 Y112.542
G1 F1500 X131.132 Y113.81 E4130.75209
G0 F9000 X131.132 Y113.244
G1 F1500 X132.399 Y111.977 E4130.84149
G0 F9000 X132.399 Y111.411
G1 F1500 X131.132 Y112.678 E4130.93088
G0 F9000 X131.132 Y112.112
G1 F1500 X132.399 Y110.845 E4131.02028
G0 F9000 X132.399 Y110.28
G1 F1500 X131.132 Y111.547 E4131.10967
G0 F9000 X131.132 Y110.981
G1 F1500 X132.399 Y109.714 E4131.19906
G0 F9000 X132.399 Y109.148
G1 F1500 X131.132 Y110.415 E4131.28846
G0 F9000 X131.132 Y109.85
G1 F1500 X132.399 Y108.583 E4131.37785
G0 F9000 X132.399 Y108.017
G1 F1500 X131.132 Y109.284 E4131.46724
G0 F9000 X131.132 Y108.718
G1 F1500 X132.399 Y107.451 E4131.55664
G0 F9000 X132.399 Y106.886
G1 F1500 X131.132 Y108.153 E4131.64603
G0 F9000 X131.132 Y107.587
G1 F1500 X132.399 Y106.32 E4131.73543
G0 F9000 X132.399 Y105.754
G1 F1500 X131.132 Y107.021 E4131.82482
G0 F9000 X131.132 Y106.456
G1 F1500 X132.399 Y105.188 E4131.91425
G0 F9000 X132.399 Y104.623
G1 F1500 X131.132 Y105.89 E4132.00364
G0 F9000 X131.132 Y105.324
G1 F1500 X132.399 Y104.057 E4132.09304
G0 F9000 X132.399 Y103.491
G1 F1500 X131.132 Y104.759 E4132.18246
G0 F9000 X131.132 Y104.193
G1 F1500 X132.399 Y102.926 E4132.27186
G0 F9000 X132.399 Y102.36
G1 F1500 X131.132 Y103.627 E4132.36125
G0 F9000 X131.132 Y103.062
G1 F1500 X132.399 Y101.794 E4132.45068
G0 F9000 X132.399 Y101.229
G1 F1500 X131.132 Y102.496 E4132.54007
G0 F9000 X131.132 Y101.93
G1 F1500 X132.399 Y100.663 E4132.62947
G0 F9000 X132.399 Y100.097
G1 F1500 X131.132 Y101.364 E4132.71886
G0 F9000 X131.132 Y100.799
G1 F1500 X132.399 Y99.532 E4132.80826
G0 F9000 X132.399 Y98.966
G1 F1500 X131.132 Y100.233 E4132.89765
G0 F9000 X131.132 Y99.667
G1 F1500 X132.399 Y98.4 E4132.98704
G0 F9000 X132.399 Y97.835
G1 F1500 X131.132 Y99.102 E4133.07644
G0 F9000 X131.132 Y98.536
G1 F1500 X132.344 Y97.324 E4133.16195
G0 F9000 X131.779 Y97.324
G1 F1500 X131.132 Y97.97 E4133.20756
G0 F9000 X131.132 Y97.405
G1 F1500 X131.213 Y97.324 E4133.21328
G1 F2700 E4124.21328
G0 F9000 X131.213 Y96.864
G0 X132.788 Y96.936
G0 X133.53 Y115.444
G0 X134.625 Y115.444
G0 X146.863 Y115.444
G0 X147.728 Y115.724
;TYPE:WALL-OUTER
G1 F2700 E4133.21328
G1 F1500 X154.1 Y115.724 E4133.53118
G1 X154.1 Y102.804 E4134.17576
G1 X147.835 Y102.804 E4134.48832
G1 X147.795 Y102.916 E4134.49426
G1 X147.725 Y102.95 E4134.49814
G1 X147.728 Y115.724 E4135.13544
G0 F9000 X148.128 Y115.324
;TYPE:WALL-INNER
G1 F1500 X153.7 Y115.324 E4135.41342
G1 X153.7 Y103.204 E4136.01809
G1 X148.125 Y103.204 E4136.29623
G1 X148.128 Y115.324 E4136.9009
G0 F9000 X148.528 Y114.924
G1 F1500 X153.3 Y114.924 E4137.13898
G1 X153.3 Y103.604 E4137.70373
G1 X148.525 Y103.604 E4137.94196
G1 X148.528 Y114.924 E4138.50672
G0 F9000 X148.888 Y114.564
;TYPE:SKIN
G1 F1500 X152.94 Y114.564 E4138.70887
G1 X152.94 Y103.964 E4139.23771
G1 X148.884 Y103.964 E4139.44006
G1 X148.888 Y114.564 E4139.9689
G0 F9000 X148.888 Y114.824
G0 X148.625 Y104.343
G0 X149.084 Y104.343
G1 F1500 X149.263 Y104.164 E4139.98153
G0 F9000 X149.829 Y104.164
G1 F1500 X149.084 Y104.908 E4140.03406
G0 F9000 X149.084 Y105.474
G1 F1500 X150.395 Y104.164 E4140.12652
G0 F9000 X150.96 Y104.164
G1 F1500 X149.085 Y106.039 E4140.25881
G0 F9000 X149.085 Y106.605
G1 F1500 X151.526 Y104.164 E4140.43104
G0 F9000 X152.092 Y104.164
G1 F1500 X149.086 Y107.17 E4140.64313
G0 F9000 X149.086 Y107.735
G1 F1500 X152.657 Y104.164 E4140.89508
G0 F9000 X152.74 Y104.647
G1 F1500 X149.086 Y108.301 E4141.15289
G0 F9000 X149.086 Y108.866
G1 F1500 X152.74 Y105.213 E4141.41066
G0 F9000 X152.74 Y105.778
G1 F1500 X149.086 Y109.432 E4141.66847
G0 F9000 X149.087 Y109.997
G1 F1500 X152.74 Y106.344 E4141.92621
G0 F9000 X152.74 Y106.91
G1 F1500 X149.087 Y110.563 E4142.18395
G0 F9000 X149.087 Y111.128
G1 F1500 X152.74 Y107.475 E4142.44169
G0 F9000 X152.74 Y108.041
G1 F1500 X149.088 Y111.693 E4142.69936
G0 F9000 X149.088 Y112.259
G1 F1500 X152.74 Y108.607 E4142.95703
G0 F9000 X152.74 Y109.172
G1 F1500 X149.088 Y112.825 E4143.21473
G0 F9000 X149.089 Y113.39
G1 F1500 X152.74 Y109.738 E4143.47236
G0 F9000 X152.74 Y110.304
G1 F1500 X149.089 Y113.955 E4143.72996
G0 F9000 X149.245 Y114.364
G1 F1500 X152.74 Y110.869 E4143.97655
G0 F9000 X152.74 Y111.435
G1 F1500 X149.811 Y114.364 E4144.18321
G0 F9000 X150.377 Y114.364
G1 F1500 X152.74 Y112.001 E4144.34993
G0 F9000 X152.74 Y112.566
G1 F1500 X150.943 Y114.364 E4144.47675
G0 F9000 X151.508 Y114.364
G1 F1500 X152.74 Y113.132 E4144.56368
G0 F9000 X152.74 Y113.698
G1 F1500 X152.074 Y114.364 E4144.61067
G0 F9000 X152.64 Y114.364
G1 F1500 X152.74 Y114.264 E4144.61772
G1 F2700 E4135.61772
;MESH:NONMESH
G0 F300 X152.74 Y114.264 Z20.55
G0 F9000 X153.2 Y114.264
G0 X153.128 Y114.752
G0 X148.7 Y114.752
G0 X147.951 Y103.211
G0 X146.863 Y103.212
G0 X134.613 Y95.111
G0 X124.965 Y92.212
G0 X118.028 Y92.436
;TIME_ELAPSED:5039.935000
;LAYER:68
;TYPE:WALL-OUTER
;MESH:wildrosebuilds_puzzlecube.stl(1)
G1 F2700 E4144.61772
G1 F1500 X124.1 Y92.436 E4144.92066
G1 X124.1 Y66.248 E4146.22718
G1 X118.024 Y72.319 E4146.6557
G1 X118.028 Y92.436 E4147.65934
G0 F9000 X118.428 Y92.036
;TYPE:WALL-INNER
G1 F1500 X123.7 Y92.036 E4147.92236
G1 X123.7 Y67.213 E4149.16079
G1 X118.424 Y72.485 E4149.5329
G1 X118.428 Y92.036 E4150.5083
G0 F9000 X118.828 Y91.636
G1 F1500 X123.3 Y91.636 E4150.73141
G1 X123.3 Y68.178 E4151.90173
G1 X118.824 Y72.651 E4152.21743
G1 X118.828 Y91.636 E4153.1646
G0 F9000 X121.007 Y91.536
G0 X121.007 Y91.485
;TYPE:FILL
G1 F3000 X121.077 Y91.555 E4153.16954
G0 F9000 X123.22 Y89.544
G1 F3000 X121.007 Y87.331 E4153.32568
G0 F9000 X121.228 Y87.331
G0 X121.16 Y71.007
G0 X120.979 Y71.098
G1 F3000 X123.22 Y68.857 E4153.48379
G0 F9000 X121.156 Y91.464
G0 X119.188 Y91.536
G0 X119.188 Y91.276
;TYPE:SKIN
G1 F1500 X120.968 Y91.276 E4153.5726
G1 X120.964 Y71.134 E4154.57748
G1 X120.883 Y71.1 E4154.58187
G1 X119.184 Y72.799 E4154.70174
G1 X119.188 Y91.276 E4155.62356
G0 F9000 X119.388 Y90.538
G1 F1500 X119.926 Y91.076 E4155.66152
G0 F9000 X120.492 Y91.076
G1 F1500 X119.388 Y89.972 E4155.73941
G0 F9000 X119.388 Y89.407
G1 F1500 X120.767 Y90.786 E4155.83671
G0 F9000 X120.767 Y90.22
G1 F1500 X119.388 Y88.841 E4155.93401
G0 F9000 X119.387 Y88.275
G1 F1500 X120.767 Y89.655 E4156.03137
G0 F9000 X120.767 Y89.089
G1 F1500 X119.387 Y87.709 E4156.12874
G0 F9000 X119.387 Y87.143
G1 F1500 X120.767 Y88.523 E4156.2261
G0 F9000 X120.767 Y87.958
G1 F1500 X119.387 Y86.577 E4156.32351
G0 F9000 X119.387 Y86.012
G1 F1500 X120.767 Y87.392 E4156.42087
G0 F9000 X120.767 Y86.826
G1 F1500 X119.386 Y85.445 E4156.51831
G0 F9000 X119.386 Y84.88
G1 F1500 X120.767 Y86.261 E4156.61575
G0 F9000 X120.767 Y85.695
G1 F1500 X119.386 Y84.314 E4156.71318
G0 F9000 X119.386 Y83.748
G1 F1500 X120.767 Y85.129 E4156.81062
G0 F9000 X120.767 Y84.564
G1 F1500 X119.386 Y83.182 E4156.90809
G0 F9000 X119.386 Y82.616
G1 F1500 X120.767 Y83.997 E4157.00553
G0 F9000 X120.767 Y83.432
G1 F1500 X119.386 Y82.051 E4157.10297
G0 F9000 X119.386 Y81.485
G1 F1500 X120.767 Y82.866 E4157.2004
G0 F9000 X120.767 Y82.3
G1 F1500 X119.386 Y80.919 E4157.29784
G0 F9000 X119.385 Y80.353
G1 F1500 X120.767 Y81.734 E4157.39531
G0 F9000 X120.767 Y81.169
G1 F1500 X119.385 Y79.787 E4157.49282
G0 F9000 X119.385 Y79.221
G1 F1500 X120.767 Y80.603 E4157.59033
G0 F9000 X120.767 Y80.037
G92 E0
G1 F1500 X119.385 Y78.656 E0.09747
G0 F9000 X119.385 Y78.09
G1 F1500 X120.767 Y79.472 E0.19498
G0 F9000 X120.767 Y78.906
G1 F1500 X119.384 Y77.524 E0.29252
G0 F9000 X119.384 Y76.958
G1 F1500 X120.767 Y78.34 E0.39007
G0 F9000 X120.766 Y77.774
G1 F1500 X119.384 Y76.392 E0.48757
G0 F9000 X119.384 Y75.827
G1 F1500 X120.766 Y77.208 E0.58505
G0 F9000 X120.766 Y76.643
G1 F1500 X119.384 Y75.26 E0.68259
G0 F9000 X119.384 Y74.695
G1 F1500 X120.766 Y76.077 E0.7801
G0 F9000 X120.766 Y75.511
G1 F1500 X119.384 Y74.129 E0.8776
G0 F9000 X119.384 Y73.563
G1 F1500 X120.766 Y74.946 E0.97515
G0 F9000 X120.766 Y74.38
G1 F1500 X119.384 Y72.997 E1.07269
G0 F9000 X119.609 Y72.657
G1 F1500 X120.766 Y73.814 E1.15432
G0 F9000 X120.766 Y73.248
G1 F1500 X119.892 Y72.375 E1.21595
G0 F9000 X120.174 Y72.091
G1 F1500 X120.766 Y72.683 E1.25772
G0 F9000 X120.766 Y72.117
G1 F1500 X120.457 Y71.808 E1.27952
G1 F2700 E-7.72048
;MESH:wildrosebuilds_puzzlecube.stl
G0 F9000 X120.135 Y71.483
G0 X118.988 Y72.719
G0 X118.252 Y92.212
G0 X117.163 Y92.213
G0 X104.437 Y96.187
G0 X97.5 Y122.146
;TYPE:WALL-OUTER
G1 F2700 E1.27952
G1 F1500 X103.572 Y116.077 E1.70783
G1 X103.572 Y95.964 E2.71127
G1 X97.5 Y95.964 E3.0142
G1 X97.5 Y122.146 E4.32043
G0 F9000 X97.748 Y121.554
G0 X98.171 Y120.549
G0 X97.9 Y121.181
;TYPE:WALL-INNER
G1 F1500 X103.172 Y115.911 E4.69233
G1 X103.172 Y96.364 E5.66753
G1 X97.9 Y96.364 E5.93055
G1 X97.9 Y121.181 E7.16868
G0 F9000 X98.148 Y120.588
G0 X98.3 Y120.215
G1 F1500 X102.772 Y115.745 E7.48413
G1 X102.772 Y96.764 E8.4311
G1 X98.3 Y96.764 E8.6542
G1 X98.3 Y120.215 E9.82418
G0 F9000 X98.38 Y119.541
;TYPE:FILL
G1 F3000 X100.626 Y117.296 E9.98261
G0 F9000 X100.542 Y117.499
G0 X100.372 Y101.07
G0 X100.592 Y101.07
G1 F3000 X98.38 Y98.858 E10.13868
G0 F9000 X100.521 Y96.844
G1 F3000 X100.592 Y96.915 E10.14369
G0 F9000 X100.592 Y96.864
G0 X100.44 Y117.385
G0 X100.713 Y117.287
;TYPE:SKIN
G1 F1500 X102.412 Y115.593 E10.26339
G1 X102.412 Y97.124 E11.18481
G1 X100.632 Y97.124 E11.27361
G1 X100.632 Y117.254 E12.2779
G1 X100.713 Y117.287 E12.28227
G0 F9000 X100.94 Y116.779
G1 F1500 X100.832 Y116.671 E12.28989
G0 F9000 X101.223 Y116.497
G1 F1500 X100.832 Y116.106 E12.31747
G0 F9000 X100.832 Y115.54
G1 F1500 X101.506 Y116.214 E12.36503
G0 F9000 X101.789 Y115.932
G1 F1500 X100.832 Y114.974 E12.43259
G0 F9000 X100.832 Y114.408
G1 F1500 X102.072 Y115.649 E12.52011
G0 F9000 X102.212 Y115.223
G1 F1500 X100.832 Y113.843 E12.61748
G0 F9000 X100.832 Y113.277
G1 F1500 X102.212 Y114.657 E12.71484
G0 F9000 X102.212 Y114.092
G1 F1500 X100.832 Y112.711 E12.81224
G0 F9000 X100.832 Y112.146
G1 F1500 X102.212 Y113.526 E12.90961
G0 F9000 X102.212 Y112.96
G1 F1500 X100.832 Y111.58 E13.00698
G0 F9000 X100.832 Y111.014
G1 F1500 X102.212 Y112.395 E13.10438
G0 F9000 X102.212 Y111.829
G1 F1500 X100.832 Y110.449 E13.20175
G0 F9000 X100.832 Y109.883
G1 F1500 X102.212 Y111.263 E13.29911
G0 F9000 X102.212 Y110.698
G1 F1500 X100.832 Y109.317 E13.39651
G0 F9000 X100.832 Y108.752
G1 F1500 X102.212 Y110.132 E13.49388
G0 F9000 X102.212 Y109.566
G1 F1500 X100.832 Y108.186 E13.59125
G0 F9000 X100.832 Y107.62
G1 F1500 X102.212 Y109.001 E13.68865
G0 F9000 X102.212 Y108.435
G1 F1500 X100.832 Y107.055 E13.78601
G0 F9000 X100.832 Y106.489
G1 F1500 X102.212 Y107.869 E13.88338
G0 F9000 X102.212 Y107.303
G1 F1500 X100.832 Y105.923 E13.98075
G0 F9000 X100.832 Y105.357
G1 F1500 X102.212 Y106.738 E14.07815
G0 F9000 X102.212 Y106.172
G1 F1500 X100.832 Y104.792 E14.17552
G0 F9000 X100.832 Y104.226
G1 F1500 X102.212 Y105.606 E14.27288
G0 F9000 X102.212 Y105.041
G1 F1500 X100.832 Y103.66 E14.37028
G0 F9000 X100.832 Y103.095
G1 F1500 X102.212 Y104.475 E14.46765
G0 F9000 X102.212 Y103.909
G1 F1500 X100.832 Y102.529 E14.56502
G0 F9000 X100.832 Y101.963
G1 F1500 X102.212 Y103.344 E14.66242
G0 F9000 X102.212 Y102.778
G1 F1500 X100.832 Y101.398 E14.75979
G0 F9000 X100.832 Y100.832
G1 F1500 X102.212 Y102.212 E14.85715
G0 F9000 X102.212 Y101.647
G1 F1500 X100.832 Y100.266 E14.95455
G0 F9000 X100.832 Y99.701
G1 F1500 X102.212 Y101.081 E15.05192
G0 F9000 X102.212 Y100.515
G1 F1500 X100.832 Y99.135 E15.14929
G0 F9000 X100.832 Y98.569
G1 F1500 X102.212 Y99.95 E15.24669
G0 F9000 X102.212 Y99.384
G1 F1500 X100.832 Y98.004 E15.34405
G0 F9000 X100.832 Y97.438
G1 F1500 X102.212 Y98.818 E15.44142
G0 F9000 X102.212 Y98.252
G1 F1500 X101.284 Y97.324 E15.5069
G0 F9000 X101.85 Y97.324
G1 F1500 X102.212 Y97.687 E15.53247
G1 F2700 E6.53247
;MESH:wildrosebuilds_puzzlecube.stl(2)
G0 F9000 X102.672 Y97.687
G0 X103.345 Y115.986
G0 X104.437 Y115.985
G0 X126.635 Y115.986
G0 X127.5 Y122.146
;TYPE:WALL-OUTER
G1 F2700 E15.53247
G1 F1500 X133.572 Y116.077 E15.96078
G1 X133.572 Y95.964 E16.96422
G1 X127.5 Y95.964 E17.26715
G1 X127.5 Y122.146 E18.57338
G0 F9000 X127.748 Y121.554
G0 X128.171 Y120.549
G0 X127.9 Y121.181
;TYPE:WALL-INNER
G1 F1500 X133.172 Y115.911 E18.94528
G1 X133.172 Y96.364 E19.92048
G1 X127.9 Y96.364 E20.1835
G1 X127.9 Y121.181 E21.42163
G0 F9000 X128.148 Y120.588
G0 X128.3 Y120.215
G1 F1500 X132.772 Y115.745 E21.73708
G1 X132.772 Y96.764 E22.68405
G1 X128.3 Y96.764 E22.90716
G1 X128.3 Y120.215 E24.07713
G0 F9000 X128.38 Y119.541
;TYPE:FILL
G1 F3000 X130.626 Y117.296 E24.23556
G0 F9000 X130.542 Y117.499
G0 X130.372 Y101.071
G0 X130.593 Y101.071
G1 F3000 X128.379 Y98.858 E24.39174
G0 F9000 X130.521 Y96.845
G1 F3000 X130.593 Y96.916 E24.39678
G0 F9000 X130.593 Y96.864
G0 X130.44 Y117.385
G0 X130.713 Y117.287
;TYPE:SKIN
G1 F1500 X132.412 Y115.593 E24.51648
G1 X132.412 Y97.124 E25.4379
G1 X130.632 Y97.124 E25.52671
G1 X130.632 Y117.254 E26.531
G1 X130.713 Y117.287 E26.53536
G0 F9000 X130.931 Y116.789
G1 F1500 X130.832 Y116.69 E26.54234
G0 F9000 X131.214 Y116.506
G1 F1500 X130.832 Y116.125 E26.56926
G0 F9000 X130.832 Y115.559
G1 F1500 X131.496 Y116.223 E26.61611
G0 F9000 X131.78 Y115.941
G1 F1500 X130.832 Y114.993 E26.683
G0 F9000 X130.832 Y114.428
G1 F1500 X132.063 Y115.658 E26.76981
G0 F9000 X132.212 Y115.241
G1 F1500 X130.832 Y113.862 E26.86715
G0 F9000 X130.832 Y113.296
G1 F1500 X132.212 Y114.676 E26.96451
G0 F9000 X132.212 Y114.11
G1 F1500 X130.832 Y112.73 E27.06188
G0 F9000 X130.832 Y112.165
G1 F1500 X132.212 Y113.544 E27.15921
G0 F9000 X132.212 Y112.979
G1 F1500 X130.832 Y111.599 E27.25658
G0 F9000 X130.832 Y111.033
G1 F1500 X132.212 Y112.413 E27.35394
G0 F9000 X132.212 Y111.847
G1 F1500 X130.832 Y110.468 E27.45127
G0 F9000 X130.832 Y109.902
G1 F1500 X132.212 Y111.282 E27.54864
G0 F9000 X132.212 Y110.716
G1 F1500 X130.832 Y109.336 E27.64601
G0 F9000 X130.832 Y108.771
G1 F1500 X132.212 Y110.15 E27.74334
G0 F9000 X132.212 Y109.585
G1 F1500 X130.832 Y108.205 E27.8407
G0 F9000 X130.832 Y107.639
G1 F1500 X132.212 Y109.019 E27.93807
G0 F9000 X132.212 Y108.453
G1 F1500 X130.832 Y107.074 E28.0354
G0 F9000 X130.832 Y106.508
G1 F1500 X132.212 Y107.888 E28.13277
G0 F9000 X132.212 Y107.322
G1 F1500 X130.832 Y105.942 E28.23014
G0 F9000 X130.832 Y105.377
G1 F1500 X132.212 Y106.756 E28.32747
G0 F9000 X132.212 Y106.19
G1 F1500 X130.832 Y104.811 E28.4248
G0 F9000 X130.832 Y104.245
G1 F1500 X132.212 Y105.625 E28.52216
G0 F9000 X132.212 Y105.059
G1 F1500 X130.832 Y103.68 E28.6195
G0 F9000 X130.832 Y103.114
G1 F1500 X132.212 Y104.493 E28.71683
G0 F9000 X132.212 Y103.928
G1 F1500 X130.832 Y102.548 E28.81419
G0 F9000 X130.832 Y101.982
G1 F1500 X132.212 Y103.362 E28.91156
G0 F9000 X132.212 Y102.796
G1 F1500 X130.832 Y101.417 E29.00889
G0 F9000 X130.832 Y100.851
G1 F1500 X132.212 Y102.231 E29.10626
G0 F9000 X132.212 Y101.665
G1 F1500 X130.832 Y100.285 E29.20362
G0 F9000 X130.832 Y99.72
G1 F1500 X132.212 Y101.099 E29.30095
G0 F9000 X132.212 Y100.534
G1 F1500 X130.832 Y99.154 E29.39832
G0 F9000 X130.832 Y98.588
G1 F1500 X132.212 Y99.968 E29.49569
G0 F9000 X132.212 Y99.402
G1 F1500 X130.832 Y98.023 E29.59302
G0 F9000 X130.832 Y97.457
G1 F1500 X132.212 Y98.837 E29.69039
G0 F9000 X132.212 Y98.271
G1 F1500 X131.265 Y97.324 E29.7572
G0 F9000 X131.831 Y97.324
G1 F1500 X132.212 Y97.705 E29.78408
G1 F2700 E20.78408
;MESH:NONMESH
G0 F300 X132.212 Y97.705 Z20.85
G0 F9000 X132.672 Y97.705
G0 X132.6 Y96.936
G0 X127.724 Y96.188
G0 X127.724 Y95.099
G0 X124.965 Y92.212
G0 X118.328 Y92.436
;TIME_ELAPSED:5175.629435
;LAYER:69
;TYPE:WALL-OUTER
;MESH:wildrosebuilds_puzzlecube.stl(1)
G1 F2700 E29.78408
G1 F1500 X124.1 Y92.436 E30.07205
G1 X124.1 Y66.248 E31.37857
G1 X118.324 Y72.019 E31.78593
G1 X118.328 Y92.436 E32.80453
G0 F9000 X118.728 Y92.036
;TYPE:WALL-INNER
G1 F1500 X123.7 Y92.036 E33.05259
G1 X123.7 Y67.213 E34.29101
G1 X118.724 Y72.185 E34.64195
G1 X118.728 Y92.036 E35.63233
G0 F9000 X119.128 Y91.636
G1 F1500 X123.3 Y91.636 E35.84047
G1 X123.3 Y68.178 E37.01079
G1 X119.124 Y72.351 E37.30533
G1 X119.128 Y91.636 E38.26746
G0 F9000 X121.308 Y91.536
G0 X121.308 Y91.486
;TYPE:FILL
G1 F3000 X121.378 Y91.556 E38.2724
G0 F9000 X123.22 Y89.844
G1 F3000 X121.308 Y87.931 E38.40733
G0 F9000 X121.528 Y87.931
G0 X121.46 Y70.707
G0 X121.2 Y70.599
G0 X121.067 Y70.711
G1 F3000 X123.204 Y68.573 E38.55815
G0 F9000 X123.1 Y70.4
G1 F3000 X121.379 Y70.4 E38.64401
G0 F9000 X121.139 Y70.574
G0 X119.288 Y72.419
G0 X119.3 Y91.464
G0 X119.488 Y91.276
;TYPE:SKIN
G1 F1500 X121.268 Y91.276 E38.73281
G1 X121.264 Y70.834 E39.75267
G1 X121.183 Y70.8 E39.75705
G1 X119.484 Y72.499 E39.87692
G1 X119.488 Y91.276 E40.81371
G0 F9000 X119.488 Y91.536
G0 X121.456 Y91.464
G0 X121.528 Y90.499
G0 X121.067 Y90.499
G1 F1500 X120.49 Y91.076 E40.85442
G0 F9000 X119.925 Y91.076
G1 F1500 X121.067 Y89.933 E40.93503
G0 F9000 X121.067 Y89.368
G1 F1500 X119.688 Y90.747 E41.03233
G0 F9000 X119.688 Y90.181
G1 F1500 X121.067 Y88.802 E41.12962
G0 F9000 X121.067 Y88.236
G1 F1500 X119.688 Y89.615 E41.22692
G0 F9000 X119.688 Y89.049
G1 F1500 X121.067 Y87.671 E41.32418
G0 F9000 X121.067 Y87.105
G1 F1500 X119.688 Y88.484 E41.42148
G0 F9000 X119.688 Y87.919
G1 F1500 X121.067 Y86.539 E41.51881
G0 F9000 X121.067 Y85.974
G1 F1500 X119.688 Y87.353 E41.6161
G0 F9000 X119.688 Y86.787
G1 F1500 X121.067 Y85.409 E41.71336
G0 F9000 X121.067 Y84.843
G1 F1500 X119.688 Y86.222 E41.81066
G0 F9000 X119.687 Y85.657
G1 F1500 X121.067 Y84.277 E41.90803
G0 F9000 X121.067 Y83.712
G1 F1500 X119.687 Y85.091 E42.00536
G0 F9000 X119.687 Y84.525
G1 F1500 X121.067 Y83.146 E42.10269
G0 F9000 X121.067 Y82.58
G1 F1500 X119.687 Y83.96 E42.20005
G0 F9000 X119.687 Y83.394
G1 F1500 X121.067 Y82.014 E42.29742
G0 F9000 X121.067 Y81.449
G1 F1500 X119.686 Y82.829 E42.39482
G0 F9000 X119.686 Y82.263
G1 F1500 X121.066 Y80.884 E42.49215
G0 F9000 X121.066 Y80.318
G1 F1500 X119.686 Y81.698 E42.58952
G0 F9000 X119.686 Y81.132
G1 F1500 X121.066 Y79.752 E42.68689
G0 F9000 X121.066 Y79.187
G1 F1500 X119.686 Y80.566 E42.78422
G0 F9000 X119.686 Y80.001
G1 F1500 X121.066 Y78.621 E42.88158
G0 F9000 X121.066 Y78.055
G1 F1500 X119.686 Y79.436 E42.97899
G0 F9000 X119.686 Y78.87
G1 F1500 X121.066 Y77.49 E43.07635
G0 F9000 X121.066 Y76.924
G1 F1500 X119.686 Y78.304 E43.17372
G0 F9000 X119.685 Y77.739
G1 F1500 X121.066 Y76.358 E43.27116
G0 F9000 X121.065 Y75.793
G1 F1500 X119.685 Y77.174 E43.36856
G0 F9000 X119.685 Y76.608
G1 F1500 X121.065 Y75.228 E43.46592
G0 F9000 X121.065 Y74.662
G1 F1500 X119.685 Y76.042 E43.56329
G0 F9000 X119.685 Y75.477
G1 F1500 X121.065 Y74.096 E43.66069
G0 F9000 X121.065 Y73.531
G1 F1500 X119.684 Y74.912 E43.75813
G0 F9000 X119.684 Y74.346
G1 F1500 X121.065 Y72.965 E43.85557
G0 F9000 X121.065 Y72.399
G1 F1500 X119.684 Y73.78 E43.953
G0 F9000 X119.684 Y73.215
G1 F1500 X121.065 Y71.834 E44.05044
G0 F9000 X121.065 Y71.268
G1 F1500 X119.684 Y72.649 E44.14788
G1 F2700 E35.14788
;MESH:wildrosebuilds_puzzlecube.stl
G0 F9000 X119.224 Y72.649
G0 X118.552 Y92.212
G0 X117.463 Y92.213
G0 X104.137 Y96.187
G0 X97.5 Y122.146
;TYPE:WALL-OUTER
G1 F2700 E44.14788
G1 F1500 X103.272 Y116.377 E44.55502
G1 X103.272 Y95.964 E45.57343
G1 X97.5 Y95.964 E45.86139
G1 X97.5 Y122.146 E47.16762
G0 F9000 X97.748 Y121.554
G0 X98.171 Y120.549
G0 X97.9 Y121.181
;TYPE:WALL-INNER
G1 F1500 X102.872 Y116.211 E47.51835
G1 X102.872 Y96.364 E48.50852
G1 X97.9 Y96.364 E48.75657
G1 X97.9 Y121.181 E49.9947
G0 F9000 X98.148 Y120.588
G0 X98.3 Y120.215
G1 F1500 X102.472 Y116.045 E50.28899
G1 X102.472 Y96.764 E51.25092
G1 X98.3 Y96.764 E51.45906
G1 X98.3 Y120.215 E52.62904
G0 F9000 X98.4 Y119.821
;TYPE:FILL
G1 F3000 X100.538 Y117.684 E52.77985
G0 F9000 X100.613 Y117.76
G0 X100.172 Y117.698
G0 X100.072 Y100.471
G0 X100.292 Y100.471
G1 F3000 X98.38 Y98.558 E52.91479
G0 F9000 X100.221 Y96.844
G1 F3000 X100.292 Y96.915 E52.91979
G0 F9000 X100.292 Y96.864
G0 X100.14 Y117.685
G0 X100.413 Y117.587
;TYPE:SKIN
G1 F1500 X102.112 Y115.893 E53.03949
G1 X102.112 Y97.124 E53.97588
G1 X100.332 Y97.124 E54.06469
G1 X100.332 Y117.554 E55.08394
G1 X100.413 Y117.587 E55.08831
G0 F9000 X100.313 Y117.828
G0 X102.308 Y115.977
G0 X102.372 Y115.311
G0 X101.912 Y115.311
G1 F1500 X100.532 Y116.691 E55.18567
G0 F9000 X100.532 Y116.125
G1 F1500 X101.912 Y114.746 E55.283
G0 F9000 X101.912 Y114.18
G1 F1500 X100.532 Y115.56 E55.38037
G0 F9000 X100.532 Y114.994
G1 F1500 X101.912 Y113.614 E55.47774
G0 F9000 X101.912 Y113.049
G1 F1500 X100.532 Y114.428 E55.57507
G0 F9000 X100.532 Y113.863
G1 F1500 X101.912 Y112.483 E55.67243
G0 F9000 X101.912 Y111.917
G1 F1500 X100.532 Y113.297 E55.7698
G0 F9000 X100.532 Y112.731
G1 F1500 X101.912 Y111.352 E55.86713
G0 F9000 X101.912 Y110.786
G1 F1500 X100.532 Y112.166 E55.9645
G0 F9000 X100.532 Y111.6
G1 F1500 X101.912 Y110.22 E56.06186
G0 F9000 X101.912 Y109.655
G1 F1500 X100.532 Y111.034 E56.1592
G0 F9000 X100.532 Y110.468
G1 F1500 X101.912 Y109.089 E56.25653
G0 F9000 X101.912 Y108.523
G1 F1500 X100.532 Y109.903 E56.35389
G0 F9000 X100.532 Y109.337
G1 F1500 X101.912 Y107.958 E56.45122
G0 F9000 X101.912 Y107.392
G1 F1500 X100.532 Y108.771 E56.54856
G0 F9000 X100.532 Y108.206
G1 F1500 X101.912 Y106.826 E56.64592
G0 F9000 X101.912 Y106.26
G1 F1500 X100.532 Y107.64 E56.74329
G0 F9000 X100.532 Y107.074
G1 F1500 X101.912 Y105.695 E56.84062
G0 F9000 X101.912 Y105.129
G1 F1500 X100.532 Y106.509 E56.93799
G0 F9000 X100.532 Y105.943
G1 F1500 X101.912 Y104.563 E57.03535
G0 F9000 X101.912 Y103.998
G1 F1500 X100.532 Y105.377 E57.13268
G0 F9000 X100.532 Y104.812
G1 F1500 X101.912 Y103.432 E57.23005
G0 F9000 X101.912 Y102.866
G1 F1500 X100.532 Y104.246 E57.32742
G0 F9000 X100.532 Y103.68
G1 F1500 X101.912 Y102.301 E57.42475
G0 F9000 X101.912 Y101.735
G1 F1500 X100.532 Y103.115 E57.52211
G0 F9000 X100.532 Y102.549
G1 F1500 X101.912 Y101.169 E57.61948
G0 F9000 X101.912 Y100.604
G1 F1500 X100.532 Y101.983 E57.71681
G0 F9000 X100.532 Y101.417
G1 F1500 X101.912 Y100.038 E57.81414
G0 F9000 X101.912 Y99.472
G1 F1500 X100.532 Y100.852 E57.91151
G0 F9000 X100.532 Y100.286
G1 F1500 X101.912 Y98.907 E58.00884
G0 F9000 X101.912 Y98.341
G1 F1500 X100.532 Y99.72 E58.10617
G0 F9000 X100.532 Y99.155
G1 F1500 X101.912 Y97.775 E58.20354
G0 F9000 X101.797 Y97.324
G1 F1500 X100.532 Y98.589 E58.29279
G0 F9000 X100.532 Y98.023
G1 F1500 X101.232 Y97.324 E58.34214
G0 F9000 X100.666 Y97.324
G1 F1500 X100.532 Y97.458 E58.3516
G0 F9000 X99.772 Y97.458
G1 F2700 E49.3516
;MESH:wildrosebuilds_puzzlecube.stl(2)
G0 F9000 X100.144 Y96.936
G0 X102.3 Y96.936
G0 X103.045 Y116.286
G0 X104.137 Y116.285
G0 X126.635 Y116.286
G0 X127.5 Y122.146
;TYPE:WALL-OUTER
G1 F2700 E58.3516
G1 F1500 X133.272 Y116.377 E58.75874
G1 X133.272 Y95.964 E59.77715
G1 X127.5 Y95.964 E60.06511
G1 X127.5 Y122.146 E61.37134
G0 F9000 X127.748 Y121.554
G0 X128.171 Y120.549
G0 X127.9 Y121.181
;TYPE:WALL-INNER
G1 F1500 X132.872 Y116.211 E61.72207
G1 X132.872 Y96.364 E62.71224
G1 X127.9 Y96.364 E62.9603
G1 X127.9 Y121.181 E64.19842
G0 F9000 X128.148 Y120.588
G0 X128.3 Y120.215
G1 F1500 X132.472 Y116.045 E64.49271
G1 X132.472 Y96.764 E65.45464
G1 X128.3 Y96.764 E65.66278
G1 X128.3 Y120.215 E66.83276
G0 F9000 X128.4 Y119.821
;TYPE:FILL
G1 F3000 X130.538 Y117.684 E66.98357
G0 F9000 X130.613 Y117.76
G0 X130.172 Y117.698
G0 X130.072 Y100.471
G0 X130.292 Y100.471
G1 F3000 X128.379 Y98.558 E67.11854
G0 F9000 X130.221 Y96.844
G1 F3000 X130.292 Y96.915 E67.12355
G0 F9000 X130.292 Y96.864
G0 X130.14 Y117.685
G0 X130.413 Y117.587
;TYPE:SKIN
G1 F1500 X132.112 Y115.893 E67.24325
G1 X132.112 Y97.124 E68.17964
G1 X130.332 Y97.124 E68.26844
G1 X130.332 Y117.554 E69.2877
G1 X130.413 Y117.587 E69.29206
G0 F9000 X130.313 Y117.828
G0 X132.308 Y115.977
G0 X132.372 Y115.293
G0 X131.911 Y115.293
G1 F1500 X130.533 Y116.672 E69.38932
G0 F9000 X130.533 Y116.106
G1 F1500 X131.911 Y114.727 E69.48658
G0 F9000 X131.911 Y114.162
G1 F1500 X130.533 Y115.541 E69.58384
G0 F9000 X130.533 Y114.975
G1 F1500 X131.911 Y113.596 E69.68111
G0 F9000 X131.911 Y113.03
G1 F1500 X130.533 Y114.409 E69.77837
G0 F9000 X130.533 Y113.843
G1 F1500 X131.911 Y112.465 E69.87559
G0 F9000 X131.911 Y111.899
G1 F1500 X130.533 Y113.278 E69.97285
G0 F9000 X130.533 Y112.712
G1 F1500 X131.911 Y111.333 E70.07011
G0 F9000 X131.911 Y110.768
G1 F1500 X130.533 Y112.146 E70.16734
G0 F9000 X130.533 Y111.581
G1 F1500 X131.911 Y110.202 E70.2646
G0 F9000 X131.911 Y109.636
G1 F1500 X130.533 Y111.015 E70.36186
G0 F9000 X130.533 Y110.449
G1 F1500 X131.911 Y109.071 E70.45908
G0 F9000 X131.911 Y108.505
G1 F1500 X130.533 Y109.884 E70.55635
G0 F9000 X130.533 Y109.318
G1 F1500 X131.911 Y107.939 E70.65361
G0 F9000 X131.911 Y107.373
G1 F1500 X130.533 Y108.752 E70.75087
G0 F9000 X130.533 Y108.187
G1 F1500 X131.911 Y106.808 E70.84813
G0 F9000 X131.911 Y106.242
G1 F1500 X130.533 Y107.621 E70.94539
G0 F9000 X130.533 Y107.055
G1 F1500 X131.911 Y105.676 E71.04265
G0 F9000 X131.911 Y105.111
G1 F1500 X130.533 Y106.49 E71.13991
G0 F9000 X130.533 Y105.924
G1 F1500 X131.911 Y104.545 E71.23717
G0 F9000 X131.911 Y103.979
G1 F1500 X130.533 Y105.358 E71.33443
G0 F9000 X130.533 Y104.793
G1 F1500 X131.911 Y103.414 E71.43169
G0 F9000 X131.911 Y102.848
G1 F1500 X130.533 Y104.227 E71.52895
G0 F9000 X130.533 Y103.661
G1 F1500 X131.911 Y102.282 E71.62621
G0 F9000 X131.911 Y101.717
G1 F1500 X130.533 Y103.095 E71.72344
G0 F9000 X130.533 Y102.53
G1 F1500 X131.911 Y101.151 E71.8207
G0 F9000 X131.911 Y100.585
G1 F1500 X130.533 Y101.964 E71.91796
G0 F9000 X130.533 Y101.398
G1 F1500 X131.911 Y100.02 E72.01518
G0 F9000 X131.911 Y99.454
G1 F1500 X130.533 Y100.833 E72.11244
G0 F9000 X130.533 Y100.267
G1 F1500 X131.911 Y98.888 E72.20971
G0 F9000 X131.911 Y98.322
G1 F1500 X130.533 Y99.701 E72.30697
G0 F9000 X130.533 Y99.136
G1 F1500 X131.911 Y97.757 E72.40423
G0 F9000 X131.779 Y97.324
G1 F1500 X130.533 Y98.57 E72.49214
G0 F9000 X130.533 Y98.004
G1 F1500 X131.213 Y97.324 E72.54012
G0 F9000 X130.647 Y97.324
G1 F1500 X130.533 Y97.439 E72.54819
G0 F9000 X129.772 Y97.439
G1 F2700 E63.54819
;MESH:NONMESH
G0 F300 X129.772 Y97.439 Z21.15
G0 F9000 X127.724 Y96.188
G0 X127.724 Y95.099
G0 X124.965 Y92.212
G0 X118.628 Y92.436
;TIME_ELAPSED:5228.614609
;LAYER:70
;TYPE:WALL-OUTER
;MESH:wildrosebuilds_puzzlecube.stl(1)
G1 F2700 E72.54819
G1 F1500 X124.1 Y92.436 E72.82119
G1 X124.1 Y66.248 E74.12772
G1 X118.624 Y71.719 E74.5139
G1 X118.628 Y92.436 E75.54748
G0 F9000 X119.028 Y92.036
;TYPE:WALL-INNER
G1 F1500 X123.7 Y92.036 E75.78057
G1 X123.7 Y67.213 E77.01899
G1 X119.024 Y71.885 E77.34877
G1 X119.028 Y92.036 E78.3541
G0 F9000 X119.428 Y91.636
G1 F1500 X123.3 Y91.636 E78.54728
G1 X123.3 Y68.178 E79.7176
G1 X119.424 Y72.051 E79.99097
G1 X119.428 Y91.636 E80.96807
G0 F9000 X121.608 Y91.536
G0 X121.608 Y91.486
;TYPE:FILL
G1 F3000 X121.678 Y91.556 E80.97301
G0 F9000 X123.22 Y90.143
G1 F3000 X121.608 Y88.53 E81.08678
G0 F9000 X121.828 Y88.53
G0 X121.76 Y70.407
G0 X121.661 Y70.4
G1 F3000 X123.1 Y70.4 E81.15857
G0 F9000 X121.756 Y91.464
G0 X119.788 Y91.536
G0 X119.788 Y91.276
;TYPE:SKIN
G1 F1500 X121.568 Y91.276 E81.24738
G1 X121.564 Y70.534 E82.2822
G1 X121.483 Y70.5 E82.28658
G1 X119.784 Y72.199 E82.40645
G1 X119.788 Y91.276 E83.35821
G0 F9000 X119.988 Y90.572
G1 F1500 X120.492 Y91.076 E83.39377
G0 F9000 X121.057 Y91.076
G1 F1500 X119.988 Y90.006 E83.46923
G0 F9000 X119.988 Y89.441
G1 F1500 X121.369 Y90.822 E83.56667
G0 F9000 X121.369 Y90.256
G1 F1500 X119.988 Y88.875 E83.6641
G0 F9000 X119.988 Y88.309
G1 F1500 X121.369 Y89.69 E83.76154
G0 F9000 X121.369 Y89.124
G1 F1500 X119.987 Y87.743 E83.85901
G0 F9000 X119.987 Y87.177
G1 F1500 X121.369 Y88.559 E83.95652
G0 F9000 X121.369 Y87.993
G1 F1500 X119.987 Y86.611 E84.05403
G0 F9000 X119.987 Y86.046
G1 F1500 X121.369 Y87.427 E84.1515
G0 F9000 X121.368 Y86.861
G1 F1500 X119.987 Y85.48 E84.24894
G0 F9000 X119.987 Y84.914
G1 F1500 X121.368 Y86.295 E84.34637
G0 F9000 X121.368 Y85.73
G1 F1500 X119.986 Y84.348 E84.44388
G0 F9000 X119.986 Y83.782
G1 F1500 X121.368 Y85.164 E84.54139
G0 F9000 X121.368 Y84.598
G1 F1500 X119.986 Y83.217 E84.63886
G0 F9000 X119.986 Y82.651
G1 F1500 X121.368 Y84.033 E84.73637
G0 F9000 X121.368 Y83.467
G1 F1500 X119.986 Y82.085 E84.83388
G0 F9000 X119.985 Y81.519
G1 F1500 X121.367 Y82.9 E84.93135
G0 F9000 X121.367 Y82.335
G1 F1500 X119.985 Y80.953 E85.02886
G0 F9000 X119.985 Y80.387
G1 F1500 X121.367 Y81.769 E85.12636
G0 F9000 X121.367 Y81.203
G1 F1500 X119.985 Y79.822 E85.22384
G0 F9000 X119.985 Y79.256
G1 F1500 X121.367 Y80.638 E85.32134
G0 F9000 X121.367 Y80.072
G1 F1500 X119.985 Y78.69 E85.41885
G0 F9000 X119.985 Y78.124
G1 F1500 X121.367 Y79.506 E85.51636
G0 F9000 X121.366 Y78.94
G1 F1500 X119.985 Y77.558 E85.61383
G0 F9000 X119.985 Y76.993
G1 F1500 X121.366 Y78.374 E85.71127
G0 F9000 X121.366 Y77.809
G1 F1500 X119.985 Y76.427 E85.80874
G0 F9000 X119.985 Y75.861
G1 F1500 X121.366 Y77.243 E85.90621
G0 F9000 X121.366 Y76.677
G1 F1500 X119.984 Y75.295 E86.00372
G0 F9000 X119.984 Y74.729
G1 F1500 X121.366 Y76.112 E86.10126
G0 F9000 X121.366 Y75.546
G1 F1500 X119.984 Y74.163 E86.19881
G0 F9000 X119.984 Y73.598
G1 F1500 X121.366 Y74.98 E86.29631
G0 F9000 X121.366 Y74.414
G1 F1500 X119.984 Y73.032 E86.39382
G0 F9000 X119.984 Y72.466
G1 F1500 X121.366 Y73.848 E86.49133
G0 F9000 X121.366 Y73.282
G1 F1500 X120.175 Y72.092 E86.57532
G0 F9000 X120.458 Y71.809
G1 F1500 X121.366 Y72.717 E86.63939
G0 F9000 X121.366 Y72.151
G1 F1500 X120.74 Y71.525 E86.68356
G0 F9000 X121.023 Y71.242
G1 F1500 X121.366 Y71.585 E86.70776
G0 F9000 X121.366 Y71.02
G1 F1500 X121.306 Y70.96 E86.71199
G1 F2700 E77.71199
;MESH:wildrosebuilds_puzzlecube.stl
G0 F9000 X120.984 Y70.635
G0 X119.588 Y72.119
G0 X118.852 Y92.212
G0 X117.763 Y92.213
G0 X103.837 Y96.187
G0 X97.5 Y122.146
;TYPE:WALL-OUTER
G1 F2700 E86.71199
G1 F1500 X102.972 Y116.677 E87.09796
G1 X102.972 Y95.964 E88.13134
G1 X97.5 Y95.964 E88.40434
G1 X97.5 Y122.146 E89.71056
G0 F9000 X97.748 Y121.554
G0 X98.171 Y120.549
G0 X97.9 Y121.181
;TYPE:WALL-INNER
G1 F1500 X102.572 Y116.511 E90.04013
G1 X102.572 Y96.364 E91.04527
G1 X97.9 Y96.364 E91.27835
G1 X97.9 Y121.181 E92.51648
G0 F9000 X98.148 Y120.588
G0 X98.3 Y120.215
G1 F1500 X102.172 Y116.345 E92.7896
G1 X102.172 Y96.764 E93.7665
G1 X98.3 Y96.764 E93.95967
G1 X98.3 Y120.215 E95.12965
G0 F9000 X99.772 Y99.871
G0 X99.993 Y99.871
;TYPE:FILL
G1 F3000 X98.38 Y98.258 E95.24345
G0 F9000 X99.921 Y96.844
G1 F3000 X99.993 Y96.915 E95.2485
G0 F9000 X99.993 Y96.864
G0 X99.84 Y117.985
G0 X100.113 Y117.887
;TYPE:SKIN
G1 F1500 X101.812 Y116.193 E95.3682
G1 X101.812 Y97.124 E96.31955
G1 X100.032 Y97.124 E96.40836
G1 X100.032 Y117.854 E97.44258
G1 X100.113 Y117.887 E97.44695
G0 F9000 X100.375 Y117.345
G1 F1500 X100.232 Y117.202 E97.45703
G0 F9000 X100.657 Y117.062
G1 F1500 X100.232 Y116.637 E97.48702
G0 F9000 X100.232 Y116.071
G1 F1500 X100.941 Y116.78 E97.53704
G0 F9000 X101.224 Y116.497
G1 F1500 X100.232 Y115.505 E97.60704
G0 F9000 X100.232 Y114.94
G1 F1500 X101.507 Y116.214 E97.69696
G0 F9000 X101.612 Y115.754
G1 F1500 X100.232 Y114.374 E97.79432
G0 F9000 X100.232 Y113.808
G1 F1500 X101.612 Y115.188 E97.89169
G0 F9000 X101.612 Y114.623
G1 F1500 X100.232 Y113.242 E97.98909
G0 F9000 X100.232 Y112.677
G1 F1500 X101.612 Y114.057 E98.08646
G0 F9000 X101.612 Y113.491
G1 F1500 X100.232 Y112.111 E98.18383
G0 F9000 X100.232 Y111.545
G1 F1500 X101.612 Y112.926 E98.28123
G0 F9000 X101.612 Y112.36
G1 F1500 X100.232 Y110.98 E98.37859
G0 F9000 X100.232 Y110.414
G1 F1500 X101.612 Y111.794 E98.47596
G0 F9000 X101.612 Y111.229
G1 F1500 X100.232 Y109.848 E98.57336
G0 F9000 X100.232 Y109.283
G1 F1500 X101.612 Y110.663 E98.67073
G0 F9000 X101.612 Y110.097
G1 F1500 X100.232 Y108.717 E98.7681
G0 F9000 X100.232 Y108.151
G1 F1500 X101.612 Y109.532 E98.8655
G0 F9000 X101.612 Y108.966
G1 F1500 X100.232 Y107.586 E98.96286
G0 F9000 X100.232 Y107.02
G1 F1500 X101.612 Y108.4 E99.06023
G0 F9000 X101.612 Y107.834
G1 F1500 X100.232 Y106.454 E99.1576
G0 F9000 X100.232 Y105.889
G1 F1500 X101.612 Y107.269 E99.25496
G0 F9000 X101.612 Y106.703
G1 F1500 X100.232 Y105.323 E99.35233
G0 F9000 X100.232 Y104.757
G1 F1500 X101.612 Y106.137 E99.4497
G0 F9000 X101.612 Y105.572
G1 F1500 X100.232 Y104.191 E99.5471
G0 F9000 X100.232 Y103.626
G1 F1500 X101.612 Y105.006 E99.64446
G0 F9000 X101.612 Y104.44
G1 F1500 X100.232 Y103.06 E99.74183
G0 F9000 X100.232 Y102.494
G1 F1500 X101.612 Y103.875 E99.83923
G0 F9000 X101.612 Y103.309
G1 F1500 X100.232 Y101.929 E99.9366
G0 F9000 X100.232 Y101.363
G1 F1500 X101.612 Y102.743 E100.03396
G0 F9000 X101.612 Y102.178
G1 F1500 X100.232 Y100.797 E100.13137
G0 F9000 X100.232 Y100.232
G1 F1500 X101.612 Y101.612 E100.22873
G0 F9000 X101.612 Y101.046
G1 F1500 X100.232 Y99.666 E100.3261
G0 F9000 X100.232 Y99.1
G1 F1500 X101.612 Y100.481 E100.4235
G0 F9000 X101.612 Y99.915
G1 F1500 X100.232 Y98.535 E100.52087
G0 F9000 X100.232 Y97.969
G1 F1500 X101.612 Y99.349 E100.61823
G0 F9000 X101.612 Y98.784
G1 F1500 X100.232 Y97.403 E100.71564
G0 F9000 X100.718 Y97.324
G1 F1500 X101.612 Y98.218 E100.77871
G0 F9000 X101.612 Y97.652
G1 F1500 X101.284 Y97.324 E100.80185
G1 F2700 E91.80185
;MESH:wildrosebuilds_puzzlecube.stl(2)
G0 F9000 X101.284 Y96.864
G0 X102 Y96.936
G0 X102.745 Y116.586
G0 X103.837 Y116.585
G0 X126.635 Y116.586
G0 X127.5 Y122.146
;TYPE:WALL-OUTER
G1 F2700 E100.80185
G1 F1500 X132.972 Y116.677 E101.18783
G1 X132.972 Y95.964 E102.2212
G1 X127.5 Y95.964 E102.4942
G1 X127.5 Y122.146 E103.80043
G0 F9000 X127.748 Y121.554
G0 X128.171 Y120.549
G0 X127.9 Y121.181
;TYPE:WALL-INNER
G1 F1500 X132.572 Y116.511 E104.12999
G1 X132.572 Y96.364 E105.13513
G1 X127.9 Y96.364 E105.36822
G1 X127.9 Y121.181 E106.60634
G0 F9000 X128.148 Y120.588
G0 X128.3 Y120.215
G1 F1500 X132.172 Y116.345 E106.87946
G1 X132.172 Y96.764 E107.85636
G1 X128.3 Y96.764 E108.04954
G1 X128.3 Y120.215 E109.21951
G0 F9000 X129.772 Y99.871
G0 X129.992 Y99.871
;TYPE:FILL
G1 F3000 X128.379 Y98.258 E109.33332
G0 F9000 X129.921 Y96.844
G1 F3000 X129.992 Y96.915 E109.33833
G0 F9000 X129.992 Y96.864
G0 X129.84 Y117.985
G0 X130.113 Y117.887
;TYPE:SKIN
G1 F1500 X131.812 Y116.193 E109.45803
G1 X131.812 Y97.124 E110.40938
G1 X130.032 Y97.124 E110.49819
G1 X130.032 Y117.854 E111.53241
G1 X130.113 Y117.887 E111.53677
G0 F9000 X130.365 Y117.354
G1 F1500 X130.231 Y117.221 E111.54619
G0 F9000 X130.648 Y117.071
G1 F1500 X130.231 Y116.655 E111.57558
G0 F9000 X130.231 Y116.089
G1 F1500 X130.931 Y116.789 E111.62497
G0 F9000 X131.214 Y116.506
G1 F1500 X130.231 Y115.524 E111.69429
G0 F9000 X130.231 Y114.958
G1 F1500 X131.497 Y116.224 E111.78361
G0 F9000 X131.612 Y115.773
G1 F1500 X130.231 Y114.392 E111.88105
G0 F9000 X130.231 Y113.827
G1 F1500 X131.612 Y115.207 E111.97845
G0 F9000 X131.612 Y114.642
G1 F1500 X130.231 Y113.261 E112.07589
G0 F9000 X130.231 Y112.695
G1 F1500 X131.612 Y114.076 E112.17332
G0 F9000 X131.612 Y113.51
G1 F1500 X130.231 Y112.129 E112.27076
G0 F9000 X130.231 Y111.564
G1 F1500 X131.612 Y112.945 E112.3682
G0 F9000 X131.612 Y112.379
G1 F1500 X130.231 Y110.998 E112.46564
G0 F9000 X130.231 Y110.432
G1 F1500 X131.612 Y111.813 E112.56307
G0 F9000 X131.612 Y111.248
G1 F1500 X130.231 Y109.867 E112.66051
G0 F9000 X130.231 Y109.301
G1 F1500 X131.612 Y110.682 E112.75795
G0 F9000 X131.612 Y110.116
G1 F1500 X130.231 Y108.735 E112.85538
G0 F9000 X130.231 Y108.17
G1 F1500 X131.612 Y109.551 E112.95282
G0 F9000 X131.612 Y108.985
G1 F1500 X130.231 Y107.604 E113.05026
G0 F9000 X130.231 Y107.038
G1 F1500 X131.612 Y108.419 E113.14769
G0 F9000 X131.612 Y107.854
G1 F1500 X130.231 Y106.473 E113.24513
G0 F9000 X130.231 Y105.907
G1 F1500 X131.612 Y107.288 E113.34257
G0 F9000 X131.612 Y106.722
G1 F1500 X130.231 Y105.341 E113.44001
G0 F9000 X130.231 Y104.776
G1 F1500 X131.612 Y106.157 E113.53744
G0 F9000 X131.612 Y105.591
G1 F1500 X130.231 Y104.21 E113.63488
G0 F9000 X130.231 Y103.644
G1 F1500 X131.612 Y105.025 E113.73232
G0 F9000 X131.612 Y104.459
G1 F1500 X130.231 Y103.078 E113.82975
G0 F9000 X130.231 Y102.513
G1 F1500 X131.612 Y103.894 E113.92719
G0 F9000 X131.612 Y103.328
G1 F1500 X130.231 Y101.947 E114.02463
G0 F9000 X130.231 Y101.381
G1 F1500 X131.612 Y102.762 E114.12206
G0 F9000 X131.612 Y102.197
G1 F1500 X130.231 Y100.816 E114.2195
G0 F9000 X130.231 Y100.25
G1 F1500 X131.612 Y101.631 E114.31694
G0 F9000 X131.612 Y101.065
G1 F1500 X130.231 Y99.684 E114.41438
G0 F9000 X130.231 Y99.119
G1 F1500 X131.612 Y100.5 E114.51181
G0 F9000 X131.612 Y99.934
G1 F1500 X130.231 Y98.553 E114.60925
G0 F9000 X130.231 Y97.987
G1 F1500 X131.612 Y99.368 E114.70669
G0 F9000 X131.612 Y98.803
G1 F1500 X130.231 Y97.422 E114.80412
G0 F9000 X130.699 Y97.324
G1 F1500 X131.612 Y98.237 E114.86854
G0 F9000 X131.612 Y97.671
G1 F1500 X131.265 Y97.324 E114.89302
G1 F2700 E105.89302
;MESH:NONMESH
G0 F300 X131.265 Y97.324 Z21.45
G0 F9000 X131.265 Y96.864
G0 X127.724 Y96.188
G0 X127.724 Y95.099
G0 X124.965 Y92.212
G0 X118.928 Y92.436
;TIME_ELAPSED:5281.093025
;LAYER:71
;TYPE:WALL-OUTER
;MESH:wildrosebuilds_puzzlecube.stl(1)
G1 F2700 E114.89302
G1 F1500 X124.1 Y92.436 E115.15106
G1 X124.1 Y66.248 E116.45758
G1 X118.924 Y71.419 E116.8226
G1 X118.928 Y92.436 E117.87114
G0 F9000 X119.328 Y92.036
;TYPE:WALL-INNER
G1 F1500 X123.7 Y92.036 E118.08926
G1 X123.7 Y67.213 E119.32769
G1 X119.324 Y71.585 E119.63629
G1 X119.328 Y92.036 E120.6566
G0 F9000 X119.728 Y91.636
G1 F1500 X123.3 Y91.636 E120.83481
G1 X123.3 Y68.178 E122.00513
G1 X119.724 Y71.751 E122.25733
G1 X119.728 Y91.636 E123.2494
G0 F9000 X121.907 Y91.536
G0 X121.907 Y91.486
;TYPE:FILL
G1 F3000 X121.977 Y91.556 E123.25434
G0 F9000 X123.22 Y90.443
G1 F3000 X121.907 Y89.13 E123.34698
G0 F9000 X122.128 Y89.13
G0 X122.06 Y70.107
G0 X121.792 Y69.925
G0 X121.76 Y70
G1 F3000 X123.1 Y70 E123.41383
G0 F9000 X122.056 Y91.464
G0 X120.088 Y91.536
G0 X120.088 Y91.276
;TYPE:SKIN
G1 F1500 X121.868 Y91.276 E123.50263
G1 X121.864 Y70.234 E124.55242
G1 X121.783 Y70.2 E124.55681
G1 X120.084 Y71.899 E124.67668
G1 X120.088 Y91.276 E125.6434
G0 F9000 X121.056 Y91.076
G1 F1500 X121.668 Y90.464 E125.68658
G0 F9000 X121.668 Y89.899
G1 F1500 X120.49 Y91.076 E125.76966
G0 F9000 X120.288 Y90.713
G1 F1500 X121.668 Y89.333 E125.86703
G0 F9000 X121.668 Y88.767
G1 F1500 X120.288 Y90.147 E125.96439
G0 F9000 X120.288 Y89.581
G1 F1500 X121.668 Y88.202 E126.06173
G0 F9000 X121.668 Y87.636
G1 F1500 X120.288 Y89.016 E126.15909
G0 F9000 X120.288 Y88.45
G1 F1500 X121.668 Y87.07 E126.25646
G0 F9000 X121.667 Y86.505
G1 F1500 X120.287 Y87.885 E126.35382
G0 F9000 X120.287 Y87.319
G1 F1500 X121.667 Y85.94 E126.45116
G0 F9000 X121.667 Y85.374
G1 F1500 X120.287 Y86.754 E126.54852
G0 F9000 X120.287 Y86.188
G1 F1500 X121.667 Y84.808 E126.64589
G0 F9000 X121.667 Y84.243
G1 F1500 X120.287 Y85.622 E126.74322
G0 F9000 X120.287 Y85.056
G1 F1500 X121.667 Y83.677 E126.84055
G0 F9000 X121.667 Y83.111
G1 F1500 X120.287 Y84.491 E126.93792
G0 F9000 X120.287 Y83.926
G1 F1500 X121.666 Y82.546 E127.03525
G0 F9000 X121.666 Y81.981
G1 F1500 X120.287 Y83.36 E127.13254
G0 F9000 X120.287 Y82.794
G1 F1500 X121.666 Y81.415 E127.22984
G0 F9000 X121.666 Y80.849
G1 F1500 X120.287 Y82.229 E127.32717
G0 F9000 X120.287 Y81.663
G1 F1500 X121.666 Y80.283 E127.4245
G0 F9000 X121.666 Y79.718
G1 F1500 X120.286 Y81.098 E127.52187
G0 F9000 X120.286 Y80.532
G1 F1500 X121.666 Y79.152 E127.61924
G0 F9000 X121.665 Y78.587
G1 F1500 X120.286 Y79.967 E127.71657
G0 F9000 X120.286 Y79.401
G1 F1500 X121.665 Y78.021 E127.8139
G0 F9000 X121.665 Y77.456
G1 F1500 X120.286 Y78.835 E127.91119
G0 F9000 X120.285 Y78.27
G1 F1500 X121.665 Y76.89 E128.00856
G0 F9000 X121.665 Y76.324
G1 F1500 X120.285 Y77.705 E128.10596
G0 F9000 X120.285 Y77.139
G1 F1500 X121.665 Y75.759 E128.20333
G0 F9000 X121.665 Y75.193
G1 F1500 X120.285 Y76.573 E128.3007
G0 F9000 X120.285 Y76.008
G1 F1500 X121.665 Y74.628 E128.39806
G0 F9000 X121.665 Y74.062
G1 F1500 X120.285 Y75.442 E128.49543
G0 F9000 X120.285 Y74.877
G1 F1500 X121.665 Y73.497 E128.59279
G0 F9000 X121.665 Y72.931
G1 F1500 X120.285 Y74.311 E128.69016
G0 F9000 X120.285 Y73.746
G1 F1500 X121.665 Y72.365 E128.78756
G0 F9000 X121.665 Y71.8
G1 F1500 X120.285 Y73.18 E128.88493
G0 F9000 X120.285 Y72.614
G1 F1500 X121.665 Y71.234 E128.9823
G0 F9000 X121.665 Y70.668
G1 F1500 X120.285 Y72.049 E129.0797
G1 F2700 E120.0797
;MESH:wildrosebuilds_puzzlecube.stl
G0 F9000 X119.824 Y72.049
G0 X119.152 Y92.212
G0 X118.063 Y92.213
G0 X103.537 Y96.187
G0 X97.5 Y122.146
;TYPE:WALL-OUTER
G1 F2700 E129.0797
G1 F1500 X102.672 Y116.977 E129.4445
G1 X102.672 Y95.964 E130.49285
G1 X97.5 Y95.964 E130.75088
G1 X97.5 Y122.146 E132.0571
G0 F9000 X97.748 Y121.554
G0 X98.171 Y120.549
G0 X97.9 Y121.181
;TYPE:WALL-INNER
G1 F1500 X102.272 Y116.811 E132.3655
G1 X102.272 Y96.364 E133.38561
G1 X97.9 Y96.364 E133.60373
G1 X97.9 Y121.181 E134.84185
G0 F9000 X98.148 Y120.588
G0 X98.3 Y120.215
G1 F1500 X101.872 Y116.645 E135.09381
G1 X101.872 Y96.764 E136.08567
G1 X98.3 Y96.764 E136.26388
G1 X98.3 Y120.215 E137.43386
G0 F9000 X99.472 Y99.271
G0 X99.693 Y99.271
;TYPE:FILL
G1 F3000 X98.38 Y97.958 E137.5265
G0 F9000 X99.621 Y96.844
G1 F3000 X99.693 Y96.915 E137.53154
G0 F9000 X99.693 Y96.864
G0 X99.54 Y118.285
G0 X99.813 Y118.187
;TYPE:SKIN
G1 F1500 X101.512 Y116.493 E137.65124
G1 X101.512 Y97.124 E138.61756
G1 X99.732 Y97.124 E138.70637
G1 X99.732 Y118.154 E139.75556
G1 X99.813 Y118.187 E139.75992
G0 F9000 X99.713 Y118.428
G0 X101.708 Y116.577
G0 X101.772 Y115.911
G0 X101.312 Y115.911
G1 F1500 X99.933 Y117.291 E139.85725
G0 F9000 X99.933 Y116.725
G1 F1500 X101.312 Y115.345 E139.95458
G0 F9000 X101.312 Y114.78
G1 F1500 X99.933 Y116.159 E140.05188
G0 F9000 X99.933 Y115.594
G1 F1500 X101.312 Y114.214 E140.14921
G0 F9000 X101.312 Y113.648
G1 F1500 X99.933 Y115.028 E140.24654
G0 F9000 X99.933 Y114.462
G1 F1500 X101.312 Y113.083 E140.34384
G0 F9000 X101.312 Y112.517
G1 F1500 X99.933 Y113.897 E140.44117
G0 F9000 X99.933 Y113.331
G1 F1500 X101.312 Y111.951 E140.5385
G0 F9000 X101.312 Y111.386
G1 F1500 X99.933 Y112.765 E140.63579
G0 F9000 X99.933 Y112.199
G1 F1500 X101.312 Y110.82 E140.73309
G0 F9000 X101.312 Y110.254
G1 F1500 X99.933 Y111.634 E140.83042
G0 F9000 X99.933 Y111.068
G1 F1500 X101.312 Y109.689 E140.92772
G0 F9000 X101.312 Y109.123
G1 F1500 X99.933 Y110.502 E141.02501
G0 F9000 X99.933 Y109.937
G1 F1500 X101.312 Y108.557 E141.12234
G0 F9000 X101.312 Y107.991
G1 F1500 X99.933 Y109.371 E141.21968
G0 F9000 X99.933 Y108.805
G1 F1500 X101.312 Y107.426 E141.31697
G0 F9000 X101.312 Y106.86
G1 F1500 X99.933 Y108.24 E141.4143
G0 F9000 X99.933 Y107.674
G1 F1500 X101.312 Y106.294 E141.51163
G0 F9000 X101.312 Y105.729
G1 F1500 X99.933 Y107.108 E141.60893
G0 F9000 X99.933 Y106.543
G1 F1500 X101.312 Y105.163 E141.70626
G0 F9000 X101.312 Y104.597
G1 F1500 X99.933 Y105.977 E141.80359
G0 F9000 X99.933 Y105.411
G1 F1500 X101.312 Y104.032 E141.90089
G0 F9000 X101.312 Y103.466
G1 F1500 X99.933 Y104.846 E141.99822
G0 F9000 X99.933 Y104.28
G1 F1500 X101.312 Y102.9 E142.09555
G0 F9000 X101.312 Y102.335
G1 F1500 X99.933 Y103.714 E142.19285
G0 F9000 X99.933 Y103.148
G1 F1500 X101.312 Y101.769 E142.29014
G0 F9000 X101.312 Y101.203
G1 F1500 X99.933 Y102.583 E142.38747
G0 F9000 X99.933 Y102.017
G1 F1500 X101.312 Y100.638 E142.48477
G0 F9000 X101.312 Y100.072
G1 F1500 X99.933 Y101.451 E142.58207
G0 F9000 X99.933 Y100.886
G1 F1500 X101.312 Y99.506 E142.6794
G0 F9000 X101.312 Y98.941
G1 F1500 X99.933 Y100.32 E142.77669
G0 F9000 X99.933 Y99.754
G1 F1500 X101.312 Y98.375 E142.87399
G0 F9000 X101.312 Y97.809
G1 F1500 X99.933 Y99.189 E142.97132
G0 F9000 X99.933 Y98.623
G1 F1500 X101.232 Y97.324 E143.06297
G0 F9000 X100.666 Y97.324
G1 F1500 X99.933 Y98.057 E143.11469
G0 F9000 X99.933 Y97.492
G1 F1500 X100.1 Y97.324 E143.12651
G1 F2700 E134.12651
;MESH:wildrosebuilds_puzzlecube.stl(2)
G0 F9000 X100.1 Y96.864
G0 X101.7 Y96.936
G0 X102.445 Y116.886
G0 X103.537 Y116.885
G0 X126.635 Y116.886
G0 X127.5 Y122.146
;TYPE:WALL-OUTER
G1 F2700 E143.12651
G1 F1500 X132.672 Y116.977 E143.49131
G1 X132.672 Y95.964 E144.53966
G1 X127.5 Y95.964 E144.79769
G1 X127.5 Y122.146 E146.10391
G0 F9000 X127.748 Y121.554
G0 X128.171 Y120.549
G0 X127.9 Y121.181
;TYPE:WALL-INNER
G1 F1500 X132.272 Y116.811 E146.41231
G1 X132.272 Y96.364 E147.43242
G1 X127.9 Y96.364 E147.65054
G1 X127.9 Y121.181 E148.88866
G0 F9000 X128.148 Y120.588
G0 X128.3 Y120.215
G1 F1500 X131.872 Y116.645 E149.14061
G1 X131.872 Y96.764 E150.13248
G1 X128.3 Y96.764 E150.31069
G1 X128.3 Y120.215 E151.48066
G0 F9000 X129.472 Y99.271
G0 X129.693 Y99.271
;TYPE:FILL
G1 F3000 X128.379 Y97.958 E151.57334
G0 F9000 X129.621 Y96.844
G1 F3000 X129.693 Y96.915 E151.57838
G0 F9000 X129.693 Y96.864
G0 X129.54 Y118.285
G0 X129.813 Y118.187
;TYPE:SKIN
G1 F1500 X131.512 Y116.493 E151.69808
G1 X131.512 Y97.124 E152.6644
G1 X129.732 Y97.124 E152.75321
G1 X129.732 Y118.154 E153.8024
G1 X129.813 Y118.187 E153.80676
G0 F9000 X129.713 Y118.428
G0 X131.708 Y116.577
G0 X131.772 Y115.893
G0 X131.312 Y115.893
G1 F1500 X129.932 Y117.272 E153.90409
G0 F9000 X129.932 Y116.707
G1 F1500 X131.312 Y115.327 E154.00146
G0 F9000 X131.312 Y114.761
G1 F1500 X129.932 Y116.141 E154.09883
G0 F9000 X129.932 Y115.575
G1 F1500 X131.312 Y114.196 E154.19616
G0 F9000 X131.312 Y113.63
G1 F1500 X129.932 Y115.01 E154.29353
G0 F9000 X129.932 Y114.444
G1 F1500 X131.312 Y113.064 E154.39089
G0 F9000 X131.312 Y112.499
G1 F1500 X129.932 Y113.878 E154.48822
G0 F9000 X129.932 Y113.312
G1 F1500 X131.312 Y111.933 E154.58555
G0 F9000 X131.312 Y111.367
G1 F1500 X129.932 Y112.747 E154.68292
G0 F9000 X129.932 Y112.181
G1 F1500 X131.312 Y110.802 E154.78025
G0 F9000 X131.312 Y110.236
G1 F1500 X129.932 Y111.615 E154.87758
G0 F9000 X129.932 Y111.05
G1 F1500 X131.312 Y109.67 E154.97495
G0 F9000 X131.312 Y109.104
G1 F1500 X129.932 Y110.484 E155.07232
G0 F9000 X129.932 Y109.918
G1 F1500 X131.312 Y108.539 E155.16965
G0 F9000 X131.312 Y107.973
G1 F1500 X129.932 Y109.353 E155.26701
G0 F9000 X129.932 Y108.787
G1 F1500 X131.312 Y107.407 E155.36438
G0 F9000 X131.312 Y106.842
G1 F1500 X129.932 Y108.221 E155.46171
G0 F9000 X129.932 Y107.656
G1 F1500 X131.312 Y106.276 E155.55908
G0 F9000 X131.312 Y105.71
G1 F1500 X129.932 Y107.09 E155.65644
G0 F9000 X129.932 Y106.524
G1 F1500 X131.312 Y105.145 E155.75378
G0 F9000 X131.312 Y104.579
G1 F1500 X129.932 Y105.959 E155.85114
G0 F9000 X129.932 Y105.393
G1 F1500 X131.312 Y104.013 E155.94851
G0 F9000 X131.312 Y103.448
G1 F1500 X129.932 Y104.827 E156.04584
G0 F9000 X129.932 Y104.261
G1 F1500 X131.312 Y102.882 E156.14317
G0 F9000 X131.312 Y102.316
G1 F1500 X129.932 Y103.696 E156.24054
G0 F9000 X129.932 Y103.13
G1 F1500 X131.312 Y101.751 E156.33787
G0 F9000 X131.312 Y101.185
G1 F1500 X129.932 Y102.564 E156.4352
G0 F9000 X129.932 Y101.999
G1 F1500 X131.312 Y100.619 E156.53257
G0 F9000 X131.312 Y100.053
G1 F1500 X129.932 Y101.433 E156.62993
G0 F9000 X129.932 Y100.867
G1 F1500 X131.312 Y99.488 E156.72726
G0 F9000 X131.312 Y98.922
G1 F1500 X129.932 Y100.302 E156.82463
G0 F9000 X129.932 Y99.736
G1 F1500 X131.312 Y98.356 E156.922
G0 F9000 X131.312 Y97.791
G1 F1500 X129.932 Y99.17 E157.01933
G0 F9000 X129.932 Y98.605
G1 F1500 X131.213 Y97.324 E157.10971
G0 F9000 X130.647 Y97.324
G1 F1500 X129.932 Y98.039 E157.16016
G0 F9000 X129.932 Y97.473
G1 F1500 X130.081 Y97.324 E157.17067
G1 F2700 E148.17067
;MESH:NONMESH
G0 F300 X130.081 Y97.324 Z21.75
G0 F9000 X130.081 Y96.864
G0 X127.724 Y96.188
G0 X127.724 Y95.099
G0 X124.965 Y92.212
G0 X119.228 Y92.436
;TIME_ELAPSED:5333.459026
;LAYER:72
;TYPE:WALL-OUTER
;MESH:wildrosebuilds_puzzlecube.stl(1)
G1 F2700 E157.17067
G1 F1500 X124.1 Y92.436 E157.41373
G1 X124.1 Y66.248 E158.72026
G1 X119.224 Y71.119 E159.06411
G1 X119.228 Y92.436 E160.12762
G0 F9000 X119.628 Y92.036
;TYPE:WALL-INNER
G1 F1500 X123.7 Y92.036 E160.33077
G1 X123.7 Y67.213 E161.5692
G1 X119.624 Y71.285 E161.85664
G1 X119.628 Y92.036 E162.89191
G0 F9000 X120.028 Y91.636
G1 F1500 X123.3 Y91.636 E163.05515
G1 X123.3 Y68.178 E164.22548
G1 X120.024 Y71.451 E164.45651
G1 X120.028 Y91.636 E165.46354
G0 F9000 X122.207 Y91.536
G0 X122.207 Y91.486
;TYPE:FILL
G1 F3000 X122.277 Y91.556 E165.46848
G0 F9000 X123.22 Y90.743
G1 F3000 X122.207 Y89.73 E165.53996
G0 F9000 X122.428 Y89.73
G0 X122.36 Y69.807
G0 X122.159 Y69.6
G1 F3000 X123.1 Y69.6 E165.5869
G0 F9000 X122.356 Y91.464
G0 X120.388 Y91.536
G0 X120.388 Y91.276
;TYPE:SKIN
G1 F1500 X122.168 Y91.276 E165.67571
G1 X122.164 Y69.934 E166.74046
G1 X122.083 Y69.9 E166.74485
G1 X120.384 Y71.599 E166.86472
G1 X120.388 Y91.276 E167.84641
G0 F9000 X121.057 Y91.076
G1 F1500 X120.587 Y90.606 E167.87957
G0 F9000 X120.587 Y90.04
G1 F1500 X121.623 Y91.076 E167.95267
G0 F9000 X121.968 Y90.855
G1 F1500 X120.587 Y89.474 E168.0501
G0 F9000 X120.587 Y88.909
G1 F1500 X121.968 Y90.29 E168.14754
G0 F9000 X121.968 Y89.724
G1 F1500 X120.587 Y88.343 E168.24498
G0 F9000 X120.586 Y87.777
G1 F1500 X121.968 Y89.158 E168.34245
G0 F9000 X121.968 Y88.593
G1 F1500 X120.586 Y87.211 E168.43996
G0 F9000 X120.586 Y86.645
G1 F1500 X121.968 Y88.027 E168.53746
G0 F9000 X121.968 Y87.461
G1 F1500 X120.586 Y86.08 E168.63494
G0 F9000 X120.586 Y85.514
G1 F1500 X121.968 Y86.896 E168.73244
G0 F9000 X121.968 Y86.33
G1 F1500 X120.586 Y84.948 E168.82995
G0 F9000 X120.586 Y84.382
G1 F1500 X121.967 Y85.764 E168.92742
G0 F9000 X121.967 Y85.198
G1 F1500 X120.586 Y83.816 E169.0249
G0 F9000 X120.586 Y83.251
G1 F1500 X121.967 Y84.632 E169.12233
G0 F9000 X121.967 Y84.067
G1 F1500 X120.586 Y82.685 E169.21981
G0 F9000 X120.586 Y82.119
G1 F1500 X121.967 Y83.501 E169.31728
G0 F9000 X121.967 Y82.935
G1 F1500 X120.586 Y81.553 E169.41475
G0 F9000 X120.585 Y80.987
G1 F1500 X121.967 Y82.369 E169.51226
G0 F9000 X121.967 Y81.804
G1 F1500 X120.585 Y80.421 E169.6098
G0 F9000 X120.585 Y79.856
G1 F1500 X121.967 Y81.238 E169.70731
G0 F9000 X121.967 Y80.672
G1 F1500 X120.585 Y79.29 E169.80482
G0 F9000 X120.585 Y78.724
G1 F1500 X121.967 Y80.106 E169.90232
G0 F9000 X121.967 Y79.54
G1 F1500 X120.585 Y78.159 E169.9998
G0 F9000 X120.584 Y77.592
G1 F1500 X121.967 Y78.975 E170.09737
G0 F9000 X121.967 Y78.409
G1 F1500 X120.584 Y77.027 E170.19492
G0 F9000 X120.584 Y76.461
G1 F1500 X121.967 Y77.843 E170.29246
G0 F9000 X121.967 Y77.278
G1 F1500 X120.584 Y75.895 E170.39004
G0 F9000 X120.584 Y75.329
G1 F1500 X121.967 Y76.712 E170.48762
G0 F9000 X121.967 Y76.146
G1 F1500 X120.584 Y74.763 E170.58519
G0 F9000 X120.584 Y74.197
G1 F1500 X121.967 Y75.581 E170.68281
G0 F9000 X121.966 Y75.014
G1 F1500 X120.584 Y73.632 E170.78031
G0 F9000 X120.584 Y73.066
G1 F1500 X121.966 Y74.448 E170.87782
G0 F9000 X121.966 Y73.883
G1 F1500 X120.584 Y72.5 E170.97536
G0 F9000 X120.584 Y71.935
G1 F1500 X121.966 Y73.317 E171.07287
G0 F9000 X121.966 Y72.751
G1 F1500 X120.741 Y71.526 E171.1593
G0 F9000 X121.023 Y71.243
G1 F1500 X121.966 Y72.186 E171.22584
G0 F9000 X121.966 Y71.62
G1 F1500 X121.306 Y70.96 E171.2724
G0 F9000 X121.588 Y70.677
G1 F1500 X121.966 Y71.054 E171.29904
G0 F9000 X121.966 Y70.489
G1 F1500 X121.871 Y70.394 E171.30574
G1 F2700 E162.30574
;MESH:wildrosebuilds_puzzlecube.stl
G0 F9000 X121.549 Y70.069
G0 X120.188 Y71.519
G0 X119.452 Y92.212
G0 X118.363 Y92.213
G0 X103.237 Y96.187
G0 X97.5 Y122.146
;TYPE:WALL-OUTER
G1 F2700 E171.30574
G1 F1500 X102.372 Y117.277 E171.64938
G1 X102.372 Y95.964 E172.71269
G1 X97.5 Y95.964 E172.95576
G1 X97.5 Y122.146 E174.26198
G0 F9000 X97.748 Y121.554
G0 X98.171 Y120.549
G0 X97.9 Y121.181
;TYPE:WALL-INNER
G1 F1500 X101.972 Y117.111 E174.54921
G1 X101.972 Y96.364 E175.58428
G1 X97.9 Y96.364 E175.78744
G1 X97.9 Y121.181 E177.02556
G0 F9000 X98.148 Y120.588
G0 X98.3 Y120.216
G1 F1500 X101.572 Y116.945 E177.25638
G1 X101.572 Y96.764 E178.26322
G1 X98.3 Y96.764 E178.42646
G1 X98.3 Y120.216 E179.59648
G0 F9000 X99.172 Y98.672
G0 X99.393 Y98.672
;TYPE:FILL
G1 F3000 X98.38 Y97.659 E179.66796
G0 F9000 X99.322 Y96.844
G1 F3000 X99.393 Y96.915 E179.67297
G0 F9000 X99.393 Y96.864
G0 X99.24 Y118.585
G0 X99.513 Y118.487
;TYPE:SKIN
G1 F1500 X101.212 Y116.793 E179.79266
G1 X101.212 Y97.124 E180.77395
G1 X99.432 Y97.124 E180.86276
G1 X99.432 Y118.454 E181.92692
G1 X99.513 Y118.487 E181.93128
G0 F9000 X99.809 Y117.911
G1 F1500 X99.632 Y117.734 E181.94377
G0 F9000 X100.092 Y117.628
G1 F1500 X99.632 Y117.168 E181.97622
G0 F9000 X99.632 Y116.603
G1 F1500 X100.375 Y117.346 E182.02865
G0 F9000 X100.658 Y117.063
G1 F1500 X99.632 Y116.037 E182.10104
G0 F9000 X99.632 Y115.471
G1 F1500 X100.941 Y116.78 E182.19339
G0 F9000 X101.012 Y116.286
G1 F1500 X99.632 Y114.906 E182.29076
G0 F9000 X99.632 Y114.34
G1 F1500 X101.012 Y115.72 E182.38813
G0 F9000 X101.012 Y115.154
G1 F1500 X99.632 Y113.774 E182.48549
G0 F9000 X99.632 Y113.209
G1 F1500 X101.012 Y114.589 E182.58286
G0 F9000 X101.012 Y114.023
G1 F1500 X99.632 Y112.643 E182.68023
G0 F9000 X99.632 Y112.077
G1 F1500 X101.012 Y113.457 E182.77759
G0 F9000 X101.012 Y112.892
G1 F1500 X99.632 Y111.511 E182.87499
G0 F9000 X99.632 Y110.946
G1 F1500 X101.012 Y112.326 E182.97236
G0 F9000 X101.012 Y111.76
G1 F1500 X99.632 Y110.38 E183.06973
G0 F9000 X99.632 Y109.814
G1 F1500 X101.012 Y111.195 E183.16713
G0 F9000 X101.012 Y110.629
G1 F1500 X99.632 Y109.249 E183.26449
G0 F9000 X99.632 Y108.683
G1 F1500 X101.012 Y110.063 E183.36186
G0 F9000 X101.012 Y109.498
G1 F1500 X99.632 Y108.117 E183.45926
G0 F9000 X99.632 Y107.552
G1 F1500 X101.012 Y108.932 E183.55663
G0 F9000 X101.012 Y108.366
G1 F1500 X99.632 Y106.986 E183.654
G0 F9000 X99.632 Y106.42
G1 F1500 X101.012 Y107.801 E183.7514
G0 F9000 X101.012 Y107.235
G1 F1500 X99.632 Y105.855 E183.84876
G0 F9000 X99.632 Y105.289
G1 F1500 X101.012 Y106.669 E183.94613
G0 F9000 X101.012 Y106.103
G1 F1500 X99.632 Y104.723 E184.0435
G0 F9000 X99.632 Y104.158
G1 F1500 X101.012 Y105.538 E184.14086
G0 F9000 X101.012 Y104.972
G1 F1500 X99.632 Y103.592 E184.23823
G0 F9000 X99.632 Y103.026
G1 F1500 X101.012 Y104.406 E184.3356
G0 F9000 X101.012 Y103.841
G1 F1500 X99.632 Y102.46 E184.433
G0 F9000 X99.632 Y101.895
G1 F1500 X101.012 Y103.275 E184.53036
G0 F9000 X101.012 Y102.709
G1 F1500 X99.632 Y101.329 E184.62773
G0 F9000 X99.632 Y100.763
G1 F1500 X101.012 Y102.144 E184.72513
G0 F9000 X101.012 Y101.578
G1 F1500 X99.632 Y100.198 E184.8225
G0 F9000 X99.632 Y99.632
G1 F1500 X101.012 Y101.012 E184.91987
G0 F9000 X101.012 Y100.447
G1 F1500 X99.632 Y99.066 E185.01727
G0 F9000 X99.632 Y98.501
G1 F1500 X101.012 Y99.881 E185.11463
G0 F9000 X101.012 Y99.315
G1 F1500 X99.632 Y97.935 E185.212
G0 F9000 X99.632 Y97.369
G1 F1500 X101.012 Y98.75 E185.3094
G0 F9000 X101.012 Y98.184
G1 F1500 X100.152 Y97.324 E185.37008
G0 F9000 X100.718 Y97.324
G1 F1500 X101.012 Y97.618 E185.39082
G1 F2700 E176.39082
;MESH:wildrosebuilds_puzzlecube.stl(2)
G0 F9000 X101.472 Y97.618
G0 X102.145 Y117.186
G0 X103.237 Y117.185
G0 X126.635 Y117.186
G0 X127.5 Y122.146
;TYPE:WALL-OUTER
G1 F2700 E185.39082
G1 F1500 X132.372 Y117.277 E185.73446
G1 X132.372 Y95.964 E186.79777
G1 X127.5 Y95.964 E187.04084
G1 X127.5 Y122.146 E188.34706
G0 F9000 X127.748 Y121.554
G0 X128.171 Y120.549
G0 X127.9 Y121.181
;TYPE:WALL-INNER
G1 F1500 X131.972 Y117.111 E188.63429
G1 X131.972 Y96.364 E189.66937
G1 X127.9 Y96.364 E189.87252
G1 X127.9 Y121.181 E191.11064
G0 F9000 X128.148 Y120.588
G0 X128.3 Y120.216
G1 F1500 X131.572 Y116.945 E191.34147
G1 X131.572 Y96.764 E192.3483
G1 X128.3 Y96.764 E192.51154
G1 X128.3 Y120.216 E193.68157
G0 F9000 X129.172 Y98.672
G0 X129.393 Y98.672
;TYPE:FILL
G1 F3000 X128.379 Y97.659 E193.75307
G0 F9000 X129.321 Y96.844
G1 F3000 X129.393 Y96.915 E193.75812
G0 F9000 X129.393 Y96.864
G0 X129.24 Y118.585
G0 X129.513 Y118.487
;TYPE:SKIN
G1 F1500 X131.212 Y116.793 E193.87782
G1 X131.212 Y97.124 E194.85911
G1 X129.432 Y97.124 E194.94791
G1 X129.432 Y118.454 E196.01207
G1 X129.513 Y118.487 E196.01643
G0 F9000 X129.799 Y117.92
G1 F1500 X129.632 Y117.752 E196.02825
G0 F9000 X130.082 Y117.637
G1 F1500 X129.632 Y117.187 E196.06
G0 F9000 X129.632 Y116.621
G1 F1500 X130.366 Y117.355 E196.11179
G0 F9000 X130.649 Y117.072
G1 F1500 X129.632 Y116.055 E196.18354
G0 F9000 X129.632 Y115.49
G1 F1500 X130.931 Y116.789 E196.2752
G0 F9000 X131.012 Y116.304
G1 F1500 X129.632 Y114.924 E196.37256
G0 F9000 X129.632 Y114.358
G1 F1500 X131.012 Y115.739 E196.46996
G0 F9000 X131.012 Y115.173
G1 F1500 X129.632 Y113.793 E196.56733
G0 F9000 X129.632 Y113.227
G1 F1500 X131.012 Y114.607 E196.6647
G0 F9000 X131.012 Y114.041
G1 F1500 X129.632 Y112.661 E196.76206
G0 F9000 X129.632 Y112.096
G1 F1500 X131.012 Y113.476 E196.85943
G0 F9000 X131.012 Y112.91
G1 F1500 X129.632 Y111.53 E196.9568
G0 F9000 X129.632 Y110.964
G1 F1500 X131.012 Y112.344 E197.05416
G0 F9000 X131.012 Y111.779
G1 F1500 X129.632 Y110.398 E197.15156
G0 F9000 X129.632 Y109.833
G1 F1500 X131.012 Y111.213 E197.24893
G0 F9000 X131.012 Y110.647
G1 F1500 X129.632 Y109.267 E197.3463
G0 F9000 X129.632 Y108.701
G1 F1500 X131.012 Y110.082 E197.4437
G0 F9000 X131.012 Y109.516
G1 F1500 X129.632 Y108.136 E197.54106
G0 F9000 X129.632 Y107.57
G1 F1500 X131.012 Y108.95 E197.63843
G0 F9000 X131.012 Y108.385
G1 F1500 X129.632 Y107.004 E197.73583
G0 F9000 X129.632 Y106.439
G1 F1500 X131.012 Y107.819 E197.8332
G0 F9000 X131.012 Y107.253
G1 F1500 X129.632 Y105.873 E197.93057
G0 F9000 X129.632 Y105.307
G1 F1500 X131.012 Y106.688 E198.02797
G0 F9000 X131.012 Y106.122
G1 F1500 X129.632 Y104.742 E198.12533
G0 F9000 X129.632 Y104.176
G1 F1500 X131.012 Y105.556 E198.2227
G0 F9000 X131.012 Y104.991
G1 F1500 X129.632 Y103.61 E198.3201
G0 F9000 X129.632 Y103.045
G1 F1500 X131.012 Y104.425 E198.41747
G0 F9000 X131.012 Y103.859
G1 F1500 X129.632 Y102.479 E198.51484
G0 F9000 X129.632 Y101.913
G1 F1500 X131.012 Y103.293 E198.6122
G0 F9000 X131.012 Y102.728
G1 F1500 X129.632 Y101.347 E198.7096
G0 F9000 X129.632 Y100.782
G1 F1500 X131.012 Y102.162 E198.80697
G0 F9000 X131.012 Y101.596
G1 F1500 X129.632 Y100.216 E198.90434
G0 F9000 X129.632 Y99.65
G1 F1500 X131.012 Y101.031 E199.00174
G0 F9000 X131.012 Y100.465
G1 F1500 X129.632 Y99.085 E199.0991
G0 F9000 X129.632 Y98.519
G1 F1500 X131.012 Y99.899 E199.19647
G0 F9000 X131.012 Y99.334
G1 F1500 X129.632 Y97.953 E199.29387
G0 F9000 X129.632 Y97.388
G1 F1500 X131.012 Y98.768 E199.39124
G0 F9000 X131.012 Y98.202
G1 F1500 X130.134 Y97.324 E199.45319
G0 F9000 X130.699 Y97.324
G1 F1500 X131.012 Y97.637 E199.47527
G1 F2700 E190.47527
;MESH:NONMESH
G0 F300 X131.012 Y97.637 Z22.05
G0 F9000 X131.472 Y97.637
G0 X131.4 Y96.936
G0 X127.724 Y96.188
G0 X127.724 Y95.099
G0 X124.965 Y92.212
G0 X119.528 Y92.436
;TIME_ELAPSED:5386.157677
;LAYER:73
;TYPE:WALL-OUTER
;MESH:wildrosebuilds_puzzlecube.stl(1)
G1 F2700 E199.47527
G1 F1500 X124.1 Y92.436 E199.70337
G1 X124.1 Y66.248 E201.00989
G1 X119.524 Y70.819 E201.33258
G1 X119.528 Y92.436 E202.41106
G0 F9000 X119.928 Y92.036
;TYPE:WALL-INNER
G1 F1500 X123.7 Y92.036 E202.59924
G1 X123.7 Y67.213 E203.83767
G1 X119.924 Y70.985 E204.10394
G1 X119.928 Y92.036 E205.15418
G0 F9000 X120.328 Y91.636
G1 F1500 X123.3 Y91.636 E205.30245
G1 X123.3 Y68.178 E206.47278
G1 X120.324 Y71.151 E206.68265
G1 X120.328 Y91.636 E207.70465
G0 F9000 X122.508 Y91.536
G0 X122.508 Y91.487
;TYPE:FILL
G1 F3000 X122.577 Y91.556 E207.70951
G0 F9000 X123.22 Y91.043
G1 F3000 X122.508 Y90.33 E207.75979
G0 F9000 X122.728 Y90.33
G0 X122.656 Y91.464
G0 X120.688 Y91.536
G0 X120.688 Y91.276
;TYPE:SKIN
G1 F1500 X122.468 Y91.276 E207.84859
G1 X122.464 Y69.634 E208.92831
G1 X122.383 Y69.6 E208.9327
G1 X120.684 Y71.299 E209.05257
G1 X120.688 Y91.276 E210.04923
G0 F9000 X120.688 Y91.536
G0 X122.656 Y91.464
G0 X122.728 Y90.996
G0 X122.267 Y90.996
G1 F1500 X122.187 Y91.076 E210.05487
G0 F9000 X121.622 Y91.076
G1 F1500 X122.267 Y90.43 E210.10041
G0 F9000 X122.267 Y89.865
G1 F1500 X121.056 Y91.076 E210.18586
G0 F9000 X120.888 Y90.679
G1 F1500 X122.267 Y89.299 E210.28319
G0 F9000 X122.267 Y88.733
G1 F1500 X120.888 Y90.113 E210.38052
G0 F9000 X120.888 Y89.547
G1 F1500 X122.267 Y88.168 E210.47782
G0 F9000 X122.267 Y87.602
G1 F1500 X120.888 Y88.982 E210.57515
G0 F9000 X120.888 Y88.416
G1 F1500 X122.267 Y87.036 E210.67248
G0 F9000 X122.267 Y86.471
G1 F1500 X120.888 Y87.85 E210.76977
G0 F9000 X120.887 Y87.285
G1 F1500 X122.267 Y85.905 E210.86714
G0 F9000 X122.267 Y85.34
G1 F1500 X120.887 Y86.72 E210.96451
G0 F9000 X120.887 Y86.154
G1 F1500 X122.267 Y84.774 E211.06187
G0 F9000 X122.267 Y84.209
G1 F1500 X120.887 Y85.588 E211.1592
G0 F9000 X120.887 Y85.023
G1 F1500 X122.267 Y83.643 E211.25657
G0 F9000 X122.267 Y83.077
G1 F1500 X120.886 Y84.458 E211.35401
G0 F9000 X120.886 Y83.892
G1 F1500 X122.267 Y82.512 E211.45141
G0 F9000 X122.267 Y81.946
G1 F1500 X120.886 Y83.326 E211.54881
G0 F9000 X120.886 Y82.76
G1 F1500 X122.267 Y81.38 E211.64621
G0 F9000 X122.267 Y80.815
G1 F1500 X120.886 Y82.195 E211.74361
G0 F9000 X120.886 Y81.629
G1 F1500 X122.266 Y80.25 E211.84095
G0 F9000 X122.266 Y79.684
G1 F1500 X120.886 Y81.064 E211.93831
G0 F9000 X120.886 Y80.498
G1 F1500 X122.266 Y79.118 E212.03568
G0 F9000 X122.266 Y78.552
G1 F1500 X120.886 Y79.933 E212.13308
G0 F9000 X120.886 Y79.367
G1 F1500 X122.266 Y77.987 E212.23045
G0 F9000 X122.266 Y77.421
G1 F1500 X120.886 Y78.801 E212.32781
G0 F9000 X120.886 Y78.236
G1 F1500 X122.266 Y76.855 E212.42521
G0 F9000 X122.266 Y76.29
G1 F1500 X120.885 Y77.671 E212.52265
G0 F9000 X120.885 Y77.105
G1 F1500 X122.266 Y75.724 E212.62009
G0 F9000 X122.265 Y75.159
G1 F1500 X120.885 Y76.539 E212.71746
G0 F9000 X120.885 Y75.974
G1 F1500 X122.265 Y74.593 E212.81486
G0 F9000 X122.265 Y74.028
G1 F1500 X120.885 Y75.408 E212.91222
G0 F9000 X120.885 Y74.842
G1 F1500 X122.265 Y73.462 E213.00959
G0 F9000 X122.265 Y72.896
G1 F1500 X120.884 Y74.277 E213.10703
G0 F9000 X120.884 Y73.712
G1 F1500 X122.265 Y72.331 E213.20446
G0 F9000 X122.265 Y71.765
G1 F1500 X120.884 Y73.146 E213.3019
G0 F9000 X120.884 Y72.58
G1 F1500 X122.265 Y71.199 E213.39934
G0 F9000 X122.265 Y70.634
G1 F1500 X120.884 Y72.015 E213.49678
G0 F9000 X120.884 Y71.449
G1 F1500 X122.265 Y70.068 E213.59421
G0 F9000 X123.028 Y70.068
G1 F2700 E204.59421
;MESH:wildrosebuilds_puzzlecube.stl
G0 F9000 X122.66 Y69.507
G0 X122.339 Y69.374
G0 X120.488 Y71.219
G0 X119.752 Y92.212
G0 X118.663 Y92.213
G0 X102.937 Y96.187
G0 X97.5 Y122.146
;TYPE:WALL-OUTER
G1 F2700 E213.59421
G1 F1500 X102.072 Y117.577 E213.91669
G1 X102.072 Y95.964 E214.99496
G1 X97.5 Y95.964 E215.22306
G1 X97.5 Y122.146 E216.52929
G0 F9000 X97.748 Y121.554
G0 X98.171 Y120.549
G0 X97.9 Y121.181
;TYPE:WALL-INNER
G1 F1500 X101.672 Y117.411 E216.79535
G1 X101.672 Y96.364 E217.84539
G1 X97.9 Y96.364 E218.03358
G1 X97.9 Y121.181 E219.2717
G0 F9000 X98.148 Y120.588
G0 X98.3 Y120.216
G1 F1500 X101.272 Y117.245 E219.48136
G1 X101.272 Y96.764 E220.50316
G1 X98.3 Y96.764 E220.65143
G1 X98.3 Y120.216 E221.82146
G0 F9000 X98.872 Y98.072
G0 X99.093 Y98.072
;TYPE:FILL
G1 F3000 X98.38 Y97.359 E221.87176
G0 F9000 X99.022 Y96.844
G1 F3000 X99.093 Y96.915 E221.87677
G0 F9000 X99.093 Y96.864
G0 X98.94 Y118.885
G0 X99.213 Y118.787
;TYPE:SKIN
G1 F1500 X100.912 Y117.093 E221.99647
G1 X100.912 Y97.124 E222.99273
G1 X99.132 Y97.124 E223.08153
G1 X99.132 Y118.754 E224.16066
G1 X99.213 Y118.787 E224.16502
G0 F9000 X99.113 Y119.028
G0 X101.108 Y117.177
G0 X101.172 Y116.511
G0 X100.713 Y116.511
G1 F1500 X99.332 Y117.891 E224.26242
G0 F9000 X99.332 Y117.325
G1 F1500 X100.713 Y115.945 E224.35982
G0 F9000 X100.713 Y115.379
G1 F1500 X99.332 Y116.76 E224.45726
G0 F9000 X99.332 Y116.194
G1 F1500 X100.713 Y114.814 E224.55466
G0 F9000 X100.713 Y114.248
G1 F1500 X99.332 Y115.628 E224.65206
G0 F9000 X99.332 Y115.063
G1 F1500 X100.713 Y113.682 E224.7495
G0 F9000 X100.713 Y113.117
G1 F1500 X99.332 Y114.497 E224.8469
G0 F9000 X99.332 Y113.931
G1 F1500 X100.713 Y112.551 E224.9443
G0 F9000 X100.713 Y111.985
G1 F1500 X99.332 Y113.365 E225.04171
G0 F9000 X99.332 Y112.8
G1 F1500 X100.713 Y111.42 E225.13911
G0 F9000 X100.713 Y110.854
G1 F1500 X99.332 Y112.234 E225.23651
G0 F9000 X99.332 Y111.668
G1 F1500 X100.713 Y110.288 E225.33391
G0 F9000 X100.713 Y109.722
G1 F1500 X99.332 Y111.103 E225.43135
G0 F9000 X99.332 Y110.537
G1 F1500 X100.713 Y109.157 E225.52875
G0 F9000 X100.713 Y108.591
G1 F1500 X99.332 Y109.971 E225.62615
G0 F9000 X99.332 Y109.406
G1 F1500 X100.713 Y108.025 E225.72359
G0 F9000 X100.713 Y107.46
G1 F1500 X99.332 Y108.84 E225.82099
G0 F9000 X99.332 Y108.274
G1 F1500 X100.713 Y106.894 E225.91839
G0 F9000 X100.713 Y106.328
G1 F1500 X99.332 Y107.709 E226.01583
G0 F9000 X99.332 Y107.143
G1 F1500 X100.713 Y105.763 E226.11323
G0 F9000 X100.713 Y105.197
G1 F1500 X99.332 Y106.577 E226.21063
G0 F9000 X99.332 Y106.012
G1 F1500 X100.713 Y104.631 E226.30807
G0 F9000 X100.713 Y104.066
G1 F1500 X99.332 Y105.446 E226.40547
G0 F9000 X99.332 Y104.88
G1 F1500 X100.713 Y103.5 E226.50287
G0 F9000 X100.713 Y102.934
G1 F1500 X99.332 Y104.315 E226.60031
G0 F9000 X99.332 Y103.749
G1 F1500 X100.713 Y102.369 E226.69771
G0 F9000 X100.713 Y101.803
G1 F1500 X99.332 Y103.183 E226.79511
G0 F9000 X99.332 Y102.617
G1 F1500 X100.713 Y101.237 E226.89251
G0 F9000 X100.713 Y100.671
G1 F1500 X99.332 Y102.052 E226.98995
G0 F9000 X99.332 Y101.486
G1 F1500 X100.713 Y100.106 E227.08735
G0 F9000 X100.713 Y99.54
G1 F1500 X99.332 Y100.92 E227.18476
G0 F9000 X99.332 Y100.355
G1 F1500 X100.713 Y98.974 E227.28219
G0 F9000 X100.713 Y98.409
G1 F1500 X99.332 Y99.789 E227.37959
G0 F9000 X99.332 Y99.223
G1 F1500 X100.713 Y97.843 E227.477
G0 F9000 X100.666 Y97.324
G1 F1500 X99.332 Y98.658 E227.57112
G0 F9000 X99.332 Y98.092
G1 F1500 X100.1 Y97.324 E227.6253
G0 F9000 X99.534 Y97.324
G1 F1500 X99.332 Y97.526 E227.63956
G0 F9000 X98.572 Y97.526
G1 F2700 E218.63956
;MESH:wildrosebuilds_puzzlecube.stl(2)
G0 F9000 X98.944 Y96.936
G0 X101.1 Y96.936
G0 X101.845 Y117.486
G0 X102.937 Y117.485
G0 X126.635 Y117.486
G0 X127.5 Y122.146
;TYPE:WALL-OUTER
G1 F2700 E227.63956
G1 F1500 X132.072 Y117.577 E227.96203
G1 X132.072 Y95.964 E229.04031
G1 X127.5 Y95.964 E229.2684
G1 X127.5 Y122.146 E230.57463
G0 F9000 X127.748 Y121.554
G0 X128.171 Y120.549
G0 X127.9 Y121.181
;TYPE:WALL-INNER
G1 F1500 X131.672 Y117.411 E230.84069
G1 X131.672 Y96.364 E231.89073
G1 X127.9 Y96.364 E232.07892
G1 X127.9 Y121.181 E233.31704
G0 F9000 X128.148 Y120.588
G0 X128.3 Y120.216
G1 F1500 X131.272 Y117.245 E233.5267
G1 X131.272 Y96.764 E234.5485
G1 X128.3 Y96.764 E234.69677
G1 X128.3 Y120.216 E235.8668
G0 F9000 X128.872 Y98.072
G0 X129.093 Y98.072
;TYPE:FILL
G1 F3000 X128.379 Y97.359 E235.91714
G0 F9000 X129.022 Y96.844
G1 F3000 X129.093 Y96.915 E235.92215
G0 F9000 X129.093 Y96.864
G0 X128.94 Y118.885
G0 X129.213 Y118.787
;TYPE:SKIN
G1 F1500 X130.912 Y117.093 E236.04185
G1 X130.912 Y97.124 E237.0381
G1 X129.132 Y97.124 E237.12691
G1 X129.132 Y118.754 E238.20603
G1 X129.213 Y118.787 E238.2104
G0 F9000 X129.113 Y119.028
G0 X131.108 Y117.177
G0 X131.172 Y116.492
G0 X130.712 Y116.492
G1 F1500 X129.332 Y117.873 E238.3078
G0 F9000 X129.332 Y117.307
G1 F1500 X130.712 Y115.927 E238.40517
G0 F9000 X130.712 Y115.361
G1 F1500 X129.332 Y116.741 E238.50253
G0 F9000 X129.332 Y116.176
G1 F1500 X130.712 Y114.795 E238.59993
G0 F9000 X130.712 Y114.23
G1 F1500 X129.332 Y115.61 E238.6973
G0 F9000 X129.332 Y115.044
G1 F1500 X130.712 Y113.664 E238.79467
G0 F9000 X130.712 Y113.098
G1 F1500 X129.332 Y114.478 E238.89203
G0 F9000 X129.332 Y113.913
G1 F1500 X130.712 Y112.533 E238.9894
G0 F9000 X130.712 Y111.967
G1 F1500 X129.332 Y113.347 E239.08677
G0 F9000 X129.332 Y112.781
G1 F1500 X130.712 Y111.401 E239.18413
G0 F9000 X130.712 Y110.835
G1 F1500 X129.332 Y112.216 E239.28153
G0 F9000 X129.332 Y111.65
G1 F1500 X130.712 Y110.27 E239.3789
G0 F9000 X130.712 Y109.704
G1 F1500 X129.332 Y111.084 E239.47627
G0 F9000 X129.332 Y110.519
G1 F1500 X130.712 Y109.138 E239.57367
G0 F9000 X130.712 Y108.573
G1 F1500 X129.332 Y109.953 E239.67104
G0 F9000 X129.332 Y109.387
G1 F1500 X130.712 Y108.007 E239.7684
G0 F9000 X130.712 Y107.441
G1 F1500 X129.332 Y108.822 E239.8658
G0 F9000 X129.332 Y108.256
G1 F1500 X130.712 Y106.876 E239.96317
G0 F9000 X130.712 Y106.31
G1 F1500 X129.332 Y107.69 E240.06054
G0 F9000 X129.332 Y107.125
G1 F1500 X130.712 Y105.744 E240.15794
G0 F9000 X130.712 Y105.179
G1 F1500 X129.332 Y106.559 E240.2553
G0 F9000 X129.332 Y105.993
G1 F1500 X130.712 Y104.613 E240.35267
G0 F9000 X130.712 Y104.047
G1 F1500 X129.332 Y105.427 E240.45004
G0 F9000 X129.332 Y104.862
G1 F1500 X130.712 Y103.482 E240.5474
G0 F9000 X130.712 Y102.916
G1 F1500 X129.332 Y104.296 E240.64477
G0 F9000 X129.332 Y103.73
G1 F1500 X130.712 Y102.35 E240.74214
G0 F9000 X130.712 Y101.784
G1 F1500 X129.332 Y103.165 E240.83954
G0 F9000 X129.332 Y102.599
G1 F1500 X130.712 Y101.219 E240.93691
G0 F9000 X130.712 Y100.653
G1 F1500 X129.332 Y102.033 E241.03427
G0 F9000 X129.332 Y101.468
G1 F1500 X130.712 Y100.087 E241.13167
G0 F9000 X130.712 Y99.522
G1 F1500 X129.332 Y100.902 E241.22904
G0 F9000 X129.332 Y100.336
G1 F1500 X130.712 Y98.956 E241.32641
G0 F9000 X130.712 Y98.39
G1 F1500 X129.332 Y99.771 E241.42381
G0 F9000 X129.332 Y99.205
G1 F1500 X130.712 Y97.825 E241.52117
G0 F9000 X130.647 Y97.324
G1 F1500 X129.332 Y98.639 E241.61396
G0 F9000 X129.332 Y98.074
G1 F1500 X130.081 Y97.324 E241.66684
G0 F9000 X129.516 Y97.324
G1 F1500 X129.332 Y97.508 E241.67982
G0 F9000 X128.572 Y97.508
G1 F2700 E232.67982
;MESH:NONMESH
G0 F300 X128.572 Y97.508 Z22.35
G0 F9000 X127.724 Y96.188
G0 X127.724 Y95.099
G0 X124.965 Y92.212
G0 X119.828 Y92.436
;TIME_ELAPSED:5438.339303
;LAYER:74
;TYPE:WALL-OUTER
;MESH:wildrosebuilds_puzzlecube.stl(1)
G1 F2700 E241.67982
G1 F1500 X124.1 Y92.436 E241.89295
G1 X124.1 Y66.248 E243.19947
G1 X119.824 Y70.519 E243.50099
G1 X119.828 Y92.436 E244.59444
G0 F9000 X120.228 Y92.036
;TYPE:WALL-INNER
G1 F1500 X123.7 Y92.036 E244.76766
G1 X123.7 Y67.213 E246.00608
G1 X120.224 Y70.685 E246.25119
G1 X120.228 Y92.036 E247.31639
G0 F9000 X120.628 Y91.636
G1 F1500 X123.3 Y91.636 E247.4497
G1 X123.3 Y68.178 E248.62003
G1 X120.624 Y70.851 E248.80873
G1 X120.628 Y91.636 E249.84569
G0 F9000 X122.807 Y91.536
G0 X122.807 Y91.491
;TYPE:FILL
G1 F3000 X122.872 Y91.555 E249.85025
G0 F9000 X123.22 Y91.338
G1 F3000 X122.807 Y90.925 E249.87938
G0 F9000 X123.028 Y90.925
G0 X122.956 Y91.464
G0 X120.988 Y91.536
G0 X120.988 Y91.276
;TYPE:SKIN
G1 F1500 X122.768 Y91.276 E249.96819
G1 X122.764 Y69.333 E251.06293
G1 X122.687 Y69.3 E251.06711
G1 X120.984 Y70.999 E251.18712
G1 X120.988 Y91.276 E252.19875
G0 F9000 X121.623 Y91.076
G1 F1500 X121.187 Y90.64 E252.22951
G0 F9000 X121.187 Y90.074
G1 F1500 X122.189 Y91.076 E252.30021
G0 F9000 X122.568 Y90.889
G1 F1500 X121.187 Y89.508 E252.39764
G0 F9000 X121.187 Y88.943
G1 F1500 X122.568 Y90.324 E252.49508
G0 F9000 X122.568 Y89.758
G1 F1500 X121.187 Y88.377 E252.59252
G0 F9000 X121.187 Y87.811
G1 F1500 X122.568 Y89.192 E252.68995
G0 F9000 X122.568 Y88.627
G1 F1500 X121.187 Y87.246 E252.78739
G0 F9000 X121.186 Y86.679
G1 F1500 X122.568 Y88.061 E252.8849
G0 F9000 X122.568 Y87.495
G1 F1500 X121.186 Y86.114 E252.98237
G0 F9000 X121.186 Y85.548
G1 F1500 X122.568 Y86.93 E253.07988
G0 F9000 X122.568 Y86.364
G1 F1500 X121.186 Y84.982 E253.17739
G0 F9000 X121.186 Y84.417
G1 F1500 X122.568 Y85.798 E253.27486
G0 F9000 X122.567 Y85.232
G1 F1500 X121.186 Y83.851 E253.3723
G0 F9000 X121.186 Y83.285
G1 F1500 X122.567 Y84.666 E253.46973
G0 F9000 X122.567 Y84.1
G1 F1500 X121.185 Y82.719 E253.56721
G0 F9000 X121.185 Y82.153
G1 F1500 X122.567 Y83.535 E253.66471
G0 F9000 X122.567 Y82.969
G1 F1500 X121.185 Y81.587 E253.76222
G0 F9000 X121.185 Y81.022
G1 F1500 X122.567 Y82.403 E253.85969
G0 F9000 X122.567 Y81.838
G1 F1500 X121.185 Y80.456 E253.9572
G0 F9000 X121.185 Y79.89
G1 F1500 X122.567 Y81.272 E254.05471
G0 F9000 X122.567 Y80.706
G1 F1500 X121.185 Y79.325 E254.15218
G0 F9000 X121.185 Y78.758
G1 F1500 X122.566 Y80.14 E254.24965
G0 F9000 X122.566 Y79.574
G1 F1500 X121.185 Y78.193 E254.34709
G0 F9000 X121.185 Y77.627
G1 F1500 X122.566 Y79.009 E254.44456
G0 F9000 X122.566 Y78.443
G1 F1500 X121.185 Y77.061 E254.54203
G0 F9000 X121.185 Y76.496
G1 F1500 X122.566 Y77.877 E254.63947
G0 F9000 X122.566 Y77.312
G1 F1500 X121.185 Y75.93 E254.73694
G0 F9000 X121.185 Y75.364
G1 F1500 X122.566 Y76.746 E254.83442
G0 F9000 X122.566 Y76.18
G1 F1500 X121.184 Y74.798 E254.93192
G0 F9000 X121.184 Y74.232
G1 F1500 X122.566 Y75.614 E255.02943
G0 F9000 X122.566 Y75.049
G1 F1500 X121.184 Y73.666 E255.12697
G0 F9000 X121.184 Y73.101
G1 F1500 X122.566 Y74.482 E255.22445
G0 F9000 X122.566 Y73.917
G1 F1500 X121.184 Y72.535 E255.32195
G0 F9000 X121.184 Y71.969
G1 F1500 X122.566 Y73.351 E255.41946
G0 F9000 X122.566 Y72.785
G1 F1500 X121.184 Y71.404 E255.51693
G0 F9000 X121.306 Y70.96
G1 F1500 X122.566 Y72.22 E255.60583
G0 F9000 X122.566 Y71.654
G1 F1500 X121.589 Y70.677 E255.67477
G0 F9000 X121.872 Y70.395
G1 F1500 X122.566 Y71.088 E255.7237
G0 F9000 X122.566 Y70.523
G1 F1500 X122.156 Y70.112 E255.75266
G0 F9000 X122.438 Y69.83
G1 F1500 X122.566 Y69.957 E255.76165
G0 F9000 X123.09 Y69.957
G1 F2700 E246.76165
;MESH:wildrosebuilds_puzzlecube.stl
G0 F9000 X122.96 Y69.207
G0 X122.64 Y69.074
G0 X120.788 Y70.919
G0 X120.052 Y92.212
G0 X118.963 Y92.213
G0 X102.637 Y96.187
G0 X97.5 Y122.146
;TYPE:WALL-OUTER
G1 F2700 E255.76165
G1 F1500 X101.772 Y117.877 E256.06296
G1 X101.772 Y95.964 E257.15621
G1 X97.5 Y95.964 E257.36934
G1 X97.5 Y122.146 E258.67556
G0 F9000 X97.748 Y121.554
G0 X98.171 Y120.549
G0 X97.9 Y121.181
;TYPE:WALL-INNER
G1 F1500 X101.372 Y117.711 E258.92046
G1 X101.372 Y96.364 E259.98547
G1 X97.9 Y96.364 E260.15868
G1 X97.9 Y121.181 E261.39681
G0 F9000 X98.148 Y120.588
G0 X98.3 Y120.216
G1 F1500 X100.972 Y117.545 E261.5853
G1 X100.972 Y96.764 E262.62207
G1 X98.3 Y96.764 E262.75537
G1 X98.3 Y120.216 E263.9254
G0 F9000 X98.572 Y97.476
G0 X98.793 Y97.476
;TYPE:FILL
G1 F3000 X98.38 Y97.063 E263.95454
G0 F9000 X98.727 Y96.845
G1 F3000 X98.793 Y96.91 E263.95916
G0 F9000 X98.793 Y96.864
G0 X98.64 Y119.185
G0 X98.913 Y119.087
;TYPE:SKIN
G1 F1500 X100.612 Y117.393 E264.07886
G1 X100.612 Y97.124 E265.09008
G1 X98.832 Y97.124 E265.17889
G1 X98.832 Y119.054 E266.27298
G1 X98.913 Y119.087 E266.27734
G0 F9000 X99.243 Y118.476
G1 F1500 X99.032 Y118.266 E266.29219
G0 F9000 X99.526 Y118.194
G1 F1500 X99.032 Y117.7 E266.32705
G0 F9000 X99.032 Y117.134
G1 F1500 X99.81 Y117.911 E266.3819
G0 F9000 X100.092 Y117.629
G1 F1500 X99.032 Y116.569 E266.45669
G0 F9000 X99.032 Y116.003
G1 F1500 X100.375 Y117.346 E266.55145
G0 F9000 X100.412 Y116.817
G1 F1500 X99.032 Y115.437 E266.64882
G0 F9000 X99.032 Y114.872
G1 F1500 X100.412 Y116.251 E266.74615
G0 F9000 X100.412 Y115.685
G1 F1500 X99.032 Y114.306 E266.84348
G0 F9000 X99.032 Y113.74
G1 F1500 X100.412 Y115.12 E266.94084
G0 F9000 X100.412 Y114.554
G1 F1500 X99.032 Y113.175 E267.03818
G0 F9000 X99.032 Y112.609
G1 F1500 X100.412 Y113.988 E267.13551
G0 F9000 X100.412 Y113.423
G1 F1500 X99.032 Y112.043 E267.23287
G0 F9000 X99.032 Y111.478
G1 F1500 X100.412 Y112.857 E267.3302
G0 F9000 X100.412 Y112.291
G1 F1500 X99.032 Y110.912 E267.42754
G0 F9000 X99.032 Y110.346
G1 F1500 X100.412 Y111.726 E267.5249
G0 F9000 X100.412 Y111.16
G1 F1500 X99.032 Y109.78 E267.62227
G0 F9000 X99.032 Y109.215
G1 F1500 X100.412 Y110.594 E267.7196
G0 F9000 X100.412 Y110.029
G1 F1500 X99.032 Y108.649 E267.81697
G0 F9000 X99.032 Y108.083
G1 F1500 X100.412 Y109.463 E267.91433
G0 F9000 X100.412 Y108.897
G1 F1500 X99.032 Y107.518 E268.01166
G0 F9000 X99.032 Y106.952
G1 F1500 X100.412 Y108.332 E268.10903
G0 F9000 X100.412 Y107.766
G1 F1500 X99.032 Y106.386 E268.2064
G0 F9000 X99.032 Y105.821
G1 F1500 X100.412 Y107.2 E268.30373
G0 F9000 X100.412 Y106.635
G1 F1500 X99.032 Y105.255 E268.40109
G0 F9000 X99.032 Y104.689
G1 F1500 X100.412 Y106.069 E268.49846
G0 F9000 X100.412 Y105.503
G1 F1500 X99.032 Y104.124 E268.59579
G0 F9000 X99.032 Y103.558
G1 F1500 X100.412 Y104.937 E268.69312
G0 F9000 X100.412 Y104.372
G1 F1500 X99.032 Y102.992 E268.79049
G0 F9000 X99.032 Y102.427
G1 F1500 X100.412 Y103.806 E268.88782
G0 F9000 X100.412 Y103.24
G1 F1500 X99.032 Y101.861 E268.98515
G0 F9000 X99.032 Y101.295
G1 F1500 X100.412 Y102.675 E269.08252
G0 F9000 X100.412 Y102.109
G1 F1500 X99.032 Y100.729 E269.17988
G0 F9000 X99.032 Y100.164
G1 F1500 X100.412 Y101.543 E269.27722
G0 F9000 X100.412 Y100.978
G1 F1500 X99.032 Y99.598 E269.37458
G0 F9000 X99.032 Y99.032
G1 F1500 X100.412 Y100.412 E269.47195
G0 F9000 X100.412 Y99.846
G1 F1500 X99.032 Y98.467 E269.56928
G0 F9000 X99.032 Y97.901
G1 F1500 X100.412 Y99.281 E269.66665
G0 F9000 X100.412 Y98.715
G1 F1500 X99.032 Y97.335 E269.76401
G0 F9000 X99.587 Y97.324
G1 F1500 X100.412 Y98.149 E269.82222
G0 F9000 X100.412 Y97.584
G1 F1500 X100.152 Y97.324 E269.84057
G1 F2700 E260.84057
;MESH:wildrosebuilds_puzzlecube.stl(2)
G0 F9000 X100.152 Y96.864
G0 X100.8 Y96.936
G0 X101.545 Y117.786
G0 X102.637 Y117.785
G0 X126.635 Y117.786
G0 X127.5 Y122.146
;TYPE:WALL-OUTER
G1 F2700 E269.84057
G1 F1500 X131.772 Y117.877 E270.14187
G1 X131.772 Y95.964 E271.23512
G1 X127.5 Y95.964 E271.44825
G1 X127.5 Y122.146 E272.75447
G0 F9000 X127.748 Y121.554
G0 X128.171 Y120.549
G0 X127.9 Y121.181
;TYPE:WALL-INNER
G1 F1500 X131.372 Y117.711 E272.99937
G1 X131.372 Y96.364 E274.06438
G1 X127.9 Y96.364 E274.2376
G1 X127.9 Y121.181 E275.47572
G0 F9000 X128.148 Y120.588
G0 X128.3 Y120.216
G1 F1500 X130.972 Y117.545 E275.66421
G1 X130.972 Y96.764 E276.70098
G1 X128.3 Y96.764 E276.83428
G1 X128.3 Y120.216 E278.00431
G0 F9000 X128.572 Y97.477
G0 X128.793 Y97.477
;TYPE:FILL
G1 F3000 X128.379 Y97.063 E278.03352
G0 F9000 X128.726 Y96.844
G1 F3000 X128.793 Y96.911 E278.03825
G0 F9000 X128.793 Y96.864
G0 X128.64 Y119.185
G0 X128.913 Y119.087
;TYPE:SKIN
G1 F1500 X130.612 Y117.393 E278.15794
G1 X130.612 Y97.124 E279.16917
G1 X128.832 Y97.124 E279.25797
G1 X128.832 Y119.054 E280.35207
G1 X128.913 Y119.087 E280.35643
G0 F9000 X129.234 Y118.486
G1 F1500 X129.032 Y118.284 E280.37068
G0 F9000 X129.517 Y118.203
G1 F1500 X129.032 Y117.718 E280.4049
G0 F9000 X129.032 Y117.153
G1 F1500 X129.8 Y117.921 E280.45909
G0 F9000 X130.083 Y117.638
G1 F1500 X129.032 Y116.587 E280.53324
G0 F9000 X129.032 Y116.021
G1 F1500 X130.366 Y117.355 E280.62736
G0 F9000 X130.412 Y116.836
G1 F1500 X129.032 Y115.456 E280.72473
G0 F9000 X129.032 Y114.89
G1 F1500 X130.412 Y116.27 E280.82209
G0 F9000 X130.412 Y115.705
G1 F1500 X129.032 Y114.324 E280.9195
G0 F9000 X129.032 Y113.759
G1 F1500 X130.412 Y115.139 E281.01686
G0 F9000 X130.412 Y114.573
G1 F1500 X129.032 Y113.193 E281.11423
G0 F9000 X129.032 Y112.627
G1 F1500 X130.412 Y114.008 E281.21163
G0 F9000 X130.412 Y113.442
G1 F1500 X129.032 Y112.062 E281.309
G0 F9000 X129.032 Y111.496
G1 F1500 X130.412 Y112.876 E281.40636
G0 F9000 X130.412 Y112.31
G1 F1500 X129.032 Y110.93 E281.50373
G0 F9000 X129.032 Y110.365
G1 F1500 X130.412 Y111.745 E281.6011
G0 F9000 X130.412 Y111.179
G1 F1500 X129.032 Y109.799 E281.69846
G0 F9000 X129.032 Y109.233
G1 F1500 X130.412 Y110.613 E281.79583
G0 F9000 X130.412 Y110.048
G1 F1500 X129.032 Y108.667 E281.89323
G0 F9000 X129.032 Y108.102
G1 F1500 X130.412 Y109.482 E281.9906
G0 F9000 X130.412 Y108.916
G1 F1500 X129.032 Y107.536 E282.08796
G0 F9000 X129.032 Y106.97
G1 F1500 X130.412 Y108.351 E282.18537
G0 F9000 X130.412 Y107.785
G1 F1500 X129.032 Y106.405 E282.28273
G0 F9000 X129.032 Y105.839
G1 F1500 X130.412 Y107.219 E282.3801
G0 F9000 X130.412 Y106.654
G1 F1500 X129.032 Y105.273 E282.4775
G0 F9000 X129.032 Y104.708
G1 F1500 X130.412 Y106.088 E282.57487
G0 F9000 X130.412 Y105.522
G1 F1500 X129.032 Y104.142 E282.67223
G0 F9000 X129.032 Y103.576
G1 F1500 X130.412 Y104.957 E282.76964
G0 F9000 X130.412 Y104.391
G1 F1500 X129.032 Y103.011 E282.867
G0 F9000 X129.032 Y102.445
G1 F1500 X130.412 Y103.825 E282.96437
G0 F9000 X130.412 Y103.26
G1 F1500 X129.032 Y101.879 E283.06177
G0 F9000 X129.032 Y101.314
G1 F1500 X130.412 Y102.694 E283.15914
G0 F9000 X130.412 Y102.128
G1 F1500 X129.032 Y100.748 E283.2565
G0 F9000 X129.032 Y100.182
G1 F1500 X130.412 Y101.562 E283.35387
G0 F9000 X130.412 Y100.997
G1 F1500 X129.032 Y99.616 E283.45127
G0 F9000 X129.032 Y99.051
G1 F1500 X130.412 Y100.431 E283.54864
G0 F9000 X130.412 Y99.865
G1 F1500 X129.032 Y98.485 E283.646
G0 F9000 X129.032 Y97.919
G1 F1500 X130.412 Y99.3 E283.74341
G0 F9000 X130.412 Y98.734
G1 F1500 X129.032 Y97.354 E283.84077
G0 F9000 X129.568 Y97.324
G1 F1500 X130.412 Y98.168 E283.90032
G0 F9000 X130.412 Y97.603
G1 F1500 X130.134 Y97.324 E283.91997
G1 F2700 E274.91997
;MESH:NONMESH
G0 F300 X130.134 Y97.324 Z22.65
G0 F9000 X130.134 Y96.864
G0 X127.724 Y96.188
G0 X127.724 Y95.099
G0 X124.965 Y92.212
G0 X120.128 Y92.436
;TIME_ELAPSED:5490.453416
;LAYER:75
;TYPE:WALL-OUTER
;MESH:wildrosebuilds_puzzlecube.stl(1)
G1 F2700 E283.91997
G1 F1500 X124.1 Y92.436 E284.11813
G1 X124.1 Y66.248 E285.42466
G1 X120.124 Y70.219 E285.70501
G1 X120.128 Y92.436 E286.81342
G0 F9000 X120.528 Y92.036
;TYPE:WALL-INNER
G1 F1500 X123.7 Y92.036 E286.97167
G1 X123.7 Y67.213 E288.2101
G1 X120.524 Y70.385 E288.43404
G1 X120.528 Y92.036 E289.51421
G0 F9000 X120.928 Y91.636
G1 F1500 X123.3 Y91.636 E289.63255
G1 X123.3 Y68.178 E290.80288
G1 X120.924 Y70.551 E290.97041
G1 X120.928 Y91.636 E292.02235
G0 F9000 X121.288 Y91.276
;TYPE:SKIN
G1 F1500 X122.94 Y91.276 E292.10476
G1 X122.94 Y69.048 E293.21372
G1 X121.284 Y70.699 E293.33039
G1 X121.288 Y91.276 E294.35698
G0 F9000 X121.288 Y91.536
G0 X123.128 Y91.464
G0 X123.2 Y90.524
G0 X122.74 Y90.524
G1 F1500 X122.187 Y91.076 E294.39596
G0 F9000 X121.622 Y91.076
G1 F1500 X122.74 Y89.958 E294.47484
G0 F9000 X122.74 Y89.392
G1 F1500 X121.488 Y90.644 E294.56318
G0 F9000 X121.488 Y90.078
G1 F1500 X122.74 Y88.827 E294.65148
G0 F9000 X122.74 Y88.261
G1 F1500 X121.488 Y89.513 E294.73981
G0 F9000 X121.488 Y88.947
G1 F1500 X122.74 Y87.695 E294.82815
G0 F9000 X122.74 Y87.13
G1 F1500 X121.488 Y88.381 E294.91645
G0 F9000 X121.488 Y87.816
G1 F1500 X122.74 Y86.564 E295.00478
G0 F9000 X122.74 Y85.998
G1 F1500 X121.488 Y87.25 E295.09312
G0 F9000 X121.487 Y86.685
G1 F1500 X122.74 Y85.433 E295.18149
G0 F9000 X122.74 Y84.867
G1 F1500 X121.487 Y86.119 E295.26986
G0 F9000 X121.487 Y85.554
G1 F1500 X122.74 Y84.301 E295.35827
G0 F9000 X122.74 Y83.736
G1 F1500 X121.487 Y84.988 E295.44664
G0 F9000 X121.487 Y84.422
G1 F1500 X122.74 Y83.17 E295.53501
G0 F9000 X122.74 Y82.604
G1 F1500 X121.487 Y83.857 E295.62341
G0 F9000 X121.487 Y83.291
G1 F1500 X122.74 Y82.039 E295.71178
G0 F9000 X122.74 Y81.473
G1 F1500 X121.487 Y82.726 E295.80019
G0 F9000 X121.487 Y82.16
G1 F1500 X122.74 Y80.907 E295.8886
G0 F9000 X122.74 Y80.341
G1 F1500 X121.487 Y81.594 E295.977
G0 F9000 X121.487 Y81.029
G1 F1500 X122.74 Y79.776 E296.06541
G0 F9000 X122.74 Y79.21
G1 F1500 X121.487 Y80.463 E296.15381
G0 F9000 X121.487 Y79.897
G1 F1500 X122.74 Y78.644 E296.24222
G0 F9000 X122.74 Y78.079
G1 F1500 X121.487 Y79.332 E296.33062
G0 F9000 X121.486 Y78.767
G1 F1500 X122.74 Y77.513 E296.4191
G0 F9000 X122.74 Y76.947
G1 F1500 X121.486 Y78.201 E296.50758
G0 F9000 X121.486 Y77.635
G1 F1500 X122.74 Y76.382 E296.59602
G0 F9000 X122.74 Y75.816
G1 F1500 X121.486 Y77.07 E296.6845
G0 F9000 X121.486 Y76.504
G1 F1500 X122.74 Y75.25 E296.77297
G0 F9000 X122.74 Y74.685
G1 F1500 X121.486 Y75.938 E296.86141
G0 F9000 X121.486 Y75.373
G1 F1500 X122.74 Y74.119 E296.94989
G0 F9000 X122.74 Y73.553
G1 F1500 X121.485 Y74.808 E297.03844
G0 F9000 X121.485 Y74.242
G1 F1500 X122.74 Y72.988 E297.12695
G0 F9000 X122.74 Y72.422
G1 F1500 X121.485 Y73.676 E297.21546
G0 F9000 X121.485 Y73.111
G1 F1500 X122.74 Y71.856 E297.30401
G0 F9000 X122.74 Y71.291
G1 F1500 X121.485 Y72.545 E297.39252
G0 F9000 X121.485 Y71.979
G1 F1500 X122.74 Y70.725 E297.48103
G0 F9000 X122.74 Y70.159
G1 F1500 X121.485 Y71.414 E297.56958
G0 F9000 X121.485 Y70.848
G1 F1500 X122.74 Y69.593 E297.65812
G1 F2700 E288.65812
;MESH:wildrosebuilds_puzzlecube.stl
G0 F9000 X123.2 Y69.593
G0 X123.115 Y68.624
G0 X121.088 Y70.619
G0 X120.352 Y92.212
G0 X119.263 Y92.213
G0 X102.337 Y96.187
G0 X97.5 Y122.146
;TYPE:WALL-OUTER
G1 F2700 E297.65812
G1 F1500 X101.472 Y118.177 E297.93826
G1 X101.472 Y95.964 E299.04648
G1 X97.5 Y95.964 E299.24464
G1 X97.5 Y122.146 E300.55087
G0 F9000 X97.748 Y121.554
G0 X98.171 Y120.549
G0 X97.9 Y121.181
;TYPE:WALL-INNER
G1 F1500 X101.072 Y118.011 E300.7746
G1 X101.072 Y96.364 E301.85457
G1 X97.9 Y96.364 E302.01282
G1 X97.9 Y121.181 E303.25095
G0 F9000 X98.148 Y120.588
G0 X98.3 Y120.216
G1 F1500 X100.672 Y117.845 E303.41827
G1 X100.672 Y96.764 E304.47
G1 X98.3 Y96.764 E304.58834
G1 X98.3 Y120.216 E305.75837
G0 F9000 X98.66 Y119.342
;TYPE:SKIN
G1 F1500 X100.312 Y117.692 E305.87486
G1 X100.312 Y97.124 E306.901
G1 X98.66 Y97.124 E306.98342
G1 X98.66 Y119.342 E308.09188
G0 F9000 X98.4 Y119.342
G0 X98.485 Y119.769
G0 X100.508 Y117.777
G0 X100.572 Y117.112
G0 X100.111 Y117.112
G1 F1500 X98.86 Y118.363 E308.18014
G0 F9000 X98.86 Y117.798
G1 F1500 X100.111 Y116.546 E308.26844
G0 F9000 X100.111 Y115.98
G1 F1500 X98.86 Y117.232 E308.35674
G0 F9000 X98.86 Y116.666
G1 F1500 X100.111 Y115.415 E308.44501
G0 F9000 X100.111 Y114.849
G1 F1500 X98.86 Y116.101 E308.53331
G0 F9000 X98.86 Y115.535
G1 F1500 X100.111 Y114.283 E308.62161
G0 F9000 X100.111 Y113.718
G1 F1500 X98.86 Y114.969 E308.70987
G0 F9000 X98.86 Y114.404
G1 F1500 X100.111 Y113.152 E308.79817
G0 F9000 X100.111 Y112.586
G1 F1500 X98.86 Y113.838 E308.88647
G0 F9000 X98.86 Y113.272
G1 F1500 X100.111 Y112.021 E308.97474
G0 F9000 X100.111 Y111.455
G1 F1500 X98.86 Y112.706 E309.063
G0 F9000 X98.86 Y112.141
G1 F1500 X100.111 Y110.889 E309.1513
G0 F9000 X100.111 Y110.324
G1 F1500 X98.86 Y111.575 E309.23957
G0 F9000 X98.86 Y111.009
G1 F1500 X100.111 Y109.758 E309.32783
G0 F9000 X100.111 Y109.192
G1 F1500 X98.86 Y110.444 E309.41613
G0 F9000 X98.86 Y109.878
G1 F1500 X100.111 Y108.626 E309.50443
G0 F9000 X100.111 Y108.061
G1 F1500 X98.86 Y109.312 E309.5927
G0 F9000 X98.86 Y108.747
G1 F1500 X100.111 Y107.495 E309.681
G0 F9000 X100.111 Y106.929
G1 F1500 X98.86 Y108.181 E309.7693
G0 F9000 X98.86 Y107.615
G1 F1500 X100.111 Y106.364 E309.85756
G0 F9000 X100.111 Y105.798
G1 F1500 X98.86 Y107.05 E309.94586
G0 F9000 X98.86 Y106.484
G1 F1500 X100.111 Y105.232 E310.03416
G0 F9000 X100.111 Y104.667
G1 F1500 X98.86 Y105.918 E310.12243
G0 F9000 X98.86 Y105.353
G1 F1500 X100.111 Y104.101 E310.21073
G0 F9000 X100.111 Y103.535
G1 F1500 X98.86 Y104.787 E310.29903
G0 F9000 X98.86 Y104.221
G1 F1500 X100.111 Y102.97 E310.38729
G0 F9000 X100.111 Y102.404
G1 F1500 X98.86 Y103.655 E310.47556
G0 F9000 X98.86 Y103.09
G1 F1500 X100.111 Y101.838 E310.56386
G0 F9000 X100.111 Y101.273
G1 F1500 X98.86 Y102.524 E310.65212
G0 F9000 X98.86 Y101.958
G1 F1500 X100.111 Y100.707 E310.74038
G0 F9000 X100.111 Y100.141
G1 F1500 X98.86 Y101.393 E310.82869
G0 F9000 X98.86 Y100.827
G1 F1500 X100.111 Y99.575 E310.91699
G0 F9000 X100.111 Y99.01
G1 F1500 X98.86 Y100.261 E311.00525
G0 F9000 X98.86 Y99.696
G1 F1500 X100.111 Y98.444 E311.09355
G0 F9000 X100.111 Y97.878
G1 F1500 X98.86 Y99.13 E311.18185
G0 F9000 X98.86 Y98.564
G1 F1500 X100.1 Y97.324 E311.26934
G0 F9000 X99.534 Y97.324
G1 F1500 X98.86 Y97.999 E311.31693
G0 F9000 X98.86 Y97.433
G1 F1500 X98.969 Y97.324 E311.32462
G1 F2700 E302.32462
;MESH:wildrosebuilds_puzzlecube.stl(2)
G0 F9000 X98.969 Y96.864
G0 X100.5 Y96.936
G0 X101.245 Y118.086
G0 X102.337 Y118.085
G0 X126.635 Y118.086
G0 X127.5 Y122.146
;TYPE:WALL-OUTER
G1 F2700 E311.32462
G1 F1500 X131.472 Y118.177 E311.60476
G1 X131.472 Y95.964 E312.71297
G1 X127.5 Y95.964 E312.91113
G1 X127.5 Y122.146 E314.21736
G0 F9000 X127.748 Y121.554
G0 X128.171 Y120.549
G0 X127.9 Y121.181
;TYPE:WALL-INNER
G1 F1500 X131.072 Y118.011 E314.44109
G1 X131.072 Y96.364 E315.52106
G1 X127.9 Y96.364 E315.67932
G1 X127.9 Y121.181 E316.91744
G0 F9000 X128.148 Y120.588
G0 X128.3 Y120.216
G1 F1500 X130.672 Y117.845 E317.08476
G1 X130.672 Y96.764 E318.1365
G1 X128.3 Y96.764 E318.25484
G1 X128.3 Y120.216 E319.42486
G0 F9000 X128.66 Y119.342
;TYPE:SKIN
G1 F1500 X130.312 Y117.692 E319.54135
G1 X130.312 Y97.124 E320.56749
G1 X128.66 Y97.124 E320.64991
G1 X128.66 Y119.342 E321.75837
G0 F9000 X128.4 Y119.342
G0 X128.485 Y119.769
G0 X130.508 Y117.777
G0 X130.572 Y117.093
G0 X130.112 Y117.093
G1 F1500 X128.86 Y118.345 E321.84671
G0 F9000 X128.86 Y117.779
G1 F1500 X130.112 Y116.527 E321.93504
G0 F9000 X130.112 Y115.961
G1 F1500 X128.86 Y117.214 E322.02341
G0 F9000 X128.86 Y116.648
G1 F1500 X130.112 Y115.396 E322.11175
G0 F9000 X130.112 Y114.83
G1 F1500 X128.86 Y116.082 E322.20008
G0 F9000 X128.86 Y115.516
G1 F1500 X130.112 Y114.264 E322.28842
G0 F9000 X130.112 Y113.699
G1 F1500 X128.86 Y114.951 E322.37675
G0 F9000 X128.86 Y114.385
G1 F1500 X130.112 Y113.133 E322.46509
G0 F9000 X130.112 Y112.567
G1 F1500 X128.86 Y113.819 E322.55342
G0 F9000 X128.86 Y113.254
G1 F1500 X130.112 Y112.001 E322.64179
G0 F9000 X130.112 Y111.436
G1 F1500 X128.86 Y112.688 E322.73013
G0 F9000 X128.86 Y112.122
G1 F1500 X130.112 Y110.87 E322.81847
G0 F9000 X130.112 Y110.304
G1 F1500 X128.86 Y111.557 E322.90684
G0 F9000 X128.86 Y110.991
G1 F1500 X130.112 Y109.739 E322.99517
G0 F9000 X130.112 Y109.173
G1 F1500 X128.86 Y110.425 E323.08351
G0 F9000 X128.86 Y109.86
G1 F1500 X130.112 Y108.607 E323.17188
G0 F9000 X130.112 Y108.042
G1 F1500 X128.86 Y109.294 E323.26021
G0 F9000 X128.86 Y108.728
G1 F1500 X130.112 Y107.476 E323.34855
G0 F9000 X130.112 Y106.91
G1 F1500 X128.86 Y108.163 E323.43692
G0 F9000 X128.86 Y107.597
G1 F1500 X130.112 Y106.345 E323.52525
G0 F9000 X130.112 Y105.779
G1 F1500 X128.86 Y107.031 E323.61359
G0 F9000 X128.86 Y106.466
G1 F1500 X130.112 Y105.213 E323.70196
G0 F9000 X130.112 Y104.648
G1 F1500 X128.86 Y105.9 E323.7903
G0 F9000 X128.86 Y105.334
G1 F1500 X130.112 Y104.082 E323.87863
G0 F9000 X130.112 Y103.516
G1 F1500 X128.86 Y104.768 E323.96697
G0 F9000 X128.86 Y104.203
G1 F1500 X130.112 Y102.951 E324.0553
G0 F9000 X130.112 Y102.385
G1 F1500 X128.86 Y103.637 E324.14364
G0 F9000 X128.86 Y103.071
G1 F1500 X130.112 Y101.819 E324.23197
G0 F9000 X130.112 Y101.253
G1 F1500 X128.86 Y102.506 E324.32034
G0 F9000 X128.86 Y101.94
G1 F1500 X130.112 Y100.688 E324.40868
G0 F9000 X130.112 Y100.122
G1 F1500 X128.86 Y101.374 E324.49701
G0 F9000 X128.86 Y100.809
G1 F1500 X130.112 Y99.556 E324.58538
G0 F9000 X130.112 Y98.991
G1 F1500 X128.86 Y100.243 E324.67372
G0 F9000 X128.86 Y99.677
G1 F1500 X130.112 Y98.425 E324.76206
G0 F9000 X130.112 Y97.859
G1 F1500 X128.86 Y99.112 E324.85043
G0 F9000 X128.86 Y98.546
G1 F1500 X130.081 Y97.324 E324.93661
G0 F9000 X129.516 Y97.324
G1 F1500 X128.86 Y97.98 E324.98289
G0 F9000 X128.86 Y97.415
G1 F1500 X128.95 Y97.324 E324.98928
G1 F2700 E315.98928
;MESH:NONMESH
G0 F300 X128.95 Y97.324 Z22.95
G0 F9000 X128.95 Y96.864
G0 X127.724 Y96.188
G0 X127.724 Y95.099
G0 X124.965 Y92.212
G0 X120.428 Y92.436
;TIME_ELAPSED:5539.733537
;LAYER:76
;TYPE:WALL-OUTER
;MESH:wildrosebuilds_puzzlecube.stl(1)
G1 F2700 E324.98928
G1 F1500 X124.1 Y92.436 E325.17248
G1 X124.1 Y66.248 E326.479
G1 X120.424 Y69.919 E326.73819
G1 X120.428 Y92.436 E327.86156
G0 F9000 X120.828 Y92.036
;TYPE:WALL-INNER
G1 F1500 X123.7 Y92.036 E328.00485
G1 X123.7 Y67.213 E329.24327
G1 X120.824 Y70.085 E329.44605
G1 X120.828 Y92.036 E330.54119
G0 F9000 X121.228 Y91.636
G1 F1500 X123.3 Y91.636 E330.64456
G1 X123.3 Y68.178 E331.81489
G1 X121.224 Y70.251 E331.96125
G1 X121.228 Y91.636 E333.02815
G0 F9000 X121.588 Y91.276
;TYPE:SKIN
G1 F1500 X122.94 Y91.276 E333.09561
G1 X122.94 Y69.048 E334.20457
G1 X121.584 Y70.399 E334.30006
G1 X121.588 Y91.276 E335.34162
G0 F9000 X121.788 Y90.675
G1 F1500 X122.189 Y91.076 E335.36991
G0 F9000 X122.74 Y91.062
G1 F1500 X121.788 Y90.109 E335.43712
G0 F9000 X121.788 Y89.544
G1 F1500 X122.74 Y90.496 E335.50429
G0 F9000 X122.74 Y89.931
G1 F1500 X121.788 Y88.978 E335.57149
G0 F9000 X121.788 Y88.412
G1 F1500 X122.74 Y89.365 E335.63869
G0 F9000 X122.74 Y88.799
G1 F1500 X121.788 Y87.847 E335.70586
G0 F9000 X121.787 Y87.28
G1 F1500 X122.74 Y88.233 E335.7731
G0 F9000 X122.74 Y87.668
G1 F1500 X121.787 Y86.715 E335.84034
G0 F9000 X121.787 Y86.149
G1 F1500 X122.74 Y87.102 E335.90758
G0 F9000 X122.74 Y86.536
G1 F1500 X121.787 Y85.583 E335.97482
G0 F9000 X121.787 Y85.018
G1 F1500 X122.74 Y85.971 E336.04206
G0 F9000 X122.74 Y85.405
G1 F1500 X121.787 Y84.452 E336.1093
G0 F9000 X121.786 Y83.885
G1 F1500 X122.74 Y84.839 E336.17661
G0 F9000 X122.74 Y84.274
G1 F1500 X121.786 Y83.32 E336.24392
G0 F9000 X121.786 Y82.754
G1 F1500 X122.74 Y83.708 E336.31123
G0 F9000 X122.74 Y83.142
G1 F1500 X121.786 Y82.188 E336.37854
G0 F9000 X121.786 Y81.623
G1 F1500 X122.74 Y82.577 E336.44585
G0 F9000 X122.74 Y82.011
G1 F1500 X121.786 Y81.057 E336.51316
G0 F9000 X121.786 Y80.491
G1 F1500 X122.74 Y81.445 E336.58047
G0 F9000 X122.74 Y80.88
G1 F1500 X121.786 Y79.925 E336.64781
G0 F9000 X121.786 Y79.359
G1 F1500 X122.74 Y80.314 E336.71516
G0 F9000 X122.74 Y79.748
G1 F1500 X121.786 Y78.794 E336.78247
G0 F9000 X121.786 Y78.228
G1 F1500 X122.74 Y79.183 E336.84981
G0 F9000 X122.74 Y78.617
G1 F1500 X121.786 Y77.662 E336.91716
G0 F9000 X121.785 Y77.096
G1 F1500 X122.74 Y78.051 E336.98454
G0 F9000 X122.74 Y77.485
G1 F1500 X121.785 Y76.53 E337.05192
G0 F9000 X121.785 Y75.964
G1 F1500 X122.74 Y76.92 E337.11933
G0 F9000 X122.74 Y76.354
G1 F1500 X121.785 Y75.399 E337.18671
G0 F9000 X121.785 Y74.833
G1 F1500 X122.74 Y75.788 E337.2541
G0 F9000 X122.74 Y75.223
G1 F1500 X121.785 Y74.267 E337.32151
G0 F9000 X121.784 Y73.701
G1 F1500 X122.74 Y74.657 E337.38896
G0 F9000 X122.74 Y74.091
G1 F1500 X121.784 Y73.135 E337.45641
G0 F9000 X121.784 Y72.57
G1 F1500 X122.74 Y73.526 E337.52386
G0 F9000 X122.74 Y72.96
G1 F1500 X121.784 Y72.004 E337.59131
G0 F9000 X121.784 Y71.438
G1 F1500 X122.74 Y72.394 E337.65877
G0 F9000 X122.74 Y71.829
G1 F1500 X121.784 Y70.873 E337.72622
G0 F9000 X121.872 Y70.395
G1 F1500 X122.74 Y71.263 E337.78746
G0 F9000 X122.74 Y70.697
G1 F1500 X122.155 Y70.112 E337.82873
G0 F9000 X122.438 Y69.83
G1 F1500 X122.74 Y70.132 E337.85004
G1 F2700 E328.85004
;MESH:wildrosebuilds_puzzlecube.stl
G0 F9000 X123.2 Y70.132
G0 X123.115 Y68.624
G0 X121.388 Y70.319
G0 X120.652 Y92.212
G0 X119.563 Y92.213
G0 X102.037 Y96.187
G0 X97.5 Y122.146
;TYPE:WALL-OUTER
G1 F2700 E337.85004
G1 F1500 X101.172 Y118.477 E338.10902
G1 X101.172 Y95.964 E339.23219
G1 X97.5 Y95.964 E339.41539
G1 X97.5 Y122.146 E340.72162
G0 F9000 X97.748 Y121.554
G0 X98.171 Y120.549
G0 X97.9 Y121.181
;TYPE:WALL-INNER
G1 F1500 X100.772 Y118.311 E340.92418
G1 X100.772 Y96.364 E342.01912
G1 X97.9 Y96.364 E342.1624
G1 X97.9 Y121.181 E343.40053
G0 F9000 X98.148 Y120.588
G0 X98.3 Y120.216
G1 F1500 X100.372 Y118.145 E343.54669
G1 X100.372 Y96.764 E344.61339
G1 X98.3 Y96.764 E344.71676
G1 X98.3 Y120.216 E345.88679
G0 F9000 X98.66 Y119.342
;TYPE:SKIN
G1 F1500 X100.012 Y117.992 E345.98211
G1 X100.012 Y97.124 E347.02321
G1 X98.66 Y97.124 E347.09067
G1 X98.66 Y119.342 E348.19913
G0 F9000 X98.96 Y118.759
G1 F1500 X98.86 Y118.659 E348.20618
G0 F9000 X99.243 Y118.476
G1 F1500 X98.86 Y118.093 E348.23321
G0 F9000 X98.86 Y117.528
G1 F1500 X99.527 Y118.194 E348.28023
G0 F9000 X99.81 Y117.911
G1 F1500 X98.86 Y116.962 E348.34722
G0 F9000 X98.86 Y116.396
G1 F1500 X99.812 Y117.348 E348.41439
G0 F9000 X99.812 Y116.782
G1 F1500 X98.86 Y115.83 E348.48156
G0 F9000 X98.86 Y115.265
G1 F1500 X99.812 Y116.217 E348.54873
G0 F9000 X99.812 Y115.651
G1 F1500 X98.86 Y114.699 E348.6159
G0 F9000 X98.86 Y114.133
G1 F1500 X99.812 Y115.085 E348.68307
G0 F9000 X99.812 Y114.519
G1 F1500 X98.86 Y113.568 E348.7502
G0 F9000 X98.86 Y113.002
G1 F1500 X99.812 Y113.954 E348.81737
G0 F9000 X99.812 Y113.388
G1 F1500 X98.86 Y112.436 E348.88454
G0 F9000 X98.86 Y111.871
G1 F1500 X99.812 Y112.822 E348.95167
G0 F9000 X99.812 Y112.257
G1 F1500 X98.86 Y111.305 E349.01884
G0 F9000 X98.86 Y110.739
G1 F1500 X99.812 Y111.691 E349.08601
G0 F9000 X99.812 Y111.125
G1 F1500 X98.86 Y110.174 E349.15314
G0 F9000 X98.86 Y109.608
G1 F1500 X99.812 Y110.56 E349.22031
G0 F9000 X99.812 Y109.994
G1 F1500 X98.86 Y109.042 E349.28748
G0 F9000 X98.86 Y108.477
G1 F1500 X99.812 Y109.428 E349.35461
G0 F9000 X99.812 Y108.863
G1 F1500 X98.86 Y107.911 E349.42178
G0 F9000 X98.86 Y107.345
G1 F1500 X99.812 Y108.297 E349.48895
G0 F9000 X99.812 Y107.731
G1 F1500 X98.86 Y106.779 E349.55612
G0 F9000 X98.86 Y106.214
G1 F1500 X99.812 Y107.166 E349.62329
G0 F9000 X99.812 Y106.6
G1 F1500 X98.86 Y105.648 E349.69046
G0 F9000 X98.86 Y105.082
G1 F1500 X99.812 Y106.034 E349.75763
G0 F9000 X99.812 Y105.469
G1 F1500 X98.86 Y104.517 E349.82479
G0 F9000 X98.86 Y103.951
G1 F1500 X99.812 Y104.903 E349.89196
G0 F9000 X99.812 Y104.337
G1 F1500 X98.86 Y103.385 E349.95913
G0 F9000 X98.86 Y102.82
G1 F1500 X99.812 Y103.771 E350.02626
G0 F9000 X99.812 Y103.206
G1 F1500 X98.86 Y102.254 E350.09343
G0 F9000 X98.86 Y101.688
G1 F1500 X99.812 Y102.64 E350.1606
G0 F9000 X99.812 Y102.074
G1 F1500 X98.86 Y101.123 E350.22774
G0 F9000 X98.86 Y100.557
G1 F1500 X99.812 Y101.509 E350.2949
G0 F9000 X99.812 Y100.943
G1 F1500 X98.86 Y99.991 E350.36207
G0 F9000 X98.86 Y99.426
G1 F1500 X99.812 Y100.377 E350.42921
G0 F9000 X99.812 Y99.812
G1 F1500 X98.86 Y98.86 E350.49638
G0 F9000 X98.86 Y98.294
G1 F1500 X99.812 Y99.246 E350.56354
G0 F9000 X99.812 Y98.68
G1 F1500 X98.86 Y97.729 E350.63068
G0 F9000 X99.021 Y97.324
G1 F1500 X99.812 Y98.115 E350.68649
G0 F9000 X99.812 Y97.549
G1 F1500 X99.587 Y97.324 E350.70236
G1 F2700 E341.70236
;MESH:wildrosebuilds_puzzlecube.stl(2)
G0 F9000 X99.587 Y96.864
G0 X100.2 Y96.936
G0 X100.945 Y118.386
G0 X102.037 Y118.385
G0 X126.635 Y118.386
G0 X127.5 Y122.146
;TYPE:WALL-OUTER
G1 F2700 E350.70236
G1 F1500 X131.172 Y118.477 E350.96134
G1 X131.172 Y95.964 E352.08451
G1 X127.5 Y95.964 E352.26771
G1 X127.5 Y122.146 E353.57394
G0 F9000 X127.748 Y121.554
G0 X128.171 Y120.549
G0 X127.9 Y121.181
;TYPE:WALL-INNER
G1 F1500 X130.772 Y118.311 E353.7765
G1 X130.772 Y96.364 E354.87144
G1 X127.9 Y96.364 E355.01473
G1 X127.9 Y121.181 E356.25285
G0 F9000 X128.148 Y120.588
G0 X128.3 Y120.216
G1 F1500 X130.372 Y118.145 E356.39901
G1 X130.372 Y96.764 E357.46571
G1 X128.3 Y96.764 E357.56908
G1 X128.3 Y120.216 E358.73911
G0 F9000 X128.66 Y119.342
;TYPE:SKIN
G1 F1500 X130.012 Y117.992 E358.83443
G1 X130.012 Y97.124 E359.87554
G1 X128.66 Y97.124 E359.94299
G1 X128.66 Y119.342 E361.05145
G0 F9000 X128.951 Y118.768
G1 F1500 X128.86 Y118.677 E361.05787
G0 F9000 X129.234 Y118.486
G1 F1500 X128.86 Y118.112 E361.08426
G0 F9000 X128.86 Y117.546
G1 F1500 X129.517 Y118.204 E361.13065
G0 F9000 X129.8 Y117.921
G1 F1500 X128.86 Y116.98 E361.197
G0 F9000 X128.86 Y116.415
G1 F1500 X129.812 Y117.367 E361.26417
G0 F9000 X129.812 Y116.801
G1 F1500 X128.86 Y115.849 E361.33134
G0 F9000 X128.86 Y115.283
G1 F1500 X129.812 Y116.236 E361.39854
G0 F9000 X129.812 Y115.67
G1 F1500 X128.86 Y114.717 E361.46575
G0 F9000 X128.86 Y114.152
G1 F1500 X129.812 Y115.104 E361.53292
G0 F9000 X129.812 Y114.539
G1 F1500 X128.86 Y113.586 E361.60012
G0 F9000 X128.86 Y113.02
G1 F1500 X129.812 Y113.973 E361.66733
G0 F9000 X129.812 Y113.407
G1 F1500 X128.86 Y112.455 E361.73449
G0 F9000 X128.86 Y111.889
G1 F1500 X129.812 Y112.842 E361.8017
G0 F9000 X129.812 Y112.276
G1 F1500 X128.86 Y111.323 E361.8689
G0 F9000 X128.86 Y110.758
G1 F1500 X129.812 Y111.71 E361.93607
G0 F9000 X129.812 Y111.144
G1 F1500 X128.86 Y110.192 E362.00324
G0 F9000 X128.86 Y109.626
G1 F1500 X129.812 Y110.579 E362.07044
G0 F9000 X129.812 Y110.013
G1 F1500 X128.86 Y109.061 E362.13761
G0 F9000 X128.86 Y108.495
G1 F1500 X129.812 Y109.447 E362.20478
G0 F9000 X129.812 Y108.882
G1 F1500 X128.86 Y107.929 E362.27199
G0 F9000 X128.86 Y107.364
G1 F1500 X129.812 Y108.316 E362.33915
G0 F9000 X129.812 Y107.75
G1 F1500 X128.86 Y106.798 E362.40632
G0 F9000 X128.86 Y106.232
G1 F1500 X129.812 Y107.185 E362.47353
G0 F9000 X129.812 Y106.619
G1 F1500 X128.86 Y105.667 E362.5407
G0 F9000 X128.86 Y105.101
G1 F1500 X129.812 Y106.053 E362.60786
G0 F9000 X129.812 Y105.488
G1 F1500 X128.86 Y104.535 E362.67507
G0 F9000 X128.86 Y103.969
G1 F1500 X129.812 Y104.922 E362.74227
G0 F9000 X129.812 Y104.356
G1 F1500 X128.86 Y103.404 E362.80944
G0 F9000 X128.86 Y102.838
G1 F1500 X129.812 Y103.791 E362.87664
G0 F9000 X129.812 Y103.225
G1 F1500 X128.86 Y102.272 E362.94385
G0 F9000 X128.86 Y101.707
G1 F1500 X129.812 Y102.659 E363.01102
G0 F9000 X129.812 Y102.093
G1 F1500 X128.86 Y101.141 E363.07819
G0 F9000 X128.86 Y100.575
G1 F1500 X129.812 Y101.528 E363.14539
G0 F9000 X129.812 Y100.962
G1 F1500 X128.86 Y100.01 E363.21256
G0 F9000 X128.86 Y99.444
G1 F1500 X129.812 Y100.396 E363.27973
G0 F9000 X129.812 Y99.831
G1 F1500 X128.86 Y98.878 E363.34693
G0 F9000 X128.86 Y98.313
G1 F1500 X129.812 Y99.265 E363.4141
G0 F9000 X129.812 Y98.699
G1 F1500 X128.86 Y97.747 E363.48127
G0 F9000 X129.002 Y97.324
G1 F1500 X129.812 Y98.134 E363.53842
G0 F9000 X129.812 Y97.568
G1 F1500 X129.568 Y97.324 E363.55563
G1 F2700 E354.55563
;MESH:NONMESH
G0 F300 X129.568 Y97.324 Z23.25
G0 F9000 X129.568 Y96.864
G0 X127.724 Y96.188
G0 X127.724 Y95.099
G0 X124.965 Y92.212
G0 X120.728 Y92.436
;TIME_ELAPSED:5586.707616
;LAYER:77
;TYPE:WALL-OUTER
;MESH:wildrosebuilds_puzzlecube.stl(1)
G1 F2700 E363.55563
G1 F1500 X124.1 Y92.436 E363.72386
G1 X124.1 Y66.248 E365.03039
G1 X120.724 Y69.619 E365.26841
G1 X120.728 Y92.436 E366.40675
G0 F9000 X121.128 Y92.036
;TYPE:WALL-INNER
G1 F1500 X123.7 Y92.036 E366.53507
G1 X123.7 Y67.212 E367.77354
G1 X121.124 Y69.785 E367.95519
G1 X121.128 Y92.036 E369.0653
G0 F9000 X121.528 Y91.636
G1 F1500 X123.3 Y91.636 E369.1537
G1 X123.3 Y68.177 E370.32408
G1 X121.524 Y69.951 E370.44931
G1 X121.528 Y91.636 E371.53118
G0 F9000 X121.888 Y91.276
;TYPE:SKIN
G1 F1500 X122.94 Y91.276 E371.58367
G1 X122.94 Y69.044 E372.69282
G1 X121.884 Y70.099 E372.7673
G1 X121.888 Y91.276 E373.82382
G0 F9000 X122.414 Y90.75
G1 F917.4 X122.412 Y70.316 E375.49063
G1 F2700 E366.49063
;MESH:wildrosebuilds_puzzlecube.stl
G0 F9000 X121.859 Y69.76
G0 X121.72 Y69.97
G0 X120.952 Y92.212
G0 X119.863 Y92.213
G0 X101.737 Y96.187
G0 X97.5 Y122.146
;TYPE:WALL-OUTER
G1 F2700 E375.49063
G1 F1500 X100.872 Y118.777 E375.72844
G1 X100.872 Y95.964 E376.86658
G1 X97.5 Y95.964 E377.03481
G1 X97.5 Y122.146 E378.34104
G0 F9000 X97.748 Y121.554
G0 X98.171 Y120.549
G0 X97.9 Y121.181
;TYPE:WALL-INNER
G1 F1500 X100.472 Y118.611 E378.52244
G1 X100.472 Y96.364 E379.63234
G1 X97.9 Y96.364 E379.76066
G1 X97.9 Y121.181 E380.99879
G0 F9000 X98.148 Y120.588
G0 X98.3 Y120.216
G1 F1500 X100.072 Y118.445 E381.12378
G1 X100.072 Y96.764 E382.20545
G1 X98.3 Y96.764 E382.29385
G1 X98.3 Y120.216 E383.46388
G0 F9000 X98.66 Y119.342
;TYPE:SKIN
G1 F1500 X99.712 Y118.293 E383.53799
G1 X99.712 Y97.124 E384.59412
G1 X98.66 Y97.124 E384.6466
G1 X98.66 Y119.342 E385.75507
G0 F9000 X98.4 Y119.342
G0 X98.4 Y118.072
G0 X99.186 Y118.072
G1 F920.2 X99.186 Y97.65 E387.4158
G1 F2700 E378.4158
;MESH:wildrosebuilds_puzzlecube.stl(2)
G0 F9000 X98.4 Y97.65
G0 X98.472 Y96.936
G0 X99.9 Y96.936
G0 X100.645 Y118.686
G0 X101.737 Y118.685
G0 X126.635 Y118.686
G0 X127.5 Y122.146
;TYPE:WALL-OUTER
G1 F2700 E387.4158
G1 F1500 X130.872 Y118.777 E387.65361
G1 X130.872 Y95.964 E388.79176
G1 X127.5 Y95.964 E388.95999
G1 X127.5 Y122.146 E390.26621
G0 F9000 X127.748 Y121.554
G0 X128.171 Y120.549
G0 X127.9 Y121.181
;TYPE:WALL-INNER
G1 F1500 X130.472 Y118.611 E390.44761
G1 X130.472 Y96.364 E391.55752
G1 X127.9 Y96.364 E391.68583
G1 X127.9 Y121.181 E392.92396
G0 F9000 X128.148 Y120.588
G0 X128.3 Y120.216
G1 F1500 X130.072 Y118.445 E393.04895
G1 X130.072 Y96.764 E394.13062
G1 X128.3 Y96.764 E394.21902
G1 X128.3 Y120.216 E395.38905
G0 F9000 X128.66 Y119.342
;TYPE:SKIN
G1 F1500 X129.712 Y118.293 E395.46317
G1 X129.712 Y97.124 E396.51929
G1 X128.66 Y97.124 E396.57178
G1 X128.66 Y119.342 E397.68024
G0 F9000 X128.4 Y119.342
G0 X128.4 Y118.072
G0 X129.186 Y118.072
G1 F920.2 X129.186 Y97.65 E399.34097
G1 F2700 E390.34097
;MESH:NONMESH
G0 F300 X129.186 Y97.65 Z23.55
G0 F9000 X128.4 Y97.65
G0 X127.724 Y96.188
G0 X127.724 Y95.099
G0 X124.965 Y92.212
G0 X121.028 Y92.436
;TIME_ELAPSED:5622.340274
;LAYER:78
;TYPE:WALL-OUTER
;MESH:wildrosebuilds_puzzlecube.stl(1)
G1 F2700 E399.34097
G1 F1500 X124.1 Y92.436 E399.49424
G1 X124.1 Y66.248 E400.80076
G1 X121.024 Y69.319 E401.01761
G1 X121.028 Y92.436 E402.17093
G0 F9000 X121.428 Y92.036
;TYPE:WALL-INNER
G1 F1500 X123.7 Y92.036 E402.28428
G1 X123.7 Y67.212 E403.52275
G1 X121.424 Y69.485 E403.68323
G1 X121.428 Y92.036 E404.8083
G0 F9000 X121.828 Y91.636
G1 F1500 X123.3 Y91.636 E404.88174
G1 X123.3 Y68.177 E406.05212
G1 X121.824 Y69.651 E406.15619
G1 X121.828 Y91.636 E407.25302
G0 F9000 X122.276 Y91.188
;TYPE:SKIN
G1 F1041.7 X122.852 Y91.188 E407.2944
G1 F1039.9 X122.851 Y69.258 E408.87263
G1 F1038.1 X122.273 Y69.836 E408.93156
G1 F1039.9 X122.276 Y91.188 E410.46819
G1 F2700 E401.46819
;MESH:wildrosebuilds_puzzlecube.stl
G0 F9000 X122.276 Y91.536
G0 X121.252 Y92.212
G0 X120.163 Y92.213
G0 X101.437 Y96.187
G0 X97.5 Y122.146
;TYPE:WALL-OUTER
G1 F2700 E410.46819
G1 F1500 X100.572 Y119.077 E410.68483
G1 X100.572 Y95.964 E411.83794
G1 X97.5 Y95.964 E411.99121
G1 X97.5 Y122.146 E413.29743
G0 F9000 X97.748 Y121.554
G0 X98.171 Y120.549
G0 X97.9 Y121.181
;TYPE:WALL-INNER
G1 F1500 X100.172 Y118.911 E413.45766
G1 X100.172 Y96.364 E414.58254
G1 X97.9 Y96.364 E414.69589
G1 X97.9 Y121.181 E415.93401
G0 F9000 X98.148 Y120.588
G0 X98.3 Y120.216
G1 F1500 X99.772 Y118.745 E416.03783
G1 X99.772 Y96.764 E417.13447
G1 X98.3 Y96.764 E417.20791
G1 X98.3 Y120.216 E418.37793
G0 F9000 X98.4 Y119.13
G0 X98.748 Y119.13
;TYPE:SKIN
G1 F1041.7 X99.324 Y118.556 E418.43635
G1 X99.324 Y97.212 E419.96975
G1 X98.748 Y97.212 E420.01113
G1 X98.748 Y119.13 E421.58576
G1 F2700 E412.58576
;MESH:wildrosebuilds_puzzlecube.stl(2)
G0 F9000 X98.4 Y119.13
G0 X98.485 Y119.769
G0 X100.345 Y118.986
G0 X101.437 Y118.985
G0 X126.635 Y118.986
G0 X127.5 Y122.146
;TYPE:WALL-OUTER
G1 F2700 E421.58576
G1 F1500 X130.572 Y119.077 E421.8024
G1 X130.572 Y95.964 E422.95551
G1 X127.5 Y95.964 E423.10877
G1 X127.5 Y122.146 E424.415
G0 F9000 X127.748 Y121.554
G0 X128.171 Y120.549
G0 X127.9 Y121.181
;TYPE:WALL-INNER
G1 F1500 X130.172 Y118.911 E424.57523
G1 X130.172 Y96.364 E425.70011
G1 X127.9 Y96.364 E425.81346
G1 X127.9 Y121.181 E427.05158
G0 F9000 X128.148 Y120.588
G0 X128.3 Y120.216
G1 F1500 X129.772 Y118.745 E427.1554
G1 X129.772 Y96.764 E428.25204
G1 X128.3 Y96.764 E428.32548
G1 X128.3 Y120.216 E429.4955
G0 F9000 X128.4 Y119.13
G0 X128.748 Y119.13
;TYPE:SKIN
G1 F1041.7 X129.324 Y118.556 E429.55392
G1 X129.324 Y97.212 E431.08732
G1 X128.748 Y97.212 E431.1287
G1 X128.748 Y119.13 E432.70333
G1 F2700 E423.70333
;MESH:NONMESH
G0 F300 X128.748 Y119.13 Z23.85
G0 F9000 X128.4 Y119.13
G0 X127.724 Y96.188
G0 X127.724 Y95.099
G0 X124.965 Y92.212
G0 X121.328 Y92.436
;TIME_ELAPSED:5654.956890
;LAYER:79
;TYPE:WALL-OUTER
;MESH:wildrosebuilds_puzzlecube.stl(1)
G1 F2700 E432.70333
G1 F1500 X124.1 Y92.436 E432.84162
G1 X124.1 Y66.248 E434.14815
G1 X121.324 Y69.019 E434.34383
G1 X121.328 Y92.436 E435.51211
G0 F9000 X121.728 Y92.036
;TYPE:WALL-INNER
G1 F1500 X123.7 Y92.036 E435.6105
G1 X123.7 Y67.212 E436.84897
G1 X121.724 Y69.185 E436.98828
G1 X121.728 Y92.036 E438.12832
G0 F9000 X122.128 Y91.636
G1 F1500 X123.3 Y91.636 E438.18679
G1 X123.3 Y68.177 E439.35717
G1 X122.124 Y69.351 E439.44007
G1 X122.128 Y91.636 E440.55187
G0 F9000 X122.501 Y91.263
;TYPE:SKIN
G1 F1408.5 X122.927 Y91.263 E440.57451
G1 F1405.2 X122.926 Y69.078 E441.75603
G1 F1401.9 X122.498 Y69.505 E441.78831
G1 F1405.2 X122.501 Y91.263 E442.94709
G1 F2700 E433.94709
;MESH:wildrosebuilds_puzzlecube.stl
G0 F9000 X122.501 Y91.536
G0 X121.552 Y92.212
G0 X120.463 Y92.213
G0 X101.137 Y96.187
G0 X97.5 Y122.146
;TYPE:WALL-OUTER
G1 F2700 E442.94709
G1 F1500 X100.272 Y119.377 E443.14256
G1 X100.272 Y95.964 E444.31064
G1 X97.5 Y95.964 E444.44894
G1 X97.5 Y122.146 E445.75516
G0 F9000 X97.748 Y121.554
G0 X98.171 Y120.549
G0 X97.9 Y121.181
;TYPE:WALL-INNER
G1 F1500 X99.872 Y119.211 E445.89423
G1 X99.872 Y96.364 E447.03407
G1 X97.9 Y96.364 E447.13245
G1 X97.9 Y121.181 E448.37058
G0 F9000 X98.148 Y120.588
G0 X98.3 Y120.216
G1 F1500 X99.472 Y119.045 E448.45323
G1 X99.472 Y96.764 E449.56484
G1 X98.3 Y96.764 E449.62331
G1 X98.3 Y120.216 E450.79333
G0 F9000 X98.673 Y119.311
;TYPE:SKIN
G1 F1408.5 X99.099 Y118.887 E450.82527
G1 X99.099 Y97.137 E451.98091
G1 X98.673 Y97.137 E452.00355
G1 X98.673 Y119.311 E453.18172
G1 F2700 E444.18172
;MESH:wildrosebuilds_puzzlecube.stl(2)
G0 F9000 X98.4 Y119.311
G0 X98.485 Y119.769
G0 X100.045 Y119.286
G0 X101.137 Y119.285
G0 X126.635 Y119.286
G0 X127.5 Y122.146
;TYPE:WALL-OUTER
G1 F2700 E453.18172
G1 F1500 X130.272 Y119.377 E453.3772
G1 X130.272 Y95.964 E454.54527
G1 X127.5 Y95.964 E454.68357
G1 X127.5 Y122.146 E455.9898
G0 F9000 X127.748 Y121.554
G0 X128.171 Y120.549
G0 X127.9 Y121.181
;TYPE:WALL-INNER
G1 F1500 X129.872 Y119.211 E456.12886
G1 X129.872 Y96.364 E457.2687
G1 X127.9 Y96.364 E457.36709
G1 X127.9 Y121.181 E458.60521
G0 F9000 X128.148 Y120.588
G0 X128.3 Y120.216
G1 F1500 X129.472 Y119.045 E458.68787
G1 X129.472 Y96.764 E459.79947
G1 X128.3 Y96.764 E459.85794
G1 X128.3 Y120.216 E461.02797
G0 F9000 X128.673 Y119.311
;TYPE:SKIN
G1 F1408.5 X129.099 Y118.887 E461.0599
G1 X129.099 Y97.137 E462.21555
G1 X128.673 Y97.137 E462.23818
G1 X128.673 Y119.311 E463.41635
G1 F2700 E454.41635
;MESH:NONMESH
G0 F300 X128.673 Y119.311 Z24.15
G0 F9000 X128.4 Y119.311
G0 X127.724 Y96.188
G0 X127.724 Y95.099
G0 X124.965 Y92.212
G0 X121.628 Y92.436
;TIME_ELAPSED:5685.415779
;LAYER:80
;TYPE:WALL-OUTER
;MESH:wildrosebuilds_puzzlecube.stl(1)
G1 F2700 E463.41635
G1 F1500 X124.1 Y92.436 E463.53968
G1 X124.1 Y66.248 E464.84621
G1 X121.624 Y68.719 E465.02072
G1 X121.628 Y92.436 E466.20397
G0 F9000 X122.028 Y92.036
;TYPE:WALL-INNER
G1 F1500 X123.7 Y92.036 E466.28739
G1 X123.7 Y67.212 E467.52586
G1 X122.024 Y68.885 E467.64401
G1 X122.028 Y92.036 E468.79901
G0 F9000 X122.428 Y91.636
G1 F1500 X123.3 Y91.636 E468.84252
G1 X123.3 Y68.177 E470.01289
G1 X122.424 Y69.051 E470.07463
G1 X122.428 Y91.636 E471.2014
G0 F9000 X122.864 Y91.2
;TYPE:SKIN
G1 F1083 X122.862 Y69.231 E472.71941
G1 F2700 E463.71941
;MESH:wildrosebuilds_puzzlecube.stl
G0 F9000 X122.626 Y68.992
G0 X121.852 Y92.212
G0 X120.763 Y92.213
G0 X100.837 Y96.187
G0 X97.5 Y122.146
;TYPE:WALL-OUTER
G1 F2700 E472.71941
G1 F1500 X99.972 Y119.677 E472.89372
G1 X99.972 Y95.964 E474.07677
G1 X97.5 Y95.964 E474.20009
G1 X97.5 Y122.146 E475.50632
G0 F9000 X97.748 Y121.554
G0 X98.171 Y120.549
G0 X97.9 Y121.181
;TYPE:WALL-INNER
G1 F1500 X99.572 Y119.511 E475.62422
G1 X99.572 Y96.364 E476.77903
G1 X97.9 Y96.364 E476.86244
G1 X97.9 Y121.181 E478.10057
G0 F9000 X98.148 Y120.588
G0 X98.3 Y120.216
G1 F1500 X99.172 Y119.345 E478.16206
G1 X99.172 Y96.764 E479.28863
G1 X98.3 Y96.764 E479.33213
G1 X98.3 Y120.216 E480.50216
G0 F9000 X98.4 Y119.161
G0 X98.736 Y119.161
;TYPE:SKIN
G1 F1087 X98.736 Y97.2 E482.01414
G1 F2700 E473.01414
;MESH:wildrosebuilds_puzzlecube.stl(2)
G0 F9000 X98.4 Y97.2
G0 X98.472 Y96.936
G0 X99 Y96.936
G0 X99.745 Y119.586
G0 X100.837 Y119.585
G0 X126.635 Y119.586
G0 X127.5 Y122.146
;TYPE:WALL-OUTER
G1 F2700 E482.01414
G1 F1500 X129.972 Y119.677 E482.18844
G1 X129.972 Y95.964 E483.37149
G1 X127.5 Y95.964 E483.49482
G1 X127.5 Y122.146 E484.80105
G0 F9000 X127.748 Y121.554
G0 X128.171 Y120.549
G0 X127.9 Y121.181
;TYPE:WALL-INNER
G1 F1500 X129.572 Y119.511 E484.91894
G1 X129.572 Y96.364 E486.07375
G1 X127.9 Y96.364 E486.15717
G1 X127.9 Y121.181 E487.39529
G0 F9000 X128.148 Y120.588
G0 X128.3 Y120.216
G1 F1500 X129.172 Y119.345 E487.45678
G1 X129.172 Y96.764 E488.58335
G1 X128.3 Y96.764 E488.62686
G1 X128.3 Y120.216 E489.79688
G0 F9000 X128.4 Y119.161
G0 X128.736 Y119.161
;TYPE:SKIN
G1 F1087 X128.736 Y97.2 E491.30886
G1 F2700 E482.30886
;MESH:NONMESH
G0 F300 X128.736 Y97.2 Z24.45
G0 F9000 X128.4 Y97.2
G0 X127.724 Y96.188
G0 X127.724 Y95.099
G0 X124.965 Y92.212
G0 X121.928 Y92.436
;TIME_ELAPSED:5713.985278
;LAYER:81
;TYPE:WALL-OUTER
;MESH:wildrosebuilds_puzzlecube.stl(1)
G1 F2700 E491.30886
G1 F1500 X124.1 Y92.436 E491.41723
G1 X124.1 Y66.248 E492.72375
G1 X121.924 Y68.419 E492.8771
G1 X121.928 Y92.436 E494.07532
G0 F9000 X122.328 Y92.036
;TYPE:WALL-INNER
G1 F1500 X123.7 Y92.036 E494.14376
G1 X123.7 Y67.212 E495.38224
G1 X122.324 Y68.585 E495.47922
G1 X122.328 Y92.036 E496.64919
G0 F9000 X122.771 Y91.593
G1 F1234.6 X123.257 Y91.593 E496.67865
G1 F1232 X123.256 Y68.282 E498.09459
G1 F1229.5 X122.768 Y68.769 E498.13656
G1 F1232 X122.771 Y91.593 E499.52292
G0 F9000 X122.938 Y91.427
G1 F2700 E490.52292
;MESH:wildrosebuilds_puzzlecube.stl
G0 F9000 X122.152 Y92.212
G0 X121.063 Y92.213
G0 X100.537 Y96.187
G0 X97.5 Y122.146
;TYPE:WALL-OUTER
G1 F2700 E499.52292
G1 F1500 X99.672 Y119.977 E499.67606
G1 X99.672 Y95.964 E500.87407
G1 X97.5 Y95.964 E500.98243
G1 X97.5 Y122.146 E502.28866
G0 F9000 X97.748 Y121.554
G0 X98.171 Y120.549
G0 X97.9 Y121.181
;TYPE:WALL-INNER
G1 F1500 X99.272 Y119.811 E502.38539
G1 X99.272 Y96.364 E503.55516
G1 X97.9 Y96.364 E503.62361
G1 X97.9 Y121.181 E504.86174
G0 F9000 X98.148 Y120.588
G0 X98.343 Y120.113
G1 F1234.6 X98.829 Y119.627 E504.9034
G1 X98.829 Y96.807 E506.28667
G1 X98.343 Y96.807 E506.31613
G1 X98.343 Y120.113 E507.72886
G0 F9000 X98.312 Y119.914
G1 F2700 E498.72886
;MESH:wildrosebuilds_puzzlecube.stl(2)
G0 F9000 X99.445 Y119.886
G0 X100.537 Y119.885
G0 X126.635 Y119.886
G0 X127.5 Y122.146
;TYPE:WALL-OUTER
G1 F2700 E507.72886
G1 F1500 X129.672 Y119.977 E507.882
G1 X129.672 Y95.964 E509.08002
G1 X127.5 Y95.964 E509.18838
G1 X127.5 Y122.146 E510.4946
G0 F9000 X127.748 Y121.554
G0 X128.171 Y120.549
G0 X127.9 Y121.181
;TYPE:WALL-INNER
G1 F1500 X129.272 Y119.811 E510.59133
G1 X129.272 Y96.364 E511.76111
G1 X127.9 Y96.364 E511.82956
G1 X127.9 Y121.181 E513.06768
G0 F9000 X128.148 Y120.588
G0 X128.343 Y120.113
G1 F1234.6 X128.829 Y119.627 E513.10935
G1 X128.829 Y96.807 E514.49262
G1 X128.343 Y96.807 E514.52208
G1 X128.343 Y120.113 E515.93481
G0 F9000 X128.312 Y119.914
G1 F2700 E506.93481
;MESH:NONMESH
G0 F300 X128.312 Y119.914 Z24.75
G0 F9000 X127.724 Y96.188
G0 X127.724 Y95.099
G0 X124.965 Y92.212
G0 X122.228 Y92.436
;TIME_ELAPSED:5738.991401
;LAYER:82
;TYPE:WALL-OUTER
;MESH:wildrosebuilds_puzzlecube.stl(1)
G1 F2700 E515.93481
G1 F1500 X124.1 Y92.436 E516.0282
G1 X124.1 Y66.248 E517.33473
G1 X122.224 Y68.119 E517.46691
G1 X122.228 Y92.436 E518.68009
G0 F9000 X122.628 Y92.036
;TYPE:WALL-INNER
G1 F1500 X123.7 Y92.036 E518.73357
G1 X123.7 Y67.212 E519.97205
G1 X122.624 Y68.285 E520.04786
G1 X122.628 Y92.036 E521.2328
G0 F9000 X123.164 Y91.5
G1 F890.2 X123.162 Y68.508 E523.16562
G0 F9000 X123.09 Y68.509
G1 F2700 E514.16562
;MESH:wildrosebuilds_puzzlecube.stl
G0 F9000 X122.452 Y92.212
G0 X121.363 Y92.213
G0 X100.237 Y96.187
G0 X97.5 Y122.146
;TYPE:WALL-OUTER
G1 F2700 E523.16562
G1 F1500 X99.372 Y120.277 E523.2976
G1 X99.372 Y95.964 E524.51058
G1 X97.5 Y95.964 E524.60397
G1 X97.5 Y122.146 E525.9102
G0 F9000 X97.748 Y121.554
G0 X98.171 Y120.549
G0 X97.9 Y121.181
;TYPE:WALL-INNER
G1 F1500 X98.972 Y120.111 E525.98576
G1 X98.972 Y96.364 E527.17051
G1 X97.9 Y96.364 E527.22399
G1 X97.9 Y121.181 E528.46211
G0 F9000 X98.148 Y120.588
G0 X98.436 Y119.889
G1 F892.9 X98.436 Y96.9 E530.38895
G0 F9000 X98.362 Y96.899
G1 F2700 E521.38895
;MESH:wildrosebuilds_puzzlecube.stl(2)
G0 F9000 X99.145 Y120.186
G0 X100.237 Y120.185
G0 X126.635 Y120.186
G0 X127.5 Y122.146
;TYPE:WALL-OUTER
G1 F2700 E530.38895
G1 F1500 X129.372 Y120.277 E530.52092
G1 X129.372 Y95.964 E531.7339
G1 X127.5 Y95.964 E531.8273
G1 X127.5 Y122.146 E533.13352
G0 F9000 X127.748 Y121.554
G0 X128.171 Y120.549
G0 X127.9 Y121.181
;TYPE:WALL-INNER
G1 F1500 X128.972 Y120.111 E533.20909
G1 X128.972 Y96.364 E534.39383
G1 X127.9 Y96.364 E534.44731
G1 X127.9 Y121.181 E535.68544
G0 F9000 X128.148 Y120.588
G0 X128.436 Y119.889
G1 F892.9 X128.436 Y96.9 E537.61227
G0 F9000 X128.362 Y96.899
G1 F2700 E528.61227
;MESH:NONMESH
G0 F300 X128.362 Y96.899 Z25.05
G0 F9000 X127.724 Y96.188
G0 X127.724 Y95.099
G0 X124.965 Y92.212
G0 X122.528 Y92.436
;TIME_ELAPSED:5761.913109
;LAYER:83
;TYPE:WALL-OUTER
;MESH:wildrosebuilds_puzzlecube.stl(1)
G1 F2700 E537.61227
G1 F1500 X124.1 Y92.436 E537.6907
G1 X124.1 Y66.248 E538.99723
G1 X122.524 Y67.819 E539.10824
G1 X122.528 Y92.436 E540.33639
G0 F9000 X122.928 Y92.036
;TYPE:WALL-INNER
G1 F1500 X123.7 Y92.036 E540.37491
G1 X123.7 Y67.212 E541.61338
G1 X122.924 Y67.985 E541.66803
G1 X122.928 Y92.036 E542.86794
G0 F9000 X123.314 Y91.65
G1 F1604.3 X123.312 Y68.146 E543.96434
G1 F2700 E534.96434
;MESH:wildrosebuilds_puzzlecube.stl
G0 F9000 X122.752 Y92.212
G0 X121.663 Y92.213
G0 X99.937 Y96.187
G0 X97.5 Y122.146
;TYPE:WALL-OUTER
G1 F2700 E543.96434
G1 F1500 X99.072 Y120.577 E544.07514
G1 X99.072 Y95.964 E545.30309
G1 X97.5 Y95.964 E545.38152
G1 X97.5 Y122.146 E546.68774
G0 F9000 X97.748 Y121.554
G0 X98.171 Y120.549
G0 X97.9 Y121.181
;TYPE:WALL-INNER
G1 F1500 X98.672 Y120.411 E546.74214
G1 X98.672 Y96.364 E547.94185
G1 X97.9 Y96.364 E547.98037
G1 X97.9 Y121.181 E549.21849
G0 F9000 X98.148 Y120.588
G0 X98.286 Y120.251
G1 F1612.9 X98.286 Y96.75 E550.30889
G1 F2700 E541.30889
;MESH:wildrosebuilds_puzzlecube.stl(2)
G0 F9000 X98.845 Y120.486
G0 X99.937 Y120.485
G0 X126.635 Y120.486
G0 X127.5 Y122.146
;TYPE:WALL-OUTER
G1 F2700 E550.30889
G1 F1500 X129.072 Y120.577 E550.4197
G1 X129.072 Y95.964 E551.64764
G1 X127.5 Y95.964 E551.72607
G1 X127.5 Y122.146 E553.0323
G0 F9000 X127.748 Y121.554
G0 X128.171 Y120.549
G0 X127.9 Y121.181
;TYPE:WALL-INNER
G1 F1500 X128.672 Y120.411 E553.08669
G1 X128.672 Y96.364 E554.2864
G1 X127.9 Y96.364 E554.32492
G1 X127.9 Y121.181 E555.56304
G0 F9000 X128.148 Y120.588
G0 X128.286 Y120.251
G1 F1612.9 X128.286 Y96.75 E556.65344
G1 F2700 E547.65344
;MESH:NONMESH
G0 F300 X128.286 Y96.75 Z25.35
G0 F9000 X127.724 Y96.188
G0 X127.724 Y95.099
G0 X124.965 Y92.212
G0 X122.828 Y92.436
;TIME_ELAPSED:5782.692048
;LAYER:84
;TYPE:WALL-OUTER
;MESH:wildrosebuilds_puzzlecube.stl(1)
G1 F2700 E556.65344
G1 F1500 X124.1 Y92.436 E556.7169
G1 X124.1 Y66.248 E558.02343
G1 X122.824 Y67.52 E558.11331
G1 X122.828 Y92.436 E559.35638
G0 F9000 X123.246 Y92.018
;TYPE:WALL-INNER
G1 F1376.1 X123.682 Y92.018 E559.38009
G1 F1373 X123.681 Y67.257 E560.72969
G1 F1369.9 X123.243 Y67.694 E560.76349
G1 F1373 X123.246 Y92.018 E562.08927
G1 F2700 E553.08927
;MESH:wildrosebuilds_puzzlecube.stl
G0 F9000 X123.44 Y91.757
G0 X123.052 Y92.212
G0 X121.963 Y92.213
G0 X99.637 Y96.187
G0 X97.5 Y122.146
;TYPE:WALL-OUTER
G1 F2700 E562.08927
G1 F1500 X98.772 Y120.876 E562.17894
G1 X98.772 Y95.964 E563.42181
G1 X97.5 Y95.964 E563.48527
G1 X97.5 Y122.146 E564.79149
G0 F9000 X97.748 Y121.554
G0 X98.16 Y120.587
G0 X97.918 Y121.138
;TYPE:WALL-INNER
G1 F1376.1 X98.354 Y120.703 E564.82499
G1 X98.354 Y96.382 E566.14757
G1 X97.918 Y96.382 E566.17128
G1 X97.918 Y121.138 E567.51752
G1 F2700 E558.51752
;MESH:wildrosebuilds_puzzlecube.stl(2)
G0 F9000 X98.16 Y120.587
G0 X98.545 Y120.786
G0 X99.637 Y120.785
G0 X126.635 Y120.786
G0 X127.5 Y122.146
;TYPE:WALL-OUTER
G1 F2700 E567.51752
G1 F1500 X128.772 Y120.876 E567.6072
G1 X128.772 Y95.964 E568.85006
G1 X127.5 Y95.964 E568.91352
G1 X127.5 Y122.146 E570.21975
G0 F9000 X127.748 Y121.554
G0 X128.16 Y120.587
G0 X127.918 Y121.138
;TYPE:WALL-INNER
G1 F1376.1 X128.354 Y120.703 E570.25324
G1 X128.354 Y96.382 E571.57582
G1 X127.918 Y96.382 E571.59953
G1 X127.918 Y121.138 E572.94577
G1 F2700 E563.94577
;MESH:NONMESH
G0 F300 X127.918 Y121.138 Z25.65
G0 F9000 X128.16 Y120.587
G0 X127.724 Y96.188
G0 X127.724 Y95.099
G0 X124.965 Y92.212
G0 X123.128 Y92.436
;TIME_ELAPSED:5800.518050
;LAYER:85
;TYPE:WALL-OUTER
;MESH:wildrosebuilds_puzzlecube.stl(1)
G1 F2700 E572.94577
G1 F1500 X124.1 Y92.436 E572.99426
G1 X124.1 Y66.248 E574.30079
G1 X123.124 Y67.22 E574.36951
G1 X123.128 Y92.436 E575.62754
G0 F9000 X123.614 Y91.95
;TYPE:WALL-INNER
G1 F1045.3 X123.612 Y67.422 E577.38356
G1 F2700 E568.38356
;MESH:wildrosebuilds_puzzlecube.stl
G0 F9000 X123.352 Y92.212
G0 X122.263 Y92.213
G0 X99.337 Y96.187
G0 X97.5 Y122.146
;TYPE:WALL-OUTER
G1 F2700 E577.38356
G1 F1500 X98.472 Y121.176 E577.45207
G1 X98.472 Y95.964 E578.7099
G1 X97.5 Y95.964 E578.7584
G1 X97.5 Y122.146 E580.06462
G0 F9000 X97.748 Y121.554
G0 X97.986 Y120.975
;TYPE:WALL-INNER
G1 F1049 X97.986 Y96.45 E581.81431
G1 F2700 E572.81431
;MESH:wildrosebuilds_puzzlecube.stl(2)
G0 F9000 X98.245 Y121.086
G0 X99.337 Y121.085
G0 X126.635 Y121.086
G0 X127.5 Y122.146
;TYPE:WALL-OUTER
G1 F2700 E581.81431
G1 F1500 X128.472 Y121.176 E581.88282
G1 X128.472 Y95.964 E583.14065
G1 X127.5 Y95.964 E583.18914
G1 X127.5 Y122.146 E584.49537
G0 F9000 X127.748 Y121.554
G0 X127.986 Y120.975
;TYPE:WALL-INNER
G1 F1049 X127.986 Y96.45 E586.24505
G1 F2700 E577.24505
;MESH:NONMESH
G0 F300 X127.986 Y96.45 Z25.95
G0 F9000 X127.724 Y96.188
G0 X127.724 Y95.099
G0 X124.965 Y92.212
G0 X123.496 Y92.368
;TIME_ELAPSED:5815.989763
;LAYER:86
;note -- min layer time used
;TYPE:WALL-OUTER
;MESH:wildrosebuilds_puzzlecube.stl(1)
G1 F2700 E586.24505
G1 F784.7 X124.032 Y92.368 E586.28089
G1 F783.2 X124.031 Y66.414 E588.01922
G1 F781.8 X123.493 Y66.948 E588.07009
G1 F783.2 X123.496 Y92.368 E589.77266
G1 F2700 E580.77266
;MESH:wildrosebuilds_puzzlecube.stl
G0 F9000 X123.708 Y92.156
G0 X122.563 Y92.213
G0 X99.037 Y96.187
G0 X97.568 Y121.982
G1 F2700 E589.77266
G1 F784.7 X98.104 Y121.448 E589.82324
G1 X98.104 Y96.032 E591.52237
G1 X97.568 Y96.032 E591.55821
G1 X97.568 Y121.982 E593.29304
G1 F2700 E584.29304
;MESH:wildrosebuilds_puzzlecube.stl(2)
G0 F9000 X97.748 Y121.554
G0 X97.945 Y121.386
G0 X99.037 Y121.385
G0 X126.635 Y121.386
G0 X127.568 Y121.982
G1 F2700 E593.29304
G1 F784.7 X128.104 Y121.448 E593.34362
G1 X128.104 Y96.032 E595.04275
G1 X127.568 Y96.032 E595.07859
G1 X127.568 Y121.982 E596.81342
G1 F2700 E587.81342
;MESH:NONMESH
G0 F300 X127.568 Y121.982 Z26.25
G0 F9000 X127.748 Y121.554
G0 X127.724 Y96.188
G0 X127.724 Y95.099
G0 X124.965 Y92.212
G0 X123.721 Y92.443
;TIME_ELAPSED:5831.950677
;LAYER:87
;note -- min layer time used
;TYPE:WALL-OUTER
;MESH:wildrosebuilds_puzzlecube.stl(1)
G1 F2700 E596.81342
G1 F1106.5 X124.107 Y92.443 E596.832
G1 F1103.7 X124.106 Y66.233 E598.09713
G1 F1100.8 X123.718 Y66.617 E598.12354
G1 F1103.7 X123.721 Y92.443 E599.37013
G1 F2700 E590.37013
;MESH:wildrosebuilds_puzzlecube.stl
G0 F9000 X123.721 Y93.301
G0 X98.734 Y122.137
G0 X98.103 Y122.773
G0 X97.493 Y122.163
G1 F2700 E599.37013
G1 F1106.5 X97.879 Y121.779 E599.39635
G1 X97.879 Y95.957 E600.63952
G1 X97.493 Y95.957 E600.6581
G1 X97.493 Y122.163 E601.91977
G1 F2700 E592.91977
;MESH:wildrosebuilds_puzzlecube.stl(2)
G0 F9000 X98.103 Y122.773
G0 X126.635 Y122.163
G0 X127.493 Y122.163
G1 F2700 E601.91977
G1 F1106.5 X127.879 Y121.779 E601.94598
G1 X127.879 Y95.957 E603.18916
G1 X127.493 Y95.957 E603.20774
G1 X127.493 Y122.163 E604.4694
G1 F2700 E595.4694
;MESH:NONMESH
G0 F300 X127.493 Y122.163 Z26.55
G0 F9000 X126.635 Y122.163
G0 X124.965 Y66.336
G0 X124.062 Y66.336
;TIME_ELAPSED:5844.385013
;LAYER:88
;note -- min layer time used
;TYPE:WALL-OUTER
;MESH:wildrosebuilds_puzzlecube.stl(1)
G1 F2700 E604.4694
G1 F506.3 X124.064 Y92.4 E606.0103
G1 F2700 E597.0103
;MESH:wildrosebuilds_puzzlecube.stl
G0 F9000 X123.163 Y92.401
G0 X98.437 Y95.999
G0 X97.536 Y96
G1 F2700 E606.0103
G1 F508.5 X97.536 Y122.062 E607.54458
G1 F2700 E598.54458
;MESH:wildrosebuilds_puzzlecube.stl(2)
G0 F9000 X98.437 Y122.061
G0 X126.635 Y122.062
G0 X127.536 Y122.062
G1 F2700 E607.54458
G1 F508.5 X127.536 Y96 E609.07887
;TIME_ELAPSED:5855.931830
G1 F2700 E600.07887
M140 S0
M107
G91 ;Relative positioning
G1 E-2 F2700 ;Retract a bit
G1 E-2 Z0.2 F2400 ;Retract and raise Z
G1 X5 Y5 F3000 ;Wipe out
G1 Z10 ;Raise Z more
G90 ;Absolute positioning

G1 X0 Y220 ;Present print
M106 S0 ;Turn-off fan
M104 S0 ;Turn-off hotend
M140 S0 ;Turn-off bed

M84 X Y E ;Disable all steppers but Z

;StarwarsI
M300 S1318 P600
M300 S1318 P600
M300 S1318 P600
M300 S1046 P300
M300 S0 P150
M300 S1567 P150
M300 S1318 P600
M300 S1046 P300
M300 S0 P150
M300 S1567 P150
M300 S1318 P600
M300 S0 P600
M300 S987 P600
M300 S987 P600
M300 S987 P600
M300 S2093 P300
M300 S0 P150
M300 S1567 P150
M300 S1244 P600
M300 S1046 P300
M300 S0 P150
M300 S1567 P150
M300 S1318 P600
M300 S0 P300
M82 ;absolute extrusion mode
M104 S0
;End of Gcode
;SETTING_3 {"global_quality": "[general]\\nversion = 4\\nname = PGDI_26\\ndefini
;SETTING_3 tion = creality_ender3pro\\n\\n[metadata]\\ntype = quality_changes\\n
;SETTING_3 quality_type = super\\nsetting_version = 25\\n\\n[values]\\nadhesion_
;SETTING_3 type = brim\\ndraft_shield_dist = 5\\ndraft_shield_enabled = False\\n
;SETTING_3 draft_shield_height = 10\\ndraft_shield_height_limitation = limited\\
;SETTING_3 nlayer_height = 0.3\\nlayer_height_0 = 0.15\\nmaterial_bed_temperatur
;SETTING_3 e_layer_0 = 70\\nsupport_enable = True\\n\\n", "extruder_quality": ["
;SETTING_3 [general]\\nversion = 4\\nname = PGDI_26\\ndefinition = creality_ende
;SETTING_3 r3pro\\n\\n[metadata]\\ntype = quality_changes\\nquality_type = super
;SETTING_3 \\nintent_category = default\\nposition = 0\\nsetting_version = 25\\n
;SETTING_3 \\n[values]\\nbottom_layers = 3\\nbottom_thickness = 1.2\\nbrim_locat
;SETTING_3 ion = everywhere\\nbrim_smart_ordering = False\\ninfill_pattern = tet
;SETTING_3 rahedral\\ninfill_sparse_density = 5\\ninset_direction = outside_in\\
;SETTING_3 nmaterial_initial_print_temperature = 220\\nmaterial_print_temperatur
;SETTING_3 e_layer_0 = 220\\nraft_base_thickness = 0.2\\nraft_margin = 5\\nraft_
;SETTING_3 surface_layers = 1\\nroofing_layer_count = 2\\nskin_no_small_gaps_heu
;SETTING_3 ristic = True\\nskirt_height = 1\\nsupport_angle = 60\\nsupport_infil
;SETTING_3 l_rate = 15\\nz_seam_corner = z_seam_corner_inner\\nz_seam_on_vertex 
;SETTING_3 = True\\n\\n"]}
