;FLAVOR:Marlin
;TIME:1279
;Filament used: 1.50011m
;Layer height: 0.4
;MINX:89
;MINY:89
;MINZ:0.2
;MAXX:131
;MAXY:131
;MAXZ:19.8
;TARGET_MACHINE.NAME:Creality Ender-3 Pro
;Generated with Cura_SteamEngine 5.8.1
M82 ;absolute extrusion mode
; Ender 3 Custom Start G-code
G92 E0 ; Reset Extruder
G28 ; Home all axes
G1 Z5.0 F3000 ; Move Z Axis up a bit during heating to not damage bed
M104 S180.0 ; Start heating up the nozzle most of the way
M190 S70 ; Start heating the bed, wait until target temperature reached
M109 S225 ; Finish heating the nozzle
G1 Z2.0 F3000 ; Move Z Axis up little to prevent scratching of Heat Bed
G1 X0.1 Y20 Z0.3 F5000.0 ; Move to start position
G1 X0.1 Y200.0 Z0.3 F1500.0 E15 ; Draw the first line
G1 X0.4 Y200.0 Z0.3 F5000.0 ; Move to side a little
G1 X0.4 Y20 Z0.3 F1500.0 E30 ; Draw the second line
G92 E0 ; Reset Extruder
G29 A L0
G1 Z2.0 F3000 ; Move Z Axis up little to prevent scratching of Heat Bed
G1 X5 Y20 Z0.3 F5000.0 ; Move over to prevent blob squish

M300 S2637 P150
M300 S2637 P150
M300 S0 P75
M300 S2637 P300
M300 S2093 P150
M300 S2637 P300
M300 S3135 P300
M300 S0 P300
M300 S1567 P300
M300 S0 P300
M300 S2093 P300
M300 S0 P150
M300 S1567 P300
M300 S0 P150
M300 S1318 P300
M300 S0 P150
M300 S880 P300
M300 S987 P300
M300 S932 P150
M300 S880 P300
M300 S1567 P225
M300 S2637 P150
M300 S3135 P150
M300 S1760 P300
M300 S2793 P150
M300 S3135 P300
M300 S2637 P300
M300 S2093 P150
M300 S2349 P150
M300 S987 P300
M300 S0 P150
M300 S2093 P300
M300 S0 P150
M300 S1567 P300
M300 S0 P150
M300 S1318 P300
M300 S0 P150
M300 S880 P300
M300 S987 P300
M300 S932 P150
M300 S880 P300
M300 S1567 P225
M300 S2637 P150
M300 S3135 P150
M300 S1760 P300
M300 S2793 P150
M300 S3135 P300
M300 S2637 P300
M300 S2093 P150
M300 S2349 P150
M300 S987 P300
M300 S0 P300
M300 S3135 P150
M300 S2959 P150
M300 S2793 P150
M300 S2489 P150
M300 S0 P150
M300 S2637 P150
M300 S0 P150
M300 S1661 P150
M300 S880 P150
M300 S2093 P150
M300 S0 P150
M300 S880 P150
M300 S2093 P150
M300 S2349 P150
M300 S0 P300
M300 S3135 P150
M300 S2959 P150
M300 S2793 P150
M300 S2489 P150
M300 S0 P150
M300 S2637 P150
M300 S0 P150
M300 S4186 P150
M300 S0 P150
M300 S4186 P150
M300 S4186 P150
M300 S0 P600
M300 S3135 P150
M300 S2959 P150
M300 S2793 P150
M300 S2489 P150
M300 S0 P150
M300 S2637 P150
M300 S0 P150
M300 S1661 P150
M300 S880 P150
M300 S2093 P150
M300 S0 P150
M300 S880 P150
M300 S2093 P150
M300 S2349 P150
M300 S0 P300
M300 S2489 P150
M300 S0 P300
M300 S2349 P150
M300 S0 P300
M300 S2093 P150
G92 E0
G92 E0
G1 F2700 E-9
;LAYER_COUNT:50
;LAYER:0
M107
G0 F6000 X92.456 Y92.013 Z0.2
;TYPE:SKIRT
G1 F2700 E0
G1 F1200 X93.192 Y91.376 E0.03237
G1 X93.924 Y90.846 E0.06243
G1 X94.821 Y90.311 E0.09717
G1 X95.699 Y89.89 E0.12956
G1 X96.612 Y89.548 E0.16198
G1 X97.549 Y89.289 E0.19432
G1 X98.516 Y89.111 E0.22702
G1 X99.655 Y89.015 E0.26504
G1 X100.312 Y89 E0.2869
G1 X119.304 Y89 E0.91857
G1 X120.184 Y89.013 E0.94784
G1 X121.156 Y89.072 E0.98023
G1 X122.119 Y89.218 E1.01263
G1 X123.066 Y89.449 E1.04505
G1 X123.954 Y89.749 E1.07622
G1 X124.846 Y90.139 E1.1086
G1 X125.729 Y90.626 E1.14214
G1 X126.48 Y91.128 E1.17219
G1 X127.295 Y91.786 E1.20703
G1 X127.993 Y92.464 E1.23939
G1 X128.629 Y93.201 E1.27177
G1 X129.199 Y93.991 E1.30417
G1 X129.661 Y94.767 E1.33421
G1 X130.115 Y95.709 E1.36899
G1 X130.444 Y96.587 E1.40017
G1 X130.713 Y97.559 E1.43372
G1 X130.89 Y98.525 E1.46638
G1 X130.985 Y99.655 E1.5041
G1 X131 Y100.33 E1.52655
G1 X130.999 Y119.4 E2.16082
G1 X130.988 Y120.163 E2.18621
G1 X130.931 Y121.136 E2.21862
G1 X130.786 Y122.099 E2.25101
G1 X130.557 Y123.045 E2.28339
G1 X130.246 Y123.969 E2.31581
G1 X129.854 Y124.86 E2.34819
G1 X129.386 Y125.712 E2.38052
G1 X128.864 Y126.493 E2.41176
G1 X128.231 Y127.278 E2.4453
G1 X127.606 Y127.929 E2.47532
G1 X126.817 Y128.617 E2.51014
G1 X126.057 Y129.167 E2.54134
G1 X125.19 Y129.684 E2.57491
G1 X124.312 Y130.106 E2.60732
G1 X123.401 Y130.448 E2.63968
G1 X122.462 Y130.709 E2.6721
G1 X121.496 Y130.887 E2.70477
G1 X120.345 Y130.985 E2.74319
G1 X119.67 Y131 E2.76564
G1 X100.564 Y130.999 E3.40111
G1 X99.831 Y130.988 E3.42549
G1 X98.859 Y130.931 E3.45788
G1 X97.896 Y130.785 E3.49027
G1 X96.95 Y130.556 E3.52265
G1 X96.026 Y130.244 E3.55508
G1 X95.136 Y129.852 E3.58743
G1 X94.313 Y129.401 E3.61864
G1 X93.474 Y128.84 E3.65221
G1 X92.77 Y128.274 E3.68226
G1 X92.017 Y127.549 E3.71702
G1 X91.38 Y126.813 E3.7494
G1 X90.85 Y126.082 E3.77943
G1 X90.314 Y125.185 E3.81418
G1 X89.892 Y124.307 E3.84658
G1 X89.55 Y123.395 E3.87898
G1 X89.29 Y122.457 E3.91135
G1 X89.112 Y121.488 E3.94412
G1 X89.014 Y120.309 E3.98347
G1 X89 Y119.658 E4.00513
G1 X89.001 Y100.525 E4.64149
G1 X89.012 Y99.825 E4.66478
G1 X89.07 Y98.852 E4.6972
G1 X89.216 Y97.889 E4.72959
G1 X89.446 Y96.943 E4.76197
G1 X89.759 Y96.02 E4.79439
G1 X90.151 Y95.13 E4.82674
G1 X90.621 Y94.277 E4.85913
G1 X91.164 Y93.469 E4.89151
G1 X91.731 Y92.765 E4.92157
G1 X92.456 Y92.013 E4.95632
G0 F6000 X92.718 Y92.315
G1 F1200 X93.427 Y91.7 E4.98753
G1 X94.159 Y91.17 E5.01759
G1 X94.995 Y90.671 E5.04997
G1 X95.84 Y90.264 E5.08117
G1 X96.719 Y89.933 E5.11241
G1 X97.622 Y89.682 E5.14358
G1 X98.55 Y89.51 E5.17497
G1 X99.689 Y89.414 E5.21299
G1 X100.321 Y89.4 E5.23401
G1 X119.298 Y89.4 E5.86519
G1 X120.16 Y89.412 E5.89386
G1 X121.097 Y89.468 E5.92509
G1 X122.025 Y89.607 E5.95629
G1 X122.938 Y89.828 E5.98754
G1 X123.794 Y90.116 E6.01758
G1 X124.686 Y90.506 E6.04996
G1 X125.507 Y90.959 E6.08114
G1 X126.258 Y91.461 E6.11119
G1 X127.017 Y92.073 E6.14362
G1 X127.691 Y92.726 E6.17483
G1 X128.305 Y93.435 E6.20603
G1 X128.855 Y94.196 E6.23726
G1 X129.317 Y94.972 E6.26729
G1 X129.74 Y95.849 E6.29968
G1 X130.069 Y96.727 E6.33086
G1 X130.32 Y97.632 E6.3621
G1 X130.491 Y98.559 E6.39345
G1 X130.586 Y99.689 E6.43117
G1 X130.6 Y100.33 E6.45249
G1 X130.599 Y119.395 E7.0866
G1 X130.589 Y120.14 E7.11138
G1 X130.535 Y121.077 E7.1426
G1 X130.397 Y122.006 E7.17383
G1 X130.178 Y122.918 E7.20503
G1 X129.88 Y123.808 E7.23625
G1 X129.503 Y124.668 E7.26748
G1 X129.053 Y125.49 E7.29865
G1 X128.531 Y126.271 E7.32989
G1 X127.942 Y127.001 E7.36109
G1 X127.317 Y127.652 E7.3911
G1 X126.582 Y128.293 E7.42354
G1 X125.822 Y128.843 E7.45474
G1 X125.016 Y129.324 E7.48596
G1 X124.171 Y129.732 E7.51717
G1 X123.293 Y130.063 E7.54838
G1 X122.389 Y130.316 E7.5796
G1 X121.462 Y130.488 E7.61096
G1 X120.311 Y130.586 E7.64938
G1 X119.67 Y130.6 E7.67071
G1 X100.57 Y130.599 E8.30597
G1 X99.854 Y130.589 E8.32979
G1 X98.918 Y130.535 E8.36097
G1 X97.989 Y130.396 E8.39222
G1 X97.077 Y130.177 E8.42341
G1 X96.187 Y129.878 E8.45464
G1 X95.328 Y129.501 E8.48584
G1 X94.505 Y129.05 E8.51705
G1 X93.725 Y128.528 E8.54827
G1 X93.021 Y127.962 E8.57831
G1 X92.319 Y127.287 E8.61071
G1 X91.704 Y126.578 E8.64192
G1 X91.174 Y125.847 E8.67195
G1 X90.674 Y125.011 E8.70435
G1 X90.266 Y124.166 E8.73556
G1 X89.935 Y123.288 E8.76677
G1 X89.683 Y122.384 E8.79798
G1 X89.511 Y121.455 E8.82941
G1 X89.413 Y120.276 E8.86876
G1 X89.4 Y119.658 E8.88932
G1 X89.401 Y100.531 E9.52548
G1 X89.411 Y99.848 E9.5482
G1 X89.466 Y98.911 E9.57942
G1 X89.605 Y97.983 E9.61063
G1 X89.825 Y97.071 E9.64183
G1 X90.125 Y96.181 E9.67307
G1 X90.502 Y95.322 E9.70427
G1 X90.953 Y94.5 E9.73546
G1 X91.476 Y93.72 E9.76669
G1 X92.043 Y93.016 E9.79676
G1 X92.718 Y92.315 E9.82912
G0 F6000 X92.981 Y92.617
G1 F1200 X93.662 Y92.024 E9.85916
G1 X94.394 Y91.494 E9.88922
G1 X95.169 Y91.031 E9.91924
G1 X95.982 Y90.638 E9.94928
G1 X96.827 Y90.318 E9.97933
G1 X97.696 Y90.075 E10.00934
G1 X98.584 Y89.909 E10.03939
G1 X99.723 Y89.813 E10.07741
G1 X100.33 Y89.8 E10.0976
G1 X119.293 Y89.8 E10.72831
G1 X120.137 Y89.811 E10.75639
G1 X121.039 Y89.864 E10.78644
G1 X121.932 Y89.996 E10.81646
G1 X122.81 Y90.207 E10.8465
G1 X123.666 Y90.495 E10.87653
G1 X124.493 Y90.857 E10.90656
G1 X125.285 Y91.292 E10.93661
G1 X126.036 Y91.794 E10.96666
G1 X126.739 Y92.361 E10.9967
G1 X127.389 Y92.988 E11.02674
G1 X127.981 Y93.67 E11.05677
G1 X128.511 Y94.401 E11.0868
G1 X128.973 Y95.177 E11.11684
G1 X129.366 Y95.99 E11.14688
G1 X129.684 Y96.835 E11.17691
G1 X129.927 Y97.705 E11.20695
G1 X130.092 Y98.593 E11.23699
G1 X130.187 Y99.723 E11.27471
G1 X130.2 Y100.33 E11.2949
G1 X130.199 Y119.39 E11.92884
G1 X130.19 Y120.117 E11.95302
G1 X130.139 Y121.019 E11.98307
G1 X130.008 Y121.913 E12.01312
G1 X129.799 Y122.791 E12.04314
G1 X129.513 Y123.648 E12.07319
G1 X129.152 Y124.476 E12.10323
G1 X128.72 Y125.268 E12.13324
G1 X128.219 Y126.02 E12.16329
G1 X127.653 Y126.724 E12.19334
G1 X127.028 Y127.375 E12.22335
G1 X126.347 Y127.969 E12.25341
G1 X125.616 Y128.5 E12.28346
G1 X124.842 Y128.964 E12.31347
G1 X124.029 Y129.358 E12.34352
G1 X123.185 Y129.678 E12.37354
G1 X122.315 Y129.923 E12.4036
G1 X121.428 Y130.089 E12.43362
G1 X120.277 Y130.187 E12.47204
G1 X119.67 Y130.2 E12.49223
G1 X100.575 Y130.199 E13.12734
G1 X99.877 Y130.19 E13.15055
G1 X98.976 Y130.139 E13.18057
G1 X98.082 Y130.007 E13.21062
G1 X97.204 Y129.798 E13.24064
G1 X96.347 Y129.511 E13.2707
G1 X95.52 Y129.15 E13.30072
G1 X94.727 Y128.717 E13.33077
G1 X93.976 Y128.216 E13.36079
G1 X93.272 Y127.65 E13.39084
G1 X92.621 Y127.024 E13.42088
G1 X92.028 Y126.343 E13.45091
G1 X91.498 Y125.612 E13.48094
G1 X91.034 Y124.837 E13.51098
G1 X90.64 Y124.024 E13.54103
G1 X90.32 Y123.18 E13.57105
G1 X90.076 Y122.31 E13.60111
G1 X89.91 Y121.422 E13.63115
G1 X89.813 Y120.267 E13.6697
G1 X89.8 Y119.658 E13.68996
G1 X89.801 Y100.536 E14.32597
G1 X89.81 Y99.871 E14.34809
G1 X89.862 Y98.969 E14.37814
G1 X89.994 Y98.076 E14.40816
G1 X90.204 Y97.198 E14.43819
G1 X90.491 Y96.341 E14.46825
G1 X90.853 Y95.514 E14.49827
G1 X91.286 Y94.722 E14.52829
G1 X91.788 Y93.971 E14.55834
G1 X92.355 Y93.267 E14.5884
G1 X92.981 Y92.617 E14.61842
G1 F2700 E5.61842
;MESH:xyzCalibration_cube.stl
G0 F6000 X100.414 Y99.335
G0 X119.8 Y119.8
;TYPE:WALL-OUTER
G1 F2700 E14.61842
G1 F1200 X119.8 Y100.2 E15.27032
G1 X100.2 Y100.2 E15.92222
G1 X100.2 Y119.8 E16.57411
G1 X119.8 Y119.8 E17.22601
G0 F6000 X119.4 Y119.4
;TYPE:WALL-INNER
G1 F1200 X119.4 Y100.6 E17.8513
G1 X100.6 Y100.6 E18.47659
G1 X100.6 Y119.4 E19.10188
G1 X119.4 Y119.4 E19.72717
G0 F6000 X119 Y119
G1 F1200 X119 Y101 E20.32586
G1 X101 Y101 E20.92454
G1 X101 Y119 E21.52322
G1 X119 Y119 E22.1219
G0 F6000 X118.64 Y118.64
;TYPE:SKIN
G1 F1200 X118.64 Y101.36 E22.69664
G1 X101.36 Y101.36 E23.27137
G1 X101.36 Y118.64 E23.84611
G1 X118.64 Y118.64 E24.42085
G0 F6000 X118.9 Y118.64
G0 X118.828 Y101.172
G0 X117.965 Y101.1
G0 X117.965 Y101.56
G1 F1200 X118.44 Y102.035 E24.44319
G0 F6000 X118.44 Y102.6
G1 F1200 X117.4 Y101.56 E24.49211
G0 F6000 X116.834 Y101.56
G1 F1200 X118.44 Y103.166 E24.56765
G0 F6000 X118.44 Y103.732
G1 F1200 X116.268 Y101.56 E24.66981
G0 F6000 X115.702 Y101.56
G1 F1200 X118.44 Y104.298 E24.7986
G0 F6000 X118.44 Y104.863
G1 F1200 X115.137 Y101.56 E24.95396
G0 F6000 X114.571 Y101.56
G1 F1200 X118.44 Y105.429 E25.13595
G0 F6000 X118.44 Y105.995
G1 F1200 X114.005 Y101.56 E25.34456
G0 F6000 X113.44 Y101.56
G1 F1200 X118.44 Y106.56 E25.57974
G0 F6000 X118.44 Y107.126
G1 F1200 X112.874 Y101.56 E25.84155
G0 F6000 X112.308 Y101.56
G1 F1200 X118.44 Y107.692 E26.12998
G0 F6000 X118.44 Y108.257
G1 F1200 X111.743 Y101.56 E26.44499
G0 F6000 X111.177 Y101.56
G1 F1200 X118.44 Y108.823 E26.78661
G0 F6000 X118.44 Y109.389
G1 F1200 X110.611 Y101.56 E27.15487
G0 F6000 X110.046 Y101.56
G1 F1200 X118.44 Y109.954 E27.54969
G0 F6000 X118.44 Y110.52
G1 F1200 X109.48 Y101.56 E27.97115
G0 F6000 X108.914 Y101.56
G1 F1200 X118.44 Y111.086 E28.41922
G0 F6000 X118.44 Y111.651
G1 F1200 X108.349 Y101.56 E28.89387
G0 F6000 X107.783 Y101.56
G1 F1200 X118.44 Y112.217 E29.39514
G0 F6000 X118.44 Y112.783
G1 F1200 X107.217 Y101.56 E29.92304
G0 F6000 X106.652 Y101.56
G1 F1200 X118.44 Y113.349 E30.47753
G0 F6000 X118.44 Y113.914
G1 F1200 X106.086 Y101.56 E31.05863
G0 F6000 X105.52 Y101.56
G1 F1200 X118.44 Y114.48 E31.66634
G0 F6000 X118.44 Y115.046
G1 F1200 X104.954 Y101.56 E32.30068
G0 F6000 X104.389 Y101.56
G1 F1200 X118.44 Y115.611 E32.9616
G0 F6000 X118.44 Y116.177
G1 F1200 X103.823 Y101.56 E33.64914
G0 F6000 X103.257 Y101.56
G1 F1200 X118.44 Y116.743 E34.3633
G0 F6000 X118.44 Y117.308
G1 F1200 X102.692 Y101.56 E35.10404
G0 F6000 X102.126 Y101.56
G1 F1200 X118.44 Y117.874 E35.8714
G0 F6000 X118.44 Y118.44
G1 F1200 X101.56 Y101.56 E36.66538
G0 F6000 X101.56 Y102.125
G1 F1200 X117.874 Y118.44 E37.43277
G0 F6000 X117.308 Y118.44
G1 F1200 X101.56 Y102.691 E38.17353
G0 F6000 X101.56 Y103.257
G1 F1200 X116.743 Y118.44 E38.88769
G0 F6000 X116.177 Y118.44
G1 F1200 X101.56 Y103.822 E39.57525
G0 F6000 X101.56 Y104.388
G1 F1200 X115.611 Y118.44 E40.23619
G0 F6000 X115.046 Y118.44
G1 F1200 X101.56 Y104.954 E40.87053
G0 F6000 X101.56 Y105.519
G1 F1200 X114.48 Y118.44 E41.47827
G0 F6000 X113.914 Y118.44
G1 F1200 X101.56 Y106.085 E42.05939
G0 F6000 X101.56 Y106.651
G1 F1200 X113.349 Y118.44 E42.61391
G0 F6000 X112.783 Y118.44
G1 F1200 X101.56 Y107.216 E43.14183
G0 F6000 X101.56 Y107.782
G1 F1200 X112.217 Y118.44 E43.64312
G0 F6000 X111.651 Y118.44
G1 F1200 X101.56 Y108.348 E44.1178
G0 F6000 X101.56 Y108.914
G1 F1200 X111.086 Y118.44 E44.56587
G0 F6000 X110.52 Y118.44
G1 F1200 X101.56 Y109.479 E44.98734
G0 F6000 X101.56 Y110.045
G1 F1200 X109.954 Y118.44 E45.3822
G0 F6000 X109.389 Y118.44
G1 F1200 X101.56 Y110.611 E45.75045
G0 F6000 X101.56 Y111.176
G1 F1200 X108.823 Y118.44 E46.0921
G0 F6000 X108.257 Y118.44
G1 F1200 X101.56 Y111.742 E46.40713
G0 F6000 X101.56 Y112.308
G1 F1200 X107.692 Y118.44 E46.69556
G0 F6000 X107.126 Y118.44
M104 S215
G1 F1200 X101.56 Y112.873 E46.95739
G0 F6000 X101.56 Y113.439
G1 F1200 X106.56 Y118.44 E47.1926
G0 F6000 X105.995 Y118.44
G1 F1200 X101.56 Y114.005 E47.40121
G0 F6000 X101.56 Y114.57
G1 F1200 X105.429 Y118.44 E47.58322
G0 F6000 X104.863 Y118.44
G1 F1200 X101.56 Y115.136 E47.73861
G0 F6000 X101.56 Y115.702
G1 F1200 X104.298 Y118.44 E47.86739
G0 F6000 X103.732 Y118.44
G1 F1200 X101.56 Y116.267 E47.96958
G0 F6000 X101.56 Y116.833
G1 F1200 X103.166 Y118.44 E48.04515
G0 F6000 X102.6 Y118.44
G1 F1200 X101.56 Y117.399 E48.09409
G0 F6000 X101.56 Y117.965
G1 F1200 X102.035 Y118.44 E48.11643
;MESH:NONMESH
G0 F300 X102.035 Y118.44 Z0.6
G0 F6000 X102.035 Y118.9
G0 X119.53 Y119.53
G0 X119.8 Y119.8
;TIME_ELAPSED:83.590191
;LAYER:1
M140 S60
M106 S85
;TYPE:WALL-OUTER
;MESH:xyzCalibration_cube.stl
G1 F1350 X119.8 Y100.2 E49.42023
G1 X100.2 Y100.2 E50.72402
G1 X100.2 Y119.8 E52.02782
G1 X119.8 Y119.8 E53.33162
G0 F7500 X119.4 Y119.4
;TYPE:WALL-INNER
G1 F1350 X119.4 Y100.6 E54.5822
G1 X100.6 Y100.6 E55.83278
G1 X100.6 Y119.4 E57.08336
G1 X119.4 Y119.4 E58.33394
G0 F7500 X119 Y119
G1 F1350 X119 Y101 E59.53131
G1 X101 Y101 E60.72867
G1 X101 Y119 E61.92604
G1 X119 Y119 E63.1234
G0 F7500 X118.64 Y118.64
;TYPE:SKIN
G1 F1350 X118.64 Y101.36 E64.27287
G1 X101.36 Y101.36 E65.42234
G1 X101.36 Y118.64 E66.57181
G1 X118.64 Y118.64 E67.72128
G0 F7500 X118.017 Y118.44
G1 F1350 X118.44 Y118.017 E67.76108
G0 F7500 X118.44 Y117.451
G1 F1350 X117.451 Y118.44 E67.85412
G0 F7500 X116.885 Y118.44
G1 F1350 X118.44 Y116.885 E68.0004
G0 F7500 X118.44 Y116.32
G1 F1350 X116.32 Y118.44 E68.19984
G0 F7500 X115.754 Y118.44
G1 F1350 X118.44 Y115.754 E68.45252
G0 F7500 X118.44 Y115.188
G1 F1350 X115.188 Y118.44 E68.75845
G0 F7500 X114.623 Y118.44
G1 F1350 X118.44 Y114.623 E69.11753
G0 F7500 X118.44 Y114.057
G1 F1350 X114.057 Y118.44 E69.52985
G0 F7500 X113.491 Y118.44
G1 F1350 X118.44 Y113.491 E69.99543
G0 F7500 X118.44 Y112.926
G1 F1350 X112.926 Y118.44 E70.51415
G0 F7500 X112.36 Y118.44
G1 F1350 X118.44 Y112.36 E71.08612
G0 F7500 X118.44 Y111.794
G1 F1350 X111.794 Y118.44 E71.71133
G0 F7500 X111.229 Y118.44
G1 F1350 X118.44 Y111.229 E72.3897
G0 F7500 X118.44 Y110.663
G1 F1350 X110.663 Y118.44 E73.12131
G0 F7500 X110.097 Y118.44
G1 F1350 X118.44 Y110.097 E73.90617
G0 F7500 X118.44 Y109.532
G1 F1350 X109.532 Y118.44 E74.74418
G0 F7500 X108.966 Y118.44
G1 F1350 X118.44 Y108.966 E75.63544
G0 F7500 X118.44 Y108.4
G1 F1350 X108.4 Y118.44 E76.57994
G0 F7500 X107.834 Y118.44
G1 F1350 X118.44 Y107.834 E77.57769
G0 F7500 X118.44 Y107.269
G1 F1350 X107.269 Y118.44 E78.62858
G0 F7500 X106.703 Y118.44
G1 F1350 X118.44 Y106.703 E79.73273
G0 F7500 X118.44 Y106.137
G1 F1350 X106.137 Y118.44 E80.89012
G0 F7500 X105.572 Y118.44
G1 F1350 X118.44 Y105.572 E82.10066
G0 F7500 X118.44 Y105.006
G1 F1350 X105.006 Y118.44 E83.36445
G0 F7500 X104.44 Y118.44
G1 F1350 X118.44 Y104.44 E84.68149
G0 F7500 X118.44 Y103.875
G1 F1350 X103.875 Y118.44 E86.05167
G0 F7500 X103.309 Y118.44
G1 F1350 X118.44 Y103.309 E87.4751
G0 F7500 X118.44 Y102.743
G1 F1350 X102.743 Y118.44 E88.95178
G0 F7500 X102.178 Y118.44
G1 F1350 X118.44 Y102.178 E90.48161
G0 F7500 X118.44 Y101.612
G1 F1350 X101.612 Y118.44 E92.06468
G0 F7500 X101.56 Y117.926
G1 F1350 X117.926 Y101.56 E93.6043
G0 F7500 X117.361 Y101.56
G1 F1350 X101.56 Y117.36 E95.09071
G0 F7500 X101.56 Y116.794
G1 F1350 X116.795 Y101.56 E96.52388
G0 F7500 X116.229 Y101.56
G1 F1350 X101.56 Y116.229 E97.90385
G0 F7500 X101.56 Y115.663
G1 F1350 X115.664 Y101.56 E99.23062
G0 F7500 X115.098 Y101.56
G1 F1350 X101.56 Y115.097 E100.50415
G0 F7500 X101.56 Y114.531
G1 F1350 X114.532 Y101.56 E101.72442
G0 F7500 X113.967 Y101.56
G1 F1350 X101.56 Y113.966 E102.89155
G0 F7500 X101.56 Y113.4
G1 F1350 X113.401 Y101.56 E104.00543
G0 F7500 X112.835 Y101.56
G1 F1350 X101.56 Y112.834 E105.06607
G0 F7500 X101.56 Y112.269
G1 F1350 X112.269 Y101.56 E106.07351
G0 F7500 X111.704 Y101.56
G1 F1350 X101.56 Y111.703 E107.02774
G0 F7500 X101.56 Y111.137
G1 F1350 X111.138 Y101.56 E107.92874
G0 F7500 X110.572 Y101.56
G1 F1350 X101.56 Y110.572 E108.77653
G0 F7500 X101.56 Y110.006
G1 F1350 X110.007 Y101.56 E109.57113
G0 F7500 X109.441 Y101.56
G1 F1350 X101.56 Y109.44 E110.31247
G0 F7500 X101.56 Y108.875
G1 F1350 X108.875 Y101.56 E111.00063
G0 F7500 X108.31 Y101.56
G1 F1350 X101.56 Y108.309 E111.63558
G0 F7500 X101.56 Y107.743
G1 F1350 X107.744 Y101.56 E112.21728
G0 F7500 X107.178 Y101.56
G1 F1350 X101.56 Y107.178 E112.74579
G0 F7500 X101.56 Y106.612
G1 F1350 X106.613 Y101.56 E113.2211
G0 F7500 X106.047 Y101.56
G1 F1350 X101.56 Y106.046 E113.64316
G0 F7500 X101.56 Y105.481
G1 F1350 X105.481 Y101.56 E114.01202
G0 F7500 X104.916 Y101.56
G1 F1350 X101.56 Y104.915 E114.32769
G0 F7500 X101.56 Y104.349
G1 F1350 X104.35 Y101.56 E114.59011
G0 F7500 X103.784 Y101.56
G1 F1350 X101.56 Y103.783 E114.79928
G0 F7500 X101.56 Y103.218
G1 F1350 X103.218 Y101.56 E114.95526
G0 F7500 X102.653 Y101.56
G1 F1350 X101.56 Y102.652 E115.05803
G0 F7500 X101.56 Y102.086
G1 F1350 X102.087 Y101.56 E115.10756
G1 F2700 E106.10756
;MESH:NONMESH
G0 F300 X102.087 Y101.56 Z1
G0 F7500 X102.087 Y101.1
G0 X119.082 Y100.918
G0 X119.53 Y119.53
G0 X119.8 Y119.8
;TIME_ELAPSED:134.467751
;LAYER:2
M106 S170
;TYPE:WALL-OUTER
;MESH:xyzCalibration_cube.stl
G1 F2700 E115.10756
G1 F1500 X119.8 Y100.2 E116.41136
G1 X100.2 Y100.2 E117.71516
G1 X100.2 Y119.8 E119.01895
G1 X119.8 Y119.8 E120.32275
G0 F9000 X119.4 Y119.4
;TYPE:WALL-INNER
G1 F1500 X119.4 Y100.6 E121.57333
G1 X100.6 Y100.6 E122.82391
G1 X100.6 Y119.4 E124.07449
G1 X119.4 Y119.4 E125.32507
G0 F9000 X119 Y119
G1 F1500 X119 Y101 E126.52244
G1 X101 Y101 E127.7198
G1 X101 Y119 E128.91717
G1 X119 Y119 E130.11453
G0 F9000 X118.64 Y118.64
;TYPE:SKIN
G1 F1500 X118.64 Y101.36 E131.264
G1 X101.36 Y101.36 E132.41347
G1 X101.36 Y118.64 E133.56294
G1 X118.64 Y118.64 E134.71242
G0 F9000 X118.9 Y118.64
G0 X118.828 Y101.172
G0 X117.965 Y101.1
G0 X117.965 Y101.56
G1 F1500 X118.44 Y102.035 E134.7571
G0 F9000 X118.44 Y102.6
G1 F1500 X117.4 Y101.56 E134.85494
G0 F9000 X116.834 Y101.56
G1 F1500 X118.44 Y103.166 E135.00602
G0 F9000 X118.44 Y103.732
G1 F1500 X116.268 Y101.56 E135.21035
G0 F9000 X115.702 Y101.56
G1 F1500 X118.44 Y104.298 E135.46792
G0 F9000 X118.44 Y104.863
G1 F1500 X115.137 Y101.56 E135.77865
G0 F9000 X114.571 Y101.56
G1 F1500 X118.44 Y105.429 E136.14262
G0 F9000 X118.44 Y105.995
G1 F1500 X114.005 Y101.56 E136.55984
G0 F9000 X113.44 Y101.56
G1 F1500 X118.44 Y106.56 E137.03021
G0 F9000 X118.44 Y107.126
G1 F1500 X112.874 Y101.56 E137.55382
G0 F9000 X112.308 Y101.56
G1 F1500 X118.44 Y107.692 E138.13068
G0 F9000 X118.44 Y108.257
G1 F1500 X111.743 Y101.56 E138.7607
G0 F9000 X111.177 Y101.56
G1 F1500 X118.44 Y108.823 E139.44395
G0 F9000 X118.44 Y109.389
G1 F1500 X110.611 Y101.56 E140.18046
G0 F9000 X110.046 Y101.56
G1 F1500 X118.44 Y109.954 E140.97011
G0 F9000 X118.44 Y110.52
G1 F1500 X109.48 Y101.56 E141.81302
G0 F9000 X108.914 Y101.56
G1 F1500 X118.44 Y111.086 E142.70916
G0 F9000 X118.44 Y111.651
G1 F1500 X108.349 Y101.56 E143.65846
G0 F9000 X107.783 Y101.56
G1 F1500 X118.44 Y112.217 E144.66101
G0 F9000 X118.44 Y112.783
G1 F1500 X107.217 Y101.56 E145.7168
G0 F9000 X106.652 Y101.56
G1 F1500 X118.44 Y113.349 E146.82579
G0 F9000 X118.44 Y113.914
G1 F1500 X106.086 Y101.56 E147.98798
G0 F9000 X105.52 Y101.56
G1 F1500 X118.44 Y114.48 E149.20341
G0 F9000 X118.44 Y115.046
G1 F1500 X104.954 Y101.56 E150.47209
G0 F9000 X104.389 Y101.56
G1 F1500 X118.44 Y115.611 E151.79392
G0 F9000 X118.44 Y116.177
G1 F1500 X103.823 Y101.56 E153.169
G0 F9000 X103.257 Y101.56
G1 F1500 X118.44 Y116.743 E154.59733
G0 F9000 X118.44 Y117.308
G1 F1500 X102.692 Y101.56 E156.0788
G0 F9000 X102.126 Y101.56
G1 F1500 X118.44 Y117.874 E157.61352
G0 F9000 X118.44 Y118.44
G1 F1500 X101.56 Y101.56 E159.20149
G0 F9000 X101.56 Y102.125
G1 F1500 X117.874 Y118.44 E160.73626
G0 F9000 X117.308 Y118.44
G1 F1500 X101.56 Y102.691 E162.21778
G0 F9000 X101.56 Y103.257
G1 F1500 X116.743 Y118.44 E163.6461
G0 F9000 X116.177 Y118.44
G1 F1500 X101.56 Y103.822 E165.02123
G0 F9000 X101.56 Y104.388
G1 F1500 X115.611 Y118.44 E166.34311
G0 F9000 X115.046 Y118.44
G1 F1500 X101.56 Y104.954 E167.61179
G0 F9000 X101.56 Y105.519
G1 F1500 X114.48 Y118.44 E168.82727
G0 F9000 X113.914 Y118.44
G1 F1500 X101.56 Y106.085 E169.9895
G0 F9000 X101.56 Y106.651
G1 F1500 X113.349 Y118.44 E171.09854
G0 F9000 X112.783 Y118.44
G1 F1500 X101.56 Y107.216 E172.15438
G0 F9000 X101.56 Y107.782
G1 F1500 X112.217 Y118.44 E173.15697
G0 F9000 X111.651 Y118.44
G1 F1500 X101.56 Y108.348 E174.10632
G0 F9000 X101.56 Y108.914
G1 F1500 X111.086 Y118.44 E175.00247
G0 F9000 X110.52 Y118.44
G1 F1500 X101.56 Y109.479 E175.84541
G0 F9000 X101.56 Y110.045
G1 F1500 X109.954 Y118.44 E176.63512
G0 F9000 X109.389 Y118.44
G1 F1500 X101.56 Y110.611 E177.37162
G0 F9000 X101.56 Y111.176
G1 F1500 X108.823 Y118.44 E178.05493
G0 F9000 X108.257 Y118.44
G1 F1500 X101.56 Y111.742 E178.68499
G0 F9000 X101.56 Y112.308
G1 F1500 X107.692 Y118.44 E179.26185
G0 F9000 X107.126 Y118.44
G1 F1500 X101.56 Y112.873 E179.78551
G0 F9000 X101.56 Y113.439
G1 F1500 X106.56 Y118.44 E180.25593
G0 F9000 X105.995 Y118.44
G1 F1500 X101.56 Y114.005 E180.67314
G0 F9000 X101.56 Y114.57
G1 F1500 X105.429 Y118.44 E181.03716
G0 F9000 X104.863 Y118.44
G1 F1500 X101.56 Y115.136 E181.34794
G0 F9000 X101.56 Y115.702
G1 F1500 X104.298 Y118.44 E181.60551
G0 F9000 X103.732 Y118.44
G1 F1500 X101.56 Y116.267 E181.80989
G0 F9000 X101.56 Y116.833
G1 F1500 X103.166 Y118.44 E181.96102
G0 F9000 X102.6 Y118.44
G1 F1500 X101.56 Y117.399 E182.0589
G0 F9000 X101.56 Y117.965
G1 F1500 X102.035 Y118.44 E182.10358
;MESH:NONMESH
G0 F300 X102.035 Y118.44 Z1.4
G0 F9000 X102.035 Y118.9
G0 X119.53 Y119.53
G0 X119.8 Y119.8
;TIME_ELAPSED:181.313478
;LAYER:3
M106 S255
;TYPE:WALL-OUTER
;MESH:xyzCalibration_cube.stl
G1 F1500 X119.8 Y100.2 E183.40738
G1 X100.2 Y100.2 E184.71118
G1 X100.2 Y119.8 E186.01498
G1 X119.8 Y119.8 E187.31877
G0 F9000 X119.4 Y119.4
;TYPE:WALL-INNER
G1 F1500 X119.4 Y100.6 E188.56935
G1 X100.6 Y100.6 E189.81994
G1 X100.6 Y119.4 E191.07052
G1 X119.4 Y119.4 E192.3211
G0 F9000 X119 Y119
G1 F1500 X119 Y101 E193.51846
G1 X101 Y101 E194.71583
G1 X101 Y119 E195.91319
G1 X119 Y119 E197.11056
G0 F9000 X116.755 Y111.544
G0 X117.012 Y111.544
;TYPE:SKIN
G1 F1500 X118.64 Y111.544 E197.21885
G1 X118.64 Y107.784 E197.46897
G1 X117.012 Y107.784 E197.57726
G1 X117.012 Y111.544 E197.82738
G0 F9000 X116.755 Y111.544
G0 X118.324 Y111.806
G0 X118.324 Y111.344
G1 F1500 X118.44 Y111.228 E197.83829
G0 F9000 X118.44 Y110.662
G1 F1500 X117.759 Y111.344 E197.9024
G0 F9000 X117.212 Y111.325
G1 F1500 X118.44 Y110.097 E198.01793
G0 F9000 X118.44 Y109.531
G1 F1500 X117.212 Y110.759 E198.13345
G0 F9000 X117.212 Y110.193
G1 F1500 X118.44 Y108.965 E198.24897
G0 F9000 X118.44 Y108.399
G1 F1500 X117.212 Y109.628 E198.36454
G0 F9000 X117.212 Y109.062
G1 F1500 X118.29 Y107.984 E198.46595
G0 F9000 X117.725 Y107.984
G1 F1500 X117.212 Y108.496 E198.51417
G0 F9000 X116.755 Y108.496
G0 X111.111 Y103.12
G0 X111.296 Y102.932
G1 F1500 X115.148 Y102.931 E198.7704
G1 X115.151 Y101.361 E198.87484
G1 X111.296 Y101.36 E199.13127
G1 X111.296 Y102.932 E199.23584
G0 F9000 X111.039 Y102.932
G0 X111.111 Y101.172
G0 X111.704 Y101.1
G0 X111.704 Y101.56
G1 F1500 X111.496 Y101.768 E199.25541
G0 F9000 X111.496 Y102.333
G1 F1500 X112.269 Y101.56 E199.32813
G0 F9000 X112.835 Y101.56
G1 F1500 X111.663 Y102.732 E199.43839
G0 F9000 X112.228 Y102.732
G1 F1500 X113.4 Y101.56 E199.54864
G0 F9000 X113.966 Y101.56
G1 F1500 X112.794 Y102.732 E199.65889
G0 F9000 X113.361 Y102.731
G1 F1500 X114.531 Y101.56 E199.76901
G0 F9000 X114.949 Y101.709
G1 F1500 X113.926 Y102.731 E199.8652
G0 F9000 X114.492 Y102.731
G1 F1500 X114.948 Y102.275 E199.9081
G0 F9000 X115.412 Y102.276
G0 X115.339 Y103.12
G0 X107.88 Y103.19
G0 X107.88 Y102.928
G1 F1500 X107.88 Y101.36 E200.0124
G1 X104.177 Y101.36 E200.25873
G1 X104.18 Y102.932 E200.3633
G1 X107.88 Y102.928 E200.60942
G0 F9000 X107.68 Y102.19
G1 F1500 X107.141 Y102.728 E200.66008
G0 F9000 X106.574 Y102.73
G1 F1500 X107.68 Y101.624 E200.76412
G0 F9000 X107.178 Y101.56
G1 F1500 X106.007 Y102.731 E200.87429
G0 F9000 X105.441 Y102.731
G1 F1500 X106.613 Y101.56 E200.98449
G0 F9000 X106.047 Y101.56
G1 F1500 X104.875 Y102.732 E201.09475
G0 F9000 X104.38 Y102.661
G1 F1500 X105.481 Y101.56 E201.19832
G0 F9000 X104.916 Y101.56
G1 F1500 X104.378 Y102.097 E201.24889
G0 F9000 X103.619 Y102.097
;MESH:NONMESH
G0 F300 X103.619 Y102.097 Z1.8
G0 F9000 X103.739 Y103.377
G0 X119.53 Y119.53
G0 X119.8 Y119.8
;TIME_ELAPSED:197.161373
;LAYER:4
;TYPE:WALL-OUTER
;MESH:xyzCalibration_cube.stl
G1 F1500 X119.8 Y100.2 E202.55268
G1 X100.2 Y100.2 E203.85648
G1 X100.2 Y119.8 E205.16028
G1 X119.8 Y119.8 E206.46408
G0 F9000 X119.4 Y119.4
;TYPE:WALL-INNER
G1 F1500 X119.4 Y100.6 E207.71466
G1 X100.6 Y100.6 E208.96524
G1 X100.6 Y119.4 E210.21582
G1 X119.4 Y119.4 E211.4664
G0 F9000 X119 Y119
G1 F1500 X119 Y101 E212.66377
G1 X101 Y101 E213.86113
G1 X101 Y119 E215.0585
G1 X119 Y119 E216.25586
G0 F9000 X116.756 Y111.54
G0 X117.016 Y111.54
;TYPE:SKIN
G1 F1500 X118.64 Y111.54 E216.36389
G1 X118.64 Y107.78 E216.61401
G1 X117.016 Y107.78 E216.72203
G1 X117.016 Y111.54 E216.97215
G0 F9000 X117.562 Y111.34
G1 F1500 X117.216 Y110.993 E217.00475
G0 F9000 X117.216 Y110.427
G1 F1500 X118.128 Y111.34 E217.09059
G0 F9000 X118.44 Y111.086
G1 F1500 X117.216 Y109.862 E217.20574
G0 F9000 X117.216 Y109.296
G1 F1500 X118.44 Y110.52 E217.32088
G0 F9000 X118.44 Y109.954
G1 F1500 X117.216 Y108.73 E217.43603
G0 F9000 X117.216 Y108.165
G1 F1500 X118.44 Y109.389 E217.55118
G0 F9000 X118.44 Y108.823
G1 F1500 X117.597 Y107.98 E217.63048
G0 F9000 X118.162 Y107.98
G1 F1500 X118.44 Y108.257 E217.65659
G0 F9000 X118.9 Y108.257
G0 X118.828 Y107.594
G0 X110.867 Y103.12
G0 X111.052 Y102.932
G1 F1500 X114.896 Y102.931 E217.91229
G1 X114.899 Y101.361 E218.01673
G1 X111.052 Y101.36 E218.27263
G1 X111.052 Y102.932 E218.3772
G0 F9000 X111.782 Y102.731
G1 F1500 X111.252 Y102.201 E218.42706
G0 F9000 X111.252 Y101.635
G1 F1500 X112.348 Y102.731 E218.53016
G0 F9000 X112.914 Y102.731
G1 F1500 X111.743 Y101.561 E218.64028
G0 F9000 X112.309 Y101.561
G1 F1500 X113.479 Y102.731 E218.75034
G0 F9000 X114.044 Y102.731
G1 F1500 X112.875 Y101.561 E218.86036
G0 F9000 X113.44 Y101.561
G1 F1500 X114.61 Y102.731 E218.97043
G0 F9000 X114.697 Y102.252
G1 F1500 X114.006 Y101.561 E219.03543
G0 F9000 X114.572 Y101.561
G1 F1500 X114.698 Y101.687 E219.04729
G0 F9000 X115.16 Y101.688
G0 X115.089 Y101.172
G0 X110.867 Y101.172
G0 X108.38 Y102.928
G0 X108.12 Y102.928
G1 F1500 X108.12 Y101.36 E219.15159
G1 X104.397 Y101.36 E219.39925
G1 X104.404 Y102.932 E219.50382
G1 X108.12 Y102.928 E219.75101
G0 F9000 X108.38 Y102.928
G0 X108.308 Y101.172
G0 X107.783 Y101.1
G0 X107.783 Y101.56
G1 F1500 X107.92 Y101.698 E219.76394
G0 F9000 X107.92 Y102.263
G1 F1500 X107.217 Y101.56 E219.83008
G0 F9000 X106.652 Y101.56
G1 F1500 X107.82 Y102.728 E219.93995
G0 F9000 X107.255 Y102.729
G1 F1500 X106.086 Y101.56 E220.04993
G0 F9000 X105.52 Y101.56
G1 F1500 X106.689 Y102.729 E220.1599
G0 F9000 X106.124 Y102.73
G1 F1500 X104.954 Y101.56 E220.26997
G0 F9000 X104.599 Y101.77
G1 F1500 X105.559 Y102.731 E220.36032
G0 F9000 X104.994 Y102.731
G1 F1500 X104.601 Y102.338 E220.39729
G0 F9000 X103.841 Y102.338
;MESH:NONMESH
G0 F300 X103.841 Y102.338 Z2.2
G0 F9000 X103.842 Y103.043
G0 X119.53 Y119.53
G0 X119.8 Y119.8
;TIME_ELAPSED:213.027313
;LAYER:5
;TYPE:WALL-OUTER
;MESH:xyzCalibration_cube.stl
G1 F1500 X119.8 Y100.2 E221.70109
G1 X100.2 Y100.2 E223.00489
G1 X100.2 Y119.8 E224.30869
G1 X119.8 Y119.8 E225.61248
G0 F9000 X119.4 Y119.4
;TYPE:WALL-INNER
G1 F1500 X119.4 Y100.6 E226.86306
G1 X100.6 Y100.6 E228.11365
G1 X100.6 Y119.4 E229.36423
G1 X119.4 Y119.4 E230.61481
G0 F9000 X119 Y119
G1 F1500 X119 Y101 E231.81217
G1 X101 Y101 E233.00954
G1 X101 Y119 E234.2069
G1 X119 Y119 E235.40427
G0 F9000 X116.756 Y111.536
G0 X117.016 Y111.536
;TYPE:SKIN
G1 F1500 X118.64 Y111.536 E235.5123
G1 X118.64 Y107.776 E235.76241
G1 X117.016 Y107.776 E235.87044
G1 X117.016 Y111.536 E236.12056
G0 F9000 X116.756 Y111.536
G0 X118.828 Y111.725
G0 X118.9 Y111.229
G0 X118.44 Y111.229
G1 F1500 X118.332 Y111.336 E236.13067
G0 F9000 X117.767 Y111.336
G1 F1500 X118.44 Y110.663 E236.19398
G0 F9000 X118.44 Y110.097
G1 F1500 X117.216 Y111.321 E236.30913
G0 F9000 X117.216 Y110.755
G1 F1500 X118.44 Y109.532 E236.42423
G0 F9000 X118.44 Y108.966
G1 F1500 X117.216 Y110.189 E236.53933
G0 F9000 X117.216 Y109.623
G1 F1500 X118.44 Y108.4 E236.65443
G0 F9000 X118.298 Y107.976
G1 F1500 X117.216 Y109.058 E236.75621
G0 F9000 X117.216 Y108.492
G1 F1500 X117.733 Y107.976 E236.8048
G0 F9000 X117.733 Y107.517
G0 X110.621 Y103.121
G0 X110.809 Y102.932
G1 F1500 X114.644 Y102.931 E237.05991
G1 X114.647 Y101.361 E237.16435
G1 X110.812 Y101.36 E237.41945
G1 X110.809 Y102.932 E237.52402
G0 F9000 X110.55 Y102.931
G0 X110.552 Y101.684
G0 X111.012 Y101.685
G1 F1500 X111.138 Y101.56 E237.53583
G0 F9000 X111.704 Y101.56
G1 F1500 X111.011 Y102.253 E237.60102
G0 F9000 X111.097 Y102.732
G1 F1500 X112.269 Y101.56 E237.71128
G0 F9000 X112.834 Y101.56
G1 F1500 X111.663 Y102.732 E237.82148
G0 F9000 X112.228 Y102.732
G1 F1500 X113.4 Y101.56 E237.93174
G0 F9000 X113.966 Y101.56
G1 F1500 X112.794 Y102.732 E238.04199
G0 F9000 X113.36 Y102.732
G1 F1500 X114.445 Y101.647 E238.14406
G0 F9000 X114.445 Y102.213
G1 F1500 X113.926 Y102.732 E238.19289
G0 F9000 X113.926 Y103.193
G0 X110.952 Y103.128
G0 X108.617 Y102.928
G0 X108.356 Y102.928
G1 F1500 X108.356 Y101.36 E238.29719
G1 X104.621 Y101.36 E238.54564
G1 X104.624 Y102.932 E238.65021
G1 X108.356 Y102.928 E238.89847
G0 F9000 X107.706 Y102.729
G1 F1500 X108.156 Y102.279 E238.9408
G0 F9000 X108.156 Y101.713
G1 F1500 X107.139 Y102.73 E239.03647
G0 F9000 X106.573 Y102.731
G1 F1500 X107.744 Y101.56 E239.14663
G0 F9000 X107.178 Y101.56
G1 F1500 X106.007 Y102.731 E239.25679
G0 F9000 X105.44 Y102.732
G1 F1500 X106.613 Y101.56 E239.3671
G0 F9000 X106.047 Y101.56
G1 F1500 X104.875 Y102.732 E239.47735
G0 F9000 X104.823 Y102.218
G1 F1500 X105.481 Y101.56 E239.53925
G0 F9000 X104.916 Y101.56
G1 F1500 X104.822 Y101.654 E239.54809
G0 F9000 X104.062 Y101.654
;MESH:NONMESH
G0 F300 X104.062 Y101.654 Z2.6
G0 F9000 X104.183 Y103.378
G0 X119.53 Y119.53
G0 X119.8 Y119.8
;TIME_ELAPSED:228.851608
;LAYER:6
;TYPE:WALL-OUTER
;MESH:xyzCalibration_cube.stl
G1 F1500 X119.8 Y100.2 E240.85189
G1 X100.2 Y100.2 E242.15569
G1 X100.2 Y119.8 E243.45949
G1 X119.8 Y119.8 E244.76328
G0 F9000 X119.4 Y119.4
;TYPE:WALL-INNER
G1 F1500 X119.4 Y100.6 E246.01386
G1 X100.6 Y100.6 E247.26445
G1 X100.6 Y119.4 E248.51503
G1 X119.4 Y119.4 E249.76561
G0 F9000 X119 Y119
G1 F1500 X119 Y101 E250.96297
G1 X101 Y101 E252.16034
G1 X101 Y119 E253.3577
G1 X119 Y119 E254.55507
G0 F9000 X116.757 Y111.532
G0 X117.016 Y111.532
;TYPE:SKIN
G1 F1500 X118.64 Y111.532 E254.6631
G1 X118.64 Y107.772 E254.91321
G1 X117.016 Y107.772 E255.02124
G1 X117.016 Y111.532 E255.27136
G0 F9000 X117.554 Y111.332
G1 F1500 X117.216 Y110.993 E255.3032
G0 F9000 X117.216 Y110.427
G1 F1500 X118.12 Y111.332 E255.38829
G0 F9000 X118.44 Y111.086
G1 F1500 X117.216 Y109.862 E255.50344
G0 F9000 X117.216 Y109.296
G1 F1500 X118.44 Y110.52 E255.61858
G0 F9000 X118.44 Y109.954
G1 F1500 X117.216 Y108.73 E255.73373
G0 F9000 X117.216 Y108.165
G1 F1500 X118.44 Y109.389 E255.84888
G0 F9000 X118.44 Y108.823
G1 F1500 X117.589 Y107.972 E255.92893
G0 F9000 X118.155 Y107.972
G1 F1500 X118.44 Y108.257 E255.95575
G0 F9000 X118.9 Y108.257
G0 X118.828 Y107.585
G0 X110.38 Y103.121
G0 X110.568 Y102.932
G1 F1500 X114.388 Y102.931 E256.20985
G1 X114.394 Y101.361 E256.31429
G1 X110.568 Y101.36 E256.5688
G1 X110.568 Y102.932 E256.67337
G0 F9000 X111.217 Y102.731
G1 F1500 X110.768 Y102.282 E256.71561
G0 F9000 X110.768 Y101.717
G1 F1500 X111.782 Y102.731 E256.811
G0 F9000 X112.348 Y102.731
G1 F1500 X111.178 Y101.561 E256.92106
G0 F9000 X111.743 Y101.561
G1 F1500 X112.914 Y102.731 E257.03118
G0 F9000 X113.479 Y102.731
G1 F1500 X112.309 Y101.561 E257.14124
G0 F9000 X112.875 Y101.561
G1 F1500 X114.045 Y102.731 E257.25131
G0 F9000 X114.191 Y102.311
G1 F1500 X113.44 Y101.561 E257.32191
G0 F9000 X114.006 Y101.561
G1 F1500 X114.193 Y101.748 E257.3395
G0 F9000 X114.654 Y101.749
G0 X114.58 Y103.121
G0 X110.38 Y103.121
G0 X108.854 Y102.928
G0 X108.592 Y102.928
G1 F1500 X108.592 Y101.36 E257.44381
G1 X104.841 Y101.36 E257.69333
G1 X104.848 Y102.932 E257.7979
G1 X108.592 Y102.928 E258.04695
G0 F9000 X108.392 Y102.169
G1 F1500 X107.783 Y101.56 E258.10424
G0 F9000 X107.217 Y101.56
G1 F1500 X108.385 Y102.728 E258.21412
G0 F9000 X107.82 Y102.728
G1 F1500 X106.652 Y101.56 E258.324
G0 F9000 X106.086 Y101.56
G1 F1500 X107.255 Y102.729 E258.43397
G0 F9000 X106.69 Y102.73
G1 F1500 X105.52 Y101.56 E258.54403
G0 F9000 X105.042 Y101.648
G1 F1500 X106.125 Y102.731 E258.64592
G0 F9000 X105.56 Y102.731
G1 F1500 X105.044 Y102.216 E258.69441
G0 F9000 X104.285 Y102.216
;MESH:NONMESH
G0 F300 X104.285 Y102.216 Z3
G0 F9000 X104.286 Y103.031
G0 X119.53 Y119.53
G0 X119.8 Y119.8
;TIME_ELAPSED:244.483430
;LAYER:7
;TYPE:WALL-OUTER
;MESH:xyzCalibration_cube.stl
G1 F1500 X119.8 Y100.2 E259.99821
G1 X100.2 Y100.2 E261.30201
G1 X100.2 Y119.8 E262.6058
G1 X119.8 Y119.8 E263.9096
G0 F9000 X119.4 Y119.4
;TYPE:WALL-INNER
G1 F1500 X119.4 Y100.6 E265.16018
G1 X100.6 Y100.6 E266.41076
G1 X100.6 Y119.4 E267.66134
G1 X119.4 Y119.4 E268.91193
G0 F9000 X119 Y119
G1 F1500 X119 Y101 E270.10929
G1 X101 Y101 E271.30665
G1 X101 Y119 E272.50402
G1 X119 Y119 E273.70138
G0 F9000 X116.756 Y111.527
G0 X117.013 Y111.528
;TYPE:SKIN
G1 F1500 X118.64 Y111.528 E273.80961
G1 X118.64 Y107.768 E274.05973
G1 X117.02 Y107.768 E274.16749
G1 X117.013 Y111.528 E274.41761
G0 F9000 X116.756 Y111.527
G0 X118.34 Y111.789
G0 X118.34 Y111.328
G1 F1500 X118.44 Y111.228 E274.42702
G0 F9000 X118.44 Y110.662
G1 F1500 X117.774 Y111.328 E274.48967
G0 F9000 X117.214 Y111.323
G1 F1500 X118.44 Y110.097 E274.605
G0 F9000 X118.44 Y109.531
G1 F1500 X117.214 Y110.757 E274.72034
G0 F9000 X117.216 Y110.19
G1 F1500 X118.44 Y108.965 E274.83553
G0 F9000 X118.44 Y108.399
G1 F1500 X117.217 Y109.623 E274.95063
G0 F9000 X117.218 Y109.056
G1 F1500 X118.306 Y107.968 E275.05298
G0 F9000 X117.74 Y107.968
G1 F1500 X117.219 Y108.489 E275.102
G0 F9000 X116.759 Y108.488
G0 X110.136 Y103.119
G0 X110.325 Y102.928
G1 F1500 X114.136 Y102.935 E275.35551
G1 X114.139 Y101.361 E275.46021
G1 X110.325 Y101.361 E275.71392
G1 X110.325 Y102.928 E275.81815
G0 F9000 X110.064 Y102.928
G0 X110.136 Y101.172
G0 X111.137 Y101.1
G0 X111.137 Y101.56
G1 F1500 X110.525 Y102.173 E275.87577
G0 F9000 X110.534 Y102.729
G1 F1500 X111.703 Y101.56 E275.98575
G0 F9000 X112.269 Y101.56
G1 F1500 X111.099 Y102.73 E276.09581
G0 F9000 X111.664 Y102.731
G1 F1500 X112.834 Y101.56 E276.20593
G0 F9000 X113.4 Y101.56
G1 F1500 X112.229 Y102.731 E276.31609
G0 F9000 X112.793 Y102.733
G1 F1500 X113.938 Y101.589 E276.42375
G0 F9000 X113.937 Y102.155
G1 F1500 X113.358 Y102.733 E276.47818
G0 F9000 X113.357 Y103.194
G0 X108.828 Y103.193
G0 X108.828 Y102.932
G1 F1500 X108.828 Y101.36 E276.58275
G1 X105.065 Y101.36 E276.83306
G1 X105.068 Y102.932 E276.93763
G1 X108.828 Y102.932 E277.18775
G0 F9000 X108.628 Y102.373
G1 F1500 X108.269 Y102.732 E277.22152
G0 F9000 X107.703 Y102.732
G1 F1500 X108.628 Y101.807 E277.30854
G0 F9000 X108.31 Y101.56
G1 F1500 X107.137 Y102.732 E277.41884
G0 F9000 X106.572 Y102.732
G1 F1500 X107.744 Y101.56 E277.5291
G0 F9000 X107.178 Y101.56
G1 F1500 X106.006 Y102.732 E277.63935
G0 F9000 X105.44 Y102.732
G1 F1500 X106.613 Y101.56 E277.74965
G0 F9000 X106.047 Y101.56
G1 F1500 X105.267 Y102.34 E277.82303
G0 F9000 X105.266 Y101.775
G1 F1500 X105.481 Y101.56 E277.84325
;MESH:NONMESH
G0 F300 X105.481 Y101.56 Z3.4
G0 F9000 X105.481 Y101.1
G0 X104.623 Y100.918
G0 X104.627 Y103.377
G0 X119.53 Y119.53
G0 X119.8 Y119.8
;TIME_ELAPSED:260.329205
;LAYER:8
;TYPE:WALL-OUTER
;MESH:xyzCalibration_cube.stl
G1 F1500 X119.8 Y100.2 E279.14705
G1 X100.2 Y100.2 E280.45085
G1 X100.2 Y119.8 E281.75465
G1 X119.8 Y119.8 E283.05844
G0 F9000 X119.4 Y119.4
;TYPE:WALL-INNER
G1 F1500 X119.4 Y100.6 E284.30903
G1 X100.6 Y100.6 E285.55961
G1 X100.6 Y119.4 E286.81019
G1 X119.4 Y119.4 E288.06077
G0 F9000 X119 Y119
G1 F1500 X119 Y101 E289.25813
G1 X101 Y101 E290.4555
G1 X101 Y119 E291.65286
G1 X119 Y119 E292.85023
G0 F9000 X118.9 Y110.337
G0 X118.219 Y110.337
;TYPE:SKIN
G1 F1449.3 X118.633 Y110.337 E292.87873
G1 X118.633 Y108.991 E292.9714
G1 X118.219 Y108.991 E292.9999
G1 X118.219 Y110.337 E293.09257
G0 F9000 X118.23 Y111.114
G1 F1315.8 X118.008 Y111.114 E293.10941
G1 F1192.8 X117.528 Y111.018 E293.15036
G1 F1250 X117.437 Y110.61 E293.18372
G1 F1260.5 X117.434 Y108.779 E293.32867
G1 F1147.2 X117.535 Y108.287 E293.37235
G1 F1195.2 X117.94 Y108.197 E293.40698
G1 F1290.3 X118.209 Y108.195 E293.42779
G0 F9000 X118.209 Y107.504
G0 X116.83 Y107.576
G0 X116.758 Y111.524
G0 X117.016 Y111.524
G1 F1500 X118.64 Y111.524 E293.53582
G1 X118.64 Y110.704 E293.59036
G1 X118.052 Y110.704 E293.62948
G1 X117.908 Y110.644 E293.63985
G1 X117.854 Y110.539 E293.64771
G1 X117.852 Y108.824 E293.76179
G1 X117.913 Y108.679 E293.77225
G1 X118.017 Y108.626 E293.78002
G1 X118.64 Y108.624 E293.82146
G1 X118.64 Y107.764 E293.87867
G1 X117.016 Y107.764 E293.9867
G1 X117.016 Y111.524 E294.23681
G0 F9000 X116.758 Y111.524
G0 X114.077 Y101.172
G0 X112.489 Y101.1
G0 X112.489 Y101.739
G1 F1554.4 X113.892 Y101.739 E294.32688
G1 F1558.4 X113.894 Y101.353 E294.35159
G1 F1554.4 X112.489 Y101.353 E294.44178
G1 X112.489 Y101.739 E294.46656
G0 F9000 X112.336 Y102.092
G1 F1500 X112.142 Y101.944 E294.48279
G1 X112.136 Y101.36 E294.52164
G1 X110.08 Y101.36 E294.6584
G1 X110.08 Y102.932 E294.76297
G1 X113.884 Y102.931 E295.01602
G1 X113.887 Y102.093 E295.07176
G1 X112.336 Y102.092 E295.17494
G0 F9000 X114.067 Y102.096
G0 X113.607 Y102.293
G1 F1500 X113.686 Y102.372 E295.18237
G0 F9000 X113.479 Y102.731
G1 F1500 X113.041 Y102.293 E295.22357
G0 F9000 X112.914 Y102.731
G1 F1500 X112.475 Y102.293 E295.26482
G0 F9000 X112.348 Y102.731
G1 F1500 X111.177 Y101.56 E295.37498
G0 F9000 X110.611 Y101.56
G1 F1500 X111.782 Y102.731 E295.48514
G0 F9000 X111.217 Y102.731
G1 F1500 X110.28 Y101.794 E295.57329
G0 F9000 X110.28 Y102.36
G1 F1500 X110.651 Y102.731 E295.60819
G0 F9000 X110.651 Y103.194
G0 X109.893 Y103.122
G0 X109.893 Y101.172
G0 X111.743 Y101.1
G0 X111.743 Y101.56
G1 F1500 X111.936 Y101.754 E295.6264
G0 F9000 X111.936 Y101.1
G0 X106.688 Y101.1
G0 X106.688 Y101.736
G1 F1562.5 X106.688 Y101.352 E295.65092
G1 F1558.4 X105.37 Y101.353 E295.7353
G1 F1554.4 X105.372 Y101.739 E295.76008
G1 F1558.4 X106.688 Y101.736 E295.84434
G0 F9000 X106.875 Y102.085
G1 F1500 X105.289 Y102.092 E295.94984
G1 X105.292 Y102.935 E296.00592
G1 X109.068 Y102.928 E296.2571
G1 X109.068 Y101.36 E296.3614
G1 X107.04 Y101.36 E296.49631
G1 X107.034 Y101.941 E296.53496
G1 X106.875 Y102.085 E296.54923
G1 F2700 E287.54923
G0 F9000 X106.876 Y103.094
G0 X105.103 Y103.124
G0 X105.03 Y102.662
G0 X105.49 Y102.662
G1 F2700 E296.54923
G1 F1500 X105.563 Y102.734 E296.55605
G0 F9000 X105.686 Y102.291
G1 F1500 X106.128 Y102.733 E296.59763
G0 F9000 X106.247 Y102.287
G1 F1500 X106.693 Y102.733 E296.63959
G0 F9000 X106.808 Y102.283
G1 F1500 X107.257 Y102.731 E296.68178
G0 F9000 X107.821 Y102.73
G1 F1500 X107.153 Y102.062 E296.74462
G0 F9000 X107.24 Y101.583
G1 F1500 X108.385 Y102.728 E296.85233
G0 F9000 X108.868 Y102.646
G1 F1500 X107.783 Y101.56 E296.95445
G0 F9000 X108.349 Y101.56
G1 F1500 X108.868 Y102.08 E297.00332
G0 F9000 X109.521 Y102.08
;MESH:NONMESH
G0 F300 X109.521 Y102.08 Z3.8
G0 F9000 X109.521 Y103.018
G0 X119.53 Y119.53
G0 X119.8 Y119.8
;TIME_ELAPSED:277.419309
;LAYER:9
;TYPE:WALL-OUTER
;MESH:xyzCalibration_cube.stl
G1 F1500 X119.8 Y100.2 E298.30712
G1 X100.2 Y100.2 E299.61092
G1 X100.2 Y119.8 E300.91471
G1 X119.8 Y119.8 E302.21851
G0 F9000 X119.4 Y119.4
;TYPE:WALL-INNER
G1 F1500 X119.4 Y100.6 E303.46909
G1 X100.6 Y100.6 E304.71967
G1 X100.6 Y119.4 E305.97025
G1 X119.4 Y119.4 E307.22084
G0 F9000 X119 Y119
G1 F1500 X119 Y101 E308.4182
G1 X101 Y101 E309.61557
G1 X101 Y119 E310.81293
G1 X119 Y119 E312.0103
G0 F9000 X118.9 Y110.334
G0 X118.222 Y110.334
;TYPE:SKIN
G1 F1456.3 X118.634 Y110.334 E312.03852
G1 X118.634 Y108.986 E312.13088
G1 X118.222 Y108.986 E312.15911
G1 X118.222 Y110.334 E312.25147
G0 F9000 X118.23 Y111.11
G1 F1401.9 X117.971 Y111.101 E312.26992
G1 F1298.7 X117.528 Y111.01 E312.30466
G1 F1282.1 X117.439 Y110.606 E312.33686
G1 F1250 X117.436 Y108.779 E312.4827
G1 F1142.9 X117.533 Y108.285 E312.52665
G1 F1192.8 X117.944 Y108.193 E312.56188
G1 F1290.3 X118.209 Y108.191 E312.58238
G0 F9000 X118.209 Y107.5
G0 X116.831 Y107.572
G0 X116.759 Y111.519
G0 X117.017 Y111.519
G1 F1500 X118.64 Y111.52 E312.69034
G1 X118.64 Y110.7 E312.74489
G1 X118.056 Y110.7 E312.78373
G1 X117.911 Y110.639 E312.7942
G1 X117.858 Y110.535 E312.80196
G1 X117.856 Y108.82 E312.91604
G1 X117.917 Y108.675 E312.92651
G1 X118.021 Y108.622 E312.93427
G1 X118.64 Y108.62 E312.97545
G1 X118.64 Y107.76 E313.03266
G1 X117.016 Y107.76 E313.14069
G1 X117.017 Y111.519 E313.39074
G0 F9000 X116.759 Y111.519
G0 X113.825 Y101.172
G0 X112.245 Y101.1
G0 X112.245 Y101.739
G1 F1554.4 X113.64 Y101.739 E313.48028
G1 F1558.4 X113.642 Y101.353 E313.505
G1 F1554.4 X112.245 Y101.353 E313.59467
G1 X112.245 Y101.739 E313.61945
G0 F9000 X112.092 Y102.092
G1 F1500 X111.898 Y101.944 E313.63568
G1 X111.892 Y101.36 E313.67453
G1 X109.836 Y101.36 E313.8113
G1 X109.836 Y102.932 E313.91587
G1 X113.632 Y102.931 E314.16838
G1 X113.635 Y102.093 E314.22412
G1 X112.092 Y102.092 E314.32677
G0 F9000 X112.092 Y103.094
G0 X113.361 Y103.194
G0 X113.361 Y102.731
G1 F1500 X113.432 Y102.66 E314.33345
G0 F9000 X113.234 Y102.292
G1 F1500 X112.795 Y102.731 E314.37474
G0 F9000 X112.669 Y102.291
G1 F1500 X112.229 Y102.731 E314.41614
G0 F9000 X112.103 Y102.291
G1 F1500 X111.663 Y102.732 E314.45758
G0 F9000 X111.097 Y102.732
G1 F1500 X111.778 Y102.051 E314.52164
G0 F9000 X111.692 Y101.572
G1 F1500 X110.531 Y102.732 E314.63081
G0 F9000 X110.036 Y102.661
G1 F1500 X111.137 Y101.56 E314.73439
G0 F9000 X110.572 Y101.56
G1 F1500 X110.036 Y102.096 E314.78481
G0 F9000 X109.577 Y102.096
G0 X109.492 Y101.172
G0 X106.928 Y101.1
G0 X106.928 Y101.736
G1 F1562.5 X106.928 Y101.352 E314.80933
G1 F1558.4 X105.59 Y101.353 E314.895
G1 F1554.4 X105.592 Y101.739 E314.91978
G1 F1558.4 X106.928 Y101.736 E315.00532
G0 F9000 X107.115 Y102.085
G1 F1500 X105.508 Y102.092 E315.11222
G1 X105.508 Y102.935 E315.16829
G1 X109.304 Y102.928 E315.4208
G1 X109.304 Y101.36 E315.52511
G1 X107.28 Y101.36 E315.65974
G1 X107.274 Y101.941 E315.6984
G1 X107.115 Y102.085 E315.71266
G0 F9000 X105.351 Y102.085
G0 X105.881 Y102.291
G1 F1500 X105.708 Y102.465 E315.72899
G0 F9000 X106.003 Y102.735
G1 F1500 X106.451 Y102.287 E315.77113
G0 F9000 X106.57 Y102.733
G1 F1500 X107.021 Y102.283 E315.81351
G0 F9000 X107.137 Y102.732
G1 F1500 X108.309 Y101.56 E315.92377
G0 F9000 X108.875 Y101.56
G1 F1500 X107.704 Y102.731 E316.03393
G0 F9000 X108.271 Y102.73
G1 F1500 X109.104 Y101.897 E316.11229
G0 F9000 X109.104 Y102.463
G1 F1500 X108.838 Y102.728 E316.13727
G0 F9000 X108.838 Y103.192
G0 X109.492 Y103.119
G0 X109.492 Y101.172
G0 X107.743 Y101.1
G0 X107.743 Y101.56
G1 F1500 X107.48 Y101.823 E316.16201
;MESH:NONMESH
G0 F300 X107.48 Y101.823 Z4.2
G0 F9000 X107.48 Y101.1
G0 X109.746 Y100.918
G0 X109.492 Y102.924
G0 X119.53 Y119.53
G0 X119.8 Y119.8
;TIME_ELAPSED:294.056808
;LAYER:10
;TYPE:WALL-OUTER
;MESH:xyzCalibration_cube.stl
G1 F1500 X119.8 Y110.704 E316.76708
G1 X118.004 Y110.704 E316.88655
G1 X117.903 Y110.639 E316.89454
G1 X117.857 Y110.553 E316.90103
G1 X117.852 Y108.806 E317.01724
G1 X117.892 Y108.703 E317.02459
G1 X118.001 Y108.624 E317.03354
G1 X119.8 Y108.624 E317.15321
G1 X119.8 Y100.2 E317.71358
G1 X114.316 Y100.2 E318.07838
G1 X114.312 Y101.948 E318.19465
G1 X114.242 Y102.045 E318.20261
G1 X114.134 Y102.091 E318.21042
G1 X112.297 Y102.089 E318.33262
G1 X112.219 Y102.055 E318.33828
G1 X112.136 Y101.947 E318.34734
G1 X112.139 Y100.2 E318.46355
G1 X107.04 Y100.2 E318.80274
G1 X107.04 Y101.938 E318.91835
G1 X106.99 Y102.022 E318.92485
G1 X106.867 Y102.087 E318.9341
G1 X105.134 Y102.09 E319.04938
G1 X105.016 Y101.933 E319.06245
G1 X105.016 Y100.2 E319.17773
G1 X100.2 Y100.2 E319.49809
G1 X100.2 Y119.8 E320.80189
G1 X119.8 Y119.8 E322.10568
G0 F9000 X119.4 Y119.4
;TYPE:WALL-INNER
G1 F1500 X119.4 Y111.104 E322.65754
G1 X117.92 Y111.104 E322.75599
G1 X117.669 Y110.967 E322.77501
G1 X117.556 Y110.843 E322.78617
G1 X117.452 Y110.612 E322.80302
G1 X117.454 Y108.772 E322.92542
G1 X117.489 Y108.615 E322.93612
G1 X117.62 Y108.407 E322.95247
G1 X117.911 Y108.224 E322.97534
G1 X119.4 Y108.224 E323.07438
G1 X119.4 Y100.6 E323.58154
G1 X114.715 Y100.6 E323.89318
G1 X114.712 Y101.894 E323.97926
G1 X114.667 Y102.122 E323.99472
G1 X114.595 Y102.25 E324.00449
G1 X114.398 Y102.42 E324.0218
G1 X114.178 Y102.489 E324.03714
G1 X112.252 Y102.492 E324.16525
G1 X112.083 Y102.437 E324.17708
G1 X111.887 Y102.291 E324.19333
G1 X111.775 Y102.107 E324.20766
G1 X111.736 Y101.89 E324.22233
G1 X111.738 Y100.6 E324.30814
G1 X107.44 Y100.6 E324.59404
G1 X107.44 Y101.888 E324.67972
G1 X107.401 Y102.104 E324.69432
G1 X107.235 Y102.34 E324.71352
G1 X107.093 Y102.433 E324.72481
G1 X106.842 Y102.488 E324.7419
G1 X105.126 Y102.486 E324.85605
G1 X104.914 Y102.411 E324.87101
G1 X104.709 Y102.214 E324.88992
G1 X104.616 Y102.012 E324.90471
G1 X104.616 Y100.6 E324.99864
G1 X100.6 Y100.6 E325.26579
G1 X100.6 Y119.4 E326.51637
G1 X119.4 Y119.4 E327.76695
G0 F9000 X119 Y119
G1 F1500 X119 Y111.504 E328.26558
G1 X118.052 Y111.504 E328.32864
G1 X117.744 Y111.456 E328.34938
G1 X117.545 Y111.367 E328.36388
G1 X117.31 Y111.175 E328.38407
G1 X117.161 Y110.959 E328.40152
G1 X117.053 Y110.556 E328.42928
G1 X117.055 Y108.737 E328.55028
G1 X117.113 Y108.477 E328.568
G1 X117.332 Y108.129 E328.59535
G1 X117.54 Y107.964 E328.61301
G1 X117.741 Y107.873 E328.62769
G1 X118.052 Y107.824 E328.64863
G1 X119 Y107.824 E328.71169
G1 X119 Y101 E329.16563
G1 X115.114 Y101 E329.42412
G1 X115.112 Y101.895 E329.48366
G1 X115.037 Y102.274 E329.50936
G1 X114.916 Y102.489 E329.52577
G1 X114.759 Y102.655 E329.54097
G1 X114.466 Y102.828 E329.5636
G1 X114.222 Y102.887 E329.5803
G1 X112.206 Y102.892 E329.71441
G1 X111.951 Y102.816 E329.73211
G1 X111.676 Y102.645 E329.75365
G1 X111.491 Y102.429 E329.77257
G1 X111.401 Y102.25 E329.78589
G1 X111.336 Y101.889 E329.81029
G1 X111.337 Y101 E329.86943
G1 X107.84 Y101 E330.10205
G1 X107.84 Y101.888 E330.16112
G1 X107.774 Y102.247 E330.1854
G1 X107.684 Y102.426 E330.19873
G1 X107.499 Y102.642 E330.21765
G1 X107.261 Y102.796 E330.23651
G1 X106.843 Y102.888 E330.26498
G1 X105.113 Y102.892 E330.38006
G1 X104.713 Y102.757 E330.40814
G1 X104.531 Y102.622 E330.42321
G1 X104.371 Y102.428 E330.43994
G1 X104.259 Y102.182 E330.45792
G1 X104.216 Y101.892 E330.47742
G1 X104.216 Y101 E330.53676
G1 X101 Y101 E330.75069
G1 X101 Y119 E331.94805
G1 X119 Y119 E333.14542
G0 F9000 X112.626 Y103.057
G0 X111.517 Y102.739
G0 X111.308 Y102.286
G0 X111.062 Y102.382
;TYPE:SKIN
G1 F1500 X110.979 Y101.924 E333.17638
G1 X110.976 Y101.36 E333.2139
G1 X108.2 Y101.36 E333.39856
G1 X108.197 Y101.925 E333.43614
G1 X108.115 Y102.368 E333.46611
G1 X107.968 Y102.643 E333.48685
G1 X107.717 Y102.936 E333.51252
G1 X111.469 Y102.931 E333.7621
G1 X111.297 Y102.765 E333.778
G1 X111.062 Y102.382 E333.8079
G0 F9000 X110.611 Y101.56
G1 F1500 X110.779 Y101.728 E333.8237
G0 F9000 X110.857 Y102.371
G1 F1500 X110.045 Y101.56 E333.90004
G0 F9000 X109.479 Y101.56
G1 F1500 X110.652 Y102.732 E334.01034
G0 F9000 X110.087 Y102.733
G1 F1500 X108.914 Y101.56 E334.12069
G0 F9000 X108.399 Y101.611
G1 F1500 X109.522 Y102.734 E334.22634
G0 F9000 X108.957 Y102.735
G1 F1500 X108.361 Y102.138 E334.28245
G0 F9000 X108.274 Y102.617
G1 F1500 X108.392 Y102.736 E334.2936
G0 F9000 X108.392 Y103.494
;MESH:NONMESH
G0 F300 X108.392 Y103.494 Z4.6
G0 F9000 X119.53 Y119.53
G0 X119.8 Y119.8
;TIME_ELAPSED:307.602448
;LAYER:11
;TYPE:WALL-OUTER
;MESH:xyzCalibration_cube.stl
G1 F1500 X119.8 Y110.7 E334.89893
G1 X118.008 Y110.7 E335.01814
G1 X117.907 Y110.635 E335.02613
G1 X117.861 Y110.549 E335.03261
G1 X117.858 Y108.79 E335.14962
G1 X117.937 Y108.658 E335.15986
G1 X118.056 Y108.62 E335.16817
G1 X119.8 Y108.62 E335.28418
G1 X119.8 Y100.2 E335.84428
G1 X114.064 Y100.2 E336.22584
G1 X114.06 Y101.956 E336.34265
G1 X113.94 Y102.091 E336.35466
G1 X112.075 Y102.092 E336.47872
G1 X111.979 Y102.058 E336.4855
G1 X111.892 Y101.93 E336.49579
G1 X111.895 Y100.2 E336.61087
G1 X107.277 Y100.2 E336.91807
G1 X107.28 Y101.931 E337.03321
G1 X107.231 Y102.02 E337.03997
G1 X107.104 Y102.087 E337.04952
G1 X105.41 Y102.09 E337.16221
G1 X105.274 Y102.004 E337.17291
G1 X105.24 Y101.893 E337.18063
G1 X105.236 Y100.2 E337.29325
G1 X100.2 Y100.2 E337.62825
G1 X100.2 Y119.8 E338.93205
G1 X119.8 Y119.8 E340.23584
G0 F9000 X119.4 Y119.4
;TYPE:WALL-INNER
G1 F1500 X119.4 Y111.1 E340.78796
G1 X117.916 Y111.1 E340.88668
G1 X117.61 Y110.903 E340.91089
G1 X117.521 Y110.773 E340.92137
G1 X117.456 Y110.531 E340.93804
G1 X117.457 Y108.684 E341.0609
G1 X117.609 Y108.419 E341.08122
G1 X117.865 Y108.25 E341.10163
G1 X118.056 Y108.22 E341.11449
G1 X119.4 Y108.22 E341.20389
G1 X119.4 Y100.6 E341.71077
G1 X114.463 Y100.6 E342.03918
G1 X114.46 Y101.894 E342.12526
G1 X114.407 Y102.139 E342.14194
G1 X114.26 Y102.34 E342.1585
G1 X114.09 Y102.447 E342.17186
G1 X113.931 Y102.488 E342.18279
G1 X112.002 Y102.486 E342.3111
G1 X111.701 Y102.348 E342.33313
G1 X111.572 Y102.193 E342.34654
G1 X111.492 Y101.89 E342.36739
G1 X111.494 Y100.6 E342.4532
G1 X107.678 Y100.6 E342.70704
G1 X107.68 Y102 E342.80017
G1 X107.599 Y102.19 E342.81391
G1 X107.47 Y102.345 E342.82733
G1 X107.15 Y102.484 E342.85053
G1 X105.378 Y102.492 E342.96841
G1 X105.145 Y102.415 E342.98473
G1 X104.942 Y102.228 E343.00309
G1 X104.84 Y101.894 E343.02632
G1 X104.837 Y100.6 E343.1124
G1 X100.6 Y100.6 E343.39425
G1 X100.6 Y119.4 E344.64483
G1 X119.4 Y119.4 E345.89541
G0 F9000 X119 Y119
G1 F1500 X119 Y111.5 E346.39431
G1 X118.056 Y111.5 E346.45711
G1 X117.748 Y111.452 E346.47784
G1 X117.548 Y111.362 E346.49243
G1 X117.313 Y111.171 E346.51258
G1 X117.164 Y110.954 E346.53009
G1 X117.057 Y110.552 E346.55776
G1 X117.058 Y108.75 E346.67763
G1 X117.169 Y108.356 E346.70486
G1 X117.311 Y108.152 E346.72139
G1 X117.536 Y107.965 E346.74085
G1 X117.738 Y107.871 E346.75567
G1 X118.056 Y107.82 E346.7771
G1 X119 Y107.82 E346.83989
G1 X119 Y101 E347.29356
G1 X114.862 Y101 E347.56882
G1 X114.86 Y101.895 E347.62836
G1 X114.772 Y102.303 E347.65612
G1 X114.526 Y102.639 E347.68382
G1 X114.243 Y102.816 E347.70603
G1 X113.978 Y102.886 E347.72426
G1 X112.011 Y102.889 E347.8551
G1 X111.597 Y102.762 E347.88391
G1 X111.338 Y102.55 E347.90617
G1 X111.13 Y102.166 E347.93522
G1 X111.092 Y101.889 E347.95382
G1 X111.093 Y101 E348.01296
G1 X108.079 Y101 E348.21345
G1 X108.08 Y101.885 E348.27232
G1 X108.041 Y102.164 E348.29106
G1 X107.945 Y102.391 E348.30746
G1 X107.73 Y102.649 E348.3298
G1 X107.472 Y102.809 E348.34999
G1 X107.197 Y102.882 E348.36892
G1 X105.337 Y102.893 E348.49265
G1 X104.948 Y102.764 E348.51991
G1 X104.769 Y102.635 E348.53459
G1 X104.61 Y102.451 E348.55076
G1 X104.493 Y102.216 E348.56823
G1 X104.44 Y101.895 E348.58987
G1 X104.438 Y101 E348.6494
G1 X101 Y101 E348.8781
G1 X101 Y119 E350.07547
G1 X119 Y119 E351.27283
G0 F9000 X112.334 Y103.059
G0 X111.31 Y102.779
G0 X111.034 Y102.195
G0 X110.781 Y102.263
;TYPE:SKIN
G1 F1500 X110.733 Y101.907 E351.29673
G1 X110.732 Y101.36 E351.33311
G1 X108.438 Y101.36 E351.48571
G1 X108.438 Y101.905 E351.52196
G1 X108.391 Y102.237 E351.54427
G1 X108.243 Y102.593 E351.56991
G1 X108.089 Y102.798 E351.58697
G1 X107.938 Y102.931 E351.60036
G1 X111.208 Y102.932 E351.81788
G1 X110.916 Y102.578 E351.8484
G1 X110.781 Y102.263 E351.8712
G0 F9000 X110.694 Y102.569
G1 F1500 X110.629 Y102.634 E351.87731
G1 X110.628 Y102.635
G1 X110.534 Y102.73 E351.8862
G0 F9000 X109.967 Y102.731
G1 F1500 X110.562 Y102.136 E351.94218
G0 F9000 X110.532 Y101.6
G1 F1500 X109.401 Y102.731 E352.04858
G0 F9000 X108.834 Y102.732
G1 F1500 X110.007 Y101.56 E352.15888
G0 F9000 X109.441 Y101.56
G1 F1500 X108.508 Y102.493 E352.24665
G0 F9000 X108.638 Y101.797
G1 F1500 X108.875 Y101.56 E352.26894
;MESH:NONMESH
G0 F300 X108.875 Y101.56 Z5
G0 F9000 X108.875 Y101.1
G0 X107.996 Y100.918
G0 X107.103 Y102.696
G0 X106.682 Y102.783
G0 X119.53 Y119.53
G0 X119.8 Y119.8
;TIME_ELAPSED:321.165153
;LAYER:12
;TYPE:WALL-OUTER
;MESH:xyzCalibration_cube.stl
G1 F1500 X119.8 Y110.696 E352.87454
G1 X118.008 Y110.696 E352.99375
G1 X117.907 Y110.631 E353.00174
G1 X117.861 Y110.545 E353.00823
G1 X117.862 Y108.764 E353.1267
G1 X118.01 Y108.616 E353.14062
G1 X119.8 Y108.616 E353.25969
G1 X119.8 Y100.2 E353.81953
G1 X113.808 Y100.2 E354.21812
G1 X113.808 Y101.959 E354.33513
G1 X113.682 Y102.091 E354.34727
G1 X111.809 Y102.089 E354.47186
G1 X111.72 Y102.047 E354.4784
G1 X111.651 Y101.928 E354.48755
G1 X111.651 Y100.2 E354.6025
G1 X107.516 Y100.2 E354.87756
G1 X107.513 Y101.928 E354.99251
G1 X107.425 Y102.061 E355.00312
G1 X107.358 Y102.092 E355.00803
G1 X105.63 Y102.09 E355.12298
G1 X105.496 Y102.008 E355.13343
G1 X105.46 Y101.892 E355.14151
G1 X105.46 Y100.2 E355.25406
G1 X100.2 Y100.2 E355.60395
G1 X100.2 Y119.8 E356.90775
G1 X119.8 Y119.8 E358.21155
G0 F9000 X119.4 Y119.4
;TYPE:WALL-INNER
G1 F1500 X119.4 Y111.096 E358.76393
G1 X117.915 Y111.096 E358.86272
G1 X117.61 Y110.899 E358.88687
G1 X117.521 Y110.769 E358.89735
G1 X117.456 Y110.528 E358.91395
G1 X117.459 Y108.75 E359.03223
G1 X117.595 Y108.431 E359.05529
G1 X117.861 Y108.248 E359.07677
G1 X118.056 Y108.216 E359.08992
G1 X119.4 Y108.216 E359.17932
G1 X119.4 Y100.6 E359.68594
G1 X114.208 Y100.6 E360.03131
G1 X114.208 Y101.892 E360.11726
G1 X114.148 Y102.155 E360.1352
G1 X114.055 Y102.294 E360.14633
G1 X113.855 Y102.439 E360.16276
G1 X113.683 Y102.488 E360.17465
G1 X111.782 Y102.489 E360.30111
G1 X111.522 Y102.397 E360.31946
G1 X111.316 Y102.171 E360.3398
G1 X111.248 Y101.974 E360.35366
G1 X111.25 Y100.6 E360.44506
G1 X107.916 Y100.6 E360.66684
G1 X107.916 Y101.974 E360.75824
G1 X107.848 Y102.171 E360.7721
G1 X107.642 Y102.397 E360.79244
G1 X107.394 Y102.492 E360.81011
G1 X105.572 Y102.486 E360.93131
G1 X105.37 Y102.418 E360.94549
G1 X105.17 Y102.24 E360.9633
G1 X105.098 Y102.104 E360.97353
G1 X105.06 Y101.892 E360.98786
G1 X105.06 Y100.6 E361.0738
G1 X100.6 Y100.6 E361.37048
G1 X100.6 Y119.4 E362.62107
G1 X119.4 Y119.4 E363.87165
G0 F9000 X119 Y119
G1 F1500 X119 Y111.496 E364.37082
G1 X118.056 Y111.496 E364.43361
G1 X117.747 Y111.448 E364.45441
G1 X117.418 Y111.267 E364.47939
G1 X117.229 Y111.06 E364.49804
G1 X117.117 Y110.843 E364.51428
G1 X117.057 Y110.549 E364.53424
G1 X117.061 Y108.707 E364.65677
G1 X117.146 Y108.4 E364.67796
G1 X117.288 Y108.174 E364.69572
G1 X117.528 Y107.966 E364.71684
G1 X117.732 Y107.869 E364.73187
G1 X118.056 Y107.816 E364.75371
G1 X119 Y107.816 E364.8165
G1 X119 Y101 E365.2699
G1 X114.608 Y101 E365.56206
G1 X114.608 Y101.892 E365.6214
G1 X114.507 Y102.33 E365.6513
G1 X114.353 Y102.561 E365.66977
G1 X114.162 Y102.726 E365.68656
G1 X113.796 Y102.892 E365.71329
G1 X111.79 Y102.891 E365.84673
G1 X111.38 Y102.777 E365.87504
G1 X111.091 Y102.547 E365.89961
G1 X110.962 Y102.356 E365.91494
G1 X110.848 Y102.024 E365.93829
G1 X110.849 Y101 E366.0064
G1 X108.316 Y101 E366.1749
G1 X108.316 Y102.024 E366.24302
G1 X108.202 Y102.356 E366.26637
G1 X108.073 Y102.547 E366.2817
G1 X107.784 Y102.777 E366.30627
G1 X107.454 Y102.892 E366.32952
G1 X105.557 Y102.892 E366.4557
G1 X105.177 Y102.769 E366.48227
G1 X104.844 Y102.471 E366.512
G1 X104.724 Y102.245 E366.52902
G1 X104.66 Y101.892 E366.55289
G1 X104.66 Y101 E366.61222
G1 X101 Y101 E366.85569
G1 X101 Y119 E368.05305
G1 X119 Y119 E369.25042
G0 F9000 X118.708 Y118.92
;TYPE:FILL
G1 F3000 X118.92 Y118.708 E369.27036
G0 F9000 X117.228 Y111.325
G0 X117.228 Y107.989
G0 X118.92 Y101.292
G1 F3000 X118.708 Y101.08 E369.2903
G0 F9000 X114.434 Y102.721
G0 X111.022 Y102.721
G0 X111.012 Y101.08
G0 X108.157 Y101.08
G0 X108.145 Y102.72
G0 X104.836 Y102.721
G0 X101.291 Y101.08
G1 F3000 X101.08 Y101.291 E369.31015
G0 F9000 X101.08 Y118.708
G1 F3000 X101.292 Y118.92 E369.3301
G0 F9000 X107.288 Y103.058
G0 X108.145 Y102.751
G0 X108.289 Y102.41
G0 X108.534 Y102.494
;TYPE:SKIN
G1 F1500 X108.298 Y102.85 E369.35851
G1 X108.196 Y102.932 E369.36721
G1 X110.962 Y102.931 E369.55121
G1 X110.862 Y102.85 E369.55977
G1 X110.634 Y102.517 E369.58662
G1 X110.489 Y102.065 E369.61819
G1 X110.488 Y101.36 E369.66509
G1 X108.676 Y101.36 E369.78562
G1 X108.675 Y102.065 E369.83252
G1 X108.534 Y102.494 E369.86256
G0 F9000 X108.737 Y102.515
G1 F1500 X108.952 Y102.73 E369.88278
G0 F9000 X109.519 Y102.731
G1 F1500 X108.874 Y102.086 E369.94346
G0 F9000 X108.914 Y101.56
G1 F1500 X110.085 Y102.731 E370.05362
G0 F9000 X110.418 Y102.498
G1 F1500 X109.48 Y101.56 E370.14186
G0 F9000 X110.046 Y101.56
G1 F1500 X110.289 Y101.804 E370.16477
G0 F9000 X110.651 Y101.805
;MESH:NONMESH
G0 F300 X110.651 Y101.805 Z5.4
G0 F9000 X110.748 Y101.805
G0 X112.128 Y102.808
G0 X119.53 Y119.53
G0 X119.8 Y119.8
;TIME_ELAPSED:336.043243
;LAYER:13
;TYPE:WALL-OUTER
;MESH:xyzCalibration_cube.stl
G1 F1500 X119.8 Y110.692 E370.77064
G1 X118.008 Y110.692 E370.88984
G1 X117.907 Y110.626 E370.89787
G1 X117.861 Y110.541 E370.9043
G1 X117.86 Y108.769 E371.02217
G1 X117.92 Y108.664 E371.03022
G1 X118.008 Y108.612 E371.03702
G1 X119.8 Y108.612 E371.15622
G1 X119.8 Y100.2 E371.71579
G1 X113.556 Y100.2 E372.13114
G1 X113.552 Y101.935 E372.24655
G1 X113.503 Y102.025 E372.25337
G1 X113.379 Y102.091 E372.26271
G1 X111.551 Y102.092 E372.38431
G1 X111.456 Y102.023 E372.39212
G1 X111.408 Y101.906 E372.40054
G1 X111.408 Y100.2 E372.51402
G1 X107.752 Y100.2 E372.75722
G1 X107.752 Y101.91 E372.87097
G1 X107.704 Y102.023 E372.87913
G1 X107.609 Y102.092 E372.88694
G1 X105.855 Y102.09 E373.00362
G1 X105.723 Y102.012 E373.01382
G1 X105.684 Y101.893 E373.02215
G1 X105.68 Y100.2 E373.13477
G1 X100.2 Y100.2 E373.4993
G1 X100.2 Y119.8 E374.8031
G1 X119.8 Y119.8 E376.1069
G0 F9000 X119.4 Y119.4
;TYPE:WALL-INNER
G1 F1500 X119.4 Y111.092 E376.65955
G1 X118.056 Y111.092 E376.74895
G1 X117.75 Y111.009 E376.77004
G1 X117.521 Y110.765 E376.7923
G1 X117.456 Y110.524 E376.8089
G1 X117.457 Y108.769 E376.92565
G1 X117.582 Y108.443 E376.94887
G1 X117.857 Y108.245 E376.97141
G1 X118.056 Y108.212 E376.98483
G1 X119.4 Y108.212 E377.07423
G1 X119.4 Y100.6 E377.58059
G1 X113.955 Y100.6 E377.94279
G1 X113.952 Y102.019 E378.03718
G1 X113.803 Y102.289 E378.0577
G1 X113.615 Y102.432 E378.07341
G1 X113.431 Y102.487 E378.08618
G1 X111.565 Y102.491 E378.21031
G1 X111.299 Y102.407 E378.22887
G1 X111.064 Y102.147 E378.25218
G1 X111.01 Y101.945 E378.26609
G1 X111.008 Y100.6 E378.35556
G1 X108.152 Y100.6 E378.54554
G1 X108.15 Y101.945 E378.63501
G1 X108.096 Y102.147 E378.64892
G1 X107.861 Y102.407 E378.67223
G1 X107.604 Y102.49 E378.6902
G1 X105.798 Y102.486 E378.81033
G1 X105.6 Y102.421 E378.8242
G1 X105.402 Y102.251 E378.84155
G1 X105.329 Y102.121 E378.85147
G1 X105.284 Y101.894 E378.86687
G1 X105.281 Y100.6 E378.95294
G1 X100.6 Y100.6 E379.26433
G1 X100.6 Y119.4 E380.51491
G1 X119.4 Y119.4 E381.76549
G0 F9000 X119 Y119
G1 F1500 X119 Y111.492 E382.26492
G1 X118.056 Y111.492 E382.32772
G1 X117.747 Y111.444 E382.34852
G1 X117.417 Y111.262 E382.37359
G1 X117.229 Y111.056 E382.39214
G1 X117.117 Y110.839 E382.40838
G1 X117.056 Y110.597 E382.42498
G1 X117.058 Y108.652 E382.55437
G1 X117.182 Y108.324 E382.57769
G1 X117.38 Y108.074 E382.59891
G1 X117.725 Y107.867 E382.62567
G1 X118.056 Y107.812 E382.64799
G1 X119 Y107.812 E382.71079
G1 X119 Y101 E383.16392
G1 X114.354 Y101 E383.47297
G1 X114.352 Y101.895 E383.53251
G1 X114.314 Y102.168 E383.55085
G1 X114.103 Y102.553 E383.58005
G1 X113.789 Y102.792 E383.6063
G1 X113.447 Y102.892 E383.63
G1 X111.537 Y102.89 E383.75706
G1 X111.314 Y102.849 E383.77214
G1 X110.91 Y102.636 E383.80252
G1 X110.702 Y102.316 E383.82791
G1 X110.611 Y101.979 E383.85113
G1 X110.608 Y101 E383.91625
G1 X108.552 Y101 E384.05302
G1 X108.549 Y101.979 E384.11814
G1 X108.458 Y102.316 E384.14136
G1 X108.308 Y102.547 E384.15968
G1 X108.067 Y102.75 E384.18064
G1 X107.846 Y102.849 E384.19675
G1 X107.638 Y102.889 E384.21084
G1 X105.786 Y102.892 E384.33404
G1 X105.411 Y102.774 E384.36019
G1 X105.082 Y102.49 E384.3891
G1 X104.959 Y102.273 E384.40569
G1 X104.884 Y101.895 E384.43133
G1 X104.882 Y101 E384.49086
G1 X101 Y101 E384.74909
G1 X101 Y119 E385.94646
G1 X119 Y119 E387.14382
G0 F9000 X118.307 Y118.92
;TYPE:FILL
G1 F3000 X118.92 Y118.307 E387.20149
G0 F9000 X117.229 Y111.321
G0 X117.229 Y107.985
G0 X118.92 Y101.692
G1 F3000 X118.307 Y101.08 E387.25911
G0 F9000 X114.181 Y102.721
G0 X110.78 Y102.721
G0 X110.769 Y101.08
G0 X108.394 Y101.08
G0 X108.382 Y102.72
G0 X105.058 Y102.721
G0 X101.691 Y101.08
G1 F3000 X101.08 Y101.691 E387.31659
G0 F9000 X101.08 Y118.307
G1 F3000 X101.692 Y118.92 E387.37421
G0 F9000 X107.517 Y103.06
G0 X108.405 Y102.707
G0 X108.548 Y102.361
G0 X108.784 Y102.469
;TYPE:SKIN
G1 F1500 X108.592 Y102.762 E387.39751
G1 X108.383 Y102.936 E387.4156
G1 X110.765 Y102.932 E387.57405
G1 X110.564 Y102.762 E387.59157
G1 X110.369 Y102.464 E387.61526
G1 X110.252 Y102.006 E387.6467
G1 X110.248 Y101.36 E387.68967
G1 X108.908 Y101.36 E387.77881
G1 X108.908 Y102.006 E387.82178
G1 X108.784 Y102.469 E387.85367
G0 F9000 X108.548 Y102.361
G0 X108.724 Y101.172
G0 X109.441 Y101.1
G0 X109.441 Y101.56
G1 F1500 X109.107 Y101.893 E387.88504
G0 F9000 X108.871 Y102.695
G1 F1500 X110.007 Y101.56 E387.99186
G0 F9000 X110.064 Y102.068
G1 F1500 X109.4 Y102.732 E388.05433
G0 F9000 X109.967 Y102.731
G1 F1500 X110.177 Y102.521 E388.07408
;MESH:NONMESH
G0 F300 X110.177 Y102.521 Z5.8
G0 F9000 X110.614 Y102.361
G0 X111.897 Y102.808
G0 X119.53 Y119.53
G0 X119.8 Y119.8
;TIME_ELAPSED:351.054429
;LAYER:14
;TYPE:WALL-OUTER
;MESH:xyzCalibration_cube.stl
G1 F1500 X119.8 Y110.688 E388.68021
G1 X118.008 Y110.688 E388.79942
G1 X117.907 Y110.622 E388.80744
G1 X117.861 Y110.537 E388.81387
G1 X117.858 Y108.773 E388.93122
G1 X117.893 Y108.69 E388.93721
G1 X118.003 Y108.608 E388.94633
G1 X119.8 Y108.608 E389.06587
G1 X119.8 Y100.2 E389.62517
G1 X113.304 Y100.2 E390.05729
G1 X113.3 Y101.893 E390.16991
G1 X113.225 Y102.049 E390.18142
G1 X113.128 Y102.091 E390.18845
G1 X111.311 Y102.091 E390.30932
G1 X111.217 Y102.028 E390.31685
G1 X111.164 Y101.91 E390.32545
G1 X111.164 Y100.2 E390.4392
G1 X107.988 Y100.2 E390.65047
G1 X107.988 Y101.958 E390.76741
G1 X107.862 Y102.091 E390.7796
G1 X106.076 Y102.091 E390.89841
G1 X105.977 Y102.048 E390.90559
G1 X105.904 Y101.952 E390.91361
G1 X105.904 Y100.2 E391.03015
G1 X100.2 Y100.2 E391.40958
G1 X100.2 Y119.8 E392.71338
G1 X119.8 Y119.8 E394.01718
G0 F9000 X119.4 Y119.4
;TYPE:WALL-INNER
G1 F1500 X119.4 Y111.088 E394.5701
G1 X118.056 Y111.088 E394.6595
G1 X117.75 Y111.005 E394.68059
G1 X117.61 Y110.89 E394.69264
G1 X117.456 Y110.589 E394.71513
G1 X117.456 Y108.788 E394.83494
G1 X117.487 Y108.615 E394.84663
G1 X117.569 Y108.456 E394.85853
G1 X117.729 Y108.304 E394.87321
G1 X118.056 Y108.208 E394.89588
G1 X119.4 Y108.208 E394.98528
G1 X119.4 Y100.6 E395.49137
G1 X113.703 Y100.6 E395.87033
G1 X113.7 Y102.021 E395.96486
G1 X113.555 Y102.285 E395.98489
G1 X113.377 Y102.425 E395.99996
G1 X113.183 Y102.487 E396.01351
G1 X111.287 Y102.488 E396.13963
G1 X111.013 Y102.38 E396.15922
G1 X110.819 Y102.145 E396.17949
G1 X110.766 Y101.945 E396.19325
G1 X110.764 Y100.6 E396.28272
G1 X108.388 Y100.6 E396.44078
G1 X108.386 Y101.945 E396.53025
G1 X108.333 Y102.145 E396.54401
G1 X108.139 Y102.38 E396.56428
G1 X107.871 Y102.487 E396.58348
G1 X106.02 Y102.487 E396.7066
G1 X105.826 Y102.425 E396.72015
G1 X105.63 Y102.261 E396.73715
G1 X105.555 Y102.137 E396.74679
G1 X105.504 Y101.892 E396.76344
G1 X105.504 Y100.6 E396.84938
G1 X100.6 Y100.6 E397.1756
G1 X100.6 Y119.4 E398.42618
G1 X119.4 Y119.4 E399.67676
G0 F9000 X119 Y119
G1 F1500 X119 Y111.488 E400.17646
G1 X118.056 Y111.488 E400.23926
G1 X117.747 Y111.44 E400.26006
G1 X117.417 Y111.258 E400.28513
G1 X117.229 Y111.052 E400.30368
G1 X117.085 Y110.731 E400.32708
G1 X117.056 Y110.527 E400.34079
G1 X117.056 Y108.679 E400.46372
G1 X117.162 Y108.359 E400.48614
G1 X117.363 Y108.086 E400.50869
G1 X117.719 Y107.866 E400.53653
G1 X118.056 Y107.808 E400.55928
G1 X119 Y107.808 E400.62207
G1 X119 Y101 E401.07494
G1 X114.102 Y101 E401.40076
G1 X114.1 Y101.895 E401.4603
G1 X114.057 Y102.185 E401.4798
G1 X113.974 Y102.379 E401.49383
G1 X113.721 Y102.677 E401.51984
G1 X113.395 Y102.848 E401.54433
G1 X113.198 Y102.892 E401.55775
G1 X111.269 Y102.892 E401.68607
G1 X110.889 Y102.773 E401.71256
G1 X110.63 Y102.572 E401.73437
G1 X110.456 Y102.313 E401.75512
G1 X110.367 Y101.979 E401.77812
G1 X110.364 Y101 E401.84324
G1 X108.788 Y101 E401.94808
G1 X108.785 Y101.979 E402.0132
G1 X108.696 Y102.313 E402.03619
G1 X108.522 Y102.572 E402.05695
G1 X108.185 Y102.811 E402.08443
G1 X107.894 Y102.892 E402.10452
G1 X106.004 Y102.892 E402.23025
G1 X105.641 Y102.779 E402.25554
G1 X105.315 Y102.507 E402.28378
G1 X105.19 Y102.299 E402.29992
G1 X105.104 Y101.892 E402.32759
G1 X105.104 Y101 E402.38693
G1 X101 Y101 E402.65993
G1 X101 Y119 E403.85729
G1 X119 Y119 E405.05466
G0 F9000 X117.907 Y118.92
;TYPE:FILL
G1 F3000 X118.92 Y117.907 E405.14995
G0 F9000 X117.229 Y111.317
G0 X117.23 Y107.981
G0 X118.92 Y102.092
G1 F3000 X117.907 Y101.08 E405.2452
G0 F9000 X113.928 Y102.722
G0 X110.536 Y102.721
G0 X110.525 Y101.08
G0 X108.631 Y101.08
G0 X108.619 Y102.719
G0 X105.28 Y102.723
G0 X102.091 Y101.08
G1 F3000 X101.08 Y102.091 E405.34031
G0 F9000 X101.08 Y117.907
G1 F3000 X102.092 Y118.92 E405.43556
G0 F9000 X107.753 Y103.064
G0 X108.614 Y102.732
G0 X108.825 Y102.21
G0 X109.573 Y102.408
;TYPE:SKIN
G1 F1085 X109.574 Y101.792 E405.49221
G0 F9000 X110.126 Y102.467
G1 F1500 X110.008 Y102.006 E405.52387
G1 X110.005 Y101.36 E405.56684
G1 X109.144 Y101.36 E405.62411
G1 X109.144 Y102.006 E405.66709
G1 X109.021 Y102.468 E405.69889
G1 X108.808 Y102.791 E405.72463
G1 X108.657 Y102.931 E405.73832
G1 X110.494 Y102.931 E405.86052
G1 X110.346 Y102.792 E405.87403
G1 X110.126 Y102.467 E405.90013
;MESH:NONMESH
G0 F300 X110.126 Y102.467 Z6.2
G0 F9000 X110.366 Y102.356
G0 X111.653 Y102.81
G0 X119.53 Y119.53
G0 X119.8 Y119.8
;TIME_ELAPSED:365.662339
;LAYER:15
;TYPE:WALL-OUTER
;MESH:xyzCalibration_cube.stl
G1 F1500 X119.8 Y110.684 E406.50653
G1 X118.008 Y110.684 E406.62574
G1 X117.907 Y110.618 E406.63376
G1 X117.858 Y110.513 E406.64147
G1 X117.857 Y108.777 E406.75695
G1 X117.914 Y108.662 E406.76549
G1 X118.006 Y108.604 E406.77272
G1 X119.8 Y108.604 E406.89206
G1 X119.8 Y100.2 E407.4511
G1 X113.052 Y100.2 E407.89998
G1 X113.048 Y101.973 E408.01792
G1 X112.898 Y102.09 E408.03057
G1 X111.1 Y102.092 E408.15017
G1 X111.014 Y102.063 E408.15621
G1 X110.92 Y101.91 E408.16816
G1 X110.92 Y100.2 E408.28191
G1 X108.225 Y100.2 E408.46118
G1 X108.228 Y101.91 E408.57493
G1 X108.134 Y102.063 E408.58687
G1 X108.051 Y102.091 E408.5927
G1 X106.257 Y102.091 E408.71204
G1 X106.128 Y101.96 E408.72427
G1 X106.124 Y100.2 E408.84134
G1 X100.201 Y100.201 E409.23534
G1 X100.2 Y119.8 E410.53907
G1 X119.8 Y119.8 E411.84287
G0 F9000 X119.4 Y119.4
;TYPE:WALL-INNER
G1 F1500 X119.4 Y111.084 E412.39605
G1 X118.056 Y111.084 E412.48546
G1 X117.75 Y111.001 E412.50655
G1 X117.521 Y110.757 E412.52881
G1 X117.462 Y110.571 E412.54179
G1 X117.461 Y108.725 E412.66458
G1 X117.508 Y108.557 E412.67619
G1 X117.654 Y108.357 E412.69266
G1 X117.85 Y108.24 E412.70784
G1 X118.056 Y108.204 E412.72175
G1 X119.4 Y108.204 E412.81116
G1 X119.4 Y100.6 E413.31698
G1 X113.451 Y100.6 E413.71271
G1 X113.448 Y101.894 E413.79878
G1 X113.365 Y102.197 E413.81968
G1 X113.139 Y102.418 E413.84071
G1 X112.934 Y102.486 E413.85508
G1 X111.062 Y102.49 E413.9796
G1 X110.804 Y102.403 E413.99772
G1 X110.592 Y102.177 E414.01833
G1 X110.522 Y101.945 E414.03445
G1 X110.52 Y100.6 E414.12392
G1 X108.626 Y100.6 E414.24991
G1 X108.626 Y101.945 E414.33938
G1 X108.556 Y102.177 E414.3555
G1 X108.436 Y102.333 E414.36859
G1 X108.166 Y102.489 E414.38933
G1 X106.245 Y102.487 E414.51712
G1 X106.055 Y102.427 E414.53037
G1 X105.862 Y102.271 E414.54688
G1 X105.786 Y102.151 E414.55633
G1 X105.728 Y101.894 E414.57385
G1 X105.725 Y100.6 E414.65993
G1 X100.601 Y100.601 E415.00078
G1 X100.6 Y119.4 E416.2513
G1 X119.4 Y119.4 E417.50188
G0 F9000 X119 Y119
G1 F1500 X119 Y111.484 E418.00184
G1 X118.056 Y111.484 E418.06464
G1 X117.747 Y111.436 E418.08544
G1 X117.417 Y111.254 E418.11051
G1 X117.229 Y111.048 E418.12906
G1 X117.118 Y110.831 E418.14527
G1 X117.056 Y110.59 E418.16183
G1 X117.056 Y108.712 E418.28675
G1 X117.143 Y108.393 E418.30875
G1 X117.347 Y108.097 E418.33266
G1 X117.712 Y107.864 E418.36147
G1 X118.056 Y107.804 E418.38469
G1 X119 Y107.804 E418.44749
G1 X119 Y101 E418.90009
G1 X113.85 Y101 E419.24267
G1 X113.848 Y101.895 E419.30221
G1 X113.8 Y102.201 E419.32281
G1 X113.71 Y102.4 E419.33734
G1 X113.498 Y102.653 E419.3593
G1 X113.332 Y102.768 E419.37273
G1 X112.947 Y102.892 E419.39964
G1 X111.023 Y102.888 E419.52762
G1 X110.824 Y102.848 E419.54112
G1 X110.496 Y102.698 E419.56512
G1 X110.24 Y102.367 E419.59295
G1 X110.123 Y101.979 E419.61991
G1 X110.12 Y101 E419.68503
G1 X109.027 Y101 E419.75774
G1 X109.025 Y101.979 E419.82286
G1 X108.908 Y102.367 E419.84982
G1 X108.708 Y102.626 E419.87159
G1 X108.554 Y102.743 E419.88445
G1 X108.228 Y102.892 E419.9083
G1 X106.231 Y102.892 E420.04114
G1 X105.874 Y102.784 E420.06595
G1 X105.552 Y102.524 E420.09348
G1 X105.425 Y102.324 E420.10924
G1 X105.328 Y101.895 E420.1385
G1 X105.326 Y101 E420.19803
G1 X101.001 Y101.001 E420.48573
G1 X101 Y119 E421.68303
G1 X119 Y119 E422.8804
G0 F9000 X117.507 Y118.92
;TYPE:FILL
G1 F3000 X118.92 Y117.507 E423.01332
G0 F9000 X117.23 Y111.312
G0 X117.23 Y107.976
G0 X118.921 Y102.493
G1 F3000 X117.508 Y101.08 E423.14625
G0 F9000 X113.675 Y102.722
G0 X110.293 Y102.722
G0 X110.282 Y101.08
G0 X108.868 Y101.08
G0 X108.856 Y102.721
G0 X105.502 Y102.722
G0 X102.492 Y101.08
G1 F3000 X101.081 Y102.491 E423.27899
G0 F9000 X101.08 Y117.507
G1 F3000 X102.492 Y118.92 E423.41187
G0 F9000 X107.993 Y103.064
G0 X108.883 Y102.704
G0 X108.996 Y102.417
G0 X109.305 Y102.555
;TYPE:SKIN
G1 F1096.9 X109.066 Y102.863 E423.44733
G1 X110.079 Y102.863 E423.53948
G1 X109.843 Y102.553 E423.57492
G1 F1257.9 X109.769 Y102.051 E423.61517
G1 F1507.5 X109.766 Y101.354 E423.6613
G1 F1542.4 X109.378 Y101.354 E423.6864
G1 F1507.5 X109.379 Y102.051 E423.73254
G1 F1257.9 X109.305 Y102.555 E423.77295
;MESH:NONMESH
G0 F300 X109.305 Y102.555 Z6.6
G0 F9000 X108.994 Y102.415
G0 X107.739 Y102.81
G0 X119.53 Y119.53
G0 X119.8 Y119.8
;TIME_ELAPSED:380.163043
;LAYER:16
;TYPE:WALL-OUTER
;MESH:xyzCalibration_cube.stl
G1 F1500 X119.8 Y110.68 E424.37961
G1 X118.008 Y110.68 E424.49882
G1 X117.907 Y110.614 E424.50684
G1 X117.858 Y110.51 E424.51449
G1 X117.857 Y108.777 E424.62977
G1 X117.901 Y108.672 E424.63734
G1 X118.002 Y108.6 E424.64559
G1 X119.8 Y108.6 E424.7652
G1 X119.8 Y100.2 E425.32397
G1 X112.796 Y100.2 E425.78987
G1 X112.796 Y101.942 E425.90575
G1 X112.732 Y102.04 E425.91354
G1 X112.616 Y102.092 E425.92199
G1 X110.859 Y102.092 E426.03887
G1 X110.753 Y102.05 E426.04646
G1 X110.676 Y101.91 E426.05708
G1 X110.676 Y100.2 E426.17083
G1 X108.464 Y100.2 E426.31798
G1 X108.464 Y101.91 E426.43173
G1 X108.387 Y102.05 E426.44235
G1 X108.282 Y102.092 E426.44988
G1 X106.478 Y102.091 E426.56988
G1 X106.348 Y101.962 E426.58206
G1 X106.348 Y100.2 E426.69927
G1 X100.2 Y100.2 E427.10824
G1 X100.201 Y119.799 E428.41197
G1 X119.8 Y119.8 E429.7157
G0 F9000 X119.4 Y119.4
;TYPE:WALL-INNER
G1 F1500 X119.4 Y111.08 E430.26915
G1 X117.923 Y111.08 E430.3674
G1 X117.672 Y110.942 E430.38645
G1 X117.56 Y110.819 E430.39752
G1 X117.456 Y110.587 E430.41443
G1 X117.459 Y108.733 E430.53776
G1 X117.593 Y108.417 E430.56059
G1 X117.845 Y108.237 E430.58119
G1 X118.056 Y108.2 E430.59544
G1 X119.4 Y108.2 E430.68484
G1 X119.4 Y100.6 E431.1904
G1 X113.196 Y100.6 E431.60309
G1 X113.196 Y101.892 E431.68903
G1 X113.164 Y102.086 E431.70211
G1 X113.003 Y102.334 E431.72178
G1 X112.788 Y102.461 E431.73839
G1 X112.654 Y102.49 E431.74751
G1 X110.827 Y102.491 E431.86905
G1 X110.507 Y102.366 E431.8919
G1 X110.371 Y102.216 E431.90537
G1 X110.278 Y101.945 E431.92443
G1 X110.276 Y100.6 E432.0139
G1 X108.864 Y100.6 E432.10782
G1 X108.862 Y101.945 E432.19729
G1 X108.769 Y102.216 E432.21635
G1 X108.633 Y102.366 E432.22982
G1 X108.316 Y102.49 E432.25246
G1 X106.467 Y102.487 E432.37546
G1 X106.281 Y102.43 E432.3884
G1 X106.09 Y102.28 E432.40456
G1 X106.013 Y102.165 E432.41376
G1 X105.948 Y101.892 E432.43243
G1 X105.948 Y100.6 E432.51837
G1 X100.6 Y100.6 E432.87412
G1 X100.601 Y119.399 E434.12464
G1 X119.4 Y119.4 E435.37515
G0 F9000 X119 Y119
G1 F1500 X119 Y111.48 E435.87539
G1 X118.056 Y111.48 E435.93818
G1 X117.747 Y111.432 E435.95898
G1 X117.417 Y111.25 E435.98405
G1 X117.229 Y111.044 E436.0026
G1 X117.118 Y110.828 E436.01876
G1 X117.056 Y110.586 E436.03537
G1 X117.062 Y108.689 E436.16156
G1 X117.109 Y108.477 E436.17601
G1 X117.285 Y108.162 E436.20001
G1 X117.496 Y107.971 E436.21894
G1 X117.705 Y107.863 E436.23459
G1 X118.056 Y107.8 E436.25832
G1 X119 Y107.8 E436.32111
G1 X119 Y101 E436.77345
G1 X113.596 Y101 E437.13292
G1 X113.596 Y101.892 E437.19226
G1 X113.543 Y102.216 E437.2141
G1 X113.446 Y102.42 E437.22912
G1 X113.222 Y102.691 E437.25251
G1 X112.916 Y102.84 E437.27515
G1 X112.692 Y102.888 E437.29039
G1 X110.713 Y102.889 E437.42204
G1 X110.319 Y102.745 E437.44994
G1 X110.034 Y102.432 E437.4781
G1 F1315.8 X109.825 Y101.984 E437.51559
G1 F1181.1 X109.823 Y101.053 E437.59424
G1 F1185.8 X109.317 Y101.053 E437.63682
G1 F1181.1 X109.315 Y101.984 E437.71547
G1 F1315.8 X109.106 Y102.432 E437.75296
G1 F1500 X108.821 Y102.745 E437.78112
G1 X108.433 Y102.887 E437.8086
G1 X106.456 Y102.892 E437.94011
G1 X106.103 Y102.788 E437.96459
G1 X105.784 Y102.538 E437.99155
G1 X105.656 Y102.346 E438.0069
G1 X105.548 Y101.892 E438.03794
G1 X105.548 Y101 E438.09728
G1 X101 Y101 E438.39981
G1 X101.001 Y118.999 E439.59711
G1 X119 Y119 E440.79441
G0 F9000 X117.108 Y118.92
;TYPE:FILL
G1 F3000 X118.92 Y117.108 E440.96487
G0 F9000 X117.231 Y111.308
G0 X117.231 Y107.972
G0 X118.921 Y102.892
G1 F3000 X117.108 Y101.08 E441.13538
G0 F9000 X113.423 Y102.722
G0 X105.723 Y102.722
G0 X102.891 Y101.08
G1 F3000 X101.081 Y102.89 E441.30566
G0 F9000 X101.08 Y117.109
G1 F3000 X102.89 Y118.918 E441.47588
G0 F9000 X102.89 Y118.8
;MESH:NONMESH
G0 F300 X102.89 Y118.8 Z7
G0 F9000 X119.53 Y119.53
G0 X119.8 Y119.8
;TIME_ELAPSED:393.514832
;LAYER:17
;TYPE:WALL-OUTER
;MESH:xyzCalibration_cube.stl
G1 F1500 X119.8 Y110.676 E442.08281
G1 X118.008 Y110.676 E442.20202
G1 X117.907 Y110.61 E442.21004
G1 X117.858 Y110.506 E442.21769
G1 X117.859 Y108.758 E442.33397
G1 X117.918 Y108.65 E442.34215
G1 X118.005 Y108.596 E442.34897
G1 X119.8 Y108.596 E442.46837
G1 X119.8 Y100.2 E443.02687
G1 X112.544 Y100.2 E443.50955
G1 X112.54 Y101.893 E443.62216
G1 X112.508 Y102.002 E443.62972
G1 X112.36 Y102.092 E443.64124
G1 X110.589 Y102.088 E443.75905
G1 X110.464 Y102.002 E443.76914
G1 X110.432 Y101.91 E443.77562
G1 X110.432 Y100.2 E443.88937
G1 X108.7 Y100.2 E444.00459
G1 X108.7 Y101.91 E444.11834
G1 X108.668 Y102.002 E444.12482
G1 X108.543 Y102.092 E444.13506
G1 X106.745 Y102.091 E444.25467
G1 X106.621 Y102.025 E444.26401
G1 X106.572 Y101.934 E444.27088
G1 X106.572 Y100.2 E444.38623
G1 X100.2 Y100.2 E444.8101
G1 X100.201 Y119.799 E446.11383
G1 X119.8 Y119.8 E447.41756
G0 F9000 X119.4 Y119.4
;TYPE:WALL-INNER
G1 F1500 X119.4 Y111.076 E447.97127
G1 X118.056 Y111.076 E448.06068
G1 X117.75 Y110.993 E448.08177
G1 X117.521 Y110.749 E448.10403
G1 X117.456 Y110.505 E448.12082
G1 X117.456 Y108.718 E448.2397
G1 X117.583 Y108.425 E448.26094
G1 X117.841 Y108.235 E448.28225
G1 X118.056 Y108.196 E448.29679
G1 X119.4 Y108.196 E448.38619
G1 X119.4 Y100.6 E448.89148
G1 X112.943 Y100.6 E449.321
G1 X112.94 Y101.894 E449.40708
G1 X112.843 Y102.22 E449.4297
G1 X112.682 Y102.386 E449.44509
G1 X112.399 Y102.49 E449.46514
G1 X110.541 Y102.486 E449.58874
G1 X110.269 Y102.37 E449.60841
G1 X110.13 Y102.222 E449.62191
G1 X110.034 Y101.945 E449.64142
G1 X110.032 Y100.6 E449.73088
G1 X109.1 Y100.6 E449.79288
G1 X109.098 Y101.945 E449.88235
G1 X109.002 Y102.222 E449.90185
G1 X108.772 Y102.428 E449.92239
G1 X108.576 Y102.488 E449.93603
G1 X106.692 Y102.487 E450.06135
G1 X106.509 Y102.432 E450.07406
G1 X106.321 Y102.289 E450.08978
G1 X106.172 Y102.018 E450.11035
G1 X106.172 Y100.6 E450.20467
G1 X100.6 Y100.6 E450.57532
G1 X100.601 Y119.399 E451.82584
G1 X119.4 Y119.4 E453.07635
G0 F9000 X119 Y119
G1 F1500 X119 Y111.476 E453.57685
G1 X118.056 Y111.476 E453.63965
G1 X117.747 Y111.428 E453.66045
G1 X117.417 Y111.246 E453.68552
G1 X117.229 Y111.04 E453.70407
G1 X117.118 Y110.824 E453.72022
G1 X117.056 Y110.583 E453.73678
G1 X117.056 Y108.665 E453.86436
G1 X117.134 Y108.408 E453.88223
G1 X117.269 Y108.178 E453.89997
G1 X117.487 Y107.973 E453.91987
G1 X117.699 Y107.861 E453.93582
G1 X118.056 Y107.796 E453.95996
G1 X119 Y107.796 E454.02276
G1 X119 Y101 E454.47483
G1 X113.342 Y101 E454.8512
G1 X113.34 Y101.895 E454.91074
G1 X113.281 Y102.232 E454.93349
G1 X113.178 Y102.439 E454.94888
G1 X112.909 Y102.715 E454.97451
G1 X112.671 Y102.836 E454.99227
G1 X112.438 Y102.888 E455.00815
G1 X110.481 Y102.892 E455.13833
G1 X110.083 Y102.749 E455.16647
G1 X109.796 Y102.442 E455.19442
G1 F1276.6 X109.566 Y101.985 E455.23441
G1 X109.336 Y102.442 E455.2744
G1 F1500 X109.049 Y102.749 E455.30235
G1 X108.655 Y102.891 E455.33021
G1 X106.677 Y102.892 E455.46179
G1 X106.335 Y102.792 E455.48549
G1 X106.02 Y102.553 E455.5118
G1 X105.812 Y102.175 E455.5405
G1 X105.772 Y101.892 E455.55951
G1 X105.772 Y101 E455.61884
G1 X101 Y101 E455.93628
G1 X101.001 Y118.999 E457.13358
G1 X119 Y119 E458.33088
G0 F9000 X109.805 Y102.722
G0 X109.566 Y101.985
G1 F1119.4 X109.566 Y101.066 E458.41279
G0 F9000 X109.329 Y102.72
G0 X105.945 Y102.724
G0 X103.291 Y101.08
;TYPE:FILL
G1 F3000 X101.081 Y103.29 E458.6207
G0 F9000 X101.08 Y116.709
G1 F3000 X103.29 Y118.918 E458.82855
G0 F9000 X116.708 Y118.92
G1 F3000 X118.92 Y116.708 E459.03664
G0 F9000 X117.231 Y111.304
G0 X117.231 Y107.968
G0 X118.92 Y103.291
G1 F3000 X116.709 Y101.08 E459.24464
G0 F9000 X116.709 Y101.2
;MESH:NONMESH
G0 F300 X116.709 Y101.2 Z7.4
G0 F9000 X117.631 Y110.904
G0 X119.53 Y119.53
G0 X119.8 Y119.8
;TIME_ELAPSED:407.350442
;LAYER:18
;TYPE:WALL-OUTER
;MESH:xyzCalibration_cube.stl
G1 F1500 X119.8 Y110.672 E459.85184
G1 X118.013 Y110.668 E459.97071
G1 X117.894 Y110.581 E459.98052
G1 X117.862 Y110.498 E459.98643
G1 X117.865 Y108.739 E460.10344
G1 X118.004 Y108.588 E460.11709
G1 X119.8 Y108.588 E460.23657
G1 X119.8 Y100.2 E460.79454
G1 X112.292 Y100.2 E461.29397
G1 X112.288 Y101.947 E461.41018
G1 X112.206 Y102.055 E461.4192
G1 X112.088 Y102.092 E461.42743
G1 X110.349 Y102.089 E461.54311
G1 X110.235 Y102.022 E461.5519
G1 X110.188 Y101.91 E461.55998
G1 X110.188 Y100.2 E461.67373
G1 X108.936 Y100.2 E461.75702
G1 X108.936 Y101.91 E461.87077
G1 X108.889 Y102.022 E461.87885
G1 X108.77 Y102.09 E461.88796
G1 X106.969 Y102.091 E462.00777
G1 X106.848 Y102.027 E462.01687
G1 X106.796 Y101.936 E462.02384
G1 X106.792 Y100.2 E462.13932
G1 X100.2 Y100.2 E462.57782
G1 X100.2 Y119.8 E463.88162
G1 X119.8 Y119.8 E465.18542
G0 F9000 X119.4 Y119.4
;TYPE:WALL-INNER
G1 F1500 X119.4 Y111.071 E465.73947
G1 X117.917 Y111.068 E465.83812
G1 X117.613 Y110.87 E465.86225
G1 X117.525 Y110.741 E465.87264
G1 X117.46 Y110.499 E465.88931
G1 X117.466 Y108.702 E466.00884
G1 X117.578 Y108.43 E466.02841
G1 X117.841 Y108.229 E466.05043
G1 X118.06 Y108.188 E466.06525
G1 X119.4 Y108.188 E466.15439
G1 X119.4 Y100.6 E466.65914
G1 X112.691 Y100.6 E467.10543
G1 X112.688 Y101.894 E467.19151
G1 X112.65 Y102.105 E467.20577
G1 X112.44 Y102.379 E467.22873
G1 X112.148 Y102.489 E467.24949
G1 X110.317 Y102.492 E467.37129
G1 X110.084 Y102.41 E467.38772
G1 X109.931 Y102.282 E467.40099
G1 F1449.3 X109.776 Y101.946 E467.42646
G1 F1401.9 X109.775 Y100.613 E467.52134
G1 F1408.5 X109.349 Y100.613 E467.55152
G1 F1401.9 X109.348 Y101.946 E467.6464
G1 F1449.3 X109.193 Y102.282 E467.67188
G1 F1500 X109.04 Y102.41 E467.68515
G1 X108.795 Y102.49 E467.70229
G1 X106.917 Y102.487 E467.82721
G1 X106.738 Y102.435 E467.83961
G1 X106.552 Y102.296 E467.85506
G1 X106.396 Y102.024 E467.87592
G1 X106.393 Y100.6 E467.97064
G1 X100.6 Y100.6 E468.356
G1 X100.6 Y119.4 E469.60658
G1 X119.4 Y119.4 E470.85716
G0 F9000 X119 Y119
G1 F1500 X119 Y111.47 E471.35806
G1 X118.057 Y111.468 E471.42078
G1 X117.749 Y111.419 E471.44153
G1 X117.419 Y111.237 E471.4666
G1 X117.233 Y111.031 E471.48506
G1 X117.122 Y110.816 E471.50116
G1 X117.061 Y110.58 E471.51737
G1 X117.06 Y108.685 E471.64343
G1 X117.123 Y108.436 E471.66051
G1 X117.256 Y108.192 E471.679
G1 X117.473 Y107.977 E471.69932
G1 X117.695 Y107.856 E471.71614
G1 X118.06 Y107.788 E471.74083
G1 X119 Y107.788 E471.80336
G1 X119 Y101 E472.2549
G1 X113.09 Y101 E472.64804
G1 X113.088 Y101.895 E472.70757
G1 X113.024 Y102.246 E472.73131
G1 X112.915 Y102.456 E472.74705
G1 X112.675 Y102.703 E472.76996
G1 X112.429 Y102.833 E472.78846
G1 X112.188 Y102.887 E472.80489
G1 X110.271 Y102.886 E472.93241
G1 X109.939 Y102.803 E472.95518
G1 X109.626 Y102.541 E472.98233
G1 X109.562 Y102.387 E472.99342
G1 X109.498 Y102.541 E473.00452
G1 X109.183 Y102.804 E473.03181
G1 X108.834 Y102.888 E473.05569
G1 X106.904 Y102.892 E473.18408
G1 X106.567 Y102.796 E473.20739
G1 X106.256 Y102.566 E473.23312
G1 X106.041 Y102.191 E473.26187
G1 X105.996 Y101.895 E473.28179
G1 X105.994 Y101 E473.34132
G1 X101 Y101 E473.67352
G1 X101 Y119 E474.87089
G1 X119 Y119 E476.06825
G0 F9000 X116.308 Y118.92
;TYPE:FILL
G1 F3000 X118.92 Y116.308 E476.31398
G0 F9000 X117.232 Y111.299
G0 X117.232 Y107.963
G0 X118.92 Y103.692
G1 F3000 X116.308 Y101.08 E476.5597
G0 F9000 X112.917 Y102.723
G0 X106.169 Y102.723
G0 X103.691 Y101.08
G1 F3000 X101.08 Y103.691 E476.80532
G0 F9000 X101.08 Y116.308
G1 F3000 X103.692 Y118.92 E477.05104
G0 F9000 X103.692 Y118.8
;MESH:NONMESH
G0 F300 X103.692 Y118.8 Z7.8
G0 F9000 X119.53 Y119.53
G0 X119.8 Y119.8
;TIME_ELAPSED:420.655369
;LAYER:19
;TYPE:WALL-OUTER
;MESH:xyzCalibration_cube.stl
G1 F1500 X119.8 Y110.668 E477.65851
G1 X118.013 Y110.664 E477.77738
G1 X117.894 Y110.577 E477.78718
G1 X117.862 Y110.494 E477.7931
G1 X117.861 Y108.763 E477.90825
G1 X117.917 Y108.643 E477.91706
G1 X118.006 Y108.584 E477.92416
G1 X119.8 Y108.584 E478.0435
G1 X119.8 Y100.2 E478.6012
G1 X112.036 Y100.2 E479.11767
G1 X112.036 Y101.949 E479.23401
G1 X111.88 Y102.088 E479.24791
G1 X110.111 Y102.09 E479.36558
G1 X110.016 Y102.046 E479.37255
G1 X109.944 Y101.91 E479.38279
G1 X109.944 Y100.2 E479.49654
G1 X109.172 Y100.2 E479.54789
G1 X109.172 Y101.91 E479.66164
G1 X109.1 Y102.046 E479.67187
G1 X109 Y102.091 E479.67917
G1 X107.194 Y102.091 E479.7993
G1 X107.091 Y102.049 E479.8067
G1 X107.016 Y101.942 E479.8154
G1 X107.016 Y100.2 E479.93127
G1 X100.201 Y100.201 E480.38461
G1 X100.2 Y119.8 E481.68834
G1 X119.8 Y119.8 E482.99214
G0 F9000 X119.4 Y119.4
;TYPE:WALL-INNER
G1 F1500 X119.4 Y111.067 E483.54645
G1 X117.917 Y111.064 E483.6451
G1 X117.613 Y110.866 E483.66923
G1 X117.525 Y110.737 E483.67962
G1 X117.46 Y110.495 E483.69629
G1 X117.463 Y108.723 E483.81416
G1 X117.569 Y108.438 E483.83439
G1 X117.837 Y108.226 E483.85712
G1 X118.06 Y108.184 E483.87222
G1 X119.4 Y108.184 E483.96135
G1 X119.4 Y100.6 E484.46584
G1 X112.436 Y100.6 E484.92909
G1 X112.436 Y101.892 E485.01504
G1 X112.395 Y102.112 E485.02992
G1 X112.198 Y102.371 E485.05157
G1 X112.046 Y102.455 E485.06312
G1 X111.836 Y102.492 E485.07731
G1 X110.061 Y102.487 E485.19538
G1 X109.76 Y102.354 E485.21727
G1 F1546.4 X109.558 Y101.943 E485.24682
G1 X109.356 Y102.354 E485.27637
G1 F1500 X109.055 Y102.487 E485.29826
G1 X107.15 Y102.489 E485.42498
G1 X106.842 Y102.362 E485.44714
G1 X106.7 Y102.2 E485.46147
G1 X106.616 Y101.892 E485.48271
G1 X106.616 Y100.6 E485.56865
G1 X100.601 Y100.601 E485.96877
G1 X100.6 Y119.4 E487.21929
G1 X119.4 Y119.4 E488.46987
G0 F9000 X119 Y119
G1 F1500 X119 Y111.466 E488.97103
G1 X118.057 Y111.464 E489.03376
G1 X117.748 Y111.415 E489.05457
G1 X117.419 Y111.233 E489.07958
G1 X117.233 Y111.027 E489.09804
G1 X117.122 Y110.812 E489.11414
G1 X117.061 Y110.576 E489.13035
G1 X117.065 Y108.682 E489.25634
G1 X117.111 Y108.467 E489.27097
G1 X117.242 Y108.208 E489.29028
G1 X117.475 Y107.972 E489.31234
G1 X117.688 Y107.855 E489.3285
G1 X118.06 Y107.784 E489.3537
G1 X119 Y107.784 E489.41622
G1 X119 Y101 E489.8675
G1 X112.836 Y101 E490.27753
G1 X112.836 Y101.892 E490.33687
G1 X112.767 Y102.259 E490.36171
G1 X112.652 Y102.472 E490.37781
G1 X112.44 Y102.69 E490.39804
G1 X112.186 Y102.829 E490.4173
G1 X111.938 Y102.887 E490.43424
G1 X110.04 Y102.887 E490.56049
G1 X109.76 Y102.816 E490.57971
G1 X109.558 Y102.693 E490.59544
G1 X109.356 Y102.816 E490.61117
G1 X109.031 Y102.891 E490.63336
G1 X107.107 Y102.887 E490.76135
G1 X106.86 Y102.827 E490.77825
G1 X106.593 Y102.675 E490.79869
G1 X106.357 Y102.405 E490.82255
G1 X106.265 Y102.204 E490.83725
G1 X106.216 Y101.892 E490.85826
G1 X106.216 Y101 E490.9176
G1 X101.001 Y101.001 E491.2645
G1 X101 Y119 E492.4618
G1 X119 Y119 E493.65916
G0 F9000 X109.558 Y102.795
G0 X109.558 Y101.943
G1 F1604.3 X109.558 Y100.586 E493.74356
G0 F9000 X109.403 Y102.322
G0 X106.79 Y102.323
G0 X104.091 Y101.08
;TYPE:FILL
G1 F3000 X101.081 Y104.09 E494.02672
G0 F9000 X101.08 Y115.908
G1 F3000 X104.092 Y118.92 E494.31008
G0 F9000 X115.908 Y118.92
G1 F3000 X118.92 Y115.908 E494.59343
G0 F9000 X117.232 Y111.295
G0 X117.232 Y107.959
G0 X118.92 Y104.092
G1 F3000 X115.908 Y101.08 E494.87678
G0 F9000 X115.908 Y101.2
;MESH:NONMESH
G0 F300 X115.908 Y101.2 Z8.2
G0 F9000 X117.632 Y110.895
G0 X119.53 Y119.53
G0 X119.8 Y119.8
;TIME_ELAPSED:434.385531
;LAYER:20
;TYPE:WALL-OUTER
;MESH:xyzCalibration_cube.stl
G1 F1500 X119.8 Y110.664 E495.48451
G1 X118.013 Y110.66 E495.60338
G1 X117.894 Y110.573 E495.61318
G1 X117.862 Y110.49 E495.6191
G1 X117.86 Y108.768 E495.73365
G1 X117.91 Y108.646 E495.74242
G1 X118.004 Y108.58 E495.75006
G1 X119.8 Y108.58 E495.86953
G1 X119.8 Y100.2 E496.42697
G1 X111.784 Y100.2 E496.9602
G1 X111.784 Y101.949 E497.07654
G1 X111.629 Y102.092 E497.09057
G1 X109.82 Y102.087 E497.2109
G1 F1612.9 X109.728 Y101.907 E497.22341
G1 F1744.2 X109.728 Y100.172 E497.32266
G1 X109.384 Y100.172 E497.34234
G1 X109.384 Y101.907 E497.4416
G1 F1612.9 X109.292 Y102.087 E497.4541
G1 F1500 X107.418 Y102.095 E497.57876
G1 X107.317 Y102.055 E497.58599
G1 X107.24 Y101.948 E497.59476
G1 X107.236 Y100.2 E497.71104
G1 X100.2 Y100.2 E498.17907
G1 X100.2 Y119.8 E499.48287
G1 X119.8 Y119.8 E500.78667
G0 F9000 X119.4 Y119.4
;TYPE:WALL-INNER
G1 F1500 X119.4 Y111.063 E501.34125
G1 X117.917 Y111.06 E501.4399
G1 X117.613 Y110.862 E501.46403
G1 X117.497 Y110.669 E501.47901
G1 X117.46 Y110.492 E501.49104
G1 X117.461 Y108.659 E501.61297
G1 X117.56 Y108.448 E501.62847
G1 X117.704 Y108.296 E501.6424
G1 X117.833 Y108.224 E501.65223
G1 X118.06 Y108.18 E501.66761
G1 X119.4 Y108.18 E501.75675
G1 X119.4 Y100.6 E502.26097
G1 X112.184 Y100.6 E502.74098
G1 X112.184 Y101.896 E502.82719
G1 X112.14 Y102.124 E502.84264
G1 X112.067 Y102.253 E502.8525
G1 X111.885 Y102.416 E502.86875
G1 X111.678 Y102.497 E502.88354
G1 X109.841 Y102.49 E503.00574
G1 X109.637 Y102.432 E503.01984
G1 X109.556 Y102.314 E503.02936
G1 X109.475 Y102.432 E503.03889
G1 X109.261 Y102.491 E503.05365
G1 X107.376 Y102.493 E503.17904
G1 X107.072 Y102.371 E503.20083
G1 X106.93 Y102.214 E503.21491
G1 X106.84 Y101.898 E503.23677
G1 X106.837 Y100.6 E503.32311
G1 X100.6 Y100.6 E503.738
G1 X100.6 Y119.4 E504.98858
G1 X119.4 Y119.4 E506.23916
G0 F9000 X119 Y119
G1 F1500 X119 Y111.462 E506.74059
G1 X118.057 Y111.46 E506.80332
G1 X117.748 Y111.411 E506.82413
G1 X117.419 Y111.228 E506.84918
G1 X117.233 Y111.023 E506.86759
G1 X117.122 Y110.808 E506.88368
G1 X117.06 Y110.568 E506.90017
G1 X117.061 Y108.721 E507.02304
G1 X117.099 Y108.5 E507.03795
G1 X117.226 Y108.226 E507.05804
G1 X117.467 Y107.974 E507.08124
G1 X117.681 Y107.854 E507.09756
G1 X118.06 Y107.78 E507.12325
G1 X119 Y107.78 E507.18577
G1 X119 Y101 E507.63678
G1 X112.584 Y101 E508.06358
G1 X112.584 Y101.896 E508.12318
G1 X112.51 Y102.275 E508.14887
G1 X112.389 Y102.49 E508.16528
G1 X112.228 Y102.662 E508.18095
G1 X111.941 Y102.831 E508.2031
G1 X111.685 Y102.892 E508.22061
G1 X109.803 Y102.888 E508.3458
G1 X109.556 Y102.826 E508.36274
G1 X109.309 Y102.888 E508.37968
G1 X107.334 Y102.891 E508.51106
G1 X107.091 Y102.834 E508.52766
G1 X106.827 Y102.687 E508.54776
G1 X106.591 Y102.425 E508.57122
G1 X106.494 Y102.222 E508.58619
G1 X106.44 Y101.899 E508.60797
G1 X106.438 Y101 E508.66777
G1 X101 Y101 E509.02951
G1 X101 Y119 E510.22687
G1 X119 Y119 E511.42424
G0 F9000 X115.507 Y118.92
;TYPE:FILL
G1 F3000 X118.92 Y115.507 E511.74531
G0 F9000 X117.233 Y111.291
G0 X117.233 Y107.954
G0 X118.921 Y104.493
G1 F3000 X115.508 Y101.08 E512.06639
G0 F9000 X112.411 Y102.724
G0 X106.613 Y102.725
G0 X104.491 Y101.08
G1 F3000 X101.08 Y104.491 E512.38727
G0 F9000 X101.08 Y115.507
G1 F3000 X104.492 Y118.92 E512.7083
G0 F9000 X104.492 Y118.8
;MESH:NONMESH
G0 F300 X104.492 Y118.8 Z8.6
G0 F9000 X119.53 Y119.53
G0 X119.8 Y119.8
;TIME_ELAPSED:447.561329
;LAYER:21
;TYPE:WALL-OUTER
;MESH:xyzCalibration_cube.stl
G1 F1500 X119.8 Y110.656 E513.31656
G1 X118.013 Y110.656 E513.43543
G1 X117.894 Y110.569 E513.44524
G1 X117.862 Y110.486 E513.45116
G1 X117.86 Y108.756 E513.56624
G1 X117.9 Y108.654 E513.57352
G1 X118.003 Y108.576 E513.58212
G1 X119.8 Y108.576 E513.70166
G1 X119.8 Y100.2 E514.25883
G1 X111.532 Y100.2 E514.80882
G1 X111.528 Y101.956 E514.92563
G1 X111.455 Y102.051 E514.9336
G1 X111.344 Y102.096 E514.94157
G1 X107.615 Y102.092 E515.18962
G1 X107.514 Y102.034 E515.19737
G1 X107.46 Y101.946 E515.20424
G1 X107.46 Y100.2 E515.32038
G1 X100.2 Y100.2 E515.80332
G1 X100.2 Y119.8 E517.10711
G1 X119.8 Y119.8 E518.41091
G0 F9000 X119.4 Y119.4
;TYPE:WALL-INNER
G1 F1500 X119.4 Y111.056 E518.96596
G1 X117.918 Y111.056 E519.06454
G1 X117.613 Y110.858 E519.08873
G1 X117.497 Y110.665 E519.10371
G1 X117.46 Y110.488 E519.11574
G1 X117.462 Y108.717 E519.23354
G1 X117.538 Y108.478 E519.25023
G1 X117.699 Y108.296 E519.26639
G1 X117.829 Y108.222 E519.27634
G1 X118.06 Y108.176 E519.29201
G1 X119.4 Y108.176 E519.38115
G1 X119.4 Y100.6 E519.8851
G1 X111.931 Y100.6 E520.38194
G1 X111.928 Y101.898 E520.46829
G1 X111.881 Y102.132 E520.48416
G1 X111.682 Y102.382 E520.50542
G1 X111.374 Y102.495 E520.52724
G1 X107.596 Y102.493 E520.77856
G1 X107.297 Y102.375 E520.79994
G1 X107.156 Y102.223 E520.81373
G1 X107.06 Y101.896 E520.8364
G1 X107.06 Y100.6 E520.92261
G1 X100.6 Y100.6 E521.35233
G1 X100.6 Y119.4 E522.60291
G1 X119.4 Y119.4 E523.85349
G0 F9000 X119 Y119
G1 F1500 X119 Y111.456 E524.35532
G1 X118.06 Y111.456 E524.41785
G1 X117.749 Y111.407 E524.43879
G1 X117.419 Y111.224 E524.4639
G1 X117.233 Y111.019 E524.48231
G1 X117.122 Y110.804 E524.4984
G1 X117.061 Y110.569 E524.51455
G1 X117.064 Y108.678 E524.64034
G1 X117.191 Y108.28 E524.66814
G1 X117.355 Y108.066 E524.68607
G1 X117.675 Y107.853 E524.71164
G1 X118.06 Y107.776 E524.73776
G1 X119 Y107.776 E524.80029
G1 X119 Y101 E525.25103
G1 X112.33 Y101 E525.69472
G1 X112.328 Y101.899 E525.75452
G1 X112.249 Y102.288 E525.78093
G1 X112.079 Y102.575 E525.80311
G1 X111.806 Y102.776 E525.82567
G1 X111.405 Y102.894 E525.85347
G1 X107.554 Y102.891 E526.10964
G1 X107.315 Y102.835 E526.12597
G1 X107.056 Y102.694 E526.14559
G1 X106.821 Y102.441 E526.16856
G1 X106.718 Y102.234 E526.18394
G1 X106.66 Y101.896 E526.20675
G1 X106.66 Y101 E526.26635
G1 X101 Y101 E526.64286
G1 X101 Y119 E527.84022
G1 X119 Y119 E529.03759
G0 F9000 X115.107 Y118.92
;TYPE:FILL
G1 F3000 X118.92 Y115.107 E529.39629
G0 F9000 X117.234 Y111.286
G0 X117.234 Y107.95
G0 X118.921 Y104.893
G1 F3000 X115.107 Y101.08 E529.75504
G0 F9000 X112.158 Y102.724
G0 X106.835 Y102.724
G0 X104.892 Y101.08
G1 F3000 X101.08 Y104.892 E530.11365
G0 F9000 X101.08 Y115.107
G1 F3000 X104.892 Y118.92 E530.47231
G0 F9000 X104.892 Y118.8
;MESH:NONMESH
G0 F300 X104.892 Y118.8 Z9
G0 F9000 X119.53 Y119.53
G0 X119.8 Y119.8
;TIME_ELAPSED:460.494566
;LAYER:22
;TYPE:WALL-OUTER
;MESH:xyzCalibration_cube.stl
G1 F1500 X119.8 Y110.652 E531.08083
G1 X118.013 Y110.652 E531.1997
G1 X117.894 Y110.565 E531.20951
G1 X117.862 Y110.482 E531.21543
G1 X117.86 Y108.699 E531.33403
G1 X117.998 Y108.572 E531.34651
G1 X119.8 Y108.572 E531.46638
G1 X119.8 Y100.2 E532.02329
G1 X111.28 Y100.2 E532.59004
G1 X111.276 Y101.897 E532.70292
G1 X111.231 Y102.024 E532.71189
G1 X111.095 Y102.096 E532.72212
G1 X107.863 Y102.095 E532.93712
G1 X107.765 Y102.057 E532.94411
G1 X107.684 Y101.952 E532.95293
G1 X107.68 Y100.2 E533.06947
G1 X100.2 Y100.2 E533.56705
G1 X100.2 Y119.8 E534.87084
G1 X119.8 Y119.8 E536.17464
G0 F9000 X119.4 Y119.4
;TYPE:WALL-INNER
G1 F1500 X119.4 Y111.052 E536.72995
G1 X117.918 Y111.052 E536.82853
G1 X117.613 Y110.854 E536.85272
G1 X117.525 Y110.725 E536.86311
G1 X117.46 Y110.484 E536.87972
G1 X117.461 Y108.727 E536.99659
G1 X117.53 Y108.49 E537.01301
G1 X117.623 Y108.36 E537.02364
G1 X117.828 Y108.218 E537.04023
G1 X118.06 Y108.172 E537.05597
G1 X119.4 Y108.172 E537.1451
G1 X119.4 Y100.6 E537.64879
G1 X111.679 Y100.6 E538.1624
G1 X111.676 Y101.898 E538.24874
G1 X111.627 Y102.136 E538.2649
G1 X111.539 Y102.279 E538.27607
G1 X111.366 Y102.422 E538.291
G1 X111.131 Y102.494 E538.30735
G1 X107.821 Y102.493 E538.52754
G1 X107.527 Y102.379 E538.54851
G1 X107.322 Y102.107 E538.57117
G1 X107.284 Y101.898 E538.5853
G1 X107.281 Y100.6 E538.67164
G1 X100.6 Y100.6 E539.11606
G1 X100.6 Y119.4 E540.36665
G1 X119.4 Y119.4 E541.61723
G0 F9000 X119 Y119
G1 F1500 X119 Y111.452 E542.11932
G1 X118.06 Y111.452 E542.18185
G1 X117.749 Y111.403 E542.20279
G1 X117.419 Y111.22 E542.2279
G1 X117.233 Y111.015 E542.24631
G1 X117.122 Y110.801 E542.26234
G1 X117.061 Y110.565 E542.27856
G1 X117.062 Y108.697 E542.40282
G1 X117.176 Y108.302 E542.43017
G1 X117.331 Y108.086 E542.44785
G1 X117.673 Y107.849 E542.47553
G1 X118.06 Y107.772 E542.50178
G1 X119 Y107.772 E542.56431
G1 X119 Y101 E543.01478
G1 X112.078 Y101 E543.47524
G1 X112.076 Y101.899 E543.53504
G1 X111.993 Y102.296 E543.56202
G1 X111.829 Y102.572 E543.58337
G1 X111.56 Y102.772 E543.60567
G1 X111.209 Y102.896 E543.63043
G1 X107.779 Y102.891 E543.8586
G1 X107.545 Y102.837 E543.87457
G1 X107.289 Y102.701 E543.89386
G1 X107.055 Y102.457 E543.91635
G1 X106.947 Y102.248 E543.932
G1 X106.884 Y101.899 E543.95559
G1 X106.882 Y101 E544.01539
G1 X101 Y101 E544.40666
G1 X101 Y119 E545.60402
G1 X119 Y119 E546.80139
G0 F9000 X114.708 Y118.92
;TYPE:FILL
G1 F3000 X118.92 Y114.708 E547.19763
G0 F9000 X118.92 Y111.295
G0 X117.234 Y111.282
G0 X117.234 Y107.946
G0 X118.921 Y107.934
G0 X118.921 Y105.292
G1 F3000 X114.709 Y101.08 E547.59387
G0 F9000 X111.905 Y102.725
G0 X107.057 Y102.725
G0 X105.29 Y101.08
G1 F3000 X101.08 Y105.29 E547.98992
G0 F9000 X101.08 Y114.708
G1 F3000 X105.291 Y118.92 E548.38611
G0 F9000 X116.765 Y112.828
G0 X117.024 Y112.828
;TYPE:SKIN
G1 F1500 X118.64 Y112.831 E548.49361
G1 X118.64 Y111.812 E548.56139
G1 X118.031 Y111.81 E548.6019
G1 X117.661 Y111.75 E548.62684
G1 X117.358 Y111.621 E548.64874
G1 X117.028 Y111.343 E548.67745
G1 X117.024 Y112.828 E548.77623
G0 F9000 X117.567 Y112.282
G1 F918.8 X117.997 Y112.315 E548.82306
G1 F964.6 X118.129 Y112.316 E548.83672
G0 F9000 X118.129 Y111.552
G0 X117.234 Y111.282
G0 X117.234 Y107.946
G0 X117.631 Y107.758
G0 X117.537 Y107.513
G1 F1500 X118.029 Y107.415 E548.87009
G1 X118.64 Y107.412 E548.91073
G1 X118.64 Y106.301 E548.98464
G1 X117.024 Y106.304 E549.09213
G1 X117.025 Y107.892 E549.19777
G1 X117.168 Y107.726 E549.21234
G1 X117.537 Y107.513 E549.24068
G0 F9000 X117.949 Y107.038
G1 F1666.7 X118.261 Y107.035 E549.25936
G1 F1676 X118.261 Y106.679 E549.28056
G1 F1600 X117.42 Y106.696 E549.33302
G1 F1562.5 X117.42 Y107.126 E549.36048
G1 F1630.4 X117.949 Y107.038 E549.39329
G0 F9000 X118.134 Y107.574
;MESH:NONMESH
G0 F300 X118.134 Y107.574 Z9.4
G0 F9000 X118.134 Y107.672
G0 X117.634 Y108.346
G0 X117.634 Y110.882
G0 X119.082 Y111.37
G0 X119.53 Y119.53
G0 X119.8 Y119.8
;TIME_ELAPSED:475.568006
;LAYER:23
;TYPE:WALL-OUTER
;MESH:xyzCalibration_cube.stl
G1 F1500 X119.8 Y110.648 E550.00209
G1 X118.013 Y110.648 E550.12096
G1 X117.894 Y110.561 E550.13077
G1 X117.862 Y110.478 E550.13668
G1 X117.86 Y108.748 E550.25176
G1 X117.903 Y108.642 E550.25937
G1 X118.002 Y108.568 E550.26759
G1 X119.8 Y108.568 E550.3872
G1 X119.8 Y100.2 E550.94384
G1 X111.024 Y100.2 E551.52762
G1 X111.024 Y101.978 E551.64589
G1 X110.855 Y102.094 E551.65953
G1 X108.083 Y102.095 E551.84392
G1 X107.986 Y102.059 E551.85081
G1 X107.904 Y101.952 E551.85977
G1 X107.904 Y100.2 E551.97632
G1 X100.201 Y100.201 E552.48872
G1 X100.2 Y119.8 E553.79245
G1 X119.8 Y119.8 E555.09625
G0 F9000 X119.4 Y119.4
;TYPE:WALL-INNER
G1 F1500 X119.4 Y111.048 E555.65183
G1 X117.918 Y111.048 E555.75041
G1 X117.613 Y110.85 E555.7746
G1 X117.525 Y110.721 E555.78499
G1 X117.46 Y110.481 E555.80153
G1 X117.462 Y108.708 E555.91947
G1 X117.591 Y108.392 E555.94217
G1 X117.828 Y108.214 E555.96189
G1 X118.06 Y108.168 E555.97762
G1 X119.4 Y108.168 E556.06676
G1 X119.4 Y100.6 E556.57018
G1 X111.424 Y100.6 E557.10075
G1 X111.424 Y101.896 E557.18696
G1 X111.347 Y102.192 E557.20731
G1 X111.222 Y102.346 E557.2205
G1 X110.945 Y102.496 E557.24145
G1 X108.042 Y102.493 E557.43456
G1 X107.752 Y102.383 E557.45519
G1 X107.544 Y102.114 E557.47781
G1 X107.504 Y101.896 E557.49256
G1 X107.504 Y100.6 E557.57877
G1 X100.601 Y100.601 E558.03796
G1 X100.6 Y119.4 E559.28847
G1 X119.4 Y119.4 E560.53905
G0 F9000 X119 Y119
G1 F1500 X119 Y111.448 E561.04141
G1 X118.06 Y111.448 E561.10394
G1 X117.749 Y111.399 E561.12489
G1 X117.548 Y111.308 E561.13956
G1 X117.316 Y111.117 E561.15955
G1 X117.169 Y110.903 E561.17682
G1 X117.061 Y110.502 E561.20445
G1 X117.064 Y108.668 E561.32645
G1 X117.121 Y108.421 E561.34331
G1 X117.279 Y108.142 E561.36464
G1 X117.457 Y107.969 E561.38115
G1 X117.673 Y107.845 E561.39772
G1 X118.06 Y107.768 E561.42397
G1 X119 Y107.768 E561.48649
G1 X119 Y101 E561.9367
G1 X111.824 Y101 E562.41405
G1 X111.824 Y101.896 E562.47365
G1 X111.78 Y102.192 E562.49356
G1 X111.695 Y102.388 E562.50777
G1 X111.437 Y102.708 E562.53512
G1 X111.09 Y102.861 E562.56034
G1 X110.876 Y102.895 E562.57476
G1 X108.001 Y102.891 E562.766
G1 X107.77 Y102.839 E562.78175
G1 X107.518 Y102.707 E562.80068
G1 X107.285 Y102.471 E562.82274
G1 X107.171 Y102.258 E562.83881
G1 X107.104 Y101.896 E562.8633
G1 X107.104 Y101 E562.9229
G1 X101.001 Y101.001 E563.32887
G1 X101 Y119 E564.52617
G1 X119 Y119 E565.72354
G0 F9000 X114.308 Y118.92
;TYPE:FILL
G1 F3000 X118.92 Y114.308 E566.1574
G0 F9000 X118.92 Y111.29
G0 X117.234 Y111.278
G0 X117.235 Y107.941
G0 X118.92 Y107.93
G0 X118.921 Y105.692
G1 F3000 X114.308 Y101.08 E566.59132
G0 F9000 X111.652 Y102.725
G0 X107.279 Y102.725
G0 X105.691 Y101.08
G1 F3000 X101.081 Y105.69 E567.025
G0 F9000 X101.08 Y114.308
G1 F3000 X105.691 Y118.92 E567.45882
G0 F9000 X116.765 Y113.052
G0 X117.025 Y113.052
;TYPE:SKIN
G1 F1500 X118.64 Y113.059 E567.56625
G1 X118.64 Y111.808 E567.64947
G1 X118.031 Y111.806 E567.68998
G1 X117.663 Y111.746 E567.71478
G1 X117.358 Y111.617 E567.73681
G1 X117.028 Y111.339 E567.76552
G1 X117.025 Y113.052 E567.87947
G0 F9000 X117.448 Y112.628
G1 F1376.1 X118.228 Y112.643 E567.93603
G1 F1415.1 X118.228 Y112.22 E567.96586
G1 F1411.8 X118.003 Y112.219 E567.98176
G1 F1388.9 X117.445 Y112.145 E568.0222
G1 F1354.4 X117.448 Y112.628 E568.05778
G0 F9000 X116.765 Y112.628
G0 X116.863 Y110.5
G0 X117.235 Y107.941
G0 X117.631 Y107.754
G0 X117.543 Y107.505
G1 F1500 X118.029 Y107.41 E568.09072
G1 X118.64 Y107.408 E568.13137
G1 X118.64 Y106.061 E568.22097
G1 X117.028 Y106.064 E568.3282
G1 X117.028 Y107.884 E568.44927
G1 X117.257 Y107.665 E568.47035
G1 X117.543 Y107.505 E568.49215
G0 F9000 X117.631 Y107.754
G0 X118.828 Y107.596
G0 X118.9 Y106.703
G0 X118.44 Y106.703
G1 F1500 X117.912 Y107.231 E568.54182
G0 F9000 X117.228 Y107.349
G1 F1500 X118.316 Y106.261 E568.64417
G0 F9000 X117.749 Y106.263
G1 F1500 X117.228 Y106.783 E568.69313
G0 F9000 X116.468 Y106.783
;MESH:NONMESH
G0 F300 X116.468 Y106.783 Z9.8
G0 F9000 X116.47 Y108.592
G0 X117.697 Y111.551
G0 X119.082 Y111.366
G0 X119.53 Y119.53
G0 X119.8 Y119.8
;TIME_ELAPSED:491.092543
;LAYER:24
;TYPE:WALL-OUTER
;MESH:xyzCalibration_cube.stl
G1 F1500 X119.8 Y110.86 E569.28783
G1 X118.059 Y110.856 E569.40364
G1 X117.911 Y110.791 E569.41439
G1 X117.861 Y110.682 E569.42237
G1 X117.86 Y108.517 E569.56638
G1 X117.899 Y108.416 E569.57359
G1 X118.003 Y108.336 E569.58231
G1 X119.8 Y108.336 E569.70185
G1 X119.8 Y100.2 E570.24306
G1 X110.772 Y100.2 E570.84361
G1 X110.772 Y101.972 E570.96148
G1 X110.64 Y102.095 E570.97348
G1 X108.285 Y102.092 E571.13014
G1 X108.188 Y102.04 E571.13746
G1 X108.128 Y101.95 E571.14465
G1 X108.124 Y100.2 E571.26106
G1 X100.2 Y100.2 E571.78817
G1 X100.201 Y119.799 E573.0919
G1 X119.8 Y119.8 E574.39563
G0 F9000 X119.4 Y119.4
;TYPE:WALL-INNER
G1 F1500 X119.4 Y111.259 E574.93717
G1 X118.058 Y111.256 E575.02644
G1 X117.758 Y111.176 E575.0471
G1 X117.615 Y111.06 E575.05935
G1 X117.464 Y110.734 E575.08324
G1 X117.462 Y108.479 E575.23325
G1 X117.572 Y108.185 E575.25413
G1 X117.835 Y107.979 E575.27635
G1 X118.06 Y107.936 E575.29159
G1 X119.4 Y107.936 E575.38073
G1 X119.4 Y100.6 E575.86872
G1 X111.172 Y100.6 E576.41605
G1 X111.172 Y101.896 E576.50226
G1 X111.095 Y102.192 E576.5226
G1 X110.979 Y102.338 E576.53501
G1 X110.644 Y102.492 E576.55953
G1 X108.267 Y102.493 E576.71765
G1 X107.981 Y102.387 E576.73794
G1 X107.771 Y102.121 E576.76049
G1 X107.728 Y101.898 E576.77559
G1 X107.725 Y100.6 E576.86194
G1 X100.6 Y100.6 E577.33589
G1 X100.601 Y119.399 E578.58641
G1 X119.4 Y119.4 E579.83692
G0 F9000 X119 Y119
G1 F1500 X119 Y111.658 E580.32531
G1 X118.057 Y111.656 E580.38804
G1 X117.755 Y111.609 E580.40837
G1 X117.558 Y111.522 E580.4227
G1 X117.319 Y111.329 E580.44313
G1 X117.166 Y111.105 E580.46118
G1 X117.06 Y110.687 E580.48987
G1 X117.064 Y108.441 E580.63927
G1 X117.114 Y108.21 E580.65499
G1 X117.248 Y107.951 E580.67439
G1 X117.47 Y107.727 E580.69537
G1 X117.685 Y107.608 E580.71171
G1 X118.06 Y107.536 E580.73712
G1 X119 Y107.536 E580.79964
G1 X119 Y101 E581.23442
G1 X111.572 Y101 E581.72853
G1 X111.572 Y101.896 E581.78814
G1 X111.528 Y102.192 E581.80804
G1 X111.443 Y102.388 E581.82225
G1 X111.209 Y102.687 E581.84751
G1 X110.892 Y102.844 E581.87104
G1 X110.66 Y102.896 E581.88686
G1 X108.226 Y102.891 E582.04877
G1 X107.999 Y102.841 E582.06423
G1 X107.75 Y102.713 E582.08285
G1 X107.519 Y102.485 E582.10444
G1 X107.4 Y102.271 E582.12073
G1 X107.328 Y101.899 E582.14594
G1 X107.326 Y101 E582.20574
G1 X101 Y101 E582.62655
G1 X101.001 Y118.999 E583.82384
G1 X119 Y119 E585.02114
G0 F9000 X113.908 Y118.92
;TYPE:FILL
G1 F3000 X118.92 Y113.908 E585.49264
G0 F9000 X118.831 Y111.498
G0 X117.234 Y111.485
G0 X117.235 Y107.712
G0 X118.828 Y107.364
G0 X118.828 Y105.636
G0 X118.612 Y105.784
G1 F3000 X113.908 Y101.08 E585.93516
G0 F9000 X111.412 Y101.08
G0 X111.399 Y102.725
G0 X107.501 Y102.725
G0 X106.091 Y101.08
G1 F3000 X101.081 Y106.09 E586.40647
G0 F9000 X101.08 Y113.909
G1 F3000 X106.09 Y118.918 E586.87774
G0 F9000 X116.766 Y113.28
G0 X117.025 Y113.28
;TYPE:SKIN
G1 F1500 X118.64 Y113.283 E586.98517
G1 X118.64 Y112.016 E587.06945
G1 X118.047 Y112.016 E587.1089
G1 X117.623 Y111.944 E587.1375
G1 X117.266 Y111.788 E587.16342
G1 X117.025 Y111.524 E587.1872
G1 X117.025 Y113.28 E587.30401
G0 F9000 X117.452 Y112.851
G1 F1351.4 X118.224 Y112.864 E587.36102
G1 F1388.9 X118.224 Y112.432 E587.39205
G1 F1385.7 X117.999 Y112.431 E587.40826
G1 F1363.6 X117.448 Y112.36 E587.44891
G1 F1333.3 X117.452 Y112.851 E587.48565
G0 F9000 X116.766 Y112.851
G0 X116.862 Y110.759
G0 X117.235 Y107.712
G0 X117.644 Y107.516
G0 X117.554 Y107.269
G1 F1500 X118.037 Y107.177 E587.51836
G1 X118.64 Y107.176 E587.55847
G1 X118.64 Y105.821 E587.64861
G1 X117.028 Y105.828 E587.75584
G1 X117.028 Y107.658 E587.87757
G1 X117.255 Y107.433 E587.89883
G1 X117.554 Y107.269 E587.92152
G0 F9000 X117.346 Y107.164
G1 F1500 X117.228 Y107.046 E587.93262
G0 F9000 X117.771 Y107.023
G1 F1500 X117.228 Y106.48 E587.9837
G0 F9000 X117.341 Y106.027
G1 F1500 X118.29 Y106.976 E588.07298
G0 F9000 X118.44 Y106.561
G1 F1500 X117.904 Y106.025 E588.1234
G0 F9000 X117.904 Y105.565
G0 X110.544 Y103.127
G0 X111.307 Y102.817
G0 X111.623 Y102.224
G0 X112.36 Y102.428
G1 F1038.1 X112.398 Y101.955 E588.16901
G1 F1113.2 X112.399 Y101.829 E588.18031
G0 F9000 X111.873 Y102.291
G1 F1500 X111.765 Y102.548 E588.19885
G1 X111.464 Y102.936 E588.23152
G1 X112.868 Y102.936 E588.32491
G1 X112.868 Y101.36 E588.42975
G1 X111.932 Y101.36 E588.49201
G1 X111.93 Y101.922 E588.52939
G1 X111.873 Y102.291 E588.55423
;MESH:NONMESH
G0 F300 X111.873 Y102.291 Z10.2
G0 F9000 X111.623 Y102.224
G0 X110.29 Y102.814
G0 X119.53 Y119.53
G0 X119.8 Y119.8
;TIME_ELAPSED:507.406005
;LAYER:25
;TYPE:WALL-OUTER
;MESH:xyzCalibration_cube.stl
G1 F1500 X119.8 Y111.088 E589.13375
G1 X118.059 Y111.084 E589.24957
G1 X117.912 Y111.02 E589.26023
G1 X117.864 Y110.927 E589.26719
G1 X117.864 Y108.237 E589.44613
G1 X117.948 Y108.136 E589.45487
G1 X118.063 Y108.1 E589.46289
G1 X119.8 Y108.096 E589.57843
G1 X119.8 Y100.2 E590.10368
G1 X110.52 Y100.2 E590.72099
G1 X110.516 Y101.942 E590.83686
G1 X110.454 Y102.042 E590.84469
G1 X110.358 Y102.097 E590.85205
G1 X108.528 Y102.095 E590.97378
G1 X108.434 Y102.061 E590.98043
G1 X108.348 Y101.956 E590.98946
G1 X108.348 Y100.2 E591.10627
G1 X100.2 Y100.2 E591.64828
G1 X100.2 Y119.8 E592.95208
G1 X119.8 Y119.8 E594.25587
G0 F9000 X119.4 Y119.4
;TYPE:WALL-INNER
G1 F1500 X119.4 Y111.487 E594.78225
G1 X118.058 Y111.484 E594.87152
G1 X117.765 Y111.407 E594.89167
G1 X117.617 Y111.29 E594.90422
G1 X117.492 Y111.079 E594.92053
G1 X117.463 Y110.948 E594.92946
G1 X117.466 Y108.245 E595.10926
G1 X117.558 Y107.976 E595.12817
G1 X117.718 Y107.809 E595.14356
G1 X117.845 Y107.741 E595.15314
G1 X118.062 Y107.7 E595.16783
G1 X119.4 Y107.697 E595.25684
G1 X119.4 Y100.6 E595.72893
G1 X110.919 Y100.6 E596.29309
G1 X110.916 Y102.03 E596.38821
G1 X110.744 Y102.318 E596.41053
G1 X110.54 Y102.453 E596.4268
G1 X110.393 Y102.497 E596.43701
G1 X108.488 Y102.493 E596.56373
G1 X108.206 Y102.39 E596.5837
G1 X107.994 Y102.128 E596.60612
G1 X107.948 Y101.896 E596.62185
G1 X107.948 Y100.6 E596.70806
G1 X100.6 Y100.6 E597.19685
G1 X100.6 Y119.4 E598.44743
G1 X119.4 Y119.4 E599.69802
G0 F9000 X119 Y119
G1 F1500 X119 Y111.886 E600.17124
G1 X118.057 Y111.884 E600.23397
G1 X117.764 Y111.84 E600.25368
G1 X117.439 Y111.669 E600.27811
G1 X117.231 Y111.444 E600.29849
G1 X117.113 Y111.208 E600.31604
G1 X117.065 Y110.991 E600.33083
G1 X117.068 Y108.208 E600.51595
G1 X117.111 Y107.996 E600.53034
G1 X117.221 Y107.76 E600.54766
G1 X117.487 Y107.482 E600.57326
G1 X117.699 Y107.368 E600.58927
G1 X118.061 Y107.3 E600.61377
G1 X119 Y107.298 E600.67623
G1 X119 Y101 E601.09518
G1 X111.318 Y101 E601.60619
G1 X111.316 Y101.899 E601.66599
G1 X111.271 Y102.194 E601.68584
G1 X111.186 Y102.39 E601.70005
G1 X111.005 Y102.622 E601.71962
G1 X110.794 Y102.775 E601.73696
G1 X110.408 Y102.892 E601.76379
G1 X108.448 Y102.891 E601.89417
G1 X108.223 Y102.843 E601.90947
G1 X107.979 Y102.719 E601.92768
G1 X107.748 Y102.497 E601.94899
G1 X107.625 Y102.282 E601.96547
G1 X107.548 Y101.896 E601.99165
G1 X107.548 Y101 E602.05125
G1 X101 Y101 E602.48683
G1 X101 Y119 E603.68419
G1 X119 Y119 E604.88156
G0 F9000 X118.9 Y113.551
G0 X118.876 Y113.551
;TYPE:FILL
G1 F3000 X113.508 Y118.92 E605.38659
G0 F9000 X106.492 Y118.92
G1 F3000 X101.08 Y113.508 E605.89572
G0 F9000 X101.08 Y106.491
G1 F3000 X105.968 Y101.603 E606.35556
G0 F9000 X105.748 Y101.603
G0 X105.82 Y101.172
G0 X107.376 Y101.172
G0 X107.722 Y102.725
G0 X111.146 Y102.725
G0 X111.49 Y101.172
G0 X113.508 Y101.08
G1 F3000 X117.974 Y105.546 E606.77569
G0 F9000 X117.974 Y105.326
G0 X118.828 Y105.397
G0 X118.828 Y107.126
G0 X117.659 Y107.276
G0 X117.576 Y107.028
;TYPE:SKIN
G1 F1500 X118.037 Y106.941 E606.8069
G1 X118.64 Y106.937 E606.84701
G1 X118.64 Y105.585 E606.93694
G1 X117.028 Y105.588 E607.04418
G1 X117.028 Y107.413 E607.16557
G1 X117.302 Y107.17 E607.18994
G1 X117.576 Y107.028 E607.21047
G0 F9000 X117.659 Y107.276
G0 X118.828 Y107.126
G0 X118.9 Y106.137
G0 X118.44 Y106.137
G1 F1500 X117.793 Y106.784 E607.27133
G0 F9000 X117.229 Y106.782
G1 F1500 X118.226 Y105.785 E607.36512
G0 F9000 X117.659 Y105.787
G1 F1500 X117.228 Y106.217 E607.40562
G0 F9000 X116.769 Y106.217
G0 X110.286 Y103.127
G0 X111.086 Y102.789
G0 X111.366 Y102.227
G0 X111.618 Y102.298
G1 F1500 X111.503 Y102.552 E607.42417
G1 X111.224 Y102.936 E607.45574
G1 X113.124 Y102.936 E607.58213
G1 X113.124 Y101.36 E607.68697
G1 X111.676 Y101.36 E607.78329
G1 X111.674 Y101.926 E607.82094
G1 X111.618 Y102.298 E607.84596
G0 F9000 X112.269 Y101.56
G1 F1500 X111.872 Y101.957 E607.88331
G0 F9000 X111.659 Y102.736
G1 F1500 X112.835 Y101.56 E607.99394
G0 F9000 X112.924 Y102.036
G1 F1500 X112.224 Y102.736 E608.05979
G0 F9000 X112.79 Y102.736
G1 F1500 X112.924 Y102.602 E608.0724
G0 F9000 X113.384 Y102.602
G0 X113.312 Y101.172
G0 X111.49 Y101.172
G0 X111.146 Y102.725
G0 X107.722 Y102.725
G0 X107.533 Y102.324
G0 X107.285 Y102.416
G1 F1500 X107.188 Y101.904 E608.10706
G1 X107.188 Y101.36 E608.14325
G1 X106.008 Y101.36 E608.22174
G1 X106.008 Y102.94 E608.32685
G1 X107.692 Y102.94 E608.43887
G1 X107.458 Y102.719 E608.46028
G1 X107.285 Y102.416 E608.48349
G0 F9000 X106.882 Y102.528
G1 F1500 X106.794 Y101.956 E608.52198
G1 F1530.6 X106.791 Y101.755 E608.53509
G1 F1507.5 X106.392 Y101.756 E608.5615
G1 F1459.9 X106.431 Y102.528 E608.61433
G1 F1456.3 X106.882 Y102.528 E608.64523
G0 F9000 X106.882 Y103.2
G0 X116.766 Y113.08
G0 X117.452 Y113.08
G1 F1354.4 X118.224 Y113.092 E608.70211
G1 F1388.9 X118.224 Y112.66 E608.73315
G1 F1382.5 X117.996 Y112.659 E608.7496
G1 F1351.4 X117.566 Y112.605 E608.7816
G1 F1321.6 X117.451 Y112.563 E608.79085
G1 X117.452 Y113.08 E608.82988
G0 F9000 X117.025 Y113.508
G1 F1500 X118.64 Y113.511 E608.93731
G1 X118.64 Y112.244 E609.02159
G1 X118.047 Y112.244 E609.06104
G1 X117.636 Y112.176 E609.08875
G1 X117.272 Y112.019 E609.11512
G1 X117.025 Y111.749 E609.13946
G1 X117.025 Y113.508 E609.25647
G0 F9000 X116.466 Y113.508
;MESH:NONMESH
G0 F300 X116.466 Y113.508 Z10.6
G0 F9000 X119.53 Y119.53
G0 X119.8 Y119.8
;TIME_ELAPSED:524.905158
;LAYER:26
;TYPE:WALL-OUTER
;MESH:xyzCalibration_cube.stl
G1 F1500 X119.8 Y111.316 E609.82083
G1 X118 Y111.312 E609.94057
G1 X117.894 Y111.225 E609.94969
G1 X117.86 Y111.132 E609.95628
G1 X117.864 Y108.041 E610.16189
G1 X117.898 Y107.947 E610.16854
G1 X118.008 Y107.86 E610.17787
G1 X119.8 Y107.856 E610.29707
G1 X119.8 Y100.2 E610.80635
G1 X110.748 Y100.2 E611.40849
G1 X110.748 Y101.951 E611.52497
G1 X110.688 Y102.04 E611.53211
G1 X110.588 Y102.093 E611.53964
G1 X108.375 Y102.095 E611.68685
G1 X108.234 Y102.015 E611.69763
G1 X108.196 Y101.896 E611.70594
G1 X108.196 Y100.2 E611.81876
G1 X100.201 Y100.201 E612.35059
G1 X100.2 Y119.8 E613.65432
G1 X119.8 Y119.8 E614.95812
G0 F9000 X119.4 Y119.4
;TYPE:WALL-INNER
G1 F1500 X119.4 Y111.715 E615.46933
G1 X118.058 Y111.712 E615.5586
G1 X117.824 Y111.664 E615.57449
G1 X117.564 Y111.45 E615.59689
G1 X117.462 Y111.171 E615.61665
G1 X117.466 Y108.004 E615.82732
G1 X117.568 Y107.721 E615.84733
G1 X117.727 Y107.563 E615.86224
G1 X118.062 Y107.46 E615.88555
G1 X119.4 Y107.457 E615.97456
G1 X119.4 Y100.6 E616.43069
G1 X111.148 Y100.6 E616.97961
G1 X111.148 Y101.896 E617.06582
G1 X111.1 Y102.133 E617.08191
G1 X110.968 Y102.326 E617.09746
G1 X110.841 Y102.42 E617.10797
G1 X110.605 Y102.494 E617.12442
G1 X108.335 Y102.493 E617.27543
G1 X108.051 Y102.388 E617.29557
G1 X107.84 Y102.123 E617.3181
G1 X107.796 Y101.896 E617.33348
G1 X107.796 Y100.6 E617.41969
G1 X100.601 Y100.601 E617.8983
G1 X100.6 Y119.4 E619.14882
G1 X119.4 Y119.4 E620.3994
G0 F9000 X119 Y119
G1 F1500 X119 Y112.114 E620.85746
G1 X118.057 Y112.112 E620.92019
G1 X117.667 Y112.032 E620.94667
G1 X117.451 Y111.906 E620.96331
G1 X117.233 Y111.676 E620.98439
G1 X117.112 Y111.433 E621.00244
G1 X117.064 Y111.21 E621.01762
G1 X117.068 Y107.967 E621.23334
G1 X117.112 Y107.753 E621.24788
G1 X117.263 Y107.443 E621.27081
G1 X117.503 Y107.232 E621.29207
G1 X117.712 Y107.123 E621.30775
G1 X118.061 Y107.06 E621.33134
G1 X119 Y107.058 E621.3938
G1 X119 Y101 E621.79678
G1 X111.548 Y101 E622.29249
G1 X111.548 Y101.896 E622.35209
G1 X111.468 Y102.29 E622.37884
G1 X111.304 Y102.57 E622.40042
G1 X111.036 Y102.77 E622.42267
G1 X110.705 Y102.892 E622.44613
G1 X108.295 Y102.891 E622.60645
G1 X108.068 Y102.841 E622.62191
G1 X107.821 Y102.715 E622.64036
G1 X107.59 Y102.489 E622.66185
G1 X107.469 Y102.274 E622.67826
G1 X107.396 Y101.896 E622.70387
G1 X107.396 Y101 E622.76347
G1 X101.001 Y101.001 E623.18887
G1 X101 Y119 E624.38617
G1 X119 Y119 E625.58354
G0 F9000 X118.249 Y113.997
G0 X118.25 Y113.777
;TYPE:FILL
G1 F3000 X113.107 Y118.92 E626.06736
G0 F9000 X106.892 Y118.92
G1 F3000 X101.08 Y113.107 E626.61416
G0 F9000 X101.081 Y106.891
G1 F3000 X105.743 Y102.229 E627.05273
G0 F9000 X105.523 Y102.229
G0 X105.595 Y101.172
G0 X107.224 Y101.172
G0 X107.569 Y102.726
G0 X111.379 Y102.725
G0 X111.72 Y101.172
G0 X113.567 Y101.172
G0 X113.419 Y101.391
G1 F3000 X117.336 Y105.308 E627.42122
G0 F9000 X117.336 Y105.088
G0 X118.828 Y105.158
G0 X118.828 Y106.886
G0 X117.674 Y107.03
G0 X117.59 Y106.779
;TYPE:SKIN
G1 F1500 X118.04 Y106.701 E627.4516
G1 X118.64 Y106.697 E627.49151
G1 X118.64 Y105.345 E627.58145
G1 X117.028 Y105.348 E627.68868
G1 X117.028 Y107.169 E627.80981
G1 X117.32 Y106.918 E627.83543
G1 X117.59 Y106.779 E627.85563
G0 F9000 X117.399 Y106.651
G1 F1500 X117.228 Y106.48 E627.87172
G0 F9000 X117.228 Y105.914
G1 F1500 X117.844 Y106.531 E627.92971
G0 F9000 X118.377 Y106.498
G1 F1500 X117.427 Y105.548 E628.01908
G0 F9000 X117.991 Y105.546
G1 F1500 X118.44 Y105.995 E628.06132
G0 F9000 X118.9 Y105.995
G0 X118.828 Y105.158
G0 X110.052 Y103.123
G0 X111.424 Y102.68
G0 X111.559 Y102.334
G0 X111.801 Y102.424
G1 F1500 X111.593 Y102.778 E628.08863
G1 X111.407 Y102.936 E628.10487
G1 X113.379 Y102.936 E628.23605
G1 X113.376 Y101.36 E628.34088
G1 X111.908 Y101.36 E628.43853
G1 X111.904 Y101.933 E628.47665
G1 X111.801 Y102.424 E628.51002
G0 F9000 X112.012 Y102.395
G1 F1500 X112.352 Y102.736 E628.54206
G0 F9000 X112.918 Y102.736
G1 F1500 X112.108 Y101.926 E628.61826
G0 F9000 X112.308 Y101.56
G1 F1500 X113.178 Y102.43 E628.7001
G0 F9000 X113.177 Y101.864
G1 F1500 X112.873 Y101.56 E628.7287
G0 F9000 X112.873 Y101.1
G0 X111.72 Y101.172
G0 X111.379 Y102.725
G0 X107.569 Y102.726
G0 X107.377 Y102.316
G0 X107.129 Y102.407
G1 F1500 X107.037 Y101.916 E628.76193
G1 X107.036 Y101.36 E628.79891
G1 X105.78 Y101.36 E628.88246
G1 X105.78 Y102.94 E628.98756
G1 X107.538 Y102.939 E629.10451
G1 X107.3 Y102.704 E629.12676
G1 X107.129 Y102.407 E629.14955
G0 F9000 X106.208 Y102.512
G1 F1312.9 X106.718 Y102.51 E629.18831
G1 X106.66 Y102.242 E629.20915
G1 F1333.3 X106.596 Y101.775 E629.24443
G1 F1376.1 X106.195 Y101.775 E629.2735
G1 F1351.4 X106.208 Y102.512 E629.32793
G0 F9000 X105.523 Y102.512
G0 X105.595 Y103.128
G0 X116.767 Y113.732
G0 X117.024 Y113.732
G1 F1500 X118.64 Y113.739 E629.43543
G1 X118.64 Y112.472 E629.51971
G1 X118.044 Y112.472 E629.55935
G1 X117.528 Y112.366 E629.5944
G1 X117.221 Y112.191 E629.6179
G1 X117.024 Y111.979 E629.63715
G1 X117.024 Y113.732 E629.75376
G0 F9000 X117.494 Y113.534
G1 F1500 X117.224 Y113.264 E629.77916
G0 F9000 X117.225 Y112.699
G1 F1500 X118.061 Y113.536 E629.85786
G0 F9000 X118.44 Y113.349
G1 F1500 X117.696 Y112.605 E629.92785
G0 F9000 X118.329 Y112.672
G1 F1500 X118.44 Y112.784 E629.93834
;MESH:NONMESH
G0 F300 X118.44 Y112.784 Z11
G0 F9000 X118.9 Y112.784
G0 X119.53 Y119.53
G0 X119.8 Y119.8
;TIME_ELAPSED:542.559092
;LAYER:27
;TYPE:WALL-OUTER
;MESH:xyzCalibration_cube.stl
G1 F1500 X119.8 Y111.54 E630.48779
G1 X118.006 Y111.536 E630.60713
G1 X117.899 Y111.451 E630.61622
G1 X117.865 Y111.357 E630.62287
G1 X117.864 Y107.772 E630.86135
G1 X118.012 Y107.62 E630.87546
G1 X119.8 Y107.62 E630.9944
G1 X119.8 Y100.2 E631.48798
G1 X111.004 Y100.2 E632.07309
G1 X111.004 Y101.953 E632.1897
G1 X110.926 Y102.056 E632.19829
G1 X110.824 Y102.096 E632.20558
G1 X108.151 Y102.095 E632.38339
G1 X108.055 Y102.059 E632.39021
G1 X107.972 Y101.953 E632.39917
G1 X107.972 Y100.2 E632.51578
G1 X100.2 Y100.2 E633.03277
G1 X100.2 Y119.8 E634.33657
G1 X119.8 Y119.8 E635.64037
G0 F9000 X119.4 Y119.4
;TYPE:WALL-INNER
G1 F1500 X119.4 Y111.939 E636.13667
G1 X118.062 Y111.936 E636.22568
G1 X117.834 Y111.891 E636.24114
G1 X117.571 Y111.679 E636.26361
G1 X117.467 Y111.397 E636.2836
G1 X117.466 Y107.764 E636.52527
G1 X117.567 Y107.482 E636.5452
G1 X117.737 Y107.316 E636.561
G1 X118.064 Y107.22 E636.58367
G1 X119.4 Y107.22 E636.67254
G1 X119.4 Y100.6 E637.11291
G1 X111.404 Y100.6 E637.6448
G1 X111.404 Y101.896 E637.73101
G1 X111.359 Y102.125 E637.74654
G1 X111.231 Y102.319 E637.762
G1 X111.102 Y102.417 E637.77278
G1 X110.862 Y102.494 E637.78954
G1 X108.11 Y102.493 E637.97261
G1 X107.822 Y102.384 E637.99309
G1 X107.613 Y102.116 E638.0157
G1 X107.572 Y101.896 E638.03058
G1 X107.572 Y100.6 E638.11679
G1 X100.6 Y100.6 E638.58057
G1 X100.6 Y119.4 E639.83115
G1 X119.4 Y119.4 E641.08174
G0 F9000 X119 Y119
G1 F1500 X119 Y112.338 E641.52489
G1 X118.061 Y112.336 E641.58736
G1 X117.681 Y112.26 E641.61313
G1 X117.466 Y112.138 E641.62958
G1 X117.243 Y111.908 E641.65089
G1 X117.118 Y111.662 E641.66924
G1 X117.069 Y111.437 E641.68456
G1 X117.068 Y107.727 E641.93135
G1 X117.113 Y107.508 E641.94622
G1 X117.262 Y107.2 E641.96898
G1 X117.519 Y106.981 E641.99145
G1 X117.726 Y106.878 E642.00683
G1 X118.064 Y106.82 E642.02964
G1 X119 Y106.82 E642.0919
G1 X119 Y101 E642.47905
G1 X111.804 Y101 E642.95773
G1 X111.804 Y101.896 E643.01733
G1 X111.729 Y102.277 E643.04316
G1 X111.608 Y102.492 E643.05957
G1 X111.41 Y102.693 E643.07834
G1 X111.194 Y102.817 E643.09491
G1 X110.901 Y102.892 E643.11503
G1 X108.069 Y102.891 E643.30341
G1 X107.839 Y102.84 E643.31908
G1 X107.589 Y102.709 E643.33786
G1 X107.356 Y102.475 E643.35983
G1 X107.241 Y102.262 E643.37593
G1 X107.172 Y101.896 E643.4007
G1 X107.172 Y101 E643.4603
G1 X101 Y101 E643.87087
G1 X101 Y119 E645.06823
G1 X119 Y119 E646.2656
G0 F9000 X117.623 Y114.223
G0 X117.624 Y114.003
;TYPE:FILL
G1 F3000 X112.707 Y118.92 E646.72816
G0 F9000 X107.292 Y118.92
G1 F3000 X101.08 Y112.707 E647.31259
G0 F9000 X101.08 Y107.291
G1 F3000 X105.518 Y102.854 E647.73005
G0 F9000 X105.298 Y102.854
G0 X105.37 Y103.129
G0 X108.467 Y103.126
G0 X111.633 Y102.725
G0 X111.976 Y101.172
G0 X113.823 Y101.172
G0 X113.895 Y102.048
G0 X113.675 Y102.048
G1 F3000 X116.992 Y105.364 E648.04204
G0 F9000 X116.771 Y105.364
G0 X116.843 Y104.919
G0 X118.828 Y104.919
G0 X118.828 Y106.648
G0 X117.689 Y106.785
G0 X117.603 Y106.535
;TYPE:SKIN
G1 F1500 X118.04 Y106.461 E648.07152
G1 X118.64 Y106.46 E648.11144
G1 X118.64 Y105.104 E648.20164
G1 X117.028 Y105.104 E648.30887
G1 X117.028 Y106.924 E648.42994
G1 X117.297 Y106.692 E648.45357
G1 X117.603 Y106.535 E648.47644
G0 F9000 X118.317 Y106.26
G1 F1500 X118.44 Y106.137 E648.48801
G0 F9000 X118.44 Y105.571
G1 F1500 X117.694 Y106.317 E648.55819
G0 F9000 X117.228 Y106.217
G1 F1500 X118.142 Y105.304 E648.64413
G0 F9000 X117.576 Y105.304
G1 F1500 X117.228 Y105.652 E648.67687
G0 F9000 X116.771 Y105.652
G0 X110.436 Y103.124
G0 X111.38 Y102.904
G0 X111.633 Y102.712
G0 X111.821 Y102.319
G0 X112.067 Y102.407
G1 F1500 X111.863 Y102.767 E648.70439
G1 X111.659 Y102.94 E648.72219
G1 X113.632 Y102.94 E648.85343
G1 X113.632 Y101.36 E648.95853
G1 X112.164 Y101.36 E649.05618
G1 X112.161 Y101.927 E649.0939
G1 X112.067 Y102.407 E649.12644
G0 F9000 X111.821 Y102.319
G0 X111.976 Y101.172
G0 X112.835 Y101.1
G0 X112.835 Y101.56
G1 F1500 X112.34 Y102.055 E649.173
G0 F9000 X112.22 Y102.74
G1 F1500 X113.401 Y101.56 E649.28406
G0 F9000 X113.432 Y102.094
G1 F1500 X112.786 Y102.74 E649.34483
G0 F9000 X113.351 Y102.74
G1 F1500 X113.432 Y102.66 E649.3524
G0 F9000 X113.895 Y102.66
G0 X113.823 Y101.172
G0 X111.976 Y101.172
G0 X111.633 Y102.725
G0 X107.344 Y102.726
G0 X107.149 Y102.303
G0 X106.901 Y102.387
G1 F1500 X106.813 Y101.919 E649.38408
G1 X106.812 Y101.36 E649.42127
G1 X105.557 Y101.361 E649.50475
G1 X105.556 Y102.94 E649.60978
G1 X107.312 Y102.94 E649.72659
G1 X107.062 Y102.69 E649.75011
G1 X106.901 Y102.387 E649.77294
G0 F9000 X106.488 Y102.512
G1 F1315.8 X106.435 Y102.244 E649.79365
G1 F1357.5 X106.398 Y101.966 E649.81427
G1 F1398.6 X106.398 Y101.772 E649.82811
G1 X105.97 Y101.774 E649.85864
G1 F1357.5 X105.984 Y102.512 E649.9129
G1 F1315.8 X106.488 Y102.512 E649.95112
G0 F9000 X106.488 Y103.201
G0 X116.767 Y113.96
G0 X117.024 Y113.96
G1 F1500 X118.64 Y113.963 E650.05862
G1 X118.64 Y112.696 E650.1429
G1 X118.05 Y112.696 E650.18214
G1 X117.55 Y112.599 E650.21602
G1 X117.248 Y112.429 E650.23908
G1 X117.025 Y112.197 E650.26048
G1 X117.024 Y113.96 E650.37776
G0 F9000 X116.767 Y113.96
G0 X118.167 Y114.224
G0 X118.168 Y113.763
G1 F1500 X118.44 Y113.491 E650.40335
G0 F9000 X118.44 Y112.926
G1 F1500 X117.604 Y113.761 E650.48195
G0 F9000 X117.224 Y113.575
G1 F1500 X117.926 Y112.874 E650.54794
G0 F9000 X117.47 Y112.764
G1 F1500 X117.224 Y113.01 E650.57108
G0 F9000 X116.467 Y113.01
;MESH:NONMESH
G0 F300 X116.467 Y113.01 Z11.4
G0 F9000 X116.839 Y114.15
G0 X118.828 Y114.154
G0 X118.828 Y112.51
G0 X117.371 Y112.268
G0 X117.165 Y109.577
G0 X118.037 Y109.578
;TIME_ELAPSED:560.651385
;LAYER:28
;TYPE:WALL-OUTER
;MESH:xyzCalibration_cube.stl
G1 F939 X119.68 Y109.576 E650.74568
G1 F2700 E641.74568
G0 F9000 X119.586 Y111.981
G0 X119.8 Y119.8
G1 F2700 E650.74568
G1 F1500 X119.8 Y111.768 E651.27997
G1 X118.007 Y111.764 E651.39924
G1 X117.868 Y111.607 E651.41319
G1 F1395.3 X117.867 Y110.723 E651.4764
G1 F1227 X117.865 Y109.839 E651.54829
G1 F1038.1 X118.037 Y109.578 E651.57834
G1 X117.865 Y109.316 E651.60846
G1 F1227 X117.865 Y108.438 E651.67986
G1 F1395.3 X117.864 Y107.56 E651.74265
G1 F1500 X117.916 Y107.444 E651.7511
G1 X118.014 Y107.38 E651.75889
G1 X119.8 Y107.38 E651.87769
G1 X119.8 Y100.2 E652.35531
G1 X111.26 Y100.2 E652.92339
G1 X111.26 Y101.95 E653.0398
G1 X111.204 Y102.036 E653.04663
G1 X111.08 Y102.096 E653.05579
G1 X107.927 Y102.095 E653.26553
G1 X107.829 Y102.058 E653.2725
G1 X107.748 Y101.951 E653.28143
G1 X107.748 Y100.2 E653.3979
G1 X100.2 Y100.2 E653.9
G1 X100.2 Y119.8 E655.2038
G1 X119.8 Y119.8 E656.50759
G0 F9000 X119.4 Y119.4
;TYPE:WALL-INNER
G1 F1500 X119.4 Y112.167 E656.98873
G1 X118.062 Y112.164 E657.07774
G1 X117.841 Y112.122 E657.0927
G1 X117.574 Y111.912 E657.1153
G1 X117.497 Y111.763 E657.12646
G1 X117.464 Y111.564 E657.13987
G1 X117.469 Y109.813 E657.25635
G1 X117.509 Y109.666 E657.26649
G1 X117.63 Y109.578 E657.27644
G1 X117.509 Y109.49 E657.28639
G1 X117.464 Y109.285 E657.30035
G1 X117.466 Y107.523 E657.41756
G1 X117.568 Y107.241 E657.43751
G1 X117.747 Y107.07 E657.45398
G1 X118.064 Y106.98 E657.4759
G1 X119.4 Y106.98 E657.56477
G1 X119.4 Y100.6 E657.98917
G1 X111.66 Y100.6 E658.50403
G1 X111.66 Y101.896 E658.59024
G1 X111.619 Y102.117 E658.6052
G1 X111.43 Y102.369 E658.62615
G1 X111.12 Y102.494 E658.64838
G1 X107.885 Y102.493 E658.86358
G1 X107.592 Y102.38 E658.88447
G1 X107.386 Y102.109 E658.90711
G1 X107.348 Y101.896 E658.9215
G1 X107.348 Y100.6 E659.00771
G1 X100.6 Y100.6 E659.45659
G1 X100.6 Y119.4 E660.70717
G1 X119.4 Y119.4 E661.95775
G0 F9000 X119 Y119
G1 F1500 X119 Y112.566 E662.38575
G1 X118.061 Y112.564 E662.44821
G1 X117.692 Y112.493 E662.4732
G1 X117.35 Y112.265 E662.50055
G1 X117.172 Y112.018 E662.5208
G1 X117.069 Y111.728 E662.54127
G1 X117.067 Y109.813 E662.66866
G1 X117.12 Y109.578 E662.68468
G1 X117.064 Y109.302 E662.70342
G1 X117.068 Y107.485 E662.82428
G1 X117.115 Y107.262 E662.83944
G1 X117.268 Y106.951 E662.8625
G1 X117.536 Y106.73 E662.88561
G1 X117.74 Y106.633 E662.90063
G1 X118.064 Y106.58 E662.92247
G1 X119 Y106.58 E662.98473
G1 X119 Y101 E663.35592
G1 X112.06 Y101 E663.81757
G1 X112.06 Y101.896 E663.87717
G1 X111.991 Y102.264 E663.90208
G1 X111.875 Y102.477 E663.91821
G1 X111.677 Y102.684 E663.93726
G1 X111.459 Y102.814 E663.95415
G1 X111.159 Y102.892 E663.97477
G1 X107.844 Y102.891 E664.19528
G1 X107.61 Y102.838 E664.21124
G1 X107.356 Y102.703 E664.23038
G1 X107.122 Y102.461 E664.25277
G1 X107.012 Y102.251 E664.26854
G1 X106.948 Y101.896 E664.29254
G1 X106.948 Y101 E664.35214
G1 X101 Y101 E664.7478
G1 X101 Y119 E665.94516
G1 X119 Y119 E667.14253
G0 F9000 X116.997 Y114.449
G0 X116.998 Y114.229
;TYPE:FILL
G1 F3000 X112.307 Y118.92 E667.58383
G0 F9000 X107.692 Y118.92
G1 F3000 X101.08 Y112.307 E668.20589
G0 F9000 X101.08 Y107.692
G1 F3000 X105.791 Y102.981 E668.64908
G0 F9000 X105.791 Y103.201
G0 X114.079 Y103.128
G0 X114.151 Y102.704
G0 X113.931 Y102.704
G1 F3000 X116.99 Y105.763 E668.93685
G0 F9000 X117.623 Y106.287
;TYPE:SKIN
G1 F1500 X118.04 Y106.221 E668.96493
G1 X118.64 Y106.22 E669.00484
G1 X118.64 Y104.865 E669.09498
G1 X117.028 Y104.868 E669.20221
G1 X117.028 Y106.681 E669.32281
G1 X117.365 Y106.411 E669.35154
G1 X117.623 Y106.287 E669.37058
G0 F9000 X117.458 Y106.144
G1 F1500 X117.228 Y105.914 E669.39221
G0 F9000 X117.228 Y105.348
G1 F1500 X117.916 Y106.037 E669.45698
G0 F9000 X118.44 Y105.995
G1 F1500 X117.512 Y105.067 E669.54428
G0 F9000 X118.076 Y105.065
G1 F1500 X118.44 Y105.43 E669.57857
G0 F9000 X118.9 Y105.43
G0 X118.828 Y104.679
G0 X110.692 Y103.124
G0 X111.776 Y102.81
G0 X112.083 Y102.304
G0 X112.327 Y102.388
G1 F1500 X112.168 Y102.687 E669.6011
G1 X111.923 Y102.94 E669.62453
G1 X113.888 Y102.94 E669.75524
G1 X113.888 Y101.36 E669.86034
G1 X112.42 Y101.36 E669.958
G1 X112.417 Y101.935 E669.99624
G1 X112.327 Y102.388 E670.02697
G0 F9000 X112.537 Y102.354
G1 F1500 X112.921 Y102.739 E670.06314
G0 F9000 X113.488 Y102.74
G1 F1500 X112.614 Y101.866 E670.14536
G0 F9000 X112.873 Y101.56
G1 F1500 X113.688 Y102.374 E670.22198
G0 F9000 X113.688 Y101.809
G1 F1500 X113.439 Y101.56 E670.24541
G0 F9000 X113.439 Y101.1
G0 X112.232 Y101.172
G0 X111.889 Y102.726
G0 X107.12 Y102.727
G0 X106.919 Y102.289
G0 X106.667 Y102.375
G1 F1500 X106.589 Y101.916 E670.27638
G1 X106.588 Y101.36 E670.31336
G1 X105.332 Y101.36 E670.39691
G1 X105.333 Y102.939 E670.50195
G1 X107.09 Y102.94 E670.61882
G1 X106.843 Y102.683 E670.64254
G1 X106.667 Y102.375 E670.66613
G0 F9000 X105.759 Y102.509
G1 F1318.7 X106.264 Y102.509 E670.70434
G1 X106.211 Y102.242 E670.72494
G1 F1339.3 X106.149 Y101.775 E670.76004
G1 F1376.1 X105.747 Y101.775 E670.78919
G1 F1357.5 X105.759 Y102.509 E670.84315
G0 F9000 X105.073 Y102.509
G0 X105.145 Y103.129
G0 X116.768 Y113.746
G0 X117.459 Y113.746
G1 F1357.5 X118.224 Y113.782 E670.89944
G1 F1376.1 X118.224 Y113.34 E670.93149
G1 F1382.5 X117.991 Y113.338 E670.94831
G1 F1357.5 X117.459 Y113.263 E670.9878
G1 F1342.3 X117.459 Y113.746 E671.0237
G0 F9000 X117.028 Y114.188
G1 F1500 X118.64 Y114.191 E671.13093
G1 X118.64 Y112.924 E671.21521
G1 X118.047 Y112.924 E671.25466
G1 X117.562 Y112.831 E671.28751
G1 X117.26 Y112.664 E671.31047
G1 X117.029 Y112.43 E671.33234
G1 X117.028 Y114.188 E671.44928
G0 F9000 X116.468 Y114.188
;MESH:NONMESH
G0 F300 X116.468 Y114.188 Z11.8
G0 F9000 X119.53 Y119.53
G0 X119.8 Y119.8
;TIME_ELAPSED:578.545415
;LAYER:29
;TYPE:WALL-OUTER
;MESH:xyzCalibration_cube.stl
G1 F1500 X119.8 Y111.996 E671.96841
G1 X118.063 Y111.992 E672.08395
G1 X117.949 Y111.957 E672.09188
G1 X117.868 Y111.836 E672.10157
G1 X117.867 Y110.08 E672.21838
G1 F1265.8 X118.04 Y109.843 E672.24151
G1 F1094.9 X119.727 Y109.846 E672.39525
G1 F1096.9 X119.727 Y109.297 E672.44519
G1 F1094.9 X118.04 Y109.297 E672.59893
G1 F1265.8 X117.901 Y109.141 E672.6154
G1 F1500 X117.864 Y109.039 E672.62262
G1 X117.864 Y107.292 E672.73883
G1 X118.016 Y107.14 E672.75313
G1 X119.8 Y107.14 E672.8718
G1 X119.8 Y100.2 E673.33345
G1 X111.516 Y100.2 E673.88451
G1 X111.516 Y101.948 E674.00079
G1 X111.461 Y102.035 E674.00763
G1 X111.359 Y102.092 E674.0154
G1 X107.676 Y102.092 E674.2604
G1 X107.574 Y102.034 E674.2682
G1 X107.52 Y101.947 E674.27502
G1 X107.52 Y100.2 E674.39123
G1 X100.2 Y100.2 E674.87815
G1 X100.2 Y119.8 E676.18195
G1 X119.8 Y119.8 E677.48575
G0 F9000 X119.4 Y119.4
;TYPE:WALL-INNER
G1 F1500 X119.4 Y112.395 E677.95172
G1 X118.062 Y112.392 E678.04073
G1 X117.848 Y112.353 E678.0552
G1 X117.578 Y112.145 E678.07787
G1 X117.467 Y111.854 E678.09859
G1 X117.468 Y110.045 E678.21892
G1 X117.575 Y109.767 E678.23874
G1 X117.921 Y109.57 E678.26522
G1 X117.575 Y109.373 E678.29171
G1 X117.465 Y109.067 E678.31334
G1 X117.466 Y107.282 E678.43208
G1 X117.572 Y106.995 E678.45243
G1 X117.758 Y106.823 E678.46928
G1 X118.064 Y106.74 E678.49037
G1 X119.4 Y106.74 E678.57924
G1 X119.4 Y100.6 E678.98768
G1 X111.916 Y100.6 E679.48552
G1 X111.916 Y101.896 E679.57173
G1 X111.878 Y102.109 E679.58612
G1 X111.694 Y102.363 E679.60698
G1 X111.377 Y102.493 E679.62977
G1 X107.656 Y102.493 E679.87729
G1 X107.359 Y102.376 E679.89853
G1 X107.155 Y102.101 E679.92131
G1 X107.12 Y101.896 E679.93514
G1 X107.12 Y100.6 E680.02135
G1 X100.6 Y100.6 E680.45506
G1 X100.6 Y119.4 E681.70564
G1 X119.4 Y119.4 E682.95622
G0 F9000 X119 Y119
G1 F1500 X119 Y112.794 E683.36905
G1 X118.061 Y112.792 E683.43151
G1 X117.704 Y112.726 E683.45566
G1 X117.493 Y112.614 E683.47155
G1 X117.255 Y112.38 E683.49375
G1 X117.121 Y112.128 E683.51274
G1 X117.069 Y111.895 E683.52862
G1 X117.07 Y109.997 E683.65488
G1 X117.121 Y109.78 E683.6697
G1 X117.231 Y109.57 E683.68547
G1 X117.121 Y109.36 E683.70124
G1 X117.07 Y109.143 E683.71607
G1 X117.068 Y107.243 E683.84246
G1 X117.117 Y107.015 E683.85797
G1 X117.277 Y106.701 E683.88142
G1 X117.554 Y106.479 E683.90503
G1 X117.754 Y106.388 E683.91965
G1 X118.064 Y106.34 E683.94051
G1 X119 Y106.34 E684.00278
G1 X119 Y101 E684.35799
G1 X112.316 Y101 E684.80262
G1 X112.316 Y101.896 E684.86222
G1 X112.252 Y102.25 E684.88615
G1 X112.037 Y102.59 E684.91291
G1 X111.782 Y102.795 E684.93467
G1 X111.418 Y102.891 E684.95971
G1 X107.614 Y102.891 E685.21276
G1 X107.377 Y102.836 E685.22894
G1 X107.119 Y102.696 E685.24847
G1 X106.884 Y102.445 E685.27134
G1 X106.779 Y102.237 E685.28684
G1 X106.72 Y101.896 E685.30986
G1 X106.72 Y101 E685.36946
G1 X101 Y101 E685.74996
G1 X101 Y119 E686.94732
G1 X119 Y119 E688.14469
G0 F9000 X116.841 Y114.603
G0 X116.769 Y113.839
G0 X116.989 Y113.839
;TYPE:FILL
G1 F3000 X111.908 Y118.92 E688.62268
G0 F9000 X108.091 Y118.92
G1 F3000 X101.08 Y111.908 E689.28228
G0 F9000 X101.08 Y108.09
G1 F3000 X106.19 Y102.981 E689.76295
G0 F9000 X106.19 Y103.201
G0 X113.809 Y103.2
G0 X113.809 Y102.98
G1 F3000 X116.991 Y106.162 E690.06229
G0 F9000 X117.64 Y106.042
;TYPE:SKIN
G1 F1500 X118.043 Y105.981 E690.0894
G1 X118.64 Y105.98 E690.12911
G1 X118.64 Y104.625 E690.21925
G1 X117.032 Y104.632 E690.32621
G1 X117.033 Y106.43 E690.44582
G1 X117.348 Y106.182 E690.47249
G1 X117.64 Y106.042 E690.49403
G0 F9000 X118.44 Y105.572
G1 F1500 X118.23 Y105.782 E690.51378
G0 F9000 X117.599 Y105.847
G1 F1500 X118.44 Y105.006 E690.5929
G0 F9000 X118.053 Y104.827
G1 F1500 X117.231 Y105.649 E690.67023
G0 F9000 X117.232 Y105.082
G1 F1500 X117.485 Y104.829 E690.69403
G0 F9000 X117.485 Y104.37
G0 X114.334 Y101.172
G0 X112.488 Y101.172
G0 X112.345 Y102.289
G0 X112.592 Y102.374
G1 F1500 X112.402 Y102.734 E690.72111
G1 X112.17 Y102.94 E690.74175
G1 X114.147 Y102.94 E690.87326
G1 X114.144 Y101.36 E690.97836
G1 X112.676 Y101.36 E691.07601
G1 X112.673 Y101.928 E691.11379
G1 X112.592 Y102.374 E691.14395
G0 F9000 X112.345 Y102.289
G0 X112.488 Y101.172
G0 X113.401 Y101.1
G0 X113.401 Y101.56
G1 F1500 X112.843 Y102.118 E691.19644
G0 F9000 X112.786 Y102.74
G1 F1500 X113.944 Y101.582 E691.30538
G0 F9000 X113.945 Y102.147
G1 F1500 X113.352 Y102.74 E691.36116
G0 F9000 X113.352 Y103.2
G0 X110.948 Y103.124
G0 X106.895 Y102.727
G0 X106.685 Y102.275
G0 X106.435 Y102.35
G1 F1500 X106.361 Y101.916 E691.39045
G1 X106.36 Y101.36 E691.42744
G1 X105.108 Y101.36 E691.51072
G1 X105.109 Y102.939 E691.61575
G1 X106.858 Y102.94 E691.7321
G1 X106.581 Y102.648 E691.75887
G1 X106.435 Y102.35 E691.78095
G0 F9000 X106.026 Y102.509
G1 F1382.5 X105.947 Y101.964 E691.82069
G1 F1401.9 X105.946 Y101.774 E691.83422
G1 X105.522 Y101.774 E691.8644
G1 F1363.6 X105.534 Y102.51 E691.91826
G1 F1345.3 X106.026 Y102.509 E691.95475
G0 F9000 X106.026 Y103.201
G0 X116.769 Y113.983
G0 X117.457 Y113.983
G1 F1345.3 X118.224 Y113.999 E692.01165
G1 F1388.9 X118.224 Y113.568 E692.04261
G1 F1382.5 X117.997 Y113.566 E692.059
G1 F1342.3 X117.728 Y113.53 E692.07917
G1 F1307.2 X117.458 Y113.479 E692.10015
G1 X117.457 Y113.983 E692.13862
G0 F9000 X117.028 Y114.412
G1 F1500 X118.64 Y114.419 E692.24585
G1 X118.64 Y113.152 E692.33013
G1 X118.05 Y113.152 E692.36938
G1 X117.578 Y113.064 E692.40132
G1 X117.21 Y112.87 E692.42899
G1 X117.028 Y112.656 E692.44768
G1 X117.028 Y114.412 E692.56449
G0 F9000 X116.469 Y114.412
;MESH:NONMESH
G0 F300 X116.469 Y114.412 Z12.2
G0 F9000 X119.53 Y119.53
G0 X119.8 Y119.8
;TIME_ELAPSED:595.591536
;LAYER:30
;TYPE:WALL-OUTER
;MESH:xyzCalibration_cube.stl
G1 F1500 X119.8 Y112.22 E693.06871
G1 X118.063 Y112.216 E693.18426
G1 X117.952 Y112.183 E693.19196
G1 X117.864 Y112.071 E693.20143
G1 X117.866 Y110.306 E693.31884
G1 X117.923 Y110.197 E693.32702
G1 X118.068 Y110.14 E693.33739
G1 X119.8 Y110.14 E693.4526
G1 X119.8 Y108.992 E693.52897
G1 X118.068 Y108.992 E693.64418
G1 X117.927 Y108.935 E693.6543
G1 X117.868 Y108.812 E693.66337
G1 X117.868 Y107.084 E693.77832
G1 X117.924 Y106.964 E693.78713
G1 X118.021 Y106.904 E693.79471
G1 X119.8 Y106.9 E693.91305
G1 X119.8 Y100.2 E694.35874
G1 X111.769 Y100.2 E694.89296
G1 X111.772 Y101.948 E695.00924
G1 X111.701 Y102.05 E695.01751
G1 X111.616 Y102.092 E695.02382
G1 X109.872 Y102.095 E695.13983
G1 X109.756 Y101.913 E695.15418
G1 F1503.8 X109.754 Y100.198 E695.26798
G1 F1511.3 X109.358 Y100.198 E695.29413
G1 F1503.8 X109.356 Y101.913 E695.40792
G1 F1500 X109.239 Y102.096 E695.42237
G1 X107.474 Y102.095 E695.53978
G1 X107.326 Y102.003 E695.55137
G1 X107.296 Y101.896 E695.55876
G1 X107.296 Y100.2 E695.67158
G1 X100.201 Y100.201 E696.14354
G1 X100.2 Y119.8 E697.44727
G1 X119.8 Y119.8 E698.75107
G0 F9000 X119.4 Y119.4
;TYPE:WALL-INNER
G1 F1500 X119.4 Y112.619 E699.20215
G1 X118.062 Y112.616 E699.29115
G1 X117.855 Y112.579 E699.30514
G1 X117.582 Y112.375 E699.32781
G1 X117.467 Y112.079 E699.34893
G1 X117.468 Y110.262 E699.4698
G1 X117.529 Y110.066 E699.48345
G1 X117.643 Y109.911 E699.49625
G1 F1550.4 X118.068 Y109.753 E699.52543
G1 F1604.3 X119.413 Y109.753 E699.60909
G1 X119.413 Y109.379 E699.63235
G1 X118.068 Y109.379 E699.716
G1 F1550.4 X117.645 Y109.219 E699.74511
G1 F1500 X117.532 Y109.063 E699.75792
G1 X117.47 Y108.852 E699.77255
G1 X117.47 Y107.045 E699.89275
G1 X117.58 Y106.753 E699.91351
G1 X117.773 Y106.581 E699.93071
G1 X118.066 Y106.504 E699.95086
G1 X119.4 Y106.501 E700.0396
G1 X119.4 Y100.6 E700.43213
G1 X112.17 Y100.6 E700.91308
G1 X112.172 Y101.894 E700.99915
G1 X112.137 Y102.1 E701.01305
G1 X112.006 Y102.311 E701.02957
G1 X111.889 Y102.406 E701.0396
G1 X111.668 Y102.496 E701.05547
G1 X109.888 Y102.493 E701.17388
G1 X109.661 Y102.419 E701.18976
G1 X109.556 Y102.256 E701.20266
G1 X109.451 Y102.419 E701.21556
G1 X109.185 Y102.496 E701.23398
G1 X107.431 Y102.493 E701.35065
G1 X107.129 Y102.372 E701.3723
G1 X106.988 Y102.216 E701.38628
G1 X106.896 Y101.896 E701.40843
G1 X106.896 Y100.6 E701.49464
G1 X100.601 Y100.601 E701.91339
G1 X100.6 Y119.4 E703.1639
G1 X119.4 Y119.4 E704.41448
G0 F9000 X119 Y119
G1 F1500 X119 Y113.018 E704.81241
G1 X118.061 Y113.016 E704.87487
G1 X117.716 Y112.954 E704.89819
G1 X117.508 Y112.848 E704.91372
G1 X117.261 Y112.613 E704.9364
G1 X117.123 Y112.357 E704.95574
G1 X117.069 Y112.121 E704.97185
G1 X117.064 Y110.235 E705.0973
G1 X117.173 Y109.884 E705.12175
G1 X117.363 Y109.626 E705.14307
G1 X117.515 Y109.564 E705.15399
G1 X117.364 Y109.503 E705.16482
G1 X117.175 Y109.243 E705.1862
G1 X117.068 Y108.917 E705.20903
G1 X117.072 Y107.005 E705.33621
G1 X117.124 Y106.773 E705.35203
G1 X117.291 Y106.452 E705.3761
G1 X117.576 Y106.233 E705.40001
G1 X117.771 Y106.148 E705.41416
G1 X118.065 Y106.104 E705.43393
G1 X119 Y106.102 E705.49613
G1 X119 Y101 E705.83551
G1 X112.571 Y101 E706.26317
G1 X112.572 Y101.893 E706.32258
G1 X112.514 Y102.235 E706.34565
G1 X112.319 Y102.562 E706.37098
G1 X112.101 Y102.745 E706.38991
G1 X111.885 Y102.847 E706.4058
G1 X111.677 Y102.891 E706.41994
G1 X109.862 Y102.892 E706.54068
G1 X109.556 Y102.806 E706.56182
G1 X109.204 Y102.895 E706.58597
G1 X107.389 Y102.891 E706.70671
G1 X107.147 Y102.834 E706.72325
G1 X106.885 Y102.689 E706.74317
G1 X106.649 Y102.43 E706.76647
G1 X106.551 Y102.224 E706.78165
G1 X106.496 Y101.896 E706.80377
G1 X106.496 Y101 E706.86337
G1 X101.001 Y101.001 E707.2289
G1 X101 Y119 E708.4262
G1 X119 Y119 E709.62357
G0 F9000 X116.841 Y114.83
G0 X116.769 Y113.44
G0 X116.987 Y113.44
;TYPE:FILL
G1 F3000 X111.508 Y118.92 E710.13904
G0 F9000 X108.491 Y118.92
G1 F3000 X101.08 Y111.508 E710.83627
G0 F9000 X101.081 Y108.49
G1 F3000 X106.589 Y102.982 E711.35443
G0 F9000 X106.589 Y103.202
G0 X113.409 Y103.201
G0 X113.409 Y102.981
G1 F3000 X116.992 Y106.563 E711.69145
G0 F9000 X117.093 Y106.617
G0 X117.734 Y106.054
G0 X117.696 Y105.793
;TYPE:SKIN
G1 F1500 X118.043 Y105.745 E711.71475
G1 X118.64 Y105.741 E711.75447
G1 X118.64 Y104.389 E711.8444
G1 X117.032 Y104.392 E711.95137
G1 X117.032 Y106.206 E712.07203
G1 X117.415 Y105.908 E712.10432
G1 X117.696 Y105.793 E712.12451
G0 F9000 X117.528 Y105.649
G1 F1500 X117.233 Y105.353 E712.15231
G0 F9000 X117.233 Y104.788
G1 F1500 X117.994 Y105.549 E712.2239
G0 F9000 X118.44 Y105.429
G1 F1500 X117.602 Y104.591 E712.30274
G0 F9000 X118.166 Y104.59
G1 F1500 X118.44 Y104.863 E712.32846
G0 F9000 X118.9 Y104.863
G0 X118.828 Y104.201
G0 X114.59 Y101.172
G0 X112.743 Y101.172
G0 X112.607 Y102.272
G0 X112.857 Y102.346
G1 F1500 X112.672 Y102.721 E712.35628
G1 X112.429 Y102.94 E712.37804
G1 X114.4 Y102.94 E712.50915
G1 X114.4 Y101.36 E712.61425
G1 X112.93 Y101.36 E712.71204
G1 X112.93 Y101.927 E712.74976
G1 X112.857 Y102.346 E712.77805
G0 F9000 X113.064 Y102.316
G1 F1500 X113.489 Y102.74 E712.81798
G0 F9000 X114.054 Y102.74
G1 F1500 X113.128 Y101.814 E712.90509
G0 F9000 X113.439 Y101.56
G1 F1500 X114.2 Y102.32 E712.97664
G0 F9000 X114.2 Y101.755
G1 F1500 X114.005 Y101.56 E712.99498
G0 F9000 X114.005 Y101.1
G0 X112.743 Y101.172
G0 X112.4 Y102.726
G0 X106.67 Y102.727
G0 X106.457 Y102.26
G0 X106.203 Y102.339
G1 F1500 X106.137 Y101.919 E713.02326
G1 X106.136 Y101.36 E713.06045
G1 X104.881 Y101.361 E713.14393
G1 X104.881 Y102.939 E713.2489
G1 X106.631 Y102.94 E713.36531
G1 X106.363 Y102.642 E713.39197
G1 X106.203 Y102.339 E713.41476
G0 F9000 X105.797 Y102.513
G1 F1369.9 X105.696 Y101.773 E713.46916
G1 F1388.9 X105.295 Y101.774 E713.49797
G1 F1360.5 X105.307 Y102.51 E713.55196
G1 F1345.3 X105.797 Y102.513 E713.5883
G0 F9000 X105.797 Y103.202
G0 X116.769 Y114.198
G0 X117.459 Y114.198
G1 F1357.5 X118.224 Y114.234 E713.6446
G1 F1376.1 X118.224 Y113.792 E713.67664
G1 F1382.5 X117.995 Y113.79 E713.69317
G1 F1339.3 X117.732 Y113.753 E713.71296
G1 F1304.3 X117.458 Y113.698 E713.73434
G1 F1324.5 X117.459 Y114.198 E713.77201
G0 F9000 X117.029 Y114.64
G1 F1500 X118.64 Y114.643 E713.87917
G1 X118.64 Y113.376 E713.96345
G1 X118.05 Y113.376 E714.0027
G1 X117.596 Y113.292 E714.03341
G1 X117.299 Y113.146 E714.05543
G1 X117.028 Y112.884 E714.0805
G1 X117.029 Y114.64 E714.19731
G0 F9000 X116.469 Y114.64
;MESH:NONMESH
G0 F300 X116.469 Y114.64 Z12.6
G0 F9000 X119.53 Y119.53
G0 X119.8 Y119.8
;TIME_ELAPSED:613.123022
;LAYER:31
;TYPE:WALL-OUTER
;MESH:xyzCalibration_cube.stl
G1 F1500 X119.8 Y112.448 E714.68637
G1 X118.063 Y112.444 E714.80191
G1 X117.955 Y112.413 E714.80939
G1 X117.868 Y112.289 E714.81946
G1 X117.868 Y110.516 E714.9374
G1 X117.943 Y110.4 E714.94659
G1 X118.066 Y110.36 E714.9552
G1 X119.8 Y110.363 E715.07054
G1 X119.8 Y108.756 E715.17744
G1 X118.068 Y108.756 E715.29265
G1 X117.946 Y108.716 E715.30119
G1 X117.87 Y108.589 E715.31104
G1 X117.869 Y106.812 E715.42925
G1 X118.022 Y106.664 E715.44341
G1 X119.8 Y106.66 E715.56168
G1 X119.8 Y100.2 E715.9914
G1 X112.025 Y100.2 E716.50859
G1 X112.028 Y101.944 E716.62461
G1 X111.937 Y102.065 E716.63468
G1 X111.85 Y102.095 E716.6408
G1 X110.19 Y102.1 E716.75122
G1 X110.073 Y102.049 E716.75971
G1 X110.008 Y101.918 E716.76944
G1 X110.004 Y100.2 E716.88372
G1 X109.132 Y100.2 E716.94173
G1 X109.132 Y101.918 E717.05601
G1 X109.067 Y102.049 E717.06574
G1 X108.977 Y102.096 E717.07249
G1 X107.25 Y102.099 E717.18737
G1 X107.147 Y102.057 E717.19477
G1 X107.072 Y101.9 E717.20635
G1 X107.072 Y100.2 E717.31943
G1 X100.2 Y100.2 E717.77656
G1 X100.2 Y119.8 E719.08036
G1 X119.8 Y119.8 E720.38415
G0 F9000 X119.4 Y119.4
;TYPE:WALL-INNER
G1 F1500 X119.4 Y112.847 E720.82006
G1 X118.062 Y112.844 E720.90906
G1 X117.863 Y112.81 E720.92249
G1 X117.654 Y112.683 E720.93876
G1 X117.536 Y112.53 E720.95162
G1 X117.467 Y112.308 E720.96708
G1 X117.466 Y110.5 E721.08735
G1 X117.564 Y110.228 E721.10658
G1 X117.702 Y110.08 E721.12004
G1 X118.067 Y109.96 E721.1456
G1 X119.4 Y109.962 E721.23427
G1 X119.4 Y109.156 E721.28789
G1 X118.068 Y109.156 E721.37649
G1 X117.704 Y109.034 E721.40203
G1 X117.566 Y108.886 E721.41549
G1 X117.473 Y108.634 E721.43336
G1 X117.471 Y106.762 E721.55788
G1 X117.537 Y106.583 E721.57057
G1 X117.645 Y106.438 E721.5826
G1 X117.937 Y106.264 E721.60521
G1 X119.4 Y106.261 E721.70253
G1 X119.4 Y100.6 E722.0791
G1 X112.426 Y100.6 E722.54302
G1 X112.428 Y101.894 E722.62909
G1 X112.396 Y102.09 E722.6423
G1 X112.264 Y102.31 E722.65937
G1 X112.085 Y102.439 E722.67405
G1 X111.894 Y102.493 E722.68725
G1 X110.185 Y102.5 E722.80093
G1 X109.96 Y102.447 E722.81631
G1 X109.805 Y102.345 E722.82865
G1 F1363.6 X109.57 Y101.955 E722.86197
G1 X109.335 Y102.345 E722.89529
G1 F1500 X109.18 Y102.447 E722.90763
G1 X108.964 Y102.5 E722.92243
G1 X107.206 Y102.497 E723.03937
G1 X106.899 Y102.371 E723.06144
G1 X106.757 Y102.209 E723.07577
G1 X106.672 Y101.9 E723.09709
G1 X106.672 Y100.6 E723.18357
G1 X100.6 Y100.6 E723.58748
G1 X100.6 Y119.4 E724.83806
G1 X119.4 Y119.4 E726.08864
G0 F9000 X119 Y119
G1 F1500 X119 Y113.246 E726.4714
G1 X118.061 Y113.244 E726.53386
G1 X117.729 Y113.187 E726.55627
G1 X117.523 Y113.086 E726.57153
G1 X117.268 Y112.851 E726.5946
G1 X117.125 Y112.59 E726.6144
G1 X117.069 Y112.35 E726.63079
G1 X117.065 Y110.5 E726.75385
G1 X117.097 Y110.302 E726.76719
G1 X117.23 Y110.006 E726.78878
G1 X117.462 Y109.76 E726.81127
G1 F1492.5 X118.068 Y109.558 E726.85398
G1 X117.462 Y109.353 E726.89675
G1 F1500 X117.232 Y109.106 E726.9192
G1 X117.117 Y108.868 E726.93678
G1 X117.068 Y108.649 E726.95171
G1 X117.073 Y106.763 E727.07717
G1 X117.126 Y106.525 E727.09339
G1 X117.3 Y106.2 E727.11791
G1 X117.597 Y105.981 E727.14246
G1 X117.787 Y105.903 E727.15612
G1 X118.065 Y105.864 E727.17479
G1 X119 Y105.862 E727.23699
G1 X119 Y101 E727.56041
G1 X112.827 Y101 E727.97104
G1 X112.828 Y101.893 E728.03044
G1 X112.775 Y102.22 E728.05248
G1 X112.554 Y102.585 E728.08086
G1 X112.369 Y102.738 E728.09683
G1 X112.149 Y102.844 E728.11308
G1 X111.937 Y102.891 E728.12752
G1 X110.08 Y102.9 E728.25105
G1 X109.796 Y102.812 E728.27083
G1 X109.57 Y102.663 E728.28883
G1 X109.344 Y102.812 E728.30684
G1 X109.008 Y102.898 E728.32991
G1 X107.163 Y102.895 E728.45264
G1 X106.917 Y102.835 E728.46949
G1 X106.651 Y102.684 E728.48983
G1 X106.414 Y102.415 E728.51368
G1 X106.322 Y102.214 E728.52839
G1 X106.272 Y101.9 E728.54954
G1 X106.272 Y101 E728.6094
G1 X101 Y101 E728.9601
G1 X101 Y119 E730.15746
G1 X119 Y119 E731.35483
G0 F9000 X118.822 Y113.084
G0 X117.238 Y113.07
G0 X117.239 Y109.733
G0 X118.997 Y109.559
G1 F1481.5 X118.068 Y109.558 E731.4174
G0 F9000 X117.241 Y109.386
G0 X109.57 Y102.8
G0 X109.57 Y101.955
G1 F1257.9 X109.569 Y100.637 E731.52195
G0 F9000 X109.361 Y102.328
G0 X106.998 Y102.955
G0 X106.992 Y102.979
;TYPE:FILL
G1 F3000 X101.08 Y108.891 E732.07811
G0 F9000 X101.08 Y111.108
G1 F3000 X108.892 Y118.92 E732.81302
G0 F9000 X111.108 Y118.92
G1 F3000 X116.989 Y113.038 E733.36632
G0 F9000 X116.77 Y113.038
G0 X116.991 Y106.963
G1 F3000 X113.009 Y102.981 E733.74092
G0 F9000 X113.118 Y102.333
;TYPE:SKIN
G1 F1500 X112.993 Y102.592 E733.76005
G1 X112.795 Y102.852 E733.78179
G1 X112.685 Y102.94 E733.79116
G1 X114.656 Y102.94 E733.92227
G1 X114.656 Y101.36 E734.02737
G1 X113.186 Y101.36 E734.12516
G1 X113.186 Y101.921 E734.16247
G1 X113.118 Y102.333 E734.19025
G0 F9000 X112.869 Y102.255
G0 X112.999 Y101.172
G0 X113.967 Y101.1
G0 X113.967 Y101.56
G1 F1500 X113.346 Y102.18 E734.24862
G0 F9000 X113.351 Y102.74
G1 F1500 X114.456 Y101.636 E734.35253
G0 F9000 X114.456 Y102.202
G1 F1500 X113.917 Y102.74 E734.40319
G0 F9000 X113.917 Y103.201
G0 X116.845 Y106.894
G0 X117.249 Y106.041
G0 X117.757 Y105.807
G0 X117.686 Y105.553
G1 F1500 X118.045 Y105.505 E734.42728
G1 X118.64 Y105.501 E734.46686
G1 X118.639 Y104.149 E734.5568
G1 X117.032 Y104.152 E734.66369
G1 X117.032 Y105.997 E734.78642
G1 X117.125 Y105.883 E734.79621
G1 X117.401 Y105.678 E734.81908
G1 X117.686 Y105.553 E734.83978
G0 F9000 X118.439 Y105.007
G1 F1500 X118.141 Y105.305 E734.86782
G0 F9000 X117.434 Y105.446
G1 F1500 X118.438 Y104.443 E734.96222
G0 F9000 X117.965 Y104.35
G1 F1500 X117.233 Y105.082 E735.03108
G0 F9000 X117.233 Y104.516
G1 F1500 X117.398 Y104.351 E735.0466
G0 F9000 X117.398 Y103.892
G0 X116.845 Y103.965
G0 X116.77 Y114.439
G0 X117.457 Y114.439
G1 F1345.3 X118.224 Y114.452 E735.1035
G1 F1388.9 X118.224 Y114.02 E735.13454
G1 F1382.5 X117.995 Y114.019 E735.15106
G1 F1360.5 X117.457 Y113.939 E735.19095
G1 F1324.5 X117.457 Y114.439 E735.22862
G0 F9000 X117.028 Y114.868
G1 F1500 X118.64 Y114.871 E735.33585
G1 X118.64 Y113.604 E735.42013
G1 X118.047 Y113.604 E735.45958
G1 X117.612 Y113.528 E735.48896
G1 X117.322 Y113.384 E735.51049
G1 X117.029 Y113.118 E735.53682
G1 X117.028 Y114.868 E735.65323
G0 F9000 X116.77 Y114.868
G0 X107.3 Y103.072
G0 X106.445 Y102.728
G0 X106.227 Y102.248
G0 X105.974 Y102.296
G1 F1500 X105.913 Y101.916 E735.67883
G1 X105.912 Y101.36 E735.71581
G1 X104.656 Y101.36 E735.79936
G1 X104.656 Y102.94 E735.90447
G1 X106.397 Y102.94 E736.02028
G1 X106.105 Y102.606 E736.04979
G1 X105.974 Y102.296 E736.07218
G0 F9000 X105.571 Y102.51
G1 F1348.3 X105.473 Y101.775 E736.12705
G1 F1376.1 X105.072 Y101.776 E736.15613
G1 F1357.5 X105.083 Y102.512 E736.21023
G1 F1330.4 X105.571 Y102.51 E736.24683
G0 F9000 X105.571 Y103.502
;MESH:NONMESH
G0 F300 X105.571 Y103.502 Z13
G0 F9000 X119.53 Y119.53
G0 X119.8 Y119.8
;TIME_ELAPSED:631.850588
;LAYER:32
;TYPE:WALL-OUTER
;MESH:xyzCalibration_cube.stl
G1 F1500 X119.8 Y112.672 E736.72099
G1 X118.016 Y112.672 E736.83966
G1 X117.929 Y112.621 E736.84637
G1 X117.865 Y112.494 E736.85583
G1 X117.874 Y110.731 E736.97311
G1 X117.963 Y110.613 E736.98294
G1 X118.05 Y110.584 E736.98904
G1 X119.8 Y110.584 E737.10545
G1 X119.8 Y108.524 E737.24248
G1 X118.05 Y108.524 E737.35889
G1 X117.912 Y108.451 E737.36928
G1 X117.87 Y108.357 E737.37612
G1 X117.87 Y106.592 E737.49353
G1 X118.002 Y106.424 E737.50775
G1 X119.8 Y106.424 E737.62735
G1 X119.8 Y100.2 E738.04137
G1 X112.281 Y100.2 E738.54154
G1 X112.284 Y101.943 E738.65748
G1 X112.229 Y102.035 E738.66461
G1 X112.131 Y102.091 E738.67212
G1 X110.411 Y102.095 E738.78654
G1 X110.304 Y102.026 E738.795
G1 X110.26 Y101.918 E738.80276
G1 X110.256 Y100.2 E738.91704
G1 X108.908 Y100.2 E739.00671
G1 X108.904 Y101.918 E739.121
G1 X108.86 Y102.026 E739.12875
G1 X108.753 Y102.095 E739.13722
G1 X107.021 Y102.099 E739.25244
G1 X106.9 Y102.035 E739.26154
G1 X106.848 Y101.944 E739.26851
G1 X106.848 Y100.2 E739.38452
G1 X100.2 Y100.2 E739.82675
G1 X100.201 Y119.799 E741.13048
G1 X119.8 Y119.8 E742.43421
G0 F9000 X119.4 Y119.4
;TYPE:WALL-INNER
G1 F1500 X119.4 Y113.072 E742.85515
G1 X118.064 Y113.072 E742.94402
G1 X117.749 Y112.984 E742.96578
G1 X117.59 Y112.841 E742.98001
G1 X117.467 Y112.536 E743.00188
G1 X117.468 Y110.665 E743.12634
G1 X117.602 Y110.405 E743.1458
G1 X117.754 Y110.272 E743.15923
G1 X118.016 Y110.186 E743.17758
G1 X119.4 Y110.184 E743.26964
G1 X119.4 Y108.924 E743.35346
G1 X118.016 Y108.922 E743.44552
G1 X117.754 Y108.836 E743.46386
G1 X117.602 Y108.703 E743.4773
G1 X117.468 Y108.443 E743.49676
G1 X117.468 Y106.554 E743.62241
G1 X117.566 Y106.294 E743.6409
G1 X117.799 Y106.087 E743.66163
G1 X118.068 Y106.024 E743.68001
G1 X119.4 Y106.024 E743.76861
G1 X119.4 Y100.6 E744.12942
G1 X112.682 Y100.6 E744.5763
G1 X112.684 Y102.034 E744.67169
G1 X112.518 Y102.311 E744.69317
G1 X112.314 Y102.451 E744.70963
G1 X112.152 Y102.493 E744.72076
G1 X110.355 Y102.5 E744.8403
G1 X110.142 Y102.41 E744.85568
G1 X109.992 Y102.276 E744.86906
G1 F1363.6 X109.822 Y101.956 E744.89558
G1 F1255.2 X109.819 Y100.638 E745.00035
G1 F1260.5 X109.345 Y100.638 E745.03787
G1 F1255.2 X109.342 Y101.956 E745.14264
G1 F1363.6 X109.172 Y102.276 E745.16915
G1 F1500 X109.022 Y102.41 E745.18253
G1 X108.752 Y102.499 E745.20144
G1 X106.969 Y102.495 E745.32005
G1 X106.791 Y102.443 E745.33239
G1 X106.604 Y102.305 E745.34785
G1 X106.448 Y102.033 E745.3687
G1 X106.448 Y100.6 E745.46403
G1 X100.6 Y100.6 E745.85304
G1 X100.601 Y119.399 E747.10355
G1 X119.4 Y119.4 E748.35407
G0 F9000 X119 Y119
G1 F1500 X119 Y113.472 E748.72179
G1 X118.064 Y113.472 E748.78405
G1 X117.743 Y113.42 E748.80569
G1 X117.392 Y113.214 E748.83276
G1 X117.146 Y112.904 E748.85908
G1 X117.069 Y112.578 E748.88137
G1 X117.069 Y110.733 E749.0041
G1 X117.102 Y110.522 E749.0183
G1 X117.292 Y110.152 E749.04597
G1 X117.544 Y109.931 E749.06827
G1 F1435.4 X117.979 Y109.771 E749.10049
G1 F1388.9 X118.985 Y109.769 E749.17276
G1 F1395.3 X118.985 Y109.339 E749.20351
G1 F1388.9 X117.979 Y109.337 E749.27578
G1 F1435.4 X117.544 Y109.177 E749.308
G1 F1500 X117.292 Y108.956 E749.3303
G1 X117.102 Y108.586 E749.35796
G1 X117.068 Y108.324 E749.37554
G1 X117.068 Y106.511 E749.49614
G1 X117.232 Y106.074 E749.52719
G1 X117.375 Y105.903 E749.54202
G1 X117.62 Y105.729 E749.56201
G1 X118.068 Y105.624 E749.59261
G1 X119 Y105.624 E749.65461
G1 X119 Y101 E749.9622
G1 X113.083 Y101 E750.3558
G1 X113.084 Y101.893 E750.4152
G1 X113.036 Y102.204 E750.43614
G1 X112.807 Y102.587 E750.46582
G1 X112.468 Y102.82 E750.49318
G1 X112.197 Y102.89 E750.5118
G1 X110.343 Y102.899 E750.63513
G1 X109.988 Y102.799 E750.65967
G1 X109.68 Y102.527 E750.687
G1 X109.582 Y102.281 E750.70462
G1 X109.484 Y102.527 E750.72223
G1 X109.233 Y102.749 E750.74452
G1 X108.946 Y102.871 E750.76526
G1 X108.741 Y102.9 E750.77904
G1 X106.955 Y102.9 E750.89784
G1 X106.619 Y102.804 E750.92109
G1 X106.309 Y102.575 E750.94673
G1 X106.093 Y102.2 E750.97551
G1 X106.048 Y101.9 E750.99569
G1 X106.048 Y101 E751.05556
G1 X101 Y101 E751.39135
G1 X101.001 Y118.999 E752.58865
G1 X119 Y119 E753.78595
G0 F9000 X118.828 Y113.644
G0 X117.457 Y113.462
G0 X117.231 Y113.28
G0 X116.989 Y112.638
;TYPE:FILL
G1 F3000 X110.707 Y118.92 E754.37692
G0 F9000 X109.29 Y118.918
G1 F3000 X101.08 Y110.708 E755.14927
G0 F9000 X101.081 Y109.29
G1 F3000 X107.392 Y102.979 E755.74297
G0 F9000 X112.559 Y102.884
G0 X112.608 Y102.98
G1 F3000 X116.989 Y107.361 E756.15511
G0 F9000 X117.241 Y105.799
G0 X117.571 Y105.641
G0 X117.463 Y105.398
;TYPE:SKIN
G1 F1500 X118.037 Y105.266 E756.19429
G1 X118.64 Y105.264 E756.2344
G1 X118.64 Y103.908 E756.3246
G1 X117.033 Y103.909 E756.4315
G1 X117.032 Y105.749 E756.5539
G1 X117.144 Y105.624 E756.56506
G1 X117.463 Y105.398 E756.59107
G0 F9000 X117.605 Y105.16
G1 F1500 X117.233 Y104.788 E756.62606
G0 F9000 X117.233 Y104.222
G1 F1500 X118.078 Y105.068 E756.7056
G0 F9000 X118.44 Y104.863
G1 F1500 X117.685 Y104.109 E756.77658
G0 F9000 X118.251 Y104.109
G1 F1500 X118.44 Y104.298 E756.79436
G0 F9000 X118.9 Y104.298
G0 X118.828 Y103.723
G0 X115.102 Y101.172
G0 X113.255 Y101.172
G0 X113.132 Y102.237
G0 X113.382 Y102.316
G1 F1500 X113.271 Y102.559 E756.81213
G1 X113.079 Y102.818 E756.83358
G1 X112.942 Y102.94 E756.84578
G1 X114.912 Y102.94 E756.97682
G1 X114.912 Y101.36 E757.08193
G1 X113.442 Y101.36 E757.17971
G1 X113.442 Y101.919 E757.2169
G1 X113.382 Y102.316 E757.2436
G0 F9000 X113.59 Y102.276
G1 F1500 X114.053 Y102.74 E757.28721
G0 F9000 X114.619 Y102.74
G1 F1500 X113.641 Y101.762 E757.37921
G0 F9000 X114.005 Y101.56
G1 F1500 X114.712 Y102.267 E757.44572
G0 F9000 X114.712 Y101.701
G1 F1500 X114.571 Y101.56 E757.45899
G0 F9000 X114.571 Y101.1
G0 X113.255 Y101.172
G0 X112.912 Y102.727
G0 X106.22 Y102.728
G0 X105.998 Y102.232
G0 X105.756 Y102.325
G1 F1500 X105.689 Y101.919 E757.48636
G1 X105.688 Y101.36 E757.52354
G1 X104.433 Y101.361 E757.60703
G1 X104.433 Y102.939 E757.712
G1 X106.204 Y102.94 E757.8298
G1 X106.021 Y102.793 E757.84542
G1 X105.861 Y102.561 E757.86416
G1 X105.756 Y102.325 E757.88135
G0 F9000 X105.373 Y102.512
G1 F1327.4 X105.328 Y102.391 E757.89105
G1 F1345.3 X105.249 Y101.772 E757.93734
G1 F1382.5 X104.846 Y101.774 E757.96642
G1 F1363.6 X104.858 Y102.511 E758.02036
G1 F1327.4 X105.373 Y102.512 E758.05907
G0 F9000 X106.001 Y102.237
G0 X106.22 Y102.728
G0 X107.076 Y103.072
G0 X116.77 Y114.664
G0 X117.456 Y114.664
G1 F1351.4 X118.224 Y114.679 E758.11579
G1 F1388.9 X118.224 Y114.248 E758.14675
G1 F1385.7 X117.995 Y114.246 E758.16324
G1 F1363.6 X117.456 Y114.167 E758.2031
G1 F1330.4 X117.456 Y114.664 E758.24038
G0 F9000 X117.028 Y115.092
G1 F1500 X118.64 Y115.099 E758.34761
G1 X118.64 Y113.832 E758.43189
G1 X118.03 Y113.83 E758.47247
G1 X117.658 Y113.766 E758.49758
G1 X117.346 Y113.631 E758.52019
G1 X117.029 Y113.345 E758.54859
G1 X117.028 Y115.092 E758.6648
G0 F9000 X116.47 Y115.092
;MESH:NONMESH
G0 F300 X116.47 Y115.092 Z13.4
G0 F9000 X119.53 Y119.53
G0 X119.8 Y119.8
;TIME_ELAPSED:649.793821
;LAYER:33
;TYPE:WALL-OUTER
;MESH:xyzCalibration_cube.stl
G1 F1500 X119.8 Y112.9 E759.12379
G1 X118.018 Y112.896 E759.24233
G1 X117.932 Y112.847 E759.24892
G1 X117.869 Y112.742 E759.25706
G1 X117.869 Y110.981 E759.3742
G1 X117.9 Y110.899 E759.38004
G1 X118.05 Y110.808 E759.39171
G1 X119.8 Y110.808 E759.50812
G1 X119.8 Y108.288 E759.67575
G1 X118.05 Y108.288 E759.79216
G1 X117.924 Y108.228 E759.80144
G1 X117.87 Y108.122 E759.80935
G1 X117.87 Y106.351 E759.92716
G1 X118.004 Y106.184 E759.94141
G1 X119.8 Y106.184 E760.06088
G1 X119.8 Y100.2 E760.45893
G1 X112.537 Y100.2 E760.94207
G1 X112.54 Y101.938 E761.05768
G1 X112.388 Y102.091 E761.07203
G1 X110.672 Y102.1 E761.18618
G1 X110.542 Y102.007 E761.19681
G1 X110.512 Y101.918 E761.20306
G1 X110.508 Y100.2 E761.31734
G1 X108.68 Y100.2 E761.43894
G1 X108.68 Y101.918 E761.55322
G1 X108.65 Y102.007 E761.55947
G1 X108.525 Y102.096 E761.56968
G1 X106.793 Y102.099 E761.68489
G1 X106.669 Y102.033 E761.69423
G1 X106.62 Y101.942 E761.70111
G1 X106.623 Y100.2 E761.81699
G1 X100.2 Y100.2 E762.24425
G1 X100.2 Y119.8 E763.54804
G1 X119.8 Y119.8 E764.85184
G0 F9000 X119.4 Y119.4
;TYPE:WALL-INNER
G1 F1500 X119.4 Y113.299 E765.25768
G1 X117.928 Y113.296 E765.3556
G1 X117.668 Y113.148 E765.3755
G1 X117.54 Y112.991 E765.38898
G1 X117.467 Y112.761 E765.40503
G1 X117.469 Y110.959 E765.5249
G1 X117.508 Y110.79 E765.53643
G1 X117.637 Y110.589 E765.55232
G1 X117.793 Y110.474 E765.56521
G1 X118.016 Y110.41 E765.58065
G1 X119.4 Y110.408 E765.67271
G1 X119.4 Y108.688 E765.78713
G1 X118.016 Y108.686 E765.87919
G1 X117.793 Y108.622 E765.89462
G1 X117.637 Y108.507 E765.90752
G1 X117.508 Y108.306 E765.9234
G1 X117.468 Y108.161 E765.93341
G1 X117.468 Y106.312 E766.0564
G1 X117.568 Y106.051 E766.075
G1 X117.814 Y105.84 E766.09656
G1 X118.068 Y105.784 E766.11386
G1 X119.4 Y105.784 E766.20246
G1 X119.4 Y100.6 E766.5473
G1 X112.938 Y100.6 E766.97716
G1 X112.94 Y102.027 E767.07208
G1 X112.779 Y102.306 E767.09351
G1 X112.577 Y102.448 E767.10993
G1 X112.41 Y102.493 E767.12144
G1 X110.664 Y102.499 E767.23758
G1 X110.431 Y102.431 E767.25373
G1 X110.204 Y102.221 E767.2743
G1 X110.114 Y101.952 E767.29317
G1 X110.109 Y100.6 E767.38311
G1 X109.08 Y100.6 E767.45156
G1 X109.078 Y101.952 E767.54149
G1 X108.988 Y102.221 E767.56036
G1 X108.761 Y102.431 E767.58093
G1 X108.538 Y102.498 E767.59642
G1 X106.74 Y102.495 E767.71602
G1 X106.558 Y102.44 E767.72867
G1 X106.369 Y102.297 E767.74444
G1 X106.22 Y102.026 E767.76501
G1 X106.222 Y100.6 E767.85987
G1 X100.6 Y100.6 E768.23384
G1 X100.6 Y119.4 E769.48442
G1 X119.4 Y119.4 E770.73501
G0 F9000 X119 Y119
G1 F1500 X119 Y113.698 E771.0877
G1 X118.061 Y113.696 E771.15016
G1 X117.756 Y113.648 E771.1707
G1 X117.557 Y113.559 E771.1852
G1 X117.283 Y113.321 E771.20934
G1 X117.129 Y113.052 E771.22996
G1 X117.069 Y112.804 E771.24693
G1 X117.069 Y110.798 E771.38037
G1 X117.228 Y110.464 E771.40498
G1 X117.351 Y110.31 E771.41809
G1 X117.61 Y110.118 E771.43954
G1 X117.981 Y110.012 E771.4652
G1 X119 Y110.008 E771.53299
G1 X119 Y109.088 E771.59419
G1 X117.981 Y109.084 E771.66197
G1 X117.61 Y108.978 E771.68764
G1 X117.274 Y108.729 E771.71546
G1 X117.116 Y108.397 E771.73991
G1 X117.068 Y108.088 E771.76072
G1 X117.068 Y106.27 E771.88165
G1 X117.23 Y105.837 E771.9124
G1 X117.387 Y105.651 E771.92859
G1 X117.644 Y105.477 E771.94924
G1 X118.068 Y105.384 E771.97811
G1 X119 Y105.384 E772.04011
G1 X119 Y101 E772.33174
G1 X113.339 Y101 E772.70831
G1 X113.34 Y101.893 E772.76771
G1 X113.297 Y102.187 E772.78748
G1 X113.079 Y102.571 E772.81685
G1 X112.735 Y102.816 E772.84494
G1 X112.456 Y102.89 E772.86414
G1 X110.55 Y102.898 E772.99093
G1 X110.148 Y102.748 E773.01947
G1 X109.865 Y102.434 E773.04759
G1 F1153.8 X109.596 Y101.997 E773.09197
G1 X109.327 Y102.434 E773.13634
G1 F1500 X109.045 Y102.748 E773.16442
G1 X108.641 Y102.899 E773.19311
G1 X106.725 Y102.9 E773.32056
G1 X106.383 Y102.8 E773.34426
G1 X106.069 Y102.562 E773.37047
G1 X105.861 Y102.184 E773.39917
G1 X105.82 Y101.897 E773.41846
G1 X105.821 Y101 E773.47813
G1 X101 Y101 E773.79882
G1 X101 Y119 E774.99619
G1 X119 Y119 E776.19355
G0 F9000 X116.843 Y115.51
G0 X109.886 Y102.728
G0 X109.596 Y101.997
G1 F943.4 X109.595 Y101.115 E776.28684
G0 F9000 X109.309 Y102.728
G0 X107.793 Y102.979
;TYPE:FILL
G1 F3000 X101.08 Y109.691 E776.91831
G0 F9000 X101.08 Y110.307
G1 F3000 X109.692 Y118.92 E777.72852
G0 F9000 X110.307 Y118.92
G1 F3000 X116.985 Y112.242 E778.35674
G0 F9000 X116.988 Y107.76
G1 F3000 X112.204 Y102.977 E778.80675
G0 F9000 X116.771 Y114.892
G0 X117.456 Y114.892
;TYPE:SKIN
G1 F1351.4 X118.224 Y114.904 E778.86346
G1 F1388.9 X118.224 Y114.472 E778.8945
G1 F1385.7 X117.999 Y114.471 E778.9107
G1 F1348.3 X117.609 Y114.423 E778.93978
G1 F1315.8 X117.456 Y114.366 E778.95216
G1 X117.456 Y114.892 E778.99205
G0 F9000 X117.028 Y115.32
G1 F1500 X118.64 Y115.323 E779.09928
G1 X118.64 Y114.056 E779.18356
G1 X118.05 Y114.056 E779.22281
G1 X117.646 Y113.994 E779.25
G1 X117.368 Y113.867 E779.27033
G1 X117.028 Y113.575 E779.30014
G1 X117.028 Y115.32 E779.41622
G0 F9000 X116.471 Y115.32
;MESH:NONMESH
G0 F300 X116.471 Y115.32 Z13.8
G0 F9000 X119.53 Y119.53
G0 X119.8 Y119.8
;TIME_ELAPSED:664.674490
;LAYER:34
;TYPE:WALL-OUTER
;MESH:xyzCalibration_cube.stl
G1 F1500 X119.8 Y113.128 E779.86004
G1 X118.019 Y113.124 E779.97851
G1 X117.865 Y112.98 E779.99254
G1 X117.872 Y111.183 E780.11208
G1 X117.935 Y111.078 E780.12022
G1 X118.05 Y111.028 E780.12856
G1 X119.8 Y111.031 E780.24497
G1 X119.8 Y108.056 E780.44287
G1 X118.05 Y108.056 E780.55928
G1 X117.935 Y108.006 E780.56762
G1 X117.871 Y107.896 E780.57609
G1 X117.87 Y106.11 E780.69489
G1 X118.007 Y105.944 E780.70921
G1 X119.8 Y105.944 E780.82848
G1 X119.8 Y100.2 E781.21058
G1 X112.792 Y100.2 E781.67675
G1 X112.792 Y101.939 E781.79243
G1 X112.709 Y102.063 E781.80235
G1 X112.616 Y102.099 E781.80899
G1 X110.924 Y102.097 E781.92154
G1 X110.794 Y102.006 E781.9321
G1 X110.764 Y101.918 E781.93828
G1 X110.764 Y100.2 E782.05256
G1 X108.456 Y100.2 E782.20609
G1 X108.452 Y101.918 E782.32037
G1 X108.422 Y102.006 E782.32656
G1 X108.304 Y102.094 E782.33635
G1 X106.569 Y102.099 E782.45176
G1 X106.443 Y102.03 E782.46132
G1 X106.396 Y101.941 E782.46801
G1 X106.396 Y100.2 E782.58383
G1 X100.201 Y100.201 E782.99592
G1 X100.2 Y119.8 E784.29965
G1 X119.8 Y119.8 E785.60345
G0 F9000 X119.4 Y119.4
;TYPE:WALL-INNER
G1 F1500 X119.4 Y113.527 E785.99412
G1 X118.062 Y113.524 E786.08312
G1 X117.771 Y113.448 E786.10313
G1 X117.6 Y113.306 E786.11792
G1 X117.467 Y112.99 E786.14072
G1 X117.469 Y111.095 E786.26678
G1 X117.588 Y110.866 E786.28395
G1 X117.825 Y110.679 E786.30403
G1 X118.015 Y110.63 E786.31708
G1 X119.4 Y110.63 E786.40921
G1 X119.4 Y108.456 E786.55383
G1 X118.015 Y108.454 E786.64596
G1 X117.825 Y108.405 E786.65901
G1 X117.588 Y108.218 E786.67909
G1 X117.468 Y107.987 E786.69641
G1 X117.468 Y106.071 E786.82386
G1 X117.573 Y105.803 E786.84301
G1 X117.829 Y105.593 E786.86503
G1 X118.068 Y105.544 E786.88126
G1 X119.4 Y105.544 E786.96987
G1 X119.4 Y100.6 E787.29874
G1 X113.192 Y100.6 E787.7117
G1 X113.192 Y102.025 E787.80649
G1 X113.033 Y102.308 E787.82809
G1 X112.837 Y102.448 E787.84411
G1 X112.664 Y102.496 E787.85605
G1 X110.876 Y102.5 E787.97499
G1 X110.587 Y102.368 E787.99612
G1 X110.454 Y102.217 E788.00951
G1 X110.366 Y101.953 E788.02802
G1 X110.364 Y100.6 E788.11802
G1 X108.856 Y100.6 E788.21833
G1 X108.85 Y101.953 E788.30834
G1 X108.762 Y102.217 E788.32685
G1 X108.629 Y102.368 E788.34023
G1 X108.389 Y102.498 E788.35839
G1 X106.515 Y102.495 E788.48305
G1 X106.329 Y102.438 E788.49599
G1 X106.138 Y102.289 E788.5121
G1 X105.996 Y102.02 E788.53234
G1 X105.996 Y100.6 E788.6268
G1 X100.601 Y100.601 E788.98567
G1 X100.6 Y119.4 E790.23619
G1 X119.4 Y119.4 E791.48677
G0 F9000 X119 Y119
G1 F1500 X119 Y113.926 E791.82429
G1 X118.061 Y113.924 E791.88676
G1 X117.77 Y113.881 E791.90632
G1 X117.576 Y113.797 E791.92039
G1 X117.291 Y113.56 E791.94504
G1 X117.131 Y113.287 E791.96609
G1 X117.069 Y113.034 E791.98342
G1 X117.073 Y111.119 E792.11081
G1 X117.156 Y110.816 E792.13171
G1 X117.405 Y110.478 E792.15963
G1 X117.663 Y110.313 E792.18
G1 X117.981 Y110.231 E792.20185
G1 X119 Y110.229 E792.26963
G1 X119 Y108.856 E792.36097
G1 X117.981 Y108.853 E792.42875
G1 X117.663 Y108.771 E792.4506
G1 X117.405 Y108.606 E792.47097
G1 X117.156 Y108.268 E792.49889
G1 X117.068 Y107.982 E792.5188
G1 X117.068 Y106.024 E792.64904
G1 X117.136 Y105.78 E792.66589
G1 X117.244 Y105.576 E792.68125
G1 X117.4 Y105.399 E792.69694
G1 X117.67 Y105.226 E792.71827
G1 X118.068 Y105.144 E792.74531
G1 X119 Y105.144 E792.8073
G1 X119 Y101 E793.08296
G1 X113.592 Y101 E793.4427
G1 X113.592 Y101.9 E793.50257
G1 X113.555 Y102.173 E793.5209
G1 X113.48 Y102.361 E793.53436
G1 X113.327 Y102.58 E793.55213
G1 X113 Y102.814 E793.57888
G1 X112.711 Y102.894 E793.59883
G1 X110.857 Y102.895 E793.72216
G1 X110.589 Y102.828 E793.74053
G1 X110.336 Y102.679 E793.76006
G1 X110.114 Y102.428 E793.78235
G1 F1250 X109.887 Y101.994 E793.82145
G1 F1075.3 X109.887 Y101.077 E793.90655
G1 F1081.1 X109.332 Y101.077 E793.95777
G1 F1075.3 X109.329 Y101.994 E794.04286
G1 F1250 X109.102 Y102.428 E794.08196
G1 F1500 X108.88 Y102.679 E794.10425
G1 X108.627 Y102.828 E794.12378
G1 X108.339 Y102.897 E794.14348
G1 X106.504 Y102.9 E794.26555
G1 X106.151 Y102.797 E794.29001
G1 X105.833 Y102.548 E794.31687
G1 X105.632 Y102.169 E794.34541
G1 X105.596 Y101.9 E794.36347
G1 X105.596 Y101 E794.42333
G1 X101.001 Y101.001 E794.72899
G1 X101 Y119 E795.92629
G1 X119 Y119 E797.12366
G0 F9000 X117.238 Y113.75
G0 X116.986 Y111.841
;TYPE:FILL
G1 F3000 X109.907 Y118.92 E797.78961
G1 X110.092 Y118.92
G1 X101.08 Y109.908 E798.6374
G1 X101.08 Y110.092
G1 X108.192 Y102.979 E799.3065
G0 F9000 X111.808 Y102.98
G1 F3000 X117.066 Y108.239 E799.80119
G0 F9000 X117.684 Y108.856
G1 F3000 X118.92 Y110.092 E799.91746
G1 X118.92 Y109.907
G1 X118.678 Y110.149 E799.94023
G0 F9000 X118.678 Y110.031
;MESH:NONMESH
G0 F300 X118.678 Y110.031 Z14.2
G0 F9000 X117.641 Y110.802
G0 X117.639 Y113.351
G0 X119.53 Y119.53
G0 X119.8 Y119.8
;TIME_ELAPSED:678.617365
;LAYER:35
;TYPE:WALL-OUTER
;MESH:xyzCalibration_cube.stl
G1 F1500 X119.8 Y113.352 E800.36915
G1 X118.025 Y113.352 E800.48723
G1 X117.936 Y113.303 E800.49398
G1 X117.869 Y113.179 E800.50336
G1 X117.868 Y111.432 E800.61957
G1 X117.945 Y111.293 E800.63014
G1 X118.05 Y111.252 E800.63764
G1 X119.8 Y111.255 E800.75405
G1 X119.8 Y107.82 E800.98255
G1 X118.05 Y107.82 E801.09896
G1 X117.945 Y107.779 E801.10645
G1 X117.872 Y107.664 E801.11552
G1 X117.87 Y105.873 E801.23465
G1 X117.905 Y105.791 E801.24058
G1 X118.012 Y105.708 E801.24959
G1 X119.8 Y105.704 E801.36853
G1 X119.8 Y100.2 E801.73466
G1 X113.048 Y100.2 E802.1838
G1 X113.048 Y101.968 E802.30141
G1 X112.915 Y102.099 E802.31383
G1 X111.17 Y102.1 E802.42991
G1 X111.078 Y102.045 E802.43704
G1 X111.016 Y101.918 E802.44644
G1 X111.016 Y100.2 E802.56072
G1 X108.228 Y100.2 E802.74618
G1 X108.228 Y101.977 E802.86439
G1 X108.066 Y102.097 E802.8778
G1 X106.301 Y102.099 E802.9952
G1 X106.172 Y101.968 E803.00743
G1 X106.172 Y100.2 E803.12504
G1 X100.2 Y100.2 E803.5223
G1 X100.201 Y119.799 E804.82603
G1 X119.8 Y119.8 E806.12976
G0 F9000 X119.4 Y119.4
;TYPE:WALL-INNER
G1 F1500 X119.4 Y113.752 E806.50547
G1 X117.942 Y113.752 E806.60246
G1 X117.674 Y113.605 E806.62279
G1 X117.528 Y113.416 E806.63868
G1 X117.473 Y113.232 E806.65145
G1 X117.47 Y111.392 E806.77385
G1 X117.516 Y111.214 E806.78608
G1 X117.7 Y110.977 E806.80604
G1 X118.015 Y110.854 E806.82853
G1 X119.4 Y110.854 E806.92066
G1 X119.4 Y108.22 E807.09588
G1 X118.015 Y108.218 E807.18801
G1 X117.851 Y108.18 E807.1992
G1 X117.613 Y108.012 E807.21858
G1 X117.468 Y107.698 E807.24159
G1 X117.468 Y105.833 E807.36565
G1 X117.579 Y105.559 E807.38532
G1 X117.846 Y105.35 E807.40787
G1 X118.066 Y105.308 E807.42277
G1 X119.4 Y105.305 E807.51151
G1 X119.4 Y100.6 E807.82449
G1 X113.448 Y100.6 E808.22041
G1 X113.448 Y101.9 E808.30689
G1 X113.389 Y102.161 E808.32469
G1 X113.291 Y102.306 E808.33633
G1 X113.1 Y102.445 E808.35205
G1 X112.922 Y102.496 E808.36436
G1 X111.172 Y102.499 E808.48077
G1 X111.002 Y102.461 E808.49236
G1 X110.802 Y102.335 E808.50809
G1 X110.684 Y102.179 E808.5211
G1 X110.618 Y101.953 E808.53676
G1 X110.616 Y100.6 E808.62676
G1 X108.628 Y100.6 E808.759
G1 X108.626 Y101.953 E808.84901
G1 X108.56 Y102.179 E808.86467
G1 X108.442 Y102.335 E808.87768
G1 X108.242 Y102.461 E808.8934
G1 X108.096 Y102.497 E808.90341
G1 X106.289 Y102.495 E809.02361
G1 X106.1 Y102.436 E809.03678
G1 X105.907 Y102.28 E809.05329
G1 X105.831 Y102.16 E809.06273
G1 X105.772 Y101.9 E809.08047
G1 X105.772 Y100.6 E809.16695
G1 X100.6 Y100.6 E809.51099
G1 X100.601 Y119.399 E810.7615
G1 X119.4 Y119.4 E812.01202
G0 F9000 X119 Y119
G1 F1500 X119 Y114.152 E812.33451
G1 X118.068 Y114.152 E812.39651
G1 X117.789 Y114.113 E812.41524
G1 X117.411 Y113.907 E812.44388
G1 X117.169 Y113.591 E812.47036
G1 X117.068 Y113.249 E812.49408
G1 X117.069 Y111.389 E812.61781
G1 X117.129 Y111.105 E812.63712
G1 X117.228 Y110.909 E812.65172
G1 X117.456 Y110.66 E812.67418
G1 X117.707 Y110.519 E812.69333
G1 X117.981 Y110.455 E812.71205
G1 X119 Y110.453 E812.77983
G1 X119 Y108.62 E812.90176
G1 X117.981 Y108.617 E812.96955
G1 X117.707 Y108.553 E812.98827
G1 X117.456 Y108.412 E813.00742
G1 X117.179 Y108.08 E813.03618
G1 X117.106 Y107.897 E813.04928
G1 X117.068 Y107.62 E813.06788
G1 X117.068 Y105.785 E813.18995
G1 X117.139 Y105.535 E813.20724
G1 X117.253 Y105.327 E813.22301
G1 X117.415 Y105.15 E813.23897
G1 X117.698 Y104.978 E813.261
G1 X118.065 Y104.908 E813.28586
G1 X119 Y104.906 E813.34805
G1 X119 Y101 E813.60788
G1 X113.848 Y101 E813.95059
G1 X113.848 Y101.9 E814.01046
G1 X113.749 Y102.335 E814.04014
G1 X113.586 Y102.576 E814.05949
G1 X113.268 Y102.808 E814.08568
G1 X112.934 Y102.9 E814.10872
G1 X111.071 Y102.9 E814.23265
G1 X110.786 Y102.803 E814.25268
G1 X110.526 Y102.625 E814.27364
G1 X110.33 Y102.365 E814.2953
G1 X110.219 Y101.987 E814.3215
G1 X110.216 Y101 E814.38716
G1 X109.028 Y101 E814.46618
G1 X109.025 Y101.987 E814.53184
G1 X108.914 Y102.365 E814.55805
G1 X108.662 Y102.699 E814.58588
G1 X108.331 Y102.854 E814.61019
G1 X108.141 Y102.894 E814.62311
G1 X106.277 Y102.9 E814.7471
G1 X105.919 Y102.792 E814.77198
G1 X105.597 Y102.533 E814.79946
G1 X105.47 Y102.334 E814.81517
G1 X105.372 Y101.9 E814.84476
G1 X105.372 Y101 E814.90463
G1 X101 Y101 E815.19546
G1 X101.001 Y118.999 E816.39276
G1 X119 Y119 E817.59006
G0 F9000 X117.24 Y113.978
G0 X116.989 Y111.439
;TYPE:FILL
G1 F3000 X109.509 Y118.919 E818.29373
G0 F9000 X110.49 Y118.919
G1 F3000 X101.08 Y109.509 E819.17896
G0 F9000 X101.081 Y110.49
G1 F3000 X110.013 Y101.558 E820.01923
G0 F9000 X110.391 Y102.729
G0 X111.409 Y102.98
G1 F3000 X118.8 Y110.371 E820.71453
G0 F9000 X118.052 Y110.376
G1 F3000 X118.92 Y109.508 E820.79619
G0 F9000 X118.8 Y109.508
;MESH:NONMESH
G0 F300 X118.8 Y109.508 Z14.6
G0 F9000 X117.641 Y111.023
G0 X117.64 Y113.578
G0 X119.53 Y119.53
G0 X119.8 Y119.8
;TIME_ELAPSED:692.748277
;LAYER:36
;TYPE:WALL-OUTER
;MESH:xyzCalibration_cube.stl
G1 F1500 X119.8 Y113.58 E821.20994
G1 X118.004 Y113.576 E821.32941
G1 X117.909 Y113.499 E821.33755
G1 X117.869 Y113.404 E821.34441
G1 X117.868 Y111.654 E821.46082
G1 X117.903 Y111.557 E821.46768
G1 X118.005 Y111.473 E821.47647
G1 X119.8 Y111.475 E821.59587
G1 X119.8 Y107.588 E821.85443
G1 X118.051 Y107.587 E821.97078
G1 X117.949 Y107.547 E821.97807
G1 X117.872 Y107.388 E821.98982
G1 X117.875 Y105.632 E822.10663
G1 X117.944 Y105.513 E822.11578
G1 X118.023 Y105.468 E822.12183
G1 X119.8 Y105.464 E822.24003
G1 X119.8 Y100.2 E822.59019
G1 X113.304 Y100.2 E823.02231
G1 X113.304 Y101.964 E823.13965
G1 X113.175 Y102.099 E823.15207
G1 X111.448 Y102.1 E823.26695
G1 X111.32 Y102.035 E823.2765
G1 X111.268 Y101.918 E823.28502
G1 X111.268 Y100.2 E823.3993
G1 X108.004 Y100.2 E823.61642
G1 X108 Y101.918 E823.73071
G1 X107.948 Y102.035 E823.73922
G1 X107.828 Y102.099 E823.74827
G1 X106.075 Y102.099 E823.86488
G1 X105.948 Y101.964 E823.87721
G1 X105.948 Y100.2 E823.99455
G1 X100.201 Y100.201 E824.37684
G1 X100.2 Y119.8 E825.68057
G1 X119.8 Y119.8 E826.98437
G0 F9000 X119.4 Y119.4
;TYPE:WALL-INNER
G1 F1500 X119.4 Y113.979 E827.34498
G1 X118.066 Y113.976 E827.43372
G1 X117.799 Y113.913 E827.45196
G1 X117.682 Y113.836 E827.46128
G1 X117.531 Y113.645 E827.47748
G1 X117.473 Y113.458 E827.4905
G1 X117.47 Y111.618 E827.6129
G1 X117.503 Y111.467 E827.62318
G1 X117.623 Y111.268 E827.63864
G1 X117.827 Y111.122 E827.65533
G1 X118.006 Y111.075 E827.66764
G1 X119.4 Y111.074 E827.76037
G1 X119.4 Y107.988 E827.96565
G1 X118.009 Y107.985 E828.05818
G1 X117.83 Y107.938 E828.07049
G1 X117.626 Y107.791 E828.08721
G1 X117.472 Y107.467 E828.11108
G1 X117.472 Y105.593 E828.23574
G1 X117.564 Y105.348 E828.25315
G1 X117.689 Y105.205 E828.26578
G1 X117.868 Y105.103 E828.27948
G1 X118.07 Y105.068 E828.29312
G1 X119.4 Y105.065 E828.38159
G1 X119.4 Y100.6 E828.67861
G1 X113.704 Y100.6 E829.05751
G1 X113.704 Y101.9 E829.14398
G1 X113.653 Y102.144 E829.16056
G1 X113.549 Y102.303 E829.1732
G1 X113.366 Y102.441 E829.18845
G1 X113.181 Y102.496 E829.20129
G1 X111.436 Y102.5 E829.31737
G1 X111.113 Y102.385 E829.34017
G1 X110.922 Y102.15 E829.36032
G1 X110.87 Y101.953 E829.37387
G1 X110.868 Y100.6 E829.46387
G1 X108.403 Y100.6 E829.62785
G1 X108.398 Y101.953 E829.71785
G1 X108.346 Y102.15 E829.7314
G1 X108.244 Y102.305 E829.74374
G1 X108.089 Y102.427 E829.75687
G1 X107.883 Y102.495 E829.7713
G1 X106.064 Y102.495 E829.8923
G1 X105.87 Y102.433 E829.90584
G1 X105.675 Y102.27 E829.92275
G1 X105.6 Y102.146 E829.93239
G1 X105.548 Y101.9 E829.94912
G1 X105.548 Y100.6 E830.03559
G1 X100.601 Y100.601 E830.36467
G1 X100.6 Y119.4 E831.61518
G1 X119.4 Y119.4 E832.86576
G0 F9000 X119 Y119
G1 F1500 X119 Y114.378 E833.17322
G1 X118.065 Y114.376 E833.23542
G1 X117.62 Y114.271 E833.26583
G1 X117.425 Y114.143 E833.28135
G1 X117.173 Y113.824 E833.30839
G1 X117.068 Y113.469 E833.33302
G1 X117.071 Y111.582 E833.45854
G1 X117.127 Y111.331 E833.47565
G1 X117.327 Y110.999 E833.50143
G1 X117.667 Y110.755 E833.52927
G1 X117.964 Y110.677 E833.54969
G1 X119 Y110.673 E833.61861
G1 X119 Y108.388 E833.77061
G1 X117.967 Y108.383 E833.83933
G1 X117.669 Y108.304 E833.85983
G1 X117.46 Y108.18 E833.876
G1 X117.2 Y107.88 E833.90241
G1 X117.072 Y107.527 E833.92738
G1 X117.072 Y105.542 E834.05943
G1 X117.176 Y105.191 E834.08378
G1 X117.433 Y104.897 E834.10975
G1 X117.732 Y104.727 E834.13263
G1 X118.069 Y104.668 E834.15539
G1 X119 Y104.666 E834.21732
G1 X119 Y101 E834.46119
G1 X114.104 Y101 E834.78687
G1 X114.104 Y101.9 E834.84674
G1 X114.018 Y102.307 E834.87441
G1 X113.846 Y102.571 E834.89537
G1 X113.54 Y102.801 E834.92083
G1 X113.194 Y102.9 E834.94477
G1 X111.299 Y102.899 E835.07083
G1 X110.987 Y102.777 E835.09311
G1 X110.729 Y102.575 E835.11491
G1 X110.558 Y102.316 E835.13555
G1 X110.471 Y101.987 E835.15819
G1 X110.468 Y101 E835.22385
G1 X108.802 Y101 E835.33467
G1 X108.797 Y101.987 E835.40033
G1 X108.71 Y102.316 E835.42296
G1 X108.539 Y102.575 E835.44361
G1 X108.391 Y102.708 E835.45685
G1 X108.1 Y102.855 E835.47853
G1 X107.899 Y102.9 E835.49223
G1 X106.048 Y102.9 E835.61536
G1 X105.686 Y102.788 E835.64057
G1 X105.36 Y102.517 E835.66877
G1 X105.235 Y102.31 E835.68486
G1 X105.148 Y101.9 E835.71274
G1 X105.148 Y101 E835.7726
G1 X101.001 Y101.001 E836.04846
G1 X101 Y119 E837.24576
G1 X119 Y119 E838.44313
G0 F9000 X110.891 Y118.92
;TYPE:FILL
G1 F3000 X101.08 Y109.109 E839.36609
G0 F9000 X101.08 Y110.891
G1 F3000 X110.389 Y101.582 E840.24182
G0 F9000 X109.109 Y101.08
G1 F3000 X118.622 Y110.594 E841.13679
G0 F9000 X118.92 Y109.108
G1 F3000 X109.108 Y118.92 E842.05984
G0 F9000 X109.108 Y118.8
;MESH:NONMESH
G0 F300 X109.108 Y118.8 Z15
G0 F9000 X119.53 Y119.53
G0 X119.8 Y119.8
;TIME_ELAPSED:706.814623
;LAYER:37
;TYPE:WALL-OUTER
;MESH:xyzCalibration_cube.stl
G1 F1500 X119.8 Y113.808 E842.45843
G1 X118.002 Y113.804 E842.57804
G1 X117.869 Y113.677 E842.59027
G1 X117.871 Y111.857 E842.71134
G1 X117.922 Y111.759 E842.71869
G1 X118.027 Y111.7 E842.7267
G1 X119.8 Y111.699 E842.84464
G1 X119.8 Y107.352 E843.1338
G1 X118.031 Y107.348 E843.25148
G1 X117.948 Y107.31 E843.25755
G1 X117.875 Y107.19 E843.26689
G1 X117.875 Y105.391 E843.38656
G1 X117.922 Y105.294 E843.39373
G1 X118.024 Y105.228 E843.40181
G1 X119.8 Y105.228 E843.51995
G1 X119.8 Y100.2 E843.85442
G1 X113.56 Y100.2 E844.2695
G1 X113.56 Y101.957 E844.38638
G1 X113.402 Y102.1 E844.40056
G1 X111.64 Y102.099 E844.51776
G1 X111.52 Y101.966 E844.52968
G1 X111.52 Y100.2 E844.64716
G1 X107.776 Y100.2 E844.89621
G1 X107.776 Y101.966 E845.01368
G1 X107.68 Y102.072 E845.0232
G1 X107.594 Y102.1 E845.02921
G1 X105.891 Y102.098 E845.1425
G1 X105.759 Y102.02 E845.15269
G1 X105.72 Y101.899 E845.16115
G1 X105.723 Y100.2 E845.27417
G1 X100.2 Y100.2 E845.64156
G1 X100.2 Y119.8 E846.94536
G1 X119.8 Y119.8 E848.24916
G0 F9000 X119.4 Y119.4
;TYPE:WALL-INNER
G1 F1500 X119.4 Y114.207 E848.5946
G1 X118.066 Y114.204 E848.68333
G1 X117.813 Y114.148 E848.70057
G1 X117.691 Y114.072 E848.71013
G1 X117.533 Y113.878 E848.72678
G1 X117.473 Y113.687 E848.74009
G1 X117.472 Y111.826 E848.86389
G1 X117.555 Y111.583 E848.88097
G1 X117.698 Y111.422 E848.89529
G1 X117.981 Y111.296 E848.9159
G1 X119.4 Y111.298 E849.01029
G1 X119.4 Y107.752 E849.24617
G1 X117.984 Y107.752 E849.34037
G1 X117.701 Y107.625 E849.361
G1 X117.524 Y107.399 E849.3801
G1 X117.472 Y107.233 E849.39167
G1 X117.472 Y105.353 E849.51672
G1 X117.52 Y105.191 E849.52796
G1 X117.699 Y104.957 E849.54756
G1 X117.939 Y104.828 E849.56569
G1 X119.4 Y104.828 E849.66287
G1 X119.4 Y100.6 E849.94412
G1 X113.96 Y100.6 E850.30599
G1 X113.96 Y101.9 E850.39247
G1 X113.917 Y102.126 E850.40777
G1 X113.743 Y102.363 E850.42733
G1 X113.483 Y102.5 E850.44688
G1 X111.645 Y102.496 E850.56914
G1 X111.348 Y102.371 E850.59058
G1 X111.179 Y102.16 E850.60856
G1 X111.122 Y101.953 E850.62284
G1 X111.12 Y100.6 E850.71284
G1 X108.176 Y100.6 E850.90868
G1 X108.174 Y101.953 E850.99868
G1 X108.117 Y102.16 E851.01296
G1 X107.948 Y102.371 E851.03095
G1 X107.628 Y102.498 E851.05385
G1 X105.834 Y102.494 E851.17319
G1 X105.637 Y102.43 E851.18697
G1 X105.439 Y102.26 E851.20432
G1 X105.365 Y102.13 E851.21428
G1 X105.32 Y101.898 E851.23
G1 X105.322 Y100.6 E851.31634
G1 X100.6 Y100.6 E851.63045
G1 X100.6 Y119.4 E852.88103
G1 X119.4 Y119.4 E854.13161
G0 F9000 X119 Y119
G1 F1500 X119 Y114.606 E854.4239
G1 X118.065 Y114.604 E854.4861
G1 X117.643 Y114.51 E854.51486
G1 X117.441 Y114.384 E854.53069
G1 X117.177 Y114.06 E854.55849
G1 X117.068 Y113.7 E854.58352
G1 X117.074 Y111.779 E854.7113
G1 X117.156 Y111.483 E854.73173
G1 X117.263 Y111.301 E854.74578
G1 X117.452 Y111.107 E854.76379
G1 X117.625 Y110.999 E854.77736
G1 X117.927 Y110.896 E854.79859
G1 X119 Y110.897 E854.86996
G1 X119 Y108.152 E855.05256
G1 X117.928 Y108.152 E855.12387
G1 X117.627 Y108.048 E855.14505
G1 X117.455 Y107.94 E855.15856
G1 X117.266 Y107.745 E855.17663
G1 X117.142 Y107.523 E855.19354
G1 X117.072 Y107.281 E855.2103
G1 X117.072 Y105.299 E855.34214
G1 X117.152 Y105.034 E855.36056
G1 X117.326 Y104.761 E855.38209
G1 X117.45 Y104.644 E855.39343
G1 X117.765 Y104.476 E855.41718
G1 X118.072 Y104.428 E855.43785
G1 X119 Y104.428 E855.49958
G1 X119 Y101 E855.72761
G1 X114.36 Y101 E856.03627
G1 X114.36 Y101.9 E856.09614
G1 X114.288 Y102.276 E856.1216
G1 X114.21 Y102.428 E856.13297
G1 X113.997 Y102.672 E856.15451
G1 X113.642 Y102.86 E856.18123
G1 X113.36 Y102.9 E856.20018
G1 X111.652 Y102.898 E856.3138
G1 X111.387 Y102.844 E856.33179
G1 X111.203 Y102.757 E856.34533
G1 X110.966 Y102.558 E856.36591
G1 X110.818 Y102.333 E856.38383
G1 X110.723 Y101.988 E856.40763
G1 X110.72 Y101 E856.47335
G1 X108.576 Y101 E856.61597
G1 X108.573 Y101.988 E856.68169
G1 X108.478 Y102.333 E856.7055
G1 X108.33 Y102.558 E856.72341
G1 X108.093 Y102.757 E856.744
G1 X107.909 Y102.844 E856.75754
G1 X107.663 Y102.897 E856.77428
G1 X105.822 Y102.9 E856.89674
G1 X105.448 Y102.782 E856.92283
G1 X105.118 Y102.499 E856.95175
G1 X104.996 Y102.283 E856.96825
G1 X104.92 Y101.897 E856.99442
G1 X104.921 Y101 E857.05409
G1 X101 Y101 E857.31491
G1 X101 Y119 E858.51228
G1 X119 Y119 E859.70964
G0 F9000 X111.292 Y118.92
;TYPE:FILL
G1 F3000 X101.08 Y108.708 E860.67032
G0 F9000 X101.08 Y111.291
G1 F3000 X110.642 Y101.729 E861.56986
G0 F9000 X108.708 Y101.08
G1 F3000 X118.445 Y110.817 E862.48586
G0 F9000 X118.92 Y108.708
G1 F3000 X108.708 Y118.92 E863.44654
G0 F9000 X108.708 Y118.8
;MESH:NONMESH
G0 F300 X108.708 Y118.8 Z15.4
G0 F9000 X119.53 Y119.53
G0 X119.8 Y119.8
;TIME_ELAPSED:720.995806
;LAYER:38
;TYPE:WALL-OUTER
;MESH:xyzCalibration_cube.stl
G1 F1500 X119.8 Y114.032 E863.83023
G1 X118.068 Y114.032 E863.94544
G1 X117.945 Y113.991 E863.95406
G1 X117.869 Y113.861 E863.96408
G1 X117.872 Y112.075 E864.08289
G1 X117.932 Y111.972 E864.09082
G1 X118.024 Y111.92 E864.09785
G1 X119.8 Y111.92 E864.21599
G1 X119.8 Y107.12 E864.53528
G1 X118.031 Y107.12 E864.65296
G1 X117.903 Y107.029 E864.66341
G1 X117.875 Y106.959 E864.66842
G1 X117.875 Y105.15 E864.78876
G1 X117.951 Y105.028 E864.79832
G1 X118.031 Y104.988 E864.80427
G1 X119.8 Y104.988 E864.92194
G1 X119.8 Y100.2 E865.24044
G1 X113.816 Y100.2 E865.6385
G1 X113.816 Y101.948 E865.75477
G1 X113.663 Y102.1 E865.76912
G1 X111.959 Y102.1 E865.88247
G1 X111.867 Y102.069 E865.88893
G1 X111.779 Y101.939 E865.89937
G1 X111.772 Y100.2 E866.01505
G1 X107.552 Y100.2 E866.29577
G1 X107.545 Y101.939 E866.41145
G1 X107.457 Y102.069 E866.42189
G1 X107.387 Y102.097 E866.4269
G1 X105.618 Y102.098 E866.54458
G1 X105.496 Y101.957 E866.55698
G1 X105.496 Y100.2 E866.67386
G1 X100.201 Y100.201 E867.02608
G1 X100.2 Y119.8 E868.32981
G1 X119.8 Y119.8 E869.63361
G0 F9000 X119.4 Y119.4
;TYPE:WALL-INNER
G1 F1500 X119.4 Y114.432 E869.96408
G1 X118.068 Y114.432 E870.05269
G1 X117.828 Y114.383 E870.06898
G1 X117.701 Y114.308 E870.07879
G1 X117.536 Y114.112 E870.09584
G1 X117.473 Y113.917 E870.10947
G1 X117.468 Y112.024 E870.23539
G1 X117.539 Y111.834 E870.24888
G1 X117.661 Y111.678 E870.26206
G1 X117.938 Y111.52 E870.28327
G1 X119.4 Y111.52 E870.38052
G1 X119.4 Y107.52 E870.6466
G1 X117.953 Y107.52 E870.74286
G1 X117.757 Y107.432 E870.75715
G1 X117.605 Y107.298 E870.77063
G1 X117.515 Y107.145 E870.78244
G1 X117.472 Y106.92 E870.79768
G1 X117.472 Y105.107 E870.91828
G1 X117.523 Y104.944 E870.92964
G1 X117.709 Y104.709 E870.94958
G1 X117.953 Y104.588 E870.96769
G1 X119.4 Y104.588 E871.06395
G1 X119.4 Y100.6 E871.32923
G1 X114.216 Y100.6 E871.67407
G1 X114.216 Y101.9 E871.76055
G1 X114.18 Y102.106 E871.77446
G1 X114.011 Y102.353 E871.79437
G1 X113.746 Y102.5 E871.81452
G1 X111.926 Y102.498 E871.93559
G1 X111.695 Y102.431 E871.95159
G1 X111.524 Y102.296 E871.96608
G1 X111.376 Y101.987 E871.98887
G1 X111.373 Y100.6 E872.08114
G1 X107.951 Y100.6 E872.30877
G1 X107.948 Y101.987 E872.40103
G1 X107.8 Y102.296 E872.42383
G1 X107.629 Y102.431 E872.43832
G1 X107.409 Y102.497 E872.4536
G1 X105.608 Y102.494 E872.5734
G1 X105.407 Y102.426 E872.58752
G1 X105.207 Y102.248 E872.60533
G1 X105.134 Y102.113 E872.61553
G1 X105.096 Y101.9 E872.62993
G1 X105.096 Y100.6 E872.7164
G1 X100.601 Y100.601 E873.01541
G1 X100.6 Y119.4 E874.26593
G1 X119.4 Y119.4 E875.51651
G0 F9000 X119 Y119
G1 F1500 X119 Y114.832 E875.79376
G1 X118.068 Y114.832 E875.85576
G1 X117.668 Y114.749 E875.88294
G1 X117.457 Y114.625 E875.89922
G1 X117.182 Y114.298 E875.92764
G1 X117.068 Y113.934 E875.95301
G1 X117.068 Y111.954 E876.08472
G1 X117.228 Y111.575 E876.11209
G1 X117.545 Y111.266 E876.14153
G1 X117.779 Y111.162 E876.15857
G1 X118.068 Y111.12 E876.17799
G1 X119 Y111.12 E876.23999
G1 X119 Y107.92 E876.45286
G1 X118.072 Y107.92 E876.51459
G1 X117.781 Y107.877 E876.53415
G1 X117.548 Y107.773 E876.55113
G1 X117.231 Y107.463 E876.58062
G1 X117.072 Y107.067 E876.60901
G1 X117.072 Y105.054 E876.74291
G1 X117.158 Y104.782 E876.76189
G1 X117.321 Y104.526 E876.78208
G1 X117.468 Y104.39 E876.7954
G1 X117.801 Y104.225 E876.82012
G1 X118.072 Y104.188 E876.83831
G1 X119 Y104.188 E876.90005
G1 X119 Y101 E877.11211
G1 X114.616 Y101 E877.40374
G1 X114.616 Y101.9 E877.4636
G1 X114.556 Y102.242 E877.4867
G1 X114.47 Y102.422 E877.49997
G1 X114.274 Y102.654 E877.52018
G1 X113.911 Y102.856 E877.54781
G1 X113.616 Y102.9 E877.56765
G1 X111.892 Y102.897 E877.68233
G1 X111.613 Y102.833 E877.70137
G1 X111.434 Y102.742 E877.71473
G1 X111.223 Y102.56 E877.73327
G1 X111.095 Y102.374 E877.74828
G1 X110.976 Y102.043 E877.77168
G1 X110.974 Y101 E877.84106
G1 X108.35 Y101 E878.01561
G1 X108.348 Y102.043 E878.08499
G1 X108.229 Y102.374 E878.10839
G1 X108.101 Y102.56 E878.12341
G1 X107.89 Y102.742 E878.14195
G1 X107.711 Y102.833 E878.1553
G1 X107.449 Y102.895 E878.17321
G1 X105.594 Y102.9 E878.29661
G1 X105.214 Y102.777 E878.32318
G1 X104.881 Y102.48 E878.35286
G1 X104.76 Y102.255 E878.36985
G1 X104.696 Y101.9 E878.39385
G1 X104.696 Y101 E878.45372
G1 X101.001 Y101.001 E878.69951
G1 X101 Y119 E879.89681
G1 X119 Y119 E881.09417
G0 F9000 X111.692 Y118.92
;TYPE:FILL
G1 F3000 X110.17 Y117.398 E881.23735
G0 F9000 X109.83 Y117.397
G1 F3000 X108.308 Y118.92 E881.38058
G0 F9000 X105.176 Y117.545
G0 X105.181 Y113.577
G0 X106.497 Y113.505
G0 X106.497 Y113.725
G1 F3000 X101.08 Y108.308 E881.89018
G0 F9000 X101.08 Y111.691
G1 F3000 X106.202 Y106.569 E882.37203
G0 F9000 X106.006 Y106.668
G0 X105.083 Y104.724
G0 X105.108 Y102.922
G0 X109.844 Y102.708
G0 X109.843 Y102.928
G1 F3000 X110.896 Y101.876 E882.47104
G0 F9000 X110.156 Y102.708
G0 X110.155 Y102.927
G1 F3000 X108.429 Y101.201 E882.63341
G0 F9000 X111.5 Y102.96
G0 X114.39 Y102.77
G0 X115.34 Y102.78
G0 X115.34 Y106.748
G0 X113.829 Y106.82
G0 X113.829 Y106.601
G1 F3000 X118.268 Y111.04 E883.051
G0 F9000 X118.92 Y108.308
G1 F3000 X113.851 Y113.377 E883.52786
G0 F9000 X114.047 Y113.278
G0 X115.165 Y115.599
G0 X115.155 Y117.546
G0 X105.176 Y117.545
G0 X105.365 Y117.356
;TYPE:SKIN
G1 F1500 X114.964 Y117.356 E884.16639
G1 X114.964 Y115.645 E884.28021
G1 X110.465 Y106.852 E884.93724
G1 X110.448 Y106.718 E884.94622
G1 X110.489 Y106.632 E884.95256
G1 X110.609 Y106.562 E884.9618
G1 X115.152 Y106.56 E885.264
G1 X115.152 Y102.968 E885.50294
G1 X114.45 Y102.968 E885.54964
G1 X114.136 Y103.183 E885.57496
G1 X113.611 Y103.26 E885.61025
G1 X111.879 Y103.257 E885.72547
G1 X111.415 Y103.138 E885.75733
G1 X111.135 Y102.968 E885.77912
G1 X108.159 Y102.965 E885.97708
G1 X107.964 Y103.11 E885.99325
G1 X107.61 Y103.252 E886.01862
G1 X105.577 Y103.26 E886.15386
G1 X105.284 Y103.197 E886.17379
G1 X105.28 Y104.676 E886.27218
G1 X109.78 Y113.504 E886.93131
G1 X109.783 Y113.611 E886.93843
G1 X109.721 Y113.714 E886.94643
G1 X109.623 Y113.762 E886.95369
G1 X105.368 Y113.764 E887.23673
G1 X105.365 Y117.356 E887.47567
G0 F9000 X105.565 Y116.879
G1 F1500 X105.842 Y117.156 E887.50173
G0 F9000 X106.408 Y117.156
G1 F1500 X105.566 Y116.314 E887.58094
G0 F9000 X105.566 Y115.748
G1 F1500 X106.973 Y117.156 E887.71335
G0 F9000 X107.539 Y117.156
G1 F1500 X105.567 Y115.183 E887.89891
G0 F9000 X105.568 Y114.618
G1 F1500 X108.105 Y117.156 E888.13762
G0 F9000 X108.67 Y117.156
G1 F1500 X105.568 Y114.053 E888.42949
G0 F9000 X106.045 Y113.964
G1 F1500 X109.236 Y117.156 E888.72972
G0 F9000 X109.802 Y117.156
G1 F1500 X106.609 Y113.963 E889.0301
G0 F9000 X107.174 Y113.962
G1 F1500 X110.367 Y117.156 E889.33053
G0 F9000 X110.933 Y117.156
G1 F1500 X107.739 Y113.962 E889.631
G0 F9000 X108.304 Y113.961
G1 F1500 X111.499 Y117.156 E889.93157
G0 F9000 X112.064 Y117.156
G1 F1500 X108.869 Y113.96 E890.23218
G0 F9000 X109.434 Y113.959
G1 F1500 X112.63 Y117.156 E890.53289
G0 F9000 X113.196 Y117.156
G1 F1500 X109.872 Y113.832 E890.84559
G0 F9000 X109.889 Y113.283
G1 F1500 X113.761 Y117.156 E891.20989
G0 F9000 X114.327 Y117.156
G1 F1500 X109.301 Y112.129 E891.68275
G0 F9000 X108.897 Y112.334
G0 X108.309 Y111.181
G0 X108.713 Y110.976
G1 F1500 X114.764 Y117.027 E892.25199
G0 F9000 X114.764 Y116.461
G1 F1500 X108.127 Y109.824 E892.87636
G0 F9000 X107.721 Y110.03
G0 X107.132 Y108.876
G0 X107.539 Y108.67
G1 F1500 X114.764 Y115.896 E893.55609
G0 F9000 X115.227 Y115.896
G0 X114.795 Y114.74
G0 X114.384 Y114.949
G1 F1500 X106.951 Y107.517 E894.25529
G0 F9000 X106.544 Y107.723
G0 X105.956 Y106.571
G0 X106.364 Y106.364
G1 F1500 X113.791 Y113.791 E894.95398
G0 F9000 X114.202 Y113.582
G0 X113.61 Y112.424
G0 X113.199 Y112.633
G1 F1500 X105.776 Y105.21 E895.65229
G0 F9000 X105.481 Y104.349
G1 F1500 X112.606 Y111.475 E896.32261
G0 F9000 X113.017 Y111.266
G0 X112.424 Y110.107
G0 X112.013 Y110.316
G1 F1500 X105.483 Y103.786 E896.93692
G0 F9000 X105.722 Y103.46
G1 F1500 X111.421 Y109.158 E897.473
G0 F9000 X111.831 Y108.949
G0 X111.239 Y107.791
G0 X110.828 Y108
G1 F1500 X106.286 Y103.458 E897.90028
G0 F9000 X106.849 Y103.455
G1 F1500 X110.28 Y106.886 E898.22305
G0 F9000 X110.417 Y106.457
G1 F1500 X107.413 Y103.453 E898.50565
G0 F9000 X107.883 Y103.358
G1 F1500 X110.89 Y106.364 E898.78848
G0 F9000 X111.455 Y106.364
G1 F1500 X108.257 Y103.165 E899.08937
G0 F9000 X108.823 Y103.166
G1 F1500 X112.02 Y106.363 E899.39013
G0 F9000 X112.585 Y106.362
G1 F1500 X109.389 Y103.167 E899.69074
G0 F9000 X109.956 Y103.168
G1 F1500 X113.15 Y106.362 E899.99121
G0 F9000 X113.715 Y106.361
G1 F1500 X110.522 Y103.168 E900.29159
G0 F9000 X111.101 Y103.181
G1 F1500 X114.28 Y106.361 E900.5907
G0 F9000 X114.845 Y106.36
G1 F1500 X111.943 Y103.458 E900.8637
G0 F9000 X112.508 Y103.457
G1 F1500 X114.952 Y105.901 E901.09362
G0 F9000 X114.952 Y105.336
G1 F1500 X113.073 Y103.456 E901.27043
G0 F9000 X113.638 Y103.456
G1 F1500 X114.952 Y104.77 E901.39404
G0 F9000 X114.952 Y104.204
G1 F1500 X114.134 Y103.386 E901.471
G0 F9000 X114.495 Y103.181
G1 F1500 X114.952 Y103.639 E901.51403
G0 F9000 X115.712 Y103.639
;MESH:NONMESH
G0 F300 X115.712 Y103.639 Z15.8
G0 F9000 X117.642 Y114.258
G0 X119.53 Y119.53
G0 X119.8 Y119.8
;TIME_ELAPSED:752.012533
;LAYER:39
;TYPE:WALL-OUTER
;MESH:xyzCalibration_cube.stl
G1 F1500 X119.8 Y114.26 E901.88256
G1 X118.067 Y114.256 E901.99784
G1 X117.949 Y114.218 E902.00608
G1 X117.87 Y114.085 E902.01637
G1 X117.868 Y112.323 E902.13358
G1 X117.914 Y112.211 E902.14164
G1 X118.013 Y112.14 E902.14974
G1 X119.8 Y112.143 E902.26861
G1 X119.8 Y106.884 E902.61844
G1 X118.018 Y106.884 E902.73698
G1 X117.935 Y106.831 E902.74353
G1 X117.875 Y106.724 E902.75169
G1 X117.875 Y104.909 E902.87243
G1 X117.955 Y104.785 E902.88224
G1 X118.025 Y104.753 E902.88736
G1 X119.8 Y104.748 E903.00544
G1 X119.8 Y100.2 E903.30797
G1 X114.072 Y100.2 E903.689
G1 X114.072 Y101.945 E903.80508
G1 X114.024 Y102.032 E903.81169
G1 X113.921 Y102.1 E903.8199
G1 X112.2 Y102.099 E903.93438
G1 X112.098 Y102.053 E903.94182
G1 X112.028 Y101.946 E903.95033
G1 X112.024 Y100.2 E904.06647
G1 X107.324 Y100.2 E904.37912
G1 X107.324 Y101.94 E904.49486
G1 X107.254 Y102.053 E904.5037
G1 X107.168 Y102.096 E904.5101
G1 X105.442 Y102.098 E904.62491
G1 X105.306 Y102.012 E904.63562
G1 X105.272 Y101.9 E904.6434
G1 X105.272 Y100.2 E904.75649
G1 X100.2 Y100.2 E905.09388
G1 X100.201 Y119.799 E906.39761
G1 X119.8 Y119.8 E907.70134
G0 F9000 X119.4 Y119.4
;TYPE:WALL-INNER
G1 F1500 X119.4 Y114.659 E908.01671
G1 X118.066 Y114.656 E908.10545
G1 X117.843 Y114.613 E908.12056
G1 X117.712 Y114.54 E908.13053
G1 X117.539 Y114.341 E908.14807
G1 X117.474 Y114.142 E908.162
G1 X117.47 Y112.29 E908.2852
G1 X117.572 Y112.001 E908.30558
G1 X117.737 Y111.838 E908.32101
G1 X118.07 Y111.74 E908.3441
G1 X119.4 Y111.742 E908.43257
G1 X119.4 Y107.284 E908.72912
G1 X118.072 Y107.284 E908.81746
G1 X117.74 Y107.185 E908.84051
G1 X117.551 Y106.984 E908.85886
G1 X117.472 Y106.774 E908.87378
G1 X117.472 Y104.865 E909.00077
G1 X117.527 Y104.696 E909.01259
G1 X117.721 Y104.461 E909.03286
G1 X117.968 Y104.348 E909.05093
G1 X119.4 Y104.348 E909.14619
G1 X119.4 Y100.6 E909.39551
G1 X114.472 Y100.6 E909.72332
G1 X114.472 Y102.039 E909.81904
G1 X114.28 Y102.341 E909.84285
G1 X114.059 Y102.471 E909.8599
G1 X113.872 Y102.5 E909.87249
G1 X112.196 Y102.5 E909.98398
G1 X111.966 Y102.441 E909.99977
G1 X111.712 Y102.207 E910.02275
G1 X111.628 Y101.902 E910.04379
G1 X111.625 Y100.6 E910.1304
G1 X107.724 Y100.6 E910.3899
G1 X107.724 Y102.028 E910.48489
G1 X107.573 Y102.299 E910.50552
G1 X107.461 Y102.397 E910.51542
G1 X107.245 Y102.496 E910.53123
G1 X105.382 Y102.494 E910.65516
G1 X105.176 Y102.423 E910.66965
G1 X104.974 Y102.236 E910.68796
G1 X104.904 Y102.095 E910.69843
G1 X104.872 Y101.9 E910.71158
G1 X104.872 Y100.6 E910.79806
G1 X100.6 Y100.6 E911.08223
G1 X100.601 Y119.399 E912.33274
G1 X119.4 Y119.4 E913.58326
G0 F9000 X119 Y119
G1 F1500 X119 Y115.058 E913.84548
G1 X118.065 Y115.056 E913.90768
G1 X117.694 Y114.984 E913.93282
G1 X117.475 Y114.862 E913.94949
G1 X117.187 Y114.531 E913.97868
G1 X117.068 Y114.156 E914.00485
G1 X117.071 Y112.257 E914.13117
G1 X117.201 Y111.84 E914.16023
G1 X117.387 Y111.606 E914.18011
G1 X117.704 Y111.408 E914.20497
G1 X118.071 Y111.34 E914.2298
G1 X119 Y111.341 E914.2916
G1 X119 Y107.684 E914.53487
G1 X118.072 Y107.684 E914.5966
G1 X117.706 Y107.615 E914.62137
G1 X117.39 Y107.417 E914.64618
G1 X117.245 Y107.247 E914.66104
G1 X117.128 Y107.016 E914.67827
G1 X117.072 Y106.684 E914.70066
G1 X117.072 Y104.809 E914.82539
G1 X117.163 Y104.529 E914.84497
G1 X117.302 Y104.308 E914.86234
G1 X117.487 Y104.136 E914.87914
G1 X117.899 Y103.948 E914.90927
G1 X119 Y103.948 E914.98251
G1 X119 Y101 E915.17861
G1 X114.872 Y101 E915.4532
G1 X114.872 Y101.9 E915.51307
G1 X114.825 Y102.205 E915.5336
G1 X114.719 Y102.434 E915.55039
G1 X114.552 Y102.634 E915.56772
G1 X114.183 Y102.851 E915.59619
G1 X113.872 Y102.9 E915.61714
G1 X112.129 Y102.896 E915.73308
G1 X111.792 Y102.801 E915.75637
G1 X111.582 Y102.664 E915.77305
G1 X111.368 Y102.411 E915.79509
G1 X111.27 Y102.187 E915.81136
G1 X111.228 Y101.903 E915.83046
G1 X111.226 Y101 E915.89052
G1 X108.124 Y101 E916.09687
G1 X108.124 Y101.9 E916.15674
G1 X108.082 Y102.187 E916.17603
G1 X107.872 Y102.565 E916.2048
G1 X107.685 Y102.729 E916.22134
G1 X107.446 Y102.848 E916.2391
G1 X107.24 Y102.894 E916.25314
G1 X105.371 Y102.9 E916.37747
G1 X104.979 Y102.771 E916.40492
G1 X104.801 Y102.643 E916.41951
G1 X104.642 Y102.459 E916.43568
G1 X104.526 Y102.225 E916.45306
G1 X104.472 Y101.9 E916.47497
G1 X104.472 Y101 E916.53484
G1 X101 Y101 E916.7658
G1 X101.001 Y118.999 E917.9631
G1 X119 Y119 E919.1604
G0 F9000 X112.091 Y118.919
;TYPE:FILL
G1 F3000 X110.57 Y117.398 E919.30348
G0 F9000 X110.57 Y117.618
G0 X109.429 Y117.618
G0 X109.429 Y117.398
G1 F3000 X107.908 Y118.919 E919.44657
G0 F9000 X105.178 Y117.546
G0 X105.178 Y113.577
G0 X106.897 Y113.505
G0 X106.897 Y113.725
G1 F3000 X101.08 Y107.908 E919.9938
G0 F9000 X101.081 Y112.091
G1 F3000 X106.338 Y106.834 E920.48834
G0 F9000 X106.142 Y106.933
G0 X105.084 Y104.724
G0 X105.098 Y103.016
G0 X107.36 Y102.818
G0 X109.755 Y102.707
G0 X109.755 Y102.927
G1 F3000 X108.204 Y101.376 E920.63425
G0 F9000 X110.244 Y102.707
G0 X110.244 Y102.927
G1 F3000 X111.164 Y102.007 E920.7208
G0 F9000 X111.402 Y102.73
G0 X115.34 Y102.779
G0 X115.34 Y106.748
G0 X113.428 Y106.82
G0 X113.428 Y106.601
G1 F3000 X118.088 Y111.26 E921.15914
G0 F9000 X118.92 Y107.907
G1 F3000 X113.715 Y113.112 E921.64879
G0 F9000 X113.911 Y113.013
G0 X115.165 Y115.599
G0 X115.155 Y117.546
G0 X105.178 Y117.546
G0 X105.364 Y117.356
;TYPE:SKIN
G1 F1500 X114.964 Y117.356 E922.28738
G1 X114.964 Y115.645 E922.4012
G1 X110.441 Y106.804 E923.0618
G1 X110.47 Y106.66 E923.07157
G1 X110.609 Y106.562 E923.08288
G1 X115.152 Y106.56 E923.38509
G1 X115.152 Y102.964 E923.62429
G1 X114.691 Y102.964 E923.65496
G1 X114.306 Y103.192 E923.68472
G1 X113.896 Y103.258 E923.71235
G1 X112.163 Y103.257 E923.82763
G1 X111.712 Y103.175 E923.85812
G1 X111.388 Y102.964 E923.88384
G1 X107.964 Y102.964 E924.11161
G1 X107.635 Y103.171 E924.13746
G1 X107.224 Y103.26 E924.16544
G1 X105.28 Y103.26 E924.29475
G1 X105.28 Y104.676 E924.38894
G1 X109.78 Y113.504 E925.04808
G1 X109.783 Y113.611 E925.0552
G1 X109.721 Y113.714 E925.06319
G1 X109.623 Y113.762 E925.07045
G1 X105.364 Y113.764 E925.35376
G1 X105.364 Y117.356 E925.5927
G0 F9000 X105.106 Y117.356
G0 X115.155 Y117.546
G0 X115.227 Y116.601
G0 X114.764 Y116.601
G1 F1500 X114.209 Y117.156 E925.64492
G0 F9000 X113.643 Y117.156
G1 F1500 X114.764 Y116.036 E925.75033
G0 F9000 X114.688 Y115.545
G1 F1500 X113.078 Y117.156 E925.90183
G0 F9000 X112.512 Y117.156
G1 F1500 X114.497 Y115.171 E926.08857
G0 F9000 X114.305 Y114.797
G1 F1500 X111.946 Y117.156 E926.31049
G0 F9000 X111.381 Y117.156
G1 F1500 X114.114 Y114.423 E926.56759
G0 F9000 X113.923 Y114.049
G1 F1500 X110.815 Y117.156 E926.85993
G0 F9000 X110.249 Y117.156
G1 F1500 X113.731 Y113.674 E927.18749
G0 F9000 X113.539 Y113.3
G1 F1500 X109.684 Y117.156 E927.55019
G0 F9000 X109.118 Y117.156
G1 F1500 X113.348 Y112.926 E927.94813
G0 F9000 X113.157 Y112.552
G1 F1500 X108.552 Y117.156 E928.38129
G0 F9000 X107.987 Y117.156
G1 F1500 X112.965 Y112.178 E928.84959
G0 F9000 X112.774 Y111.803
G1 F1500 X107.421 Y117.156 E929.35317
G0 F9000 X106.855 Y117.156
G1 F1500 X112.583 Y111.429 E929.89197
G0 F9000 X112.391 Y111.055
G1 F1500 X109.973 Y113.473 E930.11944
G0 F9000 X109.791 Y113.089
G1 F1500 X112.199 Y110.681 E930.34597
G0 F9000 X112.008 Y110.307
G1 F1500 X109.6 Y112.714 E930.57246
G0 F9000 X109.409 Y112.339
G1 F1500 X111.817 Y109.932 E930.79894
G0 F9000 X111.625 Y109.558
G1 F1500 X109.218 Y111.965 E931.02538
G0 F9000 X109.027 Y111.59
G1 F1500 X111.434 Y109.184 E931.25177
G0 F9000 X111.242 Y108.81
G1 F1500 X108.836 Y111.215 E931.47806
G0 F9000 X108.646 Y110.84
G1 F1500 X111.051 Y108.435 E931.70431
G0 F9000 X110.859 Y108.061
G1 F1500 X108.455 Y110.466 E931.93051
G0 F9000 X108.264 Y110.091
G1 F1500 X110.668 Y107.687 E932.15666
G0 F9000 X110.477 Y107.312
G1 F1500 X108.073 Y109.716 E932.38282
G0 F9000 X107.882 Y109.341
G1 F1500 X110.285 Y106.938 E932.60887
G0 F9000 X110.858 Y106.365
G1 F1500 X113.764 Y103.46 E932.88221
G0 F9000 X113.199 Y103.459
G1 F1500 X107.691 Y108.967 E933.40037
G0 F9000 X107.5 Y108.592
G1 F1500 X112.634 Y103.458 E933.88334
G0 F9000 X112.083 Y103.443
G1 F1500 X107.309 Y108.217 E934.33245
G0 F9000 X107.118 Y107.842
G1 F1500 X111.613 Y103.347 E934.75531
G0 F9000 X111.231 Y103.164
G1 F1500 X106.927 Y107.468 E935.16021
G0 F9000 X106.736 Y107.093
G1 F1500 X110.665 Y103.164 E935.52982
G0 F9000 X110.099 Y103.164
G1 F1500 X106.545 Y106.719 E935.86421
G0 F9000 X106.354 Y106.344
G1 F1500 X109.534 Y103.164 E936.16336
G0 F9000 X108.968 Y103.164
G1 F1500 X106.163 Y105.969 E936.42724
G0 F9000 X105.972 Y105.594
G1 F1500 X108.402 Y103.164 E936.65584
G0 F9000 X107.622 Y103.378
G1 F1500 X105.781 Y105.22 E936.82908
G0 F9000 X105.59 Y104.845
G1 F1500 X106.975 Y103.46 E936.95937
G0 F9000 X106.41 Y103.46
G1 F1500 X105.48 Y104.389 E937.04681
G0 F9000 X105.48 Y103.824
G1 F1500 X105.844 Y103.46 E937.08105
G0 F9000 X105.844 Y103
G0 X107.89 Y102.771
G0 X111.204 Y102.553
G0 X111.479 Y102.787
G0 X115.34 Y102.779
G0 X115.34 Y106.748
G0 X111.424 Y106.82
G0 X111.424 Y106.364
G1 F1500 X114.451 Y103.338 E937.36577
G0 F9000 X114.952 Y103.403
G1 F1500 X111.991 Y106.364 E937.64432
G0 F9000 X112.557 Y106.363
G1 F1500 X114.952 Y103.969 E937.86958
G0 F9000 X114.952 Y104.534
G1 F1500 X113.124 Y106.362 E938.04155
G0 F9000 X113.689 Y106.362
G1 F1500 X114.952 Y105.1 E938.16031
G0 F9000 X114.952 Y105.666
G1 F1500 X114.256 Y106.362 E938.22579
G0 F9000 X114.822 Y106.361
G1 F1500 X114.952 Y106.231 E938.23802
G1 F2700 E929.23802
G0 F9000 X115.412 Y106.231
G0 X115.155 Y117.546
G0 X105.178 Y117.546
G0 X105.178 Y113.577
G0 X109.487 Y113.505
G0 X109.487 Y113.959
G1 F2700 E938.23802
G1 F1500 X106.289 Y117.156 E938.53882
G0 F9000 X105.724 Y117.156
G1 F1500 X108.921 Y113.959 E938.83958
G0 F9000 X108.354 Y113.96
G1 F1500 X105.564 Y116.75 E939.10204
G0 F9000 X105.564 Y116.185
G1 F1500 X107.788 Y113.961 E939.31126
G0 F9000 X107.221 Y113.962
G1 F1500 X105.564 Y115.619 E939.46714
G0 F9000 X105.564 Y115.053
G1 F1500 X106.655 Y113.962 E939.56978
G0 F9000 X106.089 Y113.963
G1 F1500 X105.564 Y114.488 E939.61917
G0 F9000 X104.806 Y114.488
;MESH:NONMESH
G0 F300 X104.806 Y114.488 Z16.2
G0 F9000 X104.924 Y117.8
G0 X119.53 Y119.53
G0 X119.8 Y119.8
;TIME_ELAPSED:785.899909
;LAYER:40
;TYPE:WALL-OUTER
;MESH:xyzCalibration_cube.stl
G1 F1500 X119.8 Y114.488 E939.97252
G1 X118.016 Y114.484 E940.09119
G1 X117.868 Y114.33 E940.1054
G1 X117.872 Y112.544 E940.22421
G1 X117.94 Y112.413 E940.23403
G1 X118.024 Y112.364 E940.24049
G1 X119.8 Y112.367 E940.35863
G1 X119.8 Y100.2 E941.16799
G1 X100.2 Y100.2 E942.47178
G1 X100.2 Y119.8 E943.77558
G1 X119.8 Y119.8 E945.07938
G0 F9000 X119.4 Y119.4
;TYPE:WALL-INNER
G1 F1500 X119.4 Y114.887 E945.37958
G1 X118.066 Y114.884 E945.46832
G1 X117.861 Y114.848 E945.48217
G1 X117.723 Y114.776 E945.49252
G1 X117.542 Y114.575 E945.51051
G1 X117.468 Y114.345 E945.52659
G1 X117.474 Y112.505 E945.64898
G1 X117.529 Y112.307 E945.66265
G1 X117.676 Y112.112 E945.6789
G1 X117.877 Y111.996 E945.69434
G1 X118.074 Y111.964 E945.70761
G1 X119.4 Y111.966 E945.79582
G1 X119.4 Y100.6 E946.55189
G1 X100.6 Y100.6 E947.80247
G1 X100.6 Y119.4 E949.05305
G1 X119.4 Y119.4 E950.30363
G0 F9000 X119 Y119
G1 F1500 X119 Y115.286 E950.55069
G1 X118.065 Y115.284 E950.61288
G1 X117.723 Y115.223 E950.63599
G1 X117.494 Y115.104 E950.65316
G1 X117.192 Y114.768 E950.68321
G1 X117.068 Y114.384 E950.71005
G1 X117.076 Y112.465 E950.83771
G1 X117.167 Y112.136 E950.86042
G1 X117.263 Y111.974 E950.87294
G1 X117.542 Y111.715 E950.89826
G1 X117.747 Y111.617 E950.91338
G1 X118.075 Y111.564 E950.93548
G1 X119 Y111.565 E950.99701
G1 X119 Y101 E951.6998
G1 X101 Y101 E952.89716
G1 X101 Y119 E954.09453
G1 X119 Y119 E955.29189
G0 F9000 X112.492 Y118.92
;TYPE:FILL
G1 F3000 X110.971 Y117.398 E955.43503
G0 F9000 X110.971 Y117.618
G0 X109.029 Y117.618
G0 X109.029 Y117.398
G1 F3000 X107.507 Y118.92 E955.57821
G0 F9000 X105.178 Y117.546
G0 X105.178 Y113.577
G0 X107.297 Y113.505
G0 X107.297 Y113.725
G1 F3000 X101.08 Y107.507 E956.16311
G0 F9000 X101.08 Y112.491
G1 F3000 X106.473 Y107.098 E956.67045
G0 F9000 X106.276 Y107.197
G0 X105.084 Y104.724
G0 X104.695 Y103.13
G0 X104.695 Y101.172
G0 X108.806 Y101.172
G0 X109.355 Y102.707
G0 X109.355 Y102.927
G1 F3000 X108.656 Y102.229 E956.73616
G0 F9000 X108.876 Y102.23
G0 X110.494 Y101.172
G0 X114.59 Y101.172
G0 X115.34 Y102.779
G0 X115.34 Y106.748
G0 X113.028 Y106.82
G0 X113.028 Y106.601
G1 F3000 X117.935 Y111.507 E957.19774
G0 F9000 X118.192 Y108.455
G0 X118.192 Y108.235
G1 F3000 X113.58 Y112.847 E957.6316
G0 F9000 X113.776 Y112.748
G0 X115.165 Y115.599
G0 X115.155 Y117.546
G0 X105.178 Y117.546
G0 X105.364 Y117.356
;TYPE:SKIN
G1 F1500 X114.964 Y117.356 E958.2702
G1 X114.964 Y115.645 E958.38402
G1 X110.465 Y106.852 E959.04105
G1 X110.449 Y106.712 E959.05042
G1 X110.492 Y106.629 E959.05664
G1 X110.609 Y106.562 E959.06561
G1 X115.152 Y106.56 E959.36781
G1 X115.152 Y102.964 E959.60701
G1 X114.6 Y102.964 E959.64373
G1 X114.465 Y102.913 E959.65333
G1 X114.4 Y102.764 E959.66415
G1 X114.4 Y101.36 E959.75754
G1 X110.681 Y101.36 E960.00493
G1 X110.678 Y102.813 E960.10158
G1 X110.588 Y102.936 E960.11172
G1 X110.5 Y102.964 E960.11787
G1 X108.783 Y102.962 E960.23208
G1 X108.667 Y102.899 E960.24086
G1 X108.619 Y102.802 E960.24806
G1 X108.616 Y101.36 E960.34398
G1 X104.88 Y101.36 E960.5925
G1 X104.88 Y102.94 E960.69761
G1 X105.08 Y102.94 E960.71091
G1 X105.209 Y102.986 E960.72002
G1 X105.28 Y103.129 E960.73064
G1 X105.28 Y104.675 E960.83348
G1 X109.78 Y113.504 E961.49267
G1 X109.783 Y113.611 E961.49979
G1 X109.721 Y113.714 E961.50779
G1 X109.623 Y113.762 E961.51505
G1 X105.364 Y113.764 E961.79836
G1 X105.364 Y117.356 E962.0373
G0 F9000 X105.842 Y117.156
G1 F1500 X105.564 Y116.878 E962.06345
G0 F9000 X105.564 Y116.312
G1 F1500 X106.408 Y117.156 E962.14285
G0 F9000 X106.973 Y117.156
G1 F1500 X105.564 Y115.746 E962.27545
G0 F9000 X105.564 Y115.181
G1 F1500 X107.539 Y117.156 E962.46124
G0 F9000 X108.105 Y117.156
G1 F1500 X105.564 Y114.615 E962.70029
G0 F9000 X105.564 Y114.049
G1 F1500 X108.67 Y117.156 E962.99253
G0 F9000 X109.236 Y117.156
G1 F1500 X106.045 Y113.964 E963.29276
G0 F9000 X106.609 Y113.963
G1 F1500 X109.802 Y117.156 E963.59314
G0 F9000 X110.367 Y117.156
G1 F1500 X107.174 Y113.962 E963.89357
G0 F9000 X107.739 Y113.962
G1 F1500 X110.933 Y117.156 E964.19404
G0 F9000 X111.499 Y117.156
G1 F1500 X108.304 Y113.961 E964.4946
G0 F9000 X108.869 Y113.96
G1 F1500 X112.064 Y117.156 E964.79522
G0 F9000 X112.63 Y117.156
G1 F1500 X109.434 Y113.959 E965.09592
G0 F9000 X109.872 Y113.832
G1 F1500 X113.196 Y117.156 E965.40863
G0 F9000 X113.761 Y117.156
G1 F1500 X109.889 Y113.283 E965.77293
G0 F9000 X109.486 Y113.488
G0 X108.898 Y112.335
G0 X109.302 Y112.13
G1 F1500 X114.327 Y117.156 E966.24569
G0 F9000 X114.764 Y117.027
G1 F1500 X108.714 Y110.977 E966.81484
G0 F9000 X108.31 Y111.182
G0 X107.722 Y110.03
G0 X108.127 Y109.824
G1 F1500 X114.764 Y116.461 E967.43921
G0 F9000 X114.764 Y115.896
G1 F1500 X107.54 Y108.671 E968.11885
G0 F9000 X107.134 Y108.877
G0 X106.545 Y107.724
G0 X106.952 Y107.518
G1 F1500 X114.384 Y114.949 E968.81796
G0 F9000 X114.795 Y114.74
G0 X114.202 Y113.582
G0 X113.791 Y113.791
G1 F1500 X106.365 Y106.365 E969.51655
G0 F9000 X105.957 Y106.572
G0 X105.369 Y105.419
G0 X105.778 Y105.212
G1 F1500 X113.199 Y112.633 E970.21467
G0 F9000 X113.61 Y112.424
G0 X113.017 Y111.266
G0 X112.606 Y111.475
G1 F1500 X105.48 Y104.348 E970.88509
G0 F9000 X105.48 Y103.783
G1 F1500 X112.013 Y110.316 E971.49967
G0 F9000 X112.424 Y110.107
G0 X111.831 Y108.949
G0 X111.421 Y109.158
G1 F1500 X105.48 Y103.217 E972.05857
G0 F9000 X105.022 Y103.217
G0 X104.695 Y103.13
G0 X104.623 Y102.252
G0 X105.08 Y102.252
G1 F1500 X110.828 Y108 E972.5993
G0 F9000 X111.239 Y107.791
G0 X110.663 Y106.772
G0 X110.281 Y106.887
G1 F1500 X105.08 Y101.686 E973.08858
G0 F9000 X105.52 Y101.56
G1 F1500 X110.415 Y106.455 E973.54907
G0 F9000 X110.89 Y106.364
G1 F1500 X106.086 Y101.56 E974.001
G0 F9000 X106.652 Y101.56
G1 F1500 X111.455 Y106.364 E974.45289
G0 F9000 X112.02 Y106.363
G1 F1500 X108.817 Y103.16 E974.75421
G0 F9000 X109.384 Y103.161
G1 F1500 X112.585 Y106.362 E975.05534
G0 F9000 X113.15 Y106.362
G1 F1500 X109.951 Y103.163 E975.35628
G0 F9000 X110.517 Y103.163
G1 F1500 X113.715 Y106.361 E975.65713
G0 F9000 X114.28 Y106.361
G1 F1500 X110.843 Y102.924 E975.98046
G0 F9000 X110.883 Y102.398
G1 F1500 X114.845 Y106.36 E976.35318
G0 F9000 X114.952 Y105.901
G1 F1500 X110.881 Y101.83 E976.73615
G0 F9000 X111.176 Y101.56
G1 F1500 X114.952 Y105.335 E977.09133
G0 F9000 X114.952 Y104.769
G1 F1500 X111.742 Y101.56 E977.39326
G0 F9000 X112.308 Y101.56
G1 F1500 X114.952 Y104.203 E977.64194
G0 F9000 X114.952 Y103.638
G1 F1500 X114.402 Y103.088 E977.69369
G0 F9000 X114.235 Y102.922
G1 F1500 X112.873 Y101.56 E977.82181
G0 F9000 X113.439 Y101.56
G1 F1500 X114.2 Y102.32 E977.89336
G0 F9000 X114.2 Y101.755
G1 F1500 X114.005 Y101.56 E977.9117
G0 F9000 X114.005 Y101.1
G0 X110.494 Y101.172
G0 X108.877 Y101.629
G0 X108.416 Y101.628
G1 F1500 X108.349 Y101.56 E977.91805
G0 F9000 X107.783 Y101.56
G1 F1500 X108.416 Y102.193 E977.9776
G0 F9000 X108.416 Y102.759
G1 F1500 X107.217 Y101.56 E978.09039
G0 F9000 X107.217 Y101.1
G0 X114.59 Y101.172
G0 X115.265 Y102.618
G0 X116.773 Y108.192
G0 X117.032 Y108.192
G1 F1500 X118.64 Y108.192 E978.19736
G1 X118.64 Y104.389 E978.45034
G1 X117.032 Y104.392 E978.5573
G1 X117.032 Y108.192 E978.81008
G0 F9000 X117.608 Y107.991
G1 F1500 X117.232 Y107.615 E978.84545
G0 F9000 X117.232 Y107.05
G1 F1500 X118.174 Y107.991 E978.93402
G0 F9000 X118.44 Y107.692
G1 F1500 X117.232 Y106.484 E979.04766
G0 F9000 X117.232 Y105.918
G1 F1500 X118.44 Y107.127 E979.16135
G0 F9000 X118.44 Y106.561
G1 F1500 X117.232 Y105.353 E979.27499
G0 F9000 X117.232 Y104.787
G1 F1500 X118.44 Y105.995 E979.38863
G0 F9000 X118.44 Y105.43
G1 F1500 X117.602 Y104.591 E979.46751
G0 F9000 X118.166 Y104.59
G1 F1500 X118.44 Y104.864 E979.49329
;MESH:NONMESH
G0 F300 X118.44 Y104.864 Z16.6
G0 F9000 X118.9 Y104.864
G0 X118.914 Y112.129
G0 X117.644 Y112.135
G0 X117.643 Y114.711
G0 X119.53 Y119.53
G0 X119.8 Y119.8
;TIME_ELAPSED:819.967551
;LAYER:41
;TYPE:WALL-OUTER
;MESH:xyzCalibration_cube.stl
G1 F1500 X119.8 Y100.2 E980.79709
G1 X100.2 Y100.2 E982.10088
G1 X100.2 Y119.8 E983.40468
G1 X119.8 Y119.8 E984.70848
G0 F9000 X119.4 Y119.4
;TYPE:WALL-INNER
G1 F1500 X119.4 Y100.6 E985.95906
G1 X100.6 Y100.6 E987.20964
G1 X100.6 Y119.4 E988.46022
G1 X119.4 Y119.4 E989.7108
G0 F9000 X119 Y119
G1 F1500 X119 Y101 E990.90817
G1 X101 Y101 E992.10553
G1 X101 Y119 E993.3029
G1 X119 Y119 E994.50026
G0 F9000 X112.891 Y118.92
;TYPE:FILL
G1 F3000 X111.369 Y117.398 E994.64344
G0 F9000 X111.369 Y117.618
G0 X108.63 Y117.618
G0 X108.63 Y117.398
G1 F3000 X107.108 Y118.92 E994.78662
G0 F9000 X105.178 Y117.546
G0 X105.178 Y113.577
G0 X107.696 Y113.505
G0 X107.696 Y113.725
G1 F3000 X101.08 Y107.108 E995.40906
G0 F9000 X106.411 Y107.462
G0 X106.608 Y107.363
G1 F3000 X101.08 Y112.89 E995.92906
G0 F9000 X105.178 Y117.546
G0 X115.155 Y117.546
G0 X115.165 Y115.599
G0 X113.64 Y112.484
G0 X113.445 Y112.583
G1 F3000 X118.027 Y108.001 E996.3601
G0 F9000 X118.027 Y108.221
G0 X117.067 Y110.818
G0 X117.066 Y111.037
G1 F3000 X112.629 Y106.601 E996.77746
G0 F9000 X112.629 Y106.82
G0 X115.34 Y106.748
G0 X115.34 Y102.779
G0 X114.846 Y101.172
G0 X110.747 Y101.172
G0 X108.955 Y102.707
G0 X108.955 Y102.926
G1 F3000 X108.43 Y102.401 E996.82685
G0 F9000 X108.649 Y102.402
G0 X108.58 Y101.172
G0 X104.47 Y101.172
G0 X104.47 Y102.758
G0 X105.106 Y117.356
G0 X105.364 Y117.356
;TYPE:SKIN
G1 F1500 X114.964 Y117.356 E997.46544
G1 X114.964 Y115.645 E997.57926
G1 X110.465 Y106.852 E998.23629
G1 X110.449 Y106.712 E998.24566
G1 X110.521 Y106.602 E998.25441
G1 X110.609 Y106.562 E998.26084
G1 X115.152 Y106.56 E998.56304
G1 X115.152 Y102.964 E998.80225
G1 X114.856 Y102.964 E998.82194
G1 X114.695 Y102.884 E998.8339
G1 X114.662 Y102.814 E998.83905
G1 X114.656 Y101.36 E998.93577
G1 X110.933 Y101.36 E999.18342
G1 X110.93 Y102.814 E999.28014
G1 X110.859 Y102.922 E999.28874
G1 X110.771 Y102.962 E999.29517
G1 X108.572 Y102.964 E999.44145
G1 X108.447 Y102.907 E999.45059
G1 X108.392 Y102.807 E999.45818
G1 X108.391 Y101.36 E999.55443
G1 X104.656 Y101.36 E999.80289
G1 X104.656 Y102.94 E999.90799
G1 X105.141 Y102.94 E999.94025
G1 X105.249 Y103.031 E999.94965
G1 X105.279 Y103.115 E999.95558
G1 X105.28 Y104.675 E1000.05935
G1 X109.78 Y113.504 E1000.71854
G1 X109.783 Y113.611 E1000.72566
G1 X109.721 Y113.714 E1000.73366
G1 X109.623 Y113.762 E1000.74092
G1 X105.364 Y113.764 E1001.02423
G1 X105.364 Y117.356 E1001.26317
G0 F9000 X105.106 Y117.356
G0 X115.155 Y117.546
G0 X115.227 Y116.601
G0 X114.764 Y116.601
G1 F1500 X114.209 Y117.156 E1001.31538
G0 F9000 X113.643 Y117.156
G1 F1500 X114.764 Y116.036 E1001.42079
G0 F9000 X114.688 Y115.545
G1 F1500 X113.078 Y117.156 E1001.5723
G0 F9000 X112.512 Y117.156
G1 F1500 X114.497 Y115.171 E1001.75903
G0 F9000 X114.305 Y114.797
G1 F1500 X111.946 Y117.156 E1001.98095
G0 F9000 X111.381 Y117.156
G1 F1500 X114.114 Y114.423 E1002.23806
G0 F9000 X113.923 Y114.049
G1 F1500 X110.815 Y117.156 E1002.53039
G0 F9000 X110.249 Y117.156
G1 F1500 X113.731 Y113.674 E1002.85796
G0 F9000 X113.539 Y113.3
G1 F1500 X109.684 Y117.156 E1003.22066
G0 F9000 X109.118 Y117.156
G1 F1500 X113.348 Y112.926 E1003.61859
G0 F9000 X113.156 Y112.552
G1 F1500 X108.552 Y117.156 E1004.05171
G0 F9000 X107.987 Y117.156
G1 F1500 X112.965 Y112.178 E1004.52001
G0 F9000 X112.774 Y111.803
G1 F1500 X107.421 Y117.156 E1005.02359
G0 F9000 X106.855 Y117.156
G1 F1500 X112.582 Y111.429 E1005.56235
G0 F9000 X112.39 Y111.055
G1 F1500 X109.973 Y113.473 E1005.78977
G0 F9000 X109.791 Y113.089
G1 F1500 X112.199 Y110.681 E1006.0163
G0 F9000 X112.008 Y110.307
G1 F1500 X109.6 Y112.714 E1006.24278
G0 F9000 X109.409 Y112.339
G1 F1500 X111.816 Y109.932 E1006.46922
G0 F9000 X111.625 Y109.558
G1 F1500 X109.218 Y111.965 E1006.69565
G0 F9000 X109.027 Y111.59
G1 F1500 X111.434 Y109.184 E1006.92204
G0 F9000 X111.242 Y108.81
G1 F1500 X108.836 Y111.215 E1007.14834
G0 F9000 X108.646 Y110.84
G1 F1500 X111.05 Y108.436 E1007.37449
G0 F9000 X110.859 Y108.061
G1 F1500 X108.455 Y110.466 E1007.60069
G0 F9000 X108.264 Y110.091
G1 F1500 X110.668 Y107.687 E1007.82685
G0 F9000 X110.476 Y107.313
G1 F1500 X108.073 Y109.716 E1008.0529
G0 F9000 X107.882 Y109.341
G1 F1500 X110.286 Y106.937 E1008.27906
G0 F9000 X110.858 Y106.365
G1 F1500 X114.456 Y102.767 E1008.61754
G0 F9000 X114.703 Y103.086
G1 F1500 X111.424 Y106.364 E1008.92596
G0 F9000 X111.991 Y106.364
G1 F1500 X114.952 Y103.403 E1009.20451
G0 F9000 X114.952 Y103.969
G1 F1500 X112.557 Y106.363 E1009.42977
G0 F9000 X113.124 Y106.362
G1 F1500 X114.952 Y104.534 E1009.60174
G0 F9000 X114.952 Y105.1
G1 F1500 X113.689 Y106.362 E1009.72051
G0 F9000 X114.256 Y106.362
G1 F1500 X114.952 Y105.666 E1009.78598
G0 F9000 X114.952 Y106.231
G1 F1500 X114.822 Y106.361 E1009.79821
G0 F9000 X114.822 Y106.82
G0 X115.34 Y106.748
G0 X115.34 Y102.779
G0 X114.918 Y102.202
G0 X114.456 Y102.202
G1 F1500 X107.691 Y108.967 E1010.43462
G0 F9000 X107.5 Y108.592
G1 F1500 X114.456 Y101.636 E1011.089
G0 F9000 X113.967 Y101.56
G1 F1500 X107.309 Y108.217 E1011.71529
G0 F9000 X107.118 Y107.842
G1 F1500 X113.401 Y101.56 E1012.30631
G0 F9000 X112.835 Y101.56
G1 F1500 X106.927 Y107.468 E1012.8621
G0 F9000 X106.736 Y107.093
G1 F1500 X110.671 Y103.158 E1013.23228
G0 F9000 X110.104 Y103.16
G1 F1500 X106.545 Y106.718 E1013.56704
G0 F9000 X106.355 Y106.343
G1 F1500 X109.537 Y103.161 E1013.86639
G0 F9000 X108.97 Y103.162
G1 F1500 X106.164 Y105.968 E1014.13036
G0 F9000 X105.973 Y105.594
G1 F1500 X108.452 Y103.115 E1014.36357
G0 F9000 X108.189 Y102.812
G1 F1500 X105.782 Y105.219 E1014.59
G0 F9000 X105.591 Y104.844
G1 F1500 X108.189 Y102.246 E1014.83441
G0 F9000 X108.19 Y101.679
G1 F1500 X105.48 Y104.389 E1015.08935
G0 F9000 X105.479 Y103.824
G1 F1500 X107.744 Y101.56 E1015.30238
G0 F9000 X107.178 Y101.56
G1 F1500 X105.479 Y103.259 E1015.46221
G0 F9000 X105.326 Y102.847
G1 F1500 X106.613 Y101.56 E1015.58328
G0 F9000 X106.047 Y101.56
G1 F1500 X104.865 Y102.742 E1015.69448
G0 F9000 X104.856 Y102.185
G1 F1500 X105.481 Y101.56 E1015.75327
G0 F9000 X104.916 Y101.56
G1 F1500 X104.856 Y101.619 E1015.75887
G0 F9000 X104.398 Y101.619
G0 X104.47 Y101.172
G0 X108.58 Y101.172
G0 X110.676 Y102.129
G0 X111.135 Y102.129
G1 F1500 X111.704 Y101.56 E1015.8124
G0 F9000 X112.269 Y101.56
G1 F1500 X111.136 Y102.693 E1015.91899
G0 F9000 X110.677 Y102.693
G0 X108.58 Y101.172
G0 X104.47 Y101.172
G0 X104.47 Y103.13
G0 X104.968 Y104.422
G0 X109.487 Y113.505
G0 X109.487 Y113.959
G1 F1500 X106.289 Y117.156 E1016.21979
G0 F9000 X105.724 Y117.156
G1 F1500 X108.921 Y113.959 E1016.52054
G0 F9000 X108.354 Y113.96
G1 F1500 X105.564 Y116.75 E1016.78301
G0 F9000 X105.564 Y116.185
G1 F1500 X107.788 Y113.961 E1016.99223
G0 F9000 X107.221 Y113.962
G1 F1500 X105.564 Y115.619 E1017.14811
G0 F9000 X105.564 Y115.053
G1 F1500 X106.655 Y113.962 E1017.25074
G0 F9000 X106.089 Y113.963
G1 F1500 X105.564 Y114.488 E1017.30013
G0 F9000 X105.106 Y114.488
G0 X105.178 Y117.546
G0 X115.155 Y117.546
G0 X116.773 Y107.96
G0 X117.032 Y107.96
G1 F1500 X118.64 Y107.96 E1017.4071
G1 X118.64 Y104.149 E1017.6606
G1 X117.032 Y104.152 E1017.76757
G1 X117.032 Y107.96 E1018.02088
G0 F9000 X117.948 Y107.76
G1 F1500 X118.44 Y107.268 E1018.06716
G0 F9000 X118.44 Y106.702
G1 F1500 X117.383 Y107.76 E1018.16665
G0 F9000 X117.233 Y107.344
G1 F1500 X118.44 Y106.137 E1018.28019
G0 F9000 X118.44 Y105.571
G1 F1500 X117.233 Y106.779 E1018.39379
G0 F9000 X117.233 Y106.213
G1 F1500 X118.44 Y105.005 E1018.50738
G0 F9000 X118.44 Y104.44
G1 F1500 X117.233 Y105.647 E1018.62093
G0 F9000 X117.233 Y105.082
G1 F1500 X117.965 Y104.35 E1018.68979
G0 F9000 X117.397 Y104.351
G1 F1500 X117.233 Y104.516 E1018.70527
G0 F9000 X116.773 Y104.516
G0 X116.77 Y114.867
G0 X117.028 Y114.868
G1 F1500 X118.64 Y114.871 E1018.8125
G1 X118.64 Y111.08 E1019.06468
G1 X117.032 Y111.077 E1019.17164
G1 X117.028 Y114.868 E1019.42382
G0 F9000 X117.827 Y114.669
G1 F1500 X118.44 Y114.057 E1019.48144
G0 F9000 X118.44 Y113.491
G1 F1500 X117.262 Y114.669 E1019.59226
G0 F9000 X117.228 Y114.137
G1 F1500 X118.44 Y112.926 E1019.70623
G0 F9000 X118.44 Y112.36
G1 F1500 X117.229 Y113.571 E1019.82015
G0 F9000 X117.23 Y113.004
G1 F1500 X118.44 Y111.794 E1019.93398
G0 F9000 X118.389 Y111.28
G1 F1500 X117.231 Y112.438 E1020.04292
G0 F9000 X117.231 Y111.871
G1 F1500 X117.824 Y111.278 E1020.0987
G0 F9000 X117.825 Y110.519
;MESH:NONMESH
G0 F300 X117.825 Y110.519 Z17
G0 F9000 X119.083 Y110.638
G0 X119.53 Y119.53
G0 X119.8 Y119.8
;TIME_ELAPSED:857.005339
;LAYER:42
;TYPE:WALL-OUTER
;MESH:xyzCalibration_cube.stl
G1 F1500 X119.8 Y100.2 E1021.4025
G1 X100.2 Y100.2 E1022.7063
G1 X100.2 Y119.8 E1024.0101
G1 X119.8 Y119.8 E1025.31389
G0 F9000 X119.4 Y119.4
;TYPE:WALL-INNER
G1 F1500 X119.4 Y100.6 E1026.56447
G1 X100.6 Y100.6 E1027.81506
G1 X100.6 Y119.4 E1029.06564
G1 X119.4 Y119.4 E1030.31622
G0 F9000 X119 Y119
G1 F1500 X119 Y101 E1031.51358
G1 X101 Y101 E1032.71095
G1 X101 Y119 E1033.90831
G1 X119 Y119 E1035.10568
G0 F9000 X113.291 Y118.92
;TYPE:FILL
G1 F3000 X111.77 Y117.398 E1035.24881
G0 F9000 X111.77 Y117.618
G0 X108.23 Y117.618
G0 X108.23 Y117.398
G1 F3000 X106.708 Y118.92 E1035.39199
G0 F9000 X105.178 Y117.546
G0 X105.178 Y113.577
G0 X108.096 Y113.505
G0 X108.096 Y113.725
G1 F3000 X101.08 Y106.708 E1036.05206
G0 F9000 X106.547 Y107.727
G0 X106.743 Y107.628
G1 F3000 X101.08 Y113.291 E1036.5848
G0 F9000 X105.178 Y117.546
G0 X115.155 Y117.546
G0 X115.165 Y115.599
G0 X113.505 Y112.22
G0 X113.309 Y112.319
G1 F3000 X117.861 Y107.767 E1037.01302
G0 F9000 X117.861 Y107.987
G0 X116.773 Y111.363
G0 X116.993 Y111.364
G1 F3000 X112.229 Y106.601 E1037.46115
G0 F9000 X112.229 Y106.82
G0 X115.34 Y106.748
G0 X115.34 Y102.779
G0 X115.102 Y101.172
G0 X111 Y101.172
G0 X108.555 Y102.707
G0 X108.555 Y102.926
G1 F3000 X108.204 Y102.575 E1037.49417
G0 F9000 X108.423 Y102.576
G0 X108.354 Y101.172
G0 X104.245 Y101.172
G0 X104.245 Y102.758
G0 X105.106 Y117.356
G0 X105.364 Y117.356
;TYPE:SKIN
G1 F1500 X114.964 Y117.356 E1038.13276
G1 X114.964 Y115.645 E1038.24658
G1 X110.465 Y106.852 E1038.90361
G1 X110.449 Y106.713 E1038.91291
G1 X110.512 Y106.609 E1038.921
G1 X110.609 Y106.562 E1038.92817
G1 X115.152 Y106.56 E1039.23037
G1 X115.152 Y102.964 E1039.46958
G1 X114.912 Y102.843 E1039.48746
G1 X114.912 Y101.36 E1039.58611
G1 X111.185 Y101.36 E1039.83403
G1 X111.182 Y102.814 E1039.93075
G1 X111.144 Y102.89 E1039.9364
G1 X111.023 Y102.962 E1039.94577
G1 X108.317 Y102.964 E1040.12577
G1 X108.231 Y102.915 E1040.13236
G1 X108.167 Y102.804 E1040.14088
G1 X108.164 Y101.36 E1040.23694
G1 X104.432 Y101.36 E1040.48519
G1 X104.432 Y102.94 E1040.59029
G1 X105.11 Y102.942 E1040.63539
G1 X105.23 Y103.006 E1040.64444
G1 X105.277 Y103.101 E1040.65149
G1 X105.28 Y104.675 E1040.75619
G1 X109.78 Y113.504 E1041.41539
G1 X109.783 Y113.611 E1041.42251
G1 X109.721 Y113.714 E1041.4305
G1 X109.623 Y113.762 E1041.43776
G1 X105.364 Y113.764 E1041.72107
G1 X105.364 Y117.356 E1041.96001
G0 F9000 X105.842 Y117.156
G1 F1500 X105.564 Y116.878 E1041.98617
G0 F9000 X105.564 Y116.312
G1 F1500 X106.408 Y117.156 E1042.06556
G0 F9000 X106.973 Y117.156
G1 F1500 X105.564 Y115.746 E1042.19816
G0 F9000 X105.564 Y115.181
G1 F1500 X107.539 Y117.156 E1042.38396
G0 F9000 X108.105 Y117.156
G1 F1500 X105.564 Y114.615 E1042.623
G0 F9000 X105.564 Y114.049
G1 F1500 X108.67 Y117.156 E1042.91524
G0 F9000 X109.236 Y117.156
G1 F1500 X106.045 Y113.964 E1043.21548
G0 F9000 X106.609 Y113.963
G1 F1500 X109.802 Y117.156 E1043.51585
G0 F9000 X110.367 Y117.156
G1 F1500 X107.174 Y113.962 E1043.81628
G0 F9000 X107.739 Y113.962
G1 F1500 X110.933 Y117.156 E1044.11675
G0 F9000 X111.499 Y117.156
G1 F1500 X108.304 Y113.961 E1044.41732
G0 F9000 X108.869 Y113.96
G1 F1500 X112.064 Y117.156 E1044.71793
G0 F9000 X112.63 Y117.156
G1 F1500 X109.434 Y113.959 E1045.01864
G0 F9000 X109.872 Y113.832
G1 F1500 X113.196 Y117.156 E1045.33134
G0 F9000 X113.761 Y117.156
G1 F1500 X109.889 Y113.283 E1045.69564
G0 F9000 X109.486 Y113.488
G0 X108.898 Y112.335
G0 X109.302 Y112.13
G1 F1500 X114.327 Y117.156 E1046.16841
G0 F9000 X114.764 Y117.027
G1 F1500 X108.714 Y110.977 E1046.73755
G0 F9000 X108.31 Y111.182
G0 X107.722 Y110.03
G0 X108.127 Y109.824
G1 F1500 X114.764 Y116.461 E1047.36192
G0 F9000 X114.764 Y115.896
G1 F1500 X107.54 Y108.671 E1048.04156
G0 F9000 X107.134 Y108.877
G0 X106.545 Y107.724
G0 X106.952 Y107.518
G1 F1500 X114.384 Y114.949 E1048.74067
G0 F9000 X114.795 Y114.74
G0 X114.202 Y113.582
G0 X113.791 Y113.791
G1 F1500 X106.365 Y106.365 E1049.43926
G0 F9000 X105.957 Y106.572
G0 X105.369 Y105.419
G0 X105.778 Y105.212
G1 F1500 X113.199 Y112.633 E1050.13738
G0 F9000 X113.61 Y112.424
G0 X113.017 Y111.266
G0 X112.606 Y111.475
G1 F1500 X105.48 Y104.348 E1050.8078
G0 F9000 X105.48 Y103.783
G1 F1500 X112.013 Y110.316 E1051.42239
G0 F9000 X112.424 Y110.107
G0 X111.831 Y108.949
G0 X111.421 Y109.158
G1 F1500 X105.48 Y103.217 E1051.98128
G0 F9000 X105.005 Y102.743
G1 F1500 X104.632 Y102.369 E1052.01642
G0 F9000 X104.632 Y101.804
G1 F1500 X110.828 Y108 E1052.5993
G0 F9000 X111.239 Y107.791
G0 X110.663 Y106.772
G0 X110.281 Y106.887
G1 F1500 X104.954 Y101.56 E1053.10043
G0 F9000 X105.52 Y101.56
G1 F1500 X110.406 Y106.446 E1053.56007
G0 F9000 X110.89 Y106.364
G1 F1500 X106.086 Y101.56 E1054.012
G0 F9000 X106.652 Y101.56
G1 F1500 X108.017 Y102.926 E1054.14046
G0 F9000 X108.235 Y103.144
G1 F1500 X111.455 Y106.364 E1054.44338
G0 F9000 X112.02 Y106.363
G1 F1500 X108.82 Y103.163 E1054.74442
G0 F9000 X109.385 Y103.163
G1 F1500 X112.585 Y106.362 E1055.04541
G0 F9000 X113.15 Y106.362
G1 F1500 X109.949 Y103.161 E1055.34654
G0 F9000 X110.514 Y103.161
G1 F1500 X113.715 Y106.361 E1055.64762
G0 F9000 X114.28 Y106.361
G1 F1500 X111.071 Y103.151 E1055.94955
G0 F9000 X111.366 Y102.881
G1 F1500 X114.845 Y106.36 E1056.27683
G0 F9000 X114.952 Y105.901
G1 F1500 X111.387 Y102.336 E1056.61221
G0 F9000 X111.385 Y101.768
G1 F1500 X114.952 Y105.335 E1056.94777
G0 F9000 X114.952 Y104.769
G1 F1500 X111.743 Y101.56 E1057.24965
G0 F9000 X112.308 Y101.56
G1 F1500 X114.952 Y104.203 E1057.49834
G0 F9000 X114.952 Y103.638
G1 F1500 X112.874 Y101.56 E1057.69382
G0 F9000 X113.44 Y101.56
G1 F1500 X114.734 Y102.854 E1057.81555
G0 F9000 X114.713 Y102.267
G1 F1500 X114.005 Y101.56 E1057.88211
G0 F9000 X114.571 Y101.56
G1 F1500 X114.713 Y101.702 E1057.89547
G0 F9000 X115.174 Y101.702
G0 X115.102 Y101.172
G0 X111 Y101.172
G0 X108.424 Y101.743
G0 X107.965 Y101.742
G1 F1500 X107.783 Y101.56 E1057.91259
G0 F9000 X107.217 Y101.56
G1 F1500 X107.965 Y102.308 E1057.98296
G0 F9000 X108.423 Y102.309
G0 X111 Y101.172
G0 X115.102 Y101.172
G0 X116.774 Y107.724
G0 X117.032 Y107.724
G1 F1500 X118.64 Y107.724 E1058.08992
G1 X118.64 Y103.908 E1058.34376
G1 X117.032 Y103.908 E1058.45073
G1 X117.032 Y107.724 E1058.70457
G0 F9000 X117.706 Y107.523
G1 F1500 X117.232 Y107.05 E1058.74911
G0 F9000 X117.232 Y106.484
G1 F1500 X118.271 Y107.523 E1058.84686
G0 F9000 X118.44 Y107.127
G1 F1500 X117.232 Y105.918 E1058.96054
G0 F9000 X117.232 Y105.353
G1 F1500 X118.44 Y106.561 E1059.07419
G0 F9000 X118.44 Y105.995
G1 F1500 X117.232 Y104.787 E1059.18783
G0 F9000 X117.232 Y104.221
G1 F1500 X118.44 Y105.43 E1059.30151
G0 F9000 X118.44 Y104.864
G1 F1500 X117.684 Y104.108 E1059.37263
G0 F9000 X118.25 Y104.108
G1 F1500 X118.44 Y104.298 E1059.39051
G0 F9000 X118.9 Y104.298
G0 X118.828 Y107.915
G0 X116.845 Y111.112
G0 X116.77 Y115.091
G0 X117.028 Y115.092
G1 F1500 X118.64 Y115.095 E1059.49774
G1 X118.64 Y111.304 E1059.74992
G1 X117.032 Y111.297 E1059.85688
G1 X117.028 Y115.092 E1060.10933
G0 F9000 X117.721 Y114.893
G1 F1500 X117.228 Y114.4 E1060.15571
G0 F9000 X117.229 Y113.835
G1 F1500 X118.288 Y114.894 E1060.25533
G0 F9000 X118.44 Y114.481
G1 F1500 X117.23 Y113.27 E1060.36921
G0 F9000 X117.231 Y112.705
G1 F1500 X118.44 Y113.915 E1060.48299
G0 F9000 X118.44 Y113.349
G1 F1500 X117.231 Y112.14 E1060.59672
G0 F9000 X117.232 Y111.575
G1 F1500 X118.44 Y112.784 E1060.71041
G0 F9000 X118.44 Y112.218
G1 F1500 X117.723 Y111.5 E1060.77791
G0 F9000 X118.291 Y111.503
G1 F1500 X118.44 Y111.652 E1060.79193
;MESH:NONMESH
G0 F300 X118.44 Y111.652 Z17.4
G0 F9000 X118.9 Y111.652
G0 X119.53 Y119.53
G0 X119.8 Y119.8
;TIME_ELAPSED:892.687705
;LAYER:43
;TYPE:WALL-OUTER
;MESH:xyzCalibration_cube.stl
G1 F1500 X119.8 Y100.2 E1062.09573
G1 X100.2 Y100.2 E1063.39952
G1 X100.2 Y119.8 E1064.70332
G1 X119.8 Y119.8 E1066.00712
G0 F9000 X119.4 Y119.4
;TYPE:WALL-INNER
G1 F1500 X119.4 Y100.6 E1067.2577
G1 X100.6 Y100.6 E1068.50828
G1 X100.6 Y119.4 E1069.75886
G1 X119.4 Y119.4 E1071.00944
G0 F9000 X119 Y119
G1 F1500 X119 Y101 E1072.20681
G1 X101 Y101 E1073.40417
G1 X101 Y119 E1074.60154
G1 X119 Y119 E1075.7989
G1 F2700 E1066.7989
G0 F9000 X111.18 Y118.8
G0 X111.18 Y115.757
;TYPE:SKIN
G1 F2700 E1075.7989
G1 F1507.5 X111.054 Y115.359 E1075.82653
G1 F1511.3 X106.962 Y115.362 E1076.09669
G1 F1515.2 X106.962 Y115.758 E1076.12277
G1 F1511.3 X111.18 Y115.757 E1076.40125
G1 F2700 E1067.40125
G0 F9000 X106.564 Y116.156
G1 F2700 E1076.40125
G1 F1500 X113.764 Y116.156 E1076.88019
G1 X113.764 Y115.937 E1076.89476
G1 X108.502 Y105.652 E1077.66327
G1 X108.507 Y105.458 E1077.67617
G1 X108.645 Y105.362 E1077.68736
G1 X113.952 Y105.36 E1078.04038
G1 X113.952 Y104.168 E1078.11967
G1 X106.483 Y104.165 E1078.61651
G1 X106.481 Y104.388 E1078.63135
G1 X111.727 Y114.673 E1079.39937
G1 X111.722 Y114.864 E1079.41208
G1 X111.583 Y114.962 E1079.42339
G1 X106.564 Y114.964 E1079.75725
G1 X106.564 Y116.156 E1079.83655
G1 F2700 E1070.83655
G0 F9000 X106.564 Y120.665
G0 X99.347 Y120.653
G0 X99.347 Y99.347
G0 X109.168 Y99.335
G0 X109.168 Y104.964
G1 F2700 E1079.83655
G1 F1507.5 X113.554 Y104.962 E1080.12685
G1 F1515.2 X113.554 Y104.566 E1080.15292
G1 F1507.5 X109.046 Y104.564 E1080.4513
G1 F1500 X109.168 Y104.964 E1080.47912
G1 F2700 E1071.47912
G0 F9000 X107.202 Y104.365
G1 F2700 E1080.47912
G1 F1500 X106.866 Y104.701 E1080.51073
G0 F9000 X107.057 Y105.075
G1 F1500 X107.767 Y104.365 E1080.57752
G0 F9000 X108.332 Y104.365
G1 F1500 X107.248 Y105.45 E1080.67954
G0 F9000 X107.439 Y105.824
G1 F1500 X108.806 Y104.457 E1080.80814
G0 F9000 X108.941 Y104.888
G1 F1500 X108.783 Y105.046 E1080.823
G0 F9000 X108.33 Y105.499
G1 F1500 X107.63 Y106.199 E1080.88885
G0 F9000 X107.821 Y106.574
G1 F1500 X108.435 Y105.96 E1080.94662
G0 F9000 X108.626 Y106.335
G1 F1500 X108.012 Y106.948 E1081.00433
G0 F9000 X108.203 Y107.323
G1 F1500 X108.817 Y106.709 E1081.06209
G0 F9000 X109.009 Y107.083
G1 F1500 X108.395 Y107.697 E1081.11985
G0 F9000 X108.585 Y108.072
G1 F1500 X109.201 Y107.457 E1081.17776
G0 F9000 X109.392 Y107.832
G1 F1500 X108.776 Y108.447 E1081.23566
G0 F9000 X108.967 Y108.822
G1 F1500 X109.583 Y108.206 E1081.29361
G0 F9000 X109.775 Y108.58
G1 F1500 X109.158 Y109.196 E1081.3516
G0 F9000 X109.35 Y109.57
G1 F1500 X109.966 Y108.954 E1081.40955
G0 F9000 X110.157 Y109.329
G1 F1500 X109.541 Y109.945 E1081.4675
G0 F9000 X109.732 Y110.32
G1 F1500 X110.349 Y109.703 E1081.52555
G0 F9000 X110.541 Y110.077
G1 F1500 X109.923 Y110.695 E1081.58368
G0 F9000 X110.113 Y111.07
G1 F1500 X110.732 Y110.451 E1081.64192
G0 F9000 X110.924 Y110.825
G1 F1500 X110.305 Y111.444 E1081.70015
G0 F9000 X110.496 Y111.818
G1 F1500 X111.115 Y111.2 E1081.75833
G0 F9000 X111.306 Y111.574
G1 F1500 X110.687 Y112.193 E1081.81656
G0 F9000 X110.878 Y112.568
G1 F1500 X111.498 Y111.948 E1081.87489
G0 F9000 X111.69 Y112.322
G1 F1500 X111.069 Y112.943 E1081.93331
G0 F9000 X111.26 Y113.317
G1 F1500 X111.881 Y112.697 E1081.99168
G0 F9000 X112.072 Y113.071
G1 F1500 X111.451 Y113.691 E1082.05006
G0 F9000 X111.642 Y114.066
G1 F1500 X112.264 Y113.445 E1082.10852
G0 F9000 X112.455 Y113.819
G1 F1500 X111.833 Y114.441 E1082.16704
G0 F9000 X111.83 Y115.01
G1 F1500 X111.317 Y115.523 E1082.2153
G0 F9000 X111.896 Y114.944
G1 F1500 X112.646 Y114.194 E1082.28585
G0 F9000 X112.838 Y114.568
G1 F1500 X111.453 Y115.952 E1082.4161
G0 F9000 X112.015 Y115.956
G1 F1500 X113.03 Y114.942 E1082.51154
G0 F9000 X113.221 Y115.316
G1 F1500 X112.581 Y115.956 E1082.57174
G0 F9000 X113.146 Y115.956
G1 F1500 X113.413 Y115.69 E1082.59681
G0 F9000 X113.959 Y116.514
G1 F1500 X106.404 Y116.516 E1083.09937
G1 X106.283 Y116.476 E1083.10785
G1 X106.204 Y116.374 E1083.11643
G1 X106.204 Y114.765 E1083.22346
G1 X106.267 Y114.657 E1083.23178
G1 X106.357 Y114.604 E1083.23873
G1 X111.289 Y114.604 E1083.56681
G1 X106.125 Y104.472 E1084.32328
G1 X106.121 Y103.935 E1084.359
G1 X106.285 Y103.806 E1084.37288
G1 X114.113 Y103.808 E1084.8936
G1 X114.215 Y103.835 E1084.90062
G1 X114.309 Y103.969 E1084.91151
G1 X114.31 Y105.555 E1085.01701
G1 X114.237 Y105.677 E1085.02647
G1 X114.155 Y105.716 E1085.03251
G1 X108.943 Y105.72 E1085.37921
G1 X114.124 Y115.845 E1086.13579
G1 X114.124 Y116.377 E1086.17118
G1 X113.959 Y116.514 E1086.18544
G1 F2700 E1077.18544
G0 F9000 X113.959 Y118.8
G0 X118.9 Y118.64
G0 X118.64 Y118.64
G1 F2700 E1086.18544
G1 F1500 X118.64 Y101.36 E1087.33491
G1 X101.36 Y101.36 E1088.48438
G1 X101.36 Y118.64 E1089.63385
G1 X118.64 Y118.64 E1090.78332
G0 F9000 X118.017 Y118.44
G1 F1500 X118.44 Y118.017 E1090.82312
G0 F9000 X118.44 Y117.451
G1 F1500 X117.451 Y118.44 E1090.91616
G0 F9000 X116.885 Y118.44
G1 F1500 X118.44 Y116.885 E1091.06244
G0 F9000 X118.44 Y116.32
G1 F1500 X116.32 Y118.44 E1091.26188
G0 F9000 X115.754 Y118.44
G1 F1500 X118.44 Y115.754 E1091.51456
G0 F9000 X118.44 Y115.188
G1 F1500 X115.188 Y118.44 E1091.82049
G0 F9000 X114.623 Y118.44
G1 F1500 X118.44 Y114.623 E1092.17957
G0 F9000 X118.44 Y114.057
G1 F1500 X114.057 Y118.44 E1092.59189
G0 F9000 X113.491 Y118.44
G1 F1500 X118.44 Y113.491 E1093.05747
G0 F9000 X118.44 Y112.926
G1 F1500 X112.926 Y118.44 E1093.57619
G0 F9000 X112.36 Y118.44
G1 F1500 X118.44 Y112.36 E1094.14816
G0 F9000 X118.44 Y111.794
G1 F1500 X114.324 Y115.91 E1094.53537
G0 F9000 X114.171 Y115.497
G1 F1500 X118.44 Y111.229 E1094.93692
G0 F9000 X118.44 Y110.663
G1 F1500 X113.979 Y115.123 E1095.35654
G0 F9000 X113.788 Y114.749
G1 F1500 X118.44 Y110.097 E1095.79417
G0 F9000 X118.44 Y109.532
G1 F1500 X113.597 Y114.375 E1096.24977
G0 F9000 X113.405 Y114
G1 F1500 X118.44 Y108.966 E1096.72338
G0 F9000 X118.44 Y108.4
G1 F1500 X113.213 Y113.626 E1097.21506
G0 F9000 X113.022 Y113.252
G1 F1500 X118.44 Y107.834 E1097.72475
G0 F9000 X118.44 Y107.269
G1 F1500 X112.83 Y112.878 E1098.25246
G0 F9000 X112.639 Y112.504
G1 F1500 X118.44 Y106.703 E1098.79818
G0 F9000 X118.44 Y106.137
G1 F1500 X112.448 Y112.129 E1099.36187
G0 F9000 X112.256 Y111.755
G1 F1500 X118.44 Y105.572 E1099.94358
G0 F9000 X118.44 Y105.006
G1 F1500 X112.064 Y111.381 E1100.54335
G0 F9000 X111.873 Y111.007
G1 F1500 X118.44 Y104.44 E1101.16113
G0 F9000 X118.44 Y103.875
G1 F1500 X111.682 Y110.633 E1101.79688
G0 F9000 X111.49 Y110.258
G1 F1500 X118.44 Y103.309 E1102.45065
G0 F9000 X118.44 Y102.743
G1 F1500 X111.299 Y109.884 E1103.12243
G0 F9000 X111.108 Y109.51
G1 F1500 X118.44 Y102.178 E1103.81218
G0 F9000 X118.44 Y101.612
G1 F1500 X114.507 Y105.544 E1104.18212
G0 F9000 X114.132 Y105.92
G1 F1500 X110.916 Y109.136 E1104.48467
G0 F9000 X110.724 Y108.762
G1 F1500 X113.566 Y105.92 E1104.75202
G0 F9000 X113.001 Y105.92
G1 F1500 X110.533 Y108.387 E1104.98415
G0 F9000 X110.341 Y108.013
G1 F1500 X112.435 Y105.92 E1105.18109
G0 F9000 X111.869 Y105.92
G1 F1500 X110.15 Y107.639 E1105.34281
G0 F9000 X109.959 Y107.265
G1 F1500 X111.304 Y105.92 E1105.46934
G0 F9000 X110.738 Y105.92
G1 F1500 X109.767 Y106.891 E1105.56068
G0 F9000 X109.575 Y106.516
G1 F1500 X110.172 Y105.92 E1105.6168
G0 F9000 X109.607 Y105.92
G1 F1500 X109.384 Y106.142 E1105.63773
G1 F2700 E1096.63773
G0 F9000 X107.255 Y107.139
G1 F2700 E1105.63773
G1 F1500 X101.56 Y112.834 E1106.17348
G0 F9000 X101.56 Y112.269
G1 F1500 X107.064 Y106.765 E1106.69126
G0 F9000 X106.873 Y106.391
G1 F1500 X101.56 Y111.703 E1107.19103
G0 F9000 X101.56 Y111.137
G1 F1500 X106.682 Y106.016 E1107.67283
G0 F9000 X106.491 Y105.641
G1 F1500 X101.56 Y110.572 E1108.13671
G0 F9000 X101.56 Y110.006
G1 F1500 X106.299 Y105.267 E1108.58252
G0 F9000 X106.108 Y104.892
G1 F1500 X101.56 Y109.44 E1109.01037
G0 F9000 X101.56 Y108.875
G1 F1500 X105.92 Y104.515 E1109.42053
G0 F9000 X105.93 Y103.94
G1 F1500 X101.56 Y108.309 E1109.83159
G0 F9000 X101.56 Y107.743
G1 F1500 X107.744 Y101.56 E1110.41329
G0 F9000 X108.31 Y101.56
G1 F1500 X106.26 Y103.609 E1110.6061
G0 F9000 X106.826 Y103.609
G1 F1500 X108.875 Y101.56 E1110.79886
G0 F9000 X109.441 Y101.56
G1 F1500 X107.392 Y103.609 E1110.99161
G0 F9000 X107.958 Y103.609
G1 F1500 X110.007 Y101.56 E1111.18437
G0 F9000 X110.572 Y101.56
G1 F1500 X108.523 Y103.609 E1111.37713
G0 F9000 X109.089 Y103.609
G1 F1500 X111.138 Y101.56 E1111.56989
G0 F9000 X111.704 Y101.56
G1 F1500 X109.655 Y103.609 E1111.76264
G0 F9000 X110.22 Y103.609
G1 F1500 X112.269 Y101.56 E1111.9554
G0 F9000 X112.835 Y101.56
G1 F1500 X110.786 Y103.609 E1112.14816
G0 F9000 X111.352 Y103.609
G1 F1500 X113.401 Y101.56 E1112.34092
G0 F9000 X113.967 Y101.56
G1 F1500 X111.917 Y103.609 E1112.53372
G0 F9000 X112.483 Y103.609
G1 F1500 X114.532 Y101.56 E1112.72648
G0 F9000 X115.098 Y101.56
G1 F1500 X113.049 Y103.609 E1112.91923
G0 F9000 X113.614 Y103.609
G1 F1500 X115.664 Y101.56 E1113.11204
G0 F9000 X116.229 Y101.56
G1 F1500 X114.166 Y103.623 E1113.30611
G0 F9000 X114.482 Y103.873
G1 F1500 X116.795 Y101.56 E1113.52371
G0 F9000 X117.361 Y101.56
G1 F1500 X114.511 Y104.409 E1113.79177
G0 F9000 X114.509 Y104.977
G1 F1500 X117.926 Y101.56 E1114.11322
G0 F9000 X117.926 Y101.1
G0 X107.178 Y101.1
G0 X107.178 Y101.56
G1 F1500 X101.56 Y107.178 E1114.64173
G0 F9000 X101.56 Y106.612
G1 F1500 X106.613 Y101.56 E1115.11703
G0 F9000 X106.047 Y101.56
G1 F1500 X101.56 Y106.046 E1115.5391
G0 F9000 X101.56 Y105.481
G1 F1500 X105.481 Y101.56 E1115.90796
G0 F9000 X104.916 Y101.56
G1 F1500 X101.56 Y104.915 E1116.22363
G0 F9000 X101.56 Y104.349
G1 F1500 X104.35 Y101.56 E1116.48604
G0 F9000 X103.784 Y101.56
G1 F1500 X101.56 Y103.783 E1116.69522
G0 F9000 X101.56 Y103.218
G1 F1500 X103.218 Y101.56 E1116.85119
G0 F9000 X102.653 Y101.56
G1 F1500 X101.56 Y102.652 E1116.95397
G0 F9000 X101.56 Y102.086
G1 F1500 X102.087 Y101.56 E1117.0035
G1 F2700 E1108.0035
G0 F9000 X102.087 Y101.1
G0 X107.446 Y101.2
G0 X107.446 Y107.514
G1 F2700 E1117.0035
G1 F1500 X101.56 Y113.4 E1117.55722
G0 F9000 X101.56 Y113.966
G1 F1500 X107.637 Y107.889 E1118.1289
G0 F9000 X107.828 Y108.264
G1 F1500 X101.56 Y114.531 E1118.71851
G0 F9000 X101.56 Y115.097
G1 F1500 X108.02 Y108.638 E1119.32618
G0 F9000 X108.211 Y109.013
G1 F1500 X101.56 Y115.663 E1119.95182
G0 F9000 X101.56 Y116.229
G1 F1500 X108.402 Y109.387 E1120.59547
G0 F9000 X108.593 Y109.761
G1 F1500 X101.56 Y116.794 E1121.2571
G0 F9000 X101.56 Y117.36
G1 F1500 X108.784 Y110.136 E1121.93668
G0 F9000 X108.975 Y110.511
G1 F1500 X101.56 Y117.926 E1122.63424
G0 F9000 X101.612 Y118.44
G1 F1500 X109.166 Y110.886 E1123.34488
G0 F9000 X109.358 Y111.26
G1 F1500 X102.178 Y118.44 E1124.02033
G0 F9000 X102.743 Y118.44
G1 F1500 X106.004 Y115.179 E1124.3271
G0 F9000 X106.004 Y115.745
G1 F1500 X103.309 Y118.44 E1124.58063
G0 F9000 X103.875 Y118.44
G1 F1500 X106.004 Y116.311 E1124.78091
G0 F9000 X106.224 Y116.656
G1 F1500 X104.44 Y118.44 E1124.94874
G0 F9000 X105.006 Y118.44
G1 F1500 X106.73 Y116.716 E1125.11093
G0 F9000 X107.296 Y116.716
G1 F1500 X105.572 Y118.44 E1125.27311
G0 F9000 X106.137 Y118.44
G1 F1500 X107.862 Y116.715 E1125.43539
G0 F9000 X108.428 Y116.714
G1 F1500 X106.703 Y118.44 E1125.59771
G0 F9000 X107.269 Y118.44
G1 F1500 X108.994 Y116.714 E1125.76004
G0 F9000 X109.561 Y116.714
G1 F1500 X107.834 Y118.44 E1125.92245
G0 F9000 X108.4 Y118.44
G1 F1500 X110.126 Y116.714 E1126.08483
G0 F9000 X110.693 Y116.713
G1 F1500 X108.966 Y118.44 E1126.24729
G0 F9000 X109.532 Y118.44
G1 F1500 X111.259 Y116.712 E1126.4098
G0 F9000 X111.825 Y116.712
G1 F1500 X110.097 Y118.44 E1126.57236
G0 F9000 X110.663 Y118.44
G1 F1500 X112.391 Y116.712 E1126.73492
G0 F9000 X112.957 Y116.712
G1 F1500 X111.229 Y118.44 E1126.89748
G0 F9000 X111.794 Y118.44
G1 F1500 X113.523 Y116.711 E1127.06014
G1 F2700 E1118.06014
G0 F9000 X110.886 Y114.256
G1 F2700 E1127.06014
G1 F1500 X110.739 Y114.404 E1127.07401
G0 F9000 X110.695 Y113.882
G1 F1500 X110.173 Y114.404 E1127.12312
G0 F9000 X109.607 Y114.404
G1 F1500 X110.504 Y113.508 E1127.20746
G0 F9000 X110.313 Y113.133
G1 F1500 X109.042 Y114.404 E1127.32702
G0 F9000 X108.476 Y114.404
G1 F1500 X110.122 Y112.758 E1127.48187
G0 F9000 X109.93 Y112.384
G1 F1500 X107.91 Y114.404 E1127.6719
G0 F9000 X107.344 Y114.404
G1 F1500 X109.739 Y112.009 E1127.89721
G0 F9000 X109.549 Y111.634
G1 F1500 X106.779 Y114.404 E1128.15779
G1 F2700 E1119.15779
;MESH:NONMESH
G0 F300 X106.779 Y114.404 Z17.8
G0 F9000 X106.779 Y118.8
G0 X119.8 Y119.8
;TIME_ELAPSED:953.823404
;LAYER:44
;TYPE:WALL-OUTER
;MESH:xyzCalibration_cube.stl
G1 F2700 E1128.15779
G1 F1500 X119.8 Y100.2 E1129.46159
G1 X100.2 Y100.2 E1130.76538
G1 X100.2 Y119.8 E1132.06918
G1 X119.8 Y119.8 E1133.37298
G0 F9000 X119.4 Y119.4
;TYPE:WALL-INNER
G1 F1500 X119.4 Y100.6 E1134.62356
G1 X100.6 Y100.6 E1135.87414
G1 X100.6 Y119.4 E1137.12472
G1 X119.4 Y119.4 E1138.3753
G0 F9000 X119 Y119
G1 F1500 X119 Y101 E1139.57267
G1 X101 Y101 E1140.77003
G1 X101 Y119 E1141.9674
G1 X119 Y119 E1143.16476
G1 F2700 E1134.16476
G0 F9000 X106.564 Y118.8
G0 X106.564 Y116.156
;TYPE:SKIN
G1 F2700 E1143.16476
G1 F1500 X113.764 Y116.156 E1143.64371
G1 X113.764 Y115.937 E1143.65828
G1 X108.502 Y105.652 E1144.42678
G1 X108.507 Y105.458 E1144.43969
G1 X108.645 Y105.362 E1144.45087
G1 X113.952 Y105.36 E1144.80389
G1 X113.952 Y104.164 E1144.88345
G1 X106.48 Y104.164 E1145.38049
G1 X106.48 Y104.388 E1145.39539
G1 X111.727 Y114.673 E1146.16344
G1 X111.722 Y114.864 E1146.17615
G1 X111.583 Y114.962 E1146.18747
G1 X106.564 Y114.964 E1146.52133
G1 X106.564 Y116.156 E1146.60062
G1 F2700 E1137.60062
G0 F9000 X106.564 Y120.665
G0 X120.653 Y120.653
G0 X120.653 Y99.347
G0 X113.752 Y99.335
G0 X113.752 Y104.701
G1 F2700 E1146.60062
G1 F1500 X113.416 Y104.365 E1146.63223
G0 F9000 X112.85 Y104.365
G1 F1500 X113.645 Y105.16 E1146.70702
G0 F9000 X113.08 Y105.16
G1 F1500 X112.284 Y104.365 E1146.78186
G0 F9000 X111.719 Y104.365
G1 F1500 X112.515 Y105.161 E1146.85674
G0 F9000 X111.95 Y105.162
G1 F1500 X111.153 Y104.365 E1146.93172
G0 F9000 X110.587 Y104.365
G1 F1500 X111.384 Y105.162 E1147.00669
G0 F9000 X110.819 Y105.162
G1 F1500 X110.022 Y104.365 E1147.08167
G0 F9000 X109.457 Y104.365
G1 F1500 X110.254 Y105.163 E1147.15669
G0 F9000 X109.689 Y105.163
G1 F1500 X108.891 Y104.365 E1147.23176
G0 F9000 X108.325 Y104.365
G1 F1500 X109.124 Y105.164 E1147.30693
G0 F9000 X108.58 Y105.186
G1 F1500 X107.76 Y104.365 E1147.38412
G0 F9000 X107.194 Y104.365
G1 F1500 X108.331 Y105.502 E1147.49108
G0 F9000 X108.658 Y106.395
G1 F1500 X106.76 Y104.498 E1147.66958
G0 F9000 X107.349 Y105.652
G1 F1500 X109.25 Y107.553 E1147.84842
G0 F9000 X109.843 Y108.711
G1 F1500 X107.938 Y106.807 E1148.02758
G0 F9000 X108.527 Y107.962
G1 F1500 X110.435 Y109.87 E1148.20708
G0 F9000 X111.028 Y111.028
G1 F1500 X109.116 Y109.116 E1148.38694
G0 F9000 X109.705 Y110.271
G1 F1500 X111.62 Y112.186 E1148.5671
G0 F9000 X112.214 Y113.345
G1 F1500 X110.295 Y111.426 E1148.74762
G0 F9000 X110.884 Y112.581
G1 F1500 X112.806 Y114.503 E1148.92843
G0 F9000 X113.399 Y115.661
G1 F1500 X111.473 Y113.735 E1149.10962
G0 F9000 X111.9 Y114.729
G1 F1500 X113.128 Y115.956 E1149.2251
G0 F9000 X112.562 Y115.956
G1 F1500 X111.704 Y115.099 E1149.30576
G0 F9000 X111.2 Y115.16
G1 F1500 X111.997 Y115.956 E1149.38069
G0 F9000 X111.431 Y115.956
G1 F1500 X110.635 Y115.161 E1149.45553
G0 F9000 X110.07 Y115.162
G1 F1500 X110.865 Y115.956 E1149.53027
G0 F9000 X110.299 Y115.956
G1 F1500 X109.505 Y115.162 E1149.60497
G0 F9000 X108.94 Y115.162
G1 F1500 X109.734 Y115.956 E1149.67966
G0 F9000 X109.168 Y115.956
G1 F1500 X108.375 Y115.163 E1149.75426
G0 F9000 X107.81 Y115.164
G1 F1500 X108.602 Y115.956 E1149.82877
G0 F9000 X108.037 Y115.956
G1 F1500 X107.245 Y115.164 E1149.90327
G0 F9000 X106.764 Y115.249
G1 F1500 X107.471 Y115.956 E1149.96978
G0 F9000 X106.905 Y115.956
G1 F1500 X106.764 Y115.815 E1149.98305
G1 F2700 E1140.98305
G0 F9000 X113.959 Y116.514
G1 F2700 E1149.98305
G1 F1500 X106.404 Y116.516 E1150.48561
G1 X106.283 Y116.476 E1150.49409
G1 X106.204 Y116.374 E1150.50267
G1 X106.204 Y114.765 E1150.6097
G1 X106.267 Y114.657 E1150.61802
G1 X106.357 Y114.604 E1150.62496
G1 X111.289 Y114.604 E1150.95304
G1 X106.125 Y104.476 E1151.70928
G1 X106.121 Y103.935 E1151.74527
G1 X106.285 Y103.806 E1151.75915
G1 X114.112 Y103.804 E1152.2798
G1 X114.215 Y103.831 E1152.28689
G1 X114.309 Y103.965 E1152.29777
G1 X114.31 Y105.555 E1152.40354
G1 X114.237 Y105.677 E1152.413
G1 X114.155 Y105.716 E1152.41904
G1 X108.943 Y105.72 E1152.76574
G1 X114.124 Y115.845 E1153.52232
G1 X114.124 Y116.377 E1153.5577
G1 X113.959 Y116.514 E1153.57197
G1 F2700 E1144.57197
G0 F9000 X113.959 Y118.8
G0 X118.9 Y118.64
G0 X118.64 Y118.64
G1 F2700 E1153.57197
G1 F1500 X118.64 Y101.36 E1154.72144
G1 X101.36 Y101.36 E1155.87091
G1 X101.36 Y118.64 E1157.02038
G1 X118.64 Y118.64 E1158.16985
G0 F9000 X118.9 Y118.64
G0 X118.828 Y101.172
G0 X117.965 Y101.1
G0 X117.965 Y101.56
G1 F1500 X118.44 Y102.035 E1158.21454
G0 F9000 X118.44 Y102.6
G1 F1500 X117.4 Y101.56 E1158.31237
G0 F9000 X116.834 Y101.56
G1 F1500 X118.44 Y103.166 E1158.46346
G0 F9000 X118.44 Y103.732
G1 F1500 X116.268 Y101.56 E1158.66778
G0 F9000 X115.702 Y101.56
G1 F1500 X118.44 Y104.298 E1158.92536
G0 F9000 X118.44 Y104.863
G1 F1500 X115.137 Y101.56 E1159.23609
G0 F9000 X114.571 Y101.56
G1 F1500 X118.44 Y105.429 E1159.60006
G0 F9000 X118.44 Y105.995
G1 F1500 X114.005 Y101.56 E1160.01727
G0 F9000 X113.44 Y101.56
G1 F1500 X118.44 Y106.56 E1160.48764
G0 F9000 X118.44 Y107.126
G1 F1500 X112.874 Y101.56 E1161.01126
G0 F9000 X112.308 Y101.56
G1 F1500 X118.44 Y107.692 E1161.58812
G0 F9000 X118.44 Y108.257
G1 F1500 X114.51 Y104.328 E1161.95778
G0 F9000 X114.508 Y104.892
G1 F1500 X118.44 Y108.823 E1162.32763
G0 F9000 X118.44 Y109.389
G1 F1500 X114.507 Y105.456 E1162.69763
G0 F9000 X114.329 Y105.844
G1 F1500 X118.44 Y109.954 E1163.08432
G0 F9000 X118.44 Y110.52
G1 F1500 X113.839 Y105.92 E1163.5171
G0 F9000 X113.274 Y105.92
G1 F1500 X118.44 Y111.086 E1164.00309
G0 F9000 X118.44 Y111.651
G1 F1500 X112.708 Y105.92 E1164.54227
G0 F9000 X112.142 Y105.92
G1 F1500 X118.44 Y112.217 E1165.1347
G0 F9000 X118.44 Y112.783
G1 F1500 X111.577 Y105.92 E1165.78033
G0 F9000 X111.011 Y105.92
G1 F1500 X118.44 Y113.349 E1166.47921
G0 F9000 X118.44 Y113.914
G1 F1500 X110.445 Y105.92 E1167.23128
G0 F9000 X109.879 Y105.92
G1 F1500 X118.44 Y114.48 E1168.0366
G0 F9000 X118.44 Y115.046
G1 F1500 X109.314 Y105.92 E1168.89512
G0 F9000 X109.817 Y106.988
G1 F1500 X118.44 Y115.611 E1169.70632
G0 F9000 X118.44 Y116.177
G1 F1500 X110.409 Y108.146 E1170.46183
G0 F9000 X111.002 Y109.305
G1 F1500 X118.44 Y116.743 E1171.16155
G0 F9000 X118.44 Y117.308
G1 F1500 X111.594 Y110.463 E1171.80553
G0 F9000 X112.187 Y111.621
G1 F1500 X118.44 Y117.874 E1172.39377
G0 F9000 X118.44 Y118.44
G1 F1500 X112.779 Y112.779 E1172.92633
G0 F9000 X113.372 Y113.938
G1 F1500 X117.874 Y118.44 E1173.34985
G0 F9000 X117.308 Y118.44
G1 F1500 X113.964 Y115.096 E1173.66443
G0 F9000 X114.324 Y116.021
G1 F1500 X116.743 Y118.44 E1173.89199
G0 F9000 X116.177 Y118.44
G1 F1500 X114.257 Y116.52 E1174.07262
G0 F9000 X113.883 Y116.712
G1 F1500 X115.611 Y118.44 E1174.23518
G0 F9000 X115.046 Y118.44
G1 F1500 X113.317 Y116.712 E1174.39778
G0 F9000 X112.752 Y116.712
G1 F1500 X114.48 Y118.44 E1174.56034
G0 F9000 X113.914 Y118.44
G1 F1500 X112.187 Y116.712 E1174.72285
G0 F9000 X111.622 Y116.713
G1 F1500 X113.349 Y118.44 E1174.88532
G0 F9000 X112.783 Y118.44
G1 F1500 X111.057 Y116.714 E1175.04769
G0 F9000 X110.491 Y116.714
G1 F1500 X112.217 Y118.44 E1175.21006
G0 F9000 X111.651 Y118.44
G1 F1500 X109.926 Y116.714 E1175.37239
G0 F9000 X109.36 Y116.714
G1 F1500 X111.086 Y118.44 E1175.53476
G0 F9000 X110.52 Y118.44
G1 F1500 X108.795 Y116.715 E1175.69704
G0 F9000 X108.23 Y116.716
G1 F1500 X109.954 Y118.44 E1175.85922
G0 F9000 X109.389 Y118.44
G1 F1500 X107.665 Y116.716 E1176.0214
G0 F9000 X107.1 Y116.716
G1 F1500 X108.823 Y118.44 E1176.18354
G0 F9000 X108.257 Y118.44
G1 F1500 X106.534 Y116.716 E1176.34568
G0 F9000 X106.004 Y116.187
G1 F1500 X101.56 Y111.742 E1176.76379
G0 F9000 X101.56 Y112.308
G1 F1500 X107.692 Y118.44 E1177.34065
G0 F9000 X107.126 Y118.44
G1 F1500 X101.56 Y112.873 E1177.86431
G0 F9000 X101.56 Y113.439
G1 F1500 X106.56 Y118.44 E1178.33473
G0 F9000 X105.995 Y118.44
G1 F1500 X101.56 Y114.005 E1178.75194
G0 F9000 X101.56 Y114.57
G1 F1500 X105.429 Y118.44 E1179.11596
G0 F9000 X104.863 Y118.44
G1 F1500 X101.56 Y115.136 E1179.42674
G0 F9000 X101.56 Y115.702
G1 F1500 X104.298 Y118.44 E1179.68431
G0 F9000 X103.732 Y118.44
G1 F1500 X101.56 Y116.267 E1179.88869
G0 F9000 X101.56 Y116.833
G1 F1500 X103.166 Y118.44 E1180.03982
G0 F9000 X102.6 Y118.44
G1 F1500 X101.56 Y117.399 E1180.1377
G0 F9000 X101.56 Y117.965
G1 F1500 X102.035 Y118.44 E1180.18238
G1 F2700 E1171.18238
G0 F9000 X102.035 Y118.9
G0 X106.004 Y118.8
G0 X106.004 Y115.621
G1 F2700 E1180.18238
G1 F1500 X101.56 Y111.176 E1180.6005
G0 F9000 X101.56 Y110.611
G1 F1500 X106.004 Y115.055 E1181.01856
G0 F9000 X106.091 Y114.576
G1 F1500 X101.56 Y110.045 E1181.44481
G0 F9000 X101.56 Y109.479
G1 F1500 X106.484 Y114.404 E1181.90808
G0 F9000 X107.05 Y114.404
G1 F1500 X101.56 Y108.914 E1182.42454
G0 F9000 X101.56 Y108.348
G1 F1500 X107.615 Y114.404 E1182.99421
G0 F9000 X108.181 Y114.404
G1 F1500 X101.56 Y107.782 E1183.61712
G0 F9000 X101.56 Y107.216
G1 F1500 X108.747 Y114.404 E1184.29327
G0 F9000 X109.312 Y114.404
G1 F1500 X101.56 Y106.651 E1185.02258
G0 F9000 X101.56 Y106.085
G1 F1500 X109.878 Y114.404 E1185.80513
G0 F9000 X110.444 Y114.404
G1 F1500 X101.56 Y105.519 E1186.64093
G0 F9000 X101.56 Y104.954
G1 F1500 X110.913 Y114.307 E1187.5208
G0 F9000 X110.323 Y113.151
G1 F1500 X101.56 Y104.388 E1188.34517
G0 F9000 X101.56 Y103.822
G1 F1500 X109.733 Y111.996 E1189.11409
G0 F9000 X109.143 Y110.84
G1 F1500 X101.56 Y103.257 E1189.82745
G0 F9000 X101.56 Y102.691
G1 F1500 X108.554 Y109.685 E1190.4854
G0 F9000 X107.964 Y108.53
G1 F1500 X101.56 Y102.125 E1191.0879
G0 F9000 X101.56 Y101.56
G1 F1500 X107.374 Y107.374 E1191.63484
G0 F9000 X106.784 Y106.219
G1 F1500 X102.126 Y101.56 E1192.07309
G0 F9000 X102.692 Y101.56
G1 F1500 X106.195 Y105.063 E1192.40263
G0 F9000 X105.922 Y104.225
G1 F1500 X103.257 Y101.56 E1192.65333
G0 F9000 X103.823 Y101.56
G1 F1500 X106.02 Y103.757 E1192.86001
G0 F9000 X106.437 Y103.608
G1 F1500 X104.389 Y101.56 E1193.05268
G0 F9000 X104.954 Y101.56
G1 F1500 X107.002 Y103.608 E1193.24534
G0 F9000 X107.567 Y103.607
G1 F1500 X105.52 Y101.56 E1193.43791
G0 F9000 X106.086 Y101.56
G1 F1500 X108.133 Y103.607 E1193.63048
G0 F9000 X108.698 Y103.607
G1 F1500 X106.652 Y101.56 E1193.823
G0 F9000 X107.217 Y101.56
G1 F1500 X109.264 Y103.607 E1194.01557
G0 F9000 X109.829 Y103.606
G1 F1500 X107.783 Y101.56 E1194.20805
G0 F9000 X108.349 Y101.56
G1 F1500 X110.394 Y103.606 E1194.40047
G0 F9000 X110.959 Y103.605
G1 F1500 X108.914 Y101.56 E1194.59285
G0 F9000 X109.48 Y101.56
G1 F1500 X111.525 Y103.605 E1194.78524
G0 F9000 X112.09 Y103.605
G1 F1500 X110.046 Y101.56 E1194.97757
G0 F9000 X110.611 Y101.56
G1 F1500 X112.656 Y103.605 E1195.16995
G0 F9000 X113.221 Y103.604
G1 F1500 X111.177 Y101.56 E1195.36224
G0 F9000 X111.743 Y101.56
G1 F1500 X113.786 Y103.604 E1195.55448
G1 F2700 E1186.55448
;MESH:NONMESH
G0 F300 X113.786 Y103.604 Z18.2
G0 F9000 X113.786 Y99.335
G0 X120.653 Y99.347
G0 X120.653 Y120.653
G0 X113.959 Y120.665
G0 X113.959 Y116.513
;TIME_ELAPSED:1013.502726
;LAYER:45
;TYPE:WALL-OUTER
;MESH:xyzCalibration_cube.stl
G1 F2700 E1195.55448
G1 F1500 X106.344 Y116.516 E1196.06103
G1 X106.258 Y116.453 E1196.06812
G1 X106.206 Y116.345 E1196.07609
G1 X106.21 Y114.753 E1196.182
G1 X106.254 Y114.67 E1196.18824
G1 X106.356 Y114.609 E1196.19615
G1 X111.289 Y114.604 E1196.5243
G1 X106.125 Y104.472 E1197.28077
G1 X106.126 Y103.954 E1197.31523
G1 X106.185 Y103.856 E1197.32284
G1 X106.285 Y103.806 E1197.33027
G1 X114.161 Y103.808 E1197.85419
G1 X114.312 Y103.957 E1197.8683
G1 X114.31 Y105.555 E1197.9746
G1 X114.2 Y105.717 E1197.98762
G1 X108.943 Y105.72 E1198.33732
G1 X114.119 Y115.848 E1199.09392
G1 X114.122 Y116.351 E1199.12738
G1 X114.064 Y116.459 E1199.13554
G1 X113.959 Y116.513 E1199.14339
G1 F2700 E1190.14339
G0 F9000 X113.958 Y117.217
G0 X114.755 Y117.146
G0 X114.976 Y116.853
G0 X114.976 Y118.8
G0 X119.8 Y119.8
G1 F2700 E1199.14339
G1 F1500 X119.8 Y100.2 E1200.44719
G1 X100.2 Y100.2 E1201.75098
G1 X100.2 Y119.8 E1203.05478
G1 X119.8 Y119.8 E1204.35858
G0 F9000 X119.4 Y119.4
;TYPE:WALL-INNER
G1 F1500 X119.4 Y100.6 E1205.60916
G1 X100.6 Y100.6 E1206.85974
G1 X100.6 Y119.4 E1208.11032
G1 X119.4 Y119.4 E1209.3609
G0 F9000 X119 Y119
G1 F1500 X119 Y101 E1210.55827
G1 X101 Y101 E1211.75563
G1 X101 Y119 E1212.953
G1 X119 Y119 E1214.15036
G1 F2700 E1205.15036
G0 F9000 X106.154 Y118.8
G0 X106.406 Y117.497
G0 X106.154 Y117.217
G0 X106.155 Y116.863
G1 F2700 E1214.15036
G1 F1500 X105.966 Y116.727 E1214.16585
G1 X105.856 Y116.561 E1214.1791
G1 X105.81 Y116.403 E1214.19004
G1 X105.804 Y114.699 E1214.3034
G1 X105.956 Y114.404 E1214.32547
G1 X106.149 Y114.26 E1214.34149
G1 X106.404 Y114.204 E1214.35886
G1 X110.636 Y114.204 E1214.64037
G1 X105.72 Y104.57 E1215.35984
G1 X105.72 Y103.899 E1215.40447
G1 X105.798 Y103.707 E1215.41826
G1 X105.915 Y103.561 E1215.4307
G1 X106.244 Y103.404 E1215.45495
G1 X114.113 Y103.408 E1215.9784
G1 X114.321 Y103.445 E1215.99246
G1 X114.493 Y103.543 E1216.00562
G1 X114.68 Y103.813 E1216.02747
G1 X114.712 Y104.008 E1216.04062
G1 X114.712 Y105.633 E1216.14871
G1 X114.626 Y105.831 E1216.16307
G1 X114.428 Y106.031 E1216.18179
G1 X114.19 Y106.12 E1216.1987
G1 X109.597 Y106.12 E1216.50422
G1 X114.524 Y115.749 E1217.22373
G1 X114.524 Y116.396 E1217.26677
G1 X114.459 Y116.589 E1217.28031
G1 X114.344 Y116.745 E1217.29321
G1 X114.159 Y116.869 E1217.30802
G1 X113.997 Y116.916 E1217.31924
G1 X106.404 Y116.916 E1217.82433
G1 X106.155 Y116.863 E1217.84126
G0 F9000 X106.154 Y117.217
G0 X114.046 Y117.316
G1 F1500 X106.404 Y117.316 E1218.34961
G1 X105.99 Y117.227 E1218.37778
G1 X105.675 Y117.001 E1218.40357
G1 X105.491 Y116.725 E1218.42564
G1 X105.404 Y116.427 E1218.44629
G1 X105.404 Y114.804 E1218.55425
G1 X105.435 Y114.553 E1218.57107
G1 X105.525 Y114.326 E1218.58732
G1 X105.814 Y113.996 E1218.61649
G1 X106.167 Y113.832 E1218.64239
G1 X106.404 Y113.804 E1218.65826
G1 X109.983 Y113.804 E1218.89634
G1 X105.429 Y104.879 E1219.56285
G1 X105.32 Y104.586 E1219.58365
G1 X105.32 Y103.833 E1219.63374
G1 X105.45 Y103.51 E1219.6569
G1 X105.645 Y103.265 E1219.67773
G1 X105.946 Y103.076 E1219.70137
G1 X106.196 Y103.004 E1219.71868
G1 X114.113 Y103.008 E1220.24532
G1 X114.459 Y103.069 E1220.26869
G1 X114.746 Y103.234 E1220.29071
G1 X114.945 Y103.453 E1220.31039
G1 X115.058 Y103.683 E1220.32744
G1 X115.112 Y104.008 E1220.34936
G1 X115.112 Y105.52 E1220.44993
G1 X115.075 Y105.794 E1220.46833
G1 X114.969 Y106.038 E1220.48602
G1 X114.815 Y106.232 E1220.5025
G1 X114.459 Y106.459 E1220.53058
G1 X114.112 Y106.52 E1220.55402
G1 X110.251 Y106.52 E1220.81086
G1 X114.815 Y115.44 E1221.47738
G1 X114.924 Y115.733 E1221.49817
G1 X114.924 Y116.46 E1221.54653
G1 X114.815 Y116.771 E1221.56845
G1 X114.624 Y117.031 E1221.58991
G1 X114.316 Y117.237 E1221.61456
G1 X114.046 Y117.316 E1221.63328
G0 F9000 X114.099 Y117.674
;TYPE:SKIN
G1 F1500 X106.364 Y117.672 E1222.14781
G1 X105.843 Y117.556 E1222.18332
G1 X105.405 Y117.251 E1222.21882
G1 X105.158 Y116.87 E1222.24902
G1 X105.046 Y116.478 E1222.27614
G1 X105.045 Y114.779 E1222.38916
G1 X105.093 Y114.438 E1222.41207
G1 X105.197 Y114.174 E1222.43094
G1 X105.376 Y113.912 E1222.45205
G1 X105.607 Y113.695 E1222.47313
G1 X106.073 Y113.481 E1222.50724
G1 X106.385 Y113.445 E1222.52814
G1 X109.393 Y113.444 E1222.72823
G1 X105.095 Y105.016 E1223.35755
G1 X104.997 Y104.729 E1223.37773
G1 X104.961 Y104.437 E1223.3973
G1 X104.961 Y103.979 E1223.42777
G1 X105.002 Y103.666 E1223.44876
G1 X105.131 Y103.332 E1223.47258
G1 X105.401 Y102.992 E1223.50146
G1 X105.806 Y102.739 E1223.53323
G1 X106.137 Y102.647 E1223.55608
G1 X114.148 Y102.651 E1224.08897
G1 X114.583 Y102.729 E1224.11837
G1 X114.971 Y102.949 E1224.14804
G1 X115.244 Y103.25 E1224.17507
G1 X115.398 Y103.567 E1224.19852
G1 X115.47 Y103.97 E1224.22575
G1 X115.472 Y105.512 E1224.32832
G1 X115.422 Y105.871 E1224.35244
G1 X115.28 Y106.221 E1224.37756
G1 X115.048 Y106.506 E1224.40201
G1 X114.844 Y106.666 E1224.41925
G1 X114.586 Y106.792 E1224.43835
G1 X114.145 Y106.877 E1224.46823
G1 X110.839 Y106.88 E1224.68814
G1 X115.135 Y115.276 E1225.31551
G1 X115.236 Y115.541 E1225.33438
G1 X115.283 Y115.879 E1225.35708
G1 X115.282 Y116.515 E1225.39938
G1 X115.136 Y116.933 E1225.42884
G1 X114.875 Y117.289 E1225.4582
G1 X114.462 Y117.567 E1225.49132
G1 X114.099 Y117.674 E1225.51649
G0 F9000 X114.15 Y118.154
G1 F1054.5 X106.36 Y118.158 E1226.25362
G1 F1036.3 X106.186 Y118.142 E1226.27045
G1 F2700 E1217.27045
G0 F9000 X106.346 Y117.402
G0 X114.068 Y117.497
G0 X114.068 Y118.8
G0 X118.9 Y118.64
G0 X118.64 Y118.64
G1 F2700 E1226.27045
G1 F1500 X118.64 Y101.36 E1227.41992
G1 X101.361 Y101.361 E1228.56932
G1 X101.36 Y118.64 E1229.71872
G1 X118.64 Y118.64 E1230.86819
G0 F9000 X118.017 Y118.44
G1 F1500 X118.44 Y118.017 E1230.90799
G0 F9000 X118.44 Y117.451
G1 F1500 X117.451 Y118.44 E1231.00103
G0 F9000 X116.885 Y118.44
G1 F1500 X118.44 Y116.885 E1231.14731
G0 F9000 X118.44 Y116.32
G1 F1500 X116.32 Y118.44 E1231.34675
G0 F9000 X115.754 Y118.44
G1 F1500 X118.44 Y115.754 E1231.59943
G0 F9000 X118.44 Y115.188
G1 F1500 X115.188 Y118.44 E1231.90536
G0 F9000 X114.623 Y118.44
G1 F1500 X118.44 Y114.623 E1232.26444
G0 F9000 X118.44 Y114.057
G1 F1500 X114.426 Y118.071 E1232.64205
G0 F9000 X114.22 Y117.368
G0 X114.755 Y117.146
G0 X115.024 Y116.451
G0 X115.48 Y116.451
G1 F1500 X118.44 Y113.491 E1232.92051
G0 F9000 X118.44 Y112.926
G1 F1500 X115.482 Y115.883 E1233.19873
G0 F9000 X115.398 Y115.402
G1 F1500 X118.44 Y112.36 E1233.48491
G0 F9000 X118.44 Y111.794
G1 F1500 X115.222 Y115.012 E1233.78764
G0 F9000 X115.031 Y114.638
G1 F1500 X118.44 Y111.229 E1234.10833
G0 F9000 X118.44 Y110.663
G1 F1500 X114.839 Y114.264 E1234.44709
G0 F9000 X114.648 Y113.889
G1 F1500 X118.44 Y110.097 E1234.80382
G0 F9000 X118.44 Y109.532
G1 F1500 X114.457 Y113.515 E1235.17852
G0 F9000 X114.265 Y113.141
G1 F1500 X118.44 Y108.966 E1235.57128
G0 F9000 X118.44 Y108.4
G1 F1500 X114.074 Y112.766 E1235.982
G0 F9000 X113.882 Y112.392
G1 F1500 X118.44 Y107.834 E1236.41079
G0 F9000 X118.44 Y107.269
G1 F1500 X113.691 Y112.018 E1236.85755
G0 F9000 X113.5 Y111.643
G1 F1500 X118.44 Y106.703 E1237.32227
G0 F9000 X118.44 Y106.137
G1 F1500 X113.308 Y111.269 E1237.80506
G0 F9000 X113.117 Y110.895
G1 F1500 X118.44 Y105.572 E1238.30582
G0 F9000 X118.44 Y105.006
G1 F1500 X112.926 Y110.52 E1238.82454
G0 F9000 X112.734 Y110.146
G1 F1500 X118.44 Y104.44 E1239.36132
G0 F9000 X118.44 Y103.875
G1 F1500 X112.542 Y109.772 E1239.91612
G0 F9000 X112.351 Y109.397
G1 F1500 X114.867 Y106.881 E1240.15281
G0 F9000 X114.109 Y107.074
G1 F1500 X112.16 Y109.023 E1240.33616
G0 F9000 X111.968 Y108.649
G1 F1500 X113.542 Y107.075 E1240.48424
G0 F9000 X112.975 Y107.076
G1 F1500 X111.777 Y108.274 E1240.59694
G0 F9000 X111.586 Y107.9
G1 F1500 X112.409 Y107.077 E1240.67436
G0 F9000 X111.842 Y107.079
G1 F1500 X111.394 Y107.526 E1240.71646
G0 F9000 X111.203 Y107.151
G1 F1500 X111.275 Y107.079 E1240.72323
G0 F9000 X111.275 Y106.62
G0 X114.94 Y106.348
G0 X115.055 Y106.09
G0 X115.474 Y106.275
G1 F1500 X118.44 Y103.309 E1241.00225
G0 F9000 X118.44 Y102.743
G1 F1500 X115.672 Y105.511 E1241.26265
G0 F9000 X115.671 Y104.947
G1 F1500 X118.44 Y102.178 E1241.52314
G0 F9000 X118.44 Y101.612
G1 F1500 X115.669 Y104.383 E1241.78382
G0 F9000 X115.649 Y103.837
G1 F1500 X117.926 Y101.56 E1241.99803
G0 F9000 X117.361 Y101.56
G1 F1500 X115.532 Y103.388 E1242.17004
G0 F9000 X115.319 Y103.035
G1 F1500 X116.795 Y101.56 E1242.30885
G0 F9000 X116.229 Y101.56
G1 F1500 X115.034 Y102.755 E1242.42126
G0 F9000 X114.673 Y102.55
G1 F1500 X115.664 Y101.56 E1242.51444
G0 F9000 X115.098 Y101.56
G1 F1500 X114.201 Y102.457 E1242.59883
G0 F9000 X113.638 Y102.453
G1 F1500 X114.532 Y101.56 E1242.68288
G0 F9000 X113.967 Y101.56
G1 F1500 X113.073 Y102.453 E1242.76694
G0 F9000 X112.508 Y102.453
G1 F1500 X113.401 Y101.56 E1242.85095
G0 F9000 X112.835 Y101.56
G1 F1500 X111.942 Y102.453 E1242.93496
G0 F9000 X111.376 Y102.453
G1 F1500 X112.269 Y101.56 E1243.01896
G0 F9000 X111.704 Y101.56
G1 F1500 X110.811 Y102.452 E1243.10292
G0 F9000 X110.246 Y102.452
G1 F1500 X111.138 Y101.56 E1243.18684
G0 F9000 X110.572 Y101.56
G1 F1500 X109.68 Y102.452 E1243.27075
G0 F9000 X109.115 Y102.451
G1 F1500 X110.007 Y101.56 E1243.35462
G0 F9000 X109.44 Y101.56
G1 F1500 X108.549 Y102.451 E1243.43844
G0 F9000 X107.984 Y102.451
G1 F1500 X108.875 Y101.56 E1243.52226
G0 F9000 X108.309 Y101.56
G1 F1500 X107.419 Y102.451 E1243.60603
G0 F9000 X106.853 Y102.451
G1 F1500 X107.743 Y101.56 E1243.6898
G0 F9000 X107.178 Y101.56
G1 F1500 X106.287 Y102.451 E1243.77362
G0 F9000 X105.443 Y102.729
G1 F1500 X106.612 Y101.56 E1243.8836
G0 F9000 X106.046 Y101.56
G1 F1500 X101.561 Y106.046 E1244.30556
G0 F9000 X101.561 Y106.611
G1 F1500 X105.009 Y103.163 E1244.62993
G0 F9000 X104.762 Y103.976
G1 F1500 X101.561 Y107.177 E1244.93106
G0 F9000 X101.561 Y107.743
G1 F1500 X104.771 Y104.533 E1245.23304
G0 F9000 X104.876 Y104.993
G1 F1500 X101.561 Y108.308 E1245.54489
G0 F9000 X101.561 Y108.874
G1 F1500 X105.054 Y105.381 E1245.87349
G0 F9000 X105.245 Y105.756
G1 F1500 X101.561 Y109.44 E1246.22006
G0 F9000 X101.56 Y110.006
G1 F1500 X105.436 Y106.13 E1246.58469
G0 F9000 X105.628 Y106.504
G1 F1500 X101.56 Y110.572 E1246.96738
G0 F9000 X101.56 Y111.137
G1 F1500 X105.819 Y106.879 E1247.368
G0 F9000 X106.009 Y107.254
G1 F1500 X101.56 Y111.703 E1247.78653
G0 F9000 X101.56 Y112.269
G1 F1500 X106.201 Y107.628 E1248.22313
G0 F9000 X106.392 Y108.003
G1 F1500 X101.56 Y112.834 E1248.67765
G0 F9000 X101.56 Y113.4
G1 F1500 X106.583 Y108.378 E1249.15013
G0 F9000 X106.774 Y108.752
G1 F1500 X101.56 Y113.966 E1249.64063
G0 F9000 X101.56 Y114.531
G1 F1500 X106.965 Y109.126 E1250.1491
G0 F9000 X107.156 Y109.501
G1 F1500 X101.56 Y115.097 E1250.67554
G0 F9000 X101.56 Y115.663
G1 F1500 X107.347 Y109.876 E1251.21995
G0 F9000 X107.539 Y110.25
G1 F1500 X101.56 Y116.229 E1251.78241
G0 F9000 X101.56 Y116.794
G1 F1500 X107.73 Y110.625 E1252.3628
G0 F9000 X107.921 Y111
G1 F1500 X101.56 Y117.36 E1252.96116
G0 F9000 X101.56 Y117.926
G1 F1500 X104.863 Y114.623 E1253.27189
G0 F9000 X104.847 Y115.205
G1 F1500 X101.611 Y118.44 E1253.57626
G0 F9000 X102.177 Y118.44
G1 F1500 X104.848 Y115.77 E1253.82749
G0 F9000 X104.848 Y116.335
G1 F1500 X102.743 Y118.44 E1254.02551
G0 F9000 X103.308 Y118.44
G1 F1500 X104.935 Y116.814 E1254.17852
G0 F9000 X105.126 Y117.189
G1 F1500 X103.874 Y118.44 E1254.29626
G0 F9000 X104.44 Y118.44
G1 F1500 X105.394 Y117.486 E1254.386
G0 F9000 X105.728 Y117.718
G1 F1500 X105.005 Y118.44 E1254.45397
G0 F9000 X105.571 Y118.44
G1 F1500 X105.879 Y118.132 E1254.48295
G1 F2700 E1245.48295
G0 F9000 X105.879 Y118.9
G0 X106.276 Y118.8
G0 X106.406 Y117.497
G0 X105.577 Y117.145
G0 X105.58 Y113.977
G0 X106.276 Y113.72
G0 X106.224 Y113.262
G1 F2700 E1254.48295
G1 F1500 X108.112 Y111.374 E1254.66056
G0 F9000 X108.303 Y111.748
G1 F1500 X106.806 Y113.246 E1254.80143
G0 F9000 X107.371 Y113.246
G1 F1500 X108.494 Y112.123 E1254.90708
G0 F9000 X108.685 Y112.498
G1 F1500 X107.938 Y113.245 E1254.97735
G0 F9000 X108.503 Y113.245
G1 F1500 X108.877 Y112.872 E1255.01249
G1 F2700 E1246.01249
G0 F9000 X109.289 Y112.664
G0 X105.269 Y104.962
G0 X101.2 Y104.962
G0 X101.1 Y105.48
G0 X101.561 Y105.48
G1 F2700 E1255.01249
G1 F1500 X105.481 Y101.56 E1255.38126
G0 F9000 X104.915 Y101.56
G1 F1500 X101.561 Y104.914 E1255.69678
G0 F9000 X101.561 Y104.348
G1 F1500 X104.349 Y101.56 E1255.95906
G0 F9000 X103.783 Y101.56
G1 F1500 X101.561 Y103.783 E1256.16814
G0 F9000 X101.561 Y103.217
G1 F1500 X103.218 Y101.56 E1256.32402
G0 F9000 X102.652 Y101.56
G1 F1500 X101.561 Y102.651 E1256.42665
G0 F9000 X101.561 Y102.086
G1 F1500 X102.086 Y101.56 E1256.47609
G1 F2700 E1247.47609
;MESH:NONMESH
G0 F300 X102.086 Y101.56 Z18.6
G0 F9000 X102.086 Y101.1
G0 X113.958 Y101.2
G0 X113.956 Y102.827
G0 X114.94 Y103.18
G0 X114.94 Y106.348
G0 X110.544 Y106.7
G0 X114.765 Y115.696
G0 X114.755 Y117.146
G0 X113.958 Y117.217
G0 X113.959 Y116.513
;TIME_ELAPSED:1066.449202
;LAYER:46
;TYPE:WALL-OUTER
;MESH:xyzCalibration_cube.stl
G1 F2700 E1256.47609
G1 F1500 X106.344 Y116.516 E1256.98264
G1 X106.258 Y116.453 E1256.98973
G1 X106.206 Y116.345 E1256.99771
G1 X106.21 Y114.753 E1257.10361
G1 X106.342 Y114.604 E1257.11685
G1 X111.289 Y114.604 E1257.44592
G1 X106.125 Y104.476 E1258.20216
G1 X106.126 Y103.954 E1258.23688
G1 X106.185 Y103.856 E1258.24449
G1 X106.285 Y103.806 E1258.25193
G1 X114.161 Y103.804 E1258.77584
G1 X114.312 Y103.953 E1258.78996
G1 X114.31 Y105.555 E1258.89652
G1 X114.2 Y105.717 E1258.90955
G1 X108.943 Y105.72 E1259.25924
G1 X114.119 Y115.848 E1260.01584
G1 X114.122 Y116.351 E1260.0493
G1 X114.064 Y116.459 E1260.05746
G1 X113.959 Y116.513 E1260.06531
G1 F2700 E1251.06531
G0 F9000 X113.959 Y117.218
G0 X114.755 Y117.146
G0 X114.976 Y116.853
G0 X114.976 Y118.8
G0 X119.8 Y119.8
G1 F2700 E1260.06531
G1 F1500 X119.8 Y100.2 E1261.36911
G1 X100.2 Y100.2 E1262.67291
G1 X100.2 Y119.8 E1263.97671
G1 X119.8 Y119.8 E1265.2805
G0 F9000 X119.4 Y119.4
;TYPE:WALL-INNER
G1 F1500 X119.4 Y100.6 E1266.53108
G1 X100.6 Y100.6 E1267.78167
G1 X100.6 Y119.4 E1269.03225
G1 X119.4 Y119.4 E1270.28283
G0 F9000 X119 Y119
G1 F1500 X119 Y101 E1271.48019
G1 X101 Y101 E1272.67756
G1 X101 Y119 E1273.87492
G1 X119 Y119 E1275.07229
G1 F2700 E1266.07229
G0 F9000 X106.155 Y118.8
G0 X106.406 Y117.497
G0 X106.155 Y117.218
G0 X106.155 Y116.863
G1 F2700 E1275.07229
G1 F1500 X105.966 Y116.727 E1275.08778
G1 X105.856 Y116.561 E1275.10102
G1 X105.81 Y116.403 E1275.11197
G1 X105.804 Y114.699 E1275.22532
G1 X105.956 Y114.404 E1275.2474
G1 X106.148 Y114.26 E1275.26336
G1 X106.404 Y114.204 E1275.28079
G1 X110.635 Y114.204 E1275.56224
G1 X105.72 Y104.574 E1276.28144
G1 X105.72 Y103.899 E1276.32634
G1 X105.798 Y103.707 E1276.34013
G1 X105.915 Y103.561 E1276.35257
G1 X106.244 Y103.404 E1276.37682
G1 X114.112 Y103.404 E1276.9002
G1 X114.32 Y103.441 E1276.91426
G1 X114.493 Y103.54 E1276.92752
G1 X114.68 Y103.809 E1276.94931
G1 X114.712 Y104.004 E1276.96245
G1 X114.712 Y105.633 E1277.07082
G1 X114.626 Y105.831 E1277.08518
G1 X114.428 Y106.031 E1277.1039
G1 X114.199 Y106.12 E1277.12024
G1 X109.597 Y106.12 E1277.42637
G1 X114.524 Y115.749 E1278.14587
G1 X114.524 Y116.396 E1278.18891
G1 X114.459 Y116.589 E1278.20246
G1 X114.344 Y116.745 E1278.21535
G1 X114.159 Y116.869 E1278.23016
G1 X113.997 Y116.916 E1278.24138
G1 X106.404 Y116.916 E1278.74647
G1 X106.155 Y116.863 E1278.76341
G0 F9000 X106.155 Y117.218
G0 X114.046 Y117.316
G1 F1500 X106.404 Y117.316 E1279.27176
G1 X105.99 Y117.227 E1279.29992
G1 X105.675 Y117.001 E1279.32571
G1 X105.491 Y116.725 E1279.34778
G1 X105.404 Y116.427 E1279.36843
G1 X105.404 Y114.804 E1279.47639
G1 X105.435 Y114.553 E1279.49321
G1 X105.525 Y114.326 E1279.50946
G1 X105.657 Y114.138 E1279.52474
G1 X105.978 Y113.898 E1279.5514
G1 X106.404 Y113.804 E1279.58042
G1 X109.982 Y113.804 E1279.81843
G1 X105.429 Y104.883 E1280.48468
G1 X105.32 Y104.591 E1280.50541
G1 X105.32 Y103.833 E1280.55583
G1 X105.45 Y103.51 E1280.57899
G1 X105.645 Y103.266 E1280.59977
G1 X105.946 Y103.076 E1280.62345
G1 X106.196 Y103.004 E1280.64075
G1 X114.112 Y103.004 E1281.16733
G1 X114.459 Y103.065 E1281.19076
G1 X114.747 Y103.23 E1281.21284
G1 X114.946 Y103.45 E1281.23258
G1 X115.059 Y103.68 E1281.24962
G1 X115.112 Y104.004 E1281.27146
G1 X115.112 Y105.52 E1281.37231
G1 X115.075 Y105.794 E1281.3907
G1 X114.969 Y106.038 E1281.4084
G1 X114.815 Y106.232 E1281.42487
G1 X114.459 Y106.459 E1281.45296
G1 X114.112 Y106.52 E1281.47639
G1 X110.251 Y106.52 E1281.73323
G1 X114.815 Y115.44 E1282.39975
G1 X114.924 Y115.733 E1282.42054
G1 X114.924 Y116.46 E1282.4689
G1 X114.815 Y116.771 E1282.49083
G1 X114.624 Y117.031 E1282.51229
G1 X114.316 Y117.237 E1282.53694
G1 X114.046 Y117.316 E1282.55565
G0 F9000 X114.099 Y117.674
;TYPE:SKIN
G1 F1500 X106.364 Y117.672 E1283.07018
G1 X105.843 Y117.556 E1283.10569
G1 X105.405 Y117.251 E1283.14119
G1 X105.158 Y116.87 E1283.1714
G1 X105.046 Y116.478 E1283.19852
G1 X105.045 Y114.779 E1283.31153
G1 X105.093 Y114.438 E1283.33444
G1 X105.197 Y114.174 E1283.35332
G1 X105.376 Y113.912 E1283.37442
G1 X105.607 Y113.695 E1283.39551
G1 X106.073 Y113.481 E1283.42962
G1 X106.385 Y113.445 E1283.45051
G1 X109.393 Y113.444 E1283.6506
G1 X105.095 Y105.02 E1284.27969
G1 X104.997 Y104.733 E1284.29986
G1 X104.961 Y104.441 E1284.31944
G1 X104.961 Y103.979 E1284.35017
G1 X105.002 Y103.666 E1284.37117
G1 X105.131 Y103.332 E1284.39498
G1 X105.401 Y102.992 E1284.42386
G1 X105.827 Y102.735 E1284.45696
G1 X106.139 Y102.644 E1284.47858
G1 X114.144 Y102.647 E1285.01107
G1 X114.583 Y102.725 E1285.04073
G1 X114.975 Y102.95 E1285.0708
G1 X115.249 Y103.247 E1285.09768
G1 X115.398 Y103.559 E1285.12068
G1 X115.47 Y103.97 E1285.14843
G1 X115.47 Y105.542 E1285.253
G1 X115.422 Y105.871 E1285.27512
G1 X115.28 Y106.221 E1285.30025
G1 X115.048 Y106.506 E1285.32469
G1 X114.844 Y106.666 E1285.34194
G1 X114.586 Y106.792 E1285.36104
G1 X114.145 Y106.877 E1285.39091
G1 X110.839 Y106.88 E1285.61083
G1 X115.135 Y115.276 E1286.2382
G1 X115.236 Y115.541 E1286.25706
G1 X115.283 Y115.879 E1286.27976
G1 X115.282 Y116.515 E1286.32207
G1 X115.136 Y116.933 E1286.35152
G1 X114.875 Y117.289 E1286.38089
G1 X114.462 Y117.567 E1286.414
G1 X114.099 Y117.674 E1286.43918
G0 F9000 X114.15 Y118.154
G1 F1054.5 X106.36 Y118.158 E1287.17631
G1 F1036.3 X106.186 Y118.142 E1287.19313
G1 F2700 E1278.19313
G0 F9000 X106.346 Y117.402
G0 X114.068 Y117.497
G0 X114.068 Y118.8
G0 X118.9 Y118.64
G0 X118.64 Y118.64
G1 F2700 E1287.19313
G1 F1500 X118.64 Y101.36 E1288.3426
G1 X101.361 Y101.361 E1289.49201
G1 X101.36 Y118.64 E1290.64141
G1 X118.64 Y118.64 E1291.79088
G0 F9000 X118.9 Y118.64
G0 X118.828 Y101.172
G0 X117.965 Y101.1
G0 X117.965 Y101.56
G1 F1500 X118.44 Y102.035 E1291.83557
G0 F9000 X118.44 Y102.6
G1 F1500 X117.4 Y101.56 E1291.9334
G0 F9000 X116.834 Y101.56
G1 F1500 X118.44 Y103.166 E1292.08448
G0 F9000 X118.44 Y103.732
G1 F1500 X116.268 Y101.56 E1292.28881
G0 F9000 X115.702 Y101.56
G1 F1500 X118.44 Y104.298 E1292.54639
G0 F9000 X118.44 Y104.863
G1 F1500 X115.137 Y101.56 E1292.85711
G0 F9000 X114.571 Y101.56
G1 F1500 X118.44 Y105.429 E1293.22109
G0 F9000 X118.44 Y105.995
G1 F1500 X114.005 Y101.56 E1293.6383
G0 F9000 X113.44 Y101.56
G1 F1500 X114.366 Y102.487 E1293.72546
G0 F9000 X113.758 Y102.444
G1 F1500 X112.874 Y101.56 E1293.80862
G0 F9000 X112.308 Y101.56
G1 F1500 X113.192 Y102.444 E1293.89179
G0 F9000 X112.627 Y102.445
G1 F1500 X111.743 Y101.56 E1293.97499
G0 F9000 X111.177 Y101.56
G1 F1500 X112.062 Y102.446 E1294.0583
G0 F9000 X111.497 Y102.446
G1 F1500 X110.611 Y101.56 E1294.14165
G0 F9000 X110.046 Y101.56
G1 F1500 X110.932 Y102.446 E1294.22499
G0 F9000 X110.366 Y102.446
G1 F1500 X109.481 Y101.561 E1294.30825
G0 F9000 X108.915 Y101.561
G1 F1500 X109.801 Y102.447 E1294.3916
G0 F9000 X109.235 Y102.447
G1 F1500 X108.349 Y101.561 E1294.47495
G0 F9000 X107.784 Y101.561
G1 F1500 X108.67 Y102.448 E1294.55835
G0 F9000 X108.105 Y102.448
G1 F1500 X107.218 Y101.561 E1294.64179
G0 F9000 X106.652 Y101.561
G1 F1500 X107.54 Y102.448 E1294.72528
G0 F9000 X106.975 Y102.449
G1 F1500 X106.087 Y101.561 E1294.80882
G0 F9000 X105.521 Y101.561
G1 F1500 X106.409 Y102.449 E1294.89235
G0 F9000 X105.901 Y102.506
G1 F1500 X104.955 Y101.561 E1294.9813
G0 F9000 X104.389 Y101.561
G1 F1500 X105.514 Y102.686 E1295.08713
G0 F9000 X105.194 Y102.931
G1 F1500 X103.824 Y101.561 E1295.21602
G0 F9000 X103.258 Y101.561
G1 F1500 X104.948 Y103.251 E1295.375
G0 F9000 X104.802 Y103.67
G1 F1500 X102.692 Y101.561 E1295.57345
G0 F9000 X102.127 Y101.561
G1 F1500 X104.762 Y104.196 E1295.82133
G0 F9000 X104.806 Y104.806
G1 F1500 X101.561 Y101.561 E1296.1266
G0 F9000 X101.56 Y102.126
G1 F1500 X105.302 Y105.868 E1296.47863
G0 F9000 X105.713 Y105.659
G0 X106.303 Y106.815
G0 X105.892 Y107.023
G1 F1500 X101.56 Y102.692 E1296.88611
G0 F9000 X101.56 Y103.257
G1 F1500 X106.481 Y108.178 E1297.34905
G0 F9000 X106.892 Y107.97
G0 X107.482 Y109.126
G0 X107.071 Y109.334
G1 F1500 X101.56 Y103.823 E1297.86749
G0 F9000 X101.56 Y104.389
G1 F1500 X107.661 Y110.489 E1298.44139
G0 F9000 X108.071 Y110.281
G0 X108.661 Y111.436
G0 X108.25 Y111.644
G1 F1500 X101.56 Y104.954 E1299.07074
G0 F9000 X101.56 Y105.52
G1 F1500 X108.84 Y112.8 E1299.7556
G0 F9000 X108.718 Y113.244
G1 F1500 X101.56 Y106.086 E1300.42898
G0 F9000 X101.56 Y106.652
G1 F1500 X108.153 Y113.245 E1301.04921
G0 F9000 X107.588 Y113.245
G1 F1500 X101.56 Y107.217 E1301.61628
G0 F9000 X101.56 Y107.783
G1 F1500 X107.023 Y113.245 E1302.13016
G0 F9000 X106.457 Y113.245
G1 F1500 X101.56 Y108.349 E1302.5908
G0 F9000 X101.56 Y108.914
G1 F1500 X105.959 Y113.312 E1303.00458
G0 F9000 X105.571 Y113.491
G1 F1500 X101.56 Y109.48 E1303.38191
G0 F9000 X101.56 Y110.045
G1 F1500 X105.263 Y113.748 E1303.73027
G0 F9000 X105.022 Y114.073
G1 F1500 X101.56 Y110.611 E1304.05595
G0 F9000 X101.56 Y111.176
G1 F1500 X104.879 Y114.496 E1304.36823
G0 F9000 X104.847 Y115.029
G1 F1500 X101.56 Y111.742 E1304.67745
G0 F9000 X101.56 Y112.308
G1 F1500 X104.848 Y115.596 E1304.98676
G0 F9000 X104.849 Y116.163
G1 F1500 X101.56 Y112.873 E1305.29622
G0 F9000 X101.56 Y113.439
G1 F1500 X104.935 Y116.815 E1305.61377
G1 F2700 E1296.61377
G0 F9000 X105.377 Y116.689
G0 X105.915 Y117.391
G0 X105.915 Y118.8
G0 X104.863 Y118.9
G0 X104.863 Y118.44
G1 F2700 E1305.61377
G1 F1500 X101.56 Y115.136 E1305.92454
G0 F9000 X101.56 Y115.702
G1 F1500 X104.298 Y118.44 E1306.18211
G0 F9000 X103.732 Y118.44
G1 F1500 X101.56 Y116.267 E1306.38649
G0 F9000 X101.56 Y116.833
G1 F1500 X103.166 Y118.44 E1306.53762
G0 F9000 X102.6 Y118.44
G1 F1500 X101.56 Y117.399 E1306.6355
G0 F9000 X101.56 Y117.965
G1 F1500 X102.035 Y118.44 E1306.68019
G0 F9000 X102.035 Y118.9
G0 X105.429 Y118.9
G0 X105.429 Y118.44
G1 F1500 X101.56 Y114.57 E1307.04421
G0 F9000 X101.56 Y114.005
G1 F1500 X105.834 Y118.279 E1307.44628
G1 F2700 E1298.44628
G0 F9000 X105.834 Y118.9
G0 X114.293 Y118.8
G0 X114.068 Y117.497
G0 X114.293 Y117.347
G0 X114.434 Y117.828
G1 F2700 E1307.44628
G1 F1500 X115.046 Y118.44 E1307.50385
G0 F9000 X115.611 Y118.44
G1 F1500 X114.772 Y117.6 E1307.58283
G0 F9000 X115.082 Y117.344
G1 F1500 X116.177 Y118.44 E1307.68588
G0 F9000 X116.743 Y118.44
G1 F1500 X115.318 Y117.015 E1307.81994
G0 F9000 X115.463 Y116.594
G1 F1500 X117.308 Y118.44 E1307.99355
G0 F9000 X117.874 Y118.44
G1 F1500 X115.48 Y116.046 E1308.21876
G0 F9000 X115.394 Y115.394
G1 F1500 X118.44 Y118.44 E1308.50531
G0 F9000 X118.44 Y117.874
G1 F1500 X114.848 Y114.283 E1308.84318
G0 F9000 X114.441 Y114.49
G0 X113.849 Y113.332
G0 X114.256 Y113.125
G1 F1500 X118.44 Y117.308 E1309.23674
G0 F9000 X118.44 Y116.743
G1 F1500 X113.665 Y111.968 E1309.68594
G0 F9000 X113.257 Y112.175
G0 X112.665 Y111.018
G0 X113.073 Y110.81
G1 F1500 X118.44 Y116.177 E1310.19084
G0 F9000 X118.44 Y115.611
G1 F1500 X112.481 Y109.652 E1310.75142
G0 F9000 X112.072 Y109.86
G0 X111.48 Y108.703
G0 X111.889 Y108.495
G1 F1500 X118.44 Y115.046 E1311.3677
G0 F9000 X118.44 Y114.48
G1 F1500 X111.297 Y107.337 E1312.03967
G0 F9000 X111.605 Y107.079
G1 F1500 X118.44 Y113.914 E1312.68266
G0 F9000 X118.44 Y113.349
G1 F1500 X112.17 Y107.079 E1313.27251
G0 F9000 X112.734 Y107.077
G1 F1500 X118.44 Y112.783 E1313.80929
G0 F9000 X118.44 Y112.217
G1 F1500 X113.299 Y107.076 E1314.29293
G0 F9000 X113.863 Y107.075
G1 F1500 X118.44 Y111.651 E1314.72346
G0 F9000 X118.44 Y111.086
G1 F1500 X114.388 Y107.034 E1315.10464
G0 F9000 X114.822 Y106.903
G1 F1500 X118.44 Y110.52 E1315.44496
G0 F9000 X118.44 Y109.954
G1 F1500 X115.159 Y106.673 E1315.75361
G0 F9000 X115.418 Y106.367
G1 F1500 X118.44 Y109.389 E1316.0379
G0 F9000 X118.44 Y108.823
G1 F1500 X115.597 Y105.98 E1316.30535
G0 F9000 X115.668 Y105.485
G1 F1500 X118.44 Y108.257 E1316.56613
G0 F9000 X118.44 Y107.692
G1 F1500 X115.667 Y104.919 E1316.82699
G0 F9000 X115.666 Y104.353
G1 F1500 X118.44 Y107.126 E1317.08791
G0 F9000 X118.44 Y106.56
G1 F1500 X115.633 Y103.754 E1317.35193
;MESH:NONMESH
G0 F300 X115.633 Y103.754 Z19
G0 F9000 X115.182 Y103.828
G0 X114.909 Y106.372
G0 X110.544 Y106.7
G0 X114.765 Y115.696
G0 X114.755 Y117.146
G0 X113.959 Y117.218
G0 X113.959 Y116.513
;TIME_ELAPSED:1118.411109
;LAYER:47
;TYPE:WALL-OUTER
;MESH:xyzCalibration_cube.stl
G1 F1500 X106.344 Y116.516 E1317.85848
G1 X106.258 Y116.453 E1317.86557
G1 X106.206 Y116.345 E1317.87354
G1 X106.21 Y114.753 E1317.97944
G1 X106.342 Y114.604 E1317.99269
G1 X111.289 Y114.604 E1318.32176
G1 X106.125 Y104.476 E1319.078
G1 X106.126 Y103.954 E1319.11272
G1 X106.185 Y103.856 E1319.12033
G1 X106.285 Y103.806 E1319.12777
G1 X114.161 Y103.804 E1319.65168
G1 X114.312 Y103.953 E1319.66579
G1 X114.31 Y105.555 E1319.77236
G1 X114.2 Y105.717 E1319.78538
G1 X108.943 Y105.72 E1320.13508
G1 X114.119 Y115.848 E1320.89168
G1 X114.122 Y116.351 E1320.92514
G1 X114.064 Y116.459 E1320.9333
G1 X113.959 Y116.513 E1320.94115
G1 F2700 E1311.94115
G0 F9000 X113.959 Y117.218
G0 X114.755 Y117.146
G0 X114.976 Y116.853
G0 X114.976 Y118.8
G0 X119.8 Y119.8
G1 F2700 E1320.94115
G1 F1500 X119.8 Y100.2 E1322.24495
G1 X100.2 Y100.2 E1323.54875
G1 X100.2 Y119.8 E1324.85254
G1 X119.8 Y119.8 E1326.15634
G0 F9000 X119.4 Y119.4
;TYPE:WALL-INNER
G1 F1500 X119.4 Y100.6 E1327.40692
G1 X100.6 Y100.6 E1328.6575
G1 X100.6 Y119.4 E1329.90808
G1 X119.4 Y119.4 E1331.15866
G0 F9000 X119 Y119
G1 F1500 X119 Y101 E1332.35603
G1 X101 Y101 E1333.55339
G1 X101 Y119 E1334.75076
G1 X119 Y119 E1335.94812
G1 F2700 E1326.94812
G0 F9000 X106.155 Y118.8
G0 X106.406 Y117.497
G0 X106.155 Y117.218
G0 X106.155 Y116.863
G1 F2700 E1335.94812
G1 F1500 X105.966 Y116.727 E1335.96361
G1 X105.856 Y116.561 E1335.97686
G1 X105.81 Y116.403 E1335.98781
G1 X105.804 Y114.699 E1336.10116
G1 X105.956 Y114.404 E1336.12323
G1 X106.148 Y114.26 E1336.1392
G1 X106.404 Y114.204 E1336.15663
G1 X110.635 Y114.204 E1336.43808
G1 X105.72 Y104.574 E1337.15728
G1 X105.72 Y103.899 E1337.20218
G1 X105.798 Y103.707 E1337.21596
G1 X105.915 Y103.561 E1337.22841
G1 X106.244 Y103.404 E1337.25266
G1 X114.112 Y103.404 E1337.77604
G1 X114.32 Y103.441 E1337.79009
G1 X114.493 Y103.54 E1337.80335
G1 X114.68 Y103.809 E1337.82515
G1 X114.712 Y104.004 E1337.83829
G1 X114.712 Y105.633 E1337.94665
G1 X114.626 Y105.831 E1337.96101
G1 X114.428 Y106.031 E1337.97973
G1 X114.199 Y106.12 E1337.99608
G1 X109.597 Y106.12 E1338.3022
G1 X114.524 Y115.749 E1339.02171
G1 X114.524 Y116.396 E1339.06475
G1 X114.459 Y116.589 E1339.07829
G1 X114.344 Y116.745 E1339.09119
G1 X114.159 Y116.869 E1339.106
G1 X113.997 Y116.916 E1339.11722
G1 X106.404 Y116.916 E1339.62231
G1 X106.155 Y116.863 E1339.63924
G0 F9000 X106.155 Y117.218
G0 X114.046 Y117.316
G1 F1500 X106.404 Y117.316 E1340.14759
G1 X105.99 Y117.227 E1340.17576
G1 X105.675 Y117.001 E1340.20155
G1 X105.491 Y116.725 E1340.22362
G1 X105.404 Y116.427 E1340.24427
G1 X105.404 Y114.804 E1340.35223
G1 X105.435 Y114.553 E1340.36905
G1 X105.525 Y114.326 E1340.3853
G1 X105.657 Y114.138 E1340.40058
G1 X105.978 Y113.898 E1340.42724
G1 X106.404 Y113.804 E1340.45626
G1 X109.982 Y113.804 E1340.69427
G1 X105.429 Y104.883 E1341.36051
G1 X105.32 Y104.591 E1341.38125
G1 X105.32 Y103.833 E1341.43167
G1 X105.45 Y103.51 E1341.45483
G1 X105.645 Y103.266 E1341.47561
G1 X105.946 Y103.076 E1341.49928
G1 X106.196 Y103.004 E1341.51659
G1 X114.112 Y103.004 E1342.04317
G1 X114.459 Y103.065 E1342.0666
G1 X114.747 Y103.23 E1342.08868
G1 X114.946 Y103.45 E1342.10841
G1 X115.059 Y103.68 E1342.12546
G1 X115.112 Y104.004 E1342.1473
G1 X115.112 Y105.52 E1342.24814
G1 X115.075 Y105.794 E1342.26654
G1 X114.969 Y106.038 E1342.28423
G1 X114.815 Y106.232 E1342.30071
G1 X114.459 Y106.459 E1342.32879
G1 X114.112 Y106.52 E1342.35223
G1 X110.251 Y106.52 E1342.60907
G1 X114.815 Y115.44 E1343.27559
G1 X114.924 Y115.733 E1343.29638
G1 X114.924 Y116.46 E1343.34474
G1 X114.815 Y116.771 E1343.36666
G1 X114.624 Y117.031 E1343.38812
G1 X114.316 Y117.237 E1343.41277
G1 X114.046 Y117.316 E1343.43149
G0 F9000 X114.099 Y117.674
;TYPE:SKIN
G1 F1500 X106.364 Y117.672 E1343.94602
G1 X105.843 Y117.556 E1343.98153
G1 X105.405 Y117.251 E1344.01703
G1 X105.158 Y116.87 E1344.04723
G1 X105.046 Y116.478 E1344.07435
G1 X105.045 Y114.779 E1344.18737
G1 X105.093 Y114.438 E1344.21028
G1 X105.197 Y114.174 E1344.22915
G1 X105.376 Y113.912 E1344.25026
G1 X105.607 Y113.695 E1344.27134
G1 X106.073 Y113.481 E1344.30545
G1 X106.385 Y113.445 E1344.32635
G1 X109.393 Y113.444 E1344.52644
G1 X105.095 Y105.02 E1345.15553
G1 X104.997 Y104.733 E1345.1757
G1 X104.961 Y104.441 E1345.19527
G1 X104.961 Y103.979 E1345.226
G1 X105.002 Y103.666 E1345.247
G1 X105.131 Y103.332 E1345.27082
G1 X105.401 Y102.992 E1345.2997
G1 X105.827 Y102.735 E1345.3328
G1 X106.139 Y102.644 E1345.35442
G1 X114.144 Y102.647 E1345.88691
G1 X114.583 Y102.725 E1345.91657
G1 X114.975 Y102.95 E1345.94664
G1 X115.249 Y103.247 E1345.97352
G1 X115.398 Y103.559 E1345.99652
G1 X115.47 Y103.97 E1346.02427
G1 X115.472 Y105.512 E1346.12685
G1 X115.422 Y105.871 E1346.15096
G1 X115.28 Y106.221 E1346.17608
G1 X115.048 Y106.506 E1346.20053
G1 X114.844 Y106.666 E1346.21777
G1 X114.586 Y106.792 E1346.23687
G1 X114.145 Y106.877 E1346.26675
G1 X110.839 Y106.88 E1346.48667
G1 X115.135 Y115.276 E1347.11403
G1 X115.236 Y115.541 E1347.1329
G1 X115.283 Y115.879 E1347.1556
G1 X115.282 Y116.515 E1347.19791
G1 X115.136 Y116.933 E1347.22736
G1 X114.875 Y117.289 E1347.25672
G1 X114.462 Y117.567 E1347.28984
G1 X114.099 Y117.674 E1347.31501
G0 F9000 X114.15 Y118.154
G1 F1054.5 X106.36 Y118.158 E1348.05214
G1 F1036.3 X106.186 Y118.142 E1348.06897
G1 F2700 E1339.06897
G0 F9000 X106.346 Y117.402
G0 X114.068 Y117.497
G0 X114.068 Y118.8
G0 X118.9 Y118.64
G0 X118.64 Y118.64
G1 F2700 E1348.06897
G1 F1500 X118.64 Y101.36 E1349.21844
G1 X101.361 Y101.361 E1350.36784
G1 X101.36 Y118.64 E1351.51725
G1 X118.64 Y118.64 E1352.66672
G0 F9000 X118.017 Y118.44
G1 F1500 X118.44 Y118.017 E1352.70651
G0 F9000 X118.44 Y117.451
G1 F1500 X117.451 Y118.44 E1352.79955
G0 F9000 X116.885 Y118.44
G1 F1500 X118.44 Y116.885 E1352.94583
G0 F9000 X118.44 Y116.32
G1 F1500 X116.32 Y118.44 E1353.14527
G0 F9000 X115.754 Y118.44
G1 F1500 X118.44 Y115.754 E1353.39795
G0 F9000 X118.44 Y115.188
G1 F1500 X115.188 Y118.44 E1353.70388
G0 F9000 X114.623 Y118.44
G1 F1500 X118.44 Y114.623 E1354.06296
G0 F9000 X118.44 Y114.057
G1 F1500 X114.426 Y118.071 E1354.44057
G0 F9000 X114.22 Y117.368
G0 X114.755 Y117.146
G0 X115.024 Y116.451
G0 X115.48 Y116.451
G1 F1500 X118.44 Y113.491 E1354.71903
G0 F9000 X118.44 Y112.926
G1 F1500 X115.482 Y115.883 E1354.99726
G0 F9000 X115.398 Y115.402
G1 F1500 X118.44 Y112.36 E1355.28343
G0 F9000 X118.44 Y111.794
G1 F1500 X115.222 Y115.012 E1355.58616
G0 F9000 X115.031 Y114.638
G1 F1500 X118.44 Y111.229 E1355.90686
G0 F9000 X118.44 Y110.663
G1 F1500 X114.839 Y114.264 E1356.24562
G0 F9000 X114.648 Y113.889
G1 F1500 X118.44 Y110.097 E1356.60234
G0 F9000 X118.44 Y109.532
G1 F1500 X114.457 Y113.515 E1356.97704
G0 F9000 X114.265 Y113.141
G1 F1500 X118.44 Y108.966 E1357.3698
G0 F9000 X118.44 Y108.4
G1 F1500 X114.074 Y112.766 E1357.78053
G0 F9000 X113.882 Y112.392
G1 F1500 X118.44 Y107.834 E1358.20931
G0 F9000 X118.44 Y107.269
G1 F1500 X113.691 Y112.018 E1358.65607
G0 F9000 X113.5 Y111.643
G1 F1500 X118.44 Y106.703 E1359.1208
G0 F9000 X118.44 Y106.137
G1 F1500 X113.308 Y111.269 E1359.60358
G0 F9000 X113.117 Y110.895
G1 F1500 X118.44 Y105.572 E1360.10434
G0 F9000 X118.44 Y105.006
G1 F1500 X112.926 Y110.52 E1360.62306
G0 F9000 X112.734 Y110.146
G1 F1500 X118.44 Y104.44 E1361.15985
G0 F9000 X118.44 Y103.875
G1 F1500 X112.542 Y109.772 E1361.71465
G0 F9000 X112.351 Y109.397
G1 F1500 X114.867 Y106.881 E1361.95134
G0 F9000 X114.109 Y107.074
G1 F1500 X112.16 Y109.023 E1362.13469
G0 F9000 X111.968 Y108.649
G1 F1500 X113.542 Y107.075 E1362.28276
G0 F9000 X112.975 Y107.076
G1 F1500 X111.777 Y108.274 E1362.39546
G0 F9000 X111.586 Y107.9
G1 F1500 X112.409 Y107.077 E1362.47288
G0 F9000 X111.842 Y107.079
G1 F1500 X111.394 Y107.526 E1362.51498
G0 F9000 X111.203 Y107.151
G1 F1500 X111.275 Y107.079 E1362.52175
G0 F9000 X111.275 Y106.62
G0 X114.94 Y106.348
G0 X115.055 Y106.09
G0 X115.474 Y106.275
G1 F1500 X118.44 Y103.309 E1362.80078
G0 F9000 X118.44 Y102.743
G1 F1500 X115.672 Y105.511 E1363.06117
G0 F9000 X115.671 Y104.947
G1 F1500 X118.44 Y102.178 E1363.32166
G0 F9000 X118.44 Y101.612
G1 F1500 X115.669 Y104.383 E1363.58234
G0 F9000 X115.649 Y103.837
G1 F1500 X117.926 Y101.56 E1363.79655
G0 F9000 X117.361 Y101.56
G1 F1500 X115.536 Y103.385 E1363.96823
G0 F9000 X115.323 Y103.032
G1 F1500 X116.795 Y101.56 E1364.10671
G0 F9000 X116.229 Y101.56
G1 F1500 X115.034 Y102.755 E1364.21913
G0 F9000 X114.675 Y102.548
G1 F1500 X115.664 Y101.56 E1364.31212
G0 F9000 X115.098 Y101.56
G1 F1500 X114.198 Y102.46 E1364.39679
G0 F9000 X113.647 Y102.445
G1 F1500 X114.532 Y101.56 E1364.48004
G0 F9000 X113.967 Y101.56
G1 F1500 X113.081 Y102.446 E1364.56339
G0 F9000 X112.515 Y102.446
G1 F1500 X113.401 Y101.56 E1364.64674
G0 F9000 X112.835 Y101.56
G1 F1500 X111.948 Y102.446 E1364.73014
G0 F9000 X111.383 Y102.446
G1 F1500 X112.269 Y101.56 E1364.81349
G0 F9000 X111.704 Y101.56
G1 F1500 X110.816 Y102.447 E1364.89698
G0 F9000 X110.251 Y102.447
G1 F1500 X111.138 Y101.56 E1364.98042
G0 F9000 X110.572 Y101.56
G1 F1500 X109.684 Y102.448 E1365.06396
G0 F9000 X109.119 Y102.448
G1 F1500 X110.007 Y101.56 E1365.1475
G0 F9000 X109.44 Y101.56
G1 F1500 X108.552 Y102.448 E1365.23103
G0 F9000 X107.986 Y102.449
G1 F1500 X108.875 Y101.56 E1365.31467
G0 F9000 X108.309 Y101.56
G1 F1500 X107.42 Y102.449 E1365.3983
G0 F9000 X106.854 Y102.45
G1 F1500 X107.743 Y101.56 E1365.48198
G0 F9000 X107.178 Y101.56
G1 F1500 X106.288 Y102.45 E1365.5657
G0 F9000 X105.439 Y102.733
G1 F1500 X106.612 Y101.56 E1365.67605
G0 F9000 X106.046 Y101.56
G1 F1500 X101.561 Y106.046 E1366.09802
G0 F9000 X101.561 Y106.611
G1 F1500 X105.008 Y103.164 E1366.42229
G0 F9000 X104.762 Y103.976
G1 F1500 X101.561 Y107.177 E1366.72342
G0 F9000 X101.561 Y107.743
G1 F1500 X104.77 Y104.534 E1367.02531
G0 F9000 X104.875 Y104.994
G1 F1500 X101.561 Y108.308 E1367.33707
G0 F9000 X101.561 Y108.874
G1 F1500 X105.053 Y105.382 E1367.66557
G0 F9000 X105.244 Y105.756
G1 F1500 X101.561 Y109.44 E1368.01209
G0 F9000 X101.56 Y110.006
G1 F1500 X105.436 Y106.13 E1368.37672
G0 F9000 X105.627 Y106.505
G1 F1500 X101.56 Y110.572 E1368.75932
G0 F9000 X101.56 Y111.137
G1 F1500 X105.818 Y106.88 E1369.15984
G0 F9000 X106.009 Y107.255
G1 F1500 X101.56 Y111.703 E1369.57833
G0 F9000 X101.56 Y112.269
G1 F1500 X106.2 Y107.629 E1370.01483
G0 F9000 X106.391 Y108.003
G1 F1500 X101.56 Y112.834 E1370.4693
G0 F9000 X101.56 Y113.4
G1 F1500 X106.582 Y108.378 E1370.94174
G0 F9000 X106.774 Y108.752
G1 F1500 X101.56 Y113.966 E1371.43224
G0 F9000 X101.56 Y114.531
G1 F1500 X106.965 Y109.127 E1371.94066
G0 F9000 X107.156 Y109.502
G1 F1500 X101.56 Y115.097 E1372.46706
G0 F9000 X101.56 Y115.663
G1 F1500 X107.347 Y109.876 E1373.01146
G0 F9000 X107.538 Y110.251
G1 F1500 X101.56 Y116.229 E1373.57383
G0 F9000 X101.56 Y116.794
G1 F1500 X107.729 Y110.625 E1374.15418
G0 F9000 X107.921 Y111
G1 F1500 X101.56 Y117.36 E1374.75253
G0 F9000 X101.56 Y117.926
G1 F1500 X104.863 Y114.623 E1375.06326
G0 F9000 X104.847 Y115.205
G1 F1500 X101.611 Y118.44 E1375.36763
G0 F9000 X102.177 Y118.44
G1 F1500 X104.848 Y115.77 E1375.61886
G0 F9000 X104.848 Y116.335
G1 F1500 X102.743 Y118.44 E1375.81688
G0 F9000 X103.308 Y118.44
G1 F1500 X104.935 Y116.814 E1375.9699
G0 F9000 X105.126 Y117.189
G1 F1500 X103.874 Y118.44 E1376.08763
G0 F9000 X104.44 Y118.44
G1 F1500 X105.394 Y117.486 E1376.17738
G0 F9000 X105.728 Y117.718
G1 F1500 X105.005 Y118.44 E1376.24534
G0 F9000 X105.571 Y118.44
G1 F1500 X105.879 Y118.132 E1376.27432
G1 F2700 E1367.27432
G0 F9000 X105.879 Y118.9
G0 X106.276 Y118.8
G0 X106.406 Y117.497
G0 X105.578 Y117.146
G0 X105.578 Y113.977
G0 X106.276 Y113.72
G0 X106.224 Y113.262
G1 F2700 E1376.27432
G1 F1500 X108.112 Y111.374 E1376.45193
G0 F9000 X108.303 Y111.749
G1 F1500 X106.806 Y113.246 E1376.59276
G0 F9000 X107.372 Y113.245
G1 F1500 X108.494 Y112.123 E1376.69831
G0 F9000 X108.685 Y112.498
G1 F1500 X107.938 Y113.245 E1376.76858
G0 F9000 X108.504 Y113.245
G1 F1500 X108.876 Y112.873 E1376.80358
G1 F2700 E1367.80358
G0 F9000 X109.288 Y112.664
G0 X105.269 Y104.966
G0 X101.2 Y104.966
G0 X101.1 Y105.48
G0 X101.561 Y105.48
G1 F2700 E1376.80358
G1 F1500 X105.481 Y101.56 E1377.17235
G0 F9000 X104.915 Y101.56
G1 F1500 X101.561 Y104.914 E1377.48787
G0 F9000 X101.561 Y104.348
G1 F1500 X104.349 Y101.56 E1377.75015
G0 F9000 X103.783 Y101.56
G1 F1500 X101.561 Y103.783 E1377.95923
G0 F9000 X101.561 Y103.217
G1 F1500 X103.218 Y101.56 E1378.11511
G0 F9000 X102.652 Y101.56
G1 F1500 X101.561 Y102.651 E1378.21774
G0 F9000 X101.561 Y102.086
G1 F1500 X102.086 Y101.56 E1378.26718
G1 F2700 E1369.26718
;MESH:NONMESH
G0 F300 X102.086 Y101.56 Z19.4
G0 F9000 X102.086 Y101.1
G0 X113.959 Y101.2
G0 X113.959 Y102.824
G0 X114.94 Y103.179
G0 X114.94 Y106.348
G0 X110.544 Y106.7
G0 X114.765 Y115.696
G0 X114.755 Y117.146
G0 X113.959 Y117.218
G0 X113.959 Y116.513
;TIME_ELAPSED:1171.082027
;LAYER:48
;TYPE:WALL-OUTER
;MESH:xyzCalibration_cube.stl
G1 F2700 E1378.26718
G1 F1500 X106.344 Y116.516 E1378.77373
G1 X106.258 Y116.453 E1378.78082
G1 X106.206 Y116.345 E1378.7888
G1 X106.21 Y114.753 E1378.8947
G1 X106.342 Y114.604 E1378.90794
G1 X111.289 Y114.604 E1379.23701
G1 X106.125 Y104.476 E1379.99325
G1 X106.126 Y103.954 E1380.02798
G1 X106.185 Y103.856 E1380.03558
G1 X106.285 Y103.806 E1380.04302
G1 X114.161 Y103.804 E1380.56694
G1 X114.312 Y103.953 E1380.58105
G1 X114.31 Y105.555 E1380.68761
G1 X114.2 Y105.717 E1380.70064
G1 X108.943 Y105.72 E1381.05034
G1 X114.119 Y115.848 E1381.80694
G1 X114.122 Y116.351 E1381.8404
G1 X114.064 Y116.459 E1381.84855
G1 X113.959 Y116.513 E1381.8564
G1 F2700 E1372.8564
G0 F9000 X113.959 Y117.218
G0 X114.755 Y117.146
G0 X114.976 Y116.853
G0 X114.976 Y118.8
G0 X119.8 Y119.8
G1 F2700 E1381.8564
G1 F1500 X119.8 Y100.2 E1383.1602
G1 X100.2 Y100.2 E1384.464
G1 X100.2 Y119.8 E1385.7678
G1 X119.8 Y119.8 E1387.07159
G0 F9000 X119.4 Y119.4
;TYPE:WALL-INNER
G1 F1500 X119.4 Y100.6 E1388.32217
G1 X100.6 Y100.6 E1389.57276
G1 X100.6 Y119.4 E1390.82334
G1 X119.4 Y119.4 E1392.07392
G0 F9000 X119 Y119
G1 F1500 X119 Y101 E1393.27128
G1 X101 Y101 E1394.46865
G1 X101 Y119 E1395.66601
G1 X119 Y119 E1396.86338
G1 F2700 E1387.86338
G0 F9000 X106.155 Y118.8
G0 X106.406 Y117.497
G0 X106.155 Y117.218
G0 X106.155 Y116.863
G1 F2700 E1396.86338
G1 F1500 X105.966 Y116.727 E1396.87887
G1 X105.856 Y116.561 E1396.89211
G1 X105.81 Y116.403 E1396.90306
G1 X105.804 Y114.699 E1397.01641
G1 X105.956 Y114.404 E1397.03849
G1 X106.148 Y114.26 E1397.05445
G1 X106.404 Y114.204 E1397.07188
G1 X110.635 Y114.204 E1397.35333
G1 X105.72 Y104.574 E1398.07253
G1 X105.72 Y103.899 E1398.11743
G1 X105.798 Y103.707 E1398.13122
G1 X105.915 Y103.561 E1398.14366
G1 X106.244 Y103.404 E1398.16791
G1 X114.112 Y103.404 E1398.69129
G1 X114.32 Y103.441 E1398.70535
G1 X114.493 Y103.54 E1398.71861
G1 X114.68 Y103.809 E1398.7404
G1 X114.712 Y104.004 E1398.75354
G1 X114.712 Y105.633 E1398.86191
G1 X114.626 Y105.831 E1398.87627
G1 X114.428 Y106.031 E1398.89499
G1 X114.19 Y106.12 E1398.91189
G1 X109.597 Y106.12 E1399.21742
G1 X114.524 Y115.749 E1399.93692
G1 X114.524 Y116.396 E1399.97996
G1 X114.459 Y116.589 E1399.99351
G1 X114.344 Y116.745 E1400.0064
G1 X114.159 Y116.869 E1400.02121
G1 X113.997 Y116.916 E1400.03244
G1 X106.404 Y116.916 E1400.53752
G1 X106.155 Y116.863 E1400.55446
G0 F9000 X106.155 Y117.218
G0 X114.046 Y117.316
G1 F1500 X106.404 Y117.316 E1401.06281
G1 X105.99 Y117.227 E1401.09097
G1 X105.675 Y117.001 E1401.11676
G1 X105.491 Y116.725 E1401.13883
G1 X105.404 Y116.427 E1401.15948
G1 X105.404 Y114.804 E1401.26744
G1 X105.435 Y114.553 E1401.28427
G1 X105.525 Y114.326 E1401.30051
G1 X105.657 Y114.138 E1401.31579
G1 X105.978 Y113.898 E1401.34245
G1 X106.404 Y113.804 E1401.37147
G1 X109.982 Y113.804 E1401.60948
G1 X105.429 Y104.883 E1402.27573
G1 X105.32 Y104.591 E1402.29646
G1 X105.32 Y103.833 E1402.34688
G1 X105.45 Y103.51 E1402.37004
G1 X105.645 Y103.266 E1402.39082
G1 X105.946 Y103.076 E1402.4145
G1 X106.196 Y103.004 E1402.4318
G1 X114.112 Y103.004 E1402.95838
G1 X114.459 Y103.065 E1402.98182
G1 X114.747 Y103.23 E1403.00389
G1 X114.946 Y103.45 E1403.02363
G1 X115.059 Y103.68 E1403.04067
G1 X115.112 Y104.004 E1403.06251
G1 X115.112 Y105.52 E1403.16336
G1 X115.075 Y105.794 E1403.18175
G1 X114.969 Y106.038 E1403.19945
G1 X114.815 Y106.232 E1403.21592
G1 X114.459 Y106.459 E1403.24401
G1 X114.112 Y106.52 E1403.26745
G1 X110.251 Y106.52 E1403.52428
G1 X114.815 Y115.44 E1404.1908
G1 X114.924 Y115.733 E1404.2116
G1 X114.924 Y116.46 E1404.25996
G1 X114.815 Y116.771 E1404.28188
G1 X114.624 Y117.031 E1404.30334
G1 X114.316 Y117.237 E1404.32799
G1 X114.046 Y117.316 E1404.3467
G0 F9000 X114.099 Y117.674
;TYPE:SKIN
G1 F1500 X106.364 Y117.672 E1404.86123
G1 X105.843 Y117.556 E1404.89674
G1 X105.405 Y117.251 E1404.93224
G1 X105.158 Y116.87 E1404.96245
G1 X105.046 Y116.478 E1404.98957
G1 X105.045 Y114.779 E1405.10259
G1 X105.093 Y114.438 E1405.12549
G1 X105.197 Y114.174 E1405.14437
G1 X105.376 Y113.912 E1405.16547
G1 X105.607 Y113.695 E1405.18656
G1 X106.073 Y113.481 E1405.22067
G1 X106.385 Y113.445 E1405.24156
G1 X109.393 Y113.444 E1405.44165
G1 X105.095 Y105.02 E1406.07074
G1 X104.997 Y104.733 E1406.09092
G1 X104.961 Y104.441 E1406.11049
G1 X104.961 Y103.979 E1406.14122
G1 X105.002 Y103.666 E1406.16222
G1 X105.131 Y103.332 E1406.18603
G1 X105.401 Y102.992 E1406.21492
G1 X105.827 Y102.735 E1406.24801
G1 X106.139 Y102.644 E1406.26963
G1 X114.144 Y102.647 E1406.80212
G1 X114.583 Y102.725 E1406.83178
G1 X114.975 Y102.95 E1406.86185
G1 X115.249 Y103.247 E1406.88873
G1 X115.398 Y103.559 E1406.91173
G1 X115.47 Y103.97 E1406.93949
G1 X115.472 Y105.512 E1407.04206
G1 X115.422 Y105.871 E1407.06617
G1 X115.28 Y106.221 E1407.0913
G1 X115.048 Y106.506 E1407.11574
G1 X114.844 Y106.666 E1407.13299
G1 X114.586 Y106.792 E1407.15209
G1 X114.145 Y106.877 E1407.18196
G1 X110.839 Y106.88 E1407.40188
G1 X115.135 Y115.276 E1408.02925
G1 X115.236 Y115.541 E1408.04811
G1 X115.283 Y115.879 E1408.07081
G1 X115.282 Y116.515 E1408.11312
G1 X115.136 Y116.933 E1408.14257
G1 X114.875 Y117.289 E1408.17194
G1 X114.462 Y117.567 E1408.20505
G1 X114.099 Y117.674 E1408.23023
G0 F9000 X114.15 Y118.154
G1 F1054.5 X106.36 Y118.158 E1408.96736
G1 F1036.3 X106.186 Y118.142 E1408.98418
G1 F2700 E1399.98418
G0 F9000 X106.346 Y117.402
G0 X114.068 Y117.497
G0 X114.068 Y118.8
G0 X118.9 Y118.64
G0 X118.64 Y118.64
G1 F2700 E1408.98418
G1 F1500 X118.64 Y101.36 E1410.13365
G1 X101.361 Y101.361 E1411.28306
G1 X101.36 Y118.64 E1412.43246
G1 X118.64 Y118.64 E1413.58193
G0 F9000 X118.9 Y118.64
G0 X118.9 Y102.035
G0 X118.44 Y102.035
G1 F1500 X117.965 Y101.56 E1413.62662
G0 F9000 X117.4 Y101.56
G1 F1500 X118.44 Y102.6 E1413.72445
G0 F9000 X118.44 Y103.166
G1 F1500 X116.834 Y101.56 E1413.87554
G0 F9000 X116.268 Y101.56
G1 F1500 X118.44 Y103.732 E1414.07986
G0 F9000 X118.44 Y104.298
G1 F1500 X115.702 Y101.56 E1414.33744
G0 F9000 X115.137 Y101.56
G1 F1500 X118.44 Y104.863 E1414.64816
G0 F9000 X118.44 Y105.429
G1 F1500 X114.571 Y101.56 E1415.01214
G0 F9000 X114.005 Y101.56
G1 F1500 X118.44 Y105.995 E1415.42935
G1 F2700 E1406.42935
G0 F9000 X118.9 Y105.995
G0 X118.8 Y102.936
G0 X110.445 Y102.844
G0 X114.286 Y102.936
G0 X114.366 Y102.487
G1 F2700 E1415.42935
G1 F1500 X113.44 Y101.56 E1415.51651
G0 F9000 X112.874 Y101.56
G1 F1500 X113.758 Y102.444 E1415.59967
G0 F9000 X113.192 Y102.444
G1 F1500 X112.308 Y101.56 E1415.68284
G0 F9000 X111.743 Y101.56
G1 F1500 X112.627 Y102.445 E1415.76604
G0 F9000 X112.062 Y102.446
G1 F1500 X111.177 Y101.56 E1415.84935
G0 F9000 X110.611 Y101.56
G1 F1500 X111.497 Y102.446 E1415.9327
G0 F9000 X110.932 Y102.446
G1 F1500 X110.046 Y101.56 E1416.01605
G0 F9000 X109.481 Y101.561
G1 F1500 X110.366 Y102.446 E1416.0993
G0 F9000 X109.801 Y102.447
G1 F1500 X108.915 Y101.561 E1416.18265
G0 F9000 X108.349 Y101.561
G1 F1500 X109.235 Y102.447 E1416.266
G0 F9000 X108.67 Y102.448
G1 F1500 X107.784 Y101.561 E1416.3494
G0 F9000 X107.218 Y101.561
G1 F1500 X108.105 Y102.448 E1416.43284
G0 F9000 X107.54 Y102.448
G1 F1500 X106.652 Y101.561 E1416.51633
G0 F9000 X106.087 Y101.561
G1 F1500 X106.975 Y102.449 E1416.59987
G0 F9000 X106.409 Y102.449
G1 F1500 X105.521 Y101.561 E1416.68341
G0 F9000 X104.955 Y101.561
G1 F1500 X105.901 Y102.506 E1416.77235
G0 F9000 X105.514 Y102.686
G1 F1500 X104.389 Y101.561 E1416.87819
G0 F9000 X103.824 Y101.561
G1 F1500 X105.194 Y102.931 E1417.00707
G0 F9000 X104.948 Y103.251
G1 F1500 X103.258 Y101.561 E1417.16605
G0 F9000 X102.692 Y101.561
G1 F1500 X104.802 Y103.67 E1417.3645
G0 F9000 X104.762 Y104.196
G1 F1500 X102.127 Y101.561 E1417.61238
G0 F9000 X101.561 Y101.561
G1 F1500 X104.806 Y104.806 E1417.91765
G0 F9000 X105.251 Y104.69
G0 X105.713 Y105.659
G0 X105.302 Y105.868
G1 F1500 X101.56 Y102.126 E1418.26968
G0 F9000 X101.56 Y102.692
G1 F1500 X105.892 Y107.023 E1418.67716
G0 F9000 X106.303 Y106.815
G0 X106.892 Y107.97
G0 X106.481 Y108.178
G1 F1500 X101.56 Y103.257 E1419.1401
G0 F9000 X101.56 Y103.823
G1 F1500 X107.071 Y109.334 E1419.65854
G0 F9000 X107.482 Y109.126
G0 X108.071 Y110.281
G0 X107.661 Y110.489
G1 F1500 X101.56 Y104.389 E1420.23244
G0 F9000 X101.56 Y104.954
G1 F1500 X108.25 Y111.644 E1420.86179
G0 F9000 X108.661 Y111.436
G0 X109.251 Y112.592
G0 X108.84 Y112.8
G1 F1500 X101.56 Y105.52 E1421.54665
G0 F9000 X101.56 Y106.086
G1 F1500 X108.718 Y113.244 E1422.22003
G0 F9000 X108.153 Y113.245
G1 F1500 X101.56 Y106.652 E1422.84026
G0 F9000 X101.56 Y107.217
G1 F1500 X107.588 Y113.245 E1423.40733
G0 F9000 X107.023 Y113.245
G1 F1500 X101.56 Y107.783 E1423.92121
G0 F9000 X101.56 Y108.349
G1 F1500 X106.457 Y113.245 E1424.38185
G0 F9000 X105.959 Y113.312
G1 F1500 X101.56 Y108.914 E1424.79563
G0 F9000 X101.56 Y109.48
G1 F1500 X105.571 Y113.491 E1425.17296
G0 F9000 X105.263 Y113.748
G1 F1500 X101.56 Y110.045 E1425.52132
G0 F9000 X101.56 Y110.611
G1 F1500 X105.022 Y114.073 E1425.847
G0 F9000 X104.879 Y114.496
G1 F1500 X101.56 Y111.176 E1426.15928
G0 F9000 X101.56 Y111.742
G1 F1500 X104.847 Y115.029 E1426.4685
G0 F9000 X104.848 Y115.596
G1 F1500 X101.56 Y112.308 E1426.77781
G0 F9000 X101.56 Y112.873
G1 F1500 X104.849 Y116.163 E1427.08727
G0 F9000 X104.935 Y116.815
G1 F1500 X101.56 Y113.439 E1427.40482
G0 F9000 X101.56 Y114.005
G1 F1500 X105.834 Y118.279 E1427.80689
G0 F9000 X105.429 Y118.44
G1 F1500 X101.56 Y114.57 E1428.17091
G0 F9000 X101.56 Y115.136
G1 F1500 X104.863 Y118.44 E1428.48168
G0 F9000 X104.298 Y118.44
G1 F1500 X101.56 Y115.702 E1428.73925
G0 F9000 X101.56 Y116.267
G1 F1500 X103.732 Y118.44 E1428.94363
G0 F9000 X103.166 Y118.44
G1 F1500 X101.56 Y116.833 E1429.09476
G0 F9000 X101.56 Y117.399
G1 F1500 X102.6 Y118.44 E1429.19264
G0 F9000 X102.035 Y118.44
G1 F1500 X101.56 Y117.965 E1429.23733
G1 F2700 E1420.23733
G0 F9000 X101.1 Y117.965
G0 X101.2 Y103.827
G0 X108.308 Y102.844
G0 X114.94 Y103.179
G0 X115.182 Y103.827
G0 X115.633 Y103.754
G1 F2700 E1429.23733
G1 F1500 X118.44 Y106.56 E1429.50135
G0 F9000 X118.44 Y107.126
G1 F1500 X115.668 Y104.354 E1429.76212
G0 F9000 X115.67 Y104.922
G1 F1500 X118.44 Y107.692 E1430.0227
G0 F9000 X118.44 Y108.257
G1 F1500 X115.671 Y105.489 E1430.28315
G0 F9000 X115.597 Y105.98
G1 F1500 X118.44 Y108.823 E1430.5506
G0 F9000 X118.44 Y109.389
G1 F1500 X115.418 Y106.367 E1430.83489
G0 F9000 X115.159 Y106.673
G1 F1500 X118.44 Y109.954 E1431.14355
G0 F9000 X118.44 Y110.52
G1 F1500 X114.822 Y106.903 E1431.48386
G0 F9000 X114.388 Y107.034
G1 F1500 X118.44 Y111.086 E1431.86505
G0 F9000 X118.44 Y111.651
G1 F1500 X113.863 Y107.075 E1432.29558
G0 F9000 X113.299 Y107.076
G1 F1500 X118.44 Y112.217 E1432.77921
G0 F9000 X118.44 Y112.783
G1 F1500 X112.734 Y107.077 E1433.31599
G0 F9000 X112.17 Y107.079
G1 F1500 X118.44 Y113.349 E1433.90584
G0 F9000 X118.44 Y113.914
G1 F1500 X111.605 Y107.079 E1434.54883
G0 F9000 X111.297 Y107.337
G1 F1500 X118.44 Y114.48 E1435.2208
G0 F9000 X118.44 Y115.046
G1 F1500 X111.889 Y108.495 E1435.83708
G0 F9000 X111.48 Y108.703
G0 X112.072 Y109.86
G0 X112.481 Y109.652
G1 F1500 X118.44 Y115.611 E1436.39767
G0 F9000 X118.44 Y116.177
G1 F1500 X113.073 Y110.81 E1436.90256
G0 F9000 X112.665 Y111.018
G0 X113.257 Y112.175
G0 X113.665 Y111.968
G1 F1500 X118.44 Y116.743 E1437.35176
G0 F9000 X118.44 Y117.308
G1 F1500 X114.256 Y113.125 E1437.74532
G0 F9000 X113.849 Y113.332
G0 X114.441 Y114.49
G0 X114.848 Y114.283
G1 F1500 X118.44 Y117.874 E1438.08319
G0 F9000 X118.44 Y118.44
G1 F1500 X115.394 Y115.394 E1438.36974
G0 F9000 X115.48 Y116.046
G1 F1500 X117.874 Y118.44 E1438.59495
G0 F9000 X117.308 Y118.44
G1 F1500 X115.463 Y116.594 E1438.76856
G0 F9000 X115.318 Y117.015
G1 F1500 X116.743 Y118.44 E1438.90262
G0 F9000 X116.177 Y118.44
G1 F1500 X115.082 Y117.344 E1439.00568
G0 F9000 X114.772 Y117.6
G1 F1500 X115.611 Y118.44 E1439.08465
G0 F9000 X115.046 Y118.44
G1 F1500 X114.434 Y117.828 E1439.14222
;MESH:NONMESH
G0 F300 X114.434 Y117.828 Z19.8
G0 F9000 X114.293 Y117.347
G0 X113.959 Y117.218
G0 X113.959 Y116.513
;TIME_ELAPSED:1222.923612
;LAYER:49
;TYPE:WALL-OUTER
;MESH:xyzCalibration_cube.stl
G1 F1500 X106.344 Y116.516 E1439.64878
G1 X106.258 Y116.453 E1439.65587
G1 X106.206 Y116.345 E1439.66384
G1 X106.21 Y114.753 E1439.76974
G1 X106.342 Y114.604 E1439.78298
G1 X111.289 Y114.604 E1440.11206
G1 X106.125 Y104.476 E1440.8683
G1 X106.126 Y103.954 E1440.90302
G1 X106.185 Y103.856 E1440.91063
G1 X106.285 Y103.806 E1440.91807
G1 X114.161 Y103.804 E1441.44198
G1 X114.312 Y103.953 E1441.45609
G1 X114.31 Y105.555 E1441.56266
G1 X114.2 Y105.717 E1441.57568
G1 X108.943 Y105.72 E1441.92538
G1 X114.119 Y115.848 E1442.68198
G1 X114.122 Y116.351 E1442.71544
G1 X114.064 Y116.459 E1442.72359
G1 X113.959 Y116.513 E1442.73145
G1 F2700 E1433.73145
G0 F9000 X113.959 Y117.218
G0 X114.755 Y117.146
G0 X114.976 Y116.853
G0 X114.976 Y118.8
G0 X119.8 Y119.8
G1 F2700 E1442.73145
G1 F1500 X119.8 Y100.2 E1444.03525
G1 X100.2 Y100.2 E1445.33904
G1 X100.2 Y119.8 E1446.64284
G1 X119.8 Y119.8 E1447.94664
G0 F9000 X119.4 Y119.4
;TYPE:WALL-INNER
G1 F1500 X119.4 Y100.6 E1449.19722
G1 X100.6 Y100.6 E1450.4478
G1 X100.6 Y119.4 E1451.69838
G1 X119.4 Y119.4 E1452.94896
G0 F9000 X119 Y119
G1 F1500 X119 Y101 E1454.14633
G1 X101 Y101 E1455.34369
G1 X101 Y119 E1456.54106
G1 X119 Y119 E1457.73842
G1 F2700 E1448.73842
G0 F9000 X106.155 Y118.8
G0 X106.406 Y117.497
G0 X106.155 Y117.218
G1 F2700 E1457.73842
G0 F9000 X106.155 Y116.863
G1 F1500 X105.966 Y116.727 E1457.75391
G1 X105.856 Y116.561 E1457.76716
G1 X105.81 Y116.403 E1457.7781
G1 X105.804 Y114.699 E1457.89146
G1 X105.956 Y114.404 E1457.91353
G1 X106.148 Y114.26 E1457.9295
G1 X106.404 Y114.204 E1457.94693
G1 X110.635 Y114.204 E1458.22837
G1 X105.72 Y104.574 E1458.94758
G1 X105.72 Y103.899 E1458.99248
G1 X105.798 Y103.707 E1459.00626
G1 X105.915 Y103.561 E1459.01871
G1 X106.244 Y103.404 E1459.04296
G1 X114.112 Y103.404 E1459.56634
G1 X114.32 Y103.441 E1459.58039
G1 X114.493 Y103.54 E1459.59365
G1 X114.68 Y103.809 E1459.61544
G1 X114.712 Y104.004 E1459.62859
G1 X114.712 Y105.633 E1459.73695
G1 X114.626 Y105.831 E1459.75131
G1 X114.428 Y106.031 E1459.77003
G1 X114.199 Y106.12 E1459.78637
G1 X109.597 Y106.12 E1460.0925
G1 X114.524 Y115.749 E1460.81201
G1 X114.524 Y116.396 E1460.85504
G1 X114.459 Y116.589 E1460.86859
G1 X114.344 Y116.745 E1460.88148
G1 X114.159 Y116.869 E1460.8963
G1 X113.997 Y116.916 E1460.90752
G1 X106.404 Y116.916 E1461.41261
G1 X106.155 Y116.863 E1461.42954
G0 F9000 X106.155 Y117.218
G0 X114.046 Y117.316
G1 F1500 X106.404 Y117.316 E1461.93789
G1 X105.99 Y117.227 E1461.96606
G1 X105.675 Y117.001 E1461.99185
G1 X105.491 Y116.725 E1462.01391
G1 X105.404 Y116.427 E1462.03456
G1 X105.404 Y114.804 E1462.14253
G1 X105.435 Y114.553 E1462.15935
G1 X105.525 Y114.326 E1462.17559
G1 X105.657 Y114.138 E1462.19087
G1 X105.978 Y113.898 E1462.21754
G1 X106.404 Y113.804 E1462.24655
G1 X109.982 Y113.804 E1462.48456
G1 X105.429 Y104.883 E1463.15081
G1 X105.32 Y104.591 E1463.17154
G1 X105.32 Y103.833 E1463.22197
G1 X105.45 Y103.51 E1463.24513
G1 X105.645 Y103.266 E1463.2659
G1 X105.946 Y103.076 E1463.28958
G1 X106.196 Y103.004 E1463.30689
G1 X114.112 Y103.004 E1463.83346
G1 X114.459 Y103.065 E1463.8569
G1 X114.747 Y103.23 E1463.87898
G1 X114.946 Y103.45 E1463.89871
G1 X115.059 Y103.68 E1463.91576
G1 X115.112 Y104.004 E1463.9376
G1 X115.112 Y105.52 E1464.03844
G1 X115.075 Y105.794 E1464.05683
G1 X114.969 Y106.038 E1464.07453
G1 X114.815 Y106.232 E1464.09101
G1 X114.459 Y106.459 E1464.11909
G1 X114.112 Y106.52 E1464.14253
G1 X110.251 Y106.52 E1464.39936
G1 X114.815 Y115.44 E1465.06588
G1 X114.924 Y115.733 E1465.08668
G1 X114.924 Y116.46 E1465.13504
G1 X114.815 Y116.771 E1465.15696
G1 X114.624 Y117.031 E1465.17842
G1 X114.316 Y117.237 E1465.20307
G1 X114.046 Y117.316 E1465.22178
G0 F9000 X114.099 Y117.674
;TYPE:SKIN
G1 F1500 X106.364 Y117.672 E1465.73632
G1 X105.843 Y117.556 E1465.77182
G1 X105.405 Y117.251 E1465.80733
G1 X105.158 Y116.87 E1465.83753
G1 X105.046 Y116.478 E1465.86465
G1 X105.045 Y114.779 E1465.97767
G1 X105.093 Y114.438 E1466.00058
G1 X105.197 Y114.174 E1466.01945
G1 X105.376 Y113.912 E1466.04056
G1 X105.607 Y113.695 E1466.06164
G1 X106.073 Y113.481 E1466.09575
G1 X106.385 Y113.445 E1466.11664
G1 X109.393 Y113.444 E1466.31674
G1 X105.095 Y105.02 E1466.94583
G1 X104.997 Y104.733 E1466.966
G1 X104.961 Y104.441 E1466.98557
G1 X104.961 Y103.979 E1467.0163
G1 X105.002 Y103.666 E1467.0373
G1 X105.131 Y103.332 E1467.06112
G1 X105.401 Y102.992 E1467.09
G1 X105.827 Y102.735 E1467.12309
G1 X106.139 Y102.644 E1467.14471
G1 X114.144 Y102.647 E1467.67721
G1 X114.583 Y102.725 E1467.70687
G1 X114.975 Y102.95 E1467.73693
G1 X115.249 Y103.247 E1467.76381
G1 X115.398 Y103.559 E1467.78681
G1 X115.47 Y103.97 E1467.81457
G1 X115.472 Y105.512 E1467.91714
G1 X115.422 Y105.871 E1467.94126
G1 X115.28 Y106.221 E1467.96638
G1 X115.048 Y106.506 E1467.99083
G1 X114.844 Y106.666 E1468.00807
G1 X114.586 Y106.792 E1468.02717
G1 X114.145 Y106.877 E1468.05705
G1 X110.839 Y106.88 E1468.27696
G1 X115.135 Y115.276 E1468.90433
G1 X115.236 Y115.541 E1468.9232
G1 X115.283 Y115.879 E1468.9459
G1 X115.282 Y116.515 E1468.9882
G1 X115.136 Y116.933 E1469.01766
G1 X114.875 Y117.289 E1469.04702
G1 X114.462 Y117.567 E1469.08014
G1 X114.099 Y117.674 E1469.10531
G1 F2700 E1460.10531
G0 F9000 X114.056 Y117.416
G0 X114.685 Y117.173
G0 X114.976 Y116.853
G0 X114.976 Y118.8
G0 X118.828 Y118.828
G1 F2700 E1469.10531
G0 F9000 X118.64 Y118.64
G1 F1500 X118.64 Y101.36 E1470.25478
G1 X101.361 Y101.361 E1471.40419
G1 X101.36 Y118.64 E1472.55359
G1 X118.64 Y118.64 E1473.70306
G1 F2700 E1464.70306
G0 F9000 X118.9 Y118.64
G0 X101.172 Y118.828
G0 X101.1 Y102.086
G1 F2700 E1473.70306
G0 F9000 X101.561 Y102.086
G1 F1500 X102.086 Y101.56 E1473.7525
G0 F9000 X102.652 Y101.56
G1 F1500 X101.561 Y102.651 E1473.85513
G0 F9000 X101.561 Y103.217
G1 F1500 X103.218 Y101.56 E1474.01101
G0 F9000 X103.783 Y101.56
G1 F1500 X101.561 Y103.783 E1474.22009
G0 F9000 X101.561 Y104.348
G1 F1500 X104.349 Y101.56 E1474.48237
G0 F9000 X104.915 Y101.56
G1 F1500 X101.561 Y104.914 E1474.79789
G0 F9000 X101.561 Y105.48
G1 F1500 X105.481 Y101.56 E1475.16666
G0 F9000 X106.046 Y101.56
G1 F1500 X101.561 Y106.046 E1475.58863
G0 F9000 X101.561 Y106.611
G1 F1500 X105.008 Y103.164 E1475.9129
G0 F9000 X104.762 Y103.976
G1 F1500 X101.561 Y107.177 E1476.21403
G0 F9000 X101.561 Y107.743
G1 F1500 X104.77 Y104.534 E1476.51592
G0 F9000 X104.875 Y104.994
G1 F1500 X101.561 Y108.308 E1476.82768
G0 F9000 X101.561 Y108.874
G1 F1500 X105.053 Y105.382 E1477.15618
G0 F9000 X105.244 Y105.756
G1 F1500 X101.561 Y109.44 E1477.5027
G0 F9000 X101.56 Y110.006
G1 F1500 X105.436 Y106.13 E1477.86733
G0 F9000 X105.627 Y106.505
G1 F1500 X101.56 Y110.572 E1478.24993
G0 F9000 X101.56 Y111.137
G1 F1500 X105.818 Y106.88 E1478.65045
G0 F9000 X106.009 Y107.255
G1 F1500 X101.56 Y111.703 E1479.06894
G0 F9000 X101.56 Y112.269
G1 F1500 X106.2 Y107.629 E1479.50544
G0 F9000 X106.391 Y108.003
G1 F1500 X101.56 Y112.834 E1479.95991
G0 F9000 X101.56 Y113.4
G1 F1500 X106.582 Y108.378 E1480.43235
G0 F9000 X106.774 Y108.752
G1 F1500 X101.56 Y113.966 E1480.92285
G0 F9000 X101.56 Y114.531
G1 F1500 X106.965 Y109.127 E1481.43128
G0 F9000 X107.156 Y109.502
G1 F1500 X101.56 Y115.097 E1481.95767
G0 F9000 X101.56 Y115.663
G1 F1500 X107.347 Y109.876 E1482.50207
G0 F9000 X107.538 Y110.251
G1 F1500 X101.56 Y116.229 E1483.06444
G0 F9000 X101.56 Y116.794
G1 F1500 X107.729 Y110.625 E1483.64479
G0 F9000 X107.921 Y111
G1 F1500 X101.56 Y117.36 E1484.24314
G1 F2700 E1475.24314
G0 F9000 X101.1 Y117.36
G0 X101.2 Y103.126
G0 X108.308 Y102.844
G0 X105.685 Y103.126
G1 F2700 E1484.24314
G0 F9000 X105.439 Y102.733
G1 F1500 X106.612 Y101.56 E1484.35349
G0 F9000 X107.178 Y101.56
G1 F1500 X106.288 Y102.45 E1484.43722
G0 F9000 X106.854 Y102.45
G1 F1500 X107.743 Y101.56 E1484.5209
G0 F9000 X108.309 Y101.56
G1 F1500 X107.42 Y102.449 E1484.60453
G0 F9000 X107.987 Y102.448
G1 F1500 X108.875 Y101.56 E1484.68807
G0 F9000 X109.44 Y101.56
G1 F1500 X108.552 Y102.448 E1484.7716
G0 F9000 X109.119 Y102.448
G1 F1500 X110.007 Y101.56 E1484.85514
G0 F9000 X110.572 Y101.56
G1 F1500 X109.685 Y102.447 E1484.93858
G0 F9000 X110.251 Y102.447
G1 F1500 X111.138 Y101.56 E1485.02203
G0 F9000 X111.704 Y101.56
G1 F1500 X110.817 Y102.446 E1485.10542
G0 F9000 X111.383 Y102.446
G1 F1500 X112.269 Y101.56 E1485.18877
G0 F9000 X112.835 Y101.56
G1 F1500 X111.949 Y102.446 E1485.27212
G0 F9000 X112.516 Y102.445
G1 F1500 X113.401 Y101.56 E1485.35538
G0 F9000 X113.967 Y101.56
G1 F1500 X113.081 Y102.445 E1485.43868
G0 F9000 X113.648 Y102.444
G1 F1500 X114.532 Y101.56 E1485.52184
G0 F9000 X115.098 Y101.56
G1 F1500 X114.198 Y102.459 E1485.60646
G0 F9000 X114.675 Y102.548
G1 F1500 X115.664 Y101.56 E1485.69945
G0 F9000 X116.229 Y101.56
G1 F1500 X115.034 Y102.755 E1485.81187
G0 F9000 X115.323 Y103.032
G1 F1500 X116.795 Y101.56 E1485.95035
G0 F9000 X117.361 Y101.56
G1 F1500 X115.536 Y103.385 E1486.12203
G0 F9000 X115.649 Y103.837
G1 F1500 X117.926 Y101.56 E1486.33624
G0 F9000 X118.44 Y101.612
G1 F1500 X115.669 Y104.383 E1486.59692
G0 F9000 X115.671 Y104.947
G1 F1500 X118.44 Y102.178 E1486.85741
G0 F9000 X118.44 Y102.743
G1 F1500 X115.672 Y105.511 E1487.11781
G0 F9000 X115.474 Y106.275
G1 F1500 X118.44 Y103.309 E1487.39683
G1 F2700 E1478.39683
G0 F9000 X118.9 Y103.309
G0 X118.8 Y106.62
G0 X110.445 Y102.844
G0 X114.94 Y103.179
G0 X114.94 Y106.348
G0 X111.275 Y106.62
G1 F2700 E1487.39683
G0 F9000 X111.275 Y107.079
G1 F1500 X111.203 Y107.151 E1487.4036
G0 F9000 X111.394 Y107.526
G1 F1500 X111.842 Y107.079 E1487.4457
G0 F9000 X112.409 Y107.077
G1 F1500 X111.586 Y107.9 E1487.52312
G0 F9000 X111.777 Y108.274
G1 F1500 X112.975 Y107.076 E1487.63582
G0 F9000 X113.542 Y107.075
G1 F1500 X111.968 Y108.649 E1487.7839
G0 F9000 X112.16 Y109.023
G1 F1500 X114.109 Y107.074 E1487.96725
G0 F9000 X114.867 Y106.881
G1 F1500 X112.351 Y109.398 E1488.20398
G0 F9000 X111.942 Y109.606
G0 X114.765 Y115.696
G0 X114.755 Y117.146
G0 X105.578 Y117.146
G0 X105.578 Y113.977
G0 X110.275 Y113.985
G0 X108.523 Y111.166
G0 X108.112 Y111.374
G1 F1500 X106.224 Y113.262 E1488.38159
G0 F9000 X106.806 Y113.246
G1 F1500 X108.303 Y111.749 E1488.52242
G0 F9000 X108.494 Y112.123
G1 F1500 X107.372 Y113.245 E1488.62797
G0 F9000 X107.938 Y113.245
G1 F1500 X108.685 Y112.498 E1488.69825
G0 F9000 X108.876 Y112.873
G1 F1500 X108.504 Y113.245 E1488.73324
G0 F9000 X108.504 Y113.704
G0 X105.578 Y113.977
G0 X105.319 Y114.681
G0 X104.862 Y114.624
G1 F1500 X101.56 Y117.926 E1489.04387
G0 F9000 X101.612 Y118.44
G1 F1500 X104.846 Y115.205 E1489.34816
G0 F9000 X104.847 Y115.77
G1 F1500 X102.178 Y118.44 E1489.59929
G0 F9000 X102.743 Y118.44
G1 F1500 X104.848 Y116.335 E1489.79731
G0 F9000 X104.935 Y116.814
G1 F1500 X103.309 Y118.44 E1489.95028
G0 F9000 X103.875 Y118.44
G1 F1500 X105.126 Y117.189 E1490.06796
G0 F9000 X105.394 Y117.486
G1 F1500 X104.44 Y118.44 E1490.15771
G0 F9000 X105.006 Y118.44
G1 F1500 X105.727 Y117.718 E1490.22558
G0 F9000 X106.177 Y117.834
G1 F1500 X105.572 Y118.44 E1490.28254
G0 F9000 X106.137 Y118.44
G1 F1500 X106.702 Y117.875 E1490.3357
G0 F9000 X107.267 Y117.875
G1 F1500 X106.703 Y118.44 E1490.3888
G0 F9000 X107.269 Y118.44
G1 F1500 X107.834 Y117.875 E1490.44195
G0 F9000 X108.399 Y117.875
G1 F1500 X107.834 Y118.44 E1490.4951
G0 F9000 X108.4 Y118.44
G1 F1500 X108.966 Y117.874 E1490.54835
G0 F9000 X109.532 Y117.874
G1 F1500 X108.966 Y118.44 E1490.6016
G0 F9000 X109.532 Y118.44
G1 F1500 X110.098 Y117.873 E1490.65489
G0 F9000 X110.664 Y117.873
G1 F1500 X110.097 Y118.44 E1490.70823
G0 F9000 X110.663 Y118.44
G1 F1500 X111.23 Y117.873 E1490.76157
G0 F9000 X111.796 Y117.873
G1 F1500 X111.229 Y118.44 E1490.81491
G0 F9000 X111.794 Y118.44
G1 F1500 X112.362 Y117.872 E1490.86834
G0 F9000 X112.928 Y117.872
G1 F1500 X112.36 Y118.44 E1490.92178
G0 F9000 X112.926 Y118.44
G1 F1500 X113.494 Y117.871 E1490.97526
G0 F9000 X114.06 Y117.871
G1 F1500 X113.491 Y118.44 E1491.02879
G1 F2700 E1482.02879
G0 F9000 X113.491 Y118.9
G0 X112.133 Y118.8
G0 X112.133 Y117.496
G0 X114.755 Y117.146
G0 X114.765 Y115.696
G0 X112.133 Y109.979
G1 F2700 E1491.02879
G0 F9000 X112.542 Y109.772
G1 F1500 X118.44 Y103.875 E1491.58359
G0 F9000 X118.44 Y104.44
G1 F1500 X112.734 Y110.146 E1492.12037
G0 F9000 X112.925 Y110.521
G1 F1500 X118.44 Y105.006 E1492.63919
G0 F9000 X118.44 Y105.572
G1 F1500 X113.117 Y110.895 E1493.13994
G0 F9000 X113.308 Y111.269
G1 F1500 X118.44 Y106.137 E1493.62273
G0 F9000 X118.44 Y106.703
G1 F1500 X113.499 Y111.644 E1494.08755
G0 F9000 X113.691 Y112.018
G1 F1500 X118.44 Y107.269 E1494.53431
G0 F9000 X118.44 Y107.834
G1 F1500 X113.882 Y112.392 E1494.9631
G0 F9000 X114.073 Y112.767
G1 F1500 X118.44 Y108.4 E1495.37392
G0 F9000 X118.44 Y108.966
G1 F1500 X114.265 Y113.141 E1495.76668
G0 F9000 X114.457 Y113.515
G1 F1500 X118.44 Y109.532 E1496.14137
G0 F9000 X118.44 Y110.097
G1 F1500 X114.647 Y113.889 E1496.49815
G0 F9000 X114.839 Y114.264
G1 F1500 X118.44 Y110.663 E1496.83691
G0 F9000 X118.44 Y111.229
G1 F1500 X115.031 Y114.638 E1497.1576
G0 F9000 X115.222 Y115.012
G1 F1500 X118.44 Y111.794 E1497.46033
G0 F9000 X118.44 Y112.36
G1 F1500 X115.398 Y115.402 E1497.74651
G0 F9000 X115.482 Y115.883
G1 F1500 X118.44 Y112.926 E1498.02473
G0 F9000 X118.44 Y113.491
G1 F1500 X115.48 Y116.451 E1498.30319
G1 F2700 E1489.30319
G0 F9000 X115.024 Y116.451
G0 X114.782 Y117.077
G0 X114.386 Y117.403
G0 X114.386 Y118.8
G0 X114.057 Y118.9
G1 F2700 E1498.30319
G0 F9000 X114.057 Y118.44
G1 F1500 X118.44 Y114.057 E1498.71551
G0 F9000 X118.44 Y114.623
G1 F1500 X114.623 Y118.44 E1499.07459
G0 F9000 X115.188 Y118.44
G1 F1500 X118.44 Y115.188 E1499.38052
G0 F9000 X118.44 Y115.754
G1 F1500 X115.754 Y118.44 E1499.63321
G0 F9000 X116.32 Y118.44
G1 F1500 X118.44 Y116.32 E1499.83264
G0 F9000 X118.44 Y116.885
G1 F1500 X116.885 Y118.44 E1499.97893
G0 F9000 X117.451 Y118.44
G1 F1500 X118.44 Y117.451 E1500.07197
G0 F9000 X118.44 Y118.017
G1 F1500 X118.017 Y118.44 E1500.11176
;TIME_ELAPSED:1279.535142
G1 F2700 E1491.11176
M140 S0
M107
G91 ;Relative positioning
G1 E-2 F2700 ;Retract a bit
G1 E-2 Z0.2 F2400 ;Retract and raise Z
G1 X5 Y5 F3000 ;Wipe out
G1 Z10 ;Raise Z more
G90 ;Absolute positioning

G1 X0 Y220 ;Present print
M106 S0 ;Turn-off fan
M104 S0 ;Turn-off hotend
M140 S0 ;Turn-off bed

M84 X Y E ;Disable all steppers but Z

;StarwarsI
M300 S1318 P600
M300 S1318 P600
M300 S1318 P600
M300 S1046 P300
M300 S0 P150
M300 S1567 P150
M300 S1318 P600
M300 S1046 P300
M300 S0 P150
M300 S1567 P150
M300 S1318 P600
M300 S0 P600
M300 S987 P600
M300 S987 P600
M300 S987 P600
M300 S2093 P300
M300 S0 P150
M300 S1567 P150
M300 S1244 P600
M300 S1046 P300
M300 S0 P150
M300 S1567 P150
M300 S1318 P600
M300 S0 P300
M82 ;absolute extrusion mode
M104 S0
;End of Gcode
;SETTING_3 {"global_quality": "[general]\\nversion = 4\\nname = PGDI_4\\ndefinit
;SETTING_3 ion = creality_ender3pro\\n\\n[metadata]\\ntype = quality_changes\\nq
;SETTING_3 uality_type = super\\nsetting_version = 23\\n\\n[values]\\nadhesion_t
;SETTING_3 ype = skirt\\ndraft_shield_dist = 5\\ndraft_shield_enabled = False\\n
;SETTING_3 draft_shield_height = 10\\ndraft_shield_height_limitation = limited\\
;SETTING_3 nlayer_height = 0.4\\nlayer_height_0 = 0.2\\nmaterial_bed_temperature
;SETTING_3 _layer_0 = 70\\nsupport_enable = False\\n\\n", "extruder_quality": ["
;SETTING_3 [general]\\nversion = 4\\nname = PGDI_4\\ndefinition = creality_ender
;SETTING_3 3pro\\n\\n[metadata]\\ntype = quality_changes\\nquality_type = super\
;SETTING_3 \nintent_category = default\\nposition = 0\\nsetting_version = 23\\n\
;SETTING_3 \n[values]\\nbottom_layers = 3\\nbottom_thickness = 1.2\\nbrim_locati
;SETTING_3 on = everywhere\\nbrim_smart_ordering = False\\ninfill_pattern = tetr
;SETTING_3 ahedral\\ninfill_sparse_density = 5\\ninset_direction = outside_in\\n
;SETTING_3 material_initial_print_temperature = 225\\nmaterial_print_temperature
;SETTING_3 _layer_0 = 225\\nraft_base_thickness = 0.2\\nraft_margin = 5\\nraft_s
;SETTING_3 urface_layers = 1\\nroofing_layer_count = 2\\nskin_no_small_gaps_heur
;SETTING_3 istic = True\\nskirt_height = 1\\nsupport_angle = 45\\nz_seam_corner 
;SETTING_3 = z_seam_corner_inner\\nz_seam_on_vertex = True\\n\\n"]}
